2026-01-19 20:28:48,237 | INFO | Training MobileNetV1 on CIFAR-10 with LNS64 (f=12, lookup table=True) on device cuda:0
2026-01-19 20:28:48,237 | INFO | Hyperparameters: epochs=100, batch_size=128, lr=0.01, beta=0.999
2026-01-19 20:32:11,250 | INFO | Batch 10 | Loss: 2.2451 | Correct: 18/128 | Elapsed Time: 203.01s
2026-01-19 20:32:36,555 | INFO | Batch 20 | Loss: 2.2250 | Correct: 17/128 | Elapsed Time: 25.31s
2026-01-19 20:33:01,898 | INFO | Batch 30 | Loss: 2.2618 | Correct: 19/128 | Elapsed Time: 25.34s
2026-01-19 20:33:27,143 | INFO | Batch 40 | Loss: 2.1992 | Correct: 18/128 | Elapsed Time: 25.25s
2026-01-19 20:33:52,264 | INFO | Batch 50 | Loss: 2.1484 | Correct: 23/128 | Elapsed Time: 25.12s
2026-01-19 20:34:17,417 | INFO | Batch 60 | Loss: 2.0949 | Correct: 37/128 | Elapsed Time: 25.15s
2026-01-19 20:34:42,624 | INFO | Batch 70 | Loss: 2.0953 | Correct: 29/128 | Elapsed Time: 25.21s
2026-01-19 20:35:08,081 | INFO | Batch 80 | Loss: 2.1020 | Correct: 27/128 | Elapsed Time: 25.46s
2026-01-19 20:35:33,549 | INFO | Batch 90 | Loss: 1.9302 | Correct: 39/128 | Elapsed Time: 25.47s
2026-01-19 20:35:58,839 | INFO | Batch 100 | Loss: 1.9855 | Correct: 25/128 | Elapsed Time: 25.29s
2026-01-19 20:36:24,020 | INFO | Batch 110 | Loss: 1.9872 | Correct: 28/128 | Elapsed Time: 25.18s
2026-01-19 20:36:49,190 | INFO | Batch 120 | Loss: 1.8955 | Correct: 36/128 | Elapsed Time: 25.17s
2026-01-19 20:37:14,397 | INFO | Batch 130 | Loss: 1.9039 | Correct: 33/128 | Elapsed Time: 25.21s
2026-01-19 20:37:39,526 | INFO | Batch 140 | Loss: 1.9312 | Correct: 37/128 | Elapsed Time: 25.13s
2026-01-19 20:38:04,789 | INFO | Batch 150 | Loss: 1.9110 | Correct: 34/128 | Elapsed Time: 25.26s
2026-01-19 20:38:30,008 | INFO | Batch 160 | Loss: 1.8799 | Correct: 41/128 | Elapsed Time: 25.22s
2026-01-19 20:38:55,191 | INFO | Batch 170 | Loss: 1.8020 | Correct: 34/128 | Elapsed Time: 25.18s
2026-01-19 20:39:20,358 | INFO | Batch 180 | Loss: 1.7947 | Correct: 46/128 | Elapsed Time: 25.17s
2026-01-19 20:39:45,519 | INFO | Batch 190 | Loss: 1.7769 | Correct: 42/128 | Elapsed Time: 25.16s
2026-01-19 20:40:10,703 | INFO | Batch 200 | Loss: 1.7652 | Correct: 47/128 | Elapsed Time: 25.18s
2026-01-19 20:40:35,942 | INFO | Batch 210 | Loss: 1.8496 | Correct: 35/128 | Elapsed Time: 25.24s
2026-01-19 20:41:01,277 | INFO | Batch 220 | Loss: 1.8424 | Correct: 45/128 | Elapsed Time: 25.33s
2026-01-19 20:41:26,464 | INFO | Batch 230 | Loss: 1.7676 | Correct: 51/128 | Elapsed Time: 25.19s
2026-01-19 20:41:51,710 | INFO | Batch 240 | Loss: 1.7832 | Correct: 44/128 | Elapsed Time: 25.25s
2026-01-19 20:42:16,946 | INFO | Batch 250 | Loss: 1.7715 | Correct: 41/128 | Elapsed Time: 25.24s
2026-01-19 20:42:42,141 | INFO | Batch 260 | Loss: 1.7889 | Correct: 41/128 | Elapsed Time: 25.19s
2026-01-19 20:43:07,334 | INFO | Batch 270 | Loss: 1.7929 | Correct: 38/128 | Elapsed Time: 25.19s
2026-01-19 20:43:32,725 | INFO | Batch 280 | Loss: 1.7001 | Correct: 46/128 | Elapsed Time: 25.39s
2026-01-19 20:43:57,941 | INFO | Batch 290 | Loss: 1.8186 | Correct: 42/128 | Elapsed Time: 25.22s
2026-01-19 20:44:23,128 | INFO | Batch 300 | Loss: 1.6906 | Correct: 46/128 | Elapsed Time: 25.19s
2026-01-19 20:44:48,305 | INFO | Batch 310 | Loss: 1.7157 | Correct: 42/128 | Elapsed Time: 25.18s
2026-01-19 20:45:13,554 | INFO | Batch 320 | Loss: 1.7709 | Correct: 47/128 | Elapsed Time: 25.25s
2026-01-19 20:45:38,824 | INFO | Batch 330 | Loss: 1.7996 | Correct: 41/128 | Elapsed Time: 25.27s
2026-01-19 20:46:04,157 | INFO | Batch 340 | Loss: 1.8590 | Correct: 36/128 | Elapsed Time: 25.33s
2026-01-19 20:46:29,286 | INFO | Batch 350 | Loss: 1.6463 | Correct: 49/128 | Elapsed Time: 25.13s
2026-01-19 20:46:54,380 | INFO | Batch 360 | Loss: 1.8229 | Correct: 40/128 | Elapsed Time: 25.09s
2026-01-19 20:47:19,590 | INFO | Batch 370 | Loss: 1.6547 | Correct: 45/128 | Elapsed Time: 25.21s
2026-01-19 20:47:44,707 | INFO | Batch 380 | Loss: 1.8691 | Correct: 52/128 | Elapsed Time: 25.12s
2026-01-19 20:48:09,834 | INFO | Batch 390 | Loss: 1.7030 | Correct: 56/128 | Elapsed Time: 25.13s
2026-01-19 20:48:17,553 | INFO | Epoch [1/100] - Loss: 1.8833 | Correct: 14409/50000 (28.82%, 1169.32s)
2026-01-19 20:49:38,167 | INFO | Validation - Loss: 1.6379 | Correct: 3919/10000 (39.19%) (80.61s)
2026-01-19 20:49:38,284 | INFO | New best model saved at epoch 1 with Top1 Acc: 39.19%
2026-01-19 20:50:03,560 | INFO | Batch 10 | Loss: 1.6225 | Correct: 43/128 | Elapsed Time: 25.28s
2026-01-19 20:50:28,890 | INFO | Batch 20 | Loss: 1.6444 | Correct: 41/128 | Elapsed Time: 25.33s
2026-01-19 20:50:54,025 | INFO | Batch 30 | Loss: 1.6463 | Correct: 42/128 | Elapsed Time: 25.14s
2026-01-19 20:51:19,198 | INFO | Batch 40 | Loss: 1.7056 | Correct: 38/128 | Elapsed Time: 25.17s
2026-01-19 20:51:44,379 | INFO | Batch 50 | Loss: 1.6841 | Correct: 46/128 | Elapsed Time: 25.18s
2026-01-19 20:52:09,520 | INFO | Batch 60 | Loss: 1.7604 | Correct: 39/128 | Elapsed Time: 25.14s
2026-01-19 20:52:34,755 | INFO | Batch 70 | Loss: 1.6550 | Correct: 51/128 | Elapsed Time: 25.24s
2026-01-19 20:52:59,929 | INFO | Batch 80 | Loss: 1.7616 | Correct: 38/128 | Elapsed Time: 25.17s
2026-01-19 20:53:25,028 | INFO | Batch 90 | Loss: 1.5148 | Correct: 54/128 | Elapsed Time: 25.10s
2026-01-19 20:53:50,148 | INFO | Batch 100 | Loss: 1.6369 | Correct: 48/128 | Elapsed Time: 25.12s
2026-01-19 20:54:15,292 | INFO | Batch 110 | Loss: 1.6499 | Correct: 46/128 | Elapsed Time: 25.14s
2026-01-19 20:54:40,382 | INFO | Batch 120 | Loss: 1.6132 | Correct: 49/128 | Elapsed Time: 25.09s
2026-01-19 20:55:05,519 | INFO | Batch 130 | Loss: 1.5487 | Correct: 64/128 | Elapsed Time: 25.14s
2026-01-19 20:55:30,714 | INFO | Batch 140 | Loss: 1.5611 | Correct: 53/128 | Elapsed Time: 25.19s
2026-01-19 20:55:55,867 | INFO | Batch 150 | Loss: 1.6056 | Correct: 55/128 | Elapsed Time: 25.15s
2026-01-19 20:56:21,057 | INFO | Batch 160 | Loss: 1.6449 | Correct: 52/128 | Elapsed Time: 25.19s
2026-01-19 20:56:46,231 | INFO | Batch 170 | Loss: 1.5929 | Correct: 49/128 | Elapsed Time: 25.17s
2026-01-19 20:57:11,424 | INFO | Batch 180 | Loss: 1.6915 | Correct: 49/128 | Elapsed Time: 25.19s
2026-01-19 20:57:36,611 | INFO | Batch 190 | Loss: 1.6280 | Correct: 52/128 | Elapsed Time: 25.19s
2026-01-19 20:58:01,887 | INFO | Batch 200 | Loss: 1.4296 | Correct: 62/128 | Elapsed Time: 25.28s
2026-01-19 20:58:26,995 | INFO | Batch 210 | Loss: 1.5950 | Correct: 55/128 | Elapsed Time: 25.11s
2026-01-19 20:58:52,087 | INFO | Batch 220 | Loss: 1.7163 | Correct: 56/128 | Elapsed Time: 25.09s
2026-01-19 20:59:17,177 | INFO | Batch 230 | Loss: 1.6324 | Correct: 52/128 | Elapsed Time: 25.09s
2026-01-19 20:59:42,318 | INFO | Batch 240 | Loss: 1.5853 | Correct: 47/128 | Elapsed Time: 25.14s
2026-01-19 21:00:07,455 | INFO | Batch 250 | Loss: 1.6097 | Correct: 51/128 | Elapsed Time: 25.14s
2026-01-19 21:00:32,579 | INFO | Batch 260 | Loss: 1.5107 | Correct: 55/128 | Elapsed Time: 25.12s
2026-01-19 21:00:57,795 | INFO | Batch 270 | Loss: 1.6628 | Correct: 40/128 | Elapsed Time: 25.22s
2026-01-19 21:01:22,887 | INFO | Batch 280 | Loss: 1.6181 | Correct: 50/128 | Elapsed Time: 25.09s
2026-01-19 21:01:47,994 | INFO | Batch 290 | Loss: 1.5357 | Correct: 54/128 | Elapsed Time: 25.11s
2026-01-19 21:02:13,043 | INFO | Batch 300 | Loss: 1.5401 | Correct: 48/128 | Elapsed Time: 25.05s
2026-01-19 21:02:38,221 | INFO | Batch 310 | Loss: 1.4786 | Correct: 56/128 | Elapsed Time: 25.18s
2026-01-19 21:03:03,427 | INFO | Batch 320 | Loss: 1.4092 | Correct: 64/128 | Elapsed Time: 25.21s
2026-01-19 21:03:28,686 | INFO | Batch 330 | Loss: 1.5094 | Correct: 55/128 | Elapsed Time: 25.26s
2026-01-19 21:03:53,962 | INFO | Batch 340 | Loss: 1.6438 | Correct: 55/128 | Elapsed Time: 25.28s
2026-01-19 21:04:19,184 | INFO | Batch 350 | Loss: 1.4654 | Correct: 55/128 | Elapsed Time: 25.22s
2026-01-19 21:04:44,348 | INFO | Batch 360 | Loss: 1.6040 | Correct: 59/128 | Elapsed Time: 25.16s
2026-01-19 21:05:09,430 | INFO | Batch 370 | Loss: 1.5261 | Correct: 55/128 | Elapsed Time: 25.08s
2026-01-19 21:05:34,614 | INFO | Batch 380 | Loss: 1.6807 | Correct: 49/128 | Elapsed Time: 25.18s
2026-01-19 21:05:59,736 | INFO | Batch 390 | Loss: 1.5290 | Correct: 56/128 | Elapsed Time: 25.12s
2026-01-19 21:06:01,437 | INFO | Epoch [2/100] - Loss: 1.5902 | Correct: 20509/50000 (41.02%, 983.15s)
2026-01-19 21:07:17,471 | INFO | Validation - Loss: 1.4574 | Correct: 4707/10000 (47.07%) (76.03s)
2026-01-19 21:07:17,654 | INFO | New best model saved at epoch 2 with Top1 Acc: 47.07%
2026-01-19 21:07:42,796 | INFO | Batch 10 | Loss: 1.5730 | Correct: 55/128 | Elapsed Time: 25.14s
2026-01-19 21:08:07,876 | INFO | Batch 20 | Loss: 1.5112 | Correct: 57/128 | Elapsed Time: 25.08s
2026-01-19 21:08:32,964 | INFO | Batch 30 | Loss: 1.5310 | Correct: 62/128 | Elapsed Time: 25.09s
2026-01-19 21:08:58,058 | INFO | Batch 40 | Loss: 1.4442 | Correct: 64/128 | Elapsed Time: 25.09s
2026-01-19 21:09:23,291 | INFO | Batch 50 | Loss: 1.3834 | Correct: 65/128 | Elapsed Time: 25.23s
2026-01-19 21:09:48,483 | INFO | Batch 60 | Loss: 1.4545 | Correct: 64/128 | Elapsed Time: 25.19s
2026-01-19 21:10:13,753 | INFO | Batch 70 | Loss: 1.3338 | Correct: 66/128 | Elapsed Time: 25.27s
2026-01-19 21:10:38,926 | INFO | Batch 80 | Loss: 1.4947 | Correct: 55/128 | Elapsed Time: 25.17s
2026-01-19 21:11:04,098 | INFO | Batch 90 | Loss: 1.5406 | Correct: 55/128 | Elapsed Time: 25.17s
2026-01-19 21:11:29,246 | INFO | Batch 100 | Loss: 1.4253 | Correct: 64/128 | Elapsed Time: 25.15s
2026-01-19 21:11:54,349 | INFO | Batch 110 | Loss: 1.3865 | Correct: 59/128 | Elapsed Time: 25.10s
2026-01-19 21:12:19,525 | INFO | Batch 120 | Loss: 1.3874 | Correct: 59/128 | Elapsed Time: 25.18s
2026-01-19 21:12:44,822 | INFO | Batch 130 | Loss: 1.4207 | Correct: 64/128 | Elapsed Time: 25.30s
2026-01-19 21:13:09,999 | INFO | Batch 140 | Loss: 1.3809 | Correct: 69/128 | Elapsed Time: 25.18s
2026-01-19 21:13:35,165 | INFO | Batch 150 | Loss: 1.4654 | Correct: 64/128 | Elapsed Time: 25.17s
2026-01-19 21:14:00,361 | INFO | Batch 160 | Loss: 1.4393 | Correct: 60/128 | Elapsed Time: 25.20s
2026-01-19 21:14:25,565 | INFO | Batch 170 | Loss: 1.4452 | Correct: 63/128 | Elapsed Time: 25.20s
2026-01-19 21:14:50,740 | INFO | Batch 180 | Loss: 1.3785 | Correct: 56/128 | Elapsed Time: 25.18s
2026-01-19 21:15:15,857 | INFO | Batch 190 | Loss: 1.4977 | Correct: 52/128 | Elapsed Time: 25.12s
2026-01-19 21:15:41,064 | INFO | Batch 200 | Loss: 1.4949 | Correct: 54/128 | Elapsed Time: 25.21s
2026-01-19 21:16:06,215 | INFO | Batch 210 | Loss: 1.5328 | Correct: 51/128 | Elapsed Time: 25.15s
2026-01-19 21:16:31,434 | INFO | Batch 220 | Loss: 1.3552 | Correct: 65/128 | Elapsed Time: 25.22s
2026-01-19 21:16:56,612 | INFO | Batch 230 | Loss: 1.5859 | Correct: 53/128 | Elapsed Time: 25.18s
2026-01-19 21:17:21,777 | INFO | Batch 240 | Loss: 1.3481 | Correct: 62/128 | Elapsed Time: 25.16s
2026-01-19 21:17:46,943 | INFO | Batch 250 | Loss: 1.4296 | Correct: 61/128 | Elapsed Time: 25.17s
2026-01-19 21:18:12,165 | INFO | Batch 260 | Loss: 1.5648 | Correct: 58/128 | Elapsed Time: 25.22s
2026-01-19 21:18:37,265 | INFO | Batch 270 | Loss: 1.2738 | Correct: 68/128 | Elapsed Time: 25.10s
2026-01-19 21:19:02,379 | INFO | Batch 280 | Loss: 1.3781 | Correct: 65/128 | Elapsed Time: 25.11s
2026-01-19 21:19:27,476 | INFO | Batch 290 | Loss: 1.2909 | Correct: 68/128 | Elapsed Time: 25.10s
2026-01-19 21:19:52,592 | INFO | Batch 300 | Loss: 1.5370 | Correct: 62/128 | Elapsed Time: 25.12s
2026-01-19 21:20:17,695 | INFO | Batch 310 | Loss: 1.3538 | Correct: 63/128 | Elapsed Time: 25.10s
2026-01-19 21:20:42,810 | INFO | Batch 320 | Loss: 1.5609 | Correct: 58/128 | Elapsed Time: 25.11s
2026-01-19 21:21:08,028 | INFO | Batch 330 | Loss: 1.3322 | Correct: 65/128 | Elapsed Time: 25.22s
2026-01-19 21:21:33,111 | INFO | Batch 340 | Loss: 1.4018 | Correct: 63/128 | Elapsed Time: 25.08s
2026-01-19 21:21:58,245 | INFO | Batch 350 | Loss: 1.5691 | Correct: 62/128 | Elapsed Time: 25.13s
2026-01-19 21:22:23,464 | INFO | Batch 360 | Loss: 1.3406 | Correct: 63/128 | Elapsed Time: 25.22s
2026-01-19 21:22:48,672 | INFO | Batch 370 | Loss: 1.5212 | Correct: 58/128 | Elapsed Time: 25.21s
2026-01-19 21:23:13,885 | INFO | Batch 380 | Loss: 1.3790 | Correct: 61/128 | Elapsed Time: 25.21s
2026-01-19 21:23:39,036 | INFO | Batch 390 | Loss: 1.4607 | Correct: 57/128 | Elapsed Time: 25.15s
2026-01-19 21:23:40,835 | INFO | Epoch [3/100] - Loss: 1.4429 | Correct: 23639/50000 (47.28%, 983.18s)
2026-01-19 21:24:56,753 | INFO | Validation - Loss: 1.3654 | Correct: 5096/10000 (50.96%) (75.92s)
2026-01-19 21:24:56,911 | INFO | New best model saved at epoch 3 with Top1 Acc: 50.96%
2026-01-19 21:25:22,092 | INFO | Batch 10 | Loss: 1.4721 | Correct: 56/128 | Elapsed Time: 25.18s
2026-01-19 21:25:47,276 | INFO | Batch 20 | Loss: 1.5010 | Correct: 53/128 | Elapsed Time: 25.18s
2026-01-19 21:26:12,391 | INFO | Batch 30 | Loss: 1.5845 | Correct: 55/128 | Elapsed Time: 25.12s
2026-01-19 21:26:37,533 | INFO | Batch 40 | Loss: 1.2620 | Correct: 65/128 | Elapsed Time: 25.14s
2026-01-19 21:27:02,694 | INFO | Batch 50 | Loss: 1.2901 | Correct: 65/128 | Elapsed Time: 25.16s
2026-01-19 21:27:27,831 | INFO | Batch 60 | Loss: 1.4489 | Correct: 52/128 | Elapsed Time: 25.14s
2026-01-19 21:27:53,022 | INFO | Batch 70 | Loss: 1.3293 | Correct: 67/128 | Elapsed Time: 25.19s
2026-01-19 21:28:18,111 | INFO | Batch 80 | Loss: 1.4318 | Correct: 59/128 | Elapsed Time: 25.09s
2026-01-19 21:28:43,252 | INFO | Batch 90 | Loss: 1.4565 | Correct: 68/128 | Elapsed Time: 25.14s
2026-01-19 21:29:08,372 | INFO | Batch 100 | Loss: 1.3300 | Correct: 67/128 | Elapsed Time: 25.12s
2026-01-19 21:29:33,503 | INFO | Batch 110 | Loss: 1.3771 | Correct: 65/128 | Elapsed Time: 25.13s
2026-01-19 21:29:58,637 | INFO | Batch 120 | Loss: 1.3907 | Correct: 61/128 | Elapsed Time: 25.13s
2026-01-19 21:30:23,939 | INFO | Batch 130 | Loss: 1.3856 | Correct: 62/128 | Elapsed Time: 25.30s
2026-01-19 21:30:49,125 | INFO | Batch 140 | Loss: 1.4099 | Correct: 64/128 | Elapsed Time: 25.19s
2026-01-19 21:31:14,228 | INFO | Batch 150 | Loss: 1.1694 | Correct: 72/128 | Elapsed Time: 25.10s
2026-01-19 21:31:39,328 | INFO | Batch 160 | Loss: 1.2564 | Correct: 63/128 | Elapsed Time: 25.10s
2026-01-19 21:32:04,454 | INFO | Batch 170 | Loss: 1.2459 | Correct: 64/128 | Elapsed Time: 25.13s
2026-01-19 21:32:29,589 | INFO | Batch 180 | Loss: 1.3674 | Correct: 65/128 | Elapsed Time: 25.13s
2026-01-19 21:32:54,760 | INFO | Batch 190 | Loss: 1.3635 | Correct: 69/128 | Elapsed Time: 25.17s
2026-01-19 21:33:20,014 | INFO | Batch 200 | Loss: 1.3449 | Correct: 67/128 | Elapsed Time: 25.25s
2026-01-19 21:33:45,160 | INFO | Batch 210 | Loss: 1.3081 | Correct: 70/128 | Elapsed Time: 25.15s
2026-01-19 21:34:10,353 | INFO | Batch 220 | Loss: 1.2026 | Correct: 79/128 | Elapsed Time: 25.19s
2026-01-19 21:34:35,574 | INFO | Batch 230 | Loss: 1.2641 | Correct: 74/128 | Elapsed Time: 25.22s
2026-01-19 21:35:00,781 | INFO | Batch 240 | Loss: 1.2297 | Correct: 73/128 | Elapsed Time: 25.21s
2026-01-19 21:35:26,032 | INFO | Batch 250 | Loss: 1.2759 | Correct: 70/128 | Elapsed Time: 25.25s
2026-01-19 21:35:51,340 | INFO | Batch 260 | Loss: 1.1930 | Correct: 70/128 | Elapsed Time: 25.31s
2026-01-19 21:36:16,722 | INFO | Batch 270 | Loss: 1.3515 | Correct: 72/128 | Elapsed Time: 25.38s
2026-01-19 21:36:41,969 | INFO | Batch 280 | Loss: 1.3061 | Correct: 62/128 | Elapsed Time: 25.25s
2026-01-19 21:37:07,178 | INFO | Batch 290 | Loss: 1.2083 | Correct: 75/128 | Elapsed Time: 25.21s
2026-01-19 21:37:32,345 | INFO | Batch 300 | Loss: 1.2953 | Correct: 65/128 | Elapsed Time: 25.17s
2026-01-19 21:37:57,386 | INFO | Batch 310 | Loss: 1.2352 | Correct: 72/128 | Elapsed Time: 25.04s
2026-01-19 21:38:22,488 | INFO | Batch 320 | Loss: 1.2929 | Correct: 71/128 | Elapsed Time: 25.10s
2026-01-19 21:38:47,668 | INFO | Batch 330 | Loss: 1.4405 | Correct: 57/128 | Elapsed Time: 25.18s
2026-01-19 21:39:12,806 | INFO | Batch 340 | Loss: 1.3806 | Correct: 69/128 | Elapsed Time: 25.14s
2026-01-19 21:39:37,907 | INFO | Batch 350 | Loss: 1.3347 | Correct: 63/128 | Elapsed Time: 25.10s
2026-01-19 21:40:03,083 | INFO | Batch 360 | Loss: 1.2984 | Correct: 60/128 | Elapsed Time: 25.18s
2026-01-19 21:40:28,235 | INFO | Batch 370 | Loss: 1.3641 | Correct: 66/128 | Elapsed Time: 25.15s
2026-01-19 21:40:53,419 | INFO | Batch 380 | Loss: 1.1465 | Correct: 75/128 | Elapsed Time: 25.18s
2026-01-19 21:41:18,630 | INFO | Batch 390 | Loss: 1.3092 | Correct: 64/128 | Elapsed Time: 25.21s
2026-01-19 21:41:20,333 | INFO | Epoch [4/100] - Loss: 1.3365 | Correct: 25760/50000 (51.52%, 983.42s)
2026-01-19 21:42:36,312 | INFO | Validation - Loss: 1.2875 | Correct: 5293/10000 (52.93%) (75.98s)
2026-01-19 21:42:36,483 | INFO | New best model saved at epoch 4 with Top1 Acc: 52.93%
2026-01-19 21:43:01,623 | INFO | Batch 10 | Loss: 1.1610 | Correct: 75/128 | Elapsed Time: 25.14s
2026-01-19 21:43:26,742 | INFO | Batch 20 | Loss: 1.1254 | Correct: 78/128 | Elapsed Time: 25.12s
2026-01-19 21:43:51,827 | INFO | Batch 30 | Loss: 1.2264 | Correct: 74/128 | Elapsed Time: 25.09s
2026-01-19 21:44:16,887 | INFO | Batch 40 | Loss: 1.2633 | Correct: 69/128 | Elapsed Time: 25.06s
2026-01-19 21:44:41,995 | INFO | Batch 50 | Loss: 1.2020 | Correct: 72/128 | Elapsed Time: 25.11s
2026-01-19 21:45:07,200 | INFO | Batch 60 | Loss: 1.3456 | Correct: 68/128 | Elapsed Time: 25.20s
2026-01-19 21:45:32,286 | INFO | Batch 70 | Loss: 1.2402 | Correct: 69/128 | Elapsed Time: 25.09s
2026-01-19 21:45:57,366 | INFO | Batch 80 | Loss: 1.0492 | Correct: 79/128 | Elapsed Time: 25.08s
2026-01-19 21:46:22,442 | INFO | Batch 90 | Loss: 1.2419 | Correct: 65/128 | Elapsed Time: 25.08s
2026-01-19 21:46:47,620 | INFO | Batch 100 | Loss: 1.1539 | Correct: 69/128 | Elapsed Time: 25.18s
2026-01-19 21:47:12,818 | INFO | Batch 110 | Loss: 1.4221 | Correct: 66/128 | Elapsed Time: 25.20s
2026-01-19 21:47:38,021 | INFO | Batch 120 | Loss: 1.2518 | Correct: 73/128 | Elapsed Time: 25.20s
2026-01-19 21:48:03,264 | INFO | Batch 130 | Loss: 1.1351 | Correct: 75/128 | Elapsed Time: 25.24s
2026-01-19 21:48:28,473 | INFO | Batch 140 | Loss: 1.2124 | Correct: 69/128 | Elapsed Time: 25.21s
2026-01-19 21:48:53,679 | INFO | Batch 150 | Loss: 1.1782 | Correct: 76/128 | Elapsed Time: 25.21s
2026-01-19 21:49:18,805 | INFO | Batch 160 | Loss: 1.1926 | Correct: 72/128 | Elapsed Time: 25.13s
2026-01-19 21:49:43,919 | INFO | Batch 170 | Loss: 1.2558 | Correct: 76/128 | Elapsed Time: 25.11s
2026-01-19 21:50:09,063 | INFO | Batch 180 | Loss: 1.2169 | Correct: 66/128 | Elapsed Time: 25.14s
2026-01-19 21:50:34,316 | INFO | Batch 190 | Loss: 1.2592 | Correct: 71/128 | Elapsed Time: 25.25s
2026-01-19 21:50:59,532 | INFO | Batch 200 | Loss: 1.2163 | Correct: 73/128 | Elapsed Time: 25.22s
2026-01-19 21:51:24,697 | INFO | Batch 210 | Loss: 1.1178 | Correct: 79/128 | Elapsed Time: 25.16s
2026-01-19 21:51:49,826 | INFO | Batch 220 | Loss: 1.1382 | Correct: 79/128 | Elapsed Time: 25.13s
2026-01-19 21:52:15,011 | INFO | Batch 230 | Loss: 1.2190 | Correct: 74/128 | Elapsed Time: 25.18s
2026-01-19 21:52:40,180 | INFO | Batch 240 | Loss: 1.2545 | Correct: 64/128 | Elapsed Time: 25.17s
2026-01-19 21:53:05,303 | INFO | Batch 250 | Loss: 1.1772 | Correct: 73/128 | Elapsed Time: 25.12s
2026-01-19 21:53:30,500 | INFO | Batch 260 | Loss: 1.3713 | Correct: 66/128 | Elapsed Time: 25.20s
2026-01-19 21:53:55,599 | INFO | Batch 270 | Loss: 1.0826 | Correct: 78/128 | Elapsed Time: 25.10s
2026-01-19 21:54:20,738 | INFO | Batch 280 | Loss: 1.1786 | Correct: 75/128 | Elapsed Time: 25.14s
2026-01-19 21:54:45,900 | INFO | Batch 290 | Loss: 1.1498 | Correct: 70/128 | Elapsed Time: 25.16s
2026-01-19 21:55:11,052 | INFO | Batch 300 | Loss: 1.3623 | Correct: 65/128 | Elapsed Time: 25.15s
2026-01-19 21:55:36,242 | INFO | Batch 310 | Loss: 1.1121 | Correct: 69/128 | Elapsed Time: 25.19s
2026-01-19 21:56:01,479 | INFO | Batch 320 | Loss: 1.1440 | Correct: 68/128 | Elapsed Time: 25.24s
2026-01-19 21:56:26,751 | INFO | Batch 330 | Loss: 1.1774 | Correct: 78/128 | Elapsed Time: 25.27s
2026-01-19 21:56:51,903 | INFO | Batch 340 | Loss: 1.3019 | Correct: 68/128 | Elapsed Time: 25.15s
2026-01-19 21:57:17,002 | INFO | Batch 350 | Loss: 1.2605 | Correct: 73/128 | Elapsed Time: 25.10s
2026-01-19 21:57:42,102 | INFO | Batch 360 | Loss: 1.3776 | Correct: 65/128 | Elapsed Time: 25.10s
2026-01-19 21:58:07,214 | INFO | Batch 370 | Loss: 1.2988 | Correct: 65/128 | Elapsed Time: 25.11s
2026-01-19 21:58:32,313 | INFO | Batch 380 | Loss: 1.2671 | Correct: 69/128 | Elapsed Time: 25.10s
2026-01-19 21:58:57,523 | INFO | Batch 390 | Loss: 1.1981 | Correct: 76/128 | Elapsed Time: 25.21s
2026-01-19 21:58:59,239 | INFO | Epoch [5/100] - Loss: 1.2347 | Correct: 27747/50000 (55.49%, 982.76s)
2026-01-19 22:00:15,067 | INFO | Validation - Loss: 1.1842 | Correct: 5760/10000 (57.60%) (75.83s)
2026-01-19 22:00:15,251 | INFO | New best model saved at epoch 5 with Top1 Acc: 57.60%
2026-01-19 22:00:40,381 | INFO | Batch 10 | Loss: 1.1728 | Correct: 71/128 | Elapsed Time: 25.13s
2026-01-19 22:01:05,504 | INFO | Batch 20 | Loss: 1.1178 | Correct: 75/128 | Elapsed Time: 25.12s
2026-01-19 22:01:30,597 | INFO | Batch 30 | Loss: 1.2605 | Correct: 77/128 | Elapsed Time: 25.09s
2026-01-19 22:01:55,744 | INFO | Batch 40 | Loss: 1.1374 | Correct: 77/128 | Elapsed Time: 25.15s
2026-01-19 22:02:21,022 | INFO | Batch 50 | Loss: 1.0806 | Correct: 84/128 | Elapsed Time: 25.28s
2026-01-19 22:02:46,218 | INFO | Batch 60 | Loss: 1.3453 | Correct: 63/128 | Elapsed Time: 25.20s
2026-01-19 22:03:11,436 | INFO | Batch 70 | Loss: 1.1328 | Correct: 80/128 | Elapsed Time: 25.22s
2026-01-19 22:03:36,631 | INFO | Batch 80 | Loss: 1.0909 | Correct: 76/128 | Elapsed Time: 25.19s
2026-01-19 22:04:01,723 | INFO | Batch 90 | Loss: 1.1559 | Correct: 75/128 | Elapsed Time: 25.09s
2026-01-19 22:04:26,796 | INFO | Batch 100 | Loss: 0.9811 | Correct: 83/128 | Elapsed Time: 25.07s
2026-01-19 22:04:51,919 | INFO | Batch 110 | Loss: 1.3417 | Correct: 66/128 | Elapsed Time: 25.12s
2026-01-19 22:05:17,132 | INFO | Batch 120 | Loss: 1.2146 | Correct: 69/128 | Elapsed Time: 25.21s
2026-01-19 22:05:42,262 | INFO | Batch 130 | Loss: 1.2136 | Correct: 71/128 | Elapsed Time: 25.13s
2026-01-19 22:06:07,392 | INFO | Batch 140 | Loss: 1.0791 | Correct: 82/128 | Elapsed Time: 25.13s
2026-01-19 22:06:32,537 | INFO | Batch 150 | Loss: 1.2461 | Correct: 70/128 | Elapsed Time: 25.14s
2026-01-19 22:06:57,709 | INFO | Batch 160 | Loss: 1.1275 | Correct: 76/128 | Elapsed Time: 25.17s
2026-01-19 22:07:22,905 | INFO | Batch 170 | Loss: 1.0866 | Correct: 80/128 | Elapsed Time: 25.20s
2026-01-19 22:07:48,226 | INFO | Batch 180 | Loss: 1.0464 | Correct: 76/128 | Elapsed Time: 25.32s
2026-01-19 22:08:13,563 | INFO | Batch 190 | Loss: 1.1718 | Correct: 77/128 | Elapsed Time: 25.34s
2026-01-19 22:08:38,711 | INFO | Batch 200 | Loss: 1.1265 | Correct: 75/128 | Elapsed Time: 25.15s
2026-01-19 22:09:03,904 | INFO | Batch 210 | Loss: 1.0475 | Correct: 79/128 | Elapsed Time: 25.19s
2026-01-19 22:09:29,080 | INFO | Batch 220 | Loss: 1.1277 | Correct: 82/128 | Elapsed Time: 25.18s
2026-01-19 22:09:54,220 | INFO | Batch 230 | Loss: 1.2066 | Correct: 73/128 | Elapsed Time: 25.14s
2026-01-19 22:10:19,357 | INFO | Batch 240 | Loss: 1.0186 | Correct: 77/128 | Elapsed Time: 25.14s
2026-01-19 22:10:44,548 | INFO | Batch 250 | Loss: 1.1121 | Correct: 78/128 | Elapsed Time: 25.19s
2026-01-19 22:11:09,622 | INFO | Batch 260 | Loss: 1.0616 | Correct: 76/128 | Elapsed Time: 25.07s
2026-01-19 22:11:34,693 | INFO | Batch 270 | Loss: 0.9877 | Correct: 78/128 | Elapsed Time: 25.07s
2026-01-19 22:11:59,789 | INFO | Batch 280 | Loss: 1.1864 | Correct: 74/128 | Elapsed Time: 25.10s
2026-01-19 22:12:25,044 | INFO | Batch 290 | Loss: 1.1700 | Correct: 74/128 | Elapsed Time: 25.26s
2026-01-19 22:12:50,395 | INFO | Batch 300 | Loss: 1.1489 | Correct: 74/128 | Elapsed Time: 25.35s
2026-01-19 22:13:15,684 | INFO | Batch 310 | Loss: 1.1195 | Correct: 80/128 | Elapsed Time: 25.29s
2026-01-19 22:13:41,137 | INFO | Batch 320 | Loss: 1.2577 | Correct: 68/128 | Elapsed Time: 25.45s
2026-01-19 22:14:06,518 | INFO | Batch 330 | Loss: 1.1033 | Correct: 80/128 | Elapsed Time: 25.38s
2026-01-19 22:14:31,806 | INFO | Batch 340 | Loss: 1.1772 | Correct: 74/128 | Elapsed Time: 25.29s
2026-01-19 22:14:57,132 | INFO | Batch 350 | Loss: 1.0250 | Correct: 83/128 | Elapsed Time: 25.33s
2026-01-19 22:15:22,369 | INFO | Batch 360 | Loss: 1.0261 | Correct: 85/128 | Elapsed Time: 25.24s
2026-01-19 22:15:47,521 | INFO | Batch 370 | Loss: 1.1086 | Correct: 78/128 | Elapsed Time: 25.15s
2026-01-19 22:16:12,707 | INFO | Batch 380 | Loss: 1.0499 | Correct: 86/128 | Elapsed Time: 25.19s
2026-01-19 22:16:37,759 | INFO | Batch 390 | Loss: 1.2883 | Correct: 68/128 | Elapsed Time: 25.05s
2026-01-19 22:16:39,463 | INFO | Epoch [6/100] - Loss: 1.1345 | Correct: 29778/50000 (59.56%, 984.21s)
2026-01-19 22:17:55,363 | INFO | Validation - Loss: 1.0994 | Correct: 6160/10000 (61.60%) (75.90s)
2026-01-19 22:17:55,554 | INFO | New best model saved at epoch 6 with Top1 Acc: 61.60%
2026-01-19 22:18:20,772 | INFO | Batch 10 | Loss: 1.1653 | Correct: 73/128 | Elapsed Time: 25.22s
2026-01-19 22:18:45,949 | INFO | Batch 20 | Loss: 1.1535 | Correct: 78/128 | Elapsed Time: 25.18s
2026-01-19 22:19:11,139 | INFO | Batch 30 | Loss: 1.1518 | Correct: 70/128 | Elapsed Time: 25.19s
2026-01-19 22:19:36,358 | INFO | Batch 40 | Loss: 0.9502 | Correct: 88/128 | Elapsed Time: 25.22s
2026-01-19 22:20:01,686 | INFO | Batch 50 | Loss: 1.0742 | Correct: 76/128 | Elapsed Time: 25.33s
2026-01-19 22:20:26,850 | INFO | Batch 60 | Loss: 0.9511 | Correct: 87/128 | Elapsed Time: 25.16s
2026-01-19 22:20:51,974 | INFO | Batch 70 | Loss: 1.1456 | Correct: 77/128 | Elapsed Time: 25.12s
2026-01-19 22:21:17,052 | INFO | Batch 80 | Loss: 1.0116 | Correct: 80/128 | Elapsed Time: 25.08s
2026-01-19 22:21:42,145 | INFO | Batch 90 | Loss: 1.0695 | Correct: 80/128 | Elapsed Time: 25.09s
2026-01-19 22:22:07,279 | INFO | Batch 100 | Loss: 1.1311 | Correct: 76/128 | Elapsed Time: 25.13s
2026-01-19 22:22:32,408 | INFO | Batch 110 | Loss: 1.1411 | Correct: 77/128 | Elapsed Time: 25.13s
2026-01-19 22:22:57,710 | INFO | Batch 120 | Loss: 0.9595 | Correct: 86/128 | Elapsed Time: 25.30s
2026-01-19 22:23:22,875 | INFO | Batch 130 | Loss: 1.2894 | Correct: 71/128 | Elapsed Time: 25.16s
2026-01-19 22:23:48,065 | INFO | Batch 140 | Loss: 1.2009 | Correct: 69/128 | Elapsed Time: 25.19s
2026-01-19 22:24:13,281 | INFO | Batch 150 | Loss: 1.0097 | Correct: 89/128 | Elapsed Time: 25.22s
2026-01-19 22:24:38,499 | INFO | Batch 160 | Loss: 1.1625 | Correct: 72/128 | Elapsed Time: 25.22s
2026-01-19 22:25:03,686 | INFO | Batch 170 | Loss: 1.0888 | Correct: 78/128 | Elapsed Time: 25.19s
2026-01-19 22:25:28,935 | INFO | Batch 180 | Loss: 0.9090 | Correct: 88/128 | Elapsed Time: 25.25s
2026-01-19 22:25:54,071 | INFO | Batch 190 | Loss: 1.2159 | Correct: 74/128 | Elapsed Time: 25.14s
2026-01-19 22:26:19,204 | INFO | Batch 200 | Loss: 1.0010 | Correct: 84/128 | Elapsed Time: 25.13s
2026-01-19 22:26:44,313 | INFO | Batch 210 | Loss: 1.1138 | Correct: 73/128 | Elapsed Time: 25.11s
2026-01-19 22:27:09,407 | INFO | Batch 220 | Loss: 1.0542 | Correct: 86/128 | Elapsed Time: 25.09s
2026-01-19 22:27:34,506 | INFO | Batch 230 | Loss: 1.0578 | Correct: 81/128 | Elapsed Time: 25.10s
2026-01-19 22:27:59,619 | INFO | Batch 240 | Loss: 1.0900 | Correct: 75/128 | Elapsed Time: 25.11s
2026-01-19 22:28:24,835 | INFO | Batch 250 | Loss: 0.9980 | Correct: 84/128 | Elapsed Time: 25.22s
2026-01-19 22:28:49,933 | INFO | Batch 260 | Loss: 1.1351 | Correct: 76/128 | Elapsed Time: 25.10s
2026-01-19 22:29:15,017 | INFO | Batch 270 | Loss: 1.2459 | Correct: 77/128 | Elapsed Time: 25.08s
2026-01-19 22:29:40,136 | INFO | Batch 280 | Loss: 1.1334 | Correct: 75/128 | Elapsed Time: 25.12s
2026-01-19 22:30:05,246 | INFO | Batch 290 | Loss: 1.0119 | Correct: 75/128 | Elapsed Time: 25.11s
2026-01-19 22:30:30,357 | INFO | Batch 300 | Loss: 0.9427 | Correct: 83/128 | Elapsed Time: 25.11s
2026-01-19 22:30:55,487 | INFO | Batch 310 | Loss: 1.1459 | Correct: 81/128 | Elapsed Time: 25.13s
2026-01-19 22:31:20,721 | INFO | Batch 320 | Loss: 0.9341 | Correct: 87/128 | Elapsed Time: 25.23s
2026-01-19 22:31:45,826 | INFO | Batch 330 | Loss: 0.9473 | Correct: 92/128 | Elapsed Time: 25.11s
2026-01-19 22:32:10,976 | INFO | Batch 340 | Loss: 0.9702 | Correct: 83/128 | Elapsed Time: 25.15s
2026-01-19 22:32:36,149 | INFO | Batch 350 | Loss: 0.9499 | Correct: 86/128 | Elapsed Time: 25.17s
2026-01-19 22:33:01,347 | INFO | Batch 360 | Loss: 1.0164 | Correct: 76/128 | Elapsed Time: 25.20s
2026-01-19 22:33:26,555 | INFO | Batch 370 | Loss: 1.0276 | Correct: 78/128 | Elapsed Time: 25.21s
2026-01-19 22:33:51,839 | INFO | Batch 380 | Loss: 0.9958 | Correct: 79/128 | Elapsed Time: 25.28s
2026-01-19 22:34:16,968 | INFO | Batch 390 | Loss: 0.9591 | Correct: 81/128 | Elapsed Time: 25.13s
2026-01-19 22:34:18,687 | INFO | Epoch [7/100] - Loss: 1.0478 | Correct: 31194/50000 (62.39%, 983.13s)
2026-01-19 22:35:34,591 | INFO | Validation - Loss: 1.0205 | Correct: 6360/10000 (63.60%) (75.90s)
2026-01-19 22:35:34,771 | INFO | New best model saved at epoch 7 with Top1 Acc: 63.60%
2026-01-19 22:35:59,967 | INFO | Batch 10 | Loss: 1.0094 | Correct: 81/128 | Elapsed Time: 25.20s
2026-01-19 22:36:25,078 | INFO | Batch 20 | Loss: 1.1035 | Correct: 74/128 | Elapsed Time: 25.11s
2026-01-19 22:36:50,234 | INFO | Batch 30 | Loss: 1.1284 | Correct: 84/128 | Elapsed Time: 25.16s
2026-01-19 22:37:15,388 | INFO | Batch 40 | Loss: 0.8318 | Correct: 86/128 | Elapsed Time: 25.15s
2026-01-19 22:37:40,687 | INFO | Batch 50 | Loss: 0.9557 | Correct: 86/128 | Elapsed Time: 25.30s
2026-01-19 22:38:05,934 | INFO | Batch 60 | Loss: 1.1013 | Correct: 75/128 | Elapsed Time: 25.25s
2026-01-19 22:38:31,212 | INFO | Batch 70 | Loss: 0.9085 | Correct: 82/128 | Elapsed Time: 25.28s
2026-01-19 22:38:56,454 | INFO | Batch 80 | Loss: 0.9772 | Correct: 84/128 | Elapsed Time: 25.24s
2026-01-19 22:39:21,707 | INFO | Batch 90 | Loss: 0.9599 | Correct: 84/128 | Elapsed Time: 25.25s
2026-01-19 22:39:46,893 | INFO | Batch 100 | Loss: 0.7531 | Correct: 94/128 | Elapsed Time: 25.19s
2026-01-19 22:40:12,033 | INFO | Batch 110 | Loss: 0.8595 | Correct: 86/128 | Elapsed Time: 25.14s
2026-01-19 22:40:37,225 | INFO | Batch 120 | Loss: 0.9458 | Correct: 87/128 | Elapsed Time: 25.19s
2026-01-19 22:41:02,354 | INFO | Batch 130 | Loss: 0.9431 | Correct: 78/128 | Elapsed Time: 25.13s
2026-01-19 22:41:27,488 | INFO | Batch 140 | Loss: 1.1578 | Correct: 79/128 | Elapsed Time: 25.13s
2026-01-19 22:41:52,639 | INFO | Batch 150 | Loss: 0.9852 | Correct: 80/128 | Elapsed Time: 25.15s
2026-01-19 22:42:17,747 | INFO | Batch 160 | Loss: 0.9789 | Correct: 85/128 | Elapsed Time: 25.11s
2026-01-19 22:42:42,824 | INFO | Batch 170 | Loss: 0.8691 | Correct: 91/128 | Elapsed Time: 25.08s
2026-01-19 22:43:08,054 | INFO | Batch 180 | Loss: 0.9954 | Correct: 86/128 | Elapsed Time: 25.23s
2026-01-19 22:43:33,228 | INFO | Batch 190 | Loss: 1.0652 | Correct: 71/128 | Elapsed Time: 25.17s
2026-01-19 22:43:58,369 | INFO | Batch 200 | Loss: 0.9657 | Correct: 85/128 | Elapsed Time: 25.14s
2026-01-19 22:44:23,579 | INFO | Batch 210 | Loss: 0.9610 | Correct: 86/128 | Elapsed Time: 25.21s
2026-01-19 22:44:48,813 | INFO | Batch 220 | Loss: 1.0287 | Correct: 86/128 | Elapsed Time: 25.23s
2026-01-19 22:45:14,040 | INFO | Batch 230 | Loss: 1.0679 | Correct: 80/128 | Elapsed Time: 25.23s
2026-01-19 22:45:39,249 | INFO | Batch 240 | Loss: 0.8957 | Correct: 90/128 | Elapsed Time: 25.21s
2026-01-19 22:46:04,503 | INFO | Batch 250 | Loss: 0.9684 | Correct: 86/128 | Elapsed Time: 25.25s
2026-01-19 22:46:29,643 | INFO | Batch 260 | Loss: 0.8535 | Correct: 88/128 | Elapsed Time: 25.14s
2026-01-19 22:46:54,742 | INFO | Batch 270 | Loss: 0.9162 | Correct: 84/128 | Elapsed Time: 25.10s
2026-01-19 22:47:19,820 | INFO | Batch 280 | Loss: 1.1204 | Correct: 72/128 | Elapsed Time: 25.08s
2026-01-19 22:47:44,877 | INFO | Batch 290 | Loss: 1.0214 | Correct: 85/128 | Elapsed Time: 25.06s
2026-01-19 22:48:09,986 | INFO | Batch 300 | Loss: 0.9744 | Correct: 85/128 | Elapsed Time: 25.11s
2026-01-19 22:48:35,169 | INFO | Batch 310 | Loss: 1.0935 | Correct: 77/128 | Elapsed Time: 25.18s
2026-01-19 22:49:00,244 | INFO | Batch 320 | Loss: 0.9591 | Correct: 81/128 | Elapsed Time: 25.08s
2026-01-19 22:49:25,357 | INFO | Batch 330 | Loss: 0.8799 | Correct: 86/128 | Elapsed Time: 25.11s
2026-01-19 22:49:50,418 | INFO | Batch 340 | Loss: 0.9553 | Correct: 82/128 | Elapsed Time: 25.06s
2026-01-19 22:50:15,581 | INFO | Batch 350 | Loss: 0.9455 | Correct: 87/128 | Elapsed Time: 25.16s
2026-01-19 22:50:40,727 | INFO | Batch 360 | Loss: 1.0183 | Correct: 79/128 | Elapsed Time: 25.15s
2026-01-19 22:51:05,918 | INFO | Batch 370 | Loss: 0.9766 | Correct: 83/128 | Elapsed Time: 25.19s
2026-01-19 22:51:31,134 | INFO | Batch 380 | Loss: 0.9751 | Correct: 83/128 | Elapsed Time: 25.22s
2026-01-19 22:51:56,261 | INFO | Batch 390 | Loss: 0.8317 | Correct: 94/128 | Elapsed Time: 25.13s
2026-01-19 22:51:57,955 | INFO | Epoch [8/100] - Loss: 0.9742 | Correct: 32656/50000 (65.31%, 983.18s)
2026-01-19 22:53:13,765 | INFO | Validation - Loss: 0.9495 | Correct: 6650/10000 (66.50%) (75.81s)
2026-01-19 22:53:13,956 | INFO | New best model saved at epoch 8 with Top1 Acc: 66.50%
2026-01-19 22:53:39,148 | INFO | Batch 10 | Loss: 0.8268 | Correct: 86/128 | Elapsed Time: 25.19s
2026-01-19 22:54:04,259 | INFO | Batch 20 | Loss: 0.8969 | Correct: 79/128 | Elapsed Time: 25.11s
2026-01-19 22:54:29,363 | INFO | Batch 30 | Loss: 1.0987 | Correct: 77/128 | Elapsed Time: 25.10s
2026-01-19 22:54:54,512 | INFO | Batch 40 | Loss: 0.8435 | Correct: 92/128 | Elapsed Time: 25.15s
2026-01-19 22:55:19,604 | INFO | Batch 50 | Loss: 0.9832 | Correct: 85/128 | Elapsed Time: 25.09s
2026-01-19 22:55:44,667 | INFO | Batch 60 | Loss: 0.7547 | Correct: 91/128 | Elapsed Time: 25.06s
2026-01-19 22:56:09,750 | INFO | Batch 70 | Loss: 0.8508 | Correct: 88/128 | Elapsed Time: 25.08s
2026-01-19 22:56:34,844 | INFO | Batch 80 | Loss: 1.0200 | Correct: 81/128 | Elapsed Time: 25.09s
2026-01-19 22:56:59,988 | INFO | Batch 90 | Loss: 0.9804 | Correct: 85/128 | Elapsed Time: 25.14s
2026-01-19 22:57:25,129 | INFO | Batch 100 | Loss: 0.9051 | Correct: 85/128 | Elapsed Time: 25.14s
2026-01-19 22:57:50,345 | INFO | Batch 110 | Loss: 1.0073 | Correct: 84/128 | Elapsed Time: 25.22s
2026-01-19 22:58:15,457 | INFO | Batch 120 | Loss: 0.9415 | Correct: 83/128 | Elapsed Time: 25.11s
2026-01-19 22:58:40,588 | INFO | Batch 130 | Loss: 1.1818 | Correct: 71/128 | Elapsed Time: 25.13s
2026-01-19 22:59:05,785 | INFO | Batch 140 | Loss: 0.8571 | Correct: 88/128 | Elapsed Time: 25.20s
2026-01-19 22:59:31,005 | INFO | Batch 150 | Loss: 0.7349 | Correct: 96/128 | Elapsed Time: 25.22s
2026-01-19 22:59:56,210 | INFO | Batch 160 | Loss: 0.8115 | Correct: 92/128 | Elapsed Time: 25.20s
2026-01-19 23:00:21,479 | INFO | Batch 170 | Loss: 0.8672 | Correct: 92/128 | Elapsed Time: 25.27s
2026-01-19 23:00:46,631 | INFO | Batch 180 | Loss: 0.8880 | Correct: 88/128 | Elapsed Time: 25.15s
2026-01-19 23:01:11,787 | INFO | Batch 190 | Loss: 0.9289 | Correct: 79/128 | Elapsed Time: 25.16s
2026-01-19 23:01:36,898 | INFO | Batch 200 | Loss: 0.9929 | Correct: 82/128 | Elapsed Time: 25.11s
2026-01-19 23:02:01,953 | INFO | Batch 210 | Loss: 0.9824 | Correct: 84/128 | Elapsed Time: 25.06s
2026-01-19 23:02:27,065 | INFO | Batch 220 | Loss: 0.8701 | Correct: 88/128 | Elapsed Time: 25.11s
2026-01-19 23:02:52,135 | INFO | Batch 230 | Loss: 1.0668 | Correct: 78/128 | Elapsed Time: 25.07s
2026-01-19 23:03:17,326 | INFO | Batch 240 | Loss: 0.8552 | Correct: 89/128 | Elapsed Time: 25.19s
2026-01-19 23:03:42,421 | INFO | Batch 250 | Loss: 0.9513 | Correct: 81/128 | Elapsed Time: 25.09s
2026-01-19 23:04:07,525 | INFO | Batch 260 | Loss: 0.7803 | Correct: 98/128 | Elapsed Time: 25.10s
2026-01-19 23:04:32,603 | INFO | Batch 270 | Loss: 0.8999 | Correct: 84/128 | Elapsed Time: 25.08s
2026-01-19 23:04:57,692 | INFO | Batch 280 | Loss: 0.8282 | Correct: 87/128 | Elapsed Time: 25.09s
2026-01-19 23:05:22,757 | INFO | Batch 290 | Loss: 0.7748 | Correct: 96/128 | Elapsed Time: 25.07s
2026-01-19 23:05:47,899 | INFO | Batch 300 | Loss: 0.8447 | Correct: 90/128 | Elapsed Time: 25.14s
2026-01-19 23:06:12,982 | INFO | Batch 310 | Loss: 1.1618 | Correct: 69/128 | Elapsed Time: 25.08s
2026-01-19 23:06:38,068 | INFO | Batch 320 | Loss: 0.7387 | Correct: 96/128 | Elapsed Time: 25.09s
2026-01-19 23:07:03,152 | INFO | Batch 330 | Loss: 0.9434 | Correct: 89/128 | Elapsed Time: 25.08s
2026-01-19 23:07:28,255 | INFO | Batch 340 | Loss: 0.9608 | Correct: 90/128 | Elapsed Time: 25.10s
2026-01-19 23:07:53,354 | INFO | Batch 350 | Loss: 0.9002 | Correct: 91/128 | Elapsed Time: 25.10s
2026-01-19 23:08:18,492 | INFO | Batch 360 | Loss: 1.2011 | Correct: 74/128 | Elapsed Time: 25.14s
2026-01-19 23:08:43,761 | INFO | Batch 370 | Loss: 0.8868 | Correct: 84/128 | Elapsed Time: 25.27s
2026-01-19 23:09:08,905 | INFO | Batch 380 | Loss: 0.9536 | Correct: 82/128 | Elapsed Time: 25.14s
2026-01-19 23:09:34,087 | INFO | Batch 390 | Loss: 0.8521 | Correct: 89/128 | Elapsed Time: 25.18s
2026-01-19 23:09:35,790 | INFO | Epoch [9/100] - Loss: 0.9128 | Correct: 33721/50000 (67.44%, 981.83s)
2026-01-19 23:10:51,809 | INFO | Validation - Loss: 0.9068 | Correct: 6864/10000 (68.64%) (76.02s)
2026-01-19 23:10:52,003 | INFO | New best model saved at epoch 9 with Top1 Acc: 68.64%
2026-01-19 23:11:17,198 | INFO | Batch 10 | Loss: 0.9015 | Correct: 84/128 | Elapsed Time: 25.19s
2026-01-19 23:11:42,369 | INFO | Batch 20 | Loss: 0.8114 | Correct: 89/128 | Elapsed Time: 25.17s
2026-01-19 23:12:07,479 | INFO | Batch 30 | Loss: 0.8440 | Correct: 90/128 | Elapsed Time: 25.11s
2026-01-19 23:12:32,723 | INFO | Batch 40 | Loss: 0.8848 | Correct: 93/128 | Elapsed Time: 25.24s
2026-01-19 23:12:57,821 | INFO | Batch 50 | Loss: 1.0102 | Correct: 84/128 | Elapsed Time: 25.10s
2026-01-19 23:13:22,865 | INFO | Batch 60 | Loss: 1.0164 | Correct: 76/128 | Elapsed Time: 25.04s
2026-01-19 23:13:47,961 | INFO | Batch 70 | Loss: 0.6387 | Correct: 97/128 | Elapsed Time: 25.10s
2026-01-19 23:14:13,055 | INFO | Batch 80 | Loss: 0.8302 | Correct: 87/128 | Elapsed Time: 25.09s
2026-01-19 23:14:38,108 | INFO | Batch 90 | Loss: 0.8244 | Correct: 92/128 | Elapsed Time: 25.05s
2026-01-19 23:15:03,183 | INFO | Batch 100 | Loss: 0.7529 | Correct: 99/128 | Elapsed Time: 25.08s
2026-01-19 23:15:28,394 | INFO | Batch 110 | Loss: 0.9084 | Correct: 89/128 | Elapsed Time: 25.21s
2026-01-19 23:15:53,490 | INFO | Batch 120 | Loss: 1.0078 | Correct: 84/128 | Elapsed Time: 25.10s
2026-01-19 23:16:18,611 | INFO | Batch 130 | Loss: 0.9454 | Correct: 89/128 | Elapsed Time: 25.12s
2026-01-19 23:16:43,775 | INFO | Batch 140 | Loss: 0.8671 | Correct: 92/128 | Elapsed Time: 25.16s
2026-01-19 23:17:08,948 | INFO | Batch 150 | Loss: 1.0285 | Correct: 81/128 | Elapsed Time: 25.17s
2026-01-19 23:17:34,069 | INFO | Batch 160 | Loss: 0.7495 | Correct: 95/128 | Elapsed Time: 25.12s
2026-01-19 23:17:59,216 | INFO | Batch 170 | Loss: 0.7339 | Correct: 88/128 | Elapsed Time: 25.15s
2026-01-19 23:18:24,337 | INFO | Batch 180 | Loss: 0.7692 | Correct: 91/128 | Elapsed Time: 25.12s
2026-01-19 23:18:49,489 | INFO | Batch 190 | Loss: 0.8531 | Correct: 90/128 | Elapsed Time: 25.15s
2026-01-19 23:19:14,580 | INFO | Batch 200 | Loss: 0.8907 | Correct: 98/128 | Elapsed Time: 25.09s
2026-01-19 23:19:39,695 | INFO | Batch 210 | Loss: 1.0020 | Correct: 84/128 | Elapsed Time: 25.11s
2026-01-19 23:20:04,771 | INFO | Batch 220 | Loss: 0.8934 | Correct: 86/128 | Elapsed Time: 25.08s
2026-01-19 23:20:29,870 | INFO | Batch 230 | Loss: 0.9273 | Correct: 86/128 | Elapsed Time: 25.10s
2026-01-19 23:20:55,057 | INFO | Batch 240 | Loss: 0.9117 | Correct: 92/128 | Elapsed Time: 25.19s
2026-01-19 23:21:20,130 | INFO | Batch 250 | Loss: 0.8362 | Correct: 90/128 | Elapsed Time: 25.07s
2026-01-19 23:21:45,218 | INFO | Batch 260 | Loss: 0.8126 | Correct: 89/128 | Elapsed Time: 25.09s
2026-01-19 23:22:10,281 | INFO | Batch 270 | Loss: 0.9654 | Correct: 88/128 | Elapsed Time: 25.06s
2026-01-19 23:22:35,351 | INFO | Batch 280 | Loss: 0.8611 | Correct: 84/128 | Elapsed Time: 25.07s
2026-01-19 23:23:00,455 | INFO | Batch 290 | Loss: 0.8325 | Correct: 86/128 | Elapsed Time: 25.10s
2026-01-19 23:23:25,646 | INFO | Batch 300 | Loss: 0.9971 | Correct: 81/128 | Elapsed Time: 25.19s
2026-01-19 23:23:50,763 | INFO | Batch 310 | Loss: 0.8001 | Correct: 94/128 | Elapsed Time: 25.12s
2026-01-19 23:24:15,927 | INFO | Batch 320 | Loss: 0.8351 | Correct: 89/128 | Elapsed Time: 25.16s
2026-01-19 23:24:41,058 | INFO | Batch 330 | Loss: 0.9516 | Correct: 79/128 | Elapsed Time: 25.13s
2026-01-19 23:25:06,264 | INFO | Batch 340 | Loss: 0.9439 | Correct: 87/128 | Elapsed Time: 25.21s
2026-01-19 23:25:31,415 | INFO | Batch 350 | Loss: 0.7318 | Correct: 96/128 | Elapsed Time: 25.15s
2026-01-19 23:25:56,573 | INFO | Batch 360 | Loss: 0.7566 | Correct: 95/128 | Elapsed Time: 25.16s
2026-01-19 23:26:21,807 | INFO | Batch 370 | Loss: 0.9325 | Correct: 94/128 | Elapsed Time: 25.23s
2026-01-19 23:26:46,907 | INFO | Batch 380 | Loss: 0.7393 | Correct: 99/128 | Elapsed Time: 25.10s
2026-01-19 23:27:12,017 | INFO | Batch 390 | Loss: 0.8859 | Correct: 90/128 | Elapsed Time: 25.11s
2026-01-19 23:27:13,735 | INFO | Epoch [10/100] - Loss: 0.8540 | Correct: 34886/50000 (69.77%, 981.73s)
2026-01-19 23:28:29,574 | INFO | Validation - Loss: 0.8500 | Correct: 6979/10000 (69.79%) (75.84s)
2026-01-19 23:28:29,740 | INFO | New best model saved at epoch 10 with Top1 Acc: 69.79%
2026-01-19 23:28:54,898 | INFO | Batch 10 | Loss: 0.7787 | Correct: 86/128 | Elapsed Time: 25.16s
2026-01-19 23:29:20,008 | INFO | Batch 20 | Loss: 0.7867 | Correct: 101/128 | Elapsed Time: 25.11s
2026-01-19 23:29:45,113 | INFO | Batch 30 | Loss: 0.7963 | Correct: 92/128 | Elapsed Time: 25.10s
2026-01-19 23:30:10,311 | INFO | Batch 40 | Loss: 0.9516 | Correct: 84/128 | Elapsed Time: 25.20s
2026-01-19 23:30:35,466 | INFO | Batch 50 | Loss: 0.9328 | Correct: 88/128 | Elapsed Time: 25.15s
2026-01-19 23:31:00,659 | INFO | Batch 60 | Loss: 0.7831 | Correct: 91/128 | Elapsed Time: 25.19s
2026-01-19 23:31:25,847 | INFO | Batch 70 | Loss: 0.7963 | Correct: 93/128 | Elapsed Time: 25.19s
2026-01-19 23:31:50,966 | INFO | Batch 80 | Loss: 0.7527 | Correct: 93/128 | Elapsed Time: 25.12s
2026-01-19 23:32:16,102 | INFO | Batch 90 | Loss: 0.8159 | Correct: 87/128 | Elapsed Time: 25.14s
2026-01-19 23:32:41,269 | INFO | Batch 100 | Loss: 0.9005 | Correct: 86/128 | Elapsed Time: 25.17s
2026-01-19 23:33:06,545 | INFO | Batch 110 | Loss: 0.7963 | Correct: 90/128 | Elapsed Time: 25.28s
2026-01-19 23:33:31,670 | INFO | Batch 120 | Loss: 0.7857 | Correct: 92/128 | Elapsed Time: 25.12s
2026-01-19 23:33:56,803 | INFO | Batch 130 | Loss: 0.8282 | Correct: 95/128 | Elapsed Time: 25.13s
2026-01-19 23:34:21,927 | INFO | Batch 140 | Loss: 0.7758 | Correct: 91/128 | Elapsed Time: 25.12s
2026-01-19 23:34:47,062 | INFO | Batch 150 | Loss: 0.8265 | Correct: 89/128 | Elapsed Time: 25.14s
2026-01-19 23:35:12,201 | INFO | Batch 160 | Loss: 0.8213 | Correct: 87/128 | Elapsed Time: 25.14s
2026-01-19 23:35:37,479 | INFO | Batch 170 | Loss: 0.7264 | Correct: 97/128 | Elapsed Time: 25.28s
2026-01-19 23:36:02,627 | INFO | Batch 180 | Loss: 0.8232 | Correct: 95/128 | Elapsed Time: 25.15s
2026-01-19 23:36:27,729 | INFO | Batch 190 | Loss: 0.9374 | Correct: 85/128 | Elapsed Time: 25.10s
2026-01-19 23:36:52,804 | INFO | Batch 200 | Loss: 0.6790 | Correct: 90/128 | Elapsed Time: 25.08s
2026-01-19 23:37:17,892 | INFO | Batch 210 | Loss: 0.7655 | Correct: 98/128 | Elapsed Time: 25.09s
2026-01-19 23:37:43,034 | INFO | Batch 220 | Loss: 0.8752 | Correct: 91/128 | Elapsed Time: 25.14s
2026-01-19 23:38:08,181 | INFO | Batch 230 | Loss: 0.7106 | Correct: 99/128 | Elapsed Time: 25.15s
2026-01-19 23:38:33,458 | INFO | Batch 240 | Loss: 0.8084 | Correct: 91/128 | Elapsed Time: 25.28s
2026-01-19 23:38:58,652 | INFO | Batch 250 | Loss: 0.7119 | Correct: 97/128 | Elapsed Time: 25.19s
2026-01-19 23:39:23,880 | INFO | Batch 260 | Loss: 0.7794 | Correct: 92/128 | Elapsed Time: 25.23s
2026-01-19 23:39:49,006 | INFO | Batch 270 | Loss: 0.7911 | Correct: 91/128 | Elapsed Time: 25.13s
2026-01-19 23:40:14,072 | INFO | Batch 280 | Loss: 0.7642 | Correct: 95/128 | Elapsed Time: 25.07s
2026-01-19 23:40:39,224 | INFO | Batch 290 | Loss: 0.6908 | Correct: 99/128 | Elapsed Time: 25.15s
2026-01-19 23:41:04,436 | INFO | Batch 300 | Loss: 0.7547 | Correct: 90/128 | Elapsed Time: 25.21s
2026-01-19 23:41:29,515 | INFO | Batch 310 | Loss: 0.9002 | Correct: 84/128 | Elapsed Time: 25.08s
2026-01-19 23:41:54,549 | INFO | Batch 320 | Loss: 0.8558 | Correct: 90/128 | Elapsed Time: 25.03s
2026-01-19 23:42:19,553 | INFO | Batch 330 | Loss: 0.8084 | Correct: 90/128 | Elapsed Time: 25.00s
2026-01-19 23:42:44,613 | INFO | Batch 340 | Loss: 0.8314 | Correct: 88/128 | Elapsed Time: 25.06s
2026-01-19 23:43:09,700 | INFO | Batch 350 | Loss: 0.8182 | Correct: 91/128 | Elapsed Time: 25.09s
2026-01-19 23:43:34,785 | INFO | Batch 360 | Loss: 0.7777 | Correct: 94/128 | Elapsed Time: 25.08s
2026-01-19 23:43:59,991 | INFO | Batch 370 | Loss: 0.6372 | Correct: 99/128 | Elapsed Time: 25.21s
2026-01-19 23:44:25,035 | INFO | Batch 380 | Loss: 0.8750 | Correct: 88/128 | Elapsed Time: 25.04s
2026-01-19 23:44:50,111 | INFO | Batch 390 | Loss: 0.6814 | Correct: 98/128 | Elapsed Time: 25.08s
2026-01-19 23:44:51,802 | INFO | Epoch [11/100] - Loss: 0.8109 | Correct: 35751/50000 (71.50%, 982.06s)
2026-01-19 23:46:07,719 | INFO | Validation - Loss: 0.7683 | Correct: 7282/10000 (72.82%) (75.92s)
2026-01-19 23:46:07,881 | INFO | New best model saved at epoch 11 with Top1 Acc: 72.82%
2026-01-19 23:46:32,988 | INFO | Batch 10 | Loss: 0.6832 | Correct: 95/128 | Elapsed Time: 25.11s
2026-01-19 23:46:58,057 | INFO | Batch 20 | Loss: 0.7577 | Correct: 93/128 | Elapsed Time: 25.07s
2026-01-19 23:47:23,145 | INFO | Batch 30 | Loss: 0.7699 | Correct: 95/128 | Elapsed Time: 25.09s
2026-01-19 23:47:48,385 | INFO | Batch 40 | Loss: 0.7298 | Correct: 94/128 | Elapsed Time: 25.24s
2026-01-19 23:48:13,520 | INFO | Batch 50 | Loss: 0.6253 | Correct: 97/128 | Elapsed Time: 25.13s
2026-01-19 23:48:38,684 | INFO | Batch 60 | Loss: 0.5469 | Correct: 103/128 | Elapsed Time: 25.16s
2026-01-19 23:49:03,845 | INFO | Batch 70 | Loss: 1.0269 | Correct: 82/128 | Elapsed Time: 25.16s
2026-01-19 23:49:28,979 | INFO | Batch 80 | Loss: 0.6688 | Correct: 95/128 | Elapsed Time: 25.13s
2026-01-19 23:49:54,116 | INFO | Batch 90 | Loss: 0.7848 | Correct: 93/128 | Elapsed Time: 25.14s
2026-01-19 23:50:19,306 | INFO | Batch 100 | Loss: 0.8232 | Correct: 90/128 | Elapsed Time: 25.19s
2026-01-19 23:50:44,414 | INFO | Batch 110 | Loss: 0.7815 | Correct: 88/128 | Elapsed Time: 25.11s
2026-01-19 23:51:09,537 | INFO | Batch 120 | Loss: 0.8838 | Correct: 88/128 | Elapsed Time: 25.12s
2026-01-19 23:51:34,703 | INFO | Batch 130 | Loss: 0.8204 | Correct: 90/128 | Elapsed Time: 25.17s
2026-01-19 23:51:59,838 | INFO | Batch 140 | Loss: 0.7645 | Correct: 97/128 | Elapsed Time: 25.13s
2026-01-19 23:52:25,019 | INFO | Batch 150 | Loss: 0.8385 | Correct: 90/128 | Elapsed Time: 25.18s
2026-01-19 23:52:50,125 | INFO | Batch 160 | Loss: 0.8371 | Correct: 95/128 | Elapsed Time: 25.11s
2026-01-19 23:53:15,363 | INFO | Batch 170 | Loss: 0.7879 | Correct: 93/128 | Elapsed Time: 25.24s
2026-01-19 23:53:40,499 | INFO | Batch 180 | Loss: 0.7987 | Correct: 95/128 | Elapsed Time: 25.14s
2026-01-19 23:54:05,610 | INFO | Batch 190 | Loss: 0.8317 | Correct: 86/128 | Elapsed Time: 25.11s
2026-01-19 23:54:30,707 | INFO | Batch 200 | Loss: 0.8542 | Correct: 92/128 | Elapsed Time: 25.10s
2026-01-19 23:54:55,862 | INFO | Batch 210 | Loss: 0.8340 | Correct: 84/128 | Elapsed Time: 25.15s
2026-01-19 23:55:21,004 | INFO | Batch 220 | Loss: 0.8823 | Correct: 90/128 | Elapsed Time: 25.14s
2026-01-19 23:55:46,104 | INFO | Batch 230 | Loss: 0.6904 | Correct: 93/128 | Elapsed Time: 25.10s
2026-01-19 23:56:11,339 | INFO | Batch 240 | Loss: 0.8017 | Correct: 87/128 | Elapsed Time: 25.23s
2026-01-19 23:56:36,463 | INFO | Batch 250 | Loss: 0.8814 | Correct: 87/128 | Elapsed Time: 25.12s
2026-01-19 23:57:01,560 | INFO | Batch 260 | Loss: 0.7387 | Correct: 91/128 | Elapsed Time: 25.10s
2026-01-19 23:57:26,686 | INFO | Batch 270 | Loss: 0.6939 | Correct: 99/128 | Elapsed Time: 25.13s
2026-01-19 23:57:51,790 | INFO | Batch 280 | Loss: 0.6887 | Correct: 95/128 | Elapsed Time: 25.10s
2026-01-19 23:58:16,828 | INFO | Batch 290 | Loss: 0.7702 | Correct: 91/128 | Elapsed Time: 25.04s
2026-01-19 23:58:42,000 | INFO | Batch 300 | Loss: 0.6106 | Correct: 100/128 | Elapsed Time: 25.17s
2026-01-19 23:59:07,056 | INFO | Batch 310 | Loss: 0.8262 | Correct: 87/128 | Elapsed Time: 25.06s
2026-01-19 23:59:32,124 | INFO | Batch 320 | Loss: 0.7933 | Correct: 93/128 | Elapsed Time: 25.07s
2026-01-19 23:59:57,202 | INFO | Batch 330 | Loss: 0.8892 | Correct: 79/128 | Elapsed Time: 25.08s
2026-01-20 00:00:22,275 | INFO | Batch 340 | Loss: 0.7654 | Correct: 92/128 | Elapsed Time: 25.07s
2026-01-20 00:00:47,393 | INFO | Batch 350 | Loss: 0.7496 | Correct: 96/128 | Elapsed Time: 25.12s
2026-01-20 00:01:12,540 | INFO | Batch 360 | Loss: 0.7105 | Correct: 95/128 | Elapsed Time: 25.15s
2026-01-20 00:01:37,761 | INFO | Batch 370 | Loss: 0.6797 | Correct: 101/128 | Elapsed Time: 25.22s
2026-01-20 00:02:02,901 | INFO | Batch 380 | Loss: 0.7881 | Correct: 90/128 | Elapsed Time: 25.14s
2026-01-20 00:02:28,073 | INFO | Batch 390 | Loss: 0.8293 | Correct: 90/128 | Elapsed Time: 25.17s
2026-01-20 00:02:29,773 | INFO | Epoch [12/100] - Loss: 0.7717 | Correct: 36346/50000 (72.69%, 981.89s)
2026-01-20 00:03:45,610 | INFO | Validation - Loss: 0.7646 | Correct: 7363/10000 (73.63%) (75.84s)
2026-01-20 00:03:45,782 | INFO | New best model saved at epoch 12 with Top1 Acc: 73.63%
2026-01-20 00:04:10,935 | INFO | Batch 10 | Loss: 0.7810 | Correct: 93/128 | Elapsed Time: 25.15s
2026-01-20 00:04:36,069 | INFO | Batch 20 | Loss: 0.7301 | Correct: 95/128 | Elapsed Time: 25.13s
2026-01-20 00:05:01,209 | INFO | Batch 30 | Loss: 0.6272 | Correct: 102/128 | Elapsed Time: 25.14s
2026-01-20 00:05:26,496 | INFO | Batch 40 | Loss: 0.7663 | Correct: 92/128 | Elapsed Time: 25.29s
2026-01-20 00:05:51,709 | INFO | Batch 50 | Loss: 0.7058 | Correct: 98/128 | Elapsed Time: 25.21s
2026-01-20 00:06:16,817 | INFO | Batch 60 | Loss: 0.9142 | Correct: 87/128 | Elapsed Time: 25.11s
2026-01-20 00:06:41,934 | INFO | Batch 70 | Loss: 0.8755 | Correct: 93/128 | Elapsed Time: 25.12s
2026-01-20 00:07:07,032 | INFO | Batch 80 | Loss: 0.6580 | Correct: 90/128 | Elapsed Time: 25.10s
2026-01-20 00:07:32,108 | INFO | Batch 90 | Loss: 0.6473 | Correct: 95/128 | Elapsed Time: 25.08s
2026-01-20 00:07:57,196 | INFO | Batch 100 | Loss: 0.6296 | Correct: 98/128 | Elapsed Time: 25.09s
2026-01-20 00:08:22,401 | INFO | Batch 110 | Loss: 0.7494 | Correct: 91/128 | Elapsed Time: 25.21s
2026-01-20 00:08:47,544 | INFO | Batch 120 | Loss: 0.6339 | Correct: 96/128 | Elapsed Time: 25.14s
2026-01-20 00:09:12,726 | INFO | Batch 130 | Loss: 0.6102 | Correct: 96/128 | Elapsed Time: 25.18s
2026-01-20 00:09:37,878 | INFO | Batch 140 | Loss: 0.7047 | Correct: 99/128 | Elapsed Time: 25.15s
2026-01-20 00:10:02,986 | INFO | Batch 150 | Loss: 0.7701 | Correct: 94/128 | Elapsed Time: 25.11s
2026-01-20 00:10:28,090 | INFO | Batch 160 | Loss: 0.7752 | Correct: 98/128 | Elapsed Time: 25.10s
2026-01-20 00:10:53,335 | INFO | Batch 170 | Loss: 0.7756 | Correct: 94/128 | Elapsed Time: 25.24s
2026-01-20 00:11:18,547 | INFO | Batch 180 | Loss: 0.7795 | Correct: 95/128 | Elapsed Time: 25.21s
2026-01-20 00:11:43,760 | INFO | Batch 190 | Loss: 0.9178 | Correct: 92/128 | Elapsed Time: 25.21s
2026-01-20 00:12:08,900 | INFO | Batch 200 | Loss: 0.8657 | Correct: 89/128 | Elapsed Time: 25.14s
2026-01-20 00:12:34,023 | INFO | Batch 210 | Loss: 0.6956 | Correct: 97/128 | Elapsed Time: 25.12s
2026-01-20 00:12:59,192 | INFO | Batch 220 | Loss: 0.7141 | Correct: 93/128 | Elapsed Time: 25.17s
2026-01-20 00:13:24,344 | INFO | Batch 230 | Loss: 0.5534 | Correct: 105/128 | Elapsed Time: 25.15s
2026-01-20 00:13:49,515 | INFO | Batch 240 | Loss: 0.8113 | Correct: 91/128 | Elapsed Time: 25.17s
2026-01-20 00:14:14,674 | INFO | Batch 250 | Loss: 0.9077 | Correct: 92/128 | Elapsed Time: 25.16s
2026-01-20 00:14:39,844 | INFO | Batch 260 | Loss: 0.6925 | Correct: 100/128 | Elapsed Time: 25.17s
2026-01-20 00:15:04,908 | INFO | Batch 270 | Loss: 0.6918 | Correct: 101/128 | Elapsed Time: 25.06s
2026-01-20 00:15:30,019 | INFO | Batch 280 | Loss: 0.6714 | Correct: 97/128 | Elapsed Time: 25.11s
2026-01-20 00:15:55,163 | INFO | Batch 290 | Loss: 0.7045 | Correct: 95/128 | Elapsed Time: 25.14s
2026-01-20 00:16:20,241 | INFO | Batch 300 | Loss: 0.7237 | Correct: 96/128 | Elapsed Time: 25.08s
2026-01-20 00:16:45,425 | INFO | Batch 310 | Loss: 0.6578 | Correct: 101/128 | Elapsed Time: 25.18s
2026-01-20 00:17:10,537 | INFO | Batch 320 | Loss: 0.6409 | Correct: 102/128 | Elapsed Time: 25.11s
2026-01-20 00:17:35,623 | INFO | Batch 330 | Loss: 0.6831 | Correct: 97/128 | Elapsed Time: 25.09s
2026-01-20 00:18:00,766 | INFO | Batch 340 | Loss: 0.7020 | Correct: 98/128 | Elapsed Time: 25.14s
2026-01-20 00:18:25,952 | INFO | Batch 350 | Loss: 0.6621 | Correct: 101/128 | Elapsed Time: 25.19s
2026-01-20 00:18:51,106 | INFO | Batch 360 | Loss: 0.8635 | Correct: 86/128 | Elapsed Time: 25.15s
2026-01-20 00:19:16,483 | INFO | Batch 370 | Loss: 0.6055 | Correct: 100/128 | Elapsed Time: 25.38s
2026-01-20 00:19:41,622 | INFO | Batch 380 | Loss: 0.9837 | Correct: 85/128 | Elapsed Time: 25.14s
2026-01-20 00:20:06,739 | INFO | Batch 390 | Loss: 0.8675 | Correct: 88/128 | Elapsed Time: 25.12s
2026-01-20 00:20:08,434 | INFO | Epoch [13/100] - Loss: 0.7397 | Correct: 37016/50000 (74.03%, 982.65s)
2026-01-20 00:21:24,080 | INFO | Validation - Loss: 0.8308 | Correct: 7119/10000 (71.19%) (75.64s)
2026-01-20 00:21:49,209 | INFO | Batch 10 | Loss: 0.9167 | Correct: 87/128 | Elapsed Time: 25.13s
2026-01-20 00:22:14,331 | INFO | Batch 20 | Loss: 0.6586 | Correct: 98/128 | Elapsed Time: 25.12s
2026-01-20 00:22:39,440 | INFO | Batch 30 | Loss: 0.8502 | Correct: 92/128 | Elapsed Time: 25.11s
2026-01-20 00:23:04,598 | INFO | Batch 40 | Loss: 0.6373 | Correct: 101/128 | Elapsed Time: 25.16s
2026-01-20 00:23:29,647 | INFO | Batch 50 | Loss: 0.6901 | Correct: 91/128 | Elapsed Time: 25.05s
2026-01-20 00:23:54,704 | INFO | Batch 60 | Loss: 0.8919 | Correct: 91/128 | Elapsed Time: 25.06s
2026-01-20 00:24:19,800 | INFO | Batch 70 | Loss: 0.6351 | Correct: 98/128 | Elapsed Time: 25.10s
2026-01-20 00:24:44,866 | INFO | Batch 80 | Loss: 0.7494 | Correct: 93/128 | Elapsed Time: 25.07s
2026-01-20 00:25:09,922 | INFO | Batch 90 | Loss: 0.7580 | Correct: 96/128 | Elapsed Time: 25.06s
2026-01-20 00:25:34,985 | INFO | Batch 100 | Loss: 0.7057 | Correct: 99/128 | Elapsed Time: 25.06s
2026-01-20 00:26:00,157 | INFO | Batch 110 | Loss: 0.6262 | Correct: 94/128 | Elapsed Time: 25.17s
2026-01-20 00:26:25,237 | INFO | Batch 120 | Loss: 0.5441 | Correct: 104/128 | Elapsed Time: 25.08s
2026-01-20 00:26:50,264 | INFO | Batch 130 | Loss: 0.7367 | Correct: 97/128 | Elapsed Time: 25.03s
2026-01-20 00:27:15,312 | INFO | Batch 140 | Loss: 0.6793 | Correct: 96/128 | Elapsed Time: 25.05s
2026-01-20 00:27:40,381 | INFO | Batch 150 | Loss: 0.7835 | Correct: 95/128 | Elapsed Time: 25.07s
2026-01-20 00:28:05,484 | INFO | Batch 160 | Loss: 0.6007 | Correct: 97/128 | Elapsed Time: 25.10s
2026-01-20 00:28:30,798 | INFO | Batch 170 | Loss: 0.6643 | Correct: 93/128 | Elapsed Time: 25.31s
2026-01-20 00:28:56,002 | INFO | Batch 180 | Loss: 0.6666 | Correct: 97/128 | Elapsed Time: 25.20s
2026-01-20 00:29:21,283 | INFO | Batch 190 | Loss: 0.8006 | Correct: 93/128 | Elapsed Time: 25.28s
2026-01-20 00:29:46,576 | INFO | Batch 200 | Loss: 0.5887 | Correct: 97/128 | Elapsed Time: 25.29s
2026-01-20 00:30:11,786 | INFO | Batch 210 | Loss: 0.6893 | Correct: 101/128 | Elapsed Time: 25.21s
2026-01-20 00:30:36,994 | INFO | Batch 220 | Loss: 0.6871 | Correct: 98/128 | Elapsed Time: 25.21s
2026-01-20 00:31:02,122 | INFO | Batch 230 | Loss: 0.7868 | Correct: 94/128 | Elapsed Time: 25.13s
2026-01-20 00:31:27,304 | INFO | Batch 240 | Loss: 0.7620 | Correct: 96/128 | Elapsed Time: 25.18s
2026-01-20 00:31:52,429 | INFO | Batch 250 | Loss: 0.5138 | Correct: 109/128 | Elapsed Time: 25.12s
2026-01-20 00:32:17,543 | INFO | Batch 260 | Loss: 0.5880 | Correct: 104/128 | Elapsed Time: 25.11s
2026-01-20 00:32:42,611 | INFO | Batch 270 | Loss: 0.7176 | Correct: 91/128 | Elapsed Time: 25.07s
2026-01-20 00:33:07,686 | INFO | Batch 280 | Loss: 0.7641 | Correct: 100/128 | Elapsed Time: 25.08s
2026-01-20 00:33:32,789 | INFO | Batch 290 | Loss: 0.6389 | Correct: 96/128 | Elapsed Time: 25.10s
2026-01-20 00:33:57,970 | INFO | Batch 300 | Loss: 0.6235 | Correct: 92/128 | Elapsed Time: 25.18s
2026-01-20 00:34:23,042 | INFO | Batch 310 | Loss: 0.8330 | Correct: 90/128 | Elapsed Time: 25.07s
2026-01-20 00:34:48,152 | INFO | Batch 320 | Loss: 0.6907 | Correct: 95/128 | Elapsed Time: 25.11s
2026-01-20 00:35:13,252 | INFO | Batch 330 | Loss: 0.6044 | Correct: 98/128 | Elapsed Time: 25.10s
2026-01-20 00:35:38,319 | INFO | Batch 340 | Loss: 0.7991 | Correct: 95/128 | Elapsed Time: 25.07s
2026-01-20 00:36:03,439 | INFO | Batch 350 | Loss: 0.6945 | Correct: 100/128 | Elapsed Time: 25.12s
2026-01-20 00:36:28,564 | INFO | Batch 360 | Loss: 0.8154 | Correct: 93/128 | Elapsed Time: 25.12s
2026-01-20 00:36:53,810 | INFO | Batch 370 | Loss: 0.6882 | Correct: 94/128 | Elapsed Time: 25.25s
2026-01-20 00:37:18,951 | INFO | Batch 380 | Loss: 0.6513 | Correct: 103/128 | Elapsed Time: 25.14s
2026-01-20 00:37:44,101 | INFO | Batch 390 | Loss: 0.6300 | Correct: 98/128 | Elapsed Time: 25.15s
2026-01-20 00:37:45,800 | INFO | Epoch [14/100] - Loss: 0.7100 | Correct: 37463/50000 (74.93%, 981.72s)
2026-01-20 00:39:01,480 | INFO | Validation - Loss: 0.6986 | Correct: 7595/10000 (75.95%) (75.68s)
2026-01-20 00:39:01,603 | INFO | New best model saved at epoch 14 with Top1 Acc: 75.95%
2026-01-20 00:39:26,773 | INFO | Batch 10 | Loss: 0.7716 | Correct: 95/128 | Elapsed Time: 25.17s
2026-01-20 00:39:51,875 | INFO | Batch 20 | Loss: 0.5779 | Correct: 103/128 | Elapsed Time: 25.10s
2026-01-20 00:40:16,925 | INFO | Batch 30 | Loss: 0.6667 | Correct: 97/128 | Elapsed Time: 25.05s
2026-01-20 00:40:42,158 | INFO | Batch 40 | Loss: 0.6621 | Correct: 96/128 | Elapsed Time: 25.23s
2026-01-20 00:41:07,318 | INFO | Batch 50 | Loss: 0.8236 | Correct: 91/128 | Elapsed Time: 25.16s
2026-01-20 00:41:32,460 | INFO | Batch 60 | Loss: 0.5540 | Correct: 103/128 | Elapsed Time: 25.14s
2026-01-20 00:41:57,659 | INFO | Batch 70 | Loss: 0.7073 | Correct: 97/128 | Elapsed Time: 25.20s
2026-01-20 00:42:22,833 | INFO | Batch 80 | Loss: 0.6009 | Correct: 103/128 | Elapsed Time: 25.17s
2026-01-20 00:42:47,977 | INFO | Batch 90 | Loss: 0.6482 | Correct: 95/128 | Elapsed Time: 25.14s
2026-01-20 00:43:13,219 | INFO | Batch 100 | Loss: 0.6225 | Correct: 103/128 | Elapsed Time: 25.24s
2026-01-20 00:43:38,384 | INFO | Batch 110 | Loss: 0.6818 | Correct: 103/128 | Elapsed Time: 25.17s
2026-01-20 00:44:03,583 | INFO | Batch 120 | Loss: 0.7408 | Correct: 96/128 | Elapsed Time: 25.20s
2026-01-20 00:44:28,837 | INFO | Batch 130 | Loss: 0.6300 | Correct: 99/128 | Elapsed Time: 25.25s
2026-01-20 00:44:54,105 | INFO | Batch 140 | Loss: 0.8302 | Correct: 95/128 | Elapsed Time: 25.27s
2026-01-20 00:45:19,277 | INFO | Batch 150 | Loss: 0.6835 | Correct: 100/128 | Elapsed Time: 25.17s
2026-01-20 00:45:44,426 | INFO | Batch 160 | Loss: 0.7817 | Correct: 91/128 | Elapsed Time: 25.15s
2026-01-20 00:46:09,666 | INFO | Batch 170 | Loss: 0.5488 | Correct: 106/128 | Elapsed Time: 25.24s
2026-01-20 00:46:34,810 | INFO | Batch 180 | Loss: 0.4803 | Correct: 110/128 | Elapsed Time: 25.14s
2026-01-20 00:46:59,916 | INFO | Batch 190 | Loss: 0.7773 | Correct: 95/128 | Elapsed Time: 25.11s
2026-01-20 00:47:25,006 | INFO | Batch 200 | Loss: 0.6649 | Correct: 95/128 | Elapsed Time: 25.09s
2026-01-20 00:47:50,055 | INFO | Batch 210 | Loss: 0.6368 | Correct: 101/128 | Elapsed Time: 25.05s
2026-01-20 00:48:15,134 | INFO | Batch 220 | Loss: 0.7481 | Correct: 94/128 | Elapsed Time: 25.08s
2026-01-20 00:48:40,231 | INFO | Batch 230 | Loss: 0.8787 | Correct: 96/128 | Elapsed Time: 25.10s
2026-01-20 00:49:05,505 | INFO | Batch 240 | Loss: 0.5969 | Correct: 98/128 | Elapsed Time: 25.27s
2026-01-20 00:49:30,667 | INFO | Batch 250 | Loss: 0.6059 | Correct: 100/128 | Elapsed Time: 25.16s
2026-01-20 00:49:55,798 | INFO | Batch 260 | Loss: 0.6720 | Correct: 96/128 | Elapsed Time: 25.13s
2026-01-20 00:50:20,900 | INFO | Batch 270 | Loss: 0.6023 | Correct: 102/128 | Elapsed Time: 25.10s
2026-01-20 00:50:46,002 | INFO | Batch 280 | Loss: 0.7624 | Correct: 96/128 | Elapsed Time: 25.10s
2026-01-20 00:51:11,175 | INFO | Batch 290 | Loss: 0.7628 | Correct: 94/128 | Elapsed Time: 25.17s
2026-01-20 00:51:36,448 | INFO | Batch 300 | Loss: 0.7968 | Correct: 90/128 | Elapsed Time: 25.27s
2026-01-20 00:52:01,560 | INFO | Batch 310 | Loss: 0.8373 | Correct: 95/128 | Elapsed Time: 25.11s
2026-01-20 00:52:26,679 | INFO | Batch 320 | Loss: 0.7007 | Correct: 99/128 | Elapsed Time: 25.12s
2026-01-20 00:52:51,754 | INFO | Batch 330 | Loss: 0.5481 | Correct: 104/128 | Elapsed Time: 25.07s
2026-01-20 00:53:16,839 | INFO | Batch 340 | Loss: 0.7438 | Correct: 94/128 | Elapsed Time: 25.09s
2026-01-20 00:53:41,932 | INFO | Batch 350 | Loss: 0.7722 | Correct: 102/128 | Elapsed Time: 25.09s
2026-01-20 00:54:07,026 | INFO | Batch 360 | Loss: 0.5053 | Correct: 103/128 | Elapsed Time: 25.09s
2026-01-20 00:54:32,163 | INFO | Batch 370 | Loss: 0.4872 | Correct: 107/128 | Elapsed Time: 25.14s
2026-01-20 00:54:57,244 | INFO | Batch 380 | Loss: 0.7388 | Correct: 95/128 | Elapsed Time: 25.08s
2026-01-20 00:55:22,381 | INFO | Batch 390 | Loss: 0.5900 | Correct: 98/128 | Elapsed Time: 25.14s
2026-01-20 00:55:24,107 | INFO | Epoch [15/100] - Loss: 0.6794 | Correct: 38130/50000 (76.26%, 982.50s)
2026-01-20 00:56:39,980 | INFO | Validation - Loss: 0.7533 | Correct: 7424/10000 (74.24%) (75.87s)
2026-01-20 00:57:05,071 | INFO | Batch 10 | Loss: 0.4754 | Correct: 104/128 | Elapsed Time: 25.09s
2026-01-20 00:57:30,236 | INFO | Batch 20 | Loss: 0.6304 | Correct: 100/128 | Elapsed Time: 25.17s
2026-01-20 00:57:55,458 | INFO | Batch 30 | Loss: 0.7774 | Correct: 93/128 | Elapsed Time: 25.22s
2026-01-20 00:58:20,789 | INFO | Batch 40 | Loss: 0.6483 | Correct: 100/128 | Elapsed Time: 25.33s
2026-01-20 00:58:45,944 | INFO | Batch 50 | Loss: 0.6876 | Correct: 98/128 | Elapsed Time: 25.16s
2026-01-20 00:59:11,087 | INFO | Batch 60 | Loss: 0.7499 | Correct: 92/128 | Elapsed Time: 25.14s
2026-01-20 00:59:36,342 | INFO | Batch 70 | Loss: 0.6631 | Correct: 93/128 | Elapsed Time: 25.26s
2026-01-20 01:00:01,552 | INFO | Batch 80 | Loss: 0.6533 | Correct: 97/128 | Elapsed Time: 25.21s
2026-01-20 01:00:26,667 | INFO | Batch 90 | Loss: 0.7140 | Correct: 99/128 | Elapsed Time: 25.12s
2026-01-20 01:00:51,812 | INFO | Batch 100 | Loss: 0.6894 | Correct: 100/128 | Elapsed Time: 25.15s
2026-01-20 01:01:17,010 | INFO | Batch 110 | Loss: 0.5681 | Correct: 98/128 | Elapsed Time: 25.20s
2026-01-20 01:01:42,105 | INFO | Batch 120 | Loss: 0.6295 | Correct: 102/128 | Elapsed Time: 25.10s
2026-01-20 01:02:07,208 | INFO | Batch 130 | Loss: 0.6202 | Correct: 104/128 | Elapsed Time: 25.10s
2026-01-20 01:02:32,278 | INFO | Batch 140 | Loss: 0.6668 | Correct: 94/128 | Elapsed Time: 25.07s
2026-01-20 01:02:57,333 | INFO | Batch 150 | Loss: 0.6944 | Correct: 98/128 | Elapsed Time: 25.06s
2026-01-20 01:03:22,424 | INFO | Batch 160 | Loss: 0.7593 | Correct: 94/128 | Elapsed Time: 25.09s
2026-01-20 01:03:47,529 | INFO | Batch 170 | Loss: 0.5625 | Correct: 105/128 | Elapsed Time: 25.11s
2026-01-20 01:04:12,724 | INFO | Batch 180 | Loss: 0.5058 | Correct: 110/128 | Elapsed Time: 25.19s
2026-01-20 01:04:37,846 | INFO | Batch 190 | Loss: 0.5642 | Correct: 104/128 | Elapsed Time: 25.12s
2026-01-20 01:05:03,039 | INFO | Batch 200 | Loss: 0.6290 | Correct: 94/128 | Elapsed Time: 25.19s
2026-01-20 01:05:28,220 | INFO | Batch 210 | Loss: 0.8772 | Correct: 88/128 | Elapsed Time: 25.18s
2026-01-20 01:05:53,336 | INFO | Batch 220 | Loss: 0.5539 | Correct: 103/128 | Elapsed Time: 25.12s
2026-01-20 01:06:18,497 | INFO | Batch 230 | Loss: 0.7787 | Correct: 93/128 | Elapsed Time: 25.16s
2026-01-20 01:06:43,759 | INFO | Batch 240 | Loss: 0.7054 | Correct: 94/128 | Elapsed Time: 25.26s
2026-01-20 01:07:08,857 | INFO | Batch 250 | Loss: 0.8258 | Correct: 96/128 | Elapsed Time: 25.10s
2026-01-20 01:07:33,969 | INFO | Batch 260 | Loss: 0.6771 | Correct: 103/128 | Elapsed Time: 25.11s
2026-01-20 01:07:59,180 | INFO | Batch 270 | Loss: 0.7553 | Correct: 93/128 | Elapsed Time: 25.21s
2026-01-20 01:08:24,350 | INFO | Batch 280 | Loss: 0.6412 | Correct: 97/128 | Elapsed Time: 25.17s
2026-01-20 01:08:49,440 | INFO | Batch 290 | Loss: 0.7066 | Correct: 98/128 | Elapsed Time: 25.09s
2026-01-20 01:09:14,574 | INFO | Batch 300 | Loss: 0.6878 | Correct: 95/128 | Elapsed Time: 25.13s
2026-01-20 01:09:39,851 | INFO | Batch 310 | Loss: 0.6831 | Correct: 97/128 | Elapsed Time: 25.28s
2026-01-20 01:10:04,996 | INFO | Batch 320 | Loss: 0.7242 | Correct: 94/128 | Elapsed Time: 25.14s
2026-01-20 01:10:30,125 | INFO | Batch 330 | Loss: 0.7206 | Correct: 100/128 | Elapsed Time: 25.13s
2026-01-20 01:10:55,262 | INFO | Batch 340 | Loss: 0.6345 | Correct: 100/128 | Elapsed Time: 25.14s
2026-01-20 01:11:20,354 | INFO | Batch 350 | Loss: 0.8445 | Correct: 90/128 | Elapsed Time: 25.09s
2026-01-20 01:11:45,443 | INFO | Batch 360 | Loss: 0.7197 | Correct: 88/128 | Elapsed Time: 25.09s
2026-01-20 01:12:10,583 | INFO | Batch 370 | Loss: 0.6763 | Correct: 95/128 | Elapsed Time: 25.14s
2026-01-20 01:12:35,651 | INFO | Batch 380 | Loss: 0.5722 | Correct: 96/128 | Elapsed Time: 25.07s
2026-01-20 01:13:00,764 | INFO | Batch 390 | Loss: 0.5369 | Correct: 102/128 | Elapsed Time: 25.11s
2026-01-20 01:13:02,461 | INFO | Epoch [16/100] - Loss: 0.6515 | Correct: 38566/50000 (77.13%, 982.48s)
2026-01-20 01:14:18,169 | INFO | Validation - Loss: 0.7330 | Correct: 7505/10000 (75.05%) (75.71s)
2026-01-20 01:14:43,293 | INFO | Batch 10 | Loss: 0.6197 | Correct: 104/128 | Elapsed Time: 25.12s
2026-01-20 01:15:08,402 | INFO | Batch 20 | Loss: 0.5335 | Correct: 104/128 | Elapsed Time: 25.11s
2026-01-20 01:15:33,537 | INFO | Batch 30 | Loss: 0.5859 | Correct: 101/128 | Elapsed Time: 25.14s
2026-01-20 01:15:58,795 | INFO | Batch 40 | Loss: 0.7280 | Correct: 91/128 | Elapsed Time: 25.26s
2026-01-20 01:16:23,951 | INFO | Batch 50 | Loss: 0.7341 | Correct: 96/128 | Elapsed Time: 25.16s
2026-01-20 01:16:49,041 | INFO | Batch 60 | Loss: 0.6571 | Correct: 100/128 | Elapsed Time: 25.09s
2026-01-20 01:17:14,206 | INFO | Batch 70 | Loss: 0.4238 | Correct: 111/128 | Elapsed Time: 25.17s
2026-01-20 01:17:39,333 | INFO | Batch 80 | Loss: 0.6747 | Correct: 93/128 | Elapsed Time: 25.13s
2026-01-20 01:18:04,457 | INFO | Batch 90 | Loss: 0.6618 | Correct: 102/128 | Elapsed Time: 25.12s
2026-01-20 01:18:29,674 | INFO | Batch 100 | Loss: 0.7405 | Correct: 88/128 | Elapsed Time: 25.22s
2026-01-20 01:18:54,786 | INFO | Batch 110 | Loss: 0.6492 | Correct: 98/128 | Elapsed Time: 25.11s
2026-01-20 01:19:19,900 | INFO | Batch 120 | Loss: 0.8592 | Correct: 94/128 | Elapsed Time: 25.11s
2026-01-20 01:19:45,014 | INFO | Batch 130 | Loss: 0.7031 | Correct: 99/128 | Elapsed Time: 25.11s
2026-01-20 01:20:10,041 | INFO | Batch 140 | Loss: 0.6614 | Correct: 99/128 | Elapsed Time: 25.03s
2026-01-20 01:20:35,077 | INFO | Batch 150 | Loss: 0.4947 | Correct: 105/128 | Elapsed Time: 25.04s
2026-01-20 01:21:00,113 | INFO | Batch 160 | Loss: 0.7120 | Correct: 90/128 | Elapsed Time: 25.04s
2026-01-20 01:21:25,303 | INFO | Batch 170 | Loss: 0.7035 | Correct: 93/128 | Elapsed Time: 25.19s
2026-01-20 01:21:50,355 | INFO | Batch 180 | Loss: 0.6602 | Correct: 100/128 | Elapsed Time: 25.05s
2026-01-20 01:22:15,436 | INFO | Batch 190 | Loss: 0.5437 | Correct: 102/128 | Elapsed Time: 25.08s
2026-01-20 01:22:40,558 | INFO | Batch 200 | Loss: 0.6374 | Correct: 99/128 | Elapsed Time: 25.12s
2026-01-20 01:23:05,662 | INFO | Batch 210 | Loss: 0.5713 | Correct: 100/128 | Elapsed Time: 25.10s
2026-01-20 01:23:30,764 | INFO | Batch 220 | Loss: 0.6631 | Correct: 98/128 | Elapsed Time: 25.10s
2026-01-20 01:23:55,932 | INFO | Batch 230 | Loss: 0.6982 | Correct: 98/128 | Elapsed Time: 25.17s
2026-01-20 01:24:21,085 | INFO | Batch 240 | Loss: 0.5925 | Correct: 98/128 | Elapsed Time: 25.15s
2026-01-20 01:24:46,170 | INFO | Batch 250 | Loss: 0.6283 | Correct: 102/128 | Elapsed Time: 25.08s
2026-01-20 01:25:11,289 | INFO | Batch 260 | Loss: 0.8440 | Correct: 92/128 | Elapsed Time: 25.12s
2026-01-20 01:25:36,473 | INFO | Batch 270 | Loss: 0.5884 | Correct: 102/128 | Elapsed Time: 25.18s
2026-01-20 01:26:01,649 | INFO | Batch 280 | Loss: 0.7597 | Correct: 92/128 | Elapsed Time: 25.18s
2026-01-20 01:26:26,707 | INFO | Batch 290 | Loss: 0.6797 | Correct: 98/128 | Elapsed Time: 25.06s
2026-01-20 01:26:51,900 | INFO | Batch 300 | Loss: 0.5601 | Correct: 103/128 | Elapsed Time: 25.19s
2026-01-20 01:27:16,990 | INFO | Batch 310 | Loss: 0.5738 | Correct: 102/128 | Elapsed Time: 25.09s
2026-01-20 01:27:42,062 | INFO | Batch 320 | Loss: 0.5458 | Correct: 107/128 | Elapsed Time: 25.07s
2026-01-20 01:28:07,107 | INFO | Batch 330 | Loss: 0.6735 | Correct: 102/128 | Elapsed Time: 25.05s
2026-01-20 01:28:32,253 | INFO | Batch 340 | Loss: 0.8512 | Correct: 91/128 | Elapsed Time: 25.15s
2026-01-20 01:28:57,373 | INFO | Batch 350 | Loss: 0.6330 | Correct: 102/128 | Elapsed Time: 25.12s
2026-01-20 01:29:22,450 | INFO | Batch 360 | Loss: 0.6512 | Correct: 99/128 | Elapsed Time: 25.08s
2026-01-20 01:29:47,635 | INFO | Batch 370 | Loss: 0.5592 | Correct: 99/128 | Elapsed Time: 25.19s
2026-01-20 01:30:12,706 | INFO | Batch 380 | Loss: 0.6040 | Correct: 99/128 | Elapsed Time: 25.07s
2026-01-20 01:30:37,786 | INFO | Batch 390 | Loss: 0.5729 | Correct: 96/128 | Elapsed Time: 25.08s
2026-01-20 01:30:39,492 | INFO | Epoch [17/100] - Loss: 0.6366 | Correct: 38874/50000 (77.75%, 981.32s)
2026-01-20 01:31:55,083 | INFO | Validation - Loss: 0.7182 | Correct: 7514/10000 (75.14%) (75.59s)
2026-01-20 01:32:20,172 | INFO | Batch 10 | Loss: 0.6063 | Correct: 101/128 | Elapsed Time: 25.09s
2026-01-20 01:32:45,261 | INFO | Batch 20 | Loss: 0.7215 | Correct: 93/128 | Elapsed Time: 25.09s
2026-01-20 01:33:10,394 | INFO | Batch 30 | Loss: 0.7688 | Correct: 87/128 | Elapsed Time: 25.13s
2026-01-20 01:33:35,454 | INFO | Batch 40 | Loss: 0.5156 | Correct: 107/128 | Elapsed Time: 25.06s
2026-01-20 01:34:00,522 | INFO | Batch 50 | Loss: 0.5675 | Correct: 103/128 | Elapsed Time: 25.07s
2026-01-20 01:34:25,557 | INFO | Batch 60 | Loss: 0.7350 | Correct: 99/128 | Elapsed Time: 25.03s
2026-01-20 01:34:50,604 | INFO | Batch 70 | Loss: 0.6408 | Correct: 100/128 | Elapsed Time: 25.05s
2026-01-20 01:35:15,640 | INFO | Batch 80 | Loss: 0.6936 | Correct: 97/128 | Elapsed Time: 25.04s
2026-01-20 01:35:40,849 | INFO | Batch 90 | Loss: 0.5940 | Correct: 104/128 | Elapsed Time: 25.21s
2026-01-20 01:36:06,000 | INFO | Batch 100 | Loss: 0.6525 | Correct: 99/128 | Elapsed Time: 25.15s
2026-01-20 01:36:31,145 | INFO | Batch 110 | Loss: 0.5707 | Correct: 100/128 | Elapsed Time: 25.14s
2026-01-20 01:36:56,265 | INFO | Batch 120 | Loss: 0.6307 | Correct: 101/128 | Elapsed Time: 25.12s
2026-01-20 01:37:21,393 | INFO | Batch 130 | Loss: 0.4556 | Correct: 110/128 | Elapsed Time: 25.13s
2026-01-20 01:37:46,482 | INFO | Batch 140 | Loss: 0.6432 | Correct: 100/128 | Elapsed Time: 25.09s
2026-01-20 01:38:11,559 | INFO | Batch 150 | Loss: 0.6128 | Correct: 104/128 | Elapsed Time: 25.08s
2026-01-20 01:38:36,692 | INFO | Batch 160 | Loss: 0.6702 | Correct: 91/128 | Elapsed Time: 25.13s
2026-01-20 01:39:01,807 | INFO | Batch 170 | Loss: 0.5248 | Correct: 107/128 | Elapsed Time: 25.12s
2026-01-20 01:39:26,875 | INFO | Batch 180 | Loss: 0.6662 | Correct: 97/128 | Elapsed Time: 25.07s
2026-01-20 01:39:51,964 | INFO | Batch 190 | Loss: 0.5494 | Correct: 105/128 | Elapsed Time: 25.09s
2026-01-20 01:40:17,051 | INFO | Batch 200 | Loss: 0.8061 | Correct: 94/128 | Elapsed Time: 25.09s
2026-01-20 01:40:42,129 | INFO | Batch 210 | Loss: 0.6889 | Correct: 97/128 | Elapsed Time: 25.08s
2026-01-20 01:41:07,233 | INFO | Batch 220 | Loss: 0.6208 | Correct: 100/128 | Elapsed Time: 25.10s
2026-01-20 01:41:32,381 | INFO | Batch 230 | Loss: 0.3828 | Correct: 113/128 | Elapsed Time: 25.15s
2026-01-20 01:41:57,487 | INFO | Batch 240 | Loss: 0.5140 | Correct: 108/128 | Elapsed Time: 25.11s
2026-01-20 01:42:22,596 | INFO | Batch 250 | Loss: 0.6106 | Correct: 101/128 | Elapsed Time: 25.11s
2026-01-20 01:42:47,655 | INFO | Batch 260 | Loss: 0.5940 | Correct: 100/128 | Elapsed Time: 25.06s
2026-01-20 01:43:12,726 | INFO | Batch 270 | Loss: 0.5467 | Correct: 103/128 | Elapsed Time: 25.07s
2026-01-20 01:43:37,828 | INFO | Batch 280 | Loss: 0.7287 | Correct: 91/128 | Elapsed Time: 25.10s
2026-01-20 01:44:02,976 | INFO | Batch 290 | Loss: 0.6746 | Correct: 96/128 | Elapsed Time: 25.15s
2026-01-20 01:44:27,988 | INFO | Batch 300 | Loss: 0.5159 | Correct: 104/128 | Elapsed Time: 25.01s
2026-01-20 01:44:53,030 | INFO | Batch 310 | Loss: 0.6847 | Correct: 96/128 | Elapsed Time: 25.04s
2026-01-20 01:45:18,101 | INFO | Batch 320 | Loss: 0.6521 | Correct: 95/128 | Elapsed Time: 25.07s
2026-01-20 01:45:43,165 | INFO | Batch 330 | Loss: 0.6161 | Correct: 99/128 | Elapsed Time: 25.06s
2026-01-20 01:46:08,303 | INFO | Batch 340 | Loss: 0.5940 | Correct: 102/128 | Elapsed Time: 25.14s
2026-01-20 01:46:33,460 | INFO | Batch 350 | Loss: 0.5809 | Correct: 105/128 | Elapsed Time: 25.16s
2026-01-20 01:46:58,714 | INFO | Batch 360 | Loss: 0.8072 | Correct: 87/128 | Elapsed Time: 25.25s
2026-01-20 01:47:23,841 | INFO | Batch 370 | Loss: 0.4134 | Correct: 108/128 | Elapsed Time: 25.13s
2026-01-20 01:47:48,980 | INFO | Batch 380 | Loss: 0.5253 | Correct: 103/128 | Elapsed Time: 25.14s
2026-01-20 01:48:14,133 | INFO | Batch 390 | Loss: 0.4866 | Correct: 106/128 | Elapsed Time: 25.15s
2026-01-20 01:48:15,834 | INFO | Epoch [18/100] - Loss: 0.6096 | Correct: 39315/50000 (78.63%, 980.75s)
2026-01-20 01:49:31,470 | INFO | Validation - Loss: 0.6501 | Correct: 7807/10000 (78.07%) (75.64s)
2026-01-20 01:49:31,644 | INFO | New best model saved at epoch 18 with Top1 Acc: 78.07%
2026-01-20 01:49:56,810 | INFO | Batch 10 | Loss: 0.6212 | Correct: 94/128 | Elapsed Time: 25.17s
2026-01-20 01:50:21,947 | INFO | Batch 20 | Loss: 0.5404 | Correct: 102/128 | Elapsed Time: 25.14s
2026-01-20 01:50:47,015 | INFO | Batch 30 | Loss: 0.8283 | Correct: 90/128 | Elapsed Time: 25.07s
2026-01-20 01:51:12,059 | INFO | Batch 40 | Loss: 0.6442 | Correct: 99/128 | Elapsed Time: 25.04s
2026-01-20 01:51:37,183 | INFO | Batch 50 | Loss: 0.5364 | Correct: 105/128 | Elapsed Time: 25.12s
2026-01-20 01:52:02,290 | INFO | Batch 60 | Loss: 0.7142 | Correct: 90/128 | Elapsed Time: 25.11s
2026-01-20 01:52:27,403 | INFO | Batch 70 | Loss: 0.4501 | Correct: 108/128 | Elapsed Time: 25.11s
2026-01-20 01:52:52,649 | INFO | Batch 80 | Loss: 0.6383 | Correct: 102/128 | Elapsed Time: 25.25s
2026-01-20 01:53:17,765 | INFO | Batch 90 | Loss: 0.5495 | Correct: 98/128 | Elapsed Time: 25.12s
2026-01-20 01:53:42,905 | INFO | Batch 100 | Loss: 0.6273 | Correct: 99/128 | Elapsed Time: 25.14s
2026-01-20 01:54:08,052 | INFO | Batch 110 | Loss: 0.7189 | Correct: 98/128 | Elapsed Time: 25.15s
2026-01-20 01:54:33,149 | INFO | Batch 120 | Loss: 0.5212 | Correct: 106/128 | Elapsed Time: 25.10s
2026-01-20 01:54:58,270 | INFO | Batch 130 | Loss: 0.5149 | Correct: 104/128 | Elapsed Time: 25.12s
2026-01-20 01:55:23,396 | INFO | Batch 140 | Loss: 0.5055 | Correct: 102/128 | Elapsed Time: 25.13s
2026-01-20 01:55:48,684 | INFO | Batch 150 | Loss: 0.7041 | Correct: 94/128 | Elapsed Time: 25.29s
2026-01-20 01:56:13,820 | INFO | Batch 160 | Loss: 0.5523 | Correct: 104/128 | Elapsed Time: 25.14s
2026-01-20 01:56:38,894 | INFO | Batch 170 | Loss: 0.7004 | Correct: 100/128 | Elapsed Time: 25.07s
2026-01-20 01:57:03,997 | INFO | Batch 180 | Loss: 0.7679 | Correct: 96/128 | Elapsed Time: 25.10s
2026-01-20 01:57:29,134 | INFO | Batch 190 | Loss: 0.6382 | Correct: 98/128 | Elapsed Time: 25.14s
2026-01-20 01:57:54,242 | INFO | Batch 200 | Loss: 0.6756 | Correct: 94/128 | Elapsed Time: 25.11s
2026-01-20 01:58:19,369 | INFO | Batch 210 | Loss: 0.5994 | Correct: 95/128 | Elapsed Time: 25.13s
2026-01-20 01:58:44,591 | INFO | Batch 220 | Loss: 0.5283 | Correct: 102/128 | Elapsed Time: 25.22s
2026-01-20 01:59:09,779 | INFO | Batch 230 | Loss: 0.4190 | Correct: 114/128 | Elapsed Time: 25.19s
2026-01-20 01:59:34,891 | INFO | Batch 240 | Loss: 0.6189 | Correct: 99/128 | Elapsed Time: 25.11s
2026-01-20 01:59:59,939 | INFO | Batch 250 | Loss: 0.6301 | Correct: 99/128 | Elapsed Time: 25.05s
2026-01-20 02:00:25,054 | INFO | Batch 260 | Loss: 0.6031 | Correct: 100/128 | Elapsed Time: 25.12s
2026-01-20 02:00:50,245 | INFO | Batch 270 | Loss: 0.5096 | Correct: 102/128 | Elapsed Time: 25.19s
2026-01-20 02:01:15,397 | INFO | Batch 280 | Loss: 0.4537 | Correct: 107/128 | Elapsed Time: 25.15s
2026-01-20 02:01:40,535 | INFO | Batch 290 | Loss: 0.6346 | Correct: 105/128 | Elapsed Time: 25.14s
2026-01-20 02:02:05,746 | INFO | Batch 300 | Loss: 0.7118 | Correct: 96/128 | Elapsed Time: 25.21s
2026-01-20 02:02:30,955 | INFO | Batch 310 | Loss: 0.8018 | Correct: 96/128 | Elapsed Time: 25.21s
2026-01-20 02:02:56,162 | INFO | Batch 320 | Loss: 0.5433 | Correct: 99/128 | Elapsed Time: 25.21s
2026-01-20 02:03:21,379 | INFO | Batch 330 | Loss: 0.5349 | Correct: 103/128 | Elapsed Time: 25.22s
2026-01-20 02:03:46,616 | INFO | Batch 340 | Loss: 0.6922 | Correct: 94/128 | Elapsed Time: 25.24s
2026-01-20 02:04:11,948 | INFO | Batch 350 | Loss: 0.5202 | Correct: 102/128 | Elapsed Time: 25.33s
2026-01-20 02:04:37,072 | INFO | Batch 360 | Loss: 0.8266 | Correct: 87/128 | Elapsed Time: 25.12s
2026-01-20 02:05:02,169 | INFO | Batch 370 | Loss: 0.6244 | Correct: 102/128 | Elapsed Time: 25.10s
2026-01-20 02:05:27,356 | INFO | Batch 380 | Loss: 0.6583 | Correct: 99/128 | Elapsed Time: 25.19s
2026-01-20 02:05:52,504 | INFO | Batch 390 | Loss: 0.6625 | Correct: 99/128 | Elapsed Time: 25.15s
2026-01-20 02:05:54,219 | INFO | Epoch [19/100] - Loss: 0.5931 | Correct: 39596/50000 (79.19%, 982.57s)
2026-01-20 02:07:09,972 | INFO | Validation - Loss: 0.6236 | Correct: 7866/10000 (78.66%) (75.75s)
2026-01-20 02:07:10,139 | INFO | New best model saved at epoch 19 with Top1 Acc: 78.66%
2026-01-20 02:07:35,318 | INFO | Batch 10 | Loss: 0.5295 | Correct: 106/128 | Elapsed Time: 25.18s
2026-01-20 02:08:00,546 | INFO | Batch 20 | Loss: 0.6923 | Correct: 96/128 | Elapsed Time: 25.23s
2026-01-20 02:08:25,623 | INFO | Batch 30 | Loss: 0.4281 | Correct: 112/128 | Elapsed Time: 25.08s
2026-01-20 02:08:50,719 | INFO | Batch 40 | Loss: 0.4611 | Correct: 106/128 | Elapsed Time: 25.10s
2026-01-20 02:09:15,871 | INFO | Batch 50 | Loss: 0.5601 | Correct: 106/128 | Elapsed Time: 25.15s
2026-01-20 02:09:40,976 | INFO | Batch 60 | Loss: 0.5173 | Correct: 101/128 | Elapsed Time: 25.11s
2026-01-20 02:10:06,049 | INFO | Batch 70 | Loss: 0.4386 | Correct: 107/128 | Elapsed Time: 25.07s
2026-01-20 02:10:31,296 | INFO | Batch 80 | Loss: 0.4030 | Correct: 109/128 | Elapsed Time: 25.25s
2026-01-20 02:10:56,394 | INFO | Batch 90 | Loss: 0.6023 | Correct: 102/128 | Elapsed Time: 25.10s
2026-01-20 02:11:21,490 | INFO | Batch 100 | Loss: 0.4527 | Correct: 105/128 | Elapsed Time: 25.10s
2026-01-20 02:11:46,562 | INFO | Batch 110 | Loss: 0.5482 | Correct: 106/128 | Elapsed Time: 25.07s
2026-01-20 02:12:11,709 | INFO | Batch 120 | Loss: 0.4732 | Correct: 105/128 | Elapsed Time: 25.15s
2026-01-20 02:12:36,768 | INFO | Batch 130 | Loss: 0.5286 | Correct: 104/128 | Elapsed Time: 25.06s
2026-01-20 02:13:01,822 | INFO | Batch 140 | Loss: 0.6159 | Correct: 98/128 | Elapsed Time: 25.05s
2026-01-20 02:13:26,984 | INFO | Batch 150 | Loss: 0.6269 | Correct: 105/128 | Elapsed Time: 25.16s
2026-01-20 02:13:52,020 | INFO | Batch 160 | Loss: 0.5729 | Correct: 101/128 | Elapsed Time: 25.04s
2026-01-20 02:14:17,092 | INFO | Batch 170 | Loss: 0.6432 | Correct: 102/128 | Elapsed Time: 25.07s
2026-01-20 02:14:42,146 | INFO | Batch 180 | Loss: 0.7557 | Correct: 97/128 | Elapsed Time: 25.05s
2026-01-20 02:15:07,252 | INFO | Batch 190 | Loss: 0.4339 | Correct: 110/128 | Elapsed Time: 25.11s
2026-01-20 02:15:32,394 | INFO | Batch 200 | Loss: 0.6282 | Correct: 99/128 | Elapsed Time: 25.14s
2026-01-20 02:15:57,585 | INFO | Batch 210 | Loss: 0.4720 | Correct: 105/128 | Elapsed Time: 25.19s
2026-01-20 02:16:22,646 | INFO | Batch 220 | Loss: 0.5652 | Correct: 102/128 | Elapsed Time: 25.06s
2026-01-20 02:16:47,698 | INFO | Batch 230 | Loss: 0.5711 | Correct: 99/128 | Elapsed Time: 25.05s
2026-01-20 02:17:12,773 | INFO | Batch 240 | Loss: 0.6433 | Correct: 105/128 | Elapsed Time: 25.08s
2026-01-20 02:17:37,819 | INFO | Batch 250 | Loss: 0.6090 | Correct: 101/128 | Elapsed Time: 25.05s
2026-01-20 02:18:02,859 | INFO | Batch 260 | Loss: 0.5465 | Correct: 99/128 | Elapsed Time: 25.04s
2026-01-20 02:18:27,920 | INFO | Batch 270 | Loss: 0.7203 | Correct: 91/128 | Elapsed Time: 25.06s
2026-01-20 02:18:53,100 | INFO | Batch 280 | Loss: 0.5467 | Correct: 106/128 | Elapsed Time: 25.18s
2026-01-20 02:19:18,196 | INFO | Batch 290 | Loss: 0.6067 | Correct: 97/128 | Elapsed Time: 25.10s
2026-01-20 02:19:43,330 | INFO | Batch 300 | Loss: 0.5646 | Correct: 104/128 | Elapsed Time: 25.13s
2026-01-20 02:20:08,456 | INFO | Batch 310 | Loss: 0.7519 | Correct: 91/128 | Elapsed Time: 25.13s
2026-01-20 02:20:33,590 | INFO | Batch 320 | Loss: 0.6101 | Correct: 100/128 | Elapsed Time: 25.13s
2026-01-20 02:20:58,775 | INFO | Batch 330 | Loss: 0.6070 | Correct: 103/128 | Elapsed Time: 25.19s
2026-01-20 02:21:23,952 | INFO | Batch 340 | Loss: 0.6068 | Correct: 105/128 | Elapsed Time: 25.18s
2026-01-20 02:21:49,183 | INFO | Batch 350 | Loss: 0.5328 | Correct: 105/128 | Elapsed Time: 25.23s
2026-01-20 02:22:14,232 | INFO | Batch 360 | Loss: 0.5745 | Correct: 101/128 | Elapsed Time: 25.05s
2026-01-20 02:22:39,326 | INFO | Batch 370 | Loss: 0.4808 | Correct: 103/128 | Elapsed Time: 25.09s
2026-01-20 02:23:04,383 | INFO | Batch 380 | Loss: 0.5927 | Correct: 101/128 | Elapsed Time: 25.06s
2026-01-20 02:23:29,471 | INFO | Batch 390 | Loss: 0.5406 | Correct: 105/128 | Elapsed Time: 25.09s
2026-01-20 02:23:31,153 | INFO | Epoch [20/100] - Loss: 0.5758 | Correct: 39911/50000 (79.82%, 981.01s)
2026-01-20 02:24:46,854 | INFO | Validation - Loss: 0.6636 | Correct: 7726/10000 (77.26%) (75.70s)
2026-01-20 02:25:11,946 | INFO | Batch 10 | Loss: 0.5527 | Correct: 102/128 | Elapsed Time: 25.09s
2026-01-20 02:25:37,106 | INFO | Batch 20 | Loss: 0.5589 | Correct: 105/128 | Elapsed Time: 25.16s
2026-01-20 02:26:02,237 | INFO | Batch 30 | Loss: 0.5305 | Correct: 104/128 | Elapsed Time: 25.13s
2026-01-20 02:26:27,317 | INFO | Batch 40 | Loss: 0.4570 | Correct: 109/128 | Elapsed Time: 25.08s
2026-01-20 02:26:52,409 | INFO | Batch 50 | Loss: 0.5625 | Correct: 96/128 | Elapsed Time: 25.09s
2026-01-20 02:27:17,518 | INFO | Batch 60 | Loss: 0.6981 | Correct: 101/128 | Elapsed Time: 25.11s
2026-01-20 02:27:42,628 | INFO | Batch 70 | Loss: 0.6206 | Correct: 98/128 | Elapsed Time: 25.11s
2026-01-20 02:28:07,754 | INFO | Batch 80 | Loss: 0.5867 | Correct: 98/128 | Elapsed Time: 25.13s
2026-01-20 02:28:32,971 | INFO | Batch 90 | Loss: 0.5800 | Correct: 103/128 | Elapsed Time: 25.22s
2026-01-20 02:28:58,089 | INFO | Batch 100 | Loss: 0.5696 | Correct: 102/128 | Elapsed Time: 25.12s
2026-01-20 02:29:23,176 | INFO | Batch 110 | Loss: 0.4853 | Correct: 109/128 | Elapsed Time: 25.09s
2026-01-20 02:29:48,241 | INFO | Batch 120 | Loss: 0.6625 | Correct: 96/128 | Elapsed Time: 25.07s
2026-01-20 02:30:13,336 | INFO | Batch 130 | Loss: 0.5551 | Correct: 101/128 | Elapsed Time: 25.09s
2026-01-20 02:30:38,415 | INFO | Batch 140 | Loss: 0.5789 | Correct: 102/128 | Elapsed Time: 25.08s
2026-01-20 02:31:03,649 | INFO | Batch 150 | Loss: 0.6177 | Correct: 98/128 | Elapsed Time: 25.23s
2026-01-20 02:31:28,763 | INFO | Batch 160 | Loss: 0.4724 | Correct: 107/128 | Elapsed Time: 25.11s
2026-01-20 02:31:53,840 | INFO | Batch 170 | Loss: 0.5849 | Correct: 99/128 | Elapsed Time: 25.08s
2026-01-20 02:32:18,945 | INFO | Batch 180 | Loss: 0.5878 | Correct: 99/128 | Elapsed Time: 25.10s
2026-01-20 02:32:44,039 | INFO | Batch 190 | Loss: 0.4331 | Correct: 107/128 | Elapsed Time: 25.09s
2026-01-20 02:33:09,110 | INFO | Batch 200 | Loss: 0.4398 | Correct: 112/128 | Elapsed Time: 25.07s
2026-01-20 02:33:34,217 | INFO | Batch 210 | Loss: 0.5882 | Correct: 98/128 | Elapsed Time: 25.11s
2026-01-20 02:33:59,307 | INFO | Batch 220 | Loss: 0.6070 | Correct: 99/128 | Elapsed Time: 25.09s
2026-01-20 02:34:24,354 | INFO | Batch 230 | Loss: 0.4250 | Correct: 109/128 | Elapsed Time: 25.05s
2026-01-20 02:34:49,391 | INFO | Batch 240 | Loss: 0.4430 | Correct: 108/128 | Elapsed Time: 25.04s
2026-01-20 02:35:14,445 | INFO | Batch 250 | Loss: 0.4834 | Correct: 106/128 | Elapsed Time: 25.05s
2026-01-20 02:35:39,475 | INFO | Batch 260 | Loss: 0.5710 | Correct: 102/128 | Elapsed Time: 25.03s
2026-01-20 02:36:04,534 | INFO | Batch 270 | Loss: 0.6147 | Correct: 97/128 | Elapsed Time: 25.06s
2026-01-20 02:36:29,685 | INFO | Batch 280 | Loss: 0.4423 | Correct: 106/128 | Elapsed Time: 25.15s
2026-01-20 02:36:54,715 | INFO | Batch 290 | Loss: 0.6728 | Correct: 92/128 | Elapsed Time: 25.03s
2026-01-20 02:37:19,770 | INFO | Batch 300 | Loss: 0.5430 | Correct: 104/128 | Elapsed Time: 25.05s
2026-01-20 02:37:44,821 | INFO | Batch 310 | Loss: 0.4549 | Correct: 108/128 | Elapsed Time: 25.05s
2026-01-20 02:38:09,890 | INFO | Batch 320 | Loss: 0.5774 | Correct: 104/128 | Elapsed Time: 25.07s
2026-01-20 02:38:34,958 | INFO | Batch 330 | Loss: 0.6216 | Correct: 104/128 | Elapsed Time: 25.07s
2026-01-20 02:39:00,109 | INFO | Batch 340 | Loss: 0.4543 | Correct: 106/128 | Elapsed Time: 25.15s
2026-01-20 02:39:25,341 | INFO | Batch 350 | Loss: 0.5612 | Correct: 105/128 | Elapsed Time: 25.23s
2026-01-20 02:39:50,400 | INFO | Batch 360 | Loss: 0.5855 | Correct: 103/128 | Elapsed Time: 25.06s
2026-01-20 02:40:15,449 | INFO | Batch 370 | Loss: 0.5392 | Correct: 104/128 | Elapsed Time: 25.05s
2026-01-20 02:40:40,535 | INFO | Batch 380 | Loss: 0.5206 | Correct: 101/128 | Elapsed Time: 25.09s
2026-01-20 02:41:05,613 | INFO | Batch 390 | Loss: 0.3705 | Correct: 115/128 | Elapsed Time: 25.08s
2026-01-20 02:41:07,301 | INFO | Epoch [21/100] - Loss: 0.5610 | Correct: 40063/50000 (80.13%, 980.45s)
2026-01-20 02:42:22,800 | INFO | Validation - Loss: 0.6277 | Correct: 7851/10000 (78.51%) (75.50s)
2026-01-20 02:42:47,821 | INFO | Batch 10 | Loss: 0.5751 | Correct: 100/128 | Elapsed Time: 25.02s
2026-01-20 02:43:12,976 | INFO | Batch 20 | Loss: 0.4290 | Correct: 108/128 | Elapsed Time: 25.15s
2026-01-20 02:43:38,018 | INFO | Batch 30 | Loss: 0.4026 | Correct: 110/128 | Elapsed Time: 25.04s
2026-01-20 02:44:03,101 | INFO | Batch 40 | Loss: 0.6745 | Correct: 98/128 | Elapsed Time: 25.08s
2026-01-20 02:44:28,188 | INFO | Batch 50 | Loss: 0.5105 | Correct: 104/128 | Elapsed Time: 25.09s
2026-01-20 02:44:53,275 | INFO | Batch 60 | Loss: 0.6217 | Correct: 101/128 | Elapsed Time: 25.09s
2026-01-20 02:45:18,391 | INFO | Batch 70 | Loss: 0.5334 | Correct: 105/128 | Elapsed Time: 25.12s
2026-01-20 02:45:43,550 | INFO | Batch 80 | Loss: 0.6813 | Correct: 99/128 | Elapsed Time: 25.16s
2026-01-20 02:46:08,784 | INFO | Batch 90 | Loss: 0.6163 | Correct: 98/128 | Elapsed Time: 25.23s
2026-01-20 02:46:33,977 | INFO | Batch 100 | Loss: 0.6107 | Correct: 99/128 | Elapsed Time: 25.19s
2026-01-20 02:46:59,237 | INFO | Batch 110 | Loss: 0.5210 | Correct: 109/128 | Elapsed Time: 25.26s
2026-01-20 02:47:24,442 | INFO | Batch 120 | Loss: 0.5423 | Correct: 100/128 | Elapsed Time: 25.21s
2026-01-20 02:47:49,558 | INFO | Batch 130 | Loss: 0.5247 | Correct: 105/128 | Elapsed Time: 25.12s
2026-01-20 02:48:14,639 | INFO | Batch 140 | Loss: 0.6862 | Correct: 101/128 | Elapsed Time: 25.08s
2026-01-20 02:48:39,833 | INFO | Batch 150 | Loss: 0.4958 | Correct: 101/128 | Elapsed Time: 25.19s
2026-01-20 02:49:04,945 | INFO | Batch 160 | Loss: 0.6732 | Correct: 96/128 | Elapsed Time: 25.11s
2026-01-20 02:49:30,000 | INFO | Batch 170 | Loss: 0.4407 | Correct: 105/128 | Elapsed Time: 25.05s
2026-01-20 02:49:55,063 | INFO | Batch 180 | Loss: 0.4777 | Correct: 104/128 | Elapsed Time: 25.06s
2026-01-20 02:50:20,120 | INFO | Batch 190 | Loss: 0.6124 | Correct: 95/128 | Elapsed Time: 25.06s
2026-01-20 02:50:45,164 | INFO | Batch 200 | Loss: 0.3715 | Correct: 112/128 | Elapsed Time: 25.04s
2026-01-20 02:51:10,228 | INFO | Batch 210 | Loss: 0.5714 | Correct: 100/128 | Elapsed Time: 25.06s
2026-01-20 02:51:35,409 | INFO | Batch 220 | Loss: 0.6679 | Correct: 100/128 | Elapsed Time: 25.18s
2026-01-20 02:52:00,591 | INFO | Batch 230 | Loss: 0.5635 | Correct: 102/128 | Elapsed Time: 25.18s
2026-01-20 02:52:25,764 | INFO | Batch 240 | Loss: 0.6994 | Correct: 96/128 | Elapsed Time: 25.17s
2026-01-20 02:52:50,944 | INFO | Batch 250 | Loss: 0.6272 | Correct: 106/128 | Elapsed Time: 25.18s
2026-01-20 02:53:16,109 | INFO | Batch 260 | Loss: 0.5894 | Correct: 99/128 | Elapsed Time: 25.17s
2026-01-20 02:53:41,293 | INFO | Batch 270 | Loss: 0.5959 | Correct: 98/128 | Elapsed Time: 25.18s
2026-01-20 02:54:06,487 | INFO | Batch 280 | Loss: 0.6660 | Correct: 100/128 | Elapsed Time: 25.19s
2026-01-20 02:54:31,758 | INFO | Batch 290 | Loss: 0.6969 | Correct: 95/128 | Elapsed Time: 25.27s
2026-01-20 02:54:56,971 | INFO | Batch 300 | Loss: 0.4645 | Correct: 110/128 | Elapsed Time: 25.21s
2026-01-20 02:55:22,134 | INFO | Batch 310 | Loss: 0.6258 | Correct: 99/128 | Elapsed Time: 25.16s
2026-01-20 02:55:47,266 | INFO | Batch 320 | Loss: 0.5743 | Correct: 105/128 | Elapsed Time: 25.13s
2026-01-20 02:56:12,366 | INFO | Batch 330 | Loss: 0.6669 | Correct: 98/128 | Elapsed Time: 25.10s
2026-01-20 02:56:37,409 | INFO | Batch 340 | Loss: 0.4573 | Correct: 106/128 | Elapsed Time: 25.04s
2026-01-20 02:57:02,620 | INFO | Batch 350 | Loss: 0.6711 | Correct: 98/128 | Elapsed Time: 25.21s
2026-01-20 02:57:27,719 | INFO | Batch 360 | Loss: 0.3401 | Correct: 112/128 | Elapsed Time: 25.10s
2026-01-20 02:57:52,840 | INFO | Batch 370 | Loss: 0.6425 | Correct: 100/128 | Elapsed Time: 25.12s
2026-01-20 02:58:17,890 | INFO | Batch 380 | Loss: 0.3772 | Correct: 110/128 | Elapsed Time: 25.05s
2026-01-20 02:58:43,010 | INFO | Batch 390 | Loss: 0.5007 | Correct: 107/128 | Elapsed Time: 25.12s
2026-01-20 02:58:44,716 | INFO | Epoch [22/100] - Loss: 0.5472 | Correct: 40343/50000 (80.69%, 981.91s)
2026-01-20 03:00:00,422 | INFO | Validation - Loss: 0.6280 | Correct: 7850/10000 (78.50%) (75.71s)
2026-01-20 03:00:25,503 | INFO | Batch 10 | Loss: 0.4365 | Correct: 113/128 | Elapsed Time: 25.08s
2026-01-20 03:00:50,715 | INFO | Batch 20 | Loss: 0.4896 | Correct: 102/128 | Elapsed Time: 25.21s
2026-01-20 03:01:15,874 | INFO | Batch 30 | Loss: 0.6667 | Correct: 97/128 | Elapsed Time: 25.16s
2026-01-20 03:01:41,074 | INFO | Batch 40 | Loss: 0.3448 | Correct: 114/128 | Elapsed Time: 25.20s
2026-01-20 03:02:06,175 | INFO | Batch 50 | Loss: 0.5105 | Correct: 107/128 | Elapsed Time: 25.10s
2026-01-20 03:02:31,279 | INFO | Batch 60 | Loss: 0.4432 | Correct: 110/128 | Elapsed Time: 25.10s
2026-01-20 03:02:56,418 | INFO | Batch 70 | Loss: 0.3980 | Correct: 114/128 | Elapsed Time: 25.14s
2026-01-20 03:03:21,552 | INFO | Batch 80 | Loss: 0.5334 | Correct: 102/128 | Elapsed Time: 25.13s
2026-01-20 03:03:46,730 | INFO | Batch 90 | Loss: 0.6175 | Correct: 103/128 | Elapsed Time: 25.18s
2026-01-20 03:04:11,791 | INFO | Batch 100 | Loss: 0.6114 | Correct: 99/128 | Elapsed Time: 25.06s
2026-01-20 03:04:36,783 | INFO | Batch 110 | Loss: 0.8463 | Correct: 91/128 | Elapsed Time: 24.99s
2026-01-20 03:05:01,871 | INFO | Batch 120 | Loss: 0.4826 | Correct: 107/128 | Elapsed Time: 25.09s
2026-01-20 03:05:26,923 | INFO | Batch 130 | Loss: 0.5165 | Correct: 107/128 | Elapsed Time: 25.05s
2026-01-20 03:05:51,978 | INFO | Batch 140 | Loss: 0.6968 | Correct: 101/128 | Elapsed Time: 25.06s
2026-01-20 03:06:17,121 | INFO | Batch 150 | Loss: 0.5027 | Correct: 107/128 | Elapsed Time: 25.14s
2026-01-20 03:06:42,185 | INFO | Batch 160 | Loss: 0.6201 | Correct: 99/128 | Elapsed Time: 25.06s
2026-01-20 03:07:07,274 | INFO | Batch 170 | Loss: 0.5238 | Correct: 105/128 | Elapsed Time: 25.09s
2026-01-20 03:07:32,326 | INFO | Batch 180 | Loss: 0.5699 | Correct: 101/128 | Elapsed Time: 25.05s
2026-01-20 03:07:57,408 | INFO | Batch 190 | Loss: 0.3925 | Correct: 109/128 | Elapsed Time: 25.08s
2026-01-20 03:08:22,570 | INFO | Batch 200 | Loss: 0.3917 | Correct: 110/128 | Elapsed Time: 25.16s
2026-01-20 03:08:47,748 | INFO | Batch 210 | Loss: 0.4796 | Correct: 104/128 | Elapsed Time: 25.18s
2026-01-20 03:09:13,033 | INFO | Batch 220 | Loss: 0.5530 | Correct: 103/128 | Elapsed Time: 25.29s
2026-01-20 03:09:38,215 | INFO | Batch 230 | Loss: 0.6308 | Correct: 99/128 | Elapsed Time: 25.18s
2026-01-20 03:10:03,390 | INFO | Batch 240 | Loss: 0.5282 | Correct: 105/128 | Elapsed Time: 25.17s
2026-01-20 03:10:28,641 | INFO | Batch 250 | Loss: 0.4092 | Correct: 104/128 | Elapsed Time: 25.25s
2026-01-20 03:10:53,766 | INFO | Batch 260 | Loss: 0.6042 | Correct: 97/128 | Elapsed Time: 25.12s
2026-01-20 03:11:18,893 | INFO | Batch 270 | Loss: 0.4268 | Correct: 110/128 | Elapsed Time: 25.13s
2026-01-20 03:11:44,080 | INFO | Batch 280 | Loss: 0.5706 | Correct: 105/128 | Elapsed Time: 25.19s
2026-01-20 03:12:09,201 | INFO | Batch 290 | Loss: 0.4449 | Correct: 108/128 | Elapsed Time: 25.12s
2026-01-20 03:12:34,317 | INFO | Batch 300 | Loss: 0.7062 | Correct: 97/128 | Elapsed Time: 25.12s
2026-01-20 03:12:59,391 | INFO | Batch 310 | Loss: 0.6036 | Correct: 104/128 | Elapsed Time: 25.07s
2026-01-20 03:13:24,451 | INFO | Batch 320 | Loss: 0.5936 | Correct: 107/128 | Elapsed Time: 25.06s
2026-01-20 03:13:49,508 | INFO | Batch 330 | Loss: 0.7155 | Correct: 96/128 | Elapsed Time: 25.06s
2026-01-20 03:14:14,602 | INFO | Batch 340 | Loss: 0.5372 | Correct: 112/128 | Elapsed Time: 25.09s
2026-01-20 03:14:39,729 | INFO | Batch 350 | Loss: 0.3698 | Correct: 114/128 | Elapsed Time: 25.13s
2026-01-20 03:15:04,808 | INFO | Batch 360 | Loss: 0.4429 | Correct: 109/128 | Elapsed Time: 25.08s
2026-01-20 03:15:29,900 | INFO | Batch 370 | Loss: 0.5562 | Correct: 101/128 | Elapsed Time: 25.09s
2026-01-20 03:15:54,949 | INFO | Batch 380 | Loss: 0.5361 | Correct: 99/128 | Elapsed Time: 25.05s
2026-01-20 03:16:20,039 | INFO | Batch 390 | Loss: 0.5535 | Correct: 103/128 | Elapsed Time: 25.09s
2026-01-20 03:16:21,724 | INFO | Epoch [23/100] - Loss: 0.5328 | Correct: 40663/50000 (81.33%, 981.30s)
2026-01-20 03:17:37,378 | INFO | Validation - Loss: 0.6233 | Correct: 7921/10000 (79.21%) (75.65s)
2026-01-20 03:17:37,526 | INFO | New best model saved at epoch 23 with Top1 Acc: 79.21%
2026-01-20 03:18:02,631 | INFO | Batch 10 | Loss: 0.6779 | Correct: 100/128 | Elapsed Time: 25.10s
2026-01-20 03:18:27,819 | INFO | Batch 20 | Loss: 0.3967 | Correct: 111/128 | Elapsed Time: 25.19s
2026-01-20 03:18:52,912 | INFO | Batch 30 | Loss: 0.4388 | Correct: 110/128 | Elapsed Time: 25.09s
2026-01-20 03:19:18,003 | INFO | Batch 40 | Loss: 0.5578 | Correct: 104/128 | Elapsed Time: 25.09s
2026-01-20 03:19:43,088 | INFO | Batch 50 | Loss: 0.4988 | Correct: 101/128 | Elapsed Time: 25.09s
2026-01-20 03:20:08,151 | INFO | Batch 60 | Loss: 0.5444 | Correct: 103/128 | Elapsed Time: 25.06s
2026-01-20 03:20:33,247 | INFO | Batch 70 | Loss: 0.4670 | Correct: 105/128 | Elapsed Time: 25.10s
2026-01-20 03:20:58,358 | INFO | Batch 80 | Loss: 0.4585 | Correct: 109/128 | Elapsed Time: 25.11s
2026-01-20 03:21:23,564 | INFO | Batch 90 | Loss: 0.5844 | Correct: 100/128 | Elapsed Time: 25.21s
2026-01-20 03:21:48,712 | INFO | Batch 100 | Loss: 0.7238 | Correct: 94/128 | Elapsed Time: 25.15s
2026-01-20 03:22:13,803 | INFO | Batch 110 | Loss: 0.5010 | Correct: 108/128 | Elapsed Time: 25.09s
2026-01-20 03:22:38,910 | INFO | Batch 120 | Loss: 0.4628 | Correct: 107/128 | Elapsed Time: 25.11s
2026-01-20 03:23:03,995 | INFO | Batch 130 | Loss: 0.3430 | Correct: 110/128 | Elapsed Time: 25.08s
2026-01-20 03:23:29,117 | INFO | Batch 140 | Loss: 0.4475 | Correct: 107/128 | Elapsed Time: 25.12s
2026-01-20 03:23:54,299 | INFO | Batch 150 | Loss: 0.3923 | Correct: 113/128 | Elapsed Time: 25.18s
2026-01-20 03:24:19,384 | INFO | Batch 160 | Loss: 0.5547 | Correct: 104/128 | Elapsed Time: 25.09s
2026-01-20 03:24:44,421 | INFO | Batch 170 | Loss: 0.5555 | Correct: 109/128 | Elapsed Time: 25.04s
2026-01-20 03:25:09,499 | INFO | Batch 180 | Loss: 0.5222 | Correct: 108/128 | Elapsed Time: 25.08s
2026-01-20 03:25:34,631 | INFO | Batch 190 | Loss: 0.5115 | Correct: 109/128 | Elapsed Time: 25.13s
2026-01-20 03:25:59,754 | INFO | Batch 200 | Loss: 0.5563 | Correct: 104/128 | Elapsed Time: 25.12s
2026-01-20 03:26:24,889 | INFO | Batch 210 | Loss: 0.5532 | Correct: 101/128 | Elapsed Time: 25.13s
2026-01-20 03:26:50,169 | INFO | Batch 220 | Loss: 0.5019 | Correct: 109/128 | Elapsed Time: 25.28s
2026-01-20 03:27:15,268 | INFO | Batch 230 | Loss: 0.5239 | Correct: 107/128 | Elapsed Time: 25.10s
2026-01-20 03:27:40,385 | INFO | Batch 240 | Loss: 0.4004 | Correct: 109/128 | Elapsed Time: 25.12s
2026-01-20 03:28:05,496 | INFO | Batch 250 | Loss: 0.3879 | Correct: 109/128 | Elapsed Time: 25.11s
2026-01-20 03:28:30,594 | INFO | Batch 260 | Loss: 0.4006 | Correct: 110/128 | Elapsed Time: 25.10s
2026-01-20 03:28:55,694 | INFO | Batch 270 | Loss: 0.5819 | Correct: 104/128 | Elapsed Time: 25.10s
2026-01-20 03:29:20,834 | INFO | Batch 280 | Loss: 0.4608 | Correct: 109/128 | Elapsed Time: 25.14s
2026-01-20 03:29:46,069 | INFO | Batch 290 | Loss: 0.5502 | Correct: 101/128 | Elapsed Time: 25.23s
2026-01-20 03:30:11,175 | INFO | Batch 300 | Loss: 0.4305 | Correct: 105/128 | Elapsed Time: 25.11s
2026-01-20 03:30:36,305 | INFO | Batch 310 | Loss: 0.6622 | Correct: 98/128 | Elapsed Time: 25.13s
2026-01-20 03:31:01,419 | INFO | Batch 320 | Loss: 0.3798 | Correct: 111/128 | Elapsed Time: 25.11s
2026-01-20 03:31:26,575 | INFO | Batch 330 | Loss: 0.4754 | Correct: 107/128 | Elapsed Time: 25.16s
2026-01-20 03:31:51,737 | INFO | Batch 340 | Loss: 0.5867 | Correct: 99/128 | Elapsed Time: 25.16s
2026-01-20 03:32:16,975 | INFO | Batch 350 | Loss: 0.5707 | Correct: 101/128 | Elapsed Time: 25.24s
2026-01-20 03:32:42,104 | INFO | Batch 360 | Loss: 0.4976 | Correct: 107/128 | Elapsed Time: 25.13s
2026-01-20 03:33:07,274 | INFO | Batch 370 | Loss: 0.4771 | Correct: 106/128 | Elapsed Time: 25.17s
2026-01-20 03:33:32,447 | INFO | Batch 380 | Loss: 0.6397 | Correct: 96/128 | Elapsed Time: 25.17s
2026-01-20 03:33:57,583 | INFO | Batch 390 | Loss: 0.4581 | Correct: 110/128 | Elapsed Time: 25.14s
2026-01-20 03:33:59,302 | INFO | Epoch [24/100] - Loss: 0.5158 | Correct: 40917/50000 (81.83%, 981.78s)
2026-01-20 03:35:15,033 | INFO | Validation - Loss: 0.6171 | Correct: 7893/10000 (78.93%) (75.73s)
2026-01-20 03:35:40,219 | INFO | Batch 10 | Loss: 0.5242 | Correct: 109/128 | Elapsed Time: 25.18s
2026-01-20 03:36:05,317 | INFO | Batch 20 | Loss: 0.4377 | Correct: 111/128 | Elapsed Time: 25.10s
2026-01-20 03:36:30,438 | INFO | Batch 30 | Loss: 0.5946 | Correct: 105/128 | Elapsed Time: 25.12s
2026-01-20 03:36:55,613 | INFO | Batch 40 | Loss: 0.4205 | Correct: 112/128 | Elapsed Time: 25.18s
2026-01-20 03:37:20,785 | INFO | Batch 50 | Loss: 0.4804 | Correct: 105/128 | Elapsed Time: 25.17s
2026-01-20 03:37:45,945 | INFO | Batch 60 | Loss: 0.3517 | Correct: 115/128 | Elapsed Time: 25.16s
2026-01-20 03:38:11,173 | INFO | Batch 70 | Loss: 0.5924 | Correct: 103/128 | Elapsed Time: 25.23s
2026-01-20 03:38:36,513 | INFO | Batch 80 | Loss: 0.5811 | Correct: 99/128 | Elapsed Time: 25.34s
2026-01-20 03:39:01,727 | INFO | Batch 90 | Loss: 0.4513 | Correct: 109/128 | Elapsed Time: 25.21s
2026-01-20 03:39:26,858 | INFO | Batch 100 | Loss: 0.5107 | Correct: 109/128 | Elapsed Time: 25.13s
2026-01-20 03:39:51,961 | INFO | Batch 110 | Loss: 0.3896 | Correct: 108/128 | Elapsed Time: 25.10s
2026-01-20 03:40:17,112 | INFO | Batch 120 | Loss: 0.5042 | Correct: 105/128 | Elapsed Time: 25.15s
2026-01-20 03:40:42,299 | INFO | Batch 130 | Loss: 0.5149 | Correct: 106/128 | Elapsed Time: 25.19s
2026-01-20 03:41:07,579 | INFO | Batch 140 | Loss: 0.5802 | Correct: 102/128 | Elapsed Time: 25.28s
2026-01-20 03:41:32,737 | INFO | Batch 150 | Loss: 0.4347 | Correct: 108/128 | Elapsed Time: 25.16s
2026-01-20 03:41:57,814 | INFO | Batch 160 | Loss: 0.4821 | Correct: 106/128 | Elapsed Time: 25.08s
2026-01-20 03:42:22,947 | INFO | Batch 170 | Loss: 0.4173 | Correct: 108/128 | Elapsed Time: 25.13s
2026-01-20 03:42:48,025 | INFO | Batch 180 | Loss: 0.5400 | Correct: 106/128 | Elapsed Time: 25.08s
2026-01-20 03:43:13,082 | INFO | Batch 190 | Loss: 0.4858 | Correct: 106/128 | Elapsed Time: 25.06s
2026-01-20 03:43:38,150 | INFO | Batch 200 | Loss: 0.5328 | Correct: 106/128 | Elapsed Time: 25.07s
2026-01-20 03:44:03,325 | INFO | Batch 210 | Loss: 0.5014 | Correct: 106/128 | Elapsed Time: 25.17s
2026-01-20 03:44:28,483 | INFO | Batch 220 | Loss: 0.5757 | Correct: 99/128 | Elapsed Time: 25.16s
2026-01-20 03:44:53,572 | INFO | Batch 230 | Loss: 0.6567 | Correct: 98/128 | Elapsed Time: 25.09s
2026-01-20 03:45:18,664 | INFO | Batch 240 | Loss: 0.6006 | Correct: 101/128 | Elapsed Time: 25.09s
2026-01-20 03:45:43,803 | INFO | Batch 250 | Loss: 0.5650 | Correct: 101/128 | Elapsed Time: 25.14s
2026-01-20 03:46:08,959 | INFO | Batch 260 | Loss: 0.6058 | Correct: 97/128 | Elapsed Time: 25.16s
2026-01-20 03:46:34,117 | INFO | Batch 270 | Loss: 0.4985 | Correct: 105/128 | Elapsed Time: 25.16s
2026-01-20 03:46:59,346 | INFO | Batch 280 | Loss: 0.4495 | Correct: 108/128 | Elapsed Time: 25.23s
2026-01-20 03:47:24,489 | INFO | Batch 290 | Loss: 0.5573 | Correct: 102/128 | Elapsed Time: 25.14s
2026-01-20 03:47:49,693 | INFO | Batch 300 | Loss: 0.3833 | Correct: 109/128 | Elapsed Time: 25.20s
2026-01-20 03:48:14,823 | INFO | Batch 310 | Loss: 0.5515 | Correct: 102/128 | Elapsed Time: 25.13s
2026-01-20 03:48:39,897 | INFO | Batch 320 | Loss: 0.4596 | Correct: 108/128 | Elapsed Time: 25.07s
2026-01-20 03:49:04,968 | INFO | Batch 330 | Loss: 0.4233 | Correct: 110/128 | Elapsed Time: 25.07s
2026-01-20 03:49:30,131 | INFO | Batch 340 | Loss: 0.5050 | Correct: 104/128 | Elapsed Time: 25.16s
2026-01-20 03:49:55,151 | INFO | Batch 350 | Loss: 0.6594 | Correct: 101/128 | Elapsed Time: 25.02s
2026-01-20 03:50:20,210 | INFO | Batch 360 | Loss: 0.4825 | Correct: 105/128 | Elapsed Time: 25.06s
2026-01-20 03:50:45,260 | INFO | Batch 370 | Loss: 0.4841 | Correct: 104/128 | Elapsed Time: 25.05s
2026-01-20 03:51:10,312 | INFO | Batch 380 | Loss: 0.4986 | Correct: 104/128 | Elapsed Time: 25.05s
2026-01-20 03:51:35,405 | INFO | Batch 390 | Loss: 0.4386 | Correct: 109/128 | Elapsed Time: 25.09s
2026-01-20 03:51:37,093 | INFO | Epoch [25/100] - Loss: 0.5090 | Correct: 41074/50000 (82.15%, 982.06s)
2026-01-20 03:52:52,776 | INFO | Validation - Loss: 0.6452 | Correct: 7798/10000 (77.98%) (75.68s)
2026-01-20 03:53:17,834 | INFO | Batch 10 | Loss: 0.4556 | Correct: 104/128 | Elapsed Time: 25.06s
2026-01-20 03:53:42,900 | INFO | Batch 20 | Loss: 0.4332 | Correct: 106/128 | Elapsed Time: 25.07s
2026-01-20 03:54:07,911 | INFO | Batch 30 | Loss: 0.4276 | Correct: 108/128 | Elapsed Time: 25.01s
2026-01-20 03:54:32,923 | INFO | Batch 40 | Loss: 0.5901 | Correct: 103/128 | Elapsed Time: 25.01s
2026-01-20 03:54:57,949 | INFO | Batch 50 | Loss: 0.3596 | Correct: 111/128 | Elapsed Time: 25.03s
2026-01-20 03:55:23,028 | INFO | Batch 60 | Loss: 0.5574 | Correct: 105/128 | Elapsed Time: 25.08s
2026-01-20 03:55:48,205 | INFO | Batch 70 | Loss: 0.5037 | Correct: 103/128 | Elapsed Time: 25.18s
2026-01-20 03:56:13,291 | INFO | Batch 80 | Loss: 0.3448 | Correct: 114/128 | Elapsed Time: 25.09s
2026-01-20 03:56:38,362 | INFO | Batch 90 | Loss: 0.6274 | Correct: 106/128 | Elapsed Time: 25.07s
2026-01-20 03:57:03,472 | INFO | Batch 100 | Loss: 0.5688 | Correct: 101/128 | Elapsed Time: 25.11s
2026-01-20 03:57:28,564 | INFO | Batch 110 | Loss: 0.5361 | Correct: 108/128 | Elapsed Time: 25.09s
2026-01-20 03:57:53,721 | INFO | Batch 120 | Loss: 0.5686 | Correct: 103/128 | Elapsed Time: 25.16s
2026-01-20 03:58:18,837 | INFO | Batch 130 | Loss: 0.5100 | Correct: 106/128 | Elapsed Time: 25.12s
2026-01-20 03:58:44,026 | INFO | Batch 140 | Loss: 0.3332 | Correct: 116/128 | Elapsed Time: 25.19s
2026-01-20 03:59:09,078 | INFO | Batch 150 | Loss: 0.5727 | Correct: 105/128 | Elapsed Time: 25.05s
2026-01-20 03:59:34,189 | INFO | Batch 160 | Loss: 0.4666 | Correct: 106/128 | Elapsed Time: 25.11s
2026-01-20 03:59:59,264 | INFO | Batch 170 | Loss: 0.5431 | Correct: 106/128 | Elapsed Time: 25.07s
2026-01-20 04:00:24,368 | INFO | Batch 180 | Loss: 0.4787 | Correct: 107/128 | Elapsed Time: 25.10s
2026-01-20 04:00:49,423 | INFO | Batch 190 | Loss: 0.4587 | Correct: 106/128 | Elapsed Time: 25.06s
2026-01-20 04:01:14,514 | INFO | Batch 200 | Loss: 0.4859 | Correct: 109/128 | Elapsed Time: 25.09s
2026-01-20 04:01:39,595 | INFO | Batch 210 | Loss: 0.3487 | Correct: 115/128 | Elapsed Time: 25.08s
2026-01-20 04:02:04,650 | INFO | Batch 220 | Loss: 0.5202 | Correct: 107/128 | Elapsed Time: 25.06s
2026-01-20 04:02:29,708 | INFO | Batch 230 | Loss: 0.5726 | Correct: 98/128 | Elapsed Time: 25.06s
2026-01-20 04:02:54,744 | INFO | Batch 240 | Loss: 0.5333 | Correct: 99/128 | Elapsed Time: 25.04s
2026-01-20 04:03:19,770 | INFO | Batch 250 | Loss: 0.4429 | Correct: 107/128 | Elapsed Time: 25.03s
2026-01-20 04:03:44,815 | INFO | Batch 260 | Loss: 0.5236 | Correct: 100/128 | Elapsed Time: 25.05s
2026-01-20 04:04:10,000 | INFO | Batch 270 | Loss: 0.4161 | Correct: 108/128 | Elapsed Time: 25.18s
2026-01-20 04:04:35,099 | INFO | Batch 280 | Loss: 0.4484 | Correct: 108/128 | Elapsed Time: 25.10s
2026-01-20 04:05:00,155 | INFO | Batch 290 | Loss: 0.5678 | Correct: 106/128 | Elapsed Time: 25.06s
2026-01-20 04:05:25,207 | INFO | Batch 300 | Loss: 0.4615 | Correct: 107/128 | Elapsed Time: 25.05s
2026-01-20 04:05:50,272 | INFO | Batch 310 | Loss: 0.4173 | Correct: 108/128 | Elapsed Time: 25.06s
2026-01-20 04:06:15,324 | INFO | Batch 320 | Loss: 0.4084 | Correct: 106/128 | Elapsed Time: 25.05s
2026-01-20 04:06:40,414 | INFO | Batch 330 | Loss: 0.6353 | Correct: 100/128 | Elapsed Time: 25.09s
2026-01-20 04:07:05,549 | INFO | Batch 340 | Loss: 0.4435 | Correct: 106/128 | Elapsed Time: 25.13s
2026-01-20 04:07:30,626 | INFO | Batch 350 | Loss: 0.4391 | Correct: 109/128 | Elapsed Time: 25.08s
2026-01-20 04:07:55,655 | INFO | Batch 360 | Loss: 0.4751 | Correct: 104/128 | Elapsed Time: 25.03s
2026-01-20 04:08:20,704 | INFO | Batch 370 | Loss: 0.5999 | Correct: 105/128 | Elapsed Time: 25.05s
2026-01-20 04:08:45,737 | INFO | Batch 380 | Loss: 0.5204 | Correct: 105/128 | Elapsed Time: 25.03s
2026-01-20 04:09:10,785 | INFO | Batch 390 | Loss: 0.5059 | Correct: 103/128 | Elapsed Time: 25.05s
2026-01-20 04:09:12,469 | INFO | Epoch [26/100] - Loss: 0.4931 | Correct: 41393/50000 (82.79%, 979.69s)
2026-01-20 04:10:27,974 | INFO | Validation - Loss: 0.7431 | Correct: 7561/10000 (75.61%) (75.50s)
2026-01-20 04:10:53,011 | INFO | Batch 10 | Loss: 0.3140 | Correct: 116/128 | Elapsed Time: 25.03s
2026-01-20 04:11:18,024 | INFO | Batch 20 | Loss: 0.3350 | Correct: 114/128 | Elapsed Time: 25.01s
2026-01-20 04:11:43,050 | INFO | Batch 30 | Loss: 0.3998 | Correct: 111/128 | Elapsed Time: 25.03s
2026-01-20 04:12:08,158 | INFO | Batch 40 | Loss: 0.4382 | Correct: 108/128 | Elapsed Time: 25.11s
2026-01-20 04:12:33,281 | INFO | Batch 50 | Loss: 0.4217 | Correct: 108/128 | Elapsed Time: 25.12s
2026-01-20 04:12:58,355 | INFO | Batch 60 | Loss: 0.5302 | Correct: 103/128 | Elapsed Time: 25.07s
2026-01-20 04:13:23,532 | INFO | Batch 70 | Loss: 0.4742 | Correct: 107/128 | Elapsed Time: 25.18s
2026-01-20 04:13:48,595 | INFO | Batch 80 | Loss: 0.4880 | Correct: 108/128 | Elapsed Time: 25.06s
2026-01-20 04:14:13,663 | INFO | Batch 90 | Loss: 0.4480 | Correct: 110/128 | Elapsed Time: 25.07s
2026-01-20 04:14:38,765 | INFO | Batch 100 | Loss: 0.5274 | Correct: 99/128 | Elapsed Time: 25.10s
2026-01-20 04:15:03,838 | INFO | Batch 110 | Loss: 0.5292 | Correct: 107/128 | Elapsed Time: 25.07s
2026-01-20 04:15:28,887 | INFO | Batch 120 | Loss: 0.6612 | Correct: 98/128 | Elapsed Time: 25.05s
2026-01-20 04:15:54,061 | INFO | Batch 130 | Loss: 0.4533 | Correct: 107/128 | Elapsed Time: 25.17s
2026-01-20 04:16:19,129 | INFO | Batch 140 | Loss: 0.4537 | Correct: 106/128 | Elapsed Time: 25.07s
2026-01-20 04:16:44,205 | INFO | Batch 150 | Loss: 0.4989 | Correct: 100/128 | Elapsed Time: 25.08s
2026-01-20 04:17:09,219 | INFO | Batch 160 | Loss: 0.4626 | Correct: 110/128 | Elapsed Time: 25.01s
2026-01-20 04:17:34,320 | INFO | Batch 170 | Loss: 0.5068 | Correct: 107/128 | Elapsed Time: 25.10s
2026-01-20 04:17:59,419 | INFO | Batch 180 | Loss: 0.3761 | Correct: 109/128 | Elapsed Time: 25.10s
2026-01-20 04:18:24,491 | INFO | Batch 190 | Loss: 0.4610 | Correct: 111/128 | Elapsed Time: 25.07s
2026-01-20 04:18:49,623 | INFO | Batch 200 | Loss: 0.5650 | Correct: 107/128 | Elapsed Time: 25.13s
2026-01-20 04:19:14,687 | INFO | Batch 210 | Loss: 0.5377 | Correct: 104/128 | Elapsed Time: 25.06s
2026-01-20 04:19:39,769 | INFO | Batch 220 | Loss: 0.4843 | Correct: 103/128 | Elapsed Time: 25.08s
2026-01-20 04:20:04,806 | INFO | Batch 230 | Loss: 0.3776 | Correct: 113/128 | Elapsed Time: 25.04s
2026-01-20 04:20:29,874 | INFO | Batch 240 | Loss: 0.5129 | Correct: 108/128 | Elapsed Time: 25.07s
2026-01-20 04:20:54,863 | INFO | Batch 250 | Loss: 0.5544 | Correct: 103/128 | Elapsed Time: 24.99s
2026-01-20 04:21:19,930 | INFO | Batch 260 | Loss: 0.4301 | Correct: 107/128 | Elapsed Time: 25.07s
2026-01-20 04:21:44,980 | INFO | Batch 270 | Loss: 0.5602 | Correct: 103/128 | Elapsed Time: 25.05s
2026-01-20 04:22:10,041 | INFO | Batch 280 | Loss: 0.6586 | Correct: 96/128 | Elapsed Time: 25.06s
2026-01-20 04:22:35,089 | INFO | Batch 290 | Loss: 0.4123 | Correct: 108/128 | Elapsed Time: 25.05s
2026-01-20 04:23:00,206 | INFO | Batch 300 | Loss: 0.5216 | Correct: 104/128 | Elapsed Time: 25.12s
2026-01-20 04:23:25,264 | INFO | Batch 310 | Loss: 0.5882 | Correct: 99/128 | Elapsed Time: 25.06s
2026-01-20 04:23:50,373 | INFO | Batch 320 | Loss: 0.5429 | Correct: 104/128 | Elapsed Time: 25.11s
2026-01-20 04:24:15,651 | INFO | Batch 330 | Loss: 0.7082 | Correct: 103/128 | Elapsed Time: 25.28s
2026-01-20 04:24:40,792 | INFO | Batch 340 | Loss: 0.4534 | Correct: 106/128 | Elapsed Time: 25.14s
2026-01-20 04:25:05,887 | INFO | Batch 350 | Loss: 0.5655 | Correct: 102/128 | Elapsed Time: 25.10s
2026-01-20 04:25:30,979 | INFO | Batch 360 | Loss: 0.5355 | Correct: 107/128 | Elapsed Time: 25.09s
2026-01-20 04:25:56,047 | INFO | Batch 370 | Loss: 0.4384 | Correct: 105/128 | Elapsed Time: 25.07s
2026-01-20 04:26:21,095 | INFO | Batch 380 | Loss: 0.5963 | Correct: 100/128 | Elapsed Time: 25.05s
2026-01-20 04:26:46,168 | INFO | Batch 390 | Loss: 0.4834 | Correct: 104/128 | Elapsed Time: 25.07s
2026-01-20 04:26:47,970 | INFO | Epoch [27/100] - Loss: 0.4892 | Correct: 41426/50000 (82.85%, 979.99s)
2026-01-20 04:28:03,334 | INFO | Validation - Loss: 0.6022 | Correct: 8001/10000 (80.01%) (75.36s)
2026-01-20 04:28:03,497 | INFO | New best model saved at epoch 27 with Top1 Acc: 80.01%
2026-01-20 04:28:28,638 | INFO | Batch 10 | Loss: 0.5252 | Correct: 100/128 | Elapsed Time: 25.14s
2026-01-20 04:28:53,722 | INFO | Batch 20 | Loss: 0.6633 | Correct: 95/128 | Elapsed Time: 25.08s
2026-01-20 04:29:18,799 | INFO | Batch 30 | Loss: 0.5268 | Correct: 104/128 | Elapsed Time: 25.08s
2026-01-20 04:29:43,872 | INFO | Batch 40 | Loss: 0.5235 | Correct: 105/128 | Elapsed Time: 25.07s
2026-01-20 04:30:08,921 | INFO | Batch 50 | Loss: 0.3708 | Correct: 110/128 | Elapsed Time: 25.05s
2026-01-20 04:30:33,960 | INFO | Batch 60 | Loss: 0.4463 | Correct: 104/128 | Elapsed Time: 25.04s
2026-01-20 04:30:59,138 | INFO | Batch 70 | Loss: 0.6206 | Correct: 99/128 | Elapsed Time: 25.18s
2026-01-20 04:31:24,196 | INFO | Batch 80 | Loss: 0.5612 | Correct: 103/128 | Elapsed Time: 25.06s
2026-01-20 04:31:49,235 | INFO | Batch 90 | Loss: 0.4121 | Correct: 107/128 | Elapsed Time: 25.04s
2026-01-20 04:32:14,259 | INFO | Batch 100 | Loss: 0.4378 | Correct: 110/128 | Elapsed Time: 25.02s
2026-01-20 04:32:39,288 | INFO | Batch 110 | Loss: 0.4183 | Correct: 106/128 | Elapsed Time: 25.03s
2026-01-20 04:33:04,311 | INFO | Batch 120 | Loss: 0.3663 | Correct: 109/128 | Elapsed Time: 25.02s
2026-01-20 04:33:29,435 | INFO | Batch 130 | Loss: 0.4930 | Correct: 107/128 | Elapsed Time: 25.12s
2026-01-20 04:33:54,465 | INFO | Batch 140 | Loss: 0.6058 | Correct: 102/128 | Elapsed Time: 25.03s
2026-01-20 04:34:19,464 | INFO | Batch 150 | Loss: 0.5460 | Correct: 103/128 | Elapsed Time: 25.00s
2026-01-20 04:34:44,476 | INFO | Batch 160 | Loss: 0.4300 | Correct: 108/128 | Elapsed Time: 25.01s
2026-01-20 04:35:09,569 | INFO | Batch 170 | Loss: 0.6470 | Correct: 101/128 | Elapsed Time: 25.09s
2026-01-20 04:35:34,681 | INFO | Batch 180 | Loss: 0.4848 | Correct: 106/128 | Elapsed Time: 25.11s
2026-01-20 04:35:59,772 | INFO | Batch 190 | Loss: 0.5395 | Correct: 103/128 | Elapsed Time: 25.09s
2026-01-20 04:36:24,912 | INFO | Batch 200 | Loss: 0.4582 | Correct: 106/128 | Elapsed Time: 25.14s
2026-01-20 04:36:49,962 | INFO | Batch 210 | Loss: 0.4015 | Correct: 109/128 | Elapsed Time: 25.05s
2026-01-20 04:37:14,987 | INFO | Batch 220 | Loss: 0.3449 | Correct: 111/128 | Elapsed Time: 25.02s
2026-01-20 04:37:40,007 | INFO | Batch 230 | Loss: 0.5797 | Correct: 102/128 | Elapsed Time: 25.02s
2026-01-20 04:38:05,011 | INFO | Batch 240 | Loss: 0.4173 | Correct: 110/128 | Elapsed Time: 25.00s
2026-01-20 04:38:30,170 | INFO | Batch 250 | Loss: 0.4457 | Correct: 101/128 | Elapsed Time: 25.16s
2026-01-20 04:38:55,465 | INFO | Batch 260 | Loss: 0.4108 | Correct: 104/128 | Elapsed Time: 25.30s
2026-01-20 04:39:20,698 | INFO | Batch 270 | Loss: 0.5292 | Correct: 103/128 | Elapsed Time: 25.23s
2026-01-20 04:39:45,943 | INFO | Batch 280 | Loss: 0.6697 | Correct: 97/128 | Elapsed Time: 25.24s
2026-01-20 04:40:11,195 | INFO | Batch 290 | Loss: 0.4252 | Correct: 111/128 | Elapsed Time: 25.25s
2026-01-20 04:40:36,424 | INFO | Batch 300 | Loss: 0.4904 | Correct: 106/128 | Elapsed Time: 25.23s
2026-01-20 04:41:01,677 | INFO | Batch 310 | Loss: 0.5074 | Correct: 103/128 | Elapsed Time: 25.25s
2026-01-20 04:41:26,897 | INFO | Batch 320 | Loss: 0.5479 | Correct: 104/128 | Elapsed Time: 25.22s
2026-01-20 04:41:52,209 | INFO | Batch 330 | Loss: 0.4370 | Correct: 114/128 | Elapsed Time: 25.31s
2026-01-20 04:42:17,522 | INFO | Batch 340 | Loss: 0.4507 | Correct: 107/128 | Elapsed Time: 25.31s
2026-01-20 04:42:42,810 | INFO | Batch 350 | Loss: 0.4019 | Correct: 113/128 | Elapsed Time: 25.29s
2026-01-20 04:43:07,992 | INFO | Batch 360 | Loss: 0.5604 | Correct: 104/128 | Elapsed Time: 25.18s
2026-01-20 04:43:33,217 | INFO | Batch 370 | Loss: 0.4888 | Correct: 106/128 | Elapsed Time: 25.23s
2026-01-20 04:43:58,494 | INFO | Batch 380 | Loss: 0.5284 | Correct: 100/128 | Elapsed Time: 25.28s
2026-01-20 04:44:23,756 | INFO | Batch 390 | Loss: 0.4215 | Correct: 106/128 | Elapsed Time: 25.26s
2026-01-20 04:44:25,452 | INFO | Epoch [28/100] - Loss: 0.4792 | Correct: 41585/50000 (83.17%, 981.95s)
2026-01-20 04:45:41,817 | INFO | Validation - Loss: 0.5833 | Correct: 8025/10000 (80.25%) (76.36s)
2026-01-20 04:45:42,008 | INFO | New best model saved at epoch 28 with Top1 Acc: 80.25%
2026-01-20 04:46:07,264 | INFO | Batch 10 | Loss: 0.4188 | Correct: 112/128 | Elapsed Time: 25.26s
2026-01-20 04:46:32,521 | INFO | Batch 20 | Loss: 0.3762 | Correct: 111/128 | Elapsed Time: 25.26s
2026-01-20 04:46:57,752 | INFO | Batch 30 | Loss: 0.3957 | Correct: 109/128 | Elapsed Time: 25.23s
2026-01-20 04:47:22,979 | INFO | Batch 40 | Loss: 0.3805 | Correct: 108/128 | Elapsed Time: 25.23s
2026-01-20 04:47:48,180 | INFO | Batch 50 | Loss: 0.4173 | Correct: 114/128 | Elapsed Time: 25.20s
2026-01-20 04:48:13,542 | INFO | Batch 60 | Loss: 0.3383 | Correct: 111/128 | Elapsed Time: 25.36s
2026-01-20 04:48:38,781 | INFO | Batch 70 | Loss: 0.5655 | Correct: 106/128 | Elapsed Time: 25.24s
2026-01-20 04:49:04,024 | INFO | Batch 80 | Loss: 0.5422 | Correct: 106/128 | Elapsed Time: 25.24s
2026-01-20 04:49:29,271 | INFO | Batch 90 | Loss: 0.3921 | Correct: 111/128 | Elapsed Time: 25.25s
2026-01-20 04:49:54,403 | INFO | Batch 100 | Loss: 0.5790 | Correct: 105/128 | Elapsed Time: 25.13s
2026-01-20 04:50:19,399 | INFO | Batch 110 | Loss: 0.4689 | Correct: 107/128 | Elapsed Time: 25.00s
2026-01-20 04:50:44,432 | INFO | Batch 120 | Loss: 0.4586 | Correct: 108/128 | Elapsed Time: 25.03s
2026-01-20 04:51:09,566 | INFO | Batch 130 | Loss: 0.3616 | Correct: 108/128 | Elapsed Time: 25.13s
2026-01-20 04:51:34,575 | INFO | Batch 140 | Loss: 0.5334 | Correct: 111/128 | Elapsed Time: 25.01s
2026-01-20 04:51:59,592 | INFO | Batch 150 | Loss: 0.4470 | Correct: 106/128 | Elapsed Time: 25.02s
2026-01-20 04:52:24,620 | INFO | Batch 160 | Loss: 0.5749 | Correct: 106/128 | Elapsed Time: 25.03s
2026-01-20 04:52:49,711 | INFO | Batch 170 | Loss: 0.4871 | Correct: 104/128 | Elapsed Time: 25.09s
2026-01-20 04:53:14,804 | INFO | Batch 180 | Loss: 0.4444 | Correct: 107/128 | Elapsed Time: 25.09s
2026-01-20 04:53:39,958 | INFO | Batch 190 | Loss: 0.4849 | Correct: 106/128 | Elapsed Time: 25.15s
2026-01-20 04:54:05,034 | INFO | Batch 200 | Loss: 0.4405 | Correct: 111/128 | Elapsed Time: 25.08s
2026-01-20 04:54:30,103 | INFO | Batch 210 | Loss: 0.5320 | Correct: 102/128 | Elapsed Time: 25.07s
2026-01-20 04:54:55,171 | INFO | Batch 220 | Loss: 0.4274 | Correct: 112/128 | Elapsed Time: 25.07s
2026-01-20 04:55:20,222 | INFO | Batch 230 | Loss: 0.4926 | Correct: 107/128 | Elapsed Time: 25.05s
2026-01-20 04:55:45,295 | INFO | Batch 240 | Loss: 0.4408 | Correct: 108/128 | Elapsed Time: 25.07s
2026-01-20 04:56:10,498 | INFO | Batch 250 | Loss: 0.4299 | Correct: 111/128 | Elapsed Time: 25.20s
2026-01-20 04:56:35,801 | INFO | Batch 260 | Loss: 0.5664 | Correct: 102/128 | Elapsed Time: 25.30s
2026-01-20 04:57:01,053 | INFO | Batch 270 | Loss: 0.4957 | Correct: 105/128 | Elapsed Time: 25.25s
2026-01-20 04:57:26,270 | INFO | Batch 280 | Loss: 0.4525 | Correct: 109/128 | Elapsed Time: 25.22s
2026-01-20 04:57:51,492 | INFO | Batch 290 | Loss: 0.3573 | Correct: 111/128 | Elapsed Time: 25.22s
2026-01-20 04:58:16,747 | INFO | Batch 300 | Loss: 0.4886 | Correct: 106/128 | Elapsed Time: 25.25s
2026-01-20 04:58:41,919 | INFO | Batch 310 | Loss: 0.4703 | Correct: 102/128 | Elapsed Time: 25.17s
2026-01-20 04:59:07,072 | INFO | Batch 320 | Loss: 0.3732 | Correct: 113/128 | Elapsed Time: 25.15s
2026-01-20 04:59:32,121 | INFO | Batch 330 | Loss: 0.4191 | Correct: 112/128 | Elapsed Time: 25.05s
2026-01-20 04:59:57,174 | INFO | Batch 340 | Loss: 0.4842 | Correct: 106/128 | Elapsed Time: 25.05s
2026-01-20 05:00:22,218 | INFO | Batch 350 | Loss: 0.5203 | Correct: 101/128 | Elapsed Time: 25.04s
2026-01-20 05:00:47,253 | INFO | Batch 360 | Loss: 0.5843 | Correct: 102/128 | Elapsed Time: 25.04s
2026-01-20 05:01:12,272 | INFO | Batch 370 | Loss: 0.4797 | Correct: 107/128 | Elapsed Time: 25.02s
2026-01-20 05:01:37,283 | INFO | Batch 380 | Loss: 0.5136 | Correct: 106/128 | Elapsed Time: 25.01s
2026-01-20 05:02:02,425 | INFO | Batch 390 | Loss: 0.4407 | Correct: 105/128 | Elapsed Time: 25.14s
2026-01-20 05:02:04,139 | INFO | Epoch [29/100] - Loss: 0.4711 | Correct: 41775/50000 (83.55%, 982.13s)
2026-01-20 05:03:19,617 | INFO | Validation - Loss: 0.6298 | Correct: 7918/10000 (79.18%) (75.48s)
2026-01-20 05:03:44,646 | INFO | Batch 10 | Loss: 0.5782 | Correct: 103/128 | Elapsed Time: 25.03s
2026-01-20 05:04:09,657 | INFO | Batch 20 | Loss: 0.5081 | Correct: 106/128 | Elapsed Time: 25.01s
2026-01-20 05:04:34,598 | INFO | Batch 30 | Loss: 0.3359 | Correct: 114/128 | Elapsed Time: 24.94s
2026-01-20 05:04:59,583 | INFO | Batch 40 | Loss: 0.3554 | Correct: 115/128 | Elapsed Time: 24.98s
2026-01-20 05:05:24,585 | INFO | Batch 50 | Loss: 0.5048 | Correct: 102/128 | Elapsed Time: 25.00s
2026-01-20 05:05:49,701 | INFO | Batch 60 | Loss: 0.3257 | Correct: 112/128 | Elapsed Time: 25.12s
2026-01-20 05:06:14,706 | INFO | Batch 70 | Loss: 0.3761 | Correct: 110/128 | Elapsed Time: 25.01s
2026-01-20 05:06:39,764 | INFO | Batch 80 | Loss: 0.5539 | Correct: 102/128 | Elapsed Time: 25.06s
2026-01-20 05:07:04,766 | INFO | Batch 90 | Loss: 0.3785 | Correct: 110/128 | Elapsed Time: 25.00s
2026-01-20 05:07:29,717 | INFO | Batch 100 | Loss: 0.4987 | Correct: 107/128 | Elapsed Time: 24.95s
2026-01-20 05:07:54,738 | INFO | Batch 110 | Loss: 0.4192 | Correct: 109/128 | Elapsed Time: 25.02s
2026-01-20 05:08:19,790 | INFO | Batch 120 | Loss: 0.4340 | Correct: 104/128 | Elapsed Time: 25.05s
2026-01-20 05:08:44,845 | INFO | Batch 130 | Loss: 0.4901 | Correct: 106/128 | Elapsed Time: 25.06s
2026-01-20 05:09:09,845 | INFO | Batch 140 | Loss: 0.5369 | Correct: 106/128 | Elapsed Time: 25.00s
2026-01-20 05:09:34,848 | INFO | Batch 150 | Loss: 0.5518 | Correct: 103/128 | Elapsed Time: 25.00s
2026-01-20 05:09:59,882 | INFO | Batch 160 | Loss: 0.3786 | Correct: 114/128 | Elapsed Time: 25.03s
2026-01-20 05:10:24,924 | INFO | Batch 170 | Loss: 0.4949 | Correct: 109/128 | Elapsed Time: 25.04s
2026-01-20 05:10:49,967 | INFO | Batch 180 | Loss: 0.4019 | Correct: 112/128 | Elapsed Time: 25.04s
2026-01-20 05:11:15,128 | INFO | Batch 190 | Loss: 0.4096 | Correct: 112/128 | Elapsed Time: 25.16s
2026-01-20 05:11:40,174 | INFO | Batch 200 | Loss: 0.4964 | Correct: 106/128 | Elapsed Time: 25.05s
2026-01-20 05:12:05,206 | INFO | Batch 210 | Loss: 0.4877 | Correct: 103/128 | Elapsed Time: 25.03s
2026-01-20 05:12:30,235 | INFO | Batch 220 | Loss: 0.4018 | Correct: 107/128 | Elapsed Time: 25.03s
2026-01-20 05:12:55,262 | INFO | Batch 230 | Loss: 0.4896 | Correct: 109/128 | Elapsed Time: 25.03s
2026-01-20 05:13:20,292 | INFO | Batch 240 | Loss: 0.4160 | Correct: 108/128 | Elapsed Time: 25.03s
2026-01-20 05:13:45,257 | INFO | Batch 250 | Loss: 0.5439 | Correct: 106/128 | Elapsed Time: 24.97s
2026-01-20 05:14:10,333 | INFO | Batch 260 | Loss: 0.3944 | Correct: 113/128 | Elapsed Time: 25.08s
2026-01-20 05:14:35,308 | INFO | Batch 270 | Loss: 0.3842 | Correct: 109/128 | Elapsed Time: 24.98s
2026-01-20 05:15:00,303 | INFO | Batch 280 | Loss: 0.5081 | Correct: 106/128 | Elapsed Time: 24.99s
2026-01-20 05:15:25,310 | INFO | Batch 290 | Loss: 0.4477 | Correct: 112/128 | Elapsed Time: 25.01s
2026-01-20 05:15:50,327 | INFO | Batch 300 | Loss: 0.4391 | Correct: 103/128 | Elapsed Time: 25.02s
2026-01-20 05:16:15,333 | INFO | Batch 310 | Loss: 0.6337 | Correct: 104/128 | Elapsed Time: 25.01s
2026-01-20 05:16:40,476 | INFO | Batch 320 | Loss: 0.5490 | Correct: 103/128 | Elapsed Time: 25.14s
2026-01-20 05:17:05,551 | INFO | Batch 330 | Loss: 0.5666 | Correct: 104/128 | Elapsed Time: 25.07s
2026-01-20 05:17:30,600 | INFO | Batch 340 | Loss: 0.4936 | Correct: 105/128 | Elapsed Time: 25.05s
2026-01-20 05:17:55,613 | INFO | Batch 350 | Loss: 0.3938 | Correct: 114/128 | Elapsed Time: 25.01s
2026-01-20 05:18:20,704 | INFO | Batch 360 | Loss: 0.4924 | Correct: 107/128 | Elapsed Time: 25.09s
2026-01-20 05:18:45,818 | INFO | Batch 370 | Loss: 0.5791 | Correct: 104/128 | Elapsed Time: 25.11s
2026-01-20 05:19:10,930 | INFO | Batch 380 | Loss: 0.4594 | Correct: 107/128 | Elapsed Time: 25.11s
2026-01-20 05:19:36,090 | INFO | Batch 390 | Loss: 0.3726 | Correct: 111/128 | Elapsed Time: 25.16s
2026-01-20 05:19:37,777 | INFO | Epoch [30/100] - Loss: 0.4631 | Correct: 41903/50000 (83.81%, 978.16s)
2026-01-20 05:20:53,232 | INFO | Validation - Loss: 0.5756 | Correct: 8048/10000 (80.48%) (75.45s)
2026-01-20 05:20:53,422 | INFO | New best model saved at epoch 30 with Top1 Acc: 80.48%
2026-01-20 05:21:18,509 | INFO | Batch 10 | Loss: 0.4417 | Correct: 106/128 | Elapsed Time: 25.09s
2026-01-20 05:21:43,639 | INFO | Batch 20 | Loss: 0.3489 | Correct: 111/128 | Elapsed Time: 25.13s
2026-01-20 05:22:08,733 | INFO | Batch 30 | Loss: 0.4466 | Correct: 110/128 | Elapsed Time: 25.09s
2026-01-20 05:22:33,790 | INFO | Batch 40 | Loss: 0.3974 | Correct: 107/128 | Elapsed Time: 25.06s
2026-01-20 05:22:58,866 | INFO | Batch 50 | Loss: 0.4624 | Correct: 110/128 | Elapsed Time: 25.08s
2026-01-20 05:23:23,925 | INFO | Batch 60 | Loss: 0.5281 | Correct: 107/128 | Elapsed Time: 25.06s
2026-01-20 05:23:48,954 | INFO | Batch 70 | Loss: 0.5294 | Correct: 105/128 | Elapsed Time: 25.03s
2026-01-20 05:24:14,032 | INFO | Batch 80 | Loss: 0.4234 | Correct: 111/128 | Elapsed Time: 25.08s
2026-01-20 05:24:39,065 | INFO | Batch 90 | Loss: 0.3984 | Correct: 109/128 | Elapsed Time: 25.03s
2026-01-20 05:25:04,105 | INFO | Batch 100 | Loss: 0.3128 | Correct: 118/128 | Elapsed Time: 25.04s
2026-01-20 05:25:29,119 | INFO | Batch 110 | Loss: 0.4203 | Correct: 110/128 | Elapsed Time: 25.01s
2026-01-20 05:25:54,236 | INFO | Batch 120 | Loss: 0.4697 | Correct: 106/128 | Elapsed Time: 25.12s
2026-01-20 05:26:19,288 | INFO | Batch 130 | Loss: 0.3602 | Correct: 114/128 | Elapsed Time: 25.05s
2026-01-20 05:26:44,292 | INFO | Batch 140 | Loss: 0.4411 | Correct: 109/128 | Elapsed Time: 25.00s
2026-01-20 05:27:09,297 | INFO | Batch 150 | Loss: 0.4988 | Correct: 105/128 | Elapsed Time: 25.01s
2026-01-20 05:27:34,283 | INFO | Batch 160 | Loss: 0.4505 | Correct: 107/128 | Elapsed Time: 24.99s
2026-01-20 05:27:59,341 | INFO | Batch 170 | Loss: 0.3175 | Correct: 111/128 | Elapsed Time: 25.06s
2026-01-20 05:28:24,372 | INFO | Batch 180 | Loss: 0.4829 | Correct: 108/128 | Elapsed Time: 25.03s
2026-01-20 05:28:49,521 | INFO | Batch 190 | Loss: 0.3500 | Correct: 108/128 | Elapsed Time: 25.15s
2026-01-20 05:29:14,491 | INFO | Batch 200 | Loss: 0.5623 | Correct: 103/128 | Elapsed Time: 24.97s
2026-01-20 05:29:39,503 | INFO | Batch 210 | Loss: 0.4724 | Correct: 110/128 | Elapsed Time: 25.01s
2026-01-20 05:30:04,565 | INFO | Batch 220 | Loss: 0.4533 | Correct: 108/128 | Elapsed Time: 25.06s
2026-01-20 05:30:29,587 | INFO | Batch 230 | Loss: 0.4284 | Correct: 107/128 | Elapsed Time: 25.02s
2026-01-20 05:30:54,576 | INFO | Batch 240 | Loss: 0.5557 | Correct: 103/128 | Elapsed Time: 24.99s
2026-01-20 05:31:19,727 | INFO | Batch 250 | Loss: 0.4349 | Correct: 114/128 | Elapsed Time: 25.15s
2026-01-20 05:31:44,761 | INFO | Batch 260 | Loss: 0.5982 | Correct: 101/128 | Elapsed Time: 25.03s
2026-01-20 05:32:09,769 | INFO | Batch 270 | Loss: 0.4120 | Correct: 108/128 | Elapsed Time: 25.01s
2026-01-20 05:32:34,792 | INFO | Batch 280 | Loss: 0.3556 | Correct: 112/128 | Elapsed Time: 25.02s
2026-01-20 05:32:59,754 | INFO | Batch 290 | Loss: 0.4366 | Correct: 107/128 | Elapsed Time: 24.96s
2026-01-20 05:33:24,714 | INFO | Batch 300 | Loss: 0.3953 | Correct: 111/128 | Elapsed Time: 24.96s
2026-01-20 05:33:49,724 | INFO | Batch 310 | Loss: 0.4032 | Correct: 109/128 | Elapsed Time: 25.01s
2026-01-20 05:34:14,753 | INFO | Batch 320 | Loss: 0.3453 | Correct: 112/128 | Elapsed Time: 25.03s
2026-01-20 05:34:39,748 | INFO | Batch 330 | Loss: 0.4152 | Correct: 106/128 | Elapsed Time: 25.00s
2026-01-20 05:35:04,732 | INFO | Batch 340 | Loss: 0.3767 | Correct: 109/128 | Elapsed Time: 24.98s
2026-01-20 05:35:29,706 | INFO | Batch 350 | Loss: 0.6253 | Correct: 104/128 | Elapsed Time: 24.97s
2026-01-20 05:35:54,706 | INFO | Batch 360 | Loss: 0.5558 | Correct: 106/128 | Elapsed Time: 25.00s
2026-01-20 05:36:19,719 | INFO | Batch 370 | Loss: 0.5118 | Correct: 107/128 | Elapsed Time: 25.01s
2026-01-20 05:36:44,815 | INFO | Batch 380 | Loss: 0.3337 | Correct: 115/128 | Elapsed Time: 25.10s
2026-01-20 05:37:09,752 | INFO | Batch 390 | Loss: 0.6259 | Correct: 106/128 | Elapsed Time: 24.94s
2026-01-20 05:37:11,440 | INFO | Epoch [31/100] - Loss: 0.4503 | Correct: 42060/50000 (84.12%, 978.02s)
2026-01-20 05:38:26,789 | INFO | Validation - Loss: 0.6260 | Correct: 7951/10000 (79.51%) (75.35s)
2026-01-20 05:38:51,793 | INFO | Batch 10 | Loss: 0.3354 | Correct: 113/128 | Elapsed Time: 25.00s
2026-01-20 05:39:16,810 | INFO | Batch 20 | Loss: 0.4784 | Correct: 105/128 | Elapsed Time: 25.02s
2026-01-20 05:39:41,811 | INFO | Batch 30 | Loss: 0.4222 | Correct: 108/128 | Elapsed Time: 25.00s
2026-01-20 05:40:06,839 | INFO | Batch 40 | Loss: 0.4026 | Correct: 109/128 | Elapsed Time: 25.03s
2026-01-20 05:40:31,854 | INFO | Batch 50 | Loss: 0.4448 | Correct: 109/128 | Elapsed Time: 25.01s
2026-01-20 05:40:56,978 | INFO | Batch 60 | Loss: 0.4354 | Correct: 109/128 | Elapsed Time: 25.12s
2026-01-20 05:41:21,996 | INFO | Batch 70 | Loss: 0.4200 | Correct: 107/128 | Elapsed Time: 25.02s
2026-01-20 05:41:47,055 | INFO | Batch 80 | Loss: 0.5556 | Correct: 99/128 | Elapsed Time: 25.06s
2026-01-20 05:42:12,068 | INFO | Batch 90 | Loss: 0.5406 | Correct: 103/128 | Elapsed Time: 25.01s
2026-01-20 05:42:37,096 | INFO | Batch 100 | Loss: 0.4361 | Correct: 107/128 | Elapsed Time: 25.03s
2026-01-20 05:43:02,123 | INFO | Batch 110 | Loss: 0.4126 | Correct: 107/128 | Elapsed Time: 25.03s
2026-01-20 05:43:27,216 | INFO | Batch 120 | Loss: 0.6449 | Correct: 100/128 | Elapsed Time: 25.09s
2026-01-20 05:43:52,213 | INFO | Batch 130 | Loss: 0.5227 | Correct: 105/128 | Elapsed Time: 25.00s
2026-01-20 05:44:17,224 | INFO | Batch 140 | Loss: 0.4498 | Correct: 110/128 | Elapsed Time: 25.01s
2026-01-20 05:44:42,232 | INFO | Batch 150 | Loss: 0.6503 | Correct: 103/128 | Elapsed Time: 25.01s
2026-01-20 05:45:07,227 | INFO | Batch 160 | Loss: 0.5401 | Correct: 102/128 | Elapsed Time: 25.00s
2026-01-20 05:45:32,232 | INFO | Batch 170 | Loss: 0.3788 | Correct: 107/128 | Elapsed Time: 25.00s
2026-01-20 05:45:57,256 | INFO | Batch 180 | Loss: 0.5346 | Correct: 107/128 | Elapsed Time: 25.02s
2026-01-20 05:46:22,339 | INFO | Batch 190 | Loss: 0.5943 | Correct: 102/128 | Elapsed Time: 25.08s
2026-01-20 05:46:47,312 | INFO | Batch 200 | Loss: 0.5293 | Correct: 106/128 | Elapsed Time: 24.97s
2026-01-20 05:47:12,310 | INFO | Batch 210 | Loss: 0.6468 | Correct: 103/128 | Elapsed Time: 25.00s
2026-01-20 05:47:37,304 | INFO | Batch 220 | Loss: 0.3524 | Correct: 107/128 | Elapsed Time: 24.99s
2026-01-20 05:48:02,308 | INFO | Batch 230 | Loss: 0.3888 | Correct: 112/128 | Elapsed Time: 25.00s
2026-01-20 05:48:27,277 | INFO | Batch 240 | Loss: 0.4198 | Correct: 112/128 | Elapsed Time: 24.97s
2026-01-20 05:48:52,324 | INFO | Batch 250 | Loss: 0.3146 | Correct: 114/128 | Elapsed Time: 25.05s
2026-01-20 05:49:17,303 | INFO | Batch 260 | Loss: 0.3939 | Correct: 108/128 | Elapsed Time: 24.98s
2026-01-20 05:49:42,296 | INFO | Batch 270 | Loss: 0.5422 | Correct: 102/128 | Elapsed Time: 24.99s
2026-01-20 05:50:07,316 | INFO | Batch 280 | Loss: 0.4358 | Correct: 109/128 | Elapsed Time: 25.02s
2026-01-20 05:50:32,336 | INFO | Batch 290 | Loss: 0.2930 | Correct: 113/128 | Elapsed Time: 25.02s
2026-01-20 05:50:57,289 | INFO | Batch 300 | Loss: 0.3730 | Correct: 114/128 | Elapsed Time: 24.95s
2026-01-20 05:51:22,284 | INFO | Batch 310 | Loss: 0.5156 | Correct: 108/128 | Elapsed Time: 24.99s
2026-01-20 05:51:47,339 | INFO | Batch 320 | Loss: 0.4816 | Correct: 101/128 | Elapsed Time: 25.06s
2026-01-20 05:52:12,296 | INFO | Batch 330 | Loss: 0.4379 | Correct: 108/128 | Elapsed Time: 24.96s
2026-01-20 05:52:37,269 | INFO | Batch 340 | Loss: 0.4826 | Correct: 105/128 | Elapsed Time: 24.97s
2026-01-20 05:53:02,274 | INFO | Batch 350 | Loss: 0.4915 | Correct: 102/128 | Elapsed Time: 25.01s
2026-01-20 05:53:27,260 | INFO | Batch 360 | Loss: 0.3932 | Correct: 106/128 | Elapsed Time: 24.99s
2026-01-20 05:53:52,242 | INFO | Batch 370 | Loss: 0.3659 | Correct: 110/128 | Elapsed Time: 24.98s
2026-01-20 05:54:17,260 | INFO | Batch 380 | Loss: 0.3289 | Correct: 113/128 | Elapsed Time: 25.02s
2026-01-20 05:54:42,408 | INFO | Batch 390 | Loss: 0.4060 | Correct: 111/128 | Elapsed Time: 25.15s
2026-01-20 05:54:44,123 | INFO | Epoch [32/100] - Loss: 0.4440 | Correct: 42175/50000 (84.35%, 977.33s)
2026-01-20 05:55:59,505 | INFO | Validation - Loss: 0.6219 | Correct: 7962/10000 (79.62%) (75.38s)
2026-01-20 05:56:24,556 | INFO | Batch 10 | Loss: 0.3398 | Correct: 111/128 | Elapsed Time: 25.05s
2026-01-20 05:56:49,642 | INFO | Batch 20 | Loss: 0.4482 | Correct: 108/128 | Elapsed Time: 25.09s
2026-01-20 05:57:14,716 | INFO | Batch 30 | Loss: 0.4489 | Correct: 108/128 | Elapsed Time: 25.07s
2026-01-20 05:57:39,724 | INFO | Batch 40 | Loss: 0.4268 | Correct: 105/128 | Elapsed Time: 25.01s
2026-01-20 05:58:04,834 | INFO | Batch 50 | Loss: 0.3554 | Correct: 113/128 | Elapsed Time: 25.11s
2026-01-20 05:58:29,849 | INFO | Batch 60 | Loss: 0.3295 | Correct: 112/128 | Elapsed Time: 25.01s
2026-01-20 05:58:54,843 | INFO | Batch 70 | Loss: 0.4047 | Correct: 107/128 | Elapsed Time: 24.99s
2026-01-20 05:59:19,859 | INFO | Batch 80 | Loss: 0.4047 | Correct: 109/128 | Elapsed Time: 25.02s
2026-01-20 05:59:44,876 | INFO | Batch 90 | Loss: 0.4779 | Correct: 109/128 | Elapsed Time: 25.02s
2026-01-20 06:00:09,944 | INFO | Batch 100 | Loss: 0.3861 | Correct: 109/128 | Elapsed Time: 25.07s
2026-01-20 06:00:34,968 | INFO | Batch 110 | Loss: 0.3535 | Correct: 109/128 | Elapsed Time: 25.02s
2026-01-20 06:01:00,062 | INFO | Batch 120 | Loss: 0.4726 | Correct: 99/128 | Elapsed Time: 25.09s
2026-01-20 06:01:25,067 | INFO | Batch 130 | Loss: 0.4765 | Correct: 104/128 | Elapsed Time: 25.00s
2026-01-20 06:01:50,064 | INFO | Batch 140 | Loss: 0.5650 | Correct: 104/128 | Elapsed Time: 25.00s
2026-01-20 06:02:15,039 | INFO | Batch 150 | Loss: 0.3856 | Correct: 110/128 | Elapsed Time: 24.97s
2026-01-20 06:02:40,001 | INFO | Batch 160 | Loss: 0.4365 | Correct: 106/128 | Elapsed Time: 24.96s
2026-01-20 06:03:04,999 | INFO | Batch 170 | Loss: 0.4694 | Correct: 109/128 | Elapsed Time: 25.00s
2026-01-20 06:03:30,125 | INFO | Batch 180 | Loss: 0.5149 | Correct: 106/128 | Elapsed Time: 25.13s
2026-01-20 06:03:55,142 | INFO | Batch 190 | Loss: 0.4569 | Correct: 105/128 | Elapsed Time: 25.02s
2026-01-20 06:04:20,114 | INFO | Batch 200 | Loss: 0.3529 | Correct: 112/128 | Elapsed Time: 24.97s
2026-01-20 06:04:45,137 | INFO | Batch 210 | Loss: 0.5135 | Correct: 103/128 | Elapsed Time: 25.02s
2026-01-20 06:05:10,189 | INFO | Batch 220 | Loss: 0.3964 | Correct: 111/128 | Elapsed Time: 25.05s
2026-01-20 06:05:35,206 | INFO | Batch 230 | Loss: 0.4376 | Correct: 107/128 | Elapsed Time: 25.02s
2026-01-20 06:06:00,233 | INFO | Batch 240 | Loss: 0.4924 | Correct: 105/128 | Elapsed Time: 25.03s
2026-01-20 06:06:25,454 | INFO | Batch 250 | Loss: 0.4651 | Correct: 105/128 | Elapsed Time: 25.22s
2026-01-20 06:06:50,511 | INFO | Batch 260 | Loss: 0.3752 | Correct: 110/128 | Elapsed Time: 25.06s
2026-01-20 06:07:15,507 | INFO | Batch 270 | Loss: 0.3630 | Correct: 113/128 | Elapsed Time: 25.00s
2026-01-20 06:07:40,537 | INFO | Batch 280 | Loss: 0.3677 | Correct: 112/128 | Elapsed Time: 25.03s
2026-01-20 06:08:05,551 | INFO | Batch 290 | Loss: 0.3476 | Correct: 115/128 | Elapsed Time: 25.01s
2026-01-20 06:08:30,515 | INFO | Batch 300 | Loss: 0.4562 | Correct: 109/128 | Elapsed Time: 24.96s
2026-01-20 06:08:55,509 | INFO | Batch 310 | Loss: 0.3630 | Correct: 111/128 | Elapsed Time: 24.99s
2026-01-20 06:09:20,490 | INFO | Batch 320 | Loss: 0.4764 | Correct: 105/128 | Elapsed Time: 24.98s
2026-01-20 06:09:45,492 | INFO | Batch 330 | Loss: 0.3273 | Correct: 113/128 | Elapsed Time: 25.00s
2026-01-20 06:10:10,484 | INFO | Batch 340 | Loss: 0.3295 | Correct: 111/128 | Elapsed Time: 24.99s
2026-01-20 06:10:35,459 | INFO | Batch 350 | Loss: 0.4812 | Correct: 106/128 | Elapsed Time: 24.98s
2026-01-20 06:11:00,450 | INFO | Batch 360 | Loss: 0.3931 | Correct: 112/128 | Elapsed Time: 24.99s
2026-01-20 06:11:25,452 | INFO | Batch 370 | Loss: 0.4513 | Correct: 111/128 | Elapsed Time: 25.00s
2026-01-20 06:11:50,562 | INFO | Batch 380 | Loss: 0.3746 | Correct: 111/128 | Elapsed Time: 25.11s
2026-01-20 06:12:15,530 | INFO | Batch 390 | Loss: 0.4562 | Correct: 113/128 | Elapsed Time: 24.97s
2026-01-20 06:12:17,210 | INFO | Epoch [33/100] - Loss: 0.4347 | Correct: 42271/50000 (84.54%, 977.70s)
2026-01-20 06:13:32,436 | INFO | Validation - Loss: 0.6423 | Correct: 7873/10000 (78.73%) (75.22s)
2026-01-20 06:13:57,453 | INFO | Batch 10 | Loss: 0.4757 | Correct: 105/128 | Elapsed Time: 25.01s
2026-01-20 06:14:22,471 | INFO | Batch 20 | Loss: 0.3024 | Correct: 115/128 | Elapsed Time: 25.02s
2026-01-20 06:14:47,450 | INFO | Batch 30 | Loss: 0.3370 | Correct: 115/128 | Elapsed Time: 24.98s
2026-01-20 06:15:12,443 | INFO | Batch 40 | Loss: 0.4202 | Correct: 109/128 | Elapsed Time: 24.99s
2026-01-20 06:15:37,582 | INFO | Batch 50 | Loss: 0.2944 | Correct: 117/128 | Elapsed Time: 25.14s
2026-01-20 06:16:02,570 | INFO | Batch 60 | Loss: 0.5721 | Correct: 102/128 | Elapsed Time: 24.99s
2026-01-20 06:16:27,658 | INFO | Batch 70 | Loss: 0.3668 | Correct: 110/128 | Elapsed Time: 25.09s
2026-01-20 06:16:52,721 | INFO | Batch 80 | Loss: 0.3927 | Correct: 111/128 | Elapsed Time: 25.06s
2026-01-20 06:17:17,795 | INFO | Batch 90 | Loss: 0.3479 | Correct: 113/128 | Elapsed Time: 25.07s
2026-01-20 06:17:42,859 | INFO | Batch 100 | Loss: 0.4933 | Correct: 106/128 | Elapsed Time: 25.06s
2026-01-20 06:18:08,026 | INFO | Batch 110 | Loss: 0.4526 | Correct: 107/128 | Elapsed Time: 25.17s
2026-01-20 06:18:33,077 | INFO | Batch 120 | Loss: 0.3777 | Correct: 115/128 | Elapsed Time: 25.05s
2026-01-20 06:18:58,110 | INFO | Batch 130 | Loss: 0.3972 | Correct: 110/128 | Elapsed Time: 25.03s
2026-01-20 06:19:23,113 | INFO | Batch 140 | Loss: 0.4120 | Correct: 111/128 | Elapsed Time: 25.00s
2026-01-20 06:19:48,084 | INFO | Batch 150 | Loss: 0.4197 | Correct: 107/128 | Elapsed Time: 24.97s
2026-01-20 06:20:13,069 | INFO | Batch 160 | Loss: 0.5630 | Correct: 102/128 | Elapsed Time: 24.98s
2026-01-20 06:20:38,049 | INFO | Batch 170 | Loss: 0.5522 | Correct: 101/128 | Elapsed Time: 24.98s
2026-01-20 06:21:03,179 | INFO | Batch 180 | Loss: 0.4360 | Correct: 110/128 | Elapsed Time: 25.13s
2026-01-20 06:21:28,209 | INFO | Batch 190 | Loss: 0.5696 | Correct: 100/128 | Elapsed Time: 25.03s
2026-01-20 06:21:53,199 | INFO | Batch 200 | Loss: 0.3734 | Correct: 113/128 | Elapsed Time: 24.99s
2026-01-20 06:22:18,228 | INFO | Batch 210 | Loss: 0.3607 | Correct: 110/128 | Elapsed Time: 25.03s
2026-01-20 06:22:43,223 | INFO | Batch 220 | Loss: 0.4242 | Correct: 110/128 | Elapsed Time: 25.00s
2026-01-20 06:23:08,221 | INFO | Batch 230 | Loss: 0.3844 | Correct: 111/128 | Elapsed Time: 25.00s
2026-01-20 06:23:33,215 | INFO | Batch 240 | Loss: 0.3551 | Correct: 113/128 | Elapsed Time: 24.99s
2026-01-20 06:23:58,334 | INFO | Batch 250 | Loss: 0.3349 | Correct: 116/128 | Elapsed Time: 25.12s
2026-01-20 06:24:23,368 | INFO | Batch 260 | Loss: 0.3184 | Correct: 113/128 | Elapsed Time: 25.03s
2026-01-20 06:24:48,382 | INFO | Batch 270 | Loss: 0.3784 | Correct: 106/128 | Elapsed Time: 25.01s
2026-01-20 06:25:13,395 | INFO | Batch 280 | Loss: 0.3518 | Correct: 113/128 | Elapsed Time: 25.01s
2026-01-20 06:25:38,388 | INFO | Batch 290 | Loss: 0.4492 | Correct: 105/128 | Elapsed Time: 24.99s
2026-01-20 06:26:03,403 | INFO | Batch 300 | Loss: 0.5170 | Correct: 105/128 | Elapsed Time: 25.01s
2026-01-20 06:26:28,513 | INFO | Batch 310 | Loss: 0.3809 | Correct: 111/128 | Elapsed Time: 25.11s
2026-01-20 06:26:53,526 | INFO | Batch 320 | Loss: 0.5163 | Correct: 106/128 | Elapsed Time: 25.01s
2026-01-20 06:27:18,563 | INFO | Batch 330 | Loss: 0.4685 | Correct: 109/128 | Elapsed Time: 25.04s
2026-01-20 06:27:43,618 | INFO | Batch 340 | Loss: 0.4546 | Correct: 104/128 | Elapsed Time: 25.05s
2026-01-20 06:28:08,727 | INFO | Batch 350 | Loss: 0.5610 | Correct: 107/128 | Elapsed Time: 25.11s
2026-01-20 06:28:33,839 | INFO | Batch 360 | Loss: 0.5145 | Correct: 103/128 | Elapsed Time: 25.11s
2026-01-20 06:28:58,931 | INFO | Batch 370 | Loss: 0.3439 | Correct: 112/128 | Elapsed Time: 25.09s
2026-01-20 06:29:24,079 | INFO | Batch 380 | Loss: 0.3783 | Correct: 114/128 | Elapsed Time: 25.15s
2026-01-20 06:29:49,168 | INFO | Batch 390 | Loss: 0.3548 | Correct: 109/128 | Elapsed Time: 25.09s
2026-01-20 06:29:50,852 | INFO | Epoch [34/100] - Loss: 0.4253 | Correct: 42499/50000 (85.00%, 978.41s)
2026-01-20 06:31:06,319 | INFO | Validation - Loss: 0.6397 | Correct: 7822/10000 (78.22%) (75.47s)
2026-01-20 06:31:31,433 | INFO | Batch 10 | Loss: 0.3978 | Correct: 108/128 | Elapsed Time: 25.11s
2026-01-20 06:31:56,472 | INFO | Batch 20 | Loss: 0.3652 | Correct: 108/128 | Elapsed Time: 25.04s
2026-01-20 06:32:21,527 | INFO | Batch 30 | Loss: 0.2985 | Correct: 115/128 | Elapsed Time: 25.06s
2026-01-20 06:32:46,620 | INFO | Batch 40 | Loss: 0.4620 | Correct: 110/128 | Elapsed Time: 25.09s
2026-01-20 06:33:11,792 | INFO | Batch 50 | Loss: 0.3247 | Correct: 116/128 | Elapsed Time: 25.17s
2026-01-20 06:33:36,798 | INFO | Batch 60 | Loss: 0.2865 | Correct: 117/128 | Elapsed Time: 25.01s
2026-01-20 06:34:01,780 | INFO | Batch 70 | Loss: 0.5764 | Correct: 105/128 | Elapsed Time: 24.98s
2026-01-20 06:34:26,803 | INFO | Batch 80 | Loss: 0.3789 | Correct: 112/128 | Elapsed Time: 25.02s
2026-01-20 06:34:51,806 | INFO | Batch 90 | Loss: 0.3324 | Correct: 112/128 | Elapsed Time: 25.00s
2026-01-20 06:35:16,769 | INFO | Batch 100 | Loss: 0.4241 | Correct: 109/128 | Elapsed Time: 24.96s
2026-01-20 06:35:41,780 | INFO | Batch 110 | Loss: 0.4001 | Correct: 113/128 | Elapsed Time: 25.01s
2026-01-20 06:36:06,867 | INFO | Batch 120 | Loss: 0.4060 | Correct: 109/128 | Elapsed Time: 25.09s
2026-01-20 06:36:31,864 | INFO | Batch 130 | Loss: 0.4635 | Correct: 103/128 | Elapsed Time: 25.00s
2026-01-20 06:36:56,870 | INFO | Batch 140 | Loss: 0.5193 | Correct: 104/128 | Elapsed Time: 25.01s
2026-01-20 06:37:21,846 | INFO | Batch 150 | Loss: 0.5193 | Correct: 107/128 | Elapsed Time: 24.98s
2026-01-20 06:37:46,843 | INFO | Batch 160 | Loss: 0.3484 | Correct: 111/128 | Elapsed Time: 25.00s
2026-01-20 06:38:11,831 | INFO | Batch 170 | Loss: 0.4124 | Correct: 111/128 | Elapsed Time: 24.99s
2026-01-20 06:38:36,944 | INFO | Batch 180 | Loss: 0.4431 | Correct: 108/128 | Elapsed Time: 25.11s
2026-01-20 06:39:01,974 | INFO | Batch 190 | Loss: 0.4829 | Correct: 110/128 | Elapsed Time: 25.03s
2026-01-20 06:39:26,992 | INFO | Batch 200 | Loss: 0.5347 | Correct: 104/128 | Elapsed Time: 25.02s
2026-01-20 06:39:51,996 | INFO | Batch 210 | Loss: 0.3843 | Correct: 108/128 | Elapsed Time: 25.00s
2026-01-20 06:40:17,035 | INFO | Batch 220 | Loss: 0.3636 | Correct: 112/128 | Elapsed Time: 25.04s
2026-01-20 06:40:42,051 | INFO | Batch 230 | Loss: 0.3192 | Correct: 115/128 | Elapsed Time: 25.02s
2026-01-20 06:41:07,055 | INFO | Batch 240 | Loss: 0.5373 | Correct: 104/128 | Elapsed Time: 25.00s
2026-01-20 06:41:32,145 | INFO | Batch 250 | Loss: 0.4412 | Correct: 105/128 | Elapsed Time: 25.09s
2026-01-20 06:41:57,158 | INFO | Batch 260 | Loss: 0.3937 | Correct: 109/128 | Elapsed Time: 25.01s
2026-01-20 06:42:22,198 | INFO | Batch 270 | Loss: 0.4110 | Correct: 107/128 | Elapsed Time: 25.04s
2026-01-20 06:42:47,248 | INFO | Batch 280 | Loss: 0.3773 | Correct: 113/128 | Elapsed Time: 25.05s
2026-01-20 06:43:12,220 | INFO | Batch 290 | Loss: 0.5260 | Correct: 107/128 | Elapsed Time: 24.97s
2026-01-20 06:43:37,241 | INFO | Batch 300 | Loss: 0.4647 | Correct: 109/128 | Elapsed Time: 25.02s
2026-01-20 06:44:02,319 | INFO | Batch 310 | Loss: 0.3468 | Correct: 112/128 | Elapsed Time: 25.08s
2026-01-20 06:44:27,288 | INFO | Batch 320 | Loss: 0.3580 | Correct: 113/128 | Elapsed Time: 24.97s
2026-01-20 06:44:52,305 | INFO | Batch 330 | Loss: 0.3758 | Correct: 105/128 | Elapsed Time: 25.02s
2026-01-20 06:45:17,344 | INFO | Batch 340 | Loss: 0.3542 | Correct: 108/128 | Elapsed Time: 25.04s
2026-01-20 06:45:42,356 | INFO | Batch 350 | Loss: 0.5736 | Correct: 100/128 | Elapsed Time: 25.01s
2026-01-20 06:46:07,378 | INFO | Batch 360 | Loss: 0.5097 | Correct: 103/128 | Elapsed Time: 25.02s
2026-01-20 06:46:32,432 | INFO | Batch 370 | Loss: 0.4379 | Correct: 111/128 | Elapsed Time: 25.05s
2026-01-20 06:46:57,590 | INFO | Batch 380 | Loss: 0.4674 | Correct: 106/128 | Elapsed Time: 25.16s
2026-01-20 06:47:22,625 | INFO | Batch 390 | Loss: 0.4450 | Correct: 107/128 | Elapsed Time: 25.03s
2026-01-20 06:47:24,332 | INFO | Epoch [35/100] - Loss: 0.4179 | Correct: 42659/50000 (85.32%, 978.01s)
2026-01-20 06:48:39,610 | INFO | Validation - Loss: 0.6471 | Correct: 7807/10000 (78.07%) (75.28s)
2026-01-20 06:49:04,628 | INFO | Batch 10 | Loss: 0.3550 | Correct: 113/128 | Elapsed Time: 25.02s
2026-01-20 06:49:29,617 | INFO | Batch 20 | Loss: 0.3631 | Correct: 110/128 | Elapsed Time: 24.99s
2026-01-20 06:49:54,591 | INFO | Batch 30 | Loss: 0.3105 | Correct: 113/128 | Elapsed Time: 24.97s
2026-01-20 06:50:19,684 | INFO | Batch 40 | Loss: 0.4117 | Correct: 112/128 | Elapsed Time: 25.09s
2026-01-20 06:50:44,713 | INFO | Batch 50 | Loss: 0.3554 | Correct: 111/128 | Elapsed Time: 25.03s
2026-01-20 06:51:09,697 | INFO | Batch 60 | Loss: 0.3410 | Correct: 112/128 | Elapsed Time: 24.98s
2026-01-20 06:51:34,676 | INFO | Batch 70 | Loss: 0.3760 | Correct: 111/128 | Elapsed Time: 24.98s
2026-01-20 06:51:59,693 | INFO | Batch 80 | Loss: 0.3338 | Correct: 112/128 | Elapsed Time: 25.02s
2026-01-20 06:52:24,687 | INFO | Batch 90 | Loss: 0.3694 | Correct: 108/128 | Elapsed Time: 24.99s
2026-01-20 06:52:49,704 | INFO | Batch 100 | Loss: 0.4154 | Correct: 109/128 | Elapsed Time: 25.02s
2026-01-20 06:53:14,749 | INFO | Batch 110 | Loss: 0.4190 | Correct: 108/128 | Elapsed Time: 25.05s
2026-01-20 06:53:39,735 | INFO | Batch 120 | Loss: 0.3714 | Correct: 110/128 | Elapsed Time: 24.99s
2026-01-20 06:54:04,726 | INFO | Batch 130 | Loss: 0.3144 | Correct: 112/128 | Elapsed Time: 24.99s
2026-01-20 06:54:29,734 | INFO | Batch 140 | Loss: 0.4585 | Correct: 109/128 | Elapsed Time: 25.01s
2026-01-20 06:54:54,722 | INFO | Batch 150 | Loss: 0.3753 | Correct: 114/128 | Elapsed Time: 24.99s
2026-01-20 06:55:19,724 | INFO | Batch 160 | Loss: 0.5035 | Correct: 103/128 | Elapsed Time: 25.00s
2026-01-20 06:55:44,831 | INFO | Batch 170 | Loss: 0.4288 | Correct: 110/128 | Elapsed Time: 25.11s
2026-01-20 06:56:09,800 | INFO | Batch 180 | Loss: 0.4423 | Correct: 109/128 | Elapsed Time: 24.97s
2026-01-20 06:56:34,791 | INFO | Batch 190 | Loss: 0.4680 | Correct: 102/128 | Elapsed Time: 24.99s
2026-01-20 06:56:59,763 | INFO | Batch 200 | Loss: 0.4044 | Correct: 108/128 | Elapsed Time: 24.97s
2026-01-20 06:57:24,739 | INFO | Batch 210 | Loss: 0.3629 | Correct: 113/128 | Elapsed Time: 24.98s
2026-01-20 06:57:49,750 | INFO | Batch 220 | Loss: 0.3719 | Correct: 113/128 | Elapsed Time: 25.01s
2026-01-20 06:58:14,727 | INFO | Batch 230 | Loss: 0.5080 | Correct: 106/128 | Elapsed Time: 24.98s
2026-01-20 06:58:39,832 | INFO | Batch 240 | Loss: 0.2599 | Correct: 115/128 | Elapsed Time: 25.11s
2026-01-20 06:59:04,833 | INFO | Batch 250 | Loss: 0.4690 | Correct: 108/128 | Elapsed Time: 25.00s
2026-01-20 06:59:29,821 | INFO | Batch 260 | Loss: 0.4761 | Correct: 104/128 | Elapsed Time: 24.99s
2026-01-20 06:59:54,834 | INFO | Batch 270 | Loss: 0.5114 | Correct: 108/128 | Elapsed Time: 25.01s
2026-01-20 07:00:19,803 | INFO | Batch 280 | Loss: 0.4468 | Correct: 103/128 | Elapsed Time: 24.97s
2026-01-20 07:00:44,766 | INFO | Batch 290 | Loss: 0.4107 | Correct: 106/128 | Elapsed Time: 24.96s
2026-01-20 07:01:09,840 | INFO | Batch 300 | Loss: 0.4444 | Correct: 104/128 | Elapsed Time: 25.07s
2026-01-20 07:01:34,830 | INFO | Batch 310 | Loss: 0.4895 | Correct: 105/128 | Elapsed Time: 24.99s
2026-01-20 07:01:59,831 | INFO | Batch 320 | Loss: 0.3857 | Correct: 112/128 | Elapsed Time: 25.00s
2026-01-20 07:02:24,815 | INFO | Batch 330 | Loss: 0.4604 | Correct: 109/128 | Elapsed Time: 24.98s
2026-01-20 07:02:49,820 | INFO | Batch 340 | Loss: 0.5037 | Correct: 107/128 | Elapsed Time: 25.00s
2026-01-20 07:03:14,850 | INFO | Batch 350 | Loss: 0.3851 | Correct: 113/128 | Elapsed Time: 25.03s
2026-01-20 07:03:39,849 | INFO | Batch 360 | Loss: 0.4497 | Correct: 109/128 | Elapsed Time: 25.00s
2026-01-20 07:04:04,861 | INFO | Batch 370 | Loss: 0.3558 | Correct: 113/128 | Elapsed Time: 25.01s
2026-01-20 07:04:29,827 | INFO | Batch 380 | Loss: 0.2975 | Correct: 116/128 | Elapsed Time: 24.97s
2026-01-20 07:04:54,825 | INFO | Batch 390 | Loss: 0.3549 | Correct: 111/128 | Elapsed Time: 25.00s
2026-01-20 07:04:56,524 | INFO | Epoch [36/100] - Loss: 0.4164 | Correct: 42553/50000 (85.11%, 976.91s)
2026-01-20 07:06:12,057 | INFO | Validation - Loss: 0.6568 | Correct: 7795/10000 (77.95%) (75.53s)
2026-01-20 07:06:37,133 | INFO | Batch 10 | Loss: 0.3462 | Correct: 113/128 | Elapsed Time: 25.07s
2026-01-20 07:07:02,200 | INFO | Batch 20 | Loss: 0.3771 | Correct: 111/128 | Elapsed Time: 25.07s
2026-01-20 07:07:27,284 | INFO | Batch 30 | Loss: 0.3632 | Correct: 109/128 | Elapsed Time: 25.08s
2026-01-20 07:07:52,281 | INFO | Batch 40 | Loss: 0.5314 | Correct: 105/128 | Elapsed Time: 25.00s
2026-01-20 07:08:17,265 | INFO | Batch 50 | Loss: 0.4760 | Correct: 104/128 | Elapsed Time: 24.98s
2026-01-20 07:08:42,245 | INFO | Batch 60 | Loss: 0.4990 | Correct: 104/128 | Elapsed Time: 24.98s
2026-01-20 07:09:07,239 | INFO | Batch 70 | Loss: 0.4072 | Correct: 112/128 | Elapsed Time: 24.99s
2026-01-20 07:09:32,227 | INFO | Batch 80 | Loss: 0.5515 | Correct: 107/128 | Elapsed Time: 24.99s
2026-01-20 07:09:57,219 | INFO | Batch 90 | Loss: 0.3715 | Correct: 110/128 | Elapsed Time: 24.99s
2026-01-20 07:10:22,331 | INFO | Batch 100 | Loss: 0.3104 | Correct: 114/128 | Elapsed Time: 25.11s
2026-01-20 07:10:47,328 | INFO | Batch 110 | Loss: 0.4815 | Correct: 107/128 | Elapsed Time: 25.00s
2026-01-20 07:11:12,315 | INFO | Batch 120 | Loss: 0.4471 | Correct: 109/128 | Elapsed Time: 24.99s
2026-01-20 07:11:37,274 | INFO | Batch 130 | Loss: 0.4116 | Correct: 109/128 | Elapsed Time: 24.96s
2026-01-20 07:12:02,277 | INFO | Batch 140 | Loss: 0.2956 | Correct: 114/128 | Elapsed Time: 25.00s
2026-01-20 07:12:27,350 | INFO | Batch 150 | Loss: 0.4707 | Correct: 106/128 | Elapsed Time: 25.07s
2026-01-20 07:12:52,350 | INFO | Batch 160 | Loss: 0.3749 | Correct: 112/128 | Elapsed Time: 25.00s
2026-01-20 07:13:17,433 | INFO | Batch 170 | Loss: 0.3926 | Correct: 110/128 | Elapsed Time: 25.08s
2026-01-20 07:13:42,439 | INFO | Batch 180 | Loss: 0.4677 | Correct: 108/128 | Elapsed Time: 25.01s
2026-01-20 07:14:07,437 | INFO | Batch 190 | Loss: 0.3306 | Correct: 113/128 | Elapsed Time: 25.00s
2026-01-20 07:14:32,434 | INFO | Batch 200 | Loss: 0.4890 | Correct: 111/128 | Elapsed Time: 25.00s
2026-01-20 07:14:57,428 | INFO | Batch 210 | Loss: 0.3725 | Correct: 107/128 | Elapsed Time: 24.99s
2026-01-20 07:15:22,478 | INFO | Batch 220 | Loss: 0.3350 | Correct: 112/128 | Elapsed Time: 25.05s
2026-01-20 07:15:47,655 | INFO | Batch 230 | Loss: 0.4406 | Correct: 104/128 | Elapsed Time: 25.18s
2026-01-20 07:16:12,679 | INFO | Batch 240 | Loss: 0.3705 | Correct: 110/128 | Elapsed Time: 25.02s
2026-01-20 07:16:37,694 | INFO | Batch 250 | Loss: 0.4983 | Correct: 105/128 | Elapsed Time: 25.02s
2026-01-20 07:17:02,652 | INFO | Batch 260 | Loss: 0.4248 | Correct: 111/128 | Elapsed Time: 24.96s
2026-01-20 07:17:27,718 | INFO | Batch 270 | Loss: 0.4652 | Correct: 107/128 | Elapsed Time: 25.07s
2026-01-20 07:17:52,706 | INFO | Batch 280 | Loss: 0.3626 | Correct: 110/128 | Elapsed Time: 24.99s
2026-01-20 07:18:17,698 | INFO | Batch 290 | Loss: 0.3965 | Correct: 113/128 | Elapsed Time: 24.99s
2026-01-20 07:18:42,750 | INFO | Batch 300 | Loss: 0.3160 | Correct: 115/128 | Elapsed Time: 25.05s
2026-01-20 07:19:07,727 | INFO | Batch 310 | Loss: 0.4394 | Correct: 110/128 | Elapsed Time: 24.98s
2026-01-20 07:19:32,706 | INFO | Batch 320 | Loss: 0.4887 | Correct: 106/128 | Elapsed Time: 24.98s
2026-01-20 07:19:57,691 | INFO | Batch 330 | Loss: 0.5228 | Correct: 105/128 | Elapsed Time: 24.99s
2026-01-20 07:20:22,716 | INFO | Batch 340 | Loss: 0.3166 | Correct: 114/128 | Elapsed Time: 25.02s
2026-01-20 07:20:47,717 | INFO | Batch 350 | Loss: 0.4752 | Correct: 103/128 | Elapsed Time: 25.00s
2026-01-20 07:21:12,691 | INFO | Batch 360 | Loss: 0.4047 | Correct: 110/128 | Elapsed Time: 24.97s
2026-01-20 07:21:37,803 | INFO | Batch 370 | Loss: 0.4080 | Correct: 112/128 | Elapsed Time: 25.11s
2026-01-20 07:22:02,798 | INFO | Batch 380 | Loss: 0.4790 | Correct: 107/128 | Elapsed Time: 25.00s
2026-01-20 07:22:27,816 | INFO | Batch 390 | Loss: 0.4822 | Correct: 105/128 | Elapsed Time: 25.02s
2026-01-20 07:22:29,527 | INFO | Epoch [37/100] - Loss: 0.4087 | Correct: 42799/50000 (85.60%, 977.47s)
2026-01-20 07:23:44,818 | INFO | Validation - Loss: 0.5757 | Correct: 8083/10000 (80.83%) (75.29s)
2026-01-20 07:23:44,996 | INFO | New best model saved at epoch 37 with Top1 Acc: 80.83%
2026-01-20 07:24:10,032 | INFO | Batch 10 | Loss: 0.4035 | Correct: 105/128 | Elapsed Time: 25.04s
2026-01-20 07:24:35,067 | INFO | Batch 20 | Loss: 0.2907 | Correct: 112/128 | Elapsed Time: 25.03s
2026-01-20 07:25:00,164 | INFO | Batch 30 | Loss: 0.4319 | Correct: 112/128 | Elapsed Time: 25.10s
2026-01-20 07:25:25,166 | INFO | Batch 40 | Loss: 0.4318 | Correct: 112/128 | Elapsed Time: 25.00s
2026-01-20 07:25:50,179 | INFO | Batch 50 | Loss: 0.2791 | Correct: 114/128 | Elapsed Time: 25.01s
2026-01-20 07:26:15,231 | INFO | Batch 60 | Loss: 0.3296 | Correct: 114/128 | Elapsed Time: 25.05s
2026-01-20 07:26:40,238 | INFO | Batch 70 | Loss: 0.5212 | Correct: 102/128 | Elapsed Time: 25.01s
2026-01-20 07:27:05,254 | INFO | Batch 80 | Loss: 0.4321 | Correct: 108/128 | Elapsed Time: 25.02s
2026-01-20 07:27:30,323 | INFO | Batch 90 | Loss: 0.3342 | Correct: 115/128 | Elapsed Time: 25.07s
2026-01-20 07:27:55,340 | INFO | Batch 100 | Loss: 0.3790 | Correct: 113/128 | Elapsed Time: 25.02s
2026-01-20 07:28:20,353 | INFO | Batch 110 | Loss: 0.5048 | Correct: 105/128 | Elapsed Time: 25.01s
2026-01-20 07:28:45,360 | INFO | Batch 120 | Loss: 0.4157 | Correct: 105/128 | Elapsed Time: 25.01s
2026-01-20 07:29:10,332 | INFO | Batch 130 | Loss: 0.3476 | Correct: 112/128 | Elapsed Time: 24.97s
2026-01-20 07:29:35,321 | INFO | Batch 140 | Loss: 0.4597 | Correct: 106/128 | Elapsed Time: 24.99s
2026-01-20 07:30:00,316 | INFO | Batch 150 | Loss: 0.3580 | Correct: 114/128 | Elapsed Time: 25.00s
2026-01-20 07:30:25,386 | INFO | Batch 160 | Loss: 0.3275 | Correct: 114/128 | Elapsed Time: 25.07s
2026-01-20 07:30:50,340 | INFO | Batch 170 | Loss: 0.4395 | Correct: 107/128 | Elapsed Time: 24.95s
2026-01-20 07:31:15,339 | INFO | Batch 180 | Loss: 0.4948 | Correct: 100/128 | Elapsed Time: 25.00s
2026-01-20 07:31:40,367 | INFO | Batch 190 | Loss: 0.3325 | Correct: 109/128 | Elapsed Time: 25.03s
2026-01-20 07:32:05,352 | INFO | Batch 200 | Loss: 0.2202 | Correct: 118/128 | Elapsed Time: 24.99s
2026-01-20 07:32:30,345 | INFO | Batch 210 | Loss: 0.3872 | Correct: 110/128 | Elapsed Time: 24.99s
2026-01-20 07:32:55,337 | INFO | Batch 220 | Loss: 0.4711 | Correct: 106/128 | Elapsed Time: 24.99s
2026-01-20 07:33:20,449 | INFO | Batch 230 | Loss: 0.5026 | Correct: 109/128 | Elapsed Time: 25.11s
2026-01-20 07:33:45,443 | INFO | Batch 240 | Loss: 0.4183 | Correct: 106/128 | Elapsed Time: 24.99s
2026-01-20 07:34:10,437 | INFO | Batch 250 | Loss: 0.2665 | Correct: 113/128 | Elapsed Time: 24.99s
2026-01-20 07:34:35,455 | INFO | Batch 260 | Loss: 0.4959 | Correct: 109/128 | Elapsed Time: 25.02s
2026-01-20 07:35:00,481 | INFO | Batch 270 | Loss: 0.4026 | Correct: 104/128 | Elapsed Time: 25.03s
2026-01-20 07:35:25,471 | INFO | Batch 280 | Loss: 0.3058 | Correct: 114/128 | Elapsed Time: 24.99s
2026-01-20 07:35:50,545 | INFO | Batch 290 | Loss: 0.3994 | Correct: 105/128 | Elapsed Time: 25.07s
2026-01-20 07:36:15,499 | INFO | Batch 300 | Loss: 0.4091 | Correct: 109/128 | Elapsed Time: 24.95s
2026-01-20 07:36:40,497 | INFO | Batch 310 | Loss: 0.3351 | Correct: 112/128 | Elapsed Time: 25.00s
2026-01-20 07:37:05,505 | INFO | Batch 320 | Loss: 0.4185 | Correct: 113/128 | Elapsed Time: 25.01s
2026-01-20 07:37:30,488 | INFO | Batch 330 | Loss: 0.3552 | Correct: 110/128 | Elapsed Time: 24.98s
2026-01-20 07:37:55,511 | INFO | Batch 340 | Loss: 0.3370 | Correct: 115/128 | Elapsed Time: 25.02s
2026-01-20 07:38:20,528 | INFO | Batch 350 | Loss: 0.5228 | Correct: 101/128 | Elapsed Time: 25.02s
2026-01-20 07:38:45,572 | INFO | Batch 360 | Loss: 0.5151 | Correct: 105/128 | Elapsed Time: 25.04s
2026-01-20 07:39:10,616 | INFO | Batch 370 | Loss: 0.5054 | Correct: 108/128 | Elapsed Time: 25.04s
2026-01-20 07:39:35,661 | INFO | Batch 380 | Loss: 0.3084 | Correct: 115/128 | Elapsed Time: 25.04s
2026-01-20 07:40:00,670 | INFO | Batch 390 | Loss: 0.3571 | Correct: 114/128 | Elapsed Time: 25.01s
2026-01-20 07:40:02,358 | INFO | Epoch [38/100] - Loss: 0.4001 | Correct: 42871/50000 (85.74%, 977.36s)
2026-01-20 07:41:17,754 | INFO | Validation - Loss: 0.5952 | Correct: 8050/10000 (80.50%) (75.40s)
2026-01-20 07:41:42,769 | INFO | Batch 10 | Loss: 0.3505 | Correct: 110/128 | Elapsed Time: 25.01s
2026-01-20 07:42:07,755 | INFO | Batch 20 | Loss: 0.4090 | Correct: 110/128 | Elapsed Time: 24.99s
2026-01-20 07:42:32,836 | INFO | Batch 30 | Loss: 0.3128 | Correct: 116/128 | Elapsed Time: 25.08s
2026-01-20 07:42:57,816 | INFO | Batch 40 | Loss: 0.3978 | Correct: 108/128 | Elapsed Time: 24.98s
2026-01-20 07:43:22,787 | INFO | Batch 50 | Loss: 0.4192 | Correct: 104/128 | Elapsed Time: 24.97s
2026-01-20 07:43:47,767 | INFO | Batch 60 | Loss: 0.4556 | Correct: 111/128 | Elapsed Time: 24.98s
2026-01-20 07:44:12,747 | INFO | Batch 70 | Loss: 0.4371 | Correct: 111/128 | Elapsed Time: 24.98s
2026-01-20 07:44:37,759 | INFO | Batch 80 | Loss: 0.4447 | Correct: 111/128 | Elapsed Time: 25.01s
2026-01-20 07:45:02,817 | INFO | Batch 90 | Loss: 0.3459 | Correct: 111/128 | Elapsed Time: 25.06s
2026-01-20 07:45:27,725 | INFO | Batch 100 | Loss: 0.2846 | Correct: 112/128 | Elapsed Time: 24.91s
2026-01-20 07:45:52,718 | INFO | Batch 110 | Loss: 0.4091 | Correct: 112/128 | Elapsed Time: 24.99s
2026-01-20 07:46:17,721 | INFO | Batch 120 | Loss: 0.4730 | Correct: 105/128 | Elapsed Time: 25.00s
2026-01-20 07:46:42,695 | INFO | Batch 130 | Loss: 0.4695 | Correct: 110/128 | Elapsed Time: 24.97s
2026-01-20 07:47:07,650 | INFO | Batch 140 | Loss: 0.3860 | Correct: 109/128 | Elapsed Time: 24.95s
2026-01-20 07:47:32,662 | INFO | Batch 150 | Loss: 0.4684 | Correct: 107/128 | Elapsed Time: 25.01s
2026-01-20 07:47:57,716 | INFO | Batch 160 | Loss: 0.5728 | Correct: 99/128 | Elapsed Time: 25.05s
2026-01-20 07:48:22,682 | INFO | Batch 170 | Loss: 0.3429 | Correct: 114/128 | Elapsed Time: 24.97s
2026-01-20 07:48:47,651 | INFO | Batch 180 | Loss: 0.4414 | Correct: 109/128 | Elapsed Time: 24.97s
2026-01-20 07:49:12,653 | INFO | Batch 190 | Loss: 0.3750 | Correct: 111/128 | Elapsed Time: 25.00s
2026-01-20 07:49:37,665 | INFO | Batch 200 | Loss: 0.4310 | Correct: 110/128 | Elapsed Time: 25.01s
2026-01-20 07:50:02,671 | INFO | Batch 210 | Loss: 0.4021 | Correct: 111/128 | Elapsed Time: 25.01s
2026-01-20 07:50:27,664 | INFO | Batch 220 | Loss: 0.5197 | Correct: 103/128 | Elapsed Time: 24.99s
2026-01-20 07:50:52,737 | INFO | Batch 230 | Loss: 0.2908 | Correct: 114/128 | Elapsed Time: 25.07s
2026-01-20 07:51:17,728 | INFO | Batch 240 | Loss: 0.3781 | Correct: 110/128 | Elapsed Time: 24.99s
2026-01-20 07:51:42,705 | INFO | Batch 250 | Loss: 0.4611 | Correct: 109/128 | Elapsed Time: 24.98s
2026-01-20 07:52:07,693 | INFO | Batch 260 | Loss: 0.4516 | Correct: 108/128 | Elapsed Time: 24.99s
2026-01-20 07:52:32,675 | INFO | Batch 270 | Loss: 0.3597 | Correct: 110/128 | Elapsed Time: 24.98s
2026-01-20 07:52:57,685 | INFO | Batch 280 | Loss: 0.3711 | Correct: 110/128 | Elapsed Time: 25.01s
2026-01-20 07:53:22,787 | INFO | Batch 290 | Loss: 0.5723 | Correct: 106/128 | Elapsed Time: 25.10s
2026-01-20 07:53:47,754 | INFO | Batch 300 | Loss: 0.4171 | Correct: 108/128 | Elapsed Time: 24.97s
2026-01-20 07:54:12,733 | INFO | Batch 310 | Loss: 0.4839 | Correct: 105/128 | Elapsed Time: 24.98s
2026-01-20 07:54:37,701 | INFO | Batch 320 | Loss: 0.5324 | Correct: 107/128 | Elapsed Time: 24.97s
2026-01-20 07:55:02,678 | INFO | Batch 330 | Loss: 0.4104 | Correct: 110/128 | Elapsed Time: 24.98s
2026-01-20 07:55:27,692 | INFO | Batch 340 | Loss: 0.2866 | Correct: 114/128 | Elapsed Time: 25.01s
2026-01-20 07:55:52,679 | INFO | Batch 350 | Loss: 0.4657 | Correct: 105/128 | Elapsed Time: 24.99s
2026-01-20 07:56:17,779 | INFO | Batch 360 | Loss: 0.3158 | Correct: 113/128 | Elapsed Time: 25.10s
2026-01-20 07:56:42,741 | INFO | Batch 370 | Loss: 0.3975 | Correct: 106/128 | Elapsed Time: 24.96s
2026-01-20 07:57:07,742 | INFO | Batch 380 | Loss: 0.3029 | Correct: 116/128 | Elapsed Time: 25.00s
2026-01-20 07:57:32,705 | INFO | Batch 390 | Loss: 0.4713 | Correct: 105/128 | Elapsed Time: 24.96s
2026-01-20 07:57:34,399 | INFO | Epoch [39/100] - Loss: 0.3990 | Correct: 42951/50000 (85.90%, 976.64s)
2026-01-20 07:58:49,678 | INFO | Validation - Loss: 0.5320 | Correct: 8225/10000 (82.25%) (75.28s)
2026-01-20 07:58:49,837 | INFO | New best model saved at epoch 39 with Top1 Acc: 82.25%
2026-01-20 07:59:14,836 | INFO | Batch 10 | Loss: 0.5041 | Correct: 106/128 | Elapsed Time: 25.00s
2026-01-20 07:59:39,903 | INFO | Batch 20 | Loss: 0.4782 | Correct: 107/128 | Elapsed Time: 25.07s
2026-01-20 08:00:04,873 | INFO | Batch 30 | Loss: 0.3383 | Correct: 118/128 | Elapsed Time: 24.97s
2026-01-20 08:00:29,831 | INFO | Batch 40 | Loss: 0.2901 | Correct: 113/128 | Elapsed Time: 24.96s
2026-01-20 08:00:54,848 | INFO | Batch 50 | Loss: 0.3998 | Correct: 107/128 | Elapsed Time: 25.02s
2026-01-20 08:01:19,821 | INFO | Batch 60 | Loss: 0.3818 | Correct: 108/128 | Elapsed Time: 24.97s
2026-01-20 08:01:44,830 | INFO | Batch 70 | Loss: 0.3571 | Correct: 110/128 | Elapsed Time: 25.01s
2026-01-20 08:02:09,867 | INFO | Batch 80 | Loss: 0.2935 | Correct: 118/128 | Elapsed Time: 25.04s
2026-01-20 08:02:34,975 | INFO | Batch 90 | Loss: 0.3858 | Correct: 110/128 | Elapsed Time: 25.11s
2026-01-20 08:02:59,960 | INFO | Batch 100 | Loss: 0.3493 | Correct: 110/128 | Elapsed Time: 24.99s
2026-01-20 08:03:24,952 | INFO | Batch 110 | Loss: 0.3090 | Correct: 114/128 | Elapsed Time: 24.99s
2026-01-20 08:03:49,953 | INFO | Batch 120 | Loss: 0.2987 | Correct: 116/128 | Elapsed Time: 25.00s
2026-01-20 08:04:14,977 | INFO | Batch 130 | Loss: 0.3471 | Correct: 112/128 | Elapsed Time: 25.02s
2026-01-20 08:04:39,994 | INFO | Batch 140 | Loss: 0.4323 | Correct: 110/128 | Elapsed Time: 25.02s
2026-01-20 08:05:05,071 | INFO | Batch 150 | Loss: 0.4632 | Correct: 111/128 | Elapsed Time: 25.08s
2026-01-20 08:05:30,081 | INFO | Batch 160 | Loss: 0.3674 | Correct: 109/128 | Elapsed Time: 25.01s
2026-01-20 08:05:55,073 | INFO | Batch 170 | Loss: 0.3634 | Correct: 109/128 | Elapsed Time: 24.99s
2026-01-20 08:06:20,037 | INFO | Batch 180 | Loss: 0.4263 | Correct: 110/128 | Elapsed Time: 24.96s
2026-01-20 08:06:44,991 | INFO | Batch 190 | Loss: 0.3123 | Correct: 115/128 | Elapsed Time: 24.95s
2026-01-20 08:07:09,941 | INFO | Batch 200 | Loss: 0.4553 | Correct: 113/128 | Elapsed Time: 24.95s
2026-01-20 08:07:34,956 | INFO | Batch 210 | Loss: 0.3777 | Correct: 116/128 | Elapsed Time: 25.02s
2026-01-20 08:08:00,019 | INFO | Batch 220 | Loss: 0.3730 | Correct: 110/128 | Elapsed Time: 25.06s
2026-01-20 08:08:24,948 | INFO | Batch 230 | Loss: 0.3872 | Correct: 113/128 | Elapsed Time: 24.93s
2026-01-20 08:08:49,909 | INFO | Batch 240 | Loss: 0.3551 | Correct: 110/128 | Elapsed Time: 24.96s
2026-01-20 08:09:14,885 | INFO | Batch 250 | Loss: 0.2977 | Correct: 118/128 | Elapsed Time: 24.98s
2026-01-20 08:09:39,873 | INFO | Batch 260 | Loss: 0.3996 | Correct: 109/128 | Elapsed Time: 24.99s
2026-01-20 08:10:04,822 | INFO | Batch 270 | Loss: 0.4227 | Correct: 106/128 | Elapsed Time: 24.95s
2026-01-20 08:10:29,738 | INFO | Batch 280 | Loss: 0.3302 | Correct: 115/128 | Elapsed Time: 24.92s
2026-01-20 08:10:54,841 | INFO | Batch 290 | Loss: 0.3506 | Correct: 112/128 | Elapsed Time: 25.10s
2026-01-20 08:11:19,825 | INFO | Batch 300 | Loss: 0.5434 | Correct: 105/128 | Elapsed Time: 24.98s
2026-01-20 08:11:44,804 | INFO | Batch 310 | Loss: 0.3367 | Correct: 111/128 | Elapsed Time: 24.98s
2026-01-20 08:12:09,745 | INFO | Batch 320 | Loss: 0.3355 | Correct: 110/128 | Elapsed Time: 24.94s
2026-01-20 08:12:34,722 | INFO | Batch 330 | Loss: 0.5194 | Correct: 103/128 | Elapsed Time: 24.98s
2026-01-20 08:12:59,712 | INFO | Batch 340 | Loss: 0.3802 | Correct: 112/128 | Elapsed Time: 24.99s
2026-01-20 08:13:24,817 | INFO | Batch 350 | Loss: 0.3502 | Correct: 114/128 | Elapsed Time: 25.10s
2026-01-20 08:13:49,792 | INFO | Batch 360 | Loss: 0.3233 | Correct: 113/128 | Elapsed Time: 24.98s
2026-01-20 08:14:14,737 | INFO | Batch 370 | Loss: 0.3617 | Correct: 109/128 | Elapsed Time: 24.95s
2026-01-20 08:14:39,714 | INFO | Batch 380 | Loss: 0.4599 | Correct: 105/128 | Elapsed Time: 24.98s
2026-01-20 08:15:04,691 | INFO | Batch 390 | Loss: 0.3592 | Correct: 111/128 | Elapsed Time: 24.98s
2026-01-20 08:15:06,372 | INFO | Epoch [40/100] - Loss: 0.3901 | Correct: 43177/50000 (86.35%, 976.53s)
2026-01-20 08:16:21,771 | INFO | Validation - Loss: 0.5477 | Correct: 8123/10000 (81.23%) (75.40s)
2026-01-20 08:16:46,734 | INFO | Batch 10 | Loss: 0.3573 | Correct: 111/128 | Elapsed Time: 24.96s
2026-01-20 08:17:11,852 | INFO | Batch 20 | Loss: 0.3810 | Correct: 112/128 | Elapsed Time: 25.12s
2026-01-20 08:17:36,846 | INFO | Batch 30 | Loss: 0.3410 | Correct: 112/128 | Elapsed Time: 24.99s
2026-01-20 08:18:01,843 | INFO | Batch 40 | Loss: 0.3478 | Correct: 114/128 | Elapsed Time: 25.00s
2026-01-20 08:18:26,813 | INFO | Batch 50 | Loss: 0.3543 | Correct: 112/128 | Elapsed Time: 24.97s
2026-01-20 08:18:51,826 | INFO | Batch 60 | Loss: 0.4403 | Correct: 107/128 | Elapsed Time: 25.01s
2026-01-20 08:19:16,870 | INFO | Batch 70 | Loss: 0.5130 | Correct: 105/128 | Elapsed Time: 25.04s
2026-01-20 08:19:41,872 | INFO | Batch 80 | Loss: 0.4130 | Correct: 110/128 | Elapsed Time: 25.00s
2026-01-20 08:20:06,971 | INFO | Batch 90 | Loss: 0.4665 | Correct: 108/128 | Elapsed Time: 25.10s
2026-01-20 08:20:31,969 | INFO | Batch 100 | Loss: 0.4192 | Correct: 109/128 | Elapsed Time: 25.00s
2026-01-20 08:20:56,956 | INFO | Batch 110 | Loss: 0.3737 | Correct: 109/128 | Elapsed Time: 24.99s
2026-01-20 08:21:21,925 | INFO | Batch 120 | Loss: 0.3094 | Correct: 113/128 | Elapsed Time: 24.97s
2026-01-20 08:21:46,942 | INFO | Batch 130 | Loss: 0.3799 | Correct: 114/128 | Elapsed Time: 25.02s
2026-01-20 08:22:11,976 | INFO | Batch 140 | Loss: 0.4245 | Correct: 113/128 | Elapsed Time: 25.03s
2026-01-20 08:22:37,040 | INFO | Batch 150 | Loss: 0.4232 | Correct: 110/128 | Elapsed Time: 25.06s
2026-01-20 08:23:01,985 | INFO | Batch 160 | Loss: 0.3788 | Correct: 112/128 | Elapsed Time: 24.94s
2026-01-20 08:23:26,984 | INFO | Batch 170 | Loss: 0.5183 | Correct: 102/128 | Elapsed Time: 25.00s
2026-01-20 08:23:51,983 | INFO | Batch 180 | Loss: 0.4460 | Correct: 110/128 | Elapsed Time: 25.00s
2026-01-20 08:24:16,939 | INFO | Batch 190 | Loss: 0.4281 | Correct: 107/128 | Elapsed Time: 24.96s
2026-01-20 08:24:41,903 | INFO | Batch 200 | Loss: 0.3001 | Correct: 115/128 | Elapsed Time: 24.96s
2026-01-20 08:25:06,902 | INFO | Batch 210 | Loss: 0.5173 | Correct: 106/128 | Elapsed Time: 25.00s
2026-01-20 08:25:31,957 | INFO | Batch 220 | Loss: 0.4840 | Correct: 108/128 | Elapsed Time: 25.06s
2026-01-20 08:25:56,943 | INFO | Batch 230 | Loss: 0.4069 | Correct: 111/128 | Elapsed Time: 24.99s
2026-01-20 08:26:21,950 | INFO | Batch 240 | Loss: 0.3248 | Correct: 112/128 | Elapsed Time: 25.01s
2026-01-20 08:26:46,974 | INFO | Batch 250 | Loss: 0.2942 | Correct: 118/128 | Elapsed Time: 25.02s
2026-01-20 08:27:11,983 | INFO | Batch 260 | Loss: 0.4414 | Correct: 111/128 | Elapsed Time: 25.01s
2026-01-20 08:27:37,009 | INFO | Batch 270 | Loss: 0.3653 | Correct: 110/128 | Elapsed Time: 25.03s
2026-01-20 08:28:02,025 | INFO | Batch 280 | Loss: 0.3590 | Correct: 112/128 | Elapsed Time: 25.02s
2026-01-20 08:28:27,120 | INFO | Batch 290 | Loss: 0.4052 | Correct: 112/128 | Elapsed Time: 25.09s
2026-01-20 08:28:52,133 | INFO | Batch 300 | Loss: 0.4028 | Correct: 112/128 | Elapsed Time: 25.01s
2026-01-20 08:29:17,117 | INFO | Batch 310 | Loss: 0.3108 | Correct: 115/128 | Elapsed Time: 24.98s
2026-01-20 08:29:42,086 | INFO | Batch 320 | Loss: 0.4140 | Correct: 110/128 | Elapsed Time: 24.97s
2026-01-20 08:30:07,058 | INFO | Batch 330 | Loss: 0.3819 | Correct: 108/128 | Elapsed Time: 24.97s
2026-01-20 08:30:32,029 | INFO | Batch 340 | Loss: 0.3970 | Correct: 109/128 | Elapsed Time: 24.97s
2026-01-20 08:30:57,111 | INFO | Batch 350 | Loss: 0.2486 | Correct: 116/128 | Elapsed Time: 25.08s
2026-01-20 08:31:22,099 | INFO | Batch 360 | Loss: 0.4168 | Correct: 111/128 | Elapsed Time: 24.99s
2026-01-20 08:31:47,093 | INFO | Batch 370 | Loss: 0.3069 | Correct: 112/128 | Elapsed Time: 24.99s
2026-01-20 08:32:12,127 | INFO | Batch 380 | Loss: 0.3672 | Correct: 112/128 | Elapsed Time: 25.03s
2026-01-20 08:32:37,096 | INFO | Batch 390 | Loss: 0.4524 | Correct: 112/128 | Elapsed Time: 24.97s
2026-01-20 08:32:38,814 | INFO | Epoch [41/100] - Loss: 0.3842 | Correct: 43233/50000 (86.47%, 977.04s)
2026-01-20 08:33:54,256 | INFO | Validation - Loss: 0.5607 | Correct: 8180/10000 (81.80%) (75.44s)
2026-01-20 08:34:19,263 | INFO | Batch 10 | Loss: 0.2372 | Correct: 118/128 | Elapsed Time: 25.01s
2026-01-20 08:34:44,391 | INFO | Batch 20 | Loss: 0.4432 | Correct: 107/128 | Elapsed Time: 25.13s
2026-01-20 08:35:09,369 | INFO | Batch 30 | Loss: 0.4107 | Correct: 107/128 | Elapsed Time: 24.98s
2026-01-20 08:35:34,357 | INFO | Batch 40 | Loss: 0.3521 | Correct: 115/128 | Elapsed Time: 24.99s
2026-01-20 08:35:59,306 | INFO | Batch 50 | Loss: 0.4090 | Correct: 112/128 | Elapsed Time: 24.95s
2026-01-20 08:36:24,289 | INFO | Batch 60 | Loss: 0.3346 | Correct: 112/128 | Elapsed Time: 24.98s
2026-01-20 08:36:49,312 | INFO | Batch 70 | Loss: 0.3881 | Correct: 112/128 | Elapsed Time: 25.02s
2026-01-20 08:37:14,364 | INFO | Batch 80 | Loss: 0.2662 | Correct: 114/128 | Elapsed Time: 25.05s
2026-01-20 08:37:39,550 | INFO | Batch 90 | Loss: 0.4315 | Correct: 106/128 | Elapsed Time: 25.19s
2026-01-20 08:38:04,603 | INFO | Batch 100 | Loss: 0.2881 | Correct: 114/128 | Elapsed Time: 25.05s
2026-01-20 08:38:29,662 | INFO | Batch 110 | Loss: 0.3083 | Correct: 113/128 | Elapsed Time: 25.06s
2026-01-20 08:38:54,657 | INFO | Batch 120 | Loss: 0.3645 | Correct: 109/128 | Elapsed Time: 24.99s
2026-01-20 08:39:19,699 | INFO | Batch 130 | Loss: 0.2928 | Correct: 113/128 | Elapsed Time: 25.04s
2026-01-20 08:39:44,684 | INFO | Batch 140 | Loss: 0.4004 | Correct: 108/128 | Elapsed Time: 24.98s
2026-01-20 08:40:09,813 | INFO | Batch 150 | Loss: 0.2566 | Correct: 115/128 | Elapsed Time: 25.13s
2026-01-20 08:40:34,830 | INFO | Batch 160 | Loss: 0.3437 | Correct: 112/128 | Elapsed Time: 25.02s
2026-01-20 08:40:59,876 | INFO | Batch 170 | Loss: 0.3858 | Correct: 113/128 | Elapsed Time: 25.05s
2026-01-20 08:41:24,890 | INFO | Batch 180 | Loss: 0.3209 | Correct: 111/128 | Elapsed Time: 25.01s
2026-01-20 08:41:49,882 | INFO | Batch 190 | Loss: 0.2990 | Correct: 114/128 | Elapsed Time: 24.99s
2026-01-20 08:42:14,875 | INFO | Batch 200 | Loss: 0.3781 | Correct: 115/128 | Elapsed Time: 24.99s
2026-01-20 08:42:39,844 | INFO | Batch 210 | Loss: 0.4080 | Correct: 111/128 | Elapsed Time: 24.97s
2026-01-20 08:43:04,931 | INFO | Batch 220 | Loss: 0.4154 | Correct: 111/128 | Elapsed Time: 25.09s
2026-01-20 08:43:29,935 | INFO | Batch 230 | Loss: 0.4729 | Correct: 109/128 | Elapsed Time: 25.00s
2026-01-20 08:43:54,965 | INFO | Batch 240 | Loss: 0.3254 | Correct: 117/128 | Elapsed Time: 25.03s
2026-01-20 08:44:19,992 | INFO | Batch 250 | Loss: 0.3565 | Correct: 114/128 | Elapsed Time: 25.03s
2026-01-20 08:44:45,007 | INFO | Batch 260 | Loss: 0.3658 | Correct: 114/128 | Elapsed Time: 25.02s
2026-01-20 08:45:10,020 | INFO | Batch 270 | Loss: 0.5039 | Correct: 108/128 | Elapsed Time: 25.01s
2026-01-20 08:45:35,121 | INFO | Batch 280 | Loss: 0.3887 | Correct: 110/128 | Elapsed Time: 25.10s
2026-01-20 08:46:00,061 | INFO | Batch 290 | Loss: 0.5000 | Correct: 105/128 | Elapsed Time: 24.94s
2026-01-20 08:46:25,045 | INFO | Batch 300 | Loss: 0.4063 | Correct: 106/128 | Elapsed Time: 24.98s
2026-01-20 08:46:50,002 | INFO | Batch 310 | Loss: 0.3672 | Correct: 114/128 | Elapsed Time: 24.96s
2026-01-20 08:47:14,995 | INFO | Batch 320 | Loss: 0.4617 | Correct: 110/128 | Elapsed Time: 24.99s
2026-01-20 08:47:39,953 | INFO | Batch 330 | Loss: 0.3913 | Correct: 114/128 | Elapsed Time: 24.96s
2026-01-20 08:48:04,923 | INFO | Batch 340 | Loss: 0.5002 | Correct: 104/128 | Elapsed Time: 24.97s
2026-01-20 08:48:30,009 | INFO | Batch 350 | Loss: 0.3728 | Correct: 110/128 | Elapsed Time: 25.09s
2026-01-20 08:48:54,986 | INFO | Batch 360 | Loss: 0.2682 | Correct: 117/128 | Elapsed Time: 24.98s
2026-01-20 08:49:19,995 | INFO | Batch 370 | Loss: 0.3250 | Correct: 115/128 | Elapsed Time: 25.01s
2026-01-20 08:49:44,986 | INFO | Batch 380 | Loss: 0.4272 | Correct: 104/128 | Elapsed Time: 24.99s
2026-01-20 08:50:09,968 | INFO | Batch 390 | Loss: 0.2280 | Correct: 118/128 | Elapsed Time: 24.98s
2026-01-20 08:50:11,656 | INFO | Epoch [42/100] - Loss: 0.3802 | Correct: 43310/50000 (86.62%, 977.40s)
2026-01-20 08:51:27,279 | INFO | Validation - Loss: 0.6192 | Correct: 7927/10000 (79.27%) (75.62s)
2026-01-20 08:51:52,373 | INFO | Batch 10 | Loss: 0.3551 | Correct: 113/128 | Elapsed Time: 25.09s
2026-01-20 08:52:17,487 | INFO | Batch 20 | Loss: 0.3408 | Correct: 110/128 | Elapsed Time: 25.11s
2026-01-20 08:52:42,455 | INFO | Batch 30 | Loss: 0.3837 | Correct: 111/128 | Elapsed Time: 24.97s
2026-01-20 08:53:07,424 | INFO | Batch 40 | Loss: 0.4566 | Correct: 108/128 | Elapsed Time: 24.97s
2026-01-20 08:53:32,456 | INFO | Batch 50 | Loss: 0.4927 | Correct: 105/128 | Elapsed Time: 25.03s
2026-01-20 08:53:57,517 | INFO | Batch 60 | Loss: 0.4087 | Correct: 109/128 | Elapsed Time: 25.06s
2026-01-20 08:54:22,521 | INFO | Batch 70 | Loss: 0.3329 | Correct: 112/128 | Elapsed Time: 25.00s
2026-01-20 08:54:47,495 | INFO | Batch 80 | Loss: 0.4429 | Correct: 110/128 | Elapsed Time: 24.97s
2026-01-20 08:55:12,561 | INFO | Batch 90 | Loss: 0.3743 | Correct: 111/128 | Elapsed Time: 25.07s
2026-01-20 08:55:37,530 | INFO | Batch 100 | Loss: 0.4150 | Correct: 111/128 | Elapsed Time: 24.97s
2026-01-20 08:56:02,547 | INFO | Batch 110 | Loss: 0.3878 | Correct: 112/128 | Elapsed Time: 25.02s
2026-01-20 08:56:27,568 | INFO | Batch 120 | Loss: 0.3066 | Correct: 114/128 | Elapsed Time: 25.02s
2026-01-20 08:56:52,551 | INFO | Batch 130 | Loss: 0.2948 | Correct: 118/128 | Elapsed Time: 24.98s
2026-01-20 08:57:17,506 | INFO | Batch 140 | Loss: 0.4039 | Correct: 115/128 | Elapsed Time: 24.96s
2026-01-20 08:57:42,477 | INFO | Batch 150 | Loss: 0.3283 | Correct: 113/128 | Elapsed Time: 24.97s
2026-01-20 08:58:07,586 | INFO | Batch 160 | Loss: 0.2696 | Correct: 116/128 | Elapsed Time: 25.11s
2026-01-20 08:58:32,588 | INFO | Batch 170 | Loss: 0.3131 | Correct: 108/128 | Elapsed Time: 25.00s
2026-01-20 08:58:57,555 | INFO | Batch 180 | Loss: 0.3047 | Correct: 113/128 | Elapsed Time: 24.97s
2026-01-20 08:59:22,542 | INFO | Batch 190 | Loss: 0.3510 | Correct: 111/128 | Elapsed Time: 24.99s
2026-01-20 08:59:47,503 | INFO | Batch 200 | Loss: 0.4265 | Correct: 107/128 | Elapsed Time: 24.96s
2026-01-20 09:00:12,525 | INFO | Batch 210 | Loss: 0.5484 | Correct: 104/128 | Elapsed Time: 25.02s
2026-01-20 09:00:37,603 | INFO | Batch 220 | Loss: 0.3405 | Correct: 111/128 | Elapsed Time: 25.08s
2026-01-20 09:01:02,558 | INFO | Batch 230 | Loss: 0.3337 | Correct: 114/128 | Elapsed Time: 24.95s
2026-01-20 09:01:27,526 | INFO | Batch 240 | Loss: 0.2602 | Correct: 117/128 | Elapsed Time: 24.97s
2026-01-20 09:01:52,524 | INFO | Batch 250 | Loss: 0.4203 | Correct: 111/128 | Elapsed Time: 25.00s
2026-01-20 09:02:17,510 | INFO | Batch 260 | Loss: 0.3456 | Correct: 113/128 | Elapsed Time: 24.99s
2026-01-20 09:02:42,519 | INFO | Batch 270 | Loss: 0.4969 | Correct: 107/128 | Elapsed Time: 25.01s
2026-01-20 09:03:07,534 | INFO | Batch 280 | Loss: 0.3732 | Correct: 114/128 | Elapsed Time: 25.02s
2026-01-20 09:03:32,591 | INFO | Batch 290 | Loss: 0.3604 | Correct: 112/128 | Elapsed Time: 25.06s
2026-01-20 09:03:57,601 | INFO | Batch 300 | Loss: 0.3868 | Correct: 112/128 | Elapsed Time: 25.01s
2026-01-20 09:04:22,658 | INFO | Batch 310 | Loss: 0.3230 | Correct: 107/128 | Elapsed Time: 25.06s
2026-01-20 09:04:47,677 | INFO | Batch 320 | Loss: 0.4013 | Correct: 109/128 | Elapsed Time: 25.02s
2026-01-20 09:05:12,673 | INFO | Batch 330 | Loss: 0.3248 | Correct: 115/128 | Elapsed Time: 25.00s
2026-01-20 09:05:37,686 | INFO | Batch 340 | Loss: 0.3654 | Correct: 110/128 | Elapsed Time: 25.01s
2026-01-20 09:06:02,711 | INFO | Batch 350 | Loss: 0.3176 | Correct: 115/128 | Elapsed Time: 25.03s
2026-01-20 09:06:27,832 | INFO | Batch 360 | Loss: 0.3021 | Correct: 108/128 | Elapsed Time: 25.12s
2026-01-20 09:06:52,847 | INFO | Batch 370 | Loss: 0.3784 | Correct: 112/128 | Elapsed Time: 25.02s
2026-01-20 09:07:17,875 | INFO | Batch 380 | Loss: 0.3826 | Correct: 111/128 | Elapsed Time: 25.03s
2026-01-20 09:07:42,927 | INFO | Batch 390 | Loss: 0.5268 | Correct: 103/128 | Elapsed Time: 25.05s
2026-01-20 09:07:44,623 | INFO | Epoch [43/100] - Loss: 0.3761 | Correct: 43352/50000 (86.70%, 977.34s)
2026-01-20 09:08:59,946 | INFO | Validation - Loss: 0.5594 | Correct: 8149/10000 (81.49%) (75.32s)
2026-01-20 09:09:24,995 | INFO | Batch 10 | Loss: 0.4348 | Correct: 106/128 | Elapsed Time: 25.05s
2026-01-20 09:09:50,006 | INFO | Batch 20 | Loss: 0.3168 | Correct: 117/128 | Elapsed Time: 25.01s
2026-01-20 09:10:15,056 | INFO | Batch 30 | Loss: 0.3715 | Correct: 113/128 | Elapsed Time: 25.05s
2026-01-20 09:10:40,054 | INFO | Batch 40 | Loss: 0.3440 | Correct: 112/128 | Elapsed Time: 25.00s
2026-01-20 09:11:05,057 | INFO | Batch 50 | Loss: 0.3775 | Correct: 110/128 | Elapsed Time: 25.00s
2026-01-20 09:11:30,034 | INFO | Batch 60 | Loss: 0.4096 | Correct: 112/128 | Elapsed Time: 24.98s
2026-01-20 09:11:54,981 | INFO | Batch 70 | Loss: 0.2669 | Correct: 114/128 | Elapsed Time: 24.95s
2026-01-20 09:12:19,958 | INFO | Batch 80 | Loss: 0.3313 | Correct: 112/128 | Elapsed Time: 24.98s
2026-01-20 09:12:45,069 | INFO | Batch 90 | Loss: 0.3670 | Correct: 110/128 | Elapsed Time: 25.11s
2026-01-20 09:13:10,077 | INFO | Batch 100 | Loss: 0.2785 | Correct: 112/128 | Elapsed Time: 25.01s
2026-01-20 09:13:35,026 | INFO | Batch 110 | Loss: 0.2601 | Correct: 118/128 | Elapsed Time: 24.95s
2026-01-20 09:14:00,004 | INFO | Batch 120 | Loss: 0.2717 | Correct: 119/128 | Elapsed Time: 24.98s
2026-01-20 09:14:24,974 | INFO | Batch 130 | Loss: 0.3165 | Correct: 116/128 | Elapsed Time: 24.97s
2026-01-20 09:14:49,967 | INFO | Batch 140 | Loss: 0.4919 | Correct: 107/128 | Elapsed Time: 24.99s
2026-01-20 09:15:14,944 | INFO | Batch 150 | Loss: 0.3043 | Correct: 114/128 | Elapsed Time: 24.98s
2026-01-20 09:15:40,008 | INFO | Batch 160 | Loss: 0.3389 | Correct: 116/128 | Elapsed Time: 25.06s
2026-01-20 09:16:04,982 | INFO | Batch 170 | Loss: 0.4394 | Correct: 110/128 | Elapsed Time: 24.97s
2026-01-20 09:16:29,965 | INFO | Batch 180 | Loss: 0.2547 | Correct: 116/128 | Elapsed Time: 24.98s
2026-01-20 09:16:54,948 | INFO | Batch 190 | Loss: 0.1567 | Correct: 122/128 | Elapsed Time: 24.98s
2026-01-20 09:17:19,961 | INFO | Batch 200 | Loss: 0.3790 | Correct: 111/128 | Elapsed Time: 25.01s
2026-01-20 09:17:44,972 | INFO | Batch 210 | Loss: 0.5004 | Correct: 107/128 | Elapsed Time: 25.01s
2026-01-20 09:18:09,965 | INFO | Batch 220 | Loss: 0.3480 | Correct: 113/128 | Elapsed Time: 24.99s
2026-01-20 09:18:35,047 | INFO | Batch 230 | Loss: 0.4156 | Correct: 108/128 | Elapsed Time: 25.08s
2026-01-20 09:19:00,034 | INFO | Batch 240 | Loss: 0.4782 | Correct: 105/128 | Elapsed Time: 24.99s
2026-01-20 09:19:25,039 | INFO | Batch 250 | Loss: 0.5760 | Correct: 104/128 | Elapsed Time: 25.00s
2026-01-20 09:19:50,037 | INFO | Batch 260 | Loss: 0.3318 | Correct: 112/128 | Elapsed Time: 25.00s
2026-01-20 09:20:15,057 | INFO | Batch 270 | Loss: 0.2496 | Correct: 117/128 | Elapsed Time: 25.02s
2026-01-20 09:20:40,071 | INFO | Batch 280 | Loss: 0.3820 | Correct: 110/128 | Elapsed Time: 25.01s
2026-01-20 09:21:05,087 | INFO | Batch 290 | Loss: 0.3950 | Correct: 108/128 | Elapsed Time: 25.02s
2026-01-20 09:21:30,081 | INFO | Batch 300 | Loss: 0.2658 | Correct: 118/128 | Elapsed Time: 24.99s
2026-01-20 09:21:55,052 | INFO | Batch 310 | Loss: 0.2915 | Correct: 118/128 | Elapsed Time: 24.97s
2026-01-20 09:22:20,041 | INFO | Batch 320 | Loss: 0.4166 | Correct: 108/128 | Elapsed Time: 24.99s
2026-01-20 09:22:44,999 | INFO | Batch 330 | Loss: 0.3898 | Correct: 113/128 | Elapsed Time: 24.96s
2026-01-20 09:23:10,007 | INFO | Batch 340 | Loss: 0.4751 | Correct: 112/128 | Elapsed Time: 25.01s
2026-01-20 09:23:35,026 | INFO | Batch 350 | Loss: 0.3715 | Correct: 113/128 | Elapsed Time: 25.02s
2026-01-20 09:24:00,154 | INFO | Batch 360 | Loss: 0.5599 | Correct: 107/128 | Elapsed Time: 25.13s
2026-01-20 09:24:25,209 | INFO | Batch 370 | Loss: 0.3746 | Correct: 109/128 | Elapsed Time: 25.06s
2026-01-20 09:24:50,301 | INFO | Batch 380 | Loss: 0.4183 | Correct: 109/128 | Elapsed Time: 25.09s
2026-01-20 09:25:15,363 | INFO | Batch 390 | Loss: 0.2912 | Correct: 117/128 | Elapsed Time: 25.06s
2026-01-20 09:25:17,058 | INFO | Epoch [44/100] - Loss: 0.3732 | Correct: 43401/50000 (86.80%, 977.11s)
2026-01-20 09:26:32,600 | INFO | Validation - Loss: 0.5087 | Correct: 8332/10000 (83.32%) (75.54s)
2026-01-20 09:26:32,777 | INFO | New best model saved at epoch 44 with Top1 Acc: 83.32%
2026-01-20 09:26:57,841 | INFO | Batch 10 | Loss: 0.3733 | Correct: 111/128 | Elapsed Time: 25.06s
2026-01-20 09:27:22,876 | INFO | Batch 20 | Loss: 0.3732 | Correct: 111/128 | Elapsed Time: 25.03s
2026-01-20 09:27:47,977 | INFO | Batch 30 | Loss: 0.3661 | Correct: 112/128 | Elapsed Time: 25.10s
2026-01-20 09:28:12,978 | INFO | Batch 40 | Loss: 0.3655 | Correct: 113/128 | Elapsed Time: 25.00s
2026-01-20 09:28:38,000 | INFO | Batch 50 | Loss: 0.3428 | Correct: 112/128 | Elapsed Time: 25.02s
2026-01-20 09:29:03,002 | INFO | Batch 60 | Loss: 0.2962 | Correct: 113/128 | Elapsed Time: 25.00s
2026-01-20 09:29:27,987 | INFO | Batch 70 | Loss: 0.3740 | Correct: 112/128 | Elapsed Time: 24.98s
2026-01-20 09:29:52,944 | INFO | Batch 80 | Loss: 0.3867 | Correct: 109/128 | Elapsed Time: 24.96s
2026-01-20 09:30:18,071 | INFO | Batch 90 | Loss: 0.2740 | Correct: 112/128 | Elapsed Time: 25.13s
2026-01-20 09:30:43,071 | INFO | Batch 100 | Loss: 0.3107 | Correct: 114/128 | Elapsed Time: 25.00s
2026-01-20 09:31:08,081 | INFO | Batch 110 | Loss: 0.3915 | Correct: 109/128 | Elapsed Time: 25.01s
2026-01-20 09:31:33,045 | INFO | Batch 120 | Loss: 0.3231 | Correct: 114/128 | Elapsed Time: 24.96s
2026-01-20 09:31:58,029 | INFO | Batch 130 | Loss: 0.3995 | Correct: 109/128 | Elapsed Time: 24.98s
2026-01-20 09:32:22,996 | INFO | Batch 140 | Loss: 0.4242 | Correct: 112/128 | Elapsed Time: 24.97s
2026-01-20 09:32:47,985 | INFO | Batch 150 | Loss: 0.4471 | Correct: 110/128 | Elapsed Time: 24.99s
2026-01-20 09:33:13,032 | INFO | Batch 160 | Loss: 0.4090 | Correct: 110/128 | Elapsed Time: 25.05s
2026-01-20 09:33:38,008 | INFO | Batch 170 | Loss: 0.3271 | Correct: 112/128 | Elapsed Time: 24.98s
2026-01-20 09:34:03,009 | INFO | Batch 180 | Loss: 0.4168 | Correct: 109/128 | Elapsed Time: 25.00s
2026-01-20 09:34:28,057 | INFO | Batch 190 | Loss: 0.4473 | Correct: 106/128 | Elapsed Time: 25.05s
2026-01-20 09:34:53,092 | INFO | Batch 200 | Loss: 0.3132 | Correct: 114/128 | Elapsed Time: 25.04s
2026-01-20 09:35:18,117 | INFO | Batch 210 | Loss: 0.5523 | Correct: 106/128 | Elapsed Time: 25.02s
2026-01-20 09:35:43,123 | INFO | Batch 220 | Loss: 0.4173 | Correct: 113/128 | Elapsed Time: 25.01s
2026-01-20 09:36:08,222 | INFO | Batch 230 | Loss: 0.3988 | Correct: 111/128 | Elapsed Time: 25.10s
2026-01-20 09:36:33,226 | INFO | Batch 240 | Loss: 0.3080 | Correct: 115/128 | Elapsed Time: 25.00s
2026-01-20 09:36:58,227 | INFO | Batch 250 | Loss: 0.3105 | Correct: 114/128 | Elapsed Time: 25.00s
2026-01-20 09:37:23,241 | INFO | Batch 260 | Loss: 0.3555 | Correct: 112/128 | Elapsed Time: 25.01s
2026-01-20 09:37:48,249 | INFO | Batch 270 | Loss: 0.4078 | Correct: 112/128 | Elapsed Time: 25.01s
2026-01-20 09:38:13,282 | INFO | Batch 280 | Loss: 0.3075 | Correct: 115/128 | Elapsed Time: 25.03s
2026-01-20 09:38:38,409 | INFO | Batch 290 | Loss: 0.3611 | Correct: 111/128 | Elapsed Time: 25.13s
2026-01-20 09:39:03,423 | INFO | Batch 300 | Loss: 0.4579 | Correct: 112/128 | Elapsed Time: 25.01s
2026-01-20 09:39:28,488 | INFO | Batch 310 | Loss: 0.4065 | Correct: 111/128 | Elapsed Time: 25.06s
2026-01-20 09:39:53,542 | INFO | Batch 320 | Loss: 0.3700 | Correct: 111/128 | Elapsed Time: 25.05s
2026-01-20 09:40:18,561 | INFO | Batch 330 | Loss: 0.3830 | Correct: 111/128 | Elapsed Time: 25.02s
2026-01-20 09:40:43,571 | INFO | Batch 340 | Loss: 0.2345 | Correct: 120/128 | Elapsed Time: 25.01s
2026-01-20 09:41:08,586 | INFO | Batch 350 | Loss: 0.5221 | Correct: 106/128 | Elapsed Time: 25.02s
2026-01-20 09:41:33,780 | INFO | Batch 360 | Loss: 0.2575 | Correct: 116/128 | Elapsed Time: 25.19s
2026-01-20 09:41:58,850 | INFO | Batch 370 | Loss: 0.2772 | Correct: 115/128 | Elapsed Time: 25.07s
2026-01-20 09:42:23,904 | INFO | Batch 380 | Loss: 0.4015 | Correct: 112/128 | Elapsed Time: 25.05s
2026-01-20 09:42:48,956 | INFO | Batch 390 | Loss: 0.3343 | Correct: 110/128 | Elapsed Time: 25.05s
2026-01-20 09:42:50,634 | INFO | Epoch [45/100] - Loss: 0.3653 | Correct: 43544/50000 (87.09%, 977.86s)
2026-01-20 09:44:05,932 | INFO | Validation - Loss: 0.5752 | Correct: 8113/10000 (81.13%) (75.30s)
2026-01-20 09:44:31,005 | INFO | Batch 10 | Loss: 0.2700 | Correct: 117/128 | Elapsed Time: 25.07s
2026-01-20 09:44:56,155 | INFO | Batch 20 | Loss: 0.3255 | Correct: 115/128 | Elapsed Time: 25.15s
2026-01-20 09:45:21,156 | INFO | Batch 30 | Loss: 0.2845 | Correct: 115/128 | Elapsed Time: 25.00s
2026-01-20 09:45:46,197 | INFO | Batch 40 | Loss: 0.2914 | Correct: 116/128 | Elapsed Time: 25.04s
2026-01-20 09:46:11,210 | INFO | Batch 50 | Loss: 0.2587 | Correct: 114/128 | Elapsed Time: 25.01s
2026-01-20 09:46:36,215 | INFO | Batch 60 | Loss: 0.2160 | Correct: 119/128 | Elapsed Time: 25.00s
2026-01-20 09:47:01,257 | INFO | Batch 70 | Loss: 0.3205 | Correct: 118/128 | Elapsed Time: 25.04s
2026-01-20 09:47:26,311 | INFO | Batch 80 | Loss: 0.2742 | Correct: 114/128 | Elapsed Time: 25.05s
2026-01-20 09:47:51,468 | INFO | Batch 90 | Loss: 0.3518 | Correct: 108/128 | Elapsed Time: 25.16s
2026-01-20 09:48:16,531 | INFO | Batch 100 | Loss: 0.3215 | Correct: 113/128 | Elapsed Time: 25.06s
2026-01-20 09:48:41,606 | INFO | Batch 110 | Loss: 0.2636 | Correct: 117/128 | Elapsed Time: 25.07s
2026-01-20 09:49:06,662 | INFO | Batch 120 | Loss: 0.4510 | Correct: 107/128 | Elapsed Time: 25.06s
2026-01-20 09:49:31,686 | INFO | Batch 130 | Loss: 0.3846 | Correct: 107/128 | Elapsed Time: 25.02s
2026-01-20 09:49:56,693 | INFO | Batch 140 | Loss: 0.3578 | Correct: 111/128 | Elapsed Time: 25.01s
2026-01-20 09:50:21,746 | INFO | Batch 150 | Loss: 0.4097 | Correct: 109/128 | Elapsed Time: 25.05s
2026-01-20 09:50:46,747 | INFO | Batch 160 | Loss: 0.3448 | Correct: 113/128 | Elapsed Time: 25.00s
2026-01-20 09:51:11,740 | INFO | Batch 170 | Loss: 0.3661 | Correct: 114/128 | Elapsed Time: 24.99s
2026-01-20 09:51:36,680 | INFO | Batch 180 | Loss: 0.3659 | Correct: 112/128 | Elapsed Time: 24.94s
2026-01-20 09:52:01,726 | INFO | Batch 190 | Loss: 0.3200 | Correct: 112/128 | Elapsed Time: 25.05s
2026-01-20 09:52:26,746 | INFO | Batch 200 | Loss: 0.3633 | Correct: 111/128 | Elapsed Time: 25.02s
2026-01-20 09:52:51,762 | INFO | Batch 210 | Loss: 0.4552 | Correct: 108/128 | Elapsed Time: 25.02s
2026-01-20 09:53:16,828 | INFO | Batch 220 | Loss: 0.3309 | Correct: 111/128 | Elapsed Time: 25.07s
2026-01-20 09:53:41,879 | INFO | Batch 230 | Loss: 0.3261 | Correct: 113/128 | Elapsed Time: 25.05s
2026-01-20 09:54:07,008 | INFO | Batch 240 | Loss: 0.2234 | Correct: 115/128 | Elapsed Time: 25.13s
2026-01-20 09:54:31,987 | INFO | Batch 250 | Loss: 0.3869 | Correct: 114/128 | Elapsed Time: 24.98s
2026-01-20 09:54:57,047 | INFO | Batch 260 | Loss: 0.3443 | Correct: 114/128 | Elapsed Time: 25.06s
2026-01-20 09:55:22,102 | INFO | Batch 270 | Loss: 0.2831 | Correct: 115/128 | Elapsed Time: 25.05s
2026-01-20 09:55:47,306 | INFO | Batch 280 | Loss: 0.3158 | Correct: 113/128 | Elapsed Time: 25.20s
2026-01-20 09:56:12,362 | INFO | Batch 290 | Loss: 0.3667 | Correct: 111/128 | Elapsed Time: 25.06s
2026-01-20 09:56:37,372 | INFO | Batch 300 | Loss: 0.3266 | Correct: 112/128 | Elapsed Time: 25.01s
2026-01-20 09:57:02,457 | INFO | Batch 310 | Loss: 0.4173 | Correct: 108/128 | Elapsed Time: 25.09s
2026-01-20 09:57:27,516 | INFO | Batch 320 | Loss: 0.3725 | Correct: 113/128 | Elapsed Time: 25.06s
2026-01-20 09:57:52,509 | INFO | Batch 330 | Loss: 0.3132 | Correct: 109/128 | Elapsed Time: 24.99s
2026-01-20 09:58:17,538 | INFO | Batch 340 | Loss: 0.4645 | Correct: 107/128 | Elapsed Time: 25.03s
2026-01-20 09:58:42,647 | INFO | Batch 350 | Loss: 0.3486 | Correct: 113/128 | Elapsed Time: 25.11s
2026-01-20 09:59:07,635 | INFO | Batch 360 | Loss: 0.4411 | Correct: 113/128 | Elapsed Time: 24.99s
2026-01-20 09:59:32,590 | INFO | Batch 370 | Loss: 0.4063 | Correct: 110/128 | Elapsed Time: 24.96s
2026-01-20 09:59:57,582 | INFO | Batch 380 | Loss: 0.3891 | Correct: 115/128 | Elapsed Time: 24.99s
2026-01-20 10:00:22,601 | INFO | Batch 390 | Loss: 0.3521 | Correct: 111/128 | Elapsed Time: 25.02s
2026-01-20 10:00:24,295 | INFO | Epoch [46/100] - Loss: 0.3593 | Correct: 43693/50000 (87.39%, 978.36s)
2026-01-20 10:01:39,766 | INFO | Validation - Loss: 0.5392 | Correct: 8240/10000 (82.40%) (75.47s)
2026-01-20 10:02:04,887 | INFO | Batch 10 | Loss: 0.3831 | Correct: 109/128 | Elapsed Time: 25.12s
2026-01-20 10:02:29,881 | INFO | Batch 20 | Loss: 0.3483 | Correct: 115/128 | Elapsed Time: 24.99s
2026-01-20 10:02:54,846 | INFO | Batch 30 | Loss: 0.2558 | Correct: 117/128 | Elapsed Time: 24.96s
2026-01-20 10:03:19,815 | INFO | Batch 40 | Loss: 0.4019 | Correct: 113/128 | Elapsed Time: 24.97s
2026-01-20 10:03:44,791 | INFO | Batch 50 | Loss: 0.3648 | Correct: 114/128 | Elapsed Time: 24.98s
2026-01-20 10:04:09,789 | INFO | Batch 60 | Loss: 0.4219 | Correct: 109/128 | Elapsed Time: 25.00s
2026-01-20 10:04:34,838 | INFO | Batch 70 | Loss: 0.2159 | Correct: 117/128 | Elapsed Time: 25.05s
2026-01-20 10:04:59,762 | INFO | Batch 80 | Loss: 0.3300 | Correct: 115/128 | Elapsed Time: 24.92s
2026-01-20 10:05:24,736 | INFO | Batch 90 | Loss: 0.3836 | Correct: 112/128 | Elapsed Time: 24.97s
2026-01-20 10:05:49,731 | INFO | Batch 100 | Loss: 0.4020 | Correct: 107/128 | Elapsed Time: 24.99s
2026-01-20 10:06:14,738 | INFO | Batch 110 | Loss: 0.3405 | Correct: 115/128 | Elapsed Time: 25.01s
2026-01-20 10:06:39,716 | INFO | Batch 120 | Loss: 0.2199 | Correct: 120/128 | Elapsed Time: 24.98s
2026-01-20 10:07:04,726 | INFO | Batch 130 | Loss: 0.4919 | Correct: 110/128 | Elapsed Time: 25.01s
2026-01-20 10:07:29,824 | INFO | Batch 140 | Loss: 0.4497 | Correct: 106/128 | Elapsed Time: 25.10s
2026-01-20 10:07:54,807 | INFO | Batch 150 | Loss: 0.2385 | Correct: 116/128 | Elapsed Time: 24.98s
2026-01-20 10:08:19,808 | INFO | Batch 160 | Loss: 0.4212 | Correct: 107/128 | Elapsed Time: 25.00s
2026-01-20 10:08:44,850 | INFO | Batch 170 | Loss: 0.3542 | Correct: 112/128 | Elapsed Time: 25.04s
2026-01-20 10:09:09,853 | INFO | Batch 180 | Loss: 0.2389 | Correct: 119/128 | Elapsed Time: 25.00s
2026-01-20 10:09:34,821 | INFO | Batch 190 | Loss: 0.3953 | Correct: 116/128 | Elapsed Time: 24.97s
2026-01-20 10:09:59,876 | INFO | Batch 200 | Loss: 0.1431 | Correct: 123/128 | Elapsed Time: 25.05s
2026-01-20 10:10:24,866 | INFO | Batch 210 | Loss: 0.3003 | Correct: 115/128 | Elapsed Time: 24.99s
2026-01-20 10:10:49,842 | INFO | Batch 220 | Loss: 0.3333 | Correct: 115/128 | Elapsed Time: 24.98s
2026-01-20 10:11:14,848 | INFO | Batch 230 | Loss: 0.4148 | Correct: 111/128 | Elapsed Time: 25.01s
2026-01-20 10:11:39,824 | INFO | Batch 240 | Loss: 0.3656 | Correct: 113/128 | Elapsed Time: 24.98s
2026-01-20 10:12:04,832 | INFO | Batch 250 | Loss: 0.4525 | Correct: 106/128 | Elapsed Time: 25.01s
2026-01-20 10:12:29,829 | INFO | Batch 260 | Loss: 0.2915 | Correct: 112/128 | Elapsed Time: 25.00s
2026-01-20 10:12:54,884 | INFO | Batch 270 | Loss: 0.4255 | Correct: 108/128 | Elapsed Time: 25.05s
2026-01-20 10:13:19,832 | INFO | Batch 280 | Loss: 0.3602 | Correct: 110/128 | Elapsed Time: 24.95s
2026-01-20 10:13:44,815 | INFO | Batch 290 | Loss: 0.4201 | Correct: 110/128 | Elapsed Time: 24.98s
2026-01-20 10:14:09,818 | INFO | Batch 300 | Loss: 0.3324 | Correct: 112/128 | Elapsed Time: 25.00s
2026-01-20 10:14:34,802 | INFO | Batch 310 | Loss: 0.3453 | Correct: 115/128 | Elapsed Time: 24.98s
2026-01-20 10:14:59,796 | INFO | Batch 320 | Loss: 0.3498 | Correct: 117/128 | Elapsed Time: 24.99s
2026-01-20 10:15:24,767 | INFO | Batch 330 | Loss: 0.4119 | Correct: 108/128 | Elapsed Time: 24.97s
2026-01-20 10:15:49,869 | INFO | Batch 340 | Loss: 0.4285 | Correct: 111/128 | Elapsed Time: 25.10s
2026-01-20 10:16:14,876 | INFO | Batch 350 | Loss: 0.4711 | Correct: 106/128 | Elapsed Time: 25.01s
2026-01-20 10:16:39,914 | INFO | Batch 360 | Loss: 0.3587 | Correct: 114/128 | Elapsed Time: 25.04s
2026-01-20 10:17:04,928 | INFO | Batch 370 | Loss: 0.4716 | Correct: 108/128 | Elapsed Time: 25.01s
2026-01-20 10:17:29,958 | INFO | Batch 380 | Loss: 0.3798 | Correct: 110/128 | Elapsed Time: 25.03s
2026-01-20 10:17:55,027 | INFO | Batch 390 | Loss: 0.3583 | Correct: 109/128 | Elapsed Time: 25.07s
2026-01-20 10:17:56,705 | INFO | Epoch [47/100] - Loss: 0.3553 | Correct: 43711/50000 (87.42%, 976.94s)
2026-01-20 10:19:12,169 | INFO | Validation - Loss: 0.5639 | Correct: 8128/10000 (81.28%) (75.46s)
2026-01-20 10:19:37,206 | INFO | Batch 10 | Loss: 0.2900 | Correct: 115/128 | Elapsed Time: 25.03s
2026-01-20 10:20:02,192 | INFO | Batch 20 | Loss: 0.3007 | Correct: 113/128 | Elapsed Time: 24.99s
2026-01-20 10:20:27,192 | INFO | Batch 30 | Loss: 0.3924 | Correct: 106/128 | Elapsed Time: 25.00s
2026-01-20 10:20:52,226 | INFO | Batch 40 | Loss: 0.2647 | Correct: 118/128 | Elapsed Time: 25.03s
2026-01-20 10:21:17,245 | INFO | Batch 50 | Loss: 0.2729 | Correct: 117/128 | Elapsed Time: 25.02s
2026-01-20 10:21:42,250 | INFO | Batch 60 | Loss: 0.4367 | Correct: 103/128 | Elapsed Time: 25.01s
2026-01-20 10:22:07,359 | INFO | Batch 70 | Loss: 0.2916 | Correct: 115/128 | Elapsed Time: 25.11s
2026-01-20 10:22:32,361 | INFO | Batch 80 | Loss: 0.3355 | Correct: 114/128 | Elapsed Time: 25.00s
2026-01-20 10:22:57,376 | INFO | Batch 90 | Loss: 0.2791 | Correct: 115/128 | Elapsed Time: 25.01s
2026-01-20 10:23:22,359 | INFO | Batch 100 | Loss: 0.3439 | Correct: 114/128 | Elapsed Time: 24.98s
2026-01-20 10:23:47,306 | INFO | Batch 110 | Loss: 0.3078 | Correct: 116/128 | Elapsed Time: 24.95s
2026-01-20 10:24:12,311 | INFO | Batch 120 | Loss: 0.5097 | Correct: 109/128 | Elapsed Time: 25.01s
2026-01-20 10:24:37,411 | INFO | Batch 130 | Loss: 0.3800 | Correct: 106/128 | Elapsed Time: 25.10s
2026-01-20 10:25:02,442 | INFO | Batch 140 | Loss: 0.2833 | Correct: 118/128 | Elapsed Time: 25.03s
2026-01-20 10:25:27,458 | INFO | Batch 150 | Loss: 0.3867 | Correct: 109/128 | Elapsed Time: 25.02s
2026-01-20 10:25:52,439 | INFO | Batch 160 | Loss: 0.5087 | Correct: 104/128 | Elapsed Time: 24.98s
2026-01-20 10:26:17,413 | INFO | Batch 170 | Loss: 0.2718 | Correct: 117/128 | Elapsed Time: 24.97s
2026-01-20 10:26:42,414 | INFO | Batch 180 | Loss: 0.2836 | Correct: 111/128 | Elapsed Time: 25.00s
2026-01-20 10:27:07,457 | INFO | Batch 190 | Loss: 0.3250 | Correct: 112/128 | Elapsed Time: 25.04s
2026-01-20 10:27:32,567 | INFO | Batch 200 | Loss: 0.4857 | Correct: 108/128 | Elapsed Time: 25.11s
2026-01-20 10:27:57,568 | INFO | Batch 210 | Loss: 0.5293 | Correct: 103/128 | Elapsed Time: 25.00s
2026-01-20 10:28:22,568 | INFO | Batch 220 | Loss: 0.4025 | Correct: 107/128 | Elapsed Time: 25.00s
2026-01-20 10:28:47,581 | INFO | Batch 230 | Loss: 0.3662 | Correct: 109/128 | Elapsed Time: 25.01s
2026-01-20 10:29:12,608 | INFO | Batch 240 | Loss: 0.3038 | Correct: 113/128 | Elapsed Time: 25.03s
2026-01-20 10:29:37,601 | INFO | Batch 250 | Loss: 0.2992 | Correct: 114/128 | Elapsed Time: 24.99s
2026-01-20 10:30:02,732 | INFO | Batch 260 | Loss: 0.4970 | Correct: 101/128 | Elapsed Time: 25.13s
2026-01-20 10:30:27,748 | INFO | Batch 270 | Loss: 0.3732 | Correct: 114/128 | Elapsed Time: 25.02s
2026-01-20 10:30:52,756 | INFO | Batch 280 | Loss: 0.3336 | Correct: 114/128 | Elapsed Time: 25.01s
2026-01-20 10:31:17,767 | INFO | Batch 290 | Loss: 0.2712 | Correct: 116/128 | Elapsed Time: 25.01s
2026-01-20 10:31:42,765 | INFO | Batch 300 | Loss: 0.2981 | Correct: 116/128 | Elapsed Time: 25.00s
2026-01-20 10:32:07,813 | INFO | Batch 310 | Loss: 0.3391 | Correct: 113/128 | Elapsed Time: 25.05s
2026-01-20 10:32:32,808 | INFO | Batch 320 | Loss: 0.4629 | Correct: 107/128 | Elapsed Time: 25.00s
2026-01-20 10:32:57,861 | INFO | Batch 330 | Loss: 0.3767 | Correct: 111/128 | Elapsed Time: 25.05s
2026-01-20 10:33:22,824 | INFO | Batch 340 | Loss: 0.2741 | Correct: 116/128 | Elapsed Time: 24.96s
2026-01-20 10:33:47,779 | INFO | Batch 350 | Loss: 0.3888 | Correct: 111/128 | Elapsed Time: 24.95s
2026-01-20 10:34:12,756 | INFO | Batch 360 | Loss: 0.3406 | Correct: 110/128 | Elapsed Time: 24.98s
2026-01-20 10:34:37,756 | INFO | Batch 370 | Loss: 0.4280 | Correct: 107/128 | Elapsed Time: 25.00s
2026-01-20 10:35:02,730 | INFO | Batch 380 | Loss: 0.3609 | Correct: 109/128 | Elapsed Time: 24.97s
2026-01-20 10:35:27,688 | INFO | Batch 390 | Loss: 0.2767 | Correct: 115/128 | Elapsed Time: 24.96s
2026-01-20 10:35:29,381 | INFO | Epoch [48/100] - Loss: 0.3516 | Correct: 43761/50000 (87.52%, 977.21s)
2026-01-20 10:36:44,713 | INFO | Validation - Loss: 0.5861 | Correct: 8124/10000 (81.24%) (75.33s)
2026-01-20 10:37:09,736 | INFO | Batch 10 | Loss: 0.3754 | Correct: 107/128 | Elapsed Time: 25.02s
2026-01-20 10:37:34,725 | INFO | Batch 20 | Loss: 0.2163 | Correct: 119/128 | Elapsed Time: 24.99s
2026-01-20 10:37:59,732 | INFO | Batch 30 | Loss: 0.3887 | Correct: 112/128 | Elapsed Time: 25.01s
2026-01-20 10:38:24,718 | INFO | Batch 40 | Loss: 0.3290 | Correct: 114/128 | Elapsed Time: 24.99s
2026-01-20 10:38:49,722 | INFO | Batch 50 | Loss: 0.3098 | Correct: 113/128 | Elapsed Time: 25.00s
2026-01-20 10:39:14,733 | INFO | Batch 60 | Loss: 0.2807 | Correct: 117/128 | Elapsed Time: 25.01s
2026-01-20 10:39:39,807 | INFO | Batch 70 | Loss: 0.3721 | Correct: 113/128 | Elapsed Time: 25.07s
2026-01-20 10:40:04,787 | INFO | Batch 80 | Loss: 0.2841 | Correct: 117/128 | Elapsed Time: 24.98s
2026-01-20 10:40:29,768 | INFO | Batch 90 | Loss: 0.2417 | Correct: 115/128 | Elapsed Time: 24.98s
2026-01-20 10:40:54,762 | INFO | Batch 100 | Loss: 0.3809 | Correct: 115/128 | Elapsed Time: 24.99s
2026-01-20 10:41:19,750 | INFO | Batch 110 | Loss: 0.3176 | Correct: 114/128 | Elapsed Time: 24.99s
2026-01-20 10:41:44,751 | INFO | Batch 120 | Loss: 0.3758 | Correct: 113/128 | Elapsed Time: 25.00s
2026-01-20 10:42:09,737 | INFO | Batch 130 | Loss: 0.2703 | Correct: 113/128 | Elapsed Time: 24.99s
2026-01-20 10:42:34,822 | INFO | Batch 140 | Loss: 0.4209 | Correct: 110/128 | Elapsed Time: 25.08s
2026-01-20 10:42:59,822 | INFO | Batch 150 | Loss: 0.3463 | Correct: 113/128 | Elapsed Time: 25.00s
2026-01-20 10:43:24,867 | INFO | Batch 160 | Loss: 0.4678 | Correct: 106/128 | Elapsed Time: 25.05s
2026-01-20 10:43:49,843 | INFO | Batch 170 | Loss: 0.2905 | Correct: 115/128 | Elapsed Time: 24.98s
2026-01-20 10:44:14,822 | INFO | Batch 180 | Loss: 0.2752 | Correct: 116/128 | Elapsed Time: 24.98s
2026-01-20 10:44:39,820 | INFO | Batch 190 | Loss: 0.3685 | Correct: 112/128 | Elapsed Time: 25.00s
2026-01-20 10:45:04,963 | INFO | Batch 200 | Loss: 0.3258 | Correct: 112/128 | Elapsed Time: 25.14s
2026-01-20 10:45:29,998 | INFO | Batch 210 | Loss: 0.2403 | Correct: 118/128 | Elapsed Time: 25.03s
2026-01-20 10:45:54,993 | INFO | Batch 220 | Loss: 0.3024 | Correct: 114/128 | Elapsed Time: 25.00s
2026-01-20 10:46:19,991 | INFO | Batch 230 | Loss: 0.4274 | Correct: 111/128 | Elapsed Time: 25.00s
2026-01-20 10:46:45,012 | INFO | Batch 240 | Loss: 0.4258 | Correct: 110/128 | Elapsed Time: 25.02s
2026-01-20 10:47:10,011 | INFO | Batch 250 | Loss: 0.4870 | Correct: 105/128 | Elapsed Time: 25.00s
2026-01-20 10:47:34,971 | INFO | Batch 260 | Loss: 0.2673 | Correct: 113/128 | Elapsed Time: 24.96s
2026-01-20 10:48:00,068 | INFO | Batch 270 | Loss: 0.3240 | Correct: 114/128 | Elapsed Time: 25.10s
2026-01-20 10:48:25,055 | INFO | Batch 280 | Loss: 0.4648 | Correct: 102/128 | Elapsed Time: 24.99s
2026-01-20 10:48:50,070 | INFO | Batch 290 | Loss: 0.2912 | Correct: 114/128 | Elapsed Time: 25.01s
2026-01-20 10:49:15,086 | INFO | Batch 300 | Loss: 0.3227 | Correct: 113/128 | Elapsed Time: 25.02s
2026-01-20 10:49:40,106 | INFO | Batch 310 | Loss: 0.3770 | Correct: 112/128 | Elapsed Time: 25.02s
2026-01-20 10:50:05,113 | INFO | Batch 320 | Loss: 0.4400 | Correct: 109/128 | Elapsed Time: 25.01s
2026-01-20 10:50:30,166 | INFO | Batch 330 | Loss: 0.4256 | Correct: 109/128 | Elapsed Time: 25.05s
2026-01-20 10:50:55,187 | INFO | Batch 340 | Loss: 0.3271 | Correct: 115/128 | Elapsed Time: 25.02s
2026-01-20 10:51:20,206 | INFO | Batch 350 | Loss: 0.3456 | Correct: 110/128 | Elapsed Time: 25.02s
2026-01-20 10:51:45,192 | INFO | Batch 360 | Loss: 0.3846 | Correct: 108/128 | Elapsed Time: 24.99s
2026-01-20 10:52:10,175 | INFO | Batch 370 | Loss: 0.3781 | Correct: 111/128 | Elapsed Time: 24.98s
2026-01-20 10:52:35,137 | INFO | Batch 380 | Loss: 0.2878 | Correct: 115/128 | Elapsed Time: 24.96s
2026-01-20 10:53:00,130 | INFO | Batch 390 | Loss: 0.4501 | Correct: 108/128 | Elapsed Time: 24.99s
2026-01-20 10:53:01,814 | INFO | Epoch [49/100] - Loss: 0.3516 | Correct: 43754/50000 (87.51%, 977.10s)
2026-01-20 10:54:17,225 | INFO | Validation - Loss: 0.5024 | Correct: 8355/10000 (83.55%) (75.41s)
2026-01-20 10:54:17,386 | INFO | New best model saved at epoch 49 with Top1 Acc: 83.55%
2026-01-20 10:54:42,419 | INFO | Batch 10 | Loss: 0.2892 | Correct: 116/128 | Elapsed Time: 25.03s
2026-01-20 10:55:07,430 | INFO | Batch 20 | Loss: 0.3527 | Correct: 113/128 | Elapsed Time: 25.01s
2026-01-20 10:55:32,438 | INFO | Batch 30 | Loss: 0.3806 | Correct: 106/128 | Elapsed Time: 25.01s
2026-01-20 10:55:57,413 | INFO | Batch 40 | Loss: 0.3377 | Correct: 114/128 | Elapsed Time: 24.97s
2026-01-20 10:56:22,403 | INFO | Batch 50 | Loss: 0.2774 | Correct: 118/128 | Elapsed Time: 24.99s
2026-01-20 10:56:47,340 | INFO | Batch 60 | Loss: 0.3927 | Correct: 108/128 | Elapsed Time: 24.94s
2026-01-20 10:57:12,433 | INFO | Batch 70 | Loss: 0.3616 | Correct: 112/128 | Elapsed Time: 25.09s
2026-01-20 10:57:37,458 | INFO | Batch 80 | Loss: 0.3557 | Correct: 118/128 | Elapsed Time: 25.03s
2026-01-20 10:58:02,412 | INFO | Batch 90 | Loss: 0.3042 | Correct: 117/128 | Elapsed Time: 24.95s
2026-01-20 10:58:27,654 | INFO | Batch 100 | Loss: 0.3833 | Correct: 111/128 | Elapsed Time: 25.24s
2026-01-20 10:58:52,786 | INFO | Batch 110 | Loss: 0.4250 | Correct: 108/128 | Elapsed Time: 25.13s
2026-01-20 10:59:17,900 | INFO | Batch 120 | Loss: 0.2975 | Correct: 112/128 | Elapsed Time: 25.11s
2026-01-20 10:59:42,962 | INFO | Batch 130 | Loss: 0.3041 | Correct: 113/128 | Elapsed Time: 25.06s
2026-01-20 11:00:08,116 | INFO | Batch 140 | Loss: 0.3484 | Correct: 115/128 | Elapsed Time: 25.15s
2026-01-20 11:00:33,163 | INFO | Batch 150 | Loss: 0.2807 | Correct: 118/128 | Elapsed Time: 25.05s
2026-01-20 11:00:58,220 | INFO | Batch 160 | Loss: 0.3487 | Correct: 110/128 | Elapsed Time: 25.06s
2026-01-20 11:01:23,227 | INFO | Batch 170 | Loss: 0.3378 | Correct: 113/128 | Elapsed Time: 25.01s
2026-01-20 11:01:48,303 | INFO | Batch 180 | Loss: 0.4035 | Correct: 109/128 | Elapsed Time: 25.08s
2026-01-20 11:02:13,374 | INFO | Batch 190 | Loss: 0.3524 | Correct: 110/128 | Elapsed Time: 25.07s
2026-01-20 11:02:38,510 | INFO | Batch 200 | Loss: 0.3331 | Correct: 115/128 | Elapsed Time: 25.14s
2026-01-20 11:03:03,564 | INFO | Batch 210 | Loss: 0.3496 | Correct: 111/128 | Elapsed Time: 25.05s
2026-01-20 11:03:28,639 | INFO | Batch 220 | Loss: 0.2965 | Correct: 116/128 | Elapsed Time: 25.07s
2026-01-20 11:03:53,725 | INFO | Batch 230 | Loss: 0.6220 | Correct: 103/128 | Elapsed Time: 25.09s
2026-01-20 11:04:18,822 | INFO | Batch 240 | Loss: 0.4214 | Correct: 108/128 | Elapsed Time: 25.10s
2026-01-20 11:04:43,912 | INFO | Batch 250 | Loss: 0.3922 | Correct: 111/128 | Elapsed Time: 25.09s
2026-01-20 11:05:08,976 | INFO | Batch 260 | Loss: 0.2679 | Correct: 116/128 | Elapsed Time: 25.06s
2026-01-20 11:05:34,170 | INFO | Batch 270 | Loss: 0.4215 | Correct: 108/128 | Elapsed Time: 25.19s
2026-01-20 11:05:59,205 | INFO | Batch 280 | Loss: 0.3066 | Correct: 113/128 | Elapsed Time: 25.04s
2026-01-20 11:06:24,255 | INFO | Batch 290 | Loss: 0.3706 | Correct: 110/128 | Elapsed Time: 25.05s
2026-01-20 11:06:49,278 | INFO | Batch 300 | Loss: 0.2939 | Correct: 112/128 | Elapsed Time: 25.02s
2026-01-20 11:07:14,276 | INFO | Batch 310 | Loss: 0.2815 | Correct: 117/128 | Elapsed Time: 25.00s
2026-01-20 11:07:39,295 | INFO | Batch 320 | Loss: 0.3711 | Correct: 114/128 | Elapsed Time: 25.02s
2026-01-20 11:08:04,297 | INFO | Batch 330 | Loss: 0.4340 | Correct: 105/128 | Elapsed Time: 25.00s
2026-01-20 11:08:29,378 | INFO | Batch 340 | Loss: 0.2751 | Correct: 117/128 | Elapsed Time: 25.08s
2026-01-20 11:08:54,387 | INFO | Batch 350 | Loss: 0.2842 | Correct: 116/128 | Elapsed Time: 25.01s
2026-01-20 11:09:19,401 | INFO | Batch 360 | Loss: 0.3799 | Correct: 111/128 | Elapsed Time: 25.01s
2026-01-20 11:09:44,384 | INFO | Batch 370 | Loss: 0.3813 | Correct: 112/128 | Elapsed Time: 24.98s
2026-01-20 11:10:09,381 | INFO | Batch 380 | Loss: 0.3024 | Correct: 114/128 | Elapsed Time: 25.00s
2026-01-20 11:10:34,365 | INFO | Batch 390 | Loss: 0.3768 | Correct: 111/128 | Elapsed Time: 24.98s
2026-01-20 11:10:36,052 | INFO | Epoch [50/100] - Loss: 0.3425 | Correct: 43972/50000 (87.94%, 978.67s)
2026-01-20 11:11:51,576 | INFO | Validation - Loss: 0.5701 | Correct: 8142/10000 (81.42%) (75.52s)
2026-01-20 11:12:16,635 | INFO | Batch 10 | Loss: 0.2238 | Correct: 118/128 | Elapsed Time: 25.06s
2026-01-20 11:12:41,691 | INFO | Batch 20 | Loss: 0.3596 | Correct: 112/128 | Elapsed Time: 25.06s
2026-01-20 11:13:06,683 | INFO | Batch 30 | Loss: 0.2365 | Correct: 119/128 | Elapsed Time: 24.99s
2026-01-20 11:13:31,646 | INFO | Batch 40 | Loss: 0.3265 | Correct: 112/128 | Elapsed Time: 24.96s
2026-01-20 11:13:56,657 | INFO | Batch 50 | Loss: 0.3317 | Correct: 113/128 | Elapsed Time: 25.01s
2026-01-20 11:14:21,699 | INFO | Batch 60 | Loss: 0.3234 | Correct: 113/128 | Elapsed Time: 25.04s
2026-01-20 11:14:46,816 | INFO | Batch 70 | Loss: 0.2961 | Correct: 110/128 | Elapsed Time: 25.12s
2026-01-20 11:15:11,782 | INFO | Batch 80 | Loss: 0.2842 | Correct: 114/128 | Elapsed Time: 24.97s
2026-01-20 11:15:36,767 | INFO | Batch 90 | Loss: 0.3613 | Correct: 116/128 | Elapsed Time: 24.99s
2026-01-20 11:16:01,818 | INFO | Batch 100 | Loss: 0.3331 | Correct: 113/128 | Elapsed Time: 25.05s
2026-01-20 11:16:26,852 | INFO | Batch 110 | Loss: 0.4527 | Correct: 109/128 | Elapsed Time: 25.03s
2026-01-20 11:16:51,853 | INFO | Batch 120 | Loss: 0.2774 | Correct: 119/128 | Elapsed Time: 25.00s
2026-01-20 11:17:16,943 | INFO | Batch 130 | Loss: 0.2698 | Correct: 115/128 | Elapsed Time: 25.09s
2026-01-20 11:17:41,973 | INFO | Batch 140 | Loss: 0.1687 | Correct: 117/128 | Elapsed Time: 25.03s
2026-01-20 11:18:07,005 | INFO | Batch 150 | Loss: 0.3182 | Correct: 112/128 | Elapsed Time: 25.03s
2026-01-20 11:18:31,987 | INFO | Batch 160 | Loss: 0.2435 | Correct: 118/128 | Elapsed Time: 24.98s
2026-01-20 11:18:56,966 | INFO | Batch 170 | Loss: 0.2795 | Correct: 112/128 | Elapsed Time: 24.98s
2026-01-20 11:19:21,946 | INFO | Batch 180 | Loss: 0.2269 | Correct: 118/128 | Elapsed Time: 24.98s
2026-01-20 11:19:46,937 | INFO | Batch 190 | Loss: 0.3351 | Correct: 115/128 | Elapsed Time: 24.99s
2026-01-20 11:20:12,067 | INFO | Batch 200 | Loss: 0.3092 | Correct: 112/128 | Elapsed Time: 25.13s
2026-01-20 11:20:37,043 | INFO | Batch 210 | Loss: 0.1286 | Correct: 124/128 | Elapsed Time: 24.98s
2026-01-20 11:21:02,051 | INFO | Batch 220 | Loss: 0.2226 | Correct: 119/128 | Elapsed Time: 25.01s
2026-01-20 11:21:27,073 | INFO | Batch 230 | Loss: 0.3029 | Correct: 111/128 | Elapsed Time: 25.02s
2026-01-20 11:21:52,070 | INFO | Batch 240 | Loss: 0.2553 | Correct: 116/128 | Elapsed Time: 25.00s
2026-01-20 11:22:17,087 | INFO | Batch 250 | Loss: 0.2344 | Correct: 119/128 | Elapsed Time: 25.02s
2026-01-20 11:22:42,159 | INFO | Batch 260 | Loss: 0.2725 | Correct: 114/128 | Elapsed Time: 25.07s
2026-01-20 11:23:07,164 | INFO | Batch 270 | Loss: 0.2450 | Correct: 120/128 | Elapsed Time: 25.00s
2026-01-20 11:23:32,153 | INFO | Batch 280 | Loss: 0.3035 | Correct: 117/128 | Elapsed Time: 24.99s
2026-01-20 11:23:57,141 | INFO | Batch 290 | Loss: 0.3024 | Correct: 116/128 | Elapsed Time: 24.99s
2026-01-20 11:24:22,125 | INFO | Batch 300 | Loss: 0.2922 | Correct: 115/128 | Elapsed Time: 24.98s
2026-01-20 11:24:47,104 | INFO | Batch 310 | Loss: 0.3094 | Correct: 114/128 | Elapsed Time: 24.98s
2026-01-20 11:25:12,073 | INFO | Batch 320 | Loss: 0.1932 | Correct: 118/128 | Elapsed Time: 24.97s
2026-01-20 11:25:37,234 | INFO | Batch 330 | Loss: 0.3698 | Correct: 115/128 | Elapsed Time: 25.16s
2026-01-20 11:26:02,345 | INFO | Batch 340 | Loss: 0.2451 | Correct: 117/128 | Elapsed Time: 25.11s
2026-01-20 11:26:27,328 | INFO | Batch 350 | Loss: 0.2169 | Correct: 118/128 | Elapsed Time: 24.98s
2026-01-20 11:26:52,278 | INFO | Batch 360 | Loss: 0.2476 | Correct: 118/128 | Elapsed Time: 24.95s
2026-01-20 11:27:17,218 | INFO | Batch 370 | Loss: 0.2614 | Correct: 113/128 | Elapsed Time: 24.94s
2026-01-20 11:27:42,228 | INFO | Batch 380 | Loss: 0.2703 | Correct: 114/128 | Elapsed Time: 25.01s
2026-01-20 11:28:07,240 | INFO | Batch 390 | Loss: 0.3340 | Correct: 117/128 | Elapsed Time: 25.01s
2026-01-20 11:28:09,059 | INFO | Epoch [51/100] - Loss: 0.2742 | Correct: 45164/50000 (90.33%, 977.48s)
2026-01-20 11:29:24,803 | INFO | Validation - Loss: 0.4233 | Correct: 8603/10000 (86.03%) (75.74s)
2026-01-20 11:29:24,965 | INFO | New best model saved at epoch 51 with Top1 Acc: 86.03%
2026-01-20 11:29:50,024 | INFO | Batch 10 | Loss: 0.2147 | Correct: 118/128 | Elapsed Time: 25.06s
2026-01-20 11:30:15,034 | INFO | Batch 20 | Loss: 0.2286 | Correct: 121/128 | Elapsed Time: 25.01s
2026-01-20 11:30:40,046 | INFO | Batch 30 | Loss: 0.3093 | Correct: 117/128 | Elapsed Time: 25.01s
2026-01-20 11:31:05,068 | INFO | Batch 40 | Loss: 0.2758 | Correct: 118/128 | Elapsed Time: 25.02s
2026-01-20 11:31:30,162 | INFO | Batch 50 | Loss: 0.2573 | Correct: 116/128 | Elapsed Time: 25.09s
2026-01-20 11:31:55,218 | INFO | Batch 60 | Loss: 0.2426 | Correct: 118/128 | Elapsed Time: 25.06s
2026-01-20 11:32:20,363 | INFO | Batch 70 | Loss: 0.3209 | Correct: 113/128 | Elapsed Time: 25.14s
2026-01-20 11:32:45,395 | INFO | Batch 80 | Loss: 0.1340 | Correct: 124/128 | Elapsed Time: 25.03s
2026-01-20 11:33:10,403 | INFO | Batch 90 | Loss: 0.2906 | Correct: 113/128 | Elapsed Time: 25.01s
2026-01-20 11:33:35,411 | INFO | Batch 100 | Loss: 0.2003 | Correct: 120/128 | Elapsed Time: 25.01s
2026-01-20 11:34:00,408 | INFO | Batch 110 | Loss: 0.3020 | Correct: 110/128 | Elapsed Time: 25.00s
2026-01-20 11:34:25,452 | INFO | Batch 120 | Loss: 0.2467 | Correct: 122/128 | Elapsed Time: 25.04s
2026-01-20 11:34:50,619 | INFO | Batch 130 | Loss: 0.2456 | Correct: 116/128 | Elapsed Time: 25.17s
2026-01-20 11:35:15,635 | INFO | Batch 140 | Loss: 0.3245 | Correct: 112/128 | Elapsed Time: 25.02s
2026-01-20 11:35:40,632 | INFO | Batch 150 | Loss: 0.2492 | Correct: 114/128 | Elapsed Time: 25.00s
2026-01-20 11:36:05,645 | INFO | Batch 160 | Loss: 0.1564 | Correct: 122/128 | Elapsed Time: 25.01s
2026-01-20 11:36:30,678 | INFO | Batch 170 | Loss: 0.1840 | Correct: 119/128 | Elapsed Time: 25.03s
2026-01-20 11:36:55,727 | INFO | Batch 180 | Loss: 0.3042 | Correct: 111/128 | Elapsed Time: 25.05s
2026-01-20 11:37:20,742 | INFO | Batch 190 | Loss: 0.2261 | Correct: 118/128 | Elapsed Time: 25.01s
2026-01-20 11:37:45,848 | INFO | Batch 200 | Loss: 0.1831 | Correct: 120/128 | Elapsed Time: 25.11s
2026-01-20 11:38:10,880 | INFO | Batch 210 | Loss: 0.3764 | Correct: 113/128 | Elapsed Time: 25.03s
2026-01-20 11:38:35,936 | INFO | Batch 220 | Loss: 0.2777 | Correct: 117/128 | Elapsed Time: 25.06s
2026-01-20 11:39:00,963 | INFO | Batch 230 | Loss: 0.2602 | Correct: 117/128 | Elapsed Time: 25.03s
2026-01-20 11:39:26,060 | INFO | Batch 240 | Loss: 0.2338 | Correct: 117/128 | Elapsed Time: 25.10s
2026-01-20 11:39:51,091 | INFO | Batch 250 | Loss: 0.1516 | Correct: 123/128 | Elapsed Time: 25.03s
2026-01-20 11:40:16,183 | INFO | Batch 260 | Loss: 0.2194 | Correct: 120/128 | Elapsed Time: 25.09s
2026-01-20 11:40:41,260 | INFO | Batch 270 | Loss: 0.1759 | Correct: 120/128 | Elapsed Time: 25.08s
2026-01-20 11:41:06,331 | INFO | Batch 280 | Loss: 0.2947 | Correct: 113/128 | Elapsed Time: 25.07s
2026-01-20 11:41:31,419 | INFO | Batch 290 | Loss: 0.3142 | Correct: 111/128 | Elapsed Time: 25.09s
2026-01-20 11:41:56,467 | INFO | Batch 300 | Loss: 0.1913 | Correct: 119/128 | Elapsed Time: 25.05s
2026-01-20 11:42:21,502 | INFO | Batch 310 | Loss: 0.2851 | Correct: 114/128 | Elapsed Time: 25.04s
2026-01-20 11:42:46,584 | INFO | Batch 320 | Loss: 0.2010 | Correct: 117/128 | Elapsed Time: 25.08s
2026-01-20 11:43:11,803 | INFO | Batch 330 | Loss: 0.3236 | Correct: 113/128 | Elapsed Time: 25.22s
2026-01-20 11:43:36,851 | INFO | Batch 340 | Loss: 0.2470 | Correct: 116/128 | Elapsed Time: 25.05s
2026-01-20 11:44:01,938 | INFO | Batch 350 | Loss: 0.2686 | Correct: 115/128 | Elapsed Time: 25.09s
2026-01-20 11:44:26,989 | INFO | Batch 360 | Loss: 0.2689 | Correct: 118/128 | Elapsed Time: 25.05s
2026-01-20 11:44:52,051 | INFO | Batch 370 | Loss: 0.2142 | Correct: 116/128 | Elapsed Time: 25.06s
2026-01-20 11:45:17,097 | INFO | Batch 380 | Loss: 0.2114 | Correct: 119/128 | Elapsed Time: 25.05s
2026-01-20 11:45:42,118 | INFO | Batch 390 | Loss: 0.3447 | Correct: 114/128 | Elapsed Time: 25.02s
2026-01-20 11:45:43,827 | INFO | Epoch [52/100] - Loss: 0.2393 | Correct: 45833/50000 (91.67%, 978.86s)
2026-01-20 11:46:59,461 | INFO | Validation - Loss: 0.4186 | Correct: 8676/10000 (86.76%) (75.63s)
2026-01-20 11:46:59,642 | INFO | New best model saved at epoch 52 with Top1 Acc: 86.76%
2026-01-20 11:47:24,705 | INFO | Batch 10 | Loss: 0.2471 | Correct: 120/128 | Elapsed Time: 25.06s
2026-01-20 11:47:49,703 | INFO | Batch 20 | Loss: 0.2361 | Correct: 115/128 | Elapsed Time: 25.00s
2026-01-20 11:48:14,689 | INFO | Batch 30 | Loss: 0.2467 | Correct: 116/128 | Elapsed Time: 24.99s
2026-01-20 11:48:39,712 | INFO | Batch 40 | Loss: 0.1730 | Correct: 121/128 | Elapsed Time: 25.02s
2026-01-20 11:49:04,716 | INFO | Batch 50 | Loss: 0.2416 | Correct: 118/128 | Elapsed Time: 25.00s
2026-01-20 11:49:29,848 | INFO | Batch 60 | Loss: 0.2195 | Correct: 118/128 | Elapsed Time: 25.13s
2026-01-20 11:49:54,839 | INFO | Batch 70 | Loss: 0.2220 | Correct: 118/128 | Elapsed Time: 24.99s
2026-01-20 11:50:19,839 | INFO | Batch 80 | Loss: 0.3236 | Correct: 110/128 | Elapsed Time: 25.00s
2026-01-20 11:50:44,812 | INFO | Batch 90 | Loss: 0.2538 | Correct: 116/128 | Elapsed Time: 24.97s
2026-01-20 11:51:09,793 | INFO | Batch 100 | Loss: 0.2400 | Correct: 118/128 | Elapsed Time: 24.98s
2026-01-20 11:51:34,786 | INFO | Batch 110 | Loss: 0.1481 | Correct: 123/128 | Elapsed Time: 24.99s
2026-01-20 11:51:59,818 | INFO | Batch 120 | Loss: 0.2557 | Correct: 116/128 | Elapsed Time: 25.03s
2026-01-20 11:52:24,935 | INFO | Batch 130 | Loss: 0.2172 | Correct: 120/128 | Elapsed Time: 25.12s
2026-01-20 11:52:49,965 | INFO | Batch 140 | Loss: 0.2403 | Correct: 120/128 | Elapsed Time: 25.03s
2026-01-20 11:53:14,992 | INFO | Batch 150 | Loss: 0.2427 | Correct: 115/128 | Elapsed Time: 25.03s
2026-01-20 11:53:40,013 | INFO | Batch 160 | Loss: 0.1792 | Correct: 120/128 | Elapsed Time: 25.02s
2026-01-20 11:54:05,083 | INFO | Batch 170 | Loss: 0.2024 | Correct: 120/128 | Elapsed Time: 25.07s
2026-01-20 11:54:30,255 | INFO | Batch 180 | Loss: 0.2617 | Correct: 117/128 | Elapsed Time: 25.17s
2026-01-20 11:54:55,307 | INFO | Batch 190 | Loss: 0.2060 | Correct: 119/128 | Elapsed Time: 25.05s
2026-01-20 11:55:20,479 | INFO | Batch 200 | Loss: 0.1593 | Correct: 122/128 | Elapsed Time: 25.17s
2026-01-20 11:55:45,508 | INFO | Batch 210 | Loss: 0.2629 | Correct: 118/128 | Elapsed Time: 25.03s
2026-01-20 11:56:10,504 | INFO | Batch 220 | Loss: 0.2548 | Correct: 116/128 | Elapsed Time: 25.00s
2026-01-20 11:56:35,500 | INFO | Batch 230 | Loss: 0.2170 | Correct: 118/128 | Elapsed Time: 25.00s
2026-01-20 11:57:00,526 | INFO | Batch 240 | Loss: 0.2483 | Correct: 115/128 | Elapsed Time: 25.03s
2026-01-20 11:57:25,531 | INFO | Batch 250 | Loss: 0.1940 | Correct: 118/128 | Elapsed Time: 25.00s
2026-01-20 11:57:50,671 | INFO | Batch 260 | Loss: 0.1115 | Correct: 124/128 | Elapsed Time: 25.14s
2026-01-20 11:58:15,691 | INFO | Batch 270 | Loss: 0.1734 | Correct: 118/128 | Elapsed Time: 25.02s
2026-01-20 11:58:40,724 | INFO | Batch 280 | Loss: 0.3233 | Correct: 114/128 | Elapsed Time: 25.03s
2026-01-20 11:59:05,790 | INFO | Batch 290 | Loss: 0.2129 | Correct: 121/128 | Elapsed Time: 25.07s
2026-01-20 11:59:30,836 | INFO | Batch 300 | Loss: 0.1989 | Correct: 119/128 | Elapsed Time: 25.05s
2026-01-20 11:59:55,845 | INFO | Batch 310 | Loss: 0.1148 | Correct: 123/128 | Elapsed Time: 25.01s
2026-01-20 12:00:20,956 | INFO | Batch 320 | Loss: 0.2203 | Correct: 117/128 | Elapsed Time: 25.11s
2026-01-20 12:00:45,984 | INFO | Batch 330 | Loss: 0.2544 | Correct: 114/128 | Elapsed Time: 25.03s
2026-01-20 12:01:11,042 | INFO | Batch 340 | Loss: 0.2042 | Correct: 119/128 | Elapsed Time: 25.06s
2026-01-20 12:01:36,134 | INFO | Batch 350 | Loss: 0.2466 | Correct: 117/128 | Elapsed Time: 25.09s
2026-01-20 12:02:01,184 | INFO | Batch 360 | Loss: 0.1315 | Correct: 122/128 | Elapsed Time: 25.05s
2026-01-20 12:02:26,259 | INFO | Batch 370 | Loss: 0.3300 | Correct: 117/128 | Elapsed Time: 25.07s
2026-01-20 12:02:51,336 | INFO | Batch 380 | Loss: 0.2574 | Correct: 117/128 | Elapsed Time: 25.08s
2026-01-20 12:03:16,507 | INFO | Batch 390 | Loss: 0.2523 | Correct: 113/128 | Elapsed Time: 25.17s
2026-01-20 12:03:18,186 | INFO | Epoch [53/100] - Loss: 0.2299 | Correct: 45943/50000 (91.89%, 978.54s)
2026-01-20 12:04:33,553 | INFO | Validation - Loss: 0.4212 | Correct: 8659/10000 (86.59%) (75.37s)
2026-01-20 12:04:58,657 | INFO | Batch 10 | Loss: 0.2613 | Correct: 115/128 | Elapsed Time: 25.10s
2026-01-20 12:05:23,687 | INFO | Batch 20 | Loss: 0.2449 | Correct: 114/128 | Elapsed Time: 25.03s
2026-01-20 12:05:48,712 | INFO | Batch 30 | Loss: 0.2117 | Correct: 120/128 | Elapsed Time: 25.03s
2026-01-20 12:06:13,750 | INFO | Batch 40 | Loss: 0.2435 | Correct: 116/128 | Elapsed Time: 25.04s
2026-01-20 12:06:38,787 | INFO | Batch 50 | Loss: 0.0857 | Correct: 125/128 | Elapsed Time: 25.04s
2026-01-20 12:07:03,960 | INFO | Batch 60 | Loss: 0.2127 | Correct: 117/128 | Elapsed Time: 25.17s
2026-01-20 12:07:29,016 | INFO | Batch 70 | Loss: 0.2072 | Correct: 119/128 | Elapsed Time: 25.06s
2026-01-20 12:07:54,075 | INFO | Batch 80 | Loss: 0.2520 | Correct: 116/128 | Elapsed Time: 25.06s
2026-01-20 12:08:19,067 | INFO | Batch 90 | Loss: 0.2475 | Correct: 115/128 | Elapsed Time: 24.99s
2026-01-20 12:08:44,095 | INFO | Batch 100 | Loss: 0.2394 | Correct: 117/128 | Elapsed Time: 25.03s
2026-01-20 12:09:09,134 | INFO | Batch 110 | Loss: 0.1912 | Correct: 121/128 | Elapsed Time: 25.04s
2026-01-20 12:09:34,185 | INFO | Batch 120 | Loss: 0.3835 | Correct: 114/128 | Elapsed Time: 25.05s
2026-01-20 12:09:59,304 | INFO | Batch 130 | Loss: 0.2290 | Correct: 118/128 | Elapsed Time: 25.12s
2026-01-20 12:10:24,306 | INFO | Batch 140 | Loss: 0.1983 | Correct: 118/128 | Elapsed Time: 25.00s
2026-01-20 12:10:49,275 | INFO | Batch 150 | Loss: 0.2416 | Correct: 118/128 | Elapsed Time: 24.97s
2026-01-20 12:11:14,265 | INFO | Batch 160 | Loss: 0.2364 | Correct: 118/128 | Elapsed Time: 24.99s
2026-01-20 12:11:39,283 | INFO | Batch 170 | Loss: 0.1652 | Correct: 119/128 | Elapsed Time: 25.02s
2026-01-20 12:12:04,315 | INFO | Batch 180 | Loss: 0.1832 | Correct: 116/128 | Elapsed Time: 25.03s
2026-01-20 12:12:29,513 | INFO | Batch 190 | Loss: 0.2248 | Correct: 119/128 | Elapsed Time: 25.20s
2026-01-20 12:12:54,548 | INFO | Batch 200 | Loss: 0.2801 | Correct: 115/128 | Elapsed Time: 25.04s
2026-01-20 12:13:19,595 | INFO | Batch 210 | Loss: 0.2631 | Correct: 120/128 | Elapsed Time: 25.05s
2026-01-20 12:13:44,673 | INFO | Batch 220 | Loss: 0.2014 | Correct: 120/128 | Elapsed Time: 25.08s
2026-01-20 12:14:09,702 | INFO | Batch 230 | Loss: 0.2437 | Correct: 117/128 | Elapsed Time: 25.03s
2026-01-20 12:14:34,727 | INFO | Batch 240 | Loss: 0.1606 | Correct: 122/128 | Elapsed Time: 25.02s
2026-01-20 12:14:59,737 | INFO | Batch 250 | Loss: 0.1944 | Correct: 118/128 | Elapsed Time: 25.01s
2026-01-20 12:15:24,850 | INFO | Batch 260 | Loss: 0.2403 | Correct: 117/128 | Elapsed Time: 25.11s
2026-01-20 12:15:49,834 | INFO | Batch 270 | Loss: 0.2848 | Correct: 114/128 | Elapsed Time: 24.98s
2026-01-20 12:16:14,894 | INFO | Batch 280 | Loss: 0.2239 | Correct: 121/128 | Elapsed Time: 25.06s
2026-01-20 12:16:39,936 | INFO | Batch 290 | Loss: 0.2585 | Correct: 119/128 | Elapsed Time: 25.04s
2026-01-20 12:17:04,965 | INFO | Batch 300 | Loss: 0.1141 | Correct: 127/128 | Elapsed Time: 25.03s
2026-01-20 12:17:29,991 | INFO | Batch 310 | Loss: 0.2529 | Correct: 116/128 | Elapsed Time: 25.03s
2026-01-20 12:17:55,135 | INFO | Batch 320 | Loss: 0.2720 | Correct: 117/128 | Elapsed Time: 25.14s
2026-01-20 12:18:20,176 | INFO | Batch 330 | Loss: 0.1790 | Correct: 117/128 | Elapsed Time: 25.04s
2026-01-20 12:18:45,214 | INFO | Batch 340 | Loss: 0.2532 | Correct: 115/128 | Elapsed Time: 25.04s
2026-01-20 12:19:10,185 | INFO | Batch 350 | Loss: 0.2440 | Correct: 116/128 | Elapsed Time: 24.97s
2026-01-20 12:19:35,187 | INFO | Batch 360 | Loss: 0.2507 | Correct: 116/128 | Elapsed Time: 25.00s
2026-01-20 12:20:00,184 | INFO | Batch 370 | Loss: 0.2881 | Correct: 113/128 | Elapsed Time: 25.00s
2026-01-20 12:20:25,157 | INFO | Batch 380 | Loss: 0.2000 | Correct: 118/128 | Elapsed Time: 24.97s
2026-01-20 12:20:50,245 | INFO | Batch 390 | Loss: 0.1806 | Correct: 119/128 | Elapsed Time: 25.09s
2026-01-20 12:20:51,931 | INFO | Epoch [54/100] - Loss: 0.2180 | Correct: 46110/50000 (92.22%, 978.38s)
2026-01-20 12:22:07,344 | INFO | Validation - Loss: 0.4255 | Correct: 8677/10000 (86.77%) (75.41s)
2026-01-20 12:22:07,496 | INFO | New best model saved at epoch 54 with Top1 Acc: 86.77%
2026-01-20 12:22:32,519 | INFO | Batch 10 | Loss: 0.1900 | Correct: 120/128 | Elapsed Time: 25.02s
2026-01-20 12:22:57,496 | INFO | Batch 20 | Loss: 0.1772 | Correct: 120/128 | Elapsed Time: 24.98s
2026-01-20 12:23:22,521 | INFO | Batch 30 | Loss: 0.2227 | Correct: 120/128 | Elapsed Time: 25.02s
2026-01-20 12:23:47,511 | INFO | Batch 40 | Loss: 0.2013 | Correct: 118/128 | Elapsed Time: 24.99s
2026-01-20 12:24:12,542 | INFO | Batch 50 | Loss: 0.2247 | Correct: 117/128 | Elapsed Time: 25.03s
2026-01-20 12:24:37,475 | INFO | Batch 60 | Loss: 0.2362 | Correct: 119/128 | Elapsed Time: 24.93s
2026-01-20 12:25:02,454 | INFO | Batch 70 | Loss: 0.2541 | Correct: 116/128 | Elapsed Time: 24.98s
2026-01-20 12:25:27,465 | INFO | Batch 80 | Loss: 0.3274 | Correct: 114/128 | Elapsed Time: 25.01s
2026-01-20 12:25:52,467 | INFO | Batch 90 | Loss: 0.1075 | Correct: 123/128 | Elapsed Time: 25.00s
2026-01-20 12:26:17,458 | INFO | Batch 100 | Loss: 0.2216 | Correct: 115/128 | Elapsed Time: 24.99s
2026-01-20 12:26:42,474 | INFO | Batch 110 | Loss: 0.2316 | Correct: 116/128 | Elapsed Time: 25.02s
2026-01-20 12:27:07,602 | INFO | Batch 120 | Loss: 0.2132 | Correct: 119/128 | Elapsed Time: 25.13s
2026-01-20 12:27:32,601 | INFO | Batch 130 | Loss: 0.2626 | Correct: 115/128 | Elapsed Time: 25.00s
2026-01-20 12:27:57,621 | INFO | Batch 140 | Loss: 0.1869 | Correct: 121/128 | Elapsed Time: 25.02s
2026-01-20 12:28:22,653 | INFO | Batch 150 | Loss: 0.2136 | Correct: 118/128 | Elapsed Time: 25.03s
2026-01-20 12:28:47,696 | INFO | Batch 160 | Loss: 0.1823 | Correct: 119/128 | Elapsed Time: 25.04s
2026-01-20 12:29:12,719 | INFO | Batch 170 | Loss: 0.2651 | Correct: 117/128 | Elapsed Time: 25.02s
2026-01-20 12:29:37,732 | INFO | Batch 180 | Loss: 0.2347 | Correct: 115/128 | Elapsed Time: 25.01s
2026-01-20 12:30:02,865 | INFO | Batch 190 | Loss: 0.1942 | Correct: 115/128 | Elapsed Time: 25.13s
2026-01-20 12:30:27,912 | INFO | Batch 200 | Loss: 0.2706 | Correct: 117/128 | Elapsed Time: 25.05s
2026-01-20 12:30:52,949 | INFO | Batch 210 | Loss: 0.1906 | Correct: 117/128 | Elapsed Time: 25.04s
2026-01-20 12:31:17,954 | INFO | Batch 220 | Loss: 0.2004 | Correct: 118/128 | Elapsed Time: 25.01s
2026-01-20 12:31:42,979 | INFO | Batch 230 | Loss: 0.3098 | Correct: 117/128 | Elapsed Time: 25.03s
2026-01-20 12:32:07,968 | INFO | Batch 240 | Loss: 0.2423 | Correct: 114/128 | Elapsed Time: 24.99s
2026-01-20 12:32:33,078 | INFO | Batch 250 | Loss: 0.2125 | Correct: 118/128 | Elapsed Time: 25.11s
2026-01-20 12:32:58,033 | INFO | Batch 260 | Loss: 0.2813 | Correct: 113/128 | Elapsed Time: 24.96s
2026-01-20 12:33:23,027 | INFO | Batch 270 | Loss: 0.1722 | Correct: 122/128 | Elapsed Time: 24.99s
2026-01-20 12:33:47,983 | INFO | Batch 280 | Loss: 0.2144 | Correct: 118/128 | Elapsed Time: 24.96s
2026-01-20 12:34:12,955 | INFO | Batch 290 | Loss: 0.2267 | Correct: 118/128 | Elapsed Time: 24.97s
2026-01-20 12:34:37,950 | INFO | Batch 300 | Loss: 0.2430 | Correct: 117/128 | Elapsed Time: 25.00s
2026-01-20 12:35:02,915 | INFO | Batch 310 | Loss: 0.2408 | Correct: 117/128 | Elapsed Time: 24.97s
2026-01-20 12:35:27,959 | INFO | Batch 320 | Loss: 0.1310 | Correct: 122/128 | Elapsed Time: 25.04s
2026-01-20 12:35:52,979 | INFO | Batch 330 | Loss: 0.2790 | Correct: 117/128 | Elapsed Time: 25.02s
2026-01-20 12:36:17,977 | INFO | Batch 340 | Loss: 0.2423 | Correct: 119/128 | Elapsed Time: 25.00s
2026-01-20 12:36:42,962 | INFO | Batch 350 | Loss: 0.2087 | Correct: 117/128 | Elapsed Time: 24.98s
2026-01-20 12:37:07,953 | INFO | Batch 360 | Loss: 0.2116 | Correct: 115/128 | Elapsed Time: 24.99s
2026-01-20 12:37:32,950 | INFO | Batch 370 | Loss: 0.1915 | Correct: 119/128 | Elapsed Time: 25.00s
2026-01-20 12:37:58,052 | INFO | Batch 380 | Loss: 0.2636 | Correct: 118/128 | Elapsed Time: 25.10s
2026-01-20 12:38:23,051 | INFO | Batch 390 | Loss: 0.1923 | Correct: 121/128 | Elapsed Time: 25.00s
2026-01-20 12:38:24,750 | INFO | Epoch [55/100] - Loss: 0.2131 | Correct: 46217/50000 (92.43%, 977.25s)
2026-01-20 12:39:40,109 | INFO | Validation - Loss: 0.4259 | Correct: 8679/10000 (86.79%) (75.36s)
2026-01-20 12:39:40,306 | INFO | New best model saved at epoch 55 with Top1 Acc: 86.79%
2026-01-20 12:40:05,303 | INFO | Batch 10 | Loss: 0.2323 | Correct: 118/128 | Elapsed Time: 25.00s
2026-01-20 12:40:30,278 | INFO | Batch 20 | Loss: 0.3350 | Correct: 114/128 | Elapsed Time: 24.98s
2026-01-20 12:40:55,244 | INFO | Batch 30 | Loss: 0.1607 | Correct: 118/128 | Elapsed Time: 24.97s
2026-01-20 12:41:20,198 | INFO | Batch 40 | Loss: 0.2509 | Correct: 120/128 | Elapsed Time: 24.95s
2026-01-20 12:41:45,272 | INFO | Batch 50 | Loss: 0.1591 | Correct: 122/128 | Elapsed Time: 25.07s
2026-01-20 12:42:10,221 | INFO | Batch 60 | Loss: 0.1243 | Correct: 125/128 | Elapsed Time: 24.95s
2026-01-20 12:42:35,168 | INFO | Batch 70 | Loss: 0.1440 | Correct: 120/128 | Elapsed Time: 24.95s
2026-01-20 12:43:00,143 | INFO | Batch 80 | Loss: 0.1761 | Correct: 118/128 | Elapsed Time: 24.97s
2026-01-20 12:43:25,095 | INFO | Batch 90 | Loss: 0.1711 | Correct: 120/128 | Elapsed Time: 24.95s
2026-01-20 12:43:50,095 | INFO | Batch 100 | Loss: 0.2241 | Correct: 118/128 | Elapsed Time: 25.00s
2026-01-20 12:44:15,074 | INFO | Batch 110 | Loss: 0.2894 | Correct: 115/128 | Elapsed Time: 24.98s
2026-01-20 12:44:40,165 | INFO | Batch 120 | Loss: 0.1597 | Correct: 120/128 | Elapsed Time: 25.09s
2026-01-20 12:45:05,151 | INFO | Batch 130 | Loss: 0.2215 | Correct: 118/128 | Elapsed Time: 24.99s
2026-01-20 12:45:30,144 | INFO | Batch 140 | Loss: 0.1523 | Correct: 121/128 | Elapsed Time: 24.99s
2026-01-20 12:45:55,133 | INFO | Batch 150 | Loss: 0.1750 | Correct: 122/128 | Elapsed Time: 24.99s
2026-01-20 12:46:20,097 | INFO | Batch 160 | Loss: 0.2468 | Correct: 119/128 | Elapsed Time: 24.96s
2026-01-20 12:46:45,095 | INFO | Batch 170 | Loss: 0.2073 | Correct: 118/128 | Elapsed Time: 25.00s
2026-01-20 12:47:10,109 | INFO | Batch 180 | Loss: 0.2523 | Correct: 115/128 | Elapsed Time: 25.01s
2026-01-20 12:47:35,232 | INFO | Batch 190 | Loss: 0.2353 | Correct: 115/128 | Elapsed Time: 25.12s
2026-01-20 12:48:00,242 | INFO | Batch 200 | Loss: 0.2204 | Correct: 113/128 | Elapsed Time: 25.01s
2026-01-20 12:48:25,231 | INFO | Batch 210 | Loss: 0.2006 | Correct: 120/128 | Elapsed Time: 24.99s
2026-01-20 12:48:50,213 | INFO | Batch 220 | Loss: 0.2822 | Correct: 114/128 | Elapsed Time: 24.98s
2026-01-20 12:49:15,209 | INFO | Batch 230 | Loss: 0.2481 | Correct: 115/128 | Elapsed Time: 25.00s
2026-01-20 12:49:40,168 | INFO | Batch 240 | Loss: 0.2435 | Correct: 117/128 | Elapsed Time: 24.96s
2026-01-20 12:50:05,255 | INFO | Batch 250 | Loss: 0.2917 | Correct: 118/128 | Elapsed Time: 25.09s
2026-01-20 12:50:30,240 | INFO | Batch 260 | Loss: 0.1472 | Correct: 119/128 | Elapsed Time: 24.98s
2026-01-20 12:50:55,250 | INFO | Batch 270 | Loss: 0.2206 | Correct: 118/128 | Elapsed Time: 25.01s
2026-01-20 12:51:20,242 | INFO | Batch 280 | Loss: 0.3324 | Correct: 114/128 | Elapsed Time: 24.99s
2026-01-20 12:51:45,253 | INFO | Batch 290 | Loss: 0.2020 | Correct: 119/128 | Elapsed Time: 25.01s
2026-01-20 12:52:10,232 | INFO | Batch 300 | Loss: 0.2563 | Correct: 115/128 | Elapsed Time: 24.98s
2026-01-20 12:52:35,190 | INFO | Batch 310 | Loss: 0.3023 | Correct: 112/128 | Elapsed Time: 24.96s
2026-01-20 12:53:00,235 | INFO | Batch 320 | Loss: 0.3244 | Correct: 111/128 | Elapsed Time: 25.04s
2026-01-20 12:53:25,205 | INFO | Batch 330 | Loss: 0.1396 | Correct: 121/128 | Elapsed Time: 24.97s
2026-01-20 12:53:50,218 | INFO | Batch 340 | Loss: 0.2543 | Correct: 119/128 | Elapsed Time: 25.01s
2026-01-20 12:54:15,217 | INFO | Batch 350 | Loss: 0.1672 | Correct: 122/128 | Elapsed Time: 25.00s
2026-01-20 12:54:40,226 | INFO | Batch 360 | Loss: 0.1531 | Correct: 121/128 | Elapsed Time: 25.01s
2026-01-20 12:55:05,236 | INFO | Batch 370 | Loss: 0.2072 | Correct: 121/128 | Elapsed Time: 25.01s
2026-01-20 12:55:30,214 | INFO | Batch 380 | Loss: 0.0895 | Correct: 125/128 | Elapsed Time: 24.98s
2026-01-20 12:55:55,257 | INFO | Batch 390 | Loss: 0.2788 | Correct: 117/128 | Elapsed Time: 25.04s
2026-01-20 12:55:56,940 | INFO | Epoch [56/100] - Loss: 0.2058 | Correct: 46355/50000 (92.71%, 976.63s)
2026-01-20 12:57:12,267 | INFO | Validation - Loss: 0.4316 | Correct: 8680/10000 (86.80%) (75.33s)
2026-01-20 12:57:12,456 | INFO | New best model saved at epoch 56 with Top1 Acc: 86.80%
2026-01-20 12:57:37,511 | INFO | Batch 10 | Loss: 0.2086 | Correct: 117/128 | Elapsed Time: 25.05s
2026-01-20 12:58:02,558 | INFO | Batch 20 | Loss: 0.1016 | Correct: 125/128 | Elapsed Time: 25.05s
2026-01-20 12:58:27,558 | INFO | Batch 30 | Loss: 0.1448 | Correct: 122/128 | Elapsed Time: 25.00s
2026-01-20 12:58:52,524 | INFO | Batch 40 | Loss: 0.1575 | Correct: 122/128 | Elapsed Time: 24.97s
2026-01-20 12:59:17,587 | INFO | Batch 50 | Loss: 0.1789 | Correct: 122/128 | Elapsed Time: 25.06s
2026-01-20 12:59:42,584 | INFO | Batch 60 | Loss: 0.2714 | Correct: 112/128 | Elapsed Time: 25.00s
2026-01-20 13:00:07,578 | INFO | Batch 70 | Loss: 0.1855 | Correct: 121/128 | Elapsed Time: 24.99s
2026-01-20 13:00:32,564 | INFO | Batch 80 | Loss: 0.1767 | Correct: 117/128 | Elapsed Time: 24.99s
2026-01-20 13:00:57,536 | INFO | Batch 90 | Loss: 0.1978 | Correct: 118/128 | Elapsed Time: 24.97s
2026-01-20 13:01:22,531 | INFO | Batch 100 | Loss: 0.2020 | Correct: 120/128 | Elapsed Time: 24.99s
2026-01-20 13:01:47,517 | INFO | Batch 110 | Loss: 0.3079 | Correct: 115/128 | Elapsed Time: 24.99s
2026-01-20 13:02:12,538 | INFO | Batch 120 | Loss: 0.2386 | Correct: 118/128 | Elapsed Time: 25.02s
2026-01-20 13:02:37,486 | INFO | Batch 130 | Loss: 0.1405 | Correct: 123/128 | Elapsed Time: 24.95s
2026-01-20 13:03:02,449 | INFO | Batch 140 | Loss: 0.1972 | Correct: 121/128 | Elapsed Time: 24.96s
2026-01-20 13:03:27,449 | INFO | Batch 150 | Loss: 0.2237 | Correct: 117/128 | Elapsed Time: 25.00s
2026-01-20 13:03:52,436 | INFO | Batch 160 | Loss: 0.1641 | Correct: 119/128 | Elapsed Time: 24.99s
2026-01-20 13:04:17,432 | INFO | Batch 170 | Loss: 0.1917 | Correct: 121/128 | Elapsed Time: 25.00s
2026-01-20 13:04:42,452 | INFO | Batch 180 | Loss: 0.2597 | Correct: 116/128 | Elapsed Time: 25.02s
2026-01-20 13:05:07,566 | INFO | Batch 190 | Loss: 0.1442 | Correct: 120/128 | Elapsed Time: 25.11s
2026-01-20 13:05:32,589 | INFO | Batch 200 | Loss: 0.1338 | Correct: 120/128 | Elapsed Time: 25.02s
2026-01-20 13:05:57,583 | INFO | Batch 210 | Loss: 0.1641 | Correct: 122/128 | Elapsed Time: 24.99s
2026-01-20 13:06:22,582 | INFO | Batch 220 | Loss: 0.2357 | Correct: 118/128 | Elapsed Time: 25.00s
2026-01-20 13:06:47,616 | INFO | Batch 230 | Loss: 0.1547 | Correct: 121/128 | Elapsed Time: 25.03s
2026-01-20 13:07:12,628 | INFO | Batch 240 | Loss: 0.2252 | Correct: 117/128 | Elapsed Time: 25.01s
2026-01-20 13:07:37,729 | INFO | Batch 250 | Loss: 0.1148 | Correct: 124/128 | Elapsed Time: 25.10s
2026-01-20 13:08:02,727 | INFO | Batch 260 | Loss: 0.1926 | Correct: 119/128 | Elapsed Time: 25.00s
2026-01-20 13:08:27,739 | INFO | Batch 270 | Loss: 0.2100 | Correct: 120/128 | Elapsed Time: 25.01s
2026-01-20 13:08:52,747 | INFO | Batch 280 | Loss: 0.2571 | Correct: 112/128 | Elapsed Time: 25.01s
2026-01-20 13:09:17,717 | INFO | Batch 290 | Loss: 0.1242 | Correct: 123/128 | Elapsed Time: 24.97s
2026-01-20 13:09:42,689 | INFO | Batch 300 | Loss: 0.2705 | Correct: 115/128 | Elapsed Time: 24.97s
2026-01-20 13:10:07,683 | INFO | Batch 310 | Loss: 0.2286 | Correct: 116/128 | Elapsed Time: 24.99s
2026-01-20 13:10:32,749 | INFO | Batch 320 | Loss: 0.1295 | Correct: 122/128 | Elapsed Time: 25.07s
2026-01-20 13:10:57,724 | INFO | Batch 330 | Loss: 0.2205 | Correct: 120/128 | Elapsed Time: 24.98s
2026-01-20 13:11:22,699 | INFO | Batch 340 | Loss: 0.1804 | Correct: 119/128 | Elapsed Time: 24.97s
2026-01-20 13:11:47,701 | INFO | Batch 350 | Loss: 0.2045 | Correct: 118/128 | Elapsed Time: 25.00s
2026-01-20 13:12:12,661 | INFO | Batch 360 | Loss: 0.1324 | Correct: 121/128 | Elapsed Time: 24.96s
2026-01-20 13:12:37,630 | INFO | Batch 370 | Loss: 0.1751 | Correct: 122/128 | Elapsed Time: 24.97s
2026-01-20 13:13:02,668 | INFO | Batch 380 | Loss: 0.3142 | Correct: 116/128 | Elapsed Time: 25.04s
2026-01-20 13:13:27,657 | INFO | Batch 390 | Loss: 0.2759 | Correct: 115/128 | Elapsed Time: 24.99s
2026-01-20 13:13:29,356 | INFO | Epoch [57/100] - Loss: 0.1997 | Correct: 46468/50000 (92.94%, 976.90s)
2026-01-20 13:14:44,597 | INFO | Validation - Loss: 0.4319 | Correct: 8667/10000 (86.67%) (75.24s)
2026-01-20 13:15:09,616 | INFO | Batch 10 | Loss: 0.1914 | Correct: 119/128 | Elapsed Time: 25.02s
2026-01-20 13:15:34,616 | INFO | Batch 20 | Loss: 0.0953 | Correct: 124/128 | Elapsed Time: 25.00s
2026-01-20 13:15:59,571 | INFO | Batch 30 | Loss: 0.1950 | Correct: 118/128 | Elapsed Time: 24.96s
2026-01-20 13:16:24,520 | INFO | Batch 40 | Loss: 0.2740 | Correct: 114/128 | Elapsed Time: 24.95s
2026-01-20 13:16:49,627 | INFO | Batch 50 | Loss: 0.2015 | Correct: 122/128 | Elapsed Time: 25.11s
2026-01-20 13:17:14,668 | INFO | Batch 60 | Loss: 0.2510 | Correct: 120/128 | Elapsed Time: 25.04s
2026-01-20 13:17:39,678 | INFO | Batch 70 | Loss: 0.2235 | Correct: 120/128 | Elapsed Time: 25.01s
2026-01-20 13:18:04,669 | INFO | Batch 80 | Loss: 0.1813 | Correct: 122/128 | Elapsed Time: 24.99s
2026-01-20 13:18:29,722 | INFO | Batch 90 | Loss: 0.1490 | Correct: 122/128 | Elapsed Time: 25.05s
2026-01-20 13:18:54,730 | INFO | Batch 100 | Loss: 0.1660 | Correct: 121/128 | Elapsed Time: 25.01s
2026-01-20 13:19:19,811 | INFO | Batch 110 | Loss: 0.1777 | Correct: 120/128 | Elapsed Time: 25.08s
2026-01-20 13:19:44,799 | INFO | Batch 120 | Loss: 0.2395 | Correct: 120/128 | Elapsed Time: 24.99s
2026-01-20 13:20:09,787 | INFO | Batch 130 | Loss: 0.1719 | Correct: 120/128 | Elapsed Time: 24.99s
2026-01-20 13:20:34,804 | INFO | Batch 140 | Loss: 0.1581 | Correct: 124/128 | Elapsed Time: 25.02s
2026-01-20 13:20:59,776 | INFO | Batch 150 | Loss: 0.2054 | Correct: 116/128 | Elapsed Time: 24.97s
2026-01-20 13:21:24,759 | INFO | Batch 160 | Loss: 0.1200 | Correct: 123/128 | Elapsed Time: 24.98s
2026-01-20 13:21:49,780 | INFO | Batch 170 | Loss: 0.1158 | Correct: 121/128 | Elapsed Time: 25.02s
2026-01-20 13:22:14,894 | INFO | Batch 180 | Loss: 0.1957 | Correct: 119/128 | Elapsed Time: 25.11s
2026-01-20 13:22:39,882 | INFO | Batch 190 | Loss: 0.1803 | Correct: 122/128 | Elapsed Time: 24.99s
2026-01-20 13:23:04,869 | INFO | Batch 200 | Loss: 0.1770 | Correct: 117/128 | Elapsed Time: 24.99s
2026-01-20 13:23:29,840 | INFO | Batch 210 | Loss: 0.2979 | Correct: 115/128 | Elapsed Time: 24.97s
2026-01-20 13:23:54,794 | INFO | Batch 220 | Loss: 0.2478 | Correct: 117/128 | Elapsed Time: 24.95s
2026-01-20 13:24:19,807 | INFO | Batch 230 | Loss: 0.2256 | Correct: 119/128 | Elapsed Time: 25.01s
2026-01-20 13:24:44,901 | INFO | Batch 240 | Loss: 0.2976 | Correct: 111/128 | Elapsed Time: 25.09s
2026-01-20 13:25:09,848 | INFO | Batch 250 | Loss: 0.2335 | Correct: 119/128 | Elapsed Time: 24.95s
2026-01-20 13:25:34,805 | INFO | Batch 260 | Loss: 0.1158 | Correct: 123/128 | Elapsed Time: 24.96s
2026-01-20 13:25:59,841 | INFO | Batch 270 | Loss: 0.1779 | Correct: 120/128 | Elapsed Time: 25.04s
2026-01-20 13:26:24,882 | INFO | Batch 280 | Loss: 0.2503 | Correct: 117/128 | Elapsed Time: 25.04s
2026-01-20 13:26:49,935 | INFO | Batch 290 | Loss: 0.2132 | Correct: 116/128 | Elapsed Time: 25.05s
2026-01-20 13:27:14,962 | INFO | Batch 300 | Loss: 0.1792 | Correct: 122/128 | Elapsed Time: 25.03s
2026-01-20 13:27:40,095 | INFO | Batch 310 | Loss: 0.2473 | Correct: 117/128 | Elapsed Time: 25.13s
2026-01-20 13:28:05,143 | INFO | Batch 320 | Loss: 0.2092 | Correct: 115/128 | Elapsed Time: 25.05s
2026-01-20 13:28:30,151 | INFO | Batch 330 | Loss: 0.2480 | Correct: 116/128 | Elapsed Time: 25.01s
2026-01-20 13:28:55,167 | INFO | Batch 340 | Loss: 0.1627 | Correct: 121/128 | Elapsed Time: 25.02s
2026-01-20 13:29:20,140 | INFO | Batch 350 | Loss: 0.1739 | Correct: 118/128 | Elapsed Time: 24.97s
2026-01-20 13:29:45,121 | INFO | Batch 360 | Loss: 0.2180 | Correct: 119/128 | Elapsed Time: 24.98s
2026-01-20 13:30:10,118 | INFO | Batch 370 | Loss: 0.0919 | Correct: 124/128 | Elapsed Time: 25.00s
2026-01-20 13:30:35,197 | INFO | Batch 380 | Loss: 0.2190 | Correct: 118/128 | Elapsed Time: 25.08s
2026-01-20 13:31:00,198 | INFO | Batch 390 | Loss: 0.2429 | Correct: 118/128 | Elapsed Time: 25.00s
2026-01-20 13:31:01,884 | INFO | Epoch [58/100] - Loss: 0.1944 | Correct: 46531/50000 (93.06%, 977.28s)
2026-01-20 13:32:17,272 | INFO | Validation - Loss: 0.4285 | Correct: 8661/10000 (86.61%) (75.39s)
2026-01-20 13:32:42,285 | INFO | Batch 10 | Loss: 0.1662 | Correct: 119/128 | Elapsed Time: 25.01s
2026-01-20 13:33:07,240 | INFO | Batch 20 | Loss: 0.2123 | Correct: 118/128 | Elapsed Time: 24.95s
2026-01-20 13:33:32,213 | INFO | Batch 30 | Loss: 0.1304 | Correct: 122/128 | Elapsed Time: 24.97s
2026-01-20 13:33:57,191 | INFO | Batch 40 | Loss: 0.3082 | Correct: 116/128 | Elapsed Time: 24.98s
2026-01-20 13:34:22,315 | INFO | Batch 50 | Loss: 0.2043 | Correct: 119/128 | Elapsed Time: 25.12s
2026-01-20 13:34:47,330 | INFO | Batch 60 | Loss: 0.1815 | Correct: 116/128 | Elapsed Time: 25.01s
2026-01-20 13:35:12,304 | INFO | Batch 70 | Loss: 0.2634 | Correct: 116/128 | Elapsed Time: 24.97s
2026-01-20 13:35:37,290 | INFO | Batch 80 | Loss: 0.2182 | Correct: 117/128 | Elapsed Time: 24.99s
2026-01-20 13:36:02,286 | INFO | Batch 90 | Loss: 0.0916 | Correct: 124/128 | Elapsed Time: 25.00s
2026-01-20 13:36:27,279 | INFO | Batch 100 | Loss: 0.1824 | Correct: 118/128 | Elapsed Time: 24.99s
2026-01-20 13:36:52,381 | INFO | Batch 110 | Loss: 0.2095 | Correct: 118/128 | Elapsed Time: 25.10s
2026-01-20 13:37:17,359 | INFO | Batch 120 | Loss: 0.2238 | Correct: 115/128 | Elapsed Time: 24.98s
2026-01-20 13:37:42,340 | INFO | Batch 130 | Loss: 0.1701 | Correct: 119/128 | Elapsed Time: 24.98s
2026-01-20 13:38:07,349 | INFO | Batch 140 | Loss: 0.2472 | Correct: 116/128 | Elapsed Time: 25.01s
2026-01-20 13:38:32,343 | INFO | Batch 150 | Loss: 0.1780 | Correct: 121/128 | Elapsed Time: 24.99s
2026-01-20 13:38:57,330 | INFO | Batch 160 | Loss: 0.1965 | Correct: 118/128 | Elapsed Time: 24.99s
2026-01-20 13:39:22,310 | INFO | Batch 170 | Loss: 0.1969 | Correct: 120/128 | Elapsed Time: 24.98s
2026-01-20 13:39:47,353 | INFO | Batch 180 | Loss: 0.1231 | Correct: 123/128 | Elapsed Time: 25.04s
2026-01-20 13:40:12,368 | INFO | Batch 190 | Loss: 0.2121 | Correct: 115/128 | Elapsed Time: 25.02s
2026-01-20 13:40:37,370 | INFO | Batch 200 | Loss: 0.1952 | Correct: 117/128 | Elapsed Time: 25.00s
2026-01-20 13:41:02,384 | INFO | Batch 210 | Loss: 0.1211 | Correct: 123/128 | Elapsed Time: 25.01s
2026-01-20 13:41:27,421 | INFO | Batch 220 | Loss: 0.2042 | Correct: 118/128 | Elapsed Time: 25.04s
2026-01-20 13:41:52,438 | INFO | Batch 230 | Loss: 0.2403 | Correct: 115/128 | Elapsed Time: 25.02s
2026-01-20 13:42:17,471 | INFO | Batch 240 | Loss: 0.2161 | Correct: 119/128 | Elapsed Time: 25.03s
2026-01-20 13:42:42,598 | INFO | Batch 250 | Loss: 0.1550 | Correct: 122/128 | Elapsed Time: 25.13s
2026-01-20 13:43:07,609 | INFO | Batch 260 | Loss: 0.1160 | Correct: 121/128 | Elapsed Time: 25.01s
2026-01-20 13:43:32,614 | INFO | Batch 270 | Loss: 0.2523 | Correct: 114/128 | Elapsed Time: 25.00s
2026-01-20 13:43:57,579 | INFO | Batch 280 | Loss: 0.1387 | Correct: 123/128 | Elapsed Time: 24.97s
2026-01-20 13:44:22,583 | INFO | Batch 290 | Loss: 0.1077 | Correct: 122/128 | Elapsed Time: 25.00s
2026-01-20 13:44:47,576 | INFO | Batch 300 | Loss: 0.1832 | Correct: 119/128 | Elapsed Time: 24.99s
2026-01-20 13:45:12,667 | INFO | Batch 310 | Loss: 0.2065 | Correct: 116/128 | Elapsed Time: 25.09s
2026-01-20 13:45:37,642 | INFO | Batch 320 | Loss: 0.2049 | Correct: 120/128 | Elapsed Time: 24.97s
2026-01-20 13:46:02,634 | INFO | Batch 330 | Loss: 0.1730 | Correct: 121/128 | Elapsed Time: 24.99s
2026-01-20 13:46:27,678 | INFO | Batch 340 | Loss: 0.2030 | Correct: 119/128 | Elapsed Time: 25.04s
2026-01-20 13:46:52,681 | INFO | Batch 350 | Loss: 0.1498 | Correct: 121/128 | Elapsed Time: 25.00s
2026-01-20 13:47:17,690 | INFO | Batch 360 | Loss: 0.1925 | Correct: 116/128 | Elapsed Time: 25.01s
2026-01-20 13:47:42,688 | INFO | Batch 370 | Loss: 0.1239 | Correct: 124/128 | Elapsed Time: 25.00s
2026-01-20 13:48:07,810 | INFO | Batch 380 | Loss: 0.3004 | Correct: 114/128 | Elapsed Time: 25.12s
2026-01-20 13:48:32,771 | INFO | Batch 390 | Loss: 0.2264 | Correct: 116/128 | Elapsed Time: 24.96s
2026-01-20 13:48:34,465 | INFO | Epoch [59/100] - Loss: 0.1896 | Correct: 46577/50000 (93.15%, 977.19s)
2026-01-20 13:49:49,767 | INFO | Validation - Loss: 0.4391 | Correct: 8670/10000 (86.70%) (75.30s)
2026-01-20 13:50:14,776 | INFO | Batch 10 | Loss: 0.2208 | Correct: 115/128 | Elapsed Time: 25.00s
2026-01-20 13:50:39,763 | INFO | Batch 20 | Loss: 0.2696 | Correct: 116/128 | Elapsed Time: 24.99s
2026-01-20 13:51:04,744 | INFO | Batch 30 | Loss: 0.1965 | Correct: 120/128 | Elapsed Time: 24.98s
2026-01-20 13:51:29,754 | INFO | Batch 40 | Loss: 0.1353 | Correct: 122/128 | Elapsed Time: 25.01s
2026-01-20 13:51:54,868 | INFO | Batch 50 | Loss: 0.1920 | Correct: 121/128 | Elapsed Time: 25.11s
2026-01-20 13:52:19,879 | INFO | Batch 60 | Loss: 0.2965 | Correct: 113/128 | Elapsed Time: 25.01s
2026-01-20 13:52:44,912 | INFO | Batch 70 | Loss: 0.1979 | Correct: 122/128 | Elapsed Time: 25.03s
2026-01-20 13:53:09,952 | INFO | Batch 80 | Loss: 0.2160 | Correct: 113/128 | Elapsed Time: 25.04s
2026-01-20 13:53:34,950 | INFO | Batch 90 | Loss: 0.2086 | Correct: 118/128 | Elapsed Time: 25.00s
2026-01-20 13:53:59,977 | INFO | Batch 100 | Loss: 0.1657 | Correct: 122/128 | Elapsed Time: 25.03s
2026-01-20 13:54:25,009 | INFO | Batch 110 | Loss: 0.1504 | Correct: 119/128 | Elapsed Time: 25.03s
2026-01-20 13:54:50,008 | INFO | Batch 120 | Loss: 0.3244 | Correct: 111/128 | Elapsed Time: 25.00s
2026-01-20 13:55:14,994 | INFO | Batch 130 | Loss: 0.1745 | Correct: 121/128 | Elapsed Time: 24.99s
2026-01-20 13:55:40,033 | INFO | Batch 140 | Loss: 0.1427 | Correct: 122/128 | Elapsed Time: 25.04s
2026-01-20 13:56:05,063 | INFO | Batch 150 | Loss: 0.1321 | Correct: 121/128 | Elapsed Time: 25.03s
2026-01-20 13:56:30,101 | INFO | Batch 160 | Loss: 0.1629 | Correct: 121/128 | Elapsed Time: 25.04s
2026-01-20 13:56:55,108 | INFO | Batch 170 | Loss: 0.2107 | Correct: 120/128 | Elapsed Time: 25.01s
2026-01-20 13:57:20,183 | INFO | Batch 180 | Loss: 0.2440 | Correct: 117/128 | Elapsed Time: 25.07s
2026-01-20 13:57:45,203 | INFO | Batch 190 | Loss: 0.1541 | Correct: 121/128 | Elapsed Time: 25.02s
2026-01-20 13:58:10,183 | INFO | Batch 200 | Loss: 0.2302 | Correct: 118/128 | Elapsed Time: 24.98s
2026-01-20 13:58:35,157 | INFO | Batch 210 | Loss: 0.1892 | Correct: 122/128 | Elapsed Time: 24.97s
2026-01-20 13:59:00,149 | INFO | Batch 220 | Loss: 0.2148 | Correct: 118/128 | Elapsed Time: 24.99s
2026-01-20 13:59:25,136 | INFO | Batch 230 | Loss: 0.1922 | Correct: 121/128 | Elapsed Time: 24.99s
2026-01-20 13:59:50,133 | INFO | Batch 240 | Loss: 0.2702 | Correct: 116/128 | Elapsed Time: 25.00s
2026-01-20 14:00:15,272 | INFO | Batch 250 | Loss: 0.1124 | Correct: 125/128 | Elapsed Time: 25.14s
2026-01-20 14:00:40,280 | INFO | Batch 260 | Loss: 0.3293 | Correct: 117/128 | Elapsed Time: 25.01s
2026-01-20 14:01:05,290 | INFO | Batch 270 | Loss: 0.1522 | Correct: 120/128 | Elapsed Time: 25.01s
2026-01-20 14:01:30,319 | INFO | Batch 280 | Loss: 0.2441 | Correct: 118/128 | Elapsed Time: 25.03s
2026-01-20 14:01:55,353 | INFO | Batch 290 | Loss: 0.1669 | Correct: 120/128 | Elapsed Time: 25.03s
2026-01-20 14:02:20,324 | INFO | Batch 300 | Loss: 0.1035 | Correct: 124/128 | Elapsed Time: 24.97s
2026-01-20 14:02:45,370 | INFO | Batch 310 | Loss: 0.1490 | Correct: 122/128 | Elapsed Time: 25.05s
2026-01-20 14:03:10,374 | INFO | Batch 320 | Loss: 0.1808 | Correct: 119/128 | Elapsed Time: 25.00s
2026-01-20 14:03:35,355 | INFO | Batch 330 | Loss: 0.2294 | Correct: 120/128 | Elapsed Time: 24.98s
2026-01-20 14:04:00,325 | INFO | Batch 340 | Loss: 0.1787 | Correct: 119/128 | Elapsed Time: 24.97s
2026-01-20 14:04:25,320 | INFO | Batch 350 | Loss: 0.1740 | Correct: 122/128 | Elapsed Time: 24.99s
2026-01-20 14:04:50,271 | INFO | Batch 360 | Loss: 0.2212 | Correct: 117/128 | Elapsed Time: 24.95s
2026-01-20 14:05:15,245 | INFO | Batch 370 | Loss: 0.2736 | Correct: 113/128 | Elapsed Time: 24.97s
2026-01-20 14:05:40,263 | INFO | Batch 380 | Loss: 0.1515 | Correct: 123/128 | Elapsed Time: 25.02s
2026-01-20 14:06:05,230 | INFO | Batch 390 | Loss: 0.1809 | Correct: 120/128 | Elapsed Time: 24.97s
2026-01-20 14:06:06,915 | INFO | Epoch [60/100] - Loss: 0.1865 | Correct: 46655/50000 (93.31%, 977.14s)
2026-01-20 14:07:22,281 | INFO | Validation - Loss: 0.4355 | Correct: 8674/10000 (86.74%) (75.37s)
2026-01-20 14:07:47,285 | INFO | Batch 10 | Loss: 0.2797 | Correct: 116/128 | Elapsed Time: 25.00s
2026-01-20 14:08:12,221 | INFO | Batch 20 | Loss: 0.1971 | Correct: 120/128 | Elapsed Time: 24.94s
2026-01-20 14:08:37,211 | INFO | Batch 30 | Loss: 0.1337 | Correct: 122/128 | Elapsed Time: 24.99s
2026-01-20 14:09:02,256 | INFO | Batch 40 | Loss: 0.1964 | Correct: 120/128 | Elapsed Time: 25.05s
2026-01-20 14:09:27,194 | INFO | Batch 50 | Loss: 0.1912 | Correct: 118/128 | Elapsed Time: 24.94s
2026-01-20 14:09:52,165 | INFO | Batch 60 | Loss: 0.1595 | Correct: 122/128 | Elapsed Time: 24.97s
2026-01-20 14:10:17,147 | INFO | Batch 70 | Loss: 0.1248 | Correct: 123/128 | Elapsed Time: 24.98s
2026-01-20 14:10:42,125 | INFO | Batch 80 | Loss: 0.2513 | Correct: 117/128 | Elapsed Time: 24.98s
2026-01-20 14:11:07,123 | INFO | Batch 90 | Loss: 0.1365 | Correct: 123/128 | Elapsed Time: 25.00s
2026-01-20 14:11:32,084 | INFO | Batch 100 | Loss: 0.1754 | Correct: 121/128 | Elapsed Time: 24.96s
2026-01-20 14:11:57,189 | INFO | Batch 110 | Loss: 0.1549 | Correct: 119/128 | Elapsed Time: 25.10s
2026-01-20 14:12:22,213 | INFO | Batch 120 | Loss: 0.2343 | Correct: 116/128 | Elapsed Time: 25.02s
2026-01-20 14:12:47,228 | INFO | Batch 130 | Loss: 0.1993 | Correct: 118/128 | Elapsed Time: 25.01s
2026-01-20 14:13:12,235 | INFO | Batch 140 | Loss: 0.1163 | Correct: 125/128 | Elapsed Time: 25.01s
2026-01-20 14:13:37,261 | INFO | Batch 150 | Loss: 0.1411 | Correct: 119/128 | Elapsed Time: 25.03s
2026-01-20 14:14:02,526 | INFO | Batch 160 | Loss: 0.1186 | Correct: 122/128 | Elapsed Time: 25.26s
2026-01-20 14:14:27,649 | INFO | Batch 170 | Loss: 0.1135 | Correct: 124/128 | Elapsed Time: 25.12s
2026-01-20 14:14:52,678 | INFO | Batch 180 | Loss: 0.1672 | Correct: 121/128 | Elapsed Time: 25.03s
2026-01-20 14:15:17,711 | INFO | Batch 190 | Loss: 0.1728 | Correct: 121/128 | Elapsed Time: 25.03s
2026-01-20 14:15:42,739 | INFO | Batch 200 | Loss: 0.2146 | Correct: 117/128 | Elapsed Time: 25.03s
2026-01-20 14:16:07,742 | INFO | Batch 210 | Loss: 0.2797 | Correct: 114/128 | Elapsed Time: 25.00s
2026-01-20 14:16:32,711 | INFO | Batch 220 | Loss: 0.2204 | Correct: 118/128 | Elapsed Time: 24.97s
2026-01-20 14:16:57,750 | INFO | Batch 230 | Loss: 0.1376 | Correct: 120/128 | Elapsed Time: 25.04s
2026-01-20 14:17:22,775 | INFO | Batch 240 | Loss: 0.1910 | Correct: 118/128 | Elapsed Time: 25.02s
2026-01-20 14:17:47,773 | INFO | Batch 250 | Loss: 0.1924 | Correct: 121/128 | Elapsed Time: 25.00s
2026-01-20 14:18:12,786 | INFO | Batch 260 | Loss: 0.2645 | Correct: 117/128 | Elapsed Time: 25.01s
2026-01-20 14:18:37,896 | INFO | Batch 270 | Loss: 0.2485 | Correct: 115/128 | Elapsed Time: 25.11s
2026-01-20 14:19:02,970 | INFO | Batch 280 | Loss: 0.1569 | Correct: 120/128 | Elapsed Time: 25.07s
2026-01-20 14:19:28,039 | INFO | Batch 290 | Loss: 0.2312 | Correct: 120/128 | Elapsed Time: 25.07s
2026-01-20 14:19:53,069 | INFO | Batch 300 | Loss: 0.1753 | Correct: 120/128 | Elapsed Time: 25.03s
2026-01-20 14:20:18,198 | INFO | Batch 310 | Loss: 0.1703 | Correct: 120/128 | Elapsed Time: 25.13s
2026-01-20 14:20:43,253 | INFO | Batch 320 | Loss: 0.2383 | Correct: 117/128 | Elapsed Time: 25.06s
2026-01-20 14:21:08,335 | INFO | Batch 330 | Loss: 0.1909 | Correct: 118/128 | Elapsed Time: 25.08s
2026-01-20 14:21:33,374 | INFO | Batch 340 | Loss: 0.1938 | Correct: 118/128 | Elapsed Time: 25.04s
2026-01-20 14:21:58,404 | INFO | Batch 350 | Loss: 0.2500 | Correct: 118/128 | Elapsed Time: 25.03s
2026-01-20 14:22:23,441 | INFO | Batch 360 | Loss: 0.2149 | Correct: 119/128 | Elapsed Time: 25.04s
2026-01-20 14:22:48,604 | INFO | Batch 370 | Loss: 0.1630 | Correct: 119/128 | Elapsed Time: 25.16s
2026-01-20 14:23:13,689 | INFO | Batch 380 | Loss: 0.1279 | Correct: 123/128 | Elapsed Time: 25.08s
2026-01-20 14:23:38,734 | INFO | Batch 390 | Loss: 0.2466 | Correct: 116/128 | Elapsed Time: 25.04s
2026-01-20 14:23:40,412 | INFO | Epoch [61/100] - Loss: 0.1812 | Correct: 46733/50000 (93.47%, 978.13s)
2026-01-20 14:24:55,842 | INFO | Validation - Loss: 0.4362 | Correct: 8693/10000 (86.93%) (75.43s)
2026-01-20 14:24:56,022 | INFO | New best model saved at epoch 61 with Top1 Acc: 86.93%
2026-01-20 14:25:21,078 | INFO | Batch 10 | Loss: 0.1853 | Correct: 122/128 | Elapsed Time: 25.06s
2026-01-20 14:25:46,075 | INFO | Batch 20 | Loss: 0.1737 | Correct: 121/128 | Elapsed Time: 25.00s
2026-01-20 14:26:11,109 | INFO | Batch 30 | Loss: 0.1283 | Correct: 121/128 | Elapsed Time: 25.03s
2026-01-20 14:26:36,162 | INFO | Batch 40 | Loss: 0.1392 | Correct: 124/128 | Elapsed Time: 25.05s
2026-01-20 14:27:01,189 | INFO | Batch 50 | Loss: 0.2261 | Correct: 119/128 | Elapsed Time: 25.03s
2026-01-20 14:27:26,217 | INFO | Batch 60 | Loss: 0.2083 | Correct: 120/128 | Elapsed Time: 25.03s
2026-01-20 14:27:51,236 | INFO | Batch 70 | Loss: 0.1135 | Correct: 122/128 | Elapsed Time: 25.02s
2026-01-20 14:28:16,271 | INFO | Batch 80 | Loss: 0.1727 | Correct: 121/128 | Elapsed Time: 25.03s
2026-01-20 14:28:41,319 | INFO | Batch 90 | Loss: 0.2646 | Correct: 114/128 | Elapsed Time: 25.05s
2026-01-20 14:29:06,330 | INFO | Batch 100 | Loss: 0.0635 | Correct: 125/128 | Elapsed Time: 25.01s
2026-01-20 14:29:31,445 | INFO | Batch 110 | Loss: 0.1584 | Correct: 120/128 | Elapsed Time: 25.12s
2026-01-20 14:29:56,473 | INFO | Batch 120 | Loss: 0.1634 | Correct: 120/128 | Elapsed Time: 25.03s
2026-01-20 14:30:21,506 | INFO | Batch 130 | Loss: 0.2206 | Correct: 114/128 | Elapsed Time: 25.03s
2026-01-20 14:30:46,488 | INFO | Batch 140 | Loss: 0.1438 | Correct: 123/128 | Elapsed Time: 24.98s
2026-01-20 14:31:11,502 | INFO | Batch 150 | Loss: 0.2508 | Correct: 119/128 | Elapsed Time: 25.01s
2026-01-20 14:31:36,508 | INFO | Batch 160 | Loss: 0.1619 | Correct: 118/128 | Elapsed Time: 25.01s
2026-01-20 14:32:01,634 | INFO | Batch 170 | Loss: 0.1866 | Correct: 119/128 | Elapsed Time: 25.13s
2026-01-20 14:32:26,635 | INFO | Batch 180 | Loss: 0.1784 | Correct: 121/128 | Elapsed Time: 25.00s
2026-01-20 14:32:51,616 | INFO | Batch 190 | Loss: 0.1691 | Correct: 118/128 | Elapsed Time: 24.98s
2026-01-20 14:33:16,608 | INFO | Batch 200 | Loss: 0.1162 | Correct: 123/128 | Elapsed Time: 24.99s
2026-01-20 14:33:41,624 | INFO | Batch 210 | Loss: 0.0901 | Correct: 123/128 | Elapsed Time: 25.02s
2026-01-20 14:34:06,600 | INFO | Batch 220 | Loss: 0.1999 | Correct: 120/128 | Elapsed Time: 24.98s
2026-01-20 14:34:31,605 | INFO | Batch 230 | Loss: 0.1824 | Correct: 118/128 | Elapsed Time: 25.01s
2026-01-20 14:34:56,714 | INFO | Batch 240 | Loss: 0.2262 | Correct: 118/128 | Elapsed Time: 25.11s
2026-01-20 14:35:21,714 | INFO | Batch 250 | Loss: 0.1818 | Correct: 117/128 | Elapsed Time: 25.00s
2026-01-20 14:35:46,689 | INFO | Batch 260 | Loss: 0.2067 | Correct: 117/128 | Elapsed Time: 24.98s
2026-01-20 14:36:11,706 | INFO | Batch 270 | Loss: 0.2073 | Correct: 117/128 | Elapsed Time: 25.02s
2026-01-20 14:36:36,693 | INFO | Batch 280 | Loss: 0.1506 | Correct: 119/128 | Elapsed Time: 24.99s
2026-01-20 14:37:01,675 | INFO | Batch 290 | Loss: 0.1180 | Correct: 127/128 | Elapsed Time: 24.98s
2026-01-20 14:37:26,737 | INFO | Batch 300 | Loss: 0.2301 | Correct: 117/128 | Elapsed Time: 25.06s
2026-01-20 14:37:51,676 | INFO | Batch 310 | Loss: 0.1701 | Correct: 122/128 | Elapsed Time: 24.94s
2026-01-20 14:38:16,658 | INFO | Batch 320 | Loss: 0.1931 | Correct: 119/128 | Elapsed Time: 24.98s
2026-01-20 14:38:41,624 | INFO | Batch 330 | Loss: 0.0810 | Correct: 124/128 | Elapsed Time: 24.97s
2026-01-20 14:39:06,665 | INFO | Batch 340 | Loss: 0.2269 | Correct: 116/128 | Elapsed Time: 25.04s
2026-01-20 14:39:31,718 | INFO | Batch 350 | Loss: 0.1405 | Correct: 121/128 | Elapsed Time: 25.05s
2026-01-20 14:39:56,730 | INFO | Batch 360 | Loss: 0.1361 | Correct: 123/128 | Elapsed Time: 25.01s
2026-01-20 14:40:21,835 | INFO | Batch 370 | Loss: 0.1770 | Correct: 120/128 | Elapsed Time: 25.10s
2026-01-20 14:40:46,804 | INFO | Batch 380 | Loss: 0.0816 | Correct: 125/128 | Elapsed Time: 24.97s
2026-01-20 14:41:11,791 | INFO | Batch 390 | Loss: 0.1317 | Correct: 123/128 | Elapsed Time: 24.99s
2026-01-20 14:41:13,473 | INFO | Epoch [62/100] - Loss: 0.1767 | Correct: 46801/50000 (93.60%, 977.45s)
2026-01-20 14:42:28,877 | INFO | Validation - Loss: 0.4483 | Correct: 8661/10000 (86.61%) (75.40s)
2026-01-20 14:42:53,916 | INFO | Batch 10 | Loss: 0.1784 | Correct: 120/128 | Elapsed Time: 25.04s
2026-01-20 14:43:18,986 | INFO | Batch 20 | Loss: 0.1921 | Correct: 116/128 | Elapsed Time: 25.07s
2026-01-20 14:43:44,027 | INFO | Batch 30 | Loss: 0.1135 | Correct: 123/128 | Elapsed Time: 25.04s
2026-01-20 14:44:09,119 | INFO | Batch 40 | Loss: 0.1784 | Correct: 117/128 | Elapsed Time: 25.09s
2026-01-20 14:44:34,164 | INFO | Batch 50 | Loss: 0.1751 | Correct: 119/128 | Elapsed Time: 25.04s
2026-01-20 14:44:59,239 | INFO | Batch 60 | Loss: 0.2183 | Correct: 119/128 | Elapsed Time: 25.07s
2026-01-20 14:45:24,281 | INFO | Batch 70 | Loss: 0.1231 | Correct: 122/128 | Elapsed Time: 25.04s
2026-01-20 14:45:49,290 | INFO | Batch 80 | Loss: 0.2416 | Correct: 119/128 | Elapsed Time: 25.01s
2026-01-20 14:46:14,301 | INFO | Batch 90 | Loss: 0.1850 | Correct: 120/128 | Elapsed Time: 25.01s
2026-01-20 14:46:39,313 | INFO | Batch 100 | Loss: 0.1887 | Correct: 121/128 | Elapsed Time: 25.01s
2026-01-20 14:47:04,422 | INFO | Batch 110 | Loss: 0.1410 | Correct: 121/128 | Elapsed Time: 25.11s
2026-01-20 14:47:29,448 | INFO | Batch 120 | Loss: 0.1443 | Correct: 122/128 | Elapsed Time: 25.03s
2026-01-20 14:47:54,437 | INFO | Batch 130 | Loss: 0.1855 | Correct: 119/128 | Elapsed Time: 24.99s
2026-01-20 14:48:19,441 | INFO | Batch 140 | Loss: 0.1757 | Correct: 119/128 | Elapsed Time: 25.00s
2026-01-20 14:48:44,433 | INFO | Batch 150 | Loss: 0.1237 | Correct: 123/128 | Elapsed Time: 24.99s
2026-01-20 14:49:09,444 | INFO | Batch 160 | Loss: 0.1530 | Correct: 119/128 | Elapsed Time: 25.01s
2026-01-20 14:49:34,480 | INFO | Batch 170 | Loss: 0.1339 | Correct: 121/128 | Elapsed Time: 25.04s
2026-01-20 14:49:59,611 | INFO | Batch 180 | Loss: 0.1097 | Correct: 121/128 | Elapsed Time: 25.13s
2026-01-20 14:50:24,640 | INFO | Batch 190 | Loss: 0.2041 | Correct: 116/128 | Elapsed Time: 25.03s
2026-01-20 14:50:49,641 | INFO | Batch 200 | Loss: 0.1803 | Correct: 121/128 | Elapsed Time: 25.00s
2026-01-20 14:51:14,591 | INFO | Batch 210 | Loss: 0.1772 | Correct: 120/128 | Elapsed Time: 24.95s
2026-01-20 14:51:39,539 | INFO | Batch 220 | Loss: 0.1721 | Correct: 123/128 | Elapsed Time: 24.95s
2026-01-20 14:52:04,551 | INFO | Batch 230 | Loss: 0.2153 | Correct: 117/128 | Elapsed Time: 25.01s
2026-01-20 14:52:29,639 | INFO | Batch 240 | Loss: 0.2405 | Correct: 116/128 | Elapsed Time: 25.09s
2026-01-20 14:52:54,639 | INFO | Batch 250 | Loss: 0.1524 | Correct: 122/128 | Elapsed Time: 25.00s
2026-01-20 14:53:19,667 | INFO | Batch 260 | Loss: 0.1237 | Correct: 123/128 | Elapsed Time: 25.03s
2026-01-20 14:53:44,636 | INFO | Batch 270 | Loss: 0.2296 | Correct: 118/128 | Elapsed Time: 24.97s
2026-01-20 14:54:09,622 | INFO | Batch 280 | Loss: 0.1268 | Correct: 121/128 | Elapsed Time: 24.99s
2026-01-20 14:54:34,622 | INFO | Batch 290 | Loss: 0.1198 | Correct: 124/128 | Elapsed Time: 25.00s
2026-01-20 14:54:59,596 | INFO | Batch 300 | Loss: 0.1538 | Correct: 123/128 | Elapsed Time: 24.97s
2026-01-20 14:55:24,630 | INFO | Batch 310 | Loss: 0.2432 | Correct: 117/128 | Elapsed Time: 25.03s
2026-01-20 14:55:49,637 | INFO | Batch 320 | Loss: 0.1483 | Correct: 119/128 | Elapsed Time: 25.01s
2026-01-20 14:56:14,591 | INFO | Batch 330 | Loss: 0.1075 | Correct: 125/128 | Elapsed Time: 24.95s
2026-01-20 14:56:39,565 | INFO | Batch 340 | Loss: 0.2684 | Correct: 116/128 | Elapsed Time: 24.97s
2026-01-20 14:57:04,534 | INFO | Batch 350 | Loss: 0.1264 | Correct: 123/128 | Elapsed Time: 24.97s
2026-01-20 14:57:29,545 | INFO | Batch 360 | Loss: 0.1594 | Correct: 119/128 | Elapsed Time: 25.01s
2026-01-20 14:57:54,579 | INFO | Batch 370 | Loss: 0.2034 | Correct: 119/128 | Elapsed Time: 25.03s
2026-01-20 14:58:19,542 | INFO | Batch 380 | Loss: 0.2081 | Correct: 119/128 | Elapsed Time: 24.96s
2026-01-20 14:58:44,511 | INFO | Batch 390 | Loss: 0.1607 | Correct: 122/128 | Elapsed Time: 24.97s
2026-01-20 14:58:46,185 | INFO | Epoch [63/100] - Loss: 0.1709 | Correct: 46913/50000 (93.83%, 977.30s)
2026-01-20 15:00:01,447 | INFO | Validation - Loss: 0.4442 | Correct: 8665/10000 (86.65%) (75.26s)
2026-01-20 15:00:26,512 | INFO | Batch 10 | Loss: 0.1719 | Correct: 119/128 | Elapsed Time: 25.06s
2026-01-20 15:00:51,555 | INFO | Batch 20 | Loss: 0.1371 | Correct: 123/128 | Elapsed Time: 25.04s
2026-01-20 15:01:16,607 | INFO | Batch 30 | Loss: 0.1566 | Correct: 121/128 | Elapsed Time: 25.05s
2026-01-20 15:01:41,607 | INFO | Batch 40 | Loss: 0.1620 | Correct: 120/128 | Elapsed Time: 25.00s
2026-01-20 15:02:06,626 | INFO | Batch 50 | Loss: 0.1284 | Correct: 122/128 | Elapsed Time: 25.02s
2026-01-20 15:02:31,686 | INFO | Batch 60 | Loss: 0.2182 | Correct: 119/128 | Elapsed Time: 25.06s
2026-01-20 15:02:56,720 | INFO | Batch 70 | Loss: 0.2382 | Correct: 119/128 | Elapsed Time: 25.03s
2026-01-20 15:03:21,759 | INFO | Batch 80 | Loss: 0.1246 | Correct: 122/128 | Elapsed Time: 25.04s
2026-01-20 15:03:46,765 | INFO | Batch 90 | Loss: 0.2449 | Correct: 118/128 | Elapsed Time: 25.01s
2026-01-20 15:04:11,919 | INFO | Batch 100 | Loss: 0.2492 | Correct: 118/128 | Elapsed Time: 25.15s
2026-01-20 15:04:36,914 | INFO | Batch 110 | Loss: 0.2141 | Correct: 121/128 | Elapsed Time: 25.00s
2026-01-20 15:05:01,947 | INFO | Batch 120 | Loss: 0.0564 | Correct: 127/128 | Elapsed Time: 25.03s
2026-01-20 15:05:26,977 | INFO | Batch 130 | Loss: 0.2205 | Correct: 118/128 | Elapsed Time: 25.03s
2026-01-20 15:05:51,993 | INFO | Batch 140 | Loss: 0.1196 | Correct: 124/128 | Elapsed Time: 25.02s
2026-01-20 15:06:17,017 | INFO | Batch 150 | Loss: 0.1612 | Correct: 120/128 | Elapsed Time: 25.02s
2026-01-20 15:06:42,129 | INFO | Batch 160 | Loss: 0.1742 | Correct: 118/128 | Elapsed Time: 25.11s
2026-01-20 15:07:07,125 | INFO | Batch 170 | Loss: 0.2987 | Correct: 111/128 | Elapsed Time: 25.00s
2026-01-20 15:07:32,130 | INFO | Batch 180 | Loss: 0.2247 | Correct: 122/128 | Elapsed Time: 25.01s
2026-01-20 15:07:57,109 | INFO | Batch 190 | Loss: 0.2321 | Correct: 120/128 | Elapsed Time: 24.98s
2026-01-20 15:08:22,098 | INFO | Batch 200 | Loss: 0.2355 | Correct: 118/128 | Elapsed Time: 24.99s
2026-01-20 15:08:47,064 | INFO | Batch 210 | Loss: 0.1563 | Correct: 120/128 | Elapsed Time: 24.97s
2026-01-20 15:09:12,050 | INFO | Batch 220 | Loss: 0.1643 | Correct: 119/128 | Elapsed Time: 24.99s
2026-01-20 15:09:37,112 | INFO | Batch 230 | Loss: 0.1947 | Correct: 118/128 | Elapsed Time: 25.06s
2026-01-20 15:10:02,164 | INFO | Batch 240 | Loss: 0.1411 | Correct: 122/128 | Elapsed Time: 25.05s
2026-01-20 15:10:27,196 | INFO | Batch 250 | Loss: 0.1475 | Correct: 122/128 | Elapsed Time: 25.03s
2026-01-20 15:10:52,130 | INFO | Batch 260 | Loss: 0.1560 | Correct: 120/128 | Elapsed Time: 24.93s
2026-01-20 15:11:17,100 | INFO | Batch 270 | Loss: 0.1749 | Correct: 118/128 | Elapsed Time: 24.97s
2026-01-20 15:11:42,036 | INFO | Batch 280 | Loss: 0.1340 | Correct: 122/128 | Elapsed Time: 24.94s
2026-01-20 15:12:06,957 | INFO | Batch 290 | Loss: 0.2540 | Correct: 116/128 | Elapsed Time: 24.92s
2026-01-20 15:12:32,015 | INFO | Batch 300 | Loss: 0.1664 | Correct: 119/128 | Elapsed Time: 25.06s
2026-01-20 15:12:56,970 | INFO | Batch 310 | Loss: 0.1055 | Correct: 122/128 | Elapsed Time: 24.96s
2026-01-20 15:13:21,971 | INFO | Batch 320 | Loss: 0.1246 | Correct: 124/128 | Elapsed Time: 25.00s
2026-01-20 15:13:46,904 | INFO | Batch 330 | Loss: 0.1468 | Correct: 123/128 | Elapsed Time: 24.93s
2026-01-20 15:14:11,843 | INFO | Batch 340 | Loss: 0.2372 | Correct: 117/128 | Elapsed Time: 24.94s
2026-01-20 15:14:36,791 | INFO | Batch 350 | Loss: 0.1764 | Correct: 120/128 | Elapsed Time: 24.95s
2026-01-20 15:15:01,854 | INFO | Batch 360 | Loss: 0.2059 | Correct: 120/128 | Elapsed Time: 25.06s
2026-01-20 15:15:26,800 | INFO | Batch 370 | Loss: 0.0895 | Correct: 125/128 | Elapsed Time: 24.95s
2026-01-20 15:15:51,760 | INFO | Batch 380 | Loss: 0.1568 | Correct: 120/128 | Elapsed Time: 24.96s
2026-01-20 15:16:16,744 | INFO | Batch 390 | Loss: 0.1618 | Correct: 121/128 | Elapsed Time: 24.98s
2026-01-20 15:16:18,422 | INFO | Epoch [64/100] - Loss: 0.1706 | Correct: 46965/50000 (93.93%, 976.97s)
2026-01-20 15:17:33,772 | INFO | Validation - Loss: 0.4512 | Correct: 8668/10000 (86.68%) (75.35s)
2026-01-20 15:17:58,798 | INFO | Batch 10 | Loss: 0.1549 | Correct: 122/128 | Elapsed Time: 25.02s
2026-01-20 15:18:23,924 | INFO | Batch 20 | Loss: 0.0905 | Correct: 123/128 | Elapsed Time: 25.13s
2026-01-20 15:18:48,960 | INFO | Batch 30 | Loss: 0.1570 | Correct: 120/128 | Elapsed Time: 25.04s
2026-01-20 15:19:14,035 | INFO | Batch 40 | Loss: 0.1117 | Correct: 123/128 | Elapsed Time: 25.07s
2026-01-20 15:19:39,063 | INFO | Batch 50 | Loss: 0.1417 | Correct: 121/128 | Elapsed Time: 25.03s
2026-01-20 15:20:04,089 | INFO | Batch 60 | Loss: 0.1700 | Correct: 117/128 | Elapsed Time: 25.03s
2026-01-20 15:20:29,167 | INFO | Batch 70 | Loss: 0.1259 | Correct: 121/128 | Elapsed Time: 25.08s
2026-01-20 15:20:54,220 | INFO | Batch 80 | Loss: 0.1188 | Correct: 124/128 | Elapsed Time: 25.05s
2026-01-20 15:21:19,351 | INFO | Batch 90 | Loss: 0.1786 | Correct: 122/128 | Elapsed Time: 25.13s
2026-01-20 15:21:44,341 | INFO | Batch 100 | Loss: 0.1675 | Correct: 120/128 | Elapsed Time: 24.99s
2026-01-20 15:22:09,332 | INFO | Batch 110 | Loss: 0.1365 | Correct: 121/128 | Elapsed Time: 24.99s
2026-01-20 15:22:34,377 | INFO | Batch 120 | Loss: 0.2087 | Correct: 118/128 | Elapsed Time: 25.04s
2026-01-20 15:22:59,376 | INFO | Batch 130 | Loss: 0.1650 | Correct: 119/128 | Elapsed Time: 25.00s
2026-01-20 15:23:24,318 | INFO | Batch 140 | Loss: 0.1433 | Correct: 122/128 | Elapsed Time: 24.94s
2026-01-20 15:23:49,401 | INFO | Batch 150 | Loss: 0.0977 | Correct: 126/128 | Elapsed Time: 25.08s
2026-01-20 15:24:14,352 | INFO | Batch 160 | Loss: 0.2775 | Correct: 112/128 | Elapsed Time: 24.95s
2026-01-20 15:24:39,312 | INFO | Batch 170 | Loss: 0.2046 | Correct: 117/128 | Elapsed Time: 24.96s
2026-01-20 15:25:04,252 | INFO | Batch 180 | Loss: 0.1572 | Correct: 122/128 | Elapsed Time: 24.94s
2026-01-20 15:25:29,228 | INFO | Batch 190 | Loss: 0.1168 | Correct: 121/128 | Elapsed Time: 24.98s
2026-01-20 15:25:54,178 | INFO | Batch 200 | Loss: 0.1815 | Correct: 118/128 | Elapsed Time: 24.95s
2026-01-20 15:26:19,150 | INFO | Batch 210 | Loss: 0.1931 | Correct: 123/128 | Elapsed Time: 24.97s
2026-01-20 15:26:44,225 | INFO | Batch 220 | Loss: 0.1100 | Correct: 122/128 | Elapsed Time: 25.08s
2026-01-20 15:27:09,239 | INFO | Batch 230 | Loss: 0.2509 | Correct: 115/128 | Elapsed Time: 25.01s
2026-01-20 15:27:34,224 | INFO | Batch 240 | Loss: 0.1143 | Correct: 124/128 | Elapsed Time: 24.98s
2026-01-20 15:27:59,202 | INFO | Batch 250 | Loss: 0.1619 | Correct: 118/128 | Elapsed Time: 24.98s
2026-01-20 15:28:24,198 | INFO | Batch 260 | Loss: 0.2083 | Correct: 118/128 | Elapsed Time: 25.00s
2026-01-20 15:28:49,194 | INFO | Batch 270 | Loss: 0.1663 | Correct: 120/128 | Elapsed Time: 25.00s
2026-01-20 15:29:14,235 | INFO | Batch 280 | Loss: 0.2127 | Correct: 118/128 | Elapsed Time: 25.04s
2026-01-20 15:29:39,361 | INFO | Batch 290 | Loss: 0.2217 | Correct: 115/128 | Elapsed Time: 25.13s
2026-01-20 15:30:04,340 | INFO | Batch 300 | Loss: 0.1775 | Correct: 122/128 | Elapsed Time: 24.98s
2026-01-20 15:30:29,353 | INFO | Batch 310 | Loss: 0.1483 | Correct: 122/128 | Elapsed Time: 25.01s
2026-01-20 15:30:54,366 | INFO | Batch 320 | Loss: 0.1435 | Correct: 123/128 | Elapsed Time: 25.01s
2026-01-20 15:31:19,372 | INFO | Batch 330 | Loss: 0.2542 | Correct: 115/128 | Elapsed Time: 25.01s
2026-01-20 15:31:44,349 | INFO | Batch 340 | Loss: 0.1697 | Correct: 122/128 | Elapsed Time: 24.98s
2026-01-20 15:32:09,414 | INFO | Batch 350 | Loss: 0.1104 | Correct: 125/128 | Elapsed Time: 25.07s
2026-01-20 15:32:34,354 | INFO | Batch 360 | Loss: 0.1042 | Correct: 124/128 | Elapsed Time: 24.94s
2026-01-20 15:32:59,342 | INFO | Batch 370 | Loss: 0.2569 | Correct: 117/128 | Elapsed Time: 24.99s
2026-01-20 15:33:24,324 | INFO | Batch 380 | Loss: 0.2068 | Correct: 120/128 | Elapsed Time: 24.98s
2026-01-20 15:33:49,284 | INFO | Batch 390 | Loss: 0.0911 | Correct: 124/128 | Elapsed Time: 24.96s
2026-01-20 15:33:50,971 | INFO | Epoch [65/100] - Loss: 0.1698 | Correct: 46943/50000 (93.89%, 977.20s)
2026-01-20 15:35:06,334 | INFO | Validation - Loss: 0.4548 | Correct: 8654/10000 (86.54%) (75.36s)
2026-01-20 15:35:31,379 | INFO | Batch 10 | Loss: 0.2208 | Correct: 119/128 | Elapsed Time: 25.04s
2026-01-20 15:35:56,511 | INFO | Batch 20 | Loss: 0.1455 | Correct: 121/128 | Elapsed Time: 25.13s
2026-01-20 15:36:21,503 | INFO | Batch 30 | Loss: 0.1597 | Correct: 121/128 | Elapsed Time: 24.99s
2026-01-20 15:36:46,519 | INFO | Batch 40 | Loss: 0.2181 | Correct: 116/128 | Elapsed Time: 25.02s
2026-01-20 15:37:11,550 | INFO | Batch 50 | Loss: 0.2067 | Correct: 119/128 | Elapsed Time: 25.03s
2026-01-20 15:37:36,580 | INFO | Batch 60 | Loss: 0.3042 | Correct: 115/128 | Elapsed Time: 25.03s
2026-01-20 15:38:01,636 | INFO | Batch 70 | Loss: 0.1918 | Correct: 120/128 | Elapsed Time: 25.06s
2026-01-20 15:38:26,780 | INFO | Batch 80 | Loss: 0.1531 | Correct: 121/128 | Elapsed Time: 25.14s
2026-01-20 15:38:51,775 | INFO | Batch 90 | Loss: 0.1862 | Correct: 118/128 | Elapsed Time: 25.00s
2026-01-20 15:39:16,803 | INFO | Batch 100 | Loss: 0.1246 | Correct: 122/128 | Elapsed Time: 25.03s
2026-01-20 15:39:41,784 | INFO | Batch 110 | Loss: 0.1017 | Correct: 125/128 | Elapsed Time: 24.98s
2026-01-20 15:40:06,750 | INFO | Batch 120 | Loss: 0.1062 | Correct: 123/128 | Elapsed Time: 24.97s
2026-01-20 15:40:31,720 | INFO | Batch 130 | Loss: 0.1945 | Correct: 118/128 | Elapsed Time: 24.97s
2026-01-20 15:40:56,732 | INFO | Batch 140 | Loss: 0.2053 | Correct: 117/128 | Elapsed Time: 25.01s
2026-01-20 15:41:21,783 | INFO | Batch 150 | Loss: 0.1738 | Correct: 122/128 | Elapsed Time: 25.05s
2026-01-20 15:41:46,757 | INFO | Batch 160 | Loss: 0.1569 | Correct: 119/128 | Elapsed Time: 24.97s
2026-01-20 15:42:11,770 | INFO | Batch 170 | Loss: 0.2002 | Correct: 119/128 | Elapsed Time: 25.01s
2026-01-20 15:42:36,781 | INFO | Batch 180 | Loss: 0.1249 | Correct: 119/128 | Elapsed Time: 25.01s
2026-01-20 15:43:01,735 | INFO | Batch 190 | Loss: 0.1421 | Correct: 119/128 | Elapsed Time: 24.95s
2026-01-20 15:43:26,737 | INFO | Batch 200 | Loss: 0.1107 | Correct: 124/128 | Elapsed Time: 25.00s
2026-01-20 15:43:51,706 | INFO | Batch 210 | Loss: 0.1225 | Correct: 122/128 | Elapsed Time: 24.97s
2026-01-20 15:44:16,773 | INFO | Batch 220 | Loss: 0.1382 | Correct: 120/128 | Elapsed Time: 25.07s
2026-01-20 15:44:41,709 | INFO | Batch 230 | Loss: 0.1430 | Correct: 122/128 | Elapsed Time: 24.94s
2026-01-20 15:45:06,733 | INFO | Batch 240 | Loss: 0.1256 | Correct: 123/128 | Elapsed Time: 25.02s
2026-01-20 15:45:31,711 | INFO | Batch 250 | Loss: 0.1767 | Correct: 118/128 | Elapsed Time: 24.98s
2026-01-20 15:45:56,709 | INFO | Batch 260 | Loss: 0.1616 | Correct: 121/128 | Elapsed Time: 25.00s
2026-01-20 15:46:21,691 | INFO | Batch 270 | Loss: 0.2147 | Correct: 117/128 | Elapsed Time: 24.98s
2026-01-20 15:46:46,745 | INFO | Batch 280 | Loss: 0.1727 | Correct: 120/128 | Elapsed Time: 25.05s
2026-01-20 15:47:11,801 | INFO | Batch 290 | Loss: 0.1846 | Correct: 119/128 | Elapsed Time: 25.06s
2026-01-20 15:47:36,831 | INFO | Batch 300 | Loss: 0.1497 | Correct: 122/128 | Elapsed Time: 25.03s
2026-01-20 15:48:01,843 | INFO | Batch 310 | Loss: 0.1906 | Correct: 121/128 | Elapsed Time: 25.01s
2026-01-20 15:48:26,851 | INFO | Batch 320 | Loss: 0.0716 | Correct: 126/128 | Elapsed Time: 25.01s
2026-01-20 15:48:51,845 | INFO | Batch 330 | Loss: 0.1710 | Correct: 124/128 | Elapsed Time: 24.99s
2026-01-20 15:49:16,807 | INFO | Batch 340 | Loss: 0.1720 | Correct: 122/128 | Elapsed Time: 24.96s
2026-01-20 15:49:41,930 | INFO | Batch 350 | Loss: 0.1046 | Correct: 126/128 | Elapsed Time: 25.12s
2026-01-20 15:50:06,960 | INFO | Batch 360 | Loss: 0.1103 | Correct: 125/128 | Elapsed Time: 25.03s
2026-01-20 15:50:31,970 | INFO | Batch 370 | Loss: 0.1245 | Correct: 124/128 | Elapsed Time: 25.01s
2026-01-20 15:50:56,963 | INFO | Batch 380 | Loss: 0.1474 | Correct: 122/128 | Elapsed Time: 24.99s
2026-01-20 15:51:21,995 | INFO | Batch 390 | Loss: 0.2091 | Correct: 121/128 | Elapsed Time: 25.03s
2026-01-20 15:51:23,707 | INFO | Epoch [66/100] - Loss: 0.1678 | Correct: 47009/50000 (94.02%, 977.37s)
2026-01-20 15:52:39,103 | INFO | Validation - Loss: 0.4598 | Correct: 8617/10000 (86.17%) (75.39s)
2026-01-20 15:53:04,244 | INFO | Batch 10 | Loss: 0.2121 | Correct: 120/128 | Elapsed Time: 25.14s
2026-01-20 15:53:29,275 | INFO | Batch 20 | Loss: 0.1481 | Correct: 120/128 | Elapsed Time: 25.03s
2026-01-20 15:53:54,263 | INFO | Batch 30 | Loss: 0.1365 | Correct: 119/128 | Elapsed Time: 24.99s
2026-01-20 15:54:19,301 | INFO | Batch 40 | Loss: 0.1475 | Correct: 120/128 | Elapsed Time: 25.04s
2026-01-20 15:54:44,288 | INFO | Batch 50 | Loss: 0.1458 | Correct: 121/128 | Elapsed Time: 24.99s
2026-01-20 15:55:09,281 | INFO | Batch 60 | Loss: 0.2649 | Correct: 117/128 | Elapsed Time: 24.99s
2026-01-20 15:55:34,433 | INFO | Batch 70 | Loss: 0.2513 | Correct: 117/128 | Elapsed Time: 25.15s
2026-01-20 15:55:59,455 | INFO | Batch 80 | Loss: 0.2369 | Correct: 118/128 | Elapsed Time: 25.02s
2026-01-20 15:56:24,499 | INFO | Batch 90 | Loss: 0.1608 | Correct: 123/128 | Elapsed Time: 25.04s
2026-01-20 15:56:49,484 | INFO | Batch 100 | Loss: 0.1523 | Correct: 118/128 | Elapsed Time: 24.98s
2026-01-20 15:57:14,485 | INFO | Batch 110 | Loss: 0.2007 | Correct: 119/128 | Elapsed Time: 25.00s
2026-01-20 15:57:39,480 | INFO | Batch 120 | Loss: 0.1654 | Correct: 117/128 | Elapsed Time: 25.00s
2026-01-20 15:58:04,456 | INFO | Batch 130 | Loss: 0.1519 | Correct: 121/128 | Elapsed Time: 24.98s
2026-01-20 15:58:29,522 | INFO | Batch 140 | Loss: 0.0647 | Correct: 127/128 | Elapsed Time: 25.07s
2026-01-20 15:58:54,508 | INFO | Batch 150 | Loss: 0.1134 | Correct: 122/128 | Elapsed Time: 24.99s
2026-01-20 15:59:19,502 | INFO | Batch 160 | Loss: 0.0857 | Correct: 124/128 | Elapsed Time: 24.99s
2026-01-20 15:59:44,449 | INFO | Batch 170 | Loss: 0.0487 | Correct: 127/128 | Elapsed Time: 24.95s
2026-01-20 16:00:09,435 | INFO | Batch 180 | Loss: 0.1894 | Correct: 123/128 | Elapsed Time: 24.99s
2026-01-20 16:00:34,394 | INFO | Batch 190 | Loss: 0.1495 | Correct: 121/128 | Elapsed Time: 24.96s
2026-01-20 16:00:59,365 | INFO | Batch 200 | Loss: 0.1334 | Correct: 123/128 | Elapsed Time: 24.97s
2026-01-20 16:01:24,441 | INFO | Batch 210 | Loss: 0.2216 | Correct: 116/128 | Elapsed Time: 25.08s
2026-01-20 16:01:49,416 | INFO | Batch 220 | Loss: 0.2169 | Correct: 117/128 | Elapsed Time: 24.98s
2026-01-20 16:02:14,415 | INFO | Batch 230 | Loss: 0.1656 | Correct: 118/128 | Elapsed Time: 25.00s
2026-01-20 16:02:39,420 | INFO | Batch 240 | Loss: 0.2186 | Correct: 119/128 | Elapsed Time: 25.00s
2026-01-20 16:03:04,415 | INFO | Batch 250 | Loss: 0.0971 | Correct: 124/128 | Elapsed Time: 25.00s
2026-01-20 16:03:29,398 | INFO | Batch 260 | Loss: 0.1981 | Correct: 117/128 | Elapsed Time: 24.98s
2026-01-20 16:03:54,491 | INFO | Batch 270 | Loss: 0.1702 | Correct: 119/128 | Elapsed Time: 25.09s
2026-01-20 16:04:19,463 | INFO | Batch 280 | Loss: 0.1989 | Correct: 119/128 | Elapsed Time: 24.97s
2026-01-20 16:04:44,455 | INFO | Batch 290 | Loss: 0.1534 | Correct: 118/128 | Elapsed Time: 24.99s
2026-01-20 16:05:09,474 | INFO | Batch 300 | Loss: 0.0989 | Correct: 122/128 | Elapsed Time: 25.02s
2026-01-20 16:05:34,484 | INFO | Batch 310 | Loss: 0.1581 | Correct: 123/128 | Elapsed Time: 25.01s
2026-01-20 16:05:59,475 | INFO | Batch 320 | Loss: 0.1616 | Correct: 120/128 | Elapsed Time: 24.99s
2026-01-20 16:06:24,444 | INFO | Batch 330 | Loss: 0.1126 | Correct: 123/128 | Elapsed Time: 24.97s
2026-01-20 16:06:49,537 | INFO | Batch 340 | Loss: 0.0932 | Correct: 125/128 | Elapsed Time: 25.09s
2026-01-20 16:07:14,523 | INFO | Batch 350 | Loss: 0.1263 | Correct: 122/128 | Elapsed Time: 24.99s
2026-01-20 16:07:39,489 | INFO | Batch 360 | Loss: 0.1647 | Correct: 119/128 | Elapsed Time: 24.97s
2026-01-20 16:08:04,472 | INFO | Batch 370 | Loss: 0.1730 | Correct: 122/128 | Elapsed Time: 24.98s
2026-01-20 16:08:29,476 | INFO | Batch 380 | Loss: 0.2252 | Correct: 115/128 | Elapsed Time: 25.00s
2026-01-20 16:08:54,467 | INFO | Batch 390 | Loss: 0.2312 | Correct: 116/128 | Elapsed Time: 24.99s
2026-01-20 16:08:56,146 | INFO | Epoch [67/100] - Loss: 0.1638 | Correct: 47019/50000 (94.04%, 977.04s)
2026-01-20 16:10:11,649 | INFO | Validation - Loss: 0.4598 | Correct: 8676/10000 (86.76%) (75.50s)
2026-01-20 16:10:36,686 | INFO | Batch 10 | Loss: 0.1382 | Correct: 123/128 | Elapsed Time: 25.03s
2026-01-20 16:11:01,681 | INFO | Batch 20 | Loss: 0.2441 | Correct: 116/128 | Elapsed Time: 24.99s
2026-01-20 16:11:26,664 | INFO | Batch 30 | Loss: 0.1447 | Correct: 121/128 | Elapsed Time: 24.98s
2026-01-20 16:11:51,641 | INFO | Batch 40 | Loss: 0.1081 | Correct: 124/128 | Elapsed Time: 24.98s
2026-01-20 16:12:16,617 | INFO | Batch 50 | Loss: 0.1662 | Correct: 120/128 | Elapsed Time: 24.98s
2026-01-20 16:12:41,594 | INFO | Batch 60 | Loss: 0.1423 | Correct: 120/128 | Elapsed Time: 24.98s
2026-01-20 16:13:06,676 | INFO | Batch 70 | Loss: 0.1688 | Correct: 123/128 | Elapsed Time: 25.08s
2026-01-20 16:13:31,691 | INFO | Batch 80 | Loss: 0.1530 | Correct: 120/128 | Elapsed Time: 25.01s
2026-01-20 16:13:56,683 | INFO | Batch 90 | Loss: 0.0700 | Correct: 125/128 | Elapsed Time: 24.99s
2026-01-20 16:14:21,672 | INFO | Batch 100 | Loss: 0.1431 | Correct: 120/128 | Elapsed Time: 24.99s
2026-01-20 16:14:46,699 | INFO | Batch 110 | Loss: 0.1615 | Correct: 122/128 | Elapsed Time: 25.03s
2026-01-20 16:15:11,742 | INFO | Batch 120 | Loss: 0.1280 | Correct: 123/128 | Elapsed Time: 25.04s
2026-01-20 16:15:36,859 | INFO | Batch 130 | Loss: 0.3783 | Correct: 113/128 | Elapsed Time: 25.12s
2026-01-20 16:16:01,862 | INFO | Batch 140 | Loss: 0.1676 | Correct: 118/128 | Elapsed Time: 25.00s
2026-01-20 16:16:26,854 | INFO | Batch 150 | Loss: 0.1002 | Correct: 125/128 | Elapsed Time: 24.99s
2026-01-20 16:16:51,884 | INFO | Batch 160 | Loss: 0.1800 | Correct: 119/128 | Elapsed Time: 25.03s
2026-01-20 16:17:16,900 | INFO | Batch 170 | Loss: 0.1508 | Correct: 120/128 | Elapsed Time: 25.02s
2026-01-20 16:17:41,909 | INFO | Batch 180 | Loss: 0.2547 | Correct: 118/128 | Elapsed Time: 25.01s
2026-01-20 16:18:06,888 | INFO | Batch 190 | Loss: 0.1915 | Correct: 122/128 | Elapsed Time: 24.98s
2026-01-20 16:18:32,025 | INFO | Batch 200 | Loss: 0.2216 | Correct: 118/128 | Elapsed Time: 25.14s
2026-01-20 16:18:57,005 | INFO | Batch 210 | Loss: 0.1021 | Correct: 125/128 | Elapsed Time: 24.98s
2026-01-20 16:19:21,999 | INFO | Batch 220 | Loss: 0.1254 | Correct: 123/128 | Elapsed Time: 24.99s
2026-01-20 16:19:46,992 | INFO | Batch 230 | Loss: 0.2071 | Correct: 117/128 | Elapsed Time: 24.99s
2026-01-20 16:20:11,983 | INFO | Batch 240 | Loss: 0.1376 | Correct: 121/128 | Elapsed Time: 24.99s
2026-01-20 16:20:36,955 | INFO | Batch 250 | Loss: 0.2082 | Correct: 120/128 | Elapsed Time: 24.97s
2026-01-20 16:21:02,007 | INFO | Batch 260 | Loss: 0.1815 | Correct: 120/128 | Elapsed Time: 25.05s
2026-01-20 16:21:26,977 | INFO | Batch 270 | Loss: 0.1809 | Correct: 119/128 | Elapsed Time: 24.97s
2026-01-20 16:21:51,954 | INFO | Batch 280 | Loss: 0.1616 | Correct: 121/128 | Elapsed Time: 24.98s
2026-01-20 16:22:16,942 | INFO | Batch 290 | Loss: 0.0712 | Correct: 126/128 | Elapsed Time: 24.99s
2026-01-20 16:22:41,947 | INFO | Batch 300 | Loss: 0.1667 | Correct: 118/128 | Elapsed Time: 25.01s
2026-01-20 16:23:06,951 | INFO | Batch 310 | Loss: 0.1785 | Correct: 120/128 | Elapsed Time: 25.00s
2026-01-20 16:23:31,918 | INFO | Batch 320 | Loss: 0.1105 | Correct: 123/128 | Elapsed Time: 24.97s
2026-01-20 16:23:56,987 | INFO | Batch 330 | Loss: 0.1523 | Correct: 120/128 | Elapsed Time: 25.07s
2026-01-20 16:24:21,958 | INFO | Batch 340 | Loss: 0.1375 | Correct: 124/128 | Elapsed Time: 24.97s
2026-01-20 16:24:46,943 | INFO | Batch 350 | Loss: 0.1364 | Correct: 122/128 | Elapsed Time: 24.99s
2026-01-20 16:25:11,947 | INFO | Batch 360 | Loss: 0.2114 | Correct: 118/128 | Elapsed Time: 25.00s
2026-01-20 16:25:36,927 | INFO | Batch 370 | Loss: 0.1452 | Correct: 123/128 | Elapsed Time: 24.98s
2026-01-20 16:26:01,910 | INFO | Batch 380 | Loss: 0.2006 | Correct: 118/128 | Elapsed Time: 24.98s
2026-01-20 16:26:26,867 | INFO | Batch 390 | Loss: 0.2268 | Correct: 118/128 | Elapsed Time: 24.96s
2026-01-20 16:26:28,672 | INFO | Epoch [68/100] - Loss: 0.1624 | Correct: 47070/50000 (94.14%, 977.02s)
2026-01-20 16:27:44,180 | INFO | Validation - Loss: 0.4638 | Correct: 8653/10000 (86.53%) (75.51s)
2026-01-20 16:28:09,226 | INFO | Batch 10 | Loss: 0.1648 | Correct: 116/128 | Elapsed Time: 25.04s
2026-01-20 16:28:34,241 | INFO | Batch 20 | Loss: 0.1881 | Correct: 120/128 | Elapsed Time: 25.01s
2026-01-20 16:28:59,291 | INFO | Batch 30 | Loss: 0.1917 | Correct: 120/128 | Elapsed Time: 25.05s
2026-01-20 16:29:24,352 | INFO | Batch 40 | Loss: 0.1611 | Correct: 120/128 | Elapsed Time: 25.06s
2026-01-20 16:29:49,400 | INFO | Batch 50 | Loss: 0.1018 | Correct: 124/128 | Elapsed Time: 25.05s
2026-01-20 16:30:14,409 | INFO | Batch 60 | Loss: 0.2134 | Correct: 118/128 | Elapsed Time: 25.01s
2026-01-20 16:30:39,573 | INFO | Batch 70 | Loss: 0.1094 | Correct: 122/128 | Elapsed Time: 25.16s
2026-01-20 16:31:04,644 | INFO | Batch 80 | Loss: 0.1612 | Correct: 121/128 | Elapsed Time: 25.07s
2026-01-20 16:31:29,669 | INFO | Batch 90 | Loss: 0.1447 | Correct: 122/128 | Elapsed Time: 25.02s
2026-01-20 16:31:54,660 | INFO | Batch 100 | Loss: 0.1094 | Correct: 123/128 | Elapsed Time: 24.99s
2026-01-20 16:32:19,659 | INFO | Batch 110 | Loss: 0.1365 | Correct: 120/128 | Elapsed Time: 25.00s
2026-01-20 16:32:44,639 | INFO | Batch 120 | Loss: 0.2191 | Correct: 119/128 | Elapsed Time: 24.98s
2026-01-20 16:33:09,696 | INFO | Batch 130 | Loss: 0.0959 | Correct: 123/128 | Elapsed Time: 25.06s
2026-01-20 16:33:34,734 | INFO | Batch 140 | Loss: 0.1641 | Correct: 122/128 | Elapsed Time: 25.04s
2026-01-20 16:33:59,757 | INFO | Batch 150 | Loss: 0.1866 | Correct: 119/128 | Elapsed Time: 25.02s
2026-01-20 16:34:24,694 | INFO | Batch 160 | Loss: 0.1325 | Correct: 122/128 | Elapsed Time: 24.94s
2026-01-20 16:34:49,717 | INFO | Batch 170 | Loss: 0.1646 | Correct: 122/128 | Elapsed Time: 25.02s
2026-01-20 16:35:14,746 | INFO | Batch 180 | Loss: 0.2312 | Correct: 122/128 | Elapsed Time: 25.03s
2026-01-20 16:35:39,746 | INFO | Batch 190 | Loss: 0.1997 | Correct: 121/128 | Elapsed Time: 25.00s
2026-01-20 16:36:04,862 | INFO | Batch 200 | Loss: 0.1373 | Correct: 121/128 | Elapsed Time: 25.12s
2026-01-20 16:36:29,880 | INFO | Batch 210 | Loss: 0.1231 | Correct: 122/128 | Elapsed Time: 25.02s
2026-01-20 16:36:54,905 | INFO | Batch 220 | Loss: 0.0993 | Correct: 125/128 | Elapsed Time: 25.02s
2026-01-20 16:37:19,923 | INFO | Batch 230 | Loss: 0.1013 | Correct: 122/128 | Elapsed Time: 25.02s
2026-01-20 16:37:45,008 | INFO | Batch 240 | Loss: 0.1889 | Correct: 119/128 | Elapsed Time: 25.09s
2026-01-20 16:38:10,045 | INFO | Batch 250 | Loss: 0.1506 | Correct: 122/128 | Elapsed Time: 25.04s
2026-01-20 16:38:35,096 | INFO | Batch 260 | Loss: 0.1430 | Correct: 121/128 | Elapsed Time: 25.05s
2026-01-20 16:39:00,237 | INFO | Batch 270 | Loss: 0.2801 | Correct: 114/128 | Elapsed Time: 25.14s
2026-01-20 16:39:25,300 | INFO | Batch 280 | Loss: 0.1380 | Correct: 120/128 | Elapsed Time: 25.06s
2026-01-20 16:39:50,353 | INFO | Batch 290 | Loss: 0.0796 | Correct: 124/128 | Elapsed Time: 25.05s
2026-01-20 16:40:15,375 | INFO | Batch 300 | Loss: 0.1896 | Correct: 119/128 | Elapsed Time: 25.02s
2026-01-20 16:40:40,370 | INFO | Batch 310 | Loss: 0.2667 | Correct: 118/128 | Elapsed Time: 24.99s
2026-01-20 16:41:05,386 | INFO | Batch 320 | Loss: 0.1408 | Correct: 124/128 | Elapsed Time: 25.02s
2026-01-20 16:41:30,481 | INFO | Batch 330 | Loss: 0.1666 | Correct: 118/128 | Elapsed Time: 25.10s
2026-01-20 16:41:55,441 | INFO | Batch 340 | Loss: 0.1281 | Correct: 122/128 | Elapsed Time: 24.96s
2026-01-20 16:42:20,459 | INFO | Batch 350 | Loss: 0.1554 | Correct: 121/128 | Elapsed Time: 25.02s
2026-01-20 16:42:45,474 | INFO | Batch 360 | Loss: 0.1898 | Correct: 118/128 | Elapsed Time: 25.01s
2026-01-20 16:43:10,453 | INFO | Batch 370 | Loss: 0.2514 | Correct: 116/128 | Elapsed Time: 24.98s
2026-01-20 16:43:35,464 | INFO | Batch 380 | Loss: 0.1788 | Correct: 122/128 | Elapsed Time: 25.01s
2026-01-20 16:44:00,443 | INFO | Batch 390 | Loss: 0.2256 | Correct: 114/128 | Elapsed Time: 24.98s
2026-01-20 16:44:02,133 | INFO | Epoch [69/100] - Loss: 0.1567 | Correct: 47176/50000 (94.35%, 977.95s)
2026-01-20 16:45:17,654 | INFO | Validation - Loss: 0.4666 | Correct: 8685/10000 (86.85%) (75.52s)
2026-01-20 16:45:42,676 | INFO | Batch 10 | Loss: 0.1550 | Correct: 122/128 | Elapsed Time: 25.02s
2026-01-20 16:46:07,673 | INFO | Batch 20 | Loss: 0.0925 | Correct: 122/128 | Elapsed Time: 25.00s
2026-01-20 16:46:32,676 | INFO | Batch 30 | Loss: 0.1588 | Correct: 118/128 | Elapsed Time: 25.00s
2026-01-20 16:46:57,699 | INFO | Batch 40 | Loss: 0.1099 | Correct: 124/128 | Elapsed Time: 25.02s
2026-01-20 16:47:22,739 | INFO | Batch 50 | Loss: 0.1365 | Correct: 123/128 | Elapsed Time: 25.04s
2026-01-20 16:47:47,693 | INFO | Batch 60 | Loss: 0.1743 | Correct: 120/128 | Elapsed Time: 24.95s
2026-01-20 16:48:12,758 | INFO | Batch 70 | Loss: 0.1128 | Correct: 123/128 | Elapsed Time: 25.07s
2026-01-20 16:48:37,730 | INFO | Batch 80 | Loss: 0.1765 | Correct: 117/128 | Elapsed Time: 24.97s
2026-01-20 16:49:02,678 | INFO | Batch 90 | Loss: 0.1816 | Correct: 122/128 | Elapsed Time: 24.95s
2026-01-20 16:49:27,681 | INFO | Batch 100 | Loss: 0.1391 | Correct: 122/128 | Elapsed Time: 25.00s
2026-01-20 16:49:52,640 | INFO | Batch 110 | Loss: 0.1681 | Correct: 121/128 | Elapsed Time: 24.96s
2026-01-20 16:50:17,601 | INFO | Batch 120 | Loss: 0.1290 | Correct: 123/128 | Elapsed Time: 24.96s
2026-01-20 16:50:42,682 | INFO | Batch 130 | Loss: 0.1960 | Correct: 118/128 | Elapsed Time: 25.08s
2026-01-20 16:51:07,710 | INFO | Batch 140 | Loss: 0.1273 | Correct: 123/128 | Elapsed Time: 25.03s
2026-01-20 16:51:32,703 | INFO | Batch 150 | Loss: 0.2140 | Correct: 119/128 | Elapsed Time: 24.99s
2026-01-20 16:51:57,670 | INFO | Batch 160 | Loss: 0.1244 | Correct: 122/128 | Elapsed Time: 24.97s
2026-01-20 16:52:22,623 | INFO | Batch 170 | Loss: 0.1026 | Correct: 122/128 | Elapsed Time: 24.95s
2026-01-20 16:52:47,607 | INFO | Batch 180 | Loss: 0.0767 | Correct: 125/128 | Elapsed Time: 24.98s
2026-01-20 16:53:12,584 | INFO | Batch 190 | Loss: 0.1693 | Correct: 117/128 | Elapsed Time: 24.98s
2026-01-20 16:53:37,679 | INFO | Batch 200 | Loss: 0.1543 | Correct: 120/128 | Elapsed Time: 25.09s
2026-01-20 16:54:02,623 | INFO | Batch 210 | Loss: 0.1507 | Correct: 121/128 | Elapsed Time: 24.94s
2026-01-20 16:54:27,615 | INFO | Batch 220 | Loss: 0.1086 | Correct: 123/128 | Elapsed Time: 24.99s
2026-01-20 16:54:52,598 | INFO | Batch 230 | Loss: 0.1167 | Correct: 123/128 | Elapsed Time: 24.98s
2026-01-20 16:55:17,573 | INFO | Batch 240 | Loss: 0.1568 | Correct: 122/128 | Elapsed Time: 24.97s
2026-01-20 16:55:42,517 | INFO | Batch 250 | Loss: 0.1009 | Correct: 124/128 | Elapsed Time: 24.94s
2026-01-20 16:56:07,530 | INFO | Batch 260 | Loss: 0.1344 | Correct: 120/128 | Elapsed Time: 25.01s
2026-01-20 16:56:32,531 | INFO | Batch 270 | Loss: 0.1843 | Correct: 120/128 | Elapsed Time: 25.00s
2026-01-20 16:56:57,476 | INFO | Batch 280 | Loss: 0.1062 | Correct: 122/128 | Elapsed Time: 24.94s
2026-01-20 16:57:22,389 | INFO | Batch 290 | Loss: 0.2136 | Correct: 118/128 | Elapsed Time: 24.91s
2026-01-20 16:57:47,372 | INFO | Batch 300 | Loss: 0.0599 | Correct: 126/128 | Elapsed Time: 24.98s
2026-01-20 16:58:12,402 | INFO | Batch 310 | Loss: 0.2002 | Correct: 119/128 | Elapsed Time: 25.03s
2026-01-20 16:58:37,406 | INFO | Batch 320 | Loss: 0.1443 | Correct: 122/128 | Elapsed Time: 25.00s
2026-01-20 16:59:02,474 | INFO | Batch 330 | Loss: 0.0692 | Correct: 126/128 | Elapsed Time: 25.07s
2026-01-20 16:59:27,474 | INFO | Batch 340 | Loss: 0.1261 | Correct: 123/128 | Elapsed Time: 25.00s
2026-01-20 16:59:52,478 | INFO | Batch 350 | Loss: 0.2317 | Correct: 121/128 | Elapsed Time: 25.00s
2026-01-20 17:00:17,431 | INFO | Batch 360 | Loss: 0.1012 | Correct: 124/128 | Elapsed Time: 24.95s
2026-01-20 17:00:42,385 | INFO | Batch 370 | Loss: 0.1796 | Correct: 120/128 | Elapsed Time: 24.95s
2026-01-20 17:01:07,352 | INFO | Batch 380 | Loss: 0.0762 | Correct: 126/128 | Elapsed Time: 24.97s
2026-01-20 17:01:32,305 | INFO | Batch 390 | Loss: 0.2203 | Correct: 116/128 | Elapsed Time: 24.95s
2026-01-20 17:01:34,018 | INFO | Epoch [70/100] - Loss: 0.1541 | Correct: 47222/50000 (94.44%, 976.36s)
2026-01-20 17:02:49,476 | INFO | Validation - Loss: 0.4700 | Correct: 8654/10000 (86.54%) (75.46s)
2026-01-20 17:03:14,440 | INFO | Batch 10 | Loss: 0.1461 | Correct: 122/128 | Elapsed Time: 24.96s
2026-01-20 17:03:39,405 | INFO | Batch 20 | Loss: 0.0863 | Correct: 124/128 | Elapsed Time: 24.97s
2026-01-20 17:04:04,318 | INFO | Batch 30 | Loss: 0.1390 | Correct: 122/128 | Elapsed Time: 24.91s
2026-01-20 17:04:29,295 | INFO | Batch 40 | Loss: 0.1851 | Correct: 120/128 | Elapsed Time: 24.98s
2026-01-20 17:04:54,299 | INFO | Batch 50 | Loss: 0.1766 | Correct: 118/128 | Elapsed Time: 25.00s
2026-01-20 17:05:19,415 | INFO | Batch 60 | Loss: 0.0966 | Correct: 124/128 | Elapsed Time: 25.12s
2026-01-20 17:05:44,385 | INFO | Batch 70 | Loss: 0.1321 | Correct: 122/128 | Elapsed Time: 24.97s
2026-01-20 17:06:09,380 | INFO | Batch 80 | Loss: 0.1600 | Correct: 121/128 | Elapsed Time: 25.00s
2026-01-20 17:06:34,329 | INFO | Batch 90 | Loss: 0.1017 | Correct: 124/128 | Elapsed Time: 24.95s
2026-01-20 17:06:59,373 | INFO | Batch 100 | Loss: 0.2327 | Correct: 115/128 | Elapsed Time: 25.04s
2026-01-20 17:07:24,346 | INFO | Batch 110 | Loss: 0.2089 | Correct: 119/128 | Elapsed Time: 24.97s
2026-01-20 17:07:49,325 | INFO | Batch 120 | Loss: 0.1703 | Correct: 120/128 | Elapsed Time: 24.98s
2026-01-20 17:08:14,377 | INFO | Batch 130 | Loss: 0.2457 | Correct: 115/128 | Elapsed Time: 25.05s
2026-01-20 17:08:39,355 | INFO | Batch 140 | Loss: 0.1148 | Correct: 122/128 | Elapsed Time: 24.98s
2026-01-20 17:09:04,331 | INFO | Batch 150 | Loss: 0.1603 | Correct: 123/128 | Elapsed Time: 24.98s
2026-01-20 17:09:29,318 | INFO | Batch 160 | Loss: 0.1297 | Correct: 124/128 | Elapsed Time: 24.99s
2026-01-20 17:09:54,297 | INFO | Batch 170 | Loss: 0.1011 | Correct: 122/128 | Elapsed Time: 24.98s
2026-01-20 17:10:19,258 | INFO | Batch 180 | Loss: 0.1434 | Correct: 120/128 | Elapsed Time: 24.96s
2026-01-20 17:10:44,329 | INFO | Batch 190 | Loss: 0.1271 | Correct: 121/128 | Elapsed Time: 25.07s
2026-01-20 17:11:09,301 | INFO | Batch 200 | Loss: 0.1328 | Correct: 123/128 | Elapsed Time: 24.97s
2026-01-20 17:11:34,250 | INFO | Batch 210 | Loss: 0.1488 | Correct: 117/128 | Elapsed Time: 24.95s
2026-01-20 17:11:59,215 | INFO | Batch 220 | Loss: 0.2045 | Correct: 118/128 | Elapsed Time: 24.96s
2026-01-20 17:12:24,221 | INFO | Batch 230 | Loss: 0.2347 | Correct: 116/128 | Elapsed Time: 25.01s
2026-01-20 17:12:49,235 | INFO | Batch 240 | Loss: 0.1696 | Correct: 121/128 | Elapsed Time: 25.01s
2026-01-20 17:13:14,241 | INFO | Batch 250 | Loss: 0.1302 | Correct: 121/128 | Elapsed Time: 25.01s
2026-01-20 17:13:39,310 | INFO | Batch 260 | Loss: 0.1841 | Correct: 118/128 | Elapsed Time: 25.07s
2026-01-20 17:14:04,244 | INFO | Batch 270 | Loss: 0.2325 | Correct: 117/128 | Elapsed Time: 24.93s
2026-01-20 17:14:29,242 | INFO | Batch 280 | Loss: 0.2234 | Correct: 114/128 | Elapsed Time: 25.00s
2026-01-20 17:14:54,252 | INFO | Batch 290 | Loss: 0.2234 | Correct: 118/128 | Elapsed Time: 25.01s
2026-01-20 17:15:19,272 | INFO | Batch 300 | Loss: 0.1300 | Correct: 123/128 | Elapsed Time: 25.02s
2026-01-20 17:15:44,279 | INFO | Batch 310 | Loss: 0.1583 | Correct: 122/128 | Elapsed Time: 25.01s
2026-01-20 17:16:09,353 | INFO | Batch 320 | Loss: 0.1317 | Correct: 123/128 | Elapsed Time: 25.07s
2026-01-20 17:16:34,339 | INFO | Batch 330 | Loss: 0.1210 | Correct: 121/128 | Elapsed Time: 24.99s
2026-01-20 17:16:59,375 | INFO | Batch 340 | Loss: 0.2381 | Correct: 115/128 | Elapsed Time: 25.04s
2026-01-20 17:17:24,346 | INFO | Batch 350 | Loss: 0.0967 | Correct: 123/128 | Elapsed Time: 24.97s
2026-01-20 17:17:49,283 | INFO | Batch 360 | Loss: 0.1202 | Correct: 123/128 | Elapsed Time: 24.94s
2026-01-20 17:18:14,228 | INFO | Batch 370 | Loss: 0.1216 | Correct: 121/128 | Elapsed Time: 24.95s
2026-01-20 17:18:39,213 | INFO | Batch 380 | Loss: 0.0817 | Correct: 124/128 | Elapsed Time: 24.98s
2026-01-20 17:19:04,344 | INFO | Batch 390 | Loss: 0.2966 | Correct: 117/128 | Elapsed Time: 25.13s
2026-01-20 17:19:06,020 | INFO | Epoch [71/100] - Loss: 0.1552 | Correct: 47204/50000 (94.41%, 976.54s)
2026-01-20 17:20:21,299 | INFO | Validation - Loss: 0.4716 | Correct: 8667/10000 (86.67%) (75.28s)
2026-01-20 17:20:46,340 | INFO | Batch 10 | Loss: 0.1725 | Correct: 118/128 | Elapsed Time: 25.04s
2026-01-20 17:21:11,315 | INFO | Batch 20 | Loss: 0.1242 | Correct: 122/128 | Elapsed Time: 24.98s
2026-01-20 17:21:36,314 | INFO | Batch 30 | Loss: 0.0999 | Correct: 123/128 | Elapsed Time: 25.00s
2026-01-20 17:22:01,292 | INFO | Batch 40 | Loss: 0.0573 | Correct: 126/128 | Elapsed Time: 24.98s
2026-01-20 17:22:26,269 | INFO | Batch 50 | Loss: 0.1228 | Correct: 122/128 | Elapsed Time: 24.98s
2026-01-20 17:22:51,386 | INFO | Batch 60 | Loss: 0.1745 | Correct: 120/128 | Elapsed Time: 25.12s
2026-01-20 17:23:16,390 | INFO | Batch 70 | Loss: 0.1659 | Correct: 122/128 | Elapsed Time: 25.00s
2026-01-20 17:23:41,396 | INFO | Batch 80 | Loss: 0.1371 | Correct: 122/128 | Elapsed Time: 25.01s
2026-01-20 17:24:06,433 | INFO | Batch 90 | Loss: 0.1119 | Correct: 121/128 | Elapsed Time: 25.04s
2026-01-20 17:24:31,461 | INFO | Batch 100 | Loss: 0.1856 | Correct: 119/128 | Elapsed Time: 25.03s
2026-01-20 17:24:56,478 | INFO | Batch 110 | Loss: 0.2271 | Correct: 118/128 | Elapsed Time: 25.02s
2026-01-20 17:25:21,515 | INFO | Batch 120 | Loss: 0.1334 | Correct: 122/128 | Elapsed Time: 25.04s
2026-01-20 17:25:46,646 | INFO | Batch 130 | Loss: 0.1336 | Correct: 121/128 | Elapsed Time: 25.13s
2026-01-20 17:26:11,737 | INFO | Batch 140 | Loss: 0.0771 | Correct: 125/128 | Elapsed Time: 25.09s
2026-01-20 17:26:36,749 | INFO | Batch 150 | Loss: 0.1131 | Correct: 123/128 | Elapsed Time: 25.01s
2026-01-20 17:27:01,757 | INFO | Batch 160 | Loss: 0.1470 | Correct: 122/128 | Elapsed Time: 25.01s
2026-01-20 17:27:26,778 | INFO | Batch 170 | Loss: 0.1396 | Correct: 121/128 | Elapsed Time: 25.02s
2026-01-20 17:27:51,815 | INFO | Batch 180 | Loss: 0.1915 | Correct: 119/128 | Elapsed Time: 25.04s
2026-01-20 17:28:16,879 | INFO | Batch 190 | Loss: 0.2446 | Correct: 118/128 | Elapsed Time: 25.06s
2026-01-20 17:28:41,912 | INFO | Batch 200 | Loss: 0.1560 | Correct: 119/128 | Elapsed Time: 25.03s
2026-01-20 17:29:06,926 | INFO | Batch 210 | Loss: 0.2021 | Correct: 118/128 | Elapsed Time: 25.01s
2026-01-20 17:29:31,942 | INFO | Batch 220 | Loss: 0.1404 | Correct: 122/128 | Elapsed Time: 25.02s
2026-01-20 17:29:56,945 | INFO | Batch 230 | Loss: 0.1370 | Correct: 122/128 | Elapsed Time: 25.00s
2026-01-20 17:30:21,936 | INFO | Batch 240 | Loss: 0.1223 | Correct: 122/128 | Elapsed Time: 24.99s
2026-01-20 17:30:46,951 | INFO | Batch 250 | Loss: 0.1137 | Correct: 122/128 | Elapsed Time: 25.02s
2026-01-20 17:31:12,040 | INFO | Batch 260 | Loss: 0.0778 | Correct: 125/128 | Elapsed Time: 25.09s
2026-01-20 17:31:37,026 | INFO | Batch 270 | Loss: 0.1505 | Correct: 124/128 | Elapsed Time: 24.99s
2026-01-20 17:32:02,008 | INFO | Batch 280 | Loss: 0.0869 | Correct: 122/128 | Elapsed Time: 24.98s
2026-01-20 17:32:27,011 | INFO | Batch 290 | Loss: 0.1305 | Correct: 122/128 | Elapsed Time: 25.00s
2026-01-20 17:32:52,027 | INFO | Batch 300 | Loss: 0.0549 | Correct: 125/128 | Elapsed Time: 25.02s
2026-01-20 17:33:16,979 | INFO | Batch 310 | Loss: 0.1547 | Correct: 118/128 | Elapsed Time: 24.95s
2026-01-20 17:33:41,934 | INFO | Batch 320 | Loss: 0.3297 | Correct: 115/128 | Elapsed Time: 24.95s
2026-01-20 17:34:07,068 | INFO | Batch 330 | Loss: 0.1242 | Correct: 120/128 | Elapsed Time: 25.13s
2026-01-20 17:34:32,083 | INFO | Batch 340 | Loss: 0.2861 | Correct: 114/128 | Elapsed Time: 25.02s
2026-01-20 17:34:57,073 | INFO | Batch 350 | Loss: 0.1563 | Correct: 122/128 | Elapsed Time: 24.99s
2026-01-20 17:35:22,096 | INFO | Batch 360 | Loss: 0.1174 | Correct: 123/128 | Elapsed Time: 25.02s
2026-01-20 17:35:47,110 | INFO | Batch 370 | Loss: 0.1390 | Correct: 119/128 | Elapsed Time: 25.01s
2026-01-20 17:36:12,089 | INFO | Batch 380 | Loss: 0.1329 | Correct: 122/128 | Elapsed Time: 24.98s
2026-01-20 17:36:37,168 | INFO | Batch 390 | Loss: 0.1102 | Correct: 122/128 | Elapsed Time: 25.08s
2026-01-20 17:36:38,867 | INFO | Epoch [72/100] - Loss: 0.1475 | Correct: 47355/50000 (94.71%, 977.57s)
2026-01-20 17:37:54,309 | INFO | Validation - Loss: 0.4726 | Correct: 8673/10000 (86.73%) (75.44s)
2026-01-20 17:38:19,350 | INFO | Batch 10 | Loss: 0.1279 | Correct: 122/128 | Elapsed Time: 25.04s
2026-01-20 17:38:44,300 | INFO | Batch 20 | Loss: 0.1028 | Correct: 124/128 | Elapsed Time: 24.95s
2026-01-20 17:39:09,260 | INFO | Batch 30 | Loss: 0.1479 | Correct: 122/128 | Elapsed Time: 24.96s
2026-01-20 17:39:34,208 | INFO | Batch 40 | Loss: 0.1571 | Correct: 120/128 | Elapsed Time: 24.95s
2026-01-20 17:39:59,233 | INFO | Batch 50 | Loss: 0.0778 | Correct: 125/128 | Elapsed Time: 25.03s
2026-01-20 17:40:24,309 | INFO | Batch 60 | Loss: 0.0784 | Correct: 126/128 | Elapsed Time: 25.08s
2026-01-20 17:40:49,332 | INFO | Batch 70 | Loss: 0.1082 | Correct: 121/128 | Elapsed Time: 25.02s
2026-01-20 17:41:14,294 | INFO | Batch 80 | Loss: 0.0586 | Correct: 126/128 | Elapsed Time: 24.96s
2026-01-20 17:41:39,272 | INFO | Batch 90 | Loss: 0.1538 | Correct: 124/128 | Elapsed Time: 24.98s
2026-01-20 17:42:04,236 | INFO | Batch 100 | Loss: 0.1298 | Correct: 122/128 | Elapsed Time: 24.96s
2026-01-20 17:42:29,227 | INFO | Batch 110 | Loss: 0.1219 | Correct: 122/128 | Elapsed Time: 24.99s
2026-01-20 17:42:54,216 | INFO | Batch 120 | Loss: 0.1268 | Correct: 122/128 | Elapsed Time: 24.99s
2026-01-20 17:43:19,306 | INFO | Batch 130 | Loss: 0.1121 | Correct: 124/128 | Elapsed Time: 25.09s
2026-01-20 17:43:44,276 | INFO | Batch 140 | Loss: 0.1355 | Correct: 121/128 | Elapsed Time: 24.97s
2026-01-20 17:44:09,274 | INFO | Batch 150 | Loss: 0.1388 | Correct: 120/128 | Elapsed Time: 25.00s
2026-01-20 17:44:34,236 | INFO | Batch 160 | Loss: 0.1885 | Correct: 118/128 | Elapsed Time: 24.96s
2026-01-20 17:44:59,249 | INFO | Batch 170 | Loss: 0.0955 | Correct: 124/128 | Elapsed Time: 25.01s
2026-01-20 17:45:24,252 | INFO | Batch 180 | Loss: 0.2974 | Correct: 118/128 | Elapsed Time: 25.00s
2026-01-20 17:45:49,339 | INFO | Batch 190 | Loss: 0.1669 | Correct: 121/128 | Elapsed Time: 25.09s
2026-01-20 17:46:14,374 | INFO | Batch 200 | Loss: 0.1766 | Correct: 121/128 | Elapsed Time: 25.03s
2026-01-20 17:46:39,363 | INFO | Batch 210 | Loss: 0.0917 | Correct: 125/128 | Elapsed Time: 24.99s
2026-01-20 17:47:04,330 | INFO | Batch 220 | Loss: 0.1679 | Correct: 121/128 | Elapsed Time: 24.97s
2026-01-20 17:47:29,325 | INFO | Batch 230 | Loss: 0.1141 | Correct: 123/128 | Elapsed Time: 25.00s
2026-01-20 17:47:54,291 | INFO | Batch 240 | Loss: 0.1833 | Correct: 119/128 | Elapsed Time: 24.97s
2026-01-20 17:48:19,300 | INFO | Batch 250 | Loss: 0.0688 | Correct: 126/128 | Elapsed Time: 25.01s
2026-01-20 17:48:44,425 | INFO | Batch 260 | Loss: 0.0821 | Correct: 125/128 | Elapsed Time: 25.13s
2026-01-20 17:49:09,445 | INFO | Batch 270 | Loss: 0.1438 | Correct: 120/128 | Elapsed Time: 25.02s
2026-01-20 17:49:34,451 | INFO | Batch 280 | Loss: 0.0676 | Correct: 124/128 | Elapsed Time: 25.01s
2026-01-20 17:49:59,434 | INFO | Batch 290 | Loss: 0.1217 | Correct: 121/128 | Elapsed Time: 24.98s
2026-01-20 17:50:24,435 | INFO | Batch 300 | Loss: 0.1931 | Correct: 120/128 | Elapsed Time: 25.00s
2026-01-20 17:50:49,465 | INFO | Batch 310 | Loss: 0.2326 | Correct: 115/128 | Elapsed Time: 25.03s
2026-01-20 17:51:14,500 | INFO | Batch 320 | Loss: 0.1058 | Correct: 121/128 | Elapsed Time: 25.04s
2026-01-20 17:51:39,504 | INFO | Batch 330 | Loss: 0.0807 | Correct: 125/128 | Elapsed Time: 25.00s
2026-01-20 17:52:04,529 | INFO | Batch 340 | Loss: 0.1892 | Correct: 116/128 | Elapsed Time: 25.02s
2026-01-20 17:52:29,517 | INFO | Batch 350 | Loss: 0.0924 | Correct: 122/128 | Elapsed Time: 24.99s
2026-01-20 17:52:54,545 | INFO | Batch 360 | Loss: 0.1239 | Correct: 124/128 | Elapsed Time: 25.03s
2026-01-20 17:53:19,480 | INFO | Batch 370 | Loss: 0.1697 | Correct: 117/128 | Elapsed Time: 24.93s
2026-01-20 17:53:44,475 | INFO | Batch 380 | Loss: 0.1855 | Correct: 119/128 | Elapsed Time: 25.00s
2026-01-20 17:54:09,593 | INFO | Batch 390 | Loss: 0.1079 | Correct: 121/128 | Elapsed Time: 25.12s
2026-01-20 17:54:11,281 | INFO | Epoch [73/100] - Loss: 0.1439 | Correct: 47399/50000 (94.80%, 976.97s)
2026-01-20 17:55:26,632 | INFO | Validation - Loss: 0.4806 | Correct: 8651/10000 (86.51%) (75.35s)
2026-01-20 17:55:51,676 | INFO | Batch 10 | Loss: 0.0697 | Correct: 124/128 | Elapsed Time: 25.04s
2026-01-20 17:56:16,684 | INFO | Batch 20 | Loss: 0.2101 | Correct: 119/128 | Elapsed Time: 25.01s
2026-01-20 17:56:41,683 | INFO | Batch 30 | Loss: 0.1297 | Correct: 123/128 | Elapsed Time: 25.00s
2026-01-20 17:57:06,684 | INFO | Batch 40 | Loss: 0.1241 | Correct: 122/128 | Elapsed Time: 25.00s
2026-01-20 17:57:31,699 | INFO | Batch 50 | Loss: 0.1790 | Correct: 121/128 | Elapsed Time: 25.01s
2026-01-20 17:57:56,790 | INFO | Batch 60 | Loss: 0.1759 | Correct: 119/128 | Elapsed Time: 25.09s
2026-01-20 17:58:21,809 | INFO | Batch 70 | Loss: 0.1201 | Correct: 121/128 | Elapsed Time: 25.02s
2026-01-20 17:58:46,821 | INFO | Batch 80 | Loss: 0.2147 | Correct: 117/128 | Elapsed Time: 25.01s
2026-01-20 17:59:11,822 | INFO | Batch 90 | Loss: 0.1691 | Correct: 118/128 | Elapsed Time: 25.00s
2026-01-20 17:59:36,846 | INFO | Batch 100 | Loss: 0.1459 | Correct: 123/128 | Elapsed Time: 25.02s
2026-01-20 18:00:01,881 | INFO | Batch 110 | Loss: 0.1262 | Correct: 120/128 | Elapsed Time: 25.04s
2026-01-20 18:00:26,983 | INFO | Batch 120 | Loss: 0.1157 | Correct: 125/128 | Elapsed Time: 25.10s
2026-01-20 18:00:51,952 | INFO | Batch 130 | Loss: 0.1448 | Correct: 121/128 | Elapsed Time: 24.97s
2026-01-20 18:01:16,968 | INFO | Batch 140 | Loss: 0.0910 | Correct: 123/128 | Elapsed Time: 25.02s
2026-01-20 18:01:41,976 | INFO | Batch 150 | Loss: 0.2221 | Correct: 117/128 | Elapsed Time: 25.01s
2026-01-20 18:02:06,967 | INFO | Batch 160 | Loss: 0.1176 | Correct: 119/128 | Elapsed Time: 24.99s
2026-01-20 18:02:31,939 | INFO | Batch 170 | Loss: 0.1584 | Correct: 121/128 | Elapsed Time: 24.97s
2026-01-20 18:02:56,886 | INFO | Batch 180 | Loss: 0.1272 | Correct: 122/128 | Elapsed Time: 24.95s
2026-01-20 18:03:21,944 | INFO | Batch 190 | Loss: 0.1589 | Correct: 120/128 | Elapsed Time: 25.06s
2026-01-20 18:03:46,963 | INFO | Batch 200 | Loss: 0.0555 | Correct: 126/128 | Elapsed Time: 25.02s
2026-01-20 18:04:11,951 | INFO | Batch 210 | Loss: 0.0987 | Correct: 124/128 | Elapsed Time: 24.99s
2026-01-20 18:04:36,941 | INFO | Batch 220 | Loss: 0.1585 | Correct: 120/128 | Elapsed Time: 24.99s
2026-01-20 18:05:01,939 | INFO | Batch 230 | Loss: 0.1241 | Correct: 123/128 | Elapsed Time: 25.00s
2026-01-20 18:05:26,991 | INFO | Batch 240 | Loss: 0.0898 | Correct: 124/128 | Elapsed Time: 25.05s
2026-01-20 18:05:52,125 | INFO | Batch 250 | Loss: 0.0825 | Correct: 124/128 | Elapsed Time: 25.13s
2026-01-20 18:06:17,127 | INFO | Batch 260 | Loss: 0.0888 | Correct: 122/128 | Elapsed Time: 25.00s
2026-01-20 18:06:42,077 | INFO | Batch 270 | Loss: 0.1822 | Correct: 119/128 | Elapsed Time: 24.95s
2026-01-20 18:07:07,055 | INFO | Batch 280 | Loss: 0.1487 | Correct: 120/128 | Elapsed Time: 24.98s
2026-01-20 18:07:32,005 | INFO | Batch 290 | Loss: 0.1706 | Correct: 120/128 | Elapsed Time: 24.95s
2026-01-20 18:07:56,983 | INFO | Batch 300 | Loss: 0.1490 | Correct: 120/128 | Elapsed Time: 24.98s
2026-01-20 18:08:21,994 | INFO | Batch 310 | Loss: 0.1393 | Correct: 124/128 | Elapsed Time: 25.01s
2026-01-20 18:08:46,999 | INFO | Batch 320 | Loss: 0.1266 | Correct: 123/128 | Elapsed Time: 25.00s
2026-01-20 18:09:12,042 | INFO | Batch 330 | Loss: 0.0987 | Correct: 124/128 | Elapsed Time: 25.04s
2026-01-20 18:09:37,024 | INFO | Batch 340 | Loss: 0.2183 | Correct: 118/128 | Elapsed Time: 24.98s
2026-01-20 18:10:02,024 | INFO | Batch 350 | Loss: 0.1733 | Correct: 122/128 | Elapsed Time: 25.00s
2026-01-20 18:10:27,048 | INFO | Batch 360 | Loss: 0.0401 | Correct: 127/128 | Elapsed Time: 25.02s
2026-01-20 18:10:52,044 | INFO | Batch 370 | Loss: 0.2330 | Correct: 116/128 | Elapsed Time: 25.00s
2026-01-20 18:11:16,995 | INFO | Batch 380 | Loss: 0.1251 | Correct: 121/128 | Elapsed Time: 24.95s
2026-01-20 18:11:42,086 | INFO | Batch 390 | Loss: 0.2080 | Correct: 119/128 | Elapsed Time: 25.09s
2026-01-20 18:11:43,797 | INFO | Epoch [74/100] - Loss: 0.1458 | Correct: 47325/50000 (94.65%, 977.16s)
2026-01-20 18:12:59,259 | INFO | Validation - Loss: 0.4850 | Correct: 8659/10000 (86.59%) (75.46s)
2026-01-20 18:13:24,272 | INFO | Batch 10 | Loss: 0.1477 | Correct: 121/128 | Elapsed Time: 25.01s
2026-01-20 18:13:49,247 | INFO | Batch 20 | Loss: 0.1601 | Correct: 120/128 | Elapsed Time: 24.98s
2026-01-20 18:14:14,263 | INFO | Batch 30 | Loss: 0.0946 | Correct: 124/128 | Elapsed Time: 25.02s
2026-01-20 18:14:39,313 | INFO | Batch 40 | Loss: 0.1473 | Correct: 121/128 | Elapsed Time: 25.05s
2026-01-20 18:15:04,326 | INFO | Batch 50 | Loss: 0.0772 | Correct: 126/128 | Elapsed Time: 25.01s
2026-01-20 18:15:29,425 | INFO | Batch 60 | Loss: 0.1849 | Correct: 117/128 | Elapsed Time: 25.10s
2026-01-20 18:15:54,455 | INFO | Batch 70 | Loss: 0.1317 | Correct: 122/128 | Elapsed Time: 25.03s
2026-01-20 18:16:19,513 | INFO | Batch 80 | Loss: 0.1077 | Correct: 123/128 | Elapsed Time: 25.06s
2026-01-20 18:16:44,585 | INFO | Batch 90 | Loss: 0.0882 | Correct: 123/128 | Elapsed Time: 25.07s
2026-01-20 18:17:09,596 | INFO | Batch 100 | Loss: 0.1166 | Correct: 122/128 | Elapsed Time: 25.01s
2026-01-20 18:17:34,601 | INFO | Batch 110 | Loss: 0.1335 | Correct: 123/128 | Elapsed Time: 25.01s
2026-01-20 18:17:59,678 | INFO | Batch 120 | Loss: 0.2044 | Correct: 119/128 | Elapsed Time: 25.08s
2026-01-20 18:18:24,685 | INFO | Batch 130 | Loss: 0.0659 | Correct: 125/128 | Elapsed Time: 25.01s
2026-01-20 18:18:49,696 | INFO | Batch 140 | Loss: 0.1163 | Correct: 124/128 | Elapsed Time: 25.01s
2026-01-20 18:19:14,707 | INFO | Batch 150 | Loss: 0.0691 | Correct: 125/128 | Elapsed Time: 25.01s
2026-01-20 18:19:39,738 | INFO | Batch 160 | Loss: 0.1712 | Correct: 119/128 | Elapsed Time: 25.03s
2026-01-20 18:20:04,743 | INFO | Batch 170 | Loss: 0.1672 | Correct: 121/128 | Elapsed Time: 25.00s
2026-01-20 18:20:29,720 | INFO | Batch 180 | Loss: 0.1057 | Correct: 122/128 | Elapsed Time: 24.98s
2026-01-20 18:20:54,786 | INFO | Batch 190 | Loss: 0.1828 | Correct: 117/128 | Elapsed Time: 25.07s
2026-01-20 18:21:19,762 | INFO | Batch 200 | Loss: 0.1810 | Correct: 117/128 | Elapsed Time: 24.98s
2026-01-20 18:21:44,764 | INFO | Batch 210 | Loss: 0.1409 | Correct: 119/128 | Elapsed Time: 25.00s
2026-01-20 18:22:09,744 | INFO | Batch 220 | Loss: 0.1322 | Correct: 122/128 | Elapsed Time: 24.98s
2026-01-20 18:22:34,716 | INFO | Batch 230 | Loss: 0.1179 | Correct: 122/128 | Elapsed Time: 24.97s
2026-01-20 18:22:59,727 | INFO | Batch 240 | Loss: 0.1646 | Correct: 120/128 | Elapsed Time: 25.01s
2026-01-20 18:23:24,805 | INFO | Batch 250 | Loss: 0.1301 | Correct: 122/128 | Elapsed Time: 25.08s
2026-01-20 18:23:49,792 | INFO | Batch 260 | Loss: 0.1060 | Correct: 121/128 | Elapsed Time: 24.99s
2026-01-20 18:24:14,811 | INFO | Batch 270 | Loss: 0.0495 | Correct: 127/128 | Elapsed Time: 25.02s
2026-01-20 18:24:39,801 | INFO | Batch 280 | Loss: 0.0948 | Correct: 123/128 | Elapsed Time: 24.99s
2026-01-20 18:25:04,795 | INFO | Batch 290 | Loss: 0.2434 | Correct: 118/128 | Elapsed Time: 24.99s
2026-01-20 18:25:29,785 | INFO | Batch 300 | Loss: 0.1624 | Correct: 118/128 | Elapsed Time: 24.99s
2026-01-20 18:25:54,773 | INFO | Batch 310 | Loss: 0.0948 | Correct: 123/128 | Elapsed Time: 24.99s
2026-01-20 18:26:19,833 | INFO | Batch 320 | Loss: 0.1665 | Correct: 120/128 | Elapsed Time: 25.06s
2026-01-20 18:26:44,819 | INFO | Batch 330 | Loss: 0.1649 | Correct: 121/128 | Elapsed Time: 24.99s
2026-01-20 18:27:09,803 | INFO | Batch 340 | Loss: 0.1026 | Correct: 121/128 | Elapsed Time: 24.98s
2026-01-20 18:27:34,801 | INFO | Batch 350 | Loss: 0.0793 | Correct: 125/128 | Elapsed Time: 25.00s
2026-01-20 18:27:59,812 | INFO | Batch 360 | Loss: 0.1259 | Correct: 124/128 | Elapsed Time: 25.01s
2026-01-20 18:28:24,826 | INFO | Batch 370 | Loss: 0.1933 | Correct: 119/128 | Elapsed Time: 25.01s
2026-01-20 18:28:49,817 | INFO | Batch 380 | Loss: 0.1188 | Correct: 121/128 | Elapsed Time: 24.99s
2026-01-20 18:29:14,932 | INFO | Batch 390 | Loss: 0.1846 | Correct: 120/128 | Elapsed Time: 25.11s
2026-01-20 18:29:16,613 | INFO | Epoch [75/100] - Loss: 0.1423 | Correct: 47499/50000 (95.00%, 977.35s)
2026-01-20 18:30:32,040 | INFO | Validation - Loss: 0.4823 | Correct: 8655/10000 (86.55%) (75.43s)
2026-01-20 18:30:57,088 | INFO | Batch 10 | Loss: 0.1437 | Correct: 120/128 | Elapsed Time: 25.04s
2026-01-20 18:31:22,114 | INFO | Batch 20 | Loss: 0.1592 | Correct: 119/128 | Elapsed Time: 25.03s
2026-01-20 18:31:47,129 | INFO | Batch 30 | Loss: 0.1112 | Correct: 123/128 | Elapsed Time: 25.01s
2026-01-20 18:32:12,136 | INFO | Batch 40 | Loss: 0.0949 | Correct: 123/128 | Elapsed Time: 25.01s
2026-01-20 18:32:37,245 | INFO | Batch 50 | Loss: 0.0845 | Correct: 126/128 | Elapsed Time: 25.11s
2026-01-20 18:33:02,235 | INFO | Batch 60 | Loss: 0.1537 | Correct: 119/128 | Elapsed Time: 24.99s
2026-01-20 18:33:27,236 | INFO | Batch 70 | Loss: 0.1525 | Correct: 122/128 | Elapsed Time: 25.00s
2026-01-20 18:33:52,271 | INFO | Batch 80 | Loss: 0.0898 | Correct: 126/128 | Elapsed Time: 25.03s
2026-01-20 18:34:17,291 | INFO | Batch 90 | Loss: 0.1950 | Correct: 119/128 | Elapsed Time: 25.02s
2026-01-20 18:34:42,334 | INFO | Batch 100 | Loss: 0.1151 | Correct: 124/128 | Elapsed Time: 25.04s
2026-01-20 18:35:07,399 | INFO | Batch 110 | Loss: 0.1397 | Correct: 119/128 | Elapsed Time: 25.06s
2026-01-20 18:35:32,475 | INFO | Batch 120 | Loss: 0.1001 | Correct: 124/128 | Elapsed Time: 25.08s
2026-01-20 18:35:57,504 | INFO | Batch 130 | Loss: 0.2191 | Correct: 119/128 | Elapsed Time: 25.03s
2026-01-20 18:36:22,540 | INFO | Batch 140 | Loss: 0.1724 | Correct: 118/128 | Elapsed Time: 25.04s
2026-01-20 18:36:47,576 | INFO | Batch 150 | Loss: 0.1169 | Correct: 123/128 | Elapsed Time: 25.04s
2026-01-20 18:37:12,604 | INFO | Batch 160 | Loss: 0.1612 | Correct: 120/128 | Elapsed Time: 25.03s
2026-01-20 18:37:37,682 | INFO | Batch 170 | Loss: 0.0897 | Correct: 124/128 | Elapsed Time: 25.08s
2026-01-20 18:38:02,809 | INFO | Batch 180 | Loss: 0.0948 | Correct: 124/128 | Elapsed Time: 25.13s
2026-01-20 18:38:27,816 | INFO | Batch 190 | Loss: 0.1057 | Correct: 122/128 | Elapsed Time: 25.01s
2026-01-20 18:38:52,810 | INFO | Batch 200 | Loss: 0.1612 | Correct: 122/128 | Elapsed Time: 24.99s
2026-01-20 18:39:17,815 | INFO | Batch 210 | Loss: 0.1533 | Correct: 119/128 | Elapsed Time: 25.01s
2026-01-20 18:39:42,853 | INFO | Batch 220 | Loss: 0.0824 | Correct: 126/128 | Elapsed Time: 25.04s
2026-01-20 18:40:07,886 | INFO | Batch 230 | Loss: 0.0832 | Correct: 125/128 | Elapsed Time: 25.03s
2026-01-20 18:40:32,877 | INFO | Batch 240 | Loss: 0.1631 | Correct: 121/128 | Elapsed Time: 24.99s
2026-01-20 18:40:58,016 | INFO | Batch 250 | Loss: 0.1462 | Correct: 124/128 | Elapsed Time: 25.14s
2026-01-20 18:41:23,018 | INFO | Batch 260 | Loss: 0.1394 | Correct: 123/128 | Elapsed Time: 25.00s
2026-01-20 18:41:47,996 | INFO | Batch 270 | Loss: 0.1294 | Correct: 124/128 | Elapsed Time: 24.98s
2026-01-20 18:42:12,965 | INFO | Batch 280 | Loss: 0.1467 | Correct: 121/128 | Elapsed Time: 24.97s
2026-01-20 18:42:37,967 | INFO | Batch 290 | Loss: 0.1445 | Correct: 124/128 | Elapsed Time: 25.00s
2026-01-20 18:43:03,011 | INFO | Batch 300 | Loss: 0.1538 | Correct: 122/128 | Elapsed Time: 25.04s
2026-01-20 18:43:28,143 | INFO | Batch 310 | Loss: 0.1432 | Correct: 122/128 | Elapsed Time: 25.13s
2026-01-20 18:43:53,158 | INFO | Batch 320 | Loss: 0.1615 | Correct: 119/128 | Elapsed Time: 25.02s
2026-01-20 18:44:18,220 | INFO | Batch 330 | Loss: 0.1168 | Correct: 121/128 | Elapsed Time: 25.06s
2026-01-20 18:44:43,257 | INFO | Batch 340 | Loss: 0.1668 | Correct: 120/128 | Elapsed Time: 25.04s
2026-01-20 18:45:08,308 | INFO | Batch 350 | Loss: 0.2165 | Correct: 119/128 | Elapsed Time: 25.05s
2026-01-20 18:45:33,347 | INFO | Batch 360 | Loss: 0.1756 | Correct: 121/128 | Elapsed Time: 25.04s
2026-01-20 18:45:58,397 | INFO | Batch 370 | Loss: 0.0686 | Correct: 127/128 | Elapsed Time: 25.05s
2026-01-20 18:46:23,562 | INFO | Batch 380 | Loss: 0.1700 | Correct: 120/128 | Elapsed Time: 25.16s
2026-01-20 18:46:48,647 | INFO | Batch 390 | Loss: 0.0696 | Correct: 126/128 | Elapsed Time: 25.09s
2026-01-20 18:46:50,335 | INFO | Epoch [76/100] - Loss: 0.1347 | Correct: 47592/50000 (95.18%, 978.29s)
2026-01-20 18:48:05,665 | INFO | Validation - Loss: 0.4724 | Correct: 8693/10000 (86.93%) (75.33s)
2026-01-20 18:48:30,688 | INFO | Batch 10 | Loss: 0.1368 | Correct: 117/128 | Elapsed Time: 25.02s
2026-01-20 18:48:55,683 | INFO | Batch 20 | Loss: 0.1718 | Correct: 119/128 | Elapsed Time: 25.00s
2026-01-20 18:49:20,689 | INFO | Batch 30 | Loss: 0.1697 | Correct: 118/128 | Elapsed Time: 25.01s
2026-01-20 18:49:45,714 | INFO | Batch 40 | Loss: 0.1282 | Correct: 122/128 | Elapsed Time: 25.02s
2026-01-20 18:50:10,836 | INFO | Batch 50 | Loss: 0.1930 | Correct: 120/128 | Elapsed Time: 25.12s
2026-01-20 18:50:35,861 | INFO | Batch 60 | Loss: 0.0938 | Correct: 124/128 | Elapsed Time: 25.03s
2026-01-20 18:51:00,895 | INFO | Batch 70 | Loss: 0.1344 | Correct: 124/128 | Elapsed Time: 25.03s
2026-01-20 18:51:25,986 | INFO | Batch 80 | Loss: 0.1302 | Correct: 120/128 | Elapsed Time: 25.09s
2026-01-20 18:51:51,093 | INFO | Batch 90 | Loss: 0.0750 | Correct: 127/128 | Elapsed Time: 25.11s
2026-01-20 18:52:16,173 | INFO | Batch 100 | Loss: 0.1379 | Correct: 120/128 | Elapsed Time: 25.08s
2026-01-20 18:52:41,295 | INFO | Batch 110 | Loss: 0.1140 | Correct: 120/128 | Elapsed Time: 25.12s
2026-01-20 18:53:06,392 | INFO | Batch 120 | Loss: 0.1251 | Correct: 123/128 | Elapsed Time: 25.10s
2026-01-20 18:53:31,508 | INFO | Batch 130 | Loss: 0.1617 | Correct: 121/128 | Elapsed Time: 25.12s
2026-01-20 18:53:56,588 | INFO | Batch 140 | Loss: 0.1052 | Correct: 123/128 | Elapsed Time: 25.08s
2026-01-20 18:54:21,674 | INFO | Batch 150 | Loss: 0.1491 | Correct: 121/128 | Elapsed Time: 25.09s
2026-01-20 18:54:46,724 | INFO | Batch 160 | Loss: 0.1909 | Correct: 118/128 | Elapsed Time: 25.05s
2026-01-20 18:55:11,793 | INFO | Batch 170 | Loss: 0.1415 | Correct: 120/128 | Elapsed Time: 25.07s
2026-01-20 18:55:36,935 | INFO | Batch 180 | Loss: 0.0929 | Correct: 124/128 | Elapsed Time: 25.14s
2026-01-20 18:56:01,959 | INFO | Batch 190 | Loss: 0.1529 | Correct: 120/128 | Elapsed Time: 25.02s
2026-01-20 18:56:26,992 | INFO | Batch 200 | Loss: 0.0857 | Correct: 124/128 | Elapsed Time: 25.03s
2026-01-20 18:56:52,013 | INFO | Batch 210 | Loss: 0.1688 | Correct: 118/128 | Elapsed Time: 25.02s
2026-01-20 18:57:17,010 | INFO | Batch 220 | Loss: 0.1101 | Correct: 121/128 | Elapsed Time: 25.00s
2026-01-20 18:57:42,004 | INFO | Batch 230 | Loss: 0.1464 | Correct: 121/128 | Elapsed Time: 24.99s
2026-01-20 18:58:06,964 | INFO | Batch 240 | Loss: 0.1479 | Correct: 122/128 | Elapsed Time: 24.96s
2026-01-20 18:58:32,056 | INFO | Batch 250 | Loss: 0.1279 | Correct: 125/128 | Elapsed Time: 25.09s
2026-01-20 18:58:57,045 | INFO | Batch 260 | Loss: 0.0632 | Correct: 125/128 | Elapsed Time: 24.99s
2026-01-20 18:59:22,035 | INFO | Batch 270 | Loss: 0.1157 | Correct: 121/128 | Elapsed Time: 24.99s
2026-01-20 18:59:47,013 | INFO | Batch 280 | Loss: 0.1583 | Correct: 121/128 | Elapsed Time: 24.98s
2026-01-20 19:00:12,011 | INFO | Batch 290 | Loss: 0.1052 | Correct: 122/128 | Elapsed Time: 25.00s
2026-01-20 19:00:37,010 | INFO | Batch 300 | Loss: 0.2428 | Correct: 117/128 | Elapsed Time: 25.00s
2026-01-20 19:01:02,078 | INFO | Batch 310 | Loss: 0.1827 | Correct: 122/128 | Elapsed Time: 25.07s
2026-01-20 19:01:27,098 | INFO | Batch 320 | Loss: 0.1012 | Correct: 122/128 | Elapsed Time: 25.02s
2026-01-20 19:01:52,135 | INFO | Batch 330 | Loss: 0.2246 | Correct: 118/128 | Elapsed Time: 25.04s
2026-01-20 19:02:17,101 | INFO | Batch 340 | Loss: 0.1525 | Correct: 118/128 | Elapsed Time: 24.97s
2026-01-20 19:02:42,077 | INFO | Batch 350 | Loss: 0.2000 | Correct: 120/128 | Elapsed Time: 24.98s
2026-01-20 19:03:07,042 | INFO | Batch 360 | Loss: 0.1163 | Correct: 123/128 | Elapsed Time: 24.97s
2026-01-20 19:03:32,006 | INFO | Batch 370 | Loss: 0.1577 | Correct: 123/128 | Elapsed Time: 24.96s
2026-01-20 19:03:57,028 | INFO | Batch 380 | Loss: 0.1554 | Correct: 121/128 | Elapsed Time: 25.02s
2026-01-20 19:04:22,033 | INFO | Batch 390 | Loss: 0.1305 | Correct: 121/128 | Elapsed Time: 25.00s
2026-01-20 19:04:23,733 | INFO | Epoch [77/100] - Loss: 0.1341 | Correct: 47537/50000 (95.07%, 978.06s)
2026-01-20 19:05:39,059 | INFO | Validation - Loss: 0.4732 | Correct: 8687/10000 (86.87%) (75.32s)
2026-01-20 19:06:04,062 | INFO | Batch 10 | Loss: 0.1194 | Correct: 120/128 | Elapsed Time: 25.00s
2026-01-20 19:06:29,070 | INFO | Batch 20 | Loss: 0.1205 | Correct: 123/128 | Elapsed Time: 25.01s
2026-01-20 19:06:54,069 | INFO | Batch 30 | Loss: 0.2307 | Correct: 117/128 | Elapsed Time: 25.00s
2026-01-20 19:07:19,107 | INFO | Batch 40 | Loss: 0.1172 | Correct: 124/128 | Elapsed Time: 25.04s
2026-01-20 19:07:44,235 | INFO | Batch 50 | Loss: 0.1451 | Correct: 121/128 | Elapsed Time: 25.13s
2026-01-20 19:08:09,306 | INFO | Batch 60 | Loss: 0.0748 | Correct: 124/128 | Elapsed Time: 25.07s
2026-01-20 19:08:34,310 | INFO | Batch 70 | Loss: 0.1562 | Correct: 121/128 | Elapsed Time: 25.00s
2026-01-20 19:08:59,349 | INFO | Batch 80 | Loss: 0.1103 | Correct: 125/128 | Elapsed Time: 25.04s
2026-01-20 19:09:24,340 | INFO | Batch 90 | Loss: 0.0740 | Correct: 124/128 | Elapsed Time: 24.99s
2026-01-20 19:09:49,335 | INFO | Batch 100 | Loss: 0.2479 | Correct: 122/128 | Elapsed Time: 24.99s
2026-01-20 19:10:14,344 | INFO | Batch 110 | Loss: 0.2066 | Correct: 118/128 | Elapsed Time: 25.01s
2026-01-20 19:10:39,440 | INFO | Batch 120 | Loss: 0.0949 | Correct: 123/128 | Elapsed Time: 25.10s
2026-01-20 19:11:04,451 | INFO | Batch 130 | Loss: 0.1284 | Correct: 120/128 | Elapsed Time: 25.01s
2026-01-20 19:11:29,416 | INFO | Batch 140 | Loss: 0.1310 | Correct: 122/128 | Elapsed Time: 24.96s
2026-01-20 19:11:54,402 | INFO | Batch 150 | Loss: 0.1295 | Correct: 120/128 | Elapsed Time: 24.99s
2026-01-20 19:12:19,388 | INFO | Batch 160 | Loss: 0.1935 | Correct: 118/128 | Elapsed Time: 24.99s
2026-01-20 19:12:44,356 | INFO | Batch 170 | Loss: 0.1954 | Correct: 118/128 | Elapsed Time: 24.97s
2026-01-20 19:13:09,435 | INFO | Batch 180 | Loss: 0.1467 | Correct: 120/128 | Elapsed Time: 25.08s
2026-01-20 19:13:34,456 | INFO | Batch 190 | Loss: 0.1826 | Correct: 121/128 | Elapsed Time: 25.02s
2026-01-20 19:13:59,482 | INFO | Batch 200 | Loss: 0.1200 | Correct: 124/128 | Elapsed Time: 25.03s
2026-01-20 19:14:24,516 | INFO | Batch 210 | Loss: 0.1177 | Correct: 122/128 | Elapsed Time: 25.03s
2026-01-20 19:14:49,558 | INFO | Batch 220 | Loss: 0.1890 | Correct: 118/128 | Elapsed Time: 25.04s
2026-01-20 19:15:14,576 | INFO | Batch 230 | Loss: 0.1414 | Correct: 122/128 | Elapsed Time: 25.02s
2026-01-20 19:15:39,565 | INFO | Batch 240 | Loss: 0.1561 | Correct: 121/128 | Elapsed Time: 24.99s
2026-01-20 19:16:04,652 | INFO | Batch 250 | Loss: 0.0871 | Correct: 124/128 | Elapsed Time: 25.09s
2026-01-20 19:16:29,628 | INFO | Batch 260 | Loss: 0.2098 | Correct: 122/128 | Elapsed Time: 24.98s
2026-01-20 19:16:54,624 | INFO | Batch 270 | Loss: 0.1004 | Correct: 122/128 | Elapsed Time: 25.00s
2026-01-20 19:17:19,621 | INFO | Batch 280 | Loss: 0.0926 | Correct: 123/128 | Elapsed Time: 25.00s
2026-01-20 19:17:44,625 | INFO | Batch 290 | Loss: 0.1326 | Correct: 121/128 | Elapsed Time: 25.00s
2026-01-20 19:18:09,635 | INFO | Batch 300 | Loss: 0.1179 | Correct: 122/128 | Elapsed Time: 25.01s
2026-01-20 19:18:34,686 | INFO | Batch 310 | Loss: 0.0967 | Correct: 125/128 | Elapsed Time: 25.05s
2026-01-20 19:18:59,720 | INFO | Batch 320 | Loss: 0.1109 | Correct: 123/128 | Elapsed Time: 25.03s
2026-01-20 19:19:24,814 | INFO | Batch 330 | Loss: 0.1156 | Correct: 122/128 | Elapsed Time: 25.09s
2026-01-20 19:19:49,807 | INFO | Batch 340 | Loss: 0.1270 | Correct: 121/128 | Elapsed Time: 24.99s
2026-01-20 19:20:14,815 | INFO | Batch 350 | Loss: 0.1219 | Correct: 121/128 | Elapsed Time: 25.01s
2026-01-20 19:20:39,814 | INFO | Batch 360 | Loss: 0.2175 | Correct: 120/128 | Elapsed Time: 25.00s
2026-01-20 19:21:04,778 | INFO | Batch 370 | Loss: 0.1600 | Correct: 122/128 | Elapsed Time: 24.96s
2026-01-20 19:21:29,836 | INFO | Batch 380 | Loss: 0.1051 | Correct: 123/128 | Elapsed Time: 25.06s
2026-01-20 19:21:54,844 | INFO | Batch 390 | Loss: 0.0569 | Correct: 127/128 | Elapsed Time: 25.01s
2026-01-20 19:21:56,537 | INFO | Epoch [78/100] - Loss: 0.1302 | Correct: 47679/50000 (95.36%, 977.47s)
2026-01-20 19:23:11,859 | INFO | Validation - Loss: 0.4687 | Correct: 8695/10000 (86.95%) (75.32s)
2026-01-20 19:23:12,020 | INFO | New best model saved at epoch 78 with Top1 Acc: 86.95%
2026-01-20 19:23:37,122 | INFO | Batch 10 | Loss: 0.1027 | Correct: 125/128 | Elapsed Time: 25.10s
2026-01-20 19:24:02,124 | INFO | Batch 20 | Loss: 0.0930 | Correct: 121/128 | Elapsed Time: 25.00s
2026-01-20 19:24:27,128 | INFO | Batch 30 | Loss: 0.1357 | Correct: 123/128 | Elapsed Time: 25.00s
2026-01-20 19:24:52,257 | INFO | Batch 40 | Loss: 0.1033 | Correct: 122/128 | Elapsed Time: 25.13s
2026-01-20 19:25:17,217 | INFO | Batch 50 | Loss: 0.1369 | Correct: 120/128 | Elapsed Time: 24.96s
2026-01-20 19:25:42,228 | INFO | Batch 60 | Loss: 0.0740 | Correct: 124/128 | Elapsed Time: 25.01s
2026-01-20 19:26:07,223 | INFO | Batch 70 | Loss: 0.0818 | Correct: 126/128 | Elapsed Time: 25.00s
2026-01-20 19:26:32,215 | INFO | Batch 80 | Loss: 0.1098 | Correct: 124/128 | Elapsed Time: 24.99s
2026-01-20 19:26:57,211 | INFO | Batch 90 | Loss: 0.1467 | Correct: 122/128 | Elapsed Time: 25.00s
2026-01-20 19:27:22,219 | INFO | Batch 100 | Loss: 0.1438 | Correct: 124/128 | Elapsed Time: 25.01s
2026-01-20 19:27:47,315 | INFO | Batch 110 | Loss: 0.1787 | Correct: 119/128 | Elapsed Time: 25.10s
2026-01-20 19:28:12,317 | INFO | Batch 120 | Loss: 0.1176 | Correct: 121/128 | Elapsed Time: 25.00s
2026-01-20 19:28:37,254 | INFO | Batch 130 | Loss: 0.1175 | Correct: 121/128 | Elapsed Time: 24.94s
2026-01-20 19:29:02,246 | INFO | Batch 140 | Loss: 0.1057 | Correct: 123/128 | Elapsed Time: 24.99s
2026-01-20 19:29:27,223 | INFO | Batch 150 | Loss: 0.1298 | Correct: 121/128 | Elapsed Time: 24.98s
2026-01-20 19:29:52,192 | INFO | Batch 160 | Loss: 0.1812 | Correct: 118/128 | Elapsed Time: 24.97s
2026-01-20 19:30:17,275 | INFO | Batch 170 | Loss: 0.1389 | Correct: 122/128 | Elapsed Time: 25.08s
2026-01-20 19:30:42,301 | INFO | Batch 180 | Loss: 0.1212 | Correct: 123/128 | Elapsed Time: 25.03s
2026-01-20 19:31:07,342 | INFO | Batch 190 | Loss: 0.0992 | Correct: 123/128 | Elapsed Time: 25.04s
2026-01-20 19:31:32,339 | INFO | Batch 200 | Loss: 0.1966 | Correct: 116/128 | Elapsed Time: 25.00s
2026-01-20 19:31:57,349 | INFO | Batch 210 | Loss: 0.0865 | Correct: 124/128 | Elapsed Time: 25.01s
2026-01-20 19:32:22,364 | INFO | Batch 220 | Loss: 0.1384 | Correct: 122/128 | Elapsed Time: 25.01s
2026-01-20 19:32:47,379 | INFO | Batch 230 | Loss: 0.1281 | Correct: 122/128 | Elapsed Time: 25.02s
2026-01-20 19:33:12,483 | INFO | Batch 240 | Loss: 0.1058 | Correct: 122/128 | Elapsed Time: 25.10s
2026-01-20 19:33:37,514 | INFO | Batch 250 | Loss: 0.1662 | Correct: 122/128 | Elapsed Time: 25.03s
2026-01-20 19:34:02,570 | INFO | Batch 260 | Loss: 0.1830 | Correct: 117/128 | Elapsed Time: 25.06s
2026-01-20 19:34:27,609 | INFO | Batch 270 | Loss: 0.1238 | Correct: 123/128 | Elapsed Time: 25.04s
2026-01-20 19:34:52,634 | INFO | Batch 280 | Loss: 0.1165 | Correct: 122/128 | Elapsed Time: 25.03s
2026-01-20 19:35:17,627 | INFO | Batch 290 | Loss: 0.1912 | Correct: 118/128 | Elapsed Time: 24.99s
2026-01-20 19:35:42,674 | INFO | Batch 300 | Loss: 0.1432 | Correct: 120/128 | Elapsed Time: 25.05s
2026-01-20 19:36:07,664 | INFO | Batch 310 | Loss: 0.1959 | Correct: 117/128 | Elapsed Time: 24.99s
2026-01-20 19:36:32,641 | INFO | Batch 320 | Loss: 0.0728 | Correct: 124/128 | Elapsed Time: 24.98s
2026-01-20 19:36:57,620 | INFO | Batch 330 | Loss: 0.1196 | Correct: 122/128 | Elapsed Time: 24.98s
2026-01-20 19:37:22,586 | INFO | Batch 340 | Loss: 0.1458 | Correct: 121/128 | Elapsed Time: 24.97s
2026-01-20 19:37:47,560 | INFO | Batch 350 | Loss: 0.1209 | Correct: 123/128 | Elapsed Time: 24.97s
2026-01-20 19:38:12,532 | INFO | Batch 360 | Loss: 0.1732 | Correct: 122/128 | Elapsed Time: 24.97s
2026-01-20 19:38:37,575 | INFO | Batch 370 | Loss: 0.0985 | Correct: 125/128 | Elapsed Time: 25.04s
2026-01-20 19:39:02,541 | INFO | Batch 380 | Loss: 0.1661 | Correct: 116/128 | Elapsed Time: 24.97s
2026-01-20 19:39:27,573 | INFO | Batch 390 | Loss: 0.1103 | Correct: 122/128 | Elapsed Time: 25.03s
2026-01-20 19:39:29,293 | INFO | Epoch [79/100] - Loss: 0.1294 | Correct: 47709/50000 (95.42%, 977.27s)
2026-01-20 19:40:44,631 | INFO | Validation - Loss: 0.4707 | Correct: 8685/10000 (86.85%) (75.34s)
2026-01-20 19:41:09,640 | INFO | Batch 10 | Loss: 0.2343 | Correct: 120/128 | Elapsed Time: 25.01s
2026-01-20 19:41:34,629 | INFO | Batch 20 | Loss: 0.2117 | Correct: 120/128 | Elapsed Time: 24.99s
2026-01-20 19:41:59,639 | INFO | Batch 30 | Loss: 0.0681 | Correct: 126/128 | Elapsed Time: 25.01s
2026-01-20 19:42:24,755 | INFO | Batch 40 | Loss: 0.1353 | Correct: 119/128 | Elapsed Time: 25.12s
2026-01-20 19:42:49,762 | INFO | Batch 50 | Loss: 0.0674 | Correct: 125/128 | Elapsed Time: 25.01s
2026-01-20 19:43:14,732 | INFO | Batch 60 | Loss: 0.1358 | Correct: 121/128 | Elapsed Time: 24.97s
2026-01-20 19:43:39,732 | INFO | Batch 70 | Loss: 0.1334 | Correct: 123/128 | Elapsed Time: 25.00s
2026-01-20 19:44:04,759 | INFO | Batch 80 | Loss: 0.1156 | Correct: 121/128 | Elapsed Time: 25.03s
2026-01-20 19:44:29,772 | INFO | Batch 90 | Loss: 0.2068 | Correct: 122/128 | Elapsed Time: 25.01s
2026-01-20 19:44:54,825 | INFO | Batch 100 | Loss: 0.1393 | Correct: 122/128 | Elapsed Time: 25.05s
2026-01-20 19:45:19,834 | INFO | Batch 110 | Loss: 0.1698 | Correct: 116/128 | Elapsed Time: 25.01s
2026-01-20 19:45:44,845 | INFO | Batch 120 | Loss: 0.1221 | Correct: 122/128 | Elapsed Time: 25.01s
2026-01-20 19:46:09,859 | INFO | Batch 130 | Loss: 0.1408 | Correct: 119/128 | Elapsed Time: 25.01s
2026-01-20 19:46:34,879 | INFO | Batch 140 | Loss: 0.0599 | Correct: 126/128 | Elapsed Time: 25.02s
2026-01-20 19:46:59,877 | INFO | Batch 150 | Loss: 0.0911 | Correct: 123/128 | Elapsed Time: 25.00s
2026-01-20 19:47:24,846 | INFO | Batch 160 | Loss: 0.1464 | Correct: 122/128 | Elapsed Time: 24.97s
2026-01-20 19:47:49,948 | INFO | Batch 170 | Loss: 0.1898 | Correct: 122/128 | Elapsed Time: 25.10s
2026-01-20 19:48:14,962 | INFO | Batch 180 | Loss: 0.1366 | Correct: 120/128 | Elapsed Time: 25.01s
2026-01-20 19:48:39,966 | INFO | Batch 190 | Loss: 0.0890 | Correct: 123/128 | Elapsed Time: 25.00s
2026-01-20 19:49:04,943 | INFO | Batch 200 | Loss: 0.1858 | Correct: 120/128 | Elapsed Time: 24.98s
2026-01-20 19:49:29,936 | INFO | Batch 210 | Loss: 0.1412 | Correct: 120/128 | Elapsed Time: 24.99s
2026-01-20 19:49:54,975 | INFO | Batch 220 | Loss: 0.1582 | Correct: 123/128 | Elapsed Time: 25.04s
2026-01-20 19:50:19,977 | INFO | Batch 230 | Loss: 0.1668 | Correct: 118/128 | Elapsed Time: 25.00s
2026-01-20 19:50:45,071 | INFO | Batch 240 | Loss: 0.1721 | Correct: 120/128 | Elapsed Time: 25.09s
2026-01-20 19:51:10,059 | INFO | Batch 250 | Loss: 0.0915 | Correct: 123/128 | Elapsed Time: 24.99s
2026-01-20 19:51:35,057 | INFO | Batch 260 | Loss: 0.1323 | Correct: 120/128 | Elapsed Time: 25.00s
2026-01-20 19:52:00,044 | INFO | Batch 270 | Loss: 0.2682 | Correct: 114/128 | Elapsed Time: 24.99s
2026-01-20 19:52:25,030 | INFO | Batch 280 | Loss: 0.1066 | Correct: 126/128 | Elapsed Time: 24.99s
2026-01-20 19:52:49,990 | INFO | Batch 290 | Loss: 0.0924 | Correct: 126/128 | Elapsed Time: 24.96s
2026-01-20 19:53:15,062 | INFO | Batch 300 | Loss: 0.1879 | Correct: 119/128 | Elapsed Time: 25.07s
2026-01-20 19:53:40,059 | INFO | Batch 310 | Loss: 0.1459 | Correct: 120/128 | Elapsed Time: 25.00s
2026-01-20 19:54:05,026 | INFO | Batch 320 | Loss: 0.1118 | Correct: 123/128 | Elapsed Time: 24.97s
2026-01-20 19:54:30,040 | INFO | Batch 330 | Loss: 0.1815 | Correct: 122/128 | Elapsed Time: 25.01s
2026-01-20 19:54:55,019 | INFO | Batch 340 | Loss: 0.0541 | Correct: 125/128 | Elapsed Time: 24.98s
2026-01-20 19:55:19,964 | INFO | Batch 350 | Loss: 0.1468 | Correct: 120/128 | Elapsed Time: 24.94s
2026-01-20 19:55:44,936 | INFO | Batch 360 | Loss: 0.1164 | Correct: 120/128 | Elapsed Time: 24.97s
2026-01-20 19:56:09,971 | INFO | Batch 370 | Loss: 0.1205 | Correct: 123/128 | Elapsed Time: 25.04s
2026-01-20 19:56:34,958 | INFO | Batch 380 | Loss: 0.1894 | Correct: 120/128 | Elapsed Time: 24.99s
2026-01-20 19:56:59,948 | INFO | Batch 390 | Loss: 0.1173 | Correct: 122/128 | Elapsed Time: 24.99s
2026-01-20 19:57:01,630 | INFO | Epoch [80/100] - Loss: 0.1310 | Correct: 47656/50000 (95.31%, 977.00s)
2026-01-20 19:58:17,041 | INFO | Validation - Loss: 0.4754 | Correct: 8685/10000 (86.85%) (75.41s)
2026-01-20 19:58:42,016 | INFO | Batch 10 | Loss: 0.2433 | Correct: 115/128 | Elapsed Time: 24.97s
2026-01-20 19:59:06,984 | INFO | Batch 20 | Loss: 0.1598 | Correct: 120/128 | Elapsed Time: 24.97s
2026-01-20 19:59:31,942 | INFO | Batch 30 | Loss: 0.2083 | Correct: 116/128 | Elapsed Time: 24.96s
2026-01-20 19:59:57,054 | INFO | Batch 40 | Loss: 0.1742 | Correct: 120/128 | Elapsed Time: 25.11s
2026-01-20 20:00:22,049 | INFO | Batch 50 | Loss: 0.1253 | Correct: 123/128 | Elapsed Time: 24.99s
2026-01-20 20:00:47,036 | INFO | Batch 60 | Loss: 0.1103 | Correct: 123/128 | Elapsed Time: 24.99s
2026-01-20 20:01:12,010 | INFO | Batch 70 | Loss: 0.1931 | Correct: 119/128 | Elapsed Time: 24.97s
2026-01-20 20:01:36,954 | INFO | Batch 80 | Loss: 0.1992 | Correct: 121/128 | Elapsed Time: 24.94s
2026-01-20 20:02:01,927 | INFO | Batch 90 | Loss: 0.0984 | Correct: 125/128 | Elapsed Time: 24.97s
2026-01-20 20:02:27,027 | INFO | Batch 100 | Loss: 0.0873 | Correct: 123/128 | Elapsed Time: 25.10s
2026-01-20 20:02:52,017 | INFO | Batch 110 | Loss: 0.2269 | Correct: 120/128 | Elapsed Time: 24.99s
2026-01-20 20:03:17,002 | INFO | Batch 120 | Loss: 0.1555 | Correct: 119/128 | Elapsed Time: 24.98s
2026-01-20 20:03:41,997 | INFO | Batch 130 | Loss: 0.1150 | Correct: 123/128 | Elapsed Time: 25.00s
2026-01-20 20:04:06,978 | INFO | Batch 140 | Loss: 0.1332 | Correct: 123/128 | Elapsed Time: 24.98s
2026-01-20 20:04:31,946 | INFO | Batch 150 | Loss: 0.1274 | Correct: 121/128 | Elapsed Time: 24.97s
2026-01-20 20:04:56,939 | INFO | Batch 160 | Loss: 0.1299 | Correct: 124/128 | Elapsed Time: 24.99s
2026-01-20 20:05:22,007 | INFO | Batch 170 | Loss: 0.1479 | Correct: 124/128 | Elapsed Time: 25.07s
2026-01-20 20:05:47,028 | INFO | Batch 180 | Loss: 0.1618 | Correct: 123/128 | Elapsed Time: 25.02s
2026-01-20 20:06:12,014 | INFO | Batch 190 | Loss: 0.1907 | Correct: 119/128 | Elapsed Time: 24.99s
2026-01-20 20:06:36,984 | INFO | Batch 200 | Loss: 0.1041 | Correct: 123/128 | Elapsed Time: 24.97s
2026-01-20 20:07:01,943 | INFO | Batch 210 | Loss: 0.1116 | Correct: 121/128 | Elapsed Time: 24.96s
2026-01-20 20:07:26,887 | INFO | Batch 220 | Loss: 0.1611 | Correct: 122/128 | Elapsed Time: 24.94s
2026-01-20 20:07:51,859 | INFO | Batch 230 | Loss: 0.1161 | Correct: 124/128 | Elapsed Time: 24.97s
2026-01-20 20:08:16,963 | INFO | Batch 240 | Loss: 0.1444 | Correct: 121/128 | Elapsed Time: 25.10s
2026-01-20 20:08:41,928 | INFO | Batch 250 | Loss: 0.0744 | Correct: 125/128 | Elapsed Time: 24.96s
2026-01-20 20:09:06,931 | INFO | Batch 260 | Loss: 0.0906 | Correct: 124/128 | Elapsed Time: 25.00s
2026-01-20 20:09:31,951 | INFO | Batch 270 | Loss: 0.1786 | Correct: 120/128 | Elapsed Time: 25.02s
2026-01-20 20:09:56,955 | INFO | Batch 280 | Loss: 0.1167 | Correct: 121/128 | Elapsed Time: 25.00s
2026-01-20 20:10:21,975 | INFO | Batch 290 | Loss: 0.0907 | Correct: 124/128 | Elapsed Time: 25.02s
2026-01-20 20:10:47,085 | INFO | Batch 300 | Loss: 0.0546 | Correct: 127/128 | Elapsed Time: 25.11s
2026-01-20 20:11:12,101 | INFO | Batch 310 | Loss: 0.1541 | Correct: 119/128 | Elapsed Time: 25.02s
2026-01-20 20:11:37,113 | INFO | Batch 320 | Loss: 0.1339 | Correct: 121/128 | Elapsed Time: 25.01s
2026-01-20 20:12:02,122 | INFO | Batch 330 | Loss: 0.1753 | Correct: 120/128 | Elapsed Time: 25.01s
2026-01-20 20:12:27,132 | INFO | Batch 340 | Loss: 0.0652 | Correct: 126/128 | Elapsed Time: 25.01s
2026-01-20 20:12:52,128 | INFO | Batch 350 | Loss: 0.1462 | Correct: 121/128 | Elapsed Time: 25.00s
2026-01-20 20:13:17,119 | INFO | Batch 360 | Loss: 0.1135 | Correct: 121/128 | Elapsed Time: 24.99s
2026-01-20 20:13:42,248 | INFO | Batch 370 | Loss: 0.2463 | Correct: 113/128 | Elapsed Time: 25.13s
2026-01-20 20:14:07,242 | INFO | Batch 380 | Loss: 0.1529 | Correct: 118/128 | Elapsed Time: 24.99s
2026-01-20 20:14:32,238 | INFO | Batch 390 | Loss: 0.0551 | Correct: 126/128 | Elapsed Time: 25.00s
2026-01-20 20:14:33,946 | INFO | Epoch [81/100] - Loss: 0.1326 | Correct: 47624/50000 (95.25%, 976.90s)
2026-01-20 20:15:49,389 | INFO | Validation - Loss: 0.4742 | Correct: 8691/10000 (86.91%) (75.44s)
2026-01-20 20:16:14,367 | INFO | Batch 10 | Loss: 0.1794 | Correct: 121/128 | Elapsed Time: 24.97s
2026-01-20 20:16:39,374 | INFO | Batch 20 | Loss: 0.1988 | Correct: 120/128 | Elapsed Time: 25.01s
2026-01-20 20:17:04,416 | INFO | Batch 30 | Loss: 0.1825 | Correct: 119/128 | Elapsed Time: 25.04s
2026-01-20 20:17:29,356 | INFO | Batch 40 | Loss: 0.1438 | Correct: 121/128 | Elapsed Time: 24.94s
2026-01-20 20:17:54,328 | INFO | Batch 50 | Loss: 0.0644 | Correct: 125/128 | Elapsed Time: 24.97s
2026-01-20 20:18:19,301 | INFO | Batch 60 | Loss: 0.1478 | Correct: 124/128 | Elapsed Time: 24.97s
2026-01-20 20:18:44,269 | INFO | Batch 70 | Loss: 0.0926 | Correct: 124/128 | Elapsed Time: 24.97s
2026-01-20 20:19:09,241 | INFO | Batch 80 | Loss: 0.1252 | Correct: 124/128 | Elapsed Time: 24.97s
2026-01-20 20:19:34,272 | INFO | Batch 90 | Loss: 0.0796 | Correct: 124/128 | Elapsed Time: 25.03s
2026-01-20 20:19:59,352 | INFO | Batch 100 | Loss: 0.0964 | Correct: 125/128 | Elapsed Time: 25.08s
2026-01-20 20:20:24,340 | INFO | Batch 110 | Loss: 0.0767 | Correct: 124/128 | Elapsed Time: 24.99s
2026-01-20 20:20:49,349 | INFO | Batch 120 | Loss: 0.1113 | Correct: 121/128 | Elapsed Time: 25.01s
2026-01-20 20:21:14,341 | INFO | Batch 130 | Loss: 0.0798 | Correct: 125/128 | Elapsed Time: 24.99s
2026-01-20 20:21:39,354 | INFO | Batch 140 | Loss: 0.0929 | Correct: 124/128 | Elapsed Time: 25.01s
2026-01-20 20:22:04,390 | INFO | Batch 150 | Loss: 0.1432 | Correct: 121/128 | Elapsed Time: 25.04s
2026-01-20 20:22:29,413 | INFO | Batch 160 | Loss: 0.2187 | Correct: 118/128 | Elapsed Time: 25.02s
2026-01-20 20:22:54,519 | INFO | Batch 170 | Loss: 0.1036 | Correct: 121/128 | Elapsed Time: 25.11s
2026-01-20 20:23:19,502 | INFO | Batch 180 | Loss: 0.1020 | Correct: 122/128 | Elapsed Time: 24.98s
2026-01-20 20:23:44,481 | INFO | Batch 190 | Loss: 0.1324 | Correct: 122/128 | Elapsed Time: 24.98s
2026-01-20 20:24:09,497 | INFO | Batch 200 | Loss: 0.1353 | Correct: 126/128 | Elapsed Time: 25.02s
2026-01-20 20:24:34,459 | INFO | Batch 210 | Loss: 0.1206 | Correct: 120/128 | Elapsed Time: 24.96s
2026-01-20 20:24:59,451 | INFO | Batch 220 | Loss: 0.1348 | Correct: 122/128 | Elapsed Time: 24.99s
2026-01-20 20:25:24,544 | INFO | Batch 230 | Loss: 0.0620 | Correct: 125/128 | Elapsed Time: 25.09s
2026-01-20 20:25:49,467 | INFO | Batch 240 | Loss: 0.0816 | Correct: 126/128 | Elapsed Time: 24.92s
2026-01-20 20:26:14,463 | INFO | Batch 250 | Loss: 0.1437 | Correct: 122/128 | Elapsed Time: 25.00s
2026-01-20 20:26:39,425 | INFO | Batch 260 | Loss: 0.2284 | Correct: 118/128 | Elapsed Time: 24.96s
2026-01-20 20:27:04,395 | INFO | Batch 270 | Loss: 0.0963 | Correct: 125/128 | Elapsed Time: 24.97s
2026-01-20 20:27:29,392 | INFO | Batch 280 | Loss: 0.2766 | Correct: 118/128 | Elapsed Time: 25.00s
2026-01-20 20:27:54,414 | INFO | Batch 290 | Loss: 0.1611 | Correct: 121/128 | Elapsed Time: 25.02s
2026-01-20 20:28:19,445 | INFO | Batch 300 | Loss: 0.0906 | Correct: 125/128 | Elapsed Time: 25.03s
2026-01-20 20:28:44,417 | INFO | Batch 310 | Loss: 0.1281 | Correct: 123/128 | Elapsed Time: 24.97s
2026-01-20 20:29:09,408 | INFO | Batch 320 | Loss: 0.1207 | Correct: 122/128 | Elapsed Time: 24.99s
2026-01-20 20:29:34,472 | INFO | Batch 330 | Loss: 0.1669 | Correct: 119/128 | Elapsed Time: 25.06s
2026-01-20 20:29:59,458 | INFO | Batch 340 | Loss: 0.1268 | Correct: 124/128 | Elapsed Time: 24.99s
2026-01-20 20:30:24,461 | INFO | Batch 350 | Loss: 0.1199 | Correct: 123/128 | Elapsed Time: 25.00s
2026-01-20 20:30:49,439 | INFO | Batch 360 | Loss: 0.0747 | Correct: 124/128 | Elapsed Time: 24.98s
2026-01-20 20:31:14,559 | INFO | Batch 370 | Loss: 0.0817 | Correct: 124/128 | Elapsed Time: 25.12s
2026-01-20 20:31:39,553 | INFO | Batch 380 | Loss: 0.1251 | Correct: 123/128 | Elapsed Time: 24.99s
2026-01-20 20:32:04,523 | INFO | Batch 390 | Loss: 0.1140 | Correct: 119/128 | Elapsed Time: 24.97s
2026-01-20 20:32:06,203 | INFO | Epoch [82/100] - Loss: 0.1281 | Correct: 47748/50000 (95.50%, 976.81s)
2026-01-20 20:33:21,428 | INFO | Validation - Loss: 0.4724 | Correct: 8698/10000 (86.98%) (75.22s)
2026-01-20 20:33:21,610 | INFO | New best model saved at epoch 82 with Top1 Acc: 86.98%
2026-01-20 20:33:46,669 | INFO | Batch 10 | Loss: 0.0963 | Correct: 123/128 | Elapsed Time: 25.06s
2026-01-20 20:34:11,698 | INFO | Batch 20 | Loss: 0.0581 | Correct: 125/128 | Elapsed Time: 25.03s
2026-01-20 20:34:36,670 | INFO | Batch 30 | Loss: 0.1705 | Correct: 121/128 | Elapsed Time: 24.97s
2026-01-20 20:35:01,759 | INFO | Batch 40 | Loss: 0.2218 | Correct: 117/128 | Elapsed Time: 25.09s
2026-01-20 20:35:26,790 | INFO | Batch 50 | Loss: 0.0780 | Correct: 126/128 | Elapsed Time: 25.03s
2026-01-20 20:35:51,826 | INFO | Batch 60 | Loss: 0.1016 | Correct: 123/128 | Elapsed Time: 25.04s
2026-01-20 20:36:16,834 | INFO | Batch 70 | Loss: 0.0550 | Correct: 125/128 | Elapsed Time: 25.01s
2026-01-20 20:36:41,836 | INFO | Batch 80 | Loss: 0.1385 | Correct: 122/128 | Elapsed Time: 25.00s
2026-01-20 20:37:06,852 | INFO | Batch 90 | Loss: 0.0774 | Correct: 124/128 | Elapsed Time: 25.02s
2026-01-20 20:37:31,954 | INFO | Batch 100 | Loss: 0.1316 | Correct: 120/128 | Elapsed Time: 25.10s
2026-01-20 20:37:56,932 | INFO | Batch 110 | Loss: 0.1115 | Correct: 123/128 | Elapsed Time: 24.98s
2026-01-20 20:38:21,918 | INFO | Batch 120 | Loss: 0.0685 | Correct: 127/128 | Elapsed Time: 24.99s
2026-01-20 20:38:46,936 | INFO | Batch 130 | Loss: 0.1836 | Correct: 117/128 | Elapsed Time: 25.02s
2026-01-20 20:39:11,900 | INFO | Batch 140 | Loss: 0.1668 | Correct: 119/128 | Elapsed Time: 24.96s
2026-01-20 20:39:36,865 | INFO | Batch 150 | Loss: 0.2065 | Correct: 120/128 | Elapsed Time: 24.97s
2026-01-20 20:40:01,808 | INFO | Batch 160 | Loss: 0.2328 | Correct: 116/128 | Elapsed Time: 24.94s
2026-01-20 20:40:26,834 | INFO | Batch 170 | Loss: 0.1587 | Correct: 120/128 | Elapsed Time: 25.03s
2026-01-20 20:40:51,844 | INFO | Batch 180 | Loss: 0.1659 | Correct: 121/128 | Elapsed Time: 25.01s
2026-01-20 20:41:16,832 | INFO | Batch 190 | Loss: 0.0709 | Correct: 125/128 | Elapsed Time: 24.99s
2026-01-20 20:41:41,827 | INFO | Batch 200 | Loss: 0.1145 | Correct: 121/128 | Elapsed Time: 24.99s
2026-01-20 20:42:06,815 | INFO | Batch 210 | Loss: 0.1084 | Correct: 121/128 | Elapsed Time: 24.99s
2026-01-20 20:42:31,774 | INFO | Batch 220 | Loss: 0.1057 | Correct: 122/128 | Elapsed Time: 24.96s
2026-01-20 20:42:56,750 | INFO | Batch 230 | Loss: 0.0948 | Correct: 125/128 | Elapsed Time: 24.98s
2026-01-20 20:43:21,838 | INFO | Batch 240 | Loss: 0.1100 | Correct: 119/128 | Elapsed Time: 25.09s
2026-01-20 20:43:46,780 | INFO | Batch 250 | Loss: 0.1294 | Correct: 122/128 | Elapsed Time: 24.94s
2026-01-20 20:44:11,766 | INFO | Batch 260 | Loss: 0.1656 | Correct: 120/128 | Elapsed Time: 24.99s
2026-01-20 20:44:36,696 | INFO | Batch 270 | Loss: 0.2212 | Correct: 120/128 | Elapsed Time: 24.93s
2026-01-20 20:45:01,711 | INFO | Batch 280 | Loss: 0.1486 | Correct: 122/128 | Elapsed Time: 25.02s
2026-01-20 20:45:26,705 | INFO | Batch 290 | Loss: 0.1122 | Correct: 123/128 | Elapsed Time: 24.99s
2026-01-20 20:45:51,815 | INFO | Batch 300 | Loss: 0.0960 | Correct: 123/128 | Elapsed Time: 25.11s
2026-01-20 20:46:16,811 | INFO | Batch 310 | Loss: 0.0772 | Correct: 124/128 | Elapsed Time: 25.00s
2026-01-20 20:46:41,799 | INFO | Batch 320 | Loss: 0.0718 | Correct: 125/128 | Elapsed Time: 24.99s
2026-01-20 20:47:06,823 | INFO | Batch 330 | Loss: 0.1892 | Correct: 120/128 | Elapsed Time: 25.02s
2026-01-20 20:47:31,865 | INFO | Batch 340 | Loss: 0.1233 | Correct: 122/128 | Elapsed Time: 25.04s
2026-01-20 20:47:56,865 | INFO | Batch 350 | Loss: 0.1528 | Correct: 121/128 | Elapsed Time: 25.00s
2026-01-20 20:48:21,893 | INFO | Batch 360 | Loss: 0.1523 | Correct: 121/128 | Elapsed Time: 25.03s
2026-01-20 20:48:47,002 | INFO | Batch 370 | Loss: 0.0922 | Correct: 123/128 | Elapsed Time: 25.11s
2026-01-20 20:49:11,990 | INFO | Batch 380 | Loss: 0.1165 | Correct: 123/128 | Elapsed Time: 24.99s
2026-01-20 20:49:36,959 | INFO | Batch 390 | Loss: 0.1234 | Correct: 124/128 | Elapsed Time: 24.97s
2026-01-20 20:49:38,658 | INFO | Epoch [83/100] - Loss: 0.1272 | Correct: 47690/50000 (95.38%, 977.05s)
2026-01-20 20:50:53,948 | INFO | Validation - Loss: 0.4742 | Correct: 8682/10000 (86.82%) (75.29s)
2026-01-20 20:51:19,010 | INFO | Batch 10 | Loss: 0.1459 | Correct: 118/128 | Elapsed Time: 25.06s
2026-01-20 20:51:44,018 | INFO | Batch 20 | Loss: 0.2181 | Correct: 120/128 | Elapsed Time: 25.01s
2026-01-20 20:52:09,011 | INFO | Batch 30 | Loss: 0.0936 | Correct: 126/128 | Elapsed Time: 24.99s
2026-01-20 20:52:34,061 | INFO | Batch 40 | Loss: 0.1420 | Correct: 122/128 | Elapsed Time: 25.05s
2026-01-20 20:52:59,014 | INFO | Batch 50 | Loss: 0.1915 | Correct: 118/128 | Elapsed Time: 24.95s
2026-01-20 20:53:24,029 | INFO | Batch 60 | Loss: 0.1870 | Correct: 119/128 | Elapsed Time: 25.01s
2026-01-20 20:53:49,062 | INFO | Batch 70 | Loss: 0.1752 | Correct: 120/128 | Elapsed Time: 25.03s
2026-01-20 20:54:14,118 | INFO | Batch 80 | Loss: 0.0827 | Correct: 126/128 | Elapsed Time: 25.06s
2026-01-20 20:54:39,121 | INFO | Batch 90 | Loss: 0.1444 | Correct: 123/128 | Elapsed Time: 25.00s
2026-01-20 20:55:04,253 | INFO | Batch 100 | Loss: 0.0945 | Correct: 123/128 | Elapsed Time: 25.13s
2026-01-20 20:55:29,289 | INFO | Batch 110 | Loss: 0.0882 | Correct: 125/128 | Elapsed Time: 25.04s
2026-01-20 20:55:54,312 | INFO | Batch 120 | Loss: 0.1566 | Correct: 119/128 | Elapsed Time: 25.02s
2026-01-20 20:56:19,292 | INFO | Batch 130 | Loss: 0.1047 | Correct: 123/128 | Elapsed Time: 24.98s
2026-01-20 20:56:44,261 | INFO | Batch 140 | Loss: 0.0906 | Correct: 124/128 | Elapsed Time: 24.97s
2026-01-20 20:57:09,274 | INFO | Batch 150 | Loss: 0.1948 | Correct: 120/128 | Elapsed Time: 25.01s
2026-01-20 20:57:34,282 | INFO | Batch 160 | Loss: 0.0966 | Correct: 123/128 | Elapsed Time: 25.01s
2026-01-20 20:57:59,382 | INFO | Batch 170 | Loss: 0.0888 | Correct: 124/128 | Elapsed Time: 25.10s
2026-01-20 20:58:24,371 | INFO | Batch 180 | Loss: 0.1100 | Correct: 125/128 | Elapsed Time: 24.99s
2026-01-20 20:58:49,382 | INFO | Batch 190 | Loss: 0.1511 | Correct: 121/128 | Elapsed Time: 25.01s
2026-01-20 20:59:14,399 | INFO | Batch 200 | Loss: 0.1575 | Correct: 122/128 | Elapsed Time: 25.02s
2026-01-20 20:59:39,394 | INFO | Batch 210 | Loss: 0.1420 | Correct: 124/128 | Elapsed Time: 25.00s
2026-01-20 21:00:04,398 | INFO | Batch 220 | Loss: 0.1243 | Correct: 120/128 | Elapsed Time: 25.00s
2026-01-20 21:00:29,435 | INFO | Batch 230 | Loss: 0.1171 | Correct: 122/128 | Elapsed Time: 25.04s
2026-01-20 21:00:54,431 | INFO | Batch 240 | Loss: 0.1072 | Correct: 122/128 | Elapsed Time: 25.00s
2026-01-20 21:01:19,460 | INFO | Batch 250 | Loss: 0.1816 | Correct: 121/128 | Elapsed Time: 25.03s
2026-01-20 21:01:44,449 | INFO | Batch 260 | Loss: 0.1264 | Correct: 122/128 | Elapsed Time: 24.99s
2026-01-20 21:02:09,421 | INFO | Batch 270 | Loss: 0.1847 | Correct: 119/128 | Elapsed Time: 24.97s
2026-01-20 21:02:34,412 | INFO | Batch 280 | Loss: 0.1727 | Correct: 120/128 | Elapsed Time: 24.99s
2026-01-20 21:02:59,401 | INFO | Batch 290 | Loss: 0.0924 | Correct: 124/128 | Elapsed Time: 24.99s
2026-01-20 21:03:24,494 | INFO | Batch 300 | Loss: 0.0940 | Correct: 122/128 | Elapsed Time: 25.09s
2026-01-20 21:03:49,447 | INFO | Batch 310 | Loss: 0.1188 | Correct: 121/128 | Elapsed Time: 24.95s
2026-01-20 21:04:14,456 | INFO | Batch 320 | Loss: 0.1334 | Correct: 122/128 | Elapsed Time: 25.01s
2026-01-20 21:04:39,453 | INFO | Batch 330 | Loss: 0.1518 | Correct: 121/128 | Elapsed Time: 25.00s
2026-01-20 21:05:04,440 | INFO | Batch 340 | Loss: 0.0953 | Correct: 123/128 | Elapsed Time: 24.99s
2026-01-20 21:05:29,403 | INFO | Batch 350 | Loss: 0.0854 | Correct: 125/128 | Elapsed Time: 24.96s
2026-01-20 21:05:54,411 | INFO | Batch 360 | Loss: 0.1390 | Correct: 121/128 | Elapsed Time: 25.01s
2026-01-20 21:06:19,542 | INFO | Batch 370 | Loss: 0.0908 | Correct: 124/128 | Elapsed Time: 25.13s
2026-01-20 21:06:44,554 | INFO | Batch 380 | Loss: 0.0863 | Correct: 124/128 | Elapsed Time: 25.01s
2026-01-20 21:07:09,523 | INFO | Batch 390 | Loss: 0.1506 | Correct: 123/128 | Elapsed Time: 24.97s
2026-01-20 21:07:11,210 | INFO | Epoch [84/100] - Loss: 0.1285 | Correct: 47698/50000 (95.40%, 977.26s)
2026-01-20 21:08:26,506 | INFO | Validation - Loss: 0.4757 | Correct: 8682/10000 (86.82%) (75.30s)
2026-01-20 21:08:51,532 | INFO | Batch 10 | Loss: 0.2141 | Correct: 120/128 | Elapsed Time: 25.02s
2026-01-20 21:09:16,563 | INFO | Batch 20 | Loss: 0.1451 | Correct: 122/128 | Elapsed Time: 25.03s
2026-01-20 21:09:41,546 | INFO | Batch 30 | Loss: 0.0410 | Correct: 127/128 | Elapsed Time: 24.98s
2026-01-20 21:10:06,607 | INFO | Batch 40 | Loss: 0.1809 | Correct: 120/128 | Elapsed Time: 25.06s
2026-01-20 21:10:31,584 | INFO | Batch 50 | Loss: 0.1714 | Correct: 120/128 | Elapsed Time: 24.98s
2026-01-20 21:10:56,575 | INFO | Batch 60 | Loss: 0.1842 | Correct: 120/128 | Elapsed Time: 24.99s
2026-01-20 21:11:21,605 | INFO | Batch 70 | Loss: 0.1322 | Correct: 122/128 | Elapsed Time: 25.03s
2026-01-20 21:11:46,643 | INFO | Batch 80 | Loss: 0.0848 | Correct: 125/128 | Elapsed Time: 25.04s
2026-01-20 21:12:11,670 | INFO | Batch 90 | Loss: 0.0795 | Correct: 124/128 | Elapsed Time: 25.03s
2026-01-20 21:12:36,688 | INFO | Batch 100 | Loss: 0.2176 | Correct: 117/128 | Elapsed Time: 25.02s
2026-01-20 21:13:01,813 | INFO | Batch 110 | Loss: 0.0683 | Correct: 122/128 | Elapsed Time: 25.12s
2026-01-20 21:13:26,785 | INFO | Batch 120 | Loss: 0.1106 | Correct: 122/128 | Elapsed Time: 24.97s
2026-01-20 21:13:51,774 | INFO | Batch 130 | Loss: 0.1409 | Correct: 122/128 | Elapsed Time: 24.99s
2026-01-20 21:14:16,768 | INFO | Batch 140 | Loss: 0.1180 | Correct: 123/128 | Elapsed Time: 24.99s
2026-01-20 21:14:41,727 | INFO | Batch 150 | Loss: 0.1336 | Correct: 124/128 | Elapsed Time: 24.96s
2026-01-20 21:15:06,692 | INFO | Batch 160 | Loss: 0.0711 | Correct: 126/128 | Elapsed Time: 24.96s
2026-01-20 21:15:31,810 | INFO | Batch 170 | Loss: 0.1568 | Correct: 121/128 | Elapsed Time: 25.12s
2026-01-20 21:15:56,797 | INFO | Batch 180 | Loss: 0.1883 | Correct: 121/128 | Elapsed Time: 24.99s
2026-01-20 21:16:21,792 | INFO | Batch 190 | Loss: 0.1048 | Correct: 125/128 | Elapsed Time: 25.00s
2026-01-20 21:16:46,803 | INFO | Batch 200 | Loss: 0.1553 | Correct: 120/128 | Elapsed Time: 25.01s
2026-01-20 21:17:11,795 | INFO | Batch 210 | Loss: 0.1501 | Correct: 122/128 | Elapsed Time: 24.99s
2026-01-20 21:17:36,799 | INFO | Batch 220 | Loss: 0.0993 | Correct: 124/128 | Elapsed Time: 25.00s
2026-01-20 21:18:01,841 | INFO | Batch 230 | Loss: 0.1245 | Correct: 124/128 | Elapsed Time: 25.04s
2026-01-20 21:18:26,886 | INFO | Batch 240 | Loss: 0.1880 | Correct: 120/128 | Elapsed Time: 25.04s
2026-01-20 21:18:51,858 | INFO | Batch 250 | Loss: 0.1238 | Correct: 123/128 | Elapsed Time: 24.97s
2026-01-20 21:19:16,834 | INFO | Batch 260 | Loss: 0.1368 | Correct: 122/128 | Elapsed Time: 24.98s
2026-01-20 21:19:41,808 | INFO | Batch 270 | Loss: 0.1107 | Correct: 121/128 | Elapsed Time: 24.97s
2026-01-20 21:20:06,748 | INFO | Batch 280 | Loss: 0.0866 | Correct: 125/128 | Elapsed Time: 24.94s
2026-01-20 21:20:31,682 | INFO | Batch 290 | Loss: 0.0987 | Correct: 123/128 | Elapsed Time: 24.93s
2026-01-20 21:20:56,789 | INFO | Batch 300 | Loss: 0.1100 | Correct: 123/128 | Elapsed Time: 25.11s
2026-01-20 21:21:21,783 | INFO | Batch 310 | Loss: 0.1560 | Correct: 121/128 | Elapsed Time: 24.99s
2026-01-20 21:21:46,730 | INFO | Batch 320 | Loss: 0.0797 | Correct: 123/128 | Elapsed Time: 24.95s
2026-01-20 21:22:11,695 | INFO | Batch 330 | Loss: 0.2154 | Correct: 119/128 | Elapsed Time: 24.97s
2026-01-20 21:22:36,705 | INFO | Batch 340 | Loss: 0.1085 | Correct: 122/128 | Elapsed Time: 25.01s
2026-01-20 21:23:01,679 | INFO | Batch 350 | Loss: 0.1295 | Correct: 119/128 | Elapsed Time: 24.97s
2026-01-20 21:23:26,673 | INFO | Batch 360 | Loss: 0.1169 | Correct: 123/128 | Elapsed Time: 24.99s
2026-01-20 21:23:51,865 | INFO | Batch 370 | Loss: 0.1761 | Correct: 123/128 | Elapsed Time: 25.19s
2026-01-20 21:24:16,938 | INFO | Batch 380 | Loss: 0.1223 | Correct: 122/128 | Elapsed Time: 25.07s
2026-01-20 21:24:41,999 | INFO | Batch 390 | Loss: 0.0931 | Correct: 124/128 | Elapsed Time: 25.06s
2026-01-20 21:24:43,721 | INFO | Epoch [85/100] - Loss: 0.1294 | Correct: 47704/50000 (95.41%, 977.21s)
2026-01-20 21:25:59,446 | INFO | Validation - Loss: 0.4740 | Correct: 8690/10000 (86.90%) (75.72s)
2026-01-20 21:26:24,484 | INFO | Batch 10 | Loss: 0.0902 | Correct: 124/128 | Elapsed Time: 25.03s
2026-01-20 21:26:49,445 | INFO | Batch 20 | Loss: 0.1338 | Correct: 125/128 | Elapsed Time: 24.96s
2026-01-20 21:27:14,442 | INFO | Batch 30 | Loss: 0.0485 | Correct: 126/128 | Elapsed Time: 25.00s
2026-01-20 21:27:39,514 | INFO | Batch 40 | Loss: 0.1114 | Correct: 122/128 | Elapsed Time: 25.07s
2026-01-20 21:28:04,495 | INFO | Batch 50 | Loss: 0.0827 | Correct: 125/128 | Elapsed Time: 24.98s
2026-01-20 21:28:29,454 | INFO | Batch 60 | Loss: 0.0975 | Correct: 123/128 | Elapsed Time: 24.96s
2026-01-20 21:28:54,419 | INFO | Batch 70 | Loss: 0.1390 | Correct: 121/128 | Elapsed Time: 24.96s
2026-01-20 21:29:19,398 | INFO | Batch 80 | Loss: 0.0800 | Correct: 125/128 | Elapsed Time: 24.98s
2026-01-20 21:29:44,370 | INFO | Batch 90 | Loss: 0.1842 | Correct: 121/128 | Elapsed Time: 24.97s
2026-01-20 21:30:09,319 | INFO | Batch 100 | Loss: 0.1372 | Correct: 122/128 | Elapsed Time: 24.95s
2026-01-20 21:30:34,395 | INFO | Batch 110 | Loss: 0.1225 | Correct: 120/128 | Elapsed Time: 25.08s
2026-01-20 21:30:59,353 | INFO | Batch 120 | Loss: 0.1938 | Correct: 120/128 | Elapsed Time: 24.96s
2026-01-20 21:31:24,304 | INFO | Batch 130 | Loss: 0.0985 | Correct: 122/128 | Elapsed Time: 24.95s
2026-01-20 21:31:49,262 | INFO | Batch 140 | Loss: 0.1334 | Correct: 118/128 | Elapsed Time: 24.96s
2026-01-20 21:32:14,270 | INFO | Batch 150 | Loss: 0.0686 | Correct: 125/128 | Elapsed Time: 25.01s
2026-01-20 21:32:39,264 | INFO | Batch 160 | Loss: 0.1357 | Correct: 124/128 | Elapsed Time: 24.99s
2026-01-20 21:33:04,310 | INFO | Batch 170 | Loss: 0.0820 | Correct: 125/128 | Elapsed Time: 25.05s
2026-01-20 21:33:29,280 | INFO | Batch 180 | Loss: 0.2103 | Correct: 118/128 | Elapsed Time: 24.97s
2026-01-20 21:33:54,269 | INFO | Batch 190 | Loss: 0.0671 | Correct: 126/128 | Elapsed Time: 24.99s
2026-01-20 21:34:19,261 | INFO | Batch 200 | Loss: 0.0861 | Correct: 124/128 | Elapsed Time: 24.99s
2026-01-20 21:34:44,216 | INFO | Batch 210 | Loss: 0.0417 | Correct: 127/128 | Elapsed Time: 24.96s
2026-01-20 21:35:09,206 | INFO | Batch 220 | Loss: 0.1983 | Correct: 121/128 | Elapsed Time: 24.99s
2026-01-20 21:35:34,161 | INFO | Batch 230 | Loss: 0.1347 | Correct: 124/128 | Elapsed Time: 24.96s
2026-01-20 21:35:59,209 | INFO | Batch 240 | Loss: 0.1249 | Correct: 123/128 | Elapsed Time: 25.05s
2026-01-20 21:36:24,231 | INFO | Batch 250 | Loss: 0.1702 | Correct: 122/128 | Elapsed Time: 25.02s
2026-01-20 21:36:49,260 | INFO | Batch 260 | Loss: 0.1211 | Correct: 124/128 | Elapsed Time: 25.03s
2026-01-20 21:37:14,249 | INFO | Batch 270 | Loss: 0.0931 | Correct: 124/128 | Elapsed Time: 24.99s
2026-01-20 21:37:39,236 | INFO | Batch 280 | Loss: 0.1126 | Correct: 121/128 | Elapsed Time: 24.99s
2026-01-20 21:38:04,212 | INFO | Batch 290 | Loss: 0.1636 | Correct: 121/128 | Elapsed Time: 24.98s
2026-01-20 21:38:29,208 | INFO | Batch 300 | Loss: 0.1169 | Correct: 118/128 | Elapsed Time: 25.00s
2026-01-20 21:38:54,316 | INFO | Batch 310 | Loss: 0.1343 | Correct: 121/128 | Elapsed Time: 25.11s
2026-01-20 21:39:19,345 | INFO | Batch 320 | Loss: 0.1615 | Correct: 122/128 | Elapsed Time: 25.03s
2026-01-20 21:39:44,297 | INFO | Batch 330 | Loss: 0.1375 | Correct: 123/128 | Elapsed Time: 24.95s
2026-01-20 21:40:09,215 | INFO | Batch 340 | Loss: 0.1228 | Correct: 118/128 | Elapsed Time: 24.92s
2026-01-20 21:40:34,164 | INFO | Batch 350 | Loss: 0.1722 | Correct: 119/128 | Elapsed Time: 24.95s
2026-01-20 21:40:59,171 | INFO | Batch 360 | Loss: 0.0986 | Correct: 124/128 | Elapsed Time: 25.01s
2026-01-20 21:41:24,306 | INFO | Batch 370 | Loss: 0.0647 | Correct: 126/128 | Elapsed Time: 25.13s
2026-01-20 21:41:49,321 | INFO | Batch 380 | Loss: 0.1001 | Correct: 123/128 | Elapsed Time: 25.02s
2026-01-20 21:42:14,332 | INFO | Batch 390 | Loss: 0.1069 | Correct: 123/128 | Elapsed Time: 25.01s
2026-01-20 21:42:16,018 | INFO | Epoch [86/100] - Loss: 0.1258 | Correct: 47763/50000 (95.53%, 976.57s)
2026-01-20 21:43:31,327 | INFO | Validation - Loss: 0.4706 | Correct: 8693/10000 (86.93%) (75.31s)
2026-01-20 21:43:56,365 | INFO | Batch 10 | Loss: 0.1117 | Correct: 124/128 | Elapsed Time: 25.04s
2026-01-20 21:44:21,421 | INFO | Batch 20 | Loss: 0.0597 | Correct: 125/128 | Elapsed Time: 25.06s
2026-01-20 21:44:46,463 | INFO | Batch 30 | Loss: 0.0589 | Correct: 124/128 | Elapsed Time: 25.04s
2026-01-20 21:45:11,535 | INFO | Batch 40 | Loss: 0.1177 | Correct: 123/128 | Elapsed Time: 25.07s
2026-01-20 21:45:36,576 | INFO | Batch 50 | Loss: 0.1274 | Correct: 121/128 | Elapsed Time: 25.04s
2026-01-20 21:46:01,561 | INFO | Batch 60 | Loss: 0.1415 | Correct: 123/128 | Elapsed Time: 24.98s
2026-01-20 21:46:26,541 | INFO | Batch 70 | Loss: 0.0667 | Correct: 124/128 | Elapsed Time: 24.98s
2026-01-20 21:46:51,591 | INFO | Batch 80 | Loss: 0.2597 | Correct: 118/128 | Elapsed Time: 25.05s
2026-01-20 21:47:16,606 | INFO | Batch 90 | Loss: 0.1614 | Correct: 119/128 | Elapsed Time: 25.01s
2026-01-20 21:47:41,780 | INFO | Batch 100 | Loss: 0.0638 | Correct: 126/128 | Elapsed Time: 25.17s
2026-01-20 21:48:06,739 | INFO | Batch 110 | Loss: 0.1353 | Correct: 121/128 | Elapsed Time: 24.96s
2026-01-20 21:48:31,761 | INFO | Batch 120 | Loss: 0.0917 | Correct: 125/128 | Elapsed Time: 25.02s
2026-01-20 21:48:56,815 | INFO | Batch 130 | Loss: 0.0849 | Correct: 126/128 | Elapsed Time: 25.05s
2026-01-20 21:49:21,885 | INFO | Batch 140 | Loss: 0.1056 | Correct: 123/128 | Elapsed Time: 25.07s
2026-01-20 21:49:46,936 | INFO | Batch 150 | Loss: 0.1369 | Correct: 123/128 | Elapsed Time: 25.05s
2026-01-20 21:50:11,950 | INFO | Batch 160 | Loss: 0.0646 | Correct: 128/128 | Elapsed Time: 25.01s
2026-01-20 21:50:37,051 | INFO | Batch 170 | Loss: 0.1664 | Correct: 120/128 | Elapsed Time: 25.10s
2026-01-20 21:51:02,023 | INFO | Batch 180 | Loss: 0.1671 | Correct: 119/128 | Elapsed Time: 24.97s
2026-01-20 21:51:26,998 | INFO | Batch 190 | Loss: 0.1474 | Correct: 121/128 | Elapsed Time: 24.97s
2026-01-20 21:51:51,968 | INFO | Batch 200 | Loss: 0.1386 | Correct: 121/128 | Elapsed Time: 24.97s
2026-01-20 21:52:16,909 | INFO | Batch 210 | Loss: 0.1107 | Correct: 123/128 | Elapsed Time: 24.94s
2026-01-20 21:52:41,855 | INFO | Batch 220 | Loss: 0.1589 | Correct: 122/128 | Elapsed Time: 24.95s
2026-01-20 21:53:06,827 | INFO | Batch 230 | Loss: 0.0760 | Correct: 126/128 | Elapsed Time: 24.97s
2026-01-20 21:53:31,907 | INFO | Batch 240 | Loss: 0.1360 | Correct: 121/128 | Elapsed Time: 25.08s
2026-01-20 21:53:56,891 | INFO | Batch 250 | Loss: 0.1576 | Correct: 122/128 | Elapsed Time: 24.98s
2026-01-20 21:54:21,904 | INFO | Batch 260 | Loss: 0.0964 | Correct: 124/128 | Elapsed Time: 25.01s
2026-01-20 21:54:46,940 | INFO | Batch 270 | Loss: 0.1524 | Correct: 120/128 | Elapsed Time: 25.04s
2026-01-20 21:55:11,969 | INFO | Batch 280 | Loss: 0.1170 | Correct: 124/128 | Elapsed Time: 25.03s
2026-01-20 21:55:36,946 | INFO | Batch 290 | Loss: 0.1456 | Correct: 122/128 | Elapsed Time: 24.98s
2026-01-20 21:56:02,012 | INFO | Batch 300 | Loss: 0.1843 | Correct: 115/128 | Elapsed Time: 25.07s
2026-01-20 21:56:27,041 | INFO | Batch 310 | Loss: 0.1372 | Correct: 122/128 | Elapsed Time: 25.03s
2026-01-20 21:56:52,030 | INFO | Batch 320 | Loss: 0.1103 | Correct: 123/128 | Elapsed Time: 24.99s
2026-01-20 21:57:17,036 | INFO | Batch 330 | Loss: 0.1033 | Correct: 123/128 | Elapsed Time: 25.01s
2026-01-20 21:57:42,079 | INFO | Batch 340 | Loss: 0.1183 | Correct: 123/128 | Elapsed Time: 25.04s
2026-01-20 21:58:07,100 | INFO | Batch 350 | Loss: 0.2140 | Correct: 119/128 | Elapsed Time: 25.02s
2026-01-20 21:58:32,141 | INFO | Batch 360 | Loss: 0.1391 | Correct: 121/128 | Elapsed Time: 25.04s
2026-01-20 21:58:57,238 | INFO | Batch 370 | Loss: 0.1866 | Correct: 119/128 | Elapsed Time: 25.10s
2026-01-20 21:59:22,275 | INFO | Batch 380 | Loss: 0.1572 | Correct: 120/128 | Elapsed Time: 25.04s
2026-01-20 21:59:47,283 | INFO | Batch 390 | Loss: 0.1513 | Correct: 119/128 | Elapsed Time: 25.01s
2026-01-20 21:59:49,011 | INFO | Epoch [87/100] - Loss: 0.1261 | Correct: 47679/50000 (95.36%, 977.68s)
2026-01-20 22:01:04,569 | INFO | Validation - Loss: 0.4705 | Correct: 8691/10000 (86.91%) (75.56s)
2026-01-20 22:01:29,598 | INFO | Batch 10 | Loss: 0.1693 | Correct: 120/128 | Elapsed Time: 25.03s
2026-01-20 22:01:54,634 | INFO | Batch 20 | Loss: 0.1193 | Correct: 122/128 | Elapsed Time: 25.04s
2026-01-20 22:02:19,688 | INFO | Batch 30 | Loss: 0.1277 | Correct: 121/128 | Elapsed Time: 25.05s
2026-01-20 22:02:44,634 | INFO | Batch 40 | Loss: 0.1400 | Correct: 119/128 | Elapsed Time: 24.95s
2026-01-20 22:03:09,572 | INFO | Batch 50 | Loss: 0.0650 | Correct: 125/128 | Elapsed Time: 24.94s
2026-01-20 22:03:34,542 | INFO | Batch 60 | Loss: 0.1868 | Correct: 123/128 | Elapsed Time: 24.97s
2026-01-20 22:03:59,479 | INFO | Batch 70 | Loss: 0.1285 | Correct: 120/128 | Elapsed Time: 24.94s
2026-01-20 22:04:24,444 | INFO | Batch 80 | Loss: 0.1009 | Correct: 125/128 | Elapsed Time: 24.96s
2026-01-20 22:04:49,440 | INFO | Batch 90 | Loss: 0.1239 | Correct: 124/128 | Elapsed Time: 25.00s
2026-01-20 22:05:14,490 | INFO | Batch 100 | Loss: 0.1537 | Correct: 121/128 | Elapsed Time: 25.05s
2026-01-20 22:05:39,443 | INFO | Batch 110 | Loss: 0.1921 | Correct: 120/128 | Elapsed Time: 24.95s
2026-01-20 22:06:04,435 | INFO | Batch 120 | Loss: 0.2082 | Correct: 118/128 | Elapsed Time: 24.99s
2026-01-20 22:06:29,428 | INFO | Batch 130 | Loss: 0.1026 | Correct: 123/128 | Elapsed Time: 24.99s
2026-01-20 22:06:54,400 | INFO | Batch 140 | Loss: 0.1421 | Correct: 120/128 | Elapsed Time: 24.97s
2026-01-20 22:07:19,358 | INFO | Batch 150 | Loss: 0.0939 | Correct: 123/128 | Elapsed Time: 24.96s
2026-01-20 22:07:44,472 | INFO | Batch 160 | Loss: 0.0734 | Correct: 126/128 | Elapsed Time: 25.11s
2026-01-20 22:08:09,504 | INFO | Batch 170 | Loss: 0.1767 | Correct: 121/128 | Elapsed Time: 25.03s
2026-01-20 22:08:34,508 | INFO | Batch 180 | Loss: 0.0674 | Correct: 127/128 | Elapsed Time: 25.00s
2026-01-20 22:08:59,486 | INFO | Batch 190 | Loss: 0.1406 | Correct: 124/128 | Elapsed Time: 24.98s
2026-01-20 22:09:24,445 | INFO | Batch 200 | Loss: 0.1360 | Correct: 119/128 | Elapsed Time: 24.96s
2026-01-20 22:09:49,364 | INFO | Batch 210 | Loss: 0.1104 | Correct: 125/128 | Elapsed Time: 24.92s
2026-01-20 22:10:14,362 | INFO | Batch 220 | Loss: 0.1356 | Correct: 120/128 | Elapsed Time: 25.00s
2026-01-20 22:10:39,475 | INFO | Batch 230 | Loss: 0.1282 | Correct: 122/128 | Elapsed Time: 25.11s
2026-01-20 22:11:04,458 | INFO | Batch 240 | Loss: 0.1093 | Correct: 122/128 | Elapsed Time: 24.98s
2026-01-20 22:11:29,439 | INFO | Batch 250 | Loss: 0.2845 | Correct: 120/128 | Elapsed Time: 24.98s
2026-01-20 22:11:54,402 | INFO | Batch 260 | Loss: 0.1170 | Correct: 121/128 | Elapsed Time: 24.96s
2026-01-20 22:12:19,378 | INFO | Batch 270 | Loss: 0.2054 | Correct: 118/128 | Elapsed Time: 24.98s
2026-01-20 22:12:44,388 | INFO | Batch 280 | Loss: 0.0880 | Correct: 125/128 | Elapsed Time: 25.01s
2026-01-20 22:13:09,444 | INFO | Batch 290 | Loss: 0.1163 | Correct: 120/128 | Elapsed Time: 25.06s
2026-01-20 22:13:34,452 | INFO | Batch 300 | Loss: 0.1154 | Correct: 123/128 | Elapsed Time: 25.01s
2026-01-20 22:13:59,450 | INFO | Batch 310 | Loss: 0.0933 | Correct: 125/128 | Elapsed Time: 25.00s
2026-01-20 22:14:24,429 | INFO | Batch 320 | Loss: 0.1053 | Correct: 125/128 | Elapsed Time: 24.98s
2026-01-20 22:14:49,402 | INFO | Batch 330 | Loss: 0.1287 | Correct: 121/128 | Elapsed Time: 24.97s
2026-01-20 22:15:14,387 | INFO | Batch 340 | Loss: 0.0810 | Correct: 124/128 | Elapsed Time: 24.98s
2026-01-20 22:15:39,361 | INFO | Batch 350 | Loss: 0.1666 | Correct: 123/128 | Elapsed Time: 24.97s
2026-01-20 22:16:04,400 | INFO | Batch 360 | Loss: 0.1985 | Correct: 118/128 | Elapsed Time: 25.04s
2026-01-20 22:16:29,333 | INFO | Batch 370 | Loss: 0.1083 | Correct: 124/128 | Elapsed Time: 24.93s
2026-01-20 22:16:54,331 | INFO | Batch 380 | Loss: 0.1716 | Correct: 120/128 | Elapsed Time: 25.00s
2026-01-20 22:17:19,345 | INFO | Batch 390 | Loss: 0.0688 | Correct: 125/128 | Elapsed Time: 25.01s
2026-01-20 22:17:21,029 | INFO | Epoch [88/100] - Loss: 0.1268 | Correct: 47784/50000 (95.57%, 976.46s)
2026-01-20 22:18:36,353 | INFO | Validation - Loss: 0.4718 | Correct: 8712/10000 (87.12%) (75.32s)
2026-01-20 22:18:36,543 | INFO | New best model saved at epoch 88 with Top1 Acc: 87.12%
2026-01-20 22:19:01,580 | INFO | Batch 10 | Loss: 0.0736 | Correct: 123/128 | Elapsed Time: 25.04s
2026-01-20 22:19:26,669 | INFO | Batch 20 | Loss: 0.0651 | Correct: 127/128 | Elapsed Time: 25.09s
2026-01-20 22:19:51,660 | INFO | Batch 30 | Loss: 0.1228 | Correct: 120/128 | Elapsed Time: 24.99s
2026-01-20 22:20:16,686 | INFO | Batch 40 | Loss: 0.1262 | Correct: 122/128 | Elapsed Time: 25.03s
2026-01-20 22:20:41,720 | INFO | Batch 50 | Loss: 0.1639 | Correct: 121/128 | Elapsed Time: 25.03s
2026-01-20 22:21:06,726 | INFO | Batch 60 | Loss: 0.1131 | Correct: 121/128 | Elapsed Time: 25.01s
2026-01-20 22:21:31,734 | INFO | Batch 70 | Loss: 0.1868 | Correct: 119/128 | Elapsed Time: 25.01s
2026-01-20 22:21:56,732 | INFO | Batch 80 | Loss: 0.1367 | Correct: 125/128 | Elapsed Time: 25.00s
2026-01-20 22:22:21,796 | INFO | Batch 90 | Loss: 0.0947 | Correct: 123/128 | Elapsed Time: 25.06s
2026-01-20 22:22:46,784 | INFO | Batch 100 | Loss: 0.1440 | Correct: 122/128 | Elapsed Time: 24.99s
2026-01-20 22:23:11,771 | INFO | Batch 110 | Loss: 0.0947 | Correct: 125/128 | Elapsed Time: 24.99s
2026-01-20 22:23:36,742 | INFO | Batch 120 | Loss: 0.1109 | Correct: 124/128 | Elapsed Time: 24.97s
2026-01-20 22:24:01,697 | INFO | Batch 130 | Loss: 0.1140 | Correct: 123/128 | Elapsed Time: 24.96s
2026-01-20 22:24:26,707 | INFO | Batch 140 | Loss: 0.2097 | Correct: 120/128 | Elapsed Time: 25.01s
2026-01-20 22:24:51,782 | INFO | Batch 150 | Loss: 0.0953 | Correct: 125/128 | Elapsed Time: 25.08s
2026-01-20 22:25:16,762 | INFO | Batch 160 | Loss: 0.1182 | Correct: 121/128 | Elapsed Time: 24.98s
2026-01-20 22:25:41,741 | INFO | Batch 170 | Loss: 0.1197 | Correct: 123/128 | Elapsed Time: 24.98s
2026-01-20 22:26:06,703 | INFO | Batch 180 | Loss: 0.1577 | Correct: 121/128 | Elapsed Time: 24.96s
2026-01-20 22:26:31,726 | INFO | Batch 190 | Loss: 0.0907 | Correct: 124/128 | Elapsed Time: 25.02s
2026-01-20 22:26:56,694 | INFO | Batch 200 | Loss: 0.1134 | Correct: 123/128 | Elapsed Time: 24.97s
2026-01-20 22:27:21,694 | INFO | Batch 210 | Loss: 0.0647 | Correct: 126/128 | Elapsed Time: 25.00s
2026-01-20 22:27:46,778 | INFO | Batch 220 | Loss: 0.0935 | Correct: 126/128 | Elapsed Time: 25.08s
2026-01-20 22:28:11,720 | INFO | Batch 230 | Loss: 0.0712 | Correct: 125/128 | Elapsed Time: 24.94s
2026-01-20 22:28:36,703 | INFO | Batch 240 | Loss: 0.0879 | Correct: 123/128 | Elapsed Time: 24.98s
2026-01-20 22:29:01,769 | INFO | Batch 250 | Loss: 0.1313 | Correct: 121/128 | Elapsed Time: 25.07s
2026-01-20 22:29:26,833 | INFO | Batch 260 | Loss: 0.1168 | Correct: 124/128 | Elapsed Time: 25.06s
2026-01-20 22:29:51,840 | INFO | Batch 270 | Loss: 0.0612 | Correct: 126/128 | Elapsed Time: 25.01s
2026-01-20 22:30:16,927 | INFO | Batch 280 | Loss: 0.1407 | Correct: 121/128 | Elapsed Time: 25.09s
2026-01-20 22:30:41,916 | INFO | Batch 290 | Loss: 0.1419 | Correct: 123/128 | Elapsed Time: 24.99s
2026-01-20 22:31:06,920 | INFO | Batch 300 | Loss: 0.1151 | Correct: 120/128 | Elapsed Time: 25.00s
2026-01-20 22:31:31,955 | INFO | Batch 310 | Loss: 0.1810 | Correct: 121/128 | Elapsed Time: 25.04s
2026-01-20 22:31:56,929 | INFO | Batch 320 | Loss: 0.1407 | Correct: 120/128 | Elapsed Time: 24.97s
2026-01-20 22:32:21,933 | INFO | Batch 330 | Loss: 0.1423 | Correct: 124/128 | Elapsed Time: 25.00s
2026-01-20 22:32:46,925 | INFO | Batch 340 | Loss: 0.1237 | Correct: 122/128 | Elapsed Time: 24.99s
2026-01-20 22:33:11,979 | INFO | Batch 350 | Loss: 0.0951 | Correct: 125/128 | Elapsed Time: 25.05s
2026-01-20 22:33:36,971 | INFO | Batch 360 | Loss: 0.0889 | Correct: 124/128 | Elapsed Time: 24.99s
2026-01-20 22:34:01,968 | INFO | Batch 370 | Loss: 0.0513 | Correct: 126/128 | Elapsed Time: 25.00s
2026-01-20 22:34:26,938 | INFO | Batch 380 | Loss: 0.1424 | Correct: 121/128 | Elapsed Time: 24.97s
2026-01-20 22:34:51,927 | INFO | Batch 390 | Loss: 0.1609 | Correct: 118/128 | Elapsed Time: 24.99s
2026-01-20 22:34:53,635 | INFO | Epoch [89/100] - Loss: 0.1251 | Correct: 47787/50000 (95.57%, 977.09s)
2026-01-20 22:36:09,075 | INFO | Validation - Loss: 0.4737 | Correct: 8685/10000 (86.85%) (75.44s)
2026-01-20 22:36:34,100 | INFO | Batch 10 | Loss: 0.1745 | Correct: 121/128 | Elapsed Time: 25.02s
2026-01-20 22:36:59,247 | INFO | Batch 20 | Loss: 0.0775 | Correct: 124/128 | Elapsed Time: 25.15s
2026-01-20 22:37:24,237 | INFO | Batch 30 | Loss: 0.1848 | Correct: 121/128 | Elapsed Time: 24.99s
2026-01-20 22:37:49,237 | INFO | Batch 40 | Loss: 0.1143 | Correct: 124/128 | Elapsed Time: 25.00s
2026-01-20 22:38:14,218 | INFO | Batch 50 | Loss: 0.0905 | Correct: 123/128 | Elapsed Time: 24.98s
2026-01-20 22:38:39,210 | INFO | Batch 60 | Loss: 0.1213 | Correct: 123/128 | Elapsed Time: 24.99s
2026-01-20 22:39:04,231 | INFO | Batch 70 | Loss: 0.0860 | Correct: 124/128 | Elapsed Time: 25.02s
2026-01-20 22:39:29,237 | INFO | Batch 80 | Loss: 0.1042 | Correct: 123/128 | Elapsed Time: 25.01s
2026-01-20 22:39:54,327 | INFO | Batch 90 | Loss: 0.1574 | Correct: 120/128 | Elapsed Time: 25.09s
2026-01-20 22:40:19,298 | INFO | Batch 100 | Loss: 0.1237 | Correct: 124/128 | Elapsed Time: 24.97s
2026-01-20 22:40:44,272 | INFO | Batch 110 | Loss: 0.1304 | Correct: 122/128 | Elapsed Time: 24.97s
2026-01-20 22:41:09,284 | INFO | Batch 120 | Loss: 0.0512 | Correct: 126/128 | Elapsed Time: 25.01s
2026-01-20 22:41:34,313 | INFO | Batch 130 | Loss: 0.1335 | Correct: 121/128 | Elapsed Time: 25.03s
2026-01-20 22:41:59,349 | INFO | Batch 140 | Loss: 0.1291 | Correct: 121/128 | Elapsed Time: 25.04s
2026-01-20 22:42:24,426 | INFO | Batch 150 | Loss: 0.1626 | Correct: 122/128 | Elapsed Time: 25.08s
2026-01-20 22:42:49,506 | INFO | Batch 160 | Loss: 0.1040 | Correct: 125/128 | Elapsed Time: 25.08s
2026-01-20 22:43:14,546 | INFO | Batch 170 | Loss: 0.1150 | Correct: 124/128 | Elapsed Time: 25.04s
2026-01-20 22:43:39,504 | INFO | Batch 180 | Loss: 0.1073 | Correct: 123/128 | Elapsed Time: 24.96s
2026-01-20 22:44:04,503 | INFO | Batch 190 | Loss: 0.1373 | Correct: 124/128 | Elapsed Time: 25.00s
2026-01-20 22:44:29,465 | INFO | Batch 200 | Loss: 0.1351 | Correct: 120/128 | Elapsed Time: 24.96s
2026-01-20 22:44:54,440 | INFO | Batch 210 | Loss: 0.0912 | Correct: 125/128 | Elapsed Time: 24.97s
2026-01-20 22:45:19,492 | INFO | Batch 220 | Loss: 0.1201 | Correct: 121/128 | Elapsed Time: 25.05s
2026-01-20 22:45:44,444 | INFO | Batch 230 | Loss: 0.0843 | Correct: 123/128 | Elapsed Time: 24.95s
2026-01-20 22:46:09,450 | INFO | Batch 240 | Loss: 0.1805 | Correct: 121/128 | Elapsed Time: 25.01s
2026-01-20 22:46:34,442 | INFO | Batch 250 | Loss: 0.0696 | Correct: 125/128 | Elapsed Time: 24.99s
2026-01-20 22:46:59,452 | INFO | Batch 260 | Loss: 0.1901 | Correct: 122/128 | Elapsed Time: 25.01s
2026-01-20 22:47:24,468 | INFO | Batch 270 | Loss: 0.1414 | Correct: 124/128 | Elapsed Time: 25.02s
2026-01-20 22:47:49,468 | INFO | Batch 280 | Loss: 0.0932 | Correct: 124/128 | Elapsed Time: 25.00s
2026-01-20 22:48:14,596 | INFO | Batch 290 | Loss: 0.0866 | Correct: 126/128 | Elapsed Time: 25.13s
2026-01-20 22:48:39,604 | INFO | Batch 300 | Loss: 0.1077 | Correct: 126/128 | Elapsed Time: 25.01s
2026-01-20 22:49:04,595 | INFO | Batch 310 | Loss: 0.0869 | Correct: 125/128 | Elapsed Time: 24.99s
2026-01-20 22:49:29,616 | INFO | Batch 320 | Loss: 0.1045 | Correct: 123/128 | Elapsed Time: 25.02s
2026-01-20 22:49:54,596 | INFO | Batch 330 | Loss: 0.1079 | Correct: 125/128 | Elapsed Time: 24.98s
2026-01-20 22:50:19,586 | INFO | Batch 340 | Loss: 0.1572 | Correct: 121/128 | Elapsed Time: 24.99s
2026-01-20 22:50:44,649 | INFO | Batch 350 | Loss: 0.0907 | Correct: 124/128 | Elapsed Time: 25.06s
2026-01-20 22:51:09,664 | INFO | Batch 360 | Loss: 0.1131 | Correct: 123/128 | Elapsed Time: 25.01s
2026-01-20 22:51:34,688 | INFO | Batch 370 | Loss: 0.1329 | Correct: 122/128 | Elapsed Time: 25.02s
2026-01-20 22:51:59,677 | INFO | Batch 380 | Loss: 0.1301 | Correct: 121/128 | Elapsed Time: 24.99s
2026-01-20 22:52:24,687 | INFO | Batch 390 | Loss: 0.1155 | Correct: 123/128 | Elapsed Time: 25.01s
2026-01-20 22:52:26,376 | INFO | Epoch [90/100] - Loss: 0.1258 | Correct: 47795/50000 (95.59%, 977.30s)
2026-01-20 22:53:41,804 | INFO | Validation - Loss: 0.4733 | Correct: 8705/10000 (87.05%) (75.43s)
2026-01-20 22:54:06,819 | INFO | Batch 10 | Loss: 0.1417 | Correct: 123/128 | Elapsed Time: 25.01s
2026-01-20 22:54:31,953 | INFO | Batch 20 | Loss: 0.1875 | Correct: 120/128 | Elapsed Time: 25.13s
2026-01-20 22:54:56,946 | INFO | Batch 30 | Loss: 0.1121 | Correct: 124/128 | Elapsed Time: 24.99s
2026-01-20 22:55:21,961 | INFO | Batch 40 | Loss: 0.1872 | Correct: 121/128 | Elapsed Time: 25.01s
2026-01-20 22:55:46,982 | INFO | Batch 50 | Loss: 0.0809 | Correct: 123/128 | Elapsed Time: 25.02s
2026-01-20 22:56:12,003 | INFO | Batch 60 | Loss: 0.1577 | Correct: 122/128 | Elapsed Time: 25.02s
2026-01-20 22:56:36,987 | INFO | Batch 70 | Loss: 0.0730 | Correct: 124/128 | Elapsed Time: 24.98s
2026-01-20 22:57:02,091 | INFO | Batch 80 | Loss: 0.1250 | Correct: 122/128 | Elapsed Time: 25.10s
2026-01-20 22:57:27,096 | INFO | Batch 90 | Loss: 0.1044 | Correct: 122/128 | Elapsed Time: 25.01s
2026-01-20 22:57:52,111 | INFO | Batch 100 | Loss: 0.0999 | Correct: 124/128 | Elapsed Time: 25.01s
2026-01-20 22:58:17,117 | INFO | Batch 110 | Loss: 0.1075 | Correct: 125/128 | Elapsed Time: 25.01s
2026-01-20 22:58:42,120 | INFO | Batch 120 | Loss: 0.1434 | Correct: 123/128 | Elapsed Time: 25.00s
2026-01-20 22:59:07,124 | INFO | Batch 130 | Loss: 0.1505 | Correct: 120/128 | Elapsed Time: 25.00s
2026-01-20 22:59:32,114 | INFO | Batch 140 | Loss: 0.1468 | Correct: 120/128 | Elapsed Time: 24.99s
2026-01-20 22:59:57,173 | INFO | Batch 150 | Loss: 0.1655 | Correct: 122/128 | Elapsed Time: 25.06s
2026-01-20 23:00:22,102 | INFO | Batch 160 | Loss: 0.1329 | Correct: 120/128 | Elapsed Time: 24.93s
2026-01-20 23:00:47,078 | INFO | Batch 170 | Loss: 0.1668 | Correct: 119/128 | Elapsed Time: 24.98s
2026-01-20 23:01:12,036 | INFO | Batch 180 | Loss: 0.1855 | Correct: 120/128 | Elapsed Time: 24.96s
2026-01-20 23:01:37,015 | INFO | Batch 190 | Loss: 0.1176 | Correct: 122/128 | Elapsed Time: 24.98s
2026-01-20 23:02:02,006 | INFO | Batch 200 | Loss: 0.1038 | Correct: 123/128 | Elapsed Time: 24.99s
2026-01-20 23:02:27,017 | INFO | Batch 210 | Loss: 0.1274 | Correct: 123/128 | Elapsed Time: 25.01s
2026-01-20 23:02:52,126 | INFO | Batch 220 | Loss: 0.1398 | Correct: 121/128 | Elapsed Time: 25.11s
2026-01-20 23:03:17,102 | INFO | Batch 230 | Loss: 0.1668 | Correct: 120/128 | Elapsed Time: 24.98s
2026-01-20 23:03:42,099 | INFO | Batch 240 | Loss: 0.1194 | Correct: 124/128 | Elapsed Time: 25.00s
2026-01-20 23:04:07,063 | INFO | Batch 250 | Loss: 0.2075 | Correct: 115/128 | Elapsed Time: 24.96s
2026-01-20 23:04:31,999 | INFO | Batch 260 | Loss: 0.1233 | Correct: 120/128 | Elapsed Time: 24.94s
2026-01-20 23:04:56,970 | INFO | Batch 270 | Loss: 0.1535 | Correct: 121/128 | Elapsed Time: 24.97s
2026-01-20 23:05:21,999 | INFO | Batch 280 | Loss: 0.2407 | Correct: 119/128 | Elapsed Time: 25.03s
2026-01-20 23:05:46,951 | INFO | Batch 290 | Loss: 0.0953 | Correct: 125/128 | Elapsed Time: 24.95s
2026-01-20 23:06:11,907 | INFO | Batch 300 | Loss: 0.0548 | Correct: 126/128 | Elapsed Time: 24.96s
2026-01-20 23:06:36,881 | INFO | Batch 310 | Loss: 0.1864 | Correct: 124/128 | Elapsed Time: 24.97s
2026-01-20 23:07:01,849 | INFO | Batch 320 | Loss: 0.0910 | Correct: 122/128 | Elapsed Time: 24.97s
2026-01-20 23:07:26,808 | INFO | Batch 330 | Loss: 0.1637 | Correct: 120/128 | Elapsed Time: 24.96s
2026-01-20 23:07:51,777 | INFO | Batch 340 | Loss: 0.0929 | Correct: 124/128 | Elapsed Time: 24.97s
2026-01-20 23:08:16,878 | INFO | Batch 350 | Loss: 0.2379 | Correct: 115/128 | Elapsed Time: 25.10s
2026-01-20 23:08:41,858 | INFO | Batch 360 | Loss: 0.1098 | Correct: 122/128 | Elapsed Time: 24.98s
2026-01-20 23:09:06,775 | INFO | Batch 370 | Loss: 0.1847 | Correct: 117/128 | Elapsed Time: 24.92s
2026-01-20 23:09:31,759 | INFO | Batch 380 | Loss: 0.1290 | Correct: 121/128 | Elapsed Time: 24.98s
2026-01-20 23:09:56,768 | INFO | Batch 390 | Loss: 0.1040 | Correct: 124/128 | Elapsed Time: 25.01s
2026-01-20 23:09:58,441 | INFO | Epoch [91/100] - Loss: 0.1269 | Correct: 47747/50000 (95.49%, 976.63s)
2026-01-20 23:11:13,845 | INFO | Validation - Loss: 0.4741 | Correct: 8684/10000 (86.84%) (75.40s)
2026-01-20 23:11:38,867 | INFO | Batch 10 | Loss: 0.1363 | Correct: 122/128 | Elapsed Time: 25.02s
2026-01-20 23:12:04,013 | INFO | Batch 20 | Loss: 0.0681 | Correct: 125/128 | Elapsed Time: 25.15s
2026-01-20 23:12:29,028 | INFO | Batch 30 | Loss: 0.1044 | Correct: 125/128 | Elapsed Time: 25.02s
2026-01-20 23:12:54,007 | INFO | Batch 40 | Loss: 0.0818 | Correct: 123/128 | Elapsed Time: 24.98s
2026-01-20 23:13:18,980 | INFO | Batch 50 | Loss: 0.1097 | Correct: 122/128 | Elapsed Time: 24.97s
2026-01-20 23:13:43,986 | INFO | Batch 60 | Loss: 0.1667 | Correct: 120/128 | Elapsed Time: 25.01s
2026-01-20 23:14:09,019 | INFO | Batch 70 | Loss: 0.0946 | Correct: 122/128 | Elapsed Time: 25.03s
2026-01-20 23:14:34,102 | INFO | Batch 80 | Loss: 0.1209 | Correct: 123/128 | Elapsed Time: 25.08s
2026-01-20 23:14:59,117 | INFO | Batch 90 | Loss: 0.1898 | Correct: 121/128 | Elapsed Time: 25.02s
2026-01-20 23:15:24,171 | INFO | Batch 100 | Loss: 0.1674 | Correct: 122/128 | Elapsed Time: 25.05s
2026-01-20 23:15:49,198 | INFO | Batch 110 | Loss: 0.1479 | Correct: 121/128 | Elapsed Time: 25.03s
2026-01-20 23:16:14,200 | INFO | Batch 120 | Loss: 0.1288 | Correct: 123/128 | Elapsed Time: 25.00s
2026-01-20 23:16:39,241 | INFO | Batch 130 | Loss: 0.1197 | Correct: 121/128 | Elapsed Time: 25.04s
2026-01-20 23:17:04,229 | INFO | Batch 140 | Loss: 0.1575 | Correct: 123/128 | Elapsed Time: 24.99s
2026-01-20 23:17:29,308 | INFO | Batch 150 | Loss: 0.0943 | Correct: 124/128 | Elapsed Time: 25.08s
2026-01-20 23:17:54,253 | INFO | Batch 160 | Loss: 0.1747 | Correct: 119/128 | Elapsed Time: 24.94s
2026-01-20 23:18:19,268 | INFO | Batch 170 | Loss: 0.1710 | Correct: 118/128 | Elapsed Time: 25.02s
2026-01-20 23:18:44,240 | INFO | Batch 180 | Loss: 0.0831 | Correct: 125/128 | Elapsed Time: 24.97s
2026-01-20 23:19:09,205 | INFO | Batch 190 | Loss: 0.1770 | Correct: 119/128 | Elapsed Time: 24.97s
2026-01-20 23:19:34,194 | INFO | Batch 200 | Loss: 0.1216 | Correct: 124/128 | Elapsed Time: 24.99s
2026-01-20 23:19:59,441 | INFO | Batch 210 | Loss: 0.1850 | Correct: 121/128 | Elapsed Time: 25.25s
2026-01-20 23:20:24,511 | INFO | Batch 220 | Loss: 0.1618 | Correct: 122/128 | Elapsed Time: 25.07s
2026-01-20 23:20:49,495 | INFO | Batch 230 | Loss: 0.1953 | Correct: 119/128 | Elapsed Time: 24.98s
2026-01-20 23:21:14,479 | INFO | Batch 240 | Loss: 0.1304 | Correct: 122/128 | Elapsed Time: 24.98s
2026-01-20 23:21:39,473 | INFO | Batch 250 | Loss: 0.0706 | Correct: 122/128 | Elapsed Time: 24.99s
2026-01-20 23:22:04,491 | INFO | Batch 260 | Loss: 0.0738 | Correct: 126/128 | Elapsed Time: 25.02s
2026-01-20 23:22:29,539 | INFO | Batch 270 | Loss: 0.1039 | Correct: 126/128 | Elapsed Time: 25.05s
2026-01-20 23:22:54,678 | INFO | Batch 280 | Loss: 0.1588 | Correct: 119/128 | Elapsed Time: 25.14s
2026-01-20 23:23:19,664 | INFO | Batch 290 | Loss: 0.1014 | Correct: 123/128 | Elapsed Time: 24.99s
2026-01-20 23:23:44,657 | INFO | Batch 300 | Loss: 0.1436 | Correct: 122/128 | Elapsed Time: 24.99s
2026-01-20 23:24:09,669 | INFO | Batch 310 | Loss: 0.1068 | Correct: 123/128 | Elapsed Time: 25.01s
2026-01-20 23:24:34,651 | INFO | Batch 320 | Loss: 0.1147 | Correct: 120/128 | Elapsed Time: 24.98s
2026-01-20 23:24:59,582 | INFO | Batch 330 | Loss: 0.0908 | Correct: 126/128 | Elapsed Time: 24.93s
2026-01-20 23:25:24,517 | INFO | Batch 340 | Loss: 0.1343 | Correct: 122/128 | Elapsed Time: 24.93s
2026-01-20 23:25:49,552 | INFO | Batch 350 | Loss: 0.1028 | Correct: 124/128 | Elapsed Time: 25.04s
2026-01-20 23:26:14,552 | INFO | Batch 360 | Loss: 0.1135 | Correct: 122/128 | Elapsed Time: 25.00s
2026-01-20 23:26:39,503 | INFO | Batch 370 | Loss: 0.1723 | Correct: 117/128 | Elapsed Time: 24.95s
2026-01-20 23:27:04,423 | INFO | Batch 380 | Loss: 0.1703 | Correct: 120/128 | Elapsed Time: 24.92s
2026-01-20 23:27:29,399 | INFO | Batch 390 | Loss: 0.2427 | Correct: 117/128 | Elapsed Time: 24.98s
2026-01-20 23:27:31,088 | INFO | Epoch [92/100] - Loss: 0.1255 | Correct: 47750/50000 (95.50%, 977.24s)
2026-01-20 23:28:46,381 | INFO | Validation - Loss: 0.4743 | Correct: 8694/10000 (86.94%) (75.29s)
2026-01-20 23:29:11,420 | INFO | Batch 10 | Loss: 0.1073 | Correct: 124/128 | Elapsed Time: 25.04s
2026-01-20 23:29:36,558 | INFO | Batch 20 | Loss: 0.1430 | Correct: 121/128 | Elapsed Time: 25.14s
2026-01-20 23:30:01,569 | INFO | Batch 30 | Loss: 0.0913 | Correct: 122/128 | Elapsed Time: 25.01s
2026-01-20 23:30:26,604 | INFO | Batch 40 | Loss: 0.0997 | Correct: 125/128 | Elapsed Time: 25.03s
2026-01-20 23:30:51,601 | INFO | Batch 50 | Loss: 0.0937 | Correct: 124/128 | Elapsed Time: 25.00s
2026-01-20 23:31:16,662 | INFO | Batch 60 | Loss: 0.1105 | Correct: 123/128 | Elapsed Time: 25.06s
2026-01-20 23:31:41,718 | INFO | Batch 70 | Loss: 0.1217 | Correct: 122/128 | Elapsed Time: 25.06s
2026-01-20 23:32:06,833 | INFO | Batch 80 | Loss: 0.0622 | Correct: 126/128 | Elapsed Time: 25.11s
2026-01-20 23:32:31,851 | INFO | Batch 90 | Loss: 0.1268 | Correct: 120/128 | Elapsed Time: 25.02s
2026-01-20 23:32:56,823 | INFO | Batch 100 | Loss: 0.1254 | Correct: 120/128 | Elapsed Time: 24.97s
2026-01-20 23:33:21,826 | INFO | Batch 110 | Loss: 0.1630 | Correct: 119/128 | Elapsed Time: 25.00s
2026-01-20 23:33:46,840 | INFO | Batch 120 | Loss: 0.1026 | Correct: 124/128 | Elapsed Time: 25.01s
2026-01-20 23:34:11,855 | INFO | Batch 130 | Loss: 0.1912 | Correct: 119/128 | Elapsed Time: 25.01s
2026-01-20 23:34:36,823 | INFO | Batch 140 | Loss: 0.0967 | Correct: 123/128 | Elapsed Time: 24.97s
2026-01-20 23:35:01,840 | INFO | Batch 150 | Loss: 0.0689 | Correct: 125/128 | Elapsed Time: 25.02s
2026-01-20 23:35:26,799 | INFO | Batch 160 | Loss: 0.0896 | Correct: 124/128 | Elapsed Time: 24.96s
2026-01-20 23:35:51,804 | INFO | Batch 170 | Loss: 0.1648 | Correct: 119/128 | Elapsed Time: 25.01s
2026-01-20 23:36:16,789 | INFO | Batch 180 | Loss: 0.0741 | Correct: 125/128 | Elapsed Time: 24.99s
2026-01-20 23:36:41,778 | INFO | Batch 190 | Loss: 0.1354 | Correct: 122/128 | Elapsed Time: 24.99s
2026-01-20 23:37:06,761 | INFO | Batch 200 | Loss: 0.0740 | Correct: 125/128 | Elapsed Time: 24.98s
2026-01-20 23:37:31,691 | INFO | Batch 210 | Loss: 0.1129 | Correct: 124/128 | Elapsed Time: 24.93s
2026-01-20 23:37:56,779 | INFO | Batch 220 | Loss: 0.0718 | Correct: 125/128 | Elapsed Time: 25.09s
2026-01-20 23:38:21,815 | INFO | Batch 230 | Loss: 0.0817 | Correct: 124/128 | Elapsed Time: 25.04s
2026-01-20 23:38:46,805 | INFO | Batch 240 | Loss: 0.1290 | Correct: 120/128 | Elapsed Time: 24.99s
2026-01-20 23:39:11,814 | INFO | Batch 250 | Loss: 0.1296 | Correct: 125/128 | Elapsed Time: 25.01s
2026-01-20 23:39:36,831 | INFO | Batch 260 | Loss: 0.0793 | Correct: 126/128 | Elapsed Time: 25.02s
2026-01-20 23:40:01,882 | INFO | Batch 270 | Loss: 0.1552 | Correct: 121/128 | Elapsed Time: 25.05s
2026-01-20 23:40:27,007 | INFO | Batch 280 | Loss: 0.0963 | Correct: 124/128 | Elapsed Time: 25.12s
2026-01-20 23:40:51,986 | INFO | Batch 290 | Loss: 0.1867 | Correct: 117/128 | Elapsed Time: 24.98s
2026-01-20 23:41:16,948 | INFO | Batch 300 | Loss: 0.1331 | Correct: 121/128 | Elapsed Time: 24.96s
2026-01-20 23:41:41,924 | INFO | Batch 310 | Loss: 0.1618 | Correct: 123/128 | Elapsed Time: 24.98s
2026-01-20 23:42:06,898 | INFO | Batch 320 | Loss: 0.1402 | Correct: 119/128 | Elapsed Time: 24.97s
2026-01-20 23:42:31,855 | INFO | Batch 330 | Loss: 0.1532 | Correct: 118/128 | Elapsed Time: 24.96s
2026-01-20 23:42:56,824 | INFO | Batch 340 | Loss: 0.0639 | Correct: 126/128 | Elapsed Time: 24.97s
2026-01-20 23:43:21,932 | INFO | Batch 350 | Loss: 0.0998 | Correct: 125/128 | Elapsed Time: 25.11s
2026-01-20 23:43:46,869 | INFO | Batch 360 | Loss: 0.1409 | Correct: 123/128 | Elapsed Time: 24.94s
2026-01-20 23:44:11,841 | INFO | Batch 370 | Loss: 0.1303 | Correct: 122/128 | Elapsed Time: 24.97s
2026-01-20 23:44:36,876 | INFO | Batch 380 | Loss: 0.1063 | Correct: 124/128 | Elapsed Time: 25.04s
2026-01-20 23:45:01,893 | INFO | Batch 390 | Loss: 0.1023 | Correct: 122/128 | Elapsed Time: 25.02s
2026-01-20 23:45:03,599 | INFO | Epoch [93/100] - Loss: 0.1236 | Correct: 47812/50000 (95.62%, 977.22s)
2026-01-20 23:46:19,060 | INFO | Validation - Loss: 0.4739 | Correct: 8703/10000 (87.03%) (75.46s)
2026-01-20 23:46:44,161 | INFO | Batch 10 | Loss: 0.2365 | Correct: 118/128 | Elapsed Time: 25.10s
2026-01-20 23:47:09,207 | INFO | Batch 20 | Loss: 0.1412 | Correct: 120/128 | Elapsed Time: 25.05s
2026-01-20 23:47:34,235 | INFO | Batch 30 | Loss: 0.1313 | Correct: 122/128 | Elapsed Time: 25.03s
2026-01-20 23:47:59,205 | INFO | Batch 40 | Loss: 0.0852 | Correct: 126/128 | Elapsed Time: 24.97s
2026-01-20 23:48:24,180 | INFO | Batch 50 | Loss: 0.1379 | Correct: 121/128 | Elapsed Time: 24.97s
2026-01-20 23:48:49,255 | INFO | Batch 60 | Loss: 0.0721 | Correct: 124/128 | Elapsed Time: 25.07s
2026-01-20 23:49:14,264 | INFO | Batch 70 | Loss: 0.1245 | Correct: 123/128 | Elapsed Time: 25.01s
2026-01-20 23:49:39,375 | INFO | Batch 80 | Loss: 0.0787 | Correct: 125/128 | Elapsed Time: 25.11s
2026-01-20 23:50:04,375 | INFO | Batch 90 | Loss: 0.0984 | Correct: 123/128 | Elapsed Time: 25.00s
2026-01-20 23:50:29,396 | INFO | Batch 100 | Loss: 0.0886 | Correct: 124/128 | Elapsed Time: 25.02s
2026-01-20 23:50:54,411 | INFO | Batch 110 | Loss: 0.0805 | Correct: 126/128 | Elapsed Time: 25.01s
2026-01-20 23:51:19,435 | INFO | Batch 120 | Loss: 0.1429 | Correct: 124/128 | Elapsed Time: 25.02s
2026-01-20 23:51:44,439 | INFO | Batch 130 | Loss: 0.0802 | Correct: 125/128 | Elapsed Time: 25.00s
2026-01-20 23:52:09,422 | INFO | Batch 140 | Loss: 0.1496 | Correct: 121/128 | Elapsed Time: 24.98s
2026-01-20 23:52:34,498 | INFO | Batch 150 | Loss: 0.1129 | Correct: 122/128 | Elapsed Time: 25.08s
2026-01-20 23:52:59,493 | INFO | Batch 160 | Loss: 0.1400 | Correct: 122/128 | Elapsed Time: 24.99s
2026-01-20 23:53:24,483 | INFO | Batch 170 | Loss: 0.1092 | Correct: 122/128 | Elapsed Time: 24.99s
2026-01-20 23:53:49,503 | INFO | Batch 180 | Loss: 0.0938 | Correct: 121/128 | Elapsed Time: 25.02s
2026-01-20 23:54:14,552 | INFO | Batch 190 | Loss: 0.1403 | Correct: 122/128 | Elapsed Time: 25.05s
2026-01-20 23:54:39,481 | INFO | Batch 200 | Loss: 0.0718 | Correct: 126/128 | Elapsed Time: 24.93s
2026-01-20 23:55:04,570 | INFO | Batch 210 | Loss: 0.2011 | Correct: 120/128 | Elapsed Time: 25.09s
2026-01-20 23:55:29,517 | INFO | Batch 220 | Loss: 0.1769 | Correct: 122/128 | Elapsed Time: 24.95s
2026-01-20 23:55:54,479 | INFO | Batch 230 | Loss: 0.1355 | Correct: 119/128 | Elapsed Time: 24.96s
2026-01-20 23:56:19,440 | INFO | Batch 240 | Loss: 0.1579 | Correct: 122/128 | Elapsed Time: 24.96s
2026-01-20 23:56:44,444 | INFO | Batch 250 | Loss: 0.1615 | Correct: 123/128 | Elapsed Time: 25.00s
2026-01-20 23:57:09,430 | INFO | Batch 260 | Loss: 0.0774 | Correct: 126/128 | Elapsed Time: 24.99s
2026-01-20 23:57:34,381 | INFO | Batch 270 | Loss: 0.1445 | Correct: 120/128 | Elapsed Time: 24.95s
2026-01-20 23:57:59,430 | INFO | Batch 280 | Loss: 0.1091 | Correct: 122/128 | Elapsed Time: 25.05s
2026-01-20 23:58:24,404 | INFO | Batch 290 | Loss: 0.1872 | Correct: 119/128 | Elapsed Time: 24.97s
2026-01-20 23:58:49,366 | INFO | Batch 300 | Loss: 0.1313 | Correct: 122/128 | Elapsed Time: 24.96s
2026-01-20 23:59:14,326 | INFO | Batch 310 | Loss: 0.1756 | Correct: 120/128 | Elapsed Time: 24.96s
2026-01-20 23:59:39,320 | INFO | Batch 320 | Loss: 0.1045 | Correct: 123/128 | Elapsed Time: 24.99s
2026-01-21 00:00:04,301 | INFO | Batch 330 | Loss: 0.1156 | Correct: 124/128 | Elapsed Time: 24.98s
2026-01-21 00:00:29,269 | INFO | Batch 340 | Loss: 0.1476 | Correct: 120/128 | Elapsed Time: 24.97s
2026-01-21 00:00:54,359 | INFO | Batch 350 | Loss: 0.0826 | Correct: 123/128 | Elapsed Time: 25.09s
2026-01-21 00:01:19,372 | INFO | Batch 360 | Loss: 0.1459 | Correct: 122/128 | Elapsed Time: 25.01s
2026-01-21 00:01:44,353 | INFO | Batch 370 | Loss: 0.0788 | Correct: 124/128 | Elapsed Time: 24.98s
2026-01-21 00:02:09,313 | INFO | Batch 380 | Loss: 0.2128 | Correct: 118/128 | Elapsed Time: 24.96s
2026-01-21 00:02:34,306 | INFO | Batch 390 | Loss: 0.0655 | Correct: 126/128 | Elapsed Time: 24.99s
2026-01-21 00:02:35,991 | INFO | Epoch [94/100] - Loss: 0.1229 | Correct: 47824/50000 (95.65%, 976.93s)
2026-01-21 00:03:51,342 | INFO | Validation - Loss: 0.4768 | Correct: 8702/10000 (87.02%) (75.35s)
2026-01-21 00:04:16,503 | INFO | Batch 10 | Loss: 0.1688 | Correct: 118/128 | Elapsed Time: 25.16s
2026-01-21 00:04:41,514 | INFO | Batch 20 | Loss: 0.1161 | Correct: 122/128 | Elapsed Time: 25.01s
2026-01-21 00:05:06,491 | INFO | Batch 30 | Loss: 0.0923 | Correct: 125/128 | Elapsed Time: 24.98s
2026-01-21 00:05:31,512 | INFO | Batch 40 | Loss: 0.0686 | Correct: 124/128 | Elapsed Time: 25.02s
2026-01-21 00:05:56,592 | INFO | Batch 50 | Loss: 0.1043 | Correct: 124/128 | Elapsed Time: 25.08s
2026-01-21 00:06:21,671 | INFO | Batch 60 | Loss: 0.1104 | Correct: 121/128 | Elapsed Time: 25.08s
2026-01-21 00:06:46,730 | INFO | Batch 70 | Loss: 0.1043 | Correct: 125/128 | Elapsed Time: 25.06s
2026-01-21 00:07:11,820 | INFO | Batch 80 | Loss: 0.1024 | Correct: 122/128 | Elapsed Time: 25.09s
2026-01-21 00:07:36,836 | INFO | Batch 90 | Loss: 0.0698 | Correct: 125/128 | Elapsed Time: 25.02s
2026-01-21 00:08:01,883 | INFO | Batch 100 | Loss: 0.1196 | Correct: 122/128 | Elapsed Time: 25.05s
2026-01-21 00:08:26,876 | INFO | Batch 110 | Loss: 0.0675 | Correct: 125/128 | Elapsed Time: 24.99s
2026-01-21 00:08:51,889 | INFO | Batch 120 | Loss: 0.1657 | Correct: 119/128 | Elapsed Time: 25.01s
2026-01-21 00:09:16,900 | INFO | Batch 130 | Loss: 0.0972 | Correct: 124/128 | Elapsed Time: 25.01s
2026-01-21 00:09:41,907 | INFO | Batch 140 | Loss: 0.1224 | Correct: 124/128 | Elapsed Time: 25.01s
2026-01-21 00:10:07,000 | INFO | Batch 150 | Loss: 0.1610 | Correct: 121/128 | Elapsed Time: 25.09s
2026-01-21 00:10:32,017 | INFO | Batch 160 | Loss: 0.0418 | Correct: 128/128 | Elapsed Time: 25.02s
2026-01-21 00:10:57,022 | INFO | Batch 170 | Loss: 0.1266 | Correct: 123/128 | Elapsed Time: 25.00s
2026-01-21 00:11:21,973 | INFO | Batch 180 | Loss: 0.1083 | Correct: 123/128 | Elapsed Time: 24.95s
2026-01-21 00:11:46,932 | INFO | Batch 190 | Loss: 0.1020 | Correct: 122/128 | Elapsed Time: 24.96s
2026-01-21 00:12:11,930 | INFO | Batch 200 | Loss: 0.1252 | Correct: 122/128 | Elapsed Time: 25.00s
2026-01-21 00:12:37,046 | INFO | Batch 210 | Loss: 0.0563 | Correct: 126/128 | Elapsed Time: 25.12s
2026-01-21 00:13:02,006 | INFO | Batch 220 | Loss: 0.1327 | Correct: 124/128 | Elapsed Time: 24.96s
2026-01-21 00:13:26,959 | INFO | Batch 230 | Loss: 0.0954 | Correct: 123/128 | Elapsed Time: 24.95s
2026-01-21 00:13:51,951 | INFO | Batch 240 | Loss: 0.1088 | Correct: 122/128 | Elapsed Time: 24.99s
2026-01-21 00:14:16,924 | INFO | Batch 250 | Loss: 0.1587 | Correct: 121/128 | Elapsed Time: 24.97s
2026-01-21 00:14:41,889 | INFO | Batch 260 | Loss: 0.1110 | Correct: 123/128 | Elapsed Time: 24.96s
2026-01-21 00:15:06,875 | INFO | Batch 270 | Loss: 0.1151 | Correct: 123/128 | Elapsed Time: 24.99s
2026-01-21 00:15:31,946 | INFO | Batch 280 | Loss: 0.1374 | Correct: 123/128 | Elapsed Time: 25.07s
2026-01-21 00:15:56,912 | INFO | Batch 290 | Loss: 0.1337 | Correct: 122/128 | Elapsed Time: 24.97s
2026-01-21 00:16:21,895 | INFO | Batch 300 | Loss: 0.1301 | Correct: 121/128 | Elapsed Time: 24.98s
2026-01-21 00:16:46,857 | INFO | Batch 310 | Loss: 0.1134 | Correct: 122/128 | Elapsed Time: 24.96s
2026-01-21 00:17:11,827 | INFO | Batch 320 | Loss: 0.1141 | Correct: 122/128 | Elapsed Time: 24.97s
2026-01-21 00:17:36,766 | INFO | Batch 330 | Loss: 0.1540 | Correct: 120/128 | Elapsed Time: 24.94s
2026-01-21 00:18:01,836 | INFO | Batch 340 | Loss: 0.1083 | Correct: 122/128 | Elapsed Time: 25.07s
2026-01-21 00:18:26,783 | INFO | Batch 350 | Loss: 0.1002 | Correct: 123/128 | Elapsed Time: 24.95s
2026-01-21 00:18:51,772 | INFO | Batch 360 | Loss: 0.0826 | Correct: 125/128 | Elapsed Time: 24.99s
2026-01-21 00:19:16,786 | INFO | Batch 370 | Loss: 0.1702 | Correct: 120/128 | Elapsed Time: 25.01s
2026-01-21 00:19:41,801 | INFO | Batch 380 | Loss: 0.1925 | Correct: 120/128 | Elapsed Time: 25.01s
2026-01-21 00:20:06,954 | INFO | Batch 390 | Loss: 0.0872 | Correct: 125/128 | Elapsed Time: 25.15s
2026-01-21 00:20:08,669 | INFO | Epoch [95/100] - Loss: 0.1232 | Correct: 47857/50000 (95.71%, 977.32s)
2026-01-21 00:21:24,160 | INFO | Validation - Loss: 0.4721 | Correct: 8695/10000 (86.95%) (75.49s)
2026-01-21 00:21:49,196 | INFO | Batch 10 | Loss: 0.1315 | Correct: 120/128 | Elapsed Time: 25.03s
2026-01-21 00:22:14,310 | INFO | Batch 20 | Loss: 0.1040 | Correct: 122/128 | Elapsed Time: 25.11s
2026-01-21 00:22:39,348 | INFO | Batch 30 | Loss: 0.1291 | Correct: 123/128 | Elapsed Time: 25.04s
2026-01-21 00:23:04,354 | INFO | Batch 40 | Loss: 0.1376 | Correct: 123/128 | Elapsed Time: 25.01s
2026-01-21 00:23:29,391 | INFO | Batch 50 | Loss: 0.1508 | Correct: 119/128 | Elapsed Time: 25.04s
2026-01-21 00:23:54,423 | INFO | Batch 60 | Loss: 0.1820 | Correct: 120/128 | Elapsed Time: 25.03s
2026-01-21 00:24:19,453 | INFO | Batch 70 | Loss: 0.1630 | Correct: 122/128 | Elapsed Time: 25.03s
2026-01-21 00:24:44,573 | INFO | Batch 80 | Loss: 0.1037 | Correct: 125/128 | Elapsed Time: 25.12s
2026-01-21 00:25:09,561 | INFO | Batch 90 | Loss: 0.0747 | Correct: 124/128 | Elapsed Time: 24.99s
2026-01-21 00:25:34,553 | INFO | Batch 100 | Loss: 0.1188 | Correct: 123/128 | Elapsed Time: 24.99s
2026-01-21 00:25:59,539 | INFO | Batch 110 | Loss: 0.1497 | Correct: 119/128 | Elapsed Time: 24.99s
2026-01-21 00:26:24,530 | INFO | Batch 120 | Loss: 0.0965 | Correct: 124/128 | Elapsed Time: 24.99s
2026-01-21 00:26:49,526 | INFO | Batch 130 | Loss: 0.1035 | Correct: 125/128 | Elapsed Time: 25.00s
2026-01-21 00:27:14,474 | INFO | Batch 140 | Loss: 0.1682 | Correct: 122/128 | Elapsed Time: 24.95s
2026-01-21 00:27:39,544 | INFO | Batch 150 | Loss: 0.0678 | Correct: 126/128 | Elapsed Time: 25.07s
2026-01-21 00:28:04,520 | INFO | Batch 160 | Loss: 0.1142 | Correct: 122/128 | Elapsed Time: 24.98s
2026-01-21 00:28:29,512 | INFO | Batch 170 | Loss: 0.1562 | Correct: 121/128 | Elapsed Time: 24.99s
2026-01-21 00:28:54,483 | INFO | Batch 180 | Loss: 0.0821 | Correct: 125/128 | Elapsed Time: 24.97s
2026-01-21 00:29:19,452 | INFO | Batch 190 | Loss: 0.1253 | Correct: 123/128 | Elapsed Time: 24.97s
2026-01-21 00:29:44,421 | INFO | Batch 200 | Loss: 0.1248 | Correct: 121/128 | Elapsed Time: 24.97s
2026-01-21 00:30:09,498 | INFO | Batch 210 | Loss: 0.1095 | Correct: 121/128 | Elapsed Time: 25.08s
2026-01-21 00:30:34,471 | INFO | Batch 220 | Loss: 0.0895 | Correct: 125/128 | Elapsed Time: 24.97s
2026-01-21 00:30:59,473 | INFO | Batch 230 | Loss: 0.1040 | Correct: 123/128 | Elapsed Time: 25.00s
2026-01-21 00:31:24,473 | INFO | Batch 240 | Loss: 0.1000 | Correct: 123/128 | Elapsed Time: 25.00s
2026-01-21 00:31:49,456 | INFO | Batch 250 | Loss: 0.1153 | Correct: 123/128 | Elapsed Time: 24.98s
2026-01-21 00:32:14,413 | INFO | Batch 260 | Loss: 0.1578 | Correct: 119/128 | Elapsed Time: 24.96s
2026-01-21 00:32:39,354 | INFO | Batch 270 | Loss: 0.1077 | Correct: 123/128 | Elapsed Time: 24.94s
2026-01-21 00:33:04,448 | INFO | Batch 280 | Loss: 0.2823 | Correct: 119/128 | Elapsed Time: 25.09s
2026-01-21 00:33:29,431 | INFO | Batch 290 | Loss: 0.0740 | Correct: 125/128 | Elapsed Time: 24.98s
2026-01-21 00:33:54,426 | INFO | Batch 300 | Loss: 0.1006 | Correct: 122/128 | Elapsed Time: 24.99s
2026-01-21 00:34:19,452 | INFO | Batch 310 | Loss: 0.2120 | Correct: 121/128 | Elapsed Time: 25.03s
2026-01-21 00:34:44,476 | INFO | Batch 320 | Loss: 0.1510 | Correct: 121/128 | Elapsed Time: 25.02s
2026-01-21 00:35:09,457 | INFO | Batch 330 | Loss: 0.1342 | Correct: 124/128 | Elapsed Time: 24.98s
2026-01-21 00:35:34,558 | INFO | Batch 340 | Loss: 0.1493 | Correct: 122/128 | Elapsed Time: 25.10s
2026-01-21 00:35:59,554 | INFO | Batch 350 | Loss: 0.0791 | Correct: 123/128 | Elapsed Time: 25.00s
2026-01-21 00:36:24,539 | INFO | Batch 360 | Loss: 0.0976 | Correct: 124/128 | Elapsed Time: 24.99s
2026-01-21 00:36:49,502 | INFO | Batch 370 | Loss: 0.1225 | Correct: 121/128 | Elapsed Time: 24.96s
2026-01-21 00:37:14,459 | INFO | Batch 380 | Loss: 0.1339 | Correct: 121/128 | Elapsed Time: 24.96s
2026-01-21 00:37:39,444 | INFO | Batch 390 | Loss: 0.1538 | Correct: 119/128 | Elapsed Time: 24.99s
2026-01-21 00:37:41,122 | INFO | Epoch [96/100] - Loss: 0.1255 | Correct: 47768/50000 (95.54%, 976.96s)
2026-01-21 00:38:56,549 | INFO | Validation - Loss: 0.4739 | Correct: 8683/10000 (86.83%) (75.43s)
2026-01-21 00:39:21,682 | INFO | Batch 10 | Loss: 0.0757 | Correct: 124/128 | Elapsed Time: 25.13s
2026-01-21 00:39:46,663 | INFO | Batch 20 | Loss: 0.1379 | Correct: 123/128 | Elapsed Time: 24.98s
2026-01-21 00:40:11,630 | INFO | Batch 30 | Loss: 0.1646 | Correct: 122/128 | Elapsed Time: 24.97s
2026-01-21 00:40:36,660 | INFO | Batch 40 | Loss: 0.1116 | Correct: 122/128 | Elapsed Time: 25.03s
2026-01-21 00:41:01,691 | INFO | Batch 50 | Loss: 0.0724 | Correct: 124/128 | Elapsed Time: 25.03s
2026-01-21 00:41:26,684 | INFO | Batch 60 | Loss: 0.1528 | Correct: 122/128 | Elapsed Time: 24.99s
2026-01-21 00:41:51,737 | INFO | Batch 70 | Loss: 0.0680 | Correct: 126/128 | Elapsed Time: 25.05s
2026-01-21 00:42:16,874 | INFO | Batch 80 | Loss: 0.1396 | Correct: 120/128 | Elapsed Time: 25.14s
2026-01-21 00:42:41,931 | INFO | Batch 90 | Loss: 0.1605 | Correct: 121/128 | Elapsed Time: 25.06s
2026-01-21 00:43:06,970 | INFO | Batch 100 | Loss: 0.1012 | Correct: 121/128 | Elapsed Time: 25.04s
2026-01-21 00:43:31,966 | INFO | Batch 110 | Loss: 0.1652 | Correct: 122/128 | Elapsed Time: 25.00s
2026-01-21 00:43:57,002 | INFO | Batch 120 | Loss: 0.1727 | Correct: 120/128 | Elapsed Time: 25.04s
2026-01-21 00:44:22,022 | INFO | Batch 130 | Loss: 0.1101 | Correct: 121/128 | Elapsed Time: 25.02s
2026-01-21 00:44:47,094 | INFO | Batch 140 | Loss: 0.1613 | Correct: 123/128 | Elapsed Time: 25.07s
2026-01-21 00:45:12,069 | INFO | Batch 150 | Loss: 0.1673 | Correct: 118/128 | Elapsed Time: 24.97s
2026-01-21 00:45:37,044 | INFO | Batch 160 | Loss: 0.0918 | Correct: 127/128 | Elapsed Time: 24.97s
2026-01-21 00:46:02,021 | INFO | Batch 170 | Loss: 0.1231 | Correct: 121/128 | Elapsed Time: 24.98s
2026-01-21 00:46:26,988 | INFO | Batch 180 | Loss: 0.0382 | Correct: 127/128 | Elapsed Time: 24.97s
2026-01-21 00:46:51,940 | INFO | Batch 190 | Loss: 0.1081 | Correct: 125/128 | Elapsed Time: 24.95s
2026-01-21 00:47:16,917 | INFO | Batch 200 | Loss: 0.1130 | Correct: 124/128 | Elapsed Time: 24.98s
2026-01-21 00:47:42,021 | INFO | Batch 210 | Loss: 0.0939 | Correct: 125/128 | Elapsed Time: 25.10s
2026-01-21 00:48:06,995 | INFO | Batch 220 | Loss: 0.1461 | Correct: 123/128 | Elapsed Time: 24.97s
2026-01-21 00:48:31,923 | INFO | Batch 230 | Loss: 0.0961 | Correct: 122/128 | Elapsed Time: 24.93s
2026-01-21 00:48:56,921 | INFO | Batch 240 | Loss: 0.0708 | Correct: 125/128 | Elapsed Time: 25.00s
2026-01-21 00:49:21,938 | INFO | Batch 250 | Loss: 0.1590 | Correct: 122/128 | Elapsed Time: 25.02s
2026-01-21 00:49:46,940 | INFO | Batch 260 | Loss: 0.1919 | Correct: 118/128 | Elapsed Time: 25.00s
2026-01-21 00:50:11,944 | INFO | Batch 270 | Loss: 0.0610 | Correct: 126/128 | Elapsed Time: 25.00s
2026-01-21 00:50:36,891 | INFO | Batch 280 | Loss: 0.1658 | Correct: 119/128 | Elapsed Time: 24.95s
2026-01-21 00:51:01,839 | INFO | Batch 290 | Loss: 0.1053 | Correct: 124/128 | Elapsed Time: 24.95s
2026-01-21 00:51:26,768 | INFO | Batch 300 | Loss: 0.0774 | Correct: 126/128 | Elapsed Time: 24.93s
2026-01-21 00:51:51,742 | INFO | Batch 310 | Loss: 0.1043 | Correct: 124/128 | Elapsed Time: 24.97s
2026-01-21 00:52:16,716 | INFO | Batch 320 | Loss: 0.0761 | Correct: 125/128 | Elapsed Time: 24.97s
2026-01-21 00:52:41,718 | INFO | Batch 330 | Loss: 0.0941 | Correct: 124/128 | Elapsed Time: 25.00s
2026-01-21 00:53:06,762 | INFO | Batch 340 | Loss: 0.1264 | Correct: 125/128 | Elapsed Time: 25.04s
2026-01-21 00:53:31,744 | INFO | Batch 350 | Loss: 0.1695 | Correct: 121/128 | Elapsed Time: 24.98s
2026-01-21 00:53:56,716 | INFO | Batch 360 | Loss: 0.1546 | Correct: 121/128 | Elapsed Time: 24.97s
2026-01-21 00:54:21,736 | INFO | Batch 370 | Loss: 0.0926 | Correct: 124/128 | Elapsed Time: 25.02s
2026-01-21 00:54:46,699 | INFO | Batch 380 | Loss: 0.1446 | Correct: 121/128 | Elapsed Time: 24.96s
2026-01-21 00:55:11,682 | INFO | Batch 390 | Loss: 0.1203 | Correct: 124/128 | Elapsed Time: 24.98s
2026-01-21 00:55:13,356 | INFO | Epoch [97/100] - Loss: 0.1228 | Correct: 47825/50000 (95.65%, 976.80s)
2026-01-21 00:56:28,652 | INFO | Validation - Loss: 0.4741 | Correct: 8688/10000 (86.88%) (75.30s)
2026-01-21 00:56:53,787 | INFO | Batch 10 | Loss: 0.1496 | Correct: 120/128 | Elapsed Time: 25.13s
2026-01-21 00:57:18,801 | INFO | Batch 20 | Loss: 0.1641 | Correct: 119/128 | Elapsed Time: 25.01s
2026-01-21 00:57:43,805 | INFO | Batch 30 | Loss: 0.1204 | Correct: 122/128 | Elapsed Time: 25.00s
2026-01-21 00:58:08,837 | INFO | Batch 40 | Loss: 0.1269 | Correct: 122/128 | Elapsed Time: 25.03s
2026-01-21 00:58:33,850 | INFO | Batch 50 | Loss: 0.2260 | Correct: 117/128 | Elapsed Time: 25.01s
2026-01-21 00:58:58,844 | INFO | Batch 60 | Loss: 0.1399 | Correct: 122/128 | Elapsed Time: 24.99s
2026-01-21 00:59:23,960 | INFO | Batch 70 | Loss: 0.1119 | Correct: 122/128 | Elapsed Time: 25.12s
2026-01-21 00:59:48,944 | INFO | Batch 80 | Loss: 0.0855 | Correct: 124/128 | Elapsed Time: 24.98s
2026-01-21 01:00:13,943 | INFO | Batch 90 | Loss: 0.0870 | Correct: 125/128 | Elapsed Time: 25.00s
2026-01-21 01:00:38,939 | INFO | Batch 100 | Loss: 0.1500 | Correct: 119/128 | Elapsed Time: 25.00s
2026-01-21 01:01:03,932 | INFO | Batch 110 | Loss: 0.0729 | Correct: 124/128 | Elapsed Time: 24.99s
2026-01-21 01:01:28,937 | INFO | Batch 120 | Loss: 0.0984 | Correct: 122/128 | Elapsed Time: 25.01s
2026-01-21 01:01:53,981 | INFO | Batch 130 | Loss: 0.1120 | Correct: 122/128 | Elapsed Time: 25.04s
2026-01-21 01:02:19,107 | INFO | Batch 140 | Loss: 0.1397 | Correct: 123/128 | Elapsed Time: 25.13s
2026-01-21 01:02:44,074 | INFO | Batch 150 | Loss: 0.1090 | Correct: 123/128 | Elapsed Time: 24.97s
2026-01-21 01:03:09,069 | INFO | Batch 160 | Loss: 0.1397 | Correct: 123/128 | Elapsed Time: 24.99s
2026-01-21 01:03:34,049 | INFO | Batch 170 | Loss: 0.1237 | Correct: 122/128 | Elapsed Time: 24.98s
2026-01-21 01:03:59,007 | INFO | Batch 180 | Loss: 0.1326 | Correct: 122/128 | Elapsed Time: 24.96s
2026-01-21 01:04:23,968 | INFO | Batch 190 | Loss: 0.1725 | Correct: 119/128 | Elapsed Time: 24.96s
2026-01-21 01:04:48,971 | INFO | Batch 200 | Loss: 0.1289 | Correct: 122/128 | Elapsed Time: 25.00s
2026-01-21 01:05:14,085 | INFO | Batch 210 | Loss: 0.1037 | Correct: 125/128 | Elapsed Time: 25.11s
2026-01-21 01:05:39,081 | INFO | Batch 220 | Loss: 0.0885 | Correct: 124/128 | Elapsed Time: 25.00s
2026-01-21 01:06:04,093 | INFO | Batch 230 | Loss: 0.1407 | Correct: 123/128 | Elapsed Time: 25.01s
2026-01-21 01:06:29,129 | INFO | Batch 240 | Loss: 0.1019 | Correct: 124/128 | Elapsed Time: 25.04s
2026-01-21 01:06:54,154 | INFO | Batch 250 | Loss: 0.0745 | Correct: 125/128 | Elapsed Time: 25.03s
2026-01-21 01:07:19,206 | INFO | Batch 260 | Loss: 0.0790 | Correct: 125/128 | Elapsed Time: 25.05s
2026-01-21 01:07:44,338 | INFO | Batch 270 | Loss: 0.1316 | Correct: 122/128 | Elapsed Time: 25.13s
2026-01-21 01:08:09,335 | INFO | Batch 280 | Loss: 0.0888 | Correct: 124/128 | Elapsed Time: 25.00s
2026-01-21 01:08:34,339 | INFO | Batch 290 | Loss: 0.0991 | Correct: 124/128 | Elapsed Time: 25.00s
2026-01-21 01:08:59,334 | INFO | Batch 300 | Loss: 0.0997 | Correct: 122/128 | Elapsed Time: 25.00s
2026-01-21 01:09:24,324 | INFO | Batch 310 | Loss: 0.1541 | Correct: 121/128 | Elapsed Time: 24.99s
2026-01-21 01:09:49,348 | INFO | Batch 320 | Loss: 0.1451 | Correct: 121/128 | Elapsed Time: 25.02s
2026-01-21 01:10:14,351 | INFO | Batch 330 | Loss: 0.0802 | Correct: 123/128 | Elapsed Time: 25.00s
2026-01-21 01:10:39,469 | INFO | Batch 340 | Loss: 0.1472 | Correct: 120/128 | Elapsed Time: 25.12s
2026-01-21 01:11:04,449 | INFO | Batch 350 | Loss: 0.1229 | Correct: 121/128 | Elapsed Time: 24.98s
2026-01-21 01:11:29,446 | INFO | Batch 360 | Loss: 0.1208 | Correct: 124/128 | Elapsed Time: 25.00s
2026-01-21 01:11:54,379 | INFO | Batch 370 | Loss: 0.0615 | Correct: 126/128 | Elapsed Time: 24.93s
2026-01-21 01:12:19,344 | INFO | Batch 380 | Loss: 0.0490 | Correct: 127/128 | Elapsed Time: 24.96s
2026-01-21 01:12:44,279 | INFO | Batch 390 | Loss: 0.1552 | Correct: 120/128 | Elapsed Time: 24.94s
2026-01-21 01:12:45,961 | INFO | Epoch [98/100] - Loss: 0.1247 | Correct: 47797/50000 (95.59%, 977.31s)
2026-01-21 01:14:01,294 | INFO | Validation - Loss: 0.4754 | Correct: 8684/10000 (86.84%) (75.33s)
2026-01-21 01:14:26,469 | INFO | Batch 10 | Loss: 0.0706 | Correct: 126/128 | Elapsed Time: 25.17s
2026-01-21 01:14:51,500 | INFO | Batch 20 | Loss: 0.0982 | Correct: 123/128 | Elapsed Time: 25.03s
2026-01-21 01:15:16,512 | INFO | Batch 30 | Loss: 0.1342 | Correct: 122/128 | Elapsed Time: 25.01s
2026-01-21 01:15:41,477 | INFO | Batch 40 | Loss: 0.1147 | Correct: 120/128 | Elapsed Time: 24.96s
2026-01-21 01:16:06,537 | INFO | Batch 50 | Loss: 0.1887 | Correct: 119/128 | Elapsed Time: 25.06s
2026-01-21 01:16:31,585 | INFO | Batch 60 | Loss: 0.1385 | Correct: 119/128 | Elapsed Time: 25.05s
2026-01-21 01:16:56,793 | INFO | Batch 70 | Loss: 0.0838 | Correct: 124/128 | Elapsed Time: 25.21s
2026-01-21 01:17:21,920 | INFO | Batch 80 | Loss: 0.0857 | Correct: 126/128 | Elapsed Time: 25.13s
2026-01-21 01:17:47,006 | INFO | Batch 90 | Loss: 0.1107 | Correct: 122/128 | Elapsed Time: 25.09s
2026-01-21 01:18:12,031 | INFO | Batch 100 | Loss: 0.1898 | Correct: 121/128 | Elapsed Time: 25.02s
2026-01-21 01:18:37,098 | INFO | Batch 110 | Loss: 0.0646 | Correct: 124/128 | Elapsed Time: 25.07s
2026-01-21 01:19:02,141 | INFO | Batch 120 | Loss: 0.0803 | Correct: 124/128 | Elapsed Time: 25.04s
2026-01-21 01:19:27,115 | INFO | Batch 130 | Loss: 0.1086 | Correct: 124/128 | Elapsed Time: 24.97s
2026-01-21 01:19:52,244 | INFO | Batch 140 | Loss: 0.1861 | Correct: 119/128 | Elapsed Time: 25.13s
2026-01-21 01:20:17,342 | INFO | Batch 150 | Loss: 0.1846 | Correct: 120/128 | Elapsed Time: 25.10s
2026-01-21 01:20:42,311 | INFO | Batch 160 | Loss: 0.0915 | Correct: 124/128 | Elapsed Time: 24.97s
2026-01-21 01:21:07,275 | INFO | Batch 170 | Loss: 0.0754 | Correct: 124/128 | Elapsed Time: 24.96s
2026-01-21 01:21:32,207 | INFO | Batch 180 | Loss: 0.1292 | Correct: 122/128 | Elapsed Time: 24.93s
2026-01-21 01:21:57,209 | INFO | Batch 190 | Loss: 0.1565 | Correct: 120/128 | Elapsed Time: 25.00s
2026-01-21 01:22:22,312 | INFO | Batch 200 | Loss: 0.1739 | Correct: 121/128 | Elapsed Time: 25.10s
2026-01-21 01:22:47,286 | INFO | Batch 210 | Loss: 0.1060 | Correct: 122/128 | Elapsed Time: 24.97s
2026-01-21 01:23:12,238 | INFO | Batch 220 | Loss: 0.1387 | Correct: 119/128 | Elapsed Time: 24.95s
2026-01-21 01:23:37,233 | INFO | Batch 230 | Loss: 0.1386 | Correct: 119/128 | Elapsed Time: 25.00s
2026-01-21 01:24:02,229 | INFO | Batch 240 | Loss: 0.1037 | Correct: 124/128 | Elapsed Time: 25.00s
2026-01-21 01:24:27,266 | INFO | Batch 250 | Loss: 0.0661 | Correct: 125/128 | Elapsed Time: 25.04s
2026-01-21 01:24:52,355 | INFO | Batch 260 | Loss: 0.1875 | Correct: 121/128 | Elapsed Time: 25.09s
2026-01-21 01:25:17,477 | INFO | Batch 270 | Loss: 0.1019 | Correct: 124/128 | Elapsed Time: 25.12s
2026-01-21 01:25:42,474 | INFO | Batch 280 | Loss: 0.1424 | Correct: 123/128 | Elapsed Time: 25.00s
2026-01-21 01:26:07,511 | INFO | Batch 290 | Loss: 0.1007 | Correct: 125/128 | Elapsed Time: 25.04s
2026-01-21 01:26:32,512 | INFO | Batch 300 | Loss: 0.1371 | Correct: 121/128 | Elapsed Time: 25.00s
2026-01-21 01:26:57,493 | INFO | Batch 310 | Loss: 0.2335 | Correct: 116/128 | Elapsed Time: 24.98s
2026-01-21 01:27:22,468 | INFO | Batch 320 | Loss: 0.0874 | Correct: 124/128 | Elapsed Time: 24.97s
2026-01-21 01:27:47,454 | INFO | Batch 330 | Loss: 0.1452 | Correct: 123/128 | Elapsed Time: 24.99s
2026-01-21 01:28:12,563 | INFO | Batch 340 | Loss: 0.1172 | Correct: 123/128 | Elapsed Time: 25.11s
2026-01-21 01:28:37,536 | INFO | Batch 350 | Loss: 0.1998 | Correct: 118/128 | Elapsed Time: 24.97s
2026-01-21 01:29:02,525 | INFO | Batch 360 | Loss: 0.1141 | Correct: 121/128 | Elapsed Time: 24.99s
2026-01-21 01:29:27,483 | INFO | Batch 370 | Loss: 0.0512 | Correct: 125/128 | Elapsed Time: 24.96s
2026-01-21 01:29:52,457 | INFO | Batch 380 | Loss: 0.1026 | Correct: 124/128 | Elapsed Time: 24.97s
2026-01-21 01:30:17,445 | INFO | Batch 390 | Loss: 0.0682 | Correct: 127/128 | Elapsed Time: 24.99s
2026-01-21 01:30:19,159 | INFO | Epoch [99/100] - Loss: 0.1217 | Correct: 47790/50000 (95.58%, 977.86s)
2026-01-21 01:31:34,666 | INFO | Validation - Loss: 0.4716 | Correct: 8690/10000 (86.90%) (75.51s)
2026-01-21 01:31:59,640 | INFO | Batch 10 | Loss: 0.0988 | Correct: 124/128 | Elapsed Time: 24.97s
2026-01-21 01:32:24,587 | INFO | Batch 20 | Loss: 0.1010 | Correct: 124/128 | Elapsed Time: 24.95s
2026-01-21 01:32:49,539 | INFO | Batch 30 | Loss: 0.1466 | Correct: 121/128 | Elapsed Time: 24.95s
2026-01-21 01:33:14,484 | INFO | Batch 40 | Loss: 0.1699 | Correct: 120/128 | Elapsed Time: 24.95s
2026-01-21 01:33:39,439 | INFO | Batch 50 | Loss: 0.1565 | Correct: 124/128 | Elapsed Time: 24.95s
2026-01-21 01:34:04,454 | INFO | Batch 60 | Loss: 0.1262 | Correct: 123/128 | Elapsed Time: 25.02s
2026-01-21 01:34:29,531 | INFO | Batch 70 | Loss: 0.2068 | Correct: 119/128 | Elapsed Time: 25.08s
2026-01-21 01:34:54,478 | INFO | Batch 80 | Loss: 0.1188 | Correct: 123/128 | Elapsed Time: 24.95s
2026-01-21 01:35:19,447 | INFO | Batch 90 | Loss: 0.1772 | Correct: 119/128 | Elapsed Time: 24.97s
2026-01-21 01:35:44,441 | INFO | Batch 100 | Loss: 0.0985 | Correct: 124/128 | Elapsed Time: 24.99s
2026-01-21 01:36:09,428 | INFO | Batch 110 | Loss: 0.1561 | Correct: 123/128 | Elapsed Time: 24.99s
2026-01-21 01:36:34,422 | INFO | Batch 120 | Loss: 0.1882 | Correct: 117/128 | Elapsed Time: 24.99s
2026-01-21 01:36:59,462 | INFO | Batch 130 | Loss: 0.1236 | Correct: 121/128 | Elapsed Time: 25.04s
2026-01-21 01:37:24,558 | INFO | Batch 140 | Loss: 0.1672 | Correct: 121/128 | Elapsed Time: 25.10s
2026-01-21 01:37:49,600 | INFO | Batch 150 | Loss: 0.1614 | Correct: 121/128 | Elapsed Time: 25.04s
2026-01-21 01:38:14,636 | INFO | Batch 160 | Loss: 0.1375 | Correct: 123/128 | Elapsed Time: 25.04s
2026-01-21 01:38:39,610 | INFO | Batch 170 | Loss: 0.1126 | Correct: 121/128 | Elapsed Time: 24.97s
2026-01-21 01:39:04,585 | INFO | Batch 180 | Loss: 0.1065 | Correct: 123/128 | Elapsed Time: 24.98s
2026-01-21 01:39:29,555 | INFO | Batch 190 | Loss: 0.1891 | Correct: 117/128 | Elapsed Time: 24.97s
2026-01-21 01:39:54,586 | INFO | Batch 200 | Loss: 0.0961 | Correct: 124/128 | Elapsed Time: 25.03s
2026-01-21 01:40:19,576 | INFO | Batch 210 | Loss: 0.0927 | Correct: 127/128 | Elapsed Time: 24.99s
2026-01-21 01:40:44,539 | INFO | Batch 220 | Loss: 0.2257 | Correct: 119/128 | Elapsed Time: 24.96s
2026-01-21 01:41:09,465 | INFO | Batch 230 | Loss: 0.0873 | Correct: 123/128 | Elapsed Time: 24.93s
2026-01-21 01:41:34,446 | INFO | Batch 240 | Loss: 0.1138 | Correct: 123/128 | Elapsed Time: 24.98s
2026-01-21 01:41:59,438 | INFO | Batch 250 | Loss: 0.1122 | Correct: 125/128 | Elapsed Time: 24.99s
2026-01-21 01:42:24,396 | INFO | Batch 260 | Loss: 0.1768 | Correct: 120/128 | Elapsed Time: 24.96s
2026-01-21 01:42:49,486 | INFO | Batch 270 | Loss: 0.1280 | Correct: 120/128 | Elapsed Time: 25.09s
2026-01-21 01:43:14,456 | INFO | Batch 280 | Loss: 0.1278 | Correct: 121/128 | Elapsed Time: 24.97s
2026-01-21 01:43:39,453 | INFO | Batch 290 | Loss: 0.1154 | Correct: 122/128 | Elapsed Time: 25.00s
2026-01-21 01:44:04,439 | INFO | Batch 300 | Loss: 0.1260 | Correct: 120/128 | Elapsed Time: 24.99s
2026-01-21 01:44:29,415 | INFO | Batch 310 | Loss: 0.0858 | Correct: 124/128 | Elapsed Time: 24.98s
2026-01-21 01:44:54,343 | INFO | Batch 320 | Loss: 0.0941 | Correct: 124/128 | Elapsed Time: 24.93s
2026-01-21 01:45:19,358 | INFO | Batch 330 | Loss: 0.0811 | Correct: 124/128 | Elapsed Time: 25.01s
2026-01-21 01:45:44,497 | INFO | Batch 340 | Loss: 0.1483 | Correct: 121/128 | Elapsed Time: 25.14s
2026-01-21 01:46:09,552 | INFO | Batch 350 | Loss: 0.0797 | Correct: 124/128 | Elapsed Time: 25.05s
2026-01-21 01:46:34,545 | INFO | Batch 360 | Loss: 0.0728 | Correct: 125/128 | Elapsed Time: 24.99s
2026-01-21 01:46:59,590 | INFO | Batch 370 | Loss: 0.1337 | Correct: 123/128 | Elapsed Time: 25.05s
2026-01-21 01:47:24,623 | INFO | Batch 380 | Loss: 0.1102 | Correct: 122/128 | Elapsed Time: 25.03s
2026-01-21 01:47:49,658 | INFO | Batch 390 | Loss: 0.1468 | Correct: 122/128 | Elapsed Time: 25.03s
2026-01-21 01:47:51,342 | INFO | Epoch [100/100] - Loss: 0.1231 | Correct: 47847/50000 (95.69%, 976.67s)
2026-01-21 01:49:06,910 | INFO | Validation - Loss: 0.4777 | Correct: 8688/10000 (86.88%) (75.57s)
2026-01-21 01:49:06,915 | INFO | Training complete.
2026-01-21 01:49:07,013 | INFO | Final model saved to ./checkpoints/mobilenetv1_lns_final_20260119_202838.pt
