2026-01-19 15:00:03,456 | INFO | Training MobileNetV1 on CIFAR-10 with LNS64 (f=7, lookup table=True) on device cuda:0
2026-01-19 15:00:03,457 | INFO | Hyperparameters: epochs=100, batch_size=128, lr=0.1, momentum=0.9, weight_decay=0.0001
2026-01-19 15:02:42,694 | INFO | Batch 10 | Loss: 3.0347 | Correct: 21/128 | Elapsed Time: 159.24s
2026-01-19 15:03:04,824 | INFO | Batch 20 | Loss: 2.9858 | Correct: 17/128 | Elapsed Time: 22.13s
2026-01-19 15:03:26,718 | INFO | Batch 30 | Loss: 2.7980 | Correct: 19/128 | Elapsed Time: 21.89s
2026-01-19 15:03:48,506 | INFO | Batch 40 | Loss: 2.4703 | Correct: 24/128 | Elapsed Time: 21.79s
2026-01-19 15:04:10,520 | INFO | Batch 50 | Loss: 2.4174 | Correct: 23/128 | Elapsed Time: 22.01s
2026-01-19 15:04:32,405 | INFO | Batch 60 | Loss: 2.0000 | Correct: 34/128 | Elapsed Time: 21.89s
2026-01-19 15:04:54,257 | INFO | Batch 70 | Loss: 1.9256 | Correct: 36/128 | Elapsed Time: 21.85s
2026-01-19 15:05:16,126 | INFO | Batch 80 | Loss: 2.2048 | Correct: 26/128 | Elapsed Time: 21.87s
2026-01-19 15:05:37,940 | INFO | Batch 90 | Loss: 1.8742 | Correct: 42/128 | Elapsed Time: 21.81s
2026-01-19 15:05:59,787 | INFO | Batch 100 | Loss: 1.7947 | Correct: 43/128 | Elapsed Time: 21.85s
2026-01-19 15:06:21,643 | INFO | Batch 110 | Loss: 1.6818 | Correct: 41/128 | Elapsed Time: 21.86s
2026-01-19 15:06:43,577 | INFO | Batch 120 | Loss: 1.7093 | Correct: 48/128 | Elapsed Time: 21.93s
2026-01-19 15:07:05,404 | INFO | Batch 130 | Loss: 1.8540 | Correct: 39/128 | Elapsed Time: 21.83s
2026-01-19 15:07:27,247 | INFO | Batch 140 | Loss: 1.8742 | Correct: 44/128 | Elapsed Time: 21.84s
2026-01-19 15:07:49,028 | INFO | Batch 150 | Loss: 1.8045 | Correct: 46/128 | Elapsed Time: 21.78s
2026-01-19 15:08:10,847 | INFO | Batch 160 | Loss: 1.7468 | Correct: 43/128 | Elapsed Time: 21.82s
2026-01-19 15:08:32,516 | INFO | Batch 170 | Loss: 1.7563 | Correct: 43/128 | Elapsed Time: 21.67s
2026-01-19 15:08:54,244 | INFO | Batch 180 | Loss: 1.7186 | Correct: 47/128 | Elapsed Time: 21.73s
2026-01-19 15:09:15,903 | INFO | Batch 190 | Loss: 1.7754 | Correct: 39/128 | Elapsed Time: 21.66s
2026-01-19 15:09:37,565 | INFO | Batch 200 | Loss: 1.7186 | Correct: 46/128 | Elapsed Time: 21.66s
2026-01-19 15:09:59,189 | INFO | Batch 210 | Loss: 1.8143 | Correct: 48/128 | Elapsed Time: 21.62s
2026-01-19 15:10:20,981 | INFO | Batch 220 | Loss: 1.8540 | Correct: 40/128 | Elapsed Time: 21.79s
2026-01-19 15:10:42,591 | INFO | Batch 230 | Loss: 1.7093 | Correct: 48/128 | Elapsed Time: 21.61s
2026-01-19 15:11:04,351 | INFO | Batch 240 | Loss: 1.6458 | Correct: 44/128 | Elapsed Time: 21.76s
2026-01-19 15:11:25,926 | INFO | Batch 250 | Loss: 1.5339 | Correct: 51/128 | Elapsed Time: 21.57s
2026-01-19 15:11:47,493 | INFO | Batch 260 | Loss: 1.4848 | Correct: 54/128 | Elapsed Time: 21.57s
2026-01-19 15:12:09,122 | INFO | Batch 270 | Loss: 1.6818 | Correct: 48/128 | Elapsed Time: 21.63s
2026-01-19 15:12:30,699 | INFO | Batch 280 | Loss: 1.6105 | Correct: 54/128 | Elapsed Time: 21.58s
2026-01-19 15:12:52,228 | INFO | Batch 290 | Loss: 1.6547 | Correct: 49/128 | Elapsed Time: 21.53s
2026-01-19 15:13:13,894 | INFO | Batch 300 | Loss: 1.5845 | Correct: 46/128 | Elapsed Time: 21.67s
2026-01-19 15:13:35,431 | INFO | Batch 310 | Loss: 1.4296 | Correct: 60/128 | Elapsed Time: 21.54s
2026-01-19 15:13:56,985 | INFO | Batch 320 | Loss: 1.7186 | Correct: 46/128 | Elapsed Time: 21.55s
2026-01-19 15:14:18,550 | INFO | Batch 330 | Loss: 1.6192 | Correct: 61/128 | Elapsed Time: 21.56s
2026-01-19 15:14:40,074 | INFO | Batch 340 | Loss: 1.7947 | Correct: 41/128 | Elapsed Time: 21.52s
2026-01-19 15:15:01,593 | INFO | Batch 350 | Loss: 1.5010 | Correct: 63/128 | Elapsed Time: 21.52s
2026-01-19 15:15:23,242 | INFO | Batch 360 | Loss: 1.5845 | Correct: 54/128 | Elapsed Time: 21.65s
2026-01-19 15:15:44,814 | INFO | Batch 370 | Loss: 1.4768 | Correct: 50/128 | Elapsed Time: 21.57s
2026-01-19 15:16:06,360 | INFO | Batch 380 | Loss: 1.6637 | Correct: 48/128 | Elapsed Time: 21.55s
2026-01-19 15:16:27,865 | INFO | Batch 390 | Loss: 1.5010 | Correct: 60/128 | Elapsed Time: 21.50s
2026-01-19 15:16:34,266 | INFO | Epoch [1/100] - Loss: 1.8247 | Correct: 17267/50000 (34.53%, 990.81s)
2026-01-19 15:17:48,801 | INFO | Validation - Loss: 1.4531 | Correct: 4642/10000 (46.42%) (74.53s)
2026-01-19 15:17:48,895 | INFO | New best model saved at epoch 1 with Top1 Acc: 46.42%
2026-01-19 15:18:10,480 | INFO | Batch 10 | Loss: 1.5256 | Correct: 54/128 | Elapsed Time: 21.58s
2026-01-19 15:18:32,124 | INFO | Batch 20 | Loss: 1.5760 | Correct: 54/128 | Elapsed Time: 21.64s
2026-01-19 15:18:53,613 | INFO | Batch 30 | Loss: 1.3690 | Correct: 65/128 | Elapsed Time: 21.49s
2026-01-19 15:19:15,134 | INFO | Batch 40 | Loss: 1.5174 | Correct: 53/128 | Elapsed Time: 21.52s
2026-01-19 15:19:36,610 | INFO | Batch 50 | Loss: 1.5010 | Correct: 57/128 | Elapsed Time: 21.48s
2026-01-19 15:19:58,099 | INFO | Batch 60 | Loss: 1.5760 | Correct: 56/128 | Elapsed Time: 21.49s
2026-01-19 15:20:19,719 | INFO | Batch 70 | Loss: 1.4609 | Correct: 59/128 | Elapsed Time: 21.62s
2026-01-19 15:20:41,260 | INFO | Batch 80 | Loss: 1.5092 | Correct: 55/128 | Elapsed Time: 21.54s
2026-01-19 15:21:02,792 | INFO | Batch 90 | Loss: 1.2022 | Correct: 72/128 | Elapsed Time: 21.53s
2026-01-19 15:21:24,323 | INFO | Batch 100 | Loss: 1.4848 | Correct: 58/128 | Elapsed Time: 21.53s
2026-01-19 15:21:45,807 | INFO | Batch 110 | Loss: 1.4452 | Correct: 59/128 | Elapsed Time: 21.48s
2026-01-19 15:22:07,287 | INFO | Batch 120 | Loss: 1.3039 | Correct: 69/128 | Elapsed Time: 21.48s
2026-01-19 15:22:28,808 | INFO | Batch 130 | Loss: 1.4530 | Correct: 58/128 | Elapsed Time: 21.52s
2026-01-19 15:22:50,390 | INFO | Batch 140 | Loss: 1.4848 | Correct: 60/128 | Elapsed Time: 21.58s
2026-01-19 15:23:11,890 | INFO | Batch 150 | Loss: 1.4296 | Correct: 65/128 | Elapsed Time: 21.50s
2026-01-19 15:23:33,397 | INFO | Batch 160 | Loss: 1.4768 | Correct: 57/128 | Elapsed Time: 21.51s
2026-01-19 15:23:54,913 | INFO | Batch 170 | Loss: 1.3990 | Correct: 59/128 | Elapsed Time: 21.52s
2026-01-19 15:24:16,413 | INFO | Batch 180 | Loss: 1.3690 | Correct: 62/128 | Elapsed Time: 21.50s
2026-01-19 15:24:37,883 | INFO | Batch 190 | Loss: 1.3543 | Correct: 64/128 | Elapsed Time: 21.47s
2026-01-19 15:24:59,473 | INFO | Batch 200 | Loss: 1.2759 | Correct: 62/128 | Elapsed Time: 21.59s
2026-01-19 15:25:21,019 | INFO | Batch 210 | Loss: 1.4452 | Correct: 66/128 | Elapsed Time: 21.55s
2026-01-19 15:25:42,493 | INFO | Batch 220 | Loss: 1.4689 | Correct: 59/128 | Elapsed Time: 21.47s
2026-01-19 15:26:04,020 | INFO | Batch 230 | Loss: 1.3616 | Correct: 73/128 | Elapsed Time: 21.53s
2026-01-19 15:26:25,503 | INFO | Batch 240 | Loss: 1.3914 | Correct: 62/128 | Elapsed Time: 21.48s
2026-01-19 15:26:46,989 | INFO | Batch 250 | Loss: 1.4530 | Correct: 66/128 | Elapsed Time: 21.49s
2026-01-19 15:27:08,518 | INFO | Batch 260 | Loss: 1.3839 | Correct: 62/128 | Elapsed Time: 21.53s
2026-01-19 15:27:30,078 | INFO | Batch 270 | Loss: 1.3324 | Correct: 75/128 | Elapsed Time: 21.56s
2026-01-19 15:27:51,546 | INFO | Batch 280 | Loss: 1.3914 | Correct: 67/128 | Elapsed Time: 21.47s
2026-01-19 15:28:13,073 | INFO | Batch 290 | Loss: 1.3839 | Correct: 62/128 | Elapsed Time: 21.53s
2026-01-19 15:28:34,578 | INFO | Batch 300 | Loss: 1.2419 | Correct: 69/128 | Elapsed Time: 21.50s
2026-01-19 15:28:56,049 | INFO | Batch 310 | Loss: 1.2829 | Correct: 70/128 | Elapsed Time: 21.47s
2026-01-19 15:29:17,540 | INFO | Batch 320 | Loss: 1.1574 | Correct: 83/128 | Elapsed Time: 21.49s
2026-01-19 15:29:39,118 | INFO | Batch 330 | Loss: 1.2486 | Correct: 77/128 | Elapsed Time: 21.58s
2026-01-19 15:30:00,602 | INFO | Batch 340 | Loss: 1.3110 | Correct: 70/128 | Elapsed Time: 21.48s
2026-01-19 15:30:22,179 | INFO | Batch 350 | Loss: 1.1957 | Correct: 66/128 | Elapsed Time: 21.58s
2026-01-19 15:30:43,664 | INFO | Batch 360 | Loss: 1.5675 | Correct: 64/128 | Elapsed Time: 21.49s
2026-01-19 15:31:05,215 | INFO | Batch 370 | Loss: 1.2022 | Correct: 77/128 | Elapsed Time: 21.55s
2026-01-19 15:31:26,710 | INFO | Batch 380 | Loss: 1.4066 | Correct: 59/128 | Elapsed Time: 21.50s
2026-01-19 15:31:48,186 | INFO | Batch 390 | Loss: 1.3324 | Correct: 64/128 | Elapsed Time: 21.48s
2026-01-19 15:31:49,583 | INFO | Epoch [2/100] - Loss: 1.3622 | Correct: 25574/50000 (51.15%, 840.69s)
2026-01-19 15:33:00,949 | INFO | Validation - Loss: 1.2857 | Correct: 5390/10000 (53.90%) (71.37s)
2026-01-19 15:33:01,233 | INFO | New best model saved at epoch 2 with Top1 Acc: 53.90%
2026-01-19 15:33:22,769 | INFO | Batch 10 | Loss: 1.2022 | Correct: 75/128 | Elapsed Time: 21.54s
2026-01-19 15:33:44,265 | INFO | Batch 20 | Loss: 1.2829 | Correct: 73/128 | Elapsed Time: 21.50s
2026-01-19 15:34:05,818 | INFO | Batch 30 | Loss: 1.3690 | Correct: 58/128 | Elapsed Time: 21.55s
2026-01-19 15:34:27,305 | INFO | Batch 40 | Loss: 1.0054 | Correct: 80/128 | Elapsed Time: 21.49s
2026-01-19 15:34:48,823 | INFO | Batch 50 | Loss: 1.1574 | Correct: 78/128 | Elapsed Time: 21.52s
2026-01-19 15:35:10,421 | INFO | Batch 60 | Loss: 1.1828 | Correct: 80/128 | Elapsed Time: 21.60s
2026-01-19 15:35:31,890 | INFO | Batch 70 | Loss: 1.1892 | Correct: 73/128 | Elapsed Time: 21.47s
2026-01-19 15:35:53,389 | INFO | Batch 80 | Loss: 1.1574 | Correct: 78/128 | Elapsed Time: 21.50s
2026-01-19 15:36:14,924 | INFO | Batch 90 | Loss: 1.1326 | Correct: 72/128 | Elapsed Time: 21.54s
2026-01-19 15:36:36,399 | INFO | Batch 100 | Loss: 1.1637 | Correct: 78/128 | Elapsed Time: 21.47s
2026-01-19 15:36:57,977 | INFO | Batch 110 | Loss: 1.1637 | Correct: 74/128 | Elapsed Time: 21.58s
2026-01-19 15:37:19,510 | INFO | Batch 120 | Loss: 1.1512 | Correct: 74/128 | Elapsed Time: 21.53s
2026-01-19 15:37:40,973 | INFO | Batch 130 | Loss: 1.1265 | Correct: 82/128 | Elapsed Time: 21.46s
2026-01-19 15:38:02,461 | INFO | Batch 140 | Loss: 1.0164 | Correct: 84/128 | Elapsed Time: 21.49s
2026-01-19 15:38:23,958 | INFO | Batch 150 | Loss: 1.0905 | Correct: 84/128 | Elapsed Time: 21.50s
2026-01-19 15:38:45,444 | INFO | Batch 160 | Loss: 1.0905 | Correct: 76/128 | Elapsed Time: 21.49s
2026-01-19 15:39:07,037 | INFO | Batch 170 | Loss: 1.1512 | Correct: 73/128 | Elapsed Time: 21.59s
2026-01-19 15:39:28,596 | INFO | Batch 180 | Loss: 1.2022 | Correct: 74/128 | Elapsed Time: 21.56s
2026-01-19 15:39:50,077 | INFO | Batch 190 | Loss: 1.1326 | Correct: 76/128 | Elapsed Time: 21.48s
2026-01-19 15:40:11,673 | INFO | Batch 200 | Loss: 1.0905 | Correct: 78/128 | Elapsed Time: 21.60s
2026-01-19 15:40:33,206 | INFO | Batch 210 | Loss: 1.1084 | Correct: 71/128 | Elapsed Time: 21.53s
2026-01-19 15:40:54,701 | INFO | Batch 220 | Loss: 1.1450 | Correct: 83/128 | Elapsed Time: 21.50s
2026-01-19 15:41:16,189 | INFO | Batch 230 | Loss: 1.2419 | Correct: 76/128 | Elapsed Time: 21.49s
2026-01-19 15:41:37,667 | INFO | Batch 240 | Loss: 1.0443 | Correct: 88/128 | Elapsed Time: 21.48s
2026-01-19 15:41:59,200 | INFO | Batch 250 | Loss: 1.0499 | Correct: 79/128 | Elapsed Time: 21.53s
2026-01-19 15:42:20,723 | INFO | Batch 260 | Loss: 0.9733 | Correct: 84/128 | Elapsed Time: 21.52s
2026-01-19 15:42:42,214 | INFO | Batch 270 | Loss: 1.1024 | Correct: 81/128 | Elapsed Time: 21.49s
2026-01-19 15:43:03,686 | INFO | Batch 280 | Loss: 1.0671 | Correct: 78/128 | Elapsed Time: 21.47s
2026-01-19 15:43:25,201 | INFO | Batch 290 | Loss: 1.0556 | Correct: 81/128 | Elapsed Time: 21.51s
2026-01-19 15:43:46,678 | INFO | Batch 300 | Loss: 1.2087 | Correct: 79/128 | Elapsed Time: 21.48s
2026-01-19 15:44:08,150 | INFO | Batch 310 | Loss: 0.8829 | Correct: 89/128 | Elapsed Time: 21.47s
2026-01-19 15:44:29,680 | INFO | Batch 320 | Loss: 1.2152 | Correct: 75/128 | Elapsed Time: 21.53s
2026-01-19 15:44:51,146 | INFO | Batch 330 | Loss: 1.0274 | Correct: 83/128 | Elapsed Time: 21.47s
2026-01-19 15:45:12,669 | INFO | Batch 340 | Loss: 0.9839 | Correct: 83/128 | Elapsed Time: 21.52s
2026-01-19 15:45:34,141 | INFO | Batch 350 | Loss: 1.1326 | Correct: 85/128 | Elapsed Time: 21.47s
2026-01-19 15:45:55,603 | INFO | Batch 360 | Loss: 1.0054 | Correct: 80/128 | Elapsed Time: 21.46s
2026-01-19 15:46:17,104 | INFO | Batch 370 | Loss: 1.0671 | Correct: 82/128 | Elapsed Time: 21.50s
2026-01-19 15:46:38,555 | INFO | Batch 380 | Loss: 1.0054 | Correct: 88/128 | Elapsed Time: 21.45s
2026-01-19 15:47:00,095 | INFO | Batch 390 | Loss: 1.1326 | Correct: 78/128 | Elapsed Time: 21.54s
2026-01-19 15:47:01,487 | INFO | Epoch [3/100] - Loss: 1.1181 | Correct: 30340/50000 (60.68%, 840.25s)
2026-01-19 15:48:12,562 | INFO | Validation - Loss: 0.9649 | Correct: 6565/10000 (65.65%) (71.07s)
2026-01-19 15:48:12,807 | INFO | New best model saved at epoch 3 with Top1 Acc: 65.65%
2026-01-19 15:48:34,308 | INFO | Batch 10 | Loss: 1.0905 | Correct: 72/128 | Elapsed Time: 21.50s
2026-01-19 15:48:55,798 | INFO | Batch 20 | Loss: 0.9680 | Correct: 84/128 | Elapsed Time: 21.49s
2026-01-19 15:49:17,280 | INFO | Batch 30 | Loss: 1.1957 | Correct: 74/128 | Elapsed Time: 21.48s
2026-01-19 15:49:38,823 | INFO | Batch 40 | Loss: 1.0109 | Correct: 81/128 | Elapsed Time: 21.54s
2026-01-19 15:50:00,282 | INFO | Batch 50 | Loss: 0.9022 | Correct: 84/128 | Elapsed Time: 21.46s
2026-01-19 15:50:21,855 | INFO | Batch 60 | Loss: 0.9422 | Correct: 86/128 | Elapsed Time: 21.57s
2026-01-19 15:50:43,343 | INFO | Batch 70 | Loss: 1.0164 | Correct: 80/128 | Elapsed Time: 21.49s
2026-01-19 15:51:04,804 | INFO | Batch 80 | Loss: 1.0443 | Correct: 77/128 | Elapsed Time: 21.46s
2026-01-19 15:51:26,296 | INFO | Batch 90 | Loss: 0.9422 | Correct: 84/128 | Elapsed Time: 21.49s
2026-01-19 15:51:47,859 | INFO | Batch 100 | Loss: 0.9220 | Correct: 87/128 | Elapsed Time: 21.56s
2026-01-19 15:52:09,375 | INFO | Batch 110 | Loss: 1.0788 | Correct: 82/128 | Elapsed Time: 21.52s
2026-01-19 15:52:30,845 | INFO | Batch 120 | Loss: 1.1764 | Correct: 78/128 | Elapsed Time: 21.47s
2026-01-19 15:52:52,263 | INFO | Batch 130 | Loss: 0.9839 | Correct: 84/128 | Elapsed Time: 21.42s
2026-01-19 15:53:13,785 | INFO | Batch 140 | Loss: 1.0788 | Correct: 76/128 | Elapsed Time: 21.52s
2026-01-19 15:53:35,267 | INFO | Batch 150 | Loss: 0.8593 | Correct: 90/128 | Elapsed Time: 21.48s
2026-01-19 15:53:56,749 | INFO | Batch 160 | Loss: 0.8877 | Correct: 88/128 | Elapsed Time: 21.48s
2026-01-19 15:54:18,334 | INFO | Batch 170 | Loss: 0.9121 | Correct: 83/128 | Elapsed Time: 21.58s
2026-01-19 15:54:39,795 | INFO | Batch 180 | Loss: 1.1764 | Correct: 80/128 | Elapsed Time: 21.46s
2026-01-19 15:55:01,219 | INFO | Batch 190 | Loss: 0.9022 | Correct: 86/128 | Elapsed Time: 21.42s
2026-01-19 15:55:22,716 | INFO | Batch 200 | Loss: 1.0219 | Correct: 85/128 | Elapsed Time: 21.50s
2026-01-19 15:55:44,211 | INFO | Batch 210 | Loss: 0.9839 | Correct: 85/128 | Elapsed Time: 21.49s
2026-01-19 15:56:05,702 | INFO | Batch 220 | Loss: 0.9524 | Correct: 90/128 | Elapsed Time: 21.49s
2026-01-19 15:56:27,167 | INFO | Batch 230 | Loss: 0.9220 | Correct: 89/128 | Elapsed Time: 21.46s
2026-01-19 15:56:48,697 | INFO | Batch 240 | Loss: 0.8829 | Correct: 87/128 | Elapsed Time: 21.53s
2026-01-19 15:57:10,246 | INFO | Batch 250 | Loss: 0.9576 | Correct: 81/128 | Elapsed Time: 21.55s
2026-01-19 15:57:31,731 | INFO | Batch 260 | Loss: 0.8009 | Correct: 90/128 | Elapsed Time: 21.48s
2026-01-19 15:57:53,164 | INFO | Batch 270 | Loss: 0.9022 | Correct: 85/128 | Elapsed Time: 21.43s
2026-01-19 15:58:14,680 | INFO | Batch 280 | Loss: 0.9524 | Correct: 79/128 | Elapsed Time: 21.52s
2026-01-19 15:58:36,168 | INFO | Batch 290 | Loss: 0.9170 | Correct: 84/128 | Elapsed Time: 21.49s
2026-01-19 15:58:57,647 | INFO | Batch 300 | Loss: 1.0729 | Correct: 81/128 | Elapsed Time: 21.48s
2026-01-19 15:59:19,273 | INFO | Batch 310 | Loss: 0.9071 | Correct: 90/128 | Elapsed Time: 21.63s
2026-01-19 15:59:40,706 | INFO | Batch 320 | Loss: 0.8501 | Correct: 92/128 | Elapsed Time: 21.43s
2026-01-19 16:00:02,176 | INFO | Batch 330 | Loss: 0.9946 | Correct: 86/128 | Elapsed Time: 21.47s
2026-01-19 16:00:23,788 | INFO | Batch 340 | Loss: 0.7880 | Correct: 94/128 | Elapsed Time: 21.61s
2026-01-19 16:00:45,289 | INFO | Batch 350 | Loss: 0.8925 | Correct: 91/128 | Elapsed Time: 21.50s
2026-01-19 16:01:06,792 | INFO | Batch 360 | Loss: 0.9473 | Correct: 86/128 | Elapsed Time: 21.50s
2026-01-19 16:01:28,285 | INFO | Batch 370 | Loss: 1.0330 | Correct: 77/128 | Elapsed Time: 21.49s
2026-01-19 16:01:49,860 | INFO | Batch 380 | Loss: 0.8734 | Correct: 89/128 | Elapsed Time: 21.58s
2026-01-19 16:02:11,386 | INFO | Batch 390 | Loss: 0.9022 | Correct: 88/128 | Elapsed Time: 21.53s
2026-01-19 16:02:12,785 | INFO | Epoch [4/100] - Loss: 0.9588 | Correct: 33249/50000 (66.50%, 839.98s)
2026-01-19 16:03:24,196 | INFO | Validation - Loss: 0.9566 | Correct: 6717/10000 (67.17%) (71.41s)
2026-01-19 16:03:24,473 | INFO | New best model saved at epoch 4 with Top1 Acc: 67.17%
2026-01-19 16:03:46,004 | INFO | Batch 10 | Loss: 0.8974 | Correct: 88/128 | Elapsed Time: 21.53s
2026-01-19 16:04:07,565 | INFO | Batch 20 | Loss: 0.7711 | Correct: 88/128 | Elapsed Time: 21.56s
2026-01-19 16:04:29,057 | INFO | Batch 30 | Loss: 0.8052 | Correct: 87/128 | Elapsed Time: 21.49s
2026-01-19 16:04:50,617 | INFO | Batch 40 | Loss: 1.0000 | Correct: 81/128 | Elapsed Time: 21.56s
2026-01-19 16:05:12,144 | INFO | Batch 50 | Loss: 0.8273 | Correct: 90/128 | Elapsed Time: 21.53s
2026-01-19 16:05:33,628 | INFO | Batch 60 | Loss: 0.8318 | Correct: 95/128 | Elapsed Time: 21.48s
2026-01-19 16:05:55,127 | INFO | Batch 70 | Loss: 0.8184 | Correct: 92/128 | Elapsed Time: 21.50s
2026-01-19 16:06:16,640 | INFO | Batch 80 | Loss: 0.9576 | Correct: 84/128 | Elapsed Time: 21.51s
2026-01-19 16:06:38,128 | INFO | Batch 90 | Loss: 0.8925 | Correct: 83/128 | Elapsed Time: 21.49s
2026-01-19 16:06:59,663 | INFO | Batch 100 | Loss: 0.6590 | Correct: 97/128 | Elapsed Time: 21.53s
2026-01-19 16:07:21,174 | INFO | Batch 110 | Loss: 0.9473 | Correct: 89/128 | Elapsed Time: 21.51s
2026-01-19 16:07:42,695 | INFO | Batch 120 | Loss: 0.8974 | Correct: 90/128 | Elapsed Time: 21.52s
2026-01-19 16:08:04,209 | INFO | Batch 130 | Loss: 0.6735 | Correct: 97/128 | Elapsed Time: 21.51s
2026-01-19 16:08:25,710 | INFO | Batch 140 | Loss: 0.9680 | Correct: 85/128 | Elapsed Time: 21.50s
2026-01-19 16:08:47,177 | INFO | Batch 150 | Loss: 0.8184 | Correct: 95/128 | Elapsed Time: 21.47s
2026-01-19 16:09:08,763 | INFO | Batch 160 | Loss: 0.8781 | Correct: 92/128 | Elapsed Time: 21.59s
2026-01-19 16:09:30,248 | INFO | Batch 170 | Loss: 0.7795 | Correct: 96/128 | Elapsed Time: 21.48s
2026-01-19 16:09:51,713 | INFO | Batch 180 | Loss: 0.8140 | Correct: 90/128 | Elapsed Time: 21.46s
2026-01-19 16:10:13,290 | INFO | Batch 190 | Loss: 0.9680 | Correct: 84/128 | Elapsed Time: 21.58s
2026-01-19 16:10:34,838 | INFO | Batch 200 | Loss: 0.8229 | Correct: 91/128 | Elapsed Time: 21.55s
2026-01-19 16:10:56,409 | INFO | Batch 210 | Loss: 0.7265 | Correct: 92/128 | Elapsed Time: 21.57s
2026-01-19 16:11:17,897 | INFO | Batch 220 | Loss: 0.8734 | Correct: 86/128 | Elapsed Time: 21.49s
2026-01-19 16:11:39,373 | INFO | Batch 230 | Loss: 0.7923 | Correct: 90/128 | Elapsed Time: 21.48s
2026-01-19 16:12:00,857 | INFO | Batch 240 | Loss: 0.9071 | Correct: 83/128 | Elapsed Time: 21.48s
2026-01-19 16:12:22,387 | INFO | Batch 250 | Loss: 0.7837 | Correct: 93/128 | Elapsed Time: 21.53s
2026-01-19 16:12:43,856 | INFO | Batch 260 | Loss: 1.0330 | Correct: 84/128 | Elapsed Time: 21.47s
2026-01-19 16:13:05,351 | INFO | Batch 270 | Loss: 0.7424 | Correct: 91/128 | Elapsed Time: 21.50s
2026-01-19 16:13:26,909 | INFO | Batch 280 | Loss: 0.8052 | Correct: 93/128 | Elapsed Time: 21.56s
2026-01-19 16:13:48,401 | INFO | Batch 290 | Loss: 0.7344 | Correct: 93/128 | Elapsed Time: 21.49s
2026-01-19 16:14:09,902 | INFO | Batch 300 | Loss: 0.8140 | Correct: 95/128 | Elapsed Time: 21.50s
2026-01-19 16:14:31,430 | INFO | Batch 310 | Loss: 0.8184 | Correct: 90/128 | Elapsed Time: 21.53s
2026-01-19 16:14:52,909 | INFO | Batch 320 | Loss: 0.7305 | Correct: 92/128 | Elapsed Time: 21.48s
2026-01-19 16:15:14,409 | INFO | Batch 330 | Loss: 0.7880 | Correct: 90/128 | Elapsed Time: 21.50s
2026-01-19 16:15:35,884 | INFO | Batch 340 | Loss: 0.7880 | Correct: 97/128 | Elapsed Time: 21.47s
2026-01-19 16:15:57,443 | INFO | Batch 350 | Loss: 0.8409 | Correct: 91/128 | Elapsed Time: 21.56s
2026-01-19 16:16:18,925 | INFO | Batch 360 | Loss: 0.8781 | Correct: 90/128 | Elapsed Time: 21.48s
2026-01-19 16:16:40,410 | INFO | Batch 370 | Loss: 0.8318 | Correct: 95/128 | Elapsed Time: 21.48s
2026-01-19 16:17:01,916 | INFO | Batch 380 | Loss: 0.8273 | Correct: 93/128 | Elapsed Time: 21.51s
2026-01-19 16:17:23,408 | INFO | Batch 390 | Loss: 0.7546 | Correct: 90/128 | Elapsed Time: 21.49s
2026-01-19 16:17:24,801 | INFO | Epoch [5/100] - Loss: 0.8540 | Correct: 35083/50000 (70.17%, 840.33s)
2026-01-19 16:18:36,025 | INFO | Validation - Loss: 0.9430 | Correct: 6728/10000 (67.28%) (71.22s)
2026-01-19 16:18:36,277 | INFO | New best model saved at epoch 5 with Top1 Acc: 67.28%
2026-01-19 16:18:57,799 | INFO | Batch 10 | Loss: 0.7795 | Correct: 97/128 | Elapsed Time: 21.52s
2026-01-19 16:19:19,391 | INFO | Batch 20 | Loss: 0.7424 | Correct: 93/128 | Elapsed Time: 21.59s
2026-01-19 16:19:40,866 | INFO | Batch 30 | Loss: 0.8687 | Correct: 87/128 | Elapsed Time: 21.48s
2026-01-19 16:20:02,362 | INFO | Batch 40 | Loss: 0.6920 | Correct: 96/128 | Elapsed Time: 21.50s
2026-01-19 16:20:23,992 | INFO | Batch 50 | Loss: 0.8734 | Correct: 90/128 | Elapsed Time: 21.63s
2026-01-19 16:20:45,462 | INFO | Batch 60 | Loss: 0.9628 | Correct: 85/128 | Elapsed Time: 21.47s
2026-01-19 16:21:06,960 | INFO | Batch 70 | Loss: 0.5946 | Correct: 99/128 | Elapsed Time: 21.50s
2026-01-19 16:21:28,519 | INFO | Batch 80 | Loss: 0.6845 | Correct: 100/128 | Elapsed Time: 21.56s
2026-01-19 16:21:49,964 | INFO | Batch 90 | Loss: 0.8009 | Correct: 93/128 | Elapsed Time: 21.45s
2026-01-19 16:22:11,465 | INFO | Batch 100 | Loss: 0.6449 | Correct: 100/128 | Elapsed Time: 21.50s
2026-01-19 16:22:32,942 | INFO | Batch 110 | Loss: 0.9422 | Correct: 89/128 | Elapsed Time: 21.48s
2026-01-19 16:22:54,427 | INFO | Batch 120 | Loss: 0.6698 | Correct: 100/128 | Elapsed Time: 21.48s
2026-01-19 16:23:15,935 | INFO | Batch 130 | Loss: 0.9071 | Correct: 92/128 | Elapsed Time: 21.51s
2026-01-19 16:23:37,492 | INFO | Batch 140 | Loss: 0.7546 | Correct: 94/128 | Elapsed Time: 21.56s
2026-01-19 16:23:58,931 | INFO | Batch 150 | Loss: 0.7669 | Correct: 100/128 | Elapsed Time: 21.44s
2026-01-19 16:24:20,431 | INFO | Batch 160 | Loss: 0.7071 | Correct: 100/128 | Elapsed Time: 21.50s
2026-01-19 16:24:41,888 | INFO | Batch 170 | Loss: 0.7669 | Correct: 95/128 | Elapsed Time: 21.46s
2026-01-19 16:25:03,357 | INFO | Batch 180 | Loss: 0.6449 | Correct: 101/128 | Elapsed Time: 21.47s
2026-01-19 16:25:24,865 | INFO | Batch 190 | Loss: 0.8734 | Correct: 86/128 | Elapsed Time: 21.51s
2026-01-19 16:25:46,417 | INFO | Batch 200 | Loss: 0.8273 | Correct: 86/128 | Elapsed Time: 21.55s
2026-01-19 16:26:07,932 | INFO | Batch 210 | Loss: 0.6142 | Correct: 104/128 | Elapsed Time: 21.52s
2026-01-19 16:26:29,384 | INFO | Batch 220 | Loss: 0.7505 | Correct: 92/128 | Elapsed Time: 21.45s
2026-01-19 16:26:50,856 | INFO | Batch 230 | Loss: 0.6735 | Correct: 99/128 | Elapsed Time: 21.47s
2026-01-19 16:27:12,330 | INFO | Batch 240 | Loss: 0.7226 | Correct: 96/128 | Elapsed Time: 21.47s
2026-01-19 16:27:33,796 | INFO | Batch 250 | Loss: 0.7795 | Correct: 95/128 | Elapsed Time: 21.47s
2026-01-19 16:27:55,237 | INFO | Batch 260 | Loss: 0.7546 | Correct: 98/128 | Elapsed Time: 21.44s
2026-01-19 16:28:16,799 | INFO | Batch 270 | Loss: 0.7071 | Correct: 93/128 | Elapsed Time: 21.56s
2026-01-19 16:28:38,243 | INFO | Batch 280 | Loss: 0.8734 | Correct: 95/128 | Elapsed Time: 21.44s
2026-01-19 16:28:59,721 | INFO | Batch 290 | Loss: 0.7628 | Correct: 94/128 | Elapsed Time: 21.48s
2026-01-19 16:29:21,236 | INFO | Batch 300 | Loss: 0.5914 | Correct: 99/128 | Elapsed Time: 21.52s
2026-01-19 16:29:42,668 | INFO | Batch 310 | Loss: 0.7966 | Correct: 87/128 | Elapsed Time: 21.43s
2026-01-19 16:30:04,223 | INFO | Batch 320 | Loss: 0.8052 | Correct: 93/128 | Elapsed Time: 21.56s
2026-01-19 16:30:25,788 | INFO | Batch 330 | Loss: 0.8364 | Correct: 95/128 | Elapsed Time: 21.56s
2026-01-19 16:30:47,334 | INFO | Batch 340 | Loss: 0.8273 | Correct: 92/128 | Elapsed Time: 21.55s
2026-01-19 16:31:08,888 | INFO | Batch 350 | Loss: 0.6735 | Correct: 98/128 | Elapsed Time: 21.55s
2026-01-19 16:31:30,364 | INFO | Batch 360 | Loss: 0.6484 | Correct: 96/128 | Elapsed Time: 21.48s
2026-01-19 16:31:51,800 | INFO | Batch 370 | Loss: 0.7226 | Correct: 98/128 | Elapsed Time: 21.44s
2026-01-19 16:32:13,319 | INFO | Batch 380 | Loss: 0.6011 | Correct: 101/128 | Elapsed Time: 21.52s
2026-01-19 16:32:34,828 | INFO | Batch 390 | Loss: 0.8318 | Correct: 95/128 | Elapsed Time: 21.51s
2026-01-19 16:32:36,226 | INFO | Epoch [6/100] - Loss: 0.7517 | Correct: 36983/50000 (73.97%, 839.95s)
2026-01-19 16:33:47,359 | INFO | Validation - Loss: 0.8004 | Correct: 7292/10000 (72.92%) (71.13s)
2026-01-19 16:33:47,605 | INFO | New best model saved at epoch 6 with Top1 Acc: 72.92%
2026-01-19 16:34:09,246 | INFO | Batch 10 | Loss: 0.8455 | Correct: 93/128 | Elapsed Time: 21.64s
2026-01-19 16:34:30,734 | INFO | Batch 20 | Loss: 0.6735 | Correct: 94/128 | Elapsed Time: 21.49s
2026-01-19 16:34:52,197 | INFO | Batch 30 | Loss: 0.8318 | Correct: 94/128 | Elapsed Time: 21.46s
2026-01-19 16:35:13,685 | INFO | Batch 40 | Loss: 0.6882 | Correct: 99/128 | Elapsed Time: 21.49s
2026-01-19 16:35:35,162 | INFO | Batch 50 | Loss: 0.6311 | Correct: 101/128 | Elapsed Time: 21.48s
2026-01-19 16:35:56,622 | INFO | Batch 60 | Loss: 0.6142 | Correct: 98/128 | Elapsed Time: 21.46s
2026-01-19 16:36:18,152 | INFO | Batch 70 | Loss: 0.7837 | Correct: 93/128 | Elapsed Time: 21.53s
2026-01-19 16:36:39,688 | INFO | Batch 80 | Loss: 0.6109 | Correct: 101/128 | Elapsed Time: 21.54s
2026-01-19 16:37:01,150 | INFO | Batch 90 | Loss: 0.5633 | Correct: 103/128 | Elapsed Time: 21.46s
2026-01-19 16:37:22,694 | INFO | Batch 100 | Loss: 0.7344 | Correct: 92/128 | Elapsed Time: 21.54s
2026-01-19 16:37:44,166 | INFO | Batch 110 | Loss: 0.8052 | Correct: 93/128 | Elapsed Time: 21.47s
2026-01-19 16:38:05,605 | INFO | Batch 120 | Loss: 0.6590 | Correct: 99/128 | Elapsed Time: 21.44s
2026-01-19 16:38:27,075 | INFO | Batch 130 | Loss: 0.7148 | Correct: 95/128 | Elapsed Time: 21.47s
2026-01-19 16:38:48,614 | INFO | Batch 140 | Loss: 0.6414 | Correct: 99/128 | Elapsed Time: 21.54s
2026-01-19 16:39:10,085 | INFO | Batch 150 | Loss: 0.6277 | Correct: 99/128 | Elapsed Time: 21.47s
2026-01-19 16:39:31,554 | INFO | Batch 160 | Loss: 0.8318 | Correct: 93/128 | Elapsed Time: 21.47s
2026-01-19 16:39:53,006 | INFO | Batch 170 | Loss: 0.7795 | Correct: 97/128 | Elapsed Time: 21.45s
2026-01-19 16:40:14,520 | INFO | Batch 180 | Loss: 0.6142 | Correct: 93/128 | Elapsed Time: 21.51s
2026-01-19 16:40:36,053 | INFO | Batch 190 | Loss: 0.7505 | Correct: 94/128 | Elapsed Time: 21.53s
2026-01-19 16:40:57,518 | INFO | Batch 200 | Loss: 0.7109 | Correct: 99/128 | Elapsed Time: 21.47s
2026-01-19 16:41:19,084 | INFO | Batch 210 | Loss: 0.7546 | Correct: 93/128 | Elapsed Time: 21.57s
2026-01-19 16:41:40,560 | INFO | Batch 220 | Loss: 0.6995 | Correct: 98/128 | Elapsed Time: 21.48s
2026-01-19 16:42:02,026 | INFO | Batch 230 | Loss: 0.6076 | Correct: 102/128 | Elapsed Time: 21.47s
2026-01-19 16:42:23,547 | INFO | Batch 240 | Loss: 0.7505 | Correct: 96/128 | Elapsed Time: 21.52s
2026-01-19 16:42:45,023 | INFO | Batch 250 | Loss: 0.6043 | Correct: 103/128 | Elapsed Time: 21.48s
2026-01-19 16:43:06,522 | INFO | Batch 260 | Loss: 0.7344 | Correct: 96/128 | Elapsed Time: 21.50s
2026-01-19 16:43:27,987 | INFO | Batch 270 | Loss: 0.8096 | Correct: 90/128 | Elapsed Time: 21.47s
2026-01-19 16:43:49,498 | INFO | Batch 280 | Loss: 0.8593 | Correct: 93/128 | Elapsed Time: 21.51s
2026-01-19 16:44:10,979 | INFO | Batch 290 | Loss: 0.6043 | Correct: 107/128 | Elapsed Time: 21.48s
2026-01-19 16:44:32,474 | INFO | Batch 300 | Loss: 0.6243 | Correct: 100/128 | Elapsed Time: 21.50s
2026-01-19 16:44:53,954 | INFO | Batch 310 | Loss: 0.6449 | Correct: 106/128 | Elapsed Time: 21.48s
2026-01-19 16:45:15,472 | INFO | Batch 320 | Loss: 0.6277 | Correct: 102/128 | Elapsed Time: 21.52s
2026-01-19 16:45:36,937 | INFO | Batch 330 | Loss: 0.6449 | Correct: 97/128 | Elapsed Time: 21.46s
2026-01-19 16:45:58,398 | INFO | Batch 340 | Loss: 0.6995 | Correct: 100/128 | Elapsed Time: 21.46s
2026-01-19 16:46:20,020 | INFO | Batch 350 | Loss: 0.6808 | Correct: 99/128 | Elapsed Time: 21.62s
2026-01-19 16:46:41,487 | INFO | Batch 360 | Loss: 0.6920 | Correct: 93/128 | Elapsed Time: 21.47s
2026-01-19 16:47:02,963 | INFO | Batch 370 | Loss: 0.7711 | Correct: 95/128 | Elapsed Time: 21.48s
2026-01-19 16:47:24,467 | INFO | Batch 380 | Loss: 0.6243 | Correct: 99/128 | Elapsed Time: 21.50s
2026-01-19 16:47:45,957 | INFO | Batch 390 | Loss: 0.6555 | Correct: 95/128 | Elapsed Time: 21.49s
2026-01-19 16:47:47,349 | INFO | Epoch [7/100] - Loss: 0.6882 | Correct: 38053/50000 (76.11%, 839.74s)
2026-01-19 16:48:58,529 | INFO | Validation - Loss: 0.7271 | Correct: 7471/10000 (74.71%) (71.18s)
2026-01-19 16:48:58,778 | INFO | New best model saved at epoch 7 with Top1 Acc: 74.71%
2026-01-19 16:49:20,349 | INFO | Batch 10 | Loss: 0.6109 | Correct: 103/128 | Elapsed Time: 21.57s
2026-01-19 16:49:41,854 | INFO | Batch 20 | Loss: 0.6735 | Correct: 100/128 | Elapsed Time: 21.50s
2026-01-19 16:50:03,369 | INFO | Batch 30 | Loss: 0.6626 | Correct: 98/128 | Elapsed Time: 21.52s
2026-01-19 16:50:24,928 | INFO | Batch 40 | Loss: 0.5250 | Correct: 102/128 | Elapsed Time: 21.56s
2026-01-19 16:50:46,416 | INFO | Batch 50 | Loss: 0.7187 | Correct: 98/128 | Elapsed Time: 21.49s
2026-01-19 16:51:07,899 | INFO | Batch 60 | Loss: 0.6957 | Correct: 100/128 | Elapsed Time: 21.48s
2026-01-19 16:51:29,403 | INFO | Batch 70 | Loss: 0.5946 | Correct: 97/128 | Elapsed Time: 21.50s
2026-01-19 16:51:50,980 | INFO | Batch 80 | Loss: 0.5663 | Correct: 104/128 | Elapsed Time: 21.58s
2026-01-19 16:52:12,494 | INFO | Batch 90 | Loss: 0.5663 | Correct: 101/128 | Elapsed Time: 21.51s
2026-01-19 16:52:33,961 | INFO | Batch 100 | Loss: 0.4893 | Correct: 105/128 | Elapsed Time: 21.47s
2026-01-19 16:52:55,442 | INFO | Batch 110 | Loss: 0.5000 | Correct: 106/128 | Elapsed Time: 21.48s
2026-01-19 16:53:16,949 | INFO | Batch 120 | Loss: 0.5221 | Correct: 101/128 | Elapsed Time: 21.51s
2026-01-19 16:53:38,438 | INFO | Batch 130 | Loss: 0.5819 | Correct: 98/128 | Elapsed Time: 21.49s
2026-01-19 16:53:59,914 | INFO | Batch 140 | Loss: 0.7587 | Correct: 92/128 | Elapsed Time: 21.48s
2026-01-19 16:54:21,532 | INFO | Batch 150 | Loss: 0.6882 | Correct: 98/128 | Elapsed Time: 21.62s
2026-01-19 16:54:43,026 | INFO | Batch 160 | Loss: 0.4391 | Correct: 109/128 | Elapsed Time: 21.49s
2026-01-19 16:55:04,493 | INFO | Batch 170 | Loss: 0.6380 | Correct: 98/128 | Elapsed Time: 21.47s
2026-01-19 16:55:25,956 | INFO | Batch 180 | Loss: 0.7546 | Correct: 100/128 | Elapsed Time: 21.46s
2026-01-19 16:55:47,442 | INFO | Batch 190 | Loss: 0.8273 | Correct: 98/128 | Elapsed Time: 21.49s
2026-01-19 16:56:08,966 | INFO | Batch 200 | Loss: 0.5787 | Correct: 103/128 | Elapsed Time: 21.52s
2026-01-19 16:56:30,446 | INFO | Batch 210 | Loss: 0.6345 | Correct: 99/128 | Elapsed Time: 21.48s
2026-01-19 16:56:51,984 | INFO | Batch 220 | Loss: 0.6011 | Correct: 102/128 | Elapsed Time: 21.54s
2026-01-19 16:57:13,525 | INFO | Batch 230 | Loss: 0.6414 | Correct: 95/128 | Elapsed Time: 21.54s
2026-01-19 16:57:34,994 | INFO | Batch 240 | Loss: 0.5307 | Correct: 111/128 | Elapsed Time: 21.47s
2026-01-19 16:57:56,529 | INFO | Batch 250 | Loss: 0.5694 | Correct: 102/128 | Elapsed Time: 21.53s
2026-01-19 16:58:18,112 | INFO | Batch 260 | Loss: 0.5725 | Correct: 104/128 | Elapsed Time: 21.58s
2026-01-19 16:58:39,638 | INFO | Batch 270 | Loss: 0.5572 | Correct: 107/128 | Elapsed Time: 21.53s
2026-01-19 16:59:01,227 | INFO | Batch 280 | Loss: 0.6771 | Correct: 102/128 | Elapsed Time: 21.59s
2026-01-19 16:59:22,757 | INFO | Batch 290 | Loss: 0.5572 | Correct: 100/128 | Elapsed Time: 21.53s
2026-01-19 16:59:44,254 | INFO | Batch 300 | Loss: 0.5336 | Correct: 108/128 | Elapsed Time: 21.50s
2026-01-19 17:00:05,732 | INFO | Batch 310 | Loss: 0.6845 | Correct: 101/128 | Elapsed Time: 21.48s
2026-01-19 17:00:27,282 | INFO | Batch 320 | Loss: 0.6109 | Correct: 104/128 | Elapsed Time: 21.55s
2026-01-19 17:00:48,777 | INFO | Batch 330 | Loss: 0.6176 | Correct: 100/128 | Elapsed Time: 21.50s
2026-01-19 17:01:10,306 | INFO | Batch 340 | Loss: 0.6484 | Correct: 101/128 | Elapsed Time: 21.53s
2026-01-19 17:01:31,855 | INFO | Batch 350 | Loss: 0.5394 | Correct: 103/128 | Elapsed Time: 21.55s
2026-01-19 17:01:53,280 | INFO | Batch 360 | Loss: 0.7226 | Correct: 98/128 | Elapsed Time: 21.43s
2026-01-19 17:02:14,820 | INFO | Batch 370 | Loss: 0.6011 | Correct: 102/128 | Elapsed Time: 21.54s
2026-01-19 17:02:36,336 | INFO | Batch 380 | Loss: 0.7465 | Correct: 96/128 | Elapsed Time: 21.52s
2026-01-19 17:02:57,833 | INFO | Batch 390 | Loss: 0.5819 | Correct: 98/128 | Elapsed Time: 21.50s
2026-01-19 17:02:59,228 | INFO | Epoch [8/100] - Loss: 0.6325 | Correct: 39135/50000 (78.27%, 840.45s)
2026-01-19 17:04:10,574 | INFO | Validation - Loss: 0.7367 | Correct: 7534/10000 (75.34%) (71.34s)
2026-01-19 17:04:10,824 | INFO | New best model saved at epoch 8 with Top1 Acc: 75.34%
2026-01-19 17:04:32,340 | INFO | Batch 10 | Loss: 0.4297 | Correct: 111/128 | Elapsed Time: 21.52s
2026-01-19 17:04:53,809 | INFO | Batch 20 | Loss: 0.6142 | Correct: 100/128 | Elapsed Time: 21.47s
2026-01-19 17:05:15,430 | INFO | Batch 30 | Loss: 0.6626 | Correct: 102/128 | Elapsed Time: 21.62s
2026-01-19 17:05:36,923 | INFO | Batch 40 | Loss: 0.4660 | Correct: 108/128 | Elapsed Time: 21.49s
2026-01-19 17:05:58,414 | INFO | Batch 50 | Loss: 0.5978 | Correct: 100/128 | Elapsed Time: 21.49s
2026-01-19 17:06:19,928 | INFO | Batch 60 | Loss: 0.4762 | Correct: 109/128 | Elapsed Time: 21.51s
2026-01-19 17:06:41,379 | INFO | Batch 70 | Loss: 0.5250 | Correct: 103/128 | Elapsed Time: 21.45s
2026-01-19 17:07:02,857 | INFO | Batch 80 | Loss: 0.7669 | Correct: 87/128 | Elapsed Time: 21.48s
2026-01-19 17:07:24,460 | INFO | Batch 90 | Loss: 0.6808 | Correct: 100/128 | Elapsed Time: 21.60s
2026-01-19 17:07:45,924 | INFO | Batch 100 | Loss: 0.6414 | Correct: 97/128 | Elapsed Time: 21.46s
2026-01-19 17:08:07,441 | INFO | Batch 110 | Loss: 0.6484 | Correct: 94/128 | Elapsed Time: 21.52s
2026-01-19 17:08:28,915 | INFO | Batch 120 | Loss: 0.6698 | Correct: 103/128 | Elapsed Time: 21.47s
2026-01-19 17:08:50,413 | INFO | Batch 130 | Loss: 0.9422 | Correct: 86/128 | Elapsed Time: 21.50s
2026-01-19 17:09:11,908 | INFO | Batch 140 | Loss: 0.5250 | Correct: 99/128 | Elapsed Time: 21.50s
2026-01-19 17:09:33,363 | INFO | Batch 150 | Loss: 0.5165 | Correct: 111/128 | Elapsed Time: 21.45s
2026-01-19 17:09:54,927 | INFO | Batch 160 | Loss: 0.4893 | Correct: 107/128 | Elapsed Time: 21.56s
2026-01-19 17:10:16,476 | INFO | Batch 170 | Loss: 0.6771 | Correct: 97/128 | Elapsed Time: 21.55s
2026-01-19 17:10:37,943 | INFO | Batch 180 | Loss: 0.6380 | Correct: 104/128 | Elapsed Time: 21.47s
2026-01-19 17:10:59,413 | INFO | Batch 190 | Loss: 0.6176 | Correct: 100/128 | Elapsed Time: 21.47s
2026-01-19 17:11:20,909 | INFO | Batch 200 | Loss: 0.5663 | Correct: 102/128 | Elapsed Time: 21.50s
2026-01-19 17:11:42,341 | INFO | Batch 210 | Loss: 0.5850 | Correct: 102/128 | Elapsed Time: 21.43s
2026-01-19 17:12:03,922 | INFO | Batch 220 | Loss: 0.6771 | Correct: 102/128 | Elapsed Time: 21.58s
2026-01-19 17:12:25,422 | INFO | Batch 230 | Loss: 0.5512 | Correct: 103/128 | Elapsed Time: 21.50s
2026-01-19 17:12:46,883 | INFO | Batch 240 | Loss: 0.5082 | Correct: 103/128 | Elapsed Time: 21.46s
2026-01-19 17:13:08,475 | INFO | Batch 250 | Loss: 0.5602 | Correct: 104/128 | Elapsed Time: 21.59s
2026-01-19 17:13:29,964 | INFO | Batch 260 | Loss: 0.4297 | Correct: 106/128 | Elapsed Time: 21.49s
2026-01-19 17:13:51,460 | INFO | Batch 270 | Loss: 0.5250 | Correct: 110/128 | Elapsed Time: 21.50s
2026-01-19 17:14:12,969 | INFO | Batch 280 | Loss: 0.4840 | Correct: 104/128 | Elapsed Time: 21.51s
2026-01-19 17:14:34,540 | INFO | Batch 290 | Loss: 0.5482 | Correct: 101/128 | Elapsed Time: 21.57s
2026-01-19 17:14:56,008 | INFO | Batch 300 | Loss: 0.4762 | Correct: 107/128 | Elapsed Time: 21.47s
2026-01-19 17:15:17,491 | INFO | Batch 310 | Loss: 0.8096 | Correct: 95/128 | Elapsed Time: 21.48s
2026-01-19 17:15:39,007 | INFO | Batch 320 | Loss: 0.5165 | Correct: 99/128 | Elapsed Time: 21.52s
2026-01-19 17:16:00,625 | INFO | Batch 330 | Loss: 0.5336 | Correct: 106/128 | Elapsed Time: 21.62s
2026-01-19 17:16:22,268 | INFO | Batch 340 | Loss: 0.7033 | Correct: 97/128 | Elapsed Time: 21.64s
2026-01-19 17:16:43,765 | INFO | Batch 350 | Loss: 0.5978 | Correct: 102/128 | Elapsed Time: 21.50s
2026-01-19 17:17:05,378 | INFO | Batch 360 | Loss: 0.9170 | Correct: 93/128 | Elapsed Time: 21.61s
2026-01-19 17:17:26,880 | INFO | Batch 370 | Loss: 0.5512 | Correct: 108/128 | Elapsed Time: 21.50s
2026-01-19 17:17:48,360 | INFO | Batch 380 | Loss: 0.6345 | Correct: 103/128 | Elapsed Time: 21.48s
2026-01-19 17:18:09,878 | INFO | Batch 390 | Loss: 0.4414 | Correct: 106/128 | Elapsed Time: 21.52s
2026-01-19 17:18:11,272 | INFO | Epoch [9/100] - Loss: 0.5989 | Correct: 39744/50000 (79.49%, 840.45s)
2026-01-19 17:19:22,608 | INFO | Validation - Loss: 0.6935 | Correct: 7571/10000 (75.71%) (71.33s)
2026-01-19 17:19:22,831 | INFO | New best model saved at epoch 9 with Top1 Acc: 75.71%
2026-01-19 17:19:44,357 | INFO | Batch 10 | Loss: 0.6380 | Correct: 99/128 | Elapsed Time: 21.53s
2026-01-19 17:20:05,913 | INFO | Batch 20 | Loss: 0.5663 | Correct: 104/128 | Elapsed Time: 21.56s
2026-01-19 17:20:27,707 | INFO | Batch 30 | Loss: 0.5978 | Correct: 99/128 | Elapsed Time: 21.79s
2026-01-19 17:20:49,273 | INFO | Batch 40 | Loss: 0.5978 | Correct: 104/128 | Elapsed Time: 21.57s
2026-01-19 17:21:10,887 | INFO | Batch 50 | Loss: 0.6920 | Correct: 100/128 | Elapsed Time: 21.61s
2026-01-19 17:21:32,380 | INFO | Batch 60 | Loss: 0.6142 | Correct: 101/128 | Elapsed Time: 21.49s
2026-01-19 17:21:53,844 | INFO | Batch 70 | Loss: 0.4182 | Correct: 110/128 | Elapsed Time: 21.46s
2026-01-19 17:22:15,390 | INFO | Batch 80 | Loss: 0.5914 | Correct: 99/128 | Elapsed Time: 21.55s
2026-01-19 17:22:36,935 | INFO | Batch 90 | Loss: 0.5394 | Correct: 108/128 | Elapsed Time: 21.54s
2026-01-19 17:22:58,488 | INFO | Batch 100 | Loss: 0.4762 | Correct: 106/128 | Elapsed Time: 21.55s
2026-01-19 17:23:19,959 | INFO | Batch 110 | Loss: 0.5978 | Correct: 101/128 | Elapsed Time: 21.47s
2026-01-19 17:23:41,451 | INFO | Batch 120 | Loss: 0.7465 | Correct: 98/128 | Elapsed Time: 21.49s
2026-01-19 17:24:02,945 | INFO | Batch 130 | Loss: 0.6345 | Correct: 102/128 | Elapsed Time: 21.49s
2026-01-19 17:24:24,501 | INFO | Batch 140 | Loss: 0.4610 | Correct: 111/128 | Elapsed Time: 21.56s
2026-01-19 17:24:46,007 | INFO | Batch 150 | Loss: 0.5542 | Correct: 100/128 | Elapsed Time: 21.51s
2026-01-19 17:25:07,605 | INFO | Batch 160 | Loss: 0.5221 | Correct: 100/128 | Elapsed Time: 21.60s
2026-01-19 17:25:29,091 | INFO | Batch 170 | Loss: 0.4736 | Correct: 107/128 | Elapsed Time: 21.49s
2026-01-19 17:25:50,579 | INFO | Batch 180 | Loss: 0.4711 | Correct: 105/128 | Elapsed Time: 21.49s
2026-01-19 17:26:12,072 | INFO | Batch 190 | Loss: 0.6449 | Correct: 94/128 | Elapsed Time: 21.49s
2026-01-19 17:26:33,554 | INFO | Batch 200 | Loss: 0.6735 | Correct: 102/128 | Elapsed Time: 21.48s
2026-01-19 17:26:55,046 | INFO | Batch 210 | Loss: 0.6626 | Correct: 97/128 | Elapsed Time: 21.49s
2026-01-19 17:27:16,601 | INFO | Batch 220 | Loss: 0.6662 | Correct: 99/128 | Elapsed Time: 21.55s
2026-01-19 17:27:38,207 | INFO | Batch 230 | Loss: 0.6176 | Correct: 99/128 | Elapsed Time: 21.61s
2026-01-19 17:27:59,678 | INFO | Batch 240 | Loss: 0.6920 | Correct: 96/128 | Elapsed Time: 21.47s
2026-01-19 17:28:21,186 | INFO | Batch 250 | Loss: 0.6590 | Correct: 105/128 | Elapsed Time: 21.51s
2026-01-19 17:28:42,654 | INFO | Batch 260 | Loss: 0.6555 | Correct: 98/128 | Elapsed Time: 21.47s
2026-01-19 17:29:04,125 | INFO | Batch 270 | Loss: 0.7187 | Correct: 101/128 | Elapsed Time: 21.47s
2026-01-19 17:29:25,601 | INFO | Batch 280 | Loss: 0.5453 | Correct: 100/128 | Elapsed Time: 21.48s
2026-01-19 17:29:47,084 | INFO | Batch 290 | Loss: 0.5423 | Correct: 104/128 | Elapsed Time: 21.48s
2026-01-19 17:30:08,678 | INFO | Batch 300 | Loss: 0.6662 | Correct: 100/128 | Elapsed Time: 21.59s
2026-01-19 17:30:30,286 | INFO | Batch 310 | Loss: 0.6311 | Correct: 103/128 | Elapsed Time: 21.61s
2026-01-19 17:30:51,842 | INFO | Batch 320 | Loss: 0.5512 | Correct: 111/128 | Elapsed Time: 21.56s
2026-01-19 17:31:13,473 | INFO | Batch 330 | Loss: 0.5365 | Correct: 102/128 | Elapsed Time: 21.63s
2026-01-19 17:31:35,095 | INFO | Batch 340 | Loss: 0.7753 | Correct: 93/128 | Elapsed Time: 21.62s
2026-01-19 17:31:56,637 | INFO | Batch 350 | Loss: 0.5850 | Correct: 103/128 | Elapsed Time: 21.54s
2026-01-19 17:32:18,245 | INFO | Batch 360 | Loss: 0.6277 | Correct: 102/128 | Elapsed Time: 21.61s
2026-01-19 17:32:39,974 | INFO | Batch 370 | Loss: 0.5542 | Correct: 104/128 | Elapsed Time: 21.73s
2026-01-19 17:33:01,568 | INFO | Batch 380 | Loss: 0.4511 | Correct: 107/128 | Elapsed Time: 21.59s
2026-01-19 17:33:23,148 | INFO | Batch 390 | Loss: 0.5423 | Correct: 104/128 | Elapsed Time: 21.58s
2026-01-19 17:33:24,542 | INFO | Epoch [10/100] - Loss: 0.5650 | Correct: 40247/50000 (80.49%, 841.71s)
2026-01-19 17:34:35,981 | INFO | Validation - Loss: 0.6903 | Correct: 7628/10000 (76.28%) (71.44s)
2026-01-19 17:34:36,232 | INFO | New best model saved at epoch 10 with Top1 Acc: 76.28%
2026-01-19 17:34:57,797 | INFO | Batch 10 | Loss: 0.5914 | Correct: 98/128 | Elapsed Time: 21.56s
2026-01-19 17:35:19,352 | INFO | Batch 20 | Loss: 0.4814 | Correct: 109/128 | Elapsed Time: 21.56s
2026-01-19 17:35:40,866 | INFO | Batch 30 | Loss: 0.5221 | Correct: 105/128 | Elapsed Time: 21.51s
2026-01-19 17:36:02,585 | INFO | Batch 40 | Loss: 0.6449 | Correct: 99/128 | Elapsed Time: 21.72s
2026-01-19 17:36:24,152 | INFO | Batch 50 | Loss: 0.5633 | Correct: 99/128 | Elapsed Time: 21.57s
2026-01-19 17:36:45,697 | INFO | Batch 60 | Loss: 0.5482 | Correct: 106/128 | Elapsed Time: 21.54s
2026-01-19 17:37:07,226 | INFO | Batch 70 | Loss: 0.4273 | Correct: 108/128 | Elapsed Time: 21.53s
2026-01-19 17:37:28,746 | INFO | Batch 80 | Loss: 0.5250 | Correct: 103/128 | Elapsed Time: 21.52s
2026-01-19 17:37:50,256 | INFO | Batch 90 | Loss: 0.6626 | Correct: 100/128 | Elapsed Time: 21.51s
2026-01-19 17:38:11,851 | INFO | Batch 100 | Loss: 0.6380 | Correct: 100/128 | Elapsed Time: 21.60s
2026-01-19 17:38:33,349 | INFO | Batch 110 | Loss: 0.6519 | Correct: 100/128 | Elapsed Time: 21.50s
2026-01-19 17:38:54,858 | INFO | Batch 120 | Loss: 0.5946 | Correct: 105/128 | Elapsed Time: 21.51s
2026-01-19 17:39:16,388 | INFO | Batch 130 | Loss: 0.5307 | Correct: 108/128 | Elapsed Time: 21.53s
2026-01-19 17:39:37,961 | INFO | Batch 140 | Loss: 0.5946 | Correct: 100/128 | Elapsed Time: 21.57s
2026-01-19 17:39:59,498 | INFO | Batch 150 | Loss: 0.6043 | Correct: 104/128 | Elapsed Time: 21.54s
2026-01-19 17:40:21,170 | INFO | Batch 160 | Loss: 0.6590 | Correct: 100/128 | Elapsed Time: 21.67s
2026-01-19 17:40:42,781 | INFO | Batch 170 | Loss: 0.4463 | Correct: 106/128 | Elapsed Time: 21.61s
2026-01-19 17:41:04,358 | INFO | Batch 180 | Loss: 0.5193 | Correct: 106/128 | Elapsed Time: 21.58s
2026-01-19 17:41:25,869 | INFO | Batch 190 | Loss: 0.5756 | Correct: 103/128 | Elapsed Time: 21.51s
2026-01-19 17:41:47,379 | INFO | Batch 200 | Loss: 0.5278 | Correct: 102/128 | Elapsed Time: 21.51s
2026-01-19 17:42:09,010 | INFO | Batch 210 | Loss: 0.4610 | Correct: 107/128 | Elapsed Time: 21.63s
2026-01-19 17:42:30,494 | INFO | Batch 220 | Loss: 0.5663 | Correct: 104/128 | Elapsed Time: 21.48s
2026-01-19 17:42:51,967 | INFO | Batch 230 | Loss: 0.5000 | Correct: 108/128 | Elapsed Time: 21.47s
2026-01-19 17:43:13,566 | INFO | Batch 240 | Loss: 0.5512 | Correct: 109/128 | Elapsed Time: 21.60s
2026-01-19 17:43:35,046 | INFO | Batch 250 | Loss: 0.4438 | Correct: 104/128 | Elapsed Time: 21.48s
2026-01-19 17:43:56,553 | INFO | Batch 260 | Loss: 0.5756 | Correct: 104/128 | Elapsed Time: 21.51s
2026-01-19 17:44:18,079 | INFO | Batch 270 | Loss: 0.5787 | Correct: 102/128 | Elapsed Time: 21.53s
2026-01-19 17:44:39,587 | INFO | Batch 280 | Loss: 0.5453 | Correct: 106/128 | Elapsed Time: 21.51s
2026-01-19 17:45:01,109 | INFO | Batch 290 | Loss: 0.5137 | Correct: 103/128 | Elapsed Time: 21.52s
2026-01-19 17:45:22,738 | INFO | Batch 300 | Loss: 0.6311 | Correct: 98/128 | Elapsed Time: 21.63s
2026-01-19 17:45:44,191 | INFO | Batch 310 | Loss: 0.6449 | Correct: 100/128 | Elapsed Time: 21.45s
2026-01-19 17:46:05,710 | INFO | Batch 320 | Loss: 0.5423 | Correct: 105/128 | Elapsed Time: 21.52s
2026-01-19 17:46:27,241 | INFO | Batch 330 | Loss: 0.4048 | Correct: 111/128 | Elapsed Time: 21.53s
2026-01-19 17:46:48,769 | INFO | Batch 340 | Loss: 0.4711 | Correct: 101/128 | Elapsed Time: 21.53s
2026-01-19 17:47:10,287 | INFO | Batch 350 | Loss: 0.5882 | Correct: 98/128 | Elapsed Time: 21.52s
2026-01-19 17:47:31,771 | INFO | Batch 360 | Loss: 0.5137 | Correct: 107/128 | Elapsed Time: 21.48s
2026-01-19 17:47:53,350 | INFO | Batch 370 | Loss: 0.4893 | Correct: 103/128 | Elapsed Time: 21.58s
2026-01-19 17:48:14,889 | INFO | Batch 380 | Loss: 0.6380 | Correct: 100/128 | Elapsed Time: 21.54s
2026-01-19 17:48:36,367 | INFO | Batch 390 | Loss: 0.4762 | Correct: 108/128 | Elapsed Time: 21.48s
2026-01-19 17:48:37,760 | INFO | Epoch [11/100] - Loss: 0.5401 | Correct: 40719/50000 (81.44%, 841.53s)
2026-01-19 17:49:48,896 | INFO | Validation - Loss: 0.6158 | Correct: 7898/10000 (78.98%) (71.14s)
2026-01-19 17:49:49,184 | INFO | New best model saved at epoch 11 with Top1 Acc: 78.98%
2026-01-19 17:50:10,756 | INFO | Batch 10 | Loss: 0.5633 | Correct: 98/128 | Elapsed Time: 21.57s
2026-01-19 17:50:32,278 | INFO | Batch 20 | Loss: 0.4438 | Correct: 112/128 | Elapsed Time: 21.52s
2026-01-19 17:50:53,743 | INFO | Batch 30 | Loss: 0.4367 | Correct: 110/128 | Elapsed Time: 21.47s
2026-01-19 17:51:15,368 | INFO | Batch 40 | Loss: 0.3423 | Correct: 112/128 | Elapsed Time: 21.62s
2026-01-19 17:51:36,852 | INFO | Batch 50 | Loss: 0.4070 | Correct: 106/128 | Elapsed Time: 21.48s
2026-01-19 17:51:58,383 | INFO | Batch 60 | Loss: 0.4182 | Correct: 110/128 | Elapsed Time: 21.53s
2026-01-19 17:52:19,905 | INFO | Batch 70 | Loss: 0.5307 | Correct: 103/128 | Elapsed Time: 21.52s
2026-01-19 17:52:41,402 | INFO | Batch 80 | Loss: 0.5307 | Correct: 103/128 | Elapsed Time: 21.50s
2026-01-19 17:53:02,909 | INFO | Batch 90 | Loss: 0.5054 | Correct: 110/128 | Elapsed Time: 21.51s
2026-01-19 17:53:24,503 | INFO | Batch 100 | Loss: 0.4919 | Correct: 106/128 | Elapsed Time: 21.59s
2026-01-19 17:53:45,980 | INFO | Batch 110 | Loss: 0.4438 | Correct: 107/128 | Elapsed Time: 21.48s
2026-01-19 17:54:07,546 | INFO | Batch 120 | Loss: 0.5946 | Correct: 101/128 | Elapsed Time: 21.57s
2026-01-19 17:54:29,017 | INFO | Batch 130 | Loss: 0.5819 | Correct: 101/128 | Elapsed Time: 21.47s
2026-01-19 17:54:50,472 | INFO | Batch 140 | Loss: 0.5572 | Correct: 101/128 | Elapsed Time: 21.46s
2026-01-19 17:55:12,040 | INFO | Batch 150 | Loss: 0.6626 | Correct: 101/128 | Elapsed Time: 21.57s
2026-01-19 17:55:33,554 | INFO | Batch 160 | Loss: 0.4814 | Correct: 110/128 | Elapsed Time: 21.51s
2026-01-19 17:55:55,111 | INFO | Batch 170 | Loss: 0.5137 | Correct: 103/128 | Elapsed Time: 21.56s
2026-01-19 17:56:16,647 | INFO | Batch 180 | Loss: 0.3753 | Correct: 109/128 | Elapsed Time: 21.54s
2026-01-19 17:56:38,122 | INFO | Batch 190 | Loss: 0.4026 | Correct: 111/128 | Elapsed Time: 21.48s
2026-01-19 17:56:59,609 | INFO | Batch 200 | Loss: 0.5193 | Correct: 104/128 | Elapsed Time: 21.49s
2026-01-19 17:57:21,137 | INFO | Batch 210 | Loss: 0.4560 | Correct: 109/128 | Elapsed Time: 21.53s
2026-01-19 17:57:42,634 | INFO | Batch 220 | Loss: 0.5694 | Correct: 106/128 | Elapsed Time: 21.50s
2026-01-19 17:58:04,148 | INFO | Batch 230 | Loss: 0.4004 | Correct: 111/128 | Elapsed Time: 21.51s
2026-01-19 17:58:25,756 | INFO | Batch 240 | Loss: 0.4343 | Correct: 109/128 | Elapsed Time: 21.61s
2026-01-19 17:58:47,218 | INFO | Batch 250 | Loss: 0.5221 | Correct: 102/128 | Elapsed Time: 21.46s
2026-01-19 17:59:08,727 | INFO | Batch 260 | Loss: 0.5307 | Correct: 103/128 | Elapsed Time: 21.51s
2026-01-19 17:59:30,223 | INFO | Batch 270 | Loss: 0.4367 | Correct: 107/128 | Elapsed Time: 21.50s
2026-01-19 17:59:51,740 | INFO | Batch 280 | Loss: 0.3773 | Correct: 110/128 | Elapsed Time: 21.52s
2026-01-19 18:00:13,329 | INFO | Batch 290 | Loss: 0.4814 | Correct: 106/128 | Elapsed Time: 21.59s
2026-01-19 18:00:34,918 | INFO | Batch 300 | Loss: 0.3712 | Correct: 111/128 | Elapsed Time: 21.59s
2026-01-19 18:00:56,388 | INFO | Batch 310 | Loss: 0.5756 | Correct: 103/128 | Elapsed Time: 21.47s
2026-01-19 18:01:17,932 | INFO | Batch 320 | Loss: 0.6590 | Correct: 101/128 | Elapsed Time: 21.54s
2026-01-19 18:01:39,448 | INFO | Batch 330 | Loss: 0.5453 | Correct: 106/128 | Elapsed Time: 21.52s
2026-01-19 18:02:00,911 | INFO | Batch 340 | Loss: 0.6277 | Correct: 96/128 | Elapsed Time: 21.46s
2026-01-19 18:02:22,466 | INFO | Batch 350 | Loss: 0.5663 | Correct: 103/128 | Elapsed Time: 21.55s
2026-01-19 18:02:43,960 | INFO | Batch 360 | Loss: 0.4660 | Correct: 109/128 | Elapsed Time: 21.49s
2026-01-19 18:03:05,576 | INFO | Batch 370 | Loss: 0.5137 | Correct: 105/128 | Elapsed Time: 21.62s
2026-01-19 18:03:27,123 | INFO | Batch 380 | Loss: 0.5663 | Correct: 101/128 | Elapsed Time: 21.55s
2026-01-19 18:03:48,600 | INFO | Batch 390 | Loss: 0.4866 | Correct: 102/128 | Elapsed Time: 21.48s
2026-01-19 18:03:49,990 | INFO | Epoch [12/100] - Loss: 0.5144 | Correct: 41164/50000 (82.33%, 840.81s)
2026-01-19 18:05:01,305 | INFO | Validation - Loss: 0.6519 | Correct: 7753/10000 (77.53%) (71.31s)
2026-01-19 18:05:22,879 | INFO | Batch 10 | Loss: 0.4114 | Correct: 109/128 | Elapsed Time: 21.57s
2026-01-19 18:05:44,369 | INFO | Batch 20 | Loss: 0.4736 | Correct: 107/128 | Elapsed Time: 21.49s
2026-01-19 18:06:05,943 | INFO | Batch 30 | Loss: 0.3773 | Correct: 109/128 | Elapsed Time: 21.57s
2026-01-19 18:06:27,514 | INFO | Batch 40 | Loss: 0.5165 | Correct: 109/128 | Elapsed Time: 21.57s
2026-01-19 18:06:49,043 | INFO | Batch 50 | Loss: 0.4004 | Correct: 111/128 | Elapsed Time: 21.53s
2026-01-19 18:07:10,569 | INFO | Batch 60 | Loss: 0.6011 | Correct: 102/128 | Elapsed Time: 21.53s
2026-01-19 18:07:32,050 | INFO | Batch 70 | Loss: 0.5250 | Correct: 105/128 | Elapsed Time: 21.48s
2026-01-19 18:07:53,537 | INFO | Batch 80 | Loss: 0.5250 | Correct: 105/128 | Elapsed Time: 21.49s
2026-01-19 18:08:15,102 | INFO | Batch 90 | Loss: 0.4660 | Correct: 107/128 | Elapsed Time: 21.56s
2026-01-19 18:08:36,626 | INFO | Batch 100 | Loss: 0.4973 | Correct: 113/128 | Elapsed Time: 21.52s
2026-01-19 18:08:58,145 | INFO | Batch 110 | Loss: 0.4560 | Correct: 104/128 | Elapsed Time: 21.52s
2026-01-19 18:09:19,640 | INFO | Batch 120 | Loss: 0.3919 | Correct: 111/128 | Elapsed Time: 21.49s
2026-01-19 18:09:41,146 | INFO | Batch 130 | Loss: 0.3349 | Correct: 113/128 | Elapsed Time: 21.51s
2026-01-19 18:10:02,645 | INFO | Batch 140 | Loss: 0.6043 | Correct: 104/128 | Elapsed Time: 21.50s
2026-01-19 18:10:24,255 | INFO | Batch 150 | Loss: 0.4762 | Correct: 106/128 | Elapsed Time: 21.61s
2026-01-19 18:10:45,844 | INFO | Batch 160 | Loss: 0.5694 | Correct: 102/128 | Elapsed Time: 21.59s
2026-01-19 18:11:07,359 | INFO | Batch 170 | Loss: 0.4297 | Correct: 108/128 | Elapsed Time: 21.51s
2026-01-19 18:11:28,888 | INFO | Batch 180 | Loss: 0.5394 | Correct: 107/128 | Elapsed Time: 21.53s
2026-01-19 18:11:50,409 | INFO | Batch 190 | Loss: 0.5756 | Correct: 102/128 | Elapsed Time: 21.52s
2026-01-19 18:12:11,946 | INFO | Batch 200 | Loss: 0.5946 | Correct: 102/128 | Elapsed Time: 21.54s
2026-01-19 18:12:33,445 | INFO | Batch 210 | Loss: 0.5221 | Correct: 107/128 | Elapsed Time: 21.50s
2026-01-19 18:12:54,938 | INFO | Batch 220 | Loss: 0.3898 | Correct: 106/128 | Elapsed Time: 21.49s
2026-01-19 18:13:16,495 | INFO | Batch 230 | Loss: 0.3386 | Correct: 112/128 | Elapsed Time: 21.56s
2026-01-19 18:13:37,968 | INFO | Batch 240 | Loss: 0.5725 | Correct: 106/128 | Elapsed Time: 21.47s
2026-01-19 18:13:59,430 | INFO | Batch 250 | Loss: 0.5978 | Correct: 102/128 | Elapsed Time: 21.46s
2026-01-19 18:14:21,010 | INFO | Batch 260 | Loss: 0.4159 | Correct: 106/128 | Elapsed Time: 21.58s
2026-01-19 18:14:42,471 | INFO | Batch 270 | Loss: 0.5482 | Correct: 102/128 | Elapsed Time: 21.46s
2026-01-19 18:15:03,972 | INFO | Batch 280 | Loss: 0.3672 | Correct: 114/128 | Elapsed Time: 21.50s
2026-01-19 18:15:25,469 | INFO | Batch 290 | Loss: 0.5365 | Correct: 103/128 | Elapsed Time: 21.50s
2026-01-19 18:15:47,025 | INFO | Batch 300 | Loss: 0.5394 | Correct: 106/128 | Elapsed Time: 21.56s
2026-01-19 18:16:08,538 | INFO | Batch 310 | Loss: 0.4343 | Correct: 106/128 | Elapsed Time: 21.51s
2026-01-19 18:16:30,022 | INFO | Batch 320 | Loss: 0.4048 | Correct: 105/128 | Elapsed Time: 21.48s
2026-01-19 18:16:51,527 | INFO | Batch 330 | Loss: 0.3672 | Correct: 113/128 | Elapsed Time: 21.50s
2026-01-19 18:17:13,055 | INFO | Batch 340 | Loss: 0.4814 | Correct: 107/128 | Elapsed Time: 21.53s
2026-01-19 18:17:34,534 | INFO | Batch 350 | Loss: 0.5482 | Correct: 108/128 | Elapsed Time: 21.48s
2026-01-19 18:17:56,149 | INFO | Batch 360 | Loss: 0.4297 | Correct: 107/128 | Elapsed Time: 21.62s
2026-01-19 18:18:17,650 | INFO | Batch 370 | Loss: 0.4762 | Correct: 108/128 | Elapsed Time: 21.50s
2026-01-19 18:18:39,158 | INFO | Batch 380 | Loss: 0.5882 | Correct: 102/128 | Elapsed Time: 21.51s
2026-01-19 18:19:00,677 | INFO | Batch 390 | Loss: 0.5819 | Correct: 100/128 | Elapsed Time: 21.52s
2026-01-19 18:19:02,091 | INFO | Epoch [13/100] - Loss: 0.4911 | Correct: 41511/50000 (83.02%, 840.79s)
2026-01-19 18:20:13,572 | INFO | Validation - Loss: 0.5575 | Correct: 8086/10000 (80.86%) (71.48s)
2026-01-19 18:20:13,851 | INFO | New best model saved at epoch 13 with Top1 Acc: 80.86%
2026-01-19 18:20:35,507 | INFO | Batch 10 | Loss: 0.5914 | Correct: 102/128 | Elapsed Time: 21.66s
2026-01-19 18:20:57,027 | INFO | Batch 20 | Loss: 0.4585 | Correct: 107/128 | Elapsed Time: 21.52s
2026-01-19 18:21:18,626 | INFO | Batch 30 | Loss: 0.4893 | Correct: 105/128 | Elapsed Time: 21.60s
2026-01-19 18:21:40,134 | INFO | Batch 40 | Loss: 0.4367 | Correct: 112/128 | Elapsed Time: 21.51s
2026-01-19 18:22:01,701 | INFO | Batch 50 | Loss: 0.3672 | Correct: 108/128 | Elapsed Time: 21.57s
2026-01-19 18:22:23,302 | INFO | Batch 60 | Loss: 0.5542 | Correct: 105/128 | Elapsed Time: 21.60s
2026-01-19 18:22:44,830 | INFO | Batch 70 | Loss: 0.4114 | Correct: 110/128 | Elapsed Time: 21.53s
2026-01-19 18:23:06,392 | INFO | Batch 80 | Loss: 0.4893 | Correct: 108/128 | Elapsed Time: 21.56s
2026-01-19 18:23:27,868 | INFO | Batch 90 | Loss: 0.5165 | Correct: 106/128 | Elapsed Time: 21.48s
2026-01-19 18:23:49,477 | INFO | Batch 100 | Loss: 0.6555 | Correct: 105/128 | Elapsed Time: 21.61s
2026-01-19 18:24:11,061 | INFO | Batch 110 | Loss: 0.4635 | Correct: 107/128 | Elapsed Time: 21.58s
2026-01-19 18:24:32,538 | INFO | Batch 120 | Loss: 0.4438 | Correct: 109/128 | Elapsed Time: 21.48s
2026-01-19 18:24:54,028 | INFO | Batch 130 | Loss: 0.6519 | Correct: 103/128 | Elapsed Time: 21.49s
2026-01-19 18:25:15,537 | INFO | Batch 140 | Loss: 0.3732 | Correct: 111/128 | Elapsed Time: 21.51s
2026-01-19 18:25:37,098 | INFO | Batch 150 | Loss: 0.5307 | Correct: 100/128 | Elapsed Time: 21.56s
2026-01-19 18:25:58,599 | INFO | Batch 160 | Loss: 0.4114 | Correct: 110/128 | Elapsed Time: 21.50s
2026-01-19 18:26:20,173 | INFO | Batch 170 | Loss: 0.5027 | Correct: 100/128 | Elapsed Time: 21.57s
2026-01-19 18:26:41,742 | INFO | Batch 180 | Loss: 0.4585 | Correct: 107/128 | Elapsed Time: 21.57s
2026-01-19 18:27:03,329 | INFO | Batch 190 | Loss: 0.4711 | Correct: 108/128 | Elapsed Time: 21.59s
2026-01-19 18:27:24,949 | INFO | Batch 200 | Loss: 0.3672 | Correct: 113/128 | Elapsed Time: 21.62s
2026-01-19 18:27:46,546 | INFO | Batch 210 | Loss: 0.4814 | Correct: 105/128 | Elapsed Time: 21.60s
2026-01-19 18:28:08,303 | INFO | Batch 220 | Loss: 0.4893 | Correct: 108/128 | Elapsed Time: 21.76s
2026-01-19 18:28:29,912 | INFO | Batch 230 | Loss: 0.6011 | Correct: 102/128 | Elapsed Time: 21.61s
2026-01-19 18:28:51,506 | INFO | Batch 240 | Loss: 0.4711 | Correct: 107/128 | Elapsed Time: 21.59s
2026-01-19 18:29:13,135 | INFO | Batch 250 | Loss: 0.3386 | Correct: 114/128 | Elapsed Time: 21.63s
2026-01-19 18:29:34,709 | INFO | Batch 260 | Loss: 0.3479 | Correct: 113/128 | Elapsed Time: 21.57s
2026-01-19 18:29:56,306 | INFO | Batch 270 | Loss: 0.5109 | Correct: 108/128 | Elapsed Time: 21.60s
2026-01-19 18:30:17,979 | INFO | Batch 280 | Loss: 0.5914 | Correct: 107/128 | Elapsed Time: 21.67s
2026-01-19 18:30:39,623 | INFO | Batch 290 | Loss: 0.3773 | Correct: 111/128 | Elapsed Time: 21.64s
2026-01-19 18:31:01,176 | INFO | Batch 300 | Loss: 0.4438 | Correct: 107/128 | Elapsed Time: 21.55s
2026-01-19 18:31:22,704 | INFO | Batch 310 | Loss: 0.5082 | Correct: 101/128 | Elapsed Time: 21.53s
2026-01-19 18:31:44,229 | INFO | Batch 320 | Loss: 0.6380 | Correct: 104/128 | Elapsed Time: 21.53s
2026-01-19 18:32:05,741 | INFO | Batch 330 | Loss: 0.3633 | Correct: 109/128 | Elapsed Time: 21.51s
2026-01-19 18:32:27,289 | INFO | Batch 340 | Loss: 0.5694 | Correct: 105/128 | Elapsed Time: 21.55s
2026-01-19 18:32:48,911 | INFO | Batch 350 | Loss: 0.4585 | Correct: 110/128 | Elapsed Time: 21.62s
2026-01-19 18:33:10,509 | INFO | Batch 360 | Loss: 0.4511 | Correct: 109/128 | Elapsed Time: 21.60s
2026-01-19 18:33:32,017 | INFO | Batch 370 | Loss: 0.4343 | Correct: 104/128 | Elapsed Time: 21.51s
2026-01-19 18:33:53,503 | INFO | Batch 380 | Loss: 0.3497 | Correct: 113/128 | Elapsed Time: 21.49s
2026-01-19 18:34:15,023 | INFO | Batch 390 | Loss: 0.3277 | Correct: 119/128 | Elapsed Time: 21.52s
2026-01-19 18:34:16,414 | INFO | Epoch [14/100] - Loss: 0.4738 | Correct: 41877/50000 (83.75%, 842.56s)
2026-01-19 18:35:27,733 | INFO | Validation - Loss: 0.5745 | Correct: 8019/10000 (80.19%) (71.32s)
2026-01-19 18:35:49,259 | INFO | Batch 10 | Loss: 0.4660 | Correct: 108/128 | Elapsed Time: 21.52s
2026-01-19 18:36:10,795 | INFO | Batch 20 | Loss: 0.3613 | Correct: 114/128 | Elapsed Time: 21.54s
2026-01-19 18:36:32,383 | INFO | Batch 30 | Loss: 0.5394 | Correct: 106/128 | Elapsed Time: 21.59s
2026-01-19 18:36:53,891 | INFO | Batch 40 | Loss: 0.4227 | Correct: 111/128 | Elapsed Time: 21.51s
2026-01-19 18:37:15,394 | INFO | Batch 50 | Loss: 0.5221 | Correct: 104/128 | Elapsed Time: 21.50s
2026-01-19 18:37:36,887 | INFO | Batch 60 | Loss: 0.4946 | Correct: 101/128 | Elapsed Time: 21.49s
2026-01-19 18:37:58,369 | INFO | Batch 70 | Loss: 0.4227 | Correct: 110/128 | Elapsed Time: 21.48s
2026-01-19 18:38:19,933 | INFO | Batch 80 | Loss: 0.4536 | Correct: 111/128 | Elapsed Time: 21.56s
2026-01-19 18:38:41,541 | INFO | Batch 90 | Loss: 0.3835 | Correct: 109/128 | Elapsed Time: 21.61s
2026-01-19 18:39:03,008 | INFO | Batch 100 | Loss: 0.5054 | Correct: 106/128 | Elapsed Time: 21.47s
2026-01-19 18:39:24,527 | INFO | Batch 110 | Loss: 0.3919 | Correct: 110/128 | Elapsed Time: 21.52s
2026-01-19 18:39:46,037 | INFO | Batch 120 | Loss: 0.4511 | Correct: 107/128 | Elapsed Time: 21.51s
2026-01-19 18:40:07,590 | INFO | Batch 130 | Loss: 0.4511 | Correct: 108/128 | Elapsed Time: 21.55s
2026-01-19 18:40:29,275 | INFO | Batch 140 | Loss: 0.5756 | Correct: 102/128 | Elapsed Time: 21.68s
2026-01-19 18:40:50,756 | INFO | Batch 150 | Loss: 0.4070 | Correct: 107/128 | Elapsed Time: 21.48s
2026-01-19 18:41:12,358 | INFO | Batch 160 | Loss: 0.4919 | Correct: 109/128 | Elapsed Time: 21.60s
2026-01-19 18:41:33,871 | INFO | Batch 170 | Loss: 0.5054 | Correct: 109/128 | Elapsed Time: 21.51s
2026-01-19 18:41:55,407 | INFO | Batch 180 | Loss: 0.3876 | Correct: 112/128 | Elapsed Time: 21.54s
2026-01-19 18:42:16,967 | INFO | Batch 190 | Loss: 0.5109 | Correct: 102/128 | Elapsed Time: 21.56s
2026-01-19 18:42:38,434 | INFO | Batch 200 | Loss: 0.3940 | Correct: 114/128 | Elapsed Time: 21.47s
2026-01-19 18:42:59,906 | INFO | Batch 210 | Loss: 0.4137 | Correct: 109/128 | Elapsed Time: 21.47s
2026-01-19 18:43:21,481 | INFO | Batch 220 | Loss: 0.4250 | Correct: 108/128 | Elapsed Time: 21.57s
2026-01-19 18:43:43,039 | INFO | Batch 230 | Loss: 0.6449 | Correct: 97/128 | Elapsed Time: 21.56s
2026-01-19 18:44:04,586 | INFO | Batch 240 | Loss: 0.4297 | Correct: 112/128 | Elapsed Time: 21.55s
2026-01-19 18:44:26,147 | INFO | Batch 250 | Loss: 0.4320 | Correct: 110/128 | Elapsed Time: 21.56s
2026-01-19 18:44:47,648 | INFO | Batch 260 | Loss: 0.4250 | Correct: 109/128 | Elapsed Time: 21.50s
2026-01-19 18:45:09,194 | INFO | Batch 270 | Loss: 0.3652 | Correct: 111/128 | Elapsed Time: 21.55s
2026-01-19 18:45:30,719 | INFO | Batch 280 | Loss: 0.5137 | Correct: 107/128 | Elapsed Time: 21.52s
2026-01-19 18:45:52,207 | INFO | Batch 290 | Loss: 0.4840 | Correct: 110/128 | Elapsed Time: 21.49s
2026-01-19 18:46:13,824 | INFO | Batch 300 | Loss: 0.4114 | Correct: 113/128 | Elapsed Time: 21.62s
2026-01-19 18:46:35,340 | INFO | Batch 310 | Loss: 0.5082 | Correct: 107/128 | Elapsed Time: 21.52s
2026-01-19 18:46:56,826 | INFO | Batch 320 | Loss: 0.4273 | Correct: 112/128 | Elapsed Time: 21.49s
2026-01-19 18:47:18,402 | INFO | Batch 330 | Loss: 0.4711 | Correct: 111/128 | Elapsed Time: 21.58s
2026-01-19 18:47:39,913 | INFO | Batch 340 | Loss: 0.5278 | Correct: 100/128 | Elapsed Time: 21.51s
2026-01-19 18:48:01,395 | INFO | Batch 350 | Loss: 0.5423 | Correct: 103/128 | Elapsed Time: 21.48s
2026-01-19 18:48:22,909 | INFO | Batch 360 | Loss: 0.3242 | Correct: 113/128 | Elapsed Time: 21.51s
2026-01-19 18:48:44,487 | INFO | Batch 370 | Loss: 0.3404 | Correct: 114/128 | Elapsed Time: 21.58s
2026-01-19 18:49:05,975 | INFO | Batch 380 | Loss: 0.4973 | Correct: 104/128 | Elapsed Time: 21.49s
2026-01-19 18:49:27,534 | INFO | Batch 390 | Loss: 0.3055 | Correct: 116/128 | Elapsed Time: 21.56s
2026-01-19 18:49:28,932 | INFO | Epoch [15/100] - Loss: 0.4528 | Correct: 42212/50000 (84.42%, 841.20s)
2026-01-19 18:50:40,392 | INFO | Validation - Loss: 0.5479 | Correct: 8138/10000 (81.38%) (71.46s)
2026-01-19 18:50:40,646 | INFO | New best model saved at epoch 15 with Top1 Acc: 81.38%
2026-01-19 18:51:02,255 | INFO | Batch 10 | Loss: 0.2894 | Correct: 117/128 | Elapsed Time: 21.61s
2026-01-19 18:51:23,866 | INFO | Batch 20 | Loss: 0.3295 | Correct: 112/128 | Elapsed Time: 21.61s
2026-01-19 18:51:45,435 | INFO | Batch 30 | Loss: 0.5423 | Correct: 100/128 | Elapsed Time: 21.57s
2026-01-19 18:52:07,124 | INFO | Batch 40 | Loss: 0.4414 | Correct: 110/128 | Elapsed Time: 21.69s
2026-01-19 18:52:28,783 | INFO | Batch 50 | Loss: 0.4297 | Correct: 112/128 | Elapsed Time: 21.66s
2026-01-19 18:52:50,380 | INFO | Batch 60 | Loss: 0.4250 | Correct: 108/128 | Elapsed Time: 21.60s
2026-01-19 18:53:12,011 | INFO | Batch 70 | Loss: 0.4273 | Correct: 105/128 | Elapsed Time: 21.63s
2026-01-19 18:53:33,582 | INFO | Batch 80 | Loss: 0.5512 | Correct: 108/128 | Elapsed Time: 21.57s
2026-01-19 18:53:55,166 | INFO | Batch 90 | Loss: 0.4414 | Correct: 109/128 | Elapsed Time: 21.58s
2026-01-19 18:54:16,944 | INFO | Batch 100 | Loss: 0.4919 | Correct: 109/128 | Elapsed Time: 21.78s
2026-01-19 18:54:38,574 | INFO | Batch 110 | Loss: 0.3692 | Correct: 112/128 | Elapsed Time: 21.63s
2026-01-19 18:55:00,168 | INFO | Batch 120 | Loss: 0.4560 | Correct: 106/128 | Elapsed Time: 21.59s
2026-01-19 18:55:21,783 | INFO | Batch 130 | Loss: 0.2941 | Correct: 119/128 | Elapsed Time: 21.61s
2026-01-19 18:55:43,405 | INFO | Batch 140 | Loss: 0.4511 | Correct: 109/128 | Elapsed Time: 21.62s
2026-01-19 18:56:05,031 | INFO | Batch 150 | Loss: 0.4788 | Correct: 106/128 | Elapsed Time: 21.63s
2026-01-19 18:56:26,642 | INFO | Batch 160 | Loss: 0.4635 | Correct: 106/128 | Elapsed Time: 21.61s
2026-01-19 18:56:48,361 | INFO | Batch 170 | Loss: 0.4250 | Correct: 107/128 | Elapsed Time: 21.72s
2026-01-19 18:57:10,014 | INFO | Batch 180 | Loss: 0.3672 | Correct: 112/128 | Elapsed Time: 21.65s
2026-01-19 18:57:31,684 | INFO | Batch 190 | Loss: 0.4973 | Correct: 107/128 | Elapsed Time: 21.67s
2026-01-19 18:57:53,277 | INFO | Batch 200 | Loss: 0.3898 | Correct: 110/128 | Elapsed Time: 21.59s
2026-01-19 18:58:14,938 | INFO | Batch 210 | Loss: 0.5336 | Correct: 101/128 | Elapsed Time: 21.66s
2026-01-19 18:58:36,571 | INFO | Batch 220 | Loss: 0.4946 | Correct: 109/128 | Elapsed Time: 21.63s
2026-01-19 18:58:58,218 | INFO | Batch 230 | Loss: 0.5512 | Correct: 104/128 | Elapsed Time: 21.65s
2026-01-19 18:59:19,973 | INFO | Batch 240 | Loss: 0.5082 | Correct: 106/128 | Elapsed Time: 21.76s
2026-01-19 18:59:41,544 | INFO | Batch 250 | Loss: 0.4973 | Correct: 104/128 | Elapsed Time: 21.57s
2026-01-19 19:00:03,174 | INFO | Batch 260 | Loss: 0.3712 | Correct: 110/128 | Elapsed Time: 21.63s
2026-01-19 19:00:24,873 | INFO | Batch 270 | Loss: 0.6311 | Correct: 102/128 | Elapsed Time: 21.70s
2026-01-19 19:00:46,482 | INFO | Batch 280 | Loss: 0.5572 | Correct: 103/128 | Elapsed Time: 21.61s
2026-01-19 19:01:08,076 | INFO | Batch 290 | Loss: 0.4092 | Correct: 108/128 | Elapsed Time: 21.59s
2026-01-19 19:01:29,690 | INFO | Batch 300 | Loss: 0.3692 | Correct: 111/128 | Elapsed Time: 21.61s
2026-01-19 19:01:51,378 | INFO | Batch 310 | Loss: 0.3876 | Correct: 110/128 | Elapsed Time: 21.69s
2026-01-19 19:02:13,021 | INFO | Batch 320 | Loss: 0.4463 | Correct: 107/128 | Elapsed Time: 21.64s
2026-01-19 19:02:34,638 | INFO | Batch 330 | Loss: 0.6109 | Correct: 103/128 | Elapsed Time: 21.62s
2026-01-19 19:02:56,241 | INFO | Batch 340 | Loss: 0.5221 | Correct: 103/128 | Elapsed Time: 21.60s
2026-01-19 19:03:17,855 | INFO | Batch 350 | Loss: 0.4536 | Correct: 110/128 | Elapsed Time: 21.61s
2026-01-19 19:03:39,491 | INFO | Batch 360 | Loss: 0.4414 | Correct: 106/128 | Elapsed Time: 21.64s
2026-01-19 19:04:01,104 | INFO | Batch 370 | Loss: 0.4946 | Correct: 105/128 | Elapsed Time: 21.61s
2026-01-19 19:04:22,834 | INFO | Batch 380 | Loss: 0.3460 | Correct: 113/128 | Elapsed Time: 21.73s
2026-01-19 19:04:44,419 | INFO | Batch 390 | Loss: 0.4946 | Correct: 109/128 | Elapsed Time: 21.58s
2026-01-19 19:04:45,824 | INFO | Epoch [16/100] - Loss: 0.4389 | Correct: 42393/50000 (84.79%, 845.18s)
2026-01-19 19:05:57,688 | INFO | Validation - Loss: 0.5887 | Correct: 7992/10000 (79.92%) (71.86s)
2026-01-19 19:06:19,418 | INFO | Batch 10 | Loss: 0.4367 | Correct: 109/128 | Elapsed Time: 21.73s
2026-01-19 19:06:41,012 | INFO | Batch 20 | Loss: 0.3692 | Correct: 112/128 | Elapsed Time: 21.59s
2026-01-19 19:07:02,624 | INFO | Batch 30 | Loss: 0.3961 | Correct: 108/128 | Elapsed Time: 21.61s
2026-01-19 19:07:24,397 | INFO | Batch 40 | Loss: 0.5278 | Correct: 106/128 | Elapsed Time: 21.77s
2026-01-19 19:07:46,068 | INFO | Batch 50 | Loss: 0.4814 | Correct: 107/128 | Elapsed Time: 21.67s
2026-01-19 19:08:07,736 | INFO | Batch 60 | Loss: 0.5307 | Correct: 107/128 | Elapsed Time: 21.67s
2026-01-19 19:08:29,343 | INFO | Batch 70 | Loss: 0.3038 | Correct: 110/128 | Elapsed Time: 21.61s
2026-01-19 19:08:50,936 | INFO | Batch 80 | Loss: 0.4560 | Correct: 105/128 | Elapsed Time: 21.59s
2026-01-19 19:09:12,551 | INFO | Batch 90 | Loss: 0.3260 | Correct: 115/128 | Elapsed Time: 21.61s
2026-01-19 19:09:34,240 | INFO | Batch 100 | Loss: 0.4487 | Correct: 110/128 | Elapsed Time: 21.69s
2026-01-19 19:09:55,870 | INFO | Batch 110 | Loss: 0.4182 | Correct: 108/128 | Elapsed Time: 21.63s
2026-01-19 19:10:17,595 | INFO | Batch 120 | Loss: 0.5082 | Correct: 102/128 | Elapsed Time: 21.72s
2026-01-19 19:10:39,241 | INFO | Batch 130 | Loss: 0.4560 | Correct: 109/128 | Elapsed Time: 21.65s
2026-01-19 19:11:00,869 | INFO | Batch 140 | Loss: 0.3940 | Correct: 109/128 | Elapsed Time: 21.63s
2026-01-19 19:11:22,478 | INFO | Batch 150 | Loss: 0.3856 | Correct: 110/128 | Elapsed Time: 21.61s
2026-01-19 19:11:44,119 | INFO | Batch 160 | Loss: 0.4711 | Correct: 107/128 | Elapsed Time: 21.64s
2026-01-19 19:12:05,910 | INFO | Batch 170 | Loss: 0.5193 | Correct: 109/128 | Elapsed Time: 21.79s
2026-01-19 19:12:27,471 | INFO | Batch 180 | Loss: 0.3919 | Correct: 111/128 | Elapsed Time: 21.56s
2026-01-19 19:12:48,986 | INFO | Batch 190 | Loss: 0.3005 | Correct: 118/128 | Elapsed Time: 21.51s
2026-01-19 19:13:10,606 | INFO | Batch 200 | Loss: 0.4814 | Correct: 103/128 | Elapsed Time: 21.62s
2026-01-19 19:13:32,202 | INFO | Batch 210 | Loss: 0.3652 | Correct: 111/128 | Elapsed Time: 21.60s
2026-01-19 19:13:53,833 | INFO | Batch 220 | Loss: 0.4711 | Correct: 105/128 | Elapsed Time: 21.63s
2026-01-19 19:14:15,503 | INFO | Batch 230 | Loss: 0.3386 | Correct: 114/128 | Elapsed Time: 21.67s
2026-01-19 19:14:37,134 | INFO | Batch 240 | Loss: 0.4137 | Correct: 109/128 | Elapsed Time: 21.63s
2026-01-19 19:14:58,702 | INFO | Batch 250 | Loss: 0.3712 | Correct: 113/128 | Elapsed Time: 21.57s
2026-01-19 19:15:20,347 | INFO | Batch 260 | Loss: 0.5027 | Correct: 105/128 | Elapsed Time: 21.65s
2026-01-19 19:15:41,953 | INFO | Batch 270 | Loss: 0.4560 | Correct: 112/128 | Elapsed Time: 21.61s
2026-01-19 19:16:03,539 | INFO | Batch 280 | Loss: 0.4367 | Correct: 108/128 | Elapsed Time: 21.59s
2026-01-19 19:16:25,161 | INFO | Batch 290 | Loss: 0.4343 | Correct: 109/128 | Elapsed Time: 21.62s
2026-01-19 19:16:46,759 | INFO | Batch 300 | Loss: 0.4463 | Correct: 111/128 | Elapsed Time: 21.60s
2026-01-19 19:17:08,481 | INFO | Batch 310 | Loss: 0.4092 | Correct: 111/128 | Elapsed Time: 21.72s
2026-01-19 19:17:30,044 | INFO | Batch 320 | Loss: 0.3961 | Correct: 116/128 | Elapsed Time: 21.56s
2026-01-19 19:17:51,631 | INFO | Batch 330 | Loss: 0.4585 | Correct: 108/128 | Elapsed Time: 21.59s
2026-01-19 19:18:13,260 | INFO | Batch 340 | Loss: 0.6043 | Correct: 105/128 | Elapsed Time: 21.63s
2026-01-19 19:18:34,891 | INFO | Batch 350 | Loss: 0.4685 | Correct: 108/128 | Elapsed Time: 21.63s
2026-01-19 19:18:56,512 | INFO | Batch 360 | Loss: 0.3961 | Correct: 114/128 | Elapsed Time: 21.62s
2026-01-19 19:19:18,175 | INFO | Batch 370 | Loss: 0.3961 | Correct: 112/128 | Elapsed Time: 21.66s
2026-01-19 19:19:39,837 | INFO | Batch 380 | Loss: 0.4736 | Correct: 110/128 | Elapsed Time: 21.66s
2026-01-19 19:20:01,427 | INFO | Batch 390 | Loss: 0.4004 | Correct: 109/128 | Elapsed Time: 21.59s
2026-01-19 19:20:02,851 | INFO | Epoch [17/100] - Loss: 0.4274 | Correct: 42617/50000 (85.23%, 845.16s)
2026-01-19 19:21:14,807 | INFO | Validation - Loss: 0.5499 | Correct: 8095/10000 (80.95%) (71.96s)
2026-01-19 19:21:36,479 | INFO | Batch 10 | Loss: 0.4866 | Correct: 108/128 | Elapsed Time: 21.67s
2026-01-19 19:21:58,098 | INFO | Batch 20 | Loss: 0.6011 | Correct: 102/128 | Elapsed Time: 21.62s
2026-01-19 19:22:19,721 | INFO | Batch 30 | Loss: 0.4840 | Correct: 105/128 | Elapsed Time: 21.62s
2026-01-19 19:22:41,398 | INFO | Batch 40 | Loss: 0.3071 | Correct: 115/128 | Elapsed Time: 21.68s
2026-01-19 19:23:02,991 | INFO | Batch 50 | Loss: 0.4297 | Correct: 110/128 | Elapsed Time: 21.59s
2026-01-19 19:23:24,603 | INFO | Batch 60 | Loss: 0.3404 | Correct: 113/128 | Elapsed Time: 21.61s
2026-01-19 19:23:46,188 | INFO | Batch 70 | Loss: 0.4893 | Correct: 103/128 | Elapsed Time: 21.58s
2026-01-19 19:24:07,822 | INFO | Batch 80 | Loss: 0.4973 | Correct: 106/128 | Elapsed Time: 21.63s
2026-01-19 19:24:29,444 | INFO | Batch 90 | Loss: 0.4137 | Correct: 112/128 | Elapsed Time: 21.62s
2026-01-19 19:24:51,012 | INFO | Batch 100 | Loss: 0.4893 | Correct: 103/128 | Elapsed Time: 21.57s
2026-01-19 19:25:12,746 | INFO | Batch 110 | Loss: 0.3652 | Correct: 113/128 | Elapsed Time: 21.73s
2026-01-19 19:25:34,366 | INFO | Batch 120 | Loss: 0.3173 | Correct: 112/128 | Elapsed Time: 21.62s
2026-01-19 19:25:56,000 | INFO | Batch 130 | Loss: 0.2473 | Correct: 120/128 | Elapsed Time: 21.63s
2026-01-19 19:26:17,631 | INFO | Batch 140 | Loss: 0.4070 | Correct: 110/128 | Elapsed Time: 21.63s
2026-01-19 19:26:39,207 | INFO | Batch 150 | Loss: 0.3277 | Correct: 115/128 | Elapsed Time: 21.58s
2026-01-19 19:27:00,797 | INFO | Batch 160 | Loss: 0.5054 | Correct: 110/128 | Elapsed Time: 21.59s
2026-01-19 19:27:22,460 | INFO | Batch 170 | Loss: 0.4367 | Correct: 110/128 | Elapsed Time: 21.66s
2026-01-19 19:27:44,168 | INFO | Batch 180 | Loss: 0.4414 | Correct: 110/128 | Elapsed Time: 21.71s
2026-01-19 19:28:05,798 | INFO | Batch 190 | Loss: 0.4536 | Correct: 111/128 | Elapsed Time: 21.63s
2026-01-19 19:28:27,434 | INFO | Batch 200 | Loss: 0.4343 | Correct: 110/128 | Elapsed Time: 21.64s
2026-01-19 19:28:49,049 | INFO | Batch 210 | Loss: 0.5365 | Correct: 107/128 | Elapsed Time: 21.61s
2026-01-19 19:29:10,680 | INFO | Batch 220 | Loss: 0.4092 | Correct: 111/128 | Elapsed Time: 21.63s
2026-01-19 19:29:32,313 | INFO | Batch 230 | Loss: 0.2407 | Correct: 119/128 | Elapsed Time: 21.63s
2026-01-19 19:29:53,908 | INFO | Batch 240 | Loss: 0.2925 | Correct: 115/128 | Elapsed Time: 21.60s
2026-01-19 19:30:15,695 | INFO | Batch 250 | Loss: 0.5946 | Correct: 105/128 | Elapsed Time: 21.79s
2026-01-19 19:30:37,334 | INFO | Batch 260 | Loss: 0.3574 | Correct: 112/128 | Elapsed Time: 21.64s
2026-01-19 19:30:58,948 | INFO | Batch 270 | Loss: 0.3773 | Correct: 110/128 | Elapsed Time: 21.61s
2026-01-19 19:31:20,558 | INFO | Batch 280 | Loss: 0.5482 | Correct: 108/128 | Elapsed Time: 21.61s
2026-01-19 19:31:42,166 | INFO | Batch 290 | Loss: 0.5278 | Correct: 105/128 | Elapsed Time: 21.61s
2026-01-19 19:32:03,826 | INFO | Batch 300 | Loss: 0.5082 | Correct: 107/128 | Elapsed Time: 21.66s
2026-01-19 19:32:25,473 | INFO | Batch 310 | Loss: 0.4159 | Correct: 110/128 | Elapsed Time: 21.65s
2026-01-19 19:32:47,166 | INFO | Batch 320 | Loss: 0.4438 | Correct: 109/128 | Elapsed Time: 21.69s
2026-01-19 19:33:08,840 | INFO | Batch 330 | Loss: 0.5278 | Correct: 102/128 | Elapsed Time: 21.67s
2026-01-19 19:33:30,450 | INFO | Batch 340 | Loss: 0.3423 | Correct: 114/128 | Elapsed Time: 21.61s
2026-01-19 19:33:52,046 | INFO | Batch 350 | Loss: 0.3071 | Correct: 109/128 | Elapsed Time: 21.60s
2026-01-19 19:34:13,682 | INFO | Batch 360 | Loss: 0.4391 | Correct: 105/128 | Elapsed Time: 21.64s
2026-01-19 19:34:35,207 | INFO | Batch 370 | Loss: 0.3814 | Correct: 112/128 | Elapsed Time: 21.52s
2026-01-19 19:34:56,742 | INFO | Batch 380 | Loss: 0.3536 | Correct: 113/128 | Elapsed Time: 21.53s
2026-01-19 19:35:18,460 | INFO | Batch 390 | Loss: 0.4092 | Correct: 109/128 | Elapsed Time: 21.72s
2026-01-19 19:35:19,863 | INFO | Epoch [18/100] - Loss: 0.4189 | Correct: 42743/50000 (85.49%, 845.05s)
2026-01-19 19:36:31,682 | INFO | Validation - Loss: 0.6300 | Correct: 7910/10000 (79.10%) (71.82s)
2026-01-19 19:36:53,324 | INFO | Batch 10 | Loss: 0.4414 | Correct: 107/128 | Elapsed Time: 21.64s
2026-01-19 19:37:14,970 | INFO | Batch 20 | Loss: 0.3961 | Correct: 109/128 | Elapsed Time: 21.65s
2026-01-19 19:37:36,621 | INFO | Batch 30 | Loss: 0.5109 | Correct: 105/128 | Elapsed Time: 21.65s
2026-01-19 19:37:58,271 | INFO | Batch 40 | Loss: 0.4866 | Correct: 107/128 | Elapsed Time: 21.65s
2026-01-19 19:38:20,067 | INFO | Batch 50 | Loss: 0.3441 | Correct: 116/128 | Elapsed Time: 21.80s
2026-01-19 19:38:41,710 | INFO | Batch 60 | Loss: 0.5542 | Correct: 102/128 | Elapsed Time: 21.64s
2026-01-19 19:39:03,381 | INFO | Batch 70 | Loss: 0.3555 | Correct: 110/128 | Elapsed Time: 21.67s
2026-01-19 19:39:25,036 | INFO | Batch 80 | Loss: 0.4250 | Correct: 110/128 | Elapsed Time: 21.65s
2026-01-19 19:39:46,677 | INFO | Batch 90 | Loss: 0.3773 | Correct: 112/128 | Elapsed Time: 21.64s
2026-01-19 19:40:08,492 | INFO | Batch 100 | Loss: 0.3441 | Correct: 111/128 | Elapsed Time: 21.81s
2026-01-19 19:40:30,259 | INFO | Batch 110 | Loss: 0.5193 | Correct: 105/128 | Elapsed Time: 21.77s
2026-01-19 19:40:51,937 | INFO | Batch 120 | Loss: 0.3367 | Correct: 117/128 | Elapsed Time: 21.68s
2026-01-19 19:41:13,652 | INFO | Batch 130 | Loss: 0.3038 | Correct: 114/128 | Elapsed Time: 21.72s
2026-01-19 19:41:35,312 | INFO | Batch 140 | Loss: 0.3479 | Correct: 113/128 | Elapsed Time: 21.66s
2026-01-19 19:41:56,962 | INFO | Batch 150 | Loss: 0.4685 | Correct: 107/128 | Elapsed Time: 21.65s
2026-01-19 19:42:18,645 | INFO | Batch 160 | Loss: 0.3516 | Correct: 115/128 | Elapsed Time: 21.68s
2026-01-19 19:42:40,422 | INFO | Batch 170 | Loss: 0.3898 | Correct: 110/128 | Elapsed Time: 21.78s
2026-01-19 19:43:02,117 | INFO | Batch 180 | Loss: 0.4788 | Correct: 110/128 | Elapsed Time: 21.70s
2026-01-19 19:43:23,788 | INFO | Batch 190 | Loss: 0.3652 | Correct: 112/128 | Elapsed Time: 21.67s
2026-01-19 19:43:45,439 | INFO | Batch 200 | Loss: 0.5756 | Correct: 107/128 | Elapsed Time: 21.65s
2026-01-19 19:44:07,065 | INFO | Batch 210 | Loss: 0.4004 | Correct: 111/128 | Elapsed Time: 21.63s
2026-01-19 19:44:28,809 | INFO | Batch 220 | Loss: 0.3633 | Correct: 112/128 | Elapsed Time: 21.74s
2026-01-19 19:44:50,451 | INFO | Batch 230 | Loss: 0.3138 | Correct: 111/128 | Elapsed Time: 21.64s
2026-01-19 19:45:12,115 | INFO | Batch 240 | Loss: 0.4092 | Correct: 107/128 | Elapsed Time: 21.66s
2026-01-19 19:45:33,763 | INFO | Batch 250 | Loss: 0.4343 | Correct: 107/128 | Elapsed Time: 21.65s
2026-01-19 19:45:55,355 | INFO | Batch 260 | Loss: 0.3313 | Correct: 116/128 | Elapsed Time: 21.59s
2026-01-19 19:46:16,983 | INFO | Batch 270 | Loss: 0.3349 | Correct: 112/128 | Elapsed Time: 21.63s
2026-01-19 19:46:38,616 | INFO | Batch 280 | Loss: 0.2925 | Correct: 116/128 | Elapsed Time: 21.63s
2026-01-19 19:47:00,335 | INFO | Batch 290 | Loss: 0.3367 | Correct: 111/128 | Elapsed Time: 21.72s
2026-01-19 19:47:21,969 | INFO | Batch 300 | Loss: 0.5278 | Correct: 107/128 | Elapsed Time: 21.63s
2026-01-19 19:47:43,639 | INFO | Batch 310 | Loss: 0.3983 | Correct: 112/128 | Elapsed Time: 21.67s
2026-01-19 19:48:05,324 | INFO | Batch 320 | Loss: 0.3574 | Correct: 111/128 | Elapsed Time: 21.69s
2026-01-19 19:48:26,913 | INFO | Batch 330 | Loss: 0.4137 | Correct: 110/128 | Elapsed Time: 21.59s
2026-01-19 19:48:48,544 | INFO | Batch 340 | Loss: 0.4297 | Correct: 107/128 | Elapsed Time: 21.63s
2026-01-19 19:49:10,194 | INFO | Batch 350 | Loss: 0.5482 | Correct: 101/128 | Elapsed Time: 21.65s
2026-01-19 19:49:31,895 | INFO | Batch 360 | Loss: 0.4711 | Correct: 108/128 | Elapsed Time: 21.70s
2026-01-19 19:49:53,517 | INFO | Batch 370 | Loss: 0.4070 | Correct: 110/128 | Elapsed Time: 21.62s
2026-01-19 19:50:15,265 | INFO | Batch 380 | Loss: 0.4736 | Correct: 107/128 | Elapsed Time: 21.75s
2026-01-19 19:50:36,946 | INFO | Batch 390 | Loss: 0.3652 | Correct: 112/128 | Elapsed Time: 21.68s
2026-01-19 19:50:38,348 | INFO | Epoch [19/100] - Loss: 0.4060 | Correct: 43034/50000 (86.07%, 846.66s)
2026-01-19 19:51:50,253 | INFO | Validation - Loss: 0.5095 | Correct: 8266/10000 (82.66%) (71.91s)
2026-01-19 19:51:50,509 | INFO | New best model saved at epoch 19 with Top1 Acc: 82.66%
2026-01-19 19:52:12,201 | INFO | Batch 10 | Loss: 0.3277 | Correct: 116/128 | Elapsed Time: 21.69s
2026-01-19 19:52:33,909 | INFO | Batch 20 | Loss: 0.5054 | Correct: 111/128 | Elapsed Time: 21.71s
2026-01-19 19:52:55,560 | INFO | Batch 30 | Loss: 0.3536 | Correct: 106/128 | Elapsed Time: 21.65s
2026-01-19 19:53:17,236 | INFO | Batch 40 | Loss: 0.2473 | Correct: 118/128 | Elapsed Time: 21.68s
2026-01-19 19:53:38,880 | INFO | Batch 50 | Loss: 0.3423 | Correct: 109/128 | Elapsed Time: 21.64s
2026-01-19 19:54:00,523 | INFO | Batch 60 | Loss: 0.3613 | Correct: 114/128 | Elapsed Time: 21.64s
2026-01-19 19:54:22,358 | INFO | Batch 70 | Loss: 0.3367 | Correct: 111/128 | Elapsed Time: 21.83s
2026-01-19 19:54:43,996 | INFO | Batch 80 | Loss: 0.3260 | Correct: 116/128 | Elapsed Time: 21.64s
2026-01-19 19:55:05,662 | INFO | Batch 90 | Loss: 0.3331 | Correct: 115/128 | Elapsed Time: 21.67s
2026-01-19 19:55:27,334 | INFO | Batch 100 | Loss: 0.2847 | Correct: 116/128 | Elapsed Time: 21.67s
2026-01-19 19:55:48,965 | INFO | Batch 110 | Loss: 0.4320 | Correct: 108/128 | Elapsed Time: 21.63s
2026-01-19 19:56:10,640 | INFO | Batch 120 | Loss: 0.3313 | Correct: 113/128 | Elapsed Time: 21.67s
2026-01-19 19:56:32,250 | INFO | Batch 130 | Loss: 0.4536 | Correct: 106/128 | Elapsed Time: 21.61s
2026-01-19 19:56:53,878 | INFO | Batch 140 | Loss: 0.3753 | Correct: 114/128 | Elapsed Time: 21.63s
2026-01-19 19:57:15,532 | INFO | Batch 150 | Loss: 0.3773 | Correct: 111/128 | Elapsed Time: 21.65s
2026-01-19 19:57:37,134 | INFO | Batch 160 | Loss: 0.3961 | Correct: 107/128 | Elapsed Time: 21.60s
2026-01-19 19:57:58,697 | INFO | Batch 170 | Loss: 0.4610 | Correct: 108/128 | Elapsed Time: 21.56s
2026-01-19 19:58:20,319 | INFO | Batch 180 | Loss: 0.4762 | Correct: 111/128 | Elapsed Time: 21.62s
2026-01-19 19:58:41,977 | INFO | Batch 190 | Loss: 0.4227 | Correct: 111/128 | Elapsed Time: 21.66s
2026-01-19 19:59:03,692 | INFO | Batch 200 | Loss: 0.3225 | Correct: 111/128 | Elapsed Time: 21.71s
2026-01-19 19:59:25,389 | INFO | Batch 210 | Loss: 0.2514 | Correct: 117/128 | Elapsed Time: 21.70s
2026-01-19 19:59:46,991 | INFO | Batch 220 | Loss: 0.4367 | Correct: 107/128 | Elapsed Time: 21.60s
2026-01-19 20:00:08,639 | INFO | Batch 230 | Loss: 0.4343 | Correct: 108/128 | Elapsed Time: 21.65s
2026-01-19 20:00:30,287 | INFO | Batch 240 | Loss: 0.5882 | Correct: 104/128 | Elapsed Time: 21.65s
2026-01-19 20:00:51,891 | INFO | Batch 250 | Loss: 0.4736 | Correct: 107/128 | Elapsed Time: 21.60s
2026-01-19 20:01:13,547 | INFO | Batch 260 | Loss: 0.3961 | Correct: 113/128 | Elapsed Time: 21.66s
2026-01-19 20:01:35,198 | INFO | Batch 270 | Loss: 0.5850 | Correct: 105/128 | Elapsed Time: 21.65s
2026-01-19 20:01:56,906 | INFO | Batch 280 | Loss: 0.3712 | Correct: 108/128 | Elapsed Time: 21.71s
2026-01-19 20:02:18,540 | INFO | Batch 290 | Loss: 0.4893 | Correct: 109/128 | Elapsed Time: 21.63s
2026-01-19 20:02:40,150 | INFO | Batch 300 | Loss: 0.4159 | Correct: 107/128 | Elapsed Time: 21.61s
2026-01-19 20:03:01,784 | INFO | Batch 310 | Loss: 0.5602 | Correct: 101/128 | Elapsed Time: 21.63s
2026-01-19 20:03:23,401 | INFO | Batch 320 | Loss: 0.3593 | Correct: 110/128 | Elapsed Time: 21.62s
2026-01-19 20:03:45,018 | INFO | Batch 330 | Loss: 0.3574 | Correct: 111/128 | Elapsed Time: 21.62s
2026-01-19 20:04:06,628 | INFO | Batch 340 | Loss: 0.4159 | Correct: 112/128 | Elapsed Time: 21.61s
2026-01-19 20:04:28,358 | INFO | Batch 350 | Loss: 0.4438 | Correct: 104/128 | Elapsed Time: 21.73s
2026-01-19 20:04:49,955 | INFO | Batch 360 | Loss: 0.3423 | Correct: 111/128 | Elapsed Time: 21.60s
2026-01-19 20:05:11,606 | INFO | Batch 370 | Loss: 0.3856 | Correct: 112/128 | Elapsed Time: 21.65s
2026-01-19 20:05:33,216 | INFO | Batch 380 | Loss: 0.3692 | Correct: 112/128 | Elapsed Time: 21.61s
2026-01-19 20:05:54,826 | INFO | Batch 390 | Loss: 0.3732 | Correct: 113/128 | Elapsed Time: 21.61s
2026-01-19 20:05:56,223 | INFO | Epoch [20/100] - Loss: 0.3927 | Correct: 43182/50000 (86.36%, 845.71s)
2026-01-19 20:07:08,059 | INFO | Validation - Loss: 0.5330 | Correct: 8190/10000 (81.90%) (71.83s)
2026-01-19 20:07:29,740 | INFO | Batch 10 | Loss: 0.3088 | Correct: 116/128 | Elapsed Time: 21.68s
2026-01-19 20:07:51,416 | INFO | Batch 20 | Loss: 0.3138 | Correct: 117/128 | Elapsed Time: 21.68s
2026-01-19 20:08:13,051 | INFO | Batch 30 | Loss: 0.3277 | Correct: 116/128 | Elapsed Time: 21.64s
2026-01-19 20:08:34,658 | INFO | Batch 40 | Loss: 0.4048 | Correct: 111/128 | Elapsed Time: 21.61s
2026-01-19 20:08:56,232 | INFO | Batch 50 | Loss: 0.3613 | Correct: 112/128 | Elapsed Time: 21.57s
2026-01-19 20:09:17,889 | INFO | Batch 60 | Loss: 0.5278 | Correct: 105/128 | Elapsed Time: 21.66s
2026-01-19 20:09:39,517 | INFO | Batch 70 | Loss: 0.3242 | Correct: 112/128 | Elapsed Time: 21.63s
2026-01-19 20:10:01,164 | INFO | Batch 80 | Loss: 0.3349 | Correct: 113/128 | Elapsed Time: 21.65s
2026-01-19 20:10:23,023 | INFO | Batch 90 | Loss: 0.3835 | Correct: 109/128 | Elapsed Time: 21.86s
2026-01-19 20:10:44,696 | INFO | Batch 100 | Loss: 0.4635 | Correct: 109/128 | Elapsed Time: 21.67s
2026-01-19 20:11:06,376 | INFO | Batch 110 | Loss: 0.2569 | Correct: 115/128 | Elapsed Time: 21.68s
2026-01-19 20:11:28,050 | INFO | Batch 120 | Loss: 0.4367 | Correct: 113/128 | Elapsed Time: 21.67s
2026-01-19 20:11:49,714 | INFO | Batch 130 | Loss: 0.3022 | Correct: 119/128 | Elapsed Time: 21.66s
2026-01-19 20:12:11,410 | INFO | Batch 140 | Loss: 0.3207 | Correct: 115/128 | Elapsed Time: 21.70s
2026-01-19 20:12:33,120 | INFO | Batch 150 | Loss: 0.4273 | Correct: 108/128 | Elapsed Time: 21.71s
2026-01-19 20:12:54,854 | INFO | Batch 160 | Loss: 0.2816 | Correct: 115/128 | Elapsed Time: 21.73s
2026-01-19 20:13:16,542 | INFO | Batch 170 | Loss: 0.4711 | Correct: 108/128 | Elapsed Time: 21.69s
2026-01-19 20:13:38,248 | INFO | Batch 180 | Loss: 0.4660 | Correct: 110/128 | Elapsed Time: 21.71s
2026-01-19 20:13:59,914 | INFO | Batch 190 | Loss: 0.2771 | Correct: 116/128 | Elapsed Time: 21.67s
2026-01-19 20:14:21,651 | INFO | Batch 200 | Loss: 0.3242 | Correct: 112/128 | Elapsed Time: 21.74s
2026-01-19 20:14:43,302 | INFO | Batch 210 | Loss: 0.4919 | Correct: 106/128 | Elapsed Time: 21.65s
2026-01-19 20:15:04,963 | INFO | Batch 220 | Loss: 0.3367 | Correct: 112/128 | Elapsed Time: 21.66s
2026-01-19 20:15:26,779 | INFO | Batch 230 | Loss: 0.2280 | Correct: 119/128 | Elapsed Time: 21.82s
2026-01-19 20:15:48,426 | INFO | Batch 240 | Loss: 0.3479 | Correct: 110/128 | Elapsed Time: 21.65s
2026-01-19 20:16:10,081 | INFO | Batch 250 | Loss: 0.5221 | Correct: 106/128 | Elapsed Time: 21.66s
2026-01-19 20:16:31,726 | INFO | Batch 260 | Loss: 0.3652 | Correct: 108/128 | Elapsed Time: 21.64s
2026-01-19 20:16:53,360 | INFO | Batch 270 | Loss: 0.3479 | Correct: 111/128 | Elapsed Time: 21.63s
2026-01-19 20:17:15,016 | INFO | Batch 280 | Loss: 0.2611 | Correct: 114/128 | Elapsed Time: 21.66s
2026-01-19 20:17:36,710 | INFO | Batch 290 | Loss: 0.5542 | Correct: 104/128 | Elapsed Time: 21.69s
2026-01-19 20:17:58,474 | INFO | Batch 300 | Loss: 0.3856 | Correct: 112/128 | Elapsed Time: 21.76s
2026-01-19 20:18:20,126 | INFO | Batch 310 | Loss: 0.2756 | Correct: 116/128 | Elapsed Time: 21.65s
2026-01-19 20:18:41,706 | INFO | Batch 320 | Loss: 0.5278 | Correct: 107/128 | Elapsed Time: 21.58s
2026-01-19 20:19:03,247 | INFO | Batch 330 | Loss: 0.4320 | Correct: 108/128 | Elapsed Time: 21.54s
2026-01-19 20:19:24,844 | INFO | Batch 340 | Loss: 0.5000 | Correct: 107/128 | Elapsed Time: 21.60s
2026-01-19 20:19:46,482 | INFO | Batch 350 | Loss: 0.3712 | Correct: 113/128 | Elapsed Time: 21.64s
2026-01-19 20:20:08,200 | INFO | Batch 360 | Loss: 0.3753 | Correct: 106/128 | Elapsed Time: 21.72s
2026-01-19 20:20:29,989 | INFO | Batch 370 | Loss: 0.3835 | Correct: 114/128 | Elapsed Time: 21.79s
2026-01-19 20:20:51,604 | INFO | Batch 380 | Loss: 0.4762 | Correct: 106/128 | Elapsed Time: 21.61s
2026-01-19 20:21:13,227 | INFO | Batch 390 | Loss: 0.2446 | Correct: 116/128 | Elapsed Time: 21.62s
2026-01-19 20:21:14,624 | INFO | Epoch [21/100] - Loss: 0.3802 | Correct: 43416/50000 (86.83%, 846.56s)
2026-01-19 20:22:26,498 | INFO | Validation - Loss: 0.5161 | Correct: 8280/10000 (82.80%) (71.87s)
2026-01-19 20:22:26,776 | INFO | New best model saved at epoch 21 with Top1 Acc: 82.80%
2026-01-19 20:22:48,386 | INFO | Batch 10 | Loss: 0.2486 | Correct: 115/128 | Elapsed Time: 21.61s
2026-01-19 20:23:10,004 | INFO | Batch 20 | Loss: 0.2786 | Correct: 117/128 | Elapsed Time: 21.62s
2026-01-19 20:23:31,596 | INFO | Batch 30 | Loss: 0.2989 | Correct: 114/128 | Elapsed Time: 21.59s
2026-01-19 20:23:53,283 | INFO | Batch 40 | Loss: 0.4367 | Correct: 112/128 | Elapsed Time: 21.69s
2026-01-19 20:24:14,922 | INFO | Batch 50 | Loss: 0.3652 | Correct: 113/128 | Elapsed Time: 21.64s
2026-01-19 20:24:36,523 | INFO | Batch 60 | Loss: 0.4893 | Correct: 111/128 | Elapsed Time: 21.60s
2026-01-19 20:24:58,130 | INFO | Batch 70 | Loss: 0.4711 | Correct: 103/128 | Elapsed Time: 21.61s
2026-01-19 20:25:19,763 | INFO | Batch 80 | Loss: 0.4092 | Correct: 106/128 | Elapsed Time: 21.63s
2026-01-19 20:25:41,354 | INFO | Batch 90 | Loss: 0.3295 | Correct: 113/128 | Elapsed Time: 21.59s
2026-01-19 20:26:03,062 | INFO | Batch 100 | Loss: 0.4273 | Correct: 110/128 | Elapsed Time: 21.71s
2026-01-19 20:26:24,680 | INFO | Batch 110 | Loss: 0.2668 | Correct: 115/128 | Elapsed Time: 21.62s
2026-01-19 20:26:46,333 | INFO | Batch 120 | Loss: 0.3225 | Correct: 113/128 | Elapsed Time: 21.65s
2026-01-19 20:27:07,920 | INFO | Batch 130 | Loss: 0.2878 | Correct: 122/128 | Elapsed Time: 21.59s
2026-01-19 20:27:29,520 | INFO | Batch 140 | Loss: 0.3555 | Correct: 116/128 | Elapsed Time: 21.60s
2026-01-19 20:27:51,145 | INFO | Batch 150 | Loss: 0.3173 | Correct: 110/128 | Elapsed Time: 21.62s
2026-01-19 20:28:12,809 | INFO | Batch 160 | Loss: 0.4297 | Correct: 107/128 | Elapsed Time: 21.66s
2026-01-19 20:28:34,495 | INFO | Batch 170 | Loss: 0.2541 | Correct: 118/128 | Elapsed Time: 21.69s
2026-01-19 20:28:56,139 | INFO | Batch 180 | Loss: 0.3404 | Correct: 112/128 | Elapsed Time: 21.64s
2026-01-19 20:29:17,802 | INFO | Batch 190 | Loss: 0.4736 | Correct: 108/128 | Elapsed Time: 21.66s
2026-01-19 20:29:39,436 | INFO | Batch 200 | Loss: 0.2816 | Correct: 114/128 | Elapsed Time: 21.63s
2026-01-19 20:30:00,965 | INFO | Batch 210 | Loss: 0.4487 | Correct: 105/128 | Elapsed Time: 21.53s
2026-01-19 20:30:22,767 | INFO | Batch 220 | Loss: 0.4182 | Correct: 113/128 | Elapsed Time: 21.80s
2026-01-19 20:30:44,398 | INFO | Batch 230 | Loss: 0.5365 | Correct: 106/128 | Elapsed Time: 21.63s
2026-01-19 20:31:06,145 | INFO | Batch 240 | Loss: 0.4320 | Correct: 107/128 | Elapsed Time: 21.75s
2026-01-19 20:31:27,762 | INFO | Batch 250 | Loss: 0.3652 | Correct: 113/128 | Elapsed Time: 21.62s
2026-01-19 20:31:49,431 | INFO | Batch 260 | Loss: 0.3876 | Correct: 114/128 | Elapsed Time: 21.67s
2026-01-19 20:32:11,074 | INFO | Batch 270 | Loss: 0.4438 | Correct: 109/128 | Elapsed Time: 21.64s
2026-01-19 20:32:32,700 | INFO | Batch 280 | Loss: 0.5423 | Correct: 107/128 | Elapsed Time: 21.63s
2026-01-19 20:32:54,293 | INFO | Batch 290 | Loss: 0.4762 | Correct: 103/128 | Elapsed Time: 21.59s
2026-01-19 20:33:15,964 | INFO | Batch 300 | Loss: 0.2160 | Correct: 120/128 | Elapsed Time: 21.67s
2026-01-19 20:33:37,667 | INFO | Batch 310 | Loss: 0.4114 | Correct: 112/128 | Elapsed Time: 21.70s
2026-01-19 20:33:59,286 | INFO | Batch 320 | Loss: 0.3835 | Correct: 112/128 | Elapsed Time: 21.62s
2026-01-19 20:34:20,945 | INFO | Batch 330 | Loss: 0.4560 | Correct: 110/128 | Elapsed Time: 21.66s
2026-01-19 20:34:42,577 | INFO | Batch 340 | Loss: 0.3574 | Correct: 113/128 | Elapsed Time: 21.63s
2026-01-19 20:35:04,323 | INFO | Batch 350 | Loss: 0.5109 | Correct: 107/128 | Elapsed Time: 21.75s
2026-01-19 20:35:25,938 | INFO | Batch 360 | Loss: 0.2989 | Correct: 116/128 | Elapsed Time: 21.62s
2026-01-19 20:35:47,667 | INFO | Batch 370 | Loss: 0.4635 | Correct: 109/128 | Elapsed Time: 21.73s
2026-01-19 20:36:09,324 | INFO | Batch 380 | Loss: 0.2697 | Correct: 118/128 | Elapsed Time: 21.66s
2026-01-19 20:36:30,931 | INFO | Batch 390 | Loss: 0.4004 | Correct: 108/128 | Elapsed Time: 21.61s
2026-01-19 20:36:32,331 | INFO | Epoch [22/100] - Loss: 0.3769 | Correct: 43542/50000 (87.08%, 845.55s)
2026-01-19 20:37:44,297 | INFO | Validation - Loss: 0.5282 | Correct: 8258/10000 (82.58%) (71.96s)
2026-01-19 20:38:06,020 | INFO | Batch 10 | Loss: 0.2625 | Correct: 115/128 | Elapsed Time: 21.72s
2026-01-19 20:38:27,608 | INFO | Batch 20 | Loss: 0.2973 | Correct: 119/128 | Elapsed Time: 21.59s
2026-01-19 20:38:49,170 | INFO | Batch 30 | Loss: 0.4946 | Correct: 109/128 | Elapsed Time: 21.56s
2026-01-19 20:39:10,908 | INFO | Batch 40 | Loss: 0.2653 | Correct: 116/128 | Elapsed Time: 21.74s
2026-01-19 20:39:32,504 | INFO | Batch 50 | Loss: 0.4070 | Correct: 112/128 | Elapsed Time: 21.60s
2026-01-19 20:39:54,099 | INFO | Batch 60 | Loss: 0.3555 | Correct: 113/128 | Elapsed Time: 21.59s
2026-01-19 20:40:15,819 | INFO | Batch 70 | Loss: 0.3672 | Correct: 114/128 | Elapsed Time: 21.72s
2026-01-19 20:40:37,433 | INFO | Batch 80 | Loss: 0.3497 | Correct: 112/128 | Elapsed Time: 21.61s
2026-01-19 20:40:59,008 | INFO | Batch 90 | Loss: 0.5137 | Correct: 111/128 | Elapsed Time: 21.58s
2026-01-19 20:41:20,531 | INFO | Batch 100 | Loss: 0.4004 | Correct: 111/128 | Elapsed Time: 21.52s
2026-01-19 20:41:42,192 | INFO | Batch 110 | Loss: 0.6626 | Correct: 102/128 | Elapsed Time: 21.66s
2026-01-19 20:42:03,796 | INFO | Batch 120 | Loss: 0.3313 | Correct: 113/128 | Elapsed Time: 21.60s
2026-01-19 20:42:25,500 | INFO | Batch 130 | Loss: 0.3712 | Correct: 113/128 | Elapsed Time: 21.70s
2026-01-19 20:42:47,129 | INFO | Batch 140 | Loss: 0.4463 | Correct: 111/128 | Elapsed Time: 21.63s
2026-01-19 20:43:08,806 | INFO | Batch 150 | Loss: 0.3295 | Correct: 111/128 | Elapsed Time: 21.68s
2026-01-19 20:43:30,408 | INFO | Batch 160 | Loss: 0.4343 | Correct: 108/128 | Elapsed Time: 21.60s
2026-01-19 20:43:51,965 | INFO | Batch 170 | Loss: 0.2771 | Correct: 113/128 | Elapsed Time: 21.56s
2026-01-19 20:44:13,690 | INFO | Batch 180 | Loss: 0.4070 | Correct: 113/128 | Elapsed Time: 21.73s
2026-01-19 20:44:35,297 | INFO | Batch 190 | Loss: 0.2847 | Correct: 117/128 | Elapsed Time: 21.61s
2026-01-19 20:44:56,917 | INFO | Batch 200 | Loss: 0.2847 | Correct: 116/128 | Elapsed Time: 21.62s
2026-01-19 20:45:18,546 | INFO | Batch 210 | Loss: 0.3712 | Correct: 109/128 | Elapsed Time: 21.63s
2026-01-19 20:45:40,167 | INFO | Batch 220 | Loss: 0.4391 | Correct: 107/128 | Elapsed Time: 21.62s
2026-01-19 20:46:01,813 | INFO | Batch 230 | Loss: 0.3155 | Correct: 112/128 | Elapsed Time: 21.65s
2026-01-19 20:46:23,581 | INFO | Batch 240 | Loss: 0.3122 | Correct: 115/128 | Elapsed Time: 21.77s
2026-01-19 20:46:45,182 | INFO | Batch 250 | Loss: 0.2925 | Correct: 113/128 | Elapsed Time: 21.60s
2026-01-19 20:47:06,798 | INFO | Batch 260 | Loss: 0.5365 | Correct: 110/128 | Elapsed Time: 21.62s
2026-01-19 20:47:28,422 | INFO | Batch 270 | Loss: 0.3260 | Correct: 116/128 | Elapsed Time: 21.62s
2026-01-19 20:47:50,024 | INFO | Batch 280 | Loss: 0.3633 | Correct: 113/128 | Elapsed Time: 21.60s
2026-01-19 20:48:11,638 | INFO | Batch 290 | Loss: 0.2330 | Correct: 119/128 | Elapsed Time: 21.61s
2026-01-19 20:48:33,254 | INFO | Batch 300 | Loss: 0.4660 | Correct: 102/128 | Elapsed Time: 21.62s
2026-01-19 20:48:55,028 | INFO | Batch 310 | Loss: 0.3919 | Correct: 114/128 | Elapsed Time: 21.77s
2026-01-19 20:49:16,778 | INFO | Batch 320 | Loss: 0.4114 | Correct: 113/128 | Elapsed Time: 21.75s
2026-01-19 20:49:38,444 | INFO | Batch 330 | Loss: 0.4736 | Correct: 106/128 | Elapsed Time: 21.67s
2026-01-19 20:50:00,099 | INFO | Batch 340 | Loss: 0.3155 | Correct: 115/128 | Elapsed Time: 21.65s
2026-01-19 20:50:21,913 | INFO | Batch 350 | Loss: 0.2368 | Correct: 118/128 | Elapsed Time: 21.81s
2026-01-19 20:50:43,596 | INFO | Batch 360 | Loss: 0.3190 | Correct: 116/128 | Elapsed Time: 21.68s
2026-01-19 20:51:05,272 | INFO | Batch 370 | Loss: 0.3277 | Correct: 114/128 | Elapsed Time: 21.68s
2026-01-19 20:51:27,037 | INFO | Batch 380 | Loss: 0.3898 | Correct: 108/128 | Elapsed Time: 21.76s
2026-01-19 20:51:48,599 | INFO | Batch 390 | Loss: 0.3940 | Correct: 108/128 | Elapsed Time: 21.56s
2026-01-19 20:51:49,996 | INFO | Epoch [23/100] - Loss: 0.3621 | Correct: 43813/50000 (87.63%, 845.70s)
2026-01-19 20:53:01,836 | INFO | Validation - Loss: 0.5447 | Correct: 8165/10000 (81.65%) (71.84s)
2026-01-19 20:53:23,588 | INFO | Batch 10 | Loss: 0.3856 | Correct: 114/128 | Elapsed Time: 21.75s
2026-01-19 20:53:45,186 | INFO | Batch 20 | Loss: 0.2514 | Correct: 113/128 | Elapsed Time: 21.60s
2026-01-19 20:54:06,821 | INFO | Batch 30 | Loss: 0.3242 | Correct: 112/128 | Elapsed Time: 21.64s
2026-01-19 20:54:28,512 | INFO | Batch 40 | Loss: 0.3983 | Correct: 110/128 | Elapsed Time: 21.69s
2026-01-19 20:54:50,104 | INFO | Batch 50 | Loss: 0.3207 | Correct: 115/128 | Elapsed Time: 21.59s
2026-01-19 20:55:11,737 | INFO | Batch 60 | Loss: 0.4487 | Correct: 108/128 | Elapsed Time: 21.63s
2026-01-19 20:55:33,352 | INFO | Batch 70 | Loss: 0.2989 | Correct: 117/128 | Elapsed Time: 21.62s
2026-01-19 20:55:54,925 | INFO | Batch 80 | Loss: 0.2878 | Correct: 115/128 | Elapsed Time: 21.57s
2026-01-19 20:56:16,575 | INFO | Batch 90 | Loss: 0.5137 | Correct: 104/128 | Elapsed Time: 21.65s
2026-01-19 20:56:38,296 | INFO | Batch 100 | Loss: 0.6626 | Correct: 99/128 | Elapsed Time: 21.72s
2026-01-19 20:56:59,903 | INFO | Batch 110 | Loss: 0.3633 | Correct: 109/128 | Elapsed Time: 21.61s
2026-01-19 20:57:21,545 | INFO | Batch 120 | Loss: 0.4297 | Correct: 110/128 | Elapsed Time: 21.64s
2026-01-19 20:57:43,190 | INFO | Batch 130 | Loss: 0.2343 | Correct: 119/128 | Elapsed Time: 21.65s
2026-01-19 20:58:04,834 | INFO | Batch 140 | Loss: 0.3022 | Correct: 113/128 | Elapsed Time: 21.64s
2026-01-19 20:58:26,435 | INFO | Batch 150 | Loss: 0.3055 | Correct: 115/128 | Elapsed Time: 21.60s
2026-01-19 20:58:48,126 | INFO | Batch 160 | Loss: 0.4560 | Correct: 109/128 | Elapsed Time: 21.69s
2026-01-19 20:59:09,739 | INFO | Batch 170 | Loss: 0.3071 | Correct: 114/128 | Elapsed Time: 21.61s
2026-01-19 20:59:31,370 | INFO | Batch 180 | Loss: 0.3386 | Correct: 115/128 | Elapsed Time: 21.63s
2026-01-19 20:59:53,011 | INFO | Batch 190 | Loss: 0.3712 | Correct: 111/128 | Elapsed Time: 21.64s
2026-01-19 21:00:14,831 | INFO | Batch 200 | Loss: 0.3652 | Correct: 113/128 | Elapsed Time: 21.82s
2026-01-19 21:00:36,476 | INFO | Batch 210 | Loss: 0.3652 | Correct: 110/128 | Elapsed Time: 21.65s
2026-01-19 21:00:58,167 | INFO | Batch 220 | Loss: 0.2989 | Correct: 114/128 | Elapsed Time: 21.69s
2026-01-19 21:01:19,825 | INFO | Batch 230 | Loss: 0.3088 | Correct: 113/128 | Elapsed Time: 21.66s
2026-01-19 21:01:41,417 | INFO | Batch 240 | Loss: 0.3835 | Correct: 111/128 | Elapsed Time: 21.59s
2026-01-19 21:02:02,991 | INFO | Batch 250 | Loss: 0.2957 | Correct: 112/128 | Elapsed Time: 21.57s
2026-01-19 21:02:24,643 | INFO | Batch 260 | Loss: 0.4137 | Correct: 113/128 | Elapsed Time: 21.65s
2026-01-19 21:02:46,260 | INFO | Batch 270 | Loss: 0.4070 | Correct: 109/128 | Elapsed Time: 21.62s
2026-01-19 21:03:07,824 | INFO | Batch 280 | Loss: 0.3349 | Correct: 110/128 | Elapsed Time: 21.56s
2026-01-19 21:03:29,482 | INFO | Batch 290 | Loss: 0.3190 | Correct: 114/128 | Elapsed Time: 21.66s
2026-01-19 21:03:51,070 | INFO | Batch 300 | Loss: 0.2625 | Correct: 118/128 | Elapsed Time: 21.59s
2026-01-19 21:04:12,729 | INFO | Batch 310 | Loss: 0.4367 | Correct: 107/128 | Elapsed Time: 21.66s
2026-01-19 21:04:34,334 | INFO | Batch 320 | Loss: 0.3173 | Correct: 111/128 | Elapsed Time: 21.61s
2026-01-19 21:04:55,930 | INFO | Batch 330 | Loss: 0.3173 | Correct: 116/128 | Elapsed Time: 21.60s
2026-01-19 21:05:17,590 | INFO | Batch 340 | Loss: 0.4610 | Correct: 107/128 | Elapsed Time: 21.66s
2026-01-19 21:05:39,301 | INFO | Batch 350 | Loss: 0.3753 | Correct: 108/128 | Elapsed Time: 21.71s
2026-01-19 21:06:00,908 | INFO | Batch 360 | Loss: 0.2973 | Correct: 116/128 | Elapsed Time: 21.61s
2026-01-19 21:06:22,589 | INFO | Batch 370 | Loss: 0.3005 | Correct: 114/128 | Elapsed Time: 21.68s
2026-01-19 21:06:44,193 | INFO | Batch 380 | Loss: 0.5221 | Correct: 101/128 | Elapsed Time: 21.60s
2026-01-19 21:07:05,825 | INFO | Batch 390 | Loss: 0.3260 | Correct: 112/128 | Elapsed Time: 21.63s
2026-01-19 21:07:07,227 | INFO | Epoch [24/100] - Loss: 0.3527 | Correct: 43935/50000 (87.87%, 845.39s)
2026-01-19 21:08:19,116 | INFO | Validation - Loss: 0.5289 | Correct: 8232/10000 (82.32%) (71.89s)
2026-01-19 21:08:40,762 | INFO | Batch 10 | Loss: 0.2712 | Correct: 114/128 | Elapsed Time: 21.64s
2026-01-19 21:09:02,410 | INFO | Batch 20 | Loss: 0.2668 | Correct: 115/128 | Elapsed Time: 21.65s
2026-01-19 21:09:24,107 | INFO | Batch 30 | Loss: 0.3898 | Correct: 114/128 | Elapsed Time: 21.70s
2026-01-19 21:09:45,723 | INFO | Batch 40 | Loss: 0.2583 | Correct: 114/128 | Elapsed Time: 21.62s
2026-01-19 21:10:07,399 | INFO | Batch 50 | Loss: 0.3331 | Correct: 112/128 | Elapsed Time: 21.68s
2026-01-19 21:10:29,159 | INFO | Batch 60 | Loss: 0.3404 | Correct: 114/128 | Elapsed Time: 21.76s
2026-01-19 21:10:50,816 | INFO | Batch 70 | Loss: 0.3773 | Correct: 109/128 | Elapsed Time: 21.66s
2026-01-19 21:11:12,440 | INFO | Batch 80 | Loss: 0.4946 | Correct: 111/128 | Elapsed Time: 21.62s
2026-01-19 21:11:34,159 | INFO | Batch 90 | Loss: 0.2941 | Correct: 114/128 | Elapsed Time: 21.72s
2026-01-19 21:11:55,796 | INFO | Batch 100 | Loss: 0.4204 | Correct: 115/128 | Elapsed Time: 21.64s
2026-01-19 21:12:17,426 | INFO | Batch 110 | Loss: 0.2569 | Correct: 116/128 | Elapsed Time: 21.63s
2026-01-19 21:12:39,025 | INFO | Batch 120 | Loss: 0.3793 | Correct: 110/128 | Elapsed Time: 21.60s
2026-01-19 21:13:00,657 | INFO | Batch 130 | Loss: 0.3753 | Correct: 111/128 | Elapsed Time: 21.63s
2026-01-19 21:13:22,335 | INFO | Batch 140 | Loss: 0.4762 | Correct: 102/128 | Elapsed Time: 21.68s
2026-01-19 21:13:43,949 | INFO | Batch 150 | Loss: 0.3088 | Correct: 116/128 | Elapsed Time: 21.61s
2026-01-19 21:14:05,678 | INFO | Batch 160 | Loss: 0.3441 | Correct: 117/128 | Elapsed Time: 21.73s
2026-01-19 21:14:27,332 | INFO | Batch 170 | Loss: 0.3983 | Correct: 110/128 | Elapsed Time: 21.65s
2026-01-19 21:14:48,986 | INFO | Batch 180 | Loss: 0.4070 | Correct: 109/128 | Elapsed Time: 21.65s
2026-01-19 21:15:10,701 | INFO | Batch 190 | Loss: 0.3331 | Correct: 113/128 | Elapsed Time: 21.71s
2026-01-19 21:15:32,355 | INFO | Batch 200 | Loss: 0.3277 | Correct: 112/128 | Elapsed Time: 21.65s
2026-01-19 21:15:54,065 | INFO | Batch 210 | Loss: 0.3793 | Correct: 111/128 | Elapsed Time: 21.71s
2026-01-19 21:16:15,793 | INFO | Batch 220 | Loss: 0.4204 | Correct: 107/128 | Elapsed Time: 21.73s
2026-01-19 21:16:37,609 | INFO | Batch 230 | Loss: 0.4250 | Correct: 108/128 | Elapsed Time: 21.82s
2026-01-19 21:16:59,293 | INFO | Batch 240 | Loss: 0.4919 | Correct: 105/128 | Elapsed Time: 21.68s
2026-01-19 21:17:21,000 | INFO | Batch 250 | Loss: 0.4635 | Correct: 106/128 | Elapsed Time: 21.71s
2026-01-19 21:17:42,692 | INFO | Batch 260 | Loss: 0.4343 | Correct: 111/128 | Elapsed Time: 21.69s
2026-01-19 21:18:04,405 | INFO | Batch 270 | Loss: 0.3793 | Correct: 112/128 | Elapsed Time: 21.71s
2026-01-19 21:18:26,099 | INFO | Batch 280 | Loss: 0.2207 | Correct: 119/128 | Elapsed Time: 21.69s
2026-01-19 21:18:47,781 | INFO | Batch 290 | Loss: 0.3386 | Correct: 110/128 | Elapsed Time: 21.68s
2026-01-19 21:19:09,553 | INFO | Batch 300 | Loss: 0.3814 | Correct: 110/128 | Elapsed Time: 21.77s
2026-01-19 21:19:31,211 | INFO | Batch 310 | Loss: 0.3940 | Correct: 112/128 | Elapsed Time: 21.66s
2026-01-19 21:19:52,869 | INFO | Batch 320 | Loss: 0.2957 | Correct: 117/128 | Elapsed Time: 21.66s
2026-01-19 21:20:14,613 | INFO | Batch 330 | Loss: 0.3155 | Correct: 114/128 | Elapsed Time: 21.74s
2026-01-19 21:20:36,270 | INFO | Batch 340 | Loss: 0.3173 | Correct: 113/128 | Elapsed Time: 21.66s
2026-01-19 21:20:57,909 | INFO | Batch 350 | Loss: 0.5278 | Correct: 103/128 | Elapsed Time: 21.64s
2026-01-19 21:21:19,569 | INFO | Batch 360 | Loss: 0.4114 | Correct: 112/128 | Elapsed Time: 21.66s
2026-01-19 21:21:41,304 | INFO | Batch 370 | Loss: 0.4762 | Correct: 108/128 | Elapsed Time: 21.74s
2026-01-19 21:22:02,955 | INFO | Batch 380 | Loss: 0.2941 | Correct: 116/128 | Elapsed Time: 21.65s
2026-01-19 21:22:24,621 | INFO | Batch 390 | Loss: 0.2394 | Correct: 118/128 | Elapsed Time: 21.67s
2026-01-19 21:22:26,024 | INFO | Epoch [25/100] - Loss: 0.3503 | Correct: 43974/50000 (87.95%, 846.91s)
2026-01-19 21:23:37,918 | INFO | Validation - Loss: 0.5447 | Correct: 8220/10000 (82.20%) (71.89s)
2026-01-19 21:23:59,593 | INFO | Batch 10 | Loss: 0.3574 | Correct: 113/128 | Elapsed Time: 21.67s
2026-01-19 21:24:21,254 | INFO | Batch 20 | Loss: 0.2473 | Correct: 115/128 | Elapsed Time: 21.66s
2026-01-19 21:24:42,829 | INFO | Batch 30 | Loss: 0.3071 | Correct: 116/128 | Elapsed Time: 21.58s
2026-01-19 21:25:04,529 | INFO | Batch 40 | Loss: 0.4320 | Correct: 110/128 | Elapsed Time: 21.70s
2026-01-19 21:25:26,074 | INFO | Batch 50 | Loss: 0.3088 | Correct: 116/128 | Elapsed Time: 21.54s
2026-01-19 21:25:47,733 | INFO | Batch 60 | Loss: 0.3516 | Correct: 109/128 | Elapsed Time: 21.66s
2026-01-19 21:26:09,421 | INFO | Batch 70 | Loss: 0.2433 | Correct: 119/128 | Elapsed Time: 21.69s
2026-01-19 21:26:31,016 | INFO | Batch 80 | Loss: 0.2771 | Correct: 117/128 | Elapsed Time: 21.59s
2026-01-19 21:26:52,604 | INFO | Batch 90 | Loss: 0.4463 | Correct: 106/128 | Elapsed Time: 21.59s
2026-01-19 21:27:14,324 | INFO | Batch 100 | Loss: 0.3173 | Correct: 113/128 | Elapsed Time: 21.72s
2026-01-19 21:27:35,942 | INFO | Batch 110 | Loss: 0.3732 | Correct: 111/128 | Elapsed Time: 21.62s
2026-01-19 21:27:57,573 | INFO | Batch 120 | Loss: 0.2712 | Correct: 118/128 | Elapsed Time: 21.63s
2026-01-19 21:28:19,233 | INFO | Batch 130 | Loss: 0.3919 | Correct: 109/128 | Elapsed Time: 21.66s
2026-01-19 21:28:40,833 | INFO | Batch 140 | Loss: 0.2330 | Correct: 115/128 | Elapsed Time: 21.60s
2026-01-19 21:29:02,446 | INFO | Batch 150 | Loss: 0.3460 | Correct: 110/128 | Elapsed Time: 21.61s
2026-01-19 21:29:24,082 | INFO | Batch 160 | Loss: 0.3441 | Correct: 112/128 | Elapsed Time: 21.64s
2026-01-19 21:29:45,746 | INFO | Batch 170 | Loss: 0.3138 | Correct: 114/128 | Elapsed Time: 21.66s
2026-01-19 21:30:07,418 | INFO | Batch 180 | Loss: 0.3038 | Correct: 118/128 | Elapsed Time: 21.67s
2026-01-19 21:30:29,094 | INFO | Batch 190 | Loss: 0.3555 | Correct: 110/128 | Elapsed Time: 21.68s
2026-01-19 21:30:50,717 | INFO | Batch 200 | Loss: 0.3122 | Correct: 116/128 | Elapsed Time: 21.62s
2026-01-19 21:31:12,378 | INFO | Batch 210 | Loss: 0.2957 | Correct: 115/128 | Elapsed Time: 21.66s
2026-01-19 21:31:33,997 | INFO | Batch 220 | Loss: 0.3983 | Correct: 110/128 | Elapsed Time: 21.62s
2026-01-19 21:31:55,575 | INFO | Batch 230 | Loss: 0.3555 | Correct: 113/128 | Elapsed Time: 21.58s
2026-01-19 21:32:17,348 | INFO | Batch 240 | Loss: 0.3055 | Correct: 115/128 | Elapsed Time: 21.77s
2026-01-19 21:32:39,004 | INFO | Batch 250 | Loss: 0.3071 | Correct: 111/128 | Elapsed Time: 21.66s
2026-01-19 21:33:00,593 | INFO | Batch 260 | Loss: 0.3672 | Correct: 113/128 | Elapsed Time: 21.59s
2026-01-19 21:33:22,228 | INFO | Batch 270 | Loss: 0.2786 | Correct: 113/128 | Elapsed Time: 21.63s
2026-01-19 21:33:43,827 | INFO | Batch 280 | Loss: 0.2653 | Correct: 114/128 | Elapsed Time: 21.60s
2026-01-19 21:34:05,453 | INFO | Batch 290 | Loss: 0.3593 | Correct: 111/128 | Elapsed Time: 21.63s
2026-01-19 21:34:27,094 | INFO | Batch 300 | Loss: 0.3555 | Correct: 114/128 | Elapsed Time: 21.64s
2026-01-19 21:34:48,810 | INFO | Batch 310 | Loss: 0.3536 | Correct: 110/128 | Elapsed Time: 21.72s
2026-01-19 21:35:10,440 | INFO | Batch 320 | Loss: 0.4070 | Correct: 105/128 | Elapsed Time: 21.63s
2026-01-19 21:35:32,039 | INFO | Batch 330 | Loss: 0.4070 | Correct: 112/128 | Elapsed Time: 21.60s
2026-01-19 21:35:53,609 | INFO | Batch 340 | Loss: 0.1730 | Correct: 122/128 | Elapsed Time: 21.57s
2026-01-19 21:36:15,245 | INFO | Batch 350 | Loss: 0.2894 | Correct: 115/128 | Elapsed Time: 21.64s
2026-01-19 21:36:36,862 | INFO | Batch 360 | Loss: 0.3692 | Correct: 111/128 | Elapsed Time: 21.62s
2026-01-19 21:36:58,447 | INFO | Batch 370 | Loss: 0.4511 | Correct: 113/128 | Elapsed Time: 21.58s
2026-01-19 21:37:20,165 | INFO | Batch 380 | Loss: 0.3349 | Correct: 112/128 | Elapsed Time: 21.72s
2026-01-19 21:37:41,784 | INFO | Batch 390 | Loss: 0.2625 | Correct: 115/128 | Elapsed Time: 21.62s
2026-01-19 21:37:43,187 | INFO | Epoch [26/100] - Loss: 0.3384 | Correct: 44133/50000 (88.27%, 845.27s)
2026-01-19 21:38:55,123 | INFO | Validation - Loss: 0.5182 | Correct: 8239/10000 (82.39%) (71.93s)
2026-01-19 21:39:16,804 | INFO | Batch 10 | Loss: 0.2555 | Correct: 117/128 | Elapsed Time: 21.68s
2026-01-19 21:39:38,438 | INFO | Batch 20 | Loss: 0.1797 | Correct: 121/128 | Elapsed Time: 21.63s
2026-01-19 21:40:00,048 | INFO | Batch 30 | Loss: 0.3055 | Correct: 113/128 | Elapsed Time: 21.61s
2026-01-19 21:40:21,897 | INFO | Batch 40 | Loss: 0.3712 | Correct: 110/128 | Elapsed Time: 21.85s
2026-01-19 21:40:43,508 | INFO | Batch 50 | Loss: 0.2957 | Correct: 112/128 | Elapsed Time: 21.61s
2026-01-19 21:41:05,141 | INFO | Batch 60 | Loss: 0.4114 | Correct: 110/128 | Elapsed Time: 21.63s
2026-01-19 21:41:26,789 | INFO | Batch 70 | Loss: 0.3672 | Correct: 113/128 | Elapsed Time: 21.65s
2026-01-19 21:41:48,370 | INFO | Batch 80 | Loss: 0.3005 | Correct: 116/128 | Elapsed Time: 21.58s
2026-01-19 21:42:09,977 | INFO | Batch 90 | Loss: 0.3516 | Correct: 112/128 | Elapsed Time: 21.61s
2026-01-19 21:42:31,610 | INFO | Batch 100 | Loss: 0.3814 | Correct: 111/128 | Elapsed Time: 21.63s
2026-01-19 21:42:53,320 | INFO | Batch 110 | Loss: 0.3835 | Correct: 108/128 | Elapsed Time: 21.71s
2026-01-19 21:43:15,015 | INFO | Batch 120 | Loss: 0.3574 | Correct: 113/128 | Elapsed Time: 21.69s
2026-01-19 21:43:36,633 | INFO | Batch 130 | Loss: 0.3173 | Correct: 113/128 | Elapsed Time: 21.62s
2026-01-19 21:43:58,205 | INFO | Batch 140 | Loss: 0.3404 | Correct: 113/128 | Elapsed Time: 21.57s
2026-01-19 21:44:19,871 | INFO | Batch 150 | Loss: 0.2878 | Correct: 112/128 | Elapsed Time: 21.67s
2026-01-19 21:44:41,477 | INFO | Batch 160 | Loss: 0.2878 | Correct: 115/128 | Elapsed Time: 21.61s
2026-01-19 21:45:03,100 | INFO | Batch 170 | Loss: 0.3856 | Correct: 112/128 | Elapsed Time: 21.62s
2026-01-19 21:45:24,839 | INFO | Batch 180 | Loss: 0.2555 | Correct: 116/128 | Elapsed Time: 21.74s
2026-01-19 21:45:46,495 | INFO | Batch 190 | Loss: 0.4391 | Correct: 106/128 | Elapsed Time: 21.66s
2026-01-19 21:46:08,175 | INFO | Batch 200 | Loss: 0.3423 | Correct: 114/128 | Elapsed Time: 21.68s
2026-01-19 21:46:29,852 | INFO | Batch 210 | Loss: 0.4026 | Correct: 109/128 | Elapsed Time: 21.68s
2026-01-19 21:46:51,509 | INFO | Batch 220 | Loss: 0.4343 | Correct: 110/128 | Elapsed Time: 21.66s
2026-01-19 21:47:13,145 | INFO | Batch 230 | Loss: 0.2925 | Correct: 114/128 | Elapsed Time: 21.64s
2026-01-19 21:47:34,688 | INFO | Batch 240 | Loss: 0.3814 | Correct: 113/128 | Elapsed Time: 21.54s
2026-01-19 21:47:56,429 | INFO | Batch 250 | Loss: 0.3712 | Correct: 109/128 | Elapsed Time: 21.74s
2026-01-19 21:48:18,162 | INFO | Batch 260 | Loss: 0.3122 | Correct: 112/128 | Elapsed Time: 21.73s
2026-01-19 21:48:39,877 | INFO | Batch 270 | Loss: 0.4004 | Correct: 104/128 | Elapsed Time: 21.72s
2026-01-19 21:49:01,512 | INFO | Batch 280 | Loss: 0.3773 | Correct: 106/128 | Elapsed Time: 21.63s
2026-01-19 21:49:23,192 | INFO | Batch 290 | Loss: 0.3479 | Correct: 112/128 | Elapsed Time: 21.68s
2026-01-19 21:49:44,872 | INFO | Batch 300 | Loss: 0.3773 | Correct: 111/128 | Elapsed Time: 21.68s
2026-01-19 21:50:06,568 | INFO | Batch 310 | Loss: 0.3919 | Correct: 110/128 | Elapsed Time: 21.70s
2026-01-19 21:50:28,429 | INFO | Batch 320 | Loss: 0.3295 | Correct: 117/128 | Elapsed Time: 21.86s
2026-01-19 21:50:50,131 | INFO | Batch 330 | Loss: 0.5137 | Correct: 109/128 | Elapsed Time: 21.70s
2026-01-19 21:51:11,803 | INFO | Batch 340 | Loss: 0.3295 | Correct: 115/128 | Elapsed Time: 21.67s
2026-01-19 21:51:33,476 | INFO | Batch 350 | Loss: 0.3173 | Correct: 113/128 | Elapsed Time: 21.67s
2026-01-19 21:51:55,127 | INFO | Batch 360 | Loss: 0.4660 | Correct: 107/128 | Elapsed Time: 21.65s
2026-01-19 21:52:16,786 | INFO | Batch 370 | Loss: 0.2862 | Correct: 117/128 | Elapsed Time: 21.66s
2026-01-19 21:52:38,399 | INFO | Batch 380 | Loss: 0.4946 | Correct: 106/128 | Elapsed Time: 21.61s
2026-01-19 21:53:00,138 | INFO | Batch 390 | Loss: 0.3613 | Correct: 111/128 | Elapsed Time: 21.74s
2026-01-19 21:53:01,538 | INFO | Epoch [27/100] - Loss: 0.3398 | Correct: 44136/50000 (88.27%, 846.41s)
2026-01-19 21:54:13,555 | INFO | Validation - Loss: 0.4734 | Correct: 8420/10000 (84.20%) (72.02s)
2026-01-19 21:54:13,818 | INFO | New best model saved at epoch 27 with Top1 Acc: 84.20%
2026-01-19 21:54:35,511 | INFO | Batch 10 | Loss: 0.4487 | Correct: 111/128 | Elapsed Time: 21.69s
2026-01-19 21:54:57,181 | INFO | Batch 20 | Loss: 0.5054 | Correct: 104/128 | Elapsed Time: 21.67s
2026-01-19 21:55:18,820 | INFO | Batch 30 | Loss: 0.4048 | Correct: 109/128 | Elapsed Time: 21.64s
2026-01-19 21:55:40,536 | INFO | Batch 40 | Loss: 0.2682 | Correct: 116/128 | Elapsed Time: 21.72s
2026-01-19 21:56:02,182 | INFO | Batch 50 | Loss: 0.2317 | Correct: 114/128 | Elapsed Time: 21.65s
2026-01-19 21:56:23,822 | INFO | Batch 60 | Loss: 0.3732 | Correct: 112/128 | Elapsed Time: 21.64s
2026-01-19 21:56:45,441 | INFO | Batch 70 | Loss: 0.4946 | Correct: 106/128 | Elapsed Time: 21.62s
2026-01-19 21:57:07,081 | INFO | Batch 80 | Loss: 0.3835 | Correct: 115/128 | Elapsed Time: 21.64s
2026-01-19 21:57:28,833 | INFO | Batch 90 | Loss: 0.3331 | Correct: 112/128 | Elapsed Time: 21.75s
2026-01-19 21:57:50,473 | INFO | Batch 100 | Loss: 0.3071 | Correct: 113/128 | Elapsed Time: 21.64s
2026-01-19 21:58:12,132 | INFO | Batch 110 | Loss: 0.3277 | Correct: 113/128 | Elapsed Time: 21.66s
2026-01-19 21:58:33,746 | INFO | Batch 120 | Loss: 0.3386 | Correct: 114/128 | Elapsed Time: 21.61s
2026-01-19 21:58:55,395 | INFO | Batch 130 | Loss: 0.3367 | Correct: 114/128 | Elapsed Time: 21.65s
2026-01-19 21:59:17,091 | INFO | Batch 140 | Loss: 0.3814 | Correct: 113/128 | Elapsed Time: 21.70s
2026-01-19 21:59:38,718 | INFO | Batch 150 | Loss: 0.3242 | Correct: 111/128 | Elapsed Time: 21.63s
2026-01-19 22:00:00,434 | INFO | Batch 160 | Loss: 0.2909 | Correct: 119/128 | Elapsed Time: 21.72s
2026-01-19 22:00:22,126 | INFO | Batch 170 | Loss: 0.4048 | Correct: 115/128 | Elapsed Time: 21.69s
2026-01-19 22:00:43,737 | INFO | Batch 180 | Loss: 0.3173 | Correct: 113/128 | Elapsed Time: 21.61s
2026-01-19 22:01:05,462 | INFO | Batch 190 | Loss: 0.3692 | Correct: 111/128 | Elapsed Time: 21.73s
2026-01-19 22:01:27,087 | INFO | Batch 200 | Loss: 0.2500 | Correct: 112/128 | Elapsed Time: 21.62s
2026-01-19 22:01:48,718 | INFO | Batch 210 | Loss: 0.2989 | Correct: 118/128 | Elapsed Time: 21.63s
2026-01-19 22:02:10,359 | INFO | Batch 220 | Loss: 0.2786 | Correct: 114/128 | Elapsed Time: 21.64s
2026-01-19 22:02:32,070 | INFO | Batch 230 | Loss: 0.4685 | Correct: 106/128 | Elapsed Time: 21.71s
2026-01-19 22:02:53,669 | INFO | Batch 240 | Loss: 0.2407 | Correct: 118/128 | Elapsed Time: 21.60s
2026-01-19 22:03:15,325 | INFO | Batch 250 | Loss: 0.3574 | Correct: 114/128 | Elapsed Time: 21.66s
2026-01-19 22:03:36,915 | INFO | Batch 260 | Loss: 0.2639 | Correct: 114/128 | Elapsed Time: 21.59s
2026-01-19 22:03:58,535 | INFO | Batch 270 | Loss: 0.2973 | Correct: 112/128 | Elapsed Time: 21.62s
2026-01-19 22:04:20,194 | INFO | Batch 280 | Loss: 0.2712 | Correct: 116/128 | Elapsed Time: 21.66s
2026-01-19 22:04:41,806 | INFO | Batch 290 | Loss: 0.2639 | Correct: 114/128 | Elapsed Time: 21.61s
2026-01-19 22:05:03,530 | INFO | Batch 300 | Loss: 0.3225 | Correct: 111/128 | Elapsed Time: 21.72s
2026-01-19 22:05:25,140 | INFO | Batch 310 | Loss: 0.3349 | Correct: 116/128 | Elapsed Time: 21.61s
2026-01-19 22:05:46,764 | INFO | Batch 320 | Loss: 0.4511 | Correct: 109/128 | Elapsed Time: 21.62s
2026-01-19 22:06:08,479 | INFO | Batch 330 | Loss: 0.2941 | Correct: 115/128 | Elapsed Time: 21.71s
2026-01-19 22:06:30,116 | INFO | Batch 340 | Loss: 0.3173 | Correct: 117/128 | Elapsed Time: 21.64s
2026-01-19 22:06:51,745 | INFO | Batch 350 | Loss: 0.3404 | Correct: 112/128 | Elapsed Time: 21.63s
2026-01-19 22:07:13,415 | INFO | Batch 360 | Loss: 0.4250 | Correct: 110/128 | Elapsed Time: 21.67s
2026-01-19 22:07:35,151 | INFO | Batch 370 | Loss: 0.3479 | Correct: 111/128 | Elapsed Time: 21.74s
2026-01-19 22:07:56,811 | INFO | Batch 380 | Loss: 0.3138 | Correct: 114/128 | Elapsed Time: 21.66s
2026-01-19 22:08:18,480 | INFO | Batch 390 | Loss: 0.2486 | Correct: 116/128 | Elapsed Time: 21.67s
2026-01-19 22:08:19,880 | INFO | Epoch [28/100] - Loss: 0.3316 | Correct: 44290/50000 (88.58%, 846.06s)
2026-01-19 22:09:31,604 | INFO | Validation - Loss: 0.5057 | Correct: 8293/10000 (82.93%) (71.72s)
2026-01-19 22:09:53,243 | INFO | Batch 10 | Loss: 0.2847 | Correct: 119/128 | Elapsed Time: 21.64s
2026-01-19 22:10:15,011 | INFO | Batch 20 | Loss: 0.2207 | Correct: 118/128 | Elapsed Time: 21.77s
2026-01-19 22:10:36,824 | INFO | Batch 30 | Loss: 0.2195 | Correct: 118/128 | Elapsed Time: 21.81s
2026-01-19 22:10:58,514 | INFO | Batch 40 | Loss: 0.3732 | Correct: 109/128 | Elapsed Time: 21.69s
2026-01-19 22:11:20,169 | INFO | Batch 50 | Loss: 0.3793 | Correct: 113/128 | Elapsed Time: 21.66s
2026-01-19 22:11:41,766 | INFO | Batch 60 | Loss: 0.2597 | Correct: 116/128 | Elapsed Time: 21.60s
2026-01-19 22:12:03,378 | INFO | Batch 70 | Loss: 0.2653 | Correct: 120/128 | Elapsed Time: 21.61s
2026-01-19 22:12:25,039 | INFO | Batch 80 | Loss: 0.4092 | Correct: 110/128 | Elapsed Time: 21.66s
2026-01-19 22:12:46,760 | INFO | Batch 90 | Loss: 0.2080 | Correct: 121/128 | Elapsed Time: 21.72s
2026-01-19 22:13:08,389 | INFO | Batch 100 | Loss: 0.3022 | Correct: 112/128 | Elapsed Time: 21.63s
2026-01-19 22:13:30,010 | INFO | Batch 110 | Loss: 0.3460 | Correct: 110/128 | Elapsed Time: 21.62s
2026-01-19 22:13:51,629 | INFO | Batch 120 | Loss: 0.3692 | Correct: 111/128 | Elapsed Time: 21.62s
2026-01-19 22:14:13,264 | INFO | Batch 130 | Loss: 0.2726 | Correct: 116/128 | Elapsed Time: 21.64s
2026-01-19 22:14:34,883 | INFO | Batch 140 | Loss: 0.4685 | Correct: 108/128 | Elapsed Time: 21.62s
2026-01-19 22:14:56,518 | INFO | Batch 150 | Loss: 0.3367 | Correct: 112/128 | Elapsed Time: 21.63s
2026-01-19 22:15:18,260 | INFO | Batch 160 | Loss: 0.3331 | Correct: 113/128 | Elapsed Time: 21.74s
2026-01-19 22:15:39,868 | INFO | Batch 170 | Loss: 0.2446 | Correct: 115/128 | Elapsed Time: 21.61s
2026-01-19 22:16:01,480 | INFO | Batch 180 | Loss: 0.2909 | Correct: 116/128 | Elapsed Time: 21.61s
2026-01-19 22:16:23,121 | INFO | Batch 190 | Loss: 0.3793 | Correct: 109/128 | Elapsed Time: 21.64s
2026-01-19 22:16:44,703 | INFO | Batch 200 | Loss: 0.4227 | Correct: 113/128 | Elapsed Time: 21.58s
2026-01-19 22:17:06,320 | INFO | Batch 210 | Loss: 0.3386 | Correct: 111/128 | Elapsed Time: 21.62s
2026-01-19 22:17:27,964 | INFO | Batch 220 | Loss: 0.2114 | Correct: 117/128 | Elapsed Time: 21.64s
2026-01-19 22:17:49,703 | INFO | Batch 230 | Loss: 0.4026 | Correct: 109/128 | Elapsed Time: 21.74s
2026-01-19 22:18:11,286 | INFO | Batch 240 | Loss: 0.4297 | Correct: 108/128 | Elapsed Time: 21.58s
2026-01-19 22:18:32,881 | INFO | Batch 250 | Loss: 0.3441 | Correct: 108/128 | Elapsed Time: 21.59s
2026-01-19 22:18:54,512 | INFO | Batch 260 | Loss: 0.2756 | Correct: 115/128 | Elapsed Time: 21.63s
2026-01-19 22:19:16,245 | INFO | Batch 270 | Loss: 0.2317 | Correct: 118/128 | Elapsed Time: 21.73s
2026-01-19 22:19:37,919 | INFO | Batch 280 | Loss: 0.1797 | Correct: 121/128 | Elapsed Time: 21.67s
2026-01-19 22:19:59,528 | INFO | Batch 290 | Loss: 0.2786 | Correct: 118/128 | Elapsed Time: 21.61s
2026-01-19 22:20:21,289 | INFO | Batch 300 | Loss: 0.3940 | Correct: 110/128 | Elapsed Time: 21.76s
2026-01-19 22:20:42,873 | INFO | Batch 310 | Loss: 0.3155 | Correct: 113/128 | Elapsed Time: 21.58s
2026-01-19 22:21:04,582 | INFO | Batch 320 | Loss: 0.3105 | Correct: 113/128 | Elapsed Time: 21.71s
2026-01-19 22:21:26,246 | INFO | Batch 330 | Loss: 0.2847 | Correct: 117/128 | Elapsed Time: 21.66s
2026-01-19 22:21:47,840 | INFO | Batch 340 | Loss: 0.3367 | Correct: 115/128 | Elapsed Time: 21.59s
2026-01-19 22:22:09,520 | INFO | Batch 350 | Loss: 0.4610 | Correct: 113/128 | Elapsed Time: 21.68s
2026-01-19 22:22:31,214 | INFO | Batch 360 | Loss: 0.3672 | Correct: 110/128 | Elapsed Time: 21.69s
2026-01-19 22:22:52,941 | INFO | Batch 370 | Loss: 0.3331 | Correct: 112/128 | Elapsed Time: 21.73s
2026-01-19 22:23:14,672 | INFO | Batch 380 | Loss: 0.3088 | Correct: 115/128 | Elapsed Time: 21.73s
2026-01-19 22:23:36,341 | INFO | Batch 390 | Loss: 0.3961 | Correct: 110/128 | Elapsed Time: 21.67s
2026-01-19 22:23:37,746 | INFO | Epoch [29/100] - Loss: 0.3236 | Correct: 44361/50000 (88.72%, 846.14s)
2026-01-19 22:24:49,818 | INFO | Validation - Loss: 0.4742 | Correct: 8425/10000 (84.25%) (72.07s)
2026-01-19 22:24:50,108 | INFO | New best model saved at epoch 29 with Top1 Acc: 84.25%
2026-01-19 22:25:11,776 | INFO | Batch 10 | Loss: 0.3814 | Correct: 108/128 | Elapsed Time: 21.67s
2026-01-19 22:25:33,434 | INFO | Batch 20 | Loss: 0.2786 | Correct: 115/128 | Elapsed Time: 21.66s
2026-01-19 22:25:55,185 | INFO | Batch 30 | Loss: 0.2446 | Correct: 116/128 | Elapsed Time: 21.75s
2026-01-19 22:26:16,876 | INFO | Batch 40 | Loss: 0.3940 | Correct: 112/128 | Elapsed Time: 21.69s
2026-01-19 22:26:38,561 | INFO | Batch 50 | Loss: 0.4367 | Correct: 114/128 | Elapsed Time: 21.69s
2026-01-19 22:27:00,213 | INFO | Batch 60 | Loss: 0.2433 | Correct: 119/128 | Elapsed Time: 21.65s
2026-01-19 22:27:21,903 | INFO | Batch 70 | Loss: 0.3138 | Correct: 114/128 | Elapsed Time: 21.69s
2026-01-19 22:27:43,552 | INFO | Batch 80 | Loss: 0.3225 | Correct: 113/128 | Elapsed Time: 21.65s
2026-01-19 22:28:05,198 | INFO | Batch 90 | Loss: 0.3071 | Correct: 109/128 | Elapsed Time: 21.65s
2026-01-19 22:28:26,947 | INFO | Batch 100 | Loss: 0.2172 | Correct: 118/128 | Elapsed Time: 21.75s
2026-01-19 22:28:48,559 | INFO | Batch 110 | Loss: 0.3088 | Correct: 111/128 | Elapsed Time: 21.61s
2026-01-19 22:29:10,207 | INFO | Batch 120 | Loss: 0.2355 | Correct: 117/128 | Elapsed Time: 21.65s
2026-01-19 22:29:31,856 | INFO | Batch 130 | Loss: 0.2368 | Correct: 118/128 | Elapsed Time: 21.65s
2026-01-19 22:29:53,478 | INFO | Batch 140 | Loss: 0.3055 | Correct: 114/128 | Elapsed Time: 21.62s
2026-01-19 22:30:15,294 | INFO | Batch 150 | Loss: 0.4660 | Correct: 104/128 | Elapsed Time: 21.82s
2026-01-19 22:30:36,956 | INFO | Batch 160 | Loss: 0.2894 | Correct: 114/128 | Elapsed Time: 21.66s
2026-01-19 22:30:58,582 | INFO | Batch 170 | Loss: 0.3479 | Correct: 113/128 | Elapsed Time: 21.63s
2026-01-19 22:31:20,168 | INFO | Batch 180 | Loss: 0.2847 | Correct: 116/128 | Elapsed Time: 21.59s
2026-01-19 22:31:41,721 | INFO | Batch 190 | Loss: 0.2989 | Correct: 113/128 | Elapsed Time: 21.55s
2026-01-19 22:32:03,284 | INFO | Batch 200 | Loss: 0.2343 | Correct: 117/128 | Elapsed Time: 21.56s
2026-01-19 22:32:24,876 | INFO | Batch 210 | Loss: 0.3732 | Correct: 114/128 | Elapsed Time: 21.59s
2026-01-19 22:32:46,603 | INFO | Batch 220 | Loss: 0.3088 | Correct: 112/128 | Elapsed Time: 21.73s
2026-01-19 22:33:08,248 | INFO | Batch 230 | Loss: 0.3367 | Correct: 115/128 | Elapsed Time: 21.65s
2026-01-19 22:33:29,849 | INFO | Batch 240 | Loss: 0.2697 | Correct: 116/128 | Elapsed Time: 21.60s
2026-01-19 22:33:51,462 | INFO | Batch 250 | Loss: 0.5027 | Correct: 109/128 | Elapsed Time: 21.61s
2026-01-19 22:34:13,112 | INFO | Batch 260 | Loss: 0.2697 | Correct: 118/128 | Elapsed Time: 21.65s
2026-01-19 22:34:34,724 | INFO | Batch 270 | Loss: 0.2741 | Correct: 112/128 | Elapsed Time: 21.61s
2026-01-19 22:34:56,316 | INFO | Batch 280 | Loss: 0.3071 | Correct: 114/128 | Elapsed Time: 21.59s
2026-01-19 22:35:18,050 | INFO | Batch 290 | Loss: 0.2068 | Correct: 120/128 | Elapsed Time: 21.73s
2026-01-19 22:35:39,651 | INFO | Batch 300 | Loss: 0.2909 | Correct: 116/128 | Elapsed Time: 21.60s
2026-01-19 22:36:01,282 | INFO | Batch 310 | Loss: 0.5054 | Correct: 110/128 | Elapsed Time: 21.63s
2026-01-19 22:36:22,890 | INFO | Batch 320 | Loss: 0.3105 | Correct: 113/128 | Elapsed Time: 21.61s
2026-01-19 22:36:44,504 | INFO | Batch 330 | Loss: 0.2894 | Correct: 116/128 | Elapsed Time: 21.61s
2026-01-19 22:37:06,129 | INFO | Batch 340 | Loss: 0.4182 | Correct: 112/128 | Elapsed Time: 21.62s
2026-01-19 22:37:27,763 | INFO | Batch 350 | Loss: 0.2569 | Correct: 113/128 | Elapsed Time: 21.63s
2026-01-19 22:37:49,444 | INFO | Batch 360 | Loss: 0.3919 | Correct: 116/128 | Elapsed Time: 21.68s
2026-01-19 22:38:11,093 | INFO | Batch 370 | Loss: 0.3190 | Correct: 112/128 | Elapsed Time: 21.65s
2026-01-19 22:38:32,731 | INFO | Batch 380 | Loss: 0.4137 | Correct: 109/128 | Elapsed Time: 21.64s
2026-01-19 22:38:54,370 | INFO | Batch 390 | Loss: 0.2305 | Correct: 117/128 | Elapsed Time: 21.64s
2026-01-19 22:38:55,770 | INFO | Epoch [30/100] - Loss: 0.3165 | Correct: 44473/50000 (88.95%, 845.66s)
2026-01-19 22:40:07,618 | INFO | Validation - Loss: 0.5666 | Correct: 8195/10000 (81.95%) (71.85s)
2026-01-19 22:40:29,460 | INFO | Batch 10 | Loss: 0.2668 | Correct: 116/128 | Elapsed Time: 21.84s
2026-01-19 22:40:51,064 | INFO | Batch 20 | Loss: 0.2231 | Correct: 117/128 | Elapsed Time: 21.60s
2026-01-19 22:41:12,824 | INFO | Batch 30 | Loss: 0.2625 | Correct: 116/128 | Elapsed Time: 21.76s
2026-01-19 22:41:34,463 | INFO | Batch 40 | Loss: 0.3190 | Correct: 115/128 | Elapsed Time: 21.64s
2026-01-19 22:41:56,139 | INFO | Batch 50 | Loss: 0.3190 | Correct: 116/128 | Elapsed Time: 21.68s
2026-01-19 22:42:17,736 | INFO | Batch 60 | Loss: 0.3207 | Correct: 111/128 | Elapsed Time: 21.60s
2026-01-19 22:42:39,313 | INFO | Batch 70 | Loss: 0.2878 | Correct: 116/128 | Elapsed Time: 21.58s
2026-01-19 22:43:00,979 | INFO | Batch 80 | Loss: 0.3260 | Correct: 109/128 | Elapsed Time: 21.67s
2026-01-19 22:43:22,664 | INFO | Batch 90 | Loss: 0.3460 | Correct: 109/128 | Elapsed Time: 21.69s
2026-01-19 22:43:44,439 | INFO | Batch 100 | Loss: 0.3277 | Correct: 116/128 | Elapsed Time: 21.77s
2026-01-19 22:44:06,164 | INFO | Batch 110 | Loss: 0.2712 | Correct: 118/128 | Elapsed Time: 21.72s
2026-01-19 22:44:27,861 | INFO | Batch 120 | Loss: 0.3555 | Correct: 113/128 | Elapsed Time: 21.70s
2026-01-19 22:44:49,484 | INFO | Batch 130 | Loss: 0.2712 | Correct: 116/128 | Elapsed Time: 21.62s
2026-01-19 22:45:11,138 | INFO | Batch 140 | Loss: 0.2625 | Correct: 117/128 | Elapsed Time: 21.65s
2026-01-19 22:45:32,777 | INFO | Batch 150 | Loss: 0.2514 | Correct: 115/128 | Elapsed Time: 21.64s
2026-01-19 22:45:54,369 | INFO | Batch 160 | Loss: 0.3295 | Correct: 112/128 | Elapsed Time: 21.59s
2026-01-19 22:46:16,094 | INFO | Batch 170 | Loss: 0.2114 | Correct: 118/128 | Elapsed Time: 21.73s
2026-01-19 22:46:37,673 | INFO | Batch 180 | Loss: 0.2639 | Correct: 115/128 | Elapsed Time: 21.58s
2026-01-19 22:46:59,262 | INFO | Batch 190 | Loss: 0.3088 | Correct: 112/128 | Elapsed Time: 21.59s
2026-01-19 22:47:20,906 | INFO | Batch 200 | Loss: 0.2786 | Correct: 113/128 | Elapsed Time: 21.64s
2026-01-19 22:47:42,532 | INFO | Batch 210 | Loss: 0.3122 | Correct: 114/128 | Elapsed Time: 21.63s
2026-01-19 22:48:04,165 | INFO | Batch 220 | Loss: 0.2611 | Correct: 118/128 | Elapsed Time: 21.63s
2026-01-19 22:48:25,800 | INFO | Batch 230 | Loss: 0.3005 | Correct: 107/128 | Elapsed Time: 21.64s
2026-01-19 22:48:47,486 | INFO | Batch 240 | Loss: 0.4840 | Correct: 108/128 | Elapsed Time: 21.69s
2026-01-19 22:49:09,174 | INFO | Batch 250 | Loss: 0.3349 | Correct: 115/128 | Elapsed Time: 21.69s
2026-01-19 22:49:30,737 | INFO | Batch 260 | Loss: 0.3242 | Correct: 114/128 | Elapsed Time: 21.56s
2026-01-19 22:49:52,347 | INFO | Batch 270 | Loss: 0.2541 | Correct: 115/128 | Elapsed Time: 21.61s
2026-01-19 22:50:14,106 | INFO | Batch 280 | Loss: 0.2712 | Correct: 113/128 | Elapsed Time: 21.76s
2026-01-19 22:50:35,739 | INFO | Batch 290 | Loss: 0.3536 | Correct: 112/128 | Elapsed Time: 21.63s
2026-01-19 22:50:57,354 | INFO | Batch 300 | Loss: 0.2973 | Correct: 116/128 | Elapsed Time: 21.62s
2026-01-19 22:51:19,143 | INFO | Batch 310 | Loss: 0.2957 | Correct: 114/128 | Elapsed Time: 21.79s
2026-01-19 22:51:40,758 | INFO | Batch 320 | Loss: 0.3295 | Correct: 109/128 | Elapsed Time: 21.62s
2026-01-19 22:52:02,355 | INFO | Batch 330 | Loss: 0.4227 | Correct: 107/128 | Elapsed Time: 21.60s
2026-01-19 22:52:24,002 | INFO | Batch 340 | Loss: 0.2832 | Correct: 112/128 | Elapsed Time: 21.65s
2026-01-19 22:52:45,618 | INFO | Batch 350 | Loss: 0.2355 | Correct: 117/128 | Elapsed Time: 21.62s
2026-01-19 22:53:07,219 | INFO | Batch 360 | Loss: 0.3005 | Correct: 112/128 | Elapsed Time: 21.60s
2026-01-19 22:53:28,700 | INFO | Batch 370 | Loss: 0.3516 | Correct: 113/128 | Elapsed Time: 21.48s
2026-01-19 22:53:50,312 | INFO | Batch 380 | Loss: 0.2801 | Correct: 115/128 | Elapsed Time: 21.61s
2026-01-19 22:54:11,923 | INFO | Batch 390 | Loss: 0.4048 | Correct: 107/128 | Elapsed Time: 21.61s
2026-01-19 22:54:13,324 | INFO | Epoch [31/100] - Loss: 0.3122 | Correct: 44485/50000 (88.97%, 845.70s)
2026-01-19 22:55:25,157 | INFO | Validation - Loss: 0.5220 | Correct: 8290/10000 (82.90%) (71.83s)
2026-01-19 22:55:46,820 | INFO | Batch 10 | Loss: 0.3260 | Correct: 116/128 | Elapsed Time: 21.66s
2026-01-19 22:56:08,442 | INFO | Batch 20 | Loss: 0.2894 | Correct: 115/128 | Elapsed Time: 21.62s
2026-01-19 22:56:30,065 | INFO | Batch 30 | Loss: 0.2741 | Correct: 118/128 | Elapsed Time: 21.62s
2026-01-19 22:56:51,751 | INFO | Batch 40 | Loss: 0.3122 | Correct: 115/128 | Elapsed Time: 21.69s
2026-01-19 22:57:13,422 | INFO | Batch 50 | Loss: 0.2726 | Correct: 117/128 | Elapsed Time: 21.67s
2026-01-19 22:57:35,084 | INFO | Batch 60 | Loss: 0.3071 | Correct: 113/128 | Elapsed Time: 21.66s
2026-01-19 22:57:56,647 | INFO | Batch 70 | Loss: 0.3349 | Correct: 112/128 | Elapsed Time: 21.56s
2026-01-19 22:58:18,282 | INFO | Batch 80 | Loss: 0.4182 | Correct: 107/128 | Elapsed Time: 21.63s
2026-01-19 22:58:39,879 | INFO | Batch 90 | Loss: 0.3038 | Correct: 112/128 | Elapsed Time: 21.60s
2026-01-19 22:59:01,561 | INFO | Batch 100 | Loss: 0.2682 | Correct: 115/128 | Elapsed Time: 21.68s
2026-01-19 22:59:23,229 | INFO | Batch 110 | Loss: 0.2682 | Correct: 113/128 | Elapsed Time: 21.67s
2026-01-19 22:59:44,824 | INFO | Batch 120 | Loss: 0.5000 | Correct: 107/128 | Elapsed Time: 21.60s
2026-01-19 23:00:06,457 | INFO | Batch 130 | Loss: 0.3386 | Correct: 113/128 | Elapsed Time: 21.63s
2026-01-19 23:00:28,214 | INFO | Batch 140 | Loss: 0.2816 | Correct: 115/128 | Elapsed Time: 21.76s
2026-01-19 23:00:49,820 | INFO | Batch 150 | Loss: 0.3105 | Correct: 116/128 | Elapsed Time: 21.61s
2026-01-19 23:01:11,450 | INFO | Batch 160 | Loss: 0.3574 | Correct: 108/128 | Elapsed Time: 21.63s
2026-01-19 23:01:33,164 | INFO | Batch 170 | Loss: 0.2256 | Correct: 115/128 | Elapsed Time: 21.71s
2026-01-19 23:01:54,744 | INFO | Batch 180 | Loss: 0.4762 | Correct: 107/128 | Elapsed Time: 21.58s
2026-01-19 23:02:16,413 | INFO | Batch 190 | Loss: 0.3983 | Correct: 112/128 | Elapsed Time: 21.67s
2026-01-19 23:02:38,008 | INFO | Batch 200 | Loss: 0.4919 | Correct: 107/128 | Elapsed Time: 21.59s
2026-01-19 23:02:59,581 | INFO | Batch 210 | Loss: 0.4048 | Correct: 113/128 | Elapsed Time: 21.57s
2026-01-19 23:03:21,231 | INFO | Batch 220 | Loss: 0.2268 | Correct: 118/128 | Elapsed Time: 21.65s
2026-01-19 23:03:42,838 | INFO | Batch 230 | Loss: 0.2541 | Correct: 115/128 | Elapsed Time: 21.61s
2026-01-19 23:04:04,561 | INFO | Batch 240 | Loss: 0.3349 | Correct: 112/128 | Elapsed Time: 21.72s
2026-01-19 23:04:26,143 | INFO | Batch 250 | Loss: 0.1928 | Correct: 121/128 | Elapsed Time: 21.58s
2026-01-19 23:04:47,721 | INFO | Batch 260 | Loss: 0.2957 | Correct: 115/128 | Elapsed Time: 21.58s
2026-01-19 23:05:09,370 | INFO | Batch 270 | Loss: 0.4204 | Correct: 108/128 | Elapsed Time: 21.65s
2026-01-19 23:05:30,970 | INFO | Batch 280 | Loss: 0.2317 | Correct: 118/128 | Elapsed Time: 21.60s
2026-01-19 23:05:52,596 | INFO | Batch 290 | Loss: 0.2973 | Correct: 112/128 | Elapsed Time: 21.63s
2026-01-19 23:06:14,210 | INFO | Batch 300 | Loss: 0.3173 | Correct: 119/128 | Elapsed Time: 21.61s
2026-01-19 23:06:35,942 | INFO | Batch 310 | Loss: 0.3038 | Correct: 115/128 | Elapsed Time: 21.73s
2026-01-19 23:06:57,507 | INFO | Batch 320 | Loss: 0.3460 | Correct: 112/128 | Elapsed Time: 21.57s
2026-01-19 23:07:19,134 | INFO | Batch 330 | Loss: 0.3479 | Correct: 111/128 | Elapsed Time: 21.63s
2026-01-19 23:07:40,766 | INFO | Batch 340 | Loss: 0.3190 | Correct: 116/128 | Elapsed Time: 21.63s
2026-01-19 23:08:02,386 | INFO | Batch 350 | Loss: 0.3460 | Correct: 115/128 | Elapsed Time: 21.62s
2026-01-19 23:08:24,019 | INFO | Batch 360 | Loss: 0.2653 | Correct: 114/128 | Elapsed Time: 21.63s
2026-01-19 23:08:45,604 | INFO | Batch 370 | Loss: 0.2433 | Correct: 116/128 | Elapsed Time: 21.59s
2026-01-19 23:09:07,346 | INFO | Batch 380 | Loss: 0.1797 | Correct: 121/128 | Elapsed Time: 21.74s
2026-01-19 23:09:28,965 | INFO | Batch 390 | Loss: 0.2957 | Correct: 118/128 | Elapsed Time: 21.62s
2026-01-19 23:09:30,373 | INFO | Epoch [32/100] - Loss: 0.3090 | Correct: 44609/50000 (89.22%, 845.21s)
2026-01-19 23:10:42,254 | INFO | Validation - Loss: 0.4704 | Correct: 8443/10000 (84.43%) (71.88s)
2026-01-19 23:10:42,539 | INFO | New best model saved at epoch 32 with Top1 Acc: 84.43%
2026-01-19 23:11:04,185 | INFO | Batch 10 | Loss: 0.2013 | Correct: 120/128 | Elapsed Time: 21.64s
2026-01-19 23:11:25,857 | INFO | Batch 20 | Loss: 0.3367 | Correct: 111/128 | Elapsed Time: 21.67s
2026-01-19 23:11:47,463 | INFO | Batch 30 | Loss: 0.3386 | Correct: 113/128 | Elapsed Time: 21.61s
2026-01-19 23:12:09,218 | INFO | Batch 40 | Loss: 0.3793 | Correct: 112/128 | Elapsed Time: 21.75s
2026-01-19 23:12:30,928 | INFO | Batch 50 | Loss: 0.2231 | Correct: 119/128 | Elapsed Time: 21.71s
2026-01-19 23:12:52,611 | INFO | Batch 60 | Loss: 0.1595 | Correct: 121/128 | Elapsed Time: 21.68s
2026-01-19 23:13:14,285 | INFO | Batch 70 | Loss: 0.2668 | Correct: 116/128 | Elapsed Time: 21.67s
2026-01-19 23:13:35,985 | INFO | Batch 80 | Loss: 0.2280 | Correct: 121/128 | Elapsed Time: 21.70s
2026-01-19 23:13:57,645 | INFO | Batch 90 | Loss: 0.3404 | Correct: 109/128 | Elapsed Time: 21.66s
2026-01-19 23:14:19,422 | INFO | Batch 100 | Loss: 0.2486 | Correct: 118/128 | Elapsed Time: 21.78s
2026-01-19 23:14:41,102 | INFO | Batch 110 | Loss: 0.2293 | Correct: 120/128 | Elapsed Time: 21.68s
2026-01-19 23:15:02,748 | INFO | Batch 120 | Loss: 0.3898 | Correct: 110/128 | Elapsed Time: 21.65s
2026-01-19 23:15:24,361 | INFO | Batch 130 | Loss: 0.2653 | Correct: 113/128 | Elapsed Time: 21.61s
2026-01-19 23:15:45,991 | INFO | Batch 140 | Loss: 0.4092 | Correct: 108/128 | Elapsed Time: 21.63s
2026-01-19 23:16:07,675 | INFO | Batch 150 | Loss: 0.3593 | Correct: 110/128 | Elapsed Time: 21.68s
2026-01-19 23:16:29,457 | INFO | Batch 160 | Loss: 0.3423 | Correct: 112/128 | Elapsed Time: 21.78s
2026-01-19 23:16:51,134 | INFO | Batch 170 | Loss: 0.3983 | Correct: 107/128 | Elapsed Time: 21.68s
2026-01-19 23:17:12,849 | INFO | Batch 180 | Loss: 0.3367 | Correct: 114/128 | Elapsed Time: 21.72s
2026-01-19 23:17:34,548 | INFO | Batch 190 | Loss: 0.3536 | Correct: 115/128 | Elapsed Time: 21.70s
2026-01-19 23:17:56,206 | INFO | Batch 200 | Loss: 0.2668 | Correct: 115/128 | Elapsed Time: 21.66s
2026-01-19 23:18:17,940 | INFO | Batch 210 | Loss: 0.3555 | Correct: 111/128 | Elapsed Time: 21.73s
2026-01-19 23:18:39,576 | INFO | Batch 220 | Loss: 0.2148 | Correct: 119/128 | Elapsed Time: 21.64s
2026-01-19 23:19:01,232 | INFO | Batch 230 | Loss: 0.1949 | Correct: 118/128 | Elapsed Time: 21.66s
2026-01-19 23:19:22,904 | INFO | Batch 240 | Loss: 0.2368 | Correct: 117/128 | Elapsed Time: 21.67s
2026-01-19 23:19:44,549 | INFO | Batch 250 | Loss: 0.3814 | Correct: 114/128 | Elapsed Time: 21.64s
2026-01-19 23:20:06,239 | INFO | Batch 260 | Loss: 0.2653 | Correct: 115/128 | Elapsed Time: 21.69s
2026-01-19 23:20:27,961 | INFO | Batch 270 | Loss: 0.2330 | Correct: 120/128 | Elapsed Time: 21.72s
2026-01-19 23:20:49,708 | INFO | Batch 280 | Loss: 0.2486 | Correct: 115/128 | Elapsed Time: 21.75s
2026-01-19 23:21:11,339 | INFO | Batch 290 | Loss: 0.2925 | Correct: 113/128 | Elapsed Time: 21.63s
2026-01-19 23:21:32,958 | INFO | Batch 300 | Loss: 0.2741 | Correct: 114/128 | Elapsed Time: 21.62s
2026-01-19 23:21:54,593 | INFO | Batch 310 | Loss: 0.4250 | Correct: 113/128 | Elapsed Time: 21.64s
2026-01-19 23:22:16,241 | INFO | Batch 320 | Loss: 0.3555 | Correct: 111/128 | Elapsed Time: 21.65s
2026-01-19 23:22:37,900 | INFO | Batch 330 | Loss: 0.2002 | Correct: 116/128 | Elapsed Time: 21.66s
2026-01-19 23:22:59,557 | INFO | Batch 340 | Loss: 0.2989 | Correct: 118/128 | Elapsed Time: 21.66s
2026-01-19 23:23:21,269 | INFO | Batch 350 | Loss: 0.4159 | Correct: 111/128 | Elapsed Time: 21.71s
2026-01-19 23:23:42,899 | INFO | Batch 360 | Loss: 0.2381 | Correct: 116/128 | Elapsed Time: 21.63s
2026-01-19 23:24:04,536 | INFO | Batch 370 | Loss: 0.3898 | Correct: 112/128 | Elapsed Time: 21.64s
2026-01-19 23:24:26,144 | INFO | Batch 380 | Loss: 0.3732 | Correct: 111/128 | Elapsed Time: 21.61s
2026-01-19 23:24:47,774 | INFO | Batch 390 | Loss: 0.3479 | Correct: 113/128 | Elapsed Time: 21.63s
2026-01-19 23:24:49,171 | INFO | Epoch [33/100] - Loss: 0.3009 | Correct: 44720/50000 (89.44%, 846.63s)
2026-01-19 23:26:01,078 | INFO | Validation - Loss: 0.5553 | Correct: 8170/10000 (81.70%) (71.91s)
2026-01-19 23:26:22,750 | INFO | Batch 10 | Loss: 0.2394 | Correct: 118/128 | Elapsed Time: 21.67s
2026-01-19 23:26:44,460 | INFO | Batch 20 | Loss: 0.1569 | Correct: 121/128 | Elapsed Time: 21.71s
2026-01-19 23:27:06,089 | INFO | Batch 30 | Loss: 0.2832 | Correct: 116/128 | Elapsed Time: 21.63s
2026-01-19 23:27:27,690 | INFO | Batch 40 | Loss: 0.3055 | Correct: 116/128 | Elapsed Time: 21.60s
2026-01-19 23:27:49,280 | INFO | Batch 50 | Loss: 0.2268 | Correct: 118/128 | Elapsed Time: 21.59s
2026-01-19 23:28:10,987 | INFO | Batch 60 | Loss: 0.3753 | Correct: 114/128 | Elapsed Time: 21.71s
2026-01-19 23:28:32,718 | INFO | Batch 70 | Loss: 0.2407 | Correct: 116/128 | Elapsed Time: 21.73s
2026-01-19 23:28:54,377 | INFO | Batch 80 | Loss: 0.2625 | Correct: 114/128 | Elapsed Time: 21.66s
2026-01-19 23:29:15,986 | INFO | Batch 90 | Loss: 0.2801 | Correct: 115/128 | Elapsed Time: 21.61s
2026-01-19 23:29:37,600 | INFO | Batch 100 | Loss: 0.4610 | Correct: 109/128 | Elapsed Time: 21.61s
2026-01-19 23:29:59,223 | INFO | Batch 110 | Loss: 0.3277 | Correct: 116/128 | Elapsed Time: 21.62s
2026-01-19 23:30:20,916 | INFO | Batch 120 | Loss: 0.1777 | Correct: 120/128 | Elapsed Time: 21.69s
2026-01-19 23:30:42,483 | INFO | Batch 130 | Loss: 0.3793 | Correct: 112/128 | Elapsed Time: 21.57s
2026-01-19 23:31:04,243 | INFO | Batch 140 | Loss: 0.2726 | Correct: 115/128 | Elapsed Time: 21.76s
2026-01-19 23:31:25,846 | INFO | Batch 150 | Loss: 0.3071 | Correct: 113/128 | Elapsed Time: 21.60s
2026-01-19 23:31:47,440 | INFO | Batch 160 | Loss: 0.4635 | Correct: 109/128 | Elapsed Time: 21.59s
2026-01-19 23:32:09,042 | INFO | Batch 170 | Loss: 0.3983 | Correct: 110/128 | Elapsed Time: 21.60s
2026-01-19 23:32:30,683 | INFO | Batch 180 | Loss: 0.3005 | Correct: 113/128 | Elapsed Time: 21.64s
2026-01-19 23:32:52,324 | INFO | Batch 190 | Loss: 0.4092 | Correct: 108/128 | Elapsed Time: 21.64s
2026-01-19 23:33:13,951 | INFO | Batch 200 | Loss: 0.2611 | Correct: 119/128 | Elapsed Time: 21.63s
2026-01-19 23:33:35,689 | INFO | Batch 210 | Loss: 0.2786 | Correct: 115/128 | Elapsed Time: 21.74s
2026-01-19 23:33:57,365 | INFO | Batch 220 | Loss: 0.2989 | Correct: 114/128 | Elapsed Time: 21.68s
2026-01-19 23:34:19,054 | INFO | Batch 230 | Loss: 0.3367 | Correct: 108/128 | Elapsed Time: 21.69s
2026-01-19 23:34:40,695 | INFO | Batch 240 | Loss: 0.2381 | Correct: 120/128 | Elapsed Time: 21.64s
2026-01-19 23:35:02,365 | INFO | Batch 250 | Loss: 0.2597 | Correct: 118/128 | Elapsed Time: 21.67s
2026-01-19 23:35:24,010 | INFO | Batch 260 | Loss: 0.2786 | Correct: 113/128 | Elapsed Time: 21.64s
2026-01-19 23:35:45,648 | INFO | Batch 270 | Loss: 0.2268 | Correct: 116/128 | Elapsed Time: 21.64s
2026-01-19 23:36:07,394 | INFO | Batch 280 | Loss: 0.2160 | Correct: 121/128 | Elapsed Time: 21.75s
2026-01-19 23:36:28,993 | INFO | Batch 290 | Loss: 0.2420 | Correct: 115/128 | Elapsed Time: 21.60s
2026-01-19 23:36:50,577 | INFO | Batch 300 | Loss: 0.4227 | Correct: 106/128 | Elapsed Time: 21.58s
2026-01-19 23:37:12,129 | INFO | Batch 310 | Loss: 0.2973 | Correct: 113/128 | Elapsed Time: 21.55s
2026-01-19 23:37:33,664 | INFO | Batch 320 | Loss: 0.4711 | Correct: 109/128 | Elapsed Time: 21.54s
2026-01-19 23:37:55,259 | INFO | Batch 330 | Loss: 0.2973 | Correct: 113/128 | Elapsed Time: 21.60s
2026-01-19 23:38:16,963 | INFO | Batch 340 | Loss: 0.3038 | Correct: 115/128 | Elapsed Time: 21.70s
2026-01-19 23:38:38,698 | INFO | Batch 350 | Loss: 0.3732 | Correct: 111/128 | Elapsed Time: 21.74s
2026-01-19 23:39:00,336 | INFO | Batch 360 | Loss: 0.2957 | Correct: 116/128 | Elapsed Time: 21.64s
2026-01-19 23:39:22,040 | INFO | Batch 370 | Loss: 0.2989 | Correct: 117/128 | Elapsed Time: 21.70s
2026-01-19 23:39:43,649 | INFO | Batch 380 | Loss: 0.2801 | Correct: 117/128 | Elapsed Time: 21.61s
2026-01-19 23:40:05,301 | INFO | Batch 390 | Loss: 0.2941 | Correct: 112/128 | Elapsed Time: 21.65s
2026-01-19 23:40:06,709 | INFO | Epoch [34/100] - Loss: 0.2966 | Correct: 44889/50000 (89.78%, 845.63s)
2026-01-19 23:41:18,757 | INFO | Validation - Loss: 0.4722 | Correct: 8425/10000 (84.25%) (72.05s)
2026-01-19 23:41:40,377 | INFO | Batch 10 | Loss: 0.2583 | Correct: 117/128 | Elapsed Time: 21.62s
2026-01-19 23:42:02,113 | INFO | Batch 20 | Loss: 0.1777 | Correct: 119/128 | Elapsed Time: 21.74s
2026-01-19 23:42:23,790 | INFO | Batch 30 | Loss: 0.2712 | Correct: 117/128 | Elapsed Time: 21.68s
2026-01-19 23:42:45,424 | INFO | Batch 40 | Loss: 0.3753 | Correct: 109/128 | Elapsed Time: 21.63s
2026-01-19 23:43:07,048 | INFO | Batch 50 | Loss: 0.1657 | Correct: 121/128 | Elapsed Time: 21.62s
2026-01-19 23:43:28,680 | INFO | Batch 60 | Loss: 0.3138 | Correct: 110/128 | Elapsed Time: 21.63s
2026-01-19 23:43:50,295 | INFO | Batch 70 | Loss: 0.3773 | Correct: 113/128 | Elapsed Time: 21.61s
2026-01-19 23:44:11,998 | INFO | Batch 80 | Loss: 0.2569 | Correct: 118/128 | Elapsed Time: 21.70s
2026-01-19 23:44:33,695 | INFO | Batch 90 | Loss: 0.2597 | Correct: 116/128 | Elapsed Time: 21.70s
2026-01-19 23:44:55,312 | INFO | Batch 100 | Loss: 0.3367 | Correct: 113/128 | Elapsed Time: 21.62s
2026-01-19 23:45:16,958 | INFO | Batch 110 | Loss: 0.3441 | Correct: 116/128 | Elapsed Time: 21.65s
2026-01-19 23:45:38,582 | INFO | Batch 120 | Loss: 0.2183 | Correct: 119/128 | Elapsed Time: 21.62s
2026-01-19 23:46:00,167 | INFO | Batch 130 | Loss: 0.3460 | Correct: 114/128 | Elapsed Time: 21.59s
2026-01-19 23:46:21,829 | INFO | Batch 140 | Loss: 0.3773 | Correct: 112/128 | Elapsed Time: 21.66s
2026-01-19 23:46:43,437 | INFO | Batch 150 | Loss: 0.4762 | Correct: 104/128 | Elapsed Time: 21.61s
2026-01-19 23:47:05,178 | INFO | Batch 160 | Loss: 0.2989 | Correct: 116/128 | Elapsed Time: 21.74s
2026-01-19 23:47:26,837 | INFO | Batch 170 | Loss: 0.2989 | Correct: 115/128 | Elapsed Time: 21.66s
2026-01-19 23:47:48,453 | INFO | Batch 180 | Loss: 0.2989 | Correct: 114/128 | Elapsed Time: 21.62s
2026-01-19 23:48:10,024 | INFO | Batch 190 | Loss: 0.3005 | Correct: 117/128 | Elapsed Time: 21.57s
2026-01-19 23:48:31,621 | INFO | Batch 200 | Loss: 0.2909 | Correct: 117/128 | Elapsed Time: 21.60s
2026-01-19 23:48:53,234 | INFO | Batch 210 | Loss: 0.3225 | Correct: 107/128 | Elapsed Time: 21.61s
2026-01-19 23:49:15,071 | INFO | Batch 220 | Loss: 0.2989 | Correct: 114/128 | Elapsed Time: 21.84s
2026-01-19 23:49:36,684 | INFO | Batch 230 | Loss: 0.2317 | Correct: 120/128 | Elapsed Time: 21.61s
2026-01-19 23:49:58,290 | INFO | Batch 240 | Loss: 0.4814 | Correct: 108/128 | Elapsed Time: 21.61s
2026-01-19 23:50:19,983 | INFO | Batch 250 | Loss: 0.2894 | Correct: 110/128 | Elapsed Time: 21.69s
2026-01-19 23:50:41,597 | INFO | Batch 260 | Loss: 0.2114 | Correct: 119/128 | Elapsed Time: 21.61s
2026-01-19 23:51:03,240 | INFO | Batch 270 | Loss: 0.3105 | Correct: 115/128 | Elapsed Time: 21.64s
2026-01-19 23:51:24,904 | INFO | Batch 280 | Loss: 0.2832 | Correct: 116/128 | Elapsed Time: 21.66s
2026-01-19 23:51:46,610 | INFO | Batch 290 | Loss: 0.3793 | Correct: 107/128 | Elapsed Time: 21.71s
2026-01-19 23:52:08,250 | INFO | Batch 300 | Loss: 0.3593 | Correct: 116/128 | Elapsed Time: 21.64s
2026-01-19 23:52:29,890 | INFO | Batch 310 | Loss: 0.2925 | Correct: 116/128 | Elapsed Time: 21.64s
2026-01-19 23:52:51,498 | INFO | Batch 320 | Loss: 0.3071 | Correct: 113/128 | Elapsed Time: 21.61s
2026-01-19 23:53:13,132 | INFO | Batch 330 | Loss: 0.2541 | Correct: 117/128 | Elapsed Time: 21.63s
2026-01-19 23:53:34,779 | INFO | Batch 340 | Loss: 0.2894 | Correct: 117/128 | Elapsed Time: 21.65s
2026-01-19 23:53:56,350 | INFO | Batch 350 | Loss: 0.3793 | Correct: 114/128 | Elapsed Time: 21.57s
2026-01-19 23:54:18,124 | INFO | Batch 360 | Loss: 0.3441 | Correct: 109/128 | Elapsed Time: 21.77s
2026-01-19 23:54:39,785 | INFO | Batch 370 | Loss: 0.3652 | Correct: 110/128 | Elapsed Time: 21.66s
2026-01-19 23:55:01,429 | INFO | Batch 380 | Loss: 0.3173 | Correct: 115/128 | Elapsed Time: 21.64s
2026-01-19 23:55:23,092 | INFO | Batch 390 | Loss: 0.3349 | Correct: 114/128 | Elapsed Time: 21.66s
2026-01-19 23:55:24,498 | INFO | Epoch [35/100] - Loss: 0.2955 | Correct: 44896/50000 (89.79%, 845.74s)
2026-01-19 23:56:36,403 | INFO | Validation - Loss: 0.5551 | Correct: 8139/10000 (81.39%) (71.90s)
2026-01-19 23:56:58,076 | INFO | Batch 10 | Loss: 0.2433 | Correct: 116/128 | Elapsed Time: 21.67s
2026-01-19 23:57:19,725 | INFO | Batch 20 | Loss: 0.1991 | Correct: 121/128 | Elapsed Time: 21.65s
2026-01-19 23:57:41,456 | INFO | Batch 30 | Loss: 0.3712 | Correct: 112/128 | Elapsed Time: 21.73s
2026-01-19 23:58:03,105 | INFO | Batch 40 | Loss: 0.2989 | Correct: 118/128 | Elapsed Time: 21.65s
2026-01-19 23:58:24,789 | INFO | Batch 50 | Loss: 0.2068 | Correct: 117/128 | Elapsed Time: 21.68s
2026-01-19 23:58:46,382 | INFO | Batch 60 | Loss: 0.3138 | Correct: 116/128 | Elapsed Time: 21.59s
2026-01-19 23:59:07,936 | INFO | Batch 70 | Loss: 0.2207 | Correct: 118/128 | Elapsed Time: 21.55s
2026-01-19 23:59:29,515 | INFO | Batch 80 | Loss: 0.3460 | Correct: 115/128 | Elapsed Time: 21.58s
2026-01-19 23:59:51,210 | INFO | Batch 90 | Loss: 0.1711 | Correct: 119/128 | Elapsed Time: 21.69s
2026-01-20 00:00:12,999 | INFO | Batch 100 | Loss: 0.2268 | Correct: 115/128 | Elapsed Time: 21.79s
2026-01-20 00:00:34,714 | INFO | Batch 110 | Loss: 0.2500 | Correct: 118/128 | Elapsed Time: 21.72s
2026-01-20 00:00:56,311 | INFO | Batch 120 | Loss: 0.4004 | Correct: 109/128 | Elapsed Time: 21.60s
2026-01-20 00:01:17,947 | INFO | Batch 130 | Loss: 0.2957 | Correct: 116/128 | Elapsed Time: 21.64s
2026-01-20 00:01:39,550 | INFO | Batch 140 | Loss: 0.3071 | Correct: 114/128 | Elapsed Time: 21.60s
2026-01-20 00:02:01,292 | INFO | Batch 150 | Loss: 0.2473 | Correct: 114/128 | Elapsed Time: 21.74s
2026-01-20 00:02:22,942 | INFO | Batch 160 | Loss: 0.3460 | Correct: 115/128 | Elapsed Time: 21.65s
2026-01-20 00:02:44,570 | INFO | Batch 170 | Loss: 0.3225 | Correct: 115/128 | Elapsed Time: 21.63s
2026-01-20 00:03:06,293 | INFO | Batch 180 | Loss: 0.3190 | Correct: 116/128 | Elapsed Time: 21.72s
2026-01-20 00:03:27,994 | INFO | Batch 190 | Loss: 0.4114 | Correct: 110/128 | Elapsed Time: 21.70s
2026-01-20 00:03:49,608 | INFO | Batch 200 | Loss: 0.3295 | Correct: 117/128 | Elapsed Time: 21.61s
2026-01-20 00:04:11,386 | INFO | Batch 210 | Loss: 0.3105 | Correct: 112/128 | Elapsed Time: 21.78s
2026-01-20 00:04:33,072 | INFO | Batch 220 | Loss: 0.3242 | Correct: 115/128 | Elapsed Time: 21.69s
2026-01-20 00:04:54,767 | INFO | Batch 230 | Loss: 0.2801 | Correct: 117/128 | Elapsed Time: 21.70s
2026-01-20 00:05:16,524 | INFO | Batch 240 | Loss: 0.2697 | Correct: 117/128 | Elapsed Time: 21.76s
2026-01-20 00:05:38,200 | INFO | Batch 250 | Loss: 0.2894 | Correct: 115/128 | Elapsed Time: 21.68s
2026-01-20 00:05:59,873 | INFO | Batch 260 | Loss: 0.3835 | Correct: 113/128 | Elapsed Time: 21.67s
2026-01-20 00:06:21,641 | INFO | Batch 270 | Loss: 0.3497 | Correct: 113/128 | Elapsed Time: 21.77s
2026-01-20 00:06:43,319 | INFO | Batch 280 | Loss: 0.2280 | Correct: 119/128 | Elapsed Time: 21.68s
2026-01-20 00:07:05,004 | INFO | Batch 290 | Loss: 0.2381 | Correct: 120/128 | Elapsed Time: 21.68s
2026-01-20 00:07:26,659 | INFO | Batch 300 | Loss: 0.3692 | Correct: 108/128 | Elapsed Time: 21.65s
2026-01-20 00:07:48,338 | INFO | Batch 310 | Loss: 0.3038 | Correct: 113/128 | Elapsed Time: 21.68s
2026-01-20 00:08:10,020 | INFO | Batch 320 | Loss: 0.3349 | Correct: 111/128 | Elapsed Time: 21.68s
2026-01-20 00:08:31,654 | INFO | Batch 330 | Loss: 0.3460 | Correct: 111/128 | Elapsed Time: 21.63s
2026-01-20 00:08:53,414 | INFO | Batch 340 | Loss: 0.2712 | Correct: 115/128 | Elapsed Time: 21.76s
2026-01-20 00:09:15,126 | INFO | Batch 350 | Loss: 0.1907 | Correct: 123/128 | Elapsed Time: 21.71s
2026-01-20 00:09:36,810 | INFO | Batch 360 | Loss: 0.4070 | Correct: 109/128 | Elapsed Time: 21.68s
2026-01-20 00:09:58,459 | INFO | Batch 370 | Loss: 0.2697 | Correct: 113/128 | Elapsed Time: 21.65s
2026-01-20 00:10:20,204 | INFO | Batch 380 | Loss: 0.2293 | Correct: 120/128 | Elapsed Time: 21.75s
2026-01-20 00:10:41,836 | INFO | Batch 390 | Loss: 0.3516 | Correct: 110/128 | Elapsed Time: 21.63s
2026-01-20 00:10:43,238 | INFO | Epoch [36/100] - Loss: 0.2895 | Correct: 45023/50000 (90.05%, 846.83s)
2026-01-20 00:11:55,119 | INFO | Validation - Loss: 0.4293 | Correct: 8543/10000 (85.43%) (71.88s)
2026-01-20 00:11:55,403 | INFO | New best model saved at epoch 36 with Top1 Acc: 85.43%
2026-01-20 00:12:17,190 | INFO | Batch 10 | Loss: 0.3555 | Correct: 115/128 | Elapsed Time: 21.79s
2026-01-20 00:12:38,861 | INFO | Batch 20 | Loss: 0.2330 | Correct: 118/128 | Elapsed Time: 21.67s
2026-01-20 00:13:00,496 | INFO | Batch 30 | Loss: 0.2816 | Correct: 114/128 | Elapsed Time: 21.64s
2026-01-20 00:13:22,158 | INFO | Batch 40 | Loss: 0.3652 | Correct: 113/128 | Elapsed Time: 21.66s
2026-01-20 00:13:43,794 | INFO | Batch 50 | Loss: 0.2816 | Correct: 117/128 | Elapsed Time: 21.64s
2026-01-20 00:14:05,415 | INFO | Batch 60 | Loss: 0.2219 | Correct: 114/128 | Elapsed Time: 21.62s
2026-01-20 00:14:27,113 | INFO | Batch 70 | Loss: 0.2625 | Correct: 117/128 | Elapsed Time: 21.70s
2026-01-20 00:14:48,709 | INFO | Batch 80 | Loss: 0.2231 | Correct: 119/128 | Elapsed Time: 21.60s
2026-01-20 00:15:10,345 | INFO | Batch 90 | Loss: 0.2756 | Correct: 117/128 | Elapsed Time: 21.64s
2026-01-20 00:15:31,955 | INFO | Batch 100 | Loss: 0.3155 | Correct: 115/128 | Elapsed Time: 21.61s
2026-01-20 00:15:53,551 | INFO | Batch 110 | Loss: 0.3260 | Correct: 111/128 | Elapsed Time: 21.60s
2026-01-20 00:16:15,206 | INFO | Batch 120 | Loss: 0.3242 | Correct: 116/128 | Elapsed Time: 21.66s
2026-01-20 00:16:36,826 | INFO | Batch 130 | Loss: 0.2801 | Correct: 111/128 | Elapsed Time: 21.62s
2026-01-20 00:16:58,525 | INFO | Batch 140 | Loss: 0.1856 | Correct: 121/128 | Elapsed Time: 21.70s
2026-01-20 00:17:20,186 | INFO | Batch 150 | Loss: 0.3919 | Correct: 109/128 | Elapsed Time: 21.66s
2026-01-20 00:17:41,812 | INFO | Batch 160 | Loss: 0.2514 | Correct: 114/128 | Elapsed Time: 21.63s
2026-01-20 00:18:03,457 | INFO | Batch 170 | Loss: 0.3071 | Correct: 114/128 | Elapsed Time: 21.65s
2026-01-20 00:18:25,088 | INFO | Batch 180 | Loss: 0.2280 | Correct: 121/128 | Elapsed Time: 21.63s
2026-01-20 00:18:46,689 | INFO | Batch 190 | Loss: 0.2801 | Correct: 111/128 | Elapsed Time: 21.60s
2026-01-20 00:19:08,350 | INFO | Batch 200 | Loss: 0.2741 | Correct: 116/128 | Elapsed Time: 21.66s
2026-01-20 00:19:30,047 | INFO | Batch 210 | Loss: 0.3207 | Correct: 117/128 | Elapsed Time: 21.70s
2026-01-20 00:19:51,701 | INFO | Batch 220 | Loss: 0.2420 | Correct: 118/128 | Elapsed Time: 21.65s
2026-01-20 00:20:13,471 | INFO | Batch 230 | Loss: 0.3793 | Correct: 112/128 | Elapsed Time: 21.77s
2026-01-20 00:20:35,095 | INFO | Batch 240 | Loss: 0.2925 | Correct: 115/128 | Elapsed Time: 21.62s
2026-01-20 00:20:56,635 | INFO | Batch 250 | Loss: 0.2486 | Correct: 116/128 | Elapsed Time: 21.54s
2026-01-20 00:21:18,189 | INFO | Batch 260 | Loss: 0.3242 | Correct: 112/128 | Elapsed Time: 21.55s
2026-01-20 00:21:39,788 | INFO | Batch 270 | Loss: 0.3122 | Correct: 114/128 | Elapsed Time: 21.60s
2026-01-20 00:22:01,499 | INFO | Batch 280 | Loss: 0.3155 | Correct: 114/128 | Elapsed Time: 21.71s
2026-01-20 00:22:23,172 | INFO | Batch 290 | Loss: 0.2541 | Correct: 118/128 | Elapsed Time: 21.67s
2026-01-20 00:22:44,794 | INFO | Batch 300 | Loss: 0.2712 | Correct: 116/128 | Elapsed Time: 21.62s
2026-01-20 00:23:06,453 | INFO | Batch 310 | Loss: 0.2847 | Correct: 117/128 | Elapsed Time: 21.66s
2026-01-20 00:23:28,079 | INFO | Batch 320 | Loss: 0.3536 | Correct: 110/128 | Elapsed Time: 21.63s
2026-01-20 00:23:49,674 | INFO | Batch 330 | Loss: 0.2460 | Correct: 116/128 | Elapsed Time: 21.60s
2026-01-20 00:24:11,297 | INFO | Batch 340 | Loss: 0.2541 | Correct: 115/128 | Elapsed Time: 21.62s
2026-01-20 00:24:33,003 | INFO | Batch 350 | Loss: 0.3207 | Correct: 116/128 | Elapsed Time: 21.71s
2026-01-20 00:24:54,595 | INFO | Batch 360 | Loss: 0.2894 | Correct: 115/128 | Elapsed Time: 21.59s
2026-01-20 00:25:16,212 | INFO | Batch 370 | Loss: 0.2878 | Correct: 115/128 | Elapsed Time: 21.62s
2026-01-20 00:25:37,808 | INFO | Batch 380 | Loss: 0.3277 | Correct: 115/128 | Elapsed Time: 21.60s
2026-01-20 00:25:59,391 | INFO | Batch 390 | Loss: 0.2771 | Correct: 115/128 | Elapsed Time: 21.58s
2026-01-20 00:26:00,790 | INFO | Epoch [37/100] - Loss: 0.2802 | Correct: 45156/50000 (90.31%, 845.39s)
2026-01-20 00:27:12,682 | INFO | Validation - Loss: 0.4852 | Correct: 8392/10000 (83.92%) (71.89s)
2026-01-20 00:27:34,308 | INFO | Batch 10 | Loss: 0.2756 | Correct: 116/128 | Elapsed Time: 21.62s
2026-01-20 00:27:56,021 | INFO | Batch 20 | Loss: 0.1938 | Correct: 118/128 | Elapsed Time: 21.71s
2026-01-20 00:28:17,625 | INFO | Batch 30 | Loss: 0.2368 | Correct: 117/128 | Elapsed Time: 21.60s
2026-01-20 00:28:39,248 | INFO | Batch 40 | Loss: 0.1586 | Correct: 121/128 | Elapsed Time: 21.62s
2026-01-20 00:29:00,861 | INFO | Batch 50 | Loss: 0.2697 | Correct: 112/128 | Elapsed Time: 21.61s
2026-01-20 00:29:22,548 | INFO | Batch 60 | Loss: 0.2653 | Correct: 115/128 | Elapsed Time: 21.69s
2026-01-20 00:29:44,232 | INFO | Batch 70 | Loss: 0.3497 | Correct: 111/128 | Elapsed Time: 21.68s
2026-01-20 00:30:05,856 | INFO | Batch 80 | Loss: 0.2909 | Correct: 115/128 | Elapsed Time: 21.62s
2026-01-20 00:30:27,585 | INFO | Batch 90 | Loss: 0.2847 | Correct: 117/128 | Elapsed Time: 21.73s
2026-01-20 00:30:49,186 | INFO | Batch 100 | Loss: 0.3497 | Correct: 114/128 | Elapsed Time: 21.60s
2026-01-20 00:31:10,839 | INFO | Batch 110 | Loss: 0.2024 | Correct: 117/128 | Elapsed Time: 21.65s
2026-01-20 00:31:32,462 | INFO | Batch 120 | Loss: 0.3940 | Correct: 109/128 | Elapsed Time: 21.62s
2026-01-20 00:31:54,025 | INFO | Batch 130 | Loss: 0.2847 | Correct: 121/128 | Elapsed Time: 21.56s
2026-01-20 00:32:15,746 | INFO | Batch 140 | Loss: 0.2726 | Correct: 116/128 | Elapsed Time: 21.72s
2026-01-20 00:32:37,396 | INFO | Batch 150 | Loss: 0.2500 | Correct: 117/128 | Elapsed Time: 21.65s
2026-01-20 00:32:58,988 | INFO | Batch 160 | Loss: 0.2555 | Correct: 116/128 | Elapsed Time: 21.59s
2026-01-20 00:33:20,637 | INFO | Batch 170 | Loss: 0.3386 | Correct: 114/128 | Elapsed Time: 21.65s
2026-01-20 00:33:42,233 | INFO | Batch 180 | Loss: 0.3732 | Correct: 112/128 | Elapsed Time: 21.60s
2026-01-20 00:34:03,923 | INFO | Batch 190 | Loss: 0.2639 | Correct: 113/128 | Elapsed Time: 21.69s
2026-01-20 00:34:25,570 | INFO | Batch 200 | Loss: 0.2002 | Correct: 119/128 | Elapsed Time: 21.65s
2026-01-20 00:34:47,247 | INFO | Batch 210 | Loss: 0.2317 | Correct: 117/128 | Elapsed Time: 21.68s
2026-01-20 00:35:08,962 | INFO | Batch 220 | Loss: 0.3295 | Correct: 114/128 | Elapsed Time: 21.72s
2026-01-20 00:35:30,658 | INFO | Batch 230 | Loss: 0.3367 | Correct: 111/128 | Elapsed Time: 21.70s
2026-01-20 00:35:52,321 | INFO | Batch 240 | Loss: 0.3038 | Correct: 117/128 | Elapsed Time: 21.66s
2026-01-20 00:36:14,046 | INFO | Batch 250 | Loss: 0.3122 | Correct: 112/128 | Elapsed Time: 21.73s
2026-01-20 00:36:35,782 | INFO | Batch 260 | Loss: 0.4227 | Correct: 110/128 | Elapsed Time: 21.74s
2026-01-20 00:36:57,391 | INFO | Batch 270 | Loss: 0.2682 | Correct: 118/128 | Elapsed Time: 21.61s
2026-01-20 00:37:19,050 | INFO | Batch 280 | Loss: 0.1527 | Correct: 122/128 | Elapsed Time: 21.66s
2026-01-20 00:37:40,746 | INFO | Batch 290 | Loss: 0.2381 | Correct: 119/128 | Elapsed Time: 21.70s
2026-01-20 00:38:02,413 | INFO | Batch 300 | Loss: 0.2407 | Correct: 119/128 | Elapsed Time: 21.67s
2026-01-20 00:38:24,125 | INFO | Batch 310 | Loss: 0.2555 | Correct: 118/128 | Elapsed Time: 21.71s
2026-01-20 00:38:45,794 | INFO | Batch 320 | Loss: 0.2446 | Correct: 117/128 | Elapsed Time: 21.67s
2026-01-20 00:39:07,530 | INFO | Batch 330 | Loss: 0.2639 | Correct: 114/128 | Elapsed Time: 21.74s
2026-01-20 00:39:29,218 | INFO | Batch 340 | Loss: 0.2555 | Correct: 116/128 | Elapsed Time: 21.69s
2026-01-20 00:39:50,859 | INFO | Batch 350 | Loss: 0.3367 | Correct: 112/128 | Elapsed Time: 21.64s
2026-01-20 00:40:12,617 | INFO | Batch 360 | Loss: 0.3242 | Correct: 112/128 | Elapsed Time: 21.76s
2026-01-20 00:40:34,352 | INFO | Batch 370 | Loss: 0.3367 | Correct: 114/128 | Elapsed Time: 21.73s
2026-01-20 00:40:56,015 | INFO | Batch 380 | Loss: 0.2847 | Correct: 115/128 | Elapsed Time: 21.66s
2026-01-20 00:41:17,702 | INFO | Batch 390 | Loss: 0.2597 | Correct: 118/128 | Elapsed Time: 21.69s
2026-01-20 00:41:19,100 | INFO | Epoch [38/100] - Loss: 0.2800 | Correct: 45136/50000 (90.27%, 846.42s)
2026-01-20 00:42:31,354 | INFO | Validation - Loss: 0.4850 | Correct: 8410/10000 (84.10%) (72.25s)
2026-01-20 00:42:52,989 | INFO | Batch 10 | Loss: 0.2639 | Correct: 115/128 | Elapsed Time: 21.63s
2026-01-20 00:43:14,569 | INFO | Batch 20 | Loss: 0.1856 | Correct: 119/128 | Elapsed Time: 21.58s
2026-01-20 00:43:36,218 | INFO | Batch 30 | Loss: 0.2925 | Correct: 113/128 | Elapsed Time: 21.65s
2026-01-20 00:43:57,804 | INFO | Batch 40 | Loss: 0.2243 | Correct: 119/128 | Elapsed Time: 21.59s
2026-01-20 00:44:19,487 | INFO | Batch 50 | Loss: 0.1298 | Correct: 124/128 | Elapsed Time: 21.68s
2026-01-20 00:44:41,252 | INFO | Batch 60 | Loss: 0.3105 | Correct: 115/128 | Elapsed Time: 21.77s
2026-01-20 00:45:02,910 | INFO | Batch 70 | Loss: 0.2639 | Correct: 116/128 | Elapsed Time: 21.66s
2026-01-20 00:45:24,547 | INFO | Batch 80 | Loss: 0.2460 | Correct: 118/128 | Elapsed Time: 21.64s
2026-01-20 00:45:46,157 | INFO | Batch 90 | Loss: 0.3773 | Correct: 109/128 | Elapsed Time: 21.61s
2026-01-20 00:46:07,811 | INFO | Batch 100 | Loss: 0.2355 | Correct: 117/128 | Elapsed Time: 21.65s
2026-01-20 00:46:29,553 | INFO | Batch 110 | Loss: 0.2957 | Correct: 114/128 | Elapsed Time: 21.74s
2026-01-20 00:46:51,202 | INFO | Batch 120 | Loss: 0.2682 | Correct: 118/128 | Elapsed Time: 21.65s
2026-01-20 00:47:12,838 | INFO | Batch 130 | Loss: 0.2527 | Correct: 119/128 | Elapsed Time: 21.64s
2026-01-20 00:47:34,449 | INFO | Batch 140 | Loss: 0.3038 | Correct: 112/128 | Elapsed Time: 21.61s
2026-01-20 00:47:56,060 | INFO | Batch 150 | Loss: 0.3122 | Correct: 116/128 | Elapsed Time: 21.61s
2026-01-20 00:48:17,690 | INFO | Batch 160 | Loss: 0.3814 | Correct: 113/128 | Elapsed Time: 21.63s
2026-01-20 00:48:39,319 | INFO | Batch 170 | Loss: 0.2420 | Correct: 116/128 | Elapsed Time: 21.63s
2026-01-20 00:49:01,011 | INFO | Batch 180 | Loss: 0.2925 | Correct: 116/128 | Elapsed Time: 21.69s
2026-01-20 00:49:22,624 | INFO | Batch 190 | Loss: 0.2183 | Correct: 115/128 | Elapsed Time: 21.61s
2026-01-20 00:49:44,223 | INFO | Batch 200 | Loss: 0.2771 | Correct: 115/128 | Elapsed Time: 21.60s
2026-01-20 00:50:05,866 | INFO | Batch 210 | Loss: 0.3105 | Correct: 115/128 | Elapsed Time: 21.64s
2026-01-20 00:50:27,572 | INFO | Batch 220 | Loss: 0.3071 | Correct: 115/128 | Elapsed Time: 21.71s
2026-01-20 00:50:49,200 | INFO | Batch 230 | Loss: 0.2243 | Correct: 114/128 | Elapsed Time: 21.63s
2026-01-20 00:51:10,898 | INFO | Batch 240 | Loss: 0.2013 | Correct: 121/128 | Elapsed Time: 21.70s
2026-01-20 00:51:32,609 | INFO | Batch 250 | Loss: 0.2446 | Correct: 117/128 | Elapsed Time: 21.71s
2026-01-20 00:51:54,215 | INFO | Batch 260 | Loss: 0.3071 | Correct: 118/128 | Elapsed Time: 21.61s
2026-01-20 00:52:15,885 | INFO | Batch 270 | Loss: 0.2368 | Correct: 116/128 | Elapsed Time: 21.67s
2026-01-20 00:52:37,474 | INFO | Batch 280 | Loss: 0.2682 | Correct: 116/128 | Elapsed Time: 21.59s
2026-01-20 00:52:59,097 | INFO | Batch 290 | Loss: 0.3313 | Correct: 111/128 | Elapsed Time: 21.62s
2026-01-20 00:53:20,732 | INFO | Batch 300 | Loss: 0.3404 | Correct: 112/128 | Elapsed Time: 21.64s
2026-01-20 00:53:42,347 | INFO | Batch 310 | Loss: 0.2909 | Correct: 115/128 | Elapsed Time: 21.62s
2026-01-20 00:54:04,123 | INFO | Batch 320 | Loss: 0.2611 | Correct: 115/128 | Elapsed Time: 21.78s
2026-01-20 00:54:25,749 | INFO | Batch 330 | Loss: 0.3313 | Correct: 113/128 | Elapsed Time: 21.63s
2026-01-20 00:54:47,357 | INFO | Batch 340 | Loss: 0.2068 | Correct: 118/128 | Elapsed Time: 21.61s
2026-01-20 00:55:08,980 | INFO | Batch 350 | Loss: 0.3173 | Correct: 114/128 | Elapsed Time: 21.62s
2026-01-20 00:55:30,648 | INFO | Batch 360 | Loss: 0.1768 | Correct: 120/128 | Elapsed Time: 21.67s
2026-01-20 00:55:52,282 | INFO | Batch 370 | Loss: 0.3038 | Correct: 114/128 | Elapsed Time: 21.63s
2026-01-20 00:56:14,016 | INFO | Batch 380 | Loss: 0.2682 | Correct: 117/128 | Elapsed Time: 21.73s
2026-01-20 00:56:35,836 | INFO | Batch 390 | Loss: 0.4414 | Correct: 111/128 | Elapsed Time: 21.82s
2026-01-20 00:56:37,255 | INFO | Epoch [39/100] - Loss: 0.2735 | Correct: 45273/50000 (90.55%, 845.90s)
2026-01-20 00:57:49,664 | INFO | Validation - Loss: 0.4282 | Correct: 8590/10000 (85.90%) (72.41s)
2026-01-20 00:57:49,916 | INFO | New best model saved at epoch 39 with Top1 Acc: 85.90%
2026-01-20 00:58:11,745 | INFO | Batch 10 | Loss: 0.2583 | Correct: 117/128 | Elapsed Time: 21.83s
2026-01-20 00:58:33,425 | INFO | Batch 20 | Loss: 0.2473 | Correct: 117/128 | Elapsed Time: 21.68s
2026-01-20 00:58:55,095 | INFO | Batch 30 | Loss: 0.2268 | Correct: 116/128 | Elapsed Time: 21.67s
2026-01-20 00:59:16,860 | INFO | Batch 40 | Loss: 0.1749 | Correct: 120/128 | Elapsed Time: 21.77s
2026-01-20 00:59:38,541 | INFO | Batch 50 | Loss: 0.3423 | Correct: 113/128 | Elapsed Time: 21.68s
2026-01-20 01:00:00,225 | INFO | Batch 60 | Loss: 0.3386 | Correct: 113/128 | Elapsed Time: 21.68s
2026-01-20 01:00:21,971 | INFO | Batch 70 | Loss: 0.3672 | Correct: 107/128 | Elapsed Time: 21.75s
2026-01-20 01:00:43,586 | INFO | Batch 80 | Loss: 0.2697 | Correct: 117/128 | Elapsed Time: 21.62s
2026-01-20 01:01:05,392 | INFO | Batch 90 | Loss: 0.3983 | Correct: 110/128 | Elapsed Time: 21.81s
2026-01-20 01:01:27,079 | INFO | Batch 100 | Loss: 0.2771 | Correct: 114/128 | Elapsed Time: 21.69s
2026-01-20 01:01:48,821 | INFO | Batch 110 | Loss: 0.2909 | Correct: 114/128 | Elapsed Time: 21.74s
2026-01-20 01:02:10,530 | INFO | Batch 120 | Loss: 0.2305 | Correct: 119/128 | Elapsed Time: 21.71s
2026-01-20 01:02:32,245 | INFO | Batch 130 | Loss: 0.3386 | Correct: 112/128 | Elapsed Time: 21.72s
2026-01-20 01:02:54,268 | INFO | Batch 140 | Loss: 0.4137 | Correct: 110/128 | Elapsed Time: 22.02s
2026-01-20 01:03:16,300 | INFO | Batch 150 | Loss: 0.3876 | Correct: 111/128 | Elapsed Time: 22.03s
2026-01-20 01:03:38,456 | INFO | Batch 160 | Loss: 0.2305 | Correct: 118/128 | Elapsed Time: 22.16s
2026-01-20 01:04:00,496 | INFO | Batch 170 | Loss: 0.2486 | Correct: 116/128 | Elapsed Time: 22.04s
2026-01-20 01:04:22,604 | INFO | Batch 180 | Loss: 0.2989 | Correct: 118/128 | Elapsed Time: 22.11s
2026-01-20 01:04:44,568 | INFO | Batch 190 | Loss: 0.2280 | Correct: 119/128 | Elapsed Time: 21.96s
2026-01-20 01:05:06,529 | INFO | Batch 200 | Loss: 0.3404 | Correct: 117/128 | Elapsed Time: 21.96s
2026-01-20 01:05:28,579 | INFO | Batch 210 | Loss: 0.2653 | Correct: 115/128 | Elapsed Time: 22.05s
2026-01-20 01:05:50,581 | INFO | Batch 220 | Loss: 0.3260 | Correct: 108/128 | Elapsed Time: 22.00s
2026-01-20 01:06:12,804 | INFO | Batch 230 | Loss: 0.2741 | Correct: 118/128 | Elapsed Time: 22.22s
2026-01-20 01:06:34,807 | INFO | Batch 240 | Loss: 0.3295 | Correct: 112/128 | Elapsed Time: 22.00s
2026-01-20 01:06:56,870 | INFO | Batch 250 | Loss: 0.1928 | Correct: 121/128 | Elapsed Time: 22.06s
2026-01-20 01:07:18,919 | INFO | Batch 260 | Loss: 0.3122 | Correct: 113/128 | Elapsed Time: 22.05s
2026-01-20 01:07:40,929 | INFO | Batch 270 | Loss: 0.2653 | Correct: 117/128 | Elapsed Time: 22.01s
2026-01-20 01:08:02,863 | INFO | Batch 280 | Loss: 0.2256 | Correct: 118/128 | Elapsed Time: 21.93s
2026-01-20 01:08:24,843 | INFO | Batch 290 | Loss: 0.2057 | Correct: 121/128 | Elapsed Time: 21.98s
2026-01-20 01:08:47,055 | INFO | Batch 300 | Loss: 0.2941 | Correct: 114/128 | Elapsed Time: 22.21s
2026-01-20 01:09:09,051 | INFO | Batch 310 | Loss: 0.2786 | Correct: 115/128 | Elapsed Time: 22.00s
2026-01-20 01:09:31,263 | INFO | Batch 320 | Loss: 0.3367 | Correct: 114/128 | Elapsed Time: 22.21s
2026-01-20 01:09:53,296 | INFO | Batch 330 | Loss: 0.2756 | Correct: 113/128 | Elapsed Time: 22.03s
2026-01-20 01:10:15,389 | INFO | Batch 340 | Loss: 0.2355 | Correct: 117/128 | Elapsed Time: 22.09s
2026-01-20 01:10:37,454 | INFO | Batch 350 | Loss: 0.2355 | Correct: 119/128 | Elapsed Time: 22.06s
2026-01-20 01:10:59,544 | INFO | Batch 360 | Loss: 0.1917 | Correct: 119/128 | Elapsed Time: 22.09s
2026-01-20 01:11:21,704 | INFO | Batch 370 | Loss: 0.2957 | Correct: 113/128 | Elapsed Time: 22.16s
2026-01-20 01:11:43,758 | INFO | Batch 380 | Loss: 0.2639 | Correct: 114/128 | Elapsed Time: 22.05s
2026-01-20 01:12:05,853 | INFO | Batch 390 | Loss: 0.1846 | Correct: 122/128 | Elapsed Time: 22.09s
2026-01-20 01:12:07,292 | INFO | Epoch [40/100] - Loss: 0.2759 | Correct: 45178/50000 (90.36%, 857.38s)
2026-01-20 01:13:21,283 | INFO | Validation - Loss: 0.4191 | Correct: 8557/10000 (85.57%) (73.99s)
2026-01-20 01:13:43,323 | INFO | Batch 10 | Loss: 0.2756 | Correct: 118/128 | Elapsed Time: 22.04s
2026-01-20 01:14:05,463 | INFO | Batch 20 | Loss: 0.3277 | Correct: 110/128 | Elapsed Time: 22.14s
2026-01-20 01:14:27,503 | INFO | Batch 30 | Loss: 0.2024 | Correct: 119/128 | Elapsed Time: 22.04s
2026-01-20 01:14:49,645 | INFO | Batch 40 | Loss: 0.2989 | Correct: 110/128 | Elapsed Time: 22.14s
2026-01-20 01:15:11,742 | INFO | Batch 50 | Loss: 0.1630 | Correct: 124/128 | Elapsed Time: 22.10s
2026-01-20 01:15:33,759 | INFO | Batch 60 | Loss: 0.1836 | Correct: 119/128 | Elapsed Time: 22.02s
2026-01-20 01:15:55,756 | INFO | Batch 70 | Loss: 0.2160 | Correct: 118/128 | Elapsed Time: 22.00s
2026-01-20 01:16:17,862 | INFO | Batch 80 | Loss: 0.3516 | Correct: 110/128 | Elapsed Time: 22.11s
2026-01-20 01:16:40,001 | INFO | Batch 90 | Loss: 0.4159 | Correct: 113/128 | Elapsed Time: 22.14s
2026-01-20 01:17:02,064 | INFO | Batch 100 | Loss: 0.3260 | Correct: 111/128 | Elapsed Time: 22.06s
2026-01-20 01:17:24,225 | INFO | Batch 110 | Loss: 0.2305 | Correct: 119/128 | Elapsed Time: 22.16s
2026-01-20 01:17:46,366 | INFO | Batch 120 | Loss: 0.1970 | Correct: 118/128 | Elapsed Time: 22.14s
2026-01-20 01:18:08,419 | INFO | Batch 130 | Loss: 0.2102 | Correct: 121/128 | Elapsed Time: 22.05s
2026-01-20 01:18:30,442 | INFO | Batch 140 | Loss: 0.2068 | Correct: 117/128 | Elapsed Time: 22.02s
2026-01-20 01:18:52,451 | INFO | Batch 150 | Loss: 0.2527 | Correct: 116/128 | Elapsed Time: 22.01s
2026-01-20 01:19:14,676 | INFO | Batch 160 | Loss: 0.2653 | Correct: 117/128 | Elapsed Time: 22.23s
2026-01-20 01:19:36,704 | INFO | Batch 170 | Loss: 0.2878 | Correct: 113/128 | Elapsed Time: 22.03s
2026-01-20 01:19:58,766 | INFO | Batch 180 | Loss: 0.2500 | Correct: 119/128 | Elapsed Time: 22.06s
2026-01-20 01:20:20,999 | INFO | Batch 190 | Loss: 0.3005 | Correct: 117/128 | Elapsed Time: 22.23s
2026-01-20 01:20:42,869 | INFO | Batch 200 | Loss: 0.1897 | Correct: 121/128 | Elapsed Time: 21.87s
2026-01-20 01:21:04,898 | INFO | Batch 210 | Loss: 0.2394 | Correct: 120/128 | Elapsed Time: 22.03s
2026-01-20 01:21:26,966 | INFO | Batch 220 | Loss: 0.3497 | Correct: 111/128 | Elapsed Time: 22.07s
2026-01-20 01:21:48,952 | INFO | Batch 230 | Loss: 0.2941 | Correct: 111/128 | Elapsed Time: 21.99s
2026-01-20 01:22:11,169 | INFO | Batch 240 | Loss: 0.2102 | Correct: 118/128 | Elapsed Time: 22.22s
2026-01-20 01:22:33,227 | INFO | Batch 250 | Loss: 0.1907 | Correct: 117/128 | Elapsed Time: 22.06s
2026-01-20 01:22:55,279 | INFO | Batch 260 | Loss: 0.3055 | Correct: 116/128 | Elapsed Time: 22.05s
2026-01-20 01:23:17,304 | INFO | Batch 270 | Loss: 0.2317 | Correct: 118/128 | Elapsed Time: 22.02s
2026-01-20 01:23:39,366 | INFO | Batch 280 | Loss: 0.2847 | Correct: 114/128 | Elapsed Time: 22.06s
2026-01-20 01:24:01,402 | INFO | Batch 290 | Loss: 0.2909 | Correct: 116/128 | Elapsed Time: 22.04s
2026-01-20 01:24:23,575 | INFO | Batch 300 | Loss: 0.2894 | Correct: 116/128 | Elapsed Time: 22.17s
2026-01-20 01:24:45,645 | INFO | Batch 310 | Loss: 0.3313 | Correct: 110/128 | Elapsed Time: 22.07s
2026-01-20 01:25:07,739 | INFO | Batch 320 | Loss: 0.2786 | Correct: 113/128 | Elapsed Time: 22.09s
2026-01-20 01:25:29,760 | INFO | Batch 330 | Loss: 0.3497 | Correct: 117/128 | Elapsed Time: 22.02s
2026-01-20 01:25:51,856 | INFO | Batch 340 | Loss: 0.2305 | Correct: 119/128 | Elapsed Time: 22.10s
2026-01-20 01:26:13,991 | INFO | Batch 350 | Loss: 0.2555 | Correct: 115/128 | Elapsed Time: 22.13s
2026-01-20 01:26:36,010 | INFO | Batch 360 | Loss: 0.3793 | Correct: 113/128 | Elapsed Time: 22.02s
2026-01-20 01:26:57,957 | INFO | Batch 370 | Loss: 0.1702 | Correct: 125/128 | Elapsed Time: 21.95s
2026-01-20 01:27:19,879 | INFO | Batch 380 | Loss: 0.2741 | Correct: 115/128 | Elapsed Time: 21.92s
2026-01-20 01:27:41,990 | INFO | Batch 390 | Loss: 0.3712 | Correct: 114/128 | Elapsed Time: 22.11s
2026-01-20 01:27:43,438 | INFO | Epoch [41/100] - Loss: 0.2666 | Correct: 45369/50000 (90.74%, 862.15s)
2026-01-20 01:28:57,449 | INFO | Validation - Loss: 0.4848 | Correct: 8425/10000 (84.25%) (74.01s)
2026-01-20 01:29:19,656 | INFO | Batch 10 | Loss: 0.1561 | Correct: 122/128 | Elapsed Time: 22.20s
2026-01-20 01:29:41,699 | INFO | Batch 20 | Loss: 0.2653 | Correct: 115/128 | Elapsed Time: 22.04s
2026-01-20 01:30:03,850 | INFO | Batch 30 | Loss: 0.2756 | Correct: 117/128 | Elapsed Time: 22.15s
2026-01-20 01:30:26,046 | INFO | Batch 40 | Loss: 0.0996 | Correct: 126/128 | Elapsed Time: 22.20s
2026-01-20 01:30:48,092 | INFO | Batch 50 | Loss: 0.2726 | Correct: 117/128 | Elapsed Time: 22.05s
2026-01-20 01:31:10,284 | INFO | Batch 60 | Loss: 0.3207 | Correct: 113/128 | Elapsed Time: 22.19s
2026-01-20 01:31:32,438 | INFO | Batch 70 | Loss: 0.2894 | Correct: 117/128 | Elapsed Time: 22.15s
2026-01-20 01:31:54,553 | INFO | Batch 80 | Loss: 0.2317 | Correct: 118/128 | Elapsed Time: 22.11s
2026-01-20 01:32:16,778 | INFO | Batch 90 | Loss: 0.3856 | Correct: 104/128 | Elapsed Time: 22.23s
2026-01-20 01:32:38,854 | INFO | Batch 100 | Loss: 0.1595 | Correct: 122/128 | Elapsed Time: 22.08s
2026-01-20 01:33:00,884 | INFO | Batch 110 | Loss: 0.1959 | Correct: 121/128 | Elapsed Time: 22.03s
2026-01-20 01:33:22,842 | INFO | Batch 120 | Loss: 0.2381 | Correct: 117/128 | Elapsed Time: 21.96s
2026-01-20 01:33:44,920 | INFO | Batch 130 | Loss: 0.1675 | Correct: 120/128 | Elapsed Time: 22.08s
2026-01-20 01:34:07,192 | INFO | Batch 140 | Loss: 0.2433 | Correct: 118/128 | Elapsed Time: 22.27s
2026-01-20 01:34:29,195 | INFO | Batch 150 | Loss: 0.2013 | Correct: 120/128 | Elapsed Time: 22.00s
2026-01-20 01:34:51,449 | INFO | Batch 160 | Loss: 0.2114 | Correct: 119/128 | Elapsed Time: 22.25s
2026-01-20 01:35:13,669 | INFO | Batch 170 | Loss: 0.2407 | Correct: 119/128 | Elapsed Time: 22.22s
2026-01-20 01:35:35,787 | INFO | Batch 180 | Loss: 0.2653 | Correct: 114/128 | Elapsed Time: 22.12s
2026-01-20 01:35:57,873 | INFO | Batch 190 | Loss: 0.1749 | Correct: 121/128 | Elapsed Time: 22.09s
2026-01-20 01:36:20,000 | INFO | Batch 200 | Loss: 0.3516 | Correct: 114/128 | Elapsed Time: 22.13s
2026-01-20 01:36:42,047 | INFO | Batch 210 | Loss: 0.2957 | Correct: 114/128 | Elapsed Time: 22.05s
2026-01-20 01:37:04,051 | INFO | Batch 220 | Loss: 0.3242 | Correct: 113/128 | Elapsed Time: 22.00s
2026-01-20 01:37:26,250 | INFO | Batch 230 | Loss: 0.1806 | Correct: 120/128 | Elapsed Time: 22.20s
2026-01-20 01:37:48,217 | INFO | Batch 240 | Loss: 0.2068 | Correct: 120/128 | Elapsed Time: 21.97s
2026-01-20 01:38:10,326 | INFO | Batch 250 | Loss: 0.3313 | Correct: 116/128 | Elapsed Time: 22.11s
2026-01-20 01:38:32,298 | INFO | Batch 260 | Loss: 0.2160 | Correct: 117/128 | Elapsed Time: 21.97s
2026-01-20 01:38:54,314 | INFO | Batch 270 | Loss: 0.3773 | Correct: 112/128 | Elapsed Time: 22.02s
2026-01-20 01:39:16,390 | INFO | Batch 280 | Loss: 0.2816 | Correct: 115/128 | Elapsed Time: 22.08s
2026-01-20 01:39:38,240 | INFO | Batch 290 | Loss: 0.3536 | Correct: 112/128 | Elapsed Time: 21.85s
2026-01-20 01:40:00,358 | INFO | Batch 300 | Loss: 0.2460 | Correct: 119/128 | Elapsed Time: 22.12s
2026-01-20 01:40:22,571 | INFO | Batch 310 | Loss: 0.2653 | Correct: 116/128 | Elapsed Time: 22.21s
2026-01-20 01:40:44,603 | INFO | Batch 320 | Loss: 0.2569 | Correct: 116/128 | Elapsed Time: 22.03s
2026-01-20 01:41:06,809 | INFO | Batch 330 | Loss: 0.1702 | Correct: 121/128 | Elapsed Time: 22.21s
2026-01-20 01:41:28,803 | INFO | Batch 340 | Loss: 0.4320 | Correct: 110/128 | Elapsed Time: 21.99s
2026-01-20 01:41:50,876 | INFO | Batch 350 | Loss: 0.3961 | Correct: 109/128 | Elapsed Time: 22.07s
2026-01-20 01:42:12,949 | INFO | Batch 360 | Loss: 0.2771 | Correct: 115/128 | Elapsed Time: 22.07s
2026-01-20 01:42:35,083 | INFO | Batch 370 | Loss: 0.2280 | Correct: 117/128 | Elapsed Time: 22.13s
2026-01-20 01:42:57,125 | INFO | Batch 380 | Loss: 0.2597 | Correct: 117/128 | Elapsed Time: 22.04s
2026-01-20 01:43:19,211 | INFO | Batch 390 | Loss: 0.1758 | Correct: 121/128 | Elapsed Time: 22.09s
2026-01-20 01:43:20,653 | INFO | Epoch [42/100] - Loss: 0.2674 | Correct: 45376/50000 (90.75%, 863.20s)
2026-01-20 01:44:34,493 | INFO | Validation - Loss: 0.4498 | Correct: 8535/10000 (85.35%) (73.84s)
2026-01-20 01:44:56,576 | INFO | Batch 10 | Loss: 0.1639 | Correct: 119/128 | Elapsed Time: 22.08s
2026-01-20 01:45:18,677 | INFO | Batch 20 | Loss: 0.2394 | Correct: 114/128 | Elapsed Time: 22.10s
2026-01-20 01:45:40,831 | INFO | Batch 30 | Loss: 0.2002 | Correct: 119/128 | Elapsed Time: 22.15s
2026-01-20 01:46:02,633 | INFO | Batch 40 | Loss: 0.3349 | Correct: 114/128 | Elapsed Time: 21.80s
2026-01-20 01:46:24,828 | INFO | Batch 50 | Loss: 0.3593 | Correct: 109/128 | Elapsed Time: 22.20s
2026-01-20 01:46:46,837 | INFO | Batch 60 | Loss: 0.2611 | Correct: 116/128 | Elapsed Time: 22.01s
2026-01-20 01:47:08,487 | INFO | Batch 70 | Loss: 0.2268 | Correct: 118/128 | Elapsed Time: 21.65s
2026-01-20 01:47:30,125 | INFO | Batch 80 | Loss: 0.2878 | Correct: 113/128 | Elapsed Time: 21.64s
2026-01-20 01:47:51,921 | INFO | Batch 90 | Loss: 0.2712 | Correct: 118/128 | Elapsed Time: 21.80s
2026-01-20 01:48:13,639 | INFO | Batch 100 | Loss: 0.2420 | Correct: 116/128 | Elapsed Time: 21.72s
2026-01-20 01:48:35,301 | INFO | Batch 110 | Loss: 0.1749 | Correct: 119/128 | Elapsed Time: 21.66s
2026-01-20 01:48:56,880 | INFO | Batch 120 | Loss: 0.2125 | Correct: 120/128 | Elapsed Time: 21.58s
2026-01-20 01:49:18,513 | INFO | Batch 130 | Loss: 0.2355 | Correct: 118/128 | Elapsed Time: 21.63s
2026-01-20 01:49:40,139 | INFO | Batch 140 | Loss: 0.2317 | Correct: 116/128 | Elapsed Time: 21.63s
2026-01-20 01:50:01,749 | INFO | Batch 150 | Loss: 0.2172 | Correct: 117/128 | Elapsed Time: 21.61s
2026-01-20 01:50:23,588 | INFO | Batch 160 | Loss: 0.2527 | Correct: 118/128 | Elapsed Time: 21.84s
2026-01-20 01:50:45,190 | INFO | Batch 170 | Loss: 0.2046 | Correct: 117/128 | Elapsed Time: 21.60s
2026-01-20 01:51:06,834 | INFO | Batch 180 | Loss: 0.2080 | Correct: 119/128 | Elapsed Time: 21.64s
2026-01-20 01:51:28,454 | INFO | Batch 190 | Loss: 0.2125 | Correct: 117/128 | Elapsed Time: 21.62s
2026-01-20 01:51:50,101 | INFO | Batch 200 | Loss: 0.2368 | Correct: 118/128 | Elapsed Time: 21.65s
2026-01-20 01:52:11,790 | INFO | Batch 210 | Loss: 0.4114 | Correct: 109/128 | Elapsed Time: 21.69s
2026-01-20 01:52:33,447 | INFO | Batch 220 | Loss: 0.3225 | Correct: 113/128 | Elapsed Time: 21.66s
2026-01-20 01:52:55,203 | INFO | Batch 230 | Loss: 0.2280 | Correct: 119/128 | Elapsed Time: 21.76s
2026-01-20 01:53:16,930 | INFO | Batch 240 | Loss: 0.2013 | Correct: 118/128 | Elapsed Time: 21.73s
2026-01-20 01:53:38,570 | INFO | Batch 250 | Loss: 0.3022 | Correct: 116/128 | Elapsed Time: 21.64s
2026-01-20 01:54:00,162 | INFO | Batch 260 | Loss: 0.3138 | Correct: 115/128 | Elapsed Time: 21.59s
2026-01-20 01:54:21,772 | INFO | Batch 270 | Loss: 0.3349 | Correct: 115/128 | Elapsed Time: 21.61s
2026-01-20 01:54:43,404 | INFO | Batch 280 | Loss: 0.2639 | Correct: 116/128 | Elapsed Time: 21.63s
2026-01-20 01:55:05,073 | INFO | Batch 290 | Loss: 0.1536 | Correct: 124/128 | Elapsed Time: 21.67s
2026-01-20 01:55:26,860 | INFO | Batch 300 | Loss: 0.2989 | Correct: 114/128 | Elapsed Time: 21.79s
2026-01-20 01:55:48,573 | INFO | Batch 310 | Loss: 0.3088 | Correct: 111/128 | Elapsed Time: 21.71s
2026-01-20 01:56:10,251 | INFO | Batch 320 | Loss: 0.2832 | Correct: 113/128 | Elapsed Time: 21.68s
2026-01-20 01:56:31,942 | INFO | Batch 330 | Loss: 0.2668 | Correct: 118/128 | Elapsed Time: 21.69s
2026-01-20 01:56:53,630 | INFO | Batch 340 | Loss: 0.2330 | Correct: 118/128 | Elapsed Time: 21.69s
2026-01-20 01:57:15,351 | INFO | Batch 350 | Loss: 0.1544 | Correct: 124/128 | Elapsed Time: 21.72s
2026-01-20 01:57:37,001 | INFO | Batch 360 | Loss: 0.2957 | Correct: 115/128 | Elapsed Time: 21.65s
2026-01-20 01:57:58,743 | INFO | Batch 370 | Loss: 0.2446 | Correct: 117/128 | Elapsed Time: 21.74s
2026-01-20 01:58:20,477 | INFO | Batch 380 | Loss: 0.2527 | Correct: 117/128 | Elapsed Time: 21.73s
2026-01-20 01:58:42,188 | INFO | Batch 390 | Loss: 0.3555 | Correct: 115/128 | Elapsed Time: 21.71s
2026-01-20 01:58:43,594 | INFO | Epoch [43/100] - Loss: 0.2621 | Correct: 45447/50000 (90.89%, 849.10s)
2026-01-20 01:59:55,681 | INFO | Validation - Loss: 0.4362 | Correct: 8579/10000 (85.79%) (72.09s)
2026-01-20 02:00:17,481 | INFO | Batch 10 | Loss: 0.2771 | Correct: 116/128 | Elapsed Time: 21.80s
2026-01-20 02:00:39,158 | INFO | Batch 20 | Loss: 0.2231 | Correct: 115/128 | Elapsed Time: 21.68s
2026-01-20 02:01:00,854 | INFO | Batch 30 | Loss: 0.1816 | Correct: 119/128 | Elapsed Time: 21.70s
2026-01-20 02:01:22,517 | INFO | Batch 40 | Loss: 0.2102 | Correct: 117/128 | Elapsed Time: 21.66s
2026-01-20 02:01:44,152 | INFO | Batch 50 | Loss: 0.2973 | Correct: 118/128 | Elapsed Time: 21.63s
2026-01-20 02:02:05,788 | INFO | Batch 60 | Loss: 0.2682 | Correct: 117/128 | Elapsed Time: 21.64s
2026-01-20 02:02:27,425 | INFO | Batch 70 | Loss: 0.1897 | Correct: 121/128 | Elapsed Time: 21.64s
2026-01-20 02:02:49,080 | INFO | Batch 80 | Loss: 0.1938 | Correct: 121/128 | Elapsed Time: 21.66s
2026-01-20 02:03:10,827 | INFO | Batch 90 | Loss: 0.2231 | Correct: 118/128 | Elapsed Time: 21.75s
2026-01-20 02:03:32,463 | INFO | Batch 100 | Loss: 0.1797 | Correct: 119/128 | Elapsed Time: 21.64s
2026-01-20 02:03:54,128 | INFO | Batch 110 | Loss: 0.2625 | Correct: 116/128 | Elapsed Time: 21.66s
2026-01-20 02:04:15,784 | INFO | Batch 120 | Loss: 0.1959 | Correct: 120/128 | Elapsed Time: 21.66s
2026-01-20 02:04:37,440 | INFO | Batch 130 | Loss: 0.3207 | Correct: 113/128 | Elapsed Time: 21.66s
2026-01-20 02:04:59,067 | INFO | Batch 140 | Loss: 0.2091 | Correct: 119/128 | Elapsed Time: 21.63s
2026-01-20 02:05:20,697 | INFO | Batch 150 | Loss: 0.2832 | Correct: 114/128 | Elapsed Time: 21.63s
2026-01-20 02:05:42,373 | INFO | Batch 160 | Loss: 0.2148 | Correct: 116/128 | Elapsed Time: 21.68s
2026-01-20 02:06:04,071 | INFO | Batch 170 | Loss: 0.2486 | Correct: 117/128 | Elapsed Time: 21.70s
2026-01-20 02:06:25,703 | INFO | Batch 180 | Loss: 0.1648 | Correct: 122/128 | Elapsed Time: 21.63s
2026-01-20 02:06:47,306 | INFO | Batch 190 | Loss: 0.1595 | Correct: 121/128 | Elapsed Time: 21.60s
2026-01-20 02:07:08,930 | INFO | Batch 200 | Loss: 0.2394 | Correct: 118/128 | Elapsed Time: 21.62s
2026-01-20 02:07:30,547 | INFO | Batch 210 | Loss: 0.2941 | Correct: 114/128 | Elapsed Time: 21.62s
2026-01-20 02:07:52,169 | INFO | Batch 220 | Loss: 0.2597 | Correct: 116/128 | Elapsed Time: 21.62s
2026-01-20 02:08:13,889 | INFO | Batch 230 | Loss: 0.2569 | Correct: 118/128 | Elapsed Time: 21.72s
2026-01-20 02:08:35,500 | INFO | Batch 240 | Loss: 0.2653 | Correct: 115/128 | Elapsed Time: 21.61s
2026-01-20 02:08:57,131 | INFO | Batch 250 | Loss: 0.3919 | Correct: 111/128 | Elapsed Time: 21.63s
2026-01-20 02:09:18,771 | INFO | Batch 260 | Loss: 0.2847 | Correct: 115/128 | Elapsed Time: 21.64s
2026-01-20 02:09:40,355 | INFO | Batch 270 | Loss: 0.1439 | Correct: 120/128 | Elapsed Time: 21.58s
2026-01-20 02:10:01,910 | INFO | Batch 280 | Loss: 0.2330 | Correct: 117/128 | Elapsed Time: 21.56s
2026-01-20 02:10:23,571 | INFO | Batch 290 | Loss: 0.2583 | Correct: 114/128 | Elapsed Time: 21.66s
2026-01-20 02:10:45,154 | INFO | Batch 300 | Loss: 0.2862 | Correct: 115/128 | Elapsed Time: 21.58s
2026-01-20 02:11:06,669 | INFO | Batch 310 | Loss: 0.2394 | Correct: 120/128 | Elapsed Time: 21.51s
2026-01-20 02:11:28,240 | INFO | Batch 320 | Loss: 0.3138 | Correct: 114/128 | Elapsed Time: 21.57s
2026-01-20 02:11:49,841 | INFO | Batch 330 | Loss: 0.3692 | Correct: 111/128 | Elapsed Time: 21.60s
2026-01-20 02:12:11,413 | INFO | Batch 340 | Loss: 0.3071 | Correct: 116/128 | Elapsed Time: 21.57s
2026-01-20 02:12:32,967 | INFO | Batch 350 | Loss: 0.1938 | Correct: 120/128 | Elapsed Time: 21.55s
2026-01-20 02:12:54,522 | INFO | Batch 360 | Loss: 0.3071 | Correct: 118/128 | Elapsed Time: 21.55s
2026-01-20 02:13:16,185 | INFO | Batch 370 | Loss: 0.2013 | Correct: 117/128 | Elapsed Time: 21.66s
2026-01-20 02:13:37,774 | INFO | Batch 380 | Loss: 0.2756 | Correct: 116/128 | Elapsed Time: 21.59s
2026-01-20 02:13:59,395 | INFO | Batch 390 | Loss: 0.2682 | Correct: 117/128 | Elapsed Time: 21.62s
2026-01-20 02:14:00,789 | INFO | Epoch [44/100] - Loss: 0.2591 | Correct: 45505/50000 (91.01%, 845.11s)
2026-01-20 02:15:12,577 | INFO | Validation - Loss: 0.4517 | Correct: 8527/10000 (85.27%) (71.79s)
2026-01-20 02:15:34,188 | INFO | Batch 10 | Loss: 0.2243 | Correct: 118/128 | Elapsed Time: 21.61s
2026-01-20 02:15:55,752 | INFO | Batch 20 | Loss: 0.2002 | Correct: 121/128 | Elapsed Time: 21.56s
2026-01-20 02:16:17,447 | INFO | Batch 30 | Loss: 0.3088 | Correct: 115/128 | Elapsed Time: 21.69s
2026-01-20 02:16:39,018 | INFO | Batch 40 | Loss: 0.2832 | Correct: 114/128 | Elapsed Time: 21.57s
2026-01-20 02:17:00,599 | INFO | Batch 50 | Loss: 0.1277 | Correct: 123/128 | Elapsed Time: 21.58s
2026-01-20 02:17:22,185 | INFO | Batch 60 | Loss: 0.1866 | Correct: 121/128 | Elapsed Time: 21.59s
2026-01-20 02:17:43,749 | INFO | Batch 70 | Loss: 0.2420 | Correct: 116/128 | Elapsed Time: 21.56s
2026-01-20 02:18:05,311 | INFO | Batch 80 | Loss: 0.2368 | Correct: 117/128 | Elapsed Time: 21.56s
2026-01-20 02:18:26,950 | INFO | Batch 90 | Loss: 0.2317 | Correct: 117/128 | Elapsed Time: 21.64s
2026-01-20 02:18:48,537 | INFO | Batch 100 | Loss: 0.1866 | Correct: 120/128 | Elapsed Time: 21.59s
2026-01-20 02:19:10,155 | INFO | Batch 110 | Loss: 0.2989 | Correct: 114/128 | Elapsed Time: 21.62s
2026-01-20 02:19:31,680 | INFO | Batch 120 | Loss: 0.1666 | Correct: 121/128 | Elapsed Time: 21.53s
2026-01-20 02:19:53,259 | INFO | Batch 130 | Loss: 0.3940 | Correct: 113/128 | Elapsed Time: 21.58s
2026-01-20 02:20:14,971 | INFO | Batch 140 | Loss: 0.2317 | Correct: 118/128 | Elapsed Time: 21.71s
2026-01-20 02:20:36,608 | INFO | Batch 150 | Loss: 0.2473 | Correct: 120/128 | Elapsed Time: 21.64s
2026-01-20 02:20:58,258 | INFO | Batch 160 | Loss: 0.2035 | Correct: 121/128 | Elapsed Time: 21.65s
2026-01-20 02:21:19,786 | INFO | Batch 170 | Loss: 0.2420 | Correct: 117/128 | Elapsed Time: 21.53s
2026-01-20 02:21:41,293 | INFO | Batch 180 | Loss: 0.3423 | Correct: 116/128 | Elapsed Time: 21.51s
2026-01-20 02:22:02,880 | INFO | Batch 190 | Loss: 0.3479 | Correct: 109/128 | Elapsed Time: 21.59s
2026-01-20 02:22:24,473 | INFO | Batch 200 | Loss: 0.2068 | Correct: 121/128 | Elapsed Time: 21.59s
2026-01-20 02:22:46,016 | INFO | Batch 210 | Loss: 0.2832 | Correct: 113/128 | Elapsed Time: 21.54s
2026-01-20 02:23:07,577 | INFO | Batch 220 | Loss: 0.2639 | Correct: 117/128 | Elapsed Time: 21.56s
2026-01-20 02:23:29,200 | INFO | Batch 230 | Loss: 0.3349 | Correct: 117/128 | Elapsed Time: 21.62s
2026-01-20 02:23:50,767 | INFO | Batch 240 | Loss: 0.2407 | Correct: 115/128 | Elapsed Time: 21.57s
2026-01-20 02:24:12,385 | INFO | Batch 250 | Loss: 0.2697 | Correct: 116/128 | Elapsed Time: 21.62s
2026-01-20 02:24:33,914 | INFO | Batch 260 | Loss: 0.2035 | Correct: 119/128 | Elapsed Time: 21.53s
2026-01-20 02:24:55,483 | INFO | Batch 270 | Loss: 0.2756 | Correct: 115/128 | Elapsed Time: 21.57s
2026-01-20 02:25:17,096 | INFO | Batch 280 | Loss: 0.1991 | Correct: 119/128 | Elapsed Time: 21.61s
2026-01-20 02:25:38,623 | INFO | Batch 290 | Loss: 0.2726 | Correct: 114/128 | Elapsed Time: 21.53s
2026-01-20 02:26:00,280 | INFO | Batch 300 | Loss: 0.5027 | Correct: 108/128 | Elapsed Time: 21.66s
2026-01-20 02:26:21,901 | INFO | Batch 310 | Loss: 0.2500 | Correct: 116/128 | Elapsed Time: 21.62s
2026-01-20 02:26:43,470 | INFO | Batch 320 | Loss: 0.3071 | Correct: 117/128 | Elapsed Time: 21.57s
2026-01-20 02:27:05,068 | INFO | Batch 330 | Loss: 0.2343 | Correct: 116/128 | Elapsed Time: 21.60s
2026-01-20 02:27:26,642 | INFO | Batch 340 | Loss: 0.2024 | Correct: 116/128 | Elapsed Time: 21.57s
2026-01-20 02:27:48,164 | INFO | Batch 350 | Loss: 0.4227 | Correct: 112/128 | Elapsed Time: 21.52s
2026-01-20 02:28:09,738 | INFO | Batch 360 | Loss: 0.1897 | Correct: 120/128 | Elapsed Time: 21.57s
2026-01-20 02:28:31,393 | INFO | Batch 370 | Loss: 0.1806 | Correct: 124/128 | Elapsed Time: 21.66s
2026-01-20 02:28:52,927 | INFO | Batch 380 | Loss: 0.1991 | Correct: 119/128 | Elapsed Time: 21.53s
2026-01-20 02:29:14,524 | INFO | Batch 390 | Loss: 0.2473 | Correct: 115/128 | Elapsed Time: 21.60s
2026-01-20 02:29:15,925 | INFO | Epoch [45/100] - Loss: 0.2561 | Correct: 45526/50000 (91.05%, 843.35s)
2026-01-20 02:30:27,472 | INFO | Validation - Loss: 0.4479 | Correct: 8566/10000 (85.66%) (71.55s)
2026-01-20 02:30:49,001 | INFO | Batch 10 | Loss: 0.1907 | Correct: 122/128 | Elapsed Time: 21.53s
2026-01-20 02:31:10,597 | INFO | Batch 20 | Loss: 0.2433 | Correct: 115/128 | Elapsed Time: 21.60s
2026-01-20 02:31:32,261 | INFO | Batch 30 | Loss: 0.2639 | Correct: 118/128 | Elapsed Time: 21.66s
2026-01-20 02:31:53,809 | INFO | Batch 40 | Loss: 0.2172 | Correct: 119/128 | Elapsed Time: 21.55s
2026-01-20 02:32:15,421 | INFO | Batch 50 | Loss: 0.2207 | Correct: 115/128 | Elapsed Time: 21.61s
2026-01-20 02:32:36,919 | INFO | Batch 60 | Loss: 0.1777 | Correct: 121/128 | Elapsed Time: 21.50s
2026-01-20 02:32:58,412 | INFO | Batch 70 | Loss: 0.1866 | Correct: 117/128 | Elapsed Time: 21.49s
2026-01-20 02:33:19,980 | INFO | Batch 80 | Loss: 0.1928 | Correct: 118/128 | Elapsed Time: 21.57s
2026-01-20 02:33:41,594 | INFO | Batch 90 | Loss: 0.2756 | Correct: 118/128 | Elapsed Time: 21.61s
2026-01-20 02:34:03,170 | INFO | Batch 100 | Loss: 0.2682 | Correct: 115/128 | Elapsed Time: 21.58s
2026-01-20 02:34:24,761 | INFO | Batch 110 | Loss: 0.1897 | Correct: 118/128 | Elapsed Time: 21.59s
2026-01-20 02:34:46,276 | INFO | Batch 120 | Loss: 0.2500 | Correct: 114/128 | Elapsed Time: 21.52s
2026-01-20 02:35:07,815 | INFO | Batch 130 | Loss: 0.3038 | Correct: 114/128 | Elapsed Time: 21.54s
2026-01-20 02:35:29,360 | INFO | Batch 140 | Loss: 0.2847 | Correct: 112/128 | Elapsed Time: 21.54s
2026-01-20 02:35:50,902 | INFO | Batch 150 | Loss: 0.3423 | Correct: 113/128 | Elapsed Time: 21.54s
2026-01-20 02:36:12,526 | INFO | Batch 160 | Loss: 0.2433 | Correct: 118/128 | Elapsed Time: 21.62s
2026-01-20 02:36:34,079 | INFO | Batch 170 | Loss: 0.2114 | Correct: 120/128 | Elapsed Time: 21.55s
2026-01-20 02:36:55,646 | INFO | Batch 180 | Loss: 0.3138 | Correct: 114/128 | Elapsed Time: 21.57s
2026-01-20 02:37:17,261 | INFO | Batch 190 | Loss: 0.3038 | Correct: 113/128 | Elapsed Time: 21.61s
2026-01-20 02:37:38,822 | INFO | Batch 200 | Loss: 0.2102 | Correct: 117/128 | Elapsed Time: 21.56s
2026-01-20 02:38:00,349 | INFO | Batch 210 | Loss: 0.2555 | Correct: 117/128 | Elapsed Time: 21.53s
2026-01-20 02:38:21,941 | INFO | Batch 220 | Loss: 0.2625 | Correct: 117/128 | Elapsed Time: 21.59s
2026-01-20 02:38:43,631 | INFO | Batch 230 | Loss: 0.1826 | Correct: 120/128 | Elapsed Time: 21.69s
2026-01-20 02:39:05,176 | INFO | Batch 240 | Loss: 0.1423 | Correct: 120/128 | Elapsed Time: 21.55s
2026-01-20 02:39:26,728 | INFO | Batch 250 | Loss: 0.2862 | Correct: 117/128 | Elapsed Time: 21.55s
2026-01-20 02:39:48,240 | INFO | Batch 260 | Loss: 0.3574 | Correct: 117/128 | Elapsed Time: 21.51s
2026-01-20 02:40:09,853 | INFO | Batch 270 | Loss: 0.1907 | Correct: 121/128 | Elapsed Time: 21.61s
2026-01-20 02:40:31,440 | INFO | Batch 280 | Loss: 0.1866 | Correct: 115/128 | Elapsed Time: 21.59s
2026-01-20 02:40:52,979 | INFO | Batch 290 | Loss: 0.2330 | Correct: 117/128 | Elapsed Time: 21.54s
2026-01-20 02:41:14,639 | INFO | Batch 300 | Loss: 0.3349 | Correct: 111/128 | Elapsed Time: 21.66s
2026-01-20 02:41:36,149 | INFO | Batch 310 | Loss: 0.2355 | Correct: 117/128 | Elapsed Time: 21.51s
2026-01-20 02:41:57,706 | INFO | Batch 320 | Loss: 0.2726 | Correct: 116/128 | Elapsed Time: 21.56s
2026-01-20 02:42:19,280 | INFO | Batch 330 | Loss: 0.3423 | Correct: 113/128 | Elapsed Time: 21.57s
2026-01-20 02:42:40,825 | INFO | Batch 340 | Loss: 0.2597 | Correct: 117/128 | Elapsed Time: 21.54s
2026-01-20 02:43:02,355 | INFO | Batch 350 | Loss: 0.2137 | Correct: 118/128 | Elapsed Time: 21.53s
2026-01-20 02:43:23,915 | INFO | Batch 360 | Loss: 0.2625 | Correct: 119/128 | Elapsed Time: 21.56s
2026-01-20 02:43:45,514 | INFO | Batch 370 | Loss: 0.2639 | Correct: 115/128 | Elapsed Time: 21.60s
2026-01-20 02:44:07,091 | INFO | Batch 380 | Loss: 0.3055 | Correct: 120/128 | Elapsed Time: 21.58s
2026-01-20 02:44:28,625 | INFO | Batch 390 | Loss: 0.2909 | Correct: 117/128 | Elapsed Time: 21.53s
2026-01-20 02:44:30,029 | INFO | Epoch [46/100] - Loss: 0.2538 | Correct: 45520/50000 (91.04%, 842.55s)
2026-01-20 02:45:41,554 | INFO | Validation - Loss: 0.4763 | Correct: 8444/10000 (84.44%) (71.52s)
2026-01-20 02:46:03,171 | INFO | Batch 10 | Loss: 0.2460 | Correct: 115/128 | Elapsed Time: 21.61s
2026-01-20 02:46:24,759 | INFO | Batch 20 | Loss: 0.1897 | Correct: 116/128 | Elapsed Time: 21.59s
2026-01-20 02:46:46,371 | INFO | Batch 30 | Loss: 0.1991 | Correct: 120/128 | Elapsed Time: 21.61s
2026-01-20 02:47:07,947 | INFO | Batch 40 | Loss: 0.2068 | Correct: 117/128 | Elapsed Time: 21.58s
2026-01-20 02:47:29,531 | INFO | Batch 50 | Loss: 0.1826 | Correct: 119/128 | Elapsed Time: 21.58s
2026-01-20 02:47:51,120 | INFO | Batch 60 | Loss: 0.2569 | Correct: 119/128 | Elapsed Time: 21.59s
2026-01-20 02:48:12,710 | INFO | Batch 70 | Loss: 0.1257 | Correct: 120/128 | Elapsed Time: 21.59s
2026-01-20 02:48:34,269 | INFO | Batch 80 | Loss: 0.1787 | Correct: 122/128 | Elapsed Time: 21.56s
2026-01-20 02:48:55,929 | INFO | Batch 90 | Loss: 0.1787 | Correct: 122/128 | Elapsed Time: 21.66s
2026-01-20 02:49:17,530 | INFO | Batch 100 | Loss: 0.3022 | Correct: 112/128 | Elapsed Time: 21.60s
2026-01-20 02:49:39,091 | INFO | Batch 110 | Loss: 0.2500 | Correct: 116/128 | Elapsed Time: 21.56s
2026-01-20 02:50:00,674 | INFO | Batch 120 | Loss: 0.2514 | Correct: 118/128 | Elapsed Time: 21.58s
2026-01-20 02:50:22,338 | INFO | Batch 130 | Loss: 0.3516 | Correct: 112/128 | Elapsed Time: 21.66s
2026-01-20 02:50:43,867 | INFO | Batch 140 | Loss: 0.2771 | Correct: 121/128 | Elapsed Time: 21.53s
2026-01-20 02:51:05,495 | INFO | Batch 150 | Loss: 0.1981 | Correct: 120/128 | Elapsed Time: 21.63s
2026-01-20 02:51:27,165 | INFO | Batch 160 | Loss: 0.2847 | Correct: 115/128 | Elapsed Time: 21.67s
2026-01-20 02:51:48,724 | INFO | Batch 170 | Loss: 0.2305 | Correct: 117/128 | Elapsed Time: 21.56s
2026-01-20 02:52:10,272 | INFO | Batch 180 | Loss: 0.1312 | Correct: 121/128 | Elapsed Time: 21.55s
2026-01-20 02:52:31,826 | INFO | Batch 190 | Loss: 0.3856 | Correct: 112/128 | Elapsed Time: 21.55s
2026-01-20 02:52:53,407 | INFO | Batch 200 | Loss: 0.1768 | Correct: 122/128 | Elapsed Time: 21.58s
2026-01-20 02:53:14,996 | INFO | Batch 210 | Loss: 0.3038 | Correct: 114/128 | Elapsed Time: 21.59s
2026-01-20 02:53:36,513 | INFO | Batch 220 | Loss: 0.2256 | Correct: 116/128 | Elapsed Time: 21.52s
2026-01-20 02:53:58,139 | INFO | Batch 230 | Loss: 0.3793 | Correct: 113/128 | Elapsed Time: 21.63s
2026-01-20 02:54:19,694 | INFO | Batch 240 | Loss: 0.2080 | Correct: 118/128 | Elapsed Time: 21.55s
2026-01-20 02:54:41,155 | INFO | Batch 250 | Loss: 0.2611 | Correct: 116/128 | Elapsed Time: 21.46s
2026-01-20 02:55:02,660 | INFO | Batch 260 | Loss: 0.2555 | Correct: 118/128 | Elapsed Time: 21.50s
2026-01-20 02:55:24,169 | INFO | Batch 270 | Loss: 0.3404 | Correct: 116/128 | Elapsed Time: 21.51s
2026-01-20 02:55:45,729 | INFO | Batch 280 | Loss: 0.2080 | Correct: 120/128 | Elapsed Time: 21.56s
2026-01-20 02:56:07,285 | INFO | Batch 290 | Loss: 0.3574 | Correct: 113/128 | Elapsed Time: 21.56s
2026-01-20 02:56:28,942 | INFO | Batch 300 | Loss: 0.3105 | Correct: 113/128 | Elapsed Time: 21.66s
2026-01-20 02:56:50,485 | INFO | Batch 310 | Loss: 0.3536 | Correct: 111/128 | Elapsed Time: 21.54s
2026-01-20 02:57:12,039 | INFO | Batch 320 | Loss: 0.2433 | Correct: 117/128 | Elapsed Time: 21.55s
2026-01-20 02:57:33,603 | INFO | Batch 330 | Loss: 0.1981 | Correct: 119/128 | Elapsed Time: 21.56s
2026-01-20 02:57:55,136 | INFO | Batch 340 | Loss: 0.3367 | Correct: 115/128 | Elapsed Time: 21.53s
2026-01-20 02:58:16,728 | INFO | Batch 350 | Loss: 0.3313 | Correct: 117/128 | Elapsed Time: 21.59s
2026-01-20 02:58:38,291 | INFO | Batch 360 | Loss: 0.2207 | Correct: 117/128 | Elapsed Time: 21.56s
2026-01-20 02:58:59,944 | INFO | Batch 370 | Loss: 0.2460 | Correct: 120/128 | Elapsed Time: 21.65s
2026-01-20 02:59:21,510 | INFO | Batch 380 | Loss: 0.2569 | Correct: 117/128 | Elapsed Time: 21.57s
2026-01-20 02:59:43,036 | INFO | Batch 390 | Loss: 0.2368 | Correct: 115/128 | Elapsed Time: 21.53s
2026-01-20 02:59:44,435 | INFO | Epoch [47/100] - Loss: 0.2535 | Correct: 45545/50000 (91.09%, 842.88s)
2026-01-20 03:00:56,140 | INFO | Validation - Loss: 0.5272 | Correct: 8360/10000 (83.60%) (71.70s)
2026-01-20 03:01:17,789 | INFO | Batch 10 | Loss: 0.2280 | Correct: 120/128 | Elapsed Time: 21.65s
2026-01-20 03:01:39,328 | INFO | Batch 20 | Loss: 0.1487 | Correct: 122/128 | Elapsed Time: 21.54s
2026-01-20 03:02:00,910 | INFO | Batch 30 | Loss: 0.2712 | Correct: 114/128 | Elapsed Time: 21.58s
2026-01-20 03:02:22,475 | INFO | Batch 40 | Loss: 0.1826 | Correct: 121/128 | Elapsed Time: 21.56s
2026-01-20 03:02:44,053 | INFO | Batch 50 | Loss: 0.2343 | Correct: 119/128 | Elapsed Time: 21.58s
2026-01-20 03:03:05,644 | INFO | Batch 60 | Loss: 0.3497 | Correct: 112/128 | Elapsed Time: 21.59s
2026-01-20 03:03:27,190 | INFO | Batch 70 | Loss: 0.2460 | Correct: 117/128 | Elapsed Time: 21.55s
2026-01-20 03:03:48,758 | INFO | Batch 80 | Loss: 0.1639 | Correct: 120/128 | Elapsed Time: 21.57s
2026-01-20 03:04:10,406 | INFO | Batch 90 | Loss: 0.1739 | Correct: 119/128 | Elapsed Time: 21.65s
2026-01-20 03:04:31,959 | INFO | Batch 100 | Loss: 0.3295 | Correct: 114/128 | Elapsed Time: 21.55s
2026-01-20 03:04:53,507 | INFO | Batch 110 | Loss: 0.2433 | Correct: 116/128 | Elapsed Time: 21.55s
2026-01-20 03:05:15,124 | INFO | Batch 120 | Loss: 0.4297 | Correct: 106/128 | Elapsed Time: 21.62s
2026-01-20 03:05:36,726 | INFO | Batch 130 | Loss: 0.3277 | Correct: 113/128 | Elapsed Time: 21.60s
2026-01-20 03:05:58,357 | INFO | Batch 140 | Loss: 0.2148 | Correct: 118/128 | Elapsed Time: 21.63s
2026-01-20 03:06:19,999 | INFO | Batch 150 | Loss: 0.3555 | Correct: 114/128 | Elapsed Time: 21.64s
2026-01-20 03:06:41,768 | INFO | Batch 160 | Loss: 0.3155 | Correct: 114/128 | Elapsed Time: 21.77s
2026-01-20 03:07:03,416 | INFO | Batch 170 | Loss: 0.3038 | Correct: 115/128 | Elapsed Time: 21.65s
2026-01-20 03:07:25,005 | INFO | Batch 180 | Loss: 0.2280 | Correct: 117/128 | Elapsed Time: 21.59s
2026-01-20 03:07:46,575 | INFO | Batch 190 | Loss: 0.3349 | Correct: 115/128 | Elapsed Time: 21.57s
2026-01-20 03:08:08,219 | INFO | Batch 200 | Loss: 0.2555 | Correct: 116/128 | Elapsed Time: 21.64s
2026-01-20 03:08:29,796 | INFO | Batch 210 | Loss: 0.2801 | Correct: 114/128 | Elapsed Time: 21.58s
2026-01-20 03:08:51,393 | INFO | Batch 220 | Loss: 0.3155 | Correct: 112/128 | Elapsed Time: 21.60s
2026-01-20 03:09:13,115 | INFO | Batch 230 | Loss: 0.2569 | Correct: 117/128 | Elapsed Time: 21.72s
2026-01-20 03:09:34,702 | INFO | Batch 240 | Loss: 0.1604 | Correct: 122/128 | Elapsed Time: 21.59s
2026-01-20 03:09:56,272 | INFO | Batch 250 | Loss: 0.2057 | Correct: 119/128 | Elapsed Time: 21.57s
2026-01-20 03:10:17,933 | INFO | Batch 260 | Loss: 0.2989 | Correct: 117/128 | Elapsed Time: 21.66s
2026-01-20 03:10:39,525 | INFO | Batch 270 | Loss: 0.3173 | Correct: 113/128 | Elapsed Time: 21.59s
2026-01-20 03:11:01,233 | INFO | Batch 280 | Loss: 0.2280 | Correct: 119/128 | Elapsed Time: 21.71s
2026-01-20 03:11:22,925 | INFO | Batch 290 | Loss: 0.2080 | Correct: 117/128 | Elapsed Time: 21.69s
2026-01-20 03:11:44,648 | INFO | Batch 300 | Loss: 0.1846 | Correct: 117/128 | Elapsed Time: 21.72s
2026-01-20 03:12:06,420 | INFO | Batch 310 | Loss: 0.2195 | Correct: 118/128 | Elapsed Time: 21.77s
2026-01-20 03:12:28,136 | INFO | Batch 320 | Loss: 0.2555 | Correct: 120/128 | Elapsed Time: 21.72s
2026-01-20 03:12:49,749 | INFO | Batch 330 | Loss: 0.2486 | Correct: 116/128 | Elapsed Time: 21.61s
2026-01-20 03:13:11,357 | INFO | Batch 340 | Loss: 0.2305 | Correct: 114/128 | Elapsed Time: 21.61s
2026-01-20 03:13:33,190 | INFO | Batch 350 | Loss: 0.3479 | Correct: 111/128 | Elapsed Time: 21.83s
2026-01-20 03:13:54,781 | INFO | Batch 360 | Loss: 0.2243 | Correct: 114/128 | Elapsed Time: 21.59s
2026-01-20 03:14:16,508 | INFO | Batch 370 | Loss: 0.3173 | Correct: 116/128 | Elapsed Time: 21.73s
2026-01-20 03:14:38,148 | INFO | Batch 380 | Loss: 0.2195 | Correct: 121/128 | Elapsed Time: 21.64s
2026-01-20 03:14:59,924 | INFO | Batch 390 | Loss: 0.2195 | Correct: 116/128 | Elapsed Time: 21.78s
2026-01-20 03:15:01,328 | INFO | Epoch [48/100] - Loss: 0.2490 | Correct: 45636/50000 (91.27%, 845.19s)
2026-01-20 03:16:13,485 | INFO | Validation - Loss: 0.4753 | Correct: 8427/10000 (84.27%) (72.16s)
2026-01-20 03:16:35,238 | INFO | Batch 10 | Loss: 0.1991 | Correct: 120/128 | Elapsed Time: 21.75s
2026-01-20 03:16:56,858 | INFO | Batch 20 | Loss: 0.1612 | Correct: 121/128 | Elapsed Time: 21.62s
2026-01-20 03:17:18,536 | INFO | Batch 30 | Loss: 0.1739 | Correct: 119/128 | Elapsed Time: 21.68s
2026-01-20 03:17:40,132 | INFO | Batch 40 | Loss: 0.2500 | Correct: 115/128 | Elapsed Time: 21.60s
2026-01-20 03:18:01,764 | INFO | Batch 50 | Loss: 0.2091 | Correct: 120/128 | Elapsed Time: 21.63s
2026-01-20 03:18:23,487 | INFO | Batch 60 | Loss: 0.1648 | Correct: 123/128 | Elapsed Time: 21.72s
2026-01-20 03:18:45,104 | INFO | Batch 70 | Loss: 0.2305 | Correct: 118/128 | Elapsed Time: 21.62s
2026-01-20 03:19:06,735 | INFO | Batch 80 | Loss: 0.1768 | Correct: 119/128 | Elapsed Time: 21.63s
2026-01-20 03:19:28,451 | INFO | Batch 90 | Loss: 0.1630 | Correct: 119/128 | Elapsed Time: 21.72s
2026-01-20 03:19:50,039 | INFO | Batch 100 | Loss: 0.2137 | Correct: 117/128 | Elapsed Time: 21.59s
2026-01-20 03:20:11,760 | INFO | Batch 110 | Loss: 0.2256 | Correct: 121/128 | Elapsed Time: 21.72s
2026-01-20 03:20:33,441 | INFO | Batch 120 | Loss: 0.2668 | Correct: 116/128 | Elapsed Time: 21.68s
2026-01-20 03:20:55,008 | INFO | Batch 130 | Loss: 0.1836 | Correct: 118/128 | Elapsed Time: 21.57s
2026-01-20 03:21:16,639 | INFO | Batch 140 | Loss: 0.3190 | Correct: 115/128 | Elapsed Time: 21.63s
2026-01-20 03:21:38,190 | INFO | Batch 150 | Loss: 0.1836 | Correct: 121/128 | Elapsed Time: 21.55s
2026-01-20 03:21:59,890 | INFO | Batch 160 | Loss: 0.2847 | Correct: 114/128 | Elapsed Time: 21.70s
2026-01-20 03:22:21,683 | INFO | Batch 170 | Loss: 0.3349 | Correct: 110/128 | Elapsed Time: 21.79s
2026-01-20 03:22:43,309 | INFO | Batch 180 | Loss: 0.2125 | Correct: 117/128 | Elapsed Time: 21.63s
2026-01-20 03:23:04,967 | INFO | Batch 190 | Loss: 0.1836 | Correct: 119/128 | Elapsed Time: 21.66s
2026-01-20 03:23:26,623 | INFO | Batch 200 | Loss: 0.2256 | Correct: 120/128 | Elapsed Time: 21.66s
2026-01-20 03:23:48,320 | INFO | Batch 210 | Loss: 0.1423 | Correct: 121/128 | Elapsed Time: 21.70s
2026-01-20 03:24:10,026 | INFO | Batch 220 | Loss: 0.2013 | Correct: 118/128 | Elapsed Time: 21.71s
2026-01-20 03:24:31,827 | INFO | Batch 230 | Loss: 0.2137 | Correct: 117/128 | Elapsed Time: 21.80s
2026-01-20 03:24:53,536 | INFO | Batch 240 | Loss: 0.2847 | Correct: 116/128 | Elapsed Time: 21.71s
2026-01-20 03:25:15,325 | INFO | Batch 250 | Loss: 0.4137 | Correct: 106/128 | Elapsed Time: 21.79s
2026-01-20 03:25:37,019 | INFO | Batch 260 | Loss: 0.1348 | Correct: 120/128 | Elapsed Time: 21.69s
2026-01-20 03:25:58,724 | INFO | Batch 270 | Loss: 0.2420 | Correct: 118/128 | Elapsed Time: 21.71s
2026-01-20 03:26:20,520 | INFO | Batch 280 | Loss: 0.3331 | Correct: 115/128 | Elapsed Time: 21.80s
2026-01-20 03:26:42,245 | INFO | Batch 290 | Loss: 0.2080 | Correct: 120/128 | Elapsed Time: 21.73s
2026-01-20 03:27:04,118 | INFO | Batch 300 | Loss: 0.2381 | Correct: 116/128 | Elapsed Time: 21.87s
2026-01-20 03:27:25,813 | INFO | Batch 310 | Loss: 0.3207 | Correct: 116/128 | Elapsed Time: 21.70s
2026-01-20 03:27:47,529 | INFO | Batch 320 | Loss: 0.4182 | Correct: 110/128 | Elapsed Time: 21.72s
2026-01-20 03:28:09,245 | INFO | Batch 330 | Loss: 0.3479 | Correct: 116/128 | Elapsed Time: 21.72s
2026-01-20 03:28:31,044 | INFO | Batch 340 | Loss: 0.2172 | Correct: 121/128 | Elapsed Time: 21.80s
2026-01-20 03:28:52,803 | INFO | Batch 350 | Loss: 0.1907 | Correct: 120/128 | Elapsed Time: 21.76s
2026-01-20 03:29:14,552 | INFO | Batch 360 | Loss: 0.2771 | Correct: 116/128 | Elapsed Time: 21.75s
2026-01-20 03:29:36,464 | INFO | Batch 370 | Loss: 0.3071 | Correct: 112/128 | Elapsed Time: 21.91s
2026-01-20 03:29:58,223 | INFO | Batch 380 | Loss: 0.1876 | Correct: 119/128 | Elapsed Time: 21.76s
2026-01-20 03:30:20,109 | INFO | Batch 390 | Loss: 0.2653 | Correct: 115/128 | Elapsed Time: 21.89s
2026-01-20 03:30:21,532 | INFO | Epoch [49/100] - Loss: 0.2437 | Correct: 45788/50000 (91.58%, 848.04s)
2026-01-20 03:31:33,940 | INFO | Validation - Loss: 0.4560 | Correct: 8522/10000 (85.22%) (72.41s)
2026-01-20 03:31:55,722 | INFO | Batch 10 | Loss: 0.2569 | Correct: 115/128 | Elapsed Time: 21.78s
2026-01-20 03:32:17,501 | INFO | Batch 20 | Loss: 0.1949 | Correct: 118/128 | Elapsed Time: 21.78s
2026-01-20 03:32:39,297 | INFO | Batch 30 | Loss: 0.2172 | Correct: 118/128 | Elapsed Time: 21.80s
2026-01-20 03:33:01,005 | INFO | Batch 40 | Loss: 0.2394 | Correct: 119/128 | Elapsed Time: 21.71s
2026-01-20 03:33:22,719 | INFO | Batch 50 | Loss: 0.1897 | Correct: 120/128 | Elapsed Time: 21.71s
2026-01-20 03:33:44,422 | INFO | Batch 60 | Loss: 0.3732 | Correct: 110/128 | Elapsed Time: 21.70s
2026-01-20 03:34:06,191 | INFO | Batch 70 | Loss: 0.3138 | Correct: 112/128 | Elapsed Time: 21.77s
2026-01-20 03:34:27,953 | INFO | Batch 80 | Loss: 0.3386 | Correct: 110/128 | Elapsed Time: 21.76s
2026-01-20 03:34:49,812 | INFO | Batch 90 | Loss: 0.2068 | Correct: 118/128 | Elapsed Time: 21.86s
2026-01-20 03:35:11,603 | INFO | Batch 100 | Loss: 0.2786 | Correct: 116/128 | Elapsed Time: 21.79s
2026-01-20 03:35:33,326 | INFO | Batch 110 | Loss: 0.4004 | Correct: 110/128 | Elapsed Time: 21.72s
2026-01-20 03:35:55,059 | INFO | Batch 120 | Loss: 0.2317 | Correct: 121/128 | Elapsed Time: 21.73s
2026-01-20 03:36:16,808 | INFO | Batch 130 | Loss: 0.3295 | Correct: 114/128 | Elapsed Time: 21.75s
2026-01-20 03:36:38,546 | INFO | Batch 140 | Loss: 0.2668 | Correct: 119/128 | Elapsed Time: 21.74s
2026-01-20 03:37:00,346 | INFO | Batch 150 | Loss: 0.1907 | Correct: 120/128 | Elapsed Time: 21.80s
2026-01-20 03:37:22,206 | INFO | Batch 160 | Loss: 0.2024 | Correct: 117/128 | Elapsed Time: 21.86s
2026-01-20 03:37:43,951 | INFO | Batch 170 | Loss: 0.2091 | Correct: 118/128 | Elapsed Time: 21.75s
2026-01-20 03:38:05,700 | INFO | Batch 180 | Loss: 0.2756 | Correct: 116/128 | Elapsed Time: 21.75s
2026-01-20 03:38:27,437 | INFO | Batch 190 | Loss: 0.2862 | Correct: 114/128 | Elapsed Time: 21.74s
2026-01-20 03:38:49,177 | INFO | Batch 200 | Loss: 0.2137 | Correct: 119/128 | Elapsed Time: 21.74s
2026-01-20 03:39:10,806 | INFO | Batch 210 | Loss: 0.2514 | Correct: 119/128 | Elapsed Time: 21.63s
2026-01-20 03:39:32,452 | INFO | Batch 220 | Loss: 0.2343 | Correct: 118/128 | Elapsed Time: 21.65s
2026-01-20 03:39:54,257 | INFO | Batch 230 | Loss: 0.3242 | Correct: 111/128 | Elapsed Time: 21.81s
2026-01-20 03:40:16,078 | INFO | Batch 240 | Loss: 0.3173 | Correct: 114/128 | Elapsed Time: 21.82s
2026-01-20 03:40:37,778 | INFO | Batch 250 | Loss: 0.3225 | Correct: 114/128 | Elapsed Time: 21.70s
2026-01-20 03:40:59,485 | INFO | Batch 260 | Loss: 0.3207 | Correct: 113/128 | Elapsed Time: 21.71s
2026-01-20 03:41:21,279 | INFO | Batch 270 | Loss: 0.3613 | Correct: 113/128 | Elapsed Time: 21.79s
2026-01-20 03:41:42,990 | INFO | Batch 280 | Loss: 0.2639 | Correct: 115/128 | Elapsed Time: 21.71s
2026-01-20 03:42:04,748 | INFO | Batch 290 | Loss: 0.3404 | Correct: 116/128 | Elapsed Time: 21.76s
2026-01-20 03:42:26,555 | INFO | Batch 300 | Loss: 0.2639 | Correct: 116/128 | Elapsed Time: 21.81s
2026-01-20 03:42:48,292 | INFO | Batch 310 | Loss: 0.2080 | Correct: 119/128 | Elapsed Time: 21.74s
2026-01-20 03:43:10,061 | INFO | Batch 320 | Loss: 0.2941 | Correct: 115/128 | Elapsed Time: 21.77s
2026-01-20 03:43:31,777 | INFO | Batch 330 | Loss: 0.3633 | Correct: 109/128 | Elapsed Time: 21.72s
2026-01-20 03:43:53,508 | INFO | Batch 340 | Loss: 0.1527 | Correct: 122/128 | Elapsed Time: 21.73s
2026-01-20 03:44:15,257 | INFO | Batch 350 | Loss: 0.1586 | Correct: 123/128 | Elapsed Time: 21.75s
2026-01-20 03:44:36,955 | INFO | Batch 360 | Loss: 0.3038 | Correct: 115/128 | Elapsed Time: 21.70s
2026-01-20 03:44:58,723 | INFO | Batch 370 | Loss: 0.2786 | Correct: 114/128 | Elapsed Time: 21.77s
2026-01-20 03:45:20,420 | INFO | Batch 380 | Loss: 0.2080 | Correct: 118/128 | Elapsed Time: 21.70s
2026-01-20 03:45:42,060 | INFO | Batch 390 | Loss: 0.2057 | Correct: 116/128 | Elapsed Time: 21.64s
2026-01-20 03:45:43,507 | INFO | Epoch [50/100] - Loss: 0.2472 | Correct: 45713/50000 (91.43%, 849.57s)
2026-01-20 03:46:55,770 | INFO | Validation - Loss: 0.4417 | Correct: 8551/10000 (85.51%) (72.26s)
2026-01-20 03:47:17,534 | INFO | Batch 10 | Loss: 0.1907 | Correct: 118/128 | Elapsed Time: 21.76s
2026-01-20 03:47:39,270 | INFO | Batch 20 | Loss: 0.1721 | Correct: 122/128 | Elapsed Time: 21.74s
2026-01-20 03:48:01,081 | INFO | Batch 30 | Loss: 0.1431 | Correct: 123/128 | Elapsed Time: 21.81s
2026-01-20 03:48:22,799 | INFO | Batch 40 | Loss: 0.2207 | Correct: 122/128 | Elapsed Time: 21.72s
2026-01-20 03:48:44,543 | INFO | Batch 50 | Loss: 0.1917 | Correct: 117/128 | Elapsed Time: 21.74s
2026-01-20 03:49:06,248 | INFO | Batch 60 | Loss: 0.1612 | Correct: 118/128 | Elapsed Time: 21.71s
2026-01-20 03:49:27,938 | INFO | Batch 70 | Loss: 0.1527 | Correct: 118/128 | Elapsed Time: 21.69s
2026-01-20 03:49:49,636 | INFO | Batch 80 | Loss: 0.1897 | Correct: 119/128 | Elapsed Time: 21.70s
2026-01-20 03:50:11,530 | INFO | Batch 90 | Loss: 0.1657 | Correct: 120/128 | Elapsed Time: 21.89s
2026-01-20 03:50:33,259 | INFO | Batch 100 | Loss: 0.1569 | Correct: 121/128 | Elapsed Time: 21.73s
2026-01-20 03:50:54,955 | INFO | Batch 110 | Loss: 0.1806 | Correct: 120/128 | Elapsed Time: 21.70s
2026-01-20 03:51:16,747 | INFO | Batch 120 | Loss: 0.2114 | Correct: 122/128 | Elapsed Time: 21.79s
2026-01-20 03:51:38,438 | INFO | Batch 130 | Loss: 0.2231 | Correct: 117/128 | Elapsed Time: 21.69s
2026-01-20 03:52:00,128 | INFO | Batch 140 | Loss: 0.2172 | Correct: 119/128 | Elapsed Time: 21.69s
2026-01-20 03:52:21,828 | INFO | Batch 150 | Loss: 0.2486 | Correct: 118/128 | Elapsed Time: 21.70s
2026-01-20 03:52:43,629 | INFO | Batch 160 | Loss: 0.2002 | Correct: 119/128 | Elapsed Time: 21.80s
2026-01-20 03:53:05,354 | INFO | Batch 170 | Loss: 0.1320 | Correct: 121/128 | Elapsed Time: 21.72s
2026-01-20 03:53:27,060 | INFO | Batch 180 | Loss: 0.1938 | Correct: 121/128 | Elapsed Time: 21.71s
2026-01-20 03:53:48,777 | INFO | Batch 190 | Loss: 0.1970 | Correct: 116/128 | Elapsed Time: 21.72s
2026-01-20 03:54:10,587 | INFO | Batch 200 | Loss: 0.2771 | Correct: 116/128 | Elapsed Time: 21.81s
2026-01-20 03:54:32,322 | INFO | Batch 210 | Loss: 0.1128 | Correct: 123/128 | Elapsed Time: 21.74s
2026-01-20 03:54:54,049 | INFO | Batch 220 | Loss: 0.1657 | Correct: 120/128 | Elapsed Time: 21.73s
2026-01-20 03:55:15,900 | INFO | Batch 230 | Loss: 0.1693 | Correct: 121/128 | Elapsed Time: 21.85s
2026-01-20 03:55:37,619 | INFO | Batch 240 | Loss: 0.2894 | Correct: 115/128 | Elapsed Time: 21.72s
2026-01-20 03:55:59,350 | INFO | Batch 250 | Loss: 0.2102 | Correct: 120/128 | Elapsed Time: 21.73s
2026-01-20 03:56:21,163 | INFO | Batch 260 | Loss: 0.1684 | Correct: 118/128 | Elapsed Time: 21.81s
2026-01-20 03:56:42,870 | INFO | Batch 270 | Loss: 0.1146 | Correct: 123/128 | Elapsed Time: 21.71s
2026-01-20 03:57:04,660 | INFO | Batch 280 | Loss: 0.1959 | Correct: 118/128 | Elapsed Time: 21.79s
2026-01-20 03:57:26,421 | INFO | Batch 290 | Loss: 0.1536 | Correct: 122/128 | Elapsed Time: 21.76s
2026-01-20 03:57:48,256 | INFO | Batch 300 | Loss: 0.1086 | Correct: 124/128 | Elapsed Time: 21.84s
2026-01-20 03:58:10,041 | INFO | Batch 310 | Loss: 0.1928 | Correct: 121/128 | Elapsed Time: 21.78s
2026-01-20 03:58:31,745 | INFO | Batch 320 | Loss: 0.2256 | Correct: 119/128 | Elapsed Time: 21.70s
2026-01-20 03:58:53,492 | INFO | Batch 330 | Loss: 0.2756 | Correct: 118/128 | Elapsed Time: 21.75s
2026-01-20 03:59:15,289 | INFO | Batch 340 | Loss: 0.2013 | Correct: 121/128 | Elapsed Time: 21.80s
2026-01-20 03:59:37,030 | INFO | Batch 350 | Loss: 0.1991 | Correct: 120/128 | Elapsed Time: 21.74s
2026-01-20 03:59:58,776 | INFO | Batch 360 | Loss: 0.2460 | Correct: 116/128 | Elapsed Time: 21.75s
2026-01-20 04:00:20,821 | INFO | Batch 370 | Loss: 0.1455 | Correct: 121/128 | Elapsed Time: 22.04s
2026-01-20 04:00:42,551 | INFO | Batch 380 | Loss: 0.1217 | Correct: 123/128 | Elapsed Time: 21.73s
2026-01-20 04:01:04,288 | INFO | Batch 390 | Loss: 0.2771 | Correct: 116/128 | Elapsed Time: 21.74s
2026-01-20 04:01:05,698 | INFO | Epoch [51/100] - Loss: 0.1883 | Correct: 46760/50000 (93.52%, 849.93s)
2026-01-20 04:02:18,121 | INFO | Validation - Loss: 0.3886 | Correct: 8741/10000 (87.41%) (72.42s)
2026-01-20 04:02:18,405 | INFO | New best model saved at epoch 51 with Top1 Acc: 87.41%
2026-01-20 04:02:40,178 | INFO | Batch 10 | Loss: 0.1074 | Correct: 122/128 | Elapsed Time: 21.77s
2026-01-20 04:03:01,855 | INFO | Batch 20 | Loss: 0.1702 | Correct: 120/128 | Elapsed Time: 21.68s
2026-01-20 04:03:23,744 | INFO | Batch 30 | Loss: 0.2114 | Correct: 121/128 | Elapsed Time: 21.89s
2026-01-20 04:03:45,470 | INFO | Batch 40 | Loss: 0.3071 | Correct: 114/128 | Elapsed Time: 21.73s
2026-01-20 04:04:07,254 | INFO | Batch 50 | Loss: 0.1595 | Correct: 121/128 | Elapsed Time: 21.78s
2026-01-20 04:04:28,970 | INFO | Batch 60 | Loss: 0.1604 | Correct: 121/128 | Elapsed Time: 21.72s
2026-01-20 04:04:50,738 | INFO | Batch 70 | Loss: 0.2256 | Correct: 118/128 | Elapsed Time: 21.77s
2026-01-20 04:05:12,495 | INFO | Batch 80 | Loss: 0.1080 | Correct: 122/128 | Elapsed Time: 21.76s
2026-01-20 04:05:34,210 | INFO | Batch 90 | Loss: 0.2486 | Correct: 116/128 | Elapsed Time: 21.71s
2026-01-20 04:05:56,025 | INFO | Batch 100 | Loss: 0.1408 | Correct: 122/128 | Elapsed Time: 21.82s
2026-01-20 04:06:17,800 | INFO | Batch 110 | Loss: 0.1455 | Correct: 123/128 | Elapsed Time: 21.78s
2026-01-20 04:06:39,534 | INFO | Batch 120 | Loss: 0.1846 | Correct: 120/128 | Elapsed Time: 21.73s
2026-01-20 04:07:01,278 | INFO | Batch 130 | Loss: 0.1401 | Correct: 120/128 | Elapsed Time: 21.74s
2026-01-20 04:07:23,026 | INFO | Batch 140 | Loss: 0.1876 | Correct: 119/128 | Elapsed Time: 21.75s
2026-01-20 04:07:44,820 | INFO | Batch 150 | Loss: 0.1595 | Correct: 123/128 | Elapsed Time: 21.79s
2026-01-20 04:08:06,544 | INFO | Batch 160 | Loss: 0.1371 | Correct: 122/128 | Elapsed Time: 21.72s
2026-01-20 04:08:28,238 | INFO | Batch 170 | Loss: 0.1305 | Correct: 121/128 | Elapsed Time: 21.69s
2026-01-20 04:08:49,946 | INFO | Batch 180 | Loss: 0.1612 | Correct: 122/128 | Elapsed Time: 21.71s
2026-01-20 04:09:11,660 | INFO | Batch 190 | Loss: 0.1739 | Correct: 121/128 | Elapsed Time: 21.71s
2026-01-20 04:09:33,416 | INFO | Batch 200 | Loss: 0.1264 | Correct: 120/128 | Elapsed Time: 21.76s
2026-01-20 04:09:55,150 | INFO | Batch 210 | Loss: 0.3005 | Correct: 113/128 | Elapsed Time: 21.73s
2026-01-20 04:10:17,011 | INFO | Batch 220 | Loss: 0.1152 | Correct: 123/128 | Elapsed Time: 21.86s
2026-01-20 04:10:38,791 | INFO | Batch 230 | Loss: 0.1243 | Correct: 120/128 | Elapsed Time: 21.78s
2026-01-20 04:11:00,485 | INFO | Batch 240 | Loss: 0.1184 | Correct: 122/128 | Elapsed Time: 21.69s
2026-01-20 04:11:22,206 | INFO | Batch 250 | Loss: 0.1385 | Correct: 122/128 | Elapsed Time: 21.72s
2026-01-20 04:11:43,944 | INFO | Batch 260 | Loss: 0.2243 | Correct: 119/128 | Elapsed Time: 21.74s
2026-01-20 04:12:05,623 | INFO | Batch 270 | Loss: 0.0747 | Correct: 125/128 | Elapsed Time: 21.68s
2026-01-20 04:12:27,300 | INFO | Batch 280 | Loss: 0.1846 | Correct: 120/128 | Elapsed Time: 21.68s
2026-01-20 04:12:49,161 | INFO | Batch 290 | Loss: 0.2555 | Correct: 118/128 | Elapsed Time: 21.86s
2026-01-20 04:13:10,859 | INFO | Batch 300 | Loss: 0.1243 | Correct: 122/128 | Elapsed Time: 21.70s
2026-01-20 04:13:32,599 | INFO | Batch 310 | Loss: 0.1777 | Correct: 118/128 | Elapsed Time: 21.74s
2026-01-20 04:13:54,285 | INFO | Batch 320 | Loss: 0.1758 | Correct: 121/128 | Elapsed Time: 21.69s
2026-01-20 04:14:15,994 | INFO | Batch 330 | Loss: 0.1595 | Correct: 122/128 | Elapsed Time: 21.71s
2026-01-20 04:14:37,709 | INFO | Batch 340 | Loss: 0.1305 | Correct: 123/128 | Elapsed Time: 21.72s
2026-01-20 04:14:59,363 | INFO | Batch 350 | Loss: 0.2080 | Correct: 120/128 | Elapsed Time: 21.65s
2026-01-20 04:15:21,195 | INFO | Batch 360 | Loss: 0.2148 | Correct: 118/128 | Elapsed Time: 21.83s
2026-01-20 04:15:42,908 | INFO | Batch 370 | Loss: 0.1341 | Correct: 123/128 | Elapsed Time: 21.71s
2026-01-20 04:16:04,699 | INFO | Batch 380 | Loss: 0.2330 | Correct: 119/128 | Elapsed Time: 21.79s
2026-01-20 04:16:26,401 | INFO | Batch 390 | Loss: 0.1949 | Correct: 119/128 | Elapsed Time: 21.70s
2026-01-20 04:16:27,815 | INFO | Epoch [52/100] - Loss: 0.1656 | Correct: 47109/50000 (94.22%, 849.41s)
2026-01-20 04:17:40,122 | INFO | Validation - Loss: 0.3821 | Correct: 8786/10000 (87.86%) (72.31s)
2026-01-20 04:17:40,427 | INFO | New best model saved at epoch 52 with Top1 Acc: 87.86%
2026-01-20 04:18:02,146 | INFO | Batch 10 | Loss: 0.1277 | Correct: 124/128 | Elapsed Time: 21.72s
2026-01-20 04:18:23,907 | INFO | Batch 20 | Loss: 0.1270 | Correct: 121/128 | Elapsed Time: 21.76s
2026-01-20 04:18:45,756 | INFO | Batch 30 | Loss: 0.2207 | Correct: 119/128 | Elapsed Time: 21.85s
2026-01-20 04:19:07,447 | INFO | Batch 40 | Loss: 0.1423 | Correct: 123/128 | Elapsed Time: 21.69s
2026-01-20 04:19:29,160 | INFO | Batch 50 | Loss: 0.1527 | Correct: 122/128 | Elapsed Time: 21.71s
2026-01-20 04:19:50,905 | INFO | Batch 60 | Loss: 0.1045 | Correct: 123/128 | Elapsed Time: 21.75s
2026-01-20 04:20:12,651 | INFO | Batch 70 | Loss: 0.1777 | Correct: 119/128 | Elapsed Time: 21.75s
2026-01-20 04:20:34,427 | INFO | Batch 80 | Loss: 0.1959 | Correct: 118/128 | Elapsed Time: 21.78s
2026-01-20 04:20:56,232 | INFO | Batch 90 | Loss: 0.1320 | Correct: 121/128 | Elapsed Time: 21.80s
2026-01-20 04:21:17,990 | INFO | Batch 100 | Loss: 0.1561 | Correct: 121/128 | Elapsed Time: 21.76s
2026-01-20 04:21:39,672 | INFO | Batch 110 | Loss: 0.1503 | Correct: 119/128 | Elapsed Time: 21.68s
2026-01-20 04:22:01,359 | INFO | Batch 120 | Loss: 0.1991 | Correct: 118/128 | Elapsed Time: 21.69s
2026-01-20 04:22:23,073 | INFO | Batch 130 | Loss: 0.1341 | Correct: 122/128 | Elapsed Time: 21.71s
2026-01-20 04:22:44,802 | INFO | Batch 140 | Loss: 0.1721 | Correct: 122/128 | Elapsed Time: 21.73s
2026-01-20 04:23:06,453 | INFO | Batch 150 | Loss: 0.2013 | Correct: 118/128 | Elapsed Time: 21.65s
2026-01-20 04:23:28,223 | INFO | Batch 160 | Loss: 0.1519 | Correct: 117/128 | Elapsed Time: 21.77s
2026-01-20 04:23:49,935 | INFO | Batch 170 | Loss: 0.1197 | Correct: 123/128 | Elapsed Time: 21.71s
2026-01-20 04:24:11,654 | INFO | Batch 180 | Loss: 0.1561 | Correct: 121/128 | Elapsed Time: 21.72s
2026-01-20 04:24:33,383 | INFO | Batch 190 | Loss: 0.1816 | Correct: 122/128 | Elapsed Time: 21.73s
2026-01-20 04:24:55,081 | INFO | Batch 200 | Loss: 0.1098 | Correct: 123/128 | Elapsed Time: 21.70s
2026-01-20 04:25:16,835 | INFO | Batch 210 | Loss: 0.1408 | Correct: 123/128 | Elapsed Time: 21.75s
2026-01-20 04:25:38,652 | INFO | Batch 220 | Loss: 0.1270 | Correct: 124/128 | Elapsed Time: 21.82s
2026-01-20 04:26:00,327 | INFO | Batch 230 | Loss: 0.1007 | Correct: 124/128 | Elapsed Time: 21.67s
2026-01-20 04:26:22,109 | INFO | Batch 240 | Loss: 0.1806 | Correct: 122/128 | Elapsed Time: 21.78s
2026-01-20 04:26:44,021 | INFO | Batch 250 | Loss: 0.1210 | Correct: 123/128 | Elapsed Time: 21.91s
2026-01-20 04:27:06,007 | INFO | Batch 260 | Loss: 0.1230 | Correct: 123/128 | Elapsed Time: 21.99s
2026-01-20 04:27:27,870 | INFO | Batch 270 | Loss: 0.1777 | Correct: 119/128 | Elapsed Time: 21.86s
2026-01-20 04:27:49,723 | INFO | Batch 280 | Loss: 0.2046 | Correct: 118/128 | Elapsed Time: 21.85s
2026-01-20 04:28:11,591 | INFO | Batch 290 | Loss: 0.1561 | Correct: 122/128 | Elapsed Time: 21.87s
2026-01-20 04:28:33,348 | INFO | Batch 300 | Loss: 0.1447 | Correct: 121/128 | Elapsed Time: 21.76s
2026-01-20 04:28:55,059 | INFO | Batch 310 | Loss: 0.0815 | Correct: 126/128 | Elapsed Time: 21.71s
2026-01-20 04:29:16,816 | INFO | Batch 320 | Loss: 0.2172 | Correct: 115/128 | Elapsed Time: 21.76s
2026-01-20 04:29:38,545 | INFO | Batch 330 | Loss: 0.1569 | Correct: 120/128 | Elapsed Time: 21.73s
2026-01-20 04:30:00,425 | INFO | Batch 340 | Loss: 0.1334 | Correct: 120/128 | Elapsed Time: 21.88s
2026-01-20 04:30:22,331 | INFO | Batch 350 | Loss: 0.1684 | Correct: 121/128 | Elapsed Time: 21.91s
2026-01-20 04:30:44,104 | INFO | Batch 360 | Loss: 0.0824 | Correct: 122/128 | Elapsed Time: 21.77s
2026-01-20 04:31:05,838 | INFO | Batch 370 | Loss: 0.2394 | Correct: 119/128 | Elapsed Time: 21.73s
2026-01-20 04:31:27,527 | INFO | Batch 380 | Loss: 0.1897 | Correct: 120/128 | Elapsed Time: 21.69s
2026-01-20 04:31:49,227 | INFO | Batch 390 | Loss: 0.1739 | Correct: 119/128 | Elapsed Time: 21.70s
2026-01-20 04:31:50,641 | INFO | Epoch [53/100] - Loss: 0.1562 | Correct: 47289/50000 (94.58%, 850.21s)
2026-01-20 04:33:03,351 | INFO | Validation - Loss: 0.3680 | Correct: 8831/10000 (88.31%) (72.71s)
2026-01-20 04:33:03,625 | INFO | New best model saved at epoch 53 with Top1 Acc: 88.31%
2026-01-20 04:33:25,432 | INFO | Batch 10 | Loss: 0.2355 | Correct: 119/128 | Elapsed Time: 21.81s
2026-01-20 04:33:47,048 | INFO | Batch 20 | Loss: 0.1356 | Correct: 122/128 | Elapsed Time: 21.62s
2026-01-20 04:34:08,837 | INFO | Batch 30 | Loss: 0.1178 | Correct: 122/128 | Elapsed Time: 21.79s
2026-01-20 04:34:30,510 | INFO | Batch 40 | Loss: 0.1128 | Correct: 122/128 | Elapsed Time: 21.67s
2026-01-20 04:34:52,243 | INFO | Batch 50 | Loss: 0.0751 | Correct: 125/128 | Elapsed Time: 21.73s
2026-01-20 04:35:13,972 | INFO | Batch 60 | Loss: 0.2625 | Correct: 120/128 | Elapsed Time: 21.73s
2026-01-20 04:35:35,643 | INFO | Batch 70 | Loss: 0.1938 | Correct: 121/128 | Elapsed Time: 21.67s
2026-01-20 04:35:57,329 | INFO | Batch 80 | Loss: 0.1621 | Correct: 120/128 | Elapsed Time: 21.69s
2026-01-20 04:36:19,098 | INFO | Batch 90 | Loss: 0.2080 | Correct: 119/128 | Elapsed Time: 21.77s
2026-01-20 04:36:40,909 | INFO | Batch 100 | Loss: 0.0974 | Correct: 125/128 | Elapsed Time: 21.81s
2026-01-20 04:37:02,632 | INFO | Batch 110 | Loss: 0.1371 | Correct: 122/128 | Elapsed Time: 21.72s
2026-01-20 04:37:24,391 | INFO | Batch 120 | Loss: 0.1250 | Correct: 121/128 | Elapsed Time: 21.76s
2026-01-20 04:37:46,127 | INFO | Batch 130 | Loss: 0.1470 | Correct: 119/128 | Elapsed Time: 21.74s
2026-01-20 04:38:07,856 | INFO | Batch 140 | Loss: 0.1034 | Correct: 122/128 | Elapsed Time: 21.73s
2026-01-20 04:38:29,632 | INFO | Batch 150 | Loss: 0.1816 | Correct: 117/128 | Elapsed Time: 21.78s
2026-01-20 04:38:51,454 | INFO | Batch 160 | Loss: 0.1012 | Correct: 124/128 | Elapsed Time: 21.82s
2026-01-20 04:39:13,249 | INFO | Batch 170 | Loss: 0.1171 | Correct: 125/128 | Elapsed Time: 21.80s
2026-01-20 04:39:34,936 | INFO | Batch 180 | Loss: 0.1327 | Correct: 119/128 | Elapsed Time: 21.69s
2026-01-20 04:39:56,606 | INFO | Batch 190 | Loss: 0.1836 | Correct: 120/128 | Elapsed Time: 21.67s
2026-01-20 04:40:18,452 | INFO | Batch 200 | Loss: 0.0793 | Correct: 126/128 | Elapsed Time: 21.85s
2026-01-20 04:40:40,173 | INFO | Batch 210 | Loss: 0.2555 | Correct: 118/128 | Elapsed Time: 21.72s
2026-01-20 04:41:01,850 | INFO | Batch 220 | Loss: 0.0723 | Correct: 125/128 | Elapsed Time: 21.68s
2026-01-20 04:41:23,679 | INFO | Batch 230 | Loss: 0.1897 | Correct: 118/128 | Elapsed Time: 21.83s
2026-01-20 04:41:45,374 | INFO | Batch 240 | Loss: 0.1270 | Correct: 124/128 | Elapsed Time: 21.69s
2026-01-20 04:42:07,110 | INFO | Batch 250 | Loss: 0.0824 | Correct: 123/128 | Elapsed Time: 21.74s
2026-01-20 04:42:28,892 | INFO | Batch 260 | Loss: 0.2057 | Correct: 121/128 | Elapsed Time: 21.78s
2026-01-20 04:42:50,805 | INFO | Batch 270 | Loss: 0.1298 | Correct: 122/128 | Elapsed Time: 21.91s
2026-01-20 04:43:12,717 | INFO | Batch 280 | Loss: 0.1023 | Correct: 124/128 | Elapsed Time: 21.91s
2026-01-20 04:43:34,519 | INFO | Batch 290 | Loss: 0.1536 | Correct: 122/128 | Elapsed Time: 21.80s
2026-01-20 04:43:56,379 | INFO | Batch 300 | Loss: 0.1334 | Correct: 121/128 | Elapsed Time: 21.86s
2026-01-20 04:44:18,248 | INFO | Batch 310 | Loss: 0.1758 | Correct: 120/128 | Elapsed Time: 21.87s
2026-01-20 04:44:40,078 | INFO | Batch 320 | Loss: 0.1928 | Correct: 119/128 | Elapsed Time: 21.83s
2026-01-20 04:45:01,772 | INFO | Batch 330 | Loss: 0.1277 | Correct: 119/128 | Elapsed Time: 21.69s
2026-01-20 04:45:23,541 | INFO | Batch 340 | Loss: 0.1639 | Correct: 118/128 | Elapsed Time: 21.77s
2026-01-20 04:45:45,264 | INFO | Batch 350 | Loss: 0.1152 | Correct: 124/128 | Elapsed Time: 21.72s
2026-01-20 04:46:07,110 | INFO | Batch 360 | Loss: 0.1826 | Correct: 119/128 | Elapsed Time: 21.85s
2026-01-20 04:46:28,921 | INFO | Batch 370 | Loss: 0.1711 | Correct: 121/128 | Elapsed Time: 21.81s
2026-01-20 04:46:50,668 | INFO | Batch 380 | Loss: 0.1684 | Correct: 119/128 | Elapsed Time: 21.75s
2026-01-20 04:47:12,468 | INFO | Batch 390 | Loss: 0.1068 | Correct: 124/128 | Elapsed Time: 21.80s
2026-01-20 04:47:13,865 | INFO | Epoch [54/100] - Loss: 0.1443 | Correct: 47546/50000 (95.09%, 850.24s)
2026-01-20 04:48:26,171 | INFO | Validation - Loss: 0.3643 | Correct: 8846/10000 (88.46%) (72.30s)
2026-01-20 04:48:26,454 | INFO | New best model saved at epoch 54 with Top1 Acc: 88.46%
2026-01-20 04:48:48,261 | INFO | Batch 10 | Loss: 0.1630 | Correct: 124/128 | Elapsed Time: 21.81s
2026-01-20 04:49:09,980 | INFO | Batch 20 | Loss: 0.1098 | Correct: 121/128 | Elapsed Time: 21.72s
2026-01-20 04:49:31,652 | INFO | Batch 30 | Loss: 0.1544 | Correct: 122/128 | Elapsed Time: 21.67s
2026-01-20 04:49:53,426 | INFO | Batch 40 | Loss: 0.1356 | Correct: 123/128 | Elapsed Time: 21.77s
2026-01-20 04:50:15,259 | INFO | Batch 50 | Loss: 0.0632 | Correct: 127/128 | Elapsed Time: 21.83s
2026-01-20 04:50:36,986 | INFO | Batch 60 | Loss: 0.1519 | Correct: 120/128 | Elapsed Time: 21.73s
2026-01-20 04:50:58,671 | INFO | Batch 70 | Loss: 0.1586 | Correct: 121/128 | Elapsed Time: 21.69s
2026-01-20 04:51:20,390 | INFO | Batch 80 | Loss: 0.1806 | Correct: 120/128 | Elapsed Time: 21.72s
2026-01-20 04:51:42,094 | INFO | Batch 90 | Loss: 0.0552 | Correct: 127/128 | Elapsed Time: 21.70s
2026-01-20 04:52:03,871 | INFO | Batch 100 | Loss: 0.1777 | Correct: 116/128 | Elapsed Time: 21.78s
2026-01-20 04:52:25,549 | INFO | Batch 110 | Loss: 0.1146 | Correct: 123/128 | Elapsed Time: 21.68s
2026-01-20 04:52:47,291 | INFO | Batch 120 | Loss: 0.1739 | Correct: 120/128 | Elapsed Time: 21.74s
2026-01-20 04:53:09,008 | INFO | Batch 130 | Loss: 0.1455 | Correct: 121/128 | Elapsed Time: 21.72s
2026-01-20 04:53:30,725 | INFO | Batch 140 | Loss: 0.1777 | Correct: 121/128 | Elapsed Time: 21.72s
2026-01-20 04:53:52,416 | INFO | Batch 150 | Loss: 0.1305 | Correct: 121/128 | Elapsed Time: 21.69s
2026-01-20 04:54:14,124 | INFO | Batch 160 | Loss: 0.0743 | Correct: 125/128 | Elapsed Time: 21.71s
2026-01-20 04:54:35,847 | INFO | Batch 170 | Loss: 0.1938 | Correct: 121/128 | Elapsed Time: 21.72s
2026-01-20 04:54:57,548 | INFO | Batch 180 | Loss: 0.1797 | Correct: 124/128 | Elapsed Time: 21.70s
2026-01-20 04:55:19,249 | INFO | Batch 190 | Loss: 0.1159 | Correct: 125/128 | Elapsed Time: 21.70s
2026-01-20 04:55:40,960 | INFO | Batch 200 | Loss: 0.1897 | Correct: 118/128 | Elapsed Time: 21.71s
2026-01-20 04:56:02,657 | INFO | Batch 210 | Loss: 0.2368 | Correct: 117/128 | Elapsed Time: 21.70s
2026-01-20 04:56:24,295 | INFO | Batch 220 | Loss: 0.2394 | Correct: 118/128 | Elapsed Time: 21.64s
2026-01-20 04:56:45,979 | INFO | Batch 230 | Loss: 0.2446 | Correct: 114/128 | Elapsed Time: 21.68s
2026-01-20 04:57:07,823 | INFO | Batch 240 | Loss: 0.1098 | Correct: 123/128 | Elapsed Time: 21.84s
2026-01-20 04:57:29,569 | INFO | Batch 250 | Loss: 0.1666 | Correct: 122/128 | Elapsed Time: 21.75s
2026-01-20 04:57:51,253 | INFO | Batch 260 | Loss: 0.2068 | Correct: 118/128 | Elapsed Time: 21.68s
2026-01-20 04:58:12,970 | INFO | Batch 270 | Loss: 0.0760 | Correct: 124/128 | Elapsed Time: 21.72s
2026-01-20 04:58:34,653 | INFO | Batch 280 | Loss: 0.2305 | Correct: 123/128 | Elapsed Time: 21.68s
2026-01-20 04:58:56,390 | INFO | Batch 290 | Loss: 0.1165 | Correct: 121/128 | Elapsed Time: 21.74s
2026-01-20 04:59:18,246 | INFO | Batch 300 | Loss: 0.1959 | Correct: 118/128 | Elapsed Time: 21.86s
2026-01-20 04:59:39,938 | INFO | Batch 310 | Loss: 0.1312 | Correct: 122/128 | Elapsed Time: 21.69s
2026-01-20 05:00:01,609 | INFO | Batch 320 | Loss: 0.1291 | Correct: 123/128 | Elapsed Time: 21.67s
2026-01-20 05:00:23,433 | INFO | Batch 330 | Loss: 0.2256 | Correct: 118/128 | Elapsed Time: 21.82s
2026-01-20 05:00:45,160 | INFO | Batch 340 | Loss: 0.1519 | Correct: 121/128 | Elapsed Time: 21.73s
2026-01-20 05:01:06,893 | INFO | Batch 350 | Loss: 0.1578 | Correct: 120/128 | Elapsed Time: 21.73s
2026-01-20 05:01:28,566 | INFO | Batch 360 | Loss: 0.1092 | Correct: 124/128 | Elapsed Time: 21.67s
2026-01-20 05:01:50,334 | INFO | Batch 370 | Loss: 0.1721 | Correct: 121/128 | Elapsed Time: 21.77s
2026-01-20 05:02:12,056 | INFO | Batch 380 | Loss: 0.2381 | Correct: 119/128 | Elapsed Time: 21.72s
2026-01-20 05:02:33,746 | INFO | Batch 390 | Loss: 0.1217 | Correct: 123/128 | Elapsed Time: 21.69s
2026-01-20 05:02:35,161 | INFO | Epoch [55/100] - Loss: 0.1435 | Correct: 47615/50000 (95.23%, 848.71s)
2026-01-20 05:03:47,414 | INFO | Validation - Loss: 0.3688 | Correct: 8827/10000 (88.27%) (72.25s)
2026-01-20 05:04:09,114 | INFO | Batch 10 | Loss: 0.1666 | Correct: 117/128 | Elapsed Time: 21.70s
2026-01-20 05:04:30,799 | INFO | Batch 20 | Loss: 0.2653 | Correct: 120/128 | Elapsed Time: 21.69s
2026-01-20 05:04:52,485 | INFO | Batch 30 | Loss: 0.1544 | Correct: 123/128 | Elapsed Time: 21.69s
2026-01-20 05:05:14,278 | INFO | Batch 40 | Loss: 0.1159 | Correct: 123/128 | Elapsed Time: 21.79s
2026-01-20 05:05:35,974 | INFO | Batch 50 | Loss: 0.1134 | Correct: 122/128 | Elapsed Time: 21.70s
2026-01-20 05:05:57,704 | INFO | Batch 60 | Loss: 0.0546 | Correct: 127/128 | Elapsed Time: 21.73s
2026-01-20 05:06:19,384 | INFO | Batch 70 | Loss: 0.1511 | Correct: 120/128 | Elapsed Time: 21.68s
2026-01-20 05:06:41,096 | INFO | Batch 80 | Loss: 0.1080 | Correct: 121/128 | Elapsed Time: 21.71s
2026-01-20 05:07:02,693 | INFO | Batch 90 | Loss: 0.1578 | Correct: 122/128 | Elapsed Time: 21.60s
2026-01-20 05:07:24,292 | INFO | Batch 100 | Loss: 0.2137 | Correct: 116/128 | Elapsed Time: 21.60s
2026-01-20 05:07:45,971 | INFO | Batch 110 | Loss: 0.1312 | Correct: 121/128 | Elapsed Time: 21.68s
2026-01-20 05:08:07,721 | INFO | Batch 120 | Loss: 0.0985 | Correct: 127/128 | Elapsed Time: 21.75s
2026-01-20 05:08:29,389 | INFO | Batch 130 | Loss: 0.1134 | Correct: 125/128 | Elapsed Time: 21.67s
2026-01-20 05:08:51,055 | INFO | Batch 140 | Loss: 0.1416 | Correct: 123/128 | Elapsed Time: 21.67s
2026-01-20 05:09:12,763 | INFO | Batch 150 | Loss: 0.1408 | Correct: 122/128 | Elapsed Time: 21.71s
2026-01-20 05:09:34,557 | INFO | Batch 160 | Loss: 0.1068 | Correct: 123/128 | Elapsed Time: 21.79s
2026-01-20 05:09:56,242 | INFO | Batch 170 | Loss: 0.1327 | Correct: 122/128 | Elapsed Time: 21.68s
2026-01-20 05:10:18,046 | INFO | Batch 180 | Loss: 0.1569 | Correct: 122/128 | Elapsed Time: 21.80s
2026-01-20 05:10:39,713 | INFO | Batch 190 | Loss: 0.1561 | Correct: 123/128 | Elapsed Time: 21.67s
2026-01-20 05:11:01,450 | INFO | Batch 200 | Loss: 0.0667 | Correct: 127/128 | Elapsed Time: 21.74s
2026-01-20 05:11:23,114 | INFO | Batch 210 | Loss: 0.1846 | Correct: 118/128 | Elapsed Time: 21.66s
2026-01-20 05:11:44,752 | INFO | Batch 220 | Loss: 0.1657 | Correct: 120/128 | Elapsed Time: 21.64s
2026-01-20 05:12:06,572 | INFO | Batch 230 | Loss: 0.1846 | Correct: 118/128 | Elapsed Time: 21.82s
2026-01-20 05:12:28,278 | INFO | Batch 240 | Loss: 0.1134 | Correct: 123/128 | Elapsed Time: 21.71s
2026-01-20 05:12:49,992 | INFO | Batch 250 | Loss: 0.1657 | Correct: 121/128 | Elapsed Time: 21.71s
2026-01-20 05:13:11,739 | INFO | Batch 260 | Loss: 0.1152 | Correct: 123/128 | Elapsed Time: 21.75s
2026-01-20 05:13:33,444 | INFO | Batch 270 | Loss: 0.1721 | Correct: 122/128 | Elapsed Time: 21.70s
2026-01-20 05:13:55,085 | INFO | Batch 280 | Loss: 0.1711 | Correct: 119/128 | Elapsed Time: 21.64s
2026-01-20 05:14:16,823 | INFO | Batch 290 | Loss: 0.1204 | Correct: 122/128 | Elapsed Time: 21.74s
2026-01-20 05:14:38,610 | INFO | Batch 300 | Loss: 0.2013 | Correct: 120/128 | Elapsed Time: 21.79s
2026-01-20 05:15:00,298 | INFO | Batch 310 | Loss: 0.1758 | Correct: 120/128 | Elapsed Time: 21.69s
2026-01-20 05:15:22,018 | INFO | Batch 320 | Loss: 0.1051 | Correct: 125/128 | Elapsed Time: 21.72s
2026-01-20 05:15:43,733 | INFO | Batch 330 | Loss: 0.0923 | Correct: 125/128 | Elapsed Time: 21.72s
2026-01-20 05:16:05,447 | INFO | Batch 340 | Loss: 0.1305 | Correct: 121/128 | Elapsed Time: 21.71s
2026-01-20 05:16:27,114 | INFO | Batch 350 | Loss: 0.1204 | Correct: 123/128 | Elapsed Time: 21.67s
2026-01-20 05:16:48,933 | INFO | Batch 360 | Loss: 0.1334 | Correct: 122/128 | Elapsed Time: 21.82s
2026-01-20 05:17:10,663 | INFO | Batch 370 | Loss: 0.1470 | Correct: 120/128 | Elapsed Time: 21.73s
2026-01-20 05:17:32,323 | INFO | Batch 380 | Loss: 0.0492 | Correct: 126/128 | Elapsed Time: 21.66s
2026-01-20 05:17:53,964 | INFO | Batch 390 | Loss: 0.1057 | Correct: 121/128 | Elapsed Time: 21.64s
2026-01-20 05:17:55,362 | INFO | Epoch [56/100] - Loss: 0.1392 | Correct: 47628/50000 (95.26%, 847.95s)
2026-01-20 05:19:07,531 | INFO | Validation - Loss: 0.3690 | Correct: 8841/10000 (88.41%) (72.17s)
2026-01-20 05:19:29,244 | INFO | Batch 10 | Loss: 0.1702 | Correct: 119/128 | Elapsed Time: 21.71s
2026-01-20 05:19:50,960 | INFO | Batch 20 | Loss: 0.0806 | Correct: 124/128 | Elapsed Time: 21.72s
2026-01-20 05:20:12,841 | INFO | Batch 30 | Loss: 0.0846 | Correct: 124/128 | Elapsed Time: 21.88s
2026-01-20 05:20:34,529 | INFO | Batch 40 | Loss: 0.1416 | Correct: 122/128 | Elapsed Time: 21.69s
2026-01-20 05:20:56,210 | INFO | Batch 50 | Loss: 0.1730 | Correct: 121/128 | Elapsed Time: 21.68s
2026-01-20 05:21:17,923 | INFO | Batch 60 | Loss: 0.2697 | Correct: 114/128 | Elapsed Time: 21.71s
2026-01-20 05:21:39,563 | INFO | Batch 70 | Loss: 0.0990 | Correct: 125/128 | Elapsed Time: 21.64s
2026-01-20 05:22:01,308 | INFO | Batch 80 | Loss: 0.1463 | Correct: 121/128 | Elapsed Time: 21.75s
2026-01-20 05:22:23,044 | INFO | Batch 90 | Loss: 0.1657 | Correct: 120/128 | Elapsed Time: 21.74s
2026-01-20 05:22:44,740 | INFO | Batch 100 | Loss: 0.1385 | Correct: 122/128 | Elapsed Time: 21.70s
2026-01-20 05:23:06,514 | INFO | Batch 110 | Loss: 0.2280 | Correct: 118/128 | Elapsed Time: 21.77s
2026-01-20 05:23:28,238 | INFO | Batch 120 | Loss: 0.0894 | Correct: 124/128 | Elapsed Time: 21.72s
2026-01-20 05:23:49,940 | INFO | Batch 130 | Loss: 0.1223 | Correct: 121/128 | Elapsed Time: 21.70s
2026-01-20 05:24:11,659 | INFO | Batch 140 | Loss: 0.1165 | Correct: 121/128 | Elapsed Time: 21.72s
2026-01-20 05:24:33,400 | INFO | Batch 150 | Loss: 0.2057 | Correct: 119/128 | Elapsed Time: 21.74s
2026-01-20 05:24:55,130 | INFO | Batch 160 | Loss: 0.1034 | Correct: 124/128 | Elapsed Time: 21.73s
2026-01-20 05:25:16,871 | INFO | Batch 170 | Loss: 0.1007 | Correct: 125/128 | Elapsed Time: 21.74s
2026-01-20 05:25:38,564 | INFO | Batch 180 | Loss: 0.1007 | Correct: 124/128 | Elapsed Time: 21.69s
2026-01-20 05:26:00,238 | INFO | Batch 190 | Loss: 0.0743 | Correct: 125/128 | Elapsed Time: 21.67s
2026-01-20 05:26:21,950 | INFO | Batch 200 | Loss: 0.1178 | Correct: 124/128 | Elapsed Time: 21.71s
2026-01-20 05:26:43,640 | INFO | Batch 210 | Loss: 0.0879 | Correct: 123/128 | Elapsed Time: 21.69s
2026-01-20 05:27:05,476 | INFO | Batch 220 | Loss: 0.1128 | Correct: 124/128 | Elapsed Time: 21.84s
2026-01-20 05:27:27,176 | INFO | Batch 230 | Loss: 0.1270 | Correct: 122/128 | Elapsed Time: 21.70s
2026-01-20 05:27:48,827 | INFO | Batch 240 | Loss: 0.1122 | Correct: 124/128 | Elapsed Time: 21.65s
2026-01-20 05:28:10,521 | INFO | Batch 250 | Loss: 0.0959 | Correct: 124/128 | Elapsed Time: 21.69s
2026-01-20 05:28:32,221 | INFO | Batch 260 | Loss: 0.1012 | Correct: 122/128 | Elapsed Time: 21.70s
2026-01-20 05:28:53,864 | INFO | Batch 270 | Loss: 0.1578 | Correct: 122/128 | Elapsed Time: 21.64s
2026-01-20 05:29:15,583 | INFO | Batch 280 | Loss: 0.1928 | Correct: 119/128 | Elapsed Time: 21.72s
2026-01-20 05:29:37,302 | INFO | Batch 290 | Loss: 0.0842 | Correct: 124/128 | Elapsed Time: 21.72s
2026-01-20 05:29:58,970 | INFO | Batch 300 | Loss: 0.1806 | Correct: 121/128 | Elapsed Time: 21.67s
2026-01-20 05:30:20,816 | INFO | Batch 310 | Loss: 0.1401 | Correct: 120/128 | Elapsed Time: 21.85s
2026-01-20 05:30:42,534 | INFO | Batch 320 | Loss: 0.1098 | Correct: 122/128 | Elapsed Time: 21.72s
2026-01-20 05:31:04,237 | INFO | Batch 330 | Loss: 0.1086 | Correct: 123/128 | Elapsed Time: 21.70s
2026-01-20 05:31:25,909 | INFO | Batch 340 | Loss: 0.1210 | Correct: 122/128 | Elapsed Time: 21.67s
2026-01-20 05:31:47,599 | INFO | Batch 350 | Loss: 0.1470 | Correct: 122/128 | Elapsed Time: 21.69s
2026-01-20 05:32:09,418 | INFO | Batch 360 | Loss: 0.0948 | Correct: 124/128 | Elapsed Time: 21.82s
2026-01-20 05:32:31,127 | INFO | Batch 370 | Loss: 0.1040 | Correct: 124/128 | Elapsed Time: 21.71s
2026-01-20 05:32:52,872 | INFO | Batch 380 | Loss: 0.1787 | Correct: 122/128 | Elapsed Time: 21.74s
2026-01-20 05:33:14,576 | INFO | Batch 390 | Loss: 0.1777 | Correct: 119/128 | Elapsed Time: 21.70s
2026-01-20 05:33:15,988 | INFO | Epoch [57/100] - Loss: 0.1340 | Correct: 47692/50000 (95.38%, 848.45s)
2026-01-20 05:34:28,331 | INFO | Validation - Loss: 0.3584 | Correct: 8878/10000 (88.78%) (72.34s)
2026-01-20 05:34:28,622 | INFO | New best model saved at epoch 57 with Top1 Acc: 88.78%
2026-01-20 05:34:50,362 | INFO | Batch 10 | Loss: 0.0760 | Correct: 125/128 | Elapsed Time: 21.74s
2026-01-20 05:35:12,075 | INFO | Batch 20 | Loss: 0.1277 | Correct: 122/128 | Elapsed Time: 21.71s
2026-01-20 05:35:33,876 | INFO | Batch 30 | Loss: 0.0764 | Correct: 126/128 | Elapsed Time: 21.80s
2026-01-20 05:35:55,581 | INFO | Batch 40 | Loss: 0.1431 | Correct: 119/128 | Elapsed Time: 21.70s
2026-01-20 05:36:17,382 | INFO | Batch 50 | Loss: 0.0856 | Correct: 126/128 | Elapsed Time: 21.80s
2026-01-20 05:36:39,129 | INFO | Batch 60 | Loss: 0.1866 | Correct: 121/128 | Elapsed Time: 21.75s
2026-01-20 05:37:00,899 | INFO | Batch 70 | Loss: 0.1284 | Correct: 122/128 | Elapsed Time: 21.77s
2026-01-20 05:37:22,861 | INFO | Batch 80 | Loss: 0.0985 | Correct: 124/128 | Elapsed Time: 21.96s
2026-01-20 05:37:44,671 | INFO | Batch 90 | Loss: 0.1578 | Correct: 123/128 | Elapsed Time: 21.81s
2026-01-20 05:38:06,621 | INFO | Batch 100 | Loss: 0.1866 | Correct: 122/128 | Elapsed Time: 21.95s
2026-01-20 05:38:28,559 | INFO | Batch 110 | Loss: 0.0996 | Correct: 122/128 | Elapsed Time: 21.94s
2026-01-20 05:38:50,444 | INFO | Batch 120 | Loss: 0.1159 | Correct: 124/128 | Elapsed Time: 21.88s
2026-01-20 05:39:12,359 | INFO | Batch 130 | Loss: 0.0824 | Correct: 124/128 | Elapsed Time: 21.92s
2026-01-20 05:39:34,184 | INFO | Batch 140 | Loss: 0.1250 | Correct: 120/128 | Elapsed Time: 21.83s
2026-01-20 05:39:56,122 | INFO | Batch 150 | Loss: 0.0980 | Correct: 123/128 | Elapsed Time: 21.94s
2026-01-20 05:40:18,041 | INFO | Batch 160 | Loss: 0.0865 | Correct: 124/128 | Elapsed Time: 21.92s
2026-01-20 05:40:39,971 | INFO | Batch 170 | Loss: 0.0615 | Correct: 126/128 | Elapsed Time: 21.93s
2026-01-20 05:41:01,919 | INFO | Batch 180 | Loss: 0.1787 | Correct: 117/128 | Elapsed Time: 21.95s
2026-01-20 05:41:23,841 | INFO | Batch 190 | Loss: 0.1569 | Correct: 122/128 | Elapsed Time: 21.92s
2026-01-20 05:41:45,701 | INFO | Batch 200 | Loss: 0.0894 | Correct: 125/128 | Elapsed Time: 21.86s
2026-01-20 05:42:07,511 | INFO | Batch 210 | Loss: 0.1970 | Correct: 119/128 | Elapsed Time: 21.81s
2026-01-20 05:42:29,439 | INFO | Batch 220 | Loss: 0.1907 | Correct: 121/128 | Elapsed Time: 21.93s
2026-01-20 05:42:51,363 | INFO | Batch 230 | Loss: 0.0731 | Correct: 126/128 | Elapsed Time: 21.92s
2026-01-20 05:43:13,204 | INFO | Batch 240 | Loss: 0.2148 | Correct: 118/128 | Elapsed Time: 21.84s
2026-01-20 05:43:35,046 | INFO | Batch 250 | Loss: 0.1612 | Correct: 119/128 | Elapsed Time: 21.84s
2026-01-20 05:43:56,861 | INFO | Batch 260 | Loss: 0.0426 | Correct: 127/128 | Elapsed Time: 21.81s
2026-01-20 05:44:18,634 | INFO | Batch 270 | Loss: 0.1116 | Correct: 122/128 | Elapsed Time: 21.77s
2026-01-20 05:44:40,405 | INFO | Batch 280 | Loss: 0.1128 | Correct: 124/128 | Elapsed Time: 21.77s
2026-01-20 05:45:02,253 | INFO | Batch 290 | Loss: 0.1298 | Correct: 122/128 | Elapsed Time: 21.85s
2026-01-20 05:45:24,023 | INFO | Batch 300 | Loss: 0.1348 | Correct: 123/128 | Elapsed Time: 21.77s
2026-01-20 05:45:45,775 | INFO | Batch 310 | Loss: 0.0894 | Correct: 126/128 | Elapsed Time: 21.75s
2026-01-20 05:46:07,581 | INFO | Batch 320 | Loss: 0.1334 | Correct: 121/128 | Elapsed Time: 21.81s
2026-01-20 05:46:29,250 | INFO | Batch 330 | Loss: 0.1165 | Correct: 123/128 | Elapsed Time: 21.67s
2026-01-20 05:46:51,008 | INFO | Batch 340 | Loss: 0.1439 | Correct: 123/128 | Elapsed Time: 21.76s
2026-01-20 05:47:12,765 | INFO | Batch 350 | Loss: 0.1758 | Correct: 121/128 | Elapsed Time: 21.76s
2026-01-20 05:47:34,546 | INFO | Batch 360 | Loss: 0.1298 | Correct: 124/128 | Elapsed Time: 21.78s
2026-01-20 05:47:56,307 | INFO | Batch 370 | Loss: 0.0802 | Correct: 125/128 | Elapsed Time: 21.76s
2026-01-20 05:48:18,068 | INFO | Batch 380 | Loss: 0.1074 | Correct: 122/128 | Elapsed Time: 21.76s
2026-01-20 05:48:39,806 | INFO | Batch 390 | Loss: 0.1051 | Correct: 122/128 | Elapsed Time: 21.74s
2026-01-20 05:48:41,212 | INFO | Epoch [58/100] - Loss: 0.1291 | Correct: 47754/50000 (95.51%, 852.59s)
2026-01-20 05:49:53,723 | INFO | Validation - Loss: 0.3615 | Correct: 8861/10000 (88.61%) (72.51s)
2026-01-20 05:50:15,635 | INFO | Batch 10 | Loss: 0.1250 | Correct: 121/128 | Elapsed Time: 21.91s
2026-01-20 05:50:37,373 | INFO | Batch 20 | Loss: 0.1001 | Correct: 125/128 | Elapsed Time: 21.74s
2026-01-20 05:50:59,233 | INFO | Batch 30 | Loss: 0.1604 | Correct: 117/128 | Elapsed Time: 21.86s
2026-01-20 05:51:20,949 | INFO | Batch 40 | Loss: 0.1341 | Correct: 124/128 | Elapsed Time: 21.72s
2026-01-20 05:51:42,574 | INFO | Batch 50 | Loss: 0.1277 | Correct: 123/128 | Elapsed Time: 21.62s
2026-01-20 05:52:04,318 | INFO | Batch 60 | Loss: 0.1730 | Correct: 122/128 | Elapsed Time: 21.74s
2026-01-20 05:52:26,077 | INFO | Batch 70 | Loss: 0.2293 | Correct: 117/128 | Elapsed Time: 21.76s
2026-01-20 05:52:47,805 | INFO | Batch 80 | Loss: 0.1768 | Correct: 121/128 | Elapsed Time: 21.73s
2026-01-20 05:53:09,554 | INFO | Batch 90 | Loss: 0.1040 | Correct: 124/128 | Elapsed Time: 21.75s
2026-01-20 05:53:31,338 | INFO | Batch 100 | Loss: 0.1264 | Correct: 120/128 | Elapsed Time: 21.78s
2026-01-20 05:53:53,043 | INFO | Batch 110 | Loss: 0.1648 | Correct: 123/128 | Elapsed Time: 21.70s
2026-01-20 05:54:14,817 | INFO | Batch 120 | Loss: 0.1621 | Correct: 119/128 | Elapsed Time: 21.77s
2026-01-20 05:54:36,520 | INFO | Batch 130 | Loss: 0.1057 | Correct: 123/128 | Elapsed Time: 21.70s
2026-01-20 05:54:58,246 | INFO | Batch 140 | Loss: 0.2207 | Correct: 116/128 | Elapsed Time: 21.73s
2026-01-20 05:55:19,981 | INFO | Batch 150 | Loss: 0.0785 | Correct: 124/128 | Elapsed Time: 21.73s
2026-01-20 05:55:41,668 | INFO | Batch 160 | Loss: 0.0806 | Correct: 125/128 | Elapsed Time: 21.69s
2026-01-20 05:56:03,486 | INFO | Batch 170 | Loss: 0.0689 | Correct: 126/128 | Elapsed Time: 21.82s
2026-01-20 05:56:25,224 | INFO | Batch 180 | Loss: 0.0503 | Correct: 127/128 | Elapsed Time: 21.74s
2026-01-20 05:56:46,930 | INFO | Batch 190 | Loss: 0.1519 | Correct: 123/128 | Elapsed Time: 21.71s
2026-01-20 05:57:08,726 | INFO | Batch 200 | Loss: 0.2035 | Correct: 120/128 | Elapsed Time: 21.80s
2026-01-20 05:57:30,444 | INFO | Batch 210 | Loss: 0.0414 | Correct: 128/128 | Elapsed Time: 21.72s
2026-01-20 05:57:52,138 | INFO | Batch 220 | Loss: 0.1519 | Correct: 119/128 | Elapsed Time: 21.69s
2026-01-20 05:58:13,932 | INFO | Batch 230 | Loss: 0.1797 | Correct: 120/128 | Elapsed Time: 21.79s
2026-01-20 05:58:35,742 | INFO | Batch 240 | Loss: 0.0856 | Correct: 124/128 | Elapsed Time: 21.81s
2026-01-20 05:58:57,445 | INFO | Batch 250 | Loss: 0.0846 | Correct: 125/128 | Elapsed Time: 21.70s
2026-01-20 05:59:19,232 | INFO | Batch 260 | Loss: 0.1128 | Correct: 121/128 | Elapsed Time: 21.79s
2026-01-20 05:59:40,926 | INFO | Batch 270 | Loss: 0.1657 | Correct: 121/128 | Elapsed Time: 21.69s
2026-01-20 06:00:02,685 | INFO | Batch 280 | Loss: 0.1250 | Correct: 122/128 | Elapsed Time: 21.76s
2026-01-20 06:00:24,529 | INFO | Batch 290 | Loss: 0.0546 | Correct: 126/128 | Elapsed Time: 21.84s
2026-01-20 06:00:46,275 | INFO | Batch 300 | Loss: 0.1012 | Correct: 124/128 | Elapsed Time: 21.75s
2026-01-20 06:01:08,115 | INFO | Batch 310 | Loss: 0.1739 | Correct: 119/128 | Elapsed Time: 21.84s
2026-01-20 06:01:29,799 | INFO | Batch 320 | Loss: 0.0649 | Correct: 126/128 | Elapsed Time: 21.68s
2026-01-20 06:01:51,496 | INFO | Batch 330 | Loss: 0.1191 | Correct: 123/128 | Elapsed Time: 21.70s
2026-01-20 06:02:13,242 | INFO | Batch 340 | Loss: 0.1536 | Correct: 121/128 | Elapsed Time: 21.75s
2026-01-20 06:02:34,913 | INFO | Batch 350 | Loss: 0.1478 | Correct: 121/128 | Elapsed Time: 21.67s
2026-01-20 06:02:56,552 | INFO | Batch 360 | Loss: 0.1080 | Correct: 122/128 | Elapsed Time: 21.64s
2026-01-20 06:03:18,318 | INFO | Batch 370 | Loss: 0.0870 | Correct: 125/128 | Elapsed Time: 21.77s
2026-01-20 06:03:40,090 | INFO | Batch 380 | Loss: 0.1777 | Correct: 120/128 | Elapsed Time: 21.77s
2026-01-20 06:04:01,801 | INFO | Batch 390 | Loss: 0.1356 | Correct: 122/128 | Elapsed Time: 21.71s
2026-01-20 06:04:03,230 | INFO | Epoch [59/100] - Loss: 0.1249 | Correct: 47857/50000 (95.71%, 849.51s)
2026-01-20 06:05:15,449 | INFO | Validation - Loss: 0.3599 | Correct: 8863/10000 (88.63%) (72.22s)
2026-01-20 06:05:37,192 | INFO | Batch 10 | Loss: 0.1270 | Correct: 123/128 | Elapsed Time: 21.74s
2026-01-20 06:05:58,869 | INFO | Batch 20 | Loss: 0.1552 | Correct: 120/128 | Elapsed Time: 21.68s
2026-01-20 06:06:20,663 | INFO | Batch 30 | Loss: 0.1487 | Correct: 122/128 | Elapsed Time: 21.79s
2026-01-20 06:06:42,455 | INFO | Batch 40 | Loss: 0.0583 | Correct: 126/128 | Elapsed Time: 21.79s
2026-01-20 06:07:04,333 | INFO | Batch 50 | Loss: 0.1439 | Correct: 121/128 | Elapsed Time: 21.88s
2026-01-20 06:07:26,297 | INFO | Batch 60 | Loss: 0.2555 | Correct: 117/128 | Elapsed Time: 21.96s
2026-01-20 06:07:48,012 | INFO | Batch 70 | Loss: 0.0846 | Correct: 124/128 | Elapsed Time: 21.72s
2026-01-20 06:08:09,857 | INFO | Batch 80 | Loss: 0.1639 | Correct: 122/128 | Elapsed Time: 21.84s
2026-01-20 06:08:31,669 | INFO | Batch 90 | Loss: 0.1327 | Correct: 122/128 | Elapsed Time: 21.81s
2026-01-20 06:08:53,425 | INFO | Batch 100 | Loss: 0.0846 | Correct: 125/128 | Elapsed Time: 21.76s
2026-01-20 06:09:15,369 | INFO | Batch 110 | Loss: 0.0520 | Correct: 127/128 | Elapsed Time: 21.94s
2026-01-20 06:09:37,149 | INFO | Batch 120 | Loss: 0.1970 | Correct: 117/128 | Elapsed Time: 21.78s
2026-01-20 06:09:59,024 | INFO | Batch 130 | Loss: 0.1527 | Correct: 120/128 | Elapsed Time: 21.88s
2026-01-20 06:10:21,002 | INFO | Batch 140 | Loss: 0.1034 | Correct: 125/128 | Elapsed Time: 21.98s
2026-01-20 06:10:42,851 | INFO | Batch 150 | Loss: 0.1439 | Correct: 119/128 | Elapsed Time: 21.85s
2026-01-20 06:11:04,613 | INFO | Batch 160 | Loss: 0.0938 | Correct: 126/128 | Elapsed Time: 21.76s
2026-01-20 06:11:26,349 | INFO | Batch 170 | Loss: 0.0512 | Correct: 127/128 | Elapsed Time: 21.74s
2026-01-20 06:11:48,114 | INFO | Batch 180 | Loss: 0.1291 | Correct: 122/128 | Elapsed Time: 21.76s
2026-01-20 06:12:09,979 | INFO | Batch 190 | Loss: 0.1487 | Correct: 121/128 | Elapsed Time: 21.87s
2026-01-20 06:12:31,723 | INFO | Batch 200 | Loss: 0.1334 | Correct: 123/128 | Elapsed Time: 21.74s
2026-01-20 06:12:53,409 | INFO | Batch 210 | Loss: 0.0856 | Correct: 125/128 | Elapsed Time: 21.69s
2026-01-20 06:13:15,104 | INFO | Batch 220 | Loss: 0.2160 | Correct: 119/128 | Elapsed Time: 21.69s
2026-01-20 06:13:36,716 | INFO | Batch 230 | Loss: 0.0903 | Correct: 126/128 | Elapsed Time: 21.61s
2026-01-20 06:13:58,345 | INFO | Batch 240 | Loss: 0.1639 | Correct: 121/128 | Elapsed Time: 21.63s
2026-01-20 06:14:20,176 | INFO | Batch 250 | Loss: 0.1648 | Correct: 122/128 | Elapsed Time: 21.83s
2026-01-20 06:14:41,857 | INFO | Batch 260 | Loss: 0.1666 | Correct: 118/128 | Elapsed Time: 21.68s
2026-01-20 06:15:03,532 | INFO | Batch 270 | Loss: 0.0660 | Correct: 126/128 | Elapsed Time: 21.67s
2026-01-20 06:15:25,250 | INFO | Batch 280 | Loss: 0.1856 | Correct: 122/128 | Elapsed Time: 21.72s
2026-01-20 06:15:46,923 | INFO | Batch 290 | Loss: 0.0815 | Correct: 124/128 | Elapsed Time: 21.67s
2026-01-20 06:16:08,728 | INFO | Batch 300 | Loss: 0.1134 | Correct: 123/128 | Elapsed Time: 21.80s
2026-01-20 06:16:30,518 | INFO | Batch 310 | Loss: 0.2160 | Correct: 121/128 | Elapsed Time: 21.79s
2026-01-20 06:16:52,388 | INFO | Batch 320 | Loss: 0.1159 | Correct: 123/128 | Elapsed Time: 21.87s
2026-01-20 06:17:14,183 | INFO | Batch 330 | Loss: 0.1544 | Correct: 123/128 | Elapsed Time: 21.80s
2026-01-20 06:17:35,896 | INFO | Batch 340 | Loss: 0.1098 | Correct: 122/128 | Elapsed Time: 21.71s
2026-01-20 06:17:57,589 | INFO | Batch 350 | Loss: 0.1197 | Correct: 124/128 | Elapsed Time: 21.69s
2026-01-20 06:18:19,323 | INFO | Batch 360 | Loss: 0.1503 | Correct: 120/128 | Elapsed Time: 21.73s
2026-01-20 06:18:41,047 | INFO | Batch 370 | Loss: 0.1777 | Correct: 119/128 | Elapsed Time: 21.72s
2026-01-20 06:19:02,852 | INFO | Batch 380 | Loss: 0.0865 | Correct: 124/128 | Elapsed Time: 21.81s
2026-01-20 06:19:24,520 | INFO | Batch 390 | Loss: 0.1612 | Correct: 122/128 | Elapsed Time: 21.67s
2026-01-20 06:19:25,940 | INFO | Epoch [60/100] - Loss: 0.1247 | Correct: 47880/50000 (95.76%, 850.49s)
2026-01-20 06:20:38,410 | INFO | Validation - Loss: 0.3625 | Correct: 8862/10000 (88.62%) (72.47s)
2026-01-20 06:21:00,120 | INFO | Batch 10 | Loss: 0.1586 | Correct: 118/128 | Elapsed Time: 21.71s
2026-01-20 06:21:21,841 | INFO | Batch 20 | Loss: 0.1264 | Correct: 123/128 | Elapsed Time: 21.72s
2026-01-20 06:21:43,538 | INFO | Batch 30 | Loss: 0.0860 | Correct: 123/128 | Elapsed Time: 21.70s
2026-01-20 06:22:05,338 | INFO | Batch 40 | Loss: 0.1277 | Correct: 125/128 | Elapsed Time: 21.80s
2026-01-20 06:22:27,131 | INFO | Batch 50 | Loss: 0.2102 | Correct: 118/128 | Elapsed Time: 21.79s
2026-01-20 06:22:48,844 | INFO | Batch 60 | Loss: 0.0772 | Correct: 125/128 | Elapsed Time: 21.71s
2026-01-20 06:23:10,599 | INFO | Batch 70 | Loss: 0.0884 | Correct: 124/128 | Elapsed Time: 21.76s
2026-01-20 06:23:32,295 | INFO | Batch 80 | Loss: 0.1378 | Correct: 124/128 | Elapsed Time: 21.70s
2026-01-20 06:23:53,992 | INFO | Batch 90 | Loss: 0.0751 | Correct: 126/128 | Elapsed Time: 21.70s
2026-01-20 06:24:15,865 | INFO | Batch 100 | Loss: 0.1243 | Correct: 123/128 | Elapsed Time: 21.87s
2026-01-20 06:24:37,535 | INFO | Batch 110 | Loss: 0.1439 | Correct: 121/128 | Elapsed Time: 21.67s
2026-01-20 06:24:59,267 | INFO | Batch 120 | Loss: 0.1463 | Correct: 120/128 | Elapsed Time: 21.73s
2026-01-20 06:25:20,992 | INFO | Batch 130 | Loss: 0.1277 | Correct: 123/128 | Elapsed Time: 21.72s
2026-01-20 06:25:42,657 | INFO | Batch 140 | Loss: 0.0503 | Correct: 126/128 | Elapsed Time: 21.67s
2026-01-20 06:26:04,386 | INFO | Batch 150 | Loss: 0.0700 | Correct: 124/128 | Elapsed Time: 21.73s
2026-01-20 06:26:26,124 | INFO | Batch 160 | Loss: 0.1230 | Correct: 122/128 | Elapsed Time: 21.74s
2026-01-20 06:26:47,944 | INFO | Batch 170 | Loss: 0.0806 | Correct: 124/128 | Elapsed Time: 21.82s
2026-01-20 06:27:09,663 | INFO | Batch 180 | Loss: 0.2172 | Correct: 121/128 | Elapsed Time: 21.72s
2026-01-20 06:27:31,388 | INFO | Batch 190 | Loss: 0.1470 | Correct: 121/128 | Elapsed Time: 21.72s
2026-01-20 06:27:53,045 | INFO | Batch 200 | Loss: 0.1657 | Correct: 119/128 | Elapsed Time: 21.66s
2026-01-20 06:28:14,776 | INFO | Batch 210 | Loss: 0.2268 | Correct: 120/128 | Elapsed Time: 21.73s
2026-01-20 06:28:36,536 | INFO | Batch 220 | Loss: 0.1604 | Correct: 121/128 | Elapsed Time: 21.76s
2026-01-20 06:28:58,275 | INFO | Batch 230 | Loss: 0.1264 | Correct: 120/128 | Elapsed Time: 21.74s
2026-01-20 06:29:19,990 | INFO | Batch 240 | Loss: 0.0898 | Correct: 125/128 | Elapsed Time: 21.72s
2026-01-20 06:29:41,700 | INFO | Batch 250 | Loss: 0.0646 | Correct: 124/128 | Elapsed Time: 21.71s
2026-01-20 06:30:03,412 | INFO | Batch 260 | Loss: 0.1463 | Correct: 122/128 | Elapsed Time: 21.71s
2026-01-20 06:30:25,253 | INFO | Batch 270 | Loss: 0.1621 | Correct: 121/128 | Elapsed Time: 21.84s
2026-01-20 06:30:46,945 | INFO | Batch 280 | Loss: 0.0663 | Correct: 128/128 | Elapsed Time: 21.69s
2026-01-20 06:31:08,816 | INFO | Batch 290 | Loss: 0.0846 | Correct: 124/128 | Elapsed Time: 21.87s
2026-01-20 06:31:30,498 | INFO | Batch 300 | Loss: 0.1045 | Correct: 124/128 | Elapsed Time: 21.68s
2026-01-20 06:31:52,175 | INFO | Batch 310 | Loss: 0.1012 | Correct: 124/128 | Elapsed Time: 21.68s
2026-01-20 06:32:13,899 | INFO | Batch 320 | Loss: 0.1612 | Correct: 123/128 | Elapsed Time: 21.72s
2026-01-20 06:32:35,563 | INFO | Batch 330 | Loss: 0.1298 | Correct: 121/128 | Elapsed Time: 21.66s
2026-01-20 06:32:57,264 | INFO | Batch 340 | Loss: 0.1165 | Correct: 125/128 | Elapsed Time: 21.70s
2026-01-20 06:33:18,998 | INFO | Batch 350 | Loss: 0.1639 | Correct: 119/128 | Elapsed Time: 21.73s
2026-01-20 06:33:40,775 | INFO | Batch 360 | Loss: 0.1277 | Correct: 124/128 | Elapsed Time: 21.78s
2026-01-20 06:34:02,483 | INFO | Batch 370 | Loss: 0.1312 | Correct: 126/128 | Elapsed Time: 21.71s
2026-01-20 06:34:24,206 | INFO | Batch 380 | Loss: 0.1806 | Correct: 119/128 | Elapsed Time: 21.72s
2026-01-20 06:34:45,856 | INFO | Batch 390 | Loss: 0.1721 | Correct: 119/128 | Elapsed Time: 21.65s
2026-01-20 06:34:47,252 | INFO | Epoch [61/100] - Loss: 0.1236 | Correct: 47900/50000 (95.80%, 848.84s)
2026-01-20 06:35:59,326 | INFO | Validation - Loss: 0.3606 | Correct: 8857/10000 (88.57%) (72.07s)
2026-01-20 06:36:21,076 | INFO | Batch 10 | Loss: 0.0913 | Correct: 124/128 | Elapsed Time: 21.75s
2026-01-20 06:36:42,782 | INFO | Batch 20 | Loss: 0.1711 | Correct: 123/128 | Elapsed Time: 21.71s
2026-01-20 06:37:04,543 | INFO | Batch 30 | Loss: 0.1146 | Correct: 121/128 | Elapsed Time: 21.76s
2026-01-20 06:37:26,247 | INFO | Batch 40 | Loss: 0.1134 | Correct: 124/128 | Elapsed Time: 21.70s
2026-01-20 06:37:47,971 | INFO | Batch 50 | Loss: 0.1040 | Correct: 123/128 | Elapsed Time: 21.72s
2026-01-20 06:38:09,760 | INFO | Batch 60 | Loss: 0.1197 | Correct: 122/128 | Elapsed Time: 21.79s
2026-01-20 06:38:31,452 | INFO | Batch 70 | Loss: 0.0764 | Correct: 124/128 | Elapsed Time: 21.69s
2026-01-20 06:38:53,200 | INFO | Batch 80 | Loss: 0.0856 | Correct: 126/128 | Elapsed Time: 21.75s
2026-01-20 06:39:14,953 | INFO | Batch 90 | Loss: 0.1068 | Correct: 125/128 | Elapsed Time: 21.75s
2026-01-20 06:39:36,637 | INFO | Batch 100 | Loss: 0.0564 | Correct: 126/128 | Elapsed Time: 21.68s
2026-01-20 06:39:58,330 | INFO | Batch 110 | Loss: 0.0923 | Correct: 124/128 | Elapsed Time: 21.69s
2026-01-20 06:40:20,099 | INFO | Batch 120 | Loss: 0.0472 | Correct: 127/128 | Elapsed Time: 21.77s
2026-01-20 06:40:41,745 | INFO | Batch 130 | Loss: 0.1204 | Correct: 121/128 | Elapsed Time: 21.65s
2026-01-20 06:41:03,443 | INFO | Batch 140 | Loss: 0.1230 | Correct: 123/128 | Elapsed Time: 21.70s
2026-01-20 06:41:25,301 | INFO | Batch 150 | Loss: 0.1264 | Correct: 123/128 | Elapsed Time: 21.86s
2026-01-20 06:41:47,041 | INFO | Batch 160 | Loss: 0.1702 | Correct: 119/128 | Elapsed Time: 21.74s
2026-01-20 06:42:08,749 | INFO | Batch 170 | Loss: 0.0592 | Correct: 125/128 | Elapsed Time: 21.71s
2026-01-20 06:42:30,450 | INFO | Batch 180 | Loss: 0.1569 | Correct: 119/128 | Elapsed Time: 21.70s
2026-01-20 06:42:52,156 | INFO | Batch 190 | Loss: 0.2068 | Correct: 118/128 | Elapsed Time: 21.71s
2026-01-20 06:43:13,921 | INFO | Batch 200 | Loss: 0.1034 | Correct: 122/128 | Elapsed Time: 21.76s
2026-01-20 06:43:35,563 | INFO | Batch 210 | Loss: 0.0716 | Correct: 124/128 | Elapsed Time: 21.64s
2026-01-20 06:43:57,235 | INFO | Batch 220 | Loss: 0.1938 | Correct: 121/128 | Elapsed Time: 21.67s
2026-01-20 06:44:18,944 | INFO | Batch 230 | Loss: 0.1758 | Correct: 122/128 | Elapsed Time: 21.71s
2026-01-20 06:44:40,632 | INFO | Batch 240 | Loss: 0.1721 | Correct: 121/128 | Elapsed Time: 21.69s
2026-01-20 06:45:02,318 | INFO | Batch 250 | Loss: 0.1768 | Correct: 117/128 | Elapsed Time: 21.69s
2026-01-20 06:45:24,032 | INFO | Batch 260 | Loss: 0.1487 | Correct: 122/128 | Elapsed Time: 21.71s
2026-01-20 06:45:45,832 | INFO | Batch 270 | Loss: 0.0948 | Correct: 123/128 | Elapsed Time: 21.80s
2026-01-20 06:46:07,525 | INFO | Batch 280 | Loss: 0.1243 | Correct: 121/128 | Elapsed Time: 21.69s
2026-01-20 06:46:29,136 | INFO | Batch 290 | Loss: 0.0879 | Correct: 125/128 | Elapsed Time: 21.61s
2026-01-20 06:46:50,776 | INFO | Batch 300 | Loss: 0.1068 | Correct: 123/128 | Elapsed Time: 21.64s
2026-01-20 06:47:12,459 | INFO | Batch 310 | Loss: 0.1408 | Correct: 123/128 | Elapsed Time: 21.68s
2026-01-20 06:47:34,128 | INFO | Batch 320 | Loss: 0.1711 | Correct: 121/128 | Elapsed Time: 21.67s
2026-01-20 06:47:55,801 | INFO | Batch 330 | Loss: 0.0815 | Correct: 126/128 | Elapsed Time: 21.67s
2026-01-20 06:48:17,611 | INFO | Batch 340 | Loss: 0.2473 | Correct: 117/128 | Elapsed Time: 21.81s
2026-01-20 06:48:39,278 | INFO | Batch 350 | Loss: 0.0632 | Correct: 125/128 | Elapsed Time: 21.67s
2026-01-20 06:49:00,961 | INFO | Batch 360 | Loss: 0.0985 | Correct: 123/128 | Elapsed Time: 21.68s
2026-01-20 06:49:22,652 | INFO | Batch 370 | Loss: 0.1034 | Correct: 126/128 | Elapsed Time: 21.69s
2026-01-20 06:49:44,325 | INFO | Batch 380 | Loss: 0.1334 | Correct: 123/128 | Elapsed Time: 21.67s
2026-01-20 06:50:05,993 | INFO | Batch 390 | Loss: 0.0874 | Correct: 122/128 | Elapsed Time: 21.67s
2026-01-20 06:50:07,393 | INFO | Epoch [62/100] - Loss: 0.1213 | Correct: 47903/50000 (95.81%, 848.06s)
2026-01-20 06:51:19,892 | INFO | Validation - Loss: 0.3614 | Correct: 8871/10000 (88.71%) (72.50s)
2026-01-20 06:51:41,637 | INFO | Batch 10 | Loss: 0.1693 | Correct: 122/128 | Elapsed Time: 21.74s
2026-01-20 06:52:03,382 | INFO | Batch 20 | Loss: 0.1210 | Correct: 121/128 | Elapsed Time: 21.75s
2026-01-20 06:52:25,096 | INFO | Batch 30 | Loss: 0.0523 | Correct: 125/128 | Elapsed Time: 21.71s
2026-01-20 06:52:46,793 | INFO | Batch 40 | Loss: 0.0731 | Correct: 123/128 | Elapsed Time: 21.70s
2026-01-20 06:53:08,514 | INFO | Batch 50 | Loss: 0.0842 | Correct: 126/128 | Elapsed Time: 21.72s
2026-01-20 06:53:30,343 | INFO | Batch 60 | Loss: 0.2293 | Correct: 119/128 | Elapsed Time: 21.83s
2026-01-20 06:53:52,008 | INFO | Batch 70 | Loss: 0.0923 | Correct: 126/128 | Elapsed Time: 21.66s
2026-01-20 06:54:13,730 | INFO | Batch 80 | Loss: 0.1511 | Correct: 122/128 | Elapsed Time: 21.72s
2026-01-20 06:54:35,444 | INFO | Batch 90 | Loss: 0.1423 | Correct: 123/128 | Elapsed Time: 21.71s
2026-01-20 06:54:57,061 | INFO | Batch 100 | Loss: 0.1836 | Correct: 118/128 | Elapsed Time: 21.62s
2026-01-20 06:55:18,815 | INFO | Batch 110 | Loss: 0.0833 | Correct: 124/128 | Elapsed Time: 21.75s
2026-01-20 06:55:40,616 | INFO | Batch 120 | Loss: 0.0509 | Correct: 127/128 | Elapsed Time: 21.80s
2026-01-20 06:56:02,329 | INFO | Batch 130 | Loss: 0.1086 | Correct: 122/128 | Elapsed Time: 21.71s
2026-01-20 06:56:24,091 | INFO | Batch 140 | Loss: 0.1569 | Correct: 122/128 | Elapsed Time: 21.76s
2026-01-20 06:56:45,818 | INFO | Batch 150 | Loss: 0.0642 | Correct: 124/128 | Elapsed Time: 21.73s
2026-01-20 06:57:07,468 | INFO | Batch 160 | Loss: 0.1092 | Correct: 121/128 | Elapsed Time: 21.65s
2026-01-20 06:57:29,065 | INFO | Batch 170 | Loss: 0.1511 | Correct: 123/128 | Elapsed Time: 21.60s
2026-01-20 06:57:50,686 | INFO | Batch 180 | Loss: 0.0570 | Correct: 126/128 | Elapsed Time: 21.62s
2026-01-20 06:58:12,561 | INFO | Batch 190 | Loss: 0.1264 | Correct: 123/128 | Elapsed Time: 21.88s
2026-01-20 06:58:34,307 | INFO | Batch 200 | Loss: 0.0953 | Correct: 123/128 | Elapsed Time: 21.75s
2026-01-20 06:58:55,991 | INFO | Batch 210 | Loss: 0.1408 | Correct: 122/128 | Elapsed Time: 21.68s
2026-01-20 06:59:17,707 | INFO | Batch 220 | Loss: 0.1045 | Correct: 122/128 | Elapsed Time: 21.72s
2026-01-20 06:59:39,393 | INFO | Batch 230 | Loss: 0.1385 | Correct: 119/128 | Elapsed Time: 21.69s
2026-01-20 07:00:01,096 | INFO | Batch 240 | Loss: 0.1666 | Correct: 121/128 | Elapsed Time: 21.70s
2026-01-20 07:00:23,032 | INFO | Batch 250 | Loss: 0.0898 | Correct: 124/128 | Elapsed Time: 21.94s
2026-01-20 07:00:44,708 | INFO | Batch 260 | Loss: 0.0704 | Correct: 126/128 | Elapsed Time: 21.68s
2026-01-20 07:01:06,424 | INFO | Batch 270 | Loss: 0.1621 | Correct: 120/128 | Elapsed Time: 21.72s
2026-01-20 07:01:28,111 | INFO | Batch 280 | Loss: 0.0851 | Correct: 124/128 | Elapsed Time: 21.69s
2026-01-20 07:01:49,795 | INFO | Batch 290 | Loss: 0.0923 | Correct: 123/128 | Elapsed Time: 21.68s
2026-01-20 07:02:11,521 | INFO | Batch 300 | Loss: 0.0943 | Correct: 124/128 | Elapsed Time: 21.73s
2026-01-20 07:02:33,214 | INFO | Batch 310 | Loss: 0.1758 | Correct: 123/128 | Elapsed Time: 21.69s
2026-01-20 07:02:55,026 | INFO | Batch 320 | Loss: 0.1561 | Correct: 123/128 | Elapsed Time: 21.81s
2026-01-20 07:03:16,766 | INFO | Batch 330 | Loss: 0.0649 | Correct: 126/128 | Elapsed Time: 21.74s
2026-01-20 07:03:38,473 | INFO | Batch 340 | Loss: 0.1561 | Correct: 124/128 | Elapsed Time: 21.71s
2026-01-20 07:04:00,132 | INFO | Batch 350 | Loss: 0.1007 | Correct: 123/128 | Elapsed Time: 21.66s
2026-01-20 07:04:21,845 | INFO | Batch 360 | Loss: 0.1291 | Correct: 122/128 | Elapsed Time: 21.71s
2026-01-20 07:04:43,552 | INFO | Batch 370 | Loss: 0.1104 | Correct: 123/128 | Elapsed Time: 21.71s
2026-01-20 07:05:05,292 | INFO | Batch 380 | Loss: 0.0894 | Correct: 125/128 | Elapsed Time: 21.74s
2026-01-20 07:05:27,063 | INFO | Batch 390 | Loss: 0.1291 | Correct: 122/128 | Elapsed Time: 21.77s
2026-01-20 07:05:28,475 | INFO | Epoch [63/100] - Loss: 0.1185 | Correct: 47963/50000 (95.93%, 848.58s)
2026-01-20 07:06:40,951 | INFO | Validation - Loss: 0.3624 | Correct: 8867/10000 (88.67%) (72.47s)
2026-01-20 07:07:02,795 | INFO | Batch 10 | Loss: 0.1604 | Correct: 122/128 | Elapsed Time: 21.84s
2026-01-20 07:07:24,562 | INFO | Batch 20 | Loss: 0.0785 | Correct: 125/128 | Elapsed Time: 21.77s
2026-01-20 07:07:46,415 | INFO | Batch 30 | Loss: 0.1439 | Correct: 120/128 | Elapsed Time: 21.85s
2026-01-20 07:08:08,245 | INFO | Batch 40 | Loss: 0.1029 | Correct: 126/128 | Elapsed Time: 21.83s
2026-01-20 07:08:30,058 | INFO | Batch 50 | Loss: 0.1657 | Correct: 122/128 | Elapsed Time: 21.81s
2026-01-20 07:08:51,998 | INFO | Batch 60 | Loss: 0.2035 | Correct: 120/128 | Elapsed Time: 21.94s
2026-01-20 07:09:13,827 | INFO | Batch 70 | Loss: 0.1416 | Correct: 122/128 | Elapsed Time: 21.83s
2026-01-20 07:09:35,614 | INFO | Batch 80 | Loss: 0.1197 | Correct: 119/128 | Elapsed Time: 21.79s
2026-01-20 07:09:57,381 | INFO | Batch 90 | Loss: 0.1210 | Correct: 122/128 | Elapsed Time: 21.77s
2026-01-20 07:10:19,306 | INFO | Batch 100 | Loss: 0.1257 | Correct: 122/128 | Elapsed Time: 21.93s
2026-01-20 07:10:41,137 | INFO | Batch 110 | Loss: 0.1416 | Correct: 120/128 | Elapsed Time: 21.83s
2026-01-20 07:11:02,929 | INFO | Batch 120 | Loss: 0.0423 | Correct: 127/128 | Elapsed Time: 21.79s
2026-01-20 07:11:24,672 | INFO | Batch 130 | Loss: 0.2137 | Correct: 122/128 | Elapsed Time: 21.74s
2026-01-20 07:11:46,528 | INFO | Batch 140 | Loss: 0.0685 | Correct: 126/128 | Elapsed Time: 21.86s
2026-01-20 07:12:08,327 | INFO | Batch 150 | Loss: 0.0660 | Correct: 127/128 | Elapsed Time: 21.80s
2026-01-20 07:12:30,015 | INFO | Batch 160 | Loss: 0.0974 | Correct: 121/128 | Elapsed Time: 21.69s
2026-01-20 07:12:51,682 | INFO | Batch 170 | Loss: 0.1431 | Correct: 123/128 | Elapsed Time: 21.67s
2026-01-20 07:13:13,550 | INFO | Batch 180 | Loss: 0.1034 | Correct: 125/128 | Elapsed Time: 21.87s
2026-01-20 07:13:35,253 | INFO | Batch 190 | Loss: 0.1210 | Correct: 121/128 | Elapsed Time: 21.70s
2026-01-20 07:13:56,942 | INFO | Batch 200 | Loss: 0.1527 | Correct: 120/128 | Elapsed Time: 21.69s
2026-01-20 07:14:18,746 | INFO | Batch 210 | Loss: 0.1034 | Correct: 124/128 | Elapsed Time: 21.80s
2026-01-20 07:14:40,462 | INFO | Batch 220 | Loss: 0.0837 | Correct: 124/128 | Elapsed Time: 21.72s
2026-01-20 07:15:02,245 | INFO | Batch 230 | Loss: 0.1371 | Correct: 121/128 | Elapsed Time: 21.78s
2026-01-20 07:15:23,932 | INFO | Batch 240 | Loss: 0.1063 | Correct: 123/128 | Elapsed Time: 21.69s
2026-01-20 07:15:45,588 | INFO | Batch 250 | Loss: 0.1334 | Correct: 123/128 | Elapsed Time: 21.66s
2026-01-20 07:16:07,337 | INFO | Batch 260 | Loss: 0.0938 | Correct: 125/128 | Elapsed Time: 21.75s
2026-01-20 07:16:29,037 | INFO | Batch 270 | Loss: 0.0727 | Correct: 124/128 | Elapsed Time: 21.70s
2026-01-20 07:16:50,756 | INFO | Batch 280 | Loss: 0.0851 | Correct: 123/128 | Elapsed Time: 21.72s
2026-01-20 07:17:12,482 | INFO | Batch 290 | Loss: 0.0990 | Correct: 122/128 | Elapsed Time: 21.73s
2026-01-20 07:17:34,271 | INFO | Batch 300 | Loss: 0.1023 | Correct: 125/128 | Elapsed Time: 21.79s
2026-01-20 07:17:55,955 | INFO | Batch 310 | Loss: 0.0592 | Correct: 125/128 | Elapsed Time: 21.68s
2026-01-20 07:18:17,648 | INFO | Batch 320 | Loss: 0.1140 | Correct: 123/128 | Elapsed Time: 21.69s
2026-01-20 07:18:39,296 | INFO | Batch 330 | Loss: 0.0811 | Correct: 124/128 | Elapsed Time: 21.65s
2026-01-20 07:19:00,935 | INFO | Batch 340 | Loss: 0.2114 | Correct: 120/128 | Elapsed Time: 21.64s
2026-01-20 07:19:22,536 | INFO | Batch 350 | Loss: 0.0860 | Correct: 124/128 | Elapsed Time: 21.60s
2026-01-20 07:19:44,186 | INFO | Batch 360 | Loss: 0.2148 | Correct: 118/128 | Elapsed Time: 21.65s
2026-01-20 07:20:05,975 | INFO | Batch 370 | Loss: 0.0437 | Correct: 128/128 | Elapsed Time: 21.79s
2026-01-20 07:20:27,713 | INFO | Batch 380 | Loss: 0.0663 | Correct: 125/128 | Elapsed Time: 21.74s
2026-01-20 07:20:49,380 | INFO | Batch 390 | Loss: 0.1586 | Correct: 121/128 | Elapsed Time: 21.67s
2026-01-20 07:20:50,784 | INFO | Epoch [64/100] - Loss: 0.1190 | Correct: 47948/50000 (95.90%, 849.83s)
2026-01-20 07:22:03,048 | INFO | Validation - Loss: 0.3723 | Correct: 8850/10000 (88.50%) (72.26s)
2026-01-20 07:22:24,863 | INFO | Batch 10 | Loss: 0.1298 | Correct: 124/128 | Elapsed Time: 21.81s
2026-01-20 07:22:46,573 | INFO | Batch 20 | Loss: 0.0719 | Correct: 125/128 | Elapsed Time: 21.71s
2026-01-20 07:23:08,314 | INFO | Batch 30 | Loss: 0.1230 | Correct: 121/128 | Elapsed Time: 21.74s
2026-01-20 07:23:30,109 | INFO | Batch 40 | Loss: 0.0898 | Correct: 124/128 | Elapsed Time: 21.80s
2026-01-20 07:23:51,800 | INFO | Batch 50 | Loss: 0.1981 | Correct: 120/128 | Elapsed Time: 21.69s
2026-01-20 07:24:13,482 | INFO | Batch 60 | Loss: 0.0828 | Correct: 126/128 | Elapsed Time: 21.68s
2026-01-20 07:24:35,125 | INFO | Batch 70 | Loss: 0.0802 | Correct: 125/128 | Elapsed Time: 21.64s
2026-01-20 07:24:56,802 | INFO | Batch 80 | Loss: 0.0592 | Correct: 125/128 | Elapsed Time: 21.68s
2026-01-20 07:25:18,506 | INFO | Batch 90 | Loss: 0.1569 | Correct: 122/128 | Elapsed Time: 21.70s
2026-01-20 07:25:40,135 | INFO | Batch 100 | Loss: 0.1210 | Correct: 121/128 | Elapsed Time: 21.63s
2026-01-20 07:26:01,964 | INFO | Batch 110 | Loss: 0.1928 | Correct: 122/128 | Elapsed Time: 21.83s
2026-01-20 07:26:23,680 | INFO | Batch 120 | Loss: 0.1612 | Correct: 120/128 | Elapsed Time: 21.72s
2026-01-20 07:26:45,346 | INFO | Batch 130 | Loss: 0.0592 | Correct: 127/128 | Elapsed Time: 21.67s
2026-01-20 07:27:07,090 | INFO | Batch 140 | Loss: 0.1503 | Correct: 122/128 | Elapsed Time: 21.74s
2026-01-20 07:27:28,820 | INFO | Batch 150 | Loss: 0.0747 | Correct: 125/128 | Elapsed Time: 21.73s
2026-01-20 07:27:50,592 | INFO | Batch 160 | Loss: 0.1561 | Correct: 119/128 | Elapsed Time: 21.77s
2026-01-20 07:28:12,369 | INFO | Batch 170 | Loss: 0.0785 | Correct: 125/128 | Elapsed Time: 21.78s
2026-01-20 07:28:34,119 | INFO | Batch 180 | Loss: 0.0943 | Correct: 126/128 | Elapsed Time: 21.75s
2026-01-20 07:28:55,783 | INFO | Batch 190 | Loss: 0.0772 | Correct: 125/128 | Elapsed Time: 21.66s
2026-01-20 07:29:17,546 | INFO | Batch 200 | Loss: 0.1578 | Correct: 123/128 | Elapsed Time: 21.76s
2026-01-20 07:29:39,183 | INFO | Batch 210 | Loss: 0.1110 | Correct: 122/128 | Elapsed Time: 21.64s
2026-01-20 07:30:00,882 | INFO | Batch 220 | Loss: 0.1165 | Correct: 122/128 | Elapsed Time: 21.70s
2026-01-20 07:30:22,615 | INFO | Batch 230 | Loss: 0.0785 | Correct: 126/128 | Elapsed Time: 21.73s
2026-01-20 07:30:44,402 | INFO | Batch 240 | Loss: 0.0755 | Correct: 126/128 | Elapsed Time: 21.79s
2026-01-20 07:31:06,129 | INFO | Batch 250 | Loss: 0.1487 | Correct: 120/128 | Elapsed Time: 21.73s
2026-01-20 07:31:27,787 | INFO | Batch 260 | Loss: 0.0589 | Correct: 126/128 | Elapsed Time: 21.66s
2026-01-20 07:31:49,455 | INFO | Batch 270 | Loss: 0.1270 | Correct: 123/128 | Elapsed Time: 21.67s
2026-01-20 07:32:11,219 | INFO | Batch 280 | Loss: 0.1305 | Correct: 122/128 | Elapsed Time: 21.76s
2026-01-20 07:32:32,894 | INFO | Batch 290 | Loss: 0.1959 | Correct: 118/128 | Elapsed Time: 21.67s
2026-01-20 07:32:54,622 | INFO | Batch 300 | Loss: 0.0938 | Correct: 125/128 | Elapsed Time: 21.73s
2026-01-20 07:33:16,469 | INFO | Batch 310 | Loss: 0.0558 | Correct: 126/128 | Elapsed Time: 21.85s
2026-01-20 07:33:38,250 | INFO | Batch 320 | Loss: 0.1356 | Correct: 122/128 | Elapsed Time: 21.78s
2026-01-20 07:33:59,966 | INFO | Batch 330 | Loss: 0.1431 | Correct: 124/128 | Elapsed Time: 21.72s
2026-01-20 07:34:21,754 | INFO | Batch 340 | Loss: 0.0704 | Correct: 125/128 | Elapsed Time: 21.79s
2026-01-20 07:34:43,443 | INFO | Batch 350 | Loss: 0.0432 | Correct: 126/128 | Elapsed Time: 21.69s
2026-01-20 07:35:05,179 | INFO | Batch 360 | Loss: 0.0523 | Correct: 127/128 | Elapsed Time: 21.74s
2026-01-20 07:35:26,854 | INFO | Batch 370 | Loss: 0.1561 | Correct: 122/128 | Elapsed Time: 21.67s
2026-01-20 07:35:48,640 | INFO | Batch 380 | Loss: 0.1018 | Correct: 125/128 | Elapsed Time: 21.79s
2026-01-20 07:36:10,375 | INFO | Batch 390 | Loss: 0.0747 | Correct: 122/128 | Elapsed Time: 21.74s
2026-01-20 07:36:11,793 | INFO | Epoch [65/100] - Loss: 0.1175 | Correct: 47986/50000 (95.97%, 848.74s)
2026-01-20 07:37:23,972 | INFO | Validation - Loss: 0.3636 | Correct: 8871/10000 (88.71%) (72.18s)
2026-01-20 07:37:45,669 | INFO | Batch 10 | Loss: 0.1134 | Correct: 122/128 | Elapsed Time: 21.69s
2026-01-20 07:38:07,385 | INFO | Batch 20 | Loss: 0.0615 | Correct: 127/128 | Elapsed Time: 21.72s
2026-01-20 07:38:29,052 | INFO | Batch 30 | Loss: 0.1230 | Correct: 121/128 | Elapsed Time: 21.67s
2026-01-20 07:38:50,812 | INFO | Batch 40 | Loss: 0.1886 | Correct: 121/128 | Elapsed Time: 21.76s
2026-01-20 07:39:12,588 | INFO | Batch 50 | Loss: 0.0751 | Correct: 125/128 | Elapsed Time: 21.78s
2026-01-20 07:39:34,305 | INFO | Batch 60 | Loss: 0.2305 | Correct: 120/128 | Elapsed Time: 21.72s
2026-01-20 07:39:56,028 | INFO | Batch 70 | Loss: 0.1327 | Correct: 121/128 | Elapsed Time: 21.72s
2026-01-20 07:40:17,865 | INFO | Batch 80 | Loss: 0.0793 | Correct: 124/128 | Elapsed Time: 21.84s
2026-01-20 07:40:39,528 | INFO | Batch 90 | Loss: 0.1312 | Correct: 124/128 | Elapsed Time: 21.66s
2026-01-20 07:41:01,186 | INFO | Batch 100 | Loss: 0.0793 | Correct: 125/128 | Elapsed Time: 21.66s
2026-01-20 07:41:22,922 | INFO | Batch 110 | Loss: 0.1029 | Correct: 124/128 | Elapsed Time: 21.74s
2026-01-20 07:41:44,608 | INFO | Batch 120 | Loss: 0.1621 | Correct: 119/128 | Elapsed Time: 21.69s
2026-01-20 07:42:06,294 | INFO | Batch 130 | Loss: 0.1684 | Correct: 121/128 | Elapsed Time: 21.69s
2026-01-20 07:42:28,007 | INFO | Batch 140 | Loss: 0.1356 | Correct: 123/128 | Elapsed Time: 21.71s
2026-01-20 07:42:49,681 | INFO | Batch 150 | Loss: 0.2343 | Correct: 119/128 | Elapsed Time: 21.67s
2026-01-20 07:43:11,375 | INFO | Batch 160 | Loss: 0.1327 | Correct: 121/128 | Elapsed Time: 21.69s
2026-01-20 07:43:33,070 | INFO | Batch 170 | Loss: 0.1876 | Correct: 123/128 | Elapsed Time: 21.69s
2026-01-20 07:43:54,876 | INFO | Batch 180 | Loss: 0.0964 | Correct: 124/128 | Elapsed Time: 21.81s
2026-01-20 07:44:16,598 | INFO | Batch 190 | Loss: 0.0561 | Correct: 126/128 | Elapsed Time: 21.72s
2026-01-20 07:44:38,293 | INFO | Batch 200 | Loss: 0.1045 | Correct: 122/128 | Elapsed Time: 21.70s
2026-01-20 07:44:59,927 | INFO | Batch 210 | Loss: 0.1178 | Correct: 125/128 | Elapsed Time: 21.63s
2026-01-20 07:45:21,703 | INFO | Batch 220 | Loss: 0.0842 | Correct: 125/128 | Elapsed Time: 21.78s
2026-01-20 07:45:43,406 | INFO | Batch 230 | Loss: 0.1478 | Correct: 123/128 | Elapsed Time: 21.70s
2026-01-20 07:46:05,111 | INFO | Batch 240 | Loss: 0.0828 | Correct: 123/128 | Elapsed Time: 21.71s
2026-01-20 07:46:26,860 | INFO | Batch 250 | Loss: 0.1001 | Correct: 123/128 | Elapsed Time: 21.75s
2026-01-20 07:46:48,538 | INFO | Batch 260 | Loss: 0.1128 | Correct: 121/128 | Elapsed Time: 21.68s
2026-01-20 07:47:10,206 | INFO | Batch 270 | Loss: 0.1197 | Correct: 123/128 | Elapsed Time: 21.67s
2026-01-20 07:47:31,904 | INFO | Batch 280 | Loss: 0.1057 | Correct: 122/128 | Elapsed Time: 21.70s
2026-01-20 07:47:53,578 | INFO | Batch 290 | Loss: 0.1519 | Correct: 121/128 | Elapsed Time: 21.67s
2026-01-20 07:48:15,318 | INFO | Batch 300 | Loss: 0.1051 | Correct: 123/128 | Elapsed Time: 21.74s
2026-01-20 07:48:37,022 | INFO | Batch 310 | Loss: 0.1312 | Correct: 120/128 | Elapsed Time: 21.70s
2026-01-20 07:48:58,795 | INFO | Batch 320 | Loss: 0.0747 | Correct: 126/128 | Elapsed Time: 21.77s
2026-01-20 07:49:20,498 | INFO | Batch 330 | Loss: 0.1356 | Correct: 125/128 | Elapsed Time: 21.70s
2026-01-20 07:49:42,174 | INFO | Batch 340 | Loss: 0.1204 | Correct: 123/128 | Elapsed Time: 21.68s
2026-01-20 07:50:03,914 | INFO | Batch 350 | Loss: 0.0462 | Correct: 126/128 | Elapsed Time: 21.74s
2026-01-20 07:50:25,738 | INFO | Batch 360 | Loss: 0.1197 | Correct: 123/128 | Elapsed Time: 21.82s
2026-01-20 07:50:47,468 | INFO | Batch 370 | Loss: 0.0708 | Correct: 126/128 | Elapsed Time: 21.73s
2026-01-20 07:51:09,197 | INFO | Batch 380 | Loss: 0.0755 | Correct: 125/128 | Elapsed Time: 21.73s
2026-01-20 07:51:30,958 | INFO | Batch 390 | Loss: 0.1578 | Correct: 121/128 | Elapsed Time: 21.76s
2026-01-20 07:51:32,374 | INFO | Epoch [66/100] - Loss: 0.1148 | Correct: 48001/50000 (96.00%, 848.40s)
2026-01-20 07:52:44,647 | INFO | Validation - Loss: 0.3677 | Correct: 8864/10000 (88.64%) (72.27s)
2026-01-20 07:53:06,455 | INFO | Batch 10 | Loss: 0.1730 | Correct: 120/128 | Elapsed Time: 21.81s
2026-01-20 07:53:28,183 | INFO | Batch 20 | Loss: 0.0974 | Correct: 123/128 | Elapsed Time: 21.73s
2026-01-20 07:53:49,840 | INFO | Batch 30 | Loss: 0.1298 | Correct: 120/128 | Elapsed Time: 21.66s
2026-01-20 07:54:11,562 | INFO | Batch 40 | Loss: 0.0589 | Correct: 126/128 | Elapsed Time: 21.72s
2026-01-20 07:54:33,390 | INFO | Batch 50 | Loss: 0.0959 | Correct: 123/128 | Elapsed Time: 21.83s
2026-01-20 07:54:55,113 | INFO | Batch 60 | Loss: 0.0879 | Correct: 123/128 | Elapsed Time: 21.72s
2026-01-20 07:55:16,927 | INFO | Batch 70 | Loss: 0.1552 | Correct: 122/128 | Elapsed Time: 21.81s
2026-01-20 07:55:38,681 | INFO | Batch 80 | Loss: 0.1298 | Correct: 121/128 | Elapsed Time: 21.75s
2026-01-20 07:56:00,409 | INFO | Batch 90 | Loss: 0.0851 | Correct: 125/128 | Elapsed Time: 21.73s
2026-01-20 07:56:22,147 | INFO | Batch 100 | Loss: 0.0632 | Correct: 125/128 | Elapsed Time: 21.74s
2026-01-20 07:56:43,850 | INFO | Batch 110 | Loss: 0.1230 | Correct: 120/128 | Elapsed Time: 21.70s
2026-01-20 07:57:05,687 | INFO | Batch 120 | Loss: 0.0894 | Correct: 123/128 | Elapsed Time: 21.84s
2026-01-20 07:57:27,405 | INFO | Batch 130 | Loss: 0.1018 | Correct: 124/128 | Elapsed Time: 21.72s
2026-01-20 07:57:49,081 | INFO | Batch 140 | Loss: 0.0879 | Correct: 124/128 | Elapsed Time: 21.68s
2026-01-20 07:58:10,830 | INFO | Batch 150 | Loss: 0.0716 | Correct: 123/128 | Elapsed Time: 21.75s
2026-01-20 07:58:32,538 | INFO | Batch 160 | Loss: 0.0589 | Correct: 125/128 | Elapsed Time: 21.71s
2026-01-20 07:58:54,291 | INFO | Batch 170 | Loss: 0.0319 | Correct: 127/128 | Elapsed Time: 21.75s
2026-01-20 07:59:16,033 | INFO | Batch 180 | Loss: 0.1001 | Correct: 125/128 | Elapsed Time: 21.74s
2026-01-20 07:59:37,828 | INFO | Batch 190 | Loss: 0.0452 | Correct: 127/128 | Elapsed Time: 21.80s
2026-01-20 07:59:59,562 | INFO | Batch 200 | Loss: 0.1298 | Correct: 123/128 | Elapsed Time: 21.73s
2026-01-20 08:00:21,368 | INFO | Batch 210 | Loss: 0.1191 | Correct: 123/128 | Elapsed Time: 21.81s
2026-01-20 08:00:43,098 | INFO | Batch 220 | Loss: 0.1639 | Correct: 120/128 | Elapsed Time: 21.73s
2026-01-20 08:01:04,847 | INFO | Batch 230 | Loss: 0.1416 | Correct: 121/128 | Elapsed Time: 21.75s
2026-01-20 08:01:26,549 | INFO | Batch 240 | Loss: 0.2231 | Correct: 118/128 | Elapsed Time: 21.70s
2026-01-20 08:01:48,264 | INFO | Batch 250 | Loss: 0.1034 | Correct: 121/128 | Elapsed Time: 21.71s
2026-01-20 08:02:10,099 | INFO | Batch 260 | Loss: 0.1431 | Correct: 124/128 | Elapsed Time: 21.84s
2026-01-20 08:02:31,789 | INFO | Batch 270 | Loss: 0.0974 | Correct: 125/128 | Elapsed Time: 21.69s
2026-01-20 08:02:53,403 | INFO | Batch 280 | Loss: 0.2002 | Correct: 117/128 | Elapsed Time: 21.61s
2026-01-20 08:03:15,085 | INFO | Batch 290 | Loss: 0.0928 | Correct: 124/128 | Elapsed Time: 21.68s
2026-01-20 08:03:36,708 | INFO | Batch 300 | Loss: 0.0933 | Correct: 125/128 | Elapsed Time: 21.62s
2026-01-20 08:03:58,355 | INFO | Batch 310 | Loss: 0.0918 | Correct: 123/128 | Elapsed Time: 21.65s
2026-01-20 08:04:20,098 | INFO | Batch 320 | Loss: 0.1146 | Correct: 123/128 | Elapsed Time: 21.74s
2026-01-20 08:04:41,873 | INFO | Batch 330 | Loss: 0.0586 | Correct: 125/128 | Elapsed Time: 21.77s
2026-01-20 08:05:03,610 | INFO | Batch 340 | Loss: 0.1057 | Correct: 123/128 | Elapsed Time: 21.74s
2026-01-20 08:05:25,322 | INFO | Batch 350 | Loss: 0.1666 | Correct: 120/128 | Elapsed Time: 21.71s
2026-01-20 08:05:47,011 | INFO | Batch 360 | Loss: 0.1495 | Correct: 119/128 | Elapsed Time: 21.69s
2026-01-20 08:06:08,832 | INFO | Batch 370 | Loss: 0.1034 | Correct: 123/128 | Elapsed Time: 21.82s
2026-01-20 08:06:30,504 | INFO | Batch 380 | Loss: 0.1378 | Correct: 123/128 | Elapsed Time: 21.67s
2026-01-20 08:06:52,118 | INFO | Batch 390 | Loss: 0.1385 | Correct: 121/128 | Elapsed Time: 21.61s
2026-01-20 08:06:53,530 | INFO | Epoch [67/100] - Loss: 0.1167 | Correct: 47941/50000 (95.88%, 848.88s)
2026-01-20 08:08:05,766 | INFO | Validation - Loss: 0.3572 | Correct: 8896/10000 (88.96%) (72.24s)
2026-01-20 08:08:06,018 | INFO | New best model saved at epoch 67 with Top1 Acc: 88.96%
2026-01-20 08:08:27,747 | INFO | Batch 10 | Loss: 0.0842 | Correct: 125/128 | Elapsed Time: 21.73s
2026-01-20 08:08:49,422 | INFO | Batch 20 | Loss: 0.1768 | Correct: 117/128 | Elapsed Time: 21.67s
2026-01-20 08:09:11,096 | INFO | Batch 30 | Loss: 0.1298 | Correct: 122/128 | Elapsed Time: 21.67s
2026-01-20 08:09:32,762 | INFO | Batch 40 | Loss: 0.0552 | Correct: 125/128 | Elapsed Time: 21.67s
2026-01-20 08:09:54,473 | INFO | Batch 50 | Loss: 0.0642 | Correct: 127/128 | Elapsed Time: 21.71s
2026-01-20 08:10:16,360 | INFO | Batch 60 | Loss: 0.1063 | Correct: 123/128 | Elapsed Time: 21.89s
2026-01-20 08:10:37,993 | INFO | Batch 70 | Loss: 0.1045 | Correct: 124/128 | Elapsed Time: 21.63s
2026-01-20 08:10:59,653 | INFO | Batch 80 | Loss: 0.0567 | Correct: 126/128 | Elapsed Time: 21.66s
2026-01-20 08:11:21,373 | INFO | Batch 90 | Loss: 0.0405 | Correct: 128/128 | Elapsed Time: 21.72s
2026-01-20 08:11:43,045 | INFO | Batch 100 | Loss: 0.1341 | Correct: 123/128 | Elapsed Time: 21.67s
2026-01-20 08:12:04,845 | INFO | Batch 110 | Loss: 0.1045 | Correct: 123/128 | Elapsed Time: 21.80s
2026-01-20 08:12:26,523 | INFO | Batch 120 | Loss: 0.0639 | Correct: 125/128 | Elapsed Time: 21.68s
2026-01-20 08:12:48,198 | INFO | Batch 130 | Loss: 0.2256 | Correct: 118/128 | Elapsed Time: 21.67s
2026-01-20 08:13:09,935 | INFO | Batch 140 | Loss: 0.0953 | Correct: 124/128 | Elapsed Time: 21.74s
2026-01-20 08:13:31,604 | INFO | Batch 150 | Loss: 0.0537 | Correct: 126/128 | Elapsed Time: 21.67s
2026-01-20 08:13:53,262 | INFO | Batch 160 | Loss: 0.0376 | Correct: 128/128 | Elapsed Time: 21.66s
2026-01-20 08:14:14,954 | INFO | Batch 170 | Loss: 0.0953 | Correct: 125/128 | Elapsed Time: 21.69s
2026-01-20 08:14:36,708 | INFO | Batch 180 | Loss: 0.1408 | Correct: 122/128 | Elapsed Time: 21.75s
2026-01-20 08:14:58,417 | INFO | Batch 190 | Loss: 0.1439 | Correct: 121/128 | Elapsed Time: 21.71s
2026-01-20 08:15:20,061 | INFO | Batch 200 | Loss: 0.1455 | Correct: 122/128 | Elapsed Time: 21.64s
2026-01-20 08:15:41,724 | INFO | Batch 210 | Loss: 0.1122 | Correct: 122/128 | Elapsed Time: 21.66s
2026-01-20 08:16:03,520 | INFO | Batch 220 | Loss: 0.0776 | Correct: 124/128 | Elapsed Time: 21.80s
2026-01-20 08:16:25,382 | INFO | Batch 230 | Loss: 0.1846 | Correct: 118/128 | Elapsed Time: 21.86s
2026-01-20 08:16:47,119 | INFO | Batch 240 | Loss: 0.0372 | Correct: 127/128 | Elapsed Time: 21.74s
2026-01-20 08:17:08,963 | INFO | Batch 250 | Loss: 0.1519 | Correct: 121/128 | Elapsed Time: 21.84s
2026-01-20 08:17:30,680 | INFO | Batch 260 | Loss: 0.1439 | Correct: 121/128 | Elapsed Time: 21.72s
2026-01-20 08:17:52,354 | INFO | Batch 270 | Loss: 0.1401 | Correct: 122/128 | Elapsed Time: 21.67s
2026-01-20 08:18:14,116 | INFO | Batch 280 | Loss: 0.0990 | Correct: 126/128 | Elapsed Time: 21.76s
2026-01-20 08:18:35,819 | INFO | Batch 290 | Loss: 0.0751 | Correct: 123/128 | Elapsed Time: 21.70s
2026-01-20 08:18:57,488 | INFO | Batch 300 | Loss: 0.1257 | Correct: 121/128 | Elapsed Time: 21.67s
2026-01-20 08:19:19,306 | INFO | Batch 310 | Loss: 0.1341 | Correct: 122/128 | Elapsed Time: 21.82s
2026-01-20 08:19:41,005 | INFO | Batch 320 | Loss: 0.1250 | Correct: 123/128 | Elapsed Time: 21.70s
2026-01-20 08:20:02,696 | INFO | Batch 330 | Loss: 0.1122 | Correct: 121/128 | Elapsed Time: 21.69s
2026-01-20 08:20:24,483 | INFO | Batch 340 | Loss: 0.0806 | Correct: 124/128 | Elapsed Time: 21.79s
2026-01-20 08:20:46,190 | INFO | Batch 350 | Loss: 0.1159 | Correct: 124/128 | Elapsed Time: 21.71s
2026-01-20 08:21:07,877 | INFO | Batch 360 | Loss: 0.0815 | Correct: 126/128 | Elapsed Time: 21.69s
2026-01-20 08:21:29,578 | INFO | Batch 370 | Loss: 0.0678 | Correct: 126/128 | Elapsed Time: 21.70s
2026-01-20 08:21:51,388 | INFO | Batch 380 | Loss: 0.1721 | Correct: 122/128 | Elapsed Time: 21.81s
2026-01-20 08:22:13,137 | INFO | Batch 390 | Loss: 0.0811 | Correct: 125/128 | Elapsed Time: 21.75s
2026-01-20 08:22:14,542 | INFO | Epoch [68/100] - Loss: 0.1108 | Correct: 48035/50000 (96.07%, 848.52s)
2026-01-20 08:23:26,681 | INFO | Validation - Loss: 0.3553 | Correct: 8906/10000 (89.06%) (72.14s)
2026-01-20 08:23:26,935 | INFO | New best model saved at epoch 68 with Top1 Acc: 89.06%
2026-01-20 08:23:48,689 | INFO | Batch 10 | Loss: 0.1768 | Correct: 119/128 | Elapsed Time: 21.75s
2026-01-20 08:24:10,419 | INFO | Batch 20 | Loss: 0.1012 | Correct: 123/128 | Elapsed Time: 21.73s
2026-01-20 08:24:32,084 | INFO | Batch 30 | Loss: 0.0704 | Correct: 124/128 | Elapsed Time: 21.66s
2026-01-20 08:24:53,763 | INFO | Batch 40 | Loss: 0.0797 | Correct: 125/128 | Elapsed Time: 21.68s
2026-01-20 08:25:15,400 | INFO | Batch 50 | Loss: 0.0685 | Correct: 126/128 | Elapsed Time: 21.64s
2026-01-20 08:25:37,083 | INFO | Batch 60 | Loss: 0.1080 | Correct: 123/128 | Elapsed Time: 21.68s
2026-01-20 08:25:58,743 | INFO | Batch 70 | Loss: 0.0747 | Correct: 122/128 | Elapsed Time: 21.66s
2026-01-20 08:26:20,470 | INFO | Batch 80 | Loss: 0.1270 | Correct: 124/128 | Elapsed Time: 21.73s
2026-01-20 08:26:42,158 | INFO | Batch 90 | Loss: 0.1519 | Correct: 119/128 | Elapsed Time: 21.69s
2026-01-20 08:27:03,873 | INFO | Batch 100 | Loss: 0.0642 | Correct: 126/128 | Elapsed Time: 21.71s
2026-01-20 08:27:25,671 | INFO | Batch 110 | Loss: 0.1068 | Correct: 122/128 | Elapsed Time: 21.80s
2026-01-20 08:27:47,343 | INFO | Batch 120 | Loss: 0.2231 | Correct: 120/128 | Elapsed Time: 21.67s
2026-01-20 08:28:09,070 | INFO | Batch 130 | Loss: 0.0846 | Correct: 127/128 | Elapsed Time: 21.73s
2026-01-20 08:28:30,771 | INFO | Batch 140 | Loss: 0.0696 | Correct: 124/128 | Elapsed Time: 21.70s
2026-01-20 08:28:52,429 | INFO | Batch 150 | Loss: 0.0903 | Correct: 126/128 | Elapsed Time: 21.66s
2026-01-20 08:29:14,188 | INFO | Batch 160 | Loss: 0.0974 | Correct: 123/128 | Elapsed Time: 21.76s
2026-01-20 08:29:35,823 | INFO | Batch 170 | Loss: 0.1856 | Correct: 122/128 | Elapsed Time: 21.64s
2026-01-20 08:29:57,520 | INFO | Batch 180 | Loss: 0.1159 | Correct: 123/128 | Elapsed Time: 21.70s
2026-01-20 08:30:19,284 | INFO | Batch 190 | Loss: 0.1305 | Correct: 123/128 | Elapsed Time: 21.76s
2026-01-20 08:30:41,001 | INFO | Batch 200 | Loss: 0.1146 | Correct: 122/128 | Elapsed Time: 21.72s
2026-01-20 08:31:02,669 | INFO | Batch 210 | Loss: 0.1086 | Correct: 122/128 | Elapsed Time: 21.67s
2026-01-20 08:31:24,339 | INFO | Batch 220 | Loss: 0.1552 | Correct: 118/128 | Elapsed Time: 21.67s
2026-01-20 08:31:46,122 | INFO | Batch 230 | Loss: 0.0671 | Correct: 124/128 | Elapsed Time: 21.78s
2026-01-20 08:32:07,870 | INFO | Batch 240 | Loss: 0.1092 | Correct: 124/128 | Elapsed Time: 21.75s
2026-01-20 08:32:29,549 | INFO | Batch 250 | Loss: 0.0708 | Correct: 126/128 | Elapsed Time: 21.68s
2026-01-20 08:32:51,246 | INFO | Batch 260 | Loss: 0.1034 | Correct: 124/128 | Elapsed Time: 21.70s
2026-01-20 08:33:12,953 | INFO | Batch 270 | Loss: 0.1876 | Correct: 119/128 | Elapsed Time: 21.71s
2026-01-20 08:33:34,597 | INFO | Batch 280 | Loss: 0.0990 | Correct: 125/128 | Elapsed Time: 21.64s
2026-01-20 08:33:56,292 | INFO | Batch 290 | Loss: 0.0704 | Correct: 125/128 | Elapsed Time: 21.69s
2026-01-20 08:34:18,131 | INFO | Batch 300 | Loss: 0.1749 | Correct: 121/128 | Elapsed Time: 21.84s
2026-01-20 08:34:39,807 | INFO | Batch 310 | Loss: 0.1876 | Correct: 118/128 | Elapsed Time: 21.68s
2026-01-20 08:35:01,473 | INFO | Batch 320 | Loss: 0.1110 | Correct: 122/128 | Elapsed Time: 21.67s
2026-01-20 08:35:23,222 | INFO | Batch 330 | Loss: 0.0985 | Correct: 124/128 | Elapsed Time: 21.75s
2026-01-20 08:35:44,918 | INFO | Batch 340 | Loss: 0.1057 | Correct: 124/128 | Elapsed Time: 21.70s
2026-01-20 08:36:06,594 | INFO | Batch 350 | Loss: 0.1023 | Correct: 124/128 | Elapsed Time: 21.68s
2026-01-20 08:36:28,296 | INFO | Batch 360 | Loss: 0.1959 | Correct: 119/128 | Elapsed Time: 21.70s
2026-01-20 08:36:50,058 | INFO | Batch 370 | Loss: 0.1552 | Correct: 120/128 | Elapsed Time: 21.76s
2026-01-20 08:37:11,785 | INFO | Batch 380 | Loss: 0.1416 | Correct: 124/128 | Elapsed Time: 21.73s
2026-01-20 08:37:33,517 | INFO | Batch 390 | Loss: 0.0399 | Correct: 127/128 | Elapsed Time: 21.73s
2026-01-20 08:37:34,927 | INFO | Epoch [69/100] - Loss: 0.1105 | Correct: 48083/50000 (96.17%, 847.99s)
2026-01-20 08:38:47,319 | INFO | Validation - Loss: 0.3624 | Correct: 8888/10000 (88.88%) (72.39s)
2026-01-20 08:39:09,093 | INFO | Batch 10 | Loss: 0.1086 | Correct: 124/128 | Elapsed Time: 21.77s
2026-01-20 08:39:30,772 | INFO | Batch 20 | Loss: 0.0980 | Correct: 122/128 | Elapsed Time: 21.68s
2026-01-20 08:39:52,561 | INFO | Batch 30 | Loss: 0.0996 | Correct: 125/128 | Elapsed Time: 21.79s
2026-01-20 08:40:14,316 | INFO | Batch 40 | Loss: 0.0723 | Correct: 125/128 | Elapsed Time: 21.76s
2026-01-20 08:40:36,089 | INFO | Batch 50 | Loss: 0.0768 | Correct: 124/128 | Elapsed Time: 21.77s
2026-01-20 08:40:57,838 | INFO | Batch 60 | Loss: 0.1051 | Correct: 125/128 | Elapsed Time: 21.75s
2026-01-20 08:41:19,599 | INFO | Batch 70 | Loss: 0.0660 | Correct: 126/128 | Elapsed Time: 21.76s
2026-01-20 08:41:41,305 | INFO | Batch 80 | Loss: 0.0846 | Correct: 125/128 | Elapsed Time: 21.71s
2026-01-20 08:42:03,121 | INFO | Batch 90 | Loss: 0.1612 | Correct: 124/128 | Elapsed Time: 21.82s
2026-01-20 08:42:24,781 | INFO | Batch 100 | Loss: 0.0806 | Correct: 124/128 | Elapsed Time: 21.66s
2026-01-20 08:42:46,491 | INFO | Batch 110 | Loss: 0.0797 | Correct: 124/128 | Elapsed Time: 21.71s
2026-01-20 08:43:08,215 | INFO | Batch 120 | Loss: 0.0870 | Correct: 125/128 | Elapsed Time: 21.72s
2026-01-20 08:43:29,878 | INFO | Batch 130 | Loss: 0.1730 | Correct: 121/128 | Elapsed Time: 21.66s
2026-01-20 08:43:51,587 | INFO | Batch 140 | Loss: 0.1140 | Correct: 121/128 | Elapsed Time: 21.71s
2026-01-20 08:44:13,323 | INFO | Batch 150 | Loss: 0.0856 | Correct: 125/128 | Elapsed Time: 21.74s
2026-01-20 08:44:35,095 | INFO | Batch 160 | Loss: 0.1257 | Correct: 122/128 | Elapsed Time: 21.77s
2026-01-20 08:44:56,779 | INFO | Batch 170 | Loss: 0.0747 | Correct: 124/128 | Elapsed Time: 21.68s
2026-01-20 08:45:18,461 | INFO | Batch 180 | Loss: 0.0678 | Correct: 126/128 | Elapsed Time: 21.68s
2026-01-20 08:45:40,158 | INFO | Batch 190 | Loss: 0.1348 | Correct: 121/128 | Elapsed Time: 21.70s
2026-01-20 08:46:01,839 | INFO | Batch 200 | Loss: 0.1907 | Correct: 119/128 | Elapsed Time: 21.68s
2026-01-20 08:46:23,574 | INFO | Batch 210 | Loss: 0.1612 | Correct: 119/128 | Elapsed Time: 21.73s
2026-01-20 08:46:45,171 | INFO | Batch 220 | Loss: 0.0969 | Correct: 123/128 | Elapsed Time: 21.60s
2026-01-20 08:47:06,871 | INFO | Batch 230 | Loss: 0.1604 | Correct: 119/128 | Elapsed Time: 21.70s
2026-01-20 08:47:28,548 | INFO | Batch 240 | Loss: 0.1702 | Correct: 118/128 | Elapsed Time: 21.68s
2026-01-20 08:47:50,236 | INFO | Batch 250 | Loss: 0.0923 | Correct: 123/128 | Elapsed Time: 21.69s
2026-01-20 08:48:11,967 | INFO | Batch 260 | Loss: 0.1439 | Correct: 121/128 | Elapsed Time: 21.73s
2026-01-20 08:48:33,637 | INFO | Batch 270 | Loss: 0.0964 | Correct: 122/128 | Elapsed Time: 21.67s
2026-01-20 08:48:55,362 | INFO | Batch 280 | Loss: 0.0589 | Correct: 125/128 | Elapsed Time: 21.72s
2026-01-20 08:49:17,123 | INFO | Batch 290 | Loss: 0.1063 | Correct: 123/128 | Elapsed Time: 21.76s
2026-01-20 08:49:38,881 | INFO | Batch 300 | Loss: 0.0293 | Correct: 127/128 | Elapsed Time: 21.76s
2026-01-20 08:50:00,602 | INFO | Batch 310 | Loss: 0.0884 | Correct: 124/128 | Elapsed Time: 21.72s
2026-01-20 08:50:22,498 | INFO | Batch 320 | Loss: 0.0802 | Correct: 126/128 | Elapsed Time: 21.90s
2026-01-20 08:50:44,158 | INFO | Batch 330 | Loss: 0.0712 | Correct: 124/128 | Elapsed Time: 21.66s
2026-01-20 08:51:05,863 | INFO | Batch 340 | Loss: 0.1578 | Correct: 119/128 | Elapsed Time: 21.71s
2026-01-20 08:51:27,571 | INFO | Batch 350 | Loss: 0.1237 | Correct: 122/128 | Elapsed Time: 21.71s
2026-01-20 08:51:49,258 | INFO | Batch 360 | Loss: 0.0523 | Correct: 127/128 | Elapsed Time: 21.69s
2026-01-20 08:52:11,113 | INFO | Batch 370 | Loss: 0.1110 | Correct: 123/128 | Elapsed Time: 21.85s
2026-01-20 08:52:32,853 | INFO | Batch 380 | Loss: 0.0674 | Correct: 127/128 | Elapsed Time: 21.74s
2026-01-20 08:52:54,515 | INFO | Batch 390 | Loss: 0.1455 | Correct: 119/128 | Elapsed Time: 21.66s
2026-01-20 08:52:55,947 | INFO | Epoch [70/100] - Loss: 0.1147 | Correct: 48012/50000 (96.02%, 848.63s)
2026-01-20 08:54:08,326 | INFO | Validation - Loss: 0.3652 | Correct: 8886/10000 (88.86%) (72.38s)
2026-01-20 08:54:30,030 | INFO | Batch 10 | Loss: 0.0716 | Correct: 126/128 | Elapsed Time: 21.70s
2026-01-20 08:54:51,714 | INFO | Batch 20 | Loss: 0.0632 | Correct: 126/128 | Elapsed Time: 21.68s
2026-01-20 08:55:13,542 | INFO | Batch 30 | Loss: 0.0674 | Correct: 125/128 | Elapsed Time: 21.83s
2026-01-20 08:55:35,254 | INFO | Batch 40 | Loss: 0.0842 | Correct: 124/128 | Elapsed Time: 21.71s
2026-01-20 08:55:56,956 | INFO | Batch 50 | Loss: 0.1250 | Correct: 122/128 | Elapsed Time: 21.70s
2026-01-20 08:56:18,669 | INFO | Batch 60 | Loss: 0.0689 | Correct: 125/128 | Elapsed Time: 21.71s
2026-01-20 08:56:40,315 | INFO | Batch 70 | Loss: 0.0512 | Correct: 125/128 | Elapsed Time: 21.65s
2026-01-20 08:57:02,039 | INFO | Batch 80 | Loss: 0.1527 | Correct: 123/128 | Elapsed Time: 21.72s
2026-01-20 08:57:23,845 | INFO | Batch 90 | Loss: 0.1034 | Correct: 124/128 | Elapsed Time: 21.81s
2026-01-20 08:57:45,488 | INFO | Batch 100 | Loss: 0.2172 | Correct: 118/128 | Elapsed Time: 21.64s
2026-01-20 08:58:07,186 | INFO | Batch 110 | Loss: 0.1826 | Correct: 121/128 | Elapsed Time: 21.70s
2026-01-20 08:58:28,847 | INFO | Batch 120 | Loss: 0.1264 | Correct: 122/128 | Elapsed Time: 21.66s
2026-01-20 08:58:50,574 | INFO | Batch 130 | Loss: 0.1439 | Correct: 122/128 | Elapsed Time: 21.73s
2026-01-20 08:59:12,269 | INFO | Batch 140 | Loss: 0.0731 | Correct: 125/128 | Elapsed Time: 21.69s
2026-01-20 08:59:34,005 | INFO | Batch 150 | Loss: 0.1334 | Correct: 121/128 | Elapsed Time: 21.74s
2026-01-20 08:59:55,763 | INFO | Batch 160 | Loss: 0.1503 | Correct: 122/128 | Elapsed Time: 21.76s
2026-01-20 09:00:17,573 | INFO | Batch 170 | Loss: 0.0618 | Correct: 125/128 | Elapsed Time: 21.81s
2026-01-20 09:00:39,318 | INFO | Batch 180 | Loss: 0.0806 | Correct: 124/128 | Elapsed Time: 21.74s
2026-01-20 09:01:01,042 | INFO | Batch 190 | Loss: 0.1237 | Correct: 124/128 | Elapsed Time: 21.72s
2026-01-20 09:01:22,764 | INFO | Batch 200 | Loss: 0.1378 | Correct: 123/128 | Elapsed Time: 21.72s
2026-01-20 09:01:44,478 | INFO | Batch 210 | Loss: 0.0731 | Correct: 125/128 | Elapsed Time: 21.71s
2026-01-20 09:02:06,194 | INFO | Batch 220 | Loss: 0.1159 | Correct: 122/128 | Elapsed Time: 21.72s
2026-01-20 09:02:27,989 | INFO | Batch 230 | Loss: 0.1334 | Correct: 121/128 | Elapsed Time: 21.80s
2026-01-20 09:02:49,639 | INFO | Batch 240 | Loss: 0.1257 | Correct: 123/128 | Elapsed Time: 21.65s
2026-01-20 09:03:11,369 | INFO | Batch 250 | Loss: 0.0780 | Correct: 126/128 | Elapsed Time: 21.73s
2026-01-20 09:03:33,054 | INFO | Batch 260 | Loss: 0.0727 | Correct: 125/128 | Elapsed Time: 21.68s
2026-01-20 09:03:54,699 | INFO | Batch 270 | Loss: 0.1907 | Correct: 118/128 | Elapsed Time: 21.65s
2026-01-20 09:04:16,377 | INFO | Batch 280 | Loss: 0.1230 | Correct: 121/128 | Elapsed Time: 21.68s
2026-01-20 09:04:38,056 | INFO | Batch 290 | Loss: 0.0938 | Correct: 125/128 | Elapsed Time: 21.68s
2026-01-20 09:04:59,806 | INFO | Batch 300 | Loss: 0.0747 | Correct: 124/128 | Elapsed Time: 21.75s
2026-01-20 09:05:21,543 | INFO | Batch 310 | Loss: 0.1569 | Correct: 121/128 | Elapsed Time: 21.74s
2026-01-20 09:05:43,213 | INFO | Batch 320 | Loss: 0.1104 | Correct: 122/128 | Elapsed Time: 21.67s
2026-01-20 09:06:04,917 | INFO | Batch 330 | Loss: 0.1356 | Correct: 120/128 | Elapsed Time: 21.70s
2026-01-20 09:06:26,620 | INFO | Batch 340 | Loss: 0.0884 | Correct: 124/128 | Elapsed Time: 21.70s
2026-01-20 09:06:48,310 | INFO | Batch 350 | Loss: 0.0903 | Correct: 123/128 | Elapsed Time: 21.69s
2026-01-20 09:07:09,995 | INFO | Batch 360 | Loss: 0.0833 | Correct: 124/128 | Elapsed Time: 21.68s
2026-01-20 09:07:31,743 | INFO | Batch 370 | Loss: 0.0622 | Correct: 126/128 | Elapsed Time: 21.75s
2026-01-20 09:07:53,429 | INFO | Batch 380 | Loss: 0.0723 | Correct: 125/128 | Elapsed Time: 21.69s
2026-01-20 09:08:15,124 | INFO | Batch 390 | Loss: 0.1012 | Correct: 126/128 | Elapsed Time: 21.69s
2026-01-20 09:08:16,527 | INFO | Epoch [71/100] - Loss: 0.1101 | Correct: 48096/50000 (96.19%, 848.20s)
2026-01-20 09:09:28,525 | INFO | Validation - Loss: 0.3582 | Correct: 8907/10000 (89.07%) (72.00s)
2026-01-20 09:09:28,759 | INFO | New best model saved at epoch 71 with Top1 Acc: 89.07%
2026-01-20 09:09:50,466 | INFO | Batch 10 | Loss: 0.1511 | Correct: 123/128 | Elapsed Time: 21.71s
2026-01-20 09:10:12,180 | INFO | Batch 20 | Loss: 0.0586 | Correct: 125/128 | Elapsed Time: 21.71s
2026-01-20 09:10:33,987 | INFO | Batch 30 | Loss: 0.1171 | Correct: 123/128 | Elapsed Time: 21.81s
2026-01-20 09:10:55,668 | INFO | Batch 40 | Loss: 0.0764 | Correct: 126/128 | Elapsed Time: 21.68s
2026-01-20 09:11:17,356 | INFO | Batch 50 | Loss: 0.0913 | Correct: 123/128 | Elapsed Time: 21.69s
2026-01-20 09:11:38,945 | INFO | Batch 60 | Loss: 0.1074 | Correct: 125/128 | Elapsed Time: 21.59s
2026-01-20 09:12:00,536 | INFO | Batch 70 | Loss: 0.0708 | Correct: 124/128 | Elapsed Time: 21.59s
2026-01-20 09:12:22,160 | INFO | Batch 80 | Loss: 0.1552 | Correct: 122/128 | Elapsed Time: 21.62s
2026-01-20 09:12:43,722 | INFO | Batch 90 | Loss: 0.1305 | Correct: 123/128 | Elapsed Time: 21.56s
2026-01-20 09:13:05,449 | INFO | Batch 100 | Loss: 0.0918 | Correct: 124/128 | Elapsed Time: 21.73s
2026-01-20 09:13:27,076 | INFO | Batch 110 | Loss: 0.1171 | Correct: 120/128 | Elapsed Time: 21.63s
2026-01-20 09:13:48,677 | INFO | Batch 120 | Loss: 0.0996 | Correct: 122/128 | Elapsed Time: 21.60s
2026-01-20 09:14:10,306 | INFO | Batch 130 | Loss: 0.1116 | Correct: 125/128 | Elapsed Time: 21.63s
2026-01-20 09:14:31,917 | INFO | Batch 140 | Loss: 0.0948 | Correct: 123/128 | Elapsed Time: 21.61s
2026-01-20 09:14:53,536 | INFO | Batch 150 | Loss: 0.1040 | Correct: 123/128 | Elapsed Time: 21.62s
2026-01-20 09:15:15,125 | INFO | Batch 160 | Loss: 0.0671 | Correct: 124/128 | Elapsed Time: 21.59s
2026-01-20 09:15:36,684 | INFO | Batch 170 | Loss: 0.2068 | Correct: 119/128 | Elapsed Time: 21.56s
2026-01-20 09:15:58,272 | INFO | Batch 180 | Loss: 0.2355 | Correct: 118/128 | Elapsed Time: 21.59s
2026-01-20 09:16:19,871 | INFO | Batch 190 | Loss: 0.1806 | Correct: 120/128 | Elapsed Time: 21.60s
2026-01-20 09:16:41,451 | INFO | Batch 200 | Loss: 0.0755 | Correct: 125/128 | Elapsed Time: 21.58s
2026-01-20 09:17:03,044 | INFO | Batch 210 | Loss: 0.0716 | Correct: 126/128 | Elapsed Time: 21.59s
2026-01-20 09:17:24,669 | INFO | Batch 220 | Loss: 0.1243 | Correct: 122/128 | Elapsed Time: 21.63s
2026-01-20 09:17:46,214 | INFO | Batch 230 | Loss: 0.0837 | Correct: 124/128 | Elapsed Time: 21.54s
2026-01-20 09:18:07,826 | INFO | Batch 240 | Loss: 0.0865 | Correct: 125/128 | Elapsed Time: 21.61s
2026-01-20 09:18:29,453 | INFO | Batch 250 | Loss: 0.0923 | Correct: 124/128 | Elapsed Time: 21.63s
2026-01-20 09:18:50,991 | INFO | Batch 260 | Loss: 0.0280 | Correct: 127/128 | Elapsed Time: 21.54s
2026-01-20 09:19:12,615 | INFO | Batch 270 | Loss: 0.0990 | Correct: 123/128 | Elapsed Time: 21.62s
2026-01-20 09:19:34,183 | INFO | Batch 280 | Loss: 0.0824 | Correct: 124/128 | Elapsed Time: 21.57s
2026-01-20 09:19:55,869 | INFO | Batch 290 | Loss: 0.0851 | Correct: 124/128 | Elapsed Time: 21.69s
2026-01-20 09:20:17,545 | INFO | Batch 300 | Loss: 0.0506 | Correct: 126/128 | Elapsed Time: 21.68s
2026-01-20 09:20:39,129 | INFO | Batch 310 | Loss: 0.0824 | Correct: 126/128 | Elapsed Time: 21.58s
2026-01-20 09:21:00,695 | INFO | Batch 320 | Loss: 0.1439 | Correct: 122/128 | Elapsed Time: 21.57s
2026-01-20 09:21:22,326 | INFO | Batch 330 | Loss: 0.1455 | Correct: 122/128 | Elapsed Time: 21.63s
2026-01-20 09:21:43,895 | INFO | Batch 340 | Loss: 0.1463 | Correct: 120/128 | Elapsed Time: 21.57s
2026-01-20 09:22:05,565 | INFO | Batch 350 | Loss: 0.1856 | Correct: 121/128 | Elapsed Time: 21.67s
2026-01-20 09:22:27,237 | INFO | Batch 360 | Loss: 0.0663 | Correct: 124/128 | Elapsed Time: 21.67s
2026-01-20 09:22:48,837 | INFO | Batch 370 | Loss: 0.1657 | Correct: 120/128 | Elapsed Time: 21.60s
2026-01-20 09:23:10,448 | INFO | Batch 380 | Loss: 0.0985 | Correct: 124/128 | Elapsed Time: 21.61s
2026-01-20 09:23:31,996 | INFO | Batch 390 | Loss: 0.0440 | Correct: 126/128 | Elapsed Time: 21.55s
2026-01-20 09:23:33,396 | INFO | Epoch [72/100] - Loss: 0.1079 | Correct: 48132/50000 (96.26%, 844.64s)
2026-01-20 09:24:45,195 | INFO | Validation - Loss: 0.3698 | Correct: 8892/10000 (88.92%) (71.80s)
2026-01-20 09:25:06,850 | INFO | Batch 10 | Loss: 0.1001 | Correct: 122/128 | Elapsed Time: 21.65s
2026-01-20 09:25:28,417 | INFO | Batch 20 | Loss: 0.1693 | Correct: 120/128 | Elapsed Time: 21.57s
2026-01-20 09:25:50,074 | INFO | Batch 30 | Loss: 0.1312 | Correct: 122/128 | Elapsed Time: 21.66s
2026-01-20 09:26:11,651 | INFO | Batch 40 | Loss: 0.0689 | Correct: 125/128 | Elapsed Time: 21.58s
2026-01-20 09:26:33,234 | INFO | Batch 50 | Loss: 0.1012 | Correct: 123/128 | Elapsed Time: 21.58s
2026-01-20 09:26:54,816 | INFO | Batch 60 | Loss: 0.0928 | Correct: 123/128 | Elapsed Time: 21.58s
2026-01-20 09:27:16,393 | INFO | Batch 70 | Loss: 0.1074 | Correct: 123/128 | Elapsed Time: 21.58s
2026-01-20 09:27:37,942 | INFO | Batch 80 | Loss: 0.0678 | Correct: 125/128 | Elapsed Time: 21.55s
2026-01-20 09:27:59,520 | INFO | Batch 90 | Loss: 0.0731 | Correct: 124/128 | Elapsed Time: 21.58s
2026-01-20 09:28:21,224 | INFO | Batch 100 | Loss: 0.0689 | Correct: 127/128 | Elapsed Time: 21.70s
2026-01-20 09:28:42,792 | INFO | Batch 110 | Loss: 0.0579 | Correct: 127/128 | Elapsed Time: 21.57s
2026-01-20 09:29:04,358 | INFO | Batch 120 | Loss: 0.1045 | Correct: 122/128 | Elapsed Time: 21.57s
2026-01-20 09:29:25,900 | INFO | Batch 130 | Loss: 0.0837 | Correct: 122/128 | Elapsed Time: 21.54s
2026-01-20 09:29:47,483 | INFO | Batch 140 | Loss: 0.0708 | Correct: 125/128 | Elapsed Time: 21.58s
2026-01-20 09:30:09,119 | INFO | Batch 150 | Loss: 0.1816 | Correct: 122/128 | Elapsed Time: 21.64s
2026-01-20 09:30:30,743 | INFO | Batch 160 | Loss: 0.0943 | Correct: 122/128 | Elapsed Time: 21.62s
2026-01-20 09:30:52,367 | INFO | Batch 170 | Loss: 0.0811 | Correct: 125/128 | Elapsed Time: 21.62s
2026-01-20 09:31:13,968 | INFO | Batch 180 | Loss: 0.1455 | Correct: 122/128 | Elapsed Time: 21.60s
2026-01-20 09:31:35,538 | INFO | Batch 190 | Loss: 0.1463 | Correct: 122/128 | Elapsed Time: 21.57s
2026-01-20 09:31:57,123 | INFO | Batch 200 | Loss: 0.1341 | Correct: 122/128 | Elapsed Time: 21.59s
2026-01-20 09:32:18,748 | INFO | Batch 210 | Loss: 0.1063 | Correct: 123/128 | Elapsed Time: 21.62s
2026-01-20 09:32:40,322 | INFO | Batch 220 | Loss: 0.0586 | Correct: 125/128 | Elapsed Time: 21.57s
2026-01-20 09:33:01,917 | INFO | Batch 230 | Loss: 0.0793 | Correct: 124/128 | Elapsed Time: 21.60s
2026-01-20 09:33:23,641 | INFO | Batch 240 | Loss: 0.1666 | Correct: 121/128 | Elapsed Time: 21.72s
2026-01-20 09:33:45,198 | INFO | Batch 250 | Loss: 0.0599 | Correct: 126/128 | Elapsed Time: 21.56s
2026-01-20 09:34:06,782 | INFO | Batch 260 | Loss: 0.0464 | Correct: 126/128 | Elapsed Time: 21.58s
2026-01-20 09:34:28,374 | INFO | Batch 270 | Loss: 0.1356 | Correct: 122/128 | Elapsed Time: 21.59s
2026-01-20 09:34:49,962 | INFO | Batch 280 | Loss: 0.0985 | Correct: 125/128 | Elapsed Time: 21.59s
2026-01-20 09:35:11,571 | INFO | Batch 290 | Loss: 0.0894 | Correct: 123/128 | Elapsed Time: 21.61s
2026-01-20 09:35:33,126 | INFO | Batch 300 | Loss: 0.1949 | Correct: 120/128 | Elapsed Time: 21.56s
2026-01-20 09:35:54,767 | INFO | Batch 310 | Loss: 0.0985 | Correct: 122/128 | Elapsed Time: 21.64s
2026-01-20 09:36:16,372 | INFO | Batch 320 | Loss: 0.1595 | Correct: 121/128 | Elapsed Time: 21.61s
2026-01-20 09:36:37,925 | INFO | Batch 330 | Loss: 0.0824 | Correct: 123/128 | Elapsed Time: 21.55s
2026-01-20 09:36:59,464 | INFO | Batch 340 | Loss: 0.1264 | Correct: 123/128 | Elapsed Time: 21.54s
2026-01-20 09:37:21,129 | INFO | Batch 350 | Loss: 0.0789 | Correct: 123/128 | Elapsed Time: 21.67s
2026-01-20 09:37:42,692 | INFO | Batch 360 | Loss: 0.1165 | Correct: 120/128 | Elapsed Time: 21.56s
2026-01-20 09:38:04,406 | INFO | Batch 370 | Loss: 0.1277 | Correct: 120/128 | Elapsed Time: 21.71s
2026-01-20 09:38:26,010 | INFO | Batch 380 | Loss: 0.1327 | Correct: 122/128 | Elapsed Time: 21.60s
2026-01-20 09:38:47,573 | INFO | Batch 390 | Loss: 0.0846 | Correct: 122/128 | Elapsed Time: 21.56s
2026-01-20 09:38:48,974 | INFO | Epoch [73/100] - Loss: 0.1086 | Correct: 48146/50000 (96.29%, 843.78s)
2026-01-20 09:40:00,634 | INFO | Validation - Loss: 0.3635 | Correct: 8889/10000 (88.89%) (71.66s)
2026-01-20 09:40:22,329 | INFO | Batch 10 | Loss: 0.1040 | Correct: 125/128 | Elapsed Time: 21.69s
2026-01-20 09:40:43,929 | INFO | Batch 20 | Loss: 0.1178 | Correct: 124/128 | Elapsed Time: 21.60s
2026-01-20 09:41:05,506 | INFO | Batch 30 | Loss: 0.1023 | Correct: 125/128 | Elapsed Time: 21.58s
2026-01-20 09:41:27,186 | INFO | Batch 40 | Loss: 0.0602 | Correct: 126/128 | Elapsed Time: 21.68s
2026-01-20 09:41:48,760 | INFO | Batch 50 | Loss: 0.1630 | Correct: 121/128 | Elapsed Time: 21.57s
2026-01-20 09:42:10,401 | INFO | Batch 60 | Loss: 0.0595 | Correct: 127/128 | Elapsed Time: 21.64s
2026-01-20 09:42:31,959 | INFO | Batch 70 | Loss: 0.1029 | Correct: 122/128 | Elapsed Time: 21.56s
2026-01-20 09:42:53,522 | INFO | Batch 80 | Loss: 0.1495 | Correct: 119/128 | Elapsed Time: 21.56s
2026-01-20 09:43:15,139 | INFO | Batch 90 | Loss: 0.0913 | Correct: 123/128 | Elapsed Time: 21.62s
2026-01-20 09:43:36,730 | INFO | Batch 100 | Loss: 0.0980 | Correct: 123/128 | Elapsed Time: 21.59s
2026-01-20 09:43:58,388 | INFO | Batch 110 | Loss: 0.0712 | Correct: 126/128 | Elapsed Time: 21.66s
2026-01-20 09:44:20,034 | INFO | Batch 120 | Loss: 0.0785 | Correct: 126/128 | Elapsed Time: 21.65s
2026-01-20 09:44:41,631 | INFO | Batch 130 | Loss: 0.1291 | Correct: 124/128 | Elapsed Time: 21.60s
2026-01-20 09:45:03,233 | INFO | Batch 140 | Loss: 0.0423 | Correct: 126/128 | Elapsed Time: 21.60s
2026-01-20 09:45:24,840 | INFO | Batch 150 | Loss: 0.1806 | Correct: 119/128 | Elapsed Time: 21.61s
2026-01-20 09:45:46,447 | INFO | Batch 160 | Loss: 0.1291 | Correct: 121/128 | Elapsed Time: 21.61s
2026-01-20 09:46:08,020 | INFO | Batch 170 | Loss: 0.1204 | Correct: 125/128 | Elapsed Time: 21.57s
2026-01-20 09:46:29,684 | INFO | Batch 180 | Loss: 0.0806 | Correct: 123/128 | Elapsed Time: 21.66s
2026-01-20 09:46:51,257 | INFO | Batch 190 | Loss: 0.0918 | Correct: 124/128 | Elapsed Time: 21.57s
2026-01-20 09:47:12,947 | INFO | Batch 200 | Loss: 0.0649 | Correct: 126/128 | Elapsed Time: 21.69s
2026-01-20 09:47:34,517 | INFO | Batch 210 | Loss: 0.1104 | Correct: 124/128 | Elapsed Time: 21.57s
2026-01-20 09:47:56,071 | INFO | Batch 220 | Loss: 0.0780 | Correct: 123/128 | Elapsed Time: 21.55s
2026-01-20 09:48:17,638 | INFO | Batch 230 | Loss: 0.0605 | Correct: 125/128 | Elapsed Time: 21.57s
2026-01-20 09:48:39,335 | INFO | Batch 240 | Loss: 0.0653 | Correct: 126/128 | Elapsed Time: 21.70s
2026-01-20 09:49:00,903 | INFO | Batch 250 | Loss: 0.1146 | Correct: 124/128 | Elapsed Time: 21.57s
2026-01-20 09:49:22,527 | INFO | Batch 260 | Loss: 0.1291 | Correct: 117/128 | Elapsed Time: 21.62s
2026-01-20 09:49:44,071 | INFO | Batch 270 | Loss: 0.1527 | Correct: 120/128 | Elapsed Time: 21.54s
2026-01-20 09:50:05,660 | INFO | Batch 280 | Loss: 0.1098 | Correct: 123/128 | Elapsed Time: 21.59s
2026-01-20 09:50:27,380 | INFO | Batch 290 | Loss: 0.0772 | Correct: 127/128 | Elapsed Time: 21.72s
2026-01-20 09:50:48,989 | INFO | Batch 300 | Loss: 0.1693 | Correct: 121/128 | Elapsed Time: 21.61s
2026-01-20 09:51:10,729 | INFO | Batch 310 | Loss: 0.1327 | Correct: 121/128 | Elapsed Time: 21.74s
2026-01-20 09:51:32,343 | INFO | Batch 320 | Loss: 0.0764 | Correct: 125/128 | Elapsed Time: 21.61s
2026-01-20 09:51:53,898 | INFO | Batch 330 | Loss: 0.0646 | Correct: 124/128 | Elapsed Time: 21.56s
2026-01-20 09:52:15,543 | INFO | Batch 340 | Loss: 0.1866 | Correct: 121/128 | Elapsed Time: 21.65s
2026-01-20 09:52:37,211 | INFO | Batch 350 | Loss: 0.1051 | Correct: 123/128 | Elapsed Time: 21.67s
2026-01-20 09:52:58,789 | INFO | Batch 360 | Loss: 0.0685 | Correct: 125/128 | Elapsed Time: 21.58s
2026-01-20 09:53:20,395 | INFO | Batch 370 | Loss: 0.1648 | Correct: 119/128 | Elapsed Time: 21.61s
2026-01-20 09:53:42,090 | INFO | Batch 380 | Loss: 0.0985 | Correct: 125/128 | Elapsed Time: 21.69s
2026-01-20 09:54:03,701 | INFO | Batch 390 | Loss: 0.1749 | Correct: 121/128 | Elapsed Time: 21.61s
2026-01-20 09:54:05,104 | INFO | Epoch [74/100] - Loss: 0.1081 | Correct: 48139/50000 (96.28%, 844.47s)
2026-01-20 09:55:16,745 | INFO | Validation - Loss: 0.3607 | Correct: 8892/10000 (88.92%) (71.64s)
2026-01-20 09:55:38,357 | INFO | Batch 10 | Loss: 0.1023 | Correct: 125/128 | Elapsed Time: 21.61s
2026-01-20 09:55:59,968 | INFO | Batch 20 | Loss: 0.1104 | Correct: 123/128 | Elapsed Time: 21.61s
2026-01-20 09:56:21,562 | INFO | Batch 30 | Loss: 0.1378 | Correct: 120/128 | Elapsed Time: 21.59s
2026-01-20 09:56:43,276 | INFO | Batch 40 | Loss: 0.1334 | Correct: 121/128 | Elapsed Time: 21.71s
2026-01-20 09:57:04,843 | INFO | Batch 50 | Loss: 0.1291 | Correct: 124/128 | Elapsed Time: 21.57s
2026-01-20 09:57:26,385 | INFO | Batch 60 | Loss: 0.0723 | Correct: 126/128 | Elapsed Time: 21.54s
2026-01-20 09:57:47,963 | INFO | Batch 70 | Loss: 0.0903 | Correct: 125/128 | Elapsed Time: 21.58s
2026-01-20 09:58:09,510 | INFO | Batch 80 | Loss: 0.0457 | Correct: 126/128 | Elapsed Time: 21.55s
2026-01-20 09:58:31,100 | INFO | Batch 90 | Loss: 0.0682 | Correct: 125/128 | Elapsed Time: 21.59s
2026-01-20 09:58:52,740 | INFO | Batch 100 | Loss: 0.0974 | Correct: 124/128 | Elapsed Time: 21.64s
2026-01-20 09:59:14,366 | INFO | Batch 110 | Loss: 0.0933 | Correct: 123/128 | Elapsed Time: 21.63s
2026-01-20 09:59:35,917 | INFO | Batch 120 | Loss: 0.2280 | Correct: 119/128 | Elapsed Time: 21.55s
2026-01-20 09:59:57,614 | INFO | Batch 130 | Loss: 0.0382 | Correct: 127/128 | Elapsed Time: 21.70s
2026-01-20 10:00:19,283 | INFO | Batch 140 | Loss: 0.0479 | Correct: 127/128 | Elapsed Time: 21.67s
2026-01-20 10:00:40,849 | INFO | Batch 150 | Loss: 0.0943 | Correct: 125/128 | Elapsed Time: 21.57s
2026-01-20 10:01:02,556 | INFO | Batch 160 | Loss: 0.0678 | Correct: 125/128 | Elapsed Time: 21.71s
2026-01-20 10:01:24,182 | INFO | Batch 170 | Loss: 0.0828 | Correct: 124/128 | Elapsed Time: 21.63s
2026-01-20 10:01:45,756 | INFO | Batch 180 | Loss: 0.0815 | Correct: 124/128 | Elapsed Time: 21.57s
2026-01-20 10:02:07,355 | INFO | Batch 190 | Loss: 0.1184 | Correct: 124/128 | Elapsed Time: 21.60s
2026-01-20 10:02:28,964 | INFO | Batch 200 | Loss: 0.1826 | Correct: 121/128 | Elapsed Time: 21.61s
2026-01-20 10:02:50,538 | INFO | Batch 210 | Loss: 0.0974 | Correct: 126/128 | Elapsed Time: 21.57s
2026-01-20 10:03:12,261 | INFO | Batch 220 | Loss: 0.1341 | Correct: 121/128 | Elapsed Time: 21.72s
2026-01-20 10:03:33,859 | INFO | Batch 230 | Loss: 0.1371 | Correct: 121/128 | Elapsed Time: 21.60s
2026-01-20 10:03:55,466 | INFO | Batch 240 | Loss: 0.0755 | Correct: 123/128 | Elapsed Time: 21.61s
2026-01-20 10:04:17,091 | INFO | Batch 250 | Loss: 0.1684 | Correct: 119/128 | Elapsed Time: 21.63s
2026-01-20 10:04:38,629 | INFO | Batch 260 | Loss: 0.1012 | Correct: 126/128 | Elapsed Time: 21.54s
2026-01-20 10:05:00,196 | INFO | Batch 270 | Loss: 0.0727 | Correct: 126/128 | Elapsed Time: 21.57s
2026-01-20 10:05:21,776 | INFO | Batch 280 | Loss: 0.0472 | Correct: 126/128 | Elapsed Time: 21.58s
2026-01-20 10:05:43,411 | INFO | Batch 290 | Loss: 0.1327 | Correct: 120/128 | Elapsed Time: 21.64s
2026-01-20 10:06:05,000 | INFO | Batch 300 | Loss: 0.0546 | Correct: 127/128 | Elapsed Time: 21.59s
2026-01-20 10:06:26,535 | INFO | Batch 310 | Loss: 0.0595 | Correct: 126/128 | Elapsed Time: 21.54s
2026-01-20 10:06:48,113 | INFO | Batch 320 | Loss: 0.0969 | Correct: 123/128 | Elapsed Time: 21.58s
2026-01-20 10:07:09,744 | INFO | Batch 330 | Loss: 0.1140 | Correct: 121/128 | Elapsed Time: 21.63s
2026-01-20 10:07:31,321 | INFO | Batch 340 | Loss: 0.0856 | Correct: 125/128 | Elapsed Time: 21.58s
2026-01-20 10:07:52,986 | INFO | Batch 350 | Loss: 0.1098 | Correct: 124/128 | Elapsed Time: 21.66s
2026-01-20 10:08:14,554 | INFO | Batch 360 | Loss: 0.0776 | Correct: 124/128 | Elapsed Time: 21.57s
2026-01-20 10:08:36,153 | INFO | Batch 370 | Loss: 0.1312 | Correct: 122/128 | Elapsed Time: 21.60s
2026-01-20 10:08:57,754 | INFO | Batch 380 | Loss: 0.0735 | Correct: 123/128 | Elapsed Time: 21.60s
2026-01-20 10:09:19,355 | INFO | Batch 390 | Loss: 0.0870 | Correct: 126/128 | Elapsed Time: 21.60s
2026-01-20 10:09:20,755 | INFO | Epoch [75/100] - Loss: 0.1047 | Correct: 48183/50000 (96.37%, 844.01s)
2026-01-20 10:10:32,331 | INFO | Validation - Loss: 0.3664 | Correct: 8896/10000 (88.96%) (71.58s)
2026-01-20 10:10:53,951 | INFO | Batch 10 | Loss: 0.1068 | Correct: 123/128 | Elapsed Time: 21.62s
2026-01-20 10:11:15,542 | INFO | Batch 20 | Loss: 0.1487 | Correct: 124/128 | Elapsed Time: 21.59s
2026-01-20 10:11:37,255 | INFO | Batch 30 | Loss: 0.1385 | Correct: 122/128 | Elapsed Time: 21.71s
2026-01-20 10:11:58,826 | INFO | Batch 40 | Loss: 0.0612 | Correct: 126/128 | Elapsed Time: 21.57s
2026-01-20 10:12:20,435 | INFO | Batch 50 | Loss: 0.0442 | Correct: 126/128 | Elapsed Time: 21.61s
2026-01-20 10:12:42,051 | INFO | Batch 60 | Loss: 0.0487 | Correct: 128/128 | Elapsed Time: 21.62s
2026-01-20 10:13:03,650 | INFO | Batch 70 | Loss: 0.1012 | Correct: 126/128 | Elapsed Time: 21.60s
2026-01-20 10:13:25,213 | INFO | Batch 80 | Loss: 0.0828 | Correct: 124/128 | Elapsed Time: 21.56s
2026-01-20 10:13:46,828 | INFO | Batch 90 | Loss: 0.0996 | Correct: 123/128 | Elapsed Time: 21.62s
2026-01-20 10:14:08,453 | INFO | Batch 100 | Loss: 0.1393 | Correct: 122/128 | Elapsed Time: 21.62s
2026-01-20 10:14:30,036 | INFO | Batch 110 | Loss: 0.1511 | Correct: 124/128 | Elapsed Time: 21.58s
2026-01-20 10:14:51,622 | INFO | Batch 120 | Loss: 0.1431 | Correct: 121/128 | Elapsed Time: 21.59s
2026-01-20 10:15:13,239 | INFO | Batch 130 | Loss: 0.1012 | Correct: 123/128 | Elapsed Time: 21.62s
2026-01-20 10:15:34,758 | INFO | Batch 140 | Loss: 0.0712 | Correct: 125/128 | Elapsed Time: 21.52s
2026-01-20 10:15:56,321 | INFO | Batch 150 | Loss: 0.1197 | Correct: 125/128 | Elapsed Time: 21.56s
2026-01-20 10:16:18,028 | INFO | Batch 160 | Loss: 0.0943 | Correct: 125/128 | Elapsed Time: 21.71s
2026-01-20 10:16:39,581 | INFO | Batch 170 | Loss: 0.1080 | Correct: 124/128 | Elapsed Time: 21.55s
2026-01-20 10:17:01,149 | INFO | Batch 180 | Loss: 0.1237 | Correct: 124/128 | Elapsed Time: 21.57s
2026-01-20 10:17:22,771 | INFO | Batch 190 | Loss: 0.0656 | Correct: 125/128 | Elapsed Time: 21.62s
2026-01-20 10:17:44,288 | INFO | Batch 200 | Loss: 0.1074 | Correct: 122/128 | Elapsed Time: 21.52s
2026-01-20 10:18:05,925 | INFO | Batch 210 | Loss: 0.1165 | Correct: 123/128 | Elapsed Time: 21.64s
2026-01-20 10:18:27,463 | INFO | Batch 220 | Loss: 0.1320 | Correct: 123/128 | Elapsed Time: 21.54s
2026-01-20 10:18:49,145 | INFO | Batch 230 | Loss: 0.0824 | Correct: 123/128 | Elapsed Time: 21.68s
2026-01-20 10:19:10,814 | INFO | Batch 240 | Loss: 0.1684 | Correct: 123/128 | Elapsed Time: 21.67s
2026-01-20 10:19:32,403 | INFO | Batch 250 | Loss: 0.1408 | Correct: 121/128 | Elapsed Time: 21.59s
2026-01-20 10:19:53,972 | INFO | Batch 260 | Loss: 0.0776 | Correct: 125/128 | Elapsed Time: 21.57s
2026-01-20 10:20:15,642 | INFO | Batch 270 | Loss: 0.1018 | Correct: 125/128 | Elapsed Time: 21.67s
2026-01-20 10:20:37,205 | INFO | Batch 280 | Loss: 0.0856 | Correct: 124/128 | Elapsed Time: 21.56s
2026-01-20 10:20:58,719 | INFO | Batch 290 | Loss: 0.0953 | Correct: 125/128 | Elapsed Time: 21.51s
2026-01-20 10:21:20,386 | INFO | Batch 300 | Loss: 0.1363 | Correct: 120/128 | Elapsed Time: 21.67s
2026-01-20 10:21:41,934 | INFO | Batch 310 | Loss: 0.1080 | Correct: 123/128 | Elapsed Time: 21.55s
2026-01-20 10:22:03,502 | INFO | Batch 320 | Loss: 0.1191 | Correct: 120/128 | Elapsed Time: 21.57s
2026-01-20 10:22:25,107 | INFO | Batch 330 | Loss: 0.0642 | Correct: 125/128 | Elapsed Time: 21.60s
2026-01-20 10:22:46,615 | INFO | Batch 340 | Loss: 0.0727 | Correct: 124/128 | Elapsed Time: 21.51s
2026-01-20 10:23:08,204 | INFO | Batch 350 | Loss: 0.1210 | Correct: 122/128 | Elapsed Time: 21.59s
2026-01-20 10:23:29,759 | INFO | Batch 360 | Loss: 0.1536 | Correct: 122/128 | Elapsed Time: 21.55s
2026-01-20 10:23:51,409 | INFO | Batch 370 | Loss: 0.0898 | Correct: 126/128 | Elapsed Time: 21.65s
2026-01-20 10:24:13,060 | INFO | Batch 380 | Loss: 0.1191 | Correct: 124/128 | Elapsed Time: 21.65s
2026-01-20 10:24:34,666 | INFO | Batch 390 | Loss: 0.0428 | Correct: 127/128 | Elapsed Time: 21.61s
2026-01-20 10:24:36,067 | INFO | Epoch [76/100] - Loss: 0.1066 | Correct: 48200/50000 (96.40%, 843.73s)
2026-01-20 10:25:47,734 | INFO | Validation - Loss: 0.3739 | Correct: 8867/10000 (88.67%) (71.67s)
2026-01-20 10:26:09,343 | INFO | Batch 10 | Loss: 0.0879 | Correct: 125/128 | Elapsed Time: 21.61s
2026-01-20 10:26:30,892 | INFO | Batch 20 | Loss: 0.1408 | Correct: 122/128 | Elapsed Time: 21.55s
2026-01-20 10:26:52,445 | INFO | Batch 30 | Loss: 0.1243 | Correct: 121/128 | Elapsed Time: 21.55s
2026-01-20 10:27:14,105 | INFO | Batch 40 | Loss: 0.0918 | Correct: 122/128 | Elapsed Time: 21.66s
2026-01-20 10:27:35,700 | INFO | Batch 50 | Loss: 0.1408 | Correct: 122/128 | Elapsed Time: 21.59s
2026-01-20 10:27:57,242 | INFO | Batch 60 | Loss: 0.0678 | Correct: 123/128 | Elapsed Time: 21.54s
2026-01-20 10:28:18,813 | INFO | Batch 70 | Loss: 0.1408 | Correct: 123/128 | Elapsed Time: 21.57s
2026-01-20 10:28:40,349 | INFO | Batch 80 | Loss: 0.0948 | Correct: 123/128 | Elapsed Time: 21.54s
2026-01-20 10:29:01,898 | INFO | Batch 90 | Loss: 0.1128 | Correct: 125/128 | Elapsed Time: 21.55s
2026-01-20 10:29:23,555 | INFO | Batch 100 | Loss: 0.1385 | Correct: 121/128 | Elapsed Time: 21.66s
2026-01-20 10:29:45,109 | INFO | Batch 110 | Loss: 0.1730 | Correct: 120/128 | Elapsed Time: 21.55s
2026-01-20 10:30:06,698 | INFO | Batch 120 | Loss: 0.1675 | Correct: 122/128 | Elapsed Time: 21.59s
2026-01-20 10:30:28,368 | INFO | Batch 130 | Loss: 0.0879 | Correct: 123/128 | Elapsed Time: 21.67s
2026-01-20 10:30:49,940 | INFO | Batch 140 | Loss: 0.0712 | Correct: 126/128 | Elapsed Time: 21.57s
2026-01-20 10:31:11,553 | INFO | Batch 150 | Loss: 0.1277 | Correct: 120/128 | Elapsed Time: 21.61s
2026-01-20 10:31:33,136 | INFO | Batch 160 | Loss: 0.0884 | Correct: 125/128 | Elapsed Time: 21.58s
2026-01-20 10:31:54,758 | INFO | Batch 170 | Loss: 0.1298 | Correct: 120/128 | Elapsed Time: 21.62s
2026-01-20 10:32:16,329 | INFO | Batch 180 | Loss: 0.1110 | Correct: 122/128 | Elapsed Time: 21.57s
2026-01-20 10:32:37,905 | INFO | Batch 190 | Loss: 0.1536 | Correct: 123/128 | Elapsed Time: 21.58s
2026-01-20 10:32:59,473 | INFO | Batch 200 | Loss: 0.0727 | Correct: 123/128 | Elapsed Time: 21.57s
2026-01-20 10:33:21,100 | INFO | Batch 210 | Loss: 0.1080 | Correct: 121/128 | Elapsed Time: 21.63s
2026-01-20 10:33:42,693 | INFO | Batch 220 | Loss: 0.1018 | Correct: 126/128 | Elapsed Time: 21.59s
2026-01-20 10:34:04,337 | INFO | Batch 230 | Loss: 0.0735 | Correct: 126/128 | Elapsed Time: 21.64s
2026-01-20 10:34:26,031 | INFO | Batch 240 | Loss: 0.2280 | Correct: 117/128 | Elapsed Time: 21.69s
2026-01-20 10:34:47,607 | INFO | Batch 250 | Loss: 0.0789 | Correct: 124/128 | Elapsed Time: 21.58s
2026-01-20 10:35:09,202 | INFO | Batch 260 | Loss: 0.0410 | Correct: 127/128 | Elapsed Time: 21.59s
2026-01-20 10:35:30,762 | INFO | Batch 270 | Loss: 0.0727 | Correct: 124/128 | Elapsed Time: 21.56s
2026-01-20 10:35:52,343 | INFO | Batch 280 | Loss: 0.1152 | Correct: 123/128 | Elapsed Time: 21.58s
2026-01-20 10:36:13,980 | INFO | Batch 290 | Loss: 0.0815 | Correct: 126/128 | Elapsed Time: 21.64s
2026-01-20 10:36:35,552 | INFO | Batch 300 | Loss: 0.1826 | Correct: 118/128 | Elapsed Time: 21.57s
2026-01-20 10:36:57,219 | INFO | Batch 310 | Loss: 0.1348 | Correct: 122/128 | Elapsed Time: 21.67s
2026-01-20 10:37:18,813 | INFO | Batch 320 | Loss: 0.0789 | Correct: 123/128 | Elapsed Time: 21.59s
2026-01-20 10:37:40,406 | INFO | Batch 330 | Loss: 0.1836 | Correct: 121/128 | Elapsed Time: 21.59s
2026-01-20 10:38:01,993 | INFO | Batch 340 | Loss: 0.1447 | Correct: 123/128 | Elapsed Time: 21.59s
2026-01-20 10:38:23,563 | INFO | Batch 350 | Loss: 0.1675 | Correct: 122/128 | Elapsed Time: 21.57s
2026-01-20 10:38:45,157 | INFO | Batch 360 | Loss: 0.1257 | Correct: 122/128 | Elapsed Time: 21.59s
2026-01-20 10:39:06,743 | INFO | Batch 370 | Loss: 0.1012 | Correct: 123/128 | Elapsed Time: 21.59s
2026-01-20 10:39:28,397 | INFO | Batch 380 | Loss: 0.0678 | Correct: 126/128 | Elapsed Time: 21.65s
2026-01-20 10:39:49,964 | INFO | Batch 390 | Loss: 0.1063 | Correct: 123/128 | Elapsed Time: 21.57s
2026-01-20 10:39:51,376 | INFO | Epoch [77/100] - Loss: 0.1048 | Correct: 48196/50000 (96.39%, 843.64s)
2026-01-20 10:41:03,193 | INFO | Validation - Loss: 0.3682 | Correct: 8885/10000 (88.85%) (71.82s)
2026-01-20 10:41:24,851 | INFO | Batch 10 | Loss: 0.0846 | Correct: 123/128 | Elapsed Time: 21.66s
2026-01-20 10:41:46,440 | INFO | Batch 20 | Loss: 0.0708 | Correct: 125/128 | Elapsed Time: 21.59s
2026-01-20 10:42:08,057 | INFO | Batch 30 | Loss: 0.1666 | Correct: 122/128 | Elapsed Time: 21.62s
2026-01-20 10:42:29,698 | INFO | Batch 40 | Loss: 0.1122 | Correct: 123/128 | Elapsed Time: 21.64s
2026-01-20 10:42:51,308 | INFO | Batch 50 | Loss: 0.0918 | Correct: 124/128 | Elapsed Time: 21.61s
2026-01-20 10:43:12,962 | INFO | Batch 60 | Loss: 0.0635 | Correct: 125/128 | Elapsed Time: 21.65s
2026-01-20 10:43:34,557 | INFO | Batch 70 | Loss: 0.1146 | Correct: 120/128 | Elapsed Time: 21.60s
2026-01-20 10:43:56,107 | INFO | Batch 80 | Loss: 0.1439 | Correct: 121/128 | Elapsed Time: 21.55s
2026-01-20 10:44:17,705 | INFO | Batch 90 | Loss: 0.0802 | Correct: 125/128 | Elapsed Time: 21.60s
2026-01-20 10:44:39,285 | INFO | Batch 100 | Loss: 0.1657 | Correct: 122/128 | Elapsed Time: 21.58s
2026-01-20 10:45:00,981 | INFO | Batch 110 | Loss: 0.1455 | Correct: 121/128 | Elapsed Time: 21.70s
2026-01-20 10:45:22,608 | INFO | Batch 120 | Loss: 0.1243 | Correct: 124/128 | Elapsed Time: 21.63s
2026-01-20 10:45:44,221 | INFO | Batch 130 | Loss: 0.0768 | Correct: 126/128 | Elapsed Time: 21.61s
2026-01-20 10:46:05,840 | INFO | Batch 140 | Loss: 0.1128 | Correct: 121/128 | Elapsed Time: 21.62s
2026-01-20 10:46:27,397 | INFO | Batch 150 | Loss: 0.0674 | Correct: 126/128 | Elapsed Time: 21.56s
2026-01-20 10:46:48,979 | INFO | Batch 160 | Loss: 0.1110 | Correct: 123/128 | Elapsed Time: 21.58s
2026-01-20 10:47:10,669 | INFO | Batch 170 | Loss: 0.1270 | Correct: 123/128 | Elapsed Time: 21.69s
2026-01-20 10:47:32,327 | INFO | Batch 180 | Loss: 0.0414 | Correct: 127/128 | Elapsed Time: 21.66s
2026-01-20 10:47:53,876 | INFO | Batch 190 | Loss: 0.1385 | Correct: 123/128 | Elapsed Time: 21.55s
2026-01-20 10:48:15,489 | INFO | Batch 200 | Loss: 0.1371 | Correct: 124/128 | Elapsed Time: 21.61s
2026-01-20 10:48:37,054 | INFO | Batch 210 | Loss: 0.1237 | Correct: 124/128 | Elapsed Time: 21.56s
2026-01-20 10:48:58,618 | INFO | Batch 220 | Loss: 0.1277 | Correct: 123/128 | Elapsed Time: 21.56s
2026-01-20 10:49:20,242 | INFO | Batch 230 | Loss: 0.1291 | Correct: 122/128 | Elapsed Time: 21.62s
2026-01-20 10:49:41,810 | INFO | Batch 240 | Loss: 0.1277 | Correct: 120/128 | Elapsed Time: 21.57s
2026-01-20 10:50:03,513 | INFO | Batch 250 | Loss: 0.0602 | Correct: 126/128 | Elapsed Time: 21.70s
2026-01-20 10:50:25,270 | INFO | Batch 260 | Loss: 0.1057 | Correct: 123/128 | Elapsed Time: 21.76s
2026-01-20 10:50:46,861 | INFO | Batch 270 | Loss: 0.1110 | Correct: 121/128 | Elapsed Time: 21.59s
2026-01-20 10:51:08,465 | INFO | Batch 280 | Loss: 0.0793 | Correct: 124/128 | Elapsed Time: 21.60s
2026-01-20 10:51:30,044 | INFO | Batch 290 | Loss: 0.1836 | Correct: 117/128 | Elapsed Time: 21.58s
2026-01-20 10:51:51,560 | INFO | Batch 300 | Loss: 0.1561 | Correct: 119/128 | Elapsed Time: 21.52s
2026-01-20 10:52:13,133 | INFO | Batch 310 | Loss: 0.0908 | Correct: 125/128 | Elapsed Time: 21.57s
2026-01-20 10:52:34,778 | INFO | Batch 320 | Loss: 0.1264 | Correct: 124/128 | Elapsed Time: 21.65s
2026-01-20 10:52:56,363 | INFO | Batch 330 | Loss: 0.1045 | Correct: 125/128 | Elapsed Time: 21.58s
2026-01-20 10:53:17,964 | INFO | Batch 340 | Loss: 0.0828 | Correct: 125/128 | Elapsed Time: 21.60s
2026-01-20 10:53:39,498 | INFO | Batch 350 | Loss: 0.1210 | Correct: 124/128 | Elapsed Time: 21.53s
2026-01-20 10:54:01,080 | INFO | Batch 360 | Loss: 0.1363 | Correct: 121/128 | Elapsed Time: 21.58s
2026-01-20 10:54:22,658 | INFO | Batch 370 | Loss: 0.1856 | Correct: 122/128 | Elapsed Time: 21.58s
2026-01-20 10:54:44,225 | INFO | Batch 380 | Loss: 0.0555 | Correct: 125/128 | Elapsed Time: 21.57s
2026-01-20 10:55:05,977 | INFO | Batch 390 | Loss: 0.0948 | Correct: 124/128 | Elapsed Time: 21.75s
2026-01-20 10:55:07,376 | INFO | Epoch [78/100] - Loss: 0.1068 | Correct: 48207/50000 (96.41%, 844.18s)
2026-01-20 10:56:18,899 | INFO | Validation - Loss: 0.3626 | Correct: 8892/10000 (88.92%) (71.52s)
2026-01-20 10:56:40,502 | INFO | Batch 10 | Loss: 0.0842 | Correct: 124/128 | Elapsed Time: 21.60s
2026-01-20 10:57:02,059 | INFO | Batch 20 | Loss: 0.0903 | Correct: 122/128 | Elapsed Time: 21.56s
2026-01-20 10:57:23,634 | INFO | Batch 30 | Loss: 0.0851 | Correct: 125/128 | Elapsed Time: 21.57s
2026-01-20 10:57:45,144 | INFO | Batch 40 | Loss: 0.0509 | Correct: 126/128 | Elapsed Time: 21.51s
2026-01-20 10:58:06,858 | INFO | Batch 50 | Loss: 0.0543 | Correct: 127/128 | Elapsed Time: 21.71s
2026-01-20 10:58:28,379 | INFO | Batch 60 | Loss: 0.1334 | Correct: 122/128 | Elapsed Time: 21.52s
2026-01-20 10:58:49,906 | INFO | Batch 70 | Loss: 0.0923 | Correct: 125/128 | Elapsed Time: 21.53s
2026-01-20 10:59:11,502 | INFO | Batch 80 | Loss: 0.1237 | Correct: 122/128 | Elapsed Time: 21.60s
2026-01-20 10:59:33,081 | INFO | Batch 90 | Loss: 0.0980 | Correct: 124/128 | Elapsed Time: 21.58s
2026-01-20 10:59:54,722 | INFO | Batch 100 | Loss: 0.0933 | Correct: 124/128 | Elapsed Time: 21.64s
2026-01-20 11:00:16,356 | INFO | Batch 110 | Loss: 0.0980 | Correct: 124/128 | Elapsed Time: 21.63s
2026-01-20 11:00:37,971 | INFO | Batch 120 | Loss: 0.0780 | Correct: 126/128 | Elapsed Time: 21.61s
2026-01-20 11:00:59,541 | INFO | Batch 130 | Loss: 0.0933 | Correct: 123/128 | Elapsed Time: 21.57s
2026-01-20 11:01:21,140 | INFO | Batch 140 | Loss: 0.0269 | Correct: 128/128 | Elapsed Time: 21.60s
2026-01-20 11:01:42,689 | INFO | Batch 150 | Loss: 0.0474 | Correct: 127/128 | Elapsed Time: 21.55s
2026-01-20 11:02:04,274 | INFO | Batch 160 | Loss: 0.0923 | Correct: 122/128 | Elapsed Time: 21.59s
2026-01-20 11:02:25,948 | INFO | Batch 170 | Loss: 0.1408 | Correct: 123/128 | Elapsed Time: 21.67s
2026-01-20 11:02:47,524 | INFO | Batch 180 | Loss: 0.0889 | Correct: 126/128 | Elapsed Time: 21.58s
2026-01-20 11:03:09,145 | INFO | Batch 190 | Loss: 0.1074 | Correct: 124/128 | Elapsed Time: 21.62s
2026-01-20 11:03:30,715 | INFO | Batch 200 | Loss: 0.1612 | Correct: 122/128 | Elapsed Time: 21.57s
2026-01-20 11:03:52,265 | INFO | Batch 210 | Loss: 0.0731 | Correct: 126/128 | Elapsed Time: 21.55s
2026-01-20 11:04:13,947 | INFO | Batch 220 | Loss: 0.1230 | Correct: 120/128 | Elapsed Time: 21.68s
2026-01-20 11:04:35,523 | INFO | Batch 230 | Loss: 0.1210 | Correct: 121/128 | Elapsed Time: 21.58s
2026-01-20 11:04:57,090 | INFO | Batch 240 | Loss: 0.0612 | Correct: 127/128 | Elapsed Time: 21.57s
2026-01-20 11:05:18,735 | INFO | Batch 250 | Loss: 0.2172 | Correct: 118/128 | Elapsed Time: 21.65s
2026-01-20 11:05:40,288 | INFO | Batch 260 | Loss: 0.1104 | Correct: 125/128 | Elapsed Time: 21.55s
2026-01-20 11:06:01,845 | INFO | Batch 270 | Loss: 0.1104 | Correct: 122/128 | Elapsed Time: 21.56s
2026-01-20 11:06:23,428 | INFO | Batch 280 | Loss: 0.1140 | Correct: 122/128 | Elapsed Time: 21.58s
2026-01-20 11:06:45,031 | INFO | Batch 290 | Loss: 0.0996 | Correct: 123/128 | Elapsed Time: 21.60s
2026-01-20 11:07:06,672 | INFO | Batch 300 | Loss: 0.1487 | Correct: 121/128 | Elapsed Time: 21.64s
2026-01-20 11:07:28,246 | INFO | Batch 310 | Loss: 0.0526 | Correct: 126/128 | Elapsed Time: 21.57s
2026-01-20 11:07:49,821 | INFO | Batch 320 | Loss: 0.0615 | Correct: 125/128 | Elapsed Time: 21.57s
2026-01-20 11:08:11,461 | INFO | Batch 330 | Loss: 0.1312 | Correct: 122/128 | Elapsed Time: 21.64s
2026-01-20 11:08:33,050 | INFO | Batch 340 | Loss: 0.1178 | Correct: 121/128 | Elapsed Time: 21.59s
2026-01-20 11:08:54,595 | INFO | Batch 350 | Loss: 0.0785 | Correct: 125/128 | Elapsed Time: 21.54s
2026-01-20 11:09:16,290 | INFO | Batch 360 | Loss: 0.0751 | Correct: 125/128 | Elapsed Time: 21.70s
2026-01-20 11:09:37,875 | INFO | Batch 370 | Loss: 0.0938 | Correct: 125/128 | Elapsed Time: 21.58s
2026-01-20 11:09:59,406 | INFO | Batch 380 | Loss: 0.1230 | Correct: 124/128 | Elapsed Time: 21.53s
2026-01-20 11:10:21,087 | INFO | Batch 390 | Loss: 0.0953 | Correct: 123/128 | Elapsed Time: 21.68s
2026-01-20 11:10:22,492 | INFO | Epoch [79/100] - Loss: 0.1076 | Correct: 48155/50000 (96.31%, 843.59s)
2026-01-20 11:11:34,151 | INFO | Validation - Loss: 0.3734 | Correct: 8871/10000 (88.71%) (71.66s)
2026-01-20 11:11:55,790 | INFO | Batch 10 | Loss: 0.0716 | Correct: 125/128 | Elapsed Time: 21.64s
2026-01-20 11:12:17,522 | INFO | Batch 20 | Loss: 0.1320 | Correct: 120/128 | Elapsed Time: 21.73s
2026-01-20 11:12:39,077 | INFO | Batch 30 | Loss: 0.1086 | Correct: 124/128 | Elapsed Time: 21.55s
2026-01-20 11:13:00,687 | INFO | Batch 40 | Loss: 0.1356 | Correct: 122/128 | Elapsed Time: 21.61s
2026-01-20 11:13:22,338 | INFO | Batch 50 | Loss: 0.1140 | Correct: 124/128 | Elapsed Time: 21.65s
2026-01-20 11:13:43,895 | INFO | Batch 60 | Loss: 0.0964 | Correct: 126/128 | Elapsed Time: 21.56s
2026-01-20 11:14:05,472 | INFO | Batch 70 | Loss: 0.1092 | Correct: 123/128 | Elapsed Time: 21.58s
2026-01-20 11:14:27,153 | INFO | Batch 80 | Loss: 0.0874 | Correct: 123/128 | Elapsed Time: 21.68s
2026-01-20 11:14:48,728 | INFO | Batch 90 | Loss: 0.1787 | Correct: 121/128 | Elapsed Time: 21.57s
2026-01-20 11:15:10,293 | INFO | Batch 100 | Loss: 0.1439 | Correct: 123/128 | Elapsed Time: 21.57s
2026-01-20 11:15:31,921 | INFO | Batch 110 | Loss: 0.0570 | Correct: 125/128 | Elapsed Time: 21.63s
2026-01-20 11:15:53,456 | INFO | Batch 120 | Loss: 0.0421 | Correct: 127/128 | Elapsed Time: 21.53s
2026-01-20 11:16:15,040 | INFO | Batch 130 | Loss: 0.1230 | Correct: 125/128 | Elapsed Time: 21.58s
2026-01-20 11:16:36,600 | INFO | Batch 140 | Loss: 0.0903 | Correct: 125/128 | Elapsed Time: 21.56s
2026-01-20 11:16:58,216 | INFO | Batch 150 | Loss: 0.0552 | Correct: 125/128 | Elapsed Time: 21.62s
2026-01-20 11:17:19,808 | INFO | Batch 160 | Loss: 0.1291 | Correct: 123/128 | Elapsed Time: 21.59s
2026-01-20 11:17:41,438 | INFO | Batch 170 | Loss: 0.1092 | Correct: 125/128 | Elapsed Time: 21.63s
2026-01-20 11:18:02,991 | INFO | Batch 180 | Loss: 0.2219 | Correct: 117/128 | Elapsed Time: 21.55s
2026-01-20 11:18:24,608 | INFO | Batch 190 | Loss: 0.0555 | Correct: 127/128 | Elapsed Time: 21.62s
2026-01-20 11:18:46,181 | INFO | Batch 200 | Loss: 0.1237 | Correct: 123/128 | Elapsed Time: 21.57s
2026-01-20 11:19:07,746 | INFO | Batch 210 | Loss: 0.1080 | Correct: 124/128 | Elapsed Time: 21.57s
2026-01-20 11:19:29,407 | INFO | Batch 220 | Loss: 0.2219 | Correct: 120/128 | Elapsed Time: 21.66s
2026-01-20 11:19:50,975 | INFO | Batch 230 | Loss: 0.1270 | Correct: 123/128 | Elapsed Time: 21.57s
2026-01-20 11:20:12,653 | INFO | Batch 240 | Loss: 0.1527 | Correct: 121/128 | Elapsed Time: 21.68s
2026-01-20 11:20:34,284 | INFO | Batch 250 | Loss: 0.1371 | Correct: 122/128 | Elapsed Time: 21.63s
2026-01-20 11:20:55,858 | INFO | Batch 260 | Loss: 0.1029 | Correct: 124/128 | Elapsed Time: 21.57s
2026-01-20 11:21:17,468 | INFO | Batch 270 | Loss: 0.1341 | Correct: 122/128 | Elapsed Time: 21.61s
2026-01-20 11:21:39,077 | INFO | Batch 280 | Loss: 0.0969 | Correct: 124/128 | Elapsed Time: 21.61s
2026-01-20 11:22:00,801 | INFO | Batch 290 | Loss: 0.0586 | Correct: 126/128 | Elapsed Time: 21.72s
2026-01-20 11:22:22,423 | INFO | Batch 300 | Loss: 0.1544 | Correct: 122/128 | Elapsed Time: 21.62s
2026-01-20 11:22:43,978 | INFO | Batch 310 | Loss: 0.1277 | Correct: 122/128 | Elapsed Time: 21.56s
2026-01-20 11:23:05,606 | INFO | Batch 320 | Loss: 0.1191 | Correct: 122/128 | Elapsed Time: 21.63s
2026-01-20 11:23:27,222 | INFO | Batch 330 | Loss: 0.2160 | Correct: 117/128 | Elapsed Time: 21.62s
2026-01-20 11:23:48,857 | INFO | Batch 340 | Loss: 0.0990 | Correct: 123/128 | Elapsed Time: 21.64s
2026-01-20 11:24:10,427 | INFO | Batch 350 | Loss: 0.1385 | Correct: 118/128 | Elapsed Time: 21.57s
2026-01-20 11:24:32,122 | INFO | Batch 360 | Loss: 0.1128 | Correct: 124/128 | Elapsed Time: 21.69s
2026-01-20 11:24:53,770 | INFO | Batch 370 | Loss: 0.1191 | Correct: 121/128 | Elapsed Time: 21.65s
2026-01-20 11:25:15,469 | INFO | Batch 380 | Loss: 0.0842 | Correct: 124/128 | Elapsed Time: 21.70s
2026-01-20 11:25:37,064 | INFO | Batch 390 | Loss: 0.1711 | Correct: 118/128 | Elapsed Time: 21.59s
2026-01-20 11:25:38,458 | INFO | Epoch [80/100] - Loss: 0.1053 | Correct: 48159/50000 (96.32%, 844.30s)
2026-01-20 11:26:50,298 | INFO | Validation - Loss: 0.3671 | Correct: 8885/10000 (88.85%) (71.84s)
2026-01-20 11:27:12,057 | INFO | Batch 10 | Loss: 0.0990 | Correct: 123/128 | Elapsed Time: 21.76s
2026-01-20 11:27:33,973 | INFO | Batch 20 | Loss: 0.1334 | Correct: 123/128 | Elapsed Time: 21.92s
2026-01-20 11:27:55,697 | INFO | Batch 30 | Loss: 0.0889 | Correct: 124/128 | Elapsed Time: 21.72s
2026-01-20 11:28:17,682 | INFO | Batch 40 | Loss: 0.1612 | Correct: 122/128 | Elapsed Time: 21.98s
2026-01-20 11:28:39,586 | INFO | Batch 50 | Loss: 0.0969 | Correct: 125/128 | Elapsed Time: 21.90s
2026-01-20 11:29:01,411 | INFO | Batch 60 | Loss: 0.0923 | Correct: 124/128 | Elapsed Time: 21.83s
2026-01-20 11:29:23,311 | INFO | Batch 70 | Loss: 0.1393 | Correct: 122/128 | Elapsed Time: 21.90s
2026-01-20 11:29:45,319 | INFO | Batch 80 | Loss: 0.2080 | Correct: 121/128 | Elapsed Time: 22.01s
2026-01-20 11:30:07,261 | INFO | Batch 90 | Loss: 0.0802 | Correct: 126/128 | Elapsed Time: 21.94s
2026-01-20 11:30:29,215 | INFO | Batch 100 | Loss: 0.0646 | Correct: 124/128 | Elapsed Time: 21.95s
2026-01-20 11:30:51,148 | INFO | Batch 110 | Loss: 0.1938 | Correct: 122/128 | Elapsed Time: 21.93s
2026-01-20 11:31:12,977 | INFO | Batch 120 | Loss: 0.1040 | Correct: 122/128 | Elapsed Time: 21.83s
2026-01-20 11:31:34,743 | INFO | Batch 130 | Loss: 0.0764 | Correct: 125/128 | Elapsed Time: 21.77s
2026-01-20 11:31:56,480 | INFO | Batch 140 | Loss: 0.0723 | Correct: 124/128 | Elapsed Time: 21.74s
2026-01-20 11:32:18,319 | INFO | Batch 150 | Loss: 0.0646 | Correct: 127/128 | Elapsed Time: 21.84s
2026-01-20 11:32:40,070 | INFO | Batch 160 | Loss: 0.1063 | Correct: 124/128 | Elapsed Time: 21.75s
2026-01-20 11:33:01,768 | INFO | Batch 170 | Loss: 0.1165 | Correct: 120/128 | Elapsed Time: 21.70s
2026-01-20 11:33:23,464 | INFO | Batch 180 | Loss: 0.1431 | Correct: 122/128 | Elapsed Time: 21.70s
2026-01-20 11:33:45,095 | INFO | Batch 190 | Loss: 0.1836 | Correct: 117/128 | Elapsed Time: 21.63s
2026-01-20 11:34:06,808 | INFO | Batch 200 | Loss: 0.0618 | Correct: 125/128 | Elapsed Time: 21.71s
2026-01-20 11:34:28,430 | INFO | Batch 210 | Loss: 0.0612 | Correct: 126/128 | Elapsed Time: 21.62s
2026-01-20 11:34:50,150 | INFO | Batch 220 | Loss: 0.1197 | Correct: 122/128 | Elapsed Time: 21.72s
2026-01-20 11:35:11,779 | INFO | Batch 230 | Loss: 0.1140 | Correct: 123/128 | Elapsed Time: 21.63s
2026-01-20 11:35:33,452 | INFO | Batch 240 | Loss: 0.0860 | Correct: 124/128 | Elapsed Time: 21.67s
2026-01-20 11:35:55,080 | INFO | Batch 250 | Loss: 0.0423 | Correct: 127/128 | Elapsed Time: 21.63s
2026-01-20 11:36:16,745 | INFO | Batch 260 | Loss: 0.0860 | Correct: 122/128 | Elapsed Time: 21.66s
2026-01-20 11:36:38,478 | INFO | Batch 270 | Loss: 0.1657 | Correct: 120/128 | Elapsed Time: 21.73s
2026-01-20 11:37:00,169 | INFO | Batch 280 | Loss: 0.0693 | Correct: 124/128 | Elapsed Time: 21.69s
2026-01-20 11:37:22,081 | INFO | Batch 290 | Loss: 0.1604 | Correct: 121/128 | Elapsed Time: 21.91s
2026-01-20 11:37:43,775 | INFO | Batch 300 | Loss: 0.0793 | Correct: 126/128 | Elapsed Time: 21.69s
2026-01-20 11:38:05,510 | INFO | Batch 310 | Loss: 0.1104 | Correct: 121/128 | Elapsed Time: 21.73s
2026-01-20 11:38:27,269 | INFO | Batch 320 | Loss: 0.1305 | Correct: 120/128 | Elapsed Time: 21.76s
2026-01-20 11:38:49,079 | INFO | Batch 330 | Loss: 0.1204 | Correct: 121/128 | Elapsed Time: 21.81s
2026-01-20 11:39:10,946 | INFO | Batch 340 | Loss: 0.0360 | Correct: 127/128 | Elapsed Time: 21.87s
2026-01-20 11:39:32,813 | INFO | Batch 350 | Loss: 0.1007 | Correct: 124/128 | Elapsed Time: 21.87s
2026-01-20 11:39:54,834 | INFO | Batch 360 | Loss: 0.1191 | Correct: 123/128 | Elapsed Time: 22.02s
2026-01-20 11:40:16,905 | INFO | Batch 370 | Loss: 0.2024 | Correct: 119/128 | Elapsed Time: 22.07s
2026-01-20 11:40:38,817 | INFO | Batch 380 | Loss: 0.0985 | Correct: 122/128 | Elapsed Time: 21.91s
2026-01-20 11:41:00,675 | INFO | Batch 390 | Loss: 0.0735 | Correct: 125/128 | Elapsed Time: 21.86s
2026-01-20 11:41:02,111 | INFO | Epoch [81/100] - Loss: 0.1056 | Correct: 48160/50000 (96.32%, 851.81s)
2026-01-20 11:42:15,363 | INFO | Validation - Loss: 0.3616 | Correct: 8906/10000 (89.06%) (73.25s)
2026-01-20 11:42:37,223 | INFO | Batch 10 | Loss: 0.2137 | Correct: 116/128 | Elapsed Time: 21.86s
2026-01-20 11:42:59,158 | INFO | Batch 20 | Loss: 0.0964 | Correct: 123/128 | Elapsed Time: 21.94s
2026-01-20 11:43:21,015 | INFO | Batch 30 | Loss: 0.1092 | Correct: 122/128 | Elapsed Time: 21.86s
2026-01-20 11:43:42,803 | INFO | Batch 40 | Loss: 0.1007 | Correct: 123/128 | Elapsed Time: 21.79s
2026-01-20 11:44:04,551 | INFO | Batch 50 | Loss: 0.0696 | Correct: 125/128 | Elapsed Time: 21.75s
2026-01-20 11:44:26,169 | INFO | Batch 60 | Loss: 0.0776 | Correct: 125/128 | Elapsed Time: 21.62s
2026-01-20 11:44:47,813 | INFO | Batch 70 | Loss: 0.0467 | Correct: 126/128 | Elapsed Time: 21.64s
2026-01-20 11:45:09,552 | INFO | Batch 80 | Loss: 0.0469 | Correct: 126/128 | Elapsed Time: 21.74s
2026-01-20 11:45:31,096 | INFO | Batch 90 | Loss: 0.0815 | Correct: 123/128 | Elapsed Time: 21.54s
2026-01-20 11:45:52,640 | INFO | Batch 100 | Loss: 0.0743 | Correct: 123/128 | Elapsed Time: 21.54s
2026-01-20 11:46:14,248 | INFO | Batch 110 | Loss: 0.1068 | Correct: 124/128 | Elapsed Time: 21.61s
2026-01-20 11:46:35,807 | INFO | Batch 120 | Loss: 0.0366 | Correct: 127/128 | Elapsed Time: 21.56s
2026-01-20 11:46:57,382 | INFO | Batch 130 | Loss: 0.1171 | Correct: 124/128 | Elapsed Time: 21.57s
2026-01-20 11:47:19,025 | INFO | Batch 140 | Loss: 0.1210 | Correct: 124/128 | Elapsed Time: 21.64s
2026-01-20 11:47:40,683 | INFO | Batch 150 | Loss: 0.1223 | Correct: 119/128 | Elapsed Time: 21.66s
2026-01-20 11:48:02,259 | INFO | Batch 160 | Loss: 0.1856 | Correct: 116/128 | Elapsed Time: 21.58s
2026-01-20 11:48:23,868 | INFO | Batch 170 | Loss: 0.1561 | Correct: 122/128 | Elapsed Time: 21.61s
2026-01-20 11:48:45,473 | INFO | Batch 180 | Loss: 0.0851 | Correct: 123/128 | Elapsed Time: 21.60s
2026-01-20 11:49:07,061 | INFO | Batch 190 | Loss: 0.0889 | Correct: 123/128 | Elapsed Time: 21.59s
2026-01-20 11:49:28,645 | INFO | Batch 200 | Loss: 0.1730 | Correct: 120/128 | Elapsed Time: 21.58s
2026-01-20 11:49:50,235 | INFO | Batch 210 | Loss: 0.0980 | Correct: 126/128 | Elapsed Time: 21.59s
2026-01-20 11:50:12,050 | INFO | Batch 220 | Loss: 0.1159 | Correct: 122/128 | Elapsed Time: 21.82s
2026-01-20 11:50:33,662 | INFO | Batch 230 | Loss: 0.1098 | Correct: 121/128 | Elapsed Time: 21.61s
2026-01-20 11:50:55,219 | INFO | Batch 240 | Loss: 0.0602 | Correct: 124/128 | Elapsed Time: 21.56s
2026-01-20 11:51:16,822 | INFO | Batch 250 | Loss: 0.1639 | Correct: 123/128 | Elapsed Time: 21.60s
2026-01-20 11:51:38,386 | INFO | Batch 260 | Loss: 0.1007 | Correct: 124/128 | Elapsed Time: 21.56s
2026-01-20 11:52:00,014 | INFO | Batch 270 | Loss: 0.0903 | Correct: 125/128 | Elapsed Time: 21.63s
2026-01-20 11:52:21,759 | INFO | Batch 280 | Loss: 0.0985 | Correct: 123/128 | Elapsed Time: 21.75s
2026-01-20 11:52:43,607 | INFO | Batch 290 | Loss: 0.0719 | Correct: 125/128 | Elapsed Time: 21.85s
2026-01-20 11:53:05,279 | INFO | Batch 300 | Loss: 0.0806 | Correct: 125/128 | Elapsed Time: 21.67s
2026-01-20 11:53:26,957 | INFO | Batch 310 | Loss: 0.0953 | Correct: 125/128 | Elapsed Time: 21.68s
2026-01-20 11:53:48,624 | INFO | Batch 320 | Loss: 0.0918 | Correct: 124/128 | Elapsed Time: 21.67s
2026-01-20 11:54:10,298 | INFO | Batch 330 | Loss: 0.1897 | Correct: 117/128 | Elapsed Time: 21.67s
2026-01-20 11:54:31,971 | INFO | Batch 340 | Loss: 0.1217 | Correct: 124/128 | Elapsed Time: 21.67s
2026-01-20 11:54:53,645 | INFO | Batch 350 | Loss: 0.1378 | Correct: 123/128 | Elapsed Time: 21.67s
2026-01-20 11:55:15,510 | INFO | Batch 360 | Loss: 0.0537 | Correct: 126/128 | Elapsed Time: 21.87s
2026-01-20 11:55:37,225 | INFO | Batch 370 | Loss: 0.1012 | Correct: 125/128 | Elapsed Time: 21.72s
2026-01-20 11:55:58,927 | INFO | Batch 380 | Loss: 0.1063 | Correct: 121/128 | Elapsed Time: 21.70s
2026-01-20 11:56:20,639 | INFO | Batch 390 | Loss: 0.1018 | Correct: 123/128 | Elapsed Time: 21.71s
2026-01-20 11:56:22,052 | INFO | Epoch [82/100] - Loss: 0.1033 | Correct: 48219/50000 (96.44%, 846.69s)
2026-01-20 11:57:33,944 | INFO | Validation - Loss: 0.3679 | Correct: 8877/10000 (88.77%) (71.89s)
2026-01-20 11:57:55,596 | INFO | Batch 10 | Loss: 0.0884 | Correct: 122/128 | Elapsed Time: 21.65s
2026-01-20 11:58:17,359 | INFO | Batch 20 | Loss: 0.0768 | Correct: 123/128 | Elapsed Time: 21.76s
2026-01-20 11:58:38,957 | INFO | Batch 30 | Loss: 0.1001 | Correct: 122/128 | Elapsed Time: 21.60s
2026-01-20 11:59:00,558 | INFO | Batch 40 | Loss: 0.1447 | Correct: 122/128 | Elapsed Time: 21.60s
2026-01-20 11:59:22,239 | INFO | Batch 50 | Loss: 0.1074 | Correct: 122/128 | Elapsed Time: 21.68s
2026-01-20 11:59:43,911 | INFO | Batch 60 | Loss: 0.0776 | Correct: 125/128 | Elapsed Time: 21.67s
2026-01-20 12:00:05,559 | INFO | Batch 70 | Loss: 0.0506 | Correct: 125/128 | Elapsed Time: 21.65s
2026-01-20 12:00:27,428 | INFO | Batch 80 | Loss: 0.0913 | Correct: 124/128 | Elapsed Time: 21.87s
2026-01-20 12:00:49,050 | INFO | Batch 90 | Loss: 0.0685 | Correct: 125/128 | Elapsed Time: 21.62s
2026-01-20 12:01:10,822 | INFO | Batch 100 | Loss: 0.1544 | Correct: 123/128 | Elapsed Time: 21.77s
2026-01-20 12:01:32,496 | INFO | Batch 110 | Loss: 0.0837 | Correct: 125/128 | Elapsed Time: 21.67s
2026-01-20 12:01:54,153 | INFO | Batch 120 | Loss: 0.1001 | Correct: 123/128 | Elapsed Time: 21.66s
2026-01-20 12:02:15,837 | INFO | Batch 130 | Loss: 0.1230 | Correct: 124/128 | Elapsed Time: 21.68s
2026-01-20 12:02:37,579 | INFO | Batch 140 | Loss: 0.1495 | Correct: 122/128 | Elapsed Time: 21.74s
2026-01-20 12:02:59,361 | INFO | Batch 150 | Loss: 0.0894 | Correct: 124/128 | Elapsed Time: 21.78s
2026-01-20 12:03:21,163 | INFO | Batch 160 | Loss: 0.1431 | Correct: 122/128 | Elapsed Time: 21.80s
2026-01-20 12:03:42,906 | INFO | Batch 170 | Loss: 0.1007 | Correct: 122/128 | Elapsed Time: 21.74s
2026-01-20 12:04:04,754 | INFO | Batch 180 | Loss: 0.1552 | Correct: 122/128 | Elapsed Time: 21.85s
2026-01-20 12:04:26,526 | INFO | Batch 190 | Loss: 0.1140 | Correct: 122/128 | Elapsed Time: 21.77s
2026-01-20 12:04:48,362 | INFO | Batch 200 | Loss: 0.0953 | Correct: 125/128 | Elapsed Time: 21.84s
2026-01-20 12:05:10,171 | INFO | Batch 210 | Loss: 0.0913 | Correct: 124/128 | Elapsed Time: 21.81s
2026-01-20 12:05:32,051 | INFO | Batch 220 | Loss: 0.0509 | Correct: 126/128 | Elapsed Time: 21.88s
2026-01-20 12:05:53,789 | INFO | Batch 230 | Loss: 0.0586 | Correct: 126/128 | Elapsed Time: 21.74s
2026-01-20 12:06:15,602 | INFO | Batch 240 | Loss: 0.0731 | Correct: 126/128 | Elapsed Time: 21.81s
2026-01-20 12:06:37,275 | INFO | Batch 250 | Loss: 0.1178 | Correct: 122/128 | Elapsed Time: 21.67s
2026-01-20 12:06:58,964 | INFO | Batch 260 | Loss: 0.1431 | Correct: 123/128 | Elapsed Time: 21.69s
2026-01-20 12:07:20,726 | INFO | Batch 270 | Loss: 0.0797 | Correct: 125/128 | Elapsed Time: 21.76s
2026-01-20 12:07:42,378 | INFO | Batch 280 | Loss: 0.1519 | Correct: 123/128 | Elapsed Time: 21.65s
2026-01-20 12:08:04,211 | INFO | Batch 290 | Loss: 0.1080 | Correct: 124/128 | Elapsed Time: 21.83s
2026-01-20 12:08:25,948 | INFO | Batch 300 | Loss: 0.0567 | Correct: 127/128 | Elapsed Time: 21.74s
2026-01-20 12:08:47,637 | INFO | Batch 310 | Loss: 0.0678 | Correct: 124/128 | Elapsed Time: 21.69s
2026-01-20 12:09:09,408 | INFO | Batch 320 | Loss: 0.0628 | Correct: 125/128 | Elapsed Time: 21.77s
2026-01-20 12:09:31,157 | INFO | Batch 330 | Loss: 0.1455 | Correct: 118/128 | Elapsed Time: 21.75s
2026-01-20 12:09:52,956 | INFO | Batch 340 | Loss: 0.1001 | Correct: 123/128 | Elapsed Time: 21.80s
2026-01-20 12:10:14,831 | INFO | Batch 350 | Loss: 0.1146 | Correct: 120/128 | Elapsed Time: 21.88s
2026-01-20 12:10:36,710 | INFO | Batch 360 | Loss: 0.1423 | Correct: 122/128 | Elapsed Time: 21.88s
2026-01-20 12:10:58,431 | INFO | Batch 370 | Loss: 0.1086 | Correct: 123/128 | Elapsed Time: 21.72s
2026-01-20 12:11:20,167 | INFO | Batch 380 | Loss: 0.0612 | Correct: 126/128 | Elapsed Time: 21.74s
2026-01-20 12:11:41,860 | INFO | Batch 390 | Loss: 0.0985 | Correct: 123/128 | Elapsed Time: 21.69s
2026-01-20 12:11:43,269 | INFO | Epoch [83/100] - Loss: 0.1038 | Correct: 48194/50000 (96.39%, 849.32s)
2026-01-20 12:12:55,702 | INFO | Validation - Loss: 0.3692 | Correct: 8865/10000 (88.65%) (72.43s)
2026-01-20 12:13:17,534 | INFO | Batch 10 | Loss: 0.1165 | Correct: 123/128 | Elapsed Time: 21.83s
2026-01-20 12:13:39,364 | INFO | Batch 20 | Loss: 0.1178 | Correct: 123/128 | Elapsed Time: 21.83s
2026-01-20 12:14:01,125 | INFO | Batch 30 | Loss: 0.0520 | Correct: 128/128 | Elapsed Time: 21.76s
2026-01-20 12:14:22,892 | INFO | Batch 40 | Loss: 0.1423 | Correct: 122/128 | Elapsed Time: 21.77s
2026-01-20 12:14:44,775 | INFO | Batch 50 | Loss: 0.1152 | Correct: 124/128 | Elapsed Time: 21.88s
2026-01-20 12:15:06,721 | INFO | Batch 60 | Loss: 0.1378 | Correct: 122/128 | Elapsed Time: 21.95s
2026-01-20 12:15:28,560 | INFO | Batch 70 | Loss: 0.0985 | Correct: 120/128 | Elapsed Time: 21.84s
2026-01-20 12:15:50,323 | INFO | Batch 80 | Loss: 0.1057 | Correct: 124/128 | Elapsed Time: 21.76s
2026-01-20 12:16:12,045 | INFO | Batch 90 | Loss: 0.0928 | Correct: 124/128 | Elapsed Time: 21.72s
2026-01-20 12:16:33,687 | INFO | Batch 100 | Loss: 0.0785 | Correct: 125/128 | Elapsed Time: 21.64s
2026-01-20 12:16:55,378 | INFO | Batch 110 | Loss: 0.0928 | Correct: 123/128 | Elapsed Time: 21.69s
2026-01-20 12:17:17,172 | INFO | Batch 120 | Loss: 0.1487 | Correct: 122/128 | Elapsed Time: 21.79s
2026-01-20 12:17:38,869 | INFO | Batch 130 | Loss: 0.1439 | Correct: 124/128 | Elapsed Time: 21.70s
2026-01-20 12:18:00,546 | INFO | Batch 140 | Loss: 0.0903 | Correct: 122/128 | Elapsed Time: 21.68s
2026-01-20 12:18:22,353 | INFO | Batch 150 | Loss: 0.1074 | Correct: 122/128 | Elapsed Time: 21.81s
2026-01-20 12:18:44,024 | INFO | Batch 160 | Loss: 0.1298 | Correct: 125/128 | Elapsed Time: 21.67s
2026-01-20 12:19:05,796 | INFO | Batch 170 | Loss: 0.0874 | Correct: 123/128 | Elapsed Time: 21.77s
2026-01-20 12:19:27,448 | INFO | Batch 180 | Loss: 0.1165 | Correct: 123/128 | Elapsed Time: 21.65s
2026-01-20 12:19:49,044 | INFO | Batch 190 | Loss: 0.1086 | Correct: 124/128 | Elapsed Time: 21.60s
2026-01-20 12:20:10,746 | INFO | Batch 200 | Loss: 0.1104 | Correct: 121/128 | Elapsed Time: 21.70s
2026-01-20 12:20:32,421 | INFO | Batch 210 | Loss: 0.0743 | Correct: 124/128 | Elapsed Time: 21.67s
2026-01-20 12:20:54,186 | INFO | Batch 220 | Loss: 0.0789 | Correct: 124/128 | Elapsed Time: 21.77s
2026-01-20 12:21:15,869 | INFO | Batch 230 | Loss: 0.1702 | Correct: 121/128 | Elapsed Time: 21.68s
2026-01-20 12:21:37,487 | INFO | Batch 240 | Loss: 0.1519 | Correct: 119/128 | Elapsed Time: 21.62s
2026-01-20 12:21:59,075 | INFO | Batch 250 | Loss: 0.1092 | Correct: 122/128 | Elapsed Time: 21.59s
2026-01-20 12:22:20,718 | INFO | Batch 260 | Loss: 0.0602 | Correct: 126/128 | Elapsed Time: 21.64s
2026-01-20 12:22:42,395 | INFO | Batch 270 | Loss: 0.1836 | Correct: 120/128 | Elapsed Time: 21.68s
2026-01-20 12:23:04,149 | INFO | Batch 280 | Loss: 0.1393 | Correct: 123/128 | Elapsed Time: 21.75s
2026-01-20 12:23:25,987 | INFO | Batch 290 | Loss: 0.0772 | Correct: 126/128 | Elapsed Time: 21.84s
2026-01-20 12:23:47,747 | INFO | Batch 300 | Loss: 0.0837 | Correct: 122/128 | Elapsed Time: 21.76s
2026-01-20 12:24:09,489 | INFO | Batch 310 | Loss: 0.0842 | Correct: 124/128 | Elapsed Time: 21.74s
2026-01-20 12:24:31,177 | INFO | Batch 320 | Loss: 0.0894 | Correct: 124/128 | Elapsed Time: 21.69s
2026-01-20 12:24:52,864 | INFO | Batch 330 | Loss: 0.1334 | Correct: 122/128 | Elapsed Time: 21.69s
2026-01-20 12:25:14,604 | INFO | Batch 340 | Loss: 0.0964 | Correct: 124/128 | Elapsed Time: 21.74s
2026-01-20 12:25:36,299 | INFO | Batch 350 | Loss: 0.0485 | Correct: 125/128 | Elapsed Time: 21.69s
2026-01-20 12:25:58,051 | INFO | Batch 360 | Loss: 0.1178 | Correct: 123/128 | Elapsed Time: 21.75s
2026-01-20 12:26:19,868 | INFO | Batch 370 | Loss: 0.1086 | Correct: 124/128 | Elapsed Time: 21.82s
2026-01-20 12:26:41,444 | INFO | Batch 380 | Loss: 0.1140 | Correct: 123/128 | Elapsed Time: 21.58s
2026-01-20 12:27:02,995 | INFO | Batch 390 | Loss: 0.0523 | Correct: 127/128 | Elapsed Time: 21.55s
2026-01-20 12:27:04,442 | INFO | Epoch [84/100] - Loss: 0.1039 | Correct: 48181/50000 (96.36%, 848.74s)
2026-01-20 12:28:16,234 | INFO | Validation - Loss: 0.3704 | Correct: 8874/10000 (88.74%) (71.79s)
2026-01-20 12:28:37,842 | INFO | Batch 10 | Loss: 0.1648 | Correct: 121/128 | Elapsed Time: 21.60s
2026-01-20 12:28:59,586 | INFO | Batch 20 | Loss: 0.1478 | Correct: 124/128 | Elapsed Time: 21.74s
2026-01-20 12:29:21,204 | INFO | Batch 30 | Loss: 0.0865 | Correct: 124/128 | Elapsed Time: 21.62s
2026-01-20 12:29:42,809 | INFO | Batch 40 | Loss: 0.1356 | Correct: 121/128 | Elapsed Time: 21.60s
2026-01-20 12:30:04,439 | INFO | Batch 50 | Loss: 0.1110 | Correct: 123/128 | Elapsed Time: 21.63s
2026-01-20 12:30:26,095 | INFO | Batch 60 | Loss: 0.1284 | Correct: 122/128 | Elapsed Time: 21.66s
2026-01-20 12:30:47,721 | INFO | Batch 70 | Loss: 0.1561 | Correct: 121/128 | Elapsed Time: 21.63s
2026-01-20 12:31:09,483 | INFO | Batch 80 | Loss: 0.0851 | Correct: 124/128 | Elapsed Time: 21.76s
2026-01-20 12:31:31,096 | INFO | Batch 90 | Loss: 0.0555 | Correct: 125/128 | Elapsed Time: 21.61s
2026-01-20 12:31:52,667 | INFO | Batch 100 | Loss: 0.1621 | Correct: 123/128 | Elapsed Time: 21.57s
2026-01-20 12:32:14,310 | INFO | Batch 110 | Loss: 0.0780 | Correct: 126/128 | Elapsed Time: 21.64s
2026-01-20 12:32:35,877 | INFO | Batch 120 | Loss: 0.1045 | Correct: 123/128 | Elapsed Time: 21.57s
2026-01-20 12:32:57,428 | INFO | Batch 130 | Loss: 0.1116 | Correct: 123/128 | Elapsed Time: 21.55s
2026-01-20 12:33:19,044 | INFO | Batch 140 | Loss: 0.0903 | Correct: 123/128 | Elapsed Time: 21.62s
2026-01-20 12:33:40,709 | INFO | Batch 150 | Loss: 0.1092 | Correct: 122/128 | Elapsed Time: 21.67s
2026-01-20 12:34:02,263 | INFO | Batch 160 | Loss: 0.0618 | Correct: 127/128 | Elapsed Time: 21.55s
2026-01-20 12:34:23,856 | INFO | Batch 170 | Loss: 0.0898 | Correct: 123/128 | Elapsed Time: 21.59s
2026-01-20 12:34:45,403 | INFO | Batch 180 | Loss: 0.2091 | Correct: 120/128 | Elapsed Time: 21.55s
2026-01-20 12:35:07,053 | INFO | Batch 190 | Loss: 0.0564 | Correct: 126/128 | Elapsed Time: 21.65s
2026-01-20 12:35:28,742 | INFO | Batch 200 | Loss: 0.1334 | Correct: 123/128 | Elapsed Time: 21.69s
2026-01-20 12:35:50,301 | INFO | Batch 210 | Loss: 0.1455 | Correct: 124/128 | Elapsed Time: 21.56s
2026-01-20 12:36:12,033 | INFO | Batch 220 | Loss: 0.1478 | Correct: 123/128 | Elapsed Time: 21.73s
2026-01-20 12:36:33,674 | INFO | Batch 230 | Loss: 0.0990 | Correct: 123/128 | Elapsed Time: 21.64s
2026-01-20 12:36:55,249 | INFO | Batch 240 | Loss: 0.0802 | Correct: 126/128 | Elapsed Time: 21.58s
2026-01-20 12:37:16,885 | INFO | Batch 250 | Loss: 0.0583 | Correct: 125/128 | Elapsed Time: 21.64s
2026-01-20 12:37:38,460 | INFO | Batch 260 | Loss: 0.0561 | Correct: 127/128 | Elapsed Time: 21.57s
2026-01-20 12:38:00,052 | INFO | Batch 270 | Loss: 0.1007 | Correct: 125/128 | Elapsed Time: 21.59s
2026-01-20 12:38:21,711 | INFO | Batch 280 | Loss: 0.1092 | Correct: 125/128 | Elapsed Time: 21.66s
2026-01-20 12:38:43,438 | INFO | Batch 290 | Loss: 0.0760 | Correct: 125/128 | Elapsed Time: 21.73s
2026-01-20 12:39:05,056 | INFO | Batch 300 | Loss: 0.1270 | Correct: 121/128 | Elapsed Time: 21.62s
2026-01-20 12:39:26,606 | INFO | Batch 310 | Loss: 0.1057 | Correct: 123/128 | Elapsed Time: 21.55s
2026-01-20 12:39:48,174 | INFO | Batch 320 | Loss: 0.1320 | Correct: 122/128 | Elapsed Time: 21.57s
2026-01-20 12:40:09,870 | INFO | Batch 330 | Loss: 0.1503 | Correct: 119/128 | Elapsed Time: 21.70s
2026-01-20 12:40:31,586 | INFO | Batch 340 | Loss: 0.1455 | Correct: 120/128 | Elapsed Time: 21.72s
2026-01-20 12:40:53,109 | INFO | Batch 350 | Loss: 0.1291 | Correct: 124/128 | Elapsed Time: 21.52s
2026-01-20 12:41:14,806 | INFO | Batch 360 | Loss: 0.0537 | Correct: 124/128 | Elapsed Time: 21.70s
2026-01-20 12:41:36,384 | INFO | Batch 370 | Loss: 0.0739 | Correct: 125/128 | Elapsed Time: 21.58s
2026-01-20 12:41:57,963 | INFO | Batch 380 | Loss: 0.0815 | Correct: 125/128 | Elapsed Time: 21.58s
2026-01-20 12:42:19,575 | INFO | Batch 390 | Loss: 0.0394 | Correct: 126/128 | Elapsed Time: 21.61s
2026-01-20 12:42:20,977 | INFO | Epoch [85/100] - Loss: 0.1046 | Correct: 48132/50000 (96.26%, 844.74s)
2026-01-20 12:43:32,797 | INFO | Validation - Loss: 0.3668 | Correct: 8875/10000 (88.75%) (71.82s)
2026-01-20 12:43:54,379 | INFO | Batch 10 | Loss: 0.1439 | Correct: 121/128 | Elapsed Time: 21.58s
2026-01-20 12:44:16,130 | INFO | Batch 20 | Loss: 0.1080 | Correct: 124/128 | Elapsed Time: 21.75s
2026-01-20 12:44:37,738 | INFO | Batch 30 | Loss: 0.0552 | Correct: 127/128 | Elapsed Time: 21.61s
2026-01-20 12:44:59,297 | INFO | Batch 40 | Loss: 0.0482 | Correct: 126/128 | Elapsed Time: 21.56s
2026-01-20 12:45:20,989 | INFO | Batch 50 | Loss: 0.0622 | Correct: 126/128 | Elapsed Time: 21.69s
2026-01-20 12:45:42,608 | INFO | Batch 60 | Loss: 0.0663 | Correct: 124/128 | Elapsed Time: 21.62s
2026-01-20 12:46:04,260 | INFO | Batch 70 | Loss: 0.1098 | Correct: 125/128 | Elapsed Time: 21.65s
2026-01-20 12:46:25,986 | INFO | Batch 80 | Loss: 0.0440 | Correct: 125/128 | Elapsed Time: 21.73s
2026-01-20 12:46:47,629 | INFO | Batch 90 | Loss: 0.1711 | Correct: 122/128 | Elapsed Time: 21.64s
2026-01-20 12:47:09,251 | INFO | Batch 100 | Loss: 0.0428 | Correct: 127/128 | Elapsed Time: 21.62s
2026-01-20 12:47:30,866 | INFO | Batch 110 | Loss: 0.0856 | Correct: 125/128 | Elapsed Time: 21.61s
2026-01-20 12:47:52,508 | INFO | Batch 120 | Loss: 0.1806 | Correct: 122/128 | Elapsed Time: 21.64s
2026-01-20 12:48:14,197 | INFO | Batch 130 | Loss: 0.0819 | Correct: 126/128 | Elapsed Time: 21.69s
2026-01-20 12:48:35,844 | INFO | Batch 140 | Loss: 0.1284 | Correct: 123/128 | Elapsed Time: 21.65s
2026-01-20 12:48:57,544 | INFO | Batch 150 | Loss: 0.0974 | Correct: 123/128 | Elapsed Time: 21.70s
2026-01-20 12:49:19,289 | INFO | Batch 160 | Loss: 0.1230 | Correct: 122/128 | Elapsed Time: 21.75s
2026-01-20 12:49:40,921 | INFO | Batch 170 | Loss: 0.0612 | Correct: 124/128 | Elapsed Time: 21.63s
2026-01-20 12:50:02,545 | INFO | Batch 180 | Loss: 0.0806 | Correct: 124/128 | Elapsed Time: 21.62s
2026-01-20 12:50:24,387 | INFO | Batch 190 | Loss: 0.1348 | Correct: 123/128 | Elapsed Time: 21.84s
2026-01-20 12:50:46,223 | INFO | Batch 200 | Loss: 0.0656 | Correct: 126/128 | Elapsed Time: 21.84s
2026-01-20 12:51:08,094 | INFO | Batch 210 | Loss: 0.0599 | Correct: 125/128 | Elapsed Time: 21.87s
2026-01-20 12:51:29,924 | INFO | Batch 220 | Loss: 0.0923 | Correct: 123/128 | Elapsed Time: 21.83s
2026-01-20 12:51:51,692 | INFO | Batch 230 | Loss: 0.1146 | Correct: 122/128 | Elapsed Time: 21.77s
2026-01-20 12:52:13,480 | INFO | Batch 240 | Loss: 0.0948 | Correct: 123/128 | Elapsed Time: 21.79s
2026-01-20 12:52:35,157 | INFO | Batch 250 | Loss: 0.1230 | Correct: 122/128 | Elapsed Time: 21.68s
2026-01-20 12:52:56,787 | INFO | Batch 260 | Loss: 0.0985 | Correct: 124/128 | Elapsed Time: 21.63s
2026-01-20 12:53:18,427 | INFO | Batch 270 | Loss: 0.0898 | Correct: 124/128 | Elapsed Time: 21.64s
2026-01-20 12:53:40,053 | INFO | Batch 280 | Loss: 0.0696 | Correct: 126/128 | Elapsed Time: 21.63s
2026-01-20 12:54:01,775 | INFO | Batch 290 | Loss: 0.1223 | Correct: 122/128 | Elapsed Time: 21.72s
2026-01-20 12:54:23,467 | INFO | Batch 300 | Loss: 0.0874 | Correct: 125/128 | Elapsed Time: 21.69s
2026-01-20 12:54:45,269 | INFO | Batch 310 | Loss: 0.0423 | Correct: 126/128 | Elapsed Time: 21.80s
2026-01-20 12:55:07,112 | INFO | Batch 320 | Loss: 0.1298 | Correct: 123/128 | Elapsed Time: 21.84s
2026-01-20 12:55:28,948 | INFO | Batch 330 | Loss: 0.0908 | Correct: 124/128 | Elapsed Time: 21.84s
2026-01-20 12:55:50,769 | INFO | Batch 340 | Loss: 0.0743 | Correct: 126/128 | Elapsed Time: 21.82s
2026-01-20 12:56:12,646 | INFO | Batch 350 | Loss: 0.0874 | Correct: 122/128 | Elapsed Time: 21.88s
2026-01-20 12:56:34,566 | INFO | Batch 360 | Loss: 0.1029 | Correct: 123/128 | Elapsed Time: 21.92s
2026-01-20 12:56:56,435 | INFO | Batch 370 | Loss: 0.0874 | Correct: 125/128 | Elapsed Time: 21.87s
2026-01-20 12:57:18,274 | INFO | Batch 380 | Loss: 0.1371 | Correct: 122/128 | Elapsed Time: 21.84s
2026-01-20 12:57:40,141 | INFO | Batch 390 | Loss: 0.0851 | Correct: 124/128 | Elapsed Time: 21.87s
2026-01-20 12:57:41,557 | INFO | Epoch [86/100] - Loss: 0.1035 | Correct: 48234/50000 (96.47%, 848.76s)
2026-01-20 12:58:54,736 | INFO | Validation - Loss: 0.3705 | Correct: 8888/10000 (88.88%) (73.18s)
2026-01-20 12:59:16,627 | INFO | Batch 10 | Loss: 0.0618 | Correct: 125/128 | Elapsed Time: 21.89s
2026-01-20 12:59:38,415 | INFO | Batch 20 | Loss: 0.0546 | Correct: 125/128 | Elapsed Time: 21.79s
2026-01-20 13:00:00,124 | INFO | Batch 30 | Loss: 0.0846 | Correct: 125/128 | Elapsed Time: 21.71s
2026-01-20 13:00:22,026 | INFO | Batch 40 | Loss: 0.1270 | Correct: 122/128 | Elapsed Time: 21.90s
2026-01-20 13:00:43,717 | INFO | Batch 50 | Loss: 0.0928 | Correct: 124/128 | Elapsed Time: 21.69s
2026-01-20 13:01:05,448 | INFO | Batch 60 | Loss: 0.1191 | Correct: 122/128 | Elapsed Time: 21.73s
2026-01-20 13:01:27,235 | INFO | Batch 70 | Loss: 0.0678 | Correct: 126/128 | Elapsed Time: 21.79s
2026-01-20 13:01:49,050 | INFO | Batch 80 | Loss: 0.1334 | Correct: 122/128 | Elapsed Time: 21.81s
2026-01-20 13:02:10,925 | INFO | Batch 90 | Loss: 0.0842 | Correct: 123/128 | Elapsed Time: 21.87s
2026-01-20 13:02:32,724 | INFO | Batch 100 | Loss: 0.1074 | Correct: 126/128 | Elapsed Time: 21.80s
2026-01-20 13:02:54,440 | INFO | Batch 110 | Loss: 0.1257 | Correct: 123/128 | Elapsed Time: 21.72s
2026-01-20 13:03:16,360 | INFO | Batch 120 | Loss: 0.0969 | Correct: 123/128 | Elapsed Time: 21.92s
2026-01-20 13:03:38,215 | INFO | Batch 130 | Loss: 0.0682 | Correct: 126/128 | Elapsed Time: 21.85s
2026-01-20 13:03:59,976 | INFO | Batch 140 | Loss: 0.1826 | Correct: 117/128 | Elapsed Time: 21.76s
2026-01-20 13:04:21,877 | INFO | Batch 150 | Loss: 0.2102 | Correct: 120/128 | Elapsed Time: 21.90s
2026-01-20 13:04:43,639 | INFO | Batch 160 | Loss: 0.0589 | Correct: 127/128 | Elapsed Time: 21.76s
2026-01-20 13:05:05,548 | INFO | Batch 170 | Loss: 0.1264 | Correct: 121/128 | Elapsed Time: 21.91s
2026-01-20 13:05:27,591 | INFO | Batch 180 | Loss: 0.1416 | Correct: 120/128 | Elapsed Time: 22.04s
2026-01-20 13:05:49,482 | INFO | Batch 190 | Loss: 0.1051 | Correct: 124/128 | Elapsed Time: 21.89s
2026-01-20 13:06:11,433 | INFO | Batch 200 | Loss: 0.0903 | Correct: 124/128 | Elapsed Time: 21.95s
2026-01-20 13:06:33,323 | INFO | Batch 210 | Loss: 0.0747 | Correct: 126/128 | Elapsed Time: 21.89s
2026-01-20 13:06:55,324 | INFO | Batch 220 | Loss: 0.0608 | Correct: 124/128 | Elapsed Time: 22.00s
2026-01-20 13:07:17,285 | INFO | Batch 230 | Loss: 0.0576 | Correct: 126/128 | Elapsed Time: 21.96s
2026-01-20 13:07:39,216 | INFO | Batch 240 | Loss: 0.1057 | Correct: 122/128 | Elapsed Time: 21.93s
2026-01-20 13:08:01,117 | INFO | Batch 250 | Loss: 0.0674 | Correct: 125/128 | Elapsed Time: 21.90s
2026-01-20 13:08:23,124 | INFO | Batch 260 | Loss: 0.0755 | Correct: 124/128 | Elapsed Time: 22.01s
2026-01-20 13:08:44,935 | INFO | Batch 270 | Loss: 0.0509 | Correct: 126/128 | Elapsed Time: 21.81s
2026-01-20 13:09:06,798 | INFO | Batch 280 | Loss: 0.0780 | Correct: 125/128 | Elapsed Time: 21.86s
2026-01-20 13:09:28,744 | INFO | Batch 290 | Loss: 0.0913 | Correct: 124/128 | Elapsed Time: 21.95s
2026-01-20 13:09:50,613 | INFO | Batch 300 | Loss: 0.1312 | Correct: 120/128 | Elapsed Time: 21.87s
2026-01-20 13:10:12,591 | INFO | Batch 310 | Loss: 0.0704 | Correct: 124/128 | Elapsed Time: 21.98s
2026-01-20 13:10:34,470 | INFO | Batch 320 | Loss: 0.0889 | Correct: 123/128 | Elapsed Time: 21.88s
2026-01-20 13:10:56,309 | INFO | Batch 330 | Loss: 0.0751 | Correct: 123/128 | Elapsed Time: 21.84s
2026-01-20 13:11:18,184 | INFO | Batch 340 | Loss: 0.1378 | Correct: 125/128 | Elapsed Time: 21.88s
2026-01-20 13:11:39,961 | INFO | Batch 350 | Loss: 0.1080 | Correct: 124/128 | Elapsed Time: 21.78s
2026-01-20 13:12:01,799 | INFO | Batch 360 | Loss: 0.1371 | Correct: 121/128 | Elapsed Time: 21.84s
2026-01-20 13:12:23,550 | INFO | Batch 370 | Loss: 0.2068 | Correct: 118/128 | Elapsed Time: 21.75s
2026-01-20 13:12:45,180 | INFO | Batch 380 | Loss: 0.1305 | Correct: 120/128 | Elapsed Time: 21.63s
2026-01-20 13:13:06,878 | INFO | Batch 390 | Loss: 0.1938 | Correct: 119/128 | Elapsed Time: 21.70s
2026-01-20 13:13:08,285 | INFO | Epoch [87/100] - Loss: 0.1070 | Correct: 48118/50000 (96.24%, 853.55s)
2026-01-20 13:14:20,282 | INFO | Validation - Loss: 0.3699 | Correct: 8880/10000 (88.80%) (72.00s)
2026-01-20 13:14:41,919 | INFO | Batch 10 | Loss: 0.1711 | Correct: 122/128 | Elapsed Time: 21.63s
2026-01-20 13:15:03,686 | INFO | Batch 20 | Loss: 0.1092 | Correct: 124/128 | Elapsed Time: 21.77s
2026-01-20 13:15:25,311 | INFO | Batch 30 | Loss: 0.1116 | Correct: 123/128 | Elapsed Time: 21.62s
2026-01-20 13:15:46,899 | INFO | Batch 40 | Loss: 0.1487 | Correct: 122/128 | Elapsed Time: 21.59s
2026-01-20 13:16:08,540 | INFO | Batch 50 | Loss: 0.0656 | Correct: 125/128 | Elapsed Time: 21.64s
2026-01-20 13:16:30,147 | INFO | Batch 60 | Loss: 0.1739 | Correct: 120/128 | Elapsed Time: 21.61s
2026-01-20 13:16:51,763 | INFO | Batch 70 | Loss: 0.1007 | Correct: 123/128 | Elapsed Time: 21.62s
2026-01-20 13:17:13,494 | INFO | Batch 80 | Loss: 0.1230 | Correct: 122/128 | Elapsed Time: 21.73s
2026-01-20 13:17:35,132 | INFO | Batch 90 | Loss: 0.0913 | Correct: 125/128 | Elapsed Time: 21.64s
2026-01-20 13:17:56,774 | INFO | Batch 100 | Loss: 0.2080 | Correct: 120/128 | Elapsed Time: 21.64s
2026-01-20 13:18:18,585 | INFO | Batch 110 | Loss: 0.1423 | Correct: 122/128 | Elapsed Time: 21.81s
2026-01-20 13:18:40,354 | INFO | Batch 120 | Loss: 0.1204 | Correct: 122/128 | Elapsed Time: 21.77s
2026-01-20 13:19:02,133 | INFO | Batch 130 | Loss: 0.1356 | Correct: 123/128 | Elapsed Time: 21.78s
2026-01-20 13:19:23,946 | INFO | Batch 140 | Loss: 0.1134 | Correct: 125/128 | Elapsed Time: 21.81s
2026-01-20 13:19:45,852 | INFO | Batch 150 | Loss: 0.1470 | Correct: 120/128 | Elapsed Time: 21.91s
2026-01-20 13:20:07,674 | INFO | Batch 160 | Loss: 0.0682 | Correct: 124/128 | Elapsed Time: 21.82s
2026-01-20 13:20:29,631 | INFO | Batch 170 | Loss: 0.1277 | Correct: 122/128 | Elapsed Time: 21.96s
2026-01-20 13:20:51,381 | INFO | Batch 180 | Loss: 0.0856 | Correct: 125/128 | Elapsed Time: 21.75s
2026-01-20 13:21:13,140 | INFO | Batch 190 | Loss: 0.1666 | Correct: 121/128 | Elapsed Time: 21.76s
2026-01-20 13:21:34,920 | INFO | Batch 200 | Loss: 0.1086 | Correct: 119/128 | Elapsed Time: 21.78s
2026-01-20 13:21:56,700 | INFO | Batch 210 | Loss: 0.1051 | Correct: 124/128 | Elapsed Time: 21.78s
2026-01-20 13:22:18,603 | INFO | Batch 220 | Loss: 0.0913 | Correct: 124/128 | Elapsed Time: 21.90s
2026-01-20 13:22:40,392 | INFO | Batch 230 | Loss: 0.0833 | Correct: 123/128 | Elapsed Time: 21.79s
2026-01-20 13:23:02,165 | INFO | Batch 240 | Loss: 0.0704 | Correct: 125/128 | Elapsed Time: 21.77s
2026-01-20 13:23:23,955 | INFO | Batch 250 | Loss: 0.1928 | Correct: 120/128 | Elapsed Time: 21.79s
2026-01-20 13:23:45,784 | INFO | Batch 260 | Loss: 0.1970 | Correct: 118/128 | Elapsed Time: 21.83s
2026-01-20 13:24:07,559 | INFO | Batch 270 | Loss: 0.1447 | Correct: 121/128 | Elapsed Time: 21.77s
2026-01-20 13:24:29,338 | INFO | Batch 280 | Loss: 0.0472 | Correct: 127/128 | Elapsed Time: 21.78s
2026-01-20 13:24:51,228 | INFO | Batch 290 | Loss: 0.0618 | Correct: 125/128 | Elapsed Time: 21.89s
2026-01-20 13:25:13,046 | INFO | Batch 300 | Loss: 0.0558 | Correct: 127/128 | Elapsed Time: 21.82s
2026-01-20 13:25:34,856 | INFO | Batch 310 | Loss: 0.1197 | Correct: 121/128 | Elapsed Time: 21.81s
2026-01-20 13:25:56,642 | INFO | Batch 320 | Loss: 0.1758 | Correct: 123/128 | Elapsed Time: 21.79s
2026-01-20 13:26:18,431 | INFO | Batch 330 | Loss: 0.0802 | Correct: 124/128 | Elapsed Time: 21.79s
2026-01-20 13:26:40,097 | INFO | Batch 340 | Loss: 0.1204 | Correct: 124/128 | Elapsed Time: 21.67s
2026-01-20 13:27:01,825 | INFO | Batch 350 | Loss: 0.0884 | Correct: 124/128 | Elapsed Time: 21.73s
2026-01-20 13:27:23,692 | INFO | Batch 360 | Loss: 0.1092 | Correct: 123/128 | Elapsed Time: 21.87s
2026-01-20 13:27:45,469 | INFO | Batch 370 | Loss: 0.0739 | Correct: 123/128 | Elapsed Time: 21.78s
2026-01-20 13:28:07,243 | INFO | Batch 380 | Loss: 0.1197 | Correct: 123/128 | Elapsed Time: 21.77s
2026-01-20 13:28:28,983 | INFO | Batch 390 | Loss: 0.0326 | Correct: 128/128 | Elapsed Time: 21.74s
2026-01-20 13:28:30,392 | INFO | Epoch [88/100] - Loss: 0.1048 | Correct: 48170/50000 (96.34%, 850.11s)
2026-01-20 13:29:42,653 | INFO | Validation - Loss: 0.3655 | Correct: 8884/10000 (88.84%) (72.26s)
2026-01-20 13:30:04,414 | INFO | Batch 10 | Loss: 0.0933 | Correct: 125/128 | Elapsed Time: 21.76s
2026-01-20 13:30:26,268 | INFO | Batch 20 | Loss: 0.0671 | Correct: 124/128 | Elapsed Time: 21.85s
2026-01-20 13:30:48,011 | INFO | Batch 30 | Loss: 0.2035 | Correct: 116/128 | Elapsed Time: 21.74s
2026-01-20 13:31:09,800 | INFO | Batch 40 | Loss: 0.1846 | Correct: 121/128 | Elapsed Time: 21.79s
2026-01-20 13:31:31,502 | INFO | Batch 50 | Loss: 0.1001 | Correct: 125/128 | Elapsed Time: 21.70s
2026-01-20 13:31:53,232 | INFO | Batch 60 | Loss: 0.1134 | Correct: 122/128 | Elapsed Time: 21.73s
2026-01-20 13:32:15,054 | INFO | Batch 70 | Loss: 0.1045 | Correct: 123/128 | Elapsed Time: 21.82s
2026-01-20 13:32:36,843 | INFO | Batch 80 | Loss: 0.1305 | Correct: 123/128 | Elapsed Time: 21.79s
2026-01-20 13:32:58,469 | INFO | Batch 90 | Loss: 0.1140 | Correct: 124/128 | Elapsed Time: 21.63s
2026-01-20 13:33:20,136 | INFO | Batch 100 | Loss: 0.0747 | Correct: 125/128 | Elapsed Time: 21.67s
2026-01-20 13:33:41,778 | INFO | Batch 110 | Loss: 0.0833 | Correct: 126/128 | Elapsed Time: 21.64s
2026-01-20 13:34:03,400 | INFO | Batch 120 | Loss: 0.0531 | Correct: 126/128 | Elapsed Time: 21.62s
2026-01-20 13:34:25,021 | INFO | Batch 130 | Loss: 0.1721 | Correct: 119/128 | Elapsed Time: 21.62s
2026-01-20 13:34:46,622 | INFO | Batch 140 | Loss: 0.0959 | Correct: 123/128 | Elapsed Time: 21.60s
2026-01-20 13:35:08,386 | INFO | Batch 150 | Loss: 0.0747 | Correct: 125/128 | Elapsed Time: 21.76s
2026-01-20 13:35:30,007 | INFO | Batch 160 | Loss: 0.0682 | Correct: 126/128 | Elapsed Time: 21.62s
2026-01-20 13:35:51,636 | INFO | Batch 170 | Loss: 0.0576 | Correct: 125/128 | Elapsed Time: 21.63s
2026-01-20 13:36:13,352 | INFO | Batch 180 | Loss: 0.1122 | Correct: 122/128 | Elapsed Time: 21.72s
2026-01-20 13:36:34,960 | INFO | Batch 190 | Loss: 0.0464 | Correct: 127/128 | Elapsed Time: 21.61s
2026-01-20 13:36:56,583 | INFO | Batch 200 | Loss: 0.1184 | Correct: 123/128 | Elapsed Time: 21.62s
2026-01-20 13:37:18,211 | INFO | Batch 210 | Loss: 0.0851 | Correct: 125/128 | Elapsed Time: 21.63s
2026-01-20 13:37:39,899 | INFO | Batch 220 | Loss: 0.1057 | Correct: 124/128 | Elapsed Time: 21.69s
2026-01-20 13:38:01,527 | INFO | Batch 230 | Loss: 0.1277 | Correct: 121/128 | Elapsed Time: 21.63s
2026-01-20 13:38:23,206 | INFO | Batch 240 | Loss: 0.0592 | Correct: 125/128 | Elapsed Time: 21.68s
2026-01-20 13:38:44,803 | INFO | Batch 250 | Loss: 0.2160 | Correct: 120/128 | Elapsed Time: 21.60s
2026-01-20 13:39:06,456 | INFO | Batch 260 | Loss: 0.1086 | Correct: 122/128 | Elapsed Time: 21.65s
2026-01-20 13:39:28,030 | INFO | Batch 270 | Loss: 0.0358 | Correct: 127/128 | Elapsed Time: 21.57s
2026-01-20 13:39:49,678 | INFO | Batch 280 | Loss: 0.0739 | Correct: 125/128 | Elapsed Time: 21.65s
2026-01-20 13:40:11,453 | INFO | Batch 290 | Loss: 0.1768 | Correct: 121/128 | Elapsed Time: 21.77s
2026-01-20 13:40:33,085 | INFO | Batch 300 | Loss: 0.1385 | Correct: 122/128 | Elapsed Time: 21.63s
2026-01-20 13:40:54,700 | INFO | Batch 310 | Loss: 0.0856 | Correct: 125/128 | Elapsed Time: 21.61s
2026-01-20 13:41:16,314 | INFO | Batch 320 | Loss: 0.1250 | Correct: 124/128 | Elapsed Time: 21.61s
2026-01-20 13:41:37,890 | INFO | Batch 330 | Loss: 0.1730 | Correct: 122/128 | Elapsed Time: 21.58s
2026-01-20 13:41:59,500 | INFO | Batch 340 | Loss: 0.1455 | Correct: 123/128 | Elapsed Time: 21.61s
2026-01-20 13:42:21,171 | INFO | Batch 350 | Loss: 0.0472 | Correct: 127/128 | Elapsed Time: 21.67s
2026-01-20 13:42:42,825 | INFO | Batch 360 | Loss: 0.1197 | Correct: 121/128 | Elapsed Time: 21.65s
2026-01-20 13:43:04,452 | INFO | Batch 370 | Loss: 0.0806 | Correct: 123/128 | Elapsed Time: 21.63s
2026-01-20 13:43:26,034 | INFO | Batch 380 | Loss: 0.1312 | Correct: 122/128 | Elapsed Time: 21.58s
2026-01-20 13:43:47,648 | INFO | Batch 390 | Loss: 0.1018 | Correct: 125/128 | Elapsed Time: 21.61s
2026-01-20 13:43:49,045 | INFO | Epoch [89/100] - Loss: 0.1061 | Correct: 48152/50000 (96.30%, 846.39s)
2026-01-20 13:45:00,755 | INFO | Validation - Loss: 0.3750 | Correct: 8861/10000 (88.61%) (71.71s)
2026-01-20 13:45:22,392 | INFO | Batch 10 | Loss: 0.0837 | Correct: 123/128 | Elapsed Time: 21.63s
2026-01-20 13:45:44,067 | INFO | Batch 20 | Loss: 0.0889 | Correct: 124/128 | Elapsed Time: 21.68s
2026-01-20 13:46:05,760 | INFO | Batch 30 | Loss: 0.0685 | Correct: 125/128 | Elapsed Time: 21.69s
2026-01-20 13:46:27,415 | INFO | Batch 40 | Loss: 0.0985 | Correct: 124/128 | Elapsed Time: 21.65s
2026-01-20 13:46:49,039 | INFO | Batch 50 | Loss: 0.1152 | Correct: 122/128 | Elapsed Time: 21.62s
2026-01-20 13:47:10,702 | INFO | Batch 60 | Loss: 0.1165 | Correct: 124/128 | Elapsed Time: 21.66s
2026-01-20 13:47:32,377 | INFO | Batch 70 | Loss: 0.0760 | Correct: 125/128 | Elapsed Time: 21.68s
2026-01-20 13:47:54,082 | INFO | Batch 80 | Loss: 0.0815 | Correct: 125/128 | Elapsed Time: 21.70s
2026-01-20 13:48:15,726 | INFO | Batch 90 | Loss: 0.0615 | Correct: 125/128 | Elapsed Time: 21.64s
2026-01-20 13:48:37,343 | INFO | Batch 100 | Loss: 0.0674 | Correct: 126/128 | Elapsed Time: 21.62s
2026-01-20 13:48:58,973 | INFO | Batch 110 | Loss: 0.1305 | Correct: 122/128 | Elapsed Time: 21.63s
2026-01-20 13:49:20,643 | INFO | Batch 120 | Loss: 0.0586 | Correct: 125/128 | Elapsed Time: 21.67s
2026-01-20 13:49:42,229 | INFO | Batch 130 | Loss: 0.1051 | Correct: 124/128 | Elapsed Time: 21.59s
2026-01-20 13:50:03,873 | INFO | Batch 140 | Loss: 0.1007 | Correct: 125/128 | Elapsed Time: 21.64s
2026-01-20 13:50:25,853 | INFO | Batch 150 | Loss: 0.1519 | Correct: 122/128 | Elapsed Time: 21.98s
2026-01-20 13:50:47,607 | INFO | Batch 160 | Loss: 0.0576 | Correct: 127/128 | Elapsed Time: 21.75s
2026-01-20 13:51:09,442 | INFO | Batch 170 | Loss: 0.1312 | Correct: 124/128 | Elapsed Time: 21.83s
2026-01-20 13:51:31,226 | INFO | Batch 180 | Loss: 0.1385 | Correct: 123/128 | Elapsed Time: 21.78s
2026-01-20 13:51:52,921 | INFO | Batch 190 | Loss: 0.1363 | Correct: 119/128 | Elapsed Time: 21.69s
2026-01-20 13:52:14,684 | INFO | Batch 200 | Loss: 0.0793 | Correct: 123/128 | Elapsed Time: 21.76s
2026-01-20 13:52:36,366 | INFO | Batch 210 | Loss: 0.0549 | Correct: 126/128 | Elapsed Time: 21.68s
2026-01-20 13:52:58,187 | INFO | Batch 220 | Loss: 0.0653 | Correct: 127/128 | Elapsed Time: 21.82s
2026-01-20 13:53:19,967 | INFO | Batch 230 | Loss: 0.1122 | Correct: 123/128 | Elapsed Time: 21.78s
2026-01-20 13:53:41,741 | INFO | Batch 240 | Loss: 0.1334 | Correct: 124/128 | Elapsed Time: 21.77s
2026-01-20 13:54:03,493 | INFO | Batch 250 | Loss: 0.0479 | Correct: 126/128 | Elapsed Time: 21.75s
2026-01-20 13:54:25,303 | INFO | Batch 260 | Loss: 0.1327 | Correct: 120/128 | Elapsed Time: 21.81s
2026-01-20 13:54:47,035 | INFO | Batch 270 | Loss: 0.0884 | Correct: 126/128 | Elapsed Time: 21.73s
2026-01-20 13:55:08,926 | INFO | Batch 280 | Loss: 0.0685 | Correct: 124/128 | Elapsed Time: 21.89s
2026-01-20 13:55:30,692 | INFO | Batch 290 | Loss: 0.1110 | Correct: 122/128 | Elapsed Time: 21.77s
2026-01-20 13:55:52,397 | INFO | Batch 300 | Loss: 0.1604 | Correct: 120/128 | Elapsed Time: 21.70s
2026-01-20 13:56:14,145 | INFO | Batch 310 | Loss: 0.0797 | Correct: 126/128 | Elapsed Time: 21.75s
2026-01-20 13:56:35,782 | INFO | Batch 320 | Loss: 0.0517 | Correct: 125/128 | Elapsed Time: 21.64s
2026-01-20 13:56:57,595 | INFO | Batch 330 | Loss: 0.0595 | Correct: 127/128 | Elapsed Time: 21.81s
2026-01-20 13:57:19,470 | INFO | Batch 340 | Loss: 0.1140 | Correct: 122/128 | Elapsed Time: 21.87s
2026-01-20 13:57:41,309 | INFO | Batch 350 | Loss: 0.0682 | Correct: 126/128 | Elapsed Time: 21.84s
2026-01-20 13:58:03,274 | INFO | Batch 360 | Loss: 0.0837 | Correct: 123/128 | Elapsed Time: 21.97s
2026-01-20 13:58:25,111 | INFO | Batch 370 | Loss: 0.1098 | Correct: 123/128 | Elapsed Time: 21.84s
2026-01-20 13:58:46,960 | INFO | Batch 380 | Loss: 0.1197 | Correct: 120/128 | Elapsed Time: 21.85s
2026-01-20 13:59:08,850 | INFO | Batch 390 | Loss: 0.1487 | Correct: 119/128 | Elapsed Time: 21.89s
2026-01-20 13:59:10,282 | INFO | Epoch [90/100] - Loss: 0.1059 | Correct: 48144/50000 (96.29%, 849.52s)
2026-01-20 14:00:23,070 | INFO | Validation - Loss: 0.3693 | Correct: 8881/10000 (88.81%) (72.79s)
2026-01-20 14:00:44,877 | INFO | Batch 10 | Loss: 0.0635 | Correct: 125/128 | Elapsed Time: 21.80s
2026-01-20 14:01:06,834 | INFO | Batch 20 | Loss: 0.1730 | Correct: 122/128 | Elapsed Time: 21.96s
2026-01-20 14:01:28,645 | INFO | Batch 30 | Loss: 0.0622 | Correct: 125/128 | Elapsed Time: 21.81s
2026-01-20 14:01:50,424 | INFO | Batch 40 | Loss: 0.1270 | Correct: 124/128 | Elapsed Time: 21.78s
2026-01-20 14:02:12,344 | INFO | Batch 50 | Loss: 0.1012 | Correct: 126/128 | Elapsed Time: 21.92s
2026-01-20 14:02:34,146 | INFO | Batch 60 | Loss: 0.0923 | Correct: 125/128 | Elapsed Time: 21.80s
2026-01-20 14:02:55,903 | INFO | Batch 70 | Loss: 0.0959 | Correct: 123/128 | Elapsed Time: 21.76s
2026-01-20 14:03:17,902 | INFO | Batch 80 | Loss: 0.0735 | Correct: 125/128 | Elapsed Time: 22.00s
2026-01-20 14:03:39,603 | INFO | Batch 90 | Loss: 0.0918 | Correct: 124/128 | Elapsed Time: 21.70s
2026-01-20 14:04:01,352 | INFO | Batch 100 | Loss: 0.1487 | Correct: 120/128 | Elapsed Time: 21.75s
2026-01-20 14:04:23,143 | INFO | Batch 110 | Loss: 0.0485 | Correct: 126/128 | Elapsed Time: 21.79s
2026-01-20 14:04:44,963 | INFO | Batch 120 | Loss: 0.0716 | Correct: 126/128 | Elapsed Time: 21.82s
2026-01-20 14:05:06,917 | INFO | Batch 130 | Loss: 0.1693 | Correct: 119/128 | Elapsed Time: 21.95s
2026-01-20 14:05:28,876 | INFO | Batch 140 | Loss: 0.0797 | Correct: 123/128 | Elapsed Time: 21.96s
2026-01-20 14:05:50,890 | INFO | Batch 150 | Loss: 0.0980 | Correct: 125/128 | Elapsed Time: 22.01s
2026-01-20 14:06:12,850 | INFO | Batch 160 | Loss: 0.0696 | Correct: 123/128 | Elapsed Time: 21.96s
2026-01-20 14:06:34,805 | INFO | Batch 170 | Loss: 0.1237 | Correct: 121/128 | Elapsed Time: 21.96s
2026-01-20 14:06:56,775 | INFO | Batch 180 | Loss: 0.1730 | Correct: 120/128 | Elapsed Time: 21.97s
2026-01-20 14:07:18,769 | INFO | Batch 190 | Loss: 0.1470 | Correct: 122/128 | Elapsed Time: 21.99s
2026-01-20 14:07:40,728 | INFO | Batch 200 | Loss: 0.0543 | Correct: 127/128 | Elapsed Time: 21.96s
2026-01-20 14:08:02,653 | INFO | Batch 210 | Loss: 0.1363 | Correct: 123/128 | Elapsed Time: 21.92s
2026-01-20 14:08:24,713 | INFO | Batch 220 | Loss: 0.1431 | Correct: 122/128 | Elapsed Time: 22.06s
2026-01-20 14:08:46,727 | INFO | Batch 230 | Loss: 0.1063 | Correct: 124/128 | Elapsed Time: 22.01s
2026-01-20 14:09:08,661 | INFO | Batch 240 | Loss: 0.1991 | Correct: 122/128 | Elapsed Time: 21.93s
2026-01-20 14:09:30,574 | INFO | Batch 250 | Loss: 0.1693 | Correct: 120/128 | Elapsed Time: 21.91s
2026-01-20 14:09:52,326 | INFO | Batch 260 | Loss: 0.0696 | Correct: 124/128 | Elapsed Time: 21.75s
2026-01-20 14:10:14,202 | INFO | Batch 270 | Loss: 0.1116 | Correct: 123/128 | Elapsed Time: 21.88s
2026-01-20 14:10:35,891 | INFO | Batch 280 | Loss: 0.1134 | Correct: 123/128 | Elapsed Time: 21.69s
2026-01-20 14:10:57,666 | INFO | Batch 290 | Loss: 0.0564 | Correct: 125/128 | Elapsed Time: 21.77s
2026-01-20 14:11:19,411 | INFO | Batch 300 | Loss: 0.0642 | Correct: 124/128 | Elapsed Time: 21.74s
2026-01-20 14:11:41,090 | INFO | Batch 310 | Loss: 0.1128 | Correct: 123/128 | Elapsed Time: 21.68s
2026-01-20 14:12:02,748 | INFO | Batch 320 | Loss: 0.0776 | Correct: 123/128 | Elapsed Time: 21.66s
2026-01-20 14:12:24,412 | INFO | Batch 330 | Loss: 0.1578 | Correct: 122/128 | Elapsed Time: 21.66s
2026-01-20 14:12:46,028 | INFO | Batch 340 | Loss: 0.0894 | Correct: 126/128 | Elapsed Time: 21.62s
2026-01-20 14:13:07,618 | INFO | Batch 350 | Loss: 0.0768 | Correct: 127/128 | Elapsed Time: 21.59s
2026-01-20 14:13:29,290 | INFO | Batch 360 | Loss: 0.1423 | Correct: 124/128 | Elapsed Time: 21.67s
2026-01-20 14:13:50,923 | INFO | Batch 370 | Loss: 0.1334 | Correct: 120/128 | Elapsed Time: 21.63s
2026-01-20 14:14:12,636 | INFO | Batch 380 | Loss: 0.1305 | Correct: 121/128 | Elapsed Time: 21.71s
2026-01-20 14:14:34,244 | INFO | Batch 390 | Loss: 0.0534 | Correct: 124/128 | Elapsed Time: 21.61s
2026-01-20 14:14:35,650 | INFO | Epoch [91/100] - Loss: 0.1053 | Correct: 48190/50000 (96.38%, 852.58s)
2026-01-20 14:15:47,389 | INFO | Validation - Loss: 0.3651 | Correct: 8895/10000 (88.95%) (71.74s)
2026-01-20 14:16:09,103 | INFO | Batch 10 | Loss: 0.0751 | Correct: 123/128 | Elapsed Time: 21.71s
2026-01-20 14:16:30,821 | INFO | Batch 20 | Loss: 0.0632 | Correct: 126/128 | Elapsed Time: 21.72s
2026-01-20 14:16:52,440 | INFO | Batch 30 | Loss: 0.1270 | Correct: 122/128 | Elapsed Time: 21.62s
2026-01-20 14:17:14,101 | INFO | Batch 40 | Loss: 0.0635 | Correct: 126/128 | Elapsed Time: 21.66s
2026-01-20 14:17:35,735 | INFO | Batch 50 | Loss: 0.0719 | Correct: 126/128 | Elapsed Time: 21.63s
2026-01-20 14:17:57,363 | INFO | Batch 60 | Loss: 0.1086 | Correct: 125/128 | Elapsed Time: 21.63s
2026-01-20 14:18:19,068 | INFO | Batch 70 | Loss: 0.0646 | Correct: 125/128 | Elapsed Time: 21.71s
2026-01-20 14:18:40,802 | INFO | Batch 80 | Loss: 0.1134 | Correct: 121/128 | Elapsed Time: 21.73s
2026-01-20 14:19:02,740 | INFO | Batch 90 | Loss: 0.1165 | Correct: 122/128 | Elapsed Time: 21.94s
2026-01-20 14:19:24,405 | INFO | Batch 100 | Loss: 0.0894 | Correct: 123/128 | Elapsed Time: 21.67s
2026-01-20 14:19:46,100 | INFO | Batch 110 | Loss: 0.0203 | Correct: 128/128 | Elapsed Time: 21.70s
2026-01-20 14:20:07,876 | INFO | Batch 120 | Loss: 0.1487 | Correct: 122/128 | Elapsed Time: 21.78s
2026-01-20 14:20:29,788 | INFO | Batch 130 | Loss: 0.0723 | Correct: 123/128 | Elapsed Time: 21.91s
2026-01-20 14:20:51,529 | INFO | Batch 140 | Loss: 0.0739 | Correct: 126/128 | Elapsed Time: 21.74s
2026-01-20 14:21:13,347 | INFO | Batch 150 | Loss: 0.0833 | Correct: 125/128 | Elapsed Time: 21.82s
2026-01-20 14:21:35,011 | INFO | Batch 160 | Loss: 0.1230 | Correct: 121/128 | Elapsed Time: 21.66s
2026-01-20 14:21:56,697 | INFO | Batch 170 | Loss: 0.1063 | Correct: 125/128 | Elapsed Time: 21.69s
2026-01-20 14:22:18,460 | INFO | Batch 180 | Loss: 0.0889 | Correct: 125/128 | Elapsed Time: 21.76s
2026-01-20 14:22:40,197 | INFO | Batch 190 | Loss: 0.0727 | Correct: 124/128 | Elapsed Time: 21.74s
2026-01-20 14:23:01,937 | INFO | Batch 200 | Loss: 0.1455 | Correct: 124/128 | Elapsed Time: 21.74s
2026-01-20 14:23:23,695 | INFO | Batch 210 | Loss: 0.1204 | Correct: 123/128 | Elapsed Time: 21.76s
2026-01-20 14:23:45,552 | INFO | Batch 220 | Loss: 0.1595 | Correct: 119/128 | Elapsed Time: 21.86s
2026-01-20 14:24:07,417 | INFO | Batch 230 | Loss: 0.0948 | Correct: 123/128 | Elapsed Time: 21.86s
2026-01-20 14:24:29,146 | INFO | Batch 240 | Loss: 0.1250 | Correct: 123/128 | Elapsed Time: 21.73s
2026-01-20 14:24:50,848 | INFO | Batch 250 | Loss: 0.0612 | Correct: 127/128 | Elapsed Time: 21.70s
2026-01-20 14:25:12,610 | INFO | Batch 260 | Loss: 0.0933 | Correct: 124/128 | Elapsed Time: 21.76s
2026-01-20 14:25:34,325 | INFO | Batch 270 | Loss: 0.0561 | Correct: 127/128 | Elapsed Time: 21.72s
2026-01-20 14:25:56,055 | INFO | Batch 280 | Loss: 0.1092 | Correct: 124/128 | Elapsed Time: 21.73s
2026-01-20 14:26:17,888 | INFO | Batch 290 | Loss: 0.1298 | Correct: 122/128 | Elapsed Time: 21.83s
2026-01-20 14:26:39,546 | INFO | Batch 300 | Loss: 0.1001 | Correct: 125/128 | Elapsed Time: 21.66s
2026-01-20 14:27:01,195 | INFO | Batch 310 | Loss: 0.0760 | Correct: 124/128 | Elapsed Time: 21.65s
2026-01-20 14:27:22,976 | INFO | Batch 320 | Loss: 0.0824 | Correct: 125/128 | Elapsed Time: 21.78s
2026-01-20 14:27:44,682 | INFO | Batch 330 | Loss: 0.1416 | Correct: 123/128 | Elapsed Time: 21.71s
2026-01-20 14:28:06,457 | INFO | Batch 340 | Loss: 0.0879 | Correct: 122/128 | Elapsed Time: 21.78s
2026-01-20 14:28:28,243 | INFO | Batch 350 | Loss: 0.0985 | Correct: 124/128 | Elapsed Time: 21.79s
2026-01-20 14:28:50,143 | INFO | Batch 360 | Loss: 0.0628 | Correct: 123/128 | Elapsed Time: 21.90s
2026-01-20 14:29:11,907 | INFO | Batch 370 | Loss: 0.1578 | Correct: 120/128 | Elapsed Time: 21.76s
2026-01-20 14:29:33,607 | INFO | Batch 380 | Loss: 0.1739 | Correct: 120/128 | Elapsed Time: 21.70s
2026-01-20 14:29:55,317 | INFO | Batch 390 | Loss: 0.2219 | Correct: 117/128 | Elapsed Time: 21.71s
2026-01-20 14:29:56,721 | INFO | Epoch [92/100] - Loss: 0.1057 | Correct: 48176/50000 (96.35%, 849.33s)
2026-01-20 14:31:08,988 | INFO | Validation - Loss: 0.3689 | Correct: 8870/10000 (88.70%) (72.27s)
2026-01-20 14:31:30,762 | INFO | Batch 10 | Loss: 0.0558 | Correct: 127/128 | Elapsed Time: 21.77s
2026-01-20 14:31:52,563 | INFO | Batch 20 | Loss: 0.1470 | Correct: 121/128 | Elapsed Time: 21.80s
2026-01-20 14:32:14,371 | INFO | Batch 30 | Loss: 0.0856 | Correct: 125/128 | Elapsed Time: 21.81s
2026-01-20 14:32:36,132 | INFO | Batch 40 | Loss: 0.1749 | Correct: 121/128 | Elapsed Time: 21.76s
2026-01-20 14:32:57,885 | INFO | Batch 50 | Loss: 0.0776 | Correct: 123/128 | Elapsed Time: 21.75s
2026-01-20 14:33:19,682 | INFO | Batch 60 | Loss: 0.1341 | Correct: 119/128 | Elapsed Time: 21.80s
2026-01-20 14:33:41,328 | INFO | Batch 70 | Loss: 0.0639 | Correct: 127/128 | Elapsed Time: 21.65s
2026-01-20 14:34:03,118 | INFO | Batch 80 | Loss: 0.1057 | Correct: 122/128 | Elapsed Time: 21.79s
2026-01-20 14:34:24,833 | INFO | Batch 90 | Loss: 0.1378 | Correct: 118/128 | Elapsed Time: 21.71s
2026-01-20 14:34:46,560 | INFO | Batch 100 | Loss: 0.1092 | Correct: 125/128 | Elapsed Time: 21.73s
2026-01-20 14:35:08,337 | INFO | Batch 110 | Loss: 0.1363 | Correct: 124/128 | Elapsed Time: 21.78s
2026-01-20 14:35:30,105 | INFO | Batch 120 | Loss: 0.0430 | Correct: 125/128 | Elapsed Time: 21.77s
2026-01-20 14:35:51,829 | INFO | Batch 130 | Loss: 0.1074 | Correct: 125/128 | Elapsed Time: 21.72s
2026-01-20 14:36:13,588 | INFO | Batch 140 | Loss: 0.0833 | Correct: 125/128 | Elapsed Time: 21.76s
2026-01-20 14:36:35,409 | INFO | Batch 150 | Loss: 0.0435 | Correct: 128/128 | Elapsed Time: 21.82s
2026-01-20 14:36:57,117 | INFO | Batch 160 | Loss: 0.1237 | Correct: 123/128 | Elapsed Time: 21.71s
2026-01-20 14:37:18,912 | INFO | Batch 170 | Loss: 0.0879 | Correct: 125/128 | Elapsed Time: 21.79s
2026-01-20 14:37:40,678 | INFO | Batch 180 | Loss: 0.0894 | Correct: 125/128 | Elapsed Time: 21.77s
2026-01-20 14:38:02,435 | INFO | Batch 190 | Loss: 0.0824 | Correct: 125/128 | Elapsed Time: 21.76s
2026-01-20 14:38:24,215 | INFO | Batch 200 | Loss: 0.1327 | Correct: 121/128 | Elapsed Time: 21.78s
2026-01-20 14:38:45,942 | INFO | Batch 210 | Loss: 0.1001 | Correct: 125/128 | Elapsed Time: 21.73s
2026-01-20 14:39:07,800 | INFO | Batch 220 | Loss: 0.0622 | Correct: 125/128 | Elapsed Time: 21.86s
2026-01-20 14:39:29,540 | INFO | Batch 230 | Loss: 0.0592 | Correct: 126/128 | Elapsed Time: 21.74s
2026-01-20 14:39:51,180 | INFO | Batch 240 | Loss: 0.0689 | Correct: 124/128 | Elapsed Time: 21.64s
2026-01-20 14:40:13,032 | INFO | Batch 250 | Loss: 0.1134 | Correct: 123/128 | Elapsed Time: 21.85s
2026-01-20 14:40:34,823 | INFO | Batch 260 | Loss: 0.0959 | Correct: 123/128 | Elapsed Time: 21.79s
2026-01-20 14:40:56,641 | INFO | Batch 270 | Loss: 0.0712 | Correct: 125/128 | Elapsed Time: 21.82s
2026-01-20 14:41:18,458 | INFO | Batch 280 | Loss: 0.1184 | Correct: 125/128 | Elapsed Time: 21.82s
2026-01-20 14:41:40,268 | INFO | Batch 290 | Loss: 0.1134 | Correct: 122/128 | Elapsed Time: 21.81s
2026-01-20 14:42:01,986 | INFO | Batch 300 | Loss: 0.1320 | Correct: 123/128 | Elapsed Time: 21.72s
2026-01-20 14:42:23,685 | INFO | Batch 310 | Loss: 0.0842 | Correct: 123/128 | Elapsed Time: 21.70s
2026-01-20 14:42:45,326 | INFO | Batch 320 | Loss: 0.1917 | Correct: 118/128 | Elapsed Time: 21.64s
2026-01-20 14:43:07,055 | INFO | Batch 330 | Loss: 0.0797 | Correct: 125/128 | Elapsed Time: 21.73s
2026-01-20 14:43:28,854 | INFO | Batch 340 | Loss: 0.0969 | Correct: 123/128 | Elapsed Time: 21.80s
2026-01-20 14:43:50,611 | INFO | Batch 350 | Loss: 0.0776 | Correct: 123/128 | Elapsed Time: 21.76s
2026-01-20 14:44:12,541 | INFO | Batch 360 | Loss: 0.1739 | Correct: 118/128 | Elapsed Time: 21.93s
2026-01-20 14:44:34,257 | INFO | Batch 370 | Loss: 0.0846 | Correct: 124/128 | Elapsed Time: 21.72s
2026-01-20 14:44:55,933 | INFO | Batch 380 | Loss: 0.0646 | Correct: 125/128 | Elapsed Time: 21.68s
2026-01-20 14:45:17,693 | INFO | Batch 390 | Loss: 0.0953 | Correct: 122/128 | Elapsed Time: 21.76s
2026-01-20 14:45:19,095 | INFO | Epoch [93/100] - Loss: 0.1057 | Correct: 48163/50000 (96.33%, 850.10s)
2026-01-20 14:46:31,413 | INFO | Validation - Loss: 0.3689 | Correct: 8886/10000 (88.86%) (72.32s)
2026-01-20 14:46:53,152 | INFO | Batch 10 | Loss: 0.2305 | Correct: 117/128 | Elapsed Time: 21.73s
2026-01-20 14:47:15,066 | INFO | Batch 20 | Loss: 0.0723 | Correct: 127/128 | Elapsed Time: 21.91s
2026-01-20 14:47:36,839 | INFO | Batch 30 | Loss: 0.1001 | Correct: 123/128 | Elapsed Time: 21.77s
2026-01-20 14:47:58,475 | INFO | Batch 40 | Loss: 0.0874 | Correct: 125/128 | Elapsed Time: 21.64s
2026-01-20 14:48:20,255 | INFO | Batch 50 | Loss: 0.0700 | Correct: 126/128 | Elapsed Time: 21.78s
2026-01-20 14:48:41,990 | INFO | Batch 60 | Loss: 0.0442 | Correct: 125/128 | Elapsed Time: 21.74s
2026-01-20 14:49:03,711 | INFO | Batch 70 | Loss: 0.1470 | Correct: 118/128 | Elapsed Time: 21.72s
2026-01-20 14:49:25,587 | INFO | Batch 80 | Loss: 0.0908 | Correct: 123/128 | Elapsed Time: 21.88s
2026-01-20 14:49:47,338 | INFO | Batch 90 | Loss: 0.0898 | Correct: 127/128 | Elapsed Time: 21.75s
2026-01-20 14:50:09,166 | INFO | Batch 100 | Loss: 0.0918 | Correct: 124/128 | Elapsed Time: 21.83s
2026-01-20 14:50:31,006 | INFO | Batch 110 | Loss: 0.1320 | Correct: 121/128 | Elapsed Time: 21.84s
2026-01-20 14:50:52,765 | INFO | Batch 120 | Loss: 0.1051 | Correct: 124/128 | Elapsed Time: 21.76s
2026-01-20 14:51:14,461 | INFO | Batch 130 | Loss: 0.0469 | Correct: 124/128 | Elapsed Time: 21.70s
2026-01-20 14:51:36,159 | INFO | Batch 140 | Loss: 0.1250 | Correct: 121/128 | Elapsed Time: 21.70s
2026-01-20 14:51:57,935 | INFO | Batch 150 | Loss: 0.0467 | Correct: 127/128 | Elapsed Time: 21.78s
2026-01-20 14:52:19,762 | INFO | Batch 160 | Loss: 0.1080 | Correct: 122/128 | Elapsed Time: 21.83s
2026-01-20 14:52:41,539 | INFO | Batch 170 | Loss: 0.0898 | Correct: 123/128 | Elapsed Time: 21.78s
2026-01-20 14:53:03,294 | INFO | Batch 180 | Loss: 0.0459 | Correct: 126/128 | Elapsed Time: 21.76s
2026-01-20 14:53:25,010 | INFO | Batch 190 | Loss: 0.1051 | Correct: 123/128 | Elapsed Time: 21.72s
2026-01-20 14:53:46,750 | INFO | Batch 200 | Loss: 0.0833 | Correct: 123/128 | Elapsed Time: 21.74s
2026-01-20 14:54:08,466 | INFO | Batch 210 | Loss: 0.1023 | Correct: 123/128 | Elapsed Time: 21.72s
2026-01-20 14:54:30,232 | INFO | Batch 220 | Loss: 0.2381 | Correct: 118/128 | Elapsed Time: 21.77s
2026-01-20 14:54:51,955 | INFO | Batch 230 | Loss: 0.1074 | Correct: 124/128 | Elapsed Time: 21.72s
2026-01-20 14:55:13,682 | INFO | Batch 240 | Loss: 0.1569 | Correct: 122/128 | Elapsed Time: 21.73s
2026-01-20 14:55:35,439 | INFO | Batch 250 | Loss: 0.0865 | Correct: 124/128 | Elapsed Time: 21.76s
2026-01-20 14:55:57,177 | INFO | Batch 260 | Loss: 0.1447 | Correct: 122/128 | Elapsed Time: 21.74s
2026-01-20 14:56:18,950 | INFO | Batch 270 | Loss: 0.1470 | Correct: 120/128 | Elapsed Time: 21.77s
2026-01-20 14:56:40,719 | INFO | Batch 280 | Loss: 0.0625 | Correct: 126/128 | Elapsed Time: 21.77s
2026-01-20 14:57:02,489 | INFO | Batch 290 | Loss: 0.1243 | Correct: 121/128 | Elapsed Time: 21.77s
2026-01-20 14:57:24,168 | INFO | Batch 300 | Loss: 0.0708 | Correct: 125/128 | Elapsed Time: 21.68s
2026-01-20 14:57:45,904 | INFO | Batch 310 | Loss: 0.1165 | Correct: 123/128 | Elapsed Time: 21.74s
2026-01-20 14:58:07,668 | INFO | Batch 320 | Loss: 0.0943 | Correct: 126/128 | Elapsed Time: 21.76s
2026-01-20 14:58:29,424 | INFO | Batch 330 | Loss: 0.0487 | Correct: 126/128 | Elapsed Time: 21.76s
2026-01-20 14:58:51,198 | INFO | Batch 340 | Loss: 0.1291 | Correct: 121/128 | Elapsed Time: 21.77s
2026-01-20 14:59:13,045 | INFO | Batch 350 | Loss: 0.1204 | Correct: 123/128 | Elapsed Time: 21.85s
2026-01-20 14:59:34,848 | INFO | Batch 360 | Loss: 0.1104 | Correct: 124/128 | Elapsed Time: 21.80s
2026-01-20 14:59:56,583 | INFO | Batch 370 | Loss: 0.0874 | Correct: 124/128 | Elapsed Time: 21.73s
2026-01-20 15:00:18,405 | INFO | Batch 380 | Loss: 0.2102 | Correct: 120/128 | Elapsed Time: 21.82s
2026-01-20 15:00:40,123 | INFO | Batch 390 | Loss: 0.0632 | Correct: 124/128 | Elapsed Time: 21.72s
2026-01-20 15:00:41,528 | INFO | Epoch [94/100] - Loss: 0.1030 | Correct: 48209/50000 (96.42%, 850.11s)
2026-01-20 15:01:54,007 | INFO | Validation - Loss: 0.3659 | Correct: 8886/10000 (88.86%) (72.48s)
2026-01-20 15:02:15,774 | INFO | Batch 10 | Loss: 0.1519 | Correct: 123/128 | Elapsed Time: 21.76s
2026-01-20 15:02:37,619 | INFO | Batch 20 | Loss: 0.1907 | Correct: 120/128 | Elapsed Time: 21.84s
2026-01-20 15:02:59,320 | INFO | Batch 30 | Loss: 0.0923 | Correct: 124/128 | Elapsed Time: 21.70s
2026-01-20 15:03:21,000 | INFO | Batch 40 | Loss: 0.0874 | Correct: 123/128 | Elapsed Time: 21.68s
2026-01-20 15:03:42,759 | INFO | Batch 50 | Loss: 0.1204 | Correct: 121/128 | Elapsed Time: 21.76s
2026-01-20 15:04:04,601 | INFO | Batch 60 | Loss: 0.1938 | Correct: 118/128 | Elapsed Time: 21.84s
2026-01-20 15:04:26,385 | INFO | Batch 70 | Loss: 0.1134 | Correct: 122/128 | Elapsed Time: 21.78s
2026-01-20 15:04:48,258 | INFO | Batch 80 | Loss: 0.1495 | Correct: 122/128 | Elapsed Time: 21.87s
2026-01-20 15:05:10,073 | INFO | Batch 90 | Loss: 0.0856 | Correct: 124/128 | Elapsed Time: 21.81s
2026-01-20 15:05:31,828 | INFO | Batch 100 | Loss: 0.0811 | Correct: 122/128 | Elapsed Time: 21.76s
2026-01-20 15:05:53,534 | INFO | Batch 110 | Loss: 0.0592 | Correct: 127/128 | Elapsed Time: 21.71s
2026-01-20 15:06:15,293 | INFO | Batch 120 | Loss: 0.0948 | Correct: 124/128 | Elapsed Time: 21.76s
2026-01-20 15:06:37,022 | INFO | Batch 130 | Loss: 0.0913 | Correct: 124/128 | Elapsed Time: 21.73s
2026-01-20 15:06:58,827 | INFO | Batch 140 | Loss: 0.0828 | Correct: 125/128 | Elapsed Time: 21.80s
2026-01-20 15:07:20,757 | INFO | Batch 150 | Loss: 0.0943 | Correct: 124/128 | Elapsed Time: 21.93s
2026-01-20 15:07:42,529 | INFO | Batch 160 | Loss: 0.0811 | Correct: 125/128 | Elapsed Time: 21.77s
2026-01-20 15:08:04,309 | INFO | Batch 170 | Loss: 0.0747 | Correct: 125/128 | Elapsed Time: 21.78s
2026-01-20 15:08:26,028 | INFO | Batch 180 | Loss: 0.1007 | Correct: 122/128 | Elapsed Time: 21.72s
2026-01-20 15:08:47,738 | INFO | Batch 190 | Loss: 0.1210 | Correct: 123/128 | Elapsed Time: 21.71s
2026-01-20 15:09:09,465 | INFO | Batch 200 | Loss: 0.1393 | Correct: 121/128 | Elapsed Time: 21.73s
2026-01-20 15:09:31,110 | INFO | Batch 210 | Loss: 0.0612 | Correct: 126/128 | Elapsed Time: 21.64s
2026-01-20 15:09:52,888 | INFO | Batch 220 | Loss: 0.1034 | Correct: 126/128 | Elapsed Time: 21.78s
2026-01-20 15:10:14,696 | INFO | Batch 230 | Loss: 0.0833 | Correct: 126/128 | Elapsed Time: 21.81s
2026-01-20 15:10:36,459 | INFO | Batch 240 | Loss: 0.0806 | Correct: 124/128 | Elapsed Time: 21.76s
2026-01-20 15:10:58,193 | INFO | Batch 250 | Loss: 0.1074 | Correct: 123/128 | Elapsed Time: 21.73s
2026-01-20 15:11:19,965 | INFO | Batch 260 | Loss: 0.1191 | Correct: 121/128 | Elapsed Time: 21.77s
2026-01-20 15:11:41,615 | INFO | Batch 270 | Loss: 0.1140 | Correct: 122/128 | Elapsed Time: 21.65s
2026-01-20 15:12:03,359 | INFO | Batch 280 | Loss: 0.0780 | Correct: 125/128 | Elapsed Time: 21.74s
2026-01-20 15:12:25,207 | INFO | Batch 290 | Loss: 0.1721 | Correct: 120/128 | Elapsed Time: 21.85s
2026-01-20 15:12:46,929 | INFO | Batch 300 | Loss: 0.1237 | Correct: 122/128 | Elapsed Time: 21.72s
2026-01-20 15:13:08,695 | INFO | Batch 310 | Loss: 0.0656 | Correct: 125/128 | Elapsed Time: 21.77s
2026-01-20 15:13:30,438 | INFO | Batch 320 | Loss: 0.1408 | Correct: 122/128 | Elapsed Time: 21.74s
2026-01-20 15:13:52,115 | INFO | Batch 330 | Loss: 0.1237 | Correct: 122/128 | Elapsed Time: 21.68s
2026-01-20 15:14:13,881 | INFO | Batch 340 | Loss: 0.0727 | Correct: 126/128 | Elapsed Time: 21.77s
2026-01-20 15:14:35,600 | INFO | Batch 350 | Loss: 0.0555 | Correct: 127/128 | Elapsed Time: 21.72s
2026-01-20 15:14:57,443 | INFO | Batch 360 | Loss: 0.1045 | Correct: 123/128 | Elapsed Time: 21.84s
2026-01-20 15:15:19,234 | INFO | Batch 370 | Loss: 0.1068 | Correct: 122/128 | Elapsed Time: 21.79s
2026-01-20 15:15:40,981 | INFO | Batch 380 | Loss: 0.1657 | Correct: 120/128 | Elapsed Time: 21.75s
2026-01-20 15:16:02,747 | INFO | Batch 390 | Loss: 0.0964 | Correct: 124/128 | Elapsed Time: 21.77s
2026-01-20 15:16:04,184 | INFO | Epoch [95/100] - Loss: 0.1036 | Correct: 48254/50000 (96.51%, 850.17s)
2026-01-20 15:17:16,556 | INFO | Validation - Loss: 0.3667 | Correct: 8881/10000 (88.81%) (72.37s)
2026-01-20 15:17:38,265 | INFO | Batch 10 | Loss: 0.0755 | Correct: 125/128 | Elapsed Time: 21.71s
2026-01-20 15:18:00,054 | INFO | Batch 20 | Loss: 0.1068 | Correct: 122/128 | Elapsed Time: 21.79s
2026-01-20 15:18:21,867 | INFO | Batch 30 | Loss: 0.1223 | Correct: 124/128 | Elapsed Time: 21.81s
2026-01-20 15:18:43,638 | INFO | Batch 40 | Loss: 0.1045 | Correct: 124/128 | Elapsed Time: 21.77s
2026-01-20 15:19:05,423 | INFO | Batch 50 | Loss: 0.1447 | Correct: 121/128 | Elapsed Time: 21.78s
2026-01-20 15:19:27,140 | INFO | Batch 60 | Loss: 0.0739 | Correct: 125/128 | Elapsed Time: 21.72s
2026-01-20 15:19:48,845 | INFO | Batch 70 | Loss: 0.1371 | Correct: 121/128 | Elapsed Time: 21.70s
2026-01-20 15:20:10,745 | INFO | Batch 80 | Loss: 0.0447 | Correct: 126/128 | Elapsed Time: 21.90s
2026-01-20 15:20:32,542 | INFO | Batch 90 | Loss: 0.0479 | Correct: 126/128 | Elapsed Time: 21.80s
2026-01-20 15:20:54,181 | INFO | Batch 100 | Loss: 0.1348 | Correct: 123/128 | Elapsed Time: 21.64s
2026-01-20 15:21:15,958 | INFO | Batch 110 | Loss: 0.0933 | Correct: 124/128 | Elapsed Time: 21.78s
2026-01-20 15:21:37,702 | INFO | Batch 120 | Loss: 0.0824 | Correct: 125/128 | Elapsed Time: 21.74s
2026-01-20 15:21:59,441 | INFO | Batch 130 | Loss: 0.0990 | Correct: 125/128 | Elapsed Time: 21.74s
2026-01-20 15:22:21,251 | INFO | Batch 140 | Loss: 0.1447 | Correct: 123/128 | Elapsed Time: 21.81s
2026-01-20 15:22:43,114 | INFO | Batch 150 | Loss: 0.0608 | Correct: 124/128 | Elapsed Time: 21.86s
2026-01-20 15:23:04,903 | INFO | Batch 160 | Loss: 0.1684 | Correct: 122/128 | Elapsed Time: 21.79s
2026-01-20 15:23:26,638 | INFO | Batch 170 | Loss: 0.1886 | Correct: 121/128 | Elapsed Time: 21.73s
2026-01-20 15:23:48,308 | INFO | Batch 180 | Loss: 0.1264 | Correct: 124/128 | Elapsed Time: 21.67s
2026-01-20 15:24:10,026 | INFO | Batch 190 | Loss: 0.1051 | Correct: 122/128 | Elapsed Time: 21.72s
2026-01-20 15:24:31,743 | INFO | Batch 200 | Loss: 0.0865 | Correct: 125/128 | Elapsed Time: 21.72s
2026-01-20 15:24:53,440 | INFO | Batch 210 | Loss: 0.0846 | Correct: 125/128 | Elapsed Time: 21.70s
2026-01-20 15:25:15,325 | INFO | Batch 220 | Loss: 0.0309 | Correct: 128/128 | Elapsed Time: 21.88s
2026-01-20 15:25:37,059 | INFO | Batch 230 | Loss: 0.0663 | Correct: 122/128 | Elapsed Time: 21.73s
2026-01-20 15:25:58,762 | INFO | Batch 240 | Loss: 0.0567 | Correct: 125/128 | Elapsed Time: 21.70s
2026-01-20 15:26:20,515 | INFO | Batch 250 | Loss: 0.0712 | Correct: 126/128 | Elapsed Time: 21.75s
2026-01-20 15:26:42,233 | INFO | Batch 260 | Loss: 0.1431 | Correct: 122/128 | Elapsed Time: 21.72s
2026-01-20 15:27:04,000 | INFO | Batch 270 | Loss: 0.1578 | Correct: 120/128 | Elapsed Time: 21.77s
2026-01-20 15:27:25,731 | INFO | Batch 280 | Loss: 0.2343 | Correct: 119/128 | Elapsed Time: 21.73s
2026-01-20 15:27:47,573 | INFO | Batch 290 | Loss: 0.0509 | Correct: 126/128 | Elapsed Time: 21.84s
2026-01-20 15:28:09,387 | INFO | Batch 300 | Loss: 0.0708 | Correct: 124/128 | Elapsed Time: 21.81s
2026-01-20 15:28:31,143 | INFO | Batch 310 | Loss: 0.1270 | Correct: 123/128 | Elapsed Time: 21.76s
2026-01-20 15:28:52,901 | INFO | Batch 320 | Loss: 0.1250 | Correct: 123/128 | Elapsed Time: 21.76s
2026-01-20 15:29:14,650 | INFO | Batch 330 | Loss: 0.1264 | Correct: 121/128 | Elapsed Time: 21.75s
2026-01-20 15:29:36,368 | INFO | Batch 340 | Loss: 0.1134 | Correct: 121/128 | Elapsed Time: 21.72s
2026-01-20 15:29:58,025 | INFO | Batch 350 | Loss: 0.0528 | Correct: 124/128 | Elapsed Time: 21.66s
2026-01-20 15:30:20,000 | INFO | Batch 360 | Loss: 0.0776 | Correct: 124/128 | Elapsed Time: 21.98s
2026-01-20 15:30:41,802 | INFO | Batch 370 | Loss: 0.1371 | Correct: 122/128 | Elapsed Time: 21.80s
2026-01-20 15:31:03,611 | INFO | Batch 380 | Loss: 0.0639 | Correct: 125/128 | Elapsed Time: 21.81s
2026-01-20 15:31:25,430 | INFO | Batch 390 | Loss: 0.0712 | Correct: 126/128 | Elapsed Time: 21.82s
2026-01-20 15:31:26,840 | INFO | Epoch [96/100] - Loss: 0.1046 | Correct: 48232/50000 (96.46%, 850.28s)
2026-01-20 15:32:39,137 | INFO | Validation - Loss: 0.3624 | Correct: 8897/10000 (88.97%) (72.30s)
2026-01-20 15:33:00,829 | INFO | Batch 10 | Loss: 0.0649 | Correct: 126/128 | Elapsed Time: 21.69s
2026-01-20 15:33:22,675 | INFO | Batch 20 | Loss: 0.1586 | Correct: 123/128 | Elapsed Time: 21.85s
2026-01-20 15:33:44,393 | INFO | Batch 30 | Loss: 0.1544 | Correct: 122/128 | Elapsed Time: 21.72s
2026-01-20 15:34:06,181 | INFO | Batch 40 | Loss: 0.1204 | Correct: 122/128 | Elapsed Time: 21.79s
2026-01-20 15:34:27,891 | INFO | Batch 50 | Loss: 0.1074 | Correct: 124/128 | Elapsed Time: 21.71s
2026-01-20 15:34:49,636 | INFO | Batch 60 | Loss: 0.2137 | Correct: 120/128 | Elapsed Time: 21.75s
2026-01-20 15:35:11,387 | INFO | Batch 70 | Loss: 0.1519 | Correct: 121/128 | Elapsed Time: 21.75s
2026-01-20 15:35:33,234 | INFO | Batch 80 | Loss: 0.0477 | Correct: 126/128 | Elapsed Time: 21.85s
2026-01-20 15:35:54,912 | INFO | Batch 90 | Loss: 0.1503 | Correct: 120/128 | Elapsed Time: 21.68s
2026-01-20 15:36:16,613 | INFO | Batch 100 | Loss: 0.0819 | Correct: 122/128 | Elapsed Time: 21.70s
2026-01-20 15:36:38,343 | INFO | Batch 110 | Loss: 0.0969 | Correct: 123/128 | Elapsed Time: 21.73s
2026-01-20 15:37:00,068 | INFO | Batch 120 | Loss: 0.2035 | Correct: 118/128 | Elapsed Time: 21.73s
2026-01-20 15:37:21,867 | INFO | Batch 130 | Loss: 0.0642 | Correct: 126/128 | Elapsed Time: 21.80s
2026-01-20 15:37:43,585 | INFO | Batch 140 | Loss: 0.1305 | Correct: 123/128 | Elapsed Time: 21.72s
2026-01-20 15:38:05,428 | INFO | Batch 150 | Loss: 0.0755 | Correct: 125/128 | Elapsed Time: 21.84s
2026-01-20 15:38:27,131 | INFO | Batch 160 | Loss: 0.0364 | Correct: 127/128 | Elapsed Time: 21.70s
2026-01-20 15:38:48,802 | INFO | Batch 170 | Loss: 0.2091 | Correct: 117/128 | Elapsed Time: 21.67s
2026-01-20 15:39:10,544 | INFO | Batch 180 | Loss: 0.0708 | Correct: 123/128 | Elapsed Time: 21.74s
2026-01-20 15:39:32,291 | INFO | Batch 190 | Loss: 0.1152 | Correct: 120/128 | Elapsed Time: 21.75s
2026-01-20 15:39:54,032 | INFO | Batch 200 | Loss: 0.1171 | Correct: 124/128 | Elapsed Time: 21.74s
2026-01-20 15:40:15,919 | INFO | Batch 210 | Loss: 0.0938 | Correct: 124/128 | Elapsed Time: 21.89s
2026-01-20 15:40:37,837 | INFO | Batch 220 | Loss: 0.0894 | Correct: 124/128 | Elapsed Time: 21.92s
2026-01-20 15:40:59,609 | INFO | Batch 230 | Loss: 0.0343 | Correct: 127/128 | Elapsed Time: 21.77s
2026-01-20 15:41:21,349 | INFO | Batch 240 | Loss: 0.1423 | Correct: 121/128 | Elapsed Time: 21.74s
2026-01-20 15:41:43,068 | INFO | Batch 250 | Loss: 0.1110 | Correct: 124/128 | Elapsed Time: 21.72s
2026-01-20 15:42:04,763 | INFO | Batch 260 | Loss: 0.1981 | Correct: 120/128 | Elapsed Time: 21.69s
2026-01-20 15:42:26,437 | INFO | Batch 270 | Loss: 0.0693 | Correct: 125/128 | Elapsed Time: 21.67s
2026-01-20 15:42:48,127 | INFO | Batch 280 | Loss: 0.1191 | Correct: 123/128 | Elapsed Time: 21.69s
2026-01-20 15:43:10,000 | INFO | Batch 290 | Loss: 0.0928 | Correct: 123/128 | Elapsed Time: 21.87s
2026-01-20 15:43:31,779 | INFO | Batch 300 | Loss: 0.1134 | Correct: 121/128 | Elapsed Time: 21.78s
2026-01-20 15:43:53,536 | INFO | Batch 310 | Loss: 0.0583 | Correct: 126/128 | Elapsed Time: 21.76s
2026-01-20 15:44:15,294 | INFO | Batch 320 | Loss: 0.0444 | Correct: 127/128 | Elapsed Time: 21.76s
2026-01-20 15:44:37,005 | INFO | Batch 330 | Loss: 0.0589 | Correct: 125/128 | Elapsed Time: 21.71s
2026-01-20 15:44:58,701 | INFO | Batch 340 | Loss: 0.1277 | Correct: 121/128 | Elapsed Time: 21.70s
2026-01-20 15:45:20,409 | INFO | Batch 350 | Loss: 0.1552 | Correct: 122/128 | Elapsed Time: 21.71s
2026-01-20 15:45:42,248 | INFO | Batch 360 | Loss: 0.2068 | Correct: 119/128 | Elapsed Time: 21.84s
2026-01-20 15:46:04,074 | INFO | Batch 370 | Loss: 0.1018 | Correct: 124/128 | Elapsed Time: 21.83s
2026-01-20 15:46:25,866 | INFO | Batch 380 | Loss: 0.0837 | Correct: 125/128 | Elapsed Time: 21.79s
2026-01-20 15:46:47,631 | INFO | Batch 390 | Loss: 0.1693 | Correct: 121/128 | Elapsed Time: 21.76s
2026-01-20 15:46:49,051 | INFO | Epoch [97/100] - Loss: 0.1033 | Correct: 48210/50000 (96.42%, 849.91s)
2026-01-20 15:48:01,405 | INFO | Validation - Loss: 0.3751 | Correct: 8866/10000 (88.66%) (72.35s)
2026-01-20 15:48:23,220 | INFO | Batch 10 | Loss: 0.0789 | Correct: 126/128 | Elapsed Time: 21.81s
2026-01-20 15:48:45,149 | INFO | Batch 20 | Loss: 0.0819 | Correct: 124/128 | Elapsed Time: 21.93s
2026-01-20 15:49:06,984 | INFO | Batch 30 | Loss: 0.0764 | Correct: 124/128 | Elapsed Time: 21.84s
2026-01-20 15:49:28,705 | INFO | Batch 40 | Loss: 0.1165 | Correct: 122/128 | Elapsed Time: 21.72s
2026-01-20 15:49:50,499 | INFO | Batch 50 | Loss: 0.1191 | Correct: 123/128 | Elapsed Time: 21.79s
2026-01-20 15:50:12,429 | INFO | Batch 60 | Loss: 0.0549 | Correct: 126/128 | Elapsed Time: 21.93s
2026-01-20 15:50:34,162 | INFO | Batch 70 | Loss: 0.1416 | Correct: 121/128 | Elapsed Time: 21.73s
2026-01-20 15:50:55,963 | INFO | Batch 80 | Loss: 0.0716 | Correct: 124/128 | Elapsed Time: 21.80s
2026-01-20 15:51:17,669 | INFO | Batch 90 | Loss: 0.0842 | Correct: 127/128 | Elapsed Time: 21.71s
2026-01-20 15:51:39,367 | INFO | Batch 100 | Loss: 0.1806 | Correct: 118/128 | Elapsed Time: 21.70s
2026-01-20 15:52:01,104 | INFO | Batch 110 | Loss: 0.0520 | Correct: 127/128 | Elapsed Time: 21.74s
2026-01-20 15:52:22,871 | INFO | Batch 120 | Loss: 0.1312 | Correct: 124/128 | Elapsed Time: 21.77s
2026-01-20 15:52:44,638 | INFO | Batch 130 | Loss: 0.1134 | Correct: 122/128 | Elapsed Time: 21.77s
2026-01-20 15:53:06,400 | INFO | Batch 140 | Loss: 0.0656 | Correct: 126/128 | Elapsed Time: 21.76s
2026-01-20 15:53:28,243 | INFO | Batch 150 | Loss: 0.0649 | Correct: 125/128 | Elapsed Time: 21.84s
2026-01-20 15:53:49,971 | INFO | Batch 160 | Loss: 0.0708 | Correct: 126/128 | Elapsed Time: 21.73s
2026-01-20 15:54:11,756 | INFO | Batch 170 | Loss: 0.0943 | Correct: 122/128 | Elapsed Time: 21.78s
2026-01-20 15:54:33,446 | INFO | Batch 180 | Loss: 0.1023 | Correct: 122/128 | Elapsed Time: 21.69s
2026-01-20 15:54:55,244 | INFO | Batch 190 | Loss: 0.1140 | Correct: 123/128 | Elapsed Time: 21.80s
2026-01-20 15:55:17,092 | INFO | Batch 200 | Loss: 0.0964 | Correct: 124/128 | Elapsed Time: 21.85s
2026-01-20 15:55:38,812 | INFO | Batch 210 | Loss: 0.1086 | Correct: 125/128 | Elapsed Time: 21.72s
2026-01-20 15:56:00,624 | INFO | Batch 220 | Loss: 0.0352 | Correct: 127/128 | Elapsed Time: 21.81s
2026-01-20 15:56:22,473 | INFO | Batch 230 | Loss: 0.1341 | Correct: 122/128 | Elapsed Time: 21.85s
2026-01-20 15:56:44,211 | INFO | Batch 240 | Loss: 0.0712 | Correct: 124/128 | Elapsed Time: 21.74s
2026-01-20 15:57:05,955 | INFO | Batch 250 | Loss: 0.0477 | Correct: 126/128 | Elapsed Time: 21.74s
2026-01-20 15:57:27,631 | INFO | Batch 260 | Loss: 0.1184 | Correct: 121/128 | Elapsed Time: 21.68s
2026-01-20 15:57:49,296 | INFO | Batch 270 | Loss: 0.0552 | Correct: 127/128 | Elapsed Time: 21.67s
2026-01-20 15:58:11,067 | INFO | Batch 280 | Loss: 0.1327 | Correct: 121/128 | Elapsed Time: 21.77s
2026-01-20 15:58:32,948 | INFO | Batch 290 | Loss: 0.0374 | Correct: 127/128 | Elapsed Time: 21.88s
2026-01-20 15:58:54,715 | INFO | Batch 300 | Loss: 0.0555 | Correct: 125/128 | Elapsed Time: 21.77s
2026-01-20 15:59:16,470 | INFO | Batch 310 | Loss: 0.2231 | Correct: 120/128 | Elapsed Time: 21.75s
2026-01-20 15:59:38,223 | INFO | Batch 320 | Loss: 0.1612 | Correct: 121/128 | Elapsed Time: 21.75s
2026-01-20 15:59:59,962 | INFO | Batch 330 | Loss: 0.1098 | Correct: 123/128 | Elapsed Time: 21.74s
2026-01-20 16:00:21,857 | INFO | Batch 340 | Loss: 0.0985 | Correct: 124/128 | Elapsed Time: 21.90s
2026-01-20 16:00:43,501 | INFO | Batch 350 | Loss: 0.0735 | Correct: 124/128 | Elapsed Time: 21.64s
2026-01-20 16:01:05,355 | INFO | Batch 360 | Loss: 0.0806 | Correct: 125/128 | Elapsed Time: 21.85s
2026-01-20 16:01:27,140 | INFO | Batch 370 | Loss: 0.0693 | Correct: 124/128 | Elapsed Time: 21.78s
2026-01-20 16:01:48,861 | INFO | Batch 380 | Loss: 0.0802 | Correct: 123/128 | Elapsed Time: 21.72s
2026-01-20 16:02:10,616 | INFO | Batch 390 | Loss: 0.1223 | Correct: 120/128 | Elapsed Time: 21.75s
2026-01-20 16:02:12,023 | INFO | Epoch [98/100] - Loss: 0.1027 | Correct: 48229/50000 (96.46%, 850.61s)
2026-01-20 16:03:24,519 | INFO | Validation - Loss: 0.3688 | Correct: 8892/10000 (88.92%) (72.49s)
2026-01-20 16:03:46,203 | INFO | Batch 10 | Loss: 0.0785 | Correct: 124/128 | Elapsed Time: 21.68s
2026-01-20 16:04:08,090 | INFO | Batch 20 | Loss: 0.1768 | Correct: 121/128 | Elapsed Time: 21.89s
2026-01-20 16:04:29,819 | INFO | Batch 30 | Loss: 0.1140 | Correct: 124/128 | Elapsed Time: 21.73s
2026-01-20 16:04:51,564 | INFO | Batch 40 | Loss: 0.0884 | Correct: 124/128 | Elapsed Time: 21.75s
2026-01-20 16:05:13,363 | INFO | Batch 50 | Loss: 0.1237 | Correct: 120/128 | Elapsed Time: 21.80s
2026-01-20 16:05:35,079 | INFO | Batch 60 | Loss: 0.1320 | Correct: 124/128 | Elapsed Time: 21.72s
2026-01-20 16:05:56,828 | INFO | Batch 70 | Loss: 0.1217 | Correct: 122/128 | Elapsed Time: 21.75s
2026-01-20 16:06:18,717 | INFO | Batch 80 | Loss: 0.0959 | Correct: 123/128 | Elapsed Time: 21.89s
2026-01-20 16:06:40,419 | INFO | Batch 90 | Loss: 0.0656 | Correct: 125/128 | Elapsed Time: 21.70s
2026-01-20 16:07:02,068 | INFO | Batch 100 | Loss: 0.1243 | Correct: 122/128 | Elapsed Time: 21.65s
2026-01-20 16:07:23,806 | INFO | Batch 110 | Loss: 0.0271 | Correct: 128/128 | Elapsed Time: 21.74s
2026-01-20 16:07:45,535 | INFO | Batch 120 | Loss: 0.1204 | Correct: 124/128 | Elapsed Time: 21.73s
2026-01-20 16:08:07,275 | INFO | Batch 130 | Loss: 0.0586 | Correct: 125/128 | Elapsed Time: 21.74s
2026-01-20 16:08:29,016 | INFO | Batch 140 | Loss: 0.1197 | Correct: 123/128 | Elapsed Time: 21.74s
2026-01-20 16:08:50,811 | INFO | Batch 150 | Loss: 0.0933 | Correct: 125/128 | Elapsed Time: 21.79s
2026-01-20 16:09:12,478 | INFO | Batch 160 | Loss: 0.1371 | Correct: 122/128 | Elapsed Time: 21.67s
2026-01-20 16:09:34,182 | INFO | Batch 170 | Loss: 0.0793 | Correct: 125/128 | Elapsed Time: 21.70s
2026-01-20 16:09:55,898 | INFO | Batch 180 | Loss: 0.1122 | Correct: 121/128 | Elapsed Time: 21.72s
2026-01-20 16:10:17,703 | INFO | Batch 190 | Loss: 0.1051 | Correct: 124/128 | Elapsed Time: 21.81s
2026-01-20 16:10:39,478 | INFO | Batch 200 | Loss: 0.1463 | Correct: 123/128 | Elapsed Time: 21.77s
2026-01-20 16:11:01,181 | INFO | Batch 210 | Loss: 0.0727 | Correct: 124/128 | Elapsed Time: 21.70s
2026-01-20 16:11:23,081 | INFO | Batch 220 | Loss: 0.0612 | Correct: 125/128 | Elapsed Time: 21.90s
2026-01-20 16:11:44,834 | INFO | Batch 230 | Loss: 0.1408 | Correct: 121/128 | Elapsed Time: 21.75s
2026-01-20 16:12:06,552 | INFO | Batch 240 | Loss: 0.0889 | Correct: 123/128 | Elapsed Time: 21.72s
2026-01-20 16:12:28,242 | INFO | Batch 250 | Loss: 0.0653 | Correct: 125/128 | Elapsed Time: 21.69s
2026-01-20 16:12:49,945 | INFO | Batch 260 | Loss: 0.1612 | Correct: 119/128 | Elapsed Time: 21.70s
2026-01-20 16:13:11,762 | INFO | Batch 270 | Loss: 0.1503 | Correct: 121/128 | Elapsed Time: 21.82s
2026-01-20 16:13:33,556 | INFO | Batch 280 | Loss: 0.1416 | Correct: 122/128 | Elapsed Time: 21.79s
2026-01-20 16:13:55,396 | INFO | Batch 290 | Loss: 0.0856 | Correct: 125/128 | Elapsed Time: 21.84s
2026-01-20 16:14:17,251 | INFO | Batch 300 | Loss: 0.0693 | Correct: 125/128 | Elapsed Time: 21.86s
2026-01-20 16:14:38,997 | INFO | Batch 310 | Loss: 0.1012 | Correct: 123/128 | Elapsed Time: 21.75s
2026-01-20 16:15:00,697 | INFO | Batch 320 | Loss: 0.1080 | Correct: 125/128 | Elapsed Time: 21.70s
2026-01-20 16:15:22,386 | INFO | Batch 330 | Loss: 0.0797 | Correct: 126/128 | Elapsed Time: 21.69s
2026-01-20 16:15:44,077 | INFO | Batch 340 | Loss: 0.0923 | Correct: 124/128 | Elapsed Time: 21.69s
2026-01-20 16:16:05,892 | INFO | Batch 350 | Loss: 0.1356 | Correct: 120/128 | Elapsed Time: 21.81s
2026-01-20 16:16:27,761 | INFO | Batch 360 | Loss: 0.0913 | Correct: 124/128 | Elapsed Time: 21.87s
2026-01-20 16:16:49,503 | INFO | Batch 370 | Loss: 0.0579 | Correct: 124/128 | Elapsed Time: 21.74s
2026-01-20 16:17:11,319 | INFO | Batch 380 | Loss: 0.0708 | Correct: 125/128 | Elapsed Time: 21.82s
2026-01-20 16:17:33,101 | INFO | Batch 390 | Loss: 0.0682 | Correct: 125/128 | Elapsed Time: 21.78s
2026-01-20 16:17:34,512 | INFO | Epoch [99/100] - Loss: 0.1017 | Correct: 48267/50000 (96.53%, 849.99s)
2026-01-20 16:18:46,733 | INFO | Validation - Loss: 0.3667 | Correct: 8889/10000 (88.89%) (72.22s)
2026-01-20 16:19:08,463 | INFO | Batch 10 | Loss: 0.0865 | Correct: 123/128 | Elapsed Time: 21.73s
2026-01-20 16:19:30,260 | INFO | Batch 20 | Loss: 0.1478 | Correct: 120/128 | Elapsed Time: 21.80s
2026-01-20 16:19:51,987 | INFO | Batch 30 | Loss: 0.0693 | Correct: 123/128 | Elapsed Time: 21.73s
2026-01-20 16:20:13,900 | INFO | Batch 40 | Loss: 0.1604 | Correct: 120/128 | Elapsed Time: 21.91s
2026-01-20 16:20:35,702 | INFO | Batch 50 | Loss: 0.1191 | Correct: 122/128 | Elapsed Time: 21.80s
2026-01-20 16:20:57,477 | INFO | Batch 60 | Loss: 0.1134 | Correct: 123/128 | Elapsed Time: 21.78s
2026-01-20 16:21:19,288 | INFO | Batch 70 | Loss: 0.1639 | Correct: 120/128 | Elapsed Time: 21.81s
2026-01-20 16:21:41,109 | INFO | Batch 80 | Loss: 0.1152 | Correct: 123/128 | Elapsed Time: 21.82s
2026-01-20 16:22:02,830 | INFO | Batch 90 | Loss: 0.1007 | Correct: 124/128 | Elapsed Time: 21.72s
2026-01-20 16:22:24,565 | INFO | Batch 100 | Loss: 0.0492 | Correct: 127/128 | Elapsed Time: 21.73s
2026-01-20 16:22:46,273 | INFO | Batch 110 | Loss: 0.0884 | Correct: 126/128 | Elapsed Time: 21.71s
2026-01-20 16:23:08,040 | INFO | Batch 120 | Loss: 0.1552 | Correct: 122/128 | Elapsed Time: 21.77s
2026-01-20 16:23:29,795 | INFO | Batch 130 | Loss: 0.1363 | Correct: 122/128 | Elapsed Time: 21.76s
2026-01-20 16:23:51,575 | INFO | Batch 140 | Loss: 0.0747 | Correct: 124/128 | Elapsed Time: 21.78s
2026-01-20 16:24:13,510 | INFO | Batch 150 | Loss: 0.1250 | Correct: 121/128 | Elapsed Time: 21.93s
2026-01-20 16:24:35,244 | INFO | Batch 160 | Loss: 0.1243 | Correct: 123/128 | Elapsed Time: 21.73s
2026-01-20 16:24:56,981 | INFO | Batch 170 | Loss: 0.0789 | Correct: 125/128 | Elapsed Time: 21.74s
2026-01-20 16:25:18,700 | INFO | Batch 180 | Loss: 0.0350 | Correct: 127/128 | Elapsed Time: 21.72s
2026-01-20 16:25:40,408 | INFO | Batch 190 | Loss: 0.1816 | Correct: 121/128 | Elapsed Time: 21.71s
2026-01-20 16:26:02,072 | INFO | Batch 200 | Loss: 0.1057 | Correct: 123/128 | Elapsed Time: 21.66s
2026-01-20 16:26:23,790 | INFO | Batch 210 | Loss: 0.1110 | Correct: 124/128 | Elapsed Time: 21.72s
2026-01-20 16:26:45,648 | INFO | Batch 220 | Loss: 0.1702 | Correct: 119/128 | Elapsed Time: 21.86s
2026-01-20 16:27:07,491 | INFO | Batch 230 | Loss: 0.1159 | Correct: 123/128 | Elapsed Time: 21.84s
2026-01-20 16:27:29,233 | INFO | Batch 240 | Loss: 0.0996 | Correct: 124/128 | Elapsed Time: 21.74s
2026-01-20 16:27:50,974 | INFO | Batch 250 | Loss: 0.0874 | Correct: 122/128 | Elapsed Time: 21.74s
2026-01-20 16:28:12,760 | INFO | Batch 260 | Loss: 0.1320 | Correct: 120/128 | Elapsed Time: 21.79s
2026-01-20 16:28:34,538 | INFO | Batch 270 | Loss: 0.0394 | Correct: 127/128 | Elapsed Time: 21.78s
2026-01-20 16:28:56,253 | INFO | Batch 280 | Loss: 0.1431 | Correct: 124/128 | Elapsed Time: 21.72s
2026-01-20 16:29:18,119 | INFO | Batch 290 | Loss: 0.0865 | Correct: 124/128 | Elapsed Time: 21.87s
2026-01-20 16:29:39,805 | INFO | Batch 300 | Loss: 0.1312 | Correct: 123/128 | Elapsed Time: 21.69s
2026-01-20 16:30:01,602 | INFO | Batch 310 | Loss: 0.1068 | Correct: 124/128 | Elapsed Time: 21.80s
2026-01-20 16:30:23,539 | INFO | Batch 320 | Loss: 0.1423 | Correct: 121/128 | Elapsed Time: 21.94s
2026-01-20 16:30:45,383 | INFO | Batch 330 | Loss: 0.0498 | Correct: 125/128 | Elapsed Time: 21.84s
2026-01-20 16:31:07,228 | INFO | Batch 340 | Loss: 0.0824 | Correct: 126/128 | Elapsed Time: 21.85s
2026-01-20 16:31:29,003 | INFO | Batch 350 | Loss: 0.1001 | Correct: 122/128 | Elapsed Time: 21.77s
2026-01-20 16:31:50,803 | INFO | Batch 360 | Loss: 0.0974 | Correct: 123/128 | Elapsed Time: 21.80s
2026-01-20 16:32:12,580 | INFO | Batch 370 | Loss: 0.0789 | Correct: 126/128 | Elapsed Time: 21.78s
2026-01-20 16:32:34,276 | INFO | Batch 380 | Loss: 0.1074 | Correct: 121/128 | Elapsed Time: 21.70s
2026-01-20 16:32:56,010 | INFO | Batch 390 | Loss: 0.0693 | Correct: 126/128 | Elapsed Time: 21.73s
2026-01-20 16:32:57,422 | INFO | Epoch [100/100] - Loss: 0.1071 | Correct: 48131/50000 (96.26%, 850.68s)
2026-01-20 16:34:10,015 | INFO | Validation - Loss: 0.3680 | Correct: 8880/10000 (88.80%) (72.59s)
2026-01-20 16:34:10,021 | INFO | Training complete.
2026-01-20 16:34:10,113 | INFO | Final model saved to ./checkpoints/mobilenetv1_lns_final_20260119_145953.pt
