2026-01-19 08:09:31,217 | INFO | Training MobileNetV1 on CIFAR-10 with LNS64 (f=12, lookup table=True) on device cuda:0
2026-01-19 08:09:31,218 | INFO | Hyperparameters: epochs=100, batch_size=128, lr=0.1, momentum=0.9, weight_decay=0.0001
2026-01-19 08:11:52,245 | INFO | Batch 10 | Loss: 3.3296 | Correct: 13/128 | Elapsed Time: 141.03s
2026-01-19 08:12:14,464 | INFO | Batch 20 | Loss: 3.1493 | Correct: 22/128 | Elapsed Time: 22.22s
2026-01-19 08:12:36,703 | INFO | Batch 30 | Loss: 2.4092 | Correct: 22/128 | Elapsed Time: 22.24s
2026-01-19 08:12:59,069 | INFO | Batch 40 | Loss: 2.3962 | Correct: 23/128 | Elapsed Time: 22.37s
2026-01-19 08:13:21,683 | INFO | Batch 50 | Loss: 2.1586 | Correct: 30/128 | Elapsed Time: 22.61s
2026-01-19 08:13:44,271 | INFO | Batch 60 | Loss: 1.9946 | Correct: 32/128 | Elapsed Time: 22.59s
2026-01-19 08:14:06,935 | INFO | Batch 70 | Loss: 1.8365 | Correct: 38/128 | Elapsed Time: 22.66s
2026-01-19 08:14:29,679 | INFO | Batch 80 | Loss: 2.0027 | Correct: 33/128 | Elapsed Time: 22.74s
2026-01-19 08:14:52,511 | INFO | Batch 90 | Loss: 1.7706 | Correct: 39/128 | Elapsed Time: 22.83s
2026-01-19 08:15:15,325 | INFO | Batch 100 | Loss: 1.7932 | Correct: 42/128 | Elapsed Time: 22.81s
2026-01-19 08:15:38,133 | INFO | Batch 110 | Loss: 1.7236 | Correct: 42/128 | Elapsed Time: 22.81s
2026-01-19 08:16:00,974 | INFO | Batch 120 | Loss: 1.7571 | Correct: 46/128 | Elapsed Time: 22.84s
2026-01-19 08:16:23,729 | INFO | Batch 130 | Loss: 1.7417 | Correct: 40/128 | Elapsed Time: 22.75s
2026-01-19 08:16:46,502 | INFO | Batch 140 | Loss: 1.6170 | Correct: 53/128 | Elapsed Time: 22.77s
2026-01-19 08:17:09,281 | INFO | Batch 150 | Loss: 1.7166 | Correct: 47/128 | Elapsed Time: 22.78s
2026-01-19 08:17:32,123 | INFO | Batch 160 | Loss: 1.6938 | Correct: 47/128 | Elapsed Time: 22.84s
2026-01-19 08:17:54,947 | INFO | Batch 170 | Loss: 1.7944 | Correct: 42/128 | Elapsed Time: 22.82s
2026-01-19 08:18:17,884 | INFO | Batch 180 | Loss: 1.7131 | Correct: 45/128 | Elapsed Time: 22.94s
2026-01-19 08:18:40,723 | INFO | Batch 190 | Loss: 1.8100 | Correct: 48/128 | Elapsed Time: 22.84s
2026-01-19 08:19:03,511 | INFO | Batch 200 | Loss: 1.7230 | Correct: 47/128 | Elapsed Time: 22.79s
2026-01-19 08:19:26,323 | INFO | Batch 210 | Loss: 1.6682 | Correct: 46/128 | Elapsed Time: 22.81s
2026-01-19 08:19:49,198 | INFO | Batch 220 | Loss: 1.7619 | Correct: 50/128 | Elapsed Time: 22.88s
2026-01-19 08:20:12,002 | INFO | Batch 230 | Loss: 1.6826 | Correct: 55/128 | Elapsed Time: 22.80s
2026-01-19 08:20:34,811 | INFO | Batch 240 | Loss: 1.6289 | Correct: 49/128 | Elapsed Time: 22.81s
2026-01-19 08:20:57,687 | INFO | Batch 250 | Loss: 1.5028 | Correct: 57/128 | Elapsed Time: 22.88s
2026-01-19 08:21:20,515 | INFO | Batch 260 | Loss: 1.4970 | Correct: 62/128 | Elapsed Time: 22.83s
2026-01-19 08:21:43,320 | INFO | Batch 270 | Loss: 1.6750 | Correct: 48/128 | Elapsed Time: 22.81s
2026-01-19 08:22:06,109 | INFO | Batch 280 | Loss: 1.4962 | Correct: 57/128 | Elapsed Time: 22.79s
2026-01-19 08:22:28,982 | INFO | Batch 290 | Loss: 1.5768 | Correct: 56/128 | Elapsed Time: 22.87s
2026-01-19 08:22:51,859 | INFO | Batch 300 | Loss: 1.5664 | Correct: 52/128 | Elapsed Time: 22.88s
2026-01-19 08:23:14,698 | INFO | Batch 310 | Loss: 1.4798 | Correct: 61/128 | Elapsed Time: 22.84s
2026-01-19 08:23:37,654 | INFO | Batch 320 | Loss: 1.6527 | Correct: 51/128 | Elapsed Time: 22.96s
2026-01-19 08:24:00,519 | INFO | Batch 330 | Loss: 1.5222 | Correct: 64/128 | Elapsed Time: 22.87s
2026-01-19 08:24:23,377 | INFO | Batch 340 | Loss: 1.7154 | Correct: 53/128 | Elapsed Time: 22.86s
2026-01-19 08:24:46,199 | INFO | Batch 350 | Loss: 1.4476 | Correct: 63/128 | Elapsed Time: 22.82s
2026-01-19 08:25:08,978 | INFO | Batch 360 | Loss: 1.4684 | Correct: 53/128 | Elapsed Time: 22.78s
2026-01-19 08:25:31,778 | INFO | Batch 370 | Loss: 1.4612 | Correct: 56/128 | Elapsed Time: 22.80s
2026-01-19 08:25:54,621 | INFO | Batch 380 | Loss: 1.6600 | Correct: 55/128 | Elapsed Time: 22.84s
2026-01-19 08:26:17,422 | INFO | Batch 390 | Loss: 1.4977 | Correct: 59/128 | Elapsed Time: 22.80s
2026-01-19 08:26:24,841 | INFO | Epoch [1/100] - Loss: 1.7832 | Correct: 17950/50000 (35.90%, 1013.62s)
2026-01-19 08:27:44,198 | INFO | Validation - Loss: 1.3837 | Correct: 4951/10000 (49.51%) (79.36s)
2026-01-19 08:27:44,299 | INFO | New best model saved at epoch 1 with Top1 Acc: 49.51%
2026-01-19 08:28:07,229 | INFO | Batch 10 | Loss: 1.4555 | Correct: 53/128 | Elapsed Time: 22.93s
2026-01-19 08:28:30,163 | INFO | Batch 20 | Loss: 1.4970 | Correct: 56/128 | Elapsed Time: 22.93s
2026-01-19 08:28:52,957 | INFO | Batch 30 | Loss: 1.4352 | Correct: 62/128 | Elapsed Time: 22.79s
2026-01-19 08:29:15,891 | INFO | Batch 40 | Loss: 1.6536 | Correct: 52/128 | Elapsed Time: 22.93s
2026-01-19 08:29:38,683 | INFO | Batch 50 | Loss: 1.4748 | Correct: 60/128 | Elapsed Time: 22.79s
2026-01-19 08:30:01,512 | INFO | Batch 60 | Loss: 1.5133 | Correct: 58/128 | Elapsed Time: 22.83s
2026-01-19 08:30:24,316 | INFO | Batch 70 | Loss: 1.5749 | Correct: 51/128 | Elapsed Time: 22.80s
2026-01-19 08:30:47,107 | INFO | Batch 80 | Loss: 1.4934 | Correct: 50/128 | Elapsed Time: 22.79s
2026-01-19 08:31:09,900 | INFO | Batch 90 | Loss: 1.2859 | Correct: 64/128 | Elapsed Time: 22.79s
2026-01-19 08:31:32,698 | INFO | Batch 100 | Loss: 1.3248 | Correct: 58/128 | Elapsed Time: 22.80s
2026-01-19 08:31:55,649 | INFO | Batch 110 | Loss: 1.4388 | Correct: 62/128 | Elapsed Time: 22.95s
2026-01-19 08:32:18,497 | INFO | Batch 120 | Loss: 1.3048 | Correct: 66/128 | Elapsed Time: 22.85s
2026-01-19 08:32:41,264 | INFO | Batch 130 | Loss: 1.3943 | Correct: 65/128 | Elapsed Time: 22.77s
2026-01-19 08:33:04,057 | INFO | Batch 140 | Loss: 1.3914 | Correct: 62/128 | Elapsed Time: 22.79s
2026-01-19 08:33:26,841 | INFO | Batch 150 | Loss: 1.4679 | Correct: 64/128 | Elapsed Time: 22.78s
2026-01-19 08:33:49,593 | INFO | Batch 160 | Loss: 1.4023 | Correct: 64/128 | Elapsed Time: 22.75s
2026-01-19 08:34:12,390 | INFO | Batch 170 | Loss: 1.3196 | Correct: 72/128 | Elapsed Time: 22.80s
2026-01-19 08:34:35,216 | INFO | Batch 180 | Loss: 1.3699 | Correct: 64/128 | Elapsed Time: 22.83s
2026-01-19 08:34:58,030 | INFO | Batch 190 | Loss: 1.3076 | Correct: 69/128 | Elapsed Time: 22.81s
2026-01-19 08:35:20,852 | INFO | Batch 200 | Loss: 1.2036 | Correct: 72/128 | Elapsed Time: 22.82s
2026-01-19 08:35:43,660 | INFO | Batch 210 | Loss: 1.3762 | Correct: 60/128 | Elapsed Time: 22.81s
2026-01-19 08:36:06,511 | INFO | Batch 220 | Loss: 1.4481 | Correct: 61/128 | Elapsed Time: 22.85s
2026-01-19 08:36:29,362 | INFO | Batch 230 | Loss: 1.4457 | Correct: 68/128 | Elapsed Time: 22.85s
2026-01-19 08:36:52,112 | INFO | Batch 240 | Loss: 1.2901 | Correct: 70/128 | Elapsed Time: 22.75s
2026-01-19 08:37:14,955 | INFO | Batch 250 | Loss: 1.5875 | Correct: 65/128 | Elapsed Time: 22.84s
2026-01-19 08:37:37,786 | INFO | Batch 260 | Loss: 1.2239 | Correct: 76/128 | Elapsed Time: 22.83s
2026-01-19 08:38:00,558 | INFO | Batch 270 | Loss: 1.3118 | Correct: 76/128 | Elapsed Time: 22.77s
2026-01-19 08:38:23,328 | INFO | Batch 280 | Loss: 1.3905 | Correct: 71/128 | Elapsed Time: 22.77s
2026-01-19 08:38:46,053 | INFO | Batch 290 | Loss: 1.3419 | Correct: 75/128 | Elapsed Time: 22.72s
2026-01-19 08:39:08,870 | INFO | Batch 300 | Loss: 1.1706 | Correct: 71/128 | Elapsed Time: 22.82s
2026-01-19 08:39:31,640 | INFO | Batch 310 | Loss: 1.4145 | Correct: 61/128 | Elapsed Time: 22.77s
2026-01-19 08:39:54,472 | INFO | Batch 320 | Loss: 1.1489 | Correct: 78/128 | Elapsed Time: 22.83s
2026-01-19 08:40:17,246 | INFO | Batch 330 | Loss: 1.2727 | Correct: 70/128 | Elapsed Time: 22.77s
2026-01-19 08:40:40,029 | INFO | Batch 340 | Loss: 1.2993 | Correct: 68/128 | Elapsed Time: 22.78s
2026-01-19 08:41:02,895 | INFO | Batch 350 | Loss: 1.1822 | Correct: 75/128 | Elapsed Time: 22.87s
2026-01-19 08:41:25,696 | INFO | Batch 360 | Loss: 1.5904 | Correct: 58/128 | Elapsed Time: 22.80s
2026-01-19 08:41:48,442 | INFO | Batch 370 | Loss: 1.1983 | Correct: 73/128 | Elapsed Time: 22.75s
2026-01-19 08:42:11,167 | INFO | Batch 380 | Loss: 1.3419 | Correct: 64/128 | Elapsed Time: 22.72s
2026-01-19 08:42:33,940 | INFO | Batch 390 | Loss: 1.2654 | Correct: 66/128 | Elapsed Time: 22.77s
2026-01-19 08:42:35,414 | INFO | Epoch [2/100] - Loss: 1.3419 | Correct: 25830/50000 (51.66%, 891.11s)
2026-01-19 08:43:49,864 | INFO | Validation - Loss: 1.1786 | Correct: 5814/10000 (58.14%) (74.45s)
2026-01-19 08:43:50,008 | INFO | New best model saved at epoch 2 with Top1 Acc: 58.14%
2026-01-19 08:44:12,818 | INFO | Batch 10 | Loss: 1.2028 | Correct: 74/128 | Elapsed Time: 22.81s
2026-01-19 08:44:35,594 | INFO | Batch 20 | Loss: 1.2281 | Correct: 74/128 | Elapsed Time: 22.78s
2026-01-19 08:44:58,276 | INFO | Batch 30 | Loss: 1.4366 | Correct: 63/128 | Elapsed Time: 22.68s
2026-01-19 08:45:20,965 | INFO | Batch 40 | Loss: 1.0780 | Correct: 78/128 | Elapsed Time: 22.69s
2026-01-19 08:45:43,802 | INFO | Batch 50 | Loss: 1.1894 | Correct: 73/128 | Elapsed Time: 22.84s
2026-01-19 08:46:06,552 | INFO | Batch 60 | Loss: 1.1201 | Correct: 84/128 | Elapsed Time: 22.75s
2026-01-19 08:46:29,279 | INFO | Batch 70 | Loss: 1.1848 | Correct: 76/128 | Elapsed Time: 22.73s
2026-01-19 08:46:51,987 | INFO | Batch 80 | Loss: 1.1102 | Correct: 79/128 | Elapsed Time: 22.71s
2026-01-19 08:47:14,776 | INFO | Batch 90 | Loss: 1.3006 | Correct: 62/128 | Elapsed Time: 22.79s
2026-01-19 08:47:37,531 | INFO | Batch 100 | Loss: 1.1334 | Correct: 79/128 | Elapsed Time: 22.76s
2026-01-19 08:48:00,256 | INFO | Batch 110 | Loss: 1.0231 | Correct: 82/128 | Elapsed Time: 22.72s
2026-01-19 08:48:23,155 | INFO | Batch 120 | Loss: 1.0706 | Correct: 78/128 | Elapsed Time: 22.90s
2026-01-19 08:48:45,930 | INFO | Batch 130 | Loss: 1.1559 | Correct: 74/128 | Elapsed Time: 22.78s
2026-01-19 08:49:08,689 | INFO | Batch 140 | Loss: 1.0399 | Correct: 78/128 | Elapsed Time: 22.76s
2026-01-19 08:49:31,486 | INFO | Batch 150 | Loss: 1.0861 | Correct: 86/128 | Elapsed Time: 22.80s
2026-01-19 08:49:54,265 | INFO | Batch 160 | Loss: 1.2526 | Correct: 70/128 | Elapsed Time: 22.78s
2026-01-19 08:50:17,010 | INFO | Batch 170 | Loss: 1.1191 | Correct: 79/128 | Elapsed Time: 22.75s
2026-01-19 08:50:39,755 | INFO | Batch 180 | Loss: 1.1846 | Correct: 68/128 | Elapsed Time: 22.74s
2026-01-19 08:51:02,585 | INFO | Batch 190 | Loss: 1.1543 | Correct: 79/128 | Elapsed Time: 22.83s
2026-01-19 08:51:25,369 | INFO | Batch 200 | Loss: 1.1955 | Correct: 70/128 | Elapsed Time: 22.78s
2026-01-19 08:51:48,121 | INFO | Batch 210 | Loss: 1.1239 | Correct: 84/128 | Elapsed Time: 22.75s
2026-01-19 08:52:10,880 | INFO | Batch 220 | Loss: 1.0892 | Correct: 81/128 | Elapsed Time: 22.76s
2026-01-19 08:52:33,654 | INFO | Batch 230 | Loss: 1.1999 | Correct: 72/128 | Elapsed Time: 22.77s
2026-01-19 08:52:56,410 | INFO | Batch 240 | Loss: 1.1461 | Correct: 76/128 | Elapsed Time: 22.76s
2026-01-19 08:53:19,196 | INFO | Batch 250 | Loss: 1.1698 | Correct: 74/128 | Elapsed Time: 22.79s
2026-01-19 08:53:42,039 | INFO | Batch 260 | Loss: 0.9919 | Correct: 91/128 | Elapsed Time: 22.84s
2026-01-19 08:54:04,847 | INFO | Batch 270 | Loss: 1.0042 | Correct: 82/128 | Elapsed Time: 22.81s
2026-01-19 08:54:27,625 | INFO | Batch 280 | Loss: 1.1730 | Correct: 75/128 | Elapsed Time: 22.78s
2026-01-19 08:54:50,403 | INFO | Batch 290 | Loss: 0.9874 | Correct: 81/128 | Elapsed Time: 22.78s
2026-01-19 08:55:13,146 | INFO | Batch 300 | Loss: 1.0682 | Correct: 85/128 | Elapsed Time: 22.74s
2026-01-19 08:55:35,898 | INFO | Batch 310 | Loss: 0.9471 | Correct: 91/128 | Elapsed Time: 22.75s
2026-01-19 08:55:58,633 | INFO | Batch 320 | Loss: 1.1752 | Correct: 74/128 | Elapsed Time: 22.73s
2026-01-19 08:56:21,429 | INFO | Batch 330 | Loss: 0.9666 | Correct: 88/128 | Elapsed Time: 22.80s
2026-01-19 08:56:44,147 | INFO | Batch 340 | Loss: 1.1161 | Correct: 77/128 | Elapsed Time: 22.72s
2026-01-19 08:57:06,910 | INFO | Batch 350 | Loss: 1.2003 | Correct: 80/128 | Elapsed Time: 22.76s
2026-01-19 08:57:29,669 | INFO | Batch 360 | Loss: 1.0027 | Correct: 90/128 | Elapsed Time: 22.76s
2026-01-19 08:57:52,379 | INFO | Batch 370 | Loss: 1.1446 | Correct: 74/128 | Elapsed Time: 22.71s
2026-01-19 08:58:15,154 | INFO | Batch 380 | Loss: 1.0374 | Correct: 84/128 | Elapsed Time: 22.77s
2026-01-19 08:58:37,918 | INFO | Batch 390 | Loss: 1.0940 | Correct: 77/128 | Elapsed Time: 22.76s
2026-01-19 08:58:39,391 | INFO | Epoch [3/100] - Loss: 1.1305 | Correct: 29980/50000 (59.96%, 889.38s)
2026-01-19 08:59:53,948 | INFO | Validation - Loss: 1.1238 | Correct: 6030/10000 (60.30%) (74.56s)
2026-01-19 08:59:54,111 | INFO | New best model saved at epoch 3 with Top1 Acc: 60.30%
2026-01-19 09:00:16,885 | INFO | Batch 10 | Loss: 0.9896 | Correct: 84/128 | Elapsed Time: 22.77s
2026-01-19 09:00:39,623 | INFO | Batch 20 | Loss: 1.1235 | Correct: 73/128 | Elapsed Time: 22.74s
2026-01-19 09:01:02,300 | INFO | Batch 30 | Loss: 1.1140 | Correct: 78/128 | Elapsed Time: 22.68s
2026-01-19 09:01:25,065 | INFO | Batch 40 | Loss: 1.0909 | Correct: 77/128 | Elapsed Time: 22.77s
2026-01-19 09:01:47,862 | INFO | Batch 50 | Loss: 0.9127 | Correct: 90/128 | Elapsed Time: 22.80s
2026-01-19 09:02:10,764 | INFO | Batch 60 | Loss: 1.0411 | Correct: 82/128 | Elapsed Time: 22.90s
2026-01-19 09:02:33,586 | INFO | Batch 70 | Loss: 0.9084 | Correct: 87/128 | Elapsed Time: 22.82s
2026-01-19 09:02:56,357 | INFO | Batch 80 | Loss: 1.1057 | Correct: 79/128 | Elapsed Time: 22.77s
2026-01-19 09:03:19,109 | INFO | Batch 90 | Loss: 1.0459 | Correct: 81/128 | Elapsed Time: 22.75s
2026-01-19 09:03:41,883 | INFO | Batch 100 | Loss: 0.8399 | Correct: 97/128 | Elapsed Time: 22.77s
2026-01-19 09:04:04,654 | INFO | Batch 110 | Loss: 1.0737 | Correct: 81/128 | Elapsed Time: 22.77s
2026-01-19 09:04:27,434 | INFO | Batch 120 | Loss: 1.1123 | Correct: 85/128 | Elapsed Time: 22.78s
2026-01-19 09:04:50,252 | INFO | Batch 130 | Loss: 0.9499 | Correct: 82/128 | Elapsed Time: 22.82s
2026-01-19 09:05:13,049 | INFO | Batch 140 | Loss: 1.1223 | Correct: 81/128 | Elapsed Time: 22.80s
2026-01-19 09:05:35,825 | INFO | Batch 150 | Loss: 0.8521 | Correct: 87/128 | Elapsed Time: 22.78s
2026-01-19 09:05:58,580 | INFO | Batch 160 | Loss: 0.8722 | Correct: 88/128 | Elapsed Time: 22.76s
2026-01-19 09:06:21,424 | INFO | Batch 170 | Loss: 0.8799 | Correct: 88/128 | Elapsed Time: 22.84s
2026-01-19 09:06:44,208 | INFO | Batch 180 | Loss: 1.1022 | Correct: 72/128 | Elapsed Time: 22.78s
2026-01-19 09:07:06,984 | INFO | Batch 190 | Loss: 0.9471 | Correct: 81/128 | Elapsed Time: 22.78s
2026-01-19 09:07:29,798 | INFO | Batch 200 | Loss: 1.0688 | Correct: 81/128 | Elapsed Time: 22.81s
2026-01-19 09:07:52,567 | INFO | Batch 210 | Loss: 0.9491 | Correct: 81/128 | Elapsed Time: 22.77s
2026-01-19 09:08:15,379 | INFO | Batch 220 | Loss: 0.8955 | Correct: 84/128 | Elapsed Time: 22.81s
2026-01-19 09:08:38,150 | INFO | Batch 230 | Loss: 1.1048 | Correct: 81/128 | Elapsed Time: 22.77s
2026-01-19 09:09:00,879 | INFO | Batch 240 | Loss: 1.0080 | Correct: 81/128 | Elapsed Time: 22.73s
2026-01-19 09:09:23,598 | INFO | Batch 250 | Loss: 0.9774 | Correct: 78/128 | Elapsed Time: 22.72s
2026-01-19 09:09:46,352 | INFO | Batch 260 | Loss: 0.8816 | Correct: 90/128 | Elapsed Time: 22.75s
2026-01-19 09:10:09,127 | INFO | Batch 270 | Loss: 0.9371 | Correct: 86/128 | Elapsed Time: 22.77s
2026-01-19 09:10:31,853 | INFO | Batch 280 | Loss: 0.9497 | Correct: 84/128 | Elapsed Time: 22.73s
2026-01-19 09:10:54,604 | INFO | Batch 290 | Loss: 0.8775 | Correct: 93/128 | Elapsed Time: 22.75s
2026-01-19 09:11:17,346 | INFO | Batch 300 | Loss: 1.0549 | Correct: 79/128 | Elapsed Time: 22.74s
2026-01-19 09:11:40,049 | INFO | Batch 310 | Loss: 0.8911 | Correct: 88/128 | Elapsed Time: 22.70s
2026-01-19 09:12:02,822 | INFO | Batch 320 | Loss: 0.9018 | Correct: 91/128 | Elapsed Time: 22.77s
2026-01-19 09:12:25,624 | INFO | Batch 330 | Loss: 0.8905 | Correct: 83/128 | Elapsed Time: 22.80s
2026-01-19 09:12:48,409 | INFO | Batch 340 | Loss: 0.8841 | Correct: 90/128 | Elapsed Time: 22.79s
2026-01-19 09:13:11,113 | INFO | Batch 350 | Loss: 0.8783 | Correct: 86/128 | Elapsed Time: 22.70s
2026-01-19 09:13:33,814 | INFO | Batch 360 | Loss: 0.8704 | Correct: 90/128 | Elapsed Time: 22.70s
2026-01-19 09:13:56,529 | INFO | Batch 370 | Loss: 0.9956 | Correct: 82/128 | Elapsed Time: 22.71s
2026-01-19 09:14:19,285 | INFO | Batch 380 | Loss: 0.7609 | Correct: 94/128 | Elapsed Time: 22.76s
2026-01-19 09:14:42,011 | INFO | Batch 390 | Loss: 0.9821 | Correct: 90/128 | Elapsed Time: 22.73s
2026-01-19 09:14:43,486 | INFO | Epoch [4/100] - Loss: 0.9743 | Correct: 32896/50000 (65.79%, 889.37s)
2026-01-19 09:15:57,987 | INFO | Validation - Loss: 0.9630 | Correct: 6711/10000 (67.11%) (74.50s)
2026-01-19 09:15:58,161 | INFO | New best model saved at epoch 4 with Top1 Acc: 67.11%
2026-01-19 09:16:20,950 | INFO | Batch 10 | Loss: 0.9165 | Correct: 89/128 | Elapsed Time: 22.79s
2026-01-19 09:16:43,693 | INFO | Batch 20 | Loss: 0.8709 | Correct: 93/128 | Elapsed Time: 22.74s
2026-01-19 09:17:06,405 | INFO | Batch 30 | Loss: 0.8218 | Correct: 87/128 | Elapsed Time: 22.71s
2026-01-19 09:17:29,123 | INFO | Batch 40 | Loss: 0.9568 | Correct: 87/128 | Elapsed Time: 22.72s
2026-01-19 09:17:51,895 | INFO | Batch 50 | Loss: 0.8050 | Correct: 88/128 | Elapsed Time: 22.77s
2026-01-19 09:18:14,649 | INFO | Batch 60 | Loss: 0.9295 | Correct: 88/128 | Elapsed Time: 22.75s
2026-01-19 09:18:37,518 | INFO | Batch 70 | Loss: 0.8012 | Correct: 92/128 | Elapsed Time: 22.87s
2026-01-19 09:19:00,266 | INFO | Batch 80 | Loss: 0.9116 | Correct: 87/128 | Elapsed Time: 22.75s
2026-01-19 09:19:22,986 | INFO | Batch 90 | Loss: 0.9907 | Correct: 87/128 | Elapsed Time: 22.72s
2026-01-19 09:19:45,765 | INFO | Batch 100 | Loss: 0.6947 | Correct: 100/128 | Elapsed Time: 22.78s
2026-01-19 09:20:08,542 | INFO | Batch 110 | Loss: 0.9896 | Correct: 84/128 | Elapsed Time: 22.78s
2026-01-19 09:20:31,295 | INFO | Batch 120 | Loss: 0.8605 | Correct: 94/128 | Elapsed Time: 22.75s
2026-01-19 09:20:54,011 | INFO | Batch 130 | Loss: 0.7184 | Correct: 96/128 | Elapsed Time: 22.72s
2026-01-19 09:21:16,785 | INFO | Batch 140 | Loss: 0.9068 | Correct: 83/128 | Elapsed Time: 22.77s
2026-01-19 09:21:39,532 | INFO | Batch 150 | Loss: 0.8612 | Correct: 88/128 | Elapsed Time: 22.75s
2026-01-19 09:22:02,277 | INFO | Batch 160 | Loss: 0.8262 | Correct: 97/128 | Elapsed Time: 22.75s
2026-01-19 09:22:25,027 | INFO | Batch 170 | Loss: 0.8111 | Correct: 91/128 | Elapsed Time: 22.75s
2026-01-19 09:22:47,824 | INFO | Batch 180 | Loss: 0.8183 | Correct: 83/128 | Elapsed Time: 22.80s
2026-01-19 09:23:10,633 | INFO | Batch 190 | Loss: 0.8628 | Correct: 89/128 | Elapsed Time: 22.81s
2026-01-19 09:23:33,377 | INFO | Batch 200 | Loss: 0.9248 | Correct: 90/128 | Elapsed Time: 22.74s
2026-01-19 09:23:56,168 | INFO | Batch 210 | Loss: 0.7324 | Correct: 98/128 | Elapsed Time: 22.79s
2026-01-19 09:24:18,908 | INFO | Batch 220 | Loss: 0.9196 | Correct: 81/128 | Elapsed Time: 22.74s
2026-01-19 09:24:41,635 | INFO | Batch 230 | Loss: 0.8738 | Correct: 87/128 | Elapsed Time: 22.73s
2026-01-19 09:25:04,361 | INFO | Batch 240 | Loss: 0.8029 | Correct: 92/128 | Elapsed Time: 22.73s
2026-01-19 09:25:27,073 | INFO | Batch 250 | Loss: 0.7656 | Correct: 100/128 | Elapsed Time: 22.71s
2026-01-19 09:25:49,828 | INFO | Batch 260 | Loss: 0.8460 | Correct: 89/128 | Elapsed Time: 22.76s
2026-01-19 09:26:12,572 | INFO | Batch 270 | Loss: 0.6779 | Correct: 97/128 | Elapsed Time: 22.74s
2026-01-19 09:26:35,421 | INFO | Batch 280 | Loss: 0.7864 | Correct: 86/128 | Elapsed Time: 22.85s
2026-01-19 09:26:58,195 | INFO | Batch 290 | Loss: 0.8117 | Correct: 93/128 | Elapsed Time: 22.77s
2026-01-19 09:27:20,975 | INFO | Batch 300 | Loss: 0.7236 | Correct: 92/128 | Elapsed Time: 22.78s
2026-01-19 09:27:43,691 | INFO | Batch 310 | Loss: 0.7350 | Correct: 96/128 | Elapsed Time: 22.72s
2026-01-19 09:28:06,456 | INFO | Batch 320 | Loss: 0.8061 | Correct: 89/128 | Elapsed Time: 22.77s
2026-01-19 09:28:29,205 | INFO | Batch 330 | Loss: 0.7647 | Correct: 90/128 | Elapsed Time: 22.75s
2026-01-19 09:28:51,908 | INFO | Batch 340 | Loss: 0.8292 | Correct: 94/128 | Elapsed Time: 22.70s
2026-01-19 09:29:14,682 | INFO | Batch 350 | Loss: 0.8502 | Correct: 90/128 | Elapsed Time: 22.77s
2026-01-19 09:29:37,449 | INFO | Batch 360 | Loss: 0.8996 | Correct: 89/128 | Elapsed Time: 22.77s
2026-01-19 09:30:00,191 | INFO | Batch 370 | Loss: 0.8743 | Correct: 89/128 | Elapsed Time: 22.74s
2026-01-19 09:30:22,911 | INFO | Batch 380 | Loss: 0.9457 | Correct: 86/128 | Elapsed Time: 22.72s
2026-01-19 09:30:45,635 | INFO | Batch 390 | Loss: 0.7629 | Correct: 92/128 | Elapsed Time: 22.72s
2026-01-19 09:30:47,108 | INFO | Epoch [5/100] - Loss: 0.8635 | Correct: 35057/50000 (70.11%, 888.95s)
2026-01-19 09:32:01,607 | INFO | Validation - Loss: 0.9974 | Correct: 6644/10000 (66.44%) (74.50s)
2026-01-19 09:32:24,409 | INFO | Batch 10 | Loss: 0.7327 | Correct: 93/128 | Elapsed Time: 22.80s
2026-01-19 09:32:47,322 | INFO | Batch 20 | Loss: 0.8222 | Correct: 90/128 | Elapsed Time: 22.91s
2026-01-19 09:33:10,037 | INFO | Batch 30 | Loss: 0.8453 | Correct: 87/128 | Elapsed Time: 22.72s
2026-01-19 09:33:32,816 | INFO | Batch 40 | Loss: 0.8191 | Correct: 95/128 | Elapsed Time: 22.78s
2026-01-19 09:33:55,652 | INFO | Batch 50 | Loss: 0.7836 | Correct: 96/128 | Elapsed Time: 22.84s
2026-01-19 09:34:18,472 | INFO | Batch 60 | Loss: 0.9510 | Correct: 89/128 | Elapsed Time: 22.82s
2026-01-19 09:34:41,228 | INFO | Batch 70 | Loss: 0.7090 | Correct: 98/128 | Elapsed Time: 22.76s
2026-01-19 09:35:03,981 | INFO | Batch 80 | Loss: 0.6972 | Correct: 97/128 | Elapsed Time: 22.75s
2026-01-19 09:35:26,843 | INFO | Batch 90 | Loss: 0.7286 | Correct: 93/128 | Elapsed Time: 22.86s
2026-01-19 09:35:49,623 | INFO | Batch 100 | Loss: 0.6271 | Correct: 104/128 | Elapsed Time: 22.78s
2026-01-19 09:36:12,408 | INFO | Batch 110 | Loss: 0.8351 | Correct: 91/128 | Elapsed Time: 22.78s
2026-01-19 09:36:35,176 | INFO | Batch 120 | Loss: 0.7103 | Correct: 97/128 | Elapsed Time: 22.77s
2026-01-19 09:36:57,995 | INFO | Batch 130 | Loss: 0.8924 | Correct: 91/128 | Elapsed Time: 22.82s
2026-01-19 09:37:20,757 | INFO | Batch 140 | Loss: 0.8425 | Correct: 83/128 | Elapsed Time: 22.76s
2026-01-19 09:37:43,477 | INFO | Batch 150 | Loss: 0.9056 | Correct: 85/128 | Elapsed Time: 22.72s
2026-01-19 09:38:06,243 | INFO | Batch 160 | Loss: 0.7433 | Correct: 95/128 | Elapsed Time: 22.77s
2026-01-19 09:38:28,997 | INFO | Batch 170 | Loss: 0.7905 | Correct: 96/128 | Elapsed Time: 22.75s
2026-01-19 09:38:51,730 | INFO | Batch 180 | Loss: 0.6850 | Correct: 98/128 | Elapsed Time: 22.73s
2026-01-19 09:39:14,493 | INFO | Batch 190 | Loss: 0.7736 | Correct: 98/128 | Elapsed Time: 22.76s
2026-01-19 09:39:37,264 | INFO | Batch 200 | Loss: 0.9167 | Correct: 84/128 | Elapsed Time: 22.77s
2026-01-19 09:40:00,103 | INFO | Batch 210 | Loss: 0.6917 | Correct: 97/128 | Elapsed Time: 22.84s
2026-01-19 09:40:22,934 | INFO | Batch 220 | Loss: 0.8552 | Correct: 91/128 | Elapsed Time: 22.83s
2026-01-19 09:40:45,807 | INFO | Batch 230 | Loss: 0.7901 | Correct: 93/128 | Elapsed Time: 22.87s
2026-01-19 09:41:08,601 | INFO | Batch 240 | Loss: 0.7184 | Correct: 98/128 | Elapsed Time: 22.79s
2026-01-19 09:41:31,419 | INFO | Batch 250 | Loss: 0.7103 | Correct: 99/128 | Elapsed Time: 22.82s
2026-01-19 09:41:54,255 | INFO | Batch 260 | Loss: 0.7518 | Correct: 97/128 | Elapsed Time: 22.84s
2026-01-19 09:42:17,096 | INFO | Batch 270 | Loss: 0.7703 | Correct: 93/128 | Elapsed Time: 22.84s
2026-01-19 09:42:39,916 | INFO | Batch 280 | Loss: 0.8479 | Correct: 91/128 | Elapsed Time: 22.82s
2026-01-19 09:43:02,725 | INFO | Batch 290 | Loss: 0.8486 | Correct: 92/128 | Elapsed Time: 22.81s
2026-01-19 09:43:25,596 | INFO | Batch 300 | Loss: 0.6415 | Correct: 95/128 | Elapsed Time: 22.87s
2026-01-19 09:43:48,341 | INFO | Batch 310 | Loss: 0.8089 | Correct: 95/128 | Elapsed Time: 22.75s
2026-01-19 09:44:11,089 | INFO | Batch 320 | Loss: 0.7494 | Correct: 94/128 | Elapsed Time: 22.75s
2026-01-19 09:44:33,825 | INFO | Batch 330 | Loss: 0.8132 | Correct: 90/128 | Elapsed Time: 22.74s
2026-01-19 09:44:56,636 | INFO | Batch 340 | Loss: 0.7997 | Correct: 98/128 | Elapsed Time: 22.81s
2026-01-19 09:45:19,402 | INFO | Batch 350 | Loss: 0.6407 | Correct: 100/128 | Elapsed Time: 22.77s
2026-01-19 09:45:42,188 | INFO | Batch 360 | Loss: 0.6704 | Correct: 103/128 | Elapsed Time: 22.79s
2026-01-19 09:46:05,011 | INFO | Batch 370 | Loss: 0.8272 | Correct: 93/128 | Elapsed Time: 22.82s
2026-01-19 09:46:27,789 | INFO | Batch 380 | Loss: 0.6888 | Correct: 95/128 | Elapsed Time: 22.78s
2026-01-19 09:46:50,578 | INFO | Batch 390 | Loss: 0.8400 | Correct: 92/128 | Elapsed Time: 22.79s
2026-01-19 09:46:52,057 | INFO | Epoch [6/100] - Loss: 0.7748 | Correct: 36537/50000 (73.07%, 890.45s)
2026-01-19 09:48:06,451 | INFO | Validation - Loss: 0.9164 | Correct: 6820/10000 (68.20%) (74.39s)
2026-01-19 09:48:06,624 | INFO | New best model saved at epoch 6 with Top1 Acc: 68.20%
2026-01-19 09:48:29,418 | INFO | Batch 10 | Loss: 0.8292 | Correct: 91/128 | Elapsed Time: 22.79s
2026-01-19 09:48:52,185 | INFO | Batch 20 | Loss: 0.7573 | Correct: 98/128 | Elapsed Time: 22.77s
2026-01-19 09:49:14,999 | INFO | Batch 30 | Loss: 0.8409 | Correct: 91/128 | Elapsed Time: 22.81s
2026-01-19 09:49:37,910 | INFO | Batch 40 | Loss: 0.6324 | Correct: 98/128 | Elapsed Time: 22.91s
2026-01-19 09:50:00,714 | INFO | Batch 50 | Loss: 0.6517 | Correct: 101/128 | Elapsed Time: 22.80s
2026-01-19 09:50:23,438 | INFO | Batch 60 | Loss: 0.6366 | Correct: 100/128 | Elapsed Time: 22.72s
2026-01-19 09:50:46,204 | INFO | Batch 70 | Loss: 0.7053 | Correct: 93/128 | Elapsed Time: 22.77s
2026-01-19 09:51:08,946 | INFO | Batch 80 | Loss: 0.6314 | Correct: 102/128 | Elapsed Time: 22.74s
2026-01-19 09:51:31,713 | INFO | Batch 90 | Loss: 0.6920 | Correct: 99/128 | Elapsed Time: 22.77s
2026-01-19 09:51:54,447 | INFO | Batch 100 | Loss: 0.7342 | Correct: 95/128 | Elapsed Time: 22.73s
2026-01-19 09:52:17,273 | INFO | Batch 110 | Loss: 0.7791 | Correct: 94/128 | Elapsed Time: 22.83s
2026-01-19 09:52:40,033 | INFO | Batch 120 | Loss: 0.5783 | Correct: 102/128 | Elapsed Time: 22.76s
2026-01-19 09:53:02,831 | INFO | Batch 130 | Loss: 0.7188 | Correct: 98/128 | Elapsed Time: 22.80s
2026-01-19 09:53:25,611 | INFO | Batch 140 | Loss: 0.8571 | Correct: 91/128 | Elapsed Time: 22.78s
2026-01-19 09:53:48,305 | INFO | Batch 150 | Loss: 0.5610 | Correct: 104/128 | Elapsed Time: 22.69s
2026-01-19 09:54:11,066 | INFO | Batch 160 | Loss: 0.7788 | Correct: 93/128 | Elapsed Time: 22.76s
2026-01-19 09:54:33,833 | INFO | Batch 170 | Loss: 0.6585 | Correct: 100/128 | Elapsed Time: 22.77s
2026-01-19 09:54:56,608 | INFO | Batch 180 | Loss: 0.5671 | Correct: 103/128 | Elapsed Time: 22.78s
2026-01-19 09:55:19,389 | INFO | Batch 190 | Loss: 0.7654 | Correct: 96/128 | Elapsed Time: 22.78s
2026-01-19 09:55:42,129 | INFO | Batch 200 | Loss: 0.7169 | Correct: 95/128 | Elapsed Time: 22.74s
2026-01-19 09:56:04,916 | INFO | Batch 210 | Loss: 0.7587 | Correct: 91/128 | Elapsed Time: 22.79s
2026-01-19 09:56:27,654 | INFO | Batch 220 | Loss: 0.7319 | Correct: 96/128 | Elapsed Time: 22.74s
2026-01-19 09:56:50,455 | INFO | Batch 230 | Loss: 0.6654 | Correct: 96/128 | Elapsed Time: 22.80s
2026-01-19 09:57:13,267 | INFO | Batch 240 | Loss: 0.7157 | Correct: 94/128 | Elapsed Time: 22.81s
2026-01-19 09:57:36,078 | INFO | Batch 250 | Loss: 0.6327 | Correct: 100/128 | Elapsed Time: 22.81s
2026-01-19 09:57:58,802 | INFO | Batch 260 | Loss: 0.7601 | Correct: 95/128 | Elapsed Time: 22.72s
2026-01-19 09:58:21,526 | INFO | Batch 270 | Loss: 0.9604 | Correct: 88/128 | Elapsed Time: 22.72s
2026-01-19 09:58:44,219 | INFO | Batch 280 | Loss: 0.7357 | Correct: 92/128 | Elapsed Time: 22.69s
2026-01-19 09:59:06,938 | INFO | Batch 290 | Loss: 0.7066 | Correct: 96/128 | Elapsed Time: 22.72s
2026-01-19 09:59:29,619 | INFO | Batch 300 | Loss: 0.6082 | Correct: 100/128 | Elapsed Time: 22.68s
2026-01-19 09:59:52,316 | INFO | Batch 310 | Loss: 0.6198 | Correct: 98/128 | Elapsed Time: 22.70s
2026-01-19 10:00:15,048 | INFO | Batch 320 | Loss: 0.7705 | Correct: 98/128 | Elapsed Time: 22.73s
2026-01-19 10:00:37,849 | INFO | Batch 330 | Loss: 0.6965 | Correct: 96/128 | Elapsed Time: 22.80s
2026-01-19 10:01:00,648 | INFO | Batch 340 | Loss: 0.6493 | Correct: 101/128 | Elapsed Time: 22.80s
2026-01-19 10:01:23,409 | INFO | Batch 350 | Loss: 0.7500 | Correct: 100/128 | Elapsed Time: 22.76s
2026-01-19 10:01:46,194 | INFO | Batch 360 | Loss: 0.6690 | Correct: 94/128 | Elapsed Time: 22.79s
2026-01-19 10:02:08,892 | INFO | Batch 370 | Loss: 0.5727 | Correct: 105/128 | Elapsed Time: 22.70s
2026-01-19 10:02:31,672 | INFO | Batch 380 | Loss: 0.5974 | Correct: 100/128 | Elapsed Time: 22.78s
2026-01-19 10:02:54,479 | INFO | Batch 390 | Loss: 0.6590 | Correct: 98/128 | Elapsed Time: 22.81s
2026-01-19 10:02:55,955 | INFO | Epoch [7/100] - Loss: 0.6999 | Correct: 37904/50000 (75.81%, 889.33s)
2026-01-19 10:04:10,457 | INFO | Validation - Loss: 0.6660 | Correct: 7678/10000 (76.78%) (74.50s)
2026-01-19 10:04:10,598 | INFO | New best model saved at epoch 7 with Top1 Acc: 76.78%
2026-01-19 10:04:33,412 | INFO | Batch 10 | Loss: 0.6692 | Correct: 102/128 | Elapsed Time: 22.81s
2026-01-19 10:04:56,169 | INFO | Batch 20 | Loss: 0.7284 | Correct: 99/128 | Elapsed Time: 22.76s
2026-01-19 10:05:18,896 | INFO | Batch 30 | Loss: 0.6985 | Correct: 99/128 | Elapsed Time: 22.73s
2026-01-19 10:05:41,570 | INFO | Batch 40 | Loss: 0.4733 | Correct: 107/128 | Elapsed Time: 22.67s
2026-01-19 10:06:04,299 | INFO | Batch 50 | Loss: 0.6840 | Correct: 96/128 | Elapsed Time: 22.73s
2026-01-19 10:06:27,109 | INFO | Batch 60 | Loss: 0.7948 | Correct: 90/128 | Elapsed Time: 22.81s
2026-01-19 10:06:49,848 | INFO | Batch 70 | Loss: 0.6712 | Correct: 99/128 | Elapsed Time: 22.74s
2026-01-19 10:07:12,536 | INFO | Batch 80 | Loss: 0.5847 | Correct: 104/128 | Elapsed Time: 22.69s
2026-01-19 10:07:35,265 | INFO | Batch 90 | Loss: 0.6405 | Correct: 94/128 | Elapsed Time: 22.73s
2026-01-19 10:07:57,973 | INFO | Batch 100 | Loss: 0.5331 | Correct: 100/128 | Elapsed Time: 22.71s
2026-01-19 10:08:20,721 | INFO | Batch 110 | Loss: 0.5736 | Correct: 103/128 | Elapsed Time: 22.75s
2026-01-19 10:08:43,431 | INFO | Batch 120 | Loss: 0.6345 | Correct: 96/128 | Elapsed Time: 22.71s
2026-01-19 10:09:06,241 | INFO | Batch 130 | Loss: 0.6000 | Correct: 97/128 | Elapsed Time: 22.81s
2026-01-19 10:09:28,961 | INFO | Batch 140 | Loss: 0.7905 | Correct: 95/128 | Elapsed Time: 22.72s
2026-01-19 10:09:51,742 | INFO | Batch 150 | Loss: 0.6278 | Correct: 99/128 | Elapsed Time: 22.78s
2026-01-19 10:10:14,504 | INFO | Batch 160 | Loss: 0.4702 | Correct: 108/128 | Elapsed Time: 22.76s
2026-01-19 10:10:37,318 | INFO | Batch 170 | Loss: 0.5785 | Correct: 102/128 | Elapsed Time: 22.81s
2026-01-19 10:11:00,071 | INFO | Batch 180 | Loss: 0.6996 | Correct: 94/128 | Elapsed Time: 22.75s
2026-01-19 10:11:22,858 | INFO | Batch 190 | Loss: 0.7731 | Correct: 95/128 | Elapsed Time: 22.79s
2026-01-19 10:11:45,719 | INFO | Batch 200 | Loss: 0.6944 | Correct: 100/128 | Elapsed Time: 22.86s
2026-01-19 10:12:08,483 | INFO | Batch 210 | Loss: 0.7164 | Correct: 96/128 | Elapsed Time: 22.76s
2026-01-19 10:12:31,298 | INFO | Batch 220 | Loss: 0.6227 | Correct: 105/128 | Elapsed Time: 22.82s
2026-01-19 10:12:54,052 | INFO | Batch 230 | Loss: 0.7244 | Correct: 100/128 | Elapsed Time: 22.75s
2026-01-19 10:13:16,766 | INFO | Batch 240 | Loss: 0.6288 | Correct: 102/128 | Elapsed Time: 22.71s
2026-01-19 10:13:39,514 | INFO | Batch 250 | Loss: 0.6982 | Correct: 95/128 | Elapsed Time: 22.75s
2026-01-19 10:14:02,279 | INFO | Batch 260 | Loss: 0.6331 | Correct: 101/128 | Elapsed Time: 22.77s
2026-01-19 10:14:25,137 | INFO | Batch 270 | Loss: 0.6013 | Correct: 100/128 | Elapsed Time: 22.86s
2026-01-19 10:14:47,916 | INFO | Batch 280 | Loss: 0.6430 | Correct: 103/128 | Elapsed Time: 22.78s
2026-01-19 10:15:10,667 | INFO | Batch 290 | Loss: 0.5207 | Correct: 103/128 | Elapsed Time: 22.75s
2026-01-19 10:15:33,393 | INFO | Batch 300 | Loss: 0.5897 | Correct: 99/128 | Elapsed Time: 22.73s
2026-01-19 10:15:56,146 | INFO | Batch 310 | Loss: 0.8157 | Correct: 98/128 | Elapsed Time: 22.75s
2026-01-19 10:16:18,939 | INFO | Batch 320 | Loss: 0.6256 | Correct: 100/128 | Elapsed Time: 22.79s
2026-01-19 10:16:41,687 | INFO | Batch 330 | Loss: 0.5945 | Correct: 99/128 | Elapsed Time: 22.75s
2026-01-19 10:17:04,577 | INFO | Batch 340 | Loss: 0.6459 | Correct: 99/128 | Elapsed Time: 22.89s
2026-01-19 10:17:27,371 | INFO | Batch 350 | Loss: 0.6227 | Correct: 102/128 | Elapsed Time: 22.79s
2026-01-19 10:17:50,120 | INFO | Batch 360 | Loss: 0.7223 | Correct: 99/128 | Elapsed Time: 22.75s
2026-01-19 10:18:12,891 | INFO | Batch 370 | Loss: 0.5715 | Correct: 102/128 | Elapsed Time: 22.77s
2026-01-19 10:18:35,687 | INFO | Batch 380 | Loss: 0.6588 | Correct: 97/128 | Elapsed Time: 22.80s
2026-01-19 10:18:58,472 | INFO | Batch 390 | Loss: 0.6317 | Correct: 100/128 | Elapsed Time: 22.78s
2026-01-19 10:18:59,957 | INFO | Epoch [8/100] - Loss: 0.6393 | Correct: 38921/50000 (77.84%, 889.36s)
2026-01-19 10:20:14,490 | INFO | Validation - Loss: 0.6227 | Correct: 7882/10000 (78.82%) (74.53s)
2026-01-19 10:20:14,648 | INFO | New best model saved at epoch 8 with Top1 Acc: 78.82%
2026-01-19 10:20:37,569 | INFO | Batch 10 | Loss: 0.5039 | Correct: 108/128 | Elapsed Time: 22.92s
2026-01-19 10:21:00,362 | INFO | Batch 20 | Loss: 0.6364 | Correct: 94/128 | Elapsed Time: 22.79s
2026-01-19 10:21:23,074 | INFO | Batch 30 | Loss: 0.7054 | Correct: 100/128 | Elapsed Time: 22.71s
2026-01-19 10:21:45,847 | INFO | Batch 40 | Loss: 0.4525 | Correct: 106/128 | Elapsed Time: 22.77s
2026-01-19 10:22:08,589 | INFO | Batch 50 | Loss: 0.5347 | Correct: 101/128 | Elapsed Time: 22.74s
2026-01-19 10:22:31,372 | INFO | Batch 60 | Loss: 0.4843 | Correct: 102/128 | Elapsed Time: 22.78s
2026-01-19 10:22:54,110 | INFO | Batch 70 | Loss: 0.6271 | Correct: 96/128 | Elapsed Time: 22.74s
2026-01-19 10:23:16,913 | INFO | Batch 80 | Loss: 0.7457 | Correct: 95/128 | Elapsed Time: 22.80s
2026-01-19 10:23:39,709 | INFO | Batch 90 | Loss: 0.5620 | Correct: 103/128 | Elapsed Time: 22.80s
2026-01-19 10:24:02,525 | INFO | Batch 100 | Loss: 0.6564 | Correct: 98/128 | Elapsed Time: 22.82s
2026-01-19 10:24:25,327 | INFO | Batch 110 | Loss: 0.6901 | Correct: 97/128 | Elapsed Time: 22.80s
2026-01-19 10:24:48,105 | INFO | Batch 120 | Loss: 0.5790 | Correct: 101/128 | Elapsed Time: 22.78s
2026-01-19 10:25:10,901 | INFO | Batch 130 | Loss: 0.8723 | Correct: 91/128 | Elapsed Time: 22.80s
2026-01-19 10:25:33,656 | INFO | Batch 140 | Loss: 0.6087 | Correct: 103/128 | Elapsed Time: 22.75s
2026-01-19 10:25:56,487 | INFO | Batch 150 | Loss: 0.4950 | Correct: 109/128 | Elapsed Time: 22.83s
2026-01-19 10:26:19,287 | INFO | Batch 160 | Loss: 0.4776 | Correct: 107/128 | Elapsed Time: 22.80s
2026-01-19 10:26:42,053 | INFO | Batch 170 | Loss: 0.6777 | Correct: 96/128 | Elapsed Time: 22.77s
2026-01-19 10:27:04,834 | INFO | Batch 180 | Loss: 0.7034 | Correct: 94/128 | Elapsed Time: 22.78s
2026-01-19 10:27:27,630 | INFO | Batch 190 | Loss: 0.6473 | Correct: 95/128 | Elapsed Time: 22.80s
2026-01-19 10:27:50,407 | INFO | Batch 200 | Loss: 0.6487 | Correct: 99/128 | Elapsed Time: 22.78s
2026-01-19 10:28:13,211 | INFO | Batch 210 | Loss: 0.5072 | Correct: 104/128 | Elapsed Time: 22.80s
2026-01-19 10:28:35,996 | INFO | Batch 220 | Loss: 0.6253 | Correct: 100/128 | Elapsed Time: 22.78s
2026-01-19 10:28:58,744 | INFO | Batch 230 | Loss: 0.6447 | Correct: 99/128 | Elapsed Time: 22.75s
2026-01-19 10:29:21,477 | INFO | Batch 240 | Loss: 0.4981 | Correct: 102/128 | Elapsed Time: 22.73s
2026-01-19 10:29:44,221 | INFO | Batch 250 | Loss: 0.5460 | Correct: 101/128 | Elapsed Time: 22.74s
2026-01-19 10:30:06,946 | INFO | Batch 260 | Loss: 0.5331 | Correct: 108/128 | Elapsed Time: 22.73s
2026-01-19 10:30:29,696 | INFO | Batch 270 | Loss: 0.5630 | Correct: 105/128 | Elapsed Time: 22.75s
2026-01-19 10:30:52,477 | INFO | Batch 280 | Loss: 0.5679 | Correct: 105/128 | Elapsed Time: 22.78s
2026-01-19 10:31:15,322 | INFO | Batch 290 | Loss: 0.5490 | Correct: 104/128 | Elapsed Time: 22.84s
2026-01-19 10:31:38,084 | INFO | Batch 300 | Loss: 0.4927 | Correct: 103/128 | Elapsed Time: 22.76s
2026-01-19 10:32:00,871 | INFO | Batch 310 | Loss: 0.6923 | Correct: 98/128 | Elapsed Time: 22.79s
2026-01-19 10:32:23,702 | INFO | Batch 320 | Loss: 0.4640 | Correct: 108/128 | Elapsed Time: 22.83s
2026-01-19 10:32:46,474 | INFO | Batch 330 | Loss: 0.6053 | Correct: 97/128 | Elapsed Time: 22.77s
2026-01-19 10:33:09,244 | INFO | Batch 340 | Loss: 0.7735 | Correct: 96/128 | Elapsed Time: 22.77s
2026-01-19 10:33:32,015 | INFO | Batch 350 | Loss: 0.5434 | Correct: 101/128 | Elapsed Time: 22.77s
2026-01-19 10:33:54,940 | INFO | Batch 360 | Loss: 0.7562 | Correct: 96/128 | Elapsed Time: 22.93s
2026-01-19 10:34:17,779 | INFO | Batch 370 | Loss: 0.5383 | Correct: 106/128 | Elapsed Time: 22.84s
2026-01-19 10:34:40,604 | INFO | Batch 380 | Loss: 0.5172 | Correct: 105/128 | Elapsed Time: 22.83s
2026-01-19 10:35:03,438 | INFO | Batch 390 | Loss: 0.4630 | Correct: 102/128 | Elapsed Time: 22.83s
2026-01-19 10:35:04,912 | INFO | Epoch [9/100] - Loss: 0.5976 | Correct: 39690/50000 (79.38%, 890.26s)
2026-01-19 10:36:19,604 | INFO | Validation - Loss: 0.6180 | Correct: 7909/10000 (79.09%) (74.69s)
2026-01-19 10:36:19,782 | INFO | New best model saved at epoch 9 with Top1 Acc: 79.09%
2026-01-19 10:36:42,676 | INFO | Batch 10 | Loss: 0.5849 | Correct: 105/128 | Elapsed Time: 22.89s
2026-01-19 10:37:05,493 | INFO | Batch 20 | Loss: 0.5772 | Correct: 105/128 | Elapsed Time: 22.82s
2026-01-19 10:37:28,344 | INFO | Batch 30 | Loss: 0.5394 | Correct: 99/128 | Elapsed Time: 22.85s
2026-01-19 10:37:51,153 | INFO | Batch 40 | Loss: 0.4992 | Correct: 102/128 | Elapsed Time: 22.81s
2026-01-19 10:38:13,947 | INFO | Batch 50 | Loss: 0.6769 | Correct: 99/128 | Elapsed Time: 22.79s
2026-01-19 10:38:36,729 | INFO | Batch 60 | Loss: 0.7546 | Correct: 96/128 | Elapsed Time: 22.78s
2026-01-19 10:38:59,542 | INFO | Batch 70 | Loss: 0.3869 | Correct: 108/128 | Elapsed Time: 22.81s
2026-01-19 10:39:22,301 | INFO | Batch 80 | Loss: 0.6240 | Correct: 95/128 | Elapsed Time: 22.76s
2026-01-19 10:39:45,022 | INFO | Batch 90 | Loss: 0.4907 | Correct: 104/128 | Elapsed Time: 22.72s
2026-01-19 10:40:07,863 | INFO | Batch 100 | Loss: 0.6258 | Correct: 98/128 | Elapsed Time: 22.84s
2026-01-19 10:40:30,649 | INFO | Batch 110 | Loss: 0.6190 | Correct: 100/128 | Elapsed Time: 22.79s
2026-01-19 10:40:53,408 | INFO | Batch 120 | Loss: 0.7165 | Correct: 99/128 | Elapsed Time: 22.76s
2026-01-19 10:41:16,177 | INFO | Batch 130 | Loss: 0.5641 | Correct: 103/128 | Elapsed Time: 22.77s
2026-01-19 10:41:38,843 | INFO | Batch 140 | Loss: 0.4955 | Correct: 110/128 | Elapsed Time: 22.67s
2026-01-19 10:42:01,604 | INFO | Batch 150 | Loss: 0.5759 | Correct: 101/128 | Elapsed Time: 22.76s
2026-01-19 10:42:24,329 | INFO | Batch 160 | Loss: 0.5003 | Correct: 104/128 | Elapsed Time: 22.73s
2026-01-19 10:42:47,104 | INFO | Batch 170 | Loss: 0.4575 | Correct: 105/128 | Elapsed Time: 22.78s
2026-01-19 10:43:09,842 | INFO | Batch 180 | Loss: 0.4611 | Correct: 109/128 | Elapsed Time: 22.74s
2026-01-19 10:43:32,581 | INFO | Batch 190 | Loss: 0.6527 | Correct: 99/128 | Elapsed Time: 22.74s
2026-01-19 10:43:55,358 | INFO | Batch 200 | Loss: 0.6256 | Correct: 98/128 | Elapsed Time: 22.78s
2026-01-19 10:44:18,115 | INFO | Batch 210 | Loss: 0.6238 | Correct: 103/128 | Elapsed Time: 22.76s
2026-01-19 10:44:40,846 | INFO | Batch 220 | Loss: 0.6026 | Correct: 105/128 | Elapsed Time: 22.73s
2026-01-19 10:45:03,540 | INFO | Batch 230 | Loss: 0.6347 | Correct: 99/128 | Elapsed Time: 22.69s
2026-01-19 10:45:26,304 | INFO | Batch 240 | Loss: 0.6650 | Correct: 101/128 | Elapsed Time: 22.76s
2026-01-19 10:45:49,020 | INFO | Batch 250 | Loss: 0.6266 | Correct: 103/128 | Elapsed Time: 22.72s
2026-01-19 10:46:11,785 | INFO | Batch 260 | Loss: 0.5195 | Correct: 99/128 | Elapsed Time: 22.76s
2026-01-19 10:46:34,514 | INFO | Batch 270 | Loss: 0.6142 | Correct: 101/128 | Elapsed Time: 22.73s
2026-01-19 10:46:57,263 | INFO | Batch 280 | Loss: 0.6191 | Correct: 101/128 | Elapsed Time: 22.75s
2026-01-19 10:47:20,079 | INFO | Batch 290 | Loss: 0.5350 | Correct: 107/128 | Elapsed Time: 22.82s
2026-01-19 10:47:42,799 | INFO | Batch 300 | Loss: 0.7236 | Correct: 96/128 | Elapsed Time: 22.72s
2026-01-19 10:48:05,626 | INFO | Batch 310 | Loss: 0.5504 | Correct: 106/128 | Elapsed Time: 22.83s
2026-01-19 10:48:28,350 | INFO | Batch 320 | Loss: 0.5478 | Correct: 105/128 | Elapsed Time: 22.72s
2026-01-19 10:48:51,088 | INFO | Batch 330 | Loss: 0.6061 | Correct: 98/128 | Elapsed Time: 22.74s
2026-01-19 10:49:13,845 | INFO | Batch 340 | Loss: 0.9200 | Correct: 85/128 | Elapsed Time: 22.76s
2026-01-19 10:49:36,585 | INFO | Batch 350 | Loss: 0.4704 | Correct: 108/128 | Elapsed Time: 22.74s
2026-01-19 10:49:59,352 | INFO | Batch 360 | Loss: 0.4332 | Correct: 104/128 | Elapsed Time: 22.77s
2026-01-19 10:50:22,070 | INFO | Batch 370 | Loss: 0.6596 | Correct: 103/128 | Elapsed Time: 22.72s
2026-01-19 10:50:44,888 | INFO | Batch 380 | Loss: 0.4566 | Correct: 110/128 | Elapsed Time: 22.82s
2026-01-19 10:51:07,712 | INFO | Batch 390 | Loss: 0.6058 | Correct: 101/128 | Elapsed Time: 22.82s
2026-01-19 10:51:09,214 | INFO | Epoch [10/100] - Loss: 0.5661 | Correct: 40258/50000 (80.52%, 889.43s)
2026-01-19 10:52:23,682 | INFO | Validation - Loss: 0.5684 | Correct: 8047/10000 (80.47%) (74.47s)
2026-01-19 10:52:23,840 | INFO | New best model saved at epoch 10 with Top1 Acc: 80.47%
2026-01-19 10:52:46,661 | INFO | Batch 10 | Loss: 0.5001 | Correct: 101/128 | Elapsed Time: 22.82s
2026-01-19 10:53:09,442 | INFO | Batch 20 | Loss: 0.4092 | Correct: 109/128 | Elapsed Time: 22.78s
2026-01-19 10:53:32,180 | INFO | Batch 30 | Loss: 0.5074 | Correct: 106/128 | Elapsed Time: 22.74s
2026-01-19 10:53:55,011 | INFO | Batch 40 | Loss: 0.6070 | Correct: 102/128 | Elapsed Time: 22.83s
2026-01-19 10:54:17,786 | INFO | Batch 50 | Loss: 0.5726 | Correct: 102/128 | Elapsed Time: 22.78s
2026-01-19 10:54:40,538 | INFO | Batch 60 | Loss: 0.5143 | Correct: 102/128 | Elapsed Time: 22.75s
2026-01-19 10:55:03,272 | INFO | Batch 70 | Loss: 0.4473 | Correct: 110/128 | Elapsed Time: 22.73s
2026-01-19 10:55:25,992 | INFO | Batch 80 | Loss: 0.5057 | Correct: 100/128 | Elapsed Time: 22.72s
2026-01-19 10:55:48,726 | INFO | Batch 90 | Loss: 0.6987 | Correct: 97/128 | Elapsed Time: 22.73s
2026-01-19 10:56:11,529 | INFO | Batch 100 | Loss: 0.5899 | Correct: 104/128 | Elapsed Time: 22.80s
2026-01-19 10:56:34,369 | INFO | Batch 110 | Loss: 0.6041 | Correct: 98/128 | Elapsed Time: 22.84s
2026-01-19 10:56:57,112 | INFO | Batch 120 | Loss: 0.5164 | Correct: 110/128 | Elapsed Time: 22.74s
2026-01-19 10:57:19,898 | INFO | Batch 130 | Loss: 0.5427 | Correct: 103/128 | Elapsed Time: 22.79s
2026-01-19 10:57:42,679 | INFO | Batch 140 | Loss: 0.5964 | Correct: 99/128 | Elapsed Time: 22.78s
2026-01-19 10:58:05,490 | INFO | Batch 150 | Loss: 0.6232 | Correct: 102/128 | Elapsed Time: 22.81s
2026-01-19 10:58:28,331 | INFO | Batch 160 | Loss: 0.6608 | Correct: 95/128 | Elapsed Time: 22.84s
2026-01-19 10:58:51,119 | INFO | Batch 170 | Loss: 0.4232 | Correct: 112/128 | Elapsed Time: 22.79s
2026-01-19 10:59:13,959 | INFO | Batch 180 | Loss: 0.5435 | Correct: 102/128 | Elapsed Time: 22.84s
2026-01-19 10:59:36,700 | INFO | Batch 190 | Loss: 0.5760 | Correct: 95/128 | Elapsed Time: 22.74s
2026-01-19 10:59:59,507 | INFO | Batch 200 | Loss: 0.4333 | Correct: 111/128 | Elapsed Time: 22.81s
2026-01-19 11:00:22,255 | INFO | Batch 210 | Loss: 0.4372 | Correct: 109/128 | Elapsed Time: 22.75s
2026-01-19 11:00:45,123 | INFO | Batch 220 | Loss: 0.5632 | Correct: 108/128 | Elapsed Time: 22.87s
2026-01-19 11:01:07,878 | INFO | Batch 230 | Loss: 0.4556 | Correct: 103/128 | Elapsed Time: 22.75s
2026-01-19 11:01:30,681 | INFO | Batch 240 | Loss: 0.5332 | Correct: 103/128 | Elapsed Time: 22.80s
2026-01-19 11:01:53,487 | INFO | Batch 250 | Loss: 0.5192 | Correct: 105/128 | Elapsed Time: 22.81s
2026-01-19 11:02:16,250 | INFO | Batch 260 | Loss: 0.5155 | Correct: 104/128 | Elapsed Time: 22.76s
2026-01-19 11:02:39,020 | INFO | Batch 270 | Loss: 0.5258 | Correct: 107/128 | Elapsed Time: 22.77s
2026-01-19 11:03:01,831 | INFO | Batch 280 | Loss: 0.4865 | Correct: 109/128 | Elapsed Time: 22.81s
2026-01-19 11:03:24,756 | INFO | Batch 290 | Loss: 0.5101 | Correct: 100/128 | Elapsed Time: 22.93s
2026-01-19 11:03:47,613 | INFO | Batch 300 | Loss: 0.4759 | Correct: 104/128 | Elapsed Time: 22.86s
2026-01-19 11:04:10,543 | INFO | Batch 310 | Loss: 0.5797 | Correct: 102/128 | Elapsed Time: 22.93s
2026-01-19 11:04:33,451 | INFO | Batch 320 | Loss: 0.5797 | Correct: 100/128 | Elapsed Time: 22.91s
2026-01-19 11:04:56,299 | INFO | Batch 330 | Loss: 0.4969 | Correct: 108/128 | Elapsed Time: 22.85s
2026-01-19 11:05:19,085 | INFO | Batch 340 | Loss: 0.5431 | Correct: 103/128 | Elapsed Time: 22.79s
2026-01-19 11:05:41,896 | INFO | Batch 350 | Loss: 0.5811 | Correct: 104/128 | Elapsed Time: 22.81s
2026-01-19 11:06:04,709 | INFO | Batch 360 | Loss: 0.5246 | Correct: 108/128 | Elapsed Time: 22.81s
2026-01-19 11:06:27,520 | INFO | Batch 370 | Loss: 0.3671 | Correct: 111/128 | Elapsed Time: 22.81s
2026-01-19 11:06:50,291 | INFO | Batch 380 | Loss: 0.6340 | Correct: 98/128 | Elapsed Time: 22.77s
2026-01-19 11:07:13,079 | INFO | Batch 390 | Loss: 0.5169 | Correct: 104/128 | Elapsed Time: 22.79s
2026-01-19 11:07:14,553 | INFO | Epoch [11/100] - Loss: 0.5324 | Correct: 40780/50000 (81.56%, 890.71s)
2026-01-19 11:08:29,096 | INFO | Validation - Loss: 0.5447 | Correct: 8110/10000 (81.10%) (74.54s)
2026-01-19 11:08:29,247 | INFO | New best model saved at epoch 11 with Top1 Acc: 81.10%
2026-01-19 11:08:52,075 | INFO | Batch 10 | Loss: 0.5799 | Correct: 100/128 | Elapsed Time: 22.83s
2026-01-19 11:09:14,884 | INFO | Batch 20 | Loss: 0.4716 | Correct: 108/128 | Elapsed Time: 22.81s
2026-01-19 11:09:37,615 | INFO | Batch 30 | Loss: 0.4402 | Correct: 110/128 | Elapsed Time: 22.73s
2026-01-19 11:10:00,386 | INFO | Batch 40 | Loss: 0.4192 | Correct: 107/128 | Elapsed Time: 22.77s
2026-01-19 11:10:23,163 | INFO | Batch 50 | Loss: 0.4370 | Correct: 105/128 | Elapsed Time: 22.78s
2026-01-19 11:10:46,048 | INFO | Batch 60 | Loss: 0.4518 | Correct: 107/128 | Elapsed Time: 22.89s
2026-01-19 11:11:08,833 | INFO | Batch 70 | Loss: 0.5675 | Correct: 100/128 | Elapsed Time: 22.78s
2026-01-19 11:11:31,565 | INFO | Batch 80 | Loss: 0.4668 | Correct: 106/128 | Elapsed Time: 22.73s
2026-01-19 11:11:54,291 | INFO | Batch 90 | Loss: 0.5606 | Correct: 103/128 | Elapsed Time: 22.73s
2026-01-19 11:12:17,027 | INFO | Batch 100 | Loss: 0.5016 | Correct: 105/128 | Elapsed Time: 22.74s
2026-01-19 11:12:39,733 | INFO | Batch 110 | Loss: 0.4442 | Correct: 109/128 | Elapsed Time: 22.71s
2026-01-19 11:13:02,506 | INFO | Batch 120 | Loss: 0.5369 | Correct: 109/128 | Elapsed Time: 22.77s
2026-01-19 11:13:25,404 | INFO | Batch 130 | Loss: 0.5120 | Correct: 106/128 | Elapsed Time: 22.90s
2026-01-19 11:13:48,151 | INFO | Batch 140 | Loss: 0.5309 | Correct: 103/128 | Elapsed Time: 22.75s
2026-01-19 11:14:10,910 | INFO | Batch 150 | Loss: 0.4870 | Correct: 104/128 | Elapsed Time: 22.76s
2026-01-19 11:14:33,586 | INFO | Batch 160 | Loss: 0.4854 | Correct: 109/128 | Elapsed Time: 22.68s
2026-01-19 11:14:56,319 | INFO | Batch 170 | Loss: 0.5263 | Correct: 101/128 | Elapsed Time: 22.73s
2026-01-19 11:15:19,047 | INFO | Batch 180 | Loss: 0.3973 | Correct: 109/128 | Elapsed Time: 22.73s
2026-01-19 11:15:41,757 | INFO | Batch 190 | Loss: 0.5353 | Correct: 106/128 | Elapsed Time: 22.71s
2026-01-19 11:16:04,574 | INFO | Batch 200 | Loss: 0.4920 | Correct: 108/128 | Elapsed Time: 22.82s
2026-01-19 11:16:27,340 | INFO | Batch 210 | Loss: 0.4411 | Correct: 106/128 | Elapsed Time: 22.77s
2026-01-19 11:16:50,077 | INFO | Batch 220 | Loss: 0.6728 | Correct: 101/128 | Elapsed Time: 22.74s
2026-01-19 11:17:12,835 | INFO | Batch 230 | Loss: 0.3910 | Correct: 114/128 | Elapsed Time: 22.76s
2026-01-19 11:17:35,601 | INFO | Batch 240 | Loss: 0.4525 | Correct: 112/128 | Elapsed Time: 22.77s
2026-01-19 11:17:58,322 | INFO | Batch 250 | Loss: 0.5877 | Correct: 103/128 | Elapsed Time: 22.72s
2026-01-19 11:18:21,106 | INFO | Batch 260 | Loss: 0.5865 | Correct: 98/128 | Elapsed Time: 22.78s
2026-01-19 11:18:43,925 | INFO | Batch 270 | Loss: 0.5310 | Correct: 106/128 | Elapsed Time: 22.82s
2026-01-19 11:19:06,679 | INFO | Batch 280 | Loss: 0.5298 | Correct: 107/128 | Elapsed Time: 22.75s
2026-01-19 11:19:29,472 | INFO | Batch 290 | Loss: 0.4708 | Correct: 104/128 | Elapsed Time: 22.79s
2026-01-19 11:19:52,229 | INFO | Batch 300 | Loss: 0.4031 | Correct: 106/128 | Elapsed Time: 22.76s
2026-01-19 11:20:15,027 | INFO | Batch 310 | Loss: 0.4479 | Correct: 105/128 | Elapsed Time: 22.80s
2026-01-19 11:20:37,833 | INFO | Batch 320 | Loss: 0.5026 | Correct: 105/128 | Elapsed Time: 22.81s
2026-01-19 11:21:00,672 | INFO | Batch 330 | Loss: 0.7058 | Correct: 98/128 | Elapsed Time: 22.84s
2026-01-19 11:21:23,474 | INFO | Batch 340 | Loss: 0.6432 | Correct: 101/128 | Elapsed Time: 22.80s
2026-01-19 11:21:46,228 | INFO | Batch 350 | Loss: 0.4214 | Correct: 112/128 | Elapsed Time: 22.75s
2026-01-19 11:22:08,978 | INFO | Batch 360 | Loss: 0.4725 | Correct: 104/128 | Elapsed Time: 22.75s
2026-01-19 11:22:31,722 | INFO | Batch 370 | Loss: 0.4738 | Correct: 106/128 | Elapsed Time: 22.74s
2026-01-19 11:22:54,455 | INFO | Batch 380 | Loss: 0.4916 | Correct: 107/128 | Elapsed Time: 22.73s
2026-01-19 11:23:17,237 | INFO | Batch 390 | Loss: 0.4778 | Correct: 108/128 | Elapsed Time: 22.78s
2026-01-19 11:23:18,741 | INFO | Epoch [12/100] - Loss: 0.5071 | Correct: 41305/50000 (82.61%, 889.49s)
2026-01-19 11:24:33,100 | INFO | Validation - Loss: 0.5242 | Correct: 8182/10000 (81.82%) (74.36s)
2026-01-19 11:24:33,260 | INFO | New best model saved at epoch 12 with Top1 Acc: 81.82%
2026-01-19 11:24:56,009 | INFO | Batch 10 | Loss: 0.4886 | Correct: 105/128 | Elapsed Time: 22.75s
2026-01-19 11:25:18,915 | INFO | Batch 20 | Loss: 0.4192 | Correct: 107/128 | Elapsed Time: 22.91s
2026-01-19 11:25:41,589 | INFO | Batch 30 | Loss: 0.4566 | Correct: 105/128 | Elapsed Time: 22.67s
2026-01-19 11:26:04,324 | INFO | Batch 40 | Loss: 0.5090 | Correct: 108/128 | Elapsed Time: 22.74s
2026-01-19 11:26:27,080 | INFO | Batch 50 | Loss: 0.4529 | Correct: 111/128 | Elapsed Time: 22.76s
2026-01-19 11:26:49,849 | INFO | Batch 60 | Loss: 0.5737 | Correct: 102/128 | Elapsed Time: 22.77s
2026-01-19 11:27:12,655 | INFO | Batch 70 | Loss: 0.6196 | Correct: 99/128 | Elapsed Time: 22.81s
2026-01-19 11:27:35,527 | INFO | Batch 80 | Loss: 0.4507 | Correct: 108/128 | Elapsed Time: 22.87s
2026-01-19 11:27:58,284 | INFO | Batch 90 | Loss: 0.4521 | Correct: 105/128 | Elapsed Time: 22.76s
2026-01-19 11:28:21,024 | INFO | Batch 100 | Loss: 0.5178 | Correct: 107/128 | Elapsed Time: 22.74s
2026-01-19 11:28:43,735 | INFO | Batch 110 | Loss: 0.4151 | Correct: 109/128 | Elapsed Time: 22.71s
2026-01-19 11:29:06,486 | INFO | Batch 120 | Loss: 0.4022 | Correct: 112/128 | Elapsed Time: 22.75s
2026-01-19 11:29:29,260 | INFO | Batch 130 | Loss: 0.3644 | Correct: 111/128 | Elapsed Time: 22.77s
2026-01-19 11:29:51,989 | INFO | Batch 140 | Loss: 0.5128 | Correct: 103/128 | Elapsed Time: 22.73s
2026-01-19 11:30:14,823 | INFO | Batch 150 | Loss: 0.4610 | Correct: 109/128 | Elapsed Time: 22.83s
2026-01-19 11:30:37,585 | INFO | Batch 160 | Loss: 0.6122 | Correct: 99/128 | Elapsed Time: 22.76s
2026-01-19 11:31:00,390 | INFO | Batch 170 | Loss: 0.4615 | Correct: 109/128 | Elapsed Time: 22.80s
2026-01-19 11:31:23,173 | INFO | Batch 180 | Loss: 0.4767 | Correct: 111/128 | Elapsed Time: 22.78s
2026-01-19 11:31:45,900 | INFO | Batch 190 | Loss: 0.5797 | Correct: 101/128 | Elapsed Time: 22.73s
2026-01-19 11:32:08,679 | INFO | Batch 200 | Loss: 0.6228 | Correct: 105/128 | Elapsed Time: 22.78s
2026-01-19 11:32:31,436 | INFO | Batch 210 | Loss: 0.4856 | Correct: 107/128 | Elapsed Time: 22.76s
2026-01-19 11:32:54,191 | INFO | Batch 220 | Loss: 0.5301 | Correct: 105/128 | Elapsed Time: 22.75s
2026-01-19 11:33:16,946 | INFO | Batch 230 | Loss: 0.3633 | Correct: 113/128 | Elapsed Time: 22.76s
2026-01-19 11:33:39,673 | INFO | Batch 240 | Loss: 0.5066 | Correct: 105/128 | Elapsed Time: 22.73s
2026-01-19 11:34:02,451 | INFO | Batch 250 | Loss: 0.5465 | Correct: 104/128 | Elapsed Time: 22.78s
2026-01-19 11:34:25,187 | INFO | Batch 260 | Loss: 0.5119 | Correct: 105/128 | Elapsed Time: 22.74s
2026-01-19 11:34:47,972 | INFO | Batch 270 | Loss: 0.4107 | Correct: 109/128 | Elapsed Time: 22.78s
2026-01-19 11:35:10,778 | INFO | Batch 280 | Loss: 0.4635 | Correct: 107/128 | Elapsed Time: 22.81s
2026-01-19 11:35:33,552 | INFO | Batch 290 | Loss: 0.4608 | Correct: 107/128 | Elapsed Time: 22.77s
2026-01-19 11:35:56,265 | INFO | Batch 300 | Loss: 0.3988 | Correct: 112/128 | Elapsed Time: 22.71s
2026-01-19 11:36:19,011 | INFO | Batch 310 | Loss: 0.4796 | Correct: 106/128 | Elapsed Time: 22.75s
2026-01-19 11:36:41,767 | INFO | Batch 320 | Loss: 0.4194 | Correct: 108/128 | Elapsed Time: 22.76s
2026-01-19 11:37:04,501 | INFO | Batch 330 | Loss: 0.4348 | Correct: 107/128 | Elapsed Time: 22.73s
2026-01-19 11:37:27,253 | INFO | Batch 340 | Loss: 0.5177 | Correct: 106/128 | Elapsed Time: 22.75s
2026-01-19 11:37:49,964 | INFO | Batch 350 | Loss: 0.4716 | Correct: 108/128 | Elapsed Time: 22.71s
2026-01-19 11:38:12,784 | INFO | Batch 360 | Loss: 0.4526 | Correct: 113/128 | Elapsed Time: 22.82s
2026-01-19 11:38:35,610 | INFO | Batch 370 | Loss: 0.4646 | Correct: 106/128 | Elapsed Time: 22.83s
2026-01-19 11:38:58,331 | INFO | Batch 380 | Loss: 0.6071 | Correct: 102/128 | Elapsed Time: 22.72s
2026-01-19 11:39:21,028 | INFO | Batch 390 | Loss: 0.5659 | Correct: 104/128 | Elapsed Time: 22.70s
2026-01-19 11:39:22,507 | INFO | Epoch [13/100] - Loss: 0.4875 | Correct: 41605/50000 (83.21%, 889.25s)
2026-01-19 11:40:37,064 | INFO | Validation - Loss: 0.7140 | Correct: 7599/10000 (75.99%) (74.56s)
2026-01-19 11:40:59,886 | INFO | Batch 10 | Loss: 0.5777 | Correct: 100/128 | Elapsed Time: 22.82s
2026-01-19 11:41:22,680 | INFO | Batch 20 | Loss: 0.5311 | Correct: 102/128 | Elapsed Time: 22.79s
2026-01-19 11:41:45,451 | INFO | Batch 30 | Loss: 0.6206 | Correct: 102/128 | Elapsed Time: 22.77s
2026-01-19 11:42:08,333 | INFO | Batch 40 | Loss: 0.4385 | Correct: 108/128 | Elapsed Time: 22.88s
2026-01-19 11:42:31,032 | INFO | Batch 50 | Loss: 0.3783 | Correct: 106/128 | Elapsed Time: 22.70s
2026-01-19 11:42:53,744 | INFO | Batch 60 | Loss: 0.4089 | Correct: 112/128 | Elapsed Time: 22.71s
2026-01-19 11:43:16,478 | INFO | Batch 70 | Loss: 0.4546 | Correct: 107/128 | Elapsed Time: 22.73s
2026-01-19 11:43:39,273 | INFO | Batch 80 | Loss: 0.4703 | Correct: 104/128 | Elapsed Time: 22.79s
2026-01-19 11:44:02,054 | INFO | Batch 90 | Loss: 0.4631 | Correct: 104/128 | Elapsed Time: 22.78s
2026-01-19 11:44:24,952 | INFO | Batch 100 | Loss: 0.6283 | Correct: 104/128 | Elapsed Time: 22.90s
2026-01-19 11:44:47,794 | INFO | Batch 110 | Loss: 0.4646 | Correct: 106/128 | Elapsed Time: 22.84s
2026-01-19 11:45:10,588 | INFO | Batch 120 | Loss: 0.4001 | Correct: 110/128 | Elapsed Time: 22.79s
2026-01-19 11:45:33,359 | INFO | Batch 130 | Loss: 0.5229 | Correct: 108/128 | Elapsed Time: 22.77s
2026-01-19 11:45:56,104 | INFO | Batch 140 | Loss: 0.4583 | Correct: 105/128 | Elapsed Time: 22.75s
2026-01-19 11:46:18,833 | INFO | Batch 150 | Loss: 0.4082 | Correct: 110/128 | Elapsed Time: 22.73s
2026-01-19 11:46:41,581 | INFO | Batch 160 | Loss: 0.4436 | Correct: 109/128 | Elapsed Time: 22.75s
2026-01-19 11:47:04,408 | INFO | Batch 170 | Loss: 0.3260 | Correct: 111/128 | Elapsed Time: 22.83s
2026-01-19 11:47:27,179 | INFO | Batch 180 | Loss: 0.5178 | Correct: 107/128 | Elapsed Time: 22.77s
2026-01-19 11:47:49,995 | INFO | Batch 190 | Loss: 0.5381 | Correct: 103/128 | Elapsed Time: 22.82s
2026-01-19 11:48:12,825 | INFO | Batch 200 | Loss: 0.4752 | Correct: 104/128 | Elapsed Time: 22.83s
2026-01-19 11:48:35,633 | INFO | Batch 210 | Loss: 0.4356 | Correct: 111/128 | Elapsed Time: 22.81s
2026-01-19 11:48:58,391 | INFO | Batch 220 | Loss: 0.3981 | Correct: 109/128 | Elapsed Time: 22.76s
2026-01-19 11:49:21,189 | INFO | Batch 230 | Loss: 0.4643 | Correct: 105/128 | Elapsed Time: 22.80s
2026-01-19 11:49:44,061 | INFO | Batch 240 | Loss: 0.4295 | Correct: 110/128 | Elapsed Time: 22.87s
2026-01-19 11:50:06,829 | INFO | Batch 250 | Loss: 0.3865 | Correct: 108/128 | Elapsed Time: 22.77s
2026-01-19 11:50:29,646 | INFO | Batch 260 | Loss: 0.4130 | Correct: 110/128 | Elapsed Time: 22.82s
2026-01-19 11:50:52,418 | INFO | Batch 270 | Loss: 0.5393 | Correct: 103/128 | Elapsed Time: 22.77s
2026-01-19 11:51:15,226 | INFO | Batch 280 | Loss: 0.5064 | Correct: 108/128 | Elapsed Time: 22.81s
2026-01-19 11:51:38,047 | INFO | Batch 290 | Loss: 0.3225 | Correct: 112/128 | Elapsed Time: 22.82s
2026-01-19 11:52:00,809 | INFO | Batch 300 | Loss: 0.4263 | Correct: 104/128 | Elapsed Time: 22.76s
2026-01-19 11:52:23,645 | INFO | Batch 310 | Loss: 0.4427 | Correct: 107/128 | Elapsed Time: 22.84s
2026-01-19 11:52:46,432 | INFO | Batch 320 | Loss: 0.5679 | Correct: 103/128 | Elapsed Time: 22.79s
2026-01-19 11:53:09,187 | INFO | Batch 330 | Loss: 0.4042 | Correct: 111/128 | Elapsed Time: 22.76s
2026-01-19 11:53:32,009 | INFO | Batch 340 | Loss: 0.4507 | Correct: 111/128 | Elapsed Time: 22.82s
2026-01-19 11:53:54,848 | INFO | Batch 350 | Loss: 0.3710 | Correct: 110/128 | Elapsed Time: 22.84s
2026-01-19 11:54:17,648 | INFO | Batch 360 | Loss: 0.4270 | Correct: 114/128 | Elapsed Time: 22.80s
2026-01-19 11:54:40,435 | INFO | Batch 370 | Loss: 0.5299 | Correct: 104/128 | Elapsed Time: 22.79s
2026-01-19 11:55:03,264 | INFO | Batch 380 | Loss: 0.4192 | Correct: 108/128 | Elapsed Time: 22.83s
2026-01-19 11:55:26,031 | INFO | Batch 390 | Loss: 0.4215 | Correct: 112/128 | Elapsed Time: 22.77s
2026-01-19 11:55:27,526 | INFO | Epoch [14/100] - Loss: 0.4659 | Correct: 41913/50000 (83.83%, 890.46s)
2026-01-19 11:56:42,092 | INFO | Validation - Loss: 0.5477 | Correct: 8160/10000 (81.60%) (74.56s)
2026-01-19 11:57:04,882 | INFO | Batch 10 | Loss: 0.4923 | Correct: 107/128 | Elapsed Time: 22.79s
2026-01-19 11:57:27,686 | INFO | Batch 20 | Loss: 0.3483 | Correct: 112/128 | Elapsed Time: 22.80s
2026-01-19 11:57:50,400 | INFO | Batch 30 | Loss: 0.6109 | Correct: 103/128 | Elapsed Time: 22.71s
2026-01-19 11:58:13,119 | INFO | Batch 40 | Loss: 0.4101 | Correct: 107/128 | Elapsed Time: 22.72s
2026-01-19 11:58:35,956 | INFO | Batch 50 | Loss: 0.4583 | Correct: 106/128 | Elapsed Time: 22.84s
2026-01-19 11:58:58,726 | INFO | Batch 60 | Loss: 0.4466 | Correct: 109/128 | Elapsed Time: 22.77s
2026-01-19 11:59:21,502 | INFO | Batch 70 | Loss: 0.4016 | Correct: 110/128 | Elapsed Time: 22.78s
2026-01-19 11:59:44,309 | INFO | Batch 80 | Loss: 0.4555 | Correct: 113/128 | Elapsed Time: 22.81s
2026-01-19 12:00:07,061 | INFO | Batch 90 | Loss: 0.4107 | Correct: 112/128 | Elapsed Time: 22.75s
2026-01-19 12:00:29,818 | INFO | Batch 100 | Loss: 0.4388 | Correct: 106/128 | Elapsed Time: 22.76s
2026-01-19 12:00:52,588 | INFO | Batch 110 | Loss: 0.4153 | Correct: 109/128 | Elapsed Time: 22.77s
2026-01-19 12:01:15,458 | INFO | Batch 120 | Loss: 0.3606 | Correct: 112/128 | Elapsed Time: 22.87s
2026-01-19 12:01:38,230 | INFO | Batch 130 | Loss: 0.4226 | Correct: 109/128 | Elapsed Time: 22.77s
2026-01-19 12:02:00,957 | INFO | Batch 140 | Loss: 0.5295 | Correct: 110/128 | Elapsed Time: 22.73s
2026-01-19 12:02:23,748 | INFO | Batch 150 | Loss: 0.4709 | Correct: 103/128 | Elapsed Time: 22.79s
2026-01-19 12:02:46,490 | INFO | Batch 160 | Loss: 0.6058 | Correct: 99/128 | Elapsed Time: 22.74s
2026-01-19 12:03:09,233 | INFO | Batch 170 | Loss: 0.4313 | Correct: 108/128 | Elapsed Time: 22.74s
2026-01-19 12:03:31,937 | INFO | Batch 180 | Loss: 0.2700 | Correct: 116/128 | Elapsed Time: 22.70s
2026-01-19 12:03:54,730 | INFO | Batch 190 | Loss: 0.5092 | Correct: 106/128 | Elapsed Time: 22.79s
2026-01-19 12:04:17,526 | INFO | Batch 200 | Loss: 0.5009 | Correct: 102/128 | Elapsed Time: 22.80s
2026-01-19 12:04:40,344 | INFO | Batch 210 | Loss: 0.4469 | Correct: 108/128 | Elapsed Time: 22.82s
2026-01-19 12:05:03,171 | INFO | Batch 220 | Loss: 0.4557 | Correct: 111/128 | Elapsed Time: 22.83s
2026-01-19 12:05:26,001 | INFO | Batch 230 | Loss: 0.6922 | Correct: 95/128 | Elapsed Time: 22.83s
2026-01-19 12:05:48,794 | INFO | Batch 240 | Loss: 0.4817 | Correct: 107/128 | Elapsed Time: 22.79s
2026-01-19 12:06:11,599 | INFO | Batch 250 | Loss: 0.4024 | Correct: 112/128 | Elapsed Time: 22.80s
2026-01-19 12:06:34,364 | INFO | Batch 260 | Loss: 0.3778 | Correct: 110/128 | Elapsed Time: 22.76s
2026-01-19 12:06:57,131 | INFO | Batch 270 | Loss: 0.5016 | Correct: 105/128 | Elapsed Time: 22.77s
2026-01-19 12:07:19,889 | INFO | Batch 280 | Loss: 0.4800 | Correct: 105/128 | Elapsed Time: 22.76s
2026-01-19 12:07:42,657 | INFO | Batch 290 | Loss: 0.4137 | Correct: 112/128 | Elapsed Time: 22.77s
2026-01-19 12:08:05,448 | INFO | Batch 300 | Loss: 0.4935 | Correct: 102/128 | Elapsed Time: 22.79s
2026-01-19 12:08:28,235 | INFO | Batch 310 | Loss: 0.5466 | Correct: 101/128 | Elapsed Time: 22.79s
2026-01-19 12:08:50,993 | INFO | Batch 320 | Loss: 0.5014 | Correct: 109/128 | Elapsed Time: 22.76s
2026-01-19 12:09:13,788 | INFO | Batch 330 | Loss: 0.3998 | Correct: 112/128 | Elapsed Time: 22.80s
2026-01-19 12:09:36,517 | INFO | Batch 340 | Loss: 0.6127 | Correct: 98/128 | Elapsed Time: 22.73s
2026-01-19 12:09:59,255 | INFO | Batch 350 | Loss: 0.4830 | Correct: 108/128 | Elapsed Time: 22.74s
2026-01-19 12:10:22,044 | INFO | Batch 360 | Loss: 0.3789 | Correct: 114/128 | Elapsed Time: 22.79s
2026-01-19 12:10:44,776 | INFO | Batch 370 | Loss: 0.3248 | Correct: 112/128 | Elapsed Time: 22.73s
2026-01-19 12:11:07,570 | INFO | Batch 380 | Loss: 0.4542 | Correct: 108/128 | Elapsed Time: 22.79s
2026-01-19 12:11:30,320 | INFO | Batch 390 | Loss: 0.3433 | Correct: 115/128 | Elapsed Time: 22.75s
2026-01-19 12:11:31,793 | INFO | Epoch [15/100] - Loss: 0.4452 | Correct: 42347/50000 (84.69%, 889.70s)
2026-01-19 12:12:46,201 | INFO | Validation - Loss: 0.5293 | Correct: 8216/10000 (82.16%) (74.41s)
2026-01-19 12:12:46,356 | INFO | New best model saved at epoch 15 with Top1 Acc: 82.16%
2026-01-19 12:13:09,248 | INFO | Batch 10 | Loss: 0.2254 | Correct: 121/128 | Elapsed Time: 22.89s
2026-01-19 12:13:31,943 | INFO | Batch 20 | Loss: 0.3713 | Correct: 109/128 | Elapsed Time: 22.69s
2026-01-19 12:13:54,648 | INFO | Batch 30 | Loss: 0.5413 | Correct: 102/128 | Elapsed Time: 22.70s
2026-01-19 12:14:17,334 | INFO | Batch 40 | Loss: 0.4021 | Correct: 111/128 | Elapsed Time: 22.69s
2026-01-19 12:14:40,095 | INFO | Batch 50 | Loss: 0.4435 | Correct: 109/128 | Elapsed Time: 22.76s
2026-01-19 12:15:02,825 | INFO | Batch 60 | Loss: 0.4397 | Correct: 106/128 | Elapsed Time: 22.73s
2026-01-19 12:15:25,672 | INFO | Batch 70 | Loss: 0.4358 | Correct: 108/128 | Elapsed Time: 22.85s
2026-01-19 12:15:48,394 | INFO | Batch 80 | Loss: 0.4370 | Correct: 111/128 | Elapsed Time: 22.72s
2026-01-19 12:16:11,108 | INFO | Batch 90 | Loss: 0.3693 | Correct: 113/128 | Elapsed Time: 22.71s
2026-01-19 12:16:33,845 | INFO | Batch 100 | Loss: 0.4596 | Correct: 109/128 | Elapsed Time: 22.74s
2026-01-19 12:16:56,540 | INFO | Batch 110 | Loss: 0.3097 | Correct: 116/128 | Elapsed Time: 22.70s
2026-01-19 12:17:19,253 | INFO | Batch 120 | Loss: 0.4239 | Correct: 106/128 | Elapsed Time: 22.71s
2026-01-19 12:17:41,988 | INFO | Batch 130 | Loss: 0.3257 | Correct: 110/128 | Elapsed Time: 22.73s
2026-01-19 12:18:04,757 | INFO | Batch 140 | Loss: 0.3483 | Correct: 110/128 | Elapsed Time: 22.77s
2026-01-19 12:18:27,466 | INFO | Batch 150 | Loss: 0.5879 | Correct: 105/128 | Elapsed Time: 22.71s
2026-01-19 12:18:50,183 | INFO | Batch 160 | Loss: 0.5078 | Correct: 102/128 | Elapsed Time: 22.72s
2026-01-19 12:19:12,932 | INFO | Batch 170 | Loss: 0.5237 | Correct: 105/128 | Elapsed Time: 22.75s
2026-01-19 12:19:35,699 | INFO | Batch 180 | Loss: 0.3025 | Correct: 113/128 | Elapsed Time: 22.77s
2026-01-19 12:19:58,462 | INFO | Batch 190 | Loss: 0.4573 | Correct: 109/128 | Elapsed Time: 22.76s
2026-01-19 12:20:21,136 | INFO | Batch 200 | Loss: 0.3636 | Correct: 109/128 | Elapsed Time: 22.67s
2026-01-19 12:20:43,971 | INFO | Batch 210 | Loss: 0.4638 | Correct: 107/128 | Elapsed Time: 22.83s
2026-01-19 12:21:06,737 | INFO | Batch 220 | Loss: 0.5507 | Correct: 109/128 | Elapsed Time: 22.77s
2026-01-19 12:21:29,473 | INFO | Batch 230 | Loss: 0.4327 | Correct: 105/128 | Elapsed Time: 22.74s
2026-01-19 12:21:52,218 | INFO | Batch 240 | Loss: 0.4292 | Correct: 105/128 | Elapsed Time: 22.75s
2026-01-19 12:22:15,044 | INFO | Batch 250 | Loss: 0.5532 | Correct: 105/128 | Elapsed Time: 22.83s
2026-01-19 12:22:37,864 | INFO | Batch 260 | Loss: 0.4157 | Correct: 110/128 | Elapsed Time: 22.82s
2026-01-19 12:23:00,683 | INFO | Batch 270 | Loss: 0.5805 | Correct: 106/128 | Elapsed Time: 22.82s
2026-01-19 12:23:23,479 | INFO | Batch 280 | Loss: 0.4902 | Correct: 107/128 | Elapsed Time: 22.80s
2026-01-19 12:23:46,239 | INFO | Batch 290 | Loss: 0.4256 | Correct: 109/128 | Elapsed Time: 22.76s
2026-01-19 12:24:08,996 | INFO | Batch 300 | Loss: 0.3753 | Correct: 113/128 | Elapsed Time: 22.76s
2026-01-19 12:24:31,789 | INFO | Batch 310 | Loss: 0.4564 | Correct: 112/128 | Elapsed Time: 22.79s
2026-01-19 12:24:54,549 | INFO | Batch 320 | Loss: 0.4332 | Correct: 111/128 | Elapsed Time: 22.76s
2026-01-19 12:25:17,277 | INFO | Batch 330 | Loss: 0.4781 | Correct: 106/128 | Elapsed Time: 22.73s
2026-01-19 12:25:40,076 | INFO | Batch 340 | Loss: 0.5088 | Correct: 106/128 | Elapsed Time: 22.80s
2026-01-19 12:26:02,923 | INFO | Batch 350 | Loss: 0.5365 | Correct: 106/128 | Elapsed Time: 22.85s
2026-01-19 12:26:25,677 | INFO | Batch 360 | Loss: 0.4140 | Correct: 110/128 | Elapsed Time: 22.75s
2026-01-19 12:26:48,394 | INFO | Batch 370 | Loss: 0.4848 | Correct: 107/128 | Elapsed Time: 22.72s
2026-01-19 12:27:11,108 | INFO | Batch 380 | Loss: 0.3691 | Correct: 111/128 | Elapsed Time: 22.71s
2026-01-19 12:27:33,880 | INFO | Batch 390 | Loss: 0.5014 | Correct: 108/128 | Elapsed Time: 22.77s
2026-01-19 12:27:35,361 | INFO | Epoch [16/100] - Loss: 0.4310 | Correct: 42604/50000 (85.21%, 889.00s)
2026-01-19 12:28:49,989 | INFO | Validation - Loss: 0.5286 | Correct: 8208/10000 (82.08%) (74.63s)
2026-01-19 12:29:12,800 | INFO | Batch 10 | Loss: 0.3971 | Correct: 111/128 | Elapsed Time: 22.81s
2026-01-19 12:29:35,582 | INFO | Batch 20 | Loss: 0.4472 | Correct: 108/128 | Elapsed Time: 22.78s
2026-01-19 12:29:58,453 | INFO | Batch 30 | Loss: 0.3016 | Correct: 118/128 | Elapsed Time: 22.87s
2026-01-19 12:30:21,162 | INFO | Batch 40 | Loss: 0.5881 | Correct: 99/128 | Elapsed Time: 22.71s
2026-01-19 12:30:43,924 | INFO | Batch 50 | Loss: 0.3852 | Correct: 111/128 | Elapsed Time: 22.76s
2026-01-19 12:31:06,678 | INFO | Batch 60 | Loss: 0.4906 | Correct: 104/128 | Elapsed Time: 22.75s
2026-01-19 12:31:29,451 | INFO | Batch 70 | Loss: 0.3143 | Correct: 117/128 | Elapsed Time: 22.77s
2026-01-19 12:31:52,211 | INFO | Batch 80 | Loss: 0.3705 | Correct: 108/128 | Elapsed Time: 22.76s
2026-01-19 12:32:14,950 | INFO | Batch 90 | Loss: 0.3479 | Correct: 113/128 | Elapsed Time: 22.74s
2026-01-19 12:32:37,780 | INFO | Batch 100 | Loss: 0.3282 | Correct: 110/128 | Elapsed Time: 22.83s
2026-01-19 12:33:00,574 | INFO | Batch 110 | Loss: 0.3936 | Correct: 108/128 | Elapsed Time: 22.79s
2026-01-19 12:33:23,358 | INFO | Batch 120 | Loss: 0.4403 | Correct: 109/128 | Elapsed Time: 22.78s
2026-01-19 12:33:46,081 | INFO | Batch 130 | Loss: 0.4260 | Correct: 112/128 | Elapsed Time: 22.72s
2026-01-19 12:34:08,833 | INFO | Batch 140 | Loss: 0.3730 | Correct: 108/128 | Elapsed Time: 22.75s
2026-01-19 12:34:31,576 | INFO | Batch 150 | Loss: 0.4265 | Correct: 112/128 | Elapsed Time: 22.74s
2026-01-19 12:34:54,326 | INFO | Batch 160 | Loss: 0.4176 | Correct: 107/128 | Elapsed Time: 22.75s
2026-01-19 12:35:17,133 | INFO | Batch 170 | Loss: 0.4477 | Correct: 107/128 | Elapsed Time: 22.81s
2026-01-19 12:35:39,903 | INFO | Batch 180 | Loss: 0.4556 | Correct: 112/128 | Elapsed Time: 22.77s
2026-01-19 12:36:02,665 | INFO | Batch 190 | Loss: 0.3118 | Correct: 119/128 | Elapsed Time: 22.76s
2026-01-19 12:36:25,434 | INFO | Batch 200 | Loss: 0.4439 | Correct: 104/128 | Elapsed Time: 22.77s
2026-01-19 12:36:48,221 | INFO | Batch 210 | Loss: 0.3218 | Correct: 112/128 | Elapsed Time: 22.79s
2026-01-19 12:37:10,925 | INFO | Batch 220 | Loss: 0.4036 | Correct: 110/128 | Elapsed Time: 22.70s
2026-01-19 12:37:33,621 | INFO | Batch 230 | Loss: 0.3499 | Correct: 113/128 | Elapsed Time: 22.70s
2026-01-19 12:37:56,399 | INFO | Batch 240 | Loss: 0.3587 | Correct: 110/128 | Elapsed Time: 22.78s
2026-01-19 12:38:19,136 | INFO | Batch 250 | Loss: 0.3936 | Correct: 109/128 | Elapsed Time: 22.74s
2026-01-19 12:38:41,932 | INFO | Batch 260 | Loss: 0.5668 | Correct: 103/128 | Elapsed Time: 22.80s
2026-01-19 12:39:04,687 | INFO | Batch 270 | Loss: 0.4797 | Correct: 112/128 | Elapsed Time: 22.75s
2026-01-19 12:39:27,436 | INFO | Batch 280 | Loss: 0.5090 | Correct: 100/128 | Elapsed Time: 22.75s
2026-01-19 12:39:50,168 | INFO | Batch 290 | Loss: 0.3165 | Correct: 117/128 | Elapsed Time: 22.73s
2026-01-19 12:40:12,950 | INFO | Batch 300 | Loss: 0.5504 | Correct: 108/128 | Elapsed Time: 22.78s
2026-01-19 12:40:35,712 | INFO | Batch 310 | Loss: 0.4911 | Correct: 108/128 | Elapsed Time: 22.76s
2026-01-19 12:40:58,419 | INFO | Batch 320 | Loss: 0.3318 | Correct: 113/128 | Elapsed Time: 22.71s
2026-01-19 12:41:21,109 | INFO | Batch 330 | Loss: 0.3832 | Correct: 109/128 | Elapsed Time: 22.69s
2026-01-19 12:41:43,867 | INFO | Batch 340 | Loss: 0.4966 | Correct: 109/128 | Elapsed Time: 22.76s
2026-01-19 12:42:06,609 | INFO | Batch 350 | Loss: 0.4018 | Correct: 109/128 | Elapsed Time: 22.74s
2026-01-19 12:42:29,335 | INFO | Batch 360 | Loss: 0.3754 | Correct: 110/128 | Elapsed Time: 22.73s
2026-01-19 12:42:52,009 | INFO | Batch 370 | Loss: 0.2889 | Correct: 115/128 | Elapsed Time: 22.67s
2026-01-19 12:43:14,809 | INFO | Batch 380 | Loss: 0.4729 | Correct: 104/128 | Elapsed Time: 22.80s
2026-01-19 12:43:37,537 | INFO | Batch 390 | Loss: 0.3586 | Correct: 111/128 | Elapsed Time: 22.73s
2026-01-19 12:43:39,015 | INFO | Epoch [17/100] - Loss: 0.4160 | Correct: 42834/50000 (85.67%, 889.02s)
2026-01-19 12:44:53,593 | INFO | Validation - Loss: 0.6137 | Correct: 8056/10000 (80.56%) (74.58s)
2026-01-19 12:45:16,416 | INFO | Batch 10 | Loss: 0.4685 | Correct: 108/128 | Elapsed Time: 22.82s
2026-01-19 12:45:39,194 | INFO | Batch 20 | Loss: 0.3822 | Correct: 109/128 | Elapsed Time: 22.78s
2026-01-19 12:46:01,914 | INFO | Batch 30 | Loss: 0.4688 | Correct: 108/128 | Elapsed Time: 22.72s
2026-01-19 12:46:24,665 | INFO | Batch 40 | Loss: 0.2902 | Correct: 113/128 | Elapsed Time: 22.75s
2026-01-19 12:46:47,547 | INFO | Batch 50 | Loss: 0.3917 | Correct: 114/128 | Elapsed Time: 22.88s
2026-01-19 12:47:10,363 | INFO | Batch 60 | Loss: 0.2985 | Correct: 117/128 | Elapsed Time: 22.82s
2026-01-19 12:47:33,141 | INFO | Batch 70 | Loss: 0.4755 | Correct: 108/128 | Elapsed Time: 22.78s
2026-01-19 12:47:55,865 | INFO | Batch 80 | Loss: 0.4551 | Correct: 104/128 | Elapsed Time: 22.72s
2026-01-19 12:48:18,626 | INFO | Batch 90 | Loss: 0.4189 | Correct: 112/128 | Elapsed Time: 22.76s
2026-01-19 12:48:41,403 | INFO | Batch 100 | Loss: 0.3898 | Correct: 113/128 | Elapsed Time: 22.78s
2026-01-19 12:49:04,178 | INFO | Batch 110 | Loss: 0.3874 | Correct: 112/128 | Elapsed Time: 22.77s
2026-01-19 12:49:27,046 | INFO | Batch 120 | Loss: 0.4095 | Correct: 113/128 | Elapsed Time: 22.87s
2026-01-19 12:49:49,741 | INFO | Batch 130 | Loss: 0.3934 | Correct: 112/128 | Elapsed Time: 22.70s
2026-01-19 12:50:12,465 | INFO | Batch 140 | Loss: 0.3742 | Correct: 113/128 | Elapsed Time: 22.72s
2026-01-19 12:50:35,228 | INFO | Batch 150 | Loss: 0.2631 | Correct: 118/128 | Elapsed Time: 22.76s
2026-01-19 12:50:57,993 | INFO | Batch 160 | Loss: 0.4844 | Correct: 107/128 | Elapsed Time: 22.77s
2026-01-19 12:51:20,728 | INFO | Batch 170 | Loss: 0.2911 | Correct: 113/128 | Elapsed Time: 22.74s
2026-01-19 12:51:43,492 | INFO | Batch 180 | Loss: 0.3751 | Correct: 112/128 | Elapsed Time: 22.76s
2026-01-19 12:52:06,335 | INFO | Batch 190 | Loss: 0.3652 | Correct: 112/128 | Elapsed Time: 22.84s
2026-01-19 12:52:29,102 | INFO | Batch 200 | Loss: 0.4484 | Correct: 112/128 | Elapsed Time: 22.77s
2026-01-19 12:52:51,827 | INFO | Batch 210 | Loss: 0.5289 | Correct: 108/128 | Elapsed Time: 22.72s
2026-01-19 12:53:14,519 | INFO | Batch 220 | Loss: 0.3490 | Correct: 112/128 | Elapsed Time: 22.69s
2026-01-19 12:53:37,228 | INFO | Batch 230 | Loss: 0.2240 | Correct: 120/128 | Elapsed Time: 22.71s
2026-01-19 12:54:00,023 | INFO | Batch 240 | Loss: 0.2719 | Correct: 119/128 | Elapsed Time: 22.80s
2026-01-19 12:54:22,883 | INFO | Batch 250 | Loss: 0.5096 | Correct: 104/128 | Elapsed Time: 22.86s
2026-01-19 12:54:45,728 | INFO | Batch 260 | Loss: 0.3341 | Correct: 114/128 | Elapsed Time: 22.84s
2026-01-19 12:55:08,602 | INFO | Batch 270 | Loss: 0.3337 | Correct: 114/128 | Elapsed Time: 22.87s
2026-01-19 12:55:31,437 | INFO | Batch 280 | Loss: 0.5724 | Correct: 107/128 | Elapsed Time: 22.83s
2026-01-19 12:55:54,205 | INFO | Batch 290 | Loss: 0.5735 | Correct: 100/128 | Elapsed Time: 22.77s
2026-01-19 12:56:16,996 | INFO | Batch 300 | Loss: 0.4146 | Correct: 108/128 | Elapsed Time: 22.79s
2026-01-19 12:56:39,786 | INFO | Batch 310 | Loss: 0.4036 | Correct: 110/128 | Elapsed Time: 22.79s
2026-01-19 12:57:02,510 | INFO | Batch 320 | Loss: 0.3769 | Correct: 114/128 | Elapsed Time: 22.72s
2026-01-19 12:57:25,360 | INFO | Batch 330 | Loss: 0.4515 | Correct: 111/128 | Elapsed Time: 22.85s
2026-01-19 12:57:48,168 | INFO | Batch 340 | Loss: 0.3081 | Correct: 113/128 | Elapsed Time: 22.81s
2026-01-19 12:58:10,943 | INFO | Batch 350 | Loss: 0.4260 | Correct: 112/128 | Elapsed Time: 22.77s
2026-01-19 12:58:33,652 | INFO | Batch 360 | Loss: 0.5524 | Correct: 101/128 | Elapsed Time: 22.71s
2026-01-19 12:58:56,384 | INFO | Batch 370 | Loss: 0.3306 | Correct: 112/128 | Elapsed Time: 22.73s
2026-01-19 12:59:19,164 | INFO | Batch 380 | Loss: 0.2656 | Correct: 116/128 | Elapsed Time: 22.78s
2026-01-19 12:59:41,874 | INFO | Batch 390 | Loss: 0.4056 | Correct: 110/128 | Elapsed Time: 22.71s
2026-01-19 12:59:43,359 | INFO | Epoch [18/100] - Loss: 0.4050 | Correct: 43054/50000 (86.11%, 889.76s)
2026-01-19 13:00:58,134 | INFO | Validation - Loss: 0.4936 | Correct: 8366/10000 (83.66%) (74.77s)
2026-01-19 13:00:58,315 | INFO | New best model saved at epoch 18 with Top1 Acc: 83.66%
2026-01-19 13:01:21,161 | INFO | Batch 10 | Loss: 0.3081 | Correct: 112/128 | Elapsed Time: 22.85s
2026-01-19 13:01:43,956 | INFO | Batch 20 | Loss: 0.3797 | Correct: 110/128 | Elapsed Time: 22.79s
2026-01-19 13:02:06,670 | INFO | Batch 30 | Loss: 0.6198 | Correct: 101/128 | Elapsed Time: 22.71s
2026-01-19 13:02:29,418 | INFO | Batch 40 | Loss: 0.4219 | Correct: 110/128 | Elapsed Time: 22.75s
2026-01-19 13:02:52,138 | INFO | Batch 50 | Loss: 0.3873 | Correct: 110/128 | Elapsed Time: 22.72s
2026-01-19 13:03:14,989 | INFO | Batch 60 | Loss: 0.5366 | Correct: 103/128 | Elapsed Time: 22.85s
2026-01-19 13:03:37,765 | INFO | Batch 70 | Loss: 0.3502 | Correct: 114/128 | Elapsed Time: 22.78s
2026-01-19 13:04:00,549 | INFO | Batch 80 | Loss: 0.4217 | Correct: 109/128 | Elapsed Time: 22.78s
2026-01-19 13:04:23,311 | INFO | Batch 90 | Loss: 0.3935 | Correct: 109/128 | Elapsed Time: 22.76s
2026-01-19 13:04:46,034 | INFO | Batch 100 | Loss: 0.2762 | Correct: 118/128 | Elapsed Time: 22.72s
2026-01-19 13:05:08,814 | INFO | Batch 110 | Loss: 0.4427 | Correct: 108/128 | Elapsed Time: 22.78s
2026-01-19 13:05:31,581 | INFO | Batch 120 | Loss: 0.3499 | Correct: 115/128 | Elapsed Time: 22.77s
2026-01-19 13:05:54,469 | INFO | Batch 130 | Loss: 0.3300 | Correct: 116/128 | Elapsed Time: 22.89s
2026-01-19 13:06:17,197 | INFO | Batch 140 | Loss: 0.3746 | Correct: 111/128 | Elapsed Time: 22.73s
2026-01-19 13:06:39,982 | INFO | Batch 150 | Loss: 0.5387 | Correct: 101/128 | Elapsed Time: 22.79s
2026-01-19 13:07:02,757 | INFO | Batch 160 | Loss: 0.2748 | Correct: 118/128 | Elapsed Time: 22.78s
2026-01-19 13:07:25,525 | INFO | Batch 170 | Loss: 0.4184 | Correct: 113/128 | Elapsed Time: 22.77s
2026-01-19 13:07:48,331 | INFO | Batch 180 | Loss: 0.3602 | Correct: 117/128 | Elapsed Time: 22.81s
2026-01-19 13:08:11,076 | INFO | Batch 190 | Loss: 0.4466 | Correct: 108/128 | Elapsed Time: 22.74s
2026-01-19 13:08:33,869 | INFO | Batch 200 | Loss: 0.5563 | Correct: 105/128 | Elapsed Time: 22.79s
2026-01-19 13:08:56,600 | INFO | Batch 210 | Loss: 0.4845 | Correct: 103/128 | Elapsed Time: 22.73s
2026-01-19 13:09:19,330 | INFO | Batch 220 | Loss: 0.4346 | Correct: 110/128 | Elapsed Time: 22.73s
2026-01-19 13:09:42,095 | INFO | Batch 230 | Loss: 0.3050 | Correct: 113/128 | Elapsed Time: 22.76s
2026-01-19 13:10:04,855 | INFO | Batch 240 | Loss: 0.4594 | Correct: 104/128 | Elapsed Time: 22.76s
2026-01-19 13:10:27,643 | INFO | Batch 250 | Loss: 0.3823 | Correct: 110/128 | Elapsed Time: 22.79s
2026-01-19 13:10:50,370 | INFO | Batch 260 | Loss: 0.3863 | Correct: 111/128 | Elapsed Time: 22.73s
2026-01-19 13:11:13,182 | INFO | Batch 270 | Loss: 0.3608 | Correct: 112/128 | Elapsed Time: 22.81s
2026-01-19 13:11:35,881 | INFO | Batch 280 | Loss: 0.3575 | Correct: 115/128 | Elapsed Time: 22.70s
2026-01-19 13:11:58,664 | INFO | Batch 290 | Loss: 0.4748 | Correct: 108/128 | Elapsed Time: 22.78s
2026-01-19 13:12:21,412 | INFO | Batch 300 | Loss: 0.5245 | Correct: 107/128 | Elapsed Time: 22.75s
2026-01-19 13:12:44,150 | INFO | Batch 310 | Loss: 0.4641 | Correct: 110/128 | Elapsed Time: 22.74s
2026-01-19 13:13:06,899 | INFO | Batch 320 | Loss: 0.3524 | Correct: 113/128 | Elapsed Time: 22.75s
2026-01-19 13:13:29,641 | INFO | Batch 330 | Loss: 0.3836 | Correct: 113/128 | Elapsed Time: 22.74s
2026-01-19 13:13:52,522 | INFO | Batch 340 | Loss: 0.6143 | Correct: 102/128 | Elapsed Time: 22.88s
2026-01-19 13:14:15,317 | INFO | Batch 350 | Loss: 0.3160 | Correct: 114/128 | Elapsed Time: 22.80s
2026-01-19 13:14:38,115 | INFO | Batch 360 | Loss: 0.4185 | Correct: 108/128 | Elapsed Time: 22.80s
2026-01-19 13:15:00,871 | INFO | Batch 370 | Loss: 0.3638 | Correct: 110/128 | Elapsed Time: 22.76s
2026-01-19 13:15:23,646 | INFO | Batch 380 | Loss: 0.4332 | Correct: 104/128 | Elapsed Time: 22.78s
2026-01-19 13:15:46,374 | INFO | Batch 390 | Loss: 0.4270 | Correct: 112/128 | Elapsed Time: 22.73s
2026-01-19 13:15:47,854 | INFO | Epoch [19/100] - Loss: 0.3949 | Correct: 43162/50000 (86.32%, 889.54s)
2026-01-19 13:17:02,331 | INFO | Validation - Loss: 0.5201 | Correct: 8311/10000 (83.11%) (74.48s)
2026-01-19 13:17:25,213 | INFO | Batch 10 | Loss: 0.3654 | Correct: 113/128 | Elapsed Time: 22.88s
2026-01-19 13:17:47,965 | INFO | Batch 20 | Loss: 0.3785 | Correct: 110/128 | Elapsed Time: 22.75s
2026-01-19 13:18:10,703 | INFO | Batch 30 | Loss: 0.3292 | Correct: 114/128 | Elapsed Time: 22.74s
2026-01-19 13:18:33,439 | INFO | Batch 40 | Loss: 0.3048 | Correct: 115/128 | Elapsed Time: 22.74s
2026-01-19 13:18:56,192 | INFO | Batch 50 | Loss: 0.4307 | Correct: 107/128 | Elapsed Time: 22.75s
2026-01-19 13:19:18,949 | INFO | Batch 60 | Loss: 0.3219 | Correct: 113/128 | Elapsed Time: 22.76s
2026-01-19 13:19:41,758 | INFO | Batch 70 | Loss: 0.3486 | Correct: 110/128 | Elapsed Time: 22.81s
2026-01-19 13:20:04,662 | INFO | Batch 80 | Loss: 0.3542 | Correct: 113/128 | Elapsed Time: 22.90s
2026-01-19 13:20:27,405 | INFO | Batch 90 | Loss: 0.3145 | Correct: 116/128 | Elapsed Time: 22.74s
2026-01-19 13:20:50,227 | INFO | Batch 100 | Loss: 0.2840 | Correct: 117/128 | Elapsed Time: 22.82s
2026-01-19 13:21:13,000 | INFO | Batch 110 | Loss: 0.4909 | Correct: 107/128 | Elapsed Time: 22.77s
2026-01-19 13:21:35,756 | INFO | Batch 120 | Loss: 0.2575 | Correct: 118/128 | Elapsed Time: 22.76s
2026-01-19 13:21:58,529 | INFO | Batch 130 | Loss: 0.2798 | Correct: 117/128 | Elapsed Time: 22.77s
2026-01-19 13:22:21,327 | INFO | Batch 140 | Loss: 0.3899 | Correct: 109/128 | Elapsed Time: 22.80s
2026-01-19 13:22:44,162 | INFO | Batch 150 | Loss: 0.3686 | Correct: 112/128 | Elapsed Time: 22.83s
2026-01-19 13:23:06,917 | INFO | Batch 160 | Loss: 0.3888 | Correct: 110/128 | Elapsed Time: 22.75s
2026-01-19 13:23:29,684 | INFO | Batch 170 | Loss: 0.4188 | Correct: 108/128 | Elapsed Time: 22.77s
2026-01-19 13:23:52,440 | INFO | Batch 180 | Loss: 0.3864 | Correct: 112/128 | Elapsed Time: 22.76s
2026-01-19 13:24:15,149 | INFO | Batch 190 | Loss: 0.3313 | Correct: 111/128 | Elapsed Time: 22.71s
2026-01-19 13:24:37,899 | INFO | Batch 200 | Loss: 0.3896 | Correct: 110/128 | Elapsed Time: 22.75s
2026-01-19 13:25:00,668 | INFO | Batch 210 | Loss: 0.2755 | Correct: 114/128 | Elapsed Time: 22.77s
2026-01-19 13:25:23,477 | INFO | Batch 220 | Loss: 0.4457 | Correct: 107/128 | Elapsed Time: 22.81s
2026-01-19 13:25:46,258 | INFO | Batch 230 | Loss: 0.2920 | Correct: 115/128 | Elapsed Time: 22.78s
2026-01-19 13:26:09,013 | INFO | Batch 240 | Loss: 0.5260 | Correct: 109/128 | Elapsed Time: 22.75s
2026-01-19 13:26:31,779 | INFO | Batch 250 | Loss: 0.5615 | Correct: 103/128 | Elapsed Time: 22.77s
2026-01-19 13:26:54,590 | INFO | Batch 260 | Loss: 0.4857 | Correct: 110/128 | Elapsed Time: 22.81s
2026-01-19 13:27:17,394 | INFO | Batch 270 | Loss: 0.5321 | Correct: 106/128 | Elapsed Time: 22.80s
2026-01-19 13:27:40,165 | INFO | Batch 280 | Loss: 0.3563 | Correct: 116/128 | Elapsed Time: 22.77s
2026-01-19 13:28:03,020 | INFO | Batch 290 | Loss: 0.3913 | Correct: 112/128 | Elapsed Time: 22.86s
2026-01-19 13:28:25,871 | INFO | Batch 300 | Loss: 0.3594 | Correct: 114/128 | Elapsed Time: 22.85s
2026-01-19 13:28:48,651 | INFO | Batch 310 | Loss: 0.5695 | Correct: 100/128 | Elapsed Time: 22.78s
2026-01-19 13:29:11,435 | INFO | Batch 320 | Loss: 0.3923 | Correct: 111/128 | Elapsed Time: 22.78s
2026-01-19 13:29:34,168 | INFO | Batch 330 | Loss: 0.4444 | Correct: 110/128 | Elapsed Time: 22.73s
2026-01-19 13:29:56,916 | INFO | Batch 340 | Loss: 0.4161 | Correct: 106/128 | Elapsed Time: 22.75s
2026-01-19 13:30:19,682 | INFO | Batch 350 | Loss: 0.4067 | Correct: 107/128 | Elapsed Time: 22.77s
2026-01-19 13:30:42,545 | INFO | Batch 360 | Loss: 0.4792 | Correct: 108/128 | Elapsed Time: 22.86s
2026-01-19 13:31:05,273 | INFO | Batch 370 | Loss: 0.3082 | Correct: 114/128 | Elapsed Time: 22.73s
2026-01-19 13:31:28,065 | INFO | Batch 380 | Loss: 0.3662 | Correct: 114/128 | Elapsed Time: 22.79s
2026-01-19 13:31:50,818 | INFO | Batch 390 | Loss: 0.2925 | Correct: 116/128 | Elapsed Time: 22.75s
2026-01-19 13:31:52,288 | INFO | Epoch [20/100] - Loss: 0.3888 | Correct: 43219/50000 (86.44%, 889.96s)
2026-01-19 13:33:06,979 | INFO | Validation - Loss: 0.5501 | Correct: 8188/10000 (81.88%) (74.69s)
2026-01-19 13:33:29,837 | INFO | Batch 10 | Loss: 0.3515 | Correct: 111/128 | Elapsed Time: 22.86s
2026-01-19 13:33:52,681 | INFO | Batch 20 | Loss: 0.3410 | Correct: 113/128 | Elapsed Time: 22.84s
2026-01-19 13:34:15,436 | INFO | Batch 30 | Loss: 0.2992 | Correct: 113/128 | Elapsed Time: 22.75s
2026-01-19 13:34:38,231 | INFO | Batch 40 | Loss: 0.3823 | Correct: 113/128 | Elapsed Time: 22.80s
2026-01-19 13:35:00,968 | INFO | Batch 50 | Loss: 0.3005 | Correct: 113/128 | Elapsed Time: 22.74s
2026-01-19 13:35:23,677 | INFO | Batch 60 | Loss: 0.5184 | Correct: 104/128 | Elapsed Time: 22.71s
2026-01-19 13:35:46,389 | INFO | Batch 70 | Loss: 0.3500 | Correct: 110/128 | Elapsed Time: 22.71s
2026-01-19 13:36:09,147 | INFO | Batch 80 | Loss: 0.3573 | Correct: 105/128 | Elapsed Time: 22.76s
2026-01-19 13:36:31,916 | INFO | Batch 90 | Loss: 0.4488 | Correct: 108/128 | Elapsed Time: 22.77s
2026-01-19 13:36:54,615 | INFO | Batch 100 | Loss: 0.3647 | Correct: 110/128 | Elapsed Time: 22.70s
2026-01-19 13:37:17,331 | INFO | Batch 110 | Loss: 0.3626 | Correct: 112/128 | Elapsed Time: 22.72s
2026-01-19 13:37:40,047 | INFO | Batch 120 | Loss: 0.4845 | Correct: 106/128 | Elapsed Time: 22.72s
2026-01-19 13:38:02,820 | INFO | Batch 130 | Loss: 0.4374 | Correct: 112/128 | Elapsed Time: 22.77s
2026-01-19 13:38:25,641 | INFO | Batch 140 | Loss: 0.4040 | Correct: 108/128 | Elapsed Time: 22.82s
2026-01-19 13:38:48,388 | INFO | Batch 150 | Loss: 0.3947 | Correct: 110/128 | Elapsed Time: 22.75s
2026-01-19 13:39:11,203 | INFO | Batch 160 | Loss: 0.3740 | Correct: 112/128 | Elapsed Time: 22.81s
2026-01-19 13:39:33,956 | INFO | Batch 170 | Loss: 0.4628 | Correct: 110/128 | Elapsed Time: 22.75s
2026-01-19 13:39:56,710 | INFO | Batch 180 | Loss: 0.4246 | Correct: 110/128 | Elapsed Time: 22.75s
2026-01-19 13:40:19,480 | INFO | Batch 190 | Loss: 0.3349 | Correct: 116/128 | Elapsed Time: 22.77s
2026-01-19 13:40:42,287 | INFO | Batch 200 | Loss: 0.2415 | Correct: 120/128 | Elapsed Time: 22.81s
2026-01-19 13:41:05,084 | INFO | Batch 210 | Loss: 0.4520 | Correct: 107/128 | Elapsed Time: 22.80s
2026-01-19 13:41:27,851 | INFO | Batch 220 | Loss: 0.4391 | Correct: 106/128 | Elapsed Time: 22.77s
2026-01-19 13:41:50,731 | INFO | Batch 230 | Loss: 0.2933 | Correct: 115/128 | Elapsed Time: 22.88s
2026-01-19 13:42:13,488 | INFO | Batch 240 | Loss: 0.2828 | Correct: 112/128 | Elapsed Time: 22.76s
2026-01-19 13:42:36,274 | INFO | Batch 250 | Loss: 0.4085 | Correct: 108/128 | Elapsed Time: 22.79s
2026-01-19 13:42:59,060 | INFO | Batch 260 | Loss: 0.3059 | Correct: 115/128 | Elapsed Time: 22.79s
2026-01-19 13:43:21,823 | INFO | Batch 270 | Loss: 0.3935 | Correct: 111/128 | Elapsed Time: 22.76s
2026-01-19 13:43:44,587 | INFO | Batch 280 | Loss: 0.3788 | Correct: 112/128 | Elapsed Time: 22.76s
2026-01-19 13:44:07,390 | INFO | Batch 290 | Loss: 0.5173 | Correct: 108/128 | Elapsed Time: 22.80s
2026-01-19 13:44:30,213 | INFO | Batch 300 | Loss: 0.3354 | Correct: 114/128 | Elapsed Time: 22.82s
2026-01-19 13:44:53,036 | INFO | Batch 310 | Loss: 0.3190 | Correct: 113/128 | Elapsed Time: 22.82s
2026-01-19 13:45:15,820 | INFO | Batch 320 | Loss: 0.5132 | Correct: 106/128 | Elapsed Time: 22.78s
2026-01-19 13:45:38,621 | INFO | Batch 330 | Loss: 0.4566 | Correct: 111/128 | Elapsed Time: 22.80s
2026-01-19 13:46:01,356 | INFO | Batch 340 | Loss: 0.3236 | Correct: 115/128 | Elapsed Time: 22.74s
2026-01-19 13:46:24,142 | INFO | Batch 350 | Loss: 0.4252 | Correct: 112/128 | Elapsed Time: 22.79s
2026-01-19 13:46:46,923 | INFO | Batch 360 | Loss: 0.5000 | Correct: 106/128 | Elapsed Time: 22.78s
2026-01-19 13:47:09,754 | INFO | Batch 370 | Loss: 0.3817 | Correct: 112/128 | Elapsed Time: 22.83s
2026-01-19 13:47:32,543 | INFO | Batch 380 | Loss: 0.4741 | Correct: 109/128 | Elapsed Time: 22.79s
2026-01-19 13:47:55,328 | INFO | Batch 390 | Loss: 0.2437 | Correct: 115/128 | Elapsed Time: 22.78s
2026-01-19 13:47:56,811 | INFO | Epoch [21/100] - Loss: 0.3777 | Correct: 43430/50000 (86.86%, 889.83s)
2026-01-19 13:49:11,419 | INFO | Validation - Loss: 0.4779 | Correct: 8402/10000 (84.02%) (74.61s)
2026-01-19 13:49:11,574 | INFO | New best model saved at epoch 21 with Top1 Acc: 84.02%
2026-01-19 13:49:34,401 | INFO | Batch 10 | Loss: 0.2046 | Correct: 120/128 | Elapsed Time: 22.83s
2026-01-19 13:49:57,186 | INFO | Batch 20 | Loss: 0.3323 | Correct: 113/128 | Elapsed Time: 22.78s
2026-01-19 13:50:20,003 | INFO | Batch 30 | Loss: 0.3546 | Correct: 113/128 | Elapsed Time: 22.82s
2026-01-19 13:50:42,762 | INFO | Batch 40 | Loss: 0.5086 | Correct: 103/128 | Elapsed Time: 22.76s
2026-01-19 13:51:05,616 | INFO | Batch 50 | Loss: 0.3093 | Correct: 114/128 | Elapsed Time: 22.85s
2026-01-19 13:51:28,415 | INFO | Batch 60 | Loss: 0.4346 | Correct: 113/128 | Elapsed Time: 22.80s
2026-01-19 13:51:51,169 | INFO | Batch 70 | Loss: 0.3801 | Correct: 113/128 | Elapsed Time: 22.75s
2026-01-19 13:52:13,972 | INFO | Batch 80 | Loss: 0.4246 | Correct: 111/128 | Elapsed Time: 22.80s
2026-01-19 13:52:36,729 | INFO | Batch 90 | Loss: 0.4970 | Correct: 113/128 | Elapsed Time: 22.76s
2026-01-19 13:52:59,605 | INFO | Batch 100 | Loss: 0.4062 | Correct: 109/128 | Elapsed Time: 22.88s
2026-01-19 13:53:22,341 | INFO | Batch 110 | Loss: 0.3742 | Correct: 114/128 | Elapsed Time: 22.74s
2026-01-19 13:53:45,100 | INFO | Batch 120 | Loss: 0.3021 | Correct: 115/128 | Elapsed Time: 22.76s
2026-01-19 13:54:07,900 | INFO | Batch 130 | Loss: 0.2992 | Correct: 113/128 | Elapsed Time: 22.80s
2026-01-19 13:54:30,654 | INFO | Batch 140 | Loss: 0.3191 | Correct: 111/128 | Elapsed Time: 22.75s
2026-01-19 13:54:53,393 | INFO | Batch 150 | Loss: 0.3515 | Correct: 110/128 | Elapsed Time: 22.74s
2026-01-19 13:55:16,133 | INFO | Batch 160 | Loss: 0.4259 | Correct: 112/128 | Elapsed Time: 22.74s
2026-01-19 13:55:38,940 | INFO | Batch 170 | Loss: 0.3102 | Correct: 117/128 | Elapsed Time: 22.81s
2026-01-19 13:56:01,756 | INFO | Batch 180 | Loss: 0.3826 | Correct: 112/128 | Elapsed Time: 22.82s
2026-01-19 13:56:24,520 | INFO | Batch 190 | Loss: 0.4291 | Correct: 108/128 | Elapsed Time: 22.76s
2026-01-19 13:56:47,303 | INFO | Batch 200 | Loss: 0.3157 | Correct: 114/128 | Elapsed Time: 22.78s
2026-01-19 13:57:10,089 | INFO | Batch 210 | Loss: 0.3607 | Correct: 113/128 | Elapsed Time: 22.79s
2026-01-19 13:57:32,933 | INFO | Batch 220 | Loss: 0.4170 | Correct: 109/128 | Elapsed Time: 22.84s
2026-01-19 13:57:55,726 | INFO | Batch 230 | Loss: 0.4653 | Correct: 108/128 | Elapsed Time: 22.79s
2026-01-19 13:58:18,575 | INFO | Batch 240 | Loss: 0.3826 | Correct: 114/128 | Elapsed Time: 22.85s
2026-01-19 13:58:41,367 | INFO | Batch 250 | Loss: 0.3216 | Correct: 109/128 | Elapsed Time: 22.79s
2026-01-19 13:59:04,096 | INFO | Batch 260 | Loss: 0.4903 | Correct: 112/128 | Elapsed Time: 22.73s
2026-01-19 13:59:26,832 | INFO | Batch 270 | Loss: 0.4452 | Correct: 108/128 | Elapsed Time: 22.74s
2026-01-19 13:59:49,620 | INFO | Batch 280 | Loss: 0.5198 | Correct: 110/128 | Elapsed Time: 22.79s
2026-01-19 14:00:12,382 | INFO | Batch 290 | Loss: 0.5276 | Correct: 105/128 | Elapsed Time: 22.76s
2026-01-19 14:00:35,130 | INFO | Batch 300 | Loss: 0.2218 | Correct: 121/128 | Elapsed Time: 22.75s
2026-01-19 14:00:58,007 | INFO | Batch 310 | Loss: 0.4664 | Correct: 105/128 | Elapsed Time: 22.88s
2026-01-19 14:01:20,790 | INFO | Batch 320 | Loss: 0.3737 | Correct: 110/128 | Elapsed Time: 22.78s
2026-01-19 14:01:43,576 | INFO | Batch 330 | Loss: 0.4423 | Correct: 108/128 | Elapsed Time: 22.79s
2026-01-19 14:02:06,319 | INFO | Batch 340 | Loss: 0.3307 | Correct: 115/128 | Elapsed Time: 22.74s
2026-01-19 14:02:29,061 | INFO | Batch 350 | Loss: 0.4459 | Correct: 105/128 | Elapsed Time: 22.74s
2026-01-19 14:02:51,803 | INFO | Batch 360 | Loss: 0.2870 | Correct: 118/128 | Elapsed Time: 22.74s
2026-01-19 14:03:14,594 | INFO | Batch 370 | Loss: 0.4930 | Correct: 107/128 | Elapsed Time: 22.79s
2026-01-19 14:03:37,393 | INFO | Batch 380 | Loss: 0.2431 | Correct: 118/128 | Elapsed Time: 22.80s
2026-01-19 14:04:00,135 | INFO | Batch 390 | Loss: 0.3720 | Correct: 111/128 | Elapsed Time: 22.74s
2026-01-19 14:04:01,609 | INFO | Epoch [22/100] - Loss: 0.3709 | Correct: 43628/50000 (87.26%, 890.03s)
2026-01-19 14:05:16,196 | INFO | Validation - Loss: 0.4363 | Correct: 8523/10000 (85.23%) (74.59s)
2026-01-19 14:05:16,366 | INFO | New best model saved at epoch 22 with Top1 Acc: 85.23%
2026-01-19 14:05:39,175 | INFO | Batch 10 | Loss: 0.3350 | Correct: 112/128 | Elapsed Time: 22.81s
2026-01-19 14:06:01,934 | INFO | Batch 20 | Loss: 0.3376 | Correct: 114/128 | Elapsed Time: 22.76s
2026-01-19 14:06:24,656 | INFO | Batch 30 | Loss: 0.3774 | Correct: 112/128 | Elapsed Time: 22.72s
2026-01-19 14:06:47,459 | INFO | Batch 40 | Loss: 0.2909 | Correct: 115/128 | Elapsed Time: 22.80s
2026-01-19 14:07:10,211 | INFO | Batch 50 | Loss: 0.4310 | Correct: 109/128 | Elapsed Time: 22.75s
2026-01-19 14:07:33,104 | INFO | Batch 60 | Loss: 0.3446 | Correct: 113/128 | Elapsed Time: 22.89s
2026-01-19 14:07:55,817 | INFO | Batch 70 | Loss: 0.3402 | Correct: 117/128 | Elapsed Time: 22.71s
2026-01-19 14:08:18,604 | INFO | Batch 80 | Loss: 0.3914 | Correct: 108/128 | Elapsed Time: 22.79s
2026-01-19 14:08:41,324 | INFO | Batch 90 | Loss: 0.5198 | Correct: 101/128 | Elapsed Time: 22.72s
2026-01-19 14:09:04,076 | INFO | Batch 100 | Loss: 0.3426 | Correct: 113/128 | Elapsed Time: 22.75s
2026-01-19 14:09:26,815 | INFO | Batch 110 | Loss: 0.5488 | Correct: 105/128 | Elapsed Time: 22.74s
2026-01-19 14:09:49,636 | INFO | Batch 120 | Loss: 0.3483 | Correct: 110/128 | Elapsed Time: 22.82s
2026-01-19 14:10:12,350 | INFO | Batch 130 | Loss: 0.3492 | Correct: 113/128 | Elapsed Time: 22.71s
2026-01-19 14:10:35,089 | INFO | Batch 140 | Loss: 0.5098 | Correct: 108/128 | Elapsed Time: 22.74s
2026-01-19 14:10:57,847 | INFO | Batch 150 | Loss: 0.3414 | Correct: 112/128 | Elapsed Time: 22.76s
2026-01-19 14:11:20,609 | INFO | Batch 160 | Loss: 0.4216 | Correct: 108/128 | Elapsed Time: 22.76s
2026-01-19 14:11:43,402 | INFO | Batch 170 | Loss: 0.3410 | Correct: 116/128 | Elapsed Time: 22.79s
2026-01-19 14:12:06,226 | INFO | Batch 180 | Loss: 0.3215 | Correct: 116/128 | Elapsed Time: 22.82s
2026-01-19 14:12:29,093 | INFO | Batch 190 | Loss: 0.2535 | Correct: 117/128 | Elapsed Time: 22.87s
2026-01-19 14:12:51,884 | INFO | Batch 200 | Loss: 0.3336 | Correct: 115/128 | Elapsed Time: 22.79s
2026-01-19 14:13:14,638 | INFO | Batch 210 | Loss: 0.3169 | Correct: 116/128 | Elapsed Time: 22.75s
2026-01-19 14:13:37,353 | INFO | Batch 220 | Loss: 0.3521 | Correct: 112/128 | Elapsed Time: 22.71s
2026-01-19 14:14:00,081 | INFO | Batch 230 | Loss: 0.3942 | Correct: 106/128 | Elapsed Time: 22.73s
2026-01-19 14:14:22,861 | INFO | Batch 240 | Loss: 0.3564 | Correct: 110/128 | Elapsed Time: 22.78s
2026-01-19 14:14:45,659 | INFO | Batch 250 | Loss: 0.4224 | Correct: 108/128 | Elapsed Time: 22.80s
2026-01-19 14:15:08,454 | INFO | Batch 260 | Loss: 0.5167 | Correct: 109/128 | Elapsed Time: 22.79s
2026-01-19 14:15:31,227 | INFO | Batch 270 | Loss: 0.2922 | Correct: 116/128 | Elapsed Time: 22.77s
2026-01-19 14:15:53,989 | INFO | Batch 280 | Loss: 0.3565 | Correct: 113/128 | Elapsed Time: 22.76s
2026-01-19 14:16:16,721 | INFO | Batch 290 | Loss: 0.2955 | Correct: 120/128 | Elapsed Time: 22.73s
2026-01-19 14:16:39,477 | INFO | Batch 300 | Loss: 0.4944 | Correct: 108/128 | Elapsed Time: 22.76s
2026-01-19 14:17:02,286 | INFO | Batch 310 | Loss: 0.4357 | Correct: 108/128 | Elapsed Time: 22.81s
2026-01-19 14:17:25,066 | INFO | Batch 320 | Loss: 0.3413 | Correct: 113/128 | Elapsed Time: 22.78s
2026-01-19 14:17:47,890 | INFO | Batch 330 | Loss: 0.5340 | Correct: 101/128 | Elapsed Time: 22.82s
2026-01-19 14:18:10,696 | INFO | Batch 340 | Loss: 0.3737 | Correct: 112/128 | Elapsed Time: 22.81s
2026-01-19 14:18:33,459 | INFO | Batch 350 | Loss: 0.2300 | Correct: 118/128 | Elapsed Time: 22.76s
2026-01-19 14:18:56,228 | INFO | Batch 360 | Loss: 0.3272 | Correct: 111/128 | Elapsed Time: 22.77s
2026-01-19 14:19:18,983 | INFO | Batch 370 | Loss: 0.3937 | Correct: 111/128 | Elapsed Time: 22.75s
2026-01-19 14:19:41,713 | INFO | Batch 380 | Loss: 0.4054 | Correct: 109/128 | Elapsed Time: 22.73s
2026-01-19 14:20:04,442 | INFO | Batch 390 | Loss: 0.3340 | Correct: 111/128 | Elapsed Time: 22.73s
2026-01-19 14:20:05,920 | INFO | Epoch [23/100] - Loss: 0.3578 | Correct: 43894/50000 (87.79%, 889.55s)
2026-01-19 14:21:20,562 | INFO | Validation - Loss: 0.4732 | Correct: 8427/10000 (84.27%) (74.64s)
2026-01-19 14:21:43,481 | INFO | Batch 10 | Loss: 0.3402 | Correct: 110/128 | Elapsed Time: 22.92s
2026-01-19 14:22:06,257 | INFO | Batch 20 | Loss: 0.3041 | Correct: 114/128 | Elapsed Time: 22.78s
2026-01-19 14:22:28,983 | INFO | Batch 30 | Loss: 0.3549 | Correct: 114/128 | Elapsed Time: 22.73s
2026-01-19 14:22:51,691 | INFO | Batch 40 | Loss: 0.5053 | Correct: 105/128 | Elapsed Time: 22.71s
2026-01-19 14:23:14,425 | INFO | Batch 50 | Loss: 0.3890 | Correct: 114/128 | Elapsed Time: 22.73s
2026-01-19 14:23:37,117 | INFO | Batch 60 | Loss: 0.4708 | Correct: 109/128 | Elapsed Time: 22.69s
2026-01-19 14:23:59,780 | INFO | Batch 70 | Loss: 0.3144 | Correct: 111/128 | Elapsed Time: 22.66s
2026-01-19 14:24:22,448 | INFO | Batch 80 | Loss: 0.3367 | Correct: 112/128 | Elapsed Time: 22.67s
2026-01-19 14:24:45,166 | INFO | Batch 90 | Loss: 0.4252 | Correct: 107/128 | Elapsed Time: 22.72s
2026-01-19 14:25:07,866 | INFO | Batch 100 | Loss: 0.4949 | Correct: 107/128 | Elapsed Time: 22.70s
2026-01-19 14:25:30,630 | INFO | Batch 110 | Loss: 0.3452 | Correct: 111/128 | Elapsed Time: 22.76s
2026-01-19 14:25:53,356 | INFO | Batch 120 | Loss: 0.3513 | Correct: 108/128 | Elapsed Time: 22.73s
2026-01-19 14:26:16,095 | INFO | Batch 130 | Loss: 0.3050 | Correct: 116/128 | Elapsed Time: 22.74s
2026-01-19 14:26:38,859 | INFO | Batch 140 | Loss: 0.2708 | Correct: 118/128 | Elapsed Time: 22.76s
2026-01-19 14:27:01,657 | INFO | Batch 150 | Loss: 0.2252 | Correct: 119/128 | Elapsed Time: 22.80s
2026-01-19 14:27:24,421 | INFO | Batch 160 | Loss: 0.3291 | Correct: 112/128 | Elapsed Time: 22.76s
2026-01-19 14:27:47,173 | INFO | Batch 170 | Loss: 0.3085 | Correct: 115/128 | Elapsed Time: 22.75s
2026-01-19 14:28:09,890 | INFO | Batch 180 | Loss: 0.3183 | Correct: 114/128 | Elapsed Time: 22.72s
2026-01-19 14:28:32,688 | INFO | Batch 190 | Loss: 0.2925 | Correct: 117/128 | Elapsed Time: 22.80s
2026-01-19 14:28:55,458 | INFO | Batch 200 | Loss: 0.3435 | Correct: 114/128 | Elapsed Time: 22.77s
2026-01-19 14:29:18,162 | INFO | Batch 210 | Loss: 0.3144 | Correct: 111/128 | Elapsed Time: 22.70s
2026-01-19 14:29:41,012 | INFO | Batch 220 | Loss: 0.3120 | Correct: 116/128 | Elapsed Time: 22.85s
2026-01-19 14:30:03,709 | INFO | Batch 230 | Loss: 0.4172 | Correct: 110/128 | Elapsed Time: 22.70s
2026-01-19 14:30:26,359 | INFO | Batch 240 | Loss: 0.3288 | Correct: 116/128 | Elapsed Time: 22.65s
2026-01-19 14:30:49,010 | INFO | Batch 250 | Loss: 0.2059 | Correct: 118/128 | Elapsed Time: 22.65s
2026-01-19 14:31:11,684 | INFO | Batch 260 | Loss: 0.3469 | Correct: 110/128 | Elapsed Time: 22.67s
2026-01-19 14:31:34,312 | INFO | Batch 270 | Loss: 0.3713 | Correct: 111/128 | Elapsed Time: 22.63s
2026-01-19 14:31:57,059 | INFO | Batch 280 | Loss: 0.4143 | Correct: 105/128 | Elapsed Time: 22.75s
2026-01-19 14:32:19,853 | INFO | Batch 290 | Loss: 0.3369 | Correct: 110/128 | Elapsed Time: 22.79s
2026-01-19 14:32:42,529 | INFO | Batch 300 | Loss: 0.2672 | Correct: 114/128 | Elapsed Time: 22.68s
2026-01-19 14:33:05,241 | INFO | Batch 310 | Loss: 0.4283 | Correct: 110/128 | Elapsed Time: 22.71s
2026-01-19 14:33:27,985 | INFO | Batch 320 | Loss: 0.2520 | Correct: 118/128 | Elapsed Time: 22.74s
2026-01-19 14:33:50,644 | INFO | Batch 330 | Loss: 0.2885 | Correct: 117/128 | Elapsed Time: 22.66s
2026-01-19 14:34:13,293 | INFO | Batch 340 | Loss: 0.3863 | Correct: 113/128 | Elapsed Time: 22.65s
2026-01-19 14:34:35,958 | INFO | Batch 350 | Loss: 0.4197 | Correct: 107/128 | Elapsed Time: 22.66s
2026-01-19 14:34:58,681 | INFO | Batch 360 | Loss: 0.2472 | Correct: 119/128 | Elapsed Time: 22.72s
2026-01-19 14:35:21,338 | INFO | Batch 370 | Loss: 0.3459 | Correct: 115/128 | Elapsed Time: 22.66s
2026-01-19 14:35:43,987 | INFO | Batch 380 | Loss: 0.4402 | Correct: 107/128 | Elapsed Time: 22.65s
2026-01-19 14:36:06,723 | INFO | Batch 390 | Loss: 0.3160 | Correct: 114/128 | Elapsed Time: 22.74s
2026-01-19 14:36:08,199 | INFO | Epoch [24/100] - Loss: 0.3549 | Correct: 43895/50000 (87.79%, 887.64s)
2026-01-19 14:37:22,626 | INFO | Validation - Loss: 0.4936 | Correct: 8378/10000 (83.78%) (74.43s)
2026-01-19 14:37:45,383 | INFO | Batch 10 | Loss: 0.3329 | Correct: 113/128 | Elapsed Time: 22.76s
2026-01-19 14:38:08,023 | INFO | Batch 20 | Loss: 0.2437 | Correct: 115/128 | Elapsed Time: 22.64s
2026-01-19 14:38:30,850 | INFO | Batch 30 | Loss: 0.3256 | Correct: 113/128 | Elapsed Time: 22.83s
2026-01-19 14:38:53,577 | INFO | Batch 40 | Loss: 0.3486 | Correct: 114/128 | Elapsed Time: 22.73s
2026-01-19 14:39:16,350 | INFO | Batch 50 | Loss: 0.2791 | Correct: 114/128 | Elapsed Time: 22.77s
2026-01-19 14:39:39,213 | INFO | Batch 60 | Loss: 0.2973 | Correct: 114/128 | Elapsed Time: 22.86s
2026-01-19 14:40:02,016 | INFO | Batch 70 | Loss: 0.3983 | Correct: 110/128 | Elapsed Time: 22.80s
2026-01-19 14:40:24,846 | INFO | Batch 80 | Loss: 0.3560 | Correct: 114/128 | Elapsed Time: 22.83s
2026-01-19 14:40:47,605 | INFO | Batch 90 | Loss: 0.2662 | Correct: 112/128 | Elapsed Time: 22.76s
2026-01-19 14:41:10,405 | INFO | Batch 100 | Loss: 0.3800 | Correct: 111/128 | Elapsed Time: 22.80s
2026-01-19 14:41:33,064 | INFO | Batch 110 | Loss: 0.2133 | Correct: 118/128 | Elapsed Time: 22.66s
2026-01-19 14:41:55,770 | INFO | Batch 120 | Loss: 0.4144 | Correct: 112/128 | Elapsed Time: 22.71s
2026-01-19 14:42:18,448 | INFO | Batch 130 | Loss: 0.4195 | Correct: 109/128 | Elapsed Time: 22.68s
2026-01-19 14:42:41,127 | INFO | Batch 140 | Loss: 0.4836 | Correct: 100/128 | Elapsed Time: 22.68s
2026-01-19 14:43:03,777 | INFO | Batch 150 | Loss: 0.2711 | Correct: 116/128 | Elapsed Time: 22.65s
2026-01-19 14:43:26,462 | INFO | Batch 160 | Loss: 0.3892 | Correct: 114/128 | Elapsed Time: 22.69s
2026-01-19 14:43:49,176 | INFO | Batch 170 | Loss: 0.3354 | Correct: 114/128 | Elapsed Time: 22.71s
2026-01-19 14:44:11,879 | INFO | Batch 180 | Loss: 0.3892 | Correct: 109/128 | Elapsed Time: 22.70s
2026-01-19 14:44:34,564 | INFO | Batch 190 | Loss: 0.3625 | Correct: 113/128 | Elapsed Time: 22.69s
2026-01-19 14:44:57,266 | INFO | Batch 200 | Loss: 0.4120 | Correct: 111/128 | Elapsed Time: 22.70s
2026-01-19 14:45:19,986 | INFO | Batch 210 | Loss: 0.4125 | Correct: 109/128 | Elapsed Time: 22.72s
2026-01-19 14:45:42,683 | INFO | Batch 220 | Loss: 0.3788 | Correct: 110/128 | Elapsed Time: 22.70s
2026-01-19 14:46:05,424 | INFO | Batch 230 | Loss: 0.4326 | Correct: 111/128 | Elapsed Time: 22.74s
2026-01-19 14:46:28,168 | INFO | Batch 240 | Loss: 0.5220 | Correct: 107/128 | Elapsed Time: 22.74s
2026-01-19 14:46:50,843 | INFO | Batch 250 | Loss: 0.4325 | Correct: 110/128 | Elapsed Time: 22.68s
2026-01-19 14:47:13,514 | INFO | Batch 260 | Loss: 0.3608 | Correct: 111/128 | Elapsed Time: 22.67s
2026-01-19 14:47:36,210 | INFO | Batch 270 | Loss: 0.3747 | Correct: 109/128 | Elapsed Time: 22.70s
2026-01-19 14:47:58,899 | INFO | Batch 280 | Loss: 0.2825 | Correct: 114/128 | Elapsed Time: 22.69s
2026-01-19 14:48:21,531 | INFO | Batch 290 | Loss: 0.3463 | Correct: 110/128 | Elapsed Time: 22.63s
2026-01-19 14:48:44,230 | INFO | Batch 300 | Loss: 0.3351 | Correct: 114/128 | Elapsed Time: 22.70s
2026-01-19 14:49:06,947 | INFO | Batch 310 | Loss: 0.3266 | Correct: 119/128 | Elapsed Time: 22.72s
2026-01-19 14:49:29,610 | INFO | Batch 320 | Loss: 0.2762 | Correct: 117/128 | Elapsed Time: 22.66s
2026-01-19 14:49:52,261 | INFO | Batch 330 | Loss: 0.4133 | Correct: 110/128 | Elapsed Time: 22.65s
2026-01-19 14:50:14,985 | INFO | Batch 340 | Loss: 0.4508 | Correct: 108/128 | Elapsed Time: 22.72s
2026-01-19 14:50:37,716 | INFO | Batch 350 | Loss: 0.4384 | Correct: 108/128 | Elapsed Time: 22.73s
2026-01-19 14:51:00,392 | INFO | Batch 360 | Loss: 0.2946 | Correct: 113/128 | Elapsed Time: 22.68s
2026-01-19 14:51:23,032 | INFO | Batch 370 | Loss: 0.4188 | Correct: 113/128 | Elapsed Time: 22.64s
2026-01-19 14:51:45,732 | INFO | Batch 380 | Loss: 0.2942 | Correct: 118/128 | Elapsed Time: 22.70s
2026-01-19 14:52:08,387 | INFO | Batch 390 | Loss: 0.2739 | Correct: 117/128 | Elapsed Time: 22.65s
2026-01-19 14:52:09,854 | INFO | Epoch [25/100] - Loss: 0.3466 | Correct: 44108/50000 (88.22%, 887.23s)
2026-01-19 14:53:24,078 | INFO | Validation - Loss: 0.4643 | Correct: 8474/10000 (84.74%) (74.22s)
2026-01-19 14:53:46,752 | INFO | Batch 10 | Loss: 0.3626 | Correct: 111/128 | Elapsed Time: 22.67s
2026-01-19 14:54:09,419 | INFO | Batch 20 | Loss: 0.2490 | Correct: 118/128 | Elapsed Time: 22.67s
2026-01-19 14:54:32,094 | INFO | Batch 30 | Loss: 0.2732 | Correct: 115/128 | Elapsed Time: 22.67s
2026-01-19 14:54:54,826 | INFO | Batch 40 | Loss: 0.3980 | Correct: 113/128 | Elapsed Time: 22.73s
2026-01-19 14:55:17,606 | INFO | Batch 50 | Loss: 0.2479 | Correct: 118/128 | Elapsed Time: 22.78s
2026-01-19 14:55:40,376 | INFO | Batch 60 | Loss: 0.2926 | Correct: 113/128 | Elapsed Time: 22.77s
2026-01-19 14:56:03,082 | INFO | Batch 70 | Loss: 0.3463 | Correct: 113/128 | Elapsed Time: 22.71s
2026-01-19 14:56:25,812 | INFO | Batch 80 | Loss: 0.3176 | Correct: 113/128 | Elapsed Time: 22.73s
2026-01-19 14:56:48,506 | INFO | Batch 90 | Loss: 0.4045 | Correct: 113/128 | Elapsed Time: 22.69s
2026-01-19 14:57:11,172 | INFO | Batch 100 | Loss: 0.3386 | Correct: 113/128 | Elapsed Time: 22.67s
2026-01-19 14:57:33,833 | INFO | Batch 110 | Loss: 0.4066 | Correct: 114/128 | Elapsed Time: 22.66s
2026-01-19 14:57:56,612 | INFO | Batch 120 | Loss: 0.2900 | Correct: 114/128 | Elapsed Time: 22.78s
2026-01-19 14:58:19,341 | INFO | Batch 130 | Loss: 0.3501 | Correct: 115/128 | Elapsed Time: 22.73s
2026-01-19 14:58:42,035 | INFO | Batch 140 | Loss: 0.4060 | Correct: 112/128 | Elapsed Time: 22.69s
2026-01-19 14:59:04,709 | INFO | Batch 150 | Loss: 0.3406 | Correct: 115/128 | Elapsed Time: 22.67s
2026-01-19 14:59:27,423 | INFO | Batch 160 | Loss: 0.3321 | Correct: 113/128 | Elapsed Time: 22.71s
2026-01-19 14:59:50,092 | INFO | Batch 170 | Loss: 0.3903 | Correct: 108/128 | Elapsed Time: 22.67s
2026-01-19 15:00:12,802 | INFO | Batch 180 | Loss: 0.3490 | Correct: 115/128 | Elapsed Time: 22.71s
2026-01-19 15:00:35,550 | INFO | Batch 190 | Loss: 0.2644 | Correct: 119/128 | Elapsed Time: 22.75s
2026-01-19 15:00:58,305 | INFO | Batch 200 | Loss: 0.2522 | Correct: 116/128 | Elapsed Time: 22.75s
2026-01-19 15:01:21,050 | INFO | Batch 210 | Loss: 0.2031 | Correct: 120/128 | Elapsed Time: 22.75s
2026-01-19 15:01:43,730 | INFO | Batch 220 | Loss: 0.3422 | Correct: 110/128 | Elapsed Time: 22.68s
2026-01-19 15:02:06,453 | INFO | Batch 230 | Loss: 0.3439 | Correct: 111/128 | Elapsed Time: 22.72s
2026-01-19 15:02:29,127 | INFO | Batch 240 | Loss: 0.3286 | Correct: 114/128 | Elapsed Time: 22.67s
2026-01-19 15:02:51,856 | INFO | Batch 250 | Loss: 0.3863 | Correct: 116/128 | Elapsed Time: 22.73s
2026-01-19 15:03:14,660 | INFO | Batch 260 | Loss: 0.2954 | Correct: 112/128 | Elapsed Time: 22.80s
2026-01-19 15:03:37,408 | INFO | Batch 270 | Loss: 0.2586 | Correct: 117/128 | Elapsed Time: 22.75s
2026-01-19 15:04:00,178 | INFO | Batch 280 | Loss: 0.2353 | Correct: 117/128 | Elapsed Time: 22.77s
2026-01-19 15:04:22,980 | INFO | Batch 290 | Loss: 0.3493 | Correct: 111/128 | Elapsed Time: 22.80s
2026-01-19 15:04:45,767 | INFO | Batch 300 | Loss: 0.2862 | Correct: 115/128 | Elapsed Time: 22.79s
2026-01-19 15:05:08,555 | INFO | Batch 310 | Loss: 0.3405 | Correct: 112/128 | Elapsed Time: 22.79s
2026-01-19 15:05:31,306 | INFO | Batch 320 | Loss: 0.3698 | Correct: 109/128 | Elapsed Time: 22.75s
2026-01-19 15:05:54,072 | INFO | Batch 330 | Loss: 0.3900 | Correct: 110/128 | Elapsed Time: 22.77s
2026-01-19 15:06:16,753 | INFO | Batch 340 | Loss: 0.2471 | Correct: 116/128 | Elapsed Time: 22.68s
2026-01-19 15:06:39,466 | INFO | Batch 350 | Loss: 0.3262 | Correct: 116/128 | Elapsed Time: 22.71s
2026-01-19 15:07:02,175 | INFO | Batch 360 | Loss: 0.3255 | Correct: 115/128 | Elapsed Time: 22.71s
2026-01-19 15:07:24,911 | INFO | Batch 370 | Loss: 0.4843 | Correct: 108/128 | Elapsed Time: 22.74s
2026-01-19 15:07:47,605 | INFO | Batch 380 | Loss: 0.3705 | Correct: 109/128 | Elapsed Time: 22.69s
2026-01-19 15:08:10,275 | INFO | Batch 390 | Loss: 0.3512 | Correct: 116/128 | Elapsed Time: 22.67s
2026-01-19 15:08:11,736 | INFO | Epoch [26/100] - Loss: 0.3408 | Correct: 44153/50000 (88.31%, 887.66s)
2026-01-19 15:09:26,381 | INFO | Validation - Loss: 0.4861 | Correct: 8400/10000 (84.00%) (74.64s)
2026-01-19 15:09:49,123 | INFO | Batch 10 | Loss: 0.2759 | Correct: 116/128 | Elapsed Time: 22.74s
2026-01-19 15:10:11,880 | INFO | Batch 20 | Loss: 0.2137 | Correct: 115/128 | Elapsed Time: 22.76s
2026-01-19 15:10:34,683 | INFO | Batch 30 | Loss: 0.3160 | Correct: 117/128 | Elapsed Time: 22.80s
2026-01-19 15:10:57,449 | INFO | Batch 40 | Loss: 0.2135 | Correct: 118/128 | Elapsed Time: 22.77s
2026-01-19 15:11:20,217 | INFO | Batch 50 | Loss: 0.3786 | Correct: 110/128 | Elapsed Time: 22.77s
2026-01-19 15:11:42,959 | INFO | Batch 60 | Loss: 0.4045 | Correct: 112/128 | Elapsed Time: 22.74s
2026-01-19 15:12:05,790 | INFO | Batch 70 | Loss: 0.3528 | Correct: 108/128 | Elapsed Time: 22.83s
2026-01-19 15:12:28,555 | INFO | Batch 80 | Loss: 0.2967 | Correct: 116/128 | Elapsed Time: 22.77s
2026-01-19 15:12:51,293 | INFO | Batch 90 | Loss: 0.4069 | Correct: 113/128 | Elapsed Time: 22.74s
2026-01-19 15:13:14,020 | INFO | Batch 100 | Loss: 0.4796 | Correct: 109/128 | Elapsed Time: 22.73s
2026-01-19 15:13:36,725 | INFO | Batch 110 | Loss: 0.3377 | Correct: 115/128 | Elapsed Time: 22.71s
2026-01-19 15:13:59,403 | INFO | Batch 120 | Loss: 0.4301 | Correct: 113/128 | Elapsed Time: 22.68s
2026-01-19 15:14:22,096 | INFO | Batch 130 | Loss: 0.3780 | Correct: 111/128 | Elapsed Time: 22.69s
2026-01-19 15:14:44,764 | INFO | Batch 140 | Loss: 0.2993 | Correct: 115/128 | Elapsed Time: 22.67s
2026-01-19 15:15:07,441 | INFO | Batch 150 | Loss: 0.3623 | Correct: 112/128 | Elapsed Time: 22.68s
2026-01-19 15:15:30,076 | INFO | Batch 160 | Loss: 0.2596 | Correct: 117/128 | Elapsed Time: 22.63s
2026-01-19 15:15:52,766 | INFO | Batch 170 | Loss: 0.3253 | Correct: 111/128 | Elapsed Time: 22.69s
2026-01-19 15:16:15,479 | INFO | Batch 180 | Loss: 0.2841 | Correct: 117/128 | Elapsed Time: 22.71s
2026-01-19 15:16:38,211 | INFO | Batch 190 | Loss: 0.3872 | Correct: 109/128 | Elapsed Time: 22.73s
2026-01-19 15:17:00,950 | INFO | Batch 200 | Loss: 0.3047 | Correct: 115/128 | Elapsed Time: 22.74s
2026-01-19 15:17:23,652 | INFO | Batch 210 | Loss: 0.3189 | Correct: 112/128 | Elapsed Time: 22.70s
2026-01-19 15:17:46,322 | INFO | Batch 220 | Loss: 0.3301 | Correct: 113/128 | Elapsed Time: 22.67s
2026-01-19 15:18:09,023 | INFO | Batch 230 | Loss: 0.3152 | Correct: 111/128 | Elapsed Time: 22.70s
2026-01-19 15:18:31,697 | INFO | Batch 240 | Loss: 0.2651 | Correct: 115/128 | Elapsed Time: 22.67s
2026-01-19 15:18:54,390 | INFO | Batch 250 | Loss: 0.3416 | Correct: 113/128 | Elapsed Time: 22.69s
2026-01-19 15:19:17,059 | INFO | Batch 260 | Loss: 0.4008 | Correct: 110/128 | Elapsed Time: 22.67s
2026-01-19 15:19:39,743 | INFO | Batch 270 | Loss: 0.3927 | Correct: 111/128 | Elapsed Time: 22.68s
2026-01-19 15:20:02,371 | INFO | Batch 280 | Loss: 0.4402 | Correct: 108/128 | Elapsed Time: 22.63s
2026-01-19 15:20:25,045 | INFO | Batch 290 | Loss: 0.3841 | Correct: 111/128 | Elapsed Time: 22.67s
2026-01-19 15:20:47,739 | INFO | Batch 300 | Loss: 0.3310 | Correct: 114/128 | Elapsed Time: 22.69s
2026-01-19 15:21:10,473 | INFO | Batch 310 | Loss: 0.3635 | Correct: 111/128 | Elapsed Time: 22.73s
2026-01-19 15:21:33,119 | INFO | Batch 320 | Loss: 0.2564 | Correct: 118/128 | Elapsed Time: 22.65s
2026-01-19 15:21:55,752 | INFO | Batch 330 | Loss: 0.5613 | Correct: 103/128 | Elapsed Time: 22.63s
2026-01-19 15:22:18,415 | INFO | Batch 340 | Loss: 0.3379 | Correct: 116/128 | Elapsed Time: 22.66s
2026-01-19 15:22:41,058 | INFO | Batch 350 | Loss: 0.4121 | Correct: 110/128 | Elapsed Time: 22.64s
2026-01-19 15:23:03,706 | INFO | Batch 360 | Loss: 0.4895 | Correct: 106/128 | Elapsed Time: 22.65s
2026-01-19 15:23:26,401 | INFO | Batch 370 | Loss: 0.3365 | Correct: 114/128 | Elapsed Time: 22.70s
2026-01-19 15:23:49,125 | INFO | Batch 380 | Loss: 0.3730 | Correct: 114/128 | Elapsed Time: 22.72s
2026-01-19 15:24:11,836 | INFO | Batch 390 | Loss: 0.3009 | Correct: 116/128 | Elapsed Time: 22.71s
2026-01-19 15:24:13,309 | INFO | Epoch [27/100] - Loss: 0.3368 | Correct: 44159/50000 (88.32%, 886.93s)
2026-01-19 15:25:28,024 | INFO | Validation - Loss: 0.4903 | Correct: 8368/10000 (83.68%) (74.71s)
2026-01-19 15:25:50,822 | INFO | Batch 10 | Loss: 0.4035 | Correct: 113/128 | Elapsed Time: 22.80s
2026-01-19 15:26:13,626 | INFO | Batch 20 | Loss: 0.3819 | Correct: 109/128 | Elapsed Time: 22.80s
2026-01-19 15:26:36,345 | INFO | Batch 30 | Loss: 0.4666 | Correct: 108/128 | Elapsed Time: 22.72s
2026-01-19 15:26:59,048 | INFO | Batch 40 | Loss: 0.3056 | Correct: 110/128 | Elapsed Time: 22.70s
2026-01-19 15:27:21,772 | INFO | Batch 50 | Loss: 0.3402 | Correct: 108/128 | Elapsed Time: 22.72s
2026-01-19 15:27:44,459 | INFO | Batch 60 | Loss: 0.3979 | Correct: 113/128 | Elapsed Time: 22.69s
2026-01-19 15:28:07,182 | INFO | Batch 70 | Loss: 0.4089 | Correct: 109/128 | Elapsed Time: 22.72s
2026-01-19 15:28:29,851 | INFO | Batch 80 | Loss: 0.3277 | Correct: 112/128 | Elapsed Time: 22.67s
2026-01-19 15:28:52,622 | INFO | Batch 90 | Loss: 0.3311 | Correct: 114/128 | Elapsed Time: 22.77s
2026-01-19 15:29:15,337 | INFO | Batch 100 | Loss: 0.3438 | Correct: 114/128 | Elapsed Time: 22.71s
2026-01-19 15:29:38,033 | INFO | Batch 110 | Loss: 0.3154 | Correct: 114/128 | Elapsed Time: 22.70s
2026-01-19 15:30:00,732 | INFO | Batch 120 | Loss: 0.3044 | Correct: 118/128 | Elapsed Time: 22.70s
2026-01-19 15:30:23,555 | INFO | Batch 130 | Loss: 0.2925 | Correct: 115/128 | Elapsed Time: 22.82s
2026-01-19 15:30:46,308 | INFO | Batch 140 | Loss: 0.3772 | Correct: 115/128 | Elapsed Time: 22.75s
2026-01-19 15:31:09,030 | INFO | Batch 150 | Loss: 0.3539 | Correct: 115/128 | Elapsed Time: 22.72s
2026-01-19 15:31:31,782 | INFO | Batch 160 | Loss: 0.2809 | Correct: 116/128 | Elapsed Time: 22.75s
2026-01-19 15:31:54,428 | INFO | Batch 170 | Loss: 0.3749 | Correct: 111/128 | Elapsed Time: 22.65s
2026-01-19 15:32:17,076 | INFO | Batch 180 | Loss: 0.3230 | Correct: 112/128 | Elapsed Time: 22.65s
2026-01-19 15:32:39,847 | INFO | Batch 190 | Loss: 0.4310 | Correct: 113/128 | Elapsed Time: 22.77s
2026-01-19 15:33:02,525 | INFO | Batch 200 | Loss: 0.2855 | Correct: 115/128 | Elapsed Time: 22.68s
2026-01-19 15:33:25,229 | INFO | Batch 210 | Loss: 0.2195 | Correct: 121/128 | Elapsed Time: 22.70s
2026-01-19 15:33:47,873 | INFO | Batch 220 | Loss: 0.2799 | Correct: 117/128 | Elapsed Time: 22.64s
2026-01-19 15:34:10,645 | INFO | Batch 230 | Loss: 0.3450 | Correct: 112/128 | Elapsed Time: 22.77s
2026-01-19 15:34:33,320 | INFO | Batch 240 | Loss: 0.3373 | Correct: 113/128 | Elapsed Time: 22.68s
2026-01-19 15:34:55,954 | INFO | Batch 250 | Loss: 0.3448 | Correct: 110/128 | Elapsed Time: 22.63s
2026-01-19 15:35:18,667 | INFO | Batch 260 | Loss: 0.2945 | Correct: 113/128 | Elapsed Time: 22.71s
2026-01-19 15:35:41,436 | INFO | Batch 270 | Loss: 0.3600 | Correct: 109/128 | Elapsed Time: 22.77s
2026-01-19 15:36:04,193 | INFO | Batch 280 | Loss: 0.3183 | Correct: 108/128 | Elapsed Time: 22.76s
2026-01-19 15:36:26,959 | INFO | Batch 290 | Loss: 0.3719 | Correct: 110/128 | Elapsed Time: 22.77s
2026-01-19 15:36:49,741 | INFO | Batch 300 | Loss: 0.3391 | Correct: 108/128 | Elapsed Time: 22.78s
2026-01-19 15:37:12,462 | INFO | Batch 310 | Loss: 0.3733 | Correct: 113/128 | Elapsed Time: 22.72s
2026-01-19 15:37:35,077 | INFO | Batch 320 | Loss: 0.5504 | Correct: 104/128 | Elapsed Time: 22.62s
2026-01-19 15:37:57,774 | INFO | Batch 330 | Loss: 0.3779 | Correct: 108/128 | Elapsed Time: 22.70s
2026-01-19 15:38:20,506 | INFO | Batch 340 | Loss: 0.3282 | Correct: 118/128 | Elapsed Time: 22.73s
2026-01-19 15:38:43,269 | INFO | Batch 350 | Loss: 0.3614 | Correct: 115/128 | Elapsed Time: 22.76s
2026-01-19 15:39:06,035 | INFO | Batch 360 | Loss: 0.3872 | Correct: 112/128 | Elapsed Time: 22.77s
2026-01-19 15:39:28,810 | INFO | Batch 370 | Loss: 0.3865 | Correct: 111/128 | Elapsed Time: 22.78s
2026-01-19 15:39:51,546 | INFO | Batch 380 | Loss: 0.3376 | Correct: 114/128 | Elapsed Time: 22.74s
2026-01-19 15:40:14,302 | INFO | Batch 390 | Loss: 0.2416 | Correct: 116/128 | Elapsed Time: 22.76s
2026-01-19 15:40:15,776 | INFO | Epoch [28/100] - Loss: 0.3342 | Correct: 44143/50000 (88.29%, 887.75s)
2026-01-19 15:41:30,185 | INFO | Validation - Loss: 0.4615 | Correct: 8481/10000 (84.81%) (74.41s)
2026-01-19 15:41:52,916 | INFO | Batch 10 | Loss: 0.2967 | Correct: 112/128 | Elapsed Time: 22.73s
2026-01-19 15:42:15,676 | INFO | Batch 20 | Loss: 0.2647 | Correct: 120/128 | Elapsed Time: 22.76s
2026-01-19 15:42:38,391 | INFO | Batch 30 | Loss: 0.3647 | Correct: 115/128 | Elapsed Time: 22.71s
2026-01-19 15:43:01,241 | INFO | Batch 40 | Loss: 0.3104 | Correct: 115/128 | Elapsed Time: 22.85s
2026-01-19 15:43:23,955 | INFO | Batch 50 | Loss: 0.2630 | Correct: 116/128 | Elapsed Time: 22.71s
2026-01-19 15:43:46,693 | INFO | Batch 60 | Loss: 0.2941 | Correct: 119/128 | Elapsed Time: 22.74s
2026-01-19 15:44:09,415 | INFO | Batch 70 | Loss: 0.2159 | Correct: 118/128 | Elapsed Time: 22.72s
2026-01-19 15:44:32,140 | INFO | Batch 80 | Loss: 0.3371 | Correct: 113/128 | Elapsed Time: 22.72s
2026-01-19 15:44:54,903 | INFO | Batch 90 | Loss: 0.2910 | Correct: 115/128 | Elapsed Time: 22.76s
2026-01-19 15:45:17,752 | INFO | Batch 100 | Loss: 0.3103 | Correct: 115/128 | Elapsed Time: 22.85s
2026-01-19 15:45:40,633 | INFO | Batch 110 | Loss: 0.3492 | Correct: 116/128 | Elapsed Time: 22.88s
2026-01-19 15:46:03,327 | INFO | Batch 120 | Loss: 0.3654 | Correct: 112/128 | Elapsed Time: 22.69s
2026-01-19 15:46:26,059 | INFO | Batch 130 | Loss: 0.3737 | Correct: 113/128 | Elapsed Time: 22.73s
2026-01-19 15:46:48,826 | INFO | Batch 140 | Loss: 0.5097 | Correct: 107/128 | Elapsed Time: 22.77s
2026-01-19 15:47:11,510 | INFO | Batch 150 | Loss: 0.3529 | Correct: 113/128 | Elapsed Time: 22.68s
2026-01-19 15:47:34,171 | INFO | Batch 160 | Loss: 0.4011 | Correct: 110/128 | Elapsed Time: 22.66s
2026-01-19 15:47:56,844 | INFO | Batch 170 | Loss: 0.2172 | Correct: 119/128 | Elapsed Time: 22.67s
2026-01-19 15:48:19,543 | INFO | Batch 180 | Loss: 0.2616 | Correct: 116/128 | Elapsed Time: 22.70s
2026-01-19 15:48:42,305 | INFO | Batch 190 | Loss: 0.2685 | Correct: 115/128 | Elapsed Time: 22.76s
2026-01-19 15:49:04,980 | INFO | Batch 200 | Loss: 0.3173 | Correct: 113/128 | Elapsed Time: 22.67s
2026-01-19 15:49:27,675 | INFO | Batch 210 | Loss: 0.4585 | Correct: 113/128 | Elapsed Time: 22.70s
2026-01-19 15:49:50,406 | INFO | Batch 220 | Loss: 0.3177 | Correct: 116/128 | Elapsed Time: 22.73s
2026-01-19 15:50:13,077 | INFO | Batch 230 | Loss: 0.4006 | Correct: 115/128 | Elapsed Time: 22.67s
2026-01-19 15:50:35,710 | INFO | Batch 240 | Loss: 0.4474 | Correct: 104/128 | Elapsed Time: 22.63s
2026-01-19 15:50:58,393 | INFO | Batch 250 | Loss: 0.3057 | Correct: 114/128 | Elapsed Time: 22.68s
2026-01-19 15:51:21,055 | INFO | Batch 260 | Loss: 0.3277 | Correct: 111/128 | Elapsed Time: 22.66s
2026-01-19 15:51:43,832 | INFO | Batch 270 | Loss: 0.3367 | Correct: 113/128 | Elapsed Time: 22.78s
2026-01-19 15:52:06,557 | INFO | Batch 280 | Loss: 0.3195 | Correct: 113/128 | Elapsed Time: 22.72s
2026-01-19 15:52:29,238 | INFO | Batch 290 | Loss: 0.2673 | Correct: 117/128 | Elapsed Time: 22.68s
2026-01-19 15:52:51,948 | INFO | Batch 300 | Loss: 0.3990 | Correct: 112/128 | Elapsed Time: 22.71s
2026-01-19 15:53:14,659 | INFO | Batch 310 | Loss: 0.3758 | Correct: 109/128 | Elapsed Time: 22.71s
2026-01-19 15:53:37,408 | INFO | Batch 320 | Loss: 0.2769 | Correct: 114/128 | Elapsed Time: 22.75s
2026-01-19 15:54:00,086 | INFO | Batch 330 | Loss: 0.3424 | Correct: 115/128 | Elapsed Time: 22.68s
2026-01-19 15:54:22,781 | INFO | Batch 340 | Loss: 0.3059 | Correct: 114/128 | Elapsed Time: 22.69s
2026-01-19 15:54:45,499 | INFO | Batch 350 | Loss: 0.4169 | Correct: 110/128 | Elapsed Time: 22.72s
2026-01-19 15:55:08,246 | INFO | Batch 360 | Loss: 0.3663 | Correct: 115/128 | Elapsed Time: 22.75s
2026-01-19 15:55:30,980 | INFO | Batch 370 | Loss: 0.3862 | Correct: 112/128 | Elapsed Time: 22.73s
2026-01-19 15:55:53,734 | INFO | Batch 380 | Loss: 0.3683 | Correct: 115/128 | Elapsed Time: 22.75s
2026-01-19 15:56:16,539 | INFO | Batch 390 | Loss: 0.4563 | Correct: 105/128 | Elapsed Time: 22.81s
2026-01-19 15:56:18,023 | INFO | Epoch [29/100] - Loss: 0.3340 | Correct: 44245/50000 (88.49%, 887.84s)
2026-01-19 15:57:32,487 | INFO | Validation - Loss: 0.4350 | Correct: 8567/10000 (85.67%) (74.46s)
2026-01-19 15:57:32,638 | INFO | New best model saved at epoch 29 with Top1 Acc: 85.67%
2026-01-19 15:57:55,409 | INFO | Batch 10 | Loss: 0.3915 | Correct: 106/128 | Elapsed Time: 22.77s
2026-01-19 15:58:18,170 | INFO | Batch 20 | Loss: 0.3383 | Correct: 116/128 | Elapsed Time: 22.76s
2026-01-19 15:58:40,897 | INFO | Batch 30 | Loss: 0.3184 | Correct: 115/128 | Elapsed Time: 22.73s
2026-01-19 15:59:03,570 | INFO | Batch 40 | Loss: 0.2528 | Correct: 120/128 | Elapsed Time: 22.67s
2026-01-19 15:59:26,269 | INFO | Batch 50 | Loss: 0.3526 | Correct: 117/128 | Elapsed Time: 22.70s
2026-01-19 15:59:49,032 | INFO | Batch 60 | Loss: 0.4609 | Correct: 108/128 | Elapsed Time: 22.76s
2026-01-19 16:00:11,627 | INFO | Batch 70 | Loss: 0.2324 | Correct: 116/128 | Elapsed Time: 22.60s
2026-01-19 16:00:34,291 | INFO | Batch 80 | Loss: 0.2663 | Correct: 119/128 | Elapsed Time: 22.66s
2026-01-19 16:00:56,965 | INFO | Batch 90 | Loss: 0.2057 | Correct: 117/128 | Elapsed Time: 22.67s
2026-01-19 16:01:19,642 | INFO | Batch 100 | Loss: 0.3413 | Correct: 115/128 | Elapsed Time: 22.68s
2026-01-19 16:01:42,365 | INFO | Batch 110 | Loss: 0.3349 | Correct: 116/128 | Elapsed Time: 22.72s
2026-01-19 16:02:05,084 | INFO | Batch 120 | Loss: 0.3581 | Correct: 112/128 | Elapsed Time: 22.72s
2026-01-19 16:02:27,933 | INFO | Batch 130 | Loss: 0.2967 | Correct: 115/128 | Elapsed Time: 22.85s
2026-01-19 16:02:50,663 | INFO | Batch 140 | Loss: 0.4378 | Correct: 109/128 | Elapsed Time: 22.73s
2026-01-19 16:03:13,307 | INFO | Batch 150 | Loss: 0.4934 | Correct: 109/128 | Elapsed Time: 22.64s
2026-01-19 16:03:35,981 | INFO | Batch 160 | Loss: 0.3018 | Correct: 114/128 | Elapsed Time: 22.67s
2026-01-19 16:03:58,604 | INFO | Batch 170 | Loss: 0.3212 | Correct: 113/128 | Elapsed Time: 22.62s
2026-01-19 16:04:21,273 | INFO | Batch 180 | Loss: 0.4409 | Correct: 115/128 | Elapsed Time: 22.67s
2026-01-19 16:04:44,011 | INFO | Batch 190 | Loss: 0.2468 | Correct: 114/128 | Elapsed Time: 22.74s
2026-01-19 16:05:06,832 | INFO | Batch 200 | Loss: 0.2851 | Correct: 115/128 | Elapsed Time: 22.82s
2026-01-19 16:05:29,578 | INFO | Batch 210 | Loss: 0.4156 | Correct: 111/128 | Elapsed Time: 22.75s
2026-01-19 16:05:52,305 | INFO | Batch 220 | Loss: 0.2381 | Correct: 118/128 | Elapsed Time: 22.73s
2026-01-19 16:06:15,015 | INFO | Batch 230 | Loss: 0.3254 | Correct: 114/128 | Elapsed Time: 22.71s
2026-01-19 16:06:37,791 | INFO | Batch 240 | Loss: 0.2607 | Correct: 111/128 | Elapsed Time: 22.78s
2026-01-19 16:07:00,566 | INFO | Batch 250 | Loss: 0.4584 | Correct: 111/128 | Elapsed Time: 22.78s
2026-01-19 16:07:23,255 | INFO | Batch 260 | Loss: 0.3291 | Correct: 116/128 | Elapsed Time: 22.69s
2026-01-19 16:07:45,963 | INFO | Batch 270 | Loss: 0.2941 | Correct: 119/128 | Elapsed Time: 22.71s
2026-01-19 16:08:08,683 | INFO | Batch 280 | Loss: 0.3173 | Correct: 115/128 | Elapsed Time: 22.72s
2026-01-19 16:08:31,410 | INFO | Batch 290 | Loss: 0.2966 | Correct: 117/128 | Elapsed Time: 22.73s
2026-01-19 16:08:54,108 | INFO | Batch 300 | Loss: 0.3583 | Correct: 111/128 | Elapsed Time: 22.70s
2026-01-19 16:09:16,795 | INFO | Batch 310 | Loss: 0.4965 | Correct: 110/128 | Elapsed Time: 22.69s
2026-01-19 16:09:39,434 | INFO | Batch 320 | Loss: 0.3393 | Correct: 113/128 | Elapsed Time: 22.64s
2026-01-19 16:10:02,167 | INFO | Batch 330 | Loss: 0.3587 | Correct: 111/128 | Elapsed Time: 22.73s
2026-01-19 16:10:24,960 | INFO | Batch 340 | Loss: 0.3540 | Correct: 114/128 | Elapsed Time: 22.79s
2026-01-19 16:10:47,671 | INFO | Batch 350 | Loss: 0.2527 | Correct: 119/128 | Elapsed Time: 22.71s
2026-01-19 16:11:10,361 | INFO | Batch 360 | Loss: 0.4058 | Correct: 112/128 | Elapsed Time: 22.69s
2026-01-19 16:11:33,025 | INFO | Batch 370 | Loss: 0.3557 | Correct: 114/128 | Elapsed Time: 22.66s
2026-01-19 16:11:55,746 | INFO | Batch 380 | Loss: 0.3261 | Correct: 113/128 | Elapsed Time: 22.72s
2026-01-19 16:12:18,404 | INFO | Batch 390 | Loss: 0.3032 | Correct: 116/128 | Elapsed Time: 22.66s
2026-01-19 16:12:19,864 | INFO | Epoch [30/100] - Loss: 0.3307 | Correct: 44309/50000 (88.62%, 887.23s)
2026-01-19 16:13:34,265 | INFO | Validation - Loss: 0.5596 | Correct: 8248/10000 (82.48%) (74.40s)
2026-01-19 16:13:57,100 | INFO | Batch 10 | Loss: 0.3042 | Correct: 115/128 | Elapsed Time: 22.83s
2026-01-19 16:14:19,880 | INFO | Batch 20 | Loss: 0.3716 | Correct: 109/128 | Elapsed Time: 22.78s
2026-01-19 16:14:42,618 | INFO | Batch 30 | Loss: 0.2299 | Correct: 116/128 | Elapsed Time: 22.74s
2026-01-19 16:15:05,374 | INFO | Batch 40 | Loss: 0.2801 | Correct: 116/128 | Elapsed Time: 22.76s
2026-01-19 16:15:28,118 | INFO | Batch 50 | Loss: 0.2892 | Correct: 116/128 | Elapsed Time: 22.74s
2026-01-19 16:15:50,855 | INFO | Batch 60 | Loss: 0.4158 | Correct: 113/128 | Elapsed Time: 22.74s
2026-01-19 16:16:13,536 | INFO | Batch 70 | Loss: 0.3257 | Correct: 114/128 | Elapsed Time: 22.68s
2026-01-19 16:16:36,260 | INFO | Batch 80 | Loss: 0.2746 | Correct: 114/128 | Elapsed Time: 22.72s
2026-01-19 16:16:59,041 | INFO | Batch 90 | Loss: 0.3166 | Correct: 115/128 | Elapsed Time: 22.78s
2026-01-19 16:17:21,773 | INFO | Batch 100 | Loss: 0.3269 | Correct: 111/128 | Elapsed Time: 22.73s
2026-01-19 16:17:44,487 | INFO | Batch 110 | Loss: 0.2508 | Correct: 118/128 | Elapsed Time: 22.71s
2026-01-19 16:18:07,145 | INFO | Batch 120 | Loss: 0.3984 | Correct: 113/128 | Elapsed Time: 22.66s
2026-01-19 16:18:29,820 | INFO | Batch 130 | Loss: 0.2918 | Correct: 117/128 | Elapsed Time: 22.67s
2026-01-19 16:18:52,483 | INFO | Batch 140 | Loss: 0.2810 | Correct: 115/128 | Elapsed Time: 22.66s
2026-01-19 16:19:15,164 | INFO | Batch 150 | Loss: 0.3105 | Correct: 112/128 | Elapsed Time: 22.68s
2026-01-19 16:19:37,817 | INFO | Batch 160 | Loss: 0.2938 | Correct: 111/128 | Elapsed Time: 22.65s
2026-01-19 16:20:00,458 | INFO | Batch 170 | Loss: 0.2360 | Correct: 115/128 | Elapsed Time: 22.64s
2026-01-19 16:20:23,174 | INFO | Batch 180 | Loss: 0.2882 | Correct: 113/128 | Elapsed Time: 22.72s
2026-01-19 16:20:45,975 | INFO | Batch 190 | Loss: 0.3069 | Correct: 115/128 | Elapsed Time: 22.80s
2026-01-19 16:21:08,727 | INFO | Batch 200 | Loss: 0.3857 | Correct: 112/128 | Elapsed Time: 22.75s
2026-01-19 16:21:31,415 | INFO | Batch 210 | Loss: 0.3137 | Correct: 115/128 | Elapsed Time: 22.69s
2026-01-19 16:21:54,148 | INFO | Batch 220 | Loss: 0.2765 | Correct: 115/128 | Elapsed Time: 22.73s
2026-01-19 16:22:16,829 | INFO | Batch 230 | Loss: 0.2022 | Correct: 121/128 | Elapsed Time: 22.68s
2026-01-19 16:22:39,503 | INFO | Batch 240 | Loss: 0.4067 | Correct: 112/128 | Elapsed Time: 22.67s
2026-01-19 16:23:02,176 | INFO | Batch 250 | Loss: 0.3381 | Correct: 115/128 | Elapsed Time: 22.67s
2026-01-19 16:23:24,838 | INFO | Batch 260 | Loss: 0.2993 | Correct: 115/128 | Elapsed Time: 22.66s
2026-01-19 16:23:47,516 | INFO | Batch 270 | Loss: 0.2818 | Correct: 115/128 | Elapsed Time: 22.68s
2026-01-19 16:24:10,235 | INFO | Batch 280 | Loss: 0.1841 | Correct: 119/128 | Elapsed Time: 22.72s
2026-01-19 16:24:33,018 | INFO | Batch 290 | Loss: 0.2959 | Correct: 112/128 | Elapsed Time: 22.78s
2026-01-19 16:24:55,710 | INFO | Batch 300 | Loss: 0.3477 | Correct: 114/128 | Elapsed Time: 22.69s
2026-01-19 16:25:18,403 | INFO | Batch 310 | Loss: 0.2434 | Correct: 116/128 | Elapsed Time: 22.69s
2026-01-19 16:25:41,102 | INFO | Batch 320 | Loss: 0.4164 | Correct: 109/128 | Elapsed Time: 22.70s
2026-01-19 16:26:03,751 | INFO | Batch 330 | Loss: 0.4088 | Correct: 112/128 | Elapsed Time: 22.65s
2026-01-19 16:26:26,408 | INFO | Batch 340 | Loss: 0.2470 | Correct: 116/128 | Elapsed Time: 22.66s
2026-01-19 16:26:49,068 | INFO | Batch 350 | Loss: 0.2871 | Correct: 114/128 | Elapsed Time: 22.66s
2026-01-19 16:27:11,846 | INFO | Batch 360 | Loss: 0.3152 | Correct: 115/128 | Elapsed Time: 22.78s
2026-01-19 16:27:34,571 | INFO | Batch 370 | Loss: 0.2659 | Correct: 113/128 | Elapsed Time: 22.73s
2026-01-19 16:27:57,305 | INFO | Batch 380 | Loss: 0.3084 | Correct: 114/128 | Elapsed Time: 22.73s
2026-01-19 16:28:20,088 | INFO | Batch 390 | Loss: 0.2858 | Correct: 112/128 | Elapsed Time: 22.78s
2026-01-19 16:28:21,569 | INFO | Epoch [31/100] - Loss: 0.3216 | Correct: 44469/50000 (88.94%, 887.30s)
2026-01-19 16:29:36,019 | INFO | Validation - Loss: 0.4457 | Correct: 8520/10000 (85.20%) (74.45s)
2026-01-19 16:29:58,738 | INFO | Batch 10 | Loss: 0.3173 | Correct: 116/128 | Elapsed Time: 22.72s
2026-01-19 16:30:21,456 | INFO | Batch 20 | Loss: 0.3711 | Correct: 111/128 | Elapsed Time: 22.72s
2026-01-19 16:30:44,247 | INFO | Batch 30 | Loss: 0.2412 | Correct: 120/128 | Elapsed Time: 22.79s
2026-01-19 16:31:06,956 | INFO | Batch 40 | Loss: 0.3209 | Correct: 115/128 | Elapsed Time: 22.71s
2026-01-19 16:31:29,659 | INFO | Batch 50 | Loss: 0.2794 | Correct: 111/128 | Elapsed Time: 22.70s
2026-01-19 16:31:52,364 | INFO | Batch 60 | Loss: 0.2965 | Correct: 111/128 | Elapsed Time: 22.70s
2026-01-19 16:32:15,041 | INFO | Batch 70 | Loss: 0.2566 | Correct: 116/128 | Elapsed Time: 22.68s
2026-01-19 16:32:37,697 | INFO | Batch 80 | Loss: 0.4127 | Correct: 110/128 | Elapsed Time: 22.66s
2026-01-19 16:33:00,351 | INFO | Batch 90 | Loss: 0.4837 | Correct: 106/128 | Elapsed Time: 22.65s
2026-01-19 16:33:23,186 | INFO | Batch 100 | Loss: 0.3328 | Correct: 111/128 | Elapsed Time: 22.83s
2026-01-19 16:33:45,998 | INFO | Batch 110 | Loss: 0.3353 | Correct: 112/128 | Elapsed Time: 22.81s
2026-01-19 16:34:08,722 | INFO | Batch 120 | Loss: 0.4979 | Correct: 114/128 | Elapsed Time: 22.72s
2026-01-19 16:34:31,439 | INFO | Batch 130 | Loss: 0.3202 | Correct: 113/128 | Elapsed Time: 22.72s
2026-01-19 16:34:54,162 | INFO | Batch 140 | Loss: 0.2478 | Correct: 115/128 | Elapsed Time: 22.72s
2026-01-19 16:35:16,847 | INFO | Batch 150 | Loss: 0.3640 | Correct: 112/128 | Elapsed Time: 22.68s
2026-01-19 16:35:39,515 | INFO | Batch 160 | Loss: 0.4163 | Correct: 107/128 | Elapsed Time: 22.67s
2026-01-19 16:36:02,230 | INFO | Batch 170 | Loss: 0.2434 | Correct: 117/128 | Elapsed Time: 22.71s
2026-01-19 16:36:24,888 | INFO | Batch 180 | Loss: 0.3284 | Correct: 112/128 | Elapsed Time: 22.66s
2026-01-19 16:36:47,669 | INFO | Batch 190 | Loss: 0.5301 | Correct: 107/128 | Elapsed Time: 22.78s
2026-01-19 16:37:10,429 | INFO | Batch 200 | Loss: 0.4927 | Correct: 110/128 | Elapsed Time: 22.76s
2026-01-19 16:37:33,160 | INFO | Batch 210 | Loss: 0.3468 | Correct: 111/128 | Elapsed Time: 22.73s
2026-01-19 16:37:55,908 | INFO | Batch 220 | Loss: 0.2578 | Correct: 117/128 | Elapsed Time: 22.75s
2026-01-19 16:38:18,623 | INFO | Batch 230 | Loss: 0.2018 | Correct: 119/128 | Elapsed Time: 22.71s
2026-01-19 16:38:41,400 | INFO | Batch 240 | Loss: 0.2906 | Correct: 118/128 | Elapsed Time: 22.78s
2026-01-19 16:39:04,112 | INFO | Batch 250 | Loss: 0.2065 | Correct: 117/128 | Elapsed Time: 22.71s
2026-01-19 16:39:26,829 | INFO | Batch 260 | Loss: 0.1918 | Correct: 118/128 | Elapsed Time: 22.72s
2026-01-19 16:39:49,562 | INFO | Batch 270 | Loss: 0.4127 | Correct: 111/128 | Elapsed Time: 22.73s
2026-01-19 16:40:12,313 | INFO | Batch 280 | Loss: 0.2773 | Correct: 116/128 | Elapsed Time: 22.75s
2026-01-19 16:40:35,086 | INFO | Batch 290 | Loss: 0.2902 | Correct: 115/128 | Elapsed Time: 22.77s
2026-01-19 16:40:57,901 | INFO | Batch 300 | Loss: 0.3001 | Correct: 113/128 | Elapsed Time: 22.82s
2026-01-19 16:41:20,773 | INFO | Batch 310 | Loss: 0.2982 | Correct: 115/128 | Elapsed Time: 22.87s
2026-01-19 16:41:43,474 | INFO | Batch 320 | Loss: 0.3863 | Correct: 111/128 | Elapsed Time: 22.70s
2026-01-19 16:42:06,164 | INFO | Batch 330 | Loss: 0.4175 | Correct: 111/128 | Elapsed Time: 22.69s
2026-01-19 16:42:28,948 | INFO | Batch 340 | Loss: 0.3279 | Correct: 117/128 | Elapsed Time: 22.78s
2026-01-19 16:42:51,670 | INFO | Batch 350 | Loss: 0.3744 | Correct: 108/128 | Elapsed Time: 22.72s
2026-01-19 16:43:14,339 | INFO | Batch 360 | Loss: 0.2679 | Correct: 118/128 | Elapsed Time: 22.67s
2026-01-19 16:43:37,116 | INFO | Batch 370 | Loss: 0.2403 | Correct: 119/128 | Elapsed Time: 22.78s
2026-01-19 16:43:59,910 | INFO | Batch 380 | Loss: 0.1843 | Correct: 121/128 | Elapsed Time: 22.79s
2026-01-19 16:44:22,692 | INFO | Batch 390 | Loss: 0.2344 | Correct: 118/128 | Elapsed Time: 22.78s
2026-01-19 16:44:24,173 | INFO | Epoch [32/100] - Loss: 0.3234 | Correct: 44439/50000 (88.88%, 888.15s)
2026-01-19 16:45:38,706 | INFO | Validation - Loss: 0.4274 | Correct: 8569/10000 (85.69%) (74.53s)
2026-01-19 16:45:38,858 | INFO | New best model saved at epoch 32 with Top1 Acc: 85.69%
2026-01-19 16:46:01,524 | INFO | Batch 10 | Loss: 0.2573 | Correct: 117/128 | Elapsed Time: 22.67s
2026-01-19 16:46:24,138 | INFO | Batch 20 | Loss: 0.3338 | Correct: 111/128 | Elapsed Time: 22.61s
2026-01-19 16:46:46,827 | INFO | Batch 30 | Loss: 0.3334 | Correct: 113/128 | Elapsed Time: 22.69s
2026-01-19 16:47:09,701 | INFO | Batch 40 | Loss: 0.3401 | Correct: 112/128 | Elapsed Time: 22.87s
2026-01-19 16:47:32,416 | INFO | Batch 50 | Loss: 0.2931 | Correct: 112/128 | Elapsed Time: 22.71s
2026-01-19 16:47:55,088 | INFO | Batch 60 | Loss: 0.2477 | Correct: 118/128 | Elapsed Time: 22.67s
2026-01-19 16:48:17,819 | INFO | Batch 70 | Loss: 0.3467 | Correct: 113/128 | Elapsed Time: 22.73s
2026-01-19 16:48:40,500 | INFO | Batch 80 | Loss: 0.2871 | Correct: 112/128 | Elapsed Time: 22.68s
2026-01-19 16:49:03,186 | INFO | Batch 90 | Loss: 0.3772 | Correct: 111/128 | Elapsed Time: 22.69s
2026-01-19 16:49:25,878 | INFO | Batch 100 | Loss: 0.2157 | Correct: 120/128 | Elapsed Time: 22.69s
2026-01-19 16:49:48,710 | INFO | Batch 110 | Loss: 0.2511 | Correct: 118/128 | Elapsed Time: 22.83s
2026-01-19 16:50:11,469 | INFO | Batch 120 | Loss: 0.4700 | Correct: 110/128 | Elapsed Time: 22.76s
2026-01-19 16:50:34,266 | INFO | Batch 130 | Loss: 0.2548 | Correct: 118/128 | Elapsed Time: 22.80s
2026-01-19 16:50:56,988 | INFO | Batch 140 | Loss: 0.4417 | Correct: 105/128 | Elapsed Time: 22.72s
2026-01-19 16:51:19,717 | INFO | Batch 150 | Loss: 0.2525 | Correct: 116/128 | Elapsed Time: 22.73s
2026-01-19 16:51:42,398 | INFO | Batch 160 | Loss: 0.4687 | Correct: 111/128 | Elapsed Time: 22.68s
2026-01-19 16:52:05,037 | INFO | Batch 170 | Loss: 0.3255 | Correct: 113/128 | Elapsed Time: 22.64s
2026-01-19 16:52:27,808 | INFO | Batch 180 | Loss: 0.3897 | Correct: 114/128 | Elapsed Time: 22.77s
2026-01-19 16:52:50,510 | INFO | Batch 190 | Loss: 0.3782 | Correct: 110/128 | Elapsed Time: 22.70s
2026-01-19 16:53:13,306 | INFO | Batch 200 | Loss: 0.2626 | Correct: 118/128 | Elapsed Time: 22.80s
2026-01-19 16:53:36,022 | INFO | Batch 210 | Loss: 0.3350 | Correct: 115/128 | Elapsed Time: 22.72s
2026-01-19 16:53:58,799 | INFO | Batch 220 | Loss: 0.1590 | Correct: 123/128 | Elapsed Time: 22.78s
2026-01-19 16:54:21,527 | INFO | Batch 230 | Loss: 0.3040 | Correct: 113/128 | Elapsed Time: 22.73s
2026-01-19 16:54:44,246 | INFO | Batch 240 | Loss: 0.2656 | Correct: 112/128 | Elapsed Time: 22.72s
2026-01-19 16:55:06,999 | INFO | Batch 250 | Loss: 0.4325 | Correct: 111/128 | Elapsed Time: 22.75s
2026-01-19 16:55:29,681 | INFO | Batch 260 | Loss: 0.1968 | Correct: 120/128 | Elapsed Time: 22.68s
2026-01-19 16:55:52,303 | INFO | Batch 270 | Loss: 0.3431 | Correct: 115/128 | Elapsed Time: 22.62s
2026-01-19 16:56:15,050 | INFO | Batch 280 | Loss: 0.2952 | Correct: 115/128 | Elapsed Time: 22.75s
2026-01-19 16:56:37,814 | INFO | Batch 290 | Loss: 0.2768 | Correct: 113/128 | Elapsed Time: 22.76s
2026-01-19 16:57:00,539 | INFO | Batch 300 | Loss: 0.3349 | Correct: 114/128 | Elapsed Time: 22.72s
2026-01-19 16:57:23,269 | INFO | Batch 310 | Loss: 0.3005 | Correct: 114/128 | Elapsed Time: 22.73s
2026-01-19 16:57:46,031 | INFO | Batch 320 | Loss: 0.3256 | Correct: 112/128 | Elapsed Time: 22.76s
2026-01-19 16:58:08,714 | INFO | Batch 330 | Loss: 0.2336 | Correct: 117/128 | Elapsed Time: 22.68s
2026-01-19 16:58:31,365 | INFO | Batch 340 | Loss: 0.3281 | Correct: 114/128 | Elapsed Time: 22.65s
2026-01-19 16:58:54,021 | INFO | Batch 350 | Loss: 0.3608 | Correct: 110/128 | Elapsed Time: 22.66s
2026-01-19 16:59:16,741 | INFO | Batch 360 | Loss: 0.2851 | Correct: 115/128 | Elapsed Time: 22.72s
2026-01-19 16:59:39,466 | INFO | Batch 370 | Loss: 0.3307 | Correct: 112/128 | Elapsed Time: 22.73s
2026-01-19 17:00:02,217 | INFO | Batch 380 | Loss: 0.2618 | Correct: 116/128 | Elapsed Time: 22.75s
2026-01-19 17:00:25,078 | INFO | Batch 390 | Loss: 0.3429 | Correct: 110/128 | Elapsed Time: 22.86s
2026-01-19 17:00:26,548 | INFO | Epoch [33/100] - Loss: 0.3189 | Correct: 44450/50000 (88.90%, 887.69s)
2026-01-19 17:01:41,009 | INFO | Validation - Loss: 0.4492 | Correct: 8556/10000 (85.56%) (74.46s)
2026-01-19 17:02:03,697 | INFO | Batch 10 | Loss: 0.2312 | Correct: 119/128 | Elapsed Time: 22.69s
2026-01-19 17:02:26,432 | INFO | Batch 20 | Loss: 0.1849 | Correct: 115/128 | Elapsed Time: 22.73s
2026-01-19 17:02:49,137 | INFO | Batch 30 | Loss: 0.1960 | Correct: 120/128 | Elapsed Time: 22.71s
2026-01-19 17:03:11,865 | INFO | Batch 40 | Loss: 0.3651 | Correct: 112/128 | Elapsed Time: 22.73s
2026-01-19 17:03:34,619 | INFO | Batch 50 | Loss: 0.2293 | Correct: 119/128 | Elapsed Time: 22.75s
2026-01-19 17:03:57,341 | INFO | Batch 60 | Loss: 0.3371 | Correct: 112/128 | Elapsed Time: 22.72s
2026-01-19 17:04:20,130 | INFO | Batch 70 | Loss: 0.3637 | Correct: 110/128 | Elapsed Time: 22.79s
2026-01-19 17:04:42,766 | INFO | Batch 80 | Loss: 0.2751 | Correct: 117/128 | Elapsed Time: 22.64s
2026-01-19 17:05:05,448 | INFO | Batch 90 | Loss: 0.2151 | Correct: 120/128 | Elapsed Time: 22.68s
2026-01-19 17:05:28,089 | INFO | Batch 100 | Loss: 0.4968 | Correct: 108/128 | Elapsed Time: 22.64s
2026-01-19 17:05:50,844 | INFO | Batch 110 | Loss: 0.3442 | Correct: 113/128 | Elapsed Time: 22.75s
2026-01-19 17:06:13,481 | INFO | Batch 120 | Loss: 0.2484 | Correct: 116/128 | Elapsed Time: 22.64s
2026-01-19 17:06:36,301 | INFO | Batch 130 | Loss: 0.3280 | Correct: 116/128 | Elapsed Time: 22.82s
2026-01-19 17:06:59,008 | INFO | Batch 140 | Loss: 0.2969 | Correct: 113/128 | Elapsed Time: 22.71s
2026-01-19 17:07:21,637 | INFO | Batch 150 | Loss: 0.3286 | Correct: 115/128 | Elapsed Time: 22.63s
2026-01-19 17:07:44,246 | INFO | Batch 160 | Loss: 0.4423 | Correct: 113/128 | Elapsed Time: 22.61s
2026-01-19 17:08:06,899 | INFO | Batch 170 | Loss: 0.3602 | Correct: 113/128 | Elapsed Time: 22.65s
2026-01-19 17:08:29,541 | INFO | Batch 180 | Loss: 0.3394 | Correct: 116/128 | Elapsed Time: 22.64s
2026-01-19 17:08:52,309 | INFO | Batch 190 | Loss: 0.4725 | Correct: 110/128 | Elapsed Time: 22.77s
2026-01-19 17:09:15,161 | INFO | Batch 200 | Loss: 0.2739 | Correct: 115/128 | Elapsed Time: 22.85s
2026-01-19 17:09:38,044 | INFO | Batch 210 | Loss: 0.2598 | Correct: 117/128 | Elapsed Time: 22.88s
2026-01-19 17:10:00,831 | INFO | Batch 220 | Loss: 0.4100 | Correct: 112/128 | Elapsed Time: 22.79s
2026-01-19 17:10:23,638 | INFO | Batch 230 | Loss: 0.2569 | Correct: 120/128 | Elapsed Time: 22.81s
2026-01-19 17:10:46,398 | INFO | Batch 240 | Loss: 0.2255 | Correct: 120/128 | Elapsed Time: 22.76s
2026-01-19 17:11:09,111 | INFO | Batch 250 | Loss: 0.2623 | Correct: 116/128 | Elapsed Time: 22.71s
2026-01-19 17:11:31,919 | INFO | Batch 260 | Loss: 0.1910 | Correct: 119/128 | Elapsed Time: 22.81s
2026-01-19 17:11:54,744 | INFO | Batch 270 | Loss: 0.2349 | Correct: 115/128 | Elapsed Time: 22.82s
2026-01-19 17:12:17,574 | INFO | Batch 280 | Loss: 0.2064 | Correct: 116/128 | Elapsed Time: 22.83s
2026-01-19 17:12:40,322 | INFO | Batch 290 | Loss: 0.3425 | Correct: 110/128 | Elapsed Time: 22.75s
2026-01-19 17:13:03,058 | INFO | Batch 300 | Loss: 0.4188 | Correct: 110/128 | Elapsed Time: 22.74s
2026-01-19 17:13:25,854 | INFO | Batch 310 | Loss: 0.2878 | Correct: 117/128 | Elapsed Time: 22.80s
2026-01-19 17:13:48,538 | INFO | Batch 320 | Loss: 0.4061 | Correct: 111/128 | Elapsed Time: 22.68s
2026-01-19 17:14:11,228 | INFO | Batch 330 | Loss: 0.3823 | Correct: 111/128 | Elapsed Time: 22.69s
2026-01-19 17:14:33,994 | INFO | Batch 340 | Loss: 0.2898 | Correct: 110/128 | Elapsed Time: 22.77s
2026-01-19 17:14:56,735 | INFO | Batch 350 | Loss: 0.4046 | Correct: 112/128 | Elapsed Time: 22.74s
2026-01-19 17:15:19,554 | INFO | Batch 360 | Loss: 0.2842 | Correct: 111/128 | Elapsed Time: 22.82s
2026-01-19 17:15:42,303 | INFO | Batch 370 | Loss: 0.3536 | Correct: 114/128 | Elapsed Time: 22.75s
2026-01-19 17:16:05,018 | INFO | Batch 380 | Loss: 0.2337 | Correct: 119/128 | Elapsed Time: 22.71s
2026-01-19 17:16:27,792 | INFO | Batch 390 | Loss: 0.2424 | Correct: 115/128 | Elapsed Time: 22.77s
2026-01-19 17:16:29,271 | INFO | Epoch [34/100] - Loss: 0.3120 | Correct: 44597/50000 (89.19%, 888.26s)
2026-01-19 17:17:43,902 | INFO | Validation - Loss: 0.4211 | Correct: 8571/10000 (85.71%) (74.63s)
2026-01-19 17:17:44,083 | INFO | New best model saved at epoch 34 with Top1 Acc: 85.71%
2026-01-19 17:18:06,954 | INFO | Batch 10 | Loss: 0.2753 | Correct: 117/128 | Elapsed Time: 22.87s
2026-01-19 17:18:29,701 | INFO | Batch 20 | Loss: 0.1565 | Correct: 121/128 | Elapsed Time: 22.75s
2026-01-19 17:18:52,461 | INFO | Batch 30 | Loss: 0.3034 | Correct: 115/128 | Elapsed Time: 22.76s
2026-01-19 17:19:15,177 | INFO | Batch 40 | Loss: 0.4167 | Correct: 107/128 | Elapsed Time: 22.72s
2026-01-19 17:19:37,986 | INFO | Batch 50 | Loss: 0.2625 | Correct: 119/128 | Elapsed Time: 22.81s
2026-01-19 17:20:00,797 | INFO | Batch 60 | Loss: 0.2509 | Correct: 116/128 | Elapsed Time: 22.81s
2026-01-19 17:20:23,614 | INFO | Batch 70 | Loss: 0.3937 | Correct: 114/128 | Elapsed Time: 22.82s
2026-01-19 17:20:46,292 | INFO | Batch 80 | Loss: 0.2736 | Correct: 115/128 | Elapsed Time: 22.68s
2026-01-19 17:21:08,978 | INFO | Batch 90 | Loss: 0.2955 | Correct: 114/128 | Elapsed Time: 22.69s
2026-01-19 17:21:31,697 | INFO | Batch 100 | Loss: 0.4549 | Correct: 107/128 | Elapsed Time: 22.72s
2026-01-19 17:21:54,463 | INFO | Batch 110 | Loss: 0.3660 | Correct: 112/128 | Elapsed Time: 22.77s
2026-01-19 17:22:17,183 | INFO | Batch 120 | Loss: 0.2176 | Correct: 119/128 | Elapsed Time: 22.72s
2026-01-19 17:22:39,951 | INFO | Batch 130 | Loss: 0.4276 | Correct: 109/128 | Elapsed Time: 22.77s
2026-01-19 17:23:02,793 | INFO | Batch 140 | Loss: 0.3492 | Correct: 112/128 | Elapsed Time: 22.84s
2026-01-19 17:23:25,453 | INFO | Batch 150 | Loss: 0.4114 | Correct: 111/128 | Elapsed Time: 22.66s
2026-01-19 17:23:48,100 | INFO | Batch 160 | Loss: 0.2533 | Correct: 117/128 | Elapsed Time: 22.65s
2026-01-19 17:24:10,739 | INFO | Batch 170 | Loss: 0.3643 | Correct: 114/128 | Elapsed Time: 22.64s
2026-01-19 17:24:33,370 | INFO | Batch 180 | Loss: 0.3165 | Correct: 116/128 | Elapsed Time: 22.63s
2026-01-19 17:24:56,009 | INFO | Batch 190 | Loss: 0.2262 | Correct: 117/128 | Elapsed Time: 22.64s
2026-01-19 17:25:18,643 | INFO | Batch 200 | Loss: 0.3636 | Correct: 111/128 | Elapsed Time: 22.63s
2026-01-19 17:25:41,360 | INFO | Batch 210 | Loss: 0.4372 | Correct: 109/128 | Elapsed Time: 22.72s
2026-01-19 17:26:03,975 | INFO | Batch 220 | Loss: 0.2423 | Correct: 116/128 | Elapsed Time: 22.62s
2026-01-19 17:26:26,598 | INFO | Batch 230 | Loss: 0.2154 | Correct: 122/128 | Elapsed Time: 22.62s
2026-01-19 17:26:49,209 | INFO | Batch 240 | Loss: 0.4491 | Correct: 112/128 | Elapsed Time: 22.61s
2026-01-19 17:27:11,851 | INFO | Batch 250 | Loss: 0.2471 | Correct: 119/128 | Elapsed Time: 22.64s
2026-01-19 17:27:34,476 | INFO | Batch 260 | Loss: 0.1822 | Correct: 118/128 | Elapsed Time: 22.62s
2026-01-19 17:27:57,143 | INFO | Batch 270 | Loss: 0.3216 | Correct: 115/128 | Elapsed Time: 22.67s
2026-01-19 17:28:19,903 | INFO | Batch 280 | Loss: 0.2112 | Correct: 120/128 | Elapsed Time: 22.76s
2026-01-19 17:28:42,597 | INFO | Batch 290 | Loss: 0.4318 | Correct: 107/128 | Elapsed Time: 22.69s
2026-01-19 17:29:05,287 | INFO | Batch 300 | Loss: 0.3615 | Correct: 114/128 | Elapsed Time: 22.69s
2026-01-19 17:29:27,949 | INFO | Batch 310 | Loss: 0.3002 | Correct: 115/128 | Elapsed Time: 22.66s
2026-01-19 17:29:50,635 | INFO | Batch 320 | Loss: 0.3082 | Correct: 116/128 | Elapsed Time: 22.69s
2026-01-19 17:30:13,334 | INFO | Batch 330 | Loss: 0.3284 | Correct: 115/128 | Elapsed Time: 22.70s
2026-01-19 17:30:36,000 | INFO | Batch 340 | Loss: 0.3431 | Correct: 113/128 | Elapsed Time: 22.67s
2026-01-19 17:30:58,692 | INFO | Batch 350 | Loss: 0.4726 | Correct: 108/128 | Elapsed Time: 22.69s
2026-01-19 17:31:21,321 | INFO | Batch 360 | Loss: 0.3282 | Correct: 113/128 | Elapsed Time: 22.63s
2026-01-19 17:31:43,938 | INFO | Batch 370 | Loss: 0.4200 | Correct: 108/128 | Elapsed Time: 22.62s
2026-01-19 17:32:06,588 | INFO | Batch 380 | Loss: 0.2882 | Correct: 117/128 | Elapsed Time: 22.65s
2026-01-19 17:32:29,284 | INFO | Batch 390 | Loss: 0.2700 | Correct: 117/128 | Elapsed Time: 22.70s
2026-01-19 17:32:30,755 | INFO | Epoch [35/100] - Loss: 0.3112 | Correct: 44648/50000 (89.30%, 886.67s)
2026-01-19 17:33:45,020 | INFO | Validation - Loss: 0.4379 | Correct: 8511/10000 (85.11%) (74.26s)
2026-01-19 17:34:07,768 | INFO | Batch 10 | Loss: 0.1935 | Correct: 117/128 | Elapsed Time: 22.75s
2026-01-19 17:34:30,602 | INFO | Batch 20 | Loss: 0.2036 | Correct: 120/128 | Elapsed Time: 22.83s
2026-01-19 17:34:53,294 | INFO | Batch 30 | Loss: 0.3694 | Correct: 112/128 | Elapsed Time: 22.69s
2026-01-19 17:35:15,929 | INFO | Batch 40 | Loss: 0.3297 | Correct: 114/128 | Elapsed Time: 22.64s
2026-01-19 17:35:38,630 | INFO | Batch 50 | Loss: 0.3100 | Correct: 114/128 | Elapsed Time: 22.70s
2026-01-19 17:36:01,335 | INFO | Batch 60 | Loss: 0.2335 | Correct: 119/128 | Elapsed Time: 22.71s
2026-01-19 17:36:24,031 | INFO | Batch 70 | Loss: 0.2215 | Correct: 119/128 | Elapsed Time: 22.70s
2026-01-19 17:36:46,744 | INFO | Batch 80 | Loss: 0.4374 | Correct: 116/128 | Elapsed Time: 22.71s
2026-01-19 17:37:09,508 | INFO | Batch 90 | Loss: 0.3867 | Correct: 114/128 | Elapsed Time: 22.76s
2026-01-19 17:37:32,170 | INFO | Batch 100 | Loss: 0.2811 | Correct: 120/128 | Elapsed Time: 22.66s
2026-01-19 17:37:54,814 | INFO | Batch 110 | Loss: 0.2348 | Correct: 114/128 | Elapsed Time: 22.64s
2026-01-19 17:38:17,483 | INFO | Batch 120 | Loss: 0.3326 | Correct: 115/128 | Elapsed Time: 22.67s
2026-01-19 17:38:40,150 | INFO | Batch 130 | Loss: 0.2535 | Correct: 116/128 | Elapsed Time: 22.67s
2026-01-19 17:39:02,857 | INFO | Batch 140 | Loss: 0.3322 | Correct: 113/128 | Elapsed Time: 22.71s
2026-01-19 17:39:25,552 | INFO | Batch 150 | Loss: 0.2647 | Correct: 115/128 | Elapsed Time: 22.69s
2026-01-19 17:39:48,221 | INFO | Batch 160 | Loss: 0.3180 | Correct: 111/128 | Elapsed Time: 22.67s
2026-01-19 17:40:10,916 | INFO | Batch 170 | Loss: 0.3548 | Correct: 110/128 | Elapsed Time: 22.70s
2026-01-19 17:40:33,629 | INFO | Batch 180 | Loss: 0.2550 | Correct: 119/128 | Elapsed Time: 22.71s
2026-01-19 17:40:56,382 | INFO | Batch 190 | Loss: 0.3370 | Correct: 113/128 | Elapsed Time: 22.75s
2026-01-19 17:41:19,134 | INFO | Batch 200 | Loss: 0.3508 | Correct: 111/128 | Elapsed Time: 22.75s
2026-01-19 17:41:41,812 | INFO | Batch 210 | Loss: 0.2421 | Correct: 114/128 | Elapsed Time: 22.68s
2026-01-19 17:42:04,515 | INFO | Batch 220 | Loss: 0.3159 | Correct: 113/128 | Elapsed Time: 22.70s
2026-01-19 17:42:27,258 | INFO | Batch 230 | Loss: 0.2590 | Correct: 118/128 | Elapsed Time: 22.74s
2026-01-19 17:42:49,962 | INFO | Batch 240 | Loss: 0.2245 | Correct: 119/128 | Elapsed Time: 22.70s
2026-01-19 17:43:12,656 | INFO | Batch 250 | Loss: 0.2663 | Correct: 115/128 | Elapsed Time: 22.69s
2026-01-19 17:43:35,352 | INFO | Batch 260 | Loss: 0.4308 | Correct: 111/128 | Elapsed Time: 22.70s
2026-01-19 17:43:58,029 | INFO | Batch 270 | Loss: 0.4213 | Correct: 106/128 | Elapsed Time: 22.68s
2026-01-19 17:44:20,703 | INFO | Batch 280 | Loss: 0.2600 | Correct: 118/128 | Elapsed Time: 22.67s
2026-01-19 17:44:43,350 | INFO | Batch 290 | Loss: 0.2434 | Correct: 116/128 | Elapsed Time: 22.65s
2026-01-19 17:45:06,025 | INFO | Batch 300 | Loss: 0.2896 | Correct: 115/128 | Elapsed Time: 22.67s
2026-01-19 17:45:28,650 | INFO | Batch 310 | Loss: 0.3624 | Correct: 114/128 | Elapsed Time: 22.63s
2026-01-19 17:45:51,349 | INFO | Batch 320 | Loss: 0.2935 | Correct: 117/128 | Elapsed Time: 22.70s
2026-01-19 17:46:13,984 | INFO | Batch 330 | Loss: 0.4274 | Correct: 108/128 | Elapsed Time: 22.63s
2026-01-19 17:46:36,636 | INFO | Batch 340 | Loss: 0.3246 | Correct: 113/128 | Elapsed Time: 22.65s
2026-01-19 17:46:59,266 | INFO | Batch 350 | Loss: 0.2473 | Correct: 118/128 | Elapsed Time: 22.63s
2026-01-19 17:47:21,896 | INFO | Batch 360 | Loss: 0.4516 | Correct: 112/128 | Elapsed Time: 22.63s
2026-01-19 17:47:44,612 | INFO | Batch 370 | Loss: 0.2195 | Correct: 118/128 | Elapsed Time: 22.72s
2026-01-19 17:48:07,315 | INFO | Batch 380 | Loss: 0.2175 | Correct: 122/128 | Elapsed Time: 22.70s
2026-01-19 17:48:29,991 | INFO | Batch 390 | Loss: 0.3606 | Correct: 110/128 | Elapsed Time: 22.68s
2026-01-19 17:48:31,455 | INFO | Epoch [36/100] - Loss: 0.3067 | Correct: 44731/50000 (89.46%, 886.43s)
2026-01-19 17:49:45,837 | INFO | Validation - Loss: 0.5161 | Correct: 8392/10000 (83.92%) (74.38s)
2026-01-19 17:50:08,526 | INFO | Batch 10 | Loss: 0.2205 | Correct: 117/128 | Elapsed Time: 22.69s
2026-01-19 17:50:31,166 | INFO | Batch 20 | Loss: 0.2161 | Correct: 118/128 | Elapsed Time: 22.64s
2026-01-19 17:50:53,794 | INFO | Batch 30 | Loss: 0.2571 | Correct: 116/128 | Elapsed Time: 22.63s
2026-01-19 17:51:16,559 | INFO | Batch 40 | Loss: 0.3587 | Correct: 114/128 | Elapsed Time: 22.76s
2026-01-19 17:51:39,254 | INFO | Batch 50 | Loss: 0.2838 | Correct: 116/128 | Elapsed Time: 22.69s
2026-01-19 17:52:01,941 | INFO | Batch 60 | Loss: 0.2370 | Correct: 115/128 | Elapsed Time: 22.69s
2026-01-19 17:52:24,624 | INFO | Batch 70 | Loss: 0.2555 | Correct: 116/128 | Elapsed Time: 22.68s
2026-01-19 17:52:47,318 | INFO | Batch 80 | Loss: 0.3615 | Correct: 111/128 | Elapsed Time: 22.69s
2026-01-19 17:53:09,990 | INFO | Batch 90 | Loss: 0.2977 | Correct: 114/128 | Elapsed Time: 22.67s
2026-01-19 17:53:32,692 | INFO | Batch 100 | Loss: 0.2138 | Correct: 117/128 | Elapsed Time: 22.70s
2026-01-19 17:53:55,428 | INFO | Batch 110 | Loss: 0.3429 | Correct: 115/128 | Elapsed Time: 22.74s
2026-01-19 17:54:18,099 | INFO | Batch 120 | Loss: 0.3195 | Correct: 111/128 | Elapsed Time: 22.67s
2026-01-19 17:54:40,742 | INFO | Batch 130 | Loss: 0.2961 | Correct: 113/128 | Elapsed Time: 22.64s
2026-01-19 17:55:03,402 | INFO | Batch 140 | Loss: 0.1794 | Correct: 119/128 | Elapsed Time: 22.66s
2026-01-19 17:55:26,076 | INFO | Batch 150 | Loss: 0.4457 | Correct: 104/128 | Elapsed Time: 22.67s
2026-01-19 17:55:48,758 | INFO | Batch 160 | Loss: 0.2590 | Correct: 119/128 | Elapsed Time: 22.68s
2026-01-19 17:56:11,415 | INFO | Batch 170 | Loss: 0.3183 | Correct: 115/128 | Elapsed Time: 22.66s
2026-01-19 17:56:34,102 | INFO | Batch 180 | Loss: 0.3438 | Correct: 116/128 | Elapsed Time: 22.69s
2026-01-19 17:56:56,726 | INFO | Batch 190 | Loss: 0.2774 | Correct: 115/128 | Elapsed Time: 22.62s
2026-01-19 17:57:19,391 | INFO | Batch 200 | Loss: 0.4032 | Correct: 113/128 | Elapsed Time: 22.67s
2026-01-19 17:57:42,045 | INFO | Batch 210 | Loss: 0.2752 | Correct: 118/128 | Elapsed Time: 22.65s
2026-01-19 17:58:04,680 | INFO | Batch 220 | Loss: 0.1983 | Correct: 123/128 | Elapsed Time: 22.63s
2026-01-19 17:58:27,310 | INFO | Batch 230 | Loss: 0.4603 | Correct: 108/128 | Elapsed Time: 22.63s
2026-01-19 17:58:50,005 | INFO | Batch 240 | Loss: 0.3607 | Correct: 112/128 | Elapsed Time: 22.70s
2026-01-19 17:59:12,756 | INFO | Batch 250 | Loss: 0.3564 | Correct: 115/128 | Elapsed Time: 22.75s
2026-01-19 17:59:35,451 | INFO | Batch 260 | Loss: 0.3194 | Correct: 111/128 | Elapsed Time: 22.70s
2026-01-19 17:59:58,120 | INFO | Batch 270 | Loss: 0.3348 | Correct: 115/128 | Elapsed Time: 22.67s
2026-01-19 18:00:20,797 | INFO | Batch 280 | Loss: 0.3450 | Correct: 111/128 | Elapsed Time: 22.68s
2026-01-19 18:00:43,470 | INFO | Batch 290 | Loss: 0.3191 | Correct: 118/128 | Elapsed Time: 22.67s
2026-01-19 18:01:06,126 | INFO | Batch 300 | Loss: 0.3785 | Correct: 109/128 | Elapsed Time: 22.66s
2026-01-19 18:01:28,773 | INFO | Batch 310 | Loss: 0.2599 | Correct: 119/128 | Elapsed Time: 22.65s
2026-01-19 18:01:51,497 | INFO | Batch 320 | Loss: 0.3137 | Correct: 112/128 | Elapsed Time: 22.72s
2026-01-19 18:02:14,153 | INFO | Batch 330 | Loss: 0.3180 | Correct: 115/128 | Elapsed Time: 22.66s
2026-01-19 18:02:36,775 | INFO | Batch 340 | Loss: 0.2740 | Correct: 115/128 | Elapsed Time: 22.62s
2026-01-19 18:02:59,414 | INFO | Batch 350 | Loss: 0.4537 | Correct: 108/128 | Elapsed Time: 22.64s
2026-01-19 18:03:22,056 | INFO | Batch 360 | Loss: 0.3933 | Correct: 110/128 | Elapsed Time: 22.64s
2026-01-19 18:03:44,690 | INFO | Batch 370 | Loss: 0.3527 | Correct: 112/128 | Elapsed Time: 22.63s
2026-01-19 18:04:07,347 | INFO | Batch 380 | Loss: 0.3185 | Correct: 114/128 | Elapsed Time: 22.66s
2026-01-19 18:04:30,048 | INFO | Batch 390 | Loss: 0.4357 | Correct: 111/128 | Elapsed Time: 22.70s
2026-01-19 18:04:31,512 | INFO | Epoch [37/100] - Loss: 0.3067 | Correct: 44716/50000 (89.43%, 885.67s)
2026-01-19 18:05:46,198 | INFO | Validation - Loss: 0.4782 | Correct: 8434/10000 (84.34%) (74.69s)
2026-01-19 18:06:08,965 | INFO | Batch 10 | Loss: 0.3259 | Correct: 117/128 | Elapsed Time: 22.76s
2026-01-19 18:06:31,622 | INFO | Batch 20 | Loss: 0.2674 | Correct: 116/128 | Elapsed Time: 22.66s
2026-01-19 18:06:54,249 | INFO | Batch 30 | Loss: 0.3231 | Correct: 113/128 | Elapsed Time: 22.63s
2026-01-19 18:07:16,882 | INFO | Batch 40 | Loss: 0.2487 | Correct: 120/128 | Elapsed Time: 22.63s
2026-01-19 18:07:39,548 | INFO | Batch 50 | Loss: 0.2668 | Correct: 116/128 | Elapsed Time: 22.67s
2026-01-19 18:08:02,298 | INFO | Batch 60 | Loss: 0.2863 | Correct: 114/128 | Elapsed Time: 22.75s
2026-01-19 18:08:24,938 | INFO | Batch 70 | Loss: 0.3013 | Correct: 113/128 | Elapsed Time: 22.64s
2026-01-19 18:08:47,576 | INFO | Batch 80 | Loss: 0.3536 | Correct: 113/128 | Elapsed Time: 22.64s
2026-01-19 18:09:10,251 | INFO | Batch 90 | Loss: 0.2944 | Correct: 116/128 | Elapsed Time: 22.68s
2026-01-19 18:09:32,969 | INFO | Batch 100 | Loss: 0.3537 | Correct: 108/128 | Elapsed Time: 22.72s
2026-01-19 18:09:55,608 | INFO | Batch 110 | Loss: 0.2813 | Correct: 113/128 | Elapsed Time: 22.64s
2026-01-19 18:10:18,371 | INFO | Batch 120 | Loss: 0.3633 | Correct: 110/128 | Elapsed Time: 22.76s
2026-01-19 18:10:41,106 | INFO | Batch 130 | Loss: 0.2794 | Correct: 117/128 | Elapsed Time: 22.73s
2026-01-19 18:11:03,772 | INFO | Batch 140 | Loss: 0.3107 | Correct: 113/128 | Elapsed Time: 22.67s
2026-01-19 18:11:26,443 | INFO | Batch 150 | Loss: 0.4543 | Correct: 110/128 | Elapsed Time: 22.67s
2026-01-19 18:11:49,116 | INFO | Batch 160 | Loss: 0.2261 | Correct: 116/128 | Elapsed Time: 22.67s
2026-01-19 18:12:11,759 | INFO | Batch 170 | Loss: 0.3347 | Correct: 112/128 | Elapsed Time: 22.64s
2026-01-19 18:12:34,412 | INFO | Batch 180 | Loss: 0.3030 | Correct: 113/128 | Elapsed Time: 22.65s
2026-01-19 18:12:57,159 | INFO | Batch 190 | Loss: 0.2441 | Correct: 118/128 | Elapsed Time: 22.75s
2026-01-19 18:13:19,805 | INFO | Batch 200 | Loss: 0.2667 | Correct: 116/128 | Elapsed Time: 22.65s
2026-01-19 18:13:42,521 | INFO | Batch 210 | Loss: 0.2701 | Correct: 114/128 | Elapsed Time: 22.72s
2026-01-19 18:14:05,194 | INFO | Batch 220 | Loss: 0.2753 | Correct: 116/128 | Elapsed Time: 22.67s
2026-01-19 18:14:27,857 | INFO | Batch 230 | Loss: 0.3480 | Correct: 115/128 | Elapsed Time: 22.66s
2026-01-19 18:14:50,581 | INFO | Batch 240 | Loss: 0.2830 | Correct: 114/128 | Elapsed Time: 22.72s
2026-01-19 18:15:13,301 | INFO | Batch 250 | Loss: 0.1813 | Correct: 122/128 | Elapsed Time: 22.72s
2026-01-19 18:15:36,047 | INFO | Batch 260 | Loss: 0.3282 | Correct: 114/128 | Elapsed Time: 22.75s
2026-01-19 18:15:58,705 | INFO | Batch 270 | Loss: 0.3860 | Correct: 112/128 | Elapsed Time: 22.66s
2026-01-19 18:16:21,406 | INFO | Batch 280 | Loss: 0.1679 | Correct: 122/128 | Elapsed Time: 22.70s
2026-01-19 18:16:44,105 | INFO | Batch 290 | Loss: 0.2099 | Correct: 121/128 | Elapsed Time: 22.70s
2026-01-19 18:17:06,783 | INFO | Batch 300 | Loss: 0.3143 | Correct: 115/128 | Elapsed Time: 22.68s
2026-01-19 18:17:29,488 | INFO | Batch 310 | Loss: 0.2738 | Correct: 116/128 | Elapsed Time: 22.70s
2026-01-19 18:17:52,193 | INFO | Batch 320 | Loss: 0.2975 | Correct: 115/128 | Elapsed Time: 22.70s
2026-01-19 18:18:14,960 | INFO | Batch 330 | Loss: 0.3715 | Correct: 115/128 | Elapsed Time: 22.77s
2026-01-19 18:18:37,674 | INFO | Batch 340 | Loss: 0.2309 | Correct: 119/128 | Elapsed Time: 22.71s
2026-01-19 18:19:00,419 | INFO | Batch 350 | Loss: 0.4125 | Correct: 109/128 | Elapsed Time: 22.74s
2026-01-19 18:19:23,089 | INFO | Batch 360 | Loss: 0.2736 | Correct: 114/128 | Elapsed Time: 22.67s
2026-01-19 18:19:45,802 | INFO | Batch 370 | Loss: 0.4522 | Correct: 110/128 | Elapsed Time: 22.71s
2026-01-19 18:20:08,523 | INFO | Batch 380 | Loss: 0.2317 | Correct: 120/128 | Elapsed Time: 22.72s
2026-01-19 18:20:31,275 | INFO | Batch 390 | Loss: 0.3475 | Correct: 113/128 | Elapsed Time: 22.75s
2026-01-19 18:20:32,750 | INFO | Epoch [38/100] - Loss: 0.3000 | Correct: 44888/50000 (89.78%, 886.55s)
2026-01-19 18:21:47,128 | INFO | Validation - Loss: 0.5087 | Correct: 8333/10000 (83.33%) (74.38s)
2026-01-19 18:22:09,974 | INFO | Batch 10 | Loss: 0.2486 | Correct: 118/128 | Elapsed Time: 22.84s
2026-01-19 18:22:32,659 | INFO | Batch 20 | Loss: 0.2935 | Correct: 114/128 | Elapsed Time: 22.69s
2026-01-19 18:22:55,350 | INFO | Batch 30 | Loss: 0.2479 | Correct: 118/128 | Elapsed Time: 22.69s
2026-01-19 18:23:18,002 | INFO | Batch 40 | Loss: 0.3069 | Correct: 113/128 | Elapsed Time: 22.65s
2026-01-19 18:23:40,717 | INFO | Batch 50 | Loss: 0.1841 | Correct: 120/128 | Elapsed Time: 22.71s
2026-01-19 18:24:03,435 | INFO | Batch 60 | Loss: 0.3706 | Correct: 114/128 | Elapsed Time: 22.72s
2026-01-19 18:24:26,197 | INFO | Batch 70 | Loss: 0.2745 | Correct: 112/128 | Elapsed Time: 22.76s
2026-01-19 18:24:48,872 | INFO | Batch 80 | Loss: 0.2508 | Correct: 118/128 | Elapsed Time: 22.67s
2026-01-19 18:25:11,574 | INFO | Batch 90 | Loss: 0.2939 | Correct: 113/128 | Elapsed Time: 22.70s
2026-01-19 18:25:34,262 | INFO | Batch 100 | Loss: 0.2039 | Correct: 120/128 | Elapsed Time: 22.69s
2026-01-19 18:25:56,881 | INFO | Batch 110 | Loss: 0.2113 | Correct: 119/128 | Elapsed Time: 22.62s
2026-01-19 18:26:19,477 | INFO | Batch 120 | Loss: 0.3418 | Correct: 112/128 | Elapsed Time: 22.60s
2026-01-19 18:26:42,165 | INFO | Batch 130 | Loss: 0.3922 | Correct: 110/128 | Elapsed Time: 22.69s
2026-01-19 18:27:04,908 | INFO | Batch 140 | Loss: 0.3869 | Correct: 111/128 | Elapsed Time: 22.74s
2026-01-19 18:27:27,642 | INFO | Batch 150 | Loss: 0.3587 | Correct: 111/128 | Elapsed Time: 22.73s
2026-01-19 18:27:50,414 | INFO | Batch 160 | Loss: 0.4570 | Correct: 110/128 | Elapsed Time: 22.77s
2026-01-19 18:28:13,128 | INFO | Batch 170 | Loss: 0.3113 | Correct: 112/128 | Elapsed Time: 22.71s
2026-01-19 18:28:35,823 | INFO | Batch 180 | Loss: 0.3261 | Correct: 109/128 | Elapsed Time: 22.70s
2026-01-19 18:28:58,493 | INFO | Batch 190 | Loss: 0.3259 | Correct: 116/128 | Elapsed Time: 22.67s
2026-01-19 18:29:21,107 | INFO | Batch 200 | Loss: 0.3337 | Correct: 113/128 | Elapsed Time: 22.61s
2026-01-19 18:29:43,870 | INFO | Batch 210 | Loss: 0.2971 | Correct: 116/128 | Elapsed Time: 22.76s
2026-01-19 18:30:06,513 | INFO | Batch 220 | Loss: 0.3255 | Correct: 113/128 | Elapsed Time: 22.64s
2026-01-19 18:30:29,178 | INFO | Batch 230 | Loss: 0.2359 | Correct: 115/128 | Elapsed Time: 22.67s
2026-01-19 18:30:51,877 | INFO | Batch 240 | Loss: 0.2919 | Correct: 116/128 | Elapsed Time: 22.70s
2026-01-19 18:31:14,513 | INFO | Batch 250 | Loss: 0.2988 | Correct: 117/128 | Elapsed Time: 22.64s
2026-01-19 18:31:37,132 | INFO | Batch 260 | Loss: 0.4121 | Correct: 112/128 | Elapsed Time: 22.62s
2026-01-19 18:31:59,825 | INFO | Batch 270 | Loss: 0.3123 | Correct: 116/128 | Elapsed Time: 22.69s
2026-01-19 18:32:22,575 | INFO | Batch 280 | Loss: 0.2327 | Correct: 118/128 | Elapsed Time: 22.75s
2026-01-19 18:32:45,301 | INFO | Batch 290 | Loss: 0.3663 | Correct: 112/128 | Elapsed Time: 22.73s
2026-01-19 18:33:07,974 | INFO | Batch 300 | Loss: 0.3636 | Correct: 115/128 | Elapsed Time: 22.67s
2026-01-19 18:33:30,682 | INFO | Batch 310 | Loss: 0.3022 | Correct: 116/128 | Elapsed Time: 22.71s
2026-01-19 18:33:53,348 | INFO | Batch 320 | Loss: 0.2799 | Correct: 116/128 | Elapsed Time: 22.67s
2026-01-19 18:34:16,003 | INFO | Batch 330 | Loss: 0.2923 | Correct: 117/128 | Elapsed Time: 22.65s
2026-01-19 18:34:38,655 | INFO | Batch 340 | Loss: 0.2025 | Correct: 122/128 | Elapsed Time: 22.65s
2026-01-19 18:35:01,376 | INFO | Batch 350 | Loss: 0.2660 | Correct: 117/128 | Elapsed Time: 22.72s
2026-01-19 18:35:23,972 | INFO | Batch 360 | Loss: 0.2707 | Correct: 121/128 | Elapsed Time: 22.60s
2026-01-19 18:35:46,604 | INFO | Batch 370 | Loss: 0.2936 | Correct: 115/128 | Elapsed Time: 22.63s
2026-01-19 18:36:09,239 | INFO | Batch 380 | Loss: 0.2699 | Correct: 116/128 | Elapsed Time: 22.63s
2026-01-19 18:36:31,848 | INFO | Batch 390 | Loss: 0.2858 | Correct: 113/128 | Elapsed Time: 22.61s
2026-01-19 18:36:33,324 | INFO | Epoch [39/100] - Loss: 0.2978 | Correct: 44875/50000 (89.75%, 886.19s)
2026-01-19 18:37:47,853 | INFO | Validation - Loss: 0.4318 | Correct: 8567/10000 (85.67%) (74.53s)
2026-01-19 18:38:10,598 | INFO | Batch 10 | Loss: 0.4801 | Correct: 104/128 | Elapsed Time: 22.74s
2026-01-19 18:38:33,270 | INFO | Batch 20 | Loss: 0.2815 | Correct: 114/128 | Elapsed Time: 22.67s
2026-01-19 18:38:56,042 | INFO | Batch 30 | Loss: 0.3269 | Correct: 113/128 | Elapsed Time: 22.77s
2026-01-19 18:39:18,679 | INFO | Batch 40 | Loss: 0.2017 | Correct: 120/128 | Elapsed Time: 22.64s
2026-01-19 18:39:41,372 | INFO | Batch 50 | Loss: 0.2407 | Correct: 116/128 | Elapsed Time: 22.69s
2026-01-19 18:40:04,042 | INFO | Batch 60 | Loss: 0.3106 | Correct: 114/128 | Elapsed Time: 22.67s
2026-01-19 18:40:26,685 | INFO | Batch 70 | Loss: 0.3010 | Correct: 117/128 | Elapsed Time: 22.64s
2026-01-19 18:40:49,285 | INFO | Batch 80 | Loss: 0.3008 | Correct: 116/128 | Elapsed Time: 22.60s
2026-01-19 18:41:11,901 | INFO | Batch 90 | Loss: 0.3656 | Correct: 113/128 | Elapsed Time: 22.62s
2026-01-19 18:41:34,601 | INFO | Batch 100 | Loss: 0.3352 | Correct: 114/128 | Elapsed Time: 22.70s
2026-01-19 18:41:57,245 | INFO | Batch 110 | Loss: 0.2874 | Correct: 115/128 | Elapsed Time: 22.64s
2026-01-19 18:42:19,957 | INFO | Batch 120 | Loss: 0.2503 | Correct: 118/128 | Elapsed Time: 22.71s
2026-01-19 18:42:42,612 | INFO | Batch 130 | Loss: 0.2785 | Correct: 114/128 | Elapsed Time: 22.66s
2026-01-19 18:43:05,264 | INFO | Batch 140 | Loss: 0.4493 | Correct: 107/128 | Elapsed Time: 22.65s
2026-01-19 18:43:27,926 | INFO | Batch 150 | Loss: 0.3343 | Correct: 112/128 | Elapsed Time: 22.66s
2026-01-19 18:43:50,605 | INFO | Batch 160 | Loss: 0.3749 | Correct: 115/128 | Elapsed Time: 22.68s
2026-01-19 18:44:13,271 | INFO | Batch 170 | Loss: 0.3375 | Correct: 116/128 | Elapsed Time: 22.67s
2026-01-19 18:44:35,906 | INFO | Batch 180 | Loss: 0.3432 | Correct: 113/128 | Elapsed Time: 22.64s
2026-01-19 18:44:58,526 | INFO | Batch 190 | Loss: 0.1630 | Correct: 123/128 | Elapsed Time: 22.62s
2026-01-19 18:45:21,199 | INFO | Batch 200 | Loss: 0.3342 | Correct: 114/128 | Elapsed Time: 22.67s
2026-01-19 18:45:43,866 | INFO | Batch 210 | Loss: 0.2810 | Correct: 117/128 | Elapsed Time: 22.67s
2026-01-19 18:46:06,547 | INFO | Batch 220 | Loss: 0.3272 | Correct: 112/128 | Elapsed Time: 22.68s
2026-01-19 18:46:29,216 | INFO | Batch 230 | Loss: 0.2854 | Correct: 113/128 | Elapsed Time: 22.67s
2026-01-19 18:46:51,994 | INFO | Batch 240 | Loss: 0.2923 | Correct: 112/128 | Elapsed Time: 22.78s
2026-01-19 18:47:14,635 | INFO | Batch 250 | Loss: 0.3398 | Correct: 115/128 | Elapsed Time: 22.64s
2026-01-19 18:47:37,260 | INFO | Batch 260 | Loss: 0.2427 | Correct: 118/128 | Elapsed Time: 22.63s
2026-01-19 18:47:59,945 | INFO | Batch 270 | Loss: 0.2572 | Correct: 119/128 | Elapsed Time: 22.69s
2026-01-19 18:48:22,602 | INFO | Batch 280 | Loss: 0.2334 | Correct: 117/128 | Elapsed Time: 22.66s
2026-01-19 18:48:45,258 | INFO | Batch 290 | Loss: 0.3482 | Correct: 117/128 | Elapsed Time: 22.66s
2026-01-19 18:49:07,927 | INFO | Batch 300 | Loss: 0.3849 | Correct: 115/128 | Elapsed Time: 22.67s
2026-01-19 18:49:30,650 | INFO | Batch 310 | Loss: 0.3270 | Correct: 111/128 | Elapsed Time: 22.72s
2026-01-19 18:49:53,328 | INFO | Batch 320 | Loss: 0.2624 | Correct: 114/128 | Elapsed Time: 22.68s
2026-01-19 18:50:16,031 | INFO | Batch 330 | Loss: 0.4003 | Correct: 109/128 | Elapsed Time: 22.70s
2026-01-19 18:50:38,777 | INFO | Batch 340 | Loss: 0.3096 | Correct: 112/128 | Elapsed Time: 22.75s
2026-01-19 18:51:01,561 | INFO | Batch 350 | Loss: 0.1936 | Correct: 118/128 | Elapsed Time: 22.78s
2026-01-19 18:51:24,288 | INFO | Batch 360 | Loss: 0.2268 | Correct: 118/128 | Elapsed Time: 22.73s
2026-01-19 18:51:46,999 | INFO | Batch 370 | Loss: 0.3345 | Correct: 111/128 | Elapsed Time: 22.71s
2026-01-19 18:52:09,777 | INFO | Batch 380 | Loss: 0.4032 | Correct: 112/128 | Elapsed Time: 22.78s
2026-01-19 18:52:32,505 | INFO | Batch 390 | Loss: 0.2437 | Correct: 120/128 | Elapsed Time: 22.73s
2026-01-19 18:52:33,973 | INFO | Epoch [40/100] - Loss: 0.2992 | Correct: 44855/50000 (89.71%, 886.12s)
2026-01-19 18:53:48,478 | INFO | Validation - Loss: 0.4460 | Correct: 8488/10000 (84.88%) (74.50s)
2026-01-19 18:54:11,165 | INFO | Batch 10 | Loss: 0.2114 | Correct: 121/128 | Elapsed Time: 22.68s
2026-01-19 18:54:33,887 | INFO | Batch 20 | Loss: 0.2608 | Correct: 116/128 | Elapsed Time: 22.72s
2026-01-19 18:54:56,565 | INFO | Batch 30 | Loss: 0.3068 | Correct: 117/128 | Elapsed Time: 22.68s
2026-01-19 18:55:19,207 | INFO | Batch 40 | Loss: 0.3193 | Correct: 112/128 | Elapsed Time: 22.64s
2026-01-19 18:55:41,987 | INFO | Batch 50 | Loss: 0.1849 | Correct: 118/128 | Elapsed Time: 22.78s
2026-01-19 18:56:04,679 | INFO | Batch 60 | Loss: 0.1701 | Correct: 121/128 | Elapsed Time: 22.69s
2026-01-19 18:56:27,337 | INFO | Batch 70 | Loss: 0.3833 | Correct: 112/128 | Elapsed Time: 22.66s
2026-01-19 18:56:49,987 | INFO | Batch 80 | Loss: 0.3158 | Correct: 112/128 | Elapsed Time: 22.65s
2026-01-19 18:57:12,711 | INFO | Batch 90 | Loss: 0.4790 | Correct: 111/128 | Elapsed Time: 22.72s
2026-01-19 18:57:35,493 | INFO | Batch 100 | Loss: 0.3820 | Correct: 110/128 | Elapsed Time: 22.78s
2026-01-19 18:57:58,205 | INFO | Batch 110 | Loss: 0.3365 | Correct: 113/128 | Elapsed Time: 22.71s
2026-01-19 18:58:21,048 | INFO | Batch 120 | Loss: 0.2260 | Correct: 117/128 | Elapsed Time: 22.84s
2026-01-19 18:58:43,735 | INFO | Batch 130 | Loss: 0.3135 | Correct: 118/128 | Elapsed Time: 22.69s
2026-01-19 18:59:06,441 | INFO | Batch 140 | Loss: 0.2625 | Correct: 115/128 | Elapsed Time: 22.71s
2026-01-19 18:59:29,073 | INFO | Batch 150 | Loss: 0.3309 | Correct: 113/128 | Elapsed Time: 22.63s
2026-01-19 18:59:51,685 | INFO | Batch 160 | Loss: 0.2743 | Correct: 118/128 | Elapsed Time: 22.61s
2026-01-19 19:00:14,336 | INFO | Batch 170 | Loss: 0.4528 | Correct: 107/128 | Elapsed Time: 22.65s
2026-01-19 19:00:36,973 | INFO | Batch 180 | Loss: 0.2966 | Correct: 112/128 | Elapsed Time: 22.64s
2026-01-19 19:00:59,634 | INFO | Batch 190 | Loss: 0.3763 | Correct: 109/128 | Elapsed Time: 22.66s
2026-01-19 19:01:22,245 | INFO | Batch 200 | Loss: 0.2423 | Correct: 116/128 | Elapsed Time: 22.61s
2026-01-19 19:01:44,894 | INFO | Batch 210 | Loss: 0.2542 | Correct: 115/128 | Elapsed Time: 22.65s
2026-01-19 19:02:07,521 | INFO | Batch 220 | Loss: 0.4094 | Correct: 111/128 | Elapsed Time: 22.63s
2026-01-19 19:02:30,180 | INFO | Batch 230 | Loss: 0.2748 | Correct: 115/128 | Elapsed Time: 22.66s
2026-01-19 19:02:52,868 | INFO | Batch 240 | Loss: 0.1826 | Correct: 119/128 | Elapsed Time: 22.69s
2026-01-19 19:03:15,530 | INFO | Batch 250 | Loss: 0.2660 | Correct: 119/128 | Elapsed Time: 22.66s
2026-01-19 19:03:38,231 | INFO | Batch 260 | Loss: 0.3533 | Correct: 110/128 | Elapsed Time: 22.70s
2026-01-19 19:04:00,929 | INFO | Batch 270 | Loss: 0.2893 | Correct: 113/128 | Elapsed Time: 22.70s
2026-01-19 19:04:23,603 | INFO | Batch 280 | Loss: 0.3657 | Correct: 111/128 | Elapsed Time: 22.67s
2026-01-19 19:04:46,238 | INFO | Batch 290 | Loss: 0.3773 | Correct: 116/128 | Elapsed Time: 22.64s
2026-01-19 19:05:08,888 | INFO | Batch 300 | Loss: 0.3390 | Correct: 116/128 | Elapsed Time: 22.65s
2026-01-19 19:05:31,559 | INFO | Batch 310 | Loss: 0.2761 | Correct: 115/128 | Elapsed Time: 22.67s
2026-01-19 19:05:54,255 | INFO | Batch 320 | Loss: 0.3617 | Correct: 110/128 | Elapsed Time: 22.70s
2026-01-19 19:06:16,950 | INFO | Batch 330 | Loss: 0.3494 | Correct: 111/128 | Elapsed Time: 22.70s
2026-01-19 19:06:39,636 | INFO | Batch 340 | Loss: 0.2930 | Correct: 115/128 | Elapsed Time: 22.69s
2026-01-19 19:07:02,271 | INFO | Batch 350 | Loss: 0.2336 | Correct: 116/128 | Elapsed Time: 22.64s
2026-01-19 19:07:24,960 | INFO | Batch 360 | Loss: 0.2966 | Correct: 115/128 | Elapsed Time: 22.69s
2026-01-19 19:07:47,699 | INFO | Batch 370 | Loss: 0.2728 | Correct: 117/128 | Elapsed Time: 22.74s
2026-01-19 19:08:10,388 | INFO | Batch 380 | Loss: 0.1989 | Correct: 118/128 | Elapsed Time: 22.69s
2026-01-19 19:08:33,032 | INFO | Batch 390 | Loss: 0.4137 | Correct: 113/128 | Elapsed Time: 22.64s
2026-01-19 19:08:34,499 | INFO | Epoch [41/100] - Loss: 0.2936 | Correct: 44904/50000 (89.81%, 886.02s)
2026-01-19 19:09:49,051 | INFO | Validation - Loss: 0.4344 | Correct: 8558/10000 (85.58%) (74.55s)
2026-01-19 19:10:11,741 | INFO | Batch 10 | Loss: 0.2385 | Correct: 114/128 | Elapsed Time: 22.69s
2026-01-19 19:10:34,397 | INFO | Batch 20 | Loss: 0.3405 | Correct: 112/128 | Elapsed Time: 22.66s
2026-01-19 19:10:56,969 | INFO | Batch 30 | Loss: 0.2195 | Correct: 119/128 | Elapsed Time: 22.57s
2026-01-19 19:11:19,549 | INFO | Batch 40 | Loss: 0.2072 | Correct: 122/128 | Elapsed Time: 22.58s
2026-01-19 19:11:42,129 | INFO | Batch 50 | Loss: 0.3306 | Correct: 114/128 | Elapsed Time: 22.58s
2026-01-19 19:12:04,775 | INFO | Batch 60 | Loss: 0.3361 | Correct: 116/128 | Elapsed Time: 22.65s
2026-01-19 19:12:27,531 | INFO | Batch 70 | Loss: 0.2601 | Correct: 118/128 | Elapsed Time: 22.76s
2026-01-19 19:12:50,161 | INFO | Batch 80 | Loss: 0.2596 | Correct: 114/128 | Elapsed Time: 22.63s
2026-01-19 19:13:12,795 | INFO | Batch 90 | Loss: 0.4606 | Correct: 105/128 | Elapsed Time: 22.63s
2026-01-19 19:13:35,478 | INFO | Batch 100 | Loss: 0.2562 | Correct: 119/128 | Elapsed Time: 22.68s
2026-01-19 19:13:58,108 | INFO | Batch 110 | Loss: 0.2199 | Correct: 118/128 | Elapsed Time: 22.63s
2026-01-19 19:14:20,796 | INFO | Batch 120 | Loss: 0.2810 | Correct: 113/128 | Elapsed Time: 22.69s
2026-01-19 19:14:43,549 | INFO | Batch 130 | Loss: 0.2568 | Correct: 115/128 | Elapsed Time: 22.75s
2026-01-19 19:15:06,173 | INFO | Batch 140 | Loss: 0.3698 | Correct: 111/128 | Elapsed Time: 22.62s
2026-01-19 19:15:28,784 | INFO | Batch 150 | Loss: 0.1767 | Correct: 120/128 | Elapsed Time: 22.61s
2026-01-19 19:15:51,423 | INFO | Batch 160 | Loss: 0.1577 | Correct: 122/128 | Elapsed Time: 22.64s
2026-01-19 19:16:14,066 | INFO | Batch 170 | Loss: 0.3179 | Correct: 117/128 | Elapsed Time: 22.64s
2026-01-19 19:16:36,672 | INFO | Batch 180 | Loss: 0.2996 | Correct: 112/128 | Elapsed Time: 22.61s
2026-01-19 19:16:59,304 | INFO | Batch 190 | Loss: 0.2087 | Correct: 120/128 | Elapsed Time: 22.63s
2026-01-19 19:17:21,971 | INFO | Batch 200 | Loss: 0.2674 | Correct: 113/128 | Elapsed Time: 22.67s
2026-01-19 19:17:44,569 | INFO | Batch 210 | Loss: 0.2823 | Correct: 114/128 | Elapsed Time: 22.60s
2026-01-19 19:18:07,199 | INFO | Batch 220 | Loss: 0.3681 | Correct: 110/128 | Elapsed Time: 22.63s
2026-01-19 19:18:29,877 | INFO | Batch 230 | Loss: 0.2182 | Correct: 119/128 | Elapsed Time: 22.68s
2026-01-19 19:18:52,526 | INFO | Batch 240 | Loss: 0.1767 | Correct: 119/128 | Elapsed Time: 22.65s
2026-01-19 19:19:15,249 | INFO | Batch 250 | Loss: 0.3320 | Correct: 116/128 | Elapsed Time: 22.72s
2026-01-19 19:19:37,958 | INFO | Batch 260 | Loss: 0.2928 | Correct: 111/128 | Elapsed Time: 22.71s
2026-01-19 19:20:00,667 | INFO | Batch 270 | Loss: 0.3321 | Correct: 113/128 | Elapsed Time: 22.71s
2026-01-19 19:20:23,317 | INFO | Batch 280 | Loss: 0.3618 | Correct: 113/128 | Elapsed Time: 22.65s
2026-01-19 19:20:46,030 | INFO | Batch 290 | Loss: 0.3499 | Correct: 110/128 | Elapsed Time: 22.71s
2026-01-19 19:21:08,667 | INFO | Batch 300 | Loss: 0.2611 | Correct: 113/128 | Elapsed Time: 22.64s
2026-01-19 19:21:31,273 | INFO | Batch 310 | Loss: 0.2813 | Correct: 117/128 | Elapsed Time: 22.61s
2026-01-19 19:21:53,868 | INFO | Batch 320 | Loss: 0.3341 | Correct: 114/128 | Elapsed Time: 22.60s
2026-01-19 19:22:16,472 | INFO | Batch 330 | Loss: 0.2824 | Correct: 118/128 | Elapsed Time: 22.60s
2026-01-19 19:22:39,217 | INFO | Batch 340 | Loss: 0.3493 | Correct: 113/128 | Elapsed Time: 22.74s
2026-01-19 19:23:01,854 | INFO | Batch 350 | Loss: 0.3611 | Correct: 116/128 | Elapsed Time: 22.64s
2026-01-19 19:23:24,494 | INFO | Batch 360 | Loss: 0.2190 | Correct: 119/128 | Elapsed Time: 22.64s
2026-01-19 19:23:47,151 | INFO | Batch 370 | Loss: 0.2843 | Correct: 112/128 | Elapsed Time: 22.66s
2026-01-19 19:24:09,768 | INFO | Batch 380 | Loss: 0.2486 | Correct: 119/128 | Elapsed Time: 22.62s
2026-01-19 19:24:32,485 | INFO | Batch 390 | Loss: 0.2133 | Correct: 118/128 | Elapsed Time: 22.72s
2026-01-19 19:24:33,955 | INFO | Epoch [42/100] - Loss: 0.2978 | Correct: 44833/50000 (89.67%, 884.90s)
2026-01-19 19:25:48,613 | INFO | Validation - Loss: 0.4643 | Correct: 8435/10000 (84.35%) (74.66s)
2026-01-19 19:26:11,473 | INFO | Batch 10 | Loss: 0.2185 | Correct: 118/128 | Elapsed Time: 22.86s
2026-01-19 19:26:34,204 | INFO | Batch 20 | Loss: 0.2026 | Correct: 120/128 | Elapsed Time: 22.73s
2026-01-19 19:26:56,888 | INFO | Batch 30 | Loss: 0.3325 | Correct: 116/128 | Elapsed Time: 22.68s
2026-01-19 19:27:19,560 | INFO | Batch 40 | Loss: 0.3581 | Correct: 112/128 | Elapsed Time: 22.67s
2026-01-19 19:27:42,221 | INFO | Batch 50 | Loss: 0.2388 | Correct: 117/128 | Elapsed Time: 22.66s
2026-01-19 19:28:04,907 | INFO | Batch 60 | Loss: 0.2269 | Correct: 118/128 | Elapsed Time: 22.69s
2026-01-19 19:28:27,603 | INFO | Batch 70 | Loss: 0.1761 | Correct: 121/128 | Elapsed Time: 22.70s
2026-01-19 19:28:50,381 | INFO | Batch 80 | Loss: 0.3127 | Correct: 119/128 | Elapsed Time: 22.78s
2026-01-19 19:29:13,026 | INFO | Batch 90 | Loss: 0.2193 | Correct: 117/128 | Elapsed Time: 22.65s
2026-01-19 19:29:35,644 | INFO | Batch 100 | Loss: 0.2736 | Correct: 113/128 | Elapsed Time: 22.62s
2026-01-19 19:29:58,338 | INFO | Batch 110 | Loss: 0.2986 | Correct: 112/128 | Elapsed Time: 22.69s
2026-01-19 19:30:21,042 | INFO | Batch 120 | Loss: 0.2014 | Correct: 118/128 | Elapsed Time: 22.70s
2026-01-19 19:30:43,731 | INFO | Batch 130 | Loss: 0.3421 | Correct: 112/128 | Elapsed Time: 22.69s
2026-01-19 19:31:06,378 | INFO | Batch 140 | Loss: 0.3109 | Correct: 115/128 | Elapsed Time: 22.65s
2026-01-19 19:31:29,022 | INFO | Batch 150 | Loss: 0.2736 | Correct: 115/128 | Elapsed Time: 22.64s
2026-01-19 19:31:51,619 | INFO | Batch 160 | Loss: 0.3509 | Correct: 113/128 | Elapsed Time: 22.60s
2026-01-19 19:32:14,270 | INFO | Batch 170 | Loss: 0.2706 | Correct: 118/128 | Elapsed Time: 22.65s
2026-01-19 19:32:36,923 | INFO | Batch 180 | Loss: 0.1973 | Correct: 119/128 | Elapsed Time: 22.65s
2026-01-19 19:32:59,524 | INFO | Batch 190 | Loss: 0.2458 | Correct: 114/128 | Elapsed Time: 22.60s
2026-01-19 19:33:22,153 | INFO | Batch 200 | Loss: 0.1972 | Correct: 118/128 | Elapsed Time: 22.63s
2026-01-19 19:33:44,788 | INFO | Batch 210 | Loss: 0.3871 | Correct: 111/128 | Elapsed Time: 22.63s
2026-01-19 19:34:07,519 | INFO | Batch 220 | Loss: 0.3189 | Correct: 117/128 | Elapsed Time: 22.73s
2026-01-19 19:34:30,198 | INFO | Batch 230 | Loss: 0.3083 | Correct: 115/128 | Elapsed Time: 22.68s
2026-01-19 19:34:52,907 | INFO | Batch 240 | Loss: 0.2390 | Correct: 121/128 | Elapsed Time: 22.71s
2026-01-19 19:35:15,615 | INFO | Batch 250 | Loss: 0.3499 | Correct: 114/128 | Elapsed Time: 22.71s
2026-01-19 19:35:38,228 | INFO | Batch 260 | Loss: 0.2604 | Correct: 115/128 | Elapsed Time: 22.61s
2026-01-19 19:36:00,832 | INFO | Batch 270 | Loss: 0.2679 | Correct: 117/128 | Elapsed Time: 22.60s
2026-01-19 19:36:23,452 | INFO | Batch 280 | Loss: 0.3539 | Correct: 115/128 | Elapsed Time: 22.62s
2026-01-19 19:36:46,122 | INFO | Batch 290 | Loss: 0.1837 | Correct: 121/128 | Elapsed Time: 22.67s
2026-01-19 19:37:08,738 | INFO | Batch 300 | Loss: 0.3205 | Correct: 117/128 | Elapsed Time: 22.62s
2026-01-19 19:37:31,393 | INFO | Batch 310 | Loss: 0.2854 | Correct: 115/128 | Elapsed Time: 22.66s
2026-01-19 19:37:54,030 | INFO | Batch 320 | Loss: 0.2917 | Correct: 113/128 | Elapsed Time: 22.64s
2026-01-19 19:38:16,690 | INFO | Batch 330 | Loss: 0.3297 | Correct: 113/128 | Elapsed Time: 22.66s
2026-01-19 19:38:39,306 | INFO | Batch 340 | Loss: 0.2102 | Correct: 121/128 | Elapsed Time: 22.62s
2026-01-19 19:39:02,021 | INFO | Batch 350 | Loss: 0.2575 | Correct: 115/128 | Elapsed Time: 22.72s
2026-01-19 19:39:24,753 | INFO | Batch 360 | Loss: 0.3114 | Correct: 113/128 | Elapsed Time: 22.73s
2026-01-19 19:39:47,376 | INFO | Batch 370 | Loss: 0.3290 | Correct: 115/128 | Elapsed Time: 22.62s
2026-01-19 19:40:09,940 | INFO | Batch 380 | Loss: 0.3899 | Correct: 112/128 | Elapsed Time: 22.56s
2026-01-19 19:40:32,575 | INFO | Batch 390 | Loss: 0.4153 | Correct: 109/128 | Elapsed Time: 22.64s
2026-01-19 19:40:34,053 | INFO | Epoch [43/100] - Loss: 0.2903 | Correct: 45050/50000 (90.10%, 885.44s)
2026-01-19 19:41:48,507 | INFO | Validation - Loss: 0.4038 | Correct: 8651/10000 (86.51%) (74.45s)
2026-01-19 19:41:48,683 | INFO | New best model saved at epoch 43 with Top1 Acc: 86.51%
2026-01-19 19:42:11,339 | INFO | Batch 10 | Loss: 0.4088 | Correct: 111/128 | Elapsed Time: 22.66s
2026-01-19 19:42:33,976 | INFO | Batch 20 | Loss: 0.2522 | Correct: 117/128 | Elapsed Time: 22.64s
2026-01-19 19:42:56,652 | INFO | Batch 30 | Loss: 0.2722 | Correct: 115/128 | Elapsed Time: 22.68s
2026-01-19 19:43:19,259 | INFO | Batch 40 | Loss: 0.3264 | Correct: 116/128 | Elapsed Time: 22.61s
2026-01-19 19:43:41,909 | INFO | Batch 50 | Loss: 0.2451 | Correct: 112/128 | Elapsed Time: 22.65s
2026-01-19 19:44:04,548 | INFO | Batch 60 | Loss: 0.2226 | Correct: 121/128 | Elapsed Time: 22.64s
2026-01-19 19:44:27,176 | INFO | Batch 70 | Loss: 0.1967 | Correct: 118/128 | Elapsed Time: 22.63s
2026-01-19 19:44:49,830 | INFO | Batch 80 | Loss: 0.2941 | Correct: 116/128 | Elapsed Time: 22.65s
2026-01-19 19:45:12,466 | INFO | Batch 90 | Loss: 0.2881 | Correct: 117/128 | Elapsed Time: 22.64s
2026-01-19 19:45:35,138 | INFO | Batch 100 | Loss: 0.2662 | Correct: 117/128 | Elapsed Time: 22.67s
2026-01-19 19:45:57,779 | INFO | Batch 110 | Loss: 0.2644 | Correct: 120/128 | Elapsed Time: 22.64s
2026-01-19 19:46:20,402 | INFO | Batch 120 | Loss: 0.1870 | Correct: 119/128 | Elapsed Time: 22.62s
2026-01-19 19:46:43,027 | INFO | Batch 130 | Loss: 0.1823 | Correct: 121/128 | Elapsed Time: 22.63s
2026-01-19 19:47:05,669 | INFO | Batch 140 | Loss: 0.3057 | Correct: 115/128 | Elapsed Time: 22.64s
2026-01-19 19:47:28,298 | INFO | Batch 150 | Loss: 0.2550 | Correct: 117/128 | Elapsed Time: 22.63s
2026-01-19 19:47:50,896 | INFO | Batch 160 | Loss: 0.2201 | Correct: 116/128 | Elapsed Time: 22.60s
2026-01-19 19:48:13,548 | INFO | Batch 170 | Loss: 0.3071 | Correct: 113/128 | Elapsed Time: 22.65s
2026-01-19 19:48:36,185 | INFO | Batch 180 | Loss: 0.1687 | Correct: 120/128 | Elapsed Time: 22.64s
2026-01-19 19:48:58,842 | INFO | Batch 190 | Loss: 0.1616 | Correct: 121/128 | Elapsed Time: 22.66s
2026-01-19 19:49:21,493 | INFO | Batch 200 | Loss: 0.3726 | Correct: 114/128 | Elapsed Time: 22.65s
2026-01-19 19:49:44,143 | INFO | Batch 210 | Loss: 0.3854 | Correct: 111/128 | Elapsed Time: 22.65s
2026-01-19 19:50:06,779 | INFO | Batch 220 | Loss: 0.2808 | Correct: 116/128 | Elapsed Time: 22.64s
2026-01-19 19:50:29,461 | INFO | Batch 230 | Loss: 0.2628 | Correct: 115/128 | Elapsed Time: 22.68s
2026-01-19 19:50:52,126 | INFO | Batch 240 | Loss: 0.2892 | Correct: 115/128 | Elapsed Time: 22.67s
2026-01-19 19:51:14,753 | INFO | Batch 250 | Loss: 0.3028 | Correct: 115/128 | Elapsed Time: 22.63s
2026-01-19 19:51:37,340 | INFO | Batch 260 | Loss: 0.3359 | Correct: 117/128 | Elapsed Time: 22.59s
2026-01-19 19:51:59,943 | INFO | Batch 270 | Loss: 0.2132 | Correct: 122/128 | Elapsed Time: 22.60s
2026-01-19 19:52:22,656 | INFO | Batch 280 | Loss: 0.3111 | Correct: 115/128 | Elapsed Time: 22.71s
2026-01-19 19:52:45,406 | INFO | Batch 290 | Loss: 0.2580 | Correct: 118/128 | Elapsed Time: 22.75s
2026-01-19 19:53:08,019 | INFO | Batch 300 | Loss: 0.2986 | Correct: 114/128 | Elapsed Time: 22.61s
2026-01-19 19:53:30,635 | INFO | Batch 310 | Loss: 0.1976 | Correct: 120/128 | Elapsed Time: 22.62s
2026-01-19 19:53:53,262 | INFO | Batch 320 | Loss: 0.2431 | Correct: 118/128 | Elapsed Time: 22.63s
2026-01-19 19:54:15,897 | INFO | Batch 330 | Loss: 0.3576 | Correct: 117/128 | Elapsed Time: 22.64s
2026-01-19 19:54:38,487 | INFO | Batch 340 | Loss: 0.2672 | Correct: 117/128 | Elapsed Time: 22.59s
2026-01-19 19:55:01,138 | INFO | Batch 350 | Loss: 0.2825 | Correct: 117/128 | Elapsed Time: 22.65s
2026-01-19 19:55:23,797 | INFO | Batch 360 | Loss: 0.3886 | Correct: 106/128 | Elapsed Time: 22.66s
2026-01-19 19:55:46,429 | INFO | Batch 370 | Loss: 0.3502 | Correct: 111/128 | Elapsed Time: 22.63s
2026-01-19 19:56:09,163 | INFO | Batch 380 | Loss: 0.2829 | Correct: 114/128 | Elapsed Time: 22.73s
2026-01-19 19:56:31,774 | INFO | Batch 390 | Loss: 0.2698 | Correct: 116/128 | Elapsed Time: 22.61s
2026-01-19 19:56:33,251 | INFO | Epoch [44/100] - Loss: 0.2904 | Correct: 44947/50000 (89.89%, 884.57s)
2026-01-19 19:57:47,622 | INFO | Validation - Loss: 0.4713 | Correct: 8434/10000 (84.34%) (74.37s)
2026-01-19 19:58:10,376 | INFO | Batch 10 | Loss: 0.3795 | Correct: 110/128 | Elapsed Time: 22.75s
2026-01-19 19:58:33,024 | INFO | Batch 20 | Loss: 0.2561 | Correct: 118/128 | Elapsed Time: 22.65s
2026-01-19 19:58:55,683 | INFO | Batch 30 | Loss: 0.2395 | Correct: 116/128 | Elapsed Time: 22.66s
2026-01-19 19:59:18,318 | INFO | Batch 40 | Loss: 0.3255 | Correct: 112/128 | Elapsed Time: 22.64s
2026-01-19 19:59:40,996 | INFO | Batch 50 | Loss: 0.1683 | Correct: 123/128 | Elapsed Time: 22.68s
2026-01-19 20:00:03,606 | INFO | Batch 60 | Loss: 0.2939 | Correct: 115/128 | Elapsed Time: 22.61s
2026-01-19 20:00:26,227 | INFO | Batch 70 | Loss: 0.2840 | Correct: 117/128 | Elapsed Time: 22.62s
2026-01-19 20:00:48,875 | INFO | Batch 80 | Loss: 0.2842 | Correct: 116/128 | Elapsed Time: 22.65s
2026-01-19 20:01:11,538 | INFO | Batch 90 | Loss: 0.2500 | Correct: 117/128 | Elapsed Time: 22.66s
2026-01-19 20:01:34,173 | INFO | Batch 100 | Loss: 0.2967 | Correct: 110/128 | Elapsed Time: 22.64s
2026-01-19 20:01:56,812 | INFO | Batch 110 | Loss: 0.3706 | Correct: 113/128 | Elapsed Time: 22.64s
2026-01-19 20:02:19,594 | INFO | Batch 120 | Loss: 0.2719 | Correct: 117/128 | Elapsed Time: 22.78s
2026-01-19 20:02:42,258 | INFO | Batch 130 | Loss: 0.3680 | Correct: 113/128 | Elapsed Time: 22.66s
2026-01-19 20:03:04,972 | INFO | Batch 140 | Loss: 0.2330 | Correct: 117/128 | Elapsed Time: 22.71s
2026-01-19 20:03:27,688 | INFO | Batch 150 | Loss: 0.3002 | Correct: 117/128 | Elapsed Time: 22.72s
2026-01-19 20:03:50,464 | INFO | Batch 160 | Loss: 0.2223 | Correct: 118/128 | Elapsed Time: 22.78s
2026-01-19 20:04:13,068 | INFO | Batch 170 | Loss: 0.3045 | Correct: 112/128 | Elapsed Time: 22.60s
2026-01-19 20:04:35,674 | INFO | Batch 180 | Loss: 0.3092 | Correct: 113/128 | Elapsed Time: 22.61s
2026-01-19 20:04:58,384 | INFO | Batch 190 | Loss: 0.2956 | Correct: 115/128 | Elapsed Time: 22.71s
2026-01-19 20:05:20,974 | INFO | Batch 200 | Loss: 0.3257 | Correct: 113/128 | Elapsed Time: 22.59s
2026-01-19 20:05:43,594 | INFO | Batch 210 | Loss: 0.4247 | Correct: 110/128 | Elapsed Time: 22.62s
2026-01-19 20:06:06,242 | INFO | Batch 220 | Loss: 0.3965 | Correct: 113/128 | Elapsed Time: 22.65s
2026-01-19 20:06:28,892 | INFO | Batch 230 | Loss: 0.3095 | Correct: 114/128 | Elapsed Time: 22.65s
2026-01-19 20:06:51,509 | INFO | Batch 240 | Loss: 0.2238 | Correct: 118/128 | Elapsed Time: 22.62s
2026-01-19 20:07:14,132 | INFO | Batch 250 | Loss: 0.2803 | Correct: 116/128 | Elapsed Time: 22.62s
2026-01-19 20:07:36,794 | INFO | Batch 260 | Loss: 0.3120 | Correct: 113/128 | Elapsed Time: 22.66s
2026-01-19 20:07:59,430 | INFO | Batch 270 | Loss: 0.2731 | Correct: 117/128 | Elapsed Time: 22.64s
2026-01-19 20:08:22,080 | INFO | Batch 280 | Loss: 0.2446 | Correct: 118/128 | Elapsed Time: 22.65s
2026-01-19 20:08:44,732 | INFO | Batch 290 | Loss: 0.2182 | Correct: 117/128 | Elapsed Time: 22.65s
2026-01-19 20:09:07,375 | INFO | Batch 300 | Loss: 0.3866 | Correct: 108/128 | Elapsed Time: 22.64s
2026-01-19 20:09:29,997 | INFO | Batch 310 | Loss: 0.2419 | Correct: 120/128 | Elapsed Time: 22.62s
2026-01-19 20:09:52,635 | INFO | Batch 320 | Loss: 0.2925 | Correct: 113/128 | Elapsed Time: 22.64s
2026-01-19 20:10:15,333 | INFO | Batch 330 | Loss: 0.2775 | Correct: 114/128 | Elapsed Time: 22.70s
2026-01-19 20:10:38,024 | INFO | Batch 340 | Loss: 0.1549 | Correct: 121/128 | Elapsed Time: 22.69s
2026-01-19 20:11:00,700 | INFO | Batch 350 | Loss: 0.4762 | Correct: 111/128 | Elapsed Time: 22.68s
2026-01-19 20:11:23,301 | INFO | Batch 360 | Loss: 0.1753 | Correct: 119/128 | Elapsed Time: 22.60s
2026-01-19 20:11:45,921 | INFO | Batch 370 | Loss: 0.2631 | Correct: 118/128 | Elapsed Time: 22.62s
2026-01-19 20:12:08,555 | INFO | Batch 380 | Loss: 0.2794 | Correct: 115/128 | Elapsed Time: 22.63s
2026-01-19 20:12:31,189 | INFO | Batch 390 | Loss: 0.2586 | Correct: 116/128 | Elapsed Time: 22.63s
2026-01-19 20:12:32,666 | INFO | Epoch [45/100] - Loss: 0.2857 | Correct: 45050/50000 (90.10%, 885.04s)
2026-01-19 20:13:47,082 | INFO | Validation - Loss: 0.4241 | Correct: 8591/10000 (85.91%) (74.42s)
2026-01-19 20:14:09,755 | INFO | Batch 10 | Loss: 0.2268 | Correct: 122/128 | Elapsed Time: 22.67s
2026-01-19 20:14:32,372 | INFO | Batch 20 | Loss: 0.1920 | Correct: 121/128 | Elapsed Time: 22.62s
2026-01-19 20:14:54,965 | INFO | Batch 30 | Loss: 0.2518 | Correct: 117/128 | Elapsed Time: 22.59s
2026-01-19 20:15:17,677 | INFO | Batch 40 | Loss: 0.3341 | Correct: 115/128 | Elapsed Time: 22.71s
2026-01-19 20:15:40,310 | INFO | Batch 50 | Loss: 0.2001 | Correct: 118/128 | Elapsed Time: 22.63s
2026-01-19 20:16:02,950 | INFO | Batch 60 | Loss: 0.2030 | Correct: 120/128 | Elapsed Time: 22.64s
2026-01-19 20:16:25,668 | INFO | Batch 70 | Loss: 0.2260 | Correct: 118/128 | Elapsed Time: 22.72s
2026-01-19 20:16:48,290 | INFO | Batch 80 | Loss: 0.2251 | Correct: 114/128 | Elapsed Time: 22.62s
2026-01-19 20:17:10,956 | INFO | Batch 90 | Loss: 0.3014 | Correct: 112/128 | Elapsed Time: 22.67s
2026-01-19 20:17:33,634 | INFO | Batch 100 | Loss: 0.2737 | Correct: 116/128 | Elapsed Time: 22.68s
2026-01-19 20:17:56,272 | INFO | Batch 110 | Loss: 0.2190 | Correct: 118/128 | Elapsed Time: 22.64s
2026-01-19 20:18:19,014 | INFO | Batch 120 | Loss: 0.2884 | Correct: 114/128 | Elapsed Time: 22.74s
2026-01-19 20:18:41,887 | INFO | Batch 130 | Loss: 0.3231 | Correct: 112/128 | Elapsed Time: 22.87s
2026-01-19 20:19:04,709 | INFO | Batch 140 | Loss: 0.3034 | Correct: 117/128 | Elapsed Time: 22.82s
2026-01-19 20:19:27,386 | INFO | Batch 150 | Loss: 0.3420 | Correct: 114/128 | Elapsed Time: 22.68s
2026-01-19 20:19:50,053 | INFO | Batch 160 | Loss: 0.3500 | Correct: 113/128 | Elapsed Time: 22.67s
2026-01-19 20:20:12,742 | INFO | Batch 170 | Loss: 0.1850 | Correct: 123/128 | Elapsed Time: 22.69s
2026-01-19 20:20:35,400 | INFO | Batch 180 | Loss: 0.3389 | Correct: 114/128 | Elapsed Time: 22.66s
2026-01-19 20:20:58,024 | INFO | Batch 190 | Loss: 0.3179 | Correct: 115/128 | Elapsed Time: 22.62s
2026-01-19 20:21:20,777 | INFO | Batch 200 | Loss: 0.3618 | Correct: 111/128 | Elapsed Time: 22.75s
2026-01-19 20:21:43,468 | INFO | Batch 210 | Loss: 0.2576 | Correct: 116/128 | Elapsed Time: 22.69s
2026-01-19 20:22:06,234 | INFO | Batch 220 | Loss: 0.2917 | Correct: 116/128 | Elapsed Time: 22.77s
2026-01-19 20:22:29,047 | INFO | Batch 230 | Loss: 0.2794 | Correct: 115/128 | Elapsed Time: 22.81s
2026-01-19 20:22:51,814 | INFO | Batch 240 | Loss: 0.2226 | Correct: 118/128 | Elapsed Time: 22.77s
2026-01-19 20:23:14,527 | INFO | Batch 250 | Loss: 0.3584 | Correct: 115/128 | Elapsed Time: 22.71s
2026-01-19 20:23:37,164 | INFO | Batch 260 | Loss: 0.3409 | Correct: 115/128 | Elapsed Time: 22.64s
2026-01-19 20:23:59,874 | INFO | Batch 270 | Loss: 0.2849 | Correct: 117/128 | Elapsed Time: 22.71s
2026-01-19 20:24:22,540 | INFO | Batch 280 | Loss: 0.2347 | Correct: 119/128 | Elapsed Time: 22.67s
2026-01-19 20:24:45,194 | INFO | Batch 290 | Loss: 0.2666 | Correct: 119/128 | Elapsed Time: 22.65s
2026-01-19 20:25:07,854 | INFO | Batch 300 | Loss: 0.4543 | Correct: 112/128 | Elapsed Time: 22.66s
2026-01-19 20:25:30,526 | INFO | Batch 310 | Loss: 0.3267 | Correct: 117/128 | Elapsed Time: 22.67s
2026-01-19 20:25:53,194 | INFO | Batch 320 | Loss: 0.4257 | Correct: 109/128 | Elapsed Time: 22.67s
2026-01-19 20:26:15,848 | INFO | Batch 330 | Loss: 0.3274 | Correct: 116/128 | Elapsed Time: 22.65s
2026-01-19 20:26:38,707 | INFO | Batch 340 | Loss: 0.2936 | Correct: 113/128 | Elapsed Time: 22.86s
2026-01-19 20:27:01,379 | INFO | Batch 350 | Loss: 0.3163 | Correct: 116/128 | Elapsed Time: 22.67s
2026-01-19 20:27:24,011 | INFO | Batch 360 | Loss: 0.3901 | Correct: 112/128 | Elapsed Time: 22.63s
2026-01-19 20:27:46,682 | INFO | Batch 370 | Loss: 0.2999 | Correct: 118/128 | Elapsed Time: 22.67s
2026-01-19 20:28:09,288 | INFO | Batch 380 | Loss: 0.4513 | Correct: 107/128 | Elapsed Time: 22.61s
2026-01-19 20:28:31,885 | INFO | Batch 390 | Loss: 0.2545 | Correct: 117/128 | Elapsed Time: 22.60s
2026-01-19 20:28:33,360 | INFO | Epoch [46/100] - Loss: 0.2875 | Correct: 45044/50000 (90.09%, 886.28s)
2026-01-19 20:29:47,791 | INFO | Validation - Loss: 0.4402 | Correct: 8562/10000 (85.62%) (74.43s)
2026-01-19 20:30:10,494 | INFO | Batch 10 | Loss: 0.3786 | Correct: 112/128 | Elapsed Time: 22.70s
2026-01-19 20:30:33,207 | INFO | Batch 20 | Loss: 0.2486 | Correct: 119/128 | Elapsed Time: 22.71s
2026-01-19 20:30:55,820 | INFO | Batch 30 | Loss: 0.1679 | Correct: 122/128 | Elapsed Time: 22.61s
2026-01-19 20:31:18,413 | INFO | Batch 40 | Loss: 0.2373 | Correct: 116/128 | Elapsed Time: 22.59s
2026-01-19 20:31:41,069 | INFO | Batch 50 | Loss: 0.2311 | Correct: 118/128 | Elapsed Time: 22.66s
2026-01-19 20:32:03,736 | INFO | Batch 60 | Loss: 0.2491 | Correct: 118/128 | Elapsed Time: 22.67s
2026-01-19 20:32:26,402 | INFO | Batch 70 | Loss: 0.1695 | Correct: 119/128 | Elapsed Time: 22.67s
2026-01-19 20:32:49,080 | INFO | Batch 80 | Loss: 0.2563 | Correct: 116/128 | Elapsed Time: 22.68s
2026-01-19 20:33:11,855 | INFO | Batch 90 | Loss: 0.3941 | Correct: 112/128 | Elapsed Time: 22.77s
2026-01-19 20:33:34,494 | INFO | Batch 100 | Loss: 0.3119 | Correct: 114/128 | Elapsed Time: 22.64s
2026-01-19 20:33:57,165 | INFO | Batch 110 | Loss: 0.2585 | Correct: 115/128 | Elapsed Time: 22.67s
2026-01-19 20:34:19,832 | INFO | Batch 120 | Loss: 0.2552 | Correct: 117/128 | Elapsed Time: 22.67s
2026-01-19 20:34:42,481 | INFO | Batch 130 | Loss: 0.4450 | Correct: 108/128 | Elapsed Time: 22.65s
2026-01-19 20:35:05,149 | INFO | Batch 140 | Loss: 0.3342 | Correct: 111/128 | Elapsed Time: 22.67s
2026-01-19 20:35:27,803 | INFO | Batch 150 | Loss: 0.1866 | Correct: 122/128 | Elapsed Time: 22.65s
2026-01-19 20:35:50,552 | INFO | Batch 160 | Loss: 0.3343 | Correct: 116/128 | Elapsed Time: 22.75s
2026-01-19 20:36:13,223 | INFO | Batch 170 | Loss: 0.2834 | Correct: 118/128 | Elapsed Time: 22.67s
2026-01-19 20:36:35,937 | INFO | Batch 180 | Loss: 0.2199 | Correct: 116/128 | Elapsed Time: 22.71s
2026-01-19 20:36:58,579 | INFO | Batch 190 | Loss: 0.3751 | Correct: 113/128 | Elapsed Time: 22.64s
2026-01-19 20:37:21,200 | INFO | Batch 200 | Loss: 0.2092 | Correct: 117/128 | Elapsed Time: 22.62s
2026-01-19 20:37:43,851 | INFO | Batch 210 | Loss: 0.3846 | Correct: 104/128 | Elapsed Time: 22.65s
2026-01-19 20:38:06,568 | INFO | Batch 220 | Loss: 0.2186 | Correct: 119/128 | Elapsed Time: 22.72s
2026-01-19 20:38:29,280 | INFO | Batch 230 | Loss: 0.4027 | Correct: 111/128 | Elapsed Time: 22.71s
2026-01-19 20:38:51,952 | INFO | Batch 240 | Loss: 0.2754 | Correct: 119/128 | Elapsed Time: 22.67s
2026-01-19 20:39:14,610 | INFO | Batch 250 | Loss: 0.3358 | Correct: 116/128 | Elapsed Time: 22.66s
2026-01-19 20:39:37,257 | INFO | Batch 260 | Loss: 0.2765 | Correct: 115/128 | Elapsed Time: 22.65s
2026-01-19 20:39:59,993 | INFO | Batch 270 | Loss: 0.4284 | Correct: 105/128 | Elapsed Time: 22.74s
2026-01-19 20:40:22,734 | INFO | Batch 280 | Loss: 0.1909 | Correct: 121/128 | Elapsed Time: 22.74s
2026-01-19 20:40:45,459 | INFO | Batch 290 | Loss: 0.2955 | Correct: 114/128 | Elapsed Time: 22.72s
2026-01-19 20:41:08,152 | INFO | Batch 300 | Loss: 0.2784 | Correct: 113/128 | Elapsed Time: 22.69s
2026-01-19 20:41:30,804 | INFO | Batch 310 | Loss: 0.2741 | Correct: 115/128 | Elapsed Time: 22.65s
2026-01-19 20:41:53,474 | INFO | Batch 320 | Loss: 0.2369 | Correct: 122/128 | Elapsed Time: 22.67s
2026-01-19 20:42:16,212 | INFO | Batch 330 | Loss: 0.3421 | Correct: 110/128 | Elapsed Time: 22.74s
2026-01-19 20:42:38,911 | INFO | Batch 340 | Loss: 0.3563 | Correct: 115/128 | Elapsed Time: 22.70s
2026-01-19 20:43:01,539 | INFO | Batch 350 | Loss: 0.3984 | Correct: 113/128 | Elapsed Time: 22.63s
2026-01-19 20:43:24,214 | INFO | Batch 360 | Loss: 0.2766 | Correct: 117/128 | Elapsed Time: 22.67s
2026-01-19 20:43:46,875 | INFO | Batch 370 | Loss: 0.3906 | Correct: 115/128 | Elapsed Time: 22.66s
2026-01-19 20:44:09,477 | INFO | Batch 380 | Loss: 0.3397 | Correct: 114/128 | Elapsed Time: 22.60s
2026-01-19 20:44:32,088 | INFO | Batch 390 | Loss: 0.3215 | Correct: 110/128 | Elapsed Time: 22.61s
2026-01-19 20:44:33,582 | INFO | Epoch [47/100] - Loss: 0.2794 | Correct: 45155/50000 (90.31%, 885.79s)
2026-01-19 20:45:48,089 | INFO | Validation - Loss: 0.4390 | Correct: 8619/10000 (86.19%) (74.51s)
2026-01-19 20:46:10,788 | INFO | Batch 10 | Loss: 0.2467 | Correct: 116/128 | Elapsed Time: 22.70s
2026-01-19 20:46:33,426 | INFO | Batch 20 | Loss: 0.2503 | Correct: 117/128 | Elapsed Time: 22.64s
2026-01-19 20:46:56,058 | INFO | Batch 30 | Loss: 0.2669 | Correct: 117/128 | Elapsed Time: 22.63s
2026-01-19 20:47:18,797 | INFO | Batch 40 | Loss: 0.1849 | Correct: 120/128 | Elapsed Time: 22.74s
2026-01-19 20:47:41,450 | INFO | Batch 50 | Loss: 0.1257 | Correct: 121/128 | Elapsed Time: 22.65s
2026-01-19 20:48:04,093 | INFO | Batch 60 | Loss: 0.4093 | Correct: 110/128 | Elapsed Time: 22.64s
2026-01-19 20:48:26,708 | INFO | Batch 70 | Loss: 0.2423 | Correct: 117/128 | Elapsed Time: 22.62s
2026-01-19 20:48:49,363 | INFO | Batch 80 | Loss: 0.2852 | Correct: 112/128 | Elapsed Time: 22.65s
2026-01-19 20:49:11,992 | INFO | Batch 90 | Loss: 0.2407 | Correct: 116/128 | Elapsed Time: 22.63s
2026-01-19 20:49:34,715 | INFO | Batch 100 | Loss: 0.4166 | Correct: 110/128 | Elapsed Time: 22.72s
2026-01-19 20:49:57,460 | INFO | Batch 110 | Loss: 0.2441 | Correct: 116/128 | Elapsed Time: 22.75s
2026-01-19 20:50:20,049 | INFO | Batch 120 | Loss: 0.4649 | Correct: 109/128 | Elapsed Time: 22.59s
2026-01-19 20:50:42,686 | INFO | Batch 130 | Loss: 0.2996 | Correct: 113/128 | Elapsed Time: 22.64s
2026-01-19 20:51:05,365 | INFO | Batch 140 | Loss: 0.2771 | Correct: 116/128 | Elapsed Time: 22.68s
2026-01-19 20:51:27,995 | INFO | Batch 150 | Loss: 0.4410 | Correct: 113/128 | Elapsed Time: 22.63s
2026-01-19 20:51:50,629 | INFO | Batch 160 | Loss: 0.3607 | Correct: 111/128 | Elapsed Time: 22.63s
2026-01-19 20:52:13,253 | INFO | Batch 170 | Loss: 0.2134 | Correct: 118/128 | Elapsed Time: 22.62s
2026-01-19 20:52:35,923 | INFO | Batch 180 | Loss: 0.2156 | Correct: 118/128 | Elapsed Time: 22.67s
2026-01-19 20:52:58,617 | INFO | Batch 190 | Loss: 0.3549 | Correct: 110/128 | Elapsed Time: 22.69s
2026-01-19 20:53:21,251 | INFO | Batch 200 | Loss: 0.3863 | Correct: 111/128 | Elapsed Time: 22.63s
2026-01-19 20:53:43,920 | INFO | Batch 210 | Loss: 0.3196 | Correct: 117/128 | Elapsed Time: 22.67s
2026-01-19 20:54:06,532 | INFO | Batch 220 | Loss: 0.3386 | Correct: 117/128 | Elapsed Time: 22.61s
2026-01-19 20:54:29,162 | INFO | Batch 230 | Loss: 0.2564 | Correct: 116/128 | Elapsed Time: 22.63s
2026-01-19 20:54:51,814 | INFO | Batch 240 | Loss: 0.2818 | Correct: 114/128 | Elapsed Time: 22.65s
2026-01-19 20:55:14,504 | INFO | Batch 250 | Loss: 0.2672 | Correct: 116/128 | Elapsed Time: 22.69s
2026-01-19 20:55:37,155 | INFO | Batch 260 | Loss: 0.3261 | Correct: 116/128 | Elapsed Time: 22.65s
2026-01-19 20:55:59,764 | INFO | Batch 270 | Loss: 0.4045 | Correct: 107/128 | Elapsed Time: 22.61s
2026-01-19 20:56:22,398 | INFO | Batch 280 | Loss: 0.2390 | Correct: 115/128 | Elapsed Time: 22.63s
2026-01-19 20:56:45,040 | INFO | Batch 290 | Loss: 0.2133 | Correct: 120/128 | Elapsed Time: 22.64s
2026-01-19 20:57:07,705 | INFO | Batch 300 | Loss: 0.2610 | Correct: 117/128 | Elapsed Time: 22.66s
2026-01-19 20:57:30,422 | INFO | Batch 310 | Loss: 0.2392 | Correct: 116/128 | Elapsed Time: 22.72s
2026-01-19 20:57:53,108 | INFO | Batch 320 | Loss: 0.2646 | Correct: 116/128 | Elapsed Time: 22.69s
2026-01-19 20:58:15,708 | INFO | Batch 330 | Loss: 0.3668 | Correct: 115/128 | Elapsed Time: 22.60s
2026-01-19 20:58:38,337 | INFO | Batch 340 | Loss: 0.2454 | Correct: 120/128 | Elapsed Time: 22.63s
2026-01-19 20:59:00,951 | INFO | Batch 350 | Loss: 0.3442 | Correct: 113/128 | Elapsed Time: 22.61s
2026-01-19 20:59:23,570 | INFO | Batch 360 | Loss: 0.2315 | Correct: 115/128 | Elapsed Time: 22.62s
2026-01-19 20:59:46,167 | INFO | Batch 370 | Loss: 0.2881 | Correct: 117/128 | Elapsed Time: 22.60s
2026-01-19 21:00:08,772 | INFO | Batch 380 | Loss: 0.3063 | Correct: 115/128 | Elapsed Time: 22.61s
2026-01-19 21:00:31,423 | INFO | Batch 390 | Loss: 0.2187 | Correct: 116/128 | Elapsed Time: 22.65s
2026-01-19 21:00:32,895 | INFO | Epoch [48/100] - Loss: 0.2858 | Correct: 45136/50000 (90.27%, 884.80s)
2026-01-19 21:01:47,270 | INFO | Validation - Loss: 0.4509 | Correct: 8514/10000 (85.14%) (74.37s)
2026-01-19 21:02:09,938 | INFO | Batch 10 | Loss: 0.2438 | Correct: 119/128 | Elapsed Time: 22.66s
2026-01-19 21:02:32,556 | INFO | Batch 20 | Loss: 0.1644 | Correct: 120/128 | Elapsed Time: 22.62s
2026-01-19 21:02:55,178 | INFO | Batch 30 | Loss: 0.2649 | Correct: 116/128 | Elapsed Time: 22.62s
2026-01-19 21:03:17,795 | INFO | Batch 40 | Loss: 0.2765 | Correct: 118/128 | Elapsed Time: 22.62s
2026-01-19 21:03:40,463 | INFO | Batch 50 | Loss: 0.2239 | Correct: 120/128 | Elapsed Time: 22.67s
2026-01-19 21:04:03,253 | INFO | Batch 60 | Loss: 0.2233 | Correct: 119/128 | Elapsed Time: 22.79s
2026-01-19 21:04:25,926 | INFO | Batch 70 | Loss: 0.2379 | Correct: 119/128 | Elapsed Time: 22.67s
2026-01-19 21:04:48,561 | INFO | Batch 80 | Loss: 0.2446 | Correct: 118/128 | Elapsed Time: 22.64s
2026-01-19 21:05:11,190 | INFO | Batch 90 | Loss: 0.1953 | Correct: 119/128 | Elapsed Time: 22.63s
2026-01-19 21:05:33,848 | INFO | Batch 100 | Loss: 0.3034 | Correct: 117/128 | Elapsed Time: 22.66s
2026-01-19 21:05:56,485 | INFO | Batch 110 | Loss: 0.3615 | Correct: 113/128 | Elapsed Time: 22.64s
2026-01-19 21:06:19,135 | INFO | Batch 120 | Loss: 0.3483 | Correct: 113/128 | Elapsed Time: 22.65s
2026-01-19 21:06:41,865 | INFO | Batch 130 | Loss: 0.2726 | Correct: 115/128 | Elapsed Time: 22.73s
2026-01-19 21:07:04,520 | INFO | Batch 140 | Loss: 0.3104 | Correct: 112/128 | Elapsed Time: 22.65s
2026-01-19 21:07:27,129 | INFO | Batch 150 | Loss: 0.3488 | Correct: 111/128 | Elapsed Time: 22.61s
2026-01-19 21:07:49,791 | INFO | Batch 160 | Loss: 0.2806 | Correct: 113/128 | Elapsed Time: 22.66s
2026-01-19 21:08:12,432 | INFO | Batch 170 | Loss: 0.2354 | Correct: 117/128 | Elapsed Time: 22.64s
2026-01-19 21:08:35,068 | INFO | Batch 180 | Loss: 0.2484 | Correct: 116/128 | Elapsed Time: 22.64s
2026-01-19 21:08:57,699 | INFO | Batch 190 | Loss: 0.2809 | Correct: 114/128 | Elapsed Time: 22.63s
2026-01-19 21:09:20,383 | INFO | Batch 200 | Loss: 0.1871 | Correct: 121/128 | Elapsed Time: 22.68s
2026-01-19 21:09:42,962 | INFO | Batch 210 | Loss: 0.2154 | Correct: 118/128 | Elapsed Time: 22.58s
2026-01-19 21:10:05,602 | INFO | Batch 220 | Loss: 0.3742 | Correct: 112/128 | Elapsed Time: 22.64s
2026-01-19 21:10:28,227 | INFO | Batch 230 | Loss: 0.3777 | Correct: 113/128 | Elapsed Time: 22.62s
2026-01-19 21:10:50,819 | INFO | Batch 240 | Loss: 0.2770 | Correct: 116/128 | Elapsed Time: 22.59s
2026-01-19 21:11:13,435 | INFO | Batch 250 | Loss: 0.3039 | Correct: 115/128 | Elapsed Time: 22.62s
2026-01-19 21:11:36,007 | INFO | Batch 260 | Loss: 0.2334 | Correct: 117/128 | Elapsed Time: 22.57s
2026-01-19 21:11:58,693 | INFO | Batch 270 | Loss: 0.2891 | Correct: 116/128 | Elapsed Time: 22.69s
2026-01-19 21:12:21,354 | INFO | Batch 280 | Loss: 0.2348 | Correct: 118/128 | Elapsed Time: 22.66s
2026-01-19 21:12:43,954 | INFO | Batch 290 | Loss: 0.2220 | Correct: 121/128 | Elapsed Time: 22.60s
2026-01-19 21:13:06,534 | INFO | Batch 300 | Loss: 0.3424 | Correct: 113/128 | Elapsed Time: 22.58s
2026-01-19 21:13:29,148 | INFO | Batch 310 | Loss: 0.4000 | Correct: 111/128 | Elapsed Time: 22.61s
2026-01-19 21:13:51,794 | INFO | Batch 320 | Loss: 0.3926 | Correct: 112/128 | Elapsed Time: 22.65s
2026-01-19 21:14:14,488 | INFO | Batch 330 | Loss: 0.3474 | Correct: 111/128 | Elapsed Time: 22.69s
2026-01-19 21:14:37,236 | INFO | Batch 340 | Loss: 0.2886 | Correct: 113/128 | Elapsed Time: 22.75s
2026-01-19 21:14:59,927 | INFO | Batch 350 | Loss: 0.1801 | Correct: 123/128 | Elapsed Time: 22.69s
2026-01-19 21:15:22,617 | INFO | Batch 360 | Loss: 0.3225 | Correct: 115/128 | Elapsed Time: 22.69s
2026-01-19 21:15:45,277 | INFO | Batch 370 | Loss: 0.3180 | Correct: 112/128 | Elapsed Time: 22.66s
2026-01-19 21:16:07,973 | INFO | Batch 380 | Loss: 0.2075 | Correct: 119/128 | Elapsed Time: 22.70s
2026-01-19 21:16:30,634 | INFO | Batch 390 | Loss: 0.3534 | Correct: 110/128 | Elapsed Time: 22.66s
2026-01-19 21:16:32,097 | INFO | Epoch [49/100] - Loss: 0.2831 | Correct: 45062/50000 (90.12%, 884.82s)
2026-01-19 21:17:46,557 | INFO | Validation - Loss: 0.4131 | Correct: 8653/10000 (86.53%) (74.46s)
2026-01-19 21:17:46,692 | INFO | New best model saved at epoch 49 with Top1 Acc: 86.53%
2026-01-19 21:18:09,465 | INFO | Batch 10 | Loss: 0.3364 | Correct: 110/128 | Elapsed Time: 22.77s
2026-01-19 21:18:32,157 | INFO | Batch 20 | Loss: 0.3129 | Correct: 116/128 | Elapsed Time: 22.69s
2026-01-19 21:18:54,877 | INFO | Batch 30 | Loss: 0.2837 | Correct: 111/128 | Elapsed Time: 22.72s
2026-01-19 21:19:17,580 | INFO | Batch 40 | Loss: 0.2319 | Correct: 120/128 | Elapsed Time: 22.70s
2026-01-19 21:19:40,217 | INFO | Batch 50 | Loss: 0.1675 | Correct: 121/128 | Elapsed Time: 22.64s
2026-01-19 21:20:02,911 | INFO | Batch 60 | Loss: 0.3727 | Correct: 112/128 | Elapsed Time: 22.69s
2026-01-19 21:20:25,664 | INFO | Batch 70 | Loss: 0.2272 | Correct: 121/128 | Elapsed Time: 22.75s
2026-01-19 21:20:48,272 | INFO | Batch 80 | Loss: 0.3203 | Correct: 117/128 | Elapsed Time: 22.61s
2026-01-19 21:21:10,915 | INFO | Batch 90 | Loss: 0.2388 | Correct: 119/128 | Elapsed Time: 22.64s
2026-01-19 21:21:33,543 | INFO | Batch 100 | Loss: 0.2994 | Correct: 117/128 | Elapsed Time: 22.63s
2026-01-19 21:21:56,156 | INFO | Batch 110 | Loss: 0.3251 | Correct: 114/128 | Elapsed Time: 22.61s
2026-01-19 21:22:18,750 | INFO | Batch 120 | Loss: 0.2745 | Correct: 117/128 | Elapsed Time: 22.59s
2026-01-19 21:22:41,390 | INFO | Batch 130 | Loss: 0.3144 | Correct: 113/128 | Elapsed Time: 22.64s
2026-01-19 21:23:04,092 | INFO | Batch 140 | Loss: 0.2673 | Correct: 117/128 | Elapsed Time: 22.70s
2026-01-19 21:23:26,855 | INFO | Batch 150 | Loss: 0.1647 | Correct: 122/128 | Elapsed Time: 22.76s
2026-01-19 21:23:49,517 | INFO | Batch 160 | Loss: 0.2630 | Correct: 115/128 | Elapsed Time: 22.66s
2026-01-19 21:24:12,173 | INFO | Batch 170 | Loss: 0.1963 | Correct: 119/128 | Elapsed Time: 22.66s
2026-01-19 21:24:34,807 | INFO | Batch 180 | Loss: 0.3819 | Correct: 112/128 | Elapsed Time: 22.63s
2026-01-19 21:24:57,461 | INFO | Batch 190 | Loss: 0.2988 | Correct: 115/128 | Elapsed Time: 22.65s
2026-01-19 21:25:20,171 | INFO | Batch 200 | Loss: 0.1990 | Correct: 117/128 | Elapsed Time: 22.71s
2026-01-19 21:25:42,954 | INFO | Batch 210 | Loss: 0.2126 | Correct: 119/128 | Elapsed Time: 22.78s
2026-01-19 21:26:05,619 | INFO | Batch 220 | Loss: 0.1819 | Correct: 122/128 | Elapsed Time: 22.66s
2026-01-19 21:26:28,246 | INFO | Batch 230 | Loss: 0.2975 | Correct: 113/128 | Elapsed Time: 22.63s
2026-01-19 21:26:50,885 | INFO | Batch 240 | Loss: 0.2884 | Correct: 115/128 | Elapsed Time: 22.64s
2026-01-19 21:27:13,523 | INFO | Batch 250 | Loss: 0.2717 | Correct: 113/128 | Elapsed Time: 22.64s
2026-01-19 21:27:36,188 | INFO | Batch 260 | Loss: 0.3821 | Correct: 108/128 | Elapsed Time: 22.67s
2026-01-19 21:27:58,818 | INFO | Batch 270 | Loss: 0.3271 | Correct: 112/128 | Elapsed Time: 22.63s
2026-01-19 21:28:21,556 | INFO | Batch 280 | Loss: 0.2110 | Correct: 119/128 | Elapsed Time: 22.74s
2026-01-19 21:28:44,226 | INFO | Batch 290 | Loss: 0.2590 | Correct: 114/128 | Elapsed Time: 22.67s
2026-01-19 21:29:06,912 | INFO | Batch 300 | Loss: 0.2788 | Correct: 117/128 | Elapsed Time: 22.69s
2026-01-19 21:29:29,546 | INFO | Batch 310 | Loss: 0.2651 | Correct: 118/128 | Elapsed Time: 22.63s
2026-01-19 21:29:52,198 | INFO | Batch 320 | Loss: 0.3600 | Correct: 110/128 | Elapsed Time: 22.65s
2026-01-19 21:30:14,880 | INFO | Batch 330 | Loss: 0.4387 | Correct: 111/128 | Elapsed Time: 22.68s
2026-01-19 21:30:37,568 | INFO | Batch 340 | Loss: 0.2455 | Correct: 116/128 | Elapsed Time: 22.69s
2026-01-19 21:31:00,257 | INFO | Batch 350 | Loss: 0.2041 | Correct: 120/128 | Elapsed Time: 22.69s
2026-01-19 21:31:22,913 | INFO | Batch 360 | Loss: 0.2243 | Correct: 119/128 | Elapsed Time: 22.66s
2026-01-19 21:31:45,589 | INFO | Batch 370 | Loss: 0.3670 | Correct: 110/128 | Elapsed Time: 22.68s
2026-01-19 21:32:08,217 | INFO | Batch 380 | Loss: 0.3137 | Correct: 117/128 | Elapsed Time: 22.63s
2026-01-19 21:32:30,872 | INFO | Batch 390 | Loss: 0.2371 | Correct: 121/128 | Elapsed Time: 22.66s
2026-01-19 21:32:32,362 | INFO | Epoch [50/100] - Loss: 0.2820 | Correct: 45182/50000 (90.36%, 885.67s)
2026-01-19 21:33:46,805 | INFO | Validation - Loss: 0.5234 | Correct: 8358/10000 (83.58%) (74.44s)
2026-01-19 21:34:09,437 | INFO | Batch 10 | Loss: 0.2386 | Correct: 119/128 | Elapsed Time: 22.63s
2026-01-19 21:34:32,208 | INFO | Batch 20 | Loss: 0.3723 | Correct: 113/128 | Elapsed Time: 22.77s
2026-01-19 21:34:54,829 | INFO | Batch 30 | Loss: 0.2164 | Correct: 119/128 | Elapsed Time: 22.62s
2026-01-19 21:35:17,477 | INFO | Batch 40 | Loss: 0.2414 | Correct: 116/128 | Elapsed Time: 22.65s
2026-01-19 21:35:40,058 | INFO | Batch 50 | Loss: 0.2348 | Correct: 118/128 | Elapsed Time: 22.58s
2026-01-19 21:36:02,674 | INFO | Batch 60 | Loss: 0.1791 | Correct: 119/128 | Elapsed Time: 22.62s
2026-01-19 21:36:25,280 | INFO | Batch 70 | Loss: 0.1883 | Correct: 119/128 | Elapsed Time: 22.61s
2026-01-19 21:36:47,893 | INFO | Batch 80 | Loss: 0.2144 | Correct: 121/128 | Elapsed Time: 22.61s
2026-01-19 21:37:10,589 | INFO | Batch 90 | Loss: 0.1710 | Correct: 121/128 | Elapsed Time: 22.70s
2026-01-19 21:37:33,189 | INFO | Batch 100 | Loss: 0.1392 | Correct: 122/128 | Elapsed Time: 22.60s
2026-01-19 21:37:55,830 | INFO | Batch 110 | Loss: 0.2524 | Correct: 116/128 | Elapsed Time: 22.64s
2026-01-19 21:38:18,407 | INFO | Batch 120 | Loss: 0.2126 | Correct: 116/128 | Elapsed Time: 22.58s
2026-01-19 21:38:41,040 | INFO | Batch 130 | Loss: 0.2300 | Correct: 116/128 | Elapsed Time: 22.63s
2026-01-19 21:39:03,671 | INFO | Batch 140 | Loss: 0.1196 | Correct: 123/128 | Elapsed Time: 22.63s
2026-01-19 21:39:26,349 | INFO | Batch 150 | Loss: 0.1839 | Correct: 120/128 | Elapsed Time: 22.68s
2026-01-19 21:39:49,048 | INFO | Batch 160 | Loss: 0.1712 | Correct: 118/128 | Elapsed Time: 22.70s
2026-01-19 21:40:11,734 | INFO | Batch 170 | Loss: 0.1660 | Correct: 121/128 | Elapsed Time: 22.69s
2026-01-19 21:40:34,374 | INFO | Batch 180 | Loss: 0.1618 | Correct: 122/128 | Elapsed Time: 22.64s
2026-01-19 21:40:56,971 | INFO | Batch 190 | Loss: 0.2137 | Correct: 116/128 | Elapsed Time: 22.60s
2026-01-19 21:41:19,561 | INFO | Batch 200 | Loss: 0.2345 | Correct: 120/128 | Elapsed Time: 22.59s
2026-01-19 21:41:42,186 | INFO | Batch 210 | Loss: 0.1263 | Correct: 122/128 | Elapsed Time: 22.63s
2026-01-19 21:42:04,813 | INFO | Batch 220 | Loss: 0.0926 | Correct: 125/128 | Elapsed Time: 22.63s
2026-01-19 21:42:27,512 | INFO | Batch 230 | Loss: 0.1844 | Correct: 122/128 | Elapsed Time: 22.70s
2026-01-19 21:42:50,146 | INFO | Batch 240 | Loss: 0.1638 | Correct: 122/128 | Elapsed Time: 22.63s
2026-01-19 21:43:12,772 | INFO | Batch 250 | Loss: 0.1254 | Correct: 122/128 | Elapsed Time: 22.63s
2026-01-19 21:43:35,464 | INFO | Batch 260 | Loss: 0.1407 | Correct: 121/128 | Elapsed Time: 22.69s
2026-01-19 21:43:58,116 | INFO | Batch 270 | Loss: 0.2094 | Correct: 117/128 | Elapsed Time: 22.65s
2026-01-19 21:44:20,730 | INFO | Batch 280 | Loss: 0.1822 | Correct: 120/128 | Elapsed Time: 22.61s
2026-01-19 21:44:43,360 | INFO | Batch 290 | Loss: 0.1561 | Correct: 122/128 | Elapsed Time: 22.63s
2026-01-19 21:45:06,041 | INFO | Batch 300 | Loss: 0.1136 | Correct: 122/128 | Elapsed Time: 22.68s
2026-01-19 21:45:28,775 | INFO | Batch 310 | Loss: 0.1428 | Correct: 124/128 | Elapsed Time: 22.73s
2026-01-19 21:45:51,472 | INFO | Batch 320 | Loss: 0.2010 | Correct: 115/128 | Elapsed Time: 22.70s
2026-01-19 21:46:14,142 | INFO | Batch 330 | Loss: 0.1992 | Correct: 119/128 | Elapsed Time: 22.67s
2026-01-19 21:46:36,742 | INFO | Batch 340 | Loss: 0.1648 | Correct: 122/128 | Elapsed Time: 22.60s
2026-01-19 21:46:59,385 | INFO | Batch 350 | Loss: 0.0789 | Correct: 126/128 | Elapsed Time: 22.64s
2026-01-19 21:47:21,947 | INFO | Batch 360 | Loss: 0.2073 | Correct: 119/128 | Elapsed Time: 22.56s
2026-01-19 21:47:44,642 | INFO | Batch 370 | Loss: 0.1776 | Correct: 122/128 | Elapsed Time: 22.70s
2026-01-19 21:48:07,314 | INFO | Batch 380 | Loss: 0.1681 | Correct: 120/128 | Elapsed Time: 22.67s
2026-01-19 21:48:30,000 | INFO | Batch 390 | Loss: 0.2378 | Correct: 117/128 | Elapsed Time: 22.69s
2026-01-19 21:48:31,469 | INFO | Epoch [51/100] - Loss: 0.1832 | Correct: 46844/50000 (93.69%, 884.66s)
2026-01-19 21:49:46,197 | INFO | Validation - Loss: 0.3007 | Correct: 9010/10000 (90.10%) (74.73s)
2026-01-19 21:49:46,355 | INFO | New best model saved at epoch 51 with Top1 Acc: 90.10%
2026-01-19 21:50:09,035 | INFO | Batch 10 | Loss: 0.1274 | Correct: 124/128 | Elapsed Time: 22.68s
2026-01-19 21:50:31,682 | INFO | Batch 20 | Loss: 0.1308 | Correct: 125/128 | Elapsed Time: 22.65s
2026-01-19 21:50:54,278 | INFO | Batch 30 | Loss: 0.2513 | Correct: 119/128 | Elapsed Time: 22.60s
2026-01-19 21:51:16,984 | INFO | Batch 40 | Loss: 0.1801 | Correct: 121/128 | Elapsed Time: 22.71s
2026-01-19 21:51:39,600 | INFO | Batch 50 | Loss: 0.1520 | Correct: 119/128 | Elapsed Time: 22.62s
2026-01-19 21:52:02,268 | INFO | Batch 60 | Loss: 0.1442 | Correct: 121/128 | Elapsed Time: 22.67s
2026-01-19 21:52:24,916 | INFO | Batch 70 | Loss: 0.1409 | Correct: 122/128 | Elapsed Time: 22.65s
2026-01-19 21:52:47,525 | INFO | Batch 80 | Loss: 0.0694 | Correct: 125/128 | Elapsed Time: 22.61s
2026-01-19 21:53:10,222 | INFO | Batch 90 | Loss: 0.2231 | Correct: 118/128 | Elapsed Time: 22.70s
2026-01-19 21:53:32,883 | INFO | Batch 100 | Loss: 0.0912 | Correct: 125/128 | Elapsed Time: 22.66s
2026-01-19 21:53:55,645 | INFO | Batch 110 | Loss: 0.1726 | Correct: 120/128 | Elapsed Time: 22.76s
2026-01-19 21:54:18,265 | INFO | Batch 120 | Loss: 0.1566 | Correct: 120/128 | Elapsed Time: 22.62s
2026-01-19 21:54:40,888 | INFO | Batch 130 | Loss: 0.1694 | Correct: 119/128 | Elapsed Time: 22.62s
2026-01-19 21:55:03,488 | INFO | Batch 140 | Loss: 0.1478 | Correct: 121/128 | Elapsed Time: 22.60s
2026-01-19 21:55:26,081 | INFO | Batch 150 | Loss: 0.1272 | Correct: 124/128 | Elapsed Time: 22.59s
2026-01-19 21:55:48,669 | INFO | Batch 160 | Loss: 0.1290 | Correct: 122/128 | Elapsed Time: 22.59s
2026-01-19 21:56:11,283 | INFO | Batch 170 | Loss: 0.1556 | Correct: 122/128 | Elapsed Time: 22.61s
2026-01-19 21:56:34,042 | INFO | Batch 180 | Loss: 0.1425 | Correct: 121/128 | Elapsed Time: 22.76s
2026-01-19 21:56:56,691 | INFO | Batch 190 | Loss: 0.1168 | Correct: 122/128 | Elapsed Time: 22.65s
2026-01-19 21:57:19,326 | INFO | Batch 200 | Loss: 0.1500 | Correct: 122/128 | Elapsed Time: 22.64s
2026-01-19 21:57:41,973 | INFO | Batch 210 | Loss: 0.2188 | Correct: 119/128 | Elapsed Time: 22.65s
2026-01-19 21:58:04,651 | INFO | Batch 220 | Loss: 0.1988 | Correct: 121/128 | Elapsed Time: 22.68s
2026-01-19 21:58:27,266 | INFO | Batch 230 | Loss: 0.2089 | Correct: 118/128 | Elapsed Time: 22.61s
2026-01-19 21:58:49,911 | INFO | Batch 240 | Loss: 0.0861 | Correct: 125/128 | Elapsed Time: 22.64s
2026-01-19 21:59:12,605 | INFO | Batch 250 | Loss: 0.0941 | Correct: 125/128 | Elapsed Time: 22.69s
2026-01-19 21:59:35,292 | INFO | Batch 260 | Loss: 0.1696 | Correct: 117/128 | Elapsed Time: 22.69s
2026-01-19 21:59:57,899 | INFO | Batch 270 | Loss: 0.0732 | Correct: 125/128 | Elapsed Time: 22.61s
2026-01-19 22:00:20,502 | INFO | Batch 280 | Loss: 0.2079 | Correct: 117/128 | Elapsed Time: 22.60s
2026-01-19 22:00:43,126 | INFO | Batch 290 | Loss: 0.1430 | Correct: 121/128 | Elapsed Time: 22.62s
2026-01-19 22:01:05,734 | INFO | Batch 300 | Loss: 0.1091 | Correct: 122/128 | Elapsed Time: 22.61s
2026-01-19 22:01:28,325 | INFO | Batch 310 | Loss: 0.0947 | Correct: 121/128 | Elapsed Time: 22.59s
2026-01-19 22:01:50,977 | INFO | Batch 320 | Loss: 0.1977 | Correct: 120/128 | Elapsed Time: 22.65s
2026-01-19 22:02:13,573 | INFO | Batch 330 | Loss: 0.1491 | Correct: 120/128 | Elapsed Time: 22.60s
2026-01-19 22:02:36,181 | INFO | Batch 340 | Loss: 0.1381 | Correct: 125/128 | Elapsed Time: 22.61s
2026-01-19 22:02:58,815 | INFO | Batch 350 | Loss: 0.1315 | Correct: 122/128 | Elapsed Time: 22.63s
2026-01-19 22:03:21,395 | INFO | Batch 360 | Loss: 0.2172 | Correct: 118/128 | Elapsed Time: 22.58s
2026-01-19 22:03:44,003 | INFO | Batch 370 | Loss: 0.1378 | Correct: 123/128 | Elapsed Time: 22.61s
2026-01-19 22:04:06,592 | INFO | Batch 380 | Loss: 0.1434 | Correct: 125/128 | Elapsed Time: 22.59s
2026-01-19 22:04:29,250 | INFO | Batch 390 | Loss: 0.1735 | Correct: 118/128 | Elapsed Time: 22.66s
2026-01-19 22:04:30,715 | INFO | Epoch [52/100] - Loss: 0.1458 | Correct: 47485/50000 (94.97%, 884.36s)
2026-01-19 22:05:44,972 | INFO | Validation - Loss: 0.2935 | Correct: 9056/10000 (90.56%) (74.26s)
2026-01-19 22:05:45,135 | INFO | New best model saved at epoch 52 with Top1 Acc: 90.56%
2026-01-19 22:06:07,828 | INFO | Batch 10 | Loss: 0.1419 | Correct: 122/128 | Elapsed Time: 22.69s
2026-01-19 22:06:30,490 | INFO | Batch 20 | Loss: 0.0941 | Correct: 125/128 | Elapsed Time: 22.66s
2026-01-19 22:06:53,095 | INFO | Batch 30 | Loss: 0.1482 | Correct: 120/128 | Elapsed Time: 22.61s
2026-01-19 22:07:15,651 | INFO | Batch 40 | Loss: 0.0943 | Correct: 123/128 | Elapsed Time: 22.56s
2026-01-19 22:07:38,312 | INFO | Batch 50 | Loss: 0.1391 | Correct: 122/128 | Elapsed Time: 22.66s
2026-01-19 22:08:01,057 | INFO | Batch 60 | Loss: 0.1479 | Correct: 120/128 | Elapsed Time: 22.74s
2026-01-19 22:08:23,673 | INFO | Batch 70 | Loss: 0.1632 | Correct: 121/128 | Elapsed Time: 22.62s
2026-01-19 22:08:46,285 | INFO | Batch 80 | Loss: 0.2040 | Correct: 121/128 | Elapsed Time: 22.61s
2026-01-19 22:09:08,864 | INFO | Batch 90 | Loss: 0.1068 | Correct: 123/128 | Elapsed Time: 22.58s
2026-01-19 22:09:31,470 | INFO | Batch 100 | Loss: 0.1078 | Correct: 123/128 | Elapsed Time: 22.61s
2026-01-19 22:09:54,098 | INFO | Batch 110 | Loss: 0.0977 | Correct: 125/128 | Elapsed Time: 22.63s
2026-01-19 22:10:16,726 | INFO | Batch 120 | Loss: 0.1299 | Correct: 122/128 | Elapsed Time: 22.63s
2026-01-19 22:10:39,423 | INFO | Batch 130 | Loss: 0.1550 | Correct: 120/128 | Elapsed Time: 22.70s
2026-01-19 22:11:01,981 | INFO | Batch 140 | Loss: 0.1464 | Correct: 121/128 | Elapsed Time: 22.56s
2026-01-19 22:11:24,521 | INFO | Batch 150 | Loss: 0.1644 | Correct: 119/128 | Elapsed Time: 22.54s
2026-01-19 22:11:47,073 | INFO | Batch 160 | Loss: 0.1171 | Correct: 122/128 | Elapsed Time: 22.55s
2026-01-19 22:12:09,681 | INFO | Batch 170 | Loss: 0.1744 | Correct: 119/128 | Elapsed Time: 22.61s
2026-01-19 22:12:32,377 | INFO | Batch 180 | Loss: 0.1655 | Correct: 121/128 | Elapsed Time: 22.70s
2026-01-19 22:12:55,047 | INFO | Batch 190 | Loss: 0.1667 | Correct: 121/128 | Elapsed Time: 22.67s
2026-01-19 22:13:17,779 | INFO | Batch 200 | Loss: 0.1049 | Correct: 124/128 | Elapsed Time: 22.73s
2026-01-19 22:13:40,441 | INFO | Batch 210 | Loss: 0.1776 | Correct: 120/128 | Elapsed Time: 22.66s
2026-01-19 22:14:03,122 | INFO | Batch 220 | Loss: 0.1557 | Correct: 121/128 | Elapsed Time: 22.68s
2026-01-19 22:14:25,807 | INFO | Batch 230 | Loss: 0.0842 | Correct: 125/128 | Elapsed Time: 22.69s
2026-01-19 22:14:48,471 | INFO | Batch 240 | Loss: 0.1428 | Correct: 122/128 | Elapsed Time: 22.66s
2026-01-19 22:15:11,060 | INFO | Batch 250 | Loss: 0.1019 | Correct: 124/128 | Elapsed Time: 22.59s
2026-01-19 22:15:33,662 | INFO | Batch 260 | Loss: 0.1348 | Correct: 122/128 | Elapsed Time: 22.60s
2026-01-19 22:15:56,337 | INFO | Batch 270 | Loss: 0.0903 | Correct: 123/128 | Elapsed Time: 22.68s
2026-01-19 22:16:18,969 | INFO | Batch 280 | Loss: 0.1430 | Correct: 123/128 | Elapsed Time: 22.63s
2026-01-19 22:16:41,554 | INFO | Batch 290 | Loss: 0.1143 | Correct: 122/128 | Elapsed Time: 22.59s
2026-01-19 22:17:04,165 | INFO | Batch 300 | Loss: 0.1564 | Correct: 120/128 | Elapsed Time: 22.61s
2026-01-19 22:17:26,754 | INFO | Batch 310 | Loss: 0.1225 | Correct: 124/128 | Elapsed Time: 22.59s
2026-01-19 22:17:49,393 | INFO | Batch 320 | Loss: 0.1346 | Correct: 123/128 | Elapsed Time: 22.64s
2026-01-19 22:18:11,982 | INFO | Batch 330 | Loss: 0.1266 | Correct: 125/128 | Elapsed Time: 22.59s
2026-01-19 22:18:34,707 | INFO | Batch 340 | Loss: 0.1514 | Correct: 121/128 | Elapsed Time: 22.72s
2026-01-19 22:18:57,416 | INFO | Batch 350 | Loss: 0.1368 | Correct: 121/128 | Elapsed Time: 22.71s
2026-01-19 22:19:20,010 | INFO | Batch 360 | Loss: 0.0755 | Correct: 124/128 | Elapsed Time: 22.59s
2026-01-19 22:19:42,658 | INFO | Batch 370 | Loss: 0.1614 | Correct: 123/128 | Elapsed Time: 22.65s
2026-01-19 22:20:05,290 | INFO | Batch 380 | Loss: 0.1386 | Correct: 122/128 | Elapsed Time: 22.63s
2026-01-19 22:20:27,931 | INFO | Batch 390 | Loss: 0.1231 | Correct: 123/128 | Elapsed Time: 22.64s
2026-01-19 22:20:29,404 | INFO | Epoch [53/100] - Loss: 0.1299 | Correct: 47750/50000 (95.50%, 884.27s)
2026-01-19 22:21:43,831 | INFO | Validation - Loss: 0.3012 | Correct: 9062/10000 (90.62%) (74.43s)
2026-01-19 22:21:43,963 | INFO | New best model saved at epoch 53 with Top1 Acc: 90.62%
2026-01-19 22:22:06,760 | INFO | Batch 10 | Loss: 0.1146 | Correct: 124/128 | Elapsed Time: 22.80s
2026-01-19 22:22:29,410 | INFO | Batch 20 | Loss: 0.0541 | Correct: 126/128 | Elapsed Time: 22.65s
2026-01-19 22:22:52,005 | INFO | Batch 30 | Loss: 0.1232 | Correct: 122/128 | Elapsed Time: 22.60s
2026-01-19 22:23:14,629 | INFO | Batch 40 | Loss: 0.0797 | Correct: 123/128 | Elapsed Time: 22.62s
2026-01-19 22:23:37,265 | INFO | Batch 50 | Loss: 0.0288 | Correct: 128/128 | Elapsed Time: 22.64s
2026-01-19 22:23:59,947 | INFO | Batch 60 | Loss: 0.1669 | Correct: 120/128 | Elapsed Time: 22.68s
2026-01-19 22:24:22,633 | INFO | Batch 70 | Loss: 0.1547 | Correct: 122/128 | Elapsed Time: 22.69s
2026-01-19 22:24:45,347 | INFO | Batch 80 | Loss: 0.1984 | Correct: 120/128 | Elapsed Time: 22.71s
2026-01-19 22:25:07,970 | INFO | Batch 90 | Loss: 0.2201 | Correct: 116/128 | Elapsed Time: 22.62s
2026-01-19 22:25:30,608 | INFO | Batch 100 | Loss: 0.1203 | Correct: 122/128 | Elapsed Time: 22.64s
2026-01-19 22:25:53,240 | INFO | Batch 110 | Loss: 0.1042 | Correct: 123/128 | Elapsed Time: 22.63s
2026-01-19 22:26:15,883 | INFO | Batch 120 | Loss: 0.1414 | Correct: 122/128 | Elapsed Time: 22.64s
2026-01-19 22:26:38,511 | INFO | Batch 130 | Loss: 0.1390 | Correct: 121/128 | Elapsed Time: 22.63s
2026-01-19 22:27:01,193 | INFO | Batch 140 | Loss: 0.0825 | Correct: 125/128 | Elapsed Time: 22.68s
2026-01-19 22:27:23,904 | INFO | Batch 150 | Loss: 0.1338 | Correct: 122/128 | Elapsed Time: 22.71s
2026-01-19 22:27:46,532 | INFO | Batch 160 | Loss: 0.0613 | Correct: 126/128 | Elapsed Time: 22.63s
2026-01-19 22:28:09,174 | INFO | Batch 170 | Loss: 0.0601 | Correct: 126/128 | Elapsed Time: 22.64s
2026-01-19 22:28:31,814 | INFO | Batch 180 | Loss: 0.0968 | Correct: 125/128 | Elapsed Time: 22.64s
2026-01-19 22:28:54,521 | INFO | Batch 190 | Loss: 0.0979 | Correct: 125/128 | Elapsed Time: 22.71s
2026-01-19 22:29:17,158 | INFO | Batch 200 | Loss: 0.0555 | Correct: 126/128 | Elapsed Time: 22.64s
2026-01-19 22:29:39,911 | INFO | Batch 210 | Loss: 0.2113 | Correct: 119/128 | Elapsed Time: 22.75s
2026-01-19 22:30:02,599 | INFO | Batch 220 | Loss: 0.0952 | Correct: 124/128 | Elapsed Time: 22.69s
2026-01-19 22:30:25,208 | INFO | Batch 230 | Loss: 0.1104 | Correct: 122/128 | Elapsed Time: 22.61s
2026-01-19 22:30:47,849 | INFO | Batch 240 | Loss: 0.0789 | Correct: 126/128 | Elapsed Time: 22.64s
2026-01-19 22:31:10,468 | INFO | Batch 250 | Loss: 0.0998 | Correct: 122/128 | Elapsed Time: 22.62s
2026-01-19 22:31:33,058 | INFO | Batch 260 | Loss: 0.1373 | Correct: 122/128 | Elapsed Time: 22.59s
2026-01-19 22:31:55,671 | INFO | Batch 270 | Loss: 0.1513 | Correct: 122/128 | Elapsed Time: 22.61s
2026-01-19 22:32:18,327 | INFO | Batch 280 | Loss: 0.1352 | Correct: 123/128 | Elapsed Time: 22.66s
2026-01-19 22:32:41,027 | INFO | Batch 290 | Loss: 0.1735 | Correct: 119/128 | Elapsed Time: 22.70s
2026-01-19 22:33:03,662 | INFO | Batch 300 | Loss: 0.0774 | Correct: 124/128 | Elapsed Time: 22.64s
2026-01-19 22:33:26,275 | INFO | Batch 310 | Loss: 0.0990 | Correct: 125/128 | Elapsed Time: 22.61s
2026-01-19 22:33:48,926 | INFO | Batch 320 | Loss: 0.1479 | Correct: 121/128 | Elapsed Time: 22.65s
2026-01-19 22:34:11,522 | INFO | Batch 330 | Loss: 0.1289 | Correct: 120/128 | Elapsed Time: 22.60s
2026-01-19 22:34:34,160 | INFO | Batch 340 | Loss: 0.0953 | Correct: 123/128 | Elapsed Time: 22.64s
2026-01-19 22:34:56,761 | INFO | Batch 350 | Loss: 0.1841 | Correct: 117/128 | Elapsed Time: 22.60s
2026-01-19 22:35:19,480 | INFO | Batch 360 | Loss: 0.1128 | Correct: 123/128 | Elapsed Time: 22.72s
2026-01-19 22:35:42,066 | INFO | Batch 370 | Loss: 0.2130 | Correct: 118/128 | Elapsed Time: 22.59s
2026-01-19 22:36:04,680 | INFO | Batch 380 | Loss: 0.1055 | Correct: 123/128 | Elapsed Time: 22.61s
2026-01-19 22:36:27,285 | INFO | Batch 390 | Loss: 0.0908 | Correct: 125/128 | Elapsed Time: 22.61s
2026-01-19 22:36:28,784 | INFO | Epoch [54/100] - Loss: 0.1173 | Correct: 47970/50000 (95.94%, 884.82s)
2026-01-19 22:37:43,138 | INFO | Validation - Loss: 0.2925 | Correct: 9104/10000 (91.04%) (74.35s)
2026-01-19 22:37:43,283 | INFO | New best model saved at epoch 54 with Top1 Acc: 91.04%
2026-01-19 22:38:05,932 | INFO | Batch 10 | Loss: 0.1748 | Correct: 121/128 | Elapsed Time: 22.65s
2026-01-19 22:38:28,518 | INFO | Batch 20 | Loss: 0.0586 | Correct: 125/128 | Elapsed Time: 22.59s
2026-01-19 22:38:51,193 | INFO | Batch 30 | Loss: 0.1257 | Correct: 122/128 | Elapsed Time: 22.68s
2026-01-19 22:39:13,794 | INFO | Batch 40 | Loss: 0.0514 | Correct: 126/128 | Elapsed Time: 22.60s
2026-01-19 22:39:36,385 | INFO | Batch 50 | Loss: 0.0842 | Correct: 124/128 | Elapsed Time: 22.59s
2026-01-19 22:39:59,013 | INFO | Batch 60 | Loss: 0.1517 | Correct: 122/128 | Elapsed Time: 22.63s
2026-01-19 22:40:21,682 | INFO | Batch 70 | Loss: 0.1200 | Correct: 124/128 | Elapsed Time: 22.67s
2026-01-19 22:40:44,362 | INFO | Batch 80 | Loss: 0.1381 | Correct: 123/128 | Elapsed Time: 22.68s
2026-01-19 22:41:06,916 | INFO | Batch 90 | Loss: 0.0416 | Correct: 127/128 | Elapsed Time: 22.55s
2026-01-19 22:41:29,608 | INFO | Batch 100 | Loss: 0.1336 | Correct: 123/128 | Elapsed Time: 22.69s
2026-01-19 22:41:52,257 | INFO | Batch 110 | Loss: 0.1197 | Correct: 122/128 | Elapsed Time: 22.65s
2026-01-19 22:42:14,876 | INFO | Batch 120 | Loss: 0.2096 | Correct: 123/128 | Elapsed Time: 22.62s
2026-01-19 22:42:37,544 | INFO | Batch 130 | Loss: 0.1349 | Correct: 121/128 | Elapsed Time: 22.67s
2026-01-19 22:43:00,218 | INFO | Batch 140 | Loss: 0.0787 | Correct: 124/128 | Elapsed Time: 22.67s
2026-01-19 22:43:22,884 | INFO | Batch 150 | Loss: 0.1179 | Correct: 123/128 | Elapsed Time: 22.67s
2026-01-19 22:43:45,506 | INFO | Batch 160 | Loss: 0.0978 | Correct: 123/128 | Elapsed Time: 22.62s
2026-01-19 22:44:08,148 | INFO | Batch 170 | Loss: 0.2611 | Correct: 115/128 | Elapsed Time: 22.64s
2026-01-19 22:44:30,731 | INFO | Batch 180 | Loss: 0.1176 | Correct: 123/128 | Elapsed Time: 22.58s
2026-01-19 22:44:53,344 | INFO | Batch 190 | Loss: 0.1204 | Correct: 121/128 | Elapsed Time: 22.61s
2026-01-19 22:45:15,927 | INFO | Batch 200 | Loss: 0.1564 | Correct: 123/128 | Elapsed Time: 22.58s
2026-01-19 22:45:38,485 | INFO | Batch 210 | Loss: 0.1874 | Correct: 121/128 | Elapsed Time: 22.56s
2026-01-19 22:46:01,107 | INFO | Batch 220 | Loss: 0.0859 | Correct: 125/128 | Elapsed Time: 22.62s
2026-01-19 22:46:23,698 | INFO | Batch 230 | Loss: 0.1335 | Correct: 124/128 | Elapsed Time: 22.59s
2026-01-19 22:46:46,376 | INFO | Batch 240 | Loss: 0.1321 | Correct: 122/128 | Elapsed Time: 22.68s
2026-01-19 22:47:08,980 | INFO | Batch 250 | Loss: 0.1214 | Correct: 122/128 | Elapsed Time: 22.60s
2026-01-19 22:47:31,571 | INFO | Batch 260 | Loss: 0.0775 | Correct: 124/128 | Elapsed Time: 22.59s
2026-01-19 22:47:54,158 | INFO | Batch 270 | Loss: 0.0513 | Correct: 126/128 | Elapsed Time: 22.59s
2026-01-19 22:48:16,758 | INFO | Batch 280 | Loss: 0.1061 | Correct: 125/128 | Elapsed Time: 22.60s
2026-01-19 22:48:39,344 | INFO | Batch 290 | Loss: 0.1162 | Correct: 125/128 | Elapsed Time: 22.59s
2026-01-19 22:49:01,926 | INFO | Batch 300 | Loss: 0.1046 | Correct: 123/128 | Elapsed Time: 22.58s
2026-01-19 22:49:24,609 | INFO | Batch 310 | Loss: 0.0683 | Correct: 124/128 | Elapsed Time: 22.68s
2026-01-19 22:49:47,163 | INFO | Batch 320 | Loss: 0.0636 | Correct: 125/128 | Elapsed Time: 22.55s
2026-01-19 22:50:09,757 | INFO | Batch 330 | Loss: 0.0828 | Correct: 124/128 | Elapsed Time: 22.59s
2026-01-19 22:50:32,410 | INFO | Batch 340 | Loss: 0.2097 | Correct: 117/128 | Elapsed Time: 22.65s
2026-01-19 22:50:55,032 | INFO | Batch 350 | Loss: 0.1483 | Correct: 122/128 | Elapsed Time: 22.62s
2026-01-19 22:51:17,743 | INFO | Batch 360 | Loss: 0.1068 | Correct: 123/128 | Elapsed Time: 22.71s
2026-01-19 22:51:40,356 | INFO | Batch 370 | Loss: 0.1067 | Correct: 123/128 | Elapsed Time: 22.61s
2026-01-19 22:52:03,009 | INFO | Batch 380 | Loss: 0.1380 | Correct: 122/128 | Elapsed Time: 22.65s
2026-01-19 22:52:25,636 | INFO | Batch 390 | Loss: 0.0970 | Correct: 123/128 | Elapsed Time: 22.63s
2026-01-19 22:52:27,104 | INFO | Epoch [55/100] - Loss: 0.1082 | Correct: 48134/50000 (96.27%, 883.82s)
2026-01-19 22:53:41,532 | INFO | Validation - Loss: 0.2990 | Correct: 9082/10000 (90.82%) (74.43s)
2026-01-19 22:54:04,155 | INFO | Batch 10 | Loss: 0.1040 | Correct: 122/128 | Elapsed Time: 22.62s
2026-01-19 22:54:26,760 | INFO | Batch 20 | Loss: 0.2513 | Correct: 120/128 | Elapsed Time: 22.61s
2026-01-19 22:54:49,354 | INFO | Batch 30 | Loss: 0.1162 | Correct: 123/128 | Elapsed Time: 22.59s
2026-01-19 22:55:12,017 | INFO | Batch 40 | Loss: 0.1184 | Correct: 123/128 | Elapsed Time: 22.66s
2026-01-19 22:55:34,615 | INFO | Batch 50 | Loss: 0.0802 | Correct: 124/128 | Elapsed Time: 22.60s
2026-01-19 22:55:57,184 | INFO | Batch 60 | Loss: 0.0942 | Correct: 124/128 | Elapsed Time: 22.57s
2026-01-19 22:56:19,778 | INFO | Batch 70 | Loss: 0.0798 | Correct: 124/128 | Elapsed Time: 22.59s
2026-01-19 22:56:42,377 | INFO | Batch 80 | Loss: 0.0856 | Correct: 124/128 | Elapsed Time: 22.60s
2026-01-19 22:57:04,956 | INFO | Batch 90 | Loss: 0.0844 | Correct: 126/128 | Elapsed Time: 22.58s
2026-01-19 22:57:27,525 | INFO | Batch 100 | Loss: 0.1252 | Correct: 122/128 | Elapsed Time: 22.57s
2026-01-19 22:57:50,213 | INFO | Batch 110 | Loss: 0.1731 | Correct: 122/128 | Elapsed Time: 22.69s
2026-01-19 22:58:12,807 | INFO | Batch 120 | Loss: 0.1211 | Correct: 123/128 | Elapsed Time: 22.59s
2026-01-19 22:58:35,405 | INFO | Batch 130 | Loss: 0.0696 | Correct: 124/128 | Elapsed Time: 22.60s
2026-01-19 22:58:57,958 | INFO | Batch 140 | Loss: 0.1109 | Correct: 121/128 | Elapsed Time: 22.55s
2026-01-19 22:59:20,525 | INFO | Batch 150 | Loss: 0.1517 | Correct: 123/128 | Elapsed Time: 22.57s
2026-01-19 22:59:43,142 | INFO | Batch 160 | Loss: 0.0731 | Correct: 126/128 | Elapsed Time: 22.62s
2026-01-19 23:00:05,732 | INFO | Batch 170 | Loss: 0.0841 | Correct: 125/128 | Elapsed Time: 22.59s
2026-01-19 23:00:28,369 | INFO | Batch 180 | Loss: 0.1326 | Correct: 121/128 | Elapsed Time: 22.64s
2026-01-19 23:00:50,965 | INFO | Batch 190 | Loss: 0.1563 | Correct: 122/128 | Elapsed Time: 22.60s
2026-01-19 23:01:13,572 | INFO | Batch 200 | Loss: 0.1302 | Correct: 123/128 | Elapsed Time: 22.61s
2026-01-19 23:01:36,162 | INFO | Batch 210 | Loss: 0.1733 | Correct: 123/128 | Elapsed Time: 22.59s
2026-01-19 23:01:58,816 | INFO | Batch 220 | Loss: 0.1127 | Correct: 123/128 | Elapsed Time: 22.65s
2026-01-19 23:02:21,426 | INFO | Batch 230 | Loss: 0.1407 | Correct: 121/128 | Elapsed Time: 22.61s
2026-01-19 23:02:43,958 | INFO | Batch 240 | Loss: 0.1042 | Correct: 121/128 | Elapsed Time: 22.53s
2026-01-19 23:03:06,532 | INFO | Batch 250 | Loss: 0.1374 | Correct: 121/128 | Elapsed Time: 22.57s
2026-01-19 23:03:29,155 | INFO | Batch 260 | Loss: 0.0751 | Correct: 125/128 | Elapsed Time: 22.62s
2026-01-19 23:03:51,760 | INFO | Batch 270 | Loss: 0.1051 | Correct: 125/128 | Elapsed Time: 22.60s
2026-01-19 23:04:14,326 | INFO | Batch 280 | Loss: 0.1309 | Correct: 120/128 | Elapsed Time: 22.57s
2026-01-19 23:04:36,950 | INFO | Batch 290 | Loss: 0.1298 | Correct: 124/128 | Elapsed Time: 22.62s
2026-01-19 23:04:59,542 | INFO | Batch 300 | Loss: 0.1387 | Correct: 123/128 | Elapsed Time: 22.59s
2026-01-19 23:05:22,090 | INFO | Batch 310 | Loss: 0.1634 | Correct: 119/128 | Elapsed Time: 22.55s
2026-01-19 23:05:44,761 | INFO | Batch 320 | Loss: 0.1058 | Correct: 123/128 | Elapsed Time: 22.67s
2026-01-19 23:06:07,318 | INFO | Batch 330 | Loss: 0.0433 | Correct: 126/128 | Elapsed Time: 22.56s
2026-01-19 23:06:29,885 | INFO | Batch 340 | Loss: 0.1209 | Correct: 120/128 | Elapsed Time: 22.57s
2026-01-19 23:06:52,481 | INFO | Batch 350 | Loss: 0.1243 | Correct: 123/128 | Elapsed Time: 22.60s
2026-01-19 23:07:15,056 | INFO | Batch 360 | Loss: 0.0927 | Correct: 123/128 | Elapsed Time: 22.57s
2026-01-19 23:07:37,659 | INFO | Batch 370 | Loss: 0.0541 | Correct: 125/128 | Elapsed Time: 22.60s
2026-01-19 23:08:00,260 | INFO | Batch 380 | Loss: 0.0534 | Correct: 126/128 | Elapsed Time: 22.60s
2026-01-19 23:08:22,905 | INFO | Batch 390 | Loss: 0.1726 | Correct: 121/128 | Elapsed Time: 22.65s
2026-01-19 23:08:24,378 | INFO | Epoch [56/100] - Loss: 0.1015 | Correct: 48245/50000 (96.49%, 882.84s)
2026-01-19 23:09:38,645 | INFO | Validation - Loss: 0.3009 | Correct: 9089/10000 (90.89%) (74.27s)
2026-01-19 23:10:01,262 | INFO | Batch 10 | Loss: 0.1104 | Correct: 125/128 | Elapsed Time: 22.61s
2026-01-19 23:10:23,853 | INFO | Batch 20 | Loss: 0.0481 | Correct: 126/128 | Elapsed Time: 22.59s
2026-01-19 23:10:46,426 | INFO | Batch 30 | Loss: 0.0355 | Correct: 126/128 | Elapsed Time: 22.57s
2026-01-19 23:11:09,009 | INFO | Batch 40 | Loss: 0.0650 | Correct: 126/128 | Elapsed Time: 22.58s
2026-01-19 23:11:31,734 | INFO | Batch 50 | Loss: 0.1107 | Correct: 123/128 | Elapsed Time: 22.73s
2026-01-19 23:11:54,297 | INFO | Batch 60 | Loss: 0.2520 | Correct: 112/128 | Elapsed Time: 22.56s
2026-01-19 23:12:16,988 | INFO | Batch 70 | Loss: 0.1120 | Correct: 121/128 | Elapsed Time: 22.69s
2026-01-19 23:12:39,612 | INFO | Batch 80 | Loss: 0.0397 | Correct: 127/128 | Elapsed Time: 22.62s
2026-01-19 23:13:02,183 | INFO | Batch 90 | Loss: 0.1336 | Correct: 122/128 | Elapsed Time: 22.57s
2026-01-19 23:13:24,801 | INFO | Batch 100 | Loss: 0.1213 | Correct: 123/128 | Elapsed Time: 22.62s
2026-01-19 23:13:47,509 | INFO | Batch 110 | Loss: 0.1493 | Correct: 121/128 | Elapsed Time: 22.71s
2026-01-19 23:14:10,109 | INFO | Batch 120 | Loss: 0.1515 | Correct: 120/128 | Elapsed Time: 22.60s
2026-01-19 23:14:32,713 | INFO | Batch 130 | Loss: 0.0432 | Correct: 127/128 | Elapsed Time: 22.60s
2026-01-19 23:14:55,329 | INFO | Batch 140 | Loss: 0.1176 | Correct: 121/128 | Elapsed Time: 22.62s
2026-01-19 23:15:17,960 | INFO | Batch 150 | Loss: 0.1180 | Correct: 123/128 | Elapsed Time: 22.63s
2026-01-19 23:15:40,524 | INFO | Batch 160 | Loss: 0.0758 | Correct: 125/128 | Elapsed Time: 22.56s
2026-01-19 23:16:03,080 | INFO | Batch 170 | Loss: 0.0797 | Correct: 125/128 | Elapsed Time: 22.56s
2026-01-19 23:16:25,740 | INFO | Batch 180 | Loss: 0.1085 | Correct: 122/128 | Elapsed Time: 22.66s
2026-01-19 23:16:48,334 | INFO | Batch 190 | Loss: 0.0825 | Correct: 123/128 | Elapsed Time: 22.59s
2026-01-19 23:17:10,929 | INFO | Batch 200 | Loss: 0.0638 | Correct: 124/128 | Elapsed Time: 22.59s
2026-01-19 23:17:33,532 | INFO | Batch 210 | Loss: 0.0523 | Correct: 126/128 | Elapsed Time: 22.60s
2026-01-19 23:17:56,199 | INFO | Batch 220 | Loss: 0.0835 | Correct: 124/128 | Elapsed Time: 22.67s
2026-01-19 23:18:18,829 | INFO | Batch 230 | Loss: 0.0886 | Correct: 125/128 | Elapsed Time: 22.63s
2026-01-19 23:18:41,458 | INFO | Batch 240 | Loss: 0.1095 | Correct: 123/128 | Elapsed Time: 22.63s
2026-01-19 23:19:04,162 | INFO | Batch 250 | Loss: 0.0763 | Correct: 125/128 | Elapsed Time: 22.70s
2026-01-19 23:19:26,804 | INFO | Batch 260 | Loss: 0.1270 | Correct: 120/128 | Elapsed Time: 22.64s
2026-01-19 23:19:49,485 | INFO | Batch 270 | Loss: 0.0934 | Correct: 126/128 | Elapsed Time: 22.68s
2026-01-19 23:20:12,045 | INFO | Batch 280 | Loss: 0.1539 | Correct: 125/128 | Elapsed Time: 22.56s
2026-01-19 23:20:34,669 | INFO | Batch 290 | Loss: 0.0702 | Correct: 124/128 | Elapsed Time: 22.62s
2026-01-19 23:20:57,230 | INFO | Batch 300 | Loss: 0.1304 | Correct: 120/128 | Elapsed Time: 22.56s
2026-01-19 23:21:19,852 | INFO | Batch 310 | Loss: 0.1020 | Correct: 124/128 | Elapsed Time: 22.62s
2026-01-19 23:21:42,531 | INFO | Batch 320 | Loss: 0.0554 | Correct: 125/128 | Elapsed Time: 22.68s
2026-01-19 23:22:05,132 | INFO | Batch 330 | Loss: 0.0918 | Correct: 124/128 | Elapsed Time: 22.60s
2026-01-19 23:22:27,815 | INFO | Batch 340 | Loss: 0.0335 | Correct: 128/128 | Elapsed Time: 22.68s
2026-01-19 23:22:50,486 | INFO | Batch 350 | Loss: 0.1591 | Correct: 121/128 | Elapsed Time: 22.67s
2026-01-19 23:23:13,139 | INFO | Batch 360 | Loss: 0.1281 | Correct: 122/128 | Elapsed Time: 22.65s
2026-01-19 23:23:35,720 | INFO | Batch 370 | Loss: 0.0993 | Correct: 124/128 | Elapsed Time: 22.58s
2026-01-19 23:23:58,320 | INFO | Batch 380 | Loss: 0.1490 | Correct: 124/128 | Elapsed Time: 22.60s
2026-01-19 23:24:20,981 | INFO | Batch 390 | Loss: 0.0819 | Correct: 125/128 | Elapsed Time: 22.66s
2026-01-19 23:24:22,448 | INFO | Epoch [57/100] - Loss: 0.0957 | Correct: 48310/50000 (96.62%, 883.80s)
2026-01-19 23:25:36,797 | INFO | Validation - Loss: 0.2997 | Correct: 9114/10000 (91.14%) (74.35s)
2026-01-19 23:25:36,969 | INFO | New best model saved at epoch 57 with Top1 Acc: 91.14%
2026-01-19 23:25:59,663 | INFO | Batch 10 | Loss: 0.0663 | Correct: 125/128 | Elapsed Time: 22.69s
2026-01-19 23:26:22,219 | INFO | Batch 20 | Loss: 0.0753 | Correct: 125/128 | Elapsed Time: 22.56s
2026-01-19 23:26:44,783 | INFO | Batch 30 | Loss: 0.0815 | Correct: 122/128 | Elapsed Time: 22.56s
2026-01-19 23:27:07,338 | INFO | Batch 40 | Loss: 0.0726 | Correct: 125/128 | Elapsed Time: 22.55s
2026-01-19 23:27:29,938 | INFO | Batch 50 | Loss: 0.0373 | Correct: 126/128 | Elapsed Time: 22.60s
2026-01-19 23:27:52,557 | INFO | Batch 60 | Loss: 0.1122 | Correct: 120/128 | Elapsed Time: 22.62s
2026-01-19 23:28:15,269 | INFO | Batch 70 | Loss: 0.0597 | Correct: 125/128 | Elapsed Time: 22.71s
2026-01-19 23:28:37,907 | INFO | Batch 80 | Loss: 0.0519 | Correct: 127/128 | Elapsed Time: 22.64s
2026-01-19 23:29:00,523 | INFO | Batch 90 | Loss: 0.0946 | Correct: 124/128 | Elapsed Time: 22.62s
2026-01-19 23:29:23,109 | INFO | Batch 100 | Loss: 0.1031 | Correct: 123/128 | Elapsed Time: 22.59s
2026-01-19 23:29:45,720 | INFO | Batch 110 | Loss: 0.1291 | Correct: 122/128 | Elapsed Time: 22.61s
2026-01-19 23:30:08,323 | INFO | Batch 120 | Loss: 0.0838 | Correct: 123/128 | Elapsed Time: 22.60s
2026-01-19 23:30:30,874 | INFO | Batch 130 | Loss: 0.0545 | Correct: 126/128 | Elapsed Time: 22.55s
2026-01-19 23:30:53,605 | INFO | Batch 140 | Loss: 0.0969 | Correct: 124/128 | Elapsed Time: 22.73s
2026-01-19 23:31:16,192 | INFO | Batch 150 | Loss: 0.0615 | Correct: 126/128 | Elapsed Time: 22.59s
2026-01-19 23:31:38,753 | INFO | Batch 160 | Loss: 0.0620 | Correct: 125/128 | Elapsed Time: 22.56s
2026-01-19 23:32:01,342 | INFO | Batch 170 | Loss: 0.0802 | Correct: 124/128 | Elapsed Time: 22.59s
2026-01-19 23:32:23,942 | INFO | Batch 180 | Loss: 0.0875 | Correct: 124/128 | Elapsed Time: 22.60s
2026-01-19 23:32:46,618 | INFO | Batch 190 | Loss: 0.1217 | Correct: 123/128 | Elapsed Time: 22.68s
2026-01-19 23:33:09,250 | INFO | Batch 200 | Loss: 0.1123 | Correct: 123/128 | Elapsed Time: 22.63s
2026-01-19 23:33:31,918 | INFO | Batch 210 | Loss: 0.2028 | Correct: 119/128 | Elapsed Time: 22.67s
2026-01-19 23:33:54,517 | INFO | Batch 220 | Loss: 0.1303 | Correct: 121/128 | Elapsed Time: 22.60s
2026-01-19 23:34:17,122 | INFO | Batch 230 | Loss: 0.0578 | Correct: 126/128 | Elapsed Time: 22.60s
2026-01-19 23:34:39,698 | INFO | Batch 240 | Loss: 0.0989 | Correct: 124/128 | Elapsed Time: 22.58s
2026-01-19 23:35:02,270 | INFO | Batch 250 | Loss: 0.1706 | Correct: 118/128 | Elapsed Time: 22.57s
2026-01-19 23:35:24,904 | INFO | Batch 260 | Loss: 0.0381 | Correct: 127/128 | Elapsed Time: 22.63s
2026-01-19 23:35:47,543 | INFO | Batch 270 | Loss: 0.0565 | Correct: 126/128 | Elapsed Time: 22.64s
2026-01-19 23:36:10,185 | INFO | Batch 280 | Loss: 0.0785 | Correct: 125/128 | Elapsed Time: 22.64s
2026-01-19 23:36:32,843 | INFO | Batch 290 | Loss: 0.0957 | Correct: 123/128 | Elapsed Time: 22.66s
2026-01-19 23:36:55,520 | INFO | Batch 300 | Loss: 0.1260 | Correct: 124/128 | Elapsed Time: 22.68s
2026-01-19 23:37:18,126 | INFO | Batch 310 | Loss: 0.0757 | Correct: 125/128 | Elapsed Time: 22.61s
2026-01-19 23:37:40,726 | INFO | Batch 320 | Loss: 0.0614 | Correct: 126/128 | Elapsed Time: 22.60s
2026-01-19 23:38:03,309 | INFO | Batch 330 | Loss: 0.0930 | Correct: 124/128 | Elapsed Time: 22.58s
2026-01-19 23:38:25,908 | INFO | Batch 340 | Loss: 0.1033 | Correct: 122/128 | Elapsed Time: 22.60s
2026-01-19 23:38:48,587 | INFO | Batch 350 | Loss: 0.0665 | Correct: 124/128 | Elapsed Time: 22.68s
2026-01-19 23:39:11,217 | INFO | Batch 360 | Loss: 0.0814 | Correct: 125/128 | Elapsed Time: 22.63s
2026-01-19 23:39:33,823 | INFO | Batch 370 | Loss: 0.0633 | Correct: 125/128 | Elapsed Time: 22.61s
2026-01-19 23:39:56,418 | INFO | Batch 380 | Loss: 0.0907 | Correct: 125/128 | Elapsed Time: 22.60s
2026-01-19 23:40:18,996 | INFO | Batch 390 | Loss: 0.1342 | Correct: 123/128 | Elapsed Time: 22.58s
2026-01-19 23:40:20,465 | INFO | Epoch [58/100] - Loss: 0.0886 | Correct: 48452/50000 (96.90%, 883.50s)
2026-01-19 23:41:34,914 | INFO | Validation - Loss: 0.3052 | Correct: 9103/10000 (91.03%) (74.45s)
2026-01-19 23:41:57,580 | INFO | Batch 10 | Loss: 0.0422 | Correct: 126/128 | Elapsed Time: 22.66s
2026-01-19 23:42:20,308 | INFO | Batch 20 | Loss: 0.1065 | Correct: 125/128 | Elapsed Time: 22.73s
2026-01-19 23:42:42,944 | INFO | Batch 30 | Loss: 0.0969 | Correct: 125/128 | Elapsed Time: 22.64s
2026-01-19 23:43:05,671 | INFO | Batch 40 | Loss: 0.0572 | Correct: 125/128 | Elapsed Time: 22.73s
2026-01-19 23:43:28,261 | INFO | Batch 50 | Loss: 0.1140 | Correct: 123/128 | Elapsed Time: 22.59s
2026-01-19 23:43:50,839 | INFO | Batch 60 | Loss: 0.1253 | Correct: 123/128 | Elapsed Time: 22.58s
2026-01-19 23:44:13,458 | INFO | Batch 70 | Loss: 0.2002 | Correct: 118/128 | Elapsed Time: 22.62s
2026-01-19 23:44:36,065 | INFO | Batch 80 | Loss: 0.1145 | Correct: 123/128 | Elapsed Time: 22.61s
2026-01-19 23:44:58,728 | INFO | Batch 90 | Loss: 0.0137 | Correct: 128/128 | Elapsed Time: 22.66s
2026-01-19 23:45:21,339 | INFO | Batch 100 | Loss: 0.0808 | Correct: 124/128 | Elapsed Time: 22.61s
2026-01-19 23:45:43,969 | INFO | Batch 110 | Loss: 0.0869 | Correct: 126/128 | Elapsed Time: 22.63s
2026-01-19 23:46:06,623 | INFO | Batch 120 | Loss: 0.1240 | Correct: 122/128 | Elapsed Time: 22.65s
2026-01-19 23:46:29,227 | INFO | Batch 130 | Loss: 0.0449 | Correct: 126/128 | Elapsed Time: 22.60s
2026-01-19 23:46:51,885 | INFO | Batch 140 | Loss: 0.2002 | Correct: 120/128 | Elapsed Time: 22.66s
2026-01-19 23:47:14,542 | INFO | Batch 150 | Loss: 0.0531 | Correct: 126/128 | Elapsed Time: 22.66s
2026-01-19 23:47:37,240 | INFO | Batch 160 | Loss: 0.0545 | Correct: 126/128 | Elapsed Time: 22.70s
2026-01-19 23:47:59,863 | INFO | Batch 170 | Loss: 0.0783 | Correct: 126/128 | Elapsed Time: 22.62s
2026-01-19 23:48:22,503 | INFO | Batch 180 | Loss: 0.0668 | Correct: 125/128 | Elapsed Time: 22.64s
2026-01-19 23:48:45,131 | INFO | Batch 190 | Loss: 0.1309 | Correct: 123/128 | Elapsed Time: 22.63s
2026-01-19 23:49:07,775 | INFO | Batch 200 | Loss: 0.0982 | Correct: 124/128 | Elapsed Time: 22.64s
2026-01-19 23:49:30,417 | INFO | Batch 210 | Loss: 0.0310 | Correct: 128/128 | Elapsed Time: 22.64s
2026-01-19 23:49:53,008 | INFO | Batch 220 | Loss: 0.0733 | Correct: 125/128 | Elapsed Time: 22.59s
2026-01-19 23:50:15,629 | INFO | Batch 230 | Loss: 0.0888 | Correct: 123/128 | Elapsed Time: 22.62s
2026-01-19 23:50:38,220 | INFO | Batch 240 | Loss: 0.0449 | Correct: 126/128 | Elapsed Time: 22.59s
2026-01-19 23:51:00,812 | INFO | Batch 250 | Loss: 0.0727 | Correct: 126/128 | Elapsed Time: 22.59s
2026-01-19 23:51:23,378 | INFO | Batch 260 | Loss: 0.0338 | Correct: 126/128 | Elapsed Time: 22.57s
2026-01-19 23:51:45,933 | INFO | Batch 270 | Loss: 0.0399 | Correct: 128/128 | Elapsed Time: 22.56s
2026-01-19 23:52:08,528 | INFO | Batch 280 | Loss: 0.1543 | Correct: 121/128 | Elapsed Time: 22.59s
2026-01-19 23:52:31,110 | INFO | Batch 290 | Loss: 0.0205 | Correct: 128/128 | Elapsed Time: 22.58s
2026-01-19 23:52:53,749 | INFO | Batch 300 | Loss: 0.0605 | Correct: 127/128 | Elapsed Time: 22.64s
2026-01-19 23:53:16,381 | INFO | Batch 310 | Loss: 0.1645 | Correct: 124/128 | Elapsed Time: 22.63s
2026-01-19 23:53:38,995 | INFO | Batch 320 | Loss: 0.1304 | Correct: 123/128 | Elapsed Time: 22.61s
2026-01-19 23:54:01,571 | INFO | Batch 330 | Loss: 0.0918 | Correct: 123/128 | Elapsed Time: 22.58s
2026-01-19 23:54:24,166 | INFO | Batch 340 | Loss: 0.1008 | Correct: 125/128 | Elapsed Time: 22.59s
2026-01-19 23:54:46,728 | INFO | Batch 350 | Loss: 0.0744 | Correct: 124/128 | Elapsed Time: 22.56s
2026-01-19 23:55:09,333 | INFO | Batch 360 | Loss: 0.1916 | Correct: 119/128 | Elapsed Time: 22.61s
2026-01-19 23:55:31,981 | INFO | Batch 370 | Loss: 0.0977 | Correct: 125/128 | Elapsed Time: 22.65s
2026-01-19 23:55:54,522 | INFO | Batch 380 | Loss: 0.0892 | Correct: 123/128 | Elapsed Time: 22.54s
2026-01-19 23:56:17,062 | INFO | Batch 390 | Loss: 0.1269 | Correct: 123/128 | Elapsed Time: 22.54s
2026-01-19 23:56:18,548 | INFO | Epoch [59/100] - Loss: 0.0855 | Correct: 48536/50000 (97.07%, 883.63s)
2026-01-19 23:57:32,867 | INFO | Validation - Loss: 0.3066 | Correct: 9098/10000 (90.98%) (74.32s)
2026-01-19 23:57:55,506 | INFO | Batch 10 | Loss: 0.0657 | Correct: 125/128 | Elapsed Time: 22.64s
2026-01-19 23:58:18,093 | INFO | Batch 20 | Loss: 0.0928 | Correct: 124/128 | Elapsed Time: 22.59s
2026-01-19 23:58:40,681 | INFO | Batch 30 | Loss: 0.0615 | Correct: 124/128 | Elapsed Time: 22.59s
2026-01-19 23:59:03,301 | INFO | Batch 40 | Loss: 0.0506 | Correct: 126/128 | Elapsed Time: 22.62s
2026-01-19 23:59:26,022 | INFO | Batch 50 | Loss: 0.0573 | Correct: 125/128 | Elapsed Time: 22.72s
2026-01-19 23:59:48,637 | INFO | Batch 60 | Loss: 0.1857 | Correct: 120/128 | Elapsed Time: 22.62s
2026-01-20 00:00:11,246 | INFO | Batch 70 | Loss: 0.0624 | Correct: 125/128 | Elapsed Time: 22.61s
2026-01-20 00:00:33,770 | INFO | Batch 80 | Loss: 0.0720 | Correct: 125/128 | Elapsed Time: 22.52s
2026-01-20 00:00:56,269 | INFO | Batch 90 | Loss: 0.0622 | Correct: 125/128 | Elapsed Time: 22.50s
2026-01-20 00:01:18,870 | INFO | Batch 100 | Loss: 0.0633 | Correct: 125/128 | Elapsed Time: 22.60s
2026-01-20 00:01:41,463 | INFO | Batch 110 | Loss: 0.0795 | Correct: 125/128 | Elapsed Time: 22.59s
2026-01-20 00:02:03,996 | INFO | Batch 120 | Loss: 0.1337 | Correct: 120/128 | Elapsed Time: 22.53s
2026-01-20 00:02:26,588 | INFO | Batch 130 | Loss: 0.0537 | Correct: 125/128 | Elapsed Time: 22.59s
2026-01-20 00:02:49,177 | INFO | Batch 140 | Loss: 0.0609 | Correct: 125/128 | Elapsed Time: 22.59s
2026-01-20 00:03:11,748 | INFO | Batch 150 | Loss: 0.0861 | Correct: 123/128 | Elapsed Time: 22.57s
2026-01-20 00:03:34,419 | INFO | Batch 160 | Loss: 0.0340 | Correct: 128/128 | Elapsed Time: 22.67s
2026-01-20 00:03:57,040 | INFO | Batch 170 | Loss: 0.0621 | Correct: 125/128 | Elapsed Time: 22.62s
2026-01-20 00:04:19,652 | INFO | Batch 180 | Loss: 0.0963 | Correct: 124/128 | Elapsed Time: 22.61s
2026-01-20 00:04:42,264 | INFO | Batch 190 | Loss: 0.1093 | Correct: 123/128 | Elapsed Time: 22.61s
2026-01-20 00:05:04,903 | INFO | Batch 200 | Loss: 0.0823 | Correct: 125/128 | Elapsed Time: 22.64s
2026-01-20 00:05:27,536 | INFO | Batch 210 | Loss: 0.0476 | Correct: 124/128 | Elapsed Time: 22.63s
2026-01-20 00:05:50,151 | INFO | Batch 220 | Loss: 0.0607 | Correct: 126/128 | Elapsed Time: 22.61s
2026-01-20 00:06:12,816 | INFO | Batch 230 | Loss: 0.0626 | Correct: 123/128 | Elapsed Time: 22.67s
2026-01-20 00:06:35,442 | INFO | Batch 240 | Loss: 0.0969 | Correct: 123/128 | Elapsed Time: 22.63s
2026-01-20 00:06:58,056 | INFO | Batch 250 | Loss: 0.0875 | Correct: 125/128 | Elapsed Time: 22.61s
2026-01-20 00:07:20,659 | INFO | Batch 260 | Loss: 0.1331 | Correct: 122/128 | Elapsed Time: 22.60s
2026-01-20 00:07:43,249 | INFO | Batch 270 | Loss: 0.0536 | Correct: 126/128 | Elapsed Time: 22.59s
2026-01-20 00:08:05,832 | INFO | Batch 280 | Loss: 0.1985 | Correct: 121/128 | Elapsed Time: 22.58s
2026-01-20 00:08:28,443 | INFO | Batch 290 | Loss: 0.0515 | Correct: 126/128 | Elapsed Time: 22.61s
2026-01-20 00:08:51,028 | INFO | Batch 300 | Loss: 0.0860 | Correct: 123/128 | Elapsed Time: 22.59s
2026-01-20 00:09:13,582 | INFO | Batch 310 | Loss: 0.1512 | Correct: 120/128 | Elapsed Time: 22.55s
2026-01-20 00:09:36,255 | INFO | Batch 320 | Loss: 0.0518 | Correct: 126/128 | Elapsed Time: 22.67s
2026-01-20 00:09:58,848 | INFO | Batch 330 | Loss: 0.0720 | Correct: 126/128 | Elapsed Time: 22.59s
2026-01-20 00:10:21,446 | INFO | Batch 340 | Loss: 0.1184 | Correct: 125/128 | Elapsed Time: 22.60s
2026-01-20 00:10:44,076 | INFO | Batch 350 | Loss: 0.0595 | Correct: 123/128 | Elapsed Time: 22.63s
2026-01-20 00:11:06,659 | INFO | Batch 360 | Loss: 0.1034 | Correct: 123/128 | Elapsed Time: 22.58s
2026-01-20 00:11:29,260 | INFO | Batch 370 | Loss: 0.1364 | Correct: 120/128 | Elapsed Time: 22.60s
2026-01-20 00:11:51,850 | INFO | Batch 380 | Loss: 0.0560 | Correct: 126/128 | Elapsed Time: 22.59s
2026-01-20 00:12:14,526 | INFO | Batch 390 | Loss: 0.0322 | Correct: 127/128 | Elapsed Time: 22.68s
2026-01-20 00:12:15,987 | INFO | Epoch [60/100] - Loss: 0.0827 | Correct: 48570/50000 (97.14%, 883.12s)
2026-01-20 00:13:30,301 | INFO | Validation - Loss: 0.3119 | Correct: 9090/10000 (90.90%) (74.31s)
2026-01-20 00:13:52,996 | INFO | Batch 10 | Loss: 0.1050 | Correct: 123/128 | Elapsed Time: 22.69s
2026-01-20 00:14:15,656 | INFO | Batch 20 | Loss: 0.1183 | Correct: 122/128 | Elapsed Time: 22.66s
2026-01-20 00:14:38,271 | INFO | Batch 30 | Loss: 0.0241 | Correct: 127/128 | Elapsed Time: 22.62s
2026-01-20 00:15:00,916 | INFO | Batch 40 | Loss: 0.1047 | Correct: 123/128 | Elapsed Time: 22.64s
2026-01-20 00:15:23,497 | INFO | Batch 50 | Loss: 0.0649 | Correct: 125/128 | Elapsed Time: 22.58s
2026-01-20 00:15:46,190 | INFO | Batch 60 | Loss: 0.0740 | Correct: 123/128 | Elapsed Time: 22.69s
2026-01-20 00:16:08,812 | INFO | Batch 70 | Loss: 0.0301 | Correct: 127/128 | Elapsed Time: 22.62s
2026-01-20 00:16:31,429 | INFO | Batch 80 | Loss: 0.1118 | Correct: 122/128 | Elapsed Time: 22.62s
2026-01-20 00:16:54,062 | INFO | Batch 90 | Loss: 0.0229 | Correct: 128/128 | Elapsed Time: 22.63s
2026-01-20 00:17:16,691 | INFO | Batch 100 | Loss: 0.0797 | Correct: 123/128 | Elapsed Time: 22.63s
2026-01-20 00:17:39,332 | INFO | Batch 110 | Loss: 0.0787 | Correct: 124/128 | Elapsed Time: 22.64s
2026-01-20 00:18:02,073 | INFO | Batch 120 | Loss: 0.0876 | Correct: 124/128 | Elapsed Time: 22.74s
2026-01-20 00:18:24,692 | INFO | Batch 130 | Loss: 0.0783 | Correct: 124/128 | Elapsed Time: 22.62s
2026-01-20 00:18:47,298 | INFO | Batch 140 | Loss: 0.0612 | Correct: 125/128 | Elapsed Time: 22.61s
2026-01-20 00:19:09,900 | INFO | Batch 150 | Loss: 0.0666 | Correct: 125/128 | Elapsed Time: 22.60s
2026-01-20 00:19:32,517 | INFO | Batch 160 | Loss: 0.0296 | Correct: 128/128 | Elapsed Time: 22.62s
2026-01-20 00:19:55,143 | INFO | Batch 170 | Loss: 0.1067 | Correct: 121/128 | Elapsed Time: 22.63s
2026-01-20 00:20:17,753 | INFO | Batch 180 | Loss: 0.1477 | Correct: 121/128 | Elapsed Time: 22.61s
2026-01-20 00:20:40,413 | INFO | Batch 190 | Loss: 0.0822 | Correct: 125/128 | Elapsed Time: 22.66s
2026-01-20 00:21:03,024 | INFO | Batch 200 | Loss: 0.0743 | Correct: 122/128 | Elapsed Time: 22.61s
2026-01-20 00:21:25,640 | INFO | Batch 210 | Loss: 0.0705 | Correct: 126/128 | Elapsed Time: 22.62s
2026-01-20 00:21:48,224 | INFO | Batch 220 | Loss: 0.0596 | Correct: 125/128 | Elapsed Time: 22.58s
2026-01-20 00:22:10,813 | INFO | Batch 230 | Loss: 0.0319 | Correct: 127/128 | Elapsed Time: 22.59s
2026-01-20 00:22:33,476 | INFO | Batch 240 | Loss: 0.0524 | Correct: 126/128 | Elapsed Time: 22.66s
2026-01-20 00:22:56,045 | INFO | Batch 250 | Loss: 0.0739 | Correct: 123/128 | Elapsed Time: 22.57s
2026-01-20 00:23:18,729 | INFO | Batch 260 | Loss: 0.1620 | Correct: 124/128 | Elapsed Time: 22.68s
2026-01-20 00:23:41,389 | INFO | Batch 270 | Loss: 0.0456 | Correct: 126/128 | Elapsed Time: 22.66s
2026-01-20 00:24:03,979 | INFO | Batch 280 | Loss: 0.0543 | Correct: 125/128 | Elapsed Time: 22.59s
2026-01-20 00:24:26,575 | INFO | Batch 290 | Loss: 0.1157 | Correct: 123/128 | Elapsed Time: 22.60s
2026-01-20 00:24:49,172 | INFO | Batch 300 | Loss: 0.0857 | Correct: 124/128 | Elapsed Time: 22.60s
2026-01-20 00:25:11,757 | INFO | Batch 310 | Loss: 0.0630 | Correct: 125/128 | Elapsed Time: 22.59s
2026-01-20 00:25:34,332 | INFO | Batch 320 | Loss: 0.1171 | Correct: 122/128 | Elapsed Time: 22.58s
2026-01-20 00:25:57,006 | INFO | Batch 330 | Loss: 0.1055 | Correct: 125/128 | Elapsed Time: 22.67s
2026-01-20 00:26:19,565 | INFO | Batch 340 | Loss: 0.0597 | Correct: 125/128 | Elapsed Time: 22.56s
2026-01-20 00:26:42,189 | INFO | Batch 350 | Loss: 0.1097 | Correct: 121/128 | Elapsed Time: 22.62s
2026-01-20 00:27:04,743 | INFO | Batch 360 | Loss: 0.0779 | Correct: 125/128 | Elapsed Time: 22.55s
2026-01-20 00:27:27,263 | INFO | Batch 370 | Loss: 0.0644 | Correct: 124/128 | Elapsed Time: 22.52s
2026-01-20 00:27:49,870 | INFO | Batch 380 | Loss: 0.0847 | Correct: 123/128 | Elapsed Time: 22.61s
2026-01-20 00:28:12,504 | INFO | Batch 390 | Loss: 0.1384 | Correct: 119/128 | Elapsed Time: 22.63s
2026-01-20 00:28:13,965 | INFO | Epoch [61/100] - Loss: 0.0775 | Correct: 48626/50000 (97.25%, 883.66s)
2026-01-20 00:29:28,355 | INFO | Validation - Loss: 0.3147 | Correct: 9090/10000 (90.90%) (74.39s)
2026-01-20 00:29:51,100 | INFO | Batch 10 | Loss: 0.0565 | Correct: 125/128 | Elapsed Time: 22.74s
2026-01-20 00:30:13,649 | INFO | Batch 20 | Loss: 0.0555 | Correct: 126/128 | Elapsed Time: 22.55s
2026-01-20 00:30:36,165 | INFO | Batch 30 | Loss: 0.0411 | Correct: 126/128 | Elapsed Time: 22.52s
2026-01-20 00:30:58,710 | INFO | Batch 40 | Loss: 0.0370 | Correct: 126/128 | Elapsed Time: 22.54s
2026-01-20 00:31:21,303 | INFO | Batch 50 | Loss: 0.0890 | Correct: 123/128 | Elapsed Time: 22.59s
2026-01-20 00:31:43,849 | INFO | Batch 60 | Loss: 0.1115 | Correct: 121/128 | Elapsed Time: 22.55s
2026-01-20 00:32:06,472 | INFO | Batch 70 | Loss: 0.0953 | Correct: 123/128 | Elapsed Time: 22.62s
2026-01-20 00:32:29,014 | INFO | Batch 80 | Loss: 0.0455 | Correct: 124/128 | Elapsed Time: 22.54s
2026-01-20 00:32:51,576 | INFO | Batch 90 | Loss: 0.0776 | Correct: 124/128 | Elapsed Time: 22.56s
2026-01-20 00:33:14,154 | INFO | Batch 100 | Loss: 0.0539 | Correct: 125/128 | Elapsed Time: 22.58s
2026-01-20 00:33:36,816 | INFO | Batch 110 | Loss: 0.0439 | Correct: 128/128 | Elapsed Time: 22.66s
2026-01-20 00:33:59,392 | INFO | Batch 120 | Loss: 0.0399 | Correct: 127/128 | Elapsed Time: 22.58s
2026-01-20 00:34:21,928 | INFO | Batch 130 | Loss: 0.0665 | Correct: 125/128 | Elapsed Time: 22.54s
2026-01-20 00:34:44,500 | INFO | Batch 140 | Loss: 0.0561 | Correct: 126/128 | Elapsed Time: 22.57s
2026-01-20 00:35:07,075 | INFO | Batch 150 | Loss: 0.1026 | Correct: 123/128 | Elapsed Time: 22.57s
2026-01-20 00:35:29,704 | INFO | Batch 160 | Loss: 0.0703 | Correct: 126/128 | Elapsed Time: 22.63s
2026-01-20 00:35:52,296 | INFO | Batch 170 | Loss: 0.0760 | Correct: 126/128 | Elapsed Time: 22.59s
2026-01-20 00:36:14,891 | INFO | Batch 180 | Loss: 0.0760 | Correct: 126/128 | Elapsed Time: 22.60s
2026-01-20 00:36:37,542 | INFO | Batch 190 | Loss: 0.0965 | Correct: 125/128 | Elapsed Time: 22.65s
2026-01-20 00:37:00,158 | INFO | Batch 200 | Loss: 0.0744 | Correct: 124/128 | Elapsed Time: 22.62s
2026-01-20 00:37:22,802 | INFO | Batch 210 | Loss: 0.0453 | Correct: 126/128 | Elapsed Time: 22.64s
2026-01-20 00:37:45,463 | INFO | Batch 220 | Loss: 0.1537 | Correct: 122/128 | Elapsed Time: 22.66s
2026-01-20 00:38:08,034 | INFO | Batch 230 | Loss: 0.0802 | Correct: 122/128 | Elapsed Time: 22.57s
2026-01-20 00:38:30,626 | INFO | Batch 240 | Loss: 0.0718 | Correct: 124/128 | Elapsed Time: 22.59s
2026-01-20 00:38:53,220 | INFO | Batch 250 | Loss: 0.0950 | Correct: 123/128 | Elapsed Time: 22.59s
2026-01-20 00:39:15,854 | INFO | Batch 260 | Loss: 0.0858 | Correct: 125/128 | Elapsed Time: 22.63s
2026-01-20 00:39:38,467 | INFO | Batch 270 | Loss: 0.0473 | Correct: 127/128 | Elapsed Time: 22.61s
2026-01-20 00:40:01,097 | INFO | Batch 280 | Loss: 0.0759 | Correct: 124/128 | Elapsed Time: 22.63s
2026-01-20 00:40:23,662 | INFO | Batch 290 | Loss: 0.0542 | Correct: 126/128 | Elapsed Time: 22.56s
2026-01-20 00:40:46,228 | INFO | Batch 300 | Loss: 0.1201 | Correct: 122/128 | Elapsed Time: 22.57s
2026-01-20 00:41:08,879 | INFO | Batch 310 | Loss: 0.1156 | Correct: 122/128 | Elapsed Time: 22.65s
2026-01-20 00:41:31,515 | INFO | Batch 320 | Loss: 0.0813 | Correct: 124/128 | Elapsed Time: 22.64s
2026-01-20 00:41:54,145 | INFO | Batch 330 | Loss: 0.0682 | Correct: 123/128 | Elapsed Time: 22.63s
2026-01-20 00:42:16,792 | INFO | Batch 340 | Loss: 0.1208 | Correct: 122/128 | Elapsed Time: 22.65s
2026-01-20 00:42:39,494 | INFO | Batch 350 | Loss: 0.0299 | Correct: 127/128 | Elapsed Time: 22.70s
2026-01-20 00:43:02,118 | INFO | Batch 360 | Loss: 0.0480 | Correct: 125/128 | Elapsed Time: 22.62s
2026-01-20 00:43:24,820 | INFO | Batch 370 | Loss: 0.0437 | Correct: 126/128 | Elapsed Time: 22.70s
2026-01-20 00:43:47,469 | INFO | Batch 380 | Loss: 0.0158 | Correct: 128/128 | Elapsed Time: 22.65s
2026-01-20 00:44:10,075 | INFO | Batch 390 | Loss: 0.0498 | Correct: 124/128 | Elapsed Time: 22.61s
2026-01-20 00:44:11,543 | INFO | Epoch [62/100] - Loss: 0.0737 | Correct: 48697/50000 (97.39%, 883.19s)
2026-01-20 00:45:25,786 | INFO | Validation - Loss: 0.3260 | Correct: 9076/10000 (90.76%) (74.24s)
2026-01-20 00:45:48,415 | INFO | Batch 10 | Loss: 0.1246 | Correct: 122/128 | Elapsed Time: 22.63s
2026-01-20 00:46:10,998 | INFO | Batch 20 | Loss: 0.0667 | Correct: 126/128 | Elapsed Time: 22.58s
2026-01-20 00:46:33,621 | INFO | Batch 30 | Loss: 0.0253 | Correct: 127/128 | Elapsed Time: 22.62s
2026-01-20 00:46:56,192 | INFO | Batch 40 | Loss: 0.0872 | Correct: 124/128 | Elapsed Time: 22.57s
2026-01-20 00:47:18,751 | INFO | Batch 50 | Loss: 0.0433 | Correct: 125/128 | Elapsed Time: 22.56s
2026-01-20 00:47:41,356 | INFO | Batch 60 | Loss: 0.0792 | Correct: 125/128 | Elapsed Time: 22.61s
2026-01-20 00:48:03,921 | INFO | Batch 70 | Loss: 0.0425 | Correct: 125/128 | Elapsed Time: 22.56s
2026-01-20 00:48:26,516 | INFO | Batch 80 | Loss: 0.0655 | Correct: 125/128 | Elapsed Time: 22.59s
2026-01-20 00:48:49,110 | INFO | Batch 90 | Loss: 0.0582 | Correct: 126/128 | Elapsed Time: 22.59s
2026-01-20 00:49:11,767 | INFO | Batch 100 | Loss: 0.0815 | Correct: 123/128 | Elapsed Time: 22.66s
2026-01-20 00:49:34,380 | INFO | Batch 110 | Loss: 0.0624 | Correct: 124/128 | Elapsed Time: 22.61s
2026-01-20 00:49:56,932 | INFO | Batch 120 | Loss: 0.0452 | Correct: 126/128 | Elapsed Time: 22.55s
2026-01-20 00:50:19,513 | INFO | Batch 130 | Loss: 0.0542 | Correct: 127/128 | Elapsed Time: 22.58s
2026-01-20 00:50:42,116 | INFO | Batch 140 | Loss: 0.0697 | Correct: 125/128 | Elapsed Time: 22.60s
2026-01-20 00:51:04,770 | INFO | Batch 150 | Loss: 0.0311 | Correct: 126/128 | Elapsed Time: 22.65s
2026-01-20 00:51:27,408 | INFO | Batch 160 | Loss: 0.0700 | Correct: 125/128 | Elapsed Time: 22.64s
2026-01-20 00:51:50,072 | INFO | Batch 170 | Loss: 0.0629 | Correct: 124/128 | Elapsed Time: 22.66s
2026-01-20 00:52:12,754 | INFO | Batch 180 | Loss: 0.0275 | Correct: 126/128 | Elapsed Time: 22.68s
2026-01-20 00:52:35,396 | INFO | Batch 190 | Loss: 0.0770 | Correct: 125/128 | Elapsed Time: 22.64s
2026-01-20 00:52:58,040 | INFO | Batch 200 | Loss: 0.0589 | Correct: 125/128 | Elapsed Time: 22.64s
2026-01-20 00:53:20,769 | INFO | Batch 210 | Loss: 0.1134 | Correct: 122/128 | Elapsed Time: 22.73s
2026-01-20 00:53:43,499 | INFO | Batch 220 | Loss: 0.0425 | Correct: 125/128 | Elapsed Time: 22.73s
2026-01-20 00:54:06,070 | INFO | Batch 230 | Loss: 0.0923 | Correct: 125/128 | Elapsed Time: 22.57s
2026-01-20 00:54:28,691 | INFO | Batch 240 | Loss: 0.0665 | Correct: 125/128 | Elapsed Time: 22.62s
2026-01-20 00:54:51,295 | INFO | Batch 250 | Loss: 0.0493 | Correct: 125/128 | Elapsed Time: 22.60s
2026-01-20 00:55:13,932 | INFO | Batch 260 | Loss: 0.0566 | Correct: 126/128 | Elapsed Time: 22.64s
2026-01-20 00:55:36,536 | INFO | Batch 270 | Loss: 0.0873 | Correct: 123/128 | Elapsed Time: 22.60s
2026-01-20 00:55:59,178 | INFO | Batch 280 | Loss: 0.0491 | Correct: 125/128 | Elapsed Time: 22.64s
2026-01-20 00:56:21,816 | INFO | Batch 290 | Loss: 0.0227 | Correct: 127/128 | Elapsed Time: 22.64s
2026-01-20 00:56:44,515 | INFO | Batch 300 | Loss: 0.0766 | Correct: 124/128 | Elapsed Time: 22.70s
2026-01-20 00:57:07,212 | INFO | Batch 310 | Loss: 0.1469 | Correct: 124/128 | Elapsed Time: 22.70s
2026-01-20 00:57:29,854 | INFO | Batch 320 | Loss: 0.0963 | Correct: 124/128 | Elapsed Time: 22.64s
2026-01-20 00:57:52,558 | INFO | Batch 330 | Loss: 0.0460 | Correct: 127/128 | Elapsed Time: 22.70s
2026-01-20 00:58:15,222 | INFO | Batch 340 | Loss: 0.1536 | Correct: 120/128 | Elapsed Time: 22.66s
2026-01-20 00:58:37,848 | INFO | Batch 350 | Loss: 0.0621 | Correct: 126/128 | Elapsed Time: 22.63s
2026-01-20 00:59:00,470 | INFO | Batch 360 | Loss: 0.0283 | Correct: 128/128 | Elapsed Time: 22.62s
2026-01-20 00:59:23,055 | INFO | Batch 370 | Loss: 0.1531 | Correct: 123/128 | Elapsed Time: 22.59s
2026-01-20 00:59:45,686 | INFO | Batch 380 | Loss: 0.0656 | Correct: 126/128 | Elapsed Time: 22.63s
2026-01-20 01:00:08,275 | INFO | Batch 390 | Loss: 0.0304 | Correct: 127/128 | Elapsed Time: 22.59s
2026-01-20 01:00:09,739 | INFO | Epoch [63/100] - Loss: 0.0708 | Correct: 48759/50000 (97.52%, 883.95s)
2026-01-20 01:01:24,178 | INFO | Validation - Loss: 0.3295 | Correct: 9069/10000 (90.69%) (74.44s)
2026-01-20 01:01:46,803 | INFO | Batch 10 | Loss: 0.1081 | Correct: 124/128 | Elapsed Time: 22.62s
2026-01-20 01:02:09,420 | INFO | Batch 20 | Loss: 0.0569 | Correct: 126/128 | Elapsed Time: 22.62s
2026-01-20 01:02:31,984 | INFO | Batch 30 | Loss: 0.0513 | Correct: 125/128 | Elapsed Time: 22.56s
2026-01-20 01:02:54,679 | INFO | Batch 40 | Loss: 0.1084 | Correct: 122/128 | Elapsed Time: 22.69s
2026-01-20 01:03:17,526 | INFO | Batch 50 | Loss: 0.0775 | Correct: 124/128 | Elapsed Time: 22.85s
2026-01-20 01:03:40,153 | INFO | Batch 60 | Loss: 0.1098 | Correct: 121/128 | Elapsed Time: 22.63s
2026-01-20 01:04:02,735 | INFO | Batch 70 | Loss: 0.0515 | Correct: 126/128 | Elapsed Time: 22.58s
2026-01-20 01:04:25,384 | INFO | Batch 80 | Loss: 0.0890 | Correct: 120/128 | Elapsed Time: 22.65s
2026-01-20 01:04:47,987 | INFO | Batch 90 | Loss: 0.1155 | Correct: 122/128 | Elapsed Time: 22.60s
2026-01-20 01:05:10,635 | INFO | Batch 100 | Loss: 0.0740 | Correct: 125/128 | Elapsed Time: 22.65s
2026-01-20 01:05:33,271 | INFO | Batch 110 | Loss: 0.0776 | Correct: 124/128 | Elapsed Time: 22.64s
2026-01-20 01:05:55,927 | INFO | Batch 120 | Loss: 0.0265 | Correct: 127/128 | Elapsed Time: 22.66s
2026-01-20 01:06:18,505 | INFO | Batch 130 | Loss: 0.0732 | Correct: 126/128 | Elapsed Time: 22.58s
2026-01-20 01:06:41,096 | INFO | Batch 140 | Loss: 0.0346 | Correct: 127/128 | Elapsed Time: 22.59s
2026-01-20 01:07:03,677 | INFO | Batch 150 | Loss: 0.0698 | Correct: 125/128 | Elapsed Time: 22.58s
2026-01-20 01:07:26,227 | INFO | Batch 160 | Loss: 0.0883 | Correct: 123/128 | Elapsed Time: 22.55s
2026-01-20 01:07:48,774 | INFO | Batch 170 | Loss: 0.1494 | Correct: 122/128 | Elapsed Time: 22.55s
2026-01-20 01:08:11,311 | INFO | Batch 180 | Loss: 0.1097 | Correct: 122/128 | Elapsed Time: 22.54s
2026-01-20 01:08:33,887 | INFO | Batch 190 | Loss: 0.0744 | Correct: 124/128 | Elapsed Time: 22.58s
2026-01-20 01:08:56,431 | INFO | Batch 200 | Loss: 0.0819 | Correct: 123/128 | Elapsed Time: 22.54s
2026-01-20 01:09:18,996 | INFO | Batch 210 | Loss: 0.0712 | Correct: 124/128 | Elapsed Time: 22.56s
2026-01-20 01:09:41,641 | INFO | Batch 220 | Loss: 0.0296 | Correct: 127/128 | Elapsed Time: 22.65s
2026-01-20 01:10:04,234 | INFO | Batch 230 | Loss: 0.1346 | Correct: 124/128 | Elapsed Time: 22.59s
2026-01-20 01:10:26,823 | INFO | Batch 240 | Loss: 0.0384 | Correct: 127/128 | Elapsed Time: 22.59s
2026-01-20 01:10:49,413 | INFO | Batch 250 | Loss: 0.0477 | Correct: 126/128 | Elapsed Time: 22.59s
2026-01-20 01:11:12,083 | INFO | Batch 260 | Loss: 0.0261 | Correct: 128/128 | Elapsed Time: 22.67s
2026-01-20 01:11:34,699 | INFO | Batch 270 | Loss: 0.0405 | Correct: 127/128 | Elapsed Time: 22.62s
2026-01-20 01:11:57,312 | INFO | Batch 280 | Loss: 0.0507 | Correct: 125/128 | Elapsed Time: 22.61s
2026-01-20 01:12:19,949 | INFO | Batch 290 | Loss: 0.1148 | Correct: 122/128 | Elapsed Time: 22.64s
2026-01-20 01:12:42,666 | INFO | Batch 300 | Loss: 0.1145 | Correct: 125/128 | Elapsed Time: 22.72s
2026-01-20 01:13:05,342 | INFO | Batch 310 | Loss: 0.0911 | Correct: 124/128 | Elapsed Time: 22.68s
2026-01-20 01:13:28,005 | INFO | Batch 320 | Loss: 0.0274 | Correct: 128/128 | Elapsed Time: 22.66s
2026-01-20 01:13:50,703 | INFO | Batch 330 | Loss: 0.0947 | Correct: 123/128 | Elapsed Time: 22.70s
2026-01-20 01:14:13,300 | INFO | Batch 340 | Loss: 0.1072 | Correct: 123/128 | Elapsed Time: 22.60s
2026-01-20 01:14:35,880 | INFO | Batch 350 | Loss: 0.0362 | Correct: 127/128 | Elapsed Time: 22.58s
2026-01-20 01:14:58,394 | INFO | Batch 360 | Loss: 0.1212 | Correct: 122/128 | Elapsed Time: 22.51s
2026-01-20 01:15:20,967 | INFO | Batch 370 | Loss: 0.0785 | Correct: 125/128 | Elapsed Time: 22.57s
2026-01-20 01:15:43,515 | INFO | Batch 380 | Loss: 0.0278 | Correct: 127/128 | Elapsed Time: 22.55s
2026-01-20 01:16:06,078 | INFO | Batch 390 | Loss: 0.0567 | Correct: 124/128 | Elapsed Time: 22.56s
2026-01-20 01:16:07,554 | INFO | Epoch [64/100] - Loss: 0.0686 | Correct: 48767/50000 (97.53%, 883.37s)
2026-01-20 01:17:21,982 | INFO | Validation - Loss: 0.3309 | Correct: 9067/10000 (90.67%) (74.43s)
2026-01-20 01:17:44,628 | INFO | Batch 10 | Loss: 0.0553 | Correct: 126/128 | Elapsed Time: 22.64s
2026-01-20 01:18:07,216 | INFO | Batch 20 | Loss: 0.0484 | Correct: 126/128 | Elapsed Time: 22.59s
2026-01-20 01:18:29,758 | INFO | Batch 30 | Loss: 0.0791 | Correct: 124/128 | Elapsed Time: 22.54s
2026-01-20 01:18:52,335 | INFO | Batch 40 | Loss: 0.0479 | Correct: 126/128 | Elapsed Time: 22.58s
2026-01-20 01:19:14,896 | INFO | Batch 50 | Loss: 0.0932 | Correct: 125/128 | Elapsed Time: 22.56s
2026-01-20 01:19:37,488 | INFO | Batch 60 | Loss: 0.0421 | Correct: 126/128 | Elapsed Time: 22.59s
2026-01-20 01:20:00,222 | INFO | Batch 70 | Loss: 0.0596 | Correct: 126/128 | Elapsed Time: 22.73s
2026-01-20 01:20:22,877 | INFO | Batch 80 | Loss: 0.0333 | Correct: 127/128 | Elapsed Time: 22.65s
2026-01-20 01:20:45,523 | INFO | Batch 90 | Loss: 0.0833 | Correct: 125/128 | Elapsed Time: 22.65s
2026-01-20 01:21:08,090 | INFO | Batch 100 | Loss: 0.0674 | Correct: 125/128 | Elapsed Time: 22.57s
2026-01-20 01:21:30,690 | INFO | Batch 110 | Loss: 0.0505 | Correct: 125/128 | Elapsed Time: 22.60s
2026-01-20 01:21:53,310 | INFO | Batch 120 | Loss: 0.0786 | Correct: 125/128 | Elapsed Time: 22.62s
2026-01-20 01:22:16,051 | INFO | Batch 130 | Loss: 0.0425 | Correct: 125/128 | Elapsed Time: 22.74s
2026-01-20 01:22:38,641 | INFO | Batch 140 | Loss: 0.1341 | Correct: 122/128 | Elapsed Time: 22.59s
2026-01-20 01:23:01,201 | INFO | Batch 150 | Loss: 0.0118 | Correct: 128/128 | Elapsed Time: 22.56s
2026-01-20 01:23:23,759 | INFO | Batch 160 | Loss: 0.0523 | Correct: 125/128 | Elapsed Time: 22.56s
2026-01-20 01:23:46,327 | INFO | Batch 170 | Loss: 0.0857 | Correct: 123/128 | Elapsed Time: 22.57s
2026-01-20 01:24:08,906 | INFO | Batch 180 | Loss: 0.0277 | Correct: 127/128 | Elapsed Time: 22.58s
2026-01-20 01:24:31,509 | INFO | Batch 190 | Loss: 0.0815 | Correct: 125/128 | Elapsed Time: 22.60s
2026-01-20 01:24:54,156 | INFO | Batch 200 | Loss: 0.0670 | Correct: 127/128 | Elapsed Time: 22.65s
2026-01-20 01:25:16,732 | INFO | Batch 210 | Loss: 0.0774 | Correct: 125/128 | Elapsed Time: 22.58s
2026-01-20 01:25:39,356 | INFO | Batch 220 | Loss: 0.0608 | Correct: 126/128 | Elapsed Time: 22.62s
2026-01-20 01:26:01,971 | INFO | Batch 230 | Loss: 0.0332 | Correct: 127/128 | Elapsed Time: 22.62s
2026-01-20 01:26:24,558 | INFO | Batch 240 | Loss: 0.0605 | Correct: 125/128 | Elapsed Time: 22.59s
2026-01-20 01:26:47,134 | INFO | Batch 250 | Loss: 0.0211 | Correct: 128/128 | Elapsed Time: 22.58s
2026-01-20 01:27:09,771 | INFO | Batch 260 | Loss: 0.0608 | Correct: 126/128 | Elapsed Time: 22.64s
2026-01-20 01:27:32,414 | INFO | Batch 270 | Loss: 0.0820 | Correct: 123/128 | Elapsed Time: 22.64s
2026-01-20 01:27:55,011 | INFO | Batch 280 | Loss: 0.0587 | Correct: 125/128 | Elapsed Time: 22.60s
2026-01-20 01:28:17,627 | INFO | Batch 290 | Loss: 0.0520 | Correct: 125/128 | Elapsed Time: 22.62s
2026-01-20 01:28:40,250 | INFO | Batch 300 | Loss: 0.0384 | Correct: 126/128 | Elapsed Time: 22.62s
2026-01-20 01:29:02,852 | INFO | Batch 310 | Loss: 0.0295 | Correct: 127/128 | Elapsed Time: 22.60s
2026-01-20 01:29:25,494 | INFO | Batch 320 | Loss: 0.0415 | Correct: 125/128 | Elapsed Time: 22.64s
2026-01-20 01:29:48,065 | INFO | Batch 330 | Loss: 0.0278 | Correct: 128/128 | Elapsed Time: 22.57s
2026-01-20 01:30:10,675 | INFO | Batch 340 | Loss: 0.0312 | Correct: 127/128 | Elapsed Time: 22.61s
2026-01-20 01:30:33,218 | INFO | Batch 350 | Loss: 0.0366 | Correct: 127/128 | Elapsed Time: 22.54s
2026-01-20 01:30:55,723 | INFO | Batch 360 | Loss: 0.0360 | Correct: 126/128 | Elapsed Time: 22.50s
2026-01-20 01:31:18,235 | INFO | Batch 370 | Loss: 0.1164 | Correct: 123/128 | Elapsed Time: 22.51s
2026-01-20 01:31:40,833 | INFO | Batch 380 | Loss: 0.0466 | Correct: 127/128 | Elapsed Time: 22.60s
2026-01-20 01:32:03,513 | INFO | Batch 390 | Loss: 0.0654 | Correct: 125/128 | Elapsed Time: 22.68s
2026-01-20 01:32:04,974 | INFO | Epoch [65/100] - Loss: 0.0628 | Correct: 48900/50000 (97.80%, 882.99s)
2026-01-20 01:33:19,357 | INFO | Validation - Loss: 0.3336 | Correct: 9099/10000 (90.99%) (74.38s)
2026-01-20 01:33:42,089 | INFO | Batch 10 | Loss: 0.0735 | Correct: 125/128 | Elapsed Time: 22.73s
2026-01-20 01:34:04,717 | INFO | Batch 20 | Loss: 0.0274 | Correct: 127/128 | Elapsed Time: 22.63s
2026-01-20 01:34:27,350 | INFO | Batch 30 | Loss: 0.0571 | Correct: 124/128 | Elapsed Time: 22.63s
2026-01-20 01:34:49,937 | INFO | Batch 40 | Loss: 0.0949 | Correct: 123/128 | Elapsed Time: 22.59s
2026-01-20 01:35:12,579 | INFO | Batch 50 | Loss: 0.0674 | Correct: 126/128 | Elapsed Time: 22.64s
2026-01-20 01:35:35,226 | INFO | Batch 60 | Loss: 0.1115 | Correct: 120/128 | Elapsed Time: 22.65s
2026-01-20 01:35:57,862 | INFO | Batch 70 | Loss: 0.0766 | Correct: 125/128 | Elapsed Time: 22.64s
2026-01-20 01:36:20,505 | INFO | Batch 80 | Loss: 0.0592 | Correct: 126/128 | Elapsed Time: 22.64s
2026-01-20 01:36:43,102 | INFO | Batch 90 | Loss: 0.0958 | Correct: 123/128 | Elapsed Time: 22.60s
2026-01-20 01:37:05,699 | INFO | Batch 100 | Loss: 0.0118 | Correct: 128/128 | Elapsed Time: 22.60s
2026-01-20 01:37:28,297 | INFO | Batch 110 | Loss: 0.0381 | Correct: 127/128 | Elapsed Time: 22.60s
2026-01-20 01:37:50,883 | INFO | Batch 120 | Loss: 0.1045 | Correct: 122/128 | Elapsed Time: 22.59s
2026-01-20 01:38:13,464 | INFO | Batch 130 | Loss: 0.0417 | Correct: 126/128 | Elapsed Time: 22.58s
2026-01-20 01:38:36,106 | INFO | Batch 140 | Loss: 0.0319 | Correct: 127/128 | Elapsed Time: 22.64s
2026-01-20 01:38:58,738 | INFO | Batch 150 | Loss: 0.0685 | Correct: 124/128 | Elapsed Time: 22.63s
2026-01-20 01:39:21,336 | INFO | Batch 160 | Loss: 0.0981 | Correct: 121/128 | Elapsed Time: 22.60s
2026-01-20 01:39:43,951 | INFO | Batch 170 | Loss: 0.0742 | Correct: 126/128 | Elapsed Time: 22.62s
2026-01-20 01:40:06,544 | INFO | Batch 180 | Loss: 0.0386 | Correct: 127/128 | Elapsed Time: 22.59s
2026-01-20 01:40:29,125 | INFO | Batch 190 | Loss: 0.0276 | Correct: 126/128 | Elapsed Time: 22.58s
2026-01-20 01:40:51,722 | INFO | Batch 200 | Loss: 0.0829 | Correct: 124/128 | Elapsed Time: 22.60s
2026-01-20 01:41:14,320 | INFO | Batch 210 | Loss: 0.0566 | Correct: 124/128 | Elapsed Time: 22.60s
2026-01-20 01:41:37,054 | INFO | Batch 220 | Loss: 0.0273 | Correct: 128/128 | Elapsed Time: 22.73s
2026-01-20 01:41:59,640 | INFO | Batch 230 | Loss: 0.0364 | Correct: 127/128 | Elapsed Time: 22.59s
2026-01-20 01:42:22,224 | INFO | Batch 240 | Loss: 0.0624 | Correct: 125/128 | Elapsed Time: 22.58s
2026-01-20 01:42:44,767 | INFO | Batch 250 | Loss: 0.0611 | Correct: 125/128 | Elapsed Time: 22.54s
2026-01-20 01:43:07,305 | INFO | Batch 260 | Loss: 0.0277 | Correct: 127/128 | Elapsed Time: 22.54s
2026-01-20 01:43:29,898 | INFO | Batch 270 | Loss: 0.0693 | Correct: 125/128 | Elapsed Time: 22.59s
2026-01-20 01:43:52,455 | INFO | Batch 280 | Loss: 0.0917 | Correct: 123/128 | Elapsed Time: 22.56s
2026-01-20 01:44:15,060 | INFO | Batch 290 | Loss: 0.1292 | Correct: 124/128 | Elapsed Time: 22.60s
2026-01-20 01:44:37,648 | INFO | Batch 300 | Loss: 0.0389 | Correct: 125/128 | Elapsed Time: 22.59s
2026-01-20 01:45:00,229 | INFO | Batch 310 | Loss: 0.0649 | Correct: 124/128 | Elapsed Time: 22.58s
2026-01-20 01:45:22,804 | INFO | Batch 320 | Loss: 0.0211 | Correct: 127/128 | Elapsed Time: 22.58s
2026-01-20 01:45:45,429 | INFO | Batch 330 | Loss: 0.1391 | Correct: 122/128 | Elapsed Time: 22.63s
2026-01-20 01:46:07,992 | INFO | Batch 340 | Loss: 0.1327 | Correct: 123/128 | Elapsed Time: 22.56s
2026-01-20 01:46:30,579 | INFO | Batch 350 | Loss: 0.0372 | Correct: 126/128 | Elapsed Time: 22.59s
2026-01-20 01:46:53,190 | INFO | Batch 360 | Loss: 0.0597 | Correct: 124/128 | Elapsed Time: 22.61s
2026-01-20 01:47:15,755 | INFO | Batch 370 | Loss: 0.0249 | Correct: 125/128 | Elapsed Time: 22.57s
2026-01-20 01:47:38,373 | INFO | Batch 380 | Loss: 0.0671 | Correct: 125/128 | Elapsed Time: 22.62s
2026-01-20 01:48:00,998 | INFO | Batch 390 | Loss: 0.0670 | Correct: 125/128 | Elapsed Time: 22.62s
2026-01-20 01:48:02,475 | INFO | Epoch [66/100] - Loss: 0.0616 | Correct: 48879/50000 (97.76%, 883.12s)
2026-01-20 01:49:16,750 | INFO | Validation - Loss: 0.3325 | Correct: 9095/10000 (90.95%) (74.27s)
2026-01-20 01:49:39,346 | INFO | Batch 10 | Loss: 0.0782 | Correct: 123/128 | Elapsed Time: 22.59s
2026-01-20 01:50:01,932 | INFO | Batch 20 | Loss: 0.0632 | Correct: 126/128 | Elapsed Time: 22.59s
2026-01-20 01:50:24,482 | INFO | Batch 30 | Loss: 0.0503 | Correct: 126/128 | Elapsed Time: 22.55s
2026-01-20 01:50:47,027 | INFO | Batch 40 | Loss: 0.0380 | Correct: 127/128 | Elapsed Time: 22.54s
2026-01-20 01:51:09,682 | INFO | Batch 50 | Loss: 0.0347 | Correct: 125/128 | Elapsed Time: 22.66s
2026-01-20 01:51:32,266 | INFO | Batch 60 | Loss: 0.0670 | Correct: 123/128 | Elapsed Time: 22.58s
2026-01-20 01:51:54,853 | INFO | Batch 70 | Loss: 0.0808 | Correct: 125/128 | Elapsed Time: 22.59s
2026-01-20 01:52:17,390 | INFO | Batch 80 | Loss: 0.0634 | Correct: 126/128 | Elapsed Time: 22.54s
2026-01-20 01:52:39,963 | INFO | Batch 90 | Loss: 0.0336 | Correct: 126/128 | Elapsed Time: 22.57s
2026-01-20 01:53:02,611 | INFO | Batch 100 | Loss: 0.0270 | Correct: 127/128 | Elapsed Time: 22.65s
2026-01-20 01:53:25,209 | INFO | Batch 110 | Loss: 0.1075 | Correct: 125/128 | Elapsed Time: 22.60s
2026-01-20 01:53:47,754 | INFO | Batch 120 | Loss: 0.0647 | Correct: 125/128 | Elapsed Time: 22.54s
2026-01-20 01:54:10,359 | INFO | Batch 130 | Loss: 0.0537 | Correct: 125/128 | Elapsed Time: 22.61s
2026-01-20 01:54:32,941 | INFO | Batch 140 | Loss: 0.0365 | Correct: 127/128 | Elapsed Time: 22.58s
2026-01-20 01:54:55,509 | INFO | Batch 150 | Loss: 0.0760 | Correct: 126/128 | Elapsed Time: 22.57s
2026-01-20 01:55:18,105 | INFO | Batch 160 | Loss: 0.0462 | Correct: 126/128 | Elapsed Time: 22.60s
2026-01-20 01:55:40,784 | INFO | Batch 170 | Loss: 0.0091 | Correct: 128/128 | Elapsed Time: 22.68s
2026-01-20 01:56:03,371 | INFO | Batch 180 | Loss: 0.0372 | Correct: 126/128 | Elapsed Time: 22.59s
2026-01-20 01:56:25,931 | INFO | Batch 190 | Loss: 0.0506 | Correct: 126/128 | Elapsed Time: 22.56s
2026-01-20 01:56:48,538 | INFO | Batch 200 | Loss: 0.0129 | Correct: 128/128 | Elapsed Time: 22.61s
2026-01-20 01:57:11,108 | INFO | Batch 210 | Loss: 0.0887 | Correct: 126/128 | Elapsed Time: 22.57s
2026-01-20 01:57:33,687 | INFO | Batch 220 | Loss: 0.0832 | Correct: 125/128 | Elapsed Time: 22.58s
2026-01-20 01:57:56,304 | INFO | Batch 230 | Loss: 0.1305 | Correct: 123/128 | Elapsed Time: 22.62s
2026-01-20 01:58:18,936 | INFO | Batch 240 | Loss: 0.0507 | Correct: 126/128 | Elapsed Time: 22.63s
2026-01-20 01:58:41,458 | INFO | Batch 250 | Loss: 0.0485 | Correct: 125/128 | Elapsed Time: 22.52s
2026-01-20 01:59:04,040 | INFO | Batch 260 | Loss: 0.0617 | Correct: 125/128 | Elapsed Time: 22.58s
2026-01-20 01:59:26,595 | INFO | Batch 270 | Loss: 0.0727 | Correct: 125/128 | Elapsed Time: 22.56s
2026-01-20 01:59:49,182 | INFO | Batch 280 | Loss: 0.0746 | Correct: 122/128 | Elapsed Time: 22.59s
2026-01-20 02:00:11,780 | INFO | Batch 290 | Loss: 0.0318 | Correct: 127/128 | Elapsed Time: 22.60s
2026-01-20 02:00:34,485 | INFO | Batch 300 | Loss: 0.0400 | Correct: 127/128 | Elapsed Time: 22.71s
2026-01-20 02:00:57,140 | INFO | Batch 310 | Loss: 0.0578 | Correct: 126/128 | Elapsed Time: 22.66s
2026-01-20 02:01:19,743 | INFO | Batch 320 | Loss: 0.0603 | Correct: 126/128 | Elapsed Time: 22.60s
2026-01-20 02:01:42,375 | INFO | Batch 330 | Loss: 0.0396 | Correct: 126/128 | Elapsed Time: 22.63s
2026-01-20 02:02:04,922 | INFO | Batch 340 | Loss: 0.0654 | Correct: 123/128 | Elapsed Time: 22.55s
2026-01-20 02:02:27,556 | INFO | Batch 350 | Loss: 0.0661 | Correct: 123/128 | Elapsed Time: 22.63s
2026-01-20 02:02:50,189 | INFO | Batch 360 | Loss: 0.0609 | Correct: 126/128 | Elapsed Time: 22.63s
2026-01-20 02:03:12,797 | INFO | Batch 370 | Loss: 0.0742 | Correct: 126/128 | Elapsed Time: 22.61s
2026-01-20 02:03:35,501 | INFO | Batch 380 | Loss: 0.0253 | Correct: 127/128 | Elapsed Time: 22.70s
2026-01-20 02:03:58,086 | INFO | Batch 390 | Loss: 0.0379 | Correct: 127/128 | Elapsed Time: 22.59s
2026-01-20 02:03:59,554 | INFO | Epoch [67/100] - Loss: 0.0594 | Correct: 48980/50000 (97.96%, 882.80s)
2026-01-20 02:05:13,850 | INFO | Validation - Loss: 0.3359 | Correct: 9097/10000 (90.97%) (74.30s)
2026-01-20 02:05:36,502 | INFO | Batch 10 | Loss: 0.0786 | Correct: 125/128 | Elapsed Time: 22.65s
2026-01-20 02:05:59,093 | INFO | Batch 20 | Loss: 0.1006 | Correct: 123/128 | Elapsed Time: 22.59s
2026-01-20 02:06:21,653 | INFO | Batch 30 | Loss: 0.0567 | Correct: 124/128 | Elapsed Time: 22.56s
2026-01-20 02:06:44,216 | INFO | Batch 40 | Loss: 0.0808 | Correct: 124/128 | Elapsed Time: 22.56s
2026-01-20 02:07:06,805 | INFO | Batch 50 | Loss: 0.0680 | Correct: 125/128 | Elapsed Time: 22.59s
2026-01-20 02:07:29,506 | INFO | Batch 60 | Loss: 0.0675 | Correct: 126/128 | Elapsed Time: 22.70s
2026-01-20 02:07:52,066 | INFO | Batch 70 | Loss: 0.0963 | Correct: 122/128 | Elapsed Time: 22.56s
2026-01-20 02:08:14,648 | INFO | Batch 80 | Loss: 0.0288 | Correct: 127/128 | Elapsed Time: 22.58s
2026-01-20 02:08:37,260 | INFO | Batch 90 | Loss: 0.0341 | Correct: 126/128 | Elapsed Time: 22.61s
2026-01-20 02:08:59,895 | INFO | Batch 100 | Loss: 0.0303 | Correct: 127/128 | Elapsed Time: 22.63s
2026-01-20 02:09:22,458 | INFO | Batch 110 | Loss: 0.0798 | Correct: 126/128 | Elapsed Time: 22.56s
2026-01-20 02:09:45,125 | INFO | Batch 120 | Loss: 0.0648 | Correct: 125/128 | Elapsed Time: 22.67s
2026-01-20 02:10:07,933 | INFO | Batch 130 | Loss: 0.0736 | Correct: 125/128 | Elapsed Time: 22.81s
2026-01-20 02:10:30,558 | INFO | Batch 140 | Loss: 0.0752 | Correct: 126/128 | Elapsed Time: 22.62s
2026-01-20 02:10:53,160 | INFO | Batch 150 | Loss: 0.0512 | Correct: 127/128 | Elapsed Time: 22.60s
2026-01-20 02:11:15,750 | INFO | Batch 160 | Loss: 0.0378 | Correct: 126/128 | Elapsed Time: 22.59s
2026-01-20 02:11:38,324 | INFO | Batch 170 | Loss: 0.0290 | Correct: 128/128 | Elapsed Time: 22.57s
2026-01-20 02:12:00,935 | INFO | Batch 180 | Loss: 0.0347 | Correct: 127/128 | Elapsed Time: 22.61s
2026-01-20 02:12:23,517 | INFO | Batch 190 | Loss: 0.0599 | Correct: 126/128 | Elapsed Time: 22.58s
2026-01-20 02:12:46,153 | INFO | Batch 200 | Loss: 0.0352 | Correct: 125/128 | Elapsed Time: 22.64s
2026-01-20 02:13:08,761 | INFO | Batch 210 | Loss: 0.0554 | Correct: 126/128 | Elapsed Time: 22.61s
2026-01-20 02:13:31,349 | INFO | Batch 220 | Loss: 0.0865 | Correct: 124/128 | Elapsed Time: 22.59s
2026-01-20 02:13:53,900 | INFO | Batch 230 | Loss: 0.0675 | Correct: 125/128 | Elapsed Time: 22.55s
2026-01-20 02:14:16,453 | INFO | Batch 240 | Loss: 0.0830 | Correct: 125/128 | Elapsed Time: 22.55s
2026-01-20 02:14:39,019 | INFO | Batch 250 | Loss: 0.0810 | Correct: 124/128 | Elapsed Time: 22.57s
2026-01-20 02:15:01,609 | INFO | Batch 260 | Loss: 0.0903 | Correct: 124/128 | Elapsed Time: 22.59s
2026-01-20 02:15:24,228 | INFO | Batch 270 | Loss: 0.0702 | Correct: 124/128 | Elapsed Time: 22.62s
2026-01-20 02:15:46,766 | INFO | Batch 280 | Loss: 0.0656 | Correct: 126/128 | Elapsed Time: 22.54s
2026-01-20 02:16:09,299 | INFO | Batch 290 | Loss: 0.0159 | Correct: 127/128 | Elapsed Time: 22.53s
2026-01-20 02:16:31,877 | INFO | Batch 300 | Loss: 0.0430 | Correct: 125/128 | Elapsed Time: 22.58s
2026-01-20 02:16:54,522 | INFO | Batch 310 | Loss: 0.0763 | Correct: 124/128 | Elapsed Time: 22.64s
2026-01-20 02:17:17,137 | INFO | Batch 320 | Loss: 0.0919 | Correct: 125/128 | Elapsed Time: 22.62s
2026-01-20 02:17:39,712 | INFO | Batch 330 | Loss: 0.0814 | Correct: 125/128 | Elapsed Time: 22.58s
2026-01-20 02:18:02,371 | INFO | Batch 340 | Loss: 0.0310 | Correct: 126/128 | Elapsed Time: 22.66s
2026-01-20 02:18:24,927 | INFO | Batch 350 | Loss: 0.0181 | Correct: 128/128 | Elapsed Time: 22.56s
2026-01-20 02:18:47,543 | INFO | Batch 360 | Loss: 0.0436 | Correct: 126/128 | Elapsed Time: 22.62s
2026-01-20 02:19:10,163 | INFO | Batch 370 | Loss: 0.0984 | Correct: 122/128 | Elapsed Time: 22.62s
2026-01-20 02:19:32,922 | INFO | Batch 380 | Loss: 0.0528 | Correct: 125/128 | Elapsed Time: 22.76s
2026-01-20 02:19:55,611 | INFO | Batch 390 | Loss: 0.0763 | Correct: 122/128 | Elapsed Time: 22.69s
2026-01-20 02:19:57,071 | INFO | Epoch [68/100] - Loss: 0.0576 | Correct: 49020/50000 (98.04%, 883.22s)
2026-01-20 02:21:11,725 | INFO | Validation - Loss: 0.3421 | Correct: 9088/10000 (90.88%) (74.65s)
2026-01-20 02:21:34,403 | INFO | Batch 10 | Loss: 0.0238 | Correct: 127/128 | Elapsed Time: 22.68s
2026-01-20 02:21:56,994 | INFO | Batch 20 | Loss: 0.0592 | Correct: 126/128 | Elapsed Time: 22.59s
2026-01-20 02:22:19,595 | INFO | Batch 30 | Loss: 0.0866 | Correct: 123/128 | Elapsed Time: 22.60s
2026-01-20 02:22:42,189 | INFO | Batch 40 | Loss: 0.0455 | Correct: 125/128 | Elapsed Time: 22.59s
2026-01-20 02:23:04,792 | INFO | Batch 50 | Loss: 0.0381 | Correct: 126/128 | Elapsed Time: 22.60s
2026-01-20 02:23:27,400 | INFO | Batch 60 | Loss: 0.0547 | Correct: 126/128 | Elapsed Time: 22.61s
2026-01-20 02:23:50,089 | INFO | Batch 70 | Loss: 0.0761 | Correct: 122/128 | Elapsed Time: 22.69s
2026-01-20 02:24:12,719 | INFO | Batch 80 | Loss: 0.0869 | Correct: 125/128 | Elapsed Time: 22.63s
2026-01-20 02:24:35,344 | INFO | Batch 90 | Loss: 0.0847 | Correct: 123/128 | Elapsed Time: 22.63s
2026-01-20 02:24:57,950 | INFO | Batch 100 | Loss: 0.0262 | Correct: 127/128 | Elapsed Time: 22.61s
2026-01-20 02:25:20,551 | INFO | Batch 110 | Loss: 0.0421 | Correct: 125/128 | Elapsed Time: 22.60s
2026-01-20 02:25:43,186 | INFO | Batch 120 | Loss: 0.0358 | Correct: 127/128 | Elapsed Time: 22.64s
2026-01-20 02:26:05,809 | INFO | Batch 130 | Loss: 0.0325 | Correct: 126/128 | Elapsed Time: 22.62s
2026-01-20 02:26:28,405 | INFO | Batch 140 | Loss: 0.0440 | Correct: 126/128 | Elapsed Time: 22.60s
2026-01-20 02:26:51,014 | INFO | Batch 150 | Loss: 0.0792 | Correct: 124/128 | Elapsed Time: 22.61s
2026-01-20 02:27:13,609 | INFO | Batch 160 | Loss: 0.1118 | Correct: 124/128 | Elapsed Time: 22.59s
2026-01-20 02:27:36,192 | INFO | Batch 170 | Loss: 0.1024 | Correct: 122/128 | Elapsed Time: 22.58s
2026-01-20 02:27:58,755 | INFO | Batch 180 | Loss: 0.0551 | Correct: 124/128 | Elapsed Time: 22.56s
2026-01-20 02:28:21,387 | INFO | Batch 190 | Loss: 0.0548 | Correct: 126/128 | Elapsed Time: 22.63s
2026-01-20 02:28:43,989 | INFO | Batch 200 | Loss: 0.0279 | Correct: 128/128 | Elapsed Time: 22.60s
2026-01-20 02:29:06,745 | INFO | Batch 210 | Loss: 0.0570 | Correct: 126/128 | Elapsed Time: 22.76s
2026-01-20 02:29:29,356 | INFO | Batch 220 | Loss: 0.0441 | Correct: 126/128 | Elapsed Time: 22.61s
2026-01-20 02:29:51,978 | INFO | Batch 230 | Loss: 0.0562 | Correct: 125/128 | Elapsed Time: 22.62s
2026-01-20 02:30:14,548 | INFO | Batch 240 | Loss: 0.0419 | Correct: 124/128 | Elapsed Time: 22.57s
2026-01-20 02:30:37,125 | INFO | Batch 250 | Loss: 0.0441 | Correct: 125/128 | Elapsed Time: 22.58s
2026-01-20 02:30:59,789 | INFO | Batch 260 | Loss: 0.0238 | Correct: 127/128 | Elapsed Time: 22.66s
2026-01-20 02:31:22,436 | INFO | Batch 270 | Loss: 0.1278 | Correct: 123/128 | Elapsed Time: 22.65s
2026-01-20 02:31:45,150 | INFO | Batch 280 | Loss: 0.0595 | Correct: 124/128 | Elapsed Time: 22.71s
2026-01-20 02:32:07,759 | INFO | Batch 290 | Loss: 0.0377 | Correct: 126/128 | Elapsed Time: 22.61s
2026-01-20 02:32:30,389 | INFO | Batch 300 | Loss: 0.0785 | Correct: 126/128 | Elapsed Time: 22.63s
2026-01-20 02:32:53,028 | INFO | Batch 310 | Loss: 0.1311 | Correct: 122/128 | Elapsed Time: 22.64s
2026-01-20 02:33:15,673 | INFO | Batch 320 | Loss: 0.0460 | Correct: 127/128 | Elapsed Time: 22.64s
2026-01-20 02:33:38,263 | INFO | Batch 330 | Loss: 0.0143 | Correct: 128/128 | Elapsed Time: 22.59s
2026-01-20 02:34:00,862 | INFO | Batch 340 | Loss: 0.0452 | Correct: 125/128 | Elapsed Time: 22.60s
2026-01-20 02:34:23,531 | INFO | Batch 350 | Loss: 0.0401 | Correct: 127/128 | Elapsed Time: 22.67s
2026-01-20 02:34:46,164 | INFO | Batch 360 | Loss: 0.1222 | Correct: 124/128 | Elapsed Time: 22.63s
2026-01-20 02:35:08,751 | INFO | Batch 370 | Loss: 0.0281 | Correct: 126/128 | Elapsed Time: 22.59s
2026-01-20 02:35:31,330 | INFO | Batch 380 | Loss: 0.0758 | Correct: 125/128 | Elapsed Time: 22.58s
2026-01-20 02:35:53,945 | INFO | Batch 390 | Loss: 0.0645 | Correct: 124/128 | Elapsed Time: 22.61s
2026-01-20 02:35:55,426 | INFO | Epoch [69/100] - Loss: 0.0569 | Correct: 48989/50000 (97.98%, 883.70s)
2026-01-20 02:37:09,894 | INFO | Validation - Loss: 0.3418 | Correct: 9087/10000 (90.87%) (74.47s)
2026-01-20 02:37:32,509 | INFO | Batch 10 | Loss: 0.0268 | Correct: 126/128 | Elapsed Time: 22.61s
2026-01-20 02:37:55,224 | INFO | Batch 20 | Loss: 0.0706 | Correct: 124/128 | Elapsed Time: 22.71s
2026-01-20 02:38:17,878 | INFO | Batch 30 | Loss: 0.0668 | Correct: 125/128 | Elapsed Time: 22.65s
2026-01-20 02:38:40,490 | INFO | Batch 40 | Loss: 0.0501 | Correct: 126/128 | Elapsed Time: 22.61s
2026-01-20 02:39:03,037 | INFO | Batch 50 | Loss: 0.0127 | Correct: 128/128 | Elapsed Time: 22.55s
2026-01-20 02:39:25,623 | INFO | Batch 60 | Loss: 0.0277 | Correct: 128/128 | Elapsed Time: 22.59s
2026-01-20 02:39:48,220 | INFO | Batch 70 | Loss: 0.0318 | Correct: 126/128 | Elapsed Time: 22.60s
2026-01-20 02:40:10,810 | INFO | Batch 80 | Loss: 0.0392 | Correct: 126/128 | Elapsed Time: 22.59s
2026-01-20 02:40:33,507 | INFO | Batch 90 | Loss: 0.0521 | Correct: 125/128 | Elapsed Time: 22.70s
2026-01-20 02:40:56,085 | INFO | Batch 100 | Loss: 0.0269 | Correct: 127/128 | Elapsed Time: 22.58s
2026-01-20 02:41:18,620 | INFO | Batch 110 | Loss: 0.0494 | Correct: 126/128 | Elapsed Time: 22.54s
2026-01-20 02:41:41,182 | INFO | Batch 120 | Loss: 0.0316 | Correct: 126/128 | Elapsed Time: 22.56s
2026-01-20 02:42:03,766 | INFO | Batch 130 | Loss: 0.0697 | Correct: 124/128 | Elapsed Time: 22.58s
2026-01-20 02:42:26,273 | INFO | Batch 140 | Loss: 0.0232 | Correct: 127/128 | Elapsed Time: 22.51s
2026-01-20 02:42:48,831 | INFO | Batch 150 | Loss: 0.0440 | Correct: 125/128 | Elapsed Time: 22.56s
2026-01-20 02:43:11,425 | INFO | Batch 160 | Loss: 0.0432 | Correct: 126/128 | Elapsed Time: 22.59s
2026-01-20 02:43:33,942 | INFO | Batch 170 | Loss: 0.0097 | Correct: 128/128 | Elapsed Time: 22.52s
2026-01-20 02:43:56,482 | INFO | Batch 180 | Loss: 0.0164 | Correct: 127/128 | Elapsed Time: 22.54s
2026-01-20 02:44:19,019 | INFO | Batch 190 | Loss: 0.0616 | Correct: 124/128 | Elapsed Time: 22.54s
2026-01-20 02:44:41,571 | INFO | Batch 200 | Loss: 0.1099 | Correct: 123/128 | Elapsed Time: 22.55s
2026-01-20 02:45:04,135 | INFO | Batch 210 | Loss: 0.0821 | Correct: 126/128 | Elapsed Time: 22.56s
2026-01-20 02:45:26,675 | INFO | Batch 220 | Loss: 0.0645 | Correct: 123/128 | Elapsed Time: 22.54s
2026-01-20 02:45:49,273 | INFO | Batch 230 | Loss: 0.0633 | Correct: 125/128 | Elapsed Time: 22.60s
2026-01-20 02:46:11,793 | INFO | Batch 240 | Loss: 0.0549 | Correct: 125/128 | Elapsed Time: 22.52s
2026-01-20 02:46:34,349 | INFO | Batch 250 | Loss: 0.0283 | Correct: 127/128 | Elapsed Time: 22.56s
2026-01-20 02:46:56,907 | INFO | Batch 260 | Loss: 0.0879 | Correct: 123/128 | Elapsed Time: 22.56s
2026-01-20 02:47:19,481 | INFO | Batch 270 | Loss: 0.0297 | Correct: 127/128 | Elapsed Time: 22.57s
2026-01-20 02:47:42,127 | INFO | Batch 280 | Loss: 0.0209 | Correct: 127/128 | Elapsed Time: 22.65s
2026-01-20 02:48:04,731 | INFO | Batch 290 | Loss: 0.0213 | Correct: 127/128 | Elapsed Time: 22.60s
2026-01-20 02:48:27,361 | INFO | Batch 300 | Loss: 0.0248 | Correct: 127/128 | Elapsed Time: 22.63s
2026-01-20 02:48:49,921 | INFO | Batch 310 | Loss: 0.0771 | Correct: 124/128 | Elapsed Time: 22.56s
2026-01-20 02:49:12,534 | INFO | Batch 320 | Loss: 0.0329 | Correct: 127/128 | Elapsed Time: 22.61s
2026-01-20 02:49:35,163 | INFO | Batch 330 | Loss: 0.0696 | Correct: 125/128 | Elapsed Time: 22.63s
2026-01-20 02:49:57,738 | INFO | Batch 340 | Loss: 0.0393 | Correct: 127/128 | Elapsed Time: 22.58s
2026-01-20 02:50:20,352 | INFO | Batch 350 | Loss: 0.0313 | Correct: 126/128 | Elapsed Time: 22.61s
2026-01-20 02:50:42,900 | INFO | Batch 360 | Loss: 0.0072 | Correct: 128/128 | Elapsed Time: 22.55s
2026-01-20 02:51:05,531 | INFO | Batch 370 | Loss: 0.0682 | Correct: 125/128 | Elapsed Time: 22.63s
2026-01-20 02:51:28,116 | INFO | Batch 380 | Loss: 0.0331 | Correct: 127/128 | Elapsed Time: 22.58s
2026-01-20 02:51:50,662 | INFO | Batch 390 | Loss: 0.0766 | Correct: 124/128 | Elapsed Time: 22.55s
2026-01-20 02:51:52,125 | INFO | Epoch [70/100] - Loss: 0.0532 | Correct: 49055/50000 (98.11%, 882.23s)
2026-01-20 02:53:06,416 | INFO | Validation - Loss: 0.3493 | Correct: 9093/10000 (90.93%) (74.29s)
2026-01-20 02:53:29,022 | INFO | Batch 10 | Loss: 0.0323 | Correct: 125/128 | Elapsed Time: 22.60s
2026-01-20 02:53:51,575 | INFO | Batch 20 | Loss: 0.0198 | Correct: 127/128 | Elapsed Time: 22.55s
2026-01-20 02:54:14,134 | INFO | Batch 30 | Loss: 0.0318 | Correct: 126/128 | Elapsed Time: 22.56s
2026-01-20 02:54:36,769 | INFO | Batch 40 | Loss: 0.0569 | Correct: 127/128 | Elapsed Time: 22.64s
2026-01-20 02:54:59,332 | INFO | Batch 50 | Loss: 0.0502 | Correct: 126/128 | Elapsed Time: 22.56s
2026-01-20 02:55:21,958 | INFO | Batch 60 | Loss: 0.0502 | Correct: 126/128 | Elapsed Time: 22.63s
2026-01-20 02:55:44,548 | INFO | Batch 70 | Loss: 0.0398 | Correct: 126/128 | Elapsed Time: 22.59s
2026-01-20 02:56:07,060 | INFO | Batch 80 | Loss: 0.1012 | Correct: 125/128 | Elapsed Time: 22.51s
2026-01-20 02:56:29,650 | INFO | Batch 90 | Loss: 0.0253 | Correct: 126/128 | Elapsed Time: 22.59s
2026-01-20 02:56:52,250 | INFO | Batch 100 | Loss: 0.0188 | Correct: 127/128 | Elapsed Time: 22.60s
2026-01-20 02:57:14,958 | INFO | Batch 110 | Loss: 0.0719 | Correct: 122/128 | Elapsed Time: 22.71s
2026-01-20 02:57:37,598 | INFO | Batch 120 | Loss: 0.0318 | Correct: 127/128 | Elapsed Time: 22.64s
2026-01-20 02:58:00,184 | INFO | Batch 130 | Loss: 0.0848 | Correct: 123/128 | Elapsed Time: 22.59s
2026-01-20 02:58:22,748 | INFO | Batch 140 | Loss: 0.0607 | Correct: 125/128 | Elapsed Time: 22.56s
2026-01-20 02:58:45,341 | INFO | Batch 150 | Loss: 0.1510 | Correct: 121/128 | Elapsed Time: 22.59s
2026-01-20 02:59:07,917 | INFO | Batch 160 | Loss: 0.0881 | Correct: 124/128 | Elapsed Time: 22.58s
2026-01-20 02:59:30,476 | INFO | Batch 170 | Loss: 0.0271 | Correct: 126/128 | Elapsed Time: 22.56s
2026-01-20 02:59:53,115 | INFO | Batch 180 | Loss: 0.0236 | Correct: 128/128 | Elapsed Time: 22.64s
2026-01-20 03:00:15,694 | INFO | Batch 190 | Loss: 0.0563 | Correct: 124/128 | Elapsed Time: 22.58s
2026-01-20 03:00:38,296 | INFO | Batch 200 | Loss: 0.0631 | Correct: 124/128 | Elapsed Time: 22.60s
2026-01-20 03:01:00,863 | INFO | Batch 210 | Loss: 0.0284 | Correct: 127/128 | Elapsed Time: 22.57s
2026-01-20 03:01:23,462 | INFO | Batch 220 | Loss: 0.0873 | Correct: 123/128 | Elapsed Time: 22.60s
2026-01-20 03:01:46,031 | INFO | Batch 230 | Loss: 0.0834 | Correct: 124/128 | Elapsed Time: 22.57s
2026-01-20 03:02:08,591 | INFO | Batch 240 | Loss: 0.0199 | Correct: 127/128 | Elapsed Time: 22.56s
2026-01-20 03:02:31,248 | INFO | Batch 250 | Loss: 0.0437 | Correct: 126/128 | Elapsed Time: 22.66s
2026-01-20 03:02:53,802 | INFO | Batch 260 | Loss: 0.0417 | Correct: 126/128 | Elapsed Time: 22.55s
2026-01-20 03:03:16,342 | INFO | Batch 270 | Loss: 0.0996 | Correct: 123/128 | Elapsed Time: 22.54s
2026-01-20 03:03:38,942 | INFO | Batch 280 | Loss: 0.0736 | Correct: 124/128 | Elapsed Time: 22.60s
2026-01-20 03:04:01,499 | INFO | Batch 290 | Loss: 0.0373 | Correct: 127/128 | Elapsed Time: 22.56s
2026-01-20 03:04:24,077 | INFO | Batch 300 | Loss: 0.0761 | Correct: 126/128 | Elapsed Time: 22.58s
2026-01-20 03:04:46,630 | INFO | Batch 310 | Loss: 0.0465 | Correct: 127/128 | Elapsed Time: 22.55s
2026-01-20 03:05:09,239 | INFO | Batch 320 | Loss: 0.0311 | Correct: 126/128 | Elapsed Time: 22.61s
2026-01-20 03:05:31,775 | INFO | Batch 330 | Loss: 0.0360 | Correct: 125/128 | Elapsed Time: 22.54s
2026-01-20 03:05:54,341 | INFO | Batch 340 | Loss: 0.1082 | Correct: 125/128 | Elapsed Time: 22.57s
2026-01-20 03:06:17,018 | INFO | Batch 350 | Loss: 0.0343 | Correct: 127/128 | Elapsed Time: 22.68s
2026-01-20 03:06:39,682 | INFO | Batch 360 | Loss: 0.0069 | Correct: 128/128 | Elapsed Time: 22.66s
2026-01-20 03:07:02,231 | INFO | Batch 370 | Loss: 0.0241 | Correct: 127/128 | Elapsed Time: 22.55s
2026-01-20 03:07:24,768 | INFO | Batch 380 | Loss: 0.0057 | Correct: 128/128 | Elapsed Time: 22.54s
2026-01-20 03:07:47,430 | INFO | Batch 390 | Loss: 0.1104 | Correct: 123/128 | Elapsed Time: 22.66s
2026-01-20 03:07:48,891 | INFO | Epoch [71/100] - Loss: 0.0527 | Correct: 49068/50000 (98.14%, 882.47s)
2026-01-20 03:09:03,096 | INFO | Validation - Loss: 0.3512 | Correct: 9120/10000 (91.20%) (74.20s)
2026-01-20 03:09:03,244 | INFO | New best model saved at epoch 71 with Top1 Acc: 91.20%
2026-01-20 03:09:25,845 | INFO | Batch 10 | Loss: 0.0442 | Correct: 127/128 | Elapsed Time: 22.60s
2026-01-20 03:09:48,475 | INFO | Batch 20 | Loss: 0.0374 | Correct: 126/128 | Elapsed Time: 22.63s
2026-01-20 03:10:11,021 | INFO | Batch 30 | Loss: 0.0529 | Correct: 124/128 | Elapsed Time: 22.55s
2026-01-20 03:10:33,503 | INFO | Batch 40 | Loss: 0.0193 | Correct: 128/128 | Elapsed Time: 22.48s
2026-01-20 03:10:56,044 | INFO | Batch 50 | Loss: 0.0362 | Correct: 126/128 | Elapsed Time: 22.54s
2026-01-20 03:11:18,710 | INFO | Batch 60 | Loss: 0.0872 | Correct: 123/128 | Elapsed Time: 22.67s
2026-01-20 03:11:41,226 | INFO | Batch 70 | Loss: 0.1164 | Correct: 123/128 | Elapsed Time: 22.52s
2026-01-20 03:12:03,736 | INFO | Batch 80 | Loss: 0.0379 | Correct: 126/128 | Elapsed Time: 22.51s
2026-01-20 03:12:26,267 | INFO | Batch 90 | Loss: 0.0349 | Correct: 126/128 | Elapsed Time: 22.53s
2026-01-20 03:12:48,839 | INFO | Batch 100 | Loss: 0.0686 | Correct: 126/128 | Elapsed Time: 22.57s
2026-01-20 03:13:11,396 | INFO | Batch 110 | Loss: 0.0399 | Correct: 127/128 | Elapsed Time: 22.56s
2026-01-20 03:13:33,977 | INFO | Batch 120 | Loss: 0.0104 | Correct: 128/128 | Elapsed Time: 22.58s
2026-01-20 03:13:56,644 | INFO | Batch 130 | Loss: 0.0205 | Correct: 128/128 | Elapsed Time: 22.67s
2026-01-20 03:14:19,188 | INFO | Batch 140 | Loss: 0.0369 | Correct: 127/128 | Elapsed Time: 22.54s
2026-01-20 03:14:41,714 | INFO | Batch 150 | Loss: 0.0164 | Correct: 128/128 | Elapsed Time: 22.53s
2026-01-20 03:15:04,280 | INFO | Batch 160 | Loss: 0.0215 | Correct: 128/128 | Elapsed Time: 22.57s
2026-01-20 03:15:26,861 | INFO | Batch 170 | Loss: 0.0522 | Correct: 125/128 | Elapsed Time: 22.58s
2026-01-20 03:15:49,482 | INFO | Batch 180 | Loss: 0.0682 | Correct: 126/128 | Elapsed Time: 22.62s
2026-01-20 03:16:11,999 | INFO | Batch 190 | Loss: 0.1008 | Correct: 124/128 | Elapsed Time: 22.52s
2026-01-20 03:16:34,603 | INFO | Batch 200 | Loss: 0.0104 | Correct: 128/128 | Elapsed Time: 22.60s
2026-01-20 03:16:57,154 | INFO | Batch 210 | Loss: 0.0684 | Correct: 123/128 | Elapsed Time: 22.55s
2026-01-20 03:17:19,722 | INFO | Batch 220 | Loss: 0.0671 | Correct: 125/128 | Elapsed Time: 22.57s
2026-01-20 03:17:42,282 | INFO | Batch 230 | Loss: 0.0573 | Correct: 125/128 | Elapsed Time: 22.56s
2026-01-20 03:18:04,900 | INFO | Batch 240 | Loss: 0.0340 | Correct: 127/128 | Elapsed Time: 22.62s
2026-01-20 03:18:27,475 | INFO | Batch 250 | Loss: 0.0388 | Correct: 125/128 | Elapsed Time: 22.58s
2026-01-20 03:18:50,041 | INFO | Batch 260 | Loss: 0.0238 | Correct: 126/128 | Elapsed Time: 22.57s
2026-01-20 03:19:12,681 | INFO | Batch 270 | Loss: 0.0734 | Correct: 126/128 | Elapsed Time: 22.64s
2026-01-20 03:19:35,254 | INFO | Batch 280 | Loss: 0.0196 | Correct: 128/128 | Elapsed Time: 22.57s
2026-01-20 03:19:57,915 | INFO | Batch 290 | Loss: 0.0196 | Correct: 128/128 | Elapsed Time: 22.66s
2026-01-20 03:20:20,497 | INFO | Batch 300 | Loss: 0.0582 | Correct: 124/128 | Elapsed Time: 22.58s
2026-01-20 03:20:43,076 | INFO | Batch 310 | Loss: 0.0708 | Correct: 123/128 | Elapsed Time: 22.58s
2026-01-20 03:21:05,689 | INFO | Batch 320 | Loss: 0.0278 | Correct: 127/128 | Elapsed Time: 22.61s
2026-01-20 03:21:28,298 | INFO | Batch 330 | Loss: 0.0798 | Correct: 123/128 | Elapsed Time: 22.61s
2026-01-20 03:21:50,967 | INFO | Batch 340 | Loss: 0.1287 | Correct: 124/128 | Elapsed Time: 22.67s
2026-01-20 03:22:13,516 | INFO | Batch 350 | Loss: 0.0361 | Correct: 126/128 | Elapsed Time: 22.55s
2026-01-20 03:22:36,096 | INFO | Batch 360 | Loss: 0.0916 | Correct: 124/128 | Elapsed Time: 22.58s
2026-01-20 03:22:58,674 | INFO | Batch 370 | Loss: 0.0403 | Correct: 126/128 | Elapsed Time: 22.58s
2026-01-20 03:23:21,238 | INFO | Batch 380 | Loss: 0.0667 | Correct: 124/128 | Elapsed Time: 22.56s
2026-01-20 03:23:43,825 | INFO | Batch 390 | Loss: 0.0368 | Correct: 126/128 | Elapsed Time: 22.59s
2026-01-20 03:23:45,292 | INFO | Epoch [72/100] - Loss: 0.0486 | Correct: 49163/50000 (98.33%, 882.05s)
2026-01-20 03:24:59,863 | INFO | Validation - Loss: 0.3482 | Correct: 9107/10000 (91.07%) (74.57s)
2026-01-20 03:25:22,508 | INFO | Batch 10 | Loss: 0.0044 | Correct: 128/128 | Elapsed Time: 22.64s
2026-01-20 03:25:45,065 | INFO | Batch 20 | Loss: 0.0458 | Correct: 127/128 | Elapsed Time: 22.56s
2026-01-20 03:26:07,696 | INFO | Batch 30 | Loss: 0.0469 | Correct: 126/128 | Elapsed Time: 22.63s
2026-01-20 03:26:30,323 | INFO | Batch 40 | Loss: 0.0227 | Correct: 127/128 | Elapsed Time: 22.63s
2026-01-20 03:26:52,964 | INFO | Batch 50 | Loss: 0.0275 | Correct: 127/128 | Elapsed Time: 22.64s
2026-01-20 03:27:15,573 | INFO | Batch 60 | Loss: 0.0731 | Correct: 125/128 | Elapsed Time: 22.61s
2026-01-20 03:27:38,203 | INFO | Batch 70 | Loss: 0.0272 | Correct: 126/128 | Elapsed Time: 22.63s
2026-01-20 03:28:00,783 | INFO | Batch 80 | Loss: 0.0097 | Correct: 128/128 | Elapsed Time: 22.58s
2026-01-20 03:28:23,317 | INFO | Batch 90 | Loss: 0.0288 | Correct: 127/128 | Elapsed Time: 22.53s
2026-01-20 03:28:45,859 | INFO | Batch 100 | Loss: 0.0259 | Correct: 127/128 | Elapsed Time: 22.54s
2026-01-20 03:29:08,425 | INFO | Batch 110 | Loss: 0.0083 | Correct: 128/128 | Elapsed Time: 22.57s
2026-01-20 03:29:30,996 | INFO | Batch 120 | Loss: 0.0341 | Correct: 126/128 | Elapsed Time: 22.57s
2026-01-20 03:29:53,563 | INFO | Batch 130 | Loss: 0.0921 | Correct: 125/128 | Elapsed Time: 22.57s
2026-01-20 03:30:16,197 | INFO | Batch 140 | Loss: 0.0293 | Correct: 126/128 | Elapsed Time: 22.63s
2026-01-20 03:30:38,737 | INFO | Batch 150 | Loss: 0.0793 | Correct: 124/128 | Elapsed Time: 22.54s
2026-01-20 03:31:01,339 | INFO | Batch 160 | Loss: 0.0280 | Correct: 127/128 | Elapsed Time: 22.60s
2026-01-20 03:31:23,903 | INFO | Batch 170 | Loss: 0.0627 | Correct: 126/128 | Elapsed Time: 22.56s
2026-01-20 03:31:46,433 | INFO | Batch 180 | Loss: 0.0461 | Correct: 126/128 | Elapsed Time: 22.53s
2026-01-20 03:32:08,980 | INFO | Batch 190 | Loss: 0.0191 | Correct: 128/128 | Elapsed Time: 22.55s
2026-01-20 03:32:31,520 | INFO | Batch 200 | Loss: 0.0462 | Correct: 126/128 | Elapsed Time: 22.54s
2026-01-20 03:32:54,144 | INFO | Batch 210 | Loss: 0.0337 | Correct: 127/128 | Elapsed Time: 22.62s
2026-01-20 03:33:16,672 | INFO | Batch 220 | Loss: 0.0348 | Correct: 126/128 | Elapsed Time: 22.53s
2026-01-20 03:33:39,225 | INFO | Batch 230 | Loss: 0.0164 | Correct: 128/128 | Elapsed Time: 22.55s
2026-01-20 03:34:01,818 | INFO | Batch 240 | Loss: 0.0509 | Correct: 125/128 | Elapsed Time: 22.59s
2026-01-20 03:34:24,418 | INFO | Batch 250 | Loss: 0.0213 | Correct: 127/128 | Elapsed Time: 22.60s
2026-01-20 03:34:46,948 | INFO | Batch 260 | Loss: 0.0190 | Correct: 127/128 | Elapsed Time: 22.53s
2026-01-20 03:35:09,526 | INFO | Batch 270 | Loss: 0.0451 | Correct: 127/128 | Elapsed Time: 22.58s
2026-01-20 03:35:32,177 | INFO | Batch 280 | Loss: 0.0313 | Correct: 127/128 | Elapsed Time: 22.65s
2026-01-20 03:35:54,744 | INFO | Batch 290 | Loss: 0.0527 | Correct: 126/128 | Elapsed Time: 22.57s
2026-01-20 03:36:17,319 | INFO | Batch 300 | Loss: 0.0278 | Correct: 127/128 | Elapsed Time: 22.57s
2026-01-20 03:36:39,865 | INFO | Batch 310 | Loss: 0.0586 | Correct: 125/128 | Elapsed Time: 22.55s
2026-01-20 03:37:02,388 | INFO | Batch 320 | Loss: 0.0534 | Correct: 126/128 | Elapsed Time: 22.52s
2026-01-20 03:37:24,959 | INFO | Batch 330 | Loss: 0.0311 | Correct: 127/128 | Elapsed Time: 22.57s
2026-01-20 03:37:47,516 | INFO | Batch 340 | Loss: 0.0588 | Correct: 126/128 | Elapsed Time: 22.56s
2026-01-20 03:38:10,116 | INFO | Batch 350 | Loss: 0.0073 | Correct: 128/128 | Elapsed Time: 22.60s
2026-01-20 03:38:32,737 | INFO | Batch 360 | Loss: 0.0523 | Correct: 125/128 | Elapsed Time: 22.62s
2026-01-20 03:38:55,310 | INFO | Batch 370 | Loss: 0.0560 | Correct: 125/128 | Elapsed Time: 22.57s
2026-01-20 03:39:17,824 | INFO | Batch 380 | Loss: 0.0717 | Correct: 125/128 | Elapsed Time: 22.51s
2026-01-20 03:39:40,397 | INFO | Batch 390 | Loss: 0.0362 | Correct: 127/128 | Elapsed Time: 22.57s
2026-01-20 03:39:41,859 | INFO | Epoch [73/100] - Loss: 0.0480 | Correct: 49164/50000 (98.33%, 881.99s)
2026-01-20 03:40:56,146 | INFO | Validation - Loss: 0.3549 | Correct: 9077/10000 (90.77%) (74.29s)
2026-01-20 03:41:18,714 | INFO | Batch 10 | Loss: 0.0356 | Correct: 125/128 | Elapsed Time: 22.57s
2026-01-20 03:41:41,330 | INFO | Batch 20 | Loss: 0.0446 | Correct: 127/128 | Elapsed Time: 22.62s
2026-01-20 03:42:03,834 | INFO | Batch 30 | Loss: 0.0188 | Correct: 127/128 | Elapsed Time: 22.50s
2026-01-20 03:42:26,328 | INFO | Batch 40 | Loss: 0.0125 | Correct: 128/128 | Elapsed Time: 22.49s
2026-01-20 03:42:48,939 | INFO | Batch 50 | Loss: 0.0275 | Correct: 128/128 | Elapsed Time: 22.61s
2026-01-20 03:43:11,564 | INFO | Batch 60 | Loss: 0.0615 | Correct: 123/128 | Elapsed Time: 22.63s
2026-01-20 03:43:34,187 | INFO | Batch 70 | Loss: 0.0062 | Correct: 128/128 | Elapsed Time: 22.62s
2026-01-20 03:43:56,715 | INFO | Batch 80 | Loss: 0.0339 | Correct: 126/128 | Elapsed Time: 22.53s
2026-01-20 03:44:19,348 | INFO | Batch 90 | Loss: 0.0137 | Correct: 128/128 | Elapsed Time: 22.63s
2026-01-20 03:44:41,938 | INFO | Batch 100 | Loss: 0.0236 | Correct: 128/128 | Elapsed Time: 22.59s
2026-01-20 03:45:04,533 | INFO | Batch 110 | Loss: 0.0391 | Correct: 126/128 | Elapsed Time: 22.60s
2026-01-20 03:45:27,111 | INFO | Batch 120 | Loss: 0.0283 | Correct: 126/128 | Elapsed Time: 22.58s
2026-01-20 03:45:49,704 | INFO | Batch 130 | Loss: 0.0461 | Correct: 126/128 | Elapsed Time: 22.59s
2026-01-20 03:46:12,252 | INFO | Batch 140 | Loss: 0.0239 | Correct: 127/128 | Elapsed Time: 22.55s
2026-01-20 03:46:34,826 | INFO | Batch 150 | Loss: 0.0567 | Correct: 126/128 | Elapsed Time: 22.57s
2026-01-20 03:46:57,417 | INFO | Batch 160 | Loss: 0.0613 | Correct: 124/128 | Elapsed Time: 22.59s
2026-01-20 03:47:20,012 | INFO | Batch 170 | Loss: 0.0892 | Correct: 122/128 | Elapsed Time: 22.60s
2026-01-20 03:47:42,599 | INFO | Batch 180 | Loss: 0.0435 | Correct: 126/128 | Elapsed Time: 22.59s
2026-01-20 03:48:05,135 | INFO | Batch 190 | Loss: 0.0704 | Correct: 124/128 | Elapsed Time: 22.54s
2026-01-20 03:48:27,686 | INFO | Batch 200 | Loss: 0.0256 | Correct: 127/128 | Elapsed Time: 22.55s
2026-01-20 03:48:50,230 | INFO | Batch 210 | Loss: 0.0271 | Correct: 126/128 | Elapsed Time: 22.54s
2026-01-20 03:49:12,777 | INFO | Batch 220 | Loss: 0.0483 | Correct: 127/128 | Elapsed Time: 22.55s
2026-01-20 03:49:35,465 | INFO | Batch 230 | Loss: 0.0206 | Correct: 128/128 | Elapsed Time: 22.69s
2026-01-20 03:49:58,001 | INFO | Batch 240 | Loss: 0.0426 | Correct: 126/128 | Elapsed Time: 22.54s
2026-01-20 03:50:20,622 | INFO | Batch 250 | Loss: 0.0189 | Correct: 127/128 | Elapsed Time: 22.62s
2026-01-20 03:50:43,214 | INFO | Batch 260 | Loss: 0.0206 | Correct: 128/128 | Elapsed Time: 22.59s
2026-01-20 03:51:05,759 | INFO | Batch 270 | Loss: 0.0476 | Correct: 126/128 | Elapsed Time: 22.54s
2026-01-20 03:51:28,340 | INFO | Batch 280 | Loss: 0.0334 | Correct: 127/128 | Elapsed Time: 22.58s
2026-01-20 03:51:50,923 | INFO | Batch 290 | Loss: 0.0913 | Correct: 124/128 | Elapsed Time: 22.58s
2026-01-20 03:52:13,632 | INFO | Batch 300 | Loss: 0.0198 | Correct: 128/128 | Elapsed Time: 22.71s
2026-01-20 03:52:36,290 | INFO | Batch 310 | Loss: 0.1151 | Correct: 123/128 | Elapsed Time: 22.66s
2026-01-20 03:52:58,820 | INFO | Batch 320 | Loss: 0.0103 | Correct: 128/128 | Elapsed Time: 22.53s
2026-01-20 03:53:21,395 | INFO | Batch 330 | Loss: 0.0556 | Correct: 125/128 | Elapsed Time: 22.57s
2026-01-20 03:53:43,944 | INFO | Batch 340 | Loss: 0.0925 | Correct: 121/128 | Elapsed Time: 22.55s
2026-01-20 03:54:06,483 | INFO | Batch 350 | Loss: 0.0874 | Correct: 122/128 | Elapsed Time: 22.54s
2026-01-20 03:54:29,222 | INFO | Batch 360 | Loss: 0.0088 | Correct: 128/128 | Elapsed Time: 22.74s
2026-01-20 03:54:51,766 | INFO | Batch 370 | Loss: 0.0427 | Correct: 127/128 | Elapsed Time: 22.54s
2026-01-20 03:55:14,277 | INFO | Batch 380 | Loss: 0.0251 | Correct: 127/128 | Elapsed Time: 22.51s
2026-01-20 03:55:36,832 | INFO | Batch 390 | Loss: 0.0724 | Correct: 126/128 | Elapsed Time: 22.55s
2026-01-20 03:55:38,315 | INFO | Epoch [74/100] - Loss: 0.0468 | Correct: 49169/50000 (98.34%, 882.17s)
2026-01-20 03:56:52,589 | INFO | Validation - Loss: 0.3493 | Correct: 9114/10000 (91.14%) (74.27s)
2026-01-20 03:57:15,191 | INFO | Batch 10 | Loss: 0.0185 | Correct: 127/128 | Elapsed Time: 22.60s
2026-01-20 03:57:37,773 | INFO | Batch 20 | Loss: 0.0809 | Correct: 126/128 | Elapsed Time: 22.58s
2026-01-20 03:58:00,372 | INFO | Batch 30 | Loss: 0.0158 | Correct: 127/128 | Elapsed Time: 22.60s
2026-01-20 03:58:23,043 | INFO | Batch 40 | Loss: 0.0144 | Correct: 128/128 | Elapsed Time: 22.67s
2026-01-20 03:58:45,659 | INFO | Batch 50 | Loss: 0.0511 | Correct: 125/128 | Elapsed Time: 22.62s
2026-01-20 03:59:08,248 | INFO | Batch 60 | Loss: 0.0218 | Correct: 127/128 | Elapsed Time: 22.59s
2026-01-20 03:59:30,769 | INFO | Batch 70 | Loss: 0.0320 | Correct: 126/128 | Elapsed Time: 22.52s
2026-01-20 03:59:53,335 | INFO | Batch 80 | Loss: 0.0103 | Correct: 128/128 | Elapsed Time: 22.57s
2026-01-20 04:00:15,862 | INFO | Batch 90 | Loss: 0.0441 | Correct: 126/128 | Elapsed Time: 22.53s
2026-01-20 04:00:38,432 | INFO | Batch 100 | Loss: 0.0493 | Correct: 126/128 | Elapsed Time: 22.57s
2026-01-20 04:01:01,110 | INFO | Batch 110 | Loss: 0.0890 | Correct: 124/128 | Elapsed Time: 22.68s
2026-01-20 04:01:23,779 | INFO | Batch 120 | Loss: 0.0489 | Correct: 126/128 | Elapsed Time: 22.67s
2026-01-20 04:01:46,453 | INFO | Batch 130 | Loss: 0.0172 | Correct: 128/128 | Elapsed Time: 22.67s
2026-01-20 04:02:09,032 | INFO | Batch 140 | Loss: 0.0404 | Correct: 127/128 | Elapsed Time: 22.58s
2026-01-20 04:02:31,624 | INFO | Batch 150 | Loss: 0.0900 | Correct: 124/128 | Elapsed Time: 22.59s
2026-01-20 04:02:54,264 | INFO | Batch 160 | Loss: 0.0348 | Correct: 125/128 | Elapsed Time: 22.64s
2026-01-20 04:03:16,891 | INFO | Batch 170 | Loss: 0.0439 | Correct: 126/128 | Elapsed Time: 22.63s
2026-01-20 04:03:39,544 | INFO | Batch 180 | Loss: 0.0415 | Correct: 127/128 | Elapsed Time: 22.65s
2026-01-20 04:04:02,141 | INFO | Batch 190 | Loss: 0.0553 | Correct: 126/128 | Elapsed Time: 22.60s
2026-01-20 04:04:24,717 | INFO | Batch 200 | Loss: 0.0301 | Correct: 127/128 | Elapsed Time: 22.58s
2026-01-20 04:04:47,277 | INFO | Batch 210 | Loss: 0.0653 | Correct: 125/128 | Elapsed Time: 22.56s
2026-01-20 04:05:09,942 | INFO | Batch 220 | Loss: 0.0397 | Correct: 126/128 | Elapsed Time: 22.66s
2026-01-20 04:05:32,571 | INFO | Batch 230 | Loss: 0.0413 | Correct: 127/128 | Elapsed Time: 22.63s
2026-01-20 04:05:55,158 | INFO | Batch 240 | Loss: 0.0492 | Correct: 125/128 | Elapsed Time: 22.59s
2026-01-20 04:06:17,812 | INFO | Batch 250 | Loss: 0.0531 | Correct: 126/128 | Elapsed Time: 22.65s
2026-01-20 04:06:40,387 | INFO | Batch 260 | Loss: 0.0151 | Correct: 128/128 | Elapsed Time: 22.57s
2026-01-20 04:07:02,983 | INFO | Batch 270 | Loss: 0.0296 | Correct: 126/128 | Elapsed Time: 22.60s
2026-01-20 04:07:25,591 | INFO | Batch 280 | Loss: 0.0070 | Correct: 128/128 | Elapsed Time: 22.61s
2026-01-20 04:07:48,152 | INFO | Batch 290 | Loss: 0.0328 | Correct: 127/128 | Elapsed Time: 22.56s
2026-01-20 04:08:10,734 | INFO | Batch 300 | Loss: 0.0436 | Correct: 126/128 | Elapsed Time: 22.58s
2026-01-20 04:08:33,382 | INFO | Batch 310 | Loss: 0.0142 | Correct: 127/128 | Elapsed Time: 22.65s
2026-01-20 04:08:56,019 | INFO | Batch 320 | Loss: 0.0361 | Correct: 126/128 | Elapsed Time: 22.64s
2026-01-20 04:09:18,568 | INFO | Batch 330 | Loss: 0.0535 | Correct: 125/128 | Elapsed Time: 22.55s
2026-01-20 04:09:41,075 | INFO | Batch 340 | Loss: 0.0939 | Correct: 124/128 | Elapsed Time: 22.51s
2026-01-20 04:10:03,623 | INFO | Batch 350 | Loss: 0.0321 | Correct: 126/128 | Elapsed Time: 22.55s
2026-01-20 04:10:26,263 | INFO | Batch 360 | Loss: 0.0663 | Correct: 123/128 | Elapsed Time: 22.64s
2026-01-20 04:10:48,946 | INFO | Batch 370 | Loss: 0.0639 | Correct: 125/128 | Elapsed Time: 22.68s
2026-01-20 04:11:11,514 | INFO | Batch 380 | Loss: 0.0325 | Correct: 128/128 | Elapsed Time: 22.57s
2026-01-20 04:11:34,105 | INFO | Batch 390 | Loss: 0.0452 | Correct: 125/128 | Elapsed Time: 22.59s
2026-01-20 04:11:35,574 | INFO | Epoch [75/100] - Loss: 0.0444 | Correct: 49233/50000 (98.47%, 882.98s)
2026-01-20 04:12:49,848 | INFO | Validation - Loss: 0.3523 | Correct: 9119/10000 (91.19%) (74.27s)
2026-01-20 04:13:12,471 | INFO | Batch 10 | Loss: 0.0297 | Correct: 127/128 | Elapsed Time: 22.62s
2026-01-20 04:13:35,021 | INFO | Batch 20 | Loss: 0.0434 | Correct: 126/128 | Elapsed Time: 22.55s
2026-01-20 04:13:57,624 | INFO | Batch 30 | Loss: 0.0485 | Correct: 126/128 | Elapsed Time: 22.60s
2026-01-20 04:14:20,168 | INFO | Batch 40 | Loss: 0.0059 | Correct: 128/128 | Elapsed Time: 22.54s
2026-01-20 04:14:42,754 | INFO | Batch 50 | Loss: 0.0205 | Correct: 127/128 | Elapsed Time: 22.59s
2026-01-20 04:15:05,447 | INFO | Batch 60 | Loss: 0.0169 | Correct: 128/128 | Elapsed Time: 22.69s
2026-01-20 04:15:28,044 | INFO | Batch 70 | Loss: 0.0350 | Correct: 126/128 | Elapsed Time: 22.60s
2026-01-20 04:15:50,660 | INFO | Batch 80 | Loss: 0.0398 | Correct: 126/128 | Elapsed Time: 22.62s
2026-01-20 04:16:13,219 | INFO | Batch 90 | Loss: 0.0313 | Correct: 126/128 | Elapsed Time: 22.56s
2026-01-20 04:16:35,803 | INFO | Batch 100 | Loss: 0.0473 | Correct: 126/128 | Elapsed Time: 22.58s
2026-01-20 04:16:58,433 | INFO | Batch 110 | Loss: 0.0328 | Correct: 126/128 | Elapsed Time: 22.63s
2026-01-20 04:17:21,100 | INFO | Batch 120 | Loss: 0.0358 | Correct: 127/128 | Elapsed Time: 22.67s
2026-01-20 04:17:43,674 | INFO | Batch 130 | Loss: 0.0423 | Correct: 127/128 | Elapsed Time: 22.57s
2026-01-20 04:18:06,290 | INFO | Batch 140 | Loss: 0.0189 | Correct: 128/128 | Elapsed Time: 22.62s
2026-01-20 04:18:28,944 | INFO | Batch 150 | Loss: 0.0495 | Correct: 126/128 | Elapsed Time: 22.65s
2026-01-20 04:18:51,535 | INFO | Batch 160 | Loss: 0.0983 | Correct: 125/128 | Elapsed Time: 22.59s
2026-01-20 04:19:14,102 | INFO | Batch 170 | Loss: 0.0542 | Correct: 126/128 | Elapsed Time: 22.57s
2026-01-20 04:19:36,746 | INFO | Batch 180 | Loss: 0.0477 | Correct: 126/128 | Elapsed Time: 22.64s
2026-01-20 04:19:59,411 | INFO | Batch 190 | Loss: 0.1214 | Correct: 125/128 | Elapsed Time: 22.66s
2026-01-20 04:20:22,034 | INFO | Batch 200 | Loss: 0.0217 | Correct: 127/128 | Elapsed Time: 22.62s
2026-01-20 04:20:44,661 | INFO | Batch 210 | Loss: 0.0610 | Correct: 124/128 | Elapsed Time: 22.63s
2026-01-20 04:21:07,254 | INFO | Batch 220 | Loss: 0.0135 | Correct: 128/128 | Elapsed Time: 22.59s
2026-01-20 04:21:29,962 | INFO | Batch 230 | Loss: 0.0438 | Correct: 126/128 | Elapsed Time: 22.71s
2026-01-20 04:21:52,598 | INFO | Batch 240 | Loss: 0.0638 | Correct: 126/128 | Elapsed Time: 22.64s
2026-01-20 04:22:15,269 | INFO | Batch 250 | Loss: 0.0674 | Correct: 123/128 | Elapsed Time: 22.67s
2026-01-20 04:22:37,962 | INFO | Batch 260 | Loss: 0.0326 | Correct: 127/128 | Elapsed Time: 22.69s
2026-01-20 04:23:00,573 | INFO | Batch 270 | Loss: 0.0118 | Correct: 128/128 | Elapsed Time: 22.61s
2026-01-20 04:23:23,185 | INFO | Batch 280 | Loss: 0.0260 | Correct: 128/128 | Elapsed Time: 22.61s
2026-01-20 04:23:45,762 | INFO | Batch 290 | Loss: 0.0076 | Correct: 128/128 | Elapsed Time: 22.58s
2026-01-20 04:24:08,327 | INFO | Batch 300 | Loss: 0.0618 | Correct: 124/128 | Elapsed Time: 22.57s
2026-01-20 04:24:30,934 | INFO | Batch 310 | Loss: 0.0660 | Correct: 126/128 | Elapsed Time: 22.61s
2026-01-20 04:24:53,540 | INFO | Batch 320 | Loss: 0.1252 | Correct: 124/128 | Elapsed Time: 22.61s
2026-01-20 04:25:16,153 | INFO | Batch 330 | Loss: 0.0179 | Correct: 127/128 | Elapsed Time: 22.61s
2026-01-20 04:25:38,715 | INFO | Batch 340 | Loss: 0.0097 | Correct: 128/128 | Elapsed Time: 22.56s
2026-01-20 04:26:01,342 | INFO | Batch 350 | Loss: 0.0274 | Correct: 127/128 | Elapsed Time: 22.63s
2026-01-20 04:26:23,899 | INFO | Batch 360 | Loss: 0.1029 | Correct: 123/128 | Elapsed Time: 22.56s
2026-01-20 04:26:46,442 | INFO | Batch 370 | Loss: 0.0123 | Correct: 128/128 | Elapsed Time: 22.54s
2026-01-20 04:27:08,976 | INFO | Batch 380 | Loss: 0.0373 | Correct: 126/128 | Elapsed Time: 22.53s
2026-01-20 04:27:31,537 | INFO | Batch 390 | Loss: 0.0122 | Correct: 128/128 | Elapsed Time: 22.56s
2026-01-20 04:27:32,998 | INFO | Epoch [76/100] - Loss: 0.0389 | Correct: 49312/50000 (98.62%, 883.15s)
2026-01-20 04:28:47,562 | INFO | Validation - Loss: 0.3467 | Correct: 9135/10000 (91.35%) (74.56s)
2026-01-20 04:28:47,739 | INFO | New best model saved at epoch 76 with Top1 Acc: 91.35%
2026-01-20 04:29:10,523 | INFO | Batch 10 | Loss: 0.0418 | Correct: 126/128 | Elapsed Time: 22.78s
2026-01-20 04:29:33,098 | INFO | Batch 20 | Loss: 0.0276 | Correct: 127/128 | Elapsed Time: 22.57s
2026-01-20 04:29:55,689 | INFO | Batch 30 | Loss: 0.0681 | Correct: 125/128 | Elapsed Time: 22.59s
2026-01-20 04:30:18,248 | INFO | Batch 40 | Loss: 0.0086 | Correct: 128/128 | Elapsed Time: 22.56s
2026-01-20 04:30:40,869 | INFO | Batch 50 | Loss: 0.0588 | Correct: 125/128 | Elapsed Time: 22.62s
2026-01-20 04:31:03,461 | INFO | Batch 60 | Loss: 0.0382 | Correct: 127/128 | Elapsed Time: 22.59s
2026-01-20 04:31:26,052 | INFO | Batch 70 | Loss: 0.0423 | Correct: 125/128 | Elapsed Time: 22.59s
2026-01-20 04:31:48,689 | INFO | Batch 80 | Loss: 0.0422 | Correct: 125/128 | Elapsed Time: 22.64s
2026-01-20 04:32:11,325 | INFO | Batch 90 | Loss: 0.0587 | Correct: 125/128 | Elapsed Time: 22.64s
2026-01-20 04:32:33,920 | INFO | Batch 100 | Loss: 0.0385 | Correct: 125/128 | Elapsed Time: 22.59s
2026-01-20 04:32:56,514 | INFO | Batch 110 | Loss: 0.0454 | Correct: 126/128 | Elapsed Time: 22.59s
2026-01-20 04:33:19,079 | INFO | Batch 120 | Loss: 0.0331 | Correct: 126/128 | Elapsed Time: 22.56s
2026-01-20 04:33:41,658 | INFO | Batch 130 | Loss: 0.0221 | Correct: 127/128 | Elapsed Time: 22.58s
2026-01-20 04:34:04,242 | INFO | Batch 140 | Loss: 0.0233 | Correct: 127/128 | Elapsed Time: 22.58s
2026-01-20 04:34:26,853 | INFO | Batch 150 | Loss: 0.0142 | Correct: 128/128 | Elapsed Time: 22.61s
2026-01-20 04:34:49,448 | INFO | Batch 160 | Loss: 0.0269 | Correct: 128/128 | Elapsed Time: 22.59s
2026-01-20 04:35:12,038 | INFO | Batch 170 | Loss: 0.0063 | Correct: 128/128 | Elapsed Time: 22.59s
2026-01-20 04:35:34,617 | INFO | Batch 180 | Loss: 0.0160 | Correct: 128/128 | Elapsed Time: 22.58s
2026-01-20 04:35:57,230 | INFO | Batch 190 | Loss: 0.0245 | Correct: 128/128 | Elapsed Time: 22.61s
2026-01-20 04:36:19,835 | INFO | Batch 200 | Loss: 0.0293 | Correct: 125/128 | Elapsed Time: 22.61s
2026-01-20 04:36:42,398 | INFO | Batch 210 | Loss: 0.0112 | Correct: 128/128 | Elapsed Time: 22.56s
2026-01-20 04:37:05,078 | INFO | Batch 220 | Loss: 0.0303 | Correct: 126/128 | Elapsed Time: 22.68s
2026-01-20 04:37:27,706 | INFO | Batch 230 | Loss: 0.0543 | Correct: 126/128 | Elapsed Time: 22.63s
2026-01-20 04:37:50,413 | INFO | Batch 240 | Loss: 0.0729 | Correct: 125/128 | Elapsed Time: 22.71s
2026-01-20 04:38:13,073 | INFO | Batch 250 | Loss: 0.0558 | Correct: 125/128 | Elapsed Time: 22.66s
2026-01-20 04:38:35,645 | INFO | Batch 260 | Loss: 0.0079 | Correct: 128/128 | Elapsed Time: 22.57s
2026-01-20 04:38:58,188 | INFO | Batch 270 | Loss: 0.0168 | Correct: 127/128 | Elapsed Time: 22.54s
2026-01-20 04:39:20,742 | INFO | Batch 280 | Loss: 0.0648 | Correct: 125/128 | Elapsed Time: 22.55s
2026-01-20 04:39:43,358 | INFO | Batch 290 | Loss: 0.0315 | Correct: 126/128 | Elapsed Time: 22.62s
2026-01-20 04:40:05,930 | INFO | Batch 300 | Loss: 0.0652 | Correct: 125/128 | Elapsed Time: 22.57s
2026-01-20 04:40:28,545 | INFO | Batch 310 | Loss: 0.0104 | Correct: 128/128 | Elapsed Time: 22.61s
2026-01-20 04:40:51,151 | INFO | Batch 320 | Loss: 0.0555 | Correct: 125/128 | Elapsed Time: 22.61s
2026-01-20 04:41:13,699 | INFO | Batch 330 | Loss: 0.0578 | Correct: 126/128 | Elapsed Time: 22.55s
2026-01-20 04:41:36,251 | INFO | Batch 340 | Loss: 0.1003 | Correct: 124/128 | Elapsed Time: 22.55s
2026-01-20 04:41:58,827 | INFO | Batch 350 | Loss: 0.0469 | Correct: 126/128 | Elapsed Time: 22.58s
2026-01-20 04:42:21,487 | INFO | Batch 360 | Loss: 0.0325 | Correct: 127/128 | Elapsed Time: 22.66s
2026-01-20 04:42:44,062 | INFO | Batch 370 | Loss: 0.0383 | Correct: 126/128 | Elapsed Time: 22.58s
2026-01-20 04:43:06,679 | INFO | Batch 380 | Loss: 0.0198 | Correct: 127/128 | Elapsed Time: 22.62s
2026-01-20 04:43:29,291 | INFO | Batch 390 | Loss: 0.0546 | Correct: 125/128 | Elapsed Time: 22.61s
2026-01-20 04:43:30,754 | INFO | Epoch [77/100] - Loss: 0.0356 | Correct: 49388/50000 (98.78%, 883.01s)
2026-01-20 04:44:45,068 | INFO | Validation - Loss: 0.3441 | Correct: 9146/10000 (91.46%) (74.31s)
2026-01-20 04:44:45,225 | INFO | New best model saved at epoch 77 with Top1 Acc: 91.46%
2026-01-20 04:45:07,842 | INFO | Batch 10 | Loss: 0.0137 | Correct: 128/128 | Elapsed Time: 22.62s
2026-01-20 04:45:30,531 | INFO | Batch 20 | Loss: 0.0373 | Correct: 126/128 | Elapsed Time: 22.69s
2026-01-20 04:45:53,080 | INFO | Batch 30 | Loss: 0.0738 | Correct: 124/128 | Elapsed Time: 22.55s
2026-01-20 04:46:15,646 | INFO | Batch 40 | Loss: 0.0325 | Correct: 127/128 | Elapsed Time: 22.57s
2026-01-20 04:46:38,257 | INFO | Batch 50 | Loss: 0.0557 | Correct: 124/128 | Elapsed Time: 22.61s
2026-01-20 04:47:00,915 | INFO | Batch 60 | Loss: 0.0078 | Correct: 128/128 | Elapsed Time: 22.66s
2026-01-20 04:47:23,492 | INFO | Batch 70 | Loss: 0.0391 | Correct: 126/128 | Elapsed Time: 22.58s
2026-01-20 04:47:46,085 | INFO | Batch 80 | Loss: 0.0334 | Correct: 126/128 | Elapsed Time: 22.59s
2026-01-20 04:48:08,740 | INFO | Batch 90 | Loss: 0.0478 | Correct: 126/128 | Elapsed Time: 22.65s
2026-01-20 04:48:31,271 | INFO | Batch 100 | Loss: 0.1028 | Correct: 125/128 | Elapsed Time: 22.53s
2026-01-20 04:48:53,849 | INFO | Batch 110 | Loss: 0.0388 | Correct: 125/128 | Elapsed Time: 22.58s
2026-01-20 04:49:16,497 | INFO | Batch 120 | Loss: 0.0392 | Correct: 127/128 | Elapsed Time: 22.65s
2026-01-20 04:49:39,024 | INFO | Batch 130 | Loss: 0.0217 | Correct: 127/128 | Elapsed Time: 22.53s
2026-01-20 04:50:01,550 | INFO | Batch 140 | Loss: 0.0478 | Correct: 127/128 | Elapsed Time: 22.53s
2026-01-20 04:50:24,145 | INFO | Batch 150 | Loss: 0.0489 | Correct: 126/128 | Elapsed Time: 22.60s
2026-01-20 04:50:46,807 | INFO | Batch 160 | Loss: 0.0767 | Correct: 123/128 | Elapsed Time: 22.66s
2026-01-20 04:51:09,431 | INFO | Batch 170 | Loss: 0.0944 | Correct: 124/128 | Elapsed Time: 22.62s
2026-01-20 04:51:31,993 | INFO | Batch 180 | Loss: 0.0111 | Correct: 128/128 | Elapsed Time: 22.56s
2026-01-20 04:51:54,642 | INFO | Batch 190 | Loss: 0.0242 | Correct: 127/128 | Elapsed Time: 22.65s
2026-01-20 04:52:17,205 | INFO | Batch 200 | Loss: 0.0159 | Correct: 128/128 | Elapsed Time: 22.56s
2026-01-20 04:52:39,801 | INFO | Batch 210 | Loss: 0.0508 | Correct: 126/128 | Elapsed Time: 22.60s
2026-01-20 04:53:02,354 | INFO | Batch 220 | Loss: 0.0371 | Correct: 125/128 | Elapsed Time: 22.55s
2026-01-20 04:53:24,942 | INFO | Batch 230 | Loss: 0.0511 | Correct: 126/128 | Elapsed Time: 22.59s
2026-01-20 04:53:47,530 | INFO | Batch 240 | Loss: 0.0445 | Correct: 126/128 | Elapsed Time: 22.59s
2026-01-20 04:54:10,110 | INFO | Batch 250 | Loss: 0.0222 | Correct: 127/128 | Elapsed Time: 22.58s
2026-01-20 04:54:32,667 | INFO | Batch 260 | Loss: 0.0650 | Correct: 126/128 | Elapsed Time: 22.56s
2026-01-20 04:54:55,309 | INFO | Batch 270 | Loss: 0.0354 | Correct: 125/128 | Elapsed Time: 22.64s
2026-01-20 04:55:17,863 | INFO | Batch 280 | Loss: 0.0147 | Correct: 128/128 | Elapsed Time: 22.55s
2026-01-20 04:55:40,459 | INFO | Batch 290 | Loss: 0.0278 | Correct: 127/128 | Elapsed Time: 22.60s
2026-01-20 04:56:03,210 | INFO | Batch 300 | Loss: 0.0404 | Correct: 125/128 | Elapsed Time: 22.75s
2026-01-20 04:56:25,784 | INFO | Batch 310 | Loss: 0.0085 | Correct: 128/128 | Elapsed Time: 22.57s
2026-01-20 04:56:48,357 | INFO | Batch 320 | Loss: 0.0519 | Correct: 125/128 | Elapsed Time: 22.57s
2026-01-20 04:57:10,958 | INFO | Batch 330 | Loss: 0.0370 | Correct: 126/128 | Elapsed Time: 22.60s
2026-01-20 04:57:33,553 | INFO | Batch 340 | Loss: 0.0083 | Correct: 128/128 | Elapsed Time: 22.59s
2026-01-20 04:57:56,136 | INFO | Batch 350 | Loss: 0.0319 | Correct: 127/128 | Elapsed Time: 22.58s
2026-01-20 04:58:18,695 | INFO | Batch 360 | Loss: 0.0560 | Correct: 124/128 | Elapsed Time: 22.56s
2026-01-20 04:58:41,296 | INFO | Batch 370 | Loss: 0.0533 | Correct: 125/128 | Elapsed Time: 22.60s
2026-01-20 04:59:03,870 | INFO | Batch 380 | Loss: 0.0563 | Correct: 127/128 | Elapsed Time: 22.57s
2026-01-20 04:59:26,454 | INFO | Batch 390 | Loss: 0.0465 | Correct: 125/128 | Elapsed Time: 22.58s
2026-01-20 04:59:27,918 | INFO | Epoch [78/100] - Loss: 0.0348 | Correct: 49411/50000 (98.82%, 882.69s)
2026-01-20 05:00:42,247 | INFO | Validation - Loss: 0.3437 | Correct: 9149/10000 (91.49%) (74.33s)
2026-01-20 05:00:42,418 | INFO | New best model saved at epoch 78 with Top1 Acc: 91.49%
2026-01-20 05:01:05,051 | INFO | Batch 10 | Loss: 0.0202 | Correct: 127/128 | Elapsed Time: 22.63s
2026-01-20 05:01:27,639 | INFO | Batch 20 | Loss: 0.0157 | Correct: 127/128 | Elapsed Time: 22.59s
2026-01-20 05:01:50,333 | INFO | Batch 30 | Loss: 0.0333 | Correct: 127/128 | Elapsed Time: 22.69s
2026-01-20 05:02:12,891 | INFO | Batch 40 | Loss: 0.0112 | Correct: 127/128 | Elapsed Time: 22.56s
2026-01-20 05:02:35,527 | INFO | Batch 50 | Loss: 0.0210 | Correct: 127/128 | Elapsed Time: 22.64s
2026-01-20 05:02:58,077 | INFO | Batch 60 | Loss: 0.0499 | Correct: 125/128 | Elapsed Time: 22.55s
2026-01-20 05:03:20,632 | INFO | Batch 70 | Loss: 0.0170 | Correct: 127/128 | Elapsed Time: 22.56s
2026-01-20 05:03:43,184 | INFO | Batch 80 | Loss: 0.0149 | Correct: 128/128 | Elapsed Time: 22.55s
2026-01-20 05:04:05,804 | INFO | Batch 90 | Loss: 0.0408 | Correct: 126/128 | Elapsed Time: 22.62s
2026-01-20 05:04:28,333 | INFO | Batch 100 | Loss: 0.0128 | Correct: 128/128 | Elapsed Time: 22.53s
2026-01-20 05:04:50,954 | INFO | Batch 110 | Loss: 0.0617 | Correct: 125/128 | Elapsed Time: 22.62s
2026-01-20 05:05:13,578 | INFO | Batch 120 | Loss: 0.0303 | Correct: 127/128 | Elapsed Time: 22.62s
2026-01-20 05:05:36,202 | INFO | Batch 130 | Loss: 0.0185 | Correct: 128/128 | Elapsed Time: 22.62s
2026-01-20 05:05:58,764 | INFO | Batch 140 | Loss: 0.0910 | Correct: 124/128 | Elapsed Time: 22.56s
2026-01-20 05:06:21,358 | INFO | Batch 150 | Loss: 0.0174 | Correct: 127/128 | Elapsed Time: 22.59s
2026-01-20 05:06:43,994 | INFO | Batch 160 | Loss: 0.0164 | Correct: 128/128 | Elapsed Time: 22.64s
2026-01-20 05:07:06,493 | INFO | Batch 170 | Loss: 0.0503 | Correct: 125/128 | Elapsed Time: 22.50s
2026-01-20 05:07:29,040 | INFO | Batch 180 | Loss: 0.0189 | Correct: 127/128 | Elapsed Time: 22.55s
2026-01-20 05:07:51,664 | INFO | Batch 190 | Loss: 0.0455 | Correct: 126/128 | Elapsed Time: 22.62s
2026-01-20 05:08:14,234 | INFO | Batch 200 | Loss: 0.1059 | Correct: 124/128 | Elapsed Time: 22.57s
2026-01-20 05:08:36,751 | INFO | Batch 210 | Loss: 0.0146 | Correct: 127/128 | Elapsed Time: 22.52s
2026-01-20 05:08:59,286 | INFO | Batch 220 | Loss: 0.0552 | Correct: 124/128 | Elapsed Time: 22.54s
2026-01-20 05:09:21,883 | INFO | Batch 230 | Loss: 0.0313 | Correct: 127/128 | Elapsed Time: 22.60s
2026-01-20 05:09:44,468 | INFO | Batch 240 | Loss: 0.0219 | Correct: 128/128 | Elapsed Time: 22.59s
2026-01-20 05:10:07,017 | INFO | Batch 250 | Loss: 0.0318 | Correct: 127/128 | Elapsed Time: 22.55s
2026-01-20 05:10:29,633 | INFO | Batch 260 | Loss: 0.0141 | Correct: 128/128 | Elapsed Time: 22.62s
2026-01-20 05:10:52,202 | INFO | Batch 270 | Loss: 0.0447 | Correct: 126/128 | Elapsed Time: 22.57s
2026-01-20 05:11:14,787 | INFO | Batch 280 | Loss: 0.0590 | Correct: 125/128 | Elapsed Time: 22.59s
2026-01-20 05:11:37,385 | INFO | Batch 290 | Loss: 0.0404 | Correct: 128/128 | Elapsed Time: 22.60s
2026-01-20 05:12:00,043 | INFO | Batch 300 | Loss: 0.0253 | Correct: 126/128 | Elapsed Time: 22.66s
2026-01-20 05:12:22,665 | INFO | Batch 310 | Loss: 0.0514 | Correct: 126/128 | Elapsed Time: 22.62s
2026-01-20 05:12:45,300 | INFO | Batch 320 | Loss: 0.0135 | Correct: 128/128 | Elapsed Time: 22.64s
2026-01-20 05:13:07,883 | INFO | Batch 330 | Loss: 0.0173 | Correct: 128/128 | Elapsed Time: 22.58s
2026-01-20 05:13:30,478 | INFO | Batch 340 | Loss: 0.0131 | Correct: 128/128 | Elapsed Time: 22.60s
2026-01-20 05:13:53,121 | INFO | Batch 350 | Loss: 0.0354 | Correct: 127/128 | Elapsed Time: 22.64s
2026-01-20 05:14:15,709 | INFO | Batch 360 | Loss: 0.0101 | Correct: 128/128 | Elapsed Time: 22.59s
2026-01-20 05:14:38,353 | INFO | Batch 370 | Loss: 0.0139 | Correct: 128/128 | Elapsed Time: 22.64s
2026-01-20 05:15:00,971 | INFO | Batch 380 | Loss: 0.0457 | Correct: 125/128 | Elapsed Time: 22.62s
2026-01-20 05:15:23,564 | INFO | Batch 390 | Loss: 0.0337 | Correct: 127/128 | Elapsed Time: 22.59s
2026-01-20 05:15:25,031 | INFO | Epoch [79/100] - Loss: 0.0342 | Correct: 49440/50000 (98.88%, 882.61s)
2026-01-20 05:16:39,424 | INFO | Validation - Loss: 0.3446 | Correct: 9156/10000 (91.56%) (74.39s)
2026-01-20 05:16:39,605 | INFO | New best model saved at epoch 79 with Top1 Acc: 91.56%
2026-01-20 05:17:02,240 | INFO | Batch 10 | Loss: 0.0418 | Correct: 126/128 | Elapsed Time: 22.63s
2026-01-20 05:17:24,896 | INFO | Batch 20 | Loss: 0.0211 | Correct: 128/128 | Elapsed Time: 22.66s
2026-01-20 05:17:47,448 | INFO | Batch 30 | Loss: 0.0232 | Correct: 127/128 | Elapsed Time: 22.55s
2026-01-20 05:18:10,059 | INFO | Batch 40 | Loss: 0.0419 | Correct: 126/128 | Elapsed Time: 22.61s
2026-01-20 05:18:32,765 | INFO | Batch 50 | Loss: 0.0294 | Correct: 127/128 | Elapsed Time: 22.71s
2026-01-20 05:18:55,399 | INFO | Batch 60 | Loss: 0.0205 | Correct: 128/128 | Elapsed Time: 22.63s
2026-01-20 05:19:17,969 | INFO | Batch 70 | Loss: 0.0484 | Correct: 126/128 | Elapsed Time: 22.57s
2026-01-20 05:19:40,600 | INFO | Batch 80 | Loss: 0.0573 | Correct: 126/128 | Elapsed Time: 22.63s
2026-01-20 05:20:03,213 | INFO | Batch 90 | Loss: 0.0889 | Correct: 125/128 | Elapsed Time: 22.61s
2026-01-20 05:20:25,798 | INFO | Batch 100 | Loss: 0.0156 | Correct: 127/128 | Elapsed Time: 22.59s
2026-01-20 05:20:48,439 | INFO | Batch 110 | Loss: 0.0411 | Correct: 126/128 | Elapsed Time: 22.64s
2026-01-20 05:21:11,050 | INFO | Batch 120 | Loss: 0.0125 | Correct: 128/128 | Elapsed Time: 22.61s
2026-01-20 05:21:33,633 | INFO | Batch 130 | Loss: 0.0256 | Correct: 127/128 | Elapsed Time: 22.58s
2026-01-20 05:21:56,175 | INFO | Batch 140 | Loss: 0.0168 | Correct: 127/128 | Elapsed Time: 22.54s
2026-01-20 05:22:18,752 | INFO | Batch 150 | Loss: 0.0065 | Correct: 128/128 | Elapsed Time: 22.58s
2026-01-20 05:22:41,374 | INFO | Batch 160 | Loss: 0.0262 | Correct: 127/128 | Elapsed Time: 22.62s
2026-01-20 05:23:03,959 | INFO | Batch 170 | Loss: 0.0413 | Correct: 127/128 | Elapsed Time: 22.59s
2026-01-20 05:23:26,519 | INFO | Batch 180 | Loss: 0.0297 | Correct: 125/128 | Elapsed Time: 22.56s
2026-01-20 05:23:49,181 | INFO | Batch 190 | Loss: 0.0237 | Correct: 127/128 | Elapsed Time: 22.66s
2026-01-20 05:24:11,715 | INFO | Batch 200 | Loss: 0.0299 | Correct: 127/128 | Elapsed Time: 22.53s
2026-01-20 05:24:34,259 | INFO | Batch 210 | Loss: 0.0306 | Correct: 126/128 | Elapsed Time: 22.54s
2026-01-20 05:24:56,788 | INFO | Batch 220 | Loss: 0.0598 | Correct: 126/128 | Elapsed Time: 22.53s
2026-01-20 05:25:19,293 | INFO | Batch 230 | Loss: 0.0231 | Correct: 128/128 | Elapsed Time: 22.51s
2026-01-20 05:25:41,844 | INFO | Batch 240 | Loss: 0.0194 | Correct: 128/128 | Elapsed Time: 22.55s
2026-01-20 05:26:04,429 | INFO | Batch 250 | Loss: 0.0206 | Correct: 127/128 | Elapsed Time: 22.59s
2026-01-20 05:26:27,013 | INFO | Batch 260 | Loss: 0.0211 | Correct: 127/128 | Elapsed Time: 22.58s
2026-01-20 05:26:49,566 | INFO | Batch 270 | Loss: 0.0225 | Correct: 127/128 | Elapsed Time: 22.55s
2026-01-20 05:27:12,097 | INFO | Batch 280 | Loss: 0.0679 | Correct: 126/128 | Elapsed Time: 22.53s
2026-01-20 05:27:34,632 | INFO | Batch 290 | Loss: 0.0242 | Correct: 127/128 | Elapsed Time: 22.53s
2026-01-20 05:27:57,174 | INFO | Batch 300 | Loss: 0.0475 | Correct: 127/128 | Elapsed Time: 22.54s
2026-01-20 05:28:19,693 | INFO | Batch 310 | Loss: 0.0537 | Correct: 126/128 | Elapsed Time: 22.52s
2026-01-20 05:28:42,209 | INFO | Batch 320 | Loss: 0.0345 | Correct: 126/128 | Elapsed Time: 22.52s
2026-01-20 05:29:04,780 | INFO | Batch 330 | Loss: 0.0719 | Correct: 126/128 | Elapsed Time: 22.57s
2026-01-20 05:29:27,345 | INFO | Batch 340 | Loss: 0.0081 | Correct: 128/128 | Elapsed Time: 22.56s
2026-01-20 05:29:49,889 | INFO | Batch 350 | Loss: 0.0270 | Correct: 126/128 | Elapsed Time: 22.54s
2026-01-20 05:30:12,423 | INFO | Batch 360 | Loss: 0.0430 | Correct: 126/128 | Elapsed Time: 22.53s
2026-01-20 05:30:34,896 | INFO | Batch 370 | Loss: 0.0450 | Correct: 125/128 | Elapsed Time: 22.47s
2026-01-20 05:30:57,450 | INFO | Batch 380 | Loss: 0.0095 | Correct: 128/128 | Elapsed Time: 22.55s
2026-01-20 05:31:19,994 | INFO | Batch 390 | Loss: 0.0372 | Correct: 127/128 | Elapsed Time: 22.54s
2026-01-20 05:31:21,539 | INFO | Epoch [80/100] - Loss: 0.0323 | Correct: 49482/50000 (98.96%, 881.93s)
2026-01-20 05:32:35,686 | INFO | Validation - Loss: 0.3462 | Correct: 9156/10000 (91.56%) (74.15s)
2026-01-20 05:32:58,293 | INFO | Batch 10 | Loss: 0.0421 | Correct: 124/128 | Elapsed Time: 22.60s
2026-01-20 05:33:20,813 | INFO | Batch 20 | Loss: 0.0696 | Correct: 126/128 | Elapsed Time: 22.52s
2026-01-20 05:33:43,278 | INFO | Batch 30 | Loss: 0.0106 | Correct: 128/128 | Elapsed Time: 22.47s
2026-01-20 05:34:05,794 | INFO | Batch 40 | Loss: 0.0238 | Correct: 127/128 | Elapsed Time: 22.52s
2026-01-20 05:34:28,315 | INFO | Batch 50 | Loss: 0.0180 | Correct: 127/128 | Elapsed Time: 22.52s
2026-01-20 05:34:50,849 | INFO | Batch 60 | Loss: 0.0370 | Correct: 126/128 | Elapsed Time: 22.53s
2026-01-20 05:35:13,396 | INFO | Batch 70 | Loss: 0.0408 | Correct: 124/128 | Elapsed Time: 22.55s
2026-01-20 05:35:35,904 | INFO | Batch 80 | Loss: 0.0665 | Correct: 126/128 | Elapsed Time: 22.51s
2026-01-20 05:35:58,433 | INFO | Batch 90 | Loss: 0.0179 | Correct: 127/128 | Elapsed Time: 22.53s
2026-01-20 05:36:20,984 | INFO | Batch 100 | Loss: 0.0137 | Correct: 128/128 | Elapsed Time: 22.55s
2026-01-20 05:36:43,511 | INFO | Batch 110 | Loss: 0.0556 | Correct: 126/128 | Elapsed Time: 22.53s
2026-01-20 05:37:06,017 | INFO | Batch 120 | Loss: 0.0719 | Correct: 126/128 | Elapsed Time: 22.51s
2026-01-20 05:37:28,545 | INFO | Batch 130 | Loss: 0.0698 | Correct: 127/128 | Elapsed Time: 22.53s
2026-01-20 05:37:51,155 | INFO | Batch 140 | Loss: 0.0214 | Correct: 127/128 | Elapsed Time: 22.61s
2026-01-20 05:38:13,691 | INFO | Batch 150 | Loss: 0.0591 | Correct: 124/128 | Elapsed Time: 22.54s
2026-01-20 05:38:36,212 | INFO | Batch 160 | Loss: 0.0521 | Correct: 125/128 | Elapsed Time: 22.52s
2026-01-20 05:38:58,715 | INFO | Batch 170 | Loss: 0.0208 | Correct: 127/128 | Elapsed Time: 22.50s
2026-01-20 05:39:21,284 | INFO | Batch 180 | Loss: 0.0307 | Correct: 126/128 | Elapsed Time: 22.57s
2026-01-20 05:39:43,888 | INFO | Batch 190 | Loss: 0.0219 | Correct: 127/128 | Elapsed Time: 22.60s
2026-01-20 05:40:06,454 | INFO | Batch 200 | Loss: 0.0124 | Correct: 128/128 | Elapsed Time: 22.57s
2026-01-20 05:40:29,048 | INFO | Batch 210 | Loss: 0.0067 | Correct: 128/128 | Elapsed Time: 22.59s
2026-01-20 05:40:51,619 | INFO | Batch 220 | Loss: 0.0282 | Correct: 127/128 | Elapsed Time: 22.57s
2026-01-20 05:41:14,173 | INFO | Batch 230 | Loss: 0.0085 | Correct: 128/128 | Elapsed Time: 22.55s
2026-01-20 05:41:36,749 | INFO | Batch 240 | Loss: 0.0264 | Correct: 126/128 | Elapsed Time: 22.58s
2026-01-20 05:41:59,275 | INFO | Batch 250 | Loss: 0.0223 | Correct: 127/128 | Elapsed Time: 22.53s
2026-01-20 05:42:21,811 | INFO | Batch 260 | Loss: 0.0232 | Correct: 127/128 | Elapsed Time: 22.54s
2026-01-20 05:42:44,313 | INFO | Batch 270 | Loss: 0.0858 | Correct: 124/128 | Elapsed Time: 22.50s
2026-01-20 05:43:06,892 | INFO | Batch 280 | Loss: 0.0554 | Correct: 127/128 | Elapsed Time: 22.58s
2026-01-20 05:43:29,445 | INFO | Batch 290 | Loss: 0.0163 | Correct: 128/128 | Elapsed Time: 22.55s
2026-01-20 05:43:51,982 | INFO | Batch 300 | Loss: 0.0246 | Correct: 127/128 | Elapsed Time: 22.54s
2026-01-20 05:44:14,463 | INFO | Batch 310 | Loss: 0.0296 | Correct: 126/128 | Elapsed Time: 22.48s
2026-01-20 05:44:36,943 | INFO | Batch 320 | Loss: 0.0862 | Correct: 125/128 | Elapsed Time: 22.48s
2026-01-20 05:44:59,483 | INFO | Batch 330 | Loss: 0.0122 | Correct: 128/128 | Elapsed Time: 22.54s
2026-01-20 05:45:21,999 | INFO | Batch 340 | Loss: 0.0122 | Correct: 127/128 | Elapsed Time: 22.52s
2026-01-20 05:45:44,609 | INFO | Batch 350 | Loss: 0.0600 | Correct: 126/128 | Elapsed Time: 22.61s
2026-01-20 05:46:07,182 | INFO | Batch 360 | Loss: 0.0237 | Correct: 127/128 | Elapsed Time: 22.57s
2026-01-20 05:46:29,756 | INFO | Batch 370 | Loss: 0.0499 | Correct: 126/128 | Elapsed Time: 22.57s
2026-01-20 05:46:52,300 | INFO | Batch 380 | Loss: 0.0251 | Correct: 127/128 | Elapsed Time: 22.54s
2026-01-20 05:47:14,885 | INFO | Batch 390 | Loss: 0.0138 | Correct: 128/128 | Elapsed Time: 22.58s
2026-01-20 05:47:16,364 | INFO | Epoch [81/100] - Loss: 0.0314 | Correct: 49481/50000 (98.96%, 880.68s)
2026-01-20 05:48:30,844 | INFO | Validation - Loss: 0.3472 | Correct: 9140/10000 (91.40%) (74.48s)
2026-01-20 05:48:53,515 | INFO | Batch 10 | Loss: 0.0279 | Correct: 127/128 | Elapsed Time: 22.67s
2026-01-20 05:49:16,018 | INFO | Batch 20 | Loss: 0.0218 | Correct: 126/128 | Elapsed Time: 22.50s
2026-01-20 05:49:38,493 | INFO | Batch 30 | Loss: 0.0454 | Correct: 125/128 | Elapsed Time: 22.48s
2026-01-20 05:50:00,994 | INFO | Batch 40 | Loss: 0.0281 | Correct: 127/128 | Elapsed Time: 22.50s
2026-01-20 05:50:23,525 | INFO | Batch 50 | Loss: 0.0204 | Correct: 127/128 | Elapsed Time: 22.53s
2026-01-20 05:50:46,083 | INFO | Batch 60 | Loss: 0.0288 | Correct: 126/128 | Elapsed Time: 22.56s
2026-01-20 05:51:08,628 | INFO | Batch 70 | Loss: 0.0109 | Correct: 128/128 | Elapsed Time: 22.55s
2026-01-20 05:51:31,273 | INFO | Batch 80 | Loss: 0.0206 | Correct: 126/128 | Elapsed Time: 22.64s
2026-01-20 05:51:53,807 | INFO | Batch 90 | Loss: 0.0220 | Correct: 127/128 | Elapsed Time: 22.53s
2026-01-20 05:52:16,367 | INFO | Batch 100 | Loss: 0.0282 | Correct: 126/128 | Elapsed Time: 22.56s
2026-01-20 05:52:38,874 | INFO | Batch 110 | Loss: 0.0489 | Correct: 125/128 | Elapsed Time: 22.51s
2026-01-20 05:53:01,385 | INFO | Batch 120 | Loss: 0.0072 | Correct: 128/128 | Elapsed Time: 22.51s
2026-01-20 05:53:23,921 | INFO | Batch 130 | Loss: 0.0412 | Correct: 126/128 | Elapsed Time: 22.54s
2026-01-20 05:53:46,474 | INFO | Batch 140 | Loss: 0.0256 | Correct: 127/128 | Elapsed Time: 22.55s
2026-01-20 05:54:09,045 | INFO | Batch 150 | Loss: 0.0511 | Correct: 124/128 | Elapsed Time: 22.57s
2026-01-20 05:54:31,516 | INFO | Batch 160 | Loss: 0.0419 | Correct: 125/128 | Elapsed Time: 22.47s
2026-01-20 05:54:54,078 | INFO | Batch 170 | Loss: 0.0146 | Correct: 128/128 | Elapsed Time: 22.56s
2026-01-20 05:55:16,608 | INFO | Batch 180 | Loss: 0.0130 | Correct: 128/128 | Elapsed Time: 22.53s
2026-01-20 05:55:39,159 | INFO | Batch 190 | Loss: 0.0476 | Correct: 127/128 | Elapsed Time: 22.55s
2026-01-20 05:56:01,753 | INFO | Batch 200 | Loss: 0.0456 | Correct: 126/128 | Elapsed Time: 22.59s
2026-01-20 05:56:24,325 | INFO | Batch 210 | Loss: 0.0233 | Correct: 128/128 | Elapsed Time: 22.57s
2026-01-20 05:56:46,945 | INFO | Batch 220 | Loss: 0.0361 | Correct: 126/128 | Elapsed Time: 22.62s
2026-01-20 05:57:09,557 | INFO | Batch 230 | Loss: 0.0292 | Correct: 126/128 | Elapsed Time: 22.61s
2026-01-20 05:57:32,147 | INFO | Batch 240 | Loss: 0.0150 | Correct: 128/128 | Elapsed Time: 22.59s
2026-01-20 05:57:54,756 | INFO | Batch 250 | Loss: 0.0718 | Correct: 124/128 | Elapsed Time: 22.61s
2026-01-20 05:58:17,306 | INFO | Batch 260 | Loss: 0.0344 | Correct: 126/128 | Elapsed Time: 22.55s
2026-01-20 05:58:39,876 | INFO | Batch 270 | Loss: 0.0266 | Correct: 127/128 | Elapsed Time: 22.57s
2026-01-20 05:59:02,428 | INFO | Batch 280 | Loss: 0.0162 | Correct: 128/128 | Elapsed Time: 22.55s
2026-01-20 05:59:25,023 | INFO | Batch 290 | Loss: 0.0184 | Correct: 127/128 | Elapsed Time: 22.60s
2026-01-20 05:59:47,623 | INFO | Batch 300 | Loss: 0.0259 | Correct: 127/128 | Elapsed Time: 22.60s
2026-01-20 06:00:10,164 | INFO | Batch 310 | Loss: 0.0302 | Correct: 126/128 | Elapsed Time: 22.54s
2026-01-20 06:00:32,710 | INFO | Batch 320 | Loss: 0.0216 | Correct: 127/128 | Elapsed Time: 22.55s
2026-01-20 06:00:55,247 | INFO | Batch 330 | Loss: 0.0308 | Correct: 127/128 | Elapsed Time: 22.54s
2026-01-20 06:01:17,760 | INFO | Batch 340 | Loss: 0.0507 | Correct: 126/128 | Elapsed Time: 22.51s
2026-01-20 06:01:40,324 | INFO | Batch 350 | Loss: 0.0471 | Correct: 125/128 | Elapsed Time: 22.56s
2026-01-20 06:02:02,890 | INFO | Batch 360 | Loss: 0.0184 | Correct: 127/128 | Elapsed Time: 22.57s
2026-01-20 06:02:25,429 | INFO | Batch 370 | Loss: 0.0385 | Correct: 126/128 | Elapsed Time: 22.54s
2026-01-20 06:02:48,004 | INFO | Batch 380 | Loss: 0.0878 | Correct: 125/128 | Elapsed Time: 22.57s
2026-01-20 06:03:10,525 | INFO | Batch 390 | Loss: 0.0104 | Correct: 128/128 | Elapsed Time: 22.52s
2026-01-20 06:03:11,983 | INFO | Epoch [82/100] - Loss: 0.0316 | Correct: 49490/50000 (98.98%, 881.14s)
2026-01-20 06:04:26,220 | INFO | Validation - Loss: 0.3460 | Correct: 9153/10000 (91.53%) (74.24s)
2026-01-20 06:04:48,765 | INFO | Batch 10 | Loss: 0.0523 | Correct: 126/128 | Elapsed Time: 22.54s
2026-01-20 06:05:11,272 | INFO | Batch 20 | Loss: 0.0223 | Correct: 127/128 | Elapsed Time: 22.51s
2026-01-20 06:05:33,807 | INFO | Batch 30 | Loss: 0.0124 | Correct: 128/128 | Elapsed Time: 22.54s
2026-01-20 06:05:56,480 | INFO | Batch 40 | Loss: 0.0291 | Correct: 126/128 | Elapsed Time: 22.67s
2026-01-20 06:06:19,021 | INFO | Batch 50 | Loss: 0.0255 | Correct: 127/128 | Elapsed Time: 22.54s
2026-01-20 06:06:41,552 | INFO | Batch 60 | Loss: 0.0216 | Correct: 127/128 | Elapsed Time: 22.53s
2026-01-20 06:07:04,094 | INFO | Batch 70 | Loss: 0.0164 | Correct: 127/128 | Elapsed Time: 22.54s
2026-01-20 06:07:26,677 | INFO | Batch 80 | Loss: 0.0462 | Correct: 127/128 | Elapsed Time: 22.58s
2026-01-20 06:07:49,258 | INFO | Batch 90 | Loss: 0.0091 | Correct: 128/128 | Elapsed Time: 22.58s
2026-01-20 06:08:11,865 | INFO | Batch 100 | Loss: 0.0584 | Correct: 126/128 | Elapsed Time: 22.61s
2026-01-20 06:08:34,363 | INFO | Batch 110 | Loss: 0.0247 | Correct: 127/128 | Elapsed Time: 22.50s
2026-01-20 06:08:56,879 | INFO | Batch 120 | Loss: 0.0126 | Correct: 127/128 | Elapsed Time: 22.52s
2026-01-20 06:09:19,420 | INFO | Batch 130 | Loss: 0.0196 | Correct: 128/128 | Elapsed Time: 22.54s
2026-01-20 06:09:41,942 | INFO | Batch 140 | Loss: 0.0217 | Correct: 127/128 | Elapsed Time: 22.52s
2026-01-20 06:10:04,460 | INFO | Batch 150 | Loss: 0.0540 | Correct: 126/128 | Elapsed Time: 22.52s
2026-01-20 06:10:26,977 | INFO | Batch 160 | Loss: 0.0842 | Correct: 125/128 | Elapsed Time: 22.52s
2026-01-20 06:10:49,630 | INFO | Batch 170 | Loss: 0.0196 | Correct: 127/128 | Elapsed Time: 22.65s
2026-01-20 06:11:12,161 | INFO | Batch 180 | Loss: 0.0679 | Correct: 124/128 | Elapsed Time: 22.53s
2026-01-20 06:11:34,705 | INFO | Batch 190 | Loss: 0.0139 | Correct: 128/128 | Elapsed Time: 22.54s
2026-01-20 06:11:57,267 | INFO | Batch 200 | Loss: 0.0227 | Correct: 128/128 | Elapsed Time: 22.56s
2026-01-20 06:12:19,843 | INFO | Batch 210 | Loss: 0.0469 | Correct: 125/128 | Elapsed Time: 22.58s
2026-01-20 06:12:42,413 | INFO | Batch 220 | Loss: 0.0113 | Correct: 128/128 | Elapsed Time: 22.57s
2026-01-20 06:13:04,967 | INFO | Batch 230 | Loss: 0.0410 | Correct: 126/128 | Elapsed Time: 22.55s
2026-01-20 06:13:27,586 | INFO | Batch 240 | Loss: 0.0529 | Correct: 127/128 | Elapsed Time: 22.62s
2026-01-20 06:13:50,195 | INFO | Batch 250 | Loss: 0.0272 | Correct: 127/128 | Elapsed Time: 22.61s
2026-01-20 06:14:12,788 | INFO | Batch 260 | Loss: 0.0658 | Correct: 125/128 | Elapsed Time: 22.59s
2026-01-20 06:14:35,403 | INFO | Batch 270 | Loss: 0.0661 | Correct: 126/128 | Elapsed Time: 22.62s
2026-01-20 06:14:57,972 | INFO | Batch 280 | Loss: 0.0094 | Correct: 128/128 | Elapsed Time: 22.57s
2026-01-20 06:15:20,500 | INFO | Batch 290 | Loss: 0.0598 | Correct: 124/128 | Elapsed Time: 22.53s
2026-01-20 06:15:43,024 | INFO | Batch 300 | Loss: 0.0146 | Correct: 128/128 | Elapsed Time: 22.52s
2026-01-20 06:16:05,614 | INFO | Batch 310 | Loss: 0.0185 | Correct: 127/128 | Elapsed Time: 22.59s
2026-01-20 06:16:28,140 | INFO | Batch 320 | Loss: 0.0169 | Correct: 127/128 | Elapsed Time: 22.53s
2026-01-20 06:16:50,659 | INFO | Batch 330 | Loss: 0.0678 | Correct: 124/128 | Elapsed Time: 22.52s
2026-01-20 06:17:13,209 | INFO | Batch 340 | Loss: 0.0431 | Correct: 126/128 | Elapsed Time: 22.55s
2026-01-20 06:17:35,726 | INFO | Batch 350 | Loss: 0.0046 | Correct: 128/128 | Elapsed Time: 22.52s
2026-01-20 06:17:58,247 | INFO | Batch 360 | Loss: 0.0268 | Correct: 127/128 | Elapsed Time: 22.52s
2026-01-20 06:18:20,770 | INFO | Batch 370 | Loss: 0.0401 | Correct: 125/128 | Elapsed Time: 22.52s
2026-01-20 06:18:43,291 | INFO | Batch 380 | Loss: 0.0402 | Correct: 125/128 | Elapsed Time: 22.52s
2026-01-20 06:19:05,837 | INFO | Batch 390 | Loss: 0.0161 | Correct: 126/128 | Elapsed Time: 22.55s
2026-01-20 06:19:07,302 | INFO | Epoch [83/100] - Loss: 0.0320 | Correct: 49462/50000 (98.92%, 881.08s)
2026-01-20 06:20:21,402 | INFO | Validation - Loss: 0.3456 | Correct: 9145/10000 (91.45%) (74.10s)
2026-01-20 06:20:43,985 | INFO | Batch 10 | Loss: 0.0168 | Correct: 127/128 | Elapsed Time: 22.58s
2026-01-20 06:21:06,488 | INFO | Batch 20 | Loss: 0.0150 | Correct: 128/128 | Elapsed Time: 22.50s
2026-01-20 06:21:28,986 | INFO | Batch 30 | Loss: 0.0116 | Correct: 128/128 | Elapsed Time: 22.50s
2026-01-20 06:21:51,511 | INFO | Batch 40 | Loss: 0.0277 | Correct: 126/128 | Elapsed Time: 22.53s
2026-01-20 06:22:14,189 | INFO | Batch 50 | Loss: 0.0211 | Correct: 127/128 | Elapsed Time: 22.68s
2026-01-20 06:22:36,772 | INFO | Batch 60 | Loss: 0.0436 | Correct: 125/128 | Elapsed Time: 22.58s
2026-01-20 06:22:59,343 | INFO | Batch 70 | Loss: 0.0458 | Correct: 126/128 | Elapsed Time: 22.57s
2026-01-20 06:23:21,918 | INFO | Batch 80 | Loss: 0.0089 | Correct: 128/128 | Elapsed Time: 22.58s
2026-01-20 06:23:44,486 | INFO | Batch 90 | Loss: 0.0246 | Correct: 127/128 | Elapsed Time: 22.57s
2026-01-20 06:24:07,094 | INFO | Batch 100 | Loss: 0.0065 | Correct: 128/128 | Elapsed Time: 22.61s
2026-01-20 06:24:29,692 | INFO | Batch 110 | Loss: 0.0118 | Correct: 128/128 | Elapsed Time: 22.60s
2026-01-20 06:24:52,297 | INFO | Batch 120 | Loss: 0.0131 | Correct: 128/128 | Elapsed Time: 22.61s
2026-01-20 06:25:14,807 | INFO | Batch 130 | Loss: 0.0139 | Correct: 128/128 | Elapsed Time: 22.51s
2026-01-20 06:25:37,310 | INFO | Batch 140 | Loss: 0.0307 | Correct: 126/128 | Elapsed Time: 22.50s
2026-01-20 06:25:59,833 | INFO | Batch 150 | Loss: 0.0987 | Correct: 122/128 | Elapsed Time: 22.52s
2026-01-20 06:26:22,428 | INFO | Batch 160 | Loss: 0.0215 | Correct: 127/128 | Elapsed Time: 22.59s
2026-01-20 06:26:44,953 | INFO | Batch 170 | Loss: 0.0059 | Correct: 128/128 | Elapsed Time: 22.53s
2026-01-20 06:27:07,482 | INFO | Batch 180 | Loss: 0.0326 | Correct: 128/128 | Elapsed Time: 22.53s
2026-01-20 06:27:30,046 | INFO | Batch 190 | Loss: 0.0245 | Correct: 127/128 | Elapsed Time: 22.56s
2026-01-20 06:27:52,615 | INFO | Batch 200 | Loss: 0.0746 | Correct: 125/128 | Elapsed Time: 22.57s
2026-01-20 06:28:15,188 | INFO | Batch 210 | Loss: 0.0183 | Correct: 127/128 | Elapsed Time: 22.57s
2026-01-20 06:28:37,758 | INFO | Batch 220 | Loss: 0.0300 | Correct: 127/128 | Elapsed Time: 22.57s
2026-01-20 06:29:00,349 | INFO | Batch 230 | Loss: 0.0319 | Correct: 125/128 | Elapsed Time: 22.59s
2026-01-20 06:29:22,984 | INFO | Batch 240 | Loss: 0.0270 | Correct: 126/128 | Elapsed Time: 22.63s
2026-01-20 06:29:45,528 | INFO | Batch 250 | Loss: 0.0286 | Correct: 128/128 | Elapsed Time: 22.54s
2026-01-20 06:30:08,088 | INFO | Batch 260 | Loss: 0.0239 | Correct: 127/128 | Elapsed Time: 22.56s
2026-01-20 06:30:30,679 | INFO | Batch 270 | Loss: 0.0621 | Correct: 125/128 | Elapsed Time: 22.59s
2026-01-20 06:30:53,217 | INFO | Batch 280 | Loss: 0.0294 | Correct: 126/128 | Elapsed Time: 22.54s
2026-01-20 06:31:15,756 | INFO | Batch 290 | Loss: 0.0135 | Correct: 128/128 | Elapsed Time: 22.54s
2026-01-20 06:31:38,318 | INFO | Batch 300 | Loss: 0.0337 | Correct: 127/128 | Elapsed Time: 22.56s
2026-01-20 06:32:00,875 | INFO | Batch 310 | Loss: 0.0386 | Correct: 127/128 | Elapsed Time: 22.56s
2026-01-20 06:32:23,381 | INFO | Batch 320 | Loss: 0.0622 | Correct: 124/128 | Elapsed Time: 22.51s
2026-01-20 06:32:46,031 | INFO | Batch 330 | Loss: 0.0235 | Correct: 127/128 | Elapsed Time: 22.65s
2026-01-20 06:33:08,600 | INFO | Batch 340 | Loss: 0.0062 | Correct: 128/128 | Elapsed Time: 22.57s
2026-01-20 06:33:31,175 | INFO | Batch 350 | Loss: 0.0131 | Correct: 128/128 | Elapsed Time: 22.57s
2026-01-20 06:33:53,694 | INFO | Batch 360 | Loss: 0.0086 | Correct: 128/128 | Elapsed Time: 22.52s
2026-01-20 06:34:16,223 | INFO | Batch 370 | Loss: 0.0277 | Correct: 126/128 | Elapsed Time: 22.53s
2026-01-20 06:34:38,763 | INFO | Batch 380 | Loss: 0.0369 | Correct: 126/128 | Elapsed Time: 22.54s
2026-01-20 06:35:01,330 | INFO | Batch 390 | Loss: 0.0192 | Correct: 127/128 | Elapsed Time: 22.57s
2026-01-20 06:35:02,792 | INFO | Epoch [84/100] - Loss: 0.0308 | Correct: 49470/50000 (98.94%, 881.39s)
2026-01-20 06:36:17,156 | INFO | Validation - Loss: 0.3479 | Correct: 9150/10000 (91.50%) (74.36s)
2026-01-20 06:36:39,898 | INFO | Batch 10 | Loss: 0.0155 | Correct: 128/128 | Elapsed Time: 22.74s
2026-01-20 06:37:02,517 | INFO | Batch 20 | Loss: 0.0909 | Correct: 125/128 | Elapsed Time: 22.62s
2026-01-20 06:37:24,988 | INFO | Batch 30 | Loss: 0.0197 | Correct: 127/128 | Elapsed Time: 22.47s
2026-01-20 06:37:47,535 | INFO | Batch 40 | Loss: 0.0806 | Correct: 124/128 | Elapsed Time: 22.55s
2026-01-20 06:38:10,093 | INFO | Batch 50 | Loss: 0.0714 | Correct: 127/128 | Elapsed Time: 22.56s
2026-01-20 06:38:32,669 | INFO | Batch 60 | Loss: 0.0262 | Correct: 127/128 | Elapsed Time: 22.58s
2026-01-20 06:38:55,225 | INFO | Batch 70 | Loss: 0.0195 | Correct: 128/128 | Elapsed Time: 22.56s
2026-01-20 06:39:17,848 | INFO | Batch 80 | Loss: 0.0304 | Correct: 127/128 | Elapsed Time: 22.62s
2026-01-20 06:39:40,495 | INFO | Batch 90 | Loss: 0.0117 | Correct: 128/128 | Elapsed Time: 22.65s
2026-01-20 06:40:03,057 | INFO | Batch 100 | Loss: 0.0218 | Correct: 127/128 | Elapsed Time: 22.56s
2026-01-20 06:40:25,591 | INFO | Batch 110 | Loss: 0.0090 | Correct: 128/128 | Elapsed Time: 22.53s
2026-01-20 06:40:48,103 | INFO | Batch 120 | Loss: 0.0078 | Correct: 128/128 | Elapsed Time: 22.51s
2026-01-20 06:41:10,664 | INFO | Batch 130 | Loss: 0.0628 | Correct: 125/128 | Elapsed Time: 22.56s
2026-01-20 06:41:33,171 | INFO | Batch 140 | Loss: 0.0672 | Correct: 124/128 | Elapsed Time: 22.51s
2026-01-20 06:41:55,785 | INFO | Batch 150 | Loss: 0.0069 | Correct: 128/128 | Elapsed Time: 22.61s
2026-01-20 06:42:18,329 | INFO | Batch 160 | Loss: 0.0351 | Correct: 126/128 | Elapsed Time: 22.54s
2026-01-20 06:42:40,877 | INFO | Batch 170 | Loss: 0.0256 | Correct: 127/128 | Elapsed Time: 22.55s
2026-01-20 06:43:03,403 | INFO | Batch 180 | Loss: 0.0353 | Correct: 126/128 | Elapsed Time: 22.53s
2026-01-20 06:43:25,917 | INFO | Batch 190 | Loss: 0.0189 | Correct: 128/128 | Elapsed Time: 22.51s
2026-01-20 06:43:48,409 | INFO | Batch 200 | Loss: 0.0286 | Correct: 127/128 | Elapsed Time: 22.49s
2026-01-20 06:44:10,963 | INFO | Batch 210 | Loss: 0.0787 | Correct: 124/128 | Elapsed Time: 22.55s
2026-01-20 06:44:33,582 | INFO | Batch 220 | Loss: 0.0362 | Correct: 126/128 | Elapsed Time: 22.62s
2026-01-20 06:44:56,114 | INFO | Batch 230 | Loss: 0.0185 | Correct: 127/128 | Elapsed Time: 22.53s
2026-01-20 06:45:18,606 | INFO | Batch 240 | Loss: 0.0216 | Correct: 127/128 | Elapsed Time: 22.49s
2026-01-20 06:45:41,143 | INFO | Batch 250 | Loss: 0.0229 | Correct: 127/128 | Elapsed Time: 22.54s
2026-01-20 06:46:03,724 | INFO | Batch 260 | Loss: 0.0370 | Correct: 126/128 | Elapsed Time: 22.58s
2026-01-20 06:46:26,283 | INFO | Batch 270 | Loss: 0.0346 | Correct: 126/128 | Elapsed Time: 22.56s
2026-01-20 06:46:48,866 | INFO | Batch 280 | Loss: 0.0701 | Correct: 124/128 | Elapsed Time: 22.58s
2026-01-20 06:47:11,439 | INFO | Batch 290 | Loss: 0.0217 | Correct: 127/128 | Elapsed Time: 22.57s
2026-01-20 06:47:33,929 | INFO | Batch 300 | Loss: 0.0400 | Correct: 127/128 | Elapsed Time: 22.49s
2026-01-20 06:47:56,474 | INFO | Batch 310 | Loss: 0.0170 | Correct: 128/128 | Elapsed Time: 22.54s
2026-01-20 06:48:18,969 | INFO | Batch 320 | Loss: 0.0179 | Correct: 127/128 | Elapsed Time: 22.49s
2026-01-20 06:48:41,474 | INFO | Batch 330 | Loss: 0.0370 | Correct: 127/128 | Elapsed Time: 22.51s
2026-01-20 06:49:03,999 | INFO | Batch 340 | Loss: 0.0393 | Correct: 126/128 | Elapsed Time: 22.52s
2026-01-20 06:49:26,562 | INFO | Batch 350 | Loss: 0.0243 | Correct: 127/128 | Elapsed Time: 22.56s
2026-01-20 06:49:49,178 | INFO | Batch 360 | Loss: 0.0110 | Correct: 127/128 | Elapsed Time: 22.62s
2026-01-20 06:50:11,711 | INFO | Batch 370 | Loss: 0.0691 | Correct: 123/128 | Elapsed Time: 22.53s
2026-01-20 06:50:34,210 | INFO | Batch 380 | Loss: 0.0487 | Correct: 125/128 | Elapsed Time: 22.50s
2026-01-20 06:50:56,707 | INFO | Batch 390 | Loss: 0.0056 | Correct: 128/128 | Elapsed Time: 22.50s
2026-01-20 06:50:58,177 | INFO | Epoch [85/100] - Loss: 0.0315 | Correct: 49454/50000 (98.91%, 881.02s)
2026-01-20 06:52:12,341 | INFO | Validation - Loss: 0.3458 | Correct: 9152/10000 (91.52%) (74.16s)
2026-01-20 06:52:34,920 | INFO | Batch 10 | Loss: 0.0385 | Correct: 125/128 | Elapsed Time: 22.57s
2026-01-20 06:52:57,490 | INFO | Batch 20 | Loss: 0.0117 | Correct: 128/128 | Elapsed Time: 22.57s
2026-01-20 06:53:20,069 | INFO | Batch 30 | Loss: 0.0084 | Correct: 128/128 | Elapsed Time: 22.58s
2026-01-20 06:53:42,641 | INFO | Batch 40 | Loss: 0.0070 | Correct: 128/128 | Elapsed Time: 22.57s
2026-01-20 06:54:05,241 | INFO | Batch 50 | Loss: 0.0329 | Correct: 127/128 | Elapsed Time: 22.60s
2026-01-20 06:54:27,790 | INFO | Batch 60 | Loss: 0.0083 | Correct: 128/128 | Elapsed Time: 22.55s
2026-01-20 06:54:50,345 | INFO | Batch 70 | Loss: 0.0249 | Correct: 126/128 | Elapsed Time: 22.56s
2026-01-20 06:55:12,907 | INFO | Batch 80 | Loss: 0.0252 | Correct: 127/128 | Elapsed Time: 22.56s
2026-01-20 06:55:35,485 | INFO | Batch 90 | Loss: 0.0180 | Correct: 127/128 | Elapsed Time: 22.58s
2026-01-20 06:55:58,090 | INFO | Batch 100 | Loss: 0.0093 | Correct: 128/128 | Elapsed Time: 22.60s
2026-01-20 06:56:20,642 | INFO | Batch 110 | Loss: 0.0347 | Correct: 127/128 | Elapsed Time: 22.55s
2026-01-20 06:56:43,160 | INFO | Batch 120 | Loss: 0.0223 | Correct: 127/128 | Elapsed Time: 22.52s
2026-01-20 06:57:05,684 | INFO | Batch 130 | Loss: 0.0630 | Correct: 126/128 | Elapsed Time: 22.52s
2026-01-20 06:57:28,168 | INFO | Batch 140 | Loss: 0.0367 | Correct: 127/128 | Elapsed Time: 22.48s
2026-01-20 06:57:50,722 | INFO | Batch 150 | Loss: 0.0142 | Correct: 127/128 | Elapsed Time: 22.55s
2026-01-20 06:58:13,264 | INFO | Batch 160 | Loss: 0.0290 | Correct: 127/128 | Elapsed Time: 22.54s
2026-01-20 06:58:35,821 | INFO | Batch 170 | Loss: 0.0180 | Correct: 128/128 | Elapsed Time: 22.56s
2026-01-20 06:58:58,309 | INFO | Batch 180 | Loss: 0.0176 | Correct: 128/128 | Elapsed Time: 22.49s
2026-01-20 06:59:20,858 | INFO | Batch 190 | Loss: 0.0102 | Correct: 128/128 | Elapsed Time: 22.55s
2026-01-20 06:59:43,351 | INFO | Batch 200 | Loss: 0.0316 | Correct: 127/128 | Elapsed Time: 22.49s
2026-01-20 07:00:05,841 | INFO | Batch 210 | Loss: 0.0519 | Correct: 126/128 | Elapsed Time: 22.49s
2026-01-20 07:00:28,384 | INFO | Batch 220 | Loss: 0.0546 | Correct: 125/128 | Elapsed Time: 22.54s
2026-01-20 07:00:50,965 | INFO | Batch 230 | Loss: 0.0784 | Correct: 125/128 | Elapsed Time: 22.58s
2026-01-20 07:01:13,570 | INFO | Batch 240 | Loss: 0.0236 | Correct: 127/128 | Elapsed Time: 22.60s
2026-01-20 07:01:36,145 | INFO | Batch 250 | Loss: 0.0607 | Correct: 125/128 | Elapsed Time: 22.58s
2026-01-20 07:01:58,664 | INFO | Batch 260 | Loss: 0.0178 | Correct: 128/128 | Elapsed Time: 22.52s
2026-01-20 07:02:21,214 | INFO | Batch 270 | Loss: 0.0390 | Correct: 127/128 | Elapsed Time: 22.55s
2026-01-20 07:02:43,750 | INFO | Batch 280 | Loss: 0.0099 | Correct: 128/128 | Elapsed Time: 22.54s
2026-01-20 07:03:06,281 | INFO | Batch 290 | Loss: 0.0232 | Correct: 127/128 | Elapsed Time: 22.53s
2026-01-20 07:03:28,844 | INFO | Batch 300 | Loss: 0.0157 | Correct: 128/128 | Elapsed Time: 22.56s
2026-01-20 07:03:51,436 | INFO | Batch 310 | Loss: 0.0173 | Correct: 127/128 | Elapsed Time: 22.59s
2026-01-20 07:04:13,964 | INFO | Batch 320 | Loss: 0.0092 | Correct: 128/128 | Elapsed Time: 22.53s
2026-01-20 07:04:36,470 | INFO | Batch 330 | Loss: 0.0166 | Correct: 127/128 | Elapsed Time: 22.51s
2026-01-20 07:04:58,964 | INFO | Batch 340 | Loss: 0.0118 | Correct: 128/128 | Elapsed Time: 22.49s
2026-01-20 07:05:21,516 | INFO | Batch 350 | Loss: 0.0506 | Correct: 126/128 | Elapsed Time: 22.55s
2026-01-20 07:05:44,062 | INFO | Batch 360 | Loss: 0.0183 | Correct: 127/128 | Elapsed Time: 22.55s
2026-01-20 07:06:06,625 | INFO | Batch 370 | Loss: 0.0095 | Correct: 128/128 | Elapsed Time: 22.56s
2026-01-20 07:06:29,186 | INFO | Batch 380 | Loss: 0.0229 | Correct: 128/128 | Elapsed Time: 22.56s
2026-01-20 07:06:51,683 | INFO | Batch 390 | Loss: 0.0147 | Correct: 127/128 | Elapsed Time: 22.50s
2026-01-20 07:06:53,156 | INFO | Epoch [86/100] - Loss: 0.0305 | Correct: 49495/50000 (98.99%, 880.81s)
2026-01-20 07:08:07,276 | INFO | Validation - Loss: 0.3465 | Correct: 9161/10000 (91.61%) (74.12s)
2026-01-20 07:08:07,477 | INFO | New best model saved at epoch 86 with Top1 Acc: 91.61%
2026-01-20 07:08:30,128 | INFO | Batch 10 | Loss: 0.0451 | Correct: 124/128 | Elapsed Time: 22.65s
2026-01-20 07:08:52,706 | INFO | Batch 20 | Loss: 0.0089 | Correct: 128/128 | Elapsed Time: 22.58s
2026-01-20 07:09:15,256 | INFO | Batch 30 | Loss: 0.0049 | Correct: 128/128 | Elapsed Time: 22.55s
2026-01-20 07:09:37,928 | INFO | Batch 40 | Loss: 0.0083 | Correct: 128/128 | Elapsed Time: 22.67s
2026-01-20 07:10:00,509 | INFO | Batch 50 | Loss: 0.0494 | Correct: 126/128 | Elapsed Time: 22.58s
2026-01-20 07:10:23,063 | INFO | Batch 60 | Loss: 0.0236 | Correct: 128/128 | Elapsed Time: 22.55s
2026-01-20 07:10:45,627 | INFO | Batch 70 | Loss: 0.0065 | Correct: 128/128 | Elapsed Time: 22.56s
2026-01-20 07:11:08,154 | INFO | Batch 80 | Loss: 0.0441 | Correct: 127/128 | Elapsed Time: 22.53s
2026-01-20 07:11:30,682 | INFO | Batch 90 | Loss: 0.0109 | Correct: 128/128 | Elapsed Time: 22.53s
2026-01-20 07:11:53,160 | INFO | Batch 100 | Loss: 0.0252 | Correct: 126/128 | Elapsed Time: 22.48s
2026-01-20 07:12:15,770 | INFO | Batch 110 | Loss: 0.0098 | Correct: 128/128 | Elapsed Time: 22.61s
2026-01-20 07:12:38,320 | INFO | Batch 120 | Loss: 0.0057 | Correct: 128/128 | Elapsed Time: 22.55s
2026-01-20 07:13:00,865 | INFO | Batch 130 | Loss: 0.0519 | Correct: 125/128 | Elapsed Time: 22.54s
2026-01-20 07:13:23,382 | INFO | Batch 140 | Loss: 0.0120 | Correct: 128/128 | Elapsed Time: 22.52s
2026-01-20 07:13:45,976 | INFO | Batch 150 | Loss: 0.0175 | Correct: 128/128 | Elapsed Time: 22.59s
2026-01-20 07:14:08,533 | INFO | Batch 160 | Loss: 0.0216 | Correct: 127/128 | Elapsed Time: 22.56s
2026-01-20 07:14:31,053 | INFO | Batch 170 | Loss: 0.0422 | Correct: 126/128 | Elapsed Time: 22.52s
2026-01-20 07:14:53,634 | INFO | Batch 180 | Loss: 0.0272 | Correct: 127/128 | Elapsed Time: 22.58s
2026-01-20 07:15:16,153 | INFO | Batch 190 | Loss: 0.0359 | Correct: 127/128 | Elapsed Time: 22.52s
2026-01-20 07:15:38,661 | INFO | Batch 200 | Loss: 0.0607 | Correct: 124/128 | Elapsed Time: 22.51s
2026-01-20 07:16:01,160 | INFO | Batch 210 | Loss: 0.0319 | Correct: 127/128 | Elapsed Time: 22.50s
2026-01-20 07:16:23,699 | INFO | Batch 220 | Loss: 0.0369 | Correct: 126/128 | Elapsed Time: 22.54s
2026-01-20 07:16:46,267 | INFO | Batch 230 | Loss: 0.0066 | Correct: 128/128 | Elapsed Time: 22.57s
2026-01-20 07:17:08,746 | INFO | Batch 240 | Loss: 0.0051 | Correct: 128/128 | Elapsed Time: 22.48s
2026-01-20 07:17:31,294 | INFO | Batch 250 | Loss: 0.0333 | Correct: 126/128 | Elapsed Time: 22.55s
2026-01-20 07:17:53,832 | INFO | Batch 260 | Loss: 0.0268 | Correct: 127/128 | Elapsed Time: 22.54s
2026-01-20 07:18:16,337 | INFO | Batch 270 | Loss: 0.0058 | Correct: 128/128 | Elapsed Time: 22.51s
2026-01-20 07:18:38,838 | INFO | Batch 280 | Loss: 0.0088 | Correct: 128/128 | Elapsed Time: 22.50s
2026-01-20 07:19:01,290 | INFO | Batch 290 | Loss: 0.0394 | Correct: 126/128 | Elapsed Time: 22.45s
2026-01-20 07:19:23,770 | INFO | Batch 300 | Loss: 0.0259 | Correct: 127/128 | Elapsed Time: 22.48s
2026-01-20 07:19:46,312 | INFO | Batch 310 | Loss: 0.0195 | Correct: 127/128 | Elapsed Time: 22.54s
2026-01-20 07:20:08,900 | INFO | Batch 320 | Loss: 0.0106 | Correct: 128/128 | Elapsed Time: 22.59s
2026-01-20 07:20:31,413 | INFO | Batch 330 | Loss: 0.0179 | Correct: 128/128 | Elapsed Time: 22.51s
2026-01-20 07:20:53,953 | INFO | Batch 340 | Loss: 0.0686 | Correct: 126/128 | Elapsed Time: 22.54s
2026-01-20 07:21:16,454 | INFO | Batch 350 | Loss: 0.0247 | Correct: 126/128 | Elapsed Time: 22.50s
2026-01-20 07:21:39,050 | INFO | Batch 360 | Loss: 0.0306 | Correct: 126/128 | Elapsed Time: 22.60s
2026-01-20 07:22:01,595 | INFO | Batch 370 | Loss: 0.0774 | Correct: 125/128 | Elapsed Time: 22.54s
2026-01-20 07:22:24,147 | INFO | Batch 380 | Loss: 0.0211 | Correct: 128/128 | Elapsed Time: 22.55s
2026-01-20 07:22:46,748 | INFO | Batch 390 | Loss: 0.0456 | Correct: 127/128 | Elapsed Time: 22.60s
2026-01-20 07:22:48,214 | INFO | Epoch [87/100] - Loss: 0.0282 | Correct: 49517/50000 (99.03%, 880.74s)
2026-01-20 07:24:02,512 | INFO | Validation - Loss: 0.3484 | Correct: 9150/10000 (91.50%) (74.30s)
2026-01-20 07:24:25,165 | INFO | Batch 10 | Loss: 0.0187 | Correct: 128/128 | Elapsed Time: 22.65s
2026-01-20 07:24:47,819 | INFO | Batch 20 | Loss: 0.0217 | Correct: 127/128 | Elapsed Time: 22.65s
2026-01-20 07:25:10,389 | INFO | Batch 30 | Loss: 0.0224 | Correct: 127/128 | Elapsed Time: 22.57s
2026-01-20 07:25:32,898 | INFO | Batch 40 | Loss: 0.0146 | Correct: 128/128 | Elapsed Time: 22.51s
2026-01-20 07:25:55,438 | INFO | Batch 50 | Loss: 0.0290 | Correct: 127/128 | Elapsed Time: 22.54s
2026-01-20 07:26:18,092 | INFO | Batch 60 | Loss: 0.0589 | Correct: 126/128 | Elapsed Time: 22.65s
2026-01-20 07:26:40,693 | INFO | Batch 70 | Loss: 0.0394 | Correct: 126/128 | Elapsed Time: 22.60s
2026-01-20 07:27:03,259 | INFO | Batch 80 | Loss: 0.0500 | Correct: 126/128 | Elapsed Time: 22.57s
2026-01-20 07:27:25,791 | INFO | Batch 90 | Loss: 0.0361 | Correct: 127/128 | Elapsed Time: 22.53s
2026-01-20 07:27:48,356 | INFO | Batch 100 | Loss: 0.0840 | Correct: 126/128 | Elapsed Time: 22.57s
2026-01-20 07:28:10,909 | INFO | Batch 110 | Loss: 0.0326 | Correct: 127/128 | Elapsed Time: 22.55s
2026-01-20 07:28:33,466 | INFO | Batch 120 | Loss: 0.0367 | Correct: 126/128 | Elapsed Time: 22.56s
2026-01-20 07:28:56,062 | INFO | Batch 130 | Loss: 0.0311 | Correct: 126/128 | Elapsed Time: 22.60s
2026-01-20 07:29:18,570 | INFO | Batch 140 | Loss: 0.0140 | Correct: 128/128 | Elapsed Time: 22.51s
2026-01-20 07:29:41,137 | INFO | Batch 150 | Loss: 0.0485 | Correct: 127/128 | Elapsed Time: 22.57s
2026-01-20 07:30:03,656 | INFO | Batch 160 | Loss: 0.0324 | Correct: 127/128 | Elapsed Time: 22.52s
2026-01-20 07:30:26,157 | INFO | Batch 170 | Loss: 0.0574 | Correct: 126/128 | Elapsed Time: 22.50s
2026-01-20 07:30:48,688 | INFO | Batch 180 | Loss: 0.0193 | Correct: 127/128 | Elapsed Time: 22.53s
2026-01-20 07:31:11,223 | INFO | Batch 190 | Loss: 0.0323 | Correct: 127/128 | Elapsed Time: 22.54s
2026-01-20 07:31:33,790 | INFO | Batch 200 | Loss: 0.0327 | Correct: 127/128 | Elapsed Time: 22.57s
2026-01-20 07:31:56,290 | INFO | Batch 210 | Loss: 0.0743 | Correct: 122/128 | Elapsed Time: 22.50s
2026-01-20 07:32:18,817 | INFO | Batch 220 | Loss: 0.0478 | Correct: 125/128 | Elapsed Time: 22.53s
2026-01-20 07:32:41,322 | INFO | Batch 230 | Loss: 0.0518 | Correct: 126/128 | Elapsed Time: 22.50s
2026-01-20 07:33:03,867 | INFO | Batch 240 | Loss: 0.0212 | Correct: 127/128 | Elapsed Time: 22.55s
2026-01-20 07:33:26,426 | INFO | Batch 250 | Loss: 0.0204 | Correct: 127/128 | Elapsed Time: 22.56s
2026-01-20 07:33:48,937 | INFO | Batch 260 | Loss: 0.0738 | Correct: 124/128 | Elapsed Time: 22.51s
2026-01-20 07:34:11,479 | INFO | Batch 270 | Loss: 0.0109 | Correct: 128/128 | Elapsed Time: 22.54s
2026-01-20 07:34:34,007 | INFO | Batch 280 | Loss: 0.0484 | Correct: 126/128 | Elapsed Time: 22.53s
2026-01-20 07:34:56,584 | INFO | Batch 290 | Loss: 0.0188 | Correct: 126/128 | Elapsed Time: 22.58s
2026-01-20 07:35:19,098 | INFO | Batch 300 | Loss: 0.0362 | Correct: 127/128 | Elapsed Time: 22.51s
2026-01-20 07:35:41,665 | INFO | Batch 310 | Loss: 0.0250 | Correct: 127/128 | Elapsed Time: 22.57s
2026-01-20 07:36:04,190 | INFO | Batch 320 | Loss: 0.0323 | Correct: 126/128 | Elapsed Time: 22.53s
2026-01-20 07:36:26,688 | INFO | Batch 330 | Loss: 0.0274 | Correct: 127/128 | Elapsed Time: 22.50s
2026-01-20 07:36:49,316 | INFO | Batch 340 | Loss: 0.0120 | Correct: 128/128 | Elapsed Time: 22.63s
2026-01-20 07:37:11,878 | INFO | Batch 350 | Loss: 0.0229 | Correct: 127/128 | Elapsed Time: 22.56s
2026-01-20 07:37:34,388 | INFO | Batch 360 | Loss: 0.0504 | Correct: 125/128 | Elapsed Time: 22.51s
2026-01-20 07:37:56,923 | INFO | Batch 370 | Loss: 0.0190 | Correct: 128/128 | Elapsed Time: 22.53s
2026-01-20 07:38:19,419 | INFO | Batch 380 | Loss: 0.0478 | Correct: 127/128 | Elapsed Time: 22.50s
2026-01-20 07:38:41,950 | INFO | Batch 390 | Loss: 0.0149 | Correct: 127/128 | Elapsed Time: 22.53s
2026-01-20 07:38:43,428 | INFO | Epoch [88/100] - Loss: 0.0304 | Correct: 49511/50000 (99.02%, 880.91s)
2026-01-20 07:39:57,691 | INFO | Validation - Loss: 0.3462 | Correct: 9155/10000 (91.55%) (74.26s)
2026-01-20 07:40:20,372 | INFO | Batch 10 | Loss: 0.0253 | Correct: 127/128 | Elapsed Time: 22.68s
2026-01-20 07:40:42,892 | INFO | Batch 20 | Loss: 0.0170 | Correct: 128/128 | Elapsed Time: 22.52s
2026-01-20 07:41:05,452 | INFO | Batch 30 | Loss: 0.1155 | Correct: 124/128 | Elapsed Time: 22.56s
2026-01-20 07:41:28,078 | INFO | Batch 40 | Loss: 0.0075 | Correct: 128/128 | Elapsed Time: 22.63s
2026-01-20 07:41:50,644 | INFO | Batch 50 | Loss: 0.0320 | Correct: 127/128 | Elapsed Time: 22.57s
2026-01-20 07:42:13,162 | INFO | Batch 60 | Loss: 0.0302 | Correct: 126/128 | Elapsed Time: 22.52s
2026-01-20 07:42:35,834 | INFO | Batch 70 | Loss: 0.0369 | Correct: 127/128 | Elapsed Time: 22.67s
2026-01-20 07:42:58,424 | INFO | Batch 80 | Loss: 0.0162 | Correct: 128/128 | Elapsed Time: 22.59s
2026-01-20 07:43:20,977 | INFO | Batch 90 | Loss: 0.0142 | Correct: 127/128 | Elapsed Time: 22.55s
2026-01-20 07:43:43,484 | INFO | Batch 100 | Loss: 0.0623 | Correct: 125/128 | Elapsed Time: 22.51s
2026-01-20 07:44:06,035 | INFO | Batch 110 | Loss: 0.0243 | Correct: 127/128 | Elapsed Time: 22.55s
2026-01-20 07:44:28,559 | INFO | Batch 120 | Loss: 0.0221 | Correct: 127/128 | Elapsed Time: 22.52s
2026-01-20 07:44:51,109 | INFO | Batch 130 | Loss: 0.0267 | Correct: 127/128 | Elapsed Time: 22.55s
2026-01-20 07:45:13,755 | INFO | Batch 140 | Loss: 0.0398 | Correct: 125/128 | Elapsed Time: 22.65s
2026-01-20 07:45:36,301 | INFO | Batch 150 | Loss: 0.0255 | Correct: 127/128 | Elapsed Time: 22.55s
2026-01-20 07:45:58,807 | INFO | Batch 160 | Loss: 0.0130 | Correct: 128/128 | Elapsed Time: 22.51s
2026-01-20 07:46:21,379 | INFO | Batch 170 | Loss: 0.0261 | Correct: 127/128 | Elapsed Time: 22.57s
2026-01-20 07:46:43,916 | INFO | Batch 180 | Loss: 0.0728 | Correct: 124/128 | Elapsed Time: 22.54s
2026-01-20 07:47:06,503 | INFO | Batch 190 | Loss: 0.0190 | Correct: 127/128 | Elapsed Time: 22.59s
2026-01-20 07:47:29,023 | INFO | Batch 200 | Loss: 0.0236 | Correct: 127/128 | Elapsed Time: 22.52s
2026-01-20 07:47:51,661 | INFO | Batch 210 | Loss: 0.0150 | Correct: 126/128 | Elapsed Time: 22.64s
2026-01-20 07:48:14,228 | INFO | Batch 220 | Loss: 0.0104 | Correct: 128/128 | Elapsed Time: 22.57s
2026-01-20 07:48:36,738 | INFO | Batch 230 | Loss: 0.0120 | Correct: 128/128 | Elapsed Time: 22.51s
2026-01-20 07:48:59,232 | INFO | Batch 240 | Loss: 0.0485 | Correct: 126/128 | Elapsed Time: 22.49s
2026-01-20 07:49:21,766 | INFO | Batch 250 | Loss: 0.0288 | Correct: 127/128 | Elapsed Time: 22.53s
2026-01-20 07:49:44,341 | INFO | Batch 260 | Loss: 0.0419 | Correct: 125/128 | Elapsed Time: 22.57s
2026-01-20 07:50:06,854 | INFO | Batch 270 | Loss: 0.0075 | Correct: 128/128 | Elapsed Time: 22.51s
2026-01-20 07:50:29,414 | INFO | Batch 280 | Loss: 0.0220 | Correct: 128/128 | Elapsed Time: 22.56s
2026-01-20 07:50:51,936 | INFO | Batch 290 | Loss: 0.0224 | Correct: 127/128 | Elapsed Time: 22.52s
2026-01-20 07:51:14,452 | INFO | Batch 300 | Loss: 0.0082 | Correct: 128/128 | Elapsed Time: 22.52s
2026-01-20 07:51:36,970 | INFO | Batch 310 | Loss: 0.0362 | Correct: 126/128 | Elapsed Time: 22.52s
2026-01-20 07:51:59,452 | INFO | Batch 320 | Loss: 0.0744 | Correct: 124/128 | Elapsed Time: 22.48s
2026-01-20 07:52:21,979 | INFO | Batch 330 | Loss: 0.0253 | Correct: 127/128 | Elapsed Time: 22.53s
2026-01-20 07:52:44,536 | INFO | Batch 340 | Loss: 0.0250 | Correct: 128/128 | Elapsed Time: 22.56s
2026-01-20 07:53:07,137 | INFO | Batch 350 | Loss: 0.0054 | Correct: 128/128 | Elapsed Time: 22.60s
2026-01-20 07:53:29,673 | INFO | Batch 360 | Loss: 0.0328 | Correct: 126/128 | Elapsed Time: 22.54s
2026-01-20 07:53:52,183 | INFO | Batch 370 | Loss: 0.0114 | Correct: 128/128 | Elapsed Time: 22.51s
2026-01-20 07:54:14,736 | INFO | Batch 380 | Loss: 0.0243 | Correct: 128/128 | Elapsed Time: 22.55s
2026-01-20 07:54:37,279 | INFO | Batch 390 | Loss: 0.0059 | Correct: 128/128 | Elapsed Time: 22.54s
2026-01-20 07:54:38,785 | INFO | Epoch [89/100] - Loss: 0.0292 | Correct: 49537/50000 (99.07%, 881.09s)
2026-01-20 07:55:53,217 | INFO | Validation - Loss: 0.3496 | Correct: 9146/10000 (91.46%) (74.43s)
2026-01-20 07:56:15,823 | INFO | Batch 10 | Loss: 0.0101 | Correct: 128/128 | Elapsed Time: 22.60s
2026-01-20 07:56:38,484 | INFO | Batch 20 | Loss: 0.0028 | Correct: 128/128 | Elapsed Time: 22.66s
2026-01-20 07:57:01,071 | INFO | Batch 30 | Loss: 0.0219 | Correct: 127/128 | Elapsed Time: 22.59s
2026-01-20 07:57:23,661 | INFO | Batch 40 | Loss: 0.0228 | Correct: 127/128 | Elapsed Time: 22.59s
2026-01-20 07:57:46,277 | INFO | Batch 50 | Loss: 0.0305 | Correct: 126/128 | Elapsed Time: 22.62s
2026-01-20 07:58:08,864 | INFO | Batch 60 | Loss: 0.0083 | Correct: 128/128 | Elapsed Time: 22.59s
2026-01-20 07:58:31,401 | INFO | Batch 70 | Loss: 0.0322 | Correct: 127/128 | Elapsed Time: 22.54s
2026-01-20 07:58:53,933 | INFO | Batch 80 | Loss: 0.0263 | Correct: 127/128 | Elapsed Time: 22.53s
2026-01-20 07:59:16,545 | INFO | Batch 90 | Loss: 0.0310 | Correct: 126/128 | Elapsed Time: 22.61s
2026-01-20 07:59:39,093 | INFO | Batch 100 | Loss: 0.0360 | Correct: 126/128 | Elapsed Time: 22.55s
2026-01-20 08:00:01,574 | INFO | Batch 110 | Loss: 0.0266 | Correct: 127/128 | Elapsed Time: 22.48s
2026-01-20 08:00:24,046 | INFO | Batch 120 | Loss: 0.0172 | Correct: 127/128 | Elapsed Time: 22.47s
2026-01-20 08:00:46,577 | INFO | Batch 130 | Loss: 0.0194 | Correct: 127/128 | Elapsed Time: 22.53s
2026-01-20 08:01:09,079 | INFO | Batch 140 | Loss: 0.0170 | Correct: 127/128 | Elapsed Time: 22.50s
2026-01-20 08:01:31,545 | INFO | Batch 150 | Loss: 0.0753 | Correct: 125/128 | Elapsed Time: 22.47s
2026-01-20 08:01:54,107 | INFO | Batch 160 | Loss: 0.0140 | Correct: 127/128 | Elapsed Time: 22.56s
2026-01-20 08:02:16,657 | INFO | Batch 170 | Loss: 0.0519 | Correct: 126/128 | Elapsed Time: 22.55s
2026-01-20 08:02:39,168 | INFO | Batch 180 | Loss: 0.0050 | Correct: 128/128 | Elapsed Time: 22.51s
2026-01-20 08:03:01,643 | INFO | Batch 190 | Loss: 0.0282 | Correct: 126/128 | Elapsed Time: 22.48s
2026-01-20 08:03:24,170 | INFO | Batch 200 | Loss: 0.0096 | Correct: 128/128 | Elapsed Time: 22.53s
2026-01-20 08:03:46,675 | INFO | Batch 210 | Loss: 0.0046 | Correct: 128/128 | Elapsed Time: 22.51s
2026-01-20 08:04:09,197 | INFO | Batch 220 | Loss: 0.0074 | Correct: 128/128 | Elapsed Time: 22.52s
2026-01-20 08:04:31,696 | INFO | Batch 230 | Loss: 0.0396 | Correct: 126/128 | Elapsed Time: 22.50s
2026-01-20 08:04:54,216 | INFO | Batch 240 | Loss: 0.0392 | Correct: 127/128 | Elapsed Time: 22.52s
2026-01-20 08:05:16,766 | INFO | Batch 250 | Loss: 0.0227 | Correct: 127/128 | Elapsed Time: 22.55s
2026-01-20 08:05:39,293 | INFO | Batch 260 | Loss: 0.0154 | Correct: 128/128 | Elapsed Time: 22.53s
2026-01-20 08:06:01,786 | INFO | Batch 270 | Loss: 0.0140 | Correct: 128/128 | Elapsed Time: 22.49s
2026-01-20 08:06:24,318 | INFO | Batch 280 | Loss: 0.0089 | Correct: 128/128 | Elapsed Time: 22.53s
2026-01-20 08:06:46,920 | INFO | Batch 290 | Loss: 0.0266 | Correct: 127/128 | Elapsed Time: 22.60s
2026-01-20 08:07:09,504 | INFO | Batch 300 | Loss: 0.0153 | Correct: 128/128 | Elapsed Time: 22.58s
2026-01-20 08:07:32,031 | INFO | Batch 310 | Loss: 0.0143 | Correct: 127/128 | Elapsed Time: 22.53s
2026-01-20 08:07:54,585 | INFO | Batch 320 | Loss: 0.0083 | Correct: 128/128 | Elapsed Time: 22.55s
2026-01-20 08:08:17,096 | INFO | Batch 330 | Loss: 0.0278 | Correct: 127/128 | Elapsed Time: 22.51s
2026-01-20 08:08:39,680 | INFO | Batch 340 | Loss: 0.0412 | Correct: 126/128 | Elapsed Time: 22.58s
2026-01-20 08:09:02,234 | INFO | Batch 350 | Loss: 0.0136 | Correct: 128/128 | Elapsed Time: 22.55s
2026-01-20 08:09:24,744 | INFO | Batch 360 | Loss: 0.0202 | Correct: 127/128 | Elapsed Time: 22.51s
2026-01-20 08:09:47,342 | INFO | Batch 370 | Loss: 0.0468 | Correct: 126/128 | Elapsed Time: 22.60s
2026-01-20 08:10:09,932 | INFO | Batch 380 | Loss: 0.0129 | Correct: 128/128 | Elapsed Time: 22.59s
2026-01-20 08:10:32,525 | INFO | Batch 390 | Loss: 0.0871 | Correct: 123/128 | Elapsed Time: 22.59s
2026-01-20 08:10:33,987 | INFO | Epoch [90/100] - Loss: 0.0278 | Correct: 49546/50000 (99.09%, 880.77s)
2026-01-20 08:11:48,272 | INFO | Validation - Loss: 0.3514 | Correct: 9156/10000 (91.56%) (74.28s)
2026-01-20 08:12:10,871 | INFO | Batch 10 | Loss: 0.0283 | Correct: 127/128 | Elapsed Time: 22.60s
2026-01-20 08:12:33,407 | INFO | Batch 20 | Loss: 0.0465 | Correct: 126/128 | Elapsed Time: 22.54s
2026-01-20 08:12:55,894 | INFO | Batch 30 | Loss: 0.0070 | Correct: 128/128 | Elapsed Time: 22.49s
2026-01-20 08:13:18,536 | INFO | Batch 40 | Loss: 0.0694 | Correct: 125/128 | Elapsed Time: 22.64s
2026-01-20 08:13:41,066 | INFO | Batch 50 | Loss: 0.0046 | Correct: 128/128 | Elapsed Time: 22.53s
2026-01-20 08:14:03,602 | INFO | Batch 60 | Loss: 0.0171 | Correct: 128/128 | Elapsed Time: 22.54s
2026-01-20 08:14:26,182 | INFO | Batch 70 | Loss: 0.0252 | Correct: 126/128 | Elapsed Time: 22.58s
2026-01-20 08:14:48,664 | INFO | Batch 80 | Loss: 0.0074 | Correct: 128/128 | Elapsed Time: 22.48s
2026-01-20 08:15:11,192 | INFO | Batch 90 | Loss: 0.0143 | Correct: 128/128 | Elapsed Time: 22.53s
2026-01-20 08:15:33,744 | INFO | Batch 100 | Loss: 0.0728 | Correct: 123/128 | Elapsed Time: 22.55s
2026-01-20 08:15:56,342 | INFO | Batch 110 | Loss: 0.0337 | Correct: 127/128 | Elapsed Time: 22.60s
2026-01-20 08:16:18,916 | INFO | Batch 120 | Loss: 0.0213 | Correct: 127/128 | Elapsed Time: 22.57s
2026-01-20 08:16:41,420 | INFO | Batch 130 | Loss: 0.0645 | Correct: 125/128 | Elapsed Time: 22.50s
2026-01-20 08:17:03,922 | INFO | Batch 140 | Loss: 0.0716 | Correct: 125/128 | Elapsed Time: 22.50s
2026-01-20 08:17:26,470 | INFO | Batch 150 | Loss: 0.0262 | Correct: 127/128 | Elapsed Time: 22.55s
2026-01-20 08:17:48,991 | INFO | Batch 160 | Loss: 0.0130 | Correct: 127/128 | Elapsed Time: 22.52s
2026-01-20 08:18:11,598 | INFO | Batch 170 | Loss: 0.0278 | Correct: 126/128 | Elapsed Time: 22.61s
2026-01-20 08:18:34,229 | INFO | Batch 180 | Loss: 0.0350 | Correct: 126/128 | Elapsed Time: 22.63s
2026-01-20 08:18:56,853 | INFO | Batch 190 | Loss: 0.0448 | Correct: 127/128 | Elapsed Time: 22.62s
2026-01-20 08:19:19,441 | INFO | Batch 200 | Loss: 0.0556 | Correct: 126/128 | Elapsed Time: 22.59s
2026-01-20 08:19:41,962 | INFO | Batch 210 | Loss: 0.0774 | Correct: 125/128 | Elapsed Time: 22.52s
2026-01-20 08:20:04,516 | INFO | Batch 220 | Loss: 0.0160 | Correct: 127/128 | Elapsed Time: 22.55s
2026-01-20 08:20:27,125 | INFO | Batch 230 | Loss: 0.0215 | Correct: 126/128 | Elapsed Time: 22.61s
2026-01-20 08:20:49,691 | INFO | Batch 240 | Loss: 0.0062 | Correct: 128/128 | Elapsed Time: 22.57s
2026-01-20 08:21:12,346 | INFO | Batch 250 | Loss: 0.0321 | Correct: 127/128 | Elapsed Time: 22.65s
2026-01-20 08:21:34,904 | INFO | Batch 260 | Loss: 0.0239 | Correct: 127/128 | Elapsed Time: 22.56s
2026-01-20 08:21:57,516 | INFO | Batch 270 | Loss: 0.0481 | Correct: 126/128 | Elapsed Time: 22.61s
2026-01-20 08:22:20,157 | INFO | Batch 280 | Loss: 0.0202 | Correct: 127/128 | Elapsed Time: 22.64s
2026-01-20 08:22:42,796 | INFO | Batch 290 | Loss: 0.0152 | Correct: 128/128 | Elapsed Time: 22.64s
2026-01-20 08:23:05,396 | INFO | Batch 300 | Loss: 0.0126 | Correct: 127/128 | Elapsed Time: 22.60s
2026-01-20 08:23:27,924 | INFO | Batch 310 | Loss: 0.0331 | Correct: 126/128 | Elapsed Time: 22.53s
2026-01-20 08:23:50,533 | INFO | Batch 320 | Loss: 0.0340 | Correct: 126/128 | Elapsed Time: 22.61s
2026-01-20 08:24:13,121 | INFO | Batch 330 | Loss: 0.0092 | Correct: 128/128 | Elapsed Time: 22.59s
2026-01-20 08:24:35,657 | INFO | Batch 340 | Loss: 0.0246 | Correct: 128/128 | Elapsed Time: 22.54s
2026-01-20 08:24:58,186 | INFO | Batch 350 | Loss: 0.0733 | Correct: 125/128 | Elapsed Time: 22.53s
2026-01-20 08:25:20,730 | INFO | Batch 360 | Loss: 0.0325 | Correct: 126/128 | Elapsed Time: 22.54s
2026-01-20 08:25:43,245 | INFO | Batch 370 | Loss: 0.0543 | Correct: 125/128 | Elapsed Time: 22.52s
2026-01-20 08:26:05,773 | INFO | Batch 380 | Loss: 0.0546 | Correct: 127/128 | Elapsed Time: 22.53s
2026-01-20 08:26:28,404 | INFO | Batch 390 | Loss: 0.0081 | Correct: 128/128 | Elapsed Time: 22.63s
2026-01-20 08:26:29,866 | INFO | Epoch [91/100] - Loss: 0.0276 | Correct: 49539/50000 (99.08%, 881.59s)
2026-01-20 08:27:44,214 | INFO | Validation - Loss: 0.3490 | Correct: 9155/10000 (91.55%) (74.35s)
2026-01-20 08:28:06,808 | INFO | Batch 10 | Loss: 0.0235 | Correct: 127/128 | Elapsed Time: 22.59s
2026-01-20 08:28:29,355 | INFO | Batch 20 | Loss: 0.0080 | Correct: 128/128 | Elapsed Time: 22.55s
2026-01-20 08:28:51,920 | INFO | Batch 30 | Loss: 0.0216 | Correct: 127/128 | Elapsed Time: 22.56s
2026-01-20 08:29:14,454 | INFO | Batch 40 | Loss: 0.0503 | Correct: 126/128 | Elapsed Time: 22.53s
2026-01-20 08:29:36,943 | INFO | Batch 50 | Loss: 0.0199 | Correct: 127/128 | Elapsed Time: 22.49s
2026-01-20 08:29:59,575 | INFO | Batch 60 | Loss: 0.0602 | Correct: 125/128 | Elapsed Time: 22.63s
2026-01-20 08:30:22,150 | INFO | Batch 70 | Loss: 0.0185 | Correct: 127/128 | Elapsed Time: 22.57s
2026-01-20 08:30:44,693 | INFO | Batch 80 | Loss: 0.0325 | Correct: 127/128 | Elapsed Time: 22.54s
2026-01-20 08:31:07,271 | INFO | Batch 90 | Loss: 0.0476 | Correct: 125/128 | Elapsed Time: 22.58s
2026-01-20 08:31:29,857 | INFO | Batch 100 | Loss: 0.0198 | Correct: 127/128 | Elapsed Time: 22.59s
2026-01-20 08:31:52,457 | INFO | Batch 110 | Loss: 0.0137 | Correct: 127/128 | Elapsed Time: 22.60s
2026-01-20 08:32:15,035 | INFO | Batch 120 | Loss: 0.0382 | Correct: 126/128 | Elapsed Time: 22.58s
2026-01-20 08:32:37,601 | INFO | Batch 130 | Loss: 0.0148 | Correct: 128/128 | Elapsed Time: 22.57s
2026-01-20 08:33:00,126 | INFO | Batch 140 | Loss: 0.0221 | Correct: 127/128 | Elapsed Time: 22.52s
2026-01-20 08:33:22,712 | INFO | Batch 150 | Loss: 0.0298 | Correct: 127/128 | Elapsed Time: 22.59s
2026-01-20 08:33:45,220 | INFO | Batch 160 | Loss: 0.0170 | Correct: 128/128 | Elapsed Time: 22.51s
2026-01-20 08:34:07,733 | INFO | Batch 170 | Loss: 0.0200 | Correct: 127/128 | Elapsed Time: 22.51s
2026-01-20 08:34:30,268 | INFO | Batch 180 | Loss: 0.0144 | Correct: 127/128 | Elapsed Time: 22.54s
2026-01-20 08:34:52,931 | INFO | Batch 190 | Loss: 0.0553 | Correct: 125/128 | Elapsed Time: 22.66s
2026-01-20 08:35:15,536 | INFO | Batch 200 | Loss: 0.0580 | Correct: 124/128 | Elapsed Time: 22.61s
2026-01-20 08:35:38,093 | INFO | Batch 210 | Loss: 0.0196 | Correct: 128/128 | Elapsed Time: 22.56s
2026-01-20 08:36:00,610 | INFO | Batch 220 | Loss: 0.0490 | Correct: 126/128 | Elapsed Time: 22.52s
2026-01-20 08:36:23,145 | INFO | Batch 230 | Loss: 0.0144 | Correct: 128/128 | Elapsed Time: 22.53s
2026-01-20 08:36:45,689 | INFO | Batch 240 | Loss: 0.0184 | Correct: 127/128 | Elapsed Time: 22.54s
2026-01-20 08:37:08,243 | INFO | Batch 250 | Loss: 0.0136 | Correct: 128/128 | Elapsed Time: 22.55s
2026-01-20 08:37:30,875 | INFO | Batch 260 | Loss: 0.0515 | Correct: 125/128 | Elapsed Time: 22.63s
2026-01-20 08:37:53,433 | INFO | Batch 270 | Loss: 0.0228 | Correct: 127/128 | Elapsed Time: 22.56s
2026-01-20 08:38:16,033 | INFO | Batch 280 | Loss: 0.0742 | Correct: 125/128 | Elapsed Time: 22.60s
2026-01-20 08:38:38,697 | INFO | Batch 290 | Loss: 0.0048 | Correct: 128/128 | Elapsed Time: 22.66s
2026-01-20 08:39:01,381 | INFO | Batch 300 | Loss: 0.0384 | Correct: 126/128 | Elapsed Time: 22.68s
2026-01-20 08:39:24,001 | INFO | Batch 310 | Loss: 0.0145 | Correct: 127/128 | Elapsed Time: 22.62s
2026-01-20 08:39:46,599 | INFO | Batch 320 | Loss: 0.0203 | Correct: 127/128 | Elapsed Time: 22.60s
2026-01-20 08:40:09,249 | INFO | Batch 330 | Loss: 0.0244 | Correct: 127/128 | Elapsed Time: 22.65s
2026-01-20 08:40:31,874 | INFO | Batch 340 | Loss: 0.0222 | Correct: 127/128 | Elapsed Time: 22.63s
2026-01-20 08:40:54,431 | INFO | Batch 350 | Loss: 0.0277 | Correct: 126/128 | Elapsed Time: 22.56s
2026-01-20 08:41:16,985 | INFO | Batch 360 | Loss: 0.0172 | Correct: 128/128 | Elapsed Time: 22.55s
2026-01-20 08:41:39,579 | INFO | Batch 370 | Loss: 0.0454 | Correct: 127/128 | Elapsed Time: 22.59s
2026-01-20 08:42:02,141 | INFO | Batch 380 | Loss: 0.0380 | Correct: 127/128 | Elapsed Time: 22.56s
2026-01-20 08:42:24,744 | INFO | Batch 390 | Loss: 0.0825 | Correct: 126/128 | Elapsed Time: 22.60s
2026-01-20 08:42:26,206 | INFO | Epoch [92/100] - Loss: 0.0273 | Correct: 49550/50000 (99.10%, 881.99s)
2026-01-20 08:43:40,595 | INFO | Validation - Loss: 0.3483 | Correct: 9160/10000 (91.60%) (74.39s)
2026-01-20 08:44:03,361 | INFO | Batch 10 | Loss: 0.0345 | Correct: 127/128 | Elapsed Time: 22.76s
2026-01-20 08:44:25,922 | INFO | Batch 20 | Loss: 0.0797 | Correct: 125/128 | Elapsed Time: 22.56s
2026-01-20 08:44:48,488 | INFO | Batch 30 | Loss: 0.0141 | Correct: 128/128 | Elapsed Time: 22.57s
2026-01-20 08:45:11,044 | INFO | Batch 40 | Loss: 0.0092 | Correct: 128/128 | Elapsed Time: 22.56s
2026-01-20 08:45:33,615 | INFO | Batch 50 | Loss: 0.0080 | Correct: 128/128 | Elapsed Time: 22.57s
2026-01-20 08:45:56,235 | INFO | Batch 60 | Loss: 0.0372 | Correct: 127/128 | Elapsed Time: 22.62s
2026-01-20 08:46:18,844 | INFO | Batch 70 | Loss: 0.0184 | Correct: 128/128 | Elapsed Time: 22.61s
2026-01-20 08:46:41,444 | INFO | Batch 80 | Loss: 0.0113 | Correct: 127/128 | Elapsed Time: 22.60s
2026-01-20 08:47:03,995 | INFO | Batch 90 | Loss: 0.0134 | Correct: 128/128 | Elapsed Time: 22.55s
2026-01-20 08:47:26,570 | INFO | Batch 100 | Loss: 0.0147 | Correct: 128/128 | Elapsed Time: 22.57s
2026-01-20 08:47:49,138 | INFO | Batch 110 | Loss: 0.0436 | Correct: 125/128 | Elapsed Time: 22.57s
2026-01-20 08:48:11,669 | INFO | Batch 120 | Loss: 0.0180 | Correct: 127/128 | Elapsed Time: 22.53s
2026-01-20 08:48:34,188 | INFO | Batch 130 | Loss: 0.0588 | Correct: 124/128 | Elapsed Time: 22.52s
2026-01-20 08:48:56,768 | INFO | Batch 140 | Loss: 0.0132 | Correct: 127/128 | Elapsed Time: 22.58s
2026-01-20 08:49:19,264 | INFO | Batch 150 | Loss: 0.0160 | Correct: 127/128 | Elapsed Time: 22.50s
2026-01-20 08:49:41,780 | INFO | Batch 160 | Loss: 0.0304 | Correct: 126/128 | Elapsed Time: 22.52s
2026-01-20 08:50:04,386 | INFO | Batch 170 | Loss: 0.0444 | Correct: 127/128 | Elapsed Time: 22.61s
2026-01-20 08:50:26,974 | INFO | Batch 180 | Loss: 0.0143 | Correct: 127/128 | Elapsed Time: 22.59s
2026-01-20 08:50:49,581 | INFO | Batch 190 | Loss: 0.0218 | Correct: 127/128 | Elapsed Time: 22.61s
2026-01-20 08:51:12,216 | INFO | Batch 200 | Loss: 0.0503 | Correct: 126/128 | Elapsed Time: 22.63s
2026-01-20 08:51:34,936 | INFO | Batch 210 | Loss: 0.0240 | Correct: 127/128 | Elapsed Time: 22.72s
2026-01-20 08:51:57,589 | INFO | Batch 220 | Loss: 0.0226 | Correct: 127/128 | Elapsed Time: 22.65s
2026-01-20 08:52:20,197 | INFO | Batch 230 | Loss: 0.0043 | Correct: 128/128 | Elapsed Time: 22.61s
2026-01-20 08:52:42,755 | INFO | Batch 240 | Loss: 0.0154 | Correct: 127/128 | Elapsed Time: 22.56s
2026-01-20 08:53:05,399 | INFO | Batch 250 | Loss: 0.0193 | Correct: 126/128 | Elapsed Time: 22.64s
2026-01-20 08:53:27,984 | INFO | Batch 260 | Loss: 0.0267 | Correct: 126/128 | Elapsed Time: 22.58s
2026-01-20 08:53:50,573 | INFO | Batch 270 | Loss: 0.0249 | Correct: 127/128 | Elapsed Time: 22.59s
2026-01-20 08:54:13,196 | INFO | Batch 280 | Loss: 0.0115 | Correct: 128/128 | Elapsed Time: 22.62s
2026-01-20 08:54:35,756 | INFO | Batch 290 | Loss: 0.0318 | Correct: 126/128 | Elapsed Time: 22.56s
2026-01-20 08:54:58,280 | INFO | Batch 300 | Loss: 0.0230 | Correct: 127/128 | Elapsed Time: 22.52s
2026-01-20 08:55:20,800 | INFO | Batch 310 | Loss: 0.0225 | Correct: 127/128 | Elapsed Time: 22.52s
2026-01-20 08:55:43,384 | INFO | Batch 320 | Loss: 0.0198 | Correct: 127/128 | Elapsed Time: 22.58s
2026-01-20 08:56:05,961 | INFO | Batch 330 | Loss: 0.0731 | Correct: 125/128 | Elapsed Time: 22.58s
2026-01-20 08:56:28,484 | INFO | Batch 340 | Loss: 0.0327 | Correct: 126/128 | Elapsed Time: 22.52s
2026-01-20 08:56:51,108 | INFO | Batch 350 | Loss: 0.0082 | Correct: 128/128 | Elapsed Time: 22.62s
2026-01-20 08:57:13,609 | INFO | Batch 360 | Loss: 0.0556 | Correct: 126/128 | Elapsed Time: 22.50s
2026-01-20 08:57:36,127 | INFO | Batch 370 | Loss: 0.0202 | Correct: 127/128 | Elapsed Time: 22.52s
2026-01-20 08:57:58,669 | INFO | Batch 380 | Loss: 0.0109 | Correct: 128/128 | Elapsed Time: 22.54s
2026-01-20 08:58:21,258 | INFO | Batch 390 | Loss: 0.0399 | Correct: 126/128 | Elapsed Time: 22.59s
2026-01-20 08:58:22,730 | INFO | Epoch [93/100] - Loss: 0.0277 | Correct: 49566/50000 (99.13%, 882.13s)
2026-01-20 08:59:37,112 | INFO | Validation - Loss: 0.3497 | Correct: 9155/10000 (91.55%) (74.38s)
2026-01-20 08:59:59,816 | INFO | Batch 10 | Loss: 0.0537 | Correct: 126/128 | Elapsed Time: 22.70s
2026-01-20 09:00:22,483 | INFO | Batch 20 | Loss: 0.0304 | Correct: 126/128 | Elapsed Time: 22.67s
2026-01-20 09:00:45,198 | INFO | Batch 30 | Loss: 0.0431 | Correct: 125/128 | Elapsed Time: 22.72s
2026-01-20 09:01:07,851 | INFO | Batch 40 | Loss: 0.0178 | Correct: 127/128 | Elapsed Time: 22.65s
2026-01-20 09:01:30,484 | INFO | Batch 50 | Loss: 0.0084 | Correct: 128/128 | Elapsed Time: 22.63s
2026-01-20 09:01:53,066 | INFO | Batch 60 | Loss: 0.0166 | Correct: 127/128 | Elapsed Time: 22.58s
2026-01-20 09:02:15,728 | INFO | Batch 70 | Loss: 0.0480 | Correct: 127/128 | Elapsed Time: 22.66s
2026-01-20 09:02:38,319 | INFO | Batch 80 | Loss: 0.0374 | Correct: 127/128 | Elapsed Time: 22.59s
2026-01-20 09:03:00,984 | INFO | Batch 90 | Loss: 0.0090 | Correct: 128/128 | Elapsed Time: 22.67s
2026-01-20 09:03:23,668 | INFO | Batch 100 | Loss: 0.0239 | Correct: 127/128 | Elapsed Time: 22.68s
2026-01-20 09:03:46,303 | INFO | Batch 110 | Loss: 0.0326 | Correct: 126/128 | Elapsed Time: 22.64s
2026-01-20 09:04:08,888 | INFO | Batch 120 | Loss: 0.0217 | Correct: 127/128 | Elapsed Time: 22.58s
2026-01-20 09:04:31,443 | INFO | Batch 130 | Loss: 0.0182 | Correct: 127/128 | Elapsed Time: 22.55s
2026-01-20 09:04:54,012 | INFO | Batch 140 | Loss: 0.0484 | Correct: 127/128 | Elapsed Time: 22.57s
2026-01-20 09:05:16,616 | INFO | Batch 150 | Loss: 0.0248 | Correct: 127/128 | Elapsed Time: 22.60s
2026-01-20 09:05:39,183 | INFO | Batch 160 | Loss: 0.0157 | Correct: 128/128 | Elapsed Time: 22.57s
2026-01-20 09:06:01,794 | INFO | Batch 170 | Loss: 0.0101 | Correct: 128/128 | Elapsed Time: 22.61s
2026-01-20 09:06:24,377 | INFO | Batch 180 | Loss: 0.0329 | Correct: 127/128 | Elapsed Time: 22.58s
2026-01-20 09:06:46,912 | INFO | Batch 190 | Loss: 0.0270 | Correct: 126/128 | Elapsed Time: 22.54s
2026-01-20 09:07:09,434 | INFO | Batch 200 | Loss: 0.0179 | Correct: 127/128 | Elapsed Time: 22.52s
2026-01-20 09:07:31,983 | INFO | Batch 210 | Loss: 0.0566 | Correct: 126/128 | Elapsed Time: 22.55s
2026-01-20 09:07:54,553 | INFO | Batch 220 | Loss: 0.0410 | Correct: 126/128 | Elapsed Time: 22.57s
2026-01-20 09:08:17,104 | INFO | Batch 230 | Loss: 0.0441 | Correct: 126/128 | Elapsed Time: 22.55s
2026-01-20 09:08:39,745 | INFO | Batch 240 | Loss: 0.0210 | Correct: 127/128 | Elapsed Time: 22.64s
2026-01-20 09:09:02,340 | INFO | Batch 250 | Loss: 0.0088 | Correct: 128/128 | Elapsed Time: 22.59s
2026-01-20 09:09:24,878 | INFO | Batch 260 | Loss: 0.0315 | Correct: 127/128 | Elapsed Time: 22.54s
2026-01-20 09:09:47,412 | INFO | Batch 270 | Loss: 0.0271 | Correct: 127/128 | Elapsed Time: 22.53s
2026-01-20 09:10:09,931 | INFO | Batch 280 | Loss: 0.0163 | Correct: 128/128 | Elapsed Time: 22.52s
2026-01-20 09:10:32,428 | INFO | Batch 290 | Loss: 0.0104 | Correct: 128/128 | Elapsed Time: 22.50s
2026-01-20 09:10:54,918 | INFO | Batch 300 | Loss: 0.0073 | Correct: 128/128 | Elapsed Time: 22.49s
2026-01-20 09:11:17,543 | INFO | Batch 310 | Loss: 0.0102 | Correct: 128/128 | Elapsed Time: 22.62s
2026-01-20 09:11:40,068 | INFO | Batch 320 | Loss: 0.0667 | Correct: 124/128 | Elapsed Time: 22.53s
2026-01-20 09:12:02,641 | INFO | Batch 330 | Loss: 0.0441 | Correct: 125/128 | Elapsed Time: 22.57s
2026-01-20 09:12:25,155 | INFO | Batch 340 | Loss: 0.0597 | Correct: 125/128 | Elapsed Time: 22.51s
2026-01-20 09:12:47,678 | INFO | Batch 350 | Loss: 0.0396 | Correct: 127/128 | Elapsed Time: 22.52s
2026-01-20 09:13:10,233 | INFO | Batch 360 | Loss: 0.0650 | Correct: 125/128 | Elapsed Time: 22.56s
2026-01-20 09:13:32,794 | INFO | Batch 370 | Loss: 0.0338 | Correct: 126/128 | Elapsed Time: 22.56s
2026-01-20 09:13:55,453 | INFO | Batch 380 | Loss: 0.0400 | Correct: 126/128 | Elapsed Time: 22.66s
2026-01-20 09:14:18,083 | INFO | Batch 390 | Loss: 0.0075 | Correct: 128/128 | Elapsed Time: 22.63s
2026-01-20 09:14:19,553 | INFO | Epoch [94/100] - Loss: 0.0292 | Correct: 49504/50000 (99.01%, 882.44s)
2026-01-20 09:15:33,916 | INFO | Validation - Loss: 0.3482 | Correct: 9166/10000 (91.66%) (74.36s)
2026-01-20 09:15:34,071 | INFO | New best model saved at epoch 94 with Top1 Acc: 91.66%
2026-01-20 09:15:56,696 | INFO | Batch 10 | Loss: 0.0462 | Correct: 126/128 | Elapsed Time: 22.62s
2026-01-20 09:16:19,342 | INFO | Batch 20 | Loss: 0.0519 | Correct: 126/128 | Elapsed Time: 22.65s
2026-01-20 09:16:41,889 | INFO | Batch 30 | Loss: 0.0298 | Correct: 127/128 | Elapsed Time: 22.55s
2026-01-20 09:17:04,490 | INFO | Batch 40 | Loss: 0.0030 | Correct: 128/128 | Elapsed Time: 22.60s
2026-01-20 09:17:27,183 | INFO | Batch 50 | Loss: 0.0588 | Correct: 125/128 | Elapsed Time: 22.69s
2026-01-20 09:17:49,755 | INFO | Batch 60 | Loss: 0.1110 | Correct: 124/128 | Elapsed Time: 22.57s
2026-01-20 09:18:12,324 | INFO | Batch 70 | Loss: 0.0337 | Correct: 127/128 | Elapsed Time: 22.57s
2026-01-20 09:18:34,917 | INFO | Batch 80 | Loss: 0.0513 | Correct: 125/128 | Elapsed Time: 22.59s
2026-01-20 09:18:57,536 | INFO | Batch 90 | Loss: 0.0235 | Correct: 127/128 | Elapsed Time: 22.62s
2026-01-20 09:19:20,084 | INFO | Batch 100 | Loss: 0.0339 | Correct: 126/128 | Elapsed Time: 22.55s
2026-01-20 09:19:42,696 | INFO | Batch 110 | Loss: 0.0438 | Correct: 126/128 | Elapsed Time: 22.61s
2026-01-20 09:20:05,329 | INFO | Batch 120 | Loss: 0.0236 | Correct: 127/128 | Elapsed Time: 22.63s
2026-01-20 09:20:27,905 | INFO | Batch 130 | Loss: 0.0591 | Correct: 124/128 | Elapsed Time: 22.58s
2026-01-20 09:20:50,475 | INFO | Batch 140 | Loss: 0.0216 | Correct: 127/128 | Elapsed Time: 22.57s
2026-01-20 09:21:13,028 | INFO | Batch 150 | Loss: 0.0277 | Correct: 126/128 | Elapsed Time: 22.55s
2026-01-20 09:21:35,603 | INFO | Batch 160 | Loss: 0.0074 | Correct: 128/128 | Elapsed Time: 22.57s
2026-01-20 09:21:58,173 | INFO | Batch 170 | Loss: 0.0201 | Correct: 127/128 | Elapsed Time: 22.57s
2026-01-20 09:22:20,769 | INFO | Batch 180 | Loss: 0.0435 | Correct: 125/128 | Elapsed Time: 22.60s
2026-01-20 09:22:43,440 | INFO | Batch 190 | Loss: 0.0186 | Correct: 128/128 | Elapsed Time: 22.67s
2026-01-20 09:23:05,993 | INFO | Batch 200 | Loss: 0.0454 | Correct: 125/128 | Elapsed Time: 22.55s
2026-01-20 09:23:28,588 | INFO | Batch 210 | Loss: 0.0342 | Correct: 126/128 | Elapsed Time: 22.59s
2026-01-20 09:23:51,204 | INFO | Batch 220 | Loss: 0.0246 | Correct: 126/128 | Elapsed Time: 22.62s
2026-01-20 09:24:13,814 | INFO | Batch 230 | Loss: 0.0132 | Correct: 128/128 | Elapsed Time: 22.61s
2026-01-20 09:24:36,426 | INFO | Batch 240 | Loss: 0.0232 | Correct: 128/128 | Elapsed Time: 22.61s
2026-01-20 09:24:59,027 | INFO | Batch 250 | Loss: 0.0215 | Correct: 127/128 | Elapsed Time: 22.60s
2026-01-20 09:25:21,651 | INFO | Batch 260 | Loss: 0.0201 | Correct: 127/128 | Elapsed Time: 22.62s
2026-01-20 09:25:44,210 | INFO | Batch 270 | Loss: 0.0574 | Correct: 125/128 | Elapsed Time: 22.56s
2026-01-20 09:26:06,738 | INFO | Batch 280 | Loss: 0.0203 | Correct: 127/128 | Elapsed Time: 22.53s
2026-01-20 09:26:29,271 | INFO | Batch 290 | Loss: 0.0398 | Correct: 126/128 | Elapsed Time: 22.53s
2026-01-20 09:26:51,789 | INFO | Batch 300 | Loss: 0.0401 | Correct: 127/128 | Elapsed Time: 22.52s
2026-01-20 09:27:14,320 | INFO | Batch 310 | Loss: 0.0455 | Correct: 124/128 | Elapsed Time: 22.53s
2026-01-20 09:27:36,867 | INFO | Batch 320 | Loss: 0.0265 | Correct: 126/128 | Elapsed Time: 22.55s
2026-01-20 09:27:59,483 | INFO | Batch 330 | Loss: 0.0513 | Correct: 126/128 | Elapsed Time: 22.62s
2026-01-20 09:28:21,996 | INFO | Batch 340 | Loss: 0.0658 | Correct: 126/128 | Elapsed Time: 22.51s
2026-01-20 09:28:44,566 | INFO | Batch 350 | Loss: 0.0440 | Correct: 125/128 | Elapsed Time: 22.57s
2026-01-20 09:29:07,152 | INFO | Batch 360 | Loss: 0.0231 | Correct: 127/128 | Elapsed Time: 22.59s
2026-01-20 09:29:29,712 | INFO | Batch 370 | Loss: 0.0596 | Correct: 125/128 | Elapsed Time: 22.56s
2026-01-20 09:29:52,263 | INFO | Batch 380 | Loss: 0.0594 | Correct: 126/128 | Elapsed Time: 22.55s
2026-01-20 09:30:14,866 | INFO | Batch 390 | Loss: 0.0196 | Correct: 127/128 | Elapsed Time: 22.60s
2026-01-20 09:30:16,324 | INFO | Epoch [95/100] - Loss: 0.0278 | Correct: 49540/50000 (99.08%, 882.25s)
2026-01-20 09:31:30,656 | INFO | Validation - Loss: 0.3511 | Correct: 9152/10000 (91.52%) (74.33s)
2026-01-20 09:31:53,367 | INFO | Batch 10 | Loss: 0.0491 | Correct: 125/128 | Elapsed Time: 22.71s
2026-01-20 09:32:15,938 | INFO | Batch 20 | Loss: 0.0416 | Correct: 126/128 | Elapsed Time: 22.57s
2026-01-20 09:32:38,486 | INFO | Batch 30 | Loss: 0.0355 | Correct: 125/128 | Elapsed Time: 22.55s
2026-01-20 09:33:01,016 | INFO | Batch 40 | Loss: 0.0215 | Correct: 127/128 | Elapsed Time: 22.53s
2026-01-20 09:33:23,618 | INFO | Batch 50 | Loss: 0.0253 | Correct: 126/128 | Elapsed Time: 22.60s
2026-01-20 09:33:46,192 | INFO | Batch 60 | Loss: 0.0269 | Correct: 127/128 | Elapsed Time: 22.57s
2026-01-20 09:34:08,697 | INFO | Batch 70 | Loss: 0.0615 | Correct: 125/128 | Elapsed Time: 22.50s
2026-01-20 09:34:31,292 | INFO | Batch 80 | Loss: 0.0303 | Correct: 126/128 | Elapsed Time: 22.60s
2026-01-20 09:34:53,810 | INFO | Batch 90 | Loss: 0.0105 | Correct: 128/128 | Elapsed Time: 22.52s
2026-01-20 09:35:16,389 | INFO | Batch 100 | Loss: 0.0412 | Correct: 126/128 | Elapsed Time: 22.58s
2026-01-20 09:35:38,915 | INFO | Batch 110 | Loss: 0.0146 | Correct: 127/128 | Elapsed Time: 22.53s
2026-01-20 09:36:01,460 | INFO | Batch 120 | Loss: 0.0076 | Correct: 128/128 | Elapsed Time: 22.55s
2026-01-20 09:36:24,000 | INFO | Batch 130 | Loss: 0.0308 | Correct: 126/128 | Elapsed Time: 22.54s
2026-01-20 09:36:46,563 | INFO | Batch 140 | Loss: 0.0391 | Correct: 127/128 | Elapsed Time: 22.56s
2026-01-20 09:37:09,159 | INFO | Batch 150 | Loss: 0.0067 | Correct: 128/128 | Elapsed Time: 22.60s
2026-01-20 09:37:31,658 | INFO | Batch 160 | Loss: 0.0527 | Correct: 125/128 | Elapsed Time: 22.50s
2026-01-20 09:37:54,211 | INFO | Batch 170 | Loss: 0.0246 | Correct: 127/128 | Elapsed Time: 22.55s
2026-01-20 09:38:16,735 | INFO | Batch 180 | Loss: 0.0179 | Correct: 127/128 | Elapsed Time: 22.52s
2026-01-20 09:38:39,206 | INFO | Batch 190 | Loss: 0.0394 | Correct: 124/128 | Elapsed Time: 22.47s
2026-01-20 09:39:01,814 | INFO | Batch 200 | Loss: 0.0114 | Correct: 127/128 | Elapsed Time: 22.61s
2026-01-20 09:39:24,400 | INFO | Batch 210 | Loss: 0.0151 | Correct: 127/128 | Elapsed Time: 22.59s
2026-01-20 09:39:47,019 | INFO | Batch 220 | Loss: 0.0060 | Correct: 128/128 | Elapsed Time: 22.62s
2026-01-20 09:40:09,655 | INFO | Batch 230 | Loss: 0.0326 | Correct: 125/128 | Elapsed Time: 22.64s
2026-01-20 09:40:32,253 | INFO | Batch 240 | Loss: 0.0337 | Correct: 126/128 | Elapsed Time: 22.60s
2026-01-20 09:40:54,875 | INFO | Batch 250 | Loss: 0.0191 | Correct: 127/128 | Elapsed Time: 22.62s
2026-01-20 09:41:17,548 | INFO | Batch 260 | Loss: 0.0398 | Correct: 127/128 | Elapsed Time: 22.67s
2026-01-20 09:41:40,118 | INFO | Batch 270 | Loss: 0.0648 | Correct: 125/128 | Elapsed Time: 22.57s
2026-01-20 09:42:02,737 | INFO | Batch 280 | Loss: 0.0269 | Correct: 126/128 | Elapsed Time: 22.62s
2026-01-20 09:42:25,367 | INFO | Batch 290 | Loss: 0.0214 | Correct: 127/128 | Elapsed Time: 22.63s
2026-01-20 09:42:47,930 | INFO | Batch 300 | Loss: 0.0098 | Correct: 128/128 | Elapsed Time: 22.56s
2026-01-20 09:43:10,500 | INFO | Batch 310 | Loss: 0.0449 | Correct: 127/128 | Elapsed Time: 22.57s
2026-01-20 09:43:33,040 | INFO | Batch 320 | Loss: 0.0154 | Correct: 127/128 | Elapsed Time: 22.54s
2026-01-20 09:43:55,578 | INFO | Batch 330 | Loss: 0.0245 | Correct: 127/128 | Elapsed Time: 22.54s
2026-01-20 09:44:18,153 | INFO | Batch 340 | Loss: 0.0068 | Correct: 128/128 | Elapsed Time: 22.58s
2026-01-20 09:44:40,667 | INFO | Batch 350 | Loss: 0.0059 | Correct: 128/128 | Elapsed Time: 22.51s
2026-01-20 09:45:03,270 | INFO | Batch 360 | Loss: 0.0445 | Correct: 127/128 | Elapsed Time: 22.60s
2026-01-20 09:45:25,811 | INFO | Batch 370 | Loss: 0.0057 | Correct: 128/128 | Elapsed Time: 22.54s
2026-01-20 09:45:48,400 | INFO | Batch 380 | Loss: 0.0147 | Correct: 128/128 | Elapsed Time: 22.59s
2026-01-20 09:46:11,042 | INFO | Batch 390 | Loss: 0.0115 | Correct: 127/128 | Elapsed Time: 22.64s
2026-01-20 09:46:12,525 | INFO | Epoch [96/100] - Loss: 0.0281 | Correct: 49520/50000 (99.04%, 881.86s)
2026-01-20 09:47:27,019 | INFO | Validation - Loss: 0.3496 | Correct: 9149/10000 (91.49%) (74.49s)
2026-01-20 09:47:49,620 | INFO | Batch 10 | Loss: 0.0335 | Correct: 126/128 | Elapsed Time: 22.60s
2026-01-20 09:48:12,202 | INFO | Batch 20 | Loss: 0.0630 | Correct: 125/128 | Elapsed Time: 22.58s
2026-01-20 09:48:34,871 | INFO | Batch 30 | Loss: 0.0365 | Correct: 125/128 | Elapsed Time: 22.67s
2026-01-20 09:48:57,451 | INFO | Batch 40 | Loss: 0.0196 | Correct: 127/128 | Elapsed Time: 22.58s
2026-01-20 09:49:20,045 | INFO | Batch 50 | Loss: 0.0579 | Correct: 126/128 | Elapsed Time: 22.59s
2026-01-20 09:49:42,652 | INFO | Batch 60 | Loss: 0.0089 | Correct: 128/128 | Elapsed Time: 22.61s
2026-01-20 09:50:05,300 | INFO | Batch 70 | Loss: 0.0419 | Correct: 126/128 | Elapsed Time: 22.65s
2026-01-20 09:50:27,912 | INFO | Batch 80 | Loss: 0.0066 | Correct: 128/128 | Elapsed Time: 22.61s
2026-01-20 09:50:50,494 | INFO | Batch 90 | Loss: 0.0691 | Correct: 126/128 | Elapsed Time: 22.58s
2026-01-20 09:51:13,252 | INFO | Batch 100 | Loss: 0.0217 | Correct: 127/128 | Elapsed Time: 22.76s
2026-01-20 09:51:35,853 | INFO | Batch 110 | Loss: 0.0318 | Correct: 126/128 | Elapsed Time: 22.60s
2026-01-20 09:51:58,445 | INFO | Batch 120 | Loss: 0.0488 | Correct: 126/128 | Elapsed Time: 22.59s
2026-01-20 09:52:21,057 | INFO | Batch 130 | Loss: 0.0393 | Correct: 126/128 | Elapsed Time: 22.61s
2026-01-20 09:52:43,641 | INFO | Batch 140 | Loss: 0.0273 | Correct: 127/128 | Elapsed Time: 22.58s
2026-01-20 09:53:06,272 | INFO | Batch 150 | Loss: 0.0105 | Correct: 128/128 | Elapsed Time: 22.63s
2026-01-20 09:53:28,851 | INFO | Batch 160 | Loss: 0.0059 | Correct: 128/128 | Elapsed Time: 22.58s
2026-01-20 09:53:51,478 | INFO | Batch 170 | Loss: 0.0454 | Correct: 125/128 | Elapsed Time: 22.63s
2026-01-20 09:54:14,038 | INFO | Batch 180 | Loss: 0.0112 | Correct: 128/128 | Elapsed Time: 22.56s
2026-01-20 09:54:36,624 | INFO | Batch 190 | Loss: 0.0179 | Correct: 128/128 | Elapsed Time: 22.59s
2026-01-20 09:54:59,158 | INFO | Batch 200 | Loss: 0.0102 | Correct: 128/128 | Elapsed Time: 22.53s
2026-01-20 09:55:21,724 | INFO | Batch 210 | Loss: 0.0102 | Correct: 128/128 | Elapsed Time: 22.57s
2026-01-20 09:55:44,286 | INFO | Batch 220 | Loss: 0.0176 | Correct: 127/128 | Elapsed Time: 22.56s
2026-01-20 09:56:06,946 | INFO | Batch 230 | Loss: 0.0288 | Correct: 127/128 | Elapsed Time: 22.66s
2026-01-20 09:56:29,543 | INFO | Batch 240 | Loss: 0.0228 | Correct: 127/128 | Elapsed Time: 22.60s
2026-01-20 09:56:52,092 | INFO | Batch 250 | Loss: 0.0243 | Correct: 126/128 | Elapsed Time: 22.55s
2026-01-20 09:57:14,627 | INFO | Batch 260 | Loss: 0.0300 | Correct: 126/128 | Elapsed Time: 22.53s
2026-01-20 09:57:37,200 | INFO | Batch 270 | Loss: 0.0241 | Correct: 127/128 | Elapsed Time: 22.57s
2026-01-20 09:57:59,780 | INFO | Batch 280 | Loss: 0.0295 | Correct: 127/128 | Elapsed Time: 22.58s
2026-01-20 09:58:22,291 | INFO | Batch 290 | Loss: 0.0324 | Correct: 127/128 | Elapsed Time: 22.51s
2026-01-20 09:58:44,879 | INFO | Batch 300 | Loss: 0.0183 | Correct: 128/128 | Elapsed Time: 22.59s
2026-01-20 09:59:07,551 | INFO | Batch 310 | Loss: 0.0121 | Correct: 128/128 | Elapsed Time: 22.67s
2026-01-20 09:59:30,184 | INFO | Batch 320 | Loss: 0.0171 | Correct: 127/128 | Elapsed Time: 22.63s
2026-01-20 09:59:52,745 | INFO | Batch 330 | Loss: 0.0183 | Correct: 127/128 | Elapsed Time: 22.56s
2026-01-20 10:00:15,330 | INFO | Batch 340 | Loss: 0.0117 | Correct: 128/128 | Elapsed Time: 22.58s
2026-01-20 10:00:37,967 | INFO | Batch 350 | Loss: 0.0049 | Correct: 128/128 | Elapsed Time: 22.64s
2026-01-20 10:01:00,554 | INFO | Batch 360 | Loss: 0.0227 | Correct: 127/128 | Elapsed Time: 22.59s
2026-01-20 10:01:23,148 | INFO | Batch 370 | Loss: 0.0196 | Correct: 128/128 | Elapsed Time: 22.59s
2026-01-20 10:01:45,801 | INFO | Batch 380 | Loss: 0.0192 | Correct: 127/128 | Elapsed Time: 22.65s
2026-01-20 10:02:08,394 | INFO | Batch 390 | Loss: 0.0358 | Correct: 126/128 | Elapsed Time: 22.59s
2026-01-20 10:02:09,856 | INFO | Epoch [97/100] - Loss: 0.0255 | Correct: 49587/50000 (99.17%, 882.83s)
2026-01-20 10:03:24,266 | INFO | Validation - Loss: 0.3547 | Correct: 9151/10000 (91.51%) (74.41s)
2026-01-20 10:03:46,927 | INFO | Batch 10 | Loss: 0.0406 | Correct: 126/128 | Elapsed Time: 22.66s
2026-01-20 10:04:09,516 | INFO | Batch 20 | Loss: 0.0360 | Correct: 127/128 | Elapsed Time: 22.59s
2026-01-20 10:04:32,134 | INFO | Batch 30 | Loss: 0.0226 | Correct: 127/128 | Elapsed Time: 22.62s
2026-01-20 10:04:54,861 | INFO | Batch 40 | Loss: 0.0451 | Correct: 125/128 | Elapsed Time: 22.73s
2026-01-20 10:05:17,493 | INFO | Batch 50 | Loss: 0.0634 | Correct: 123/128 | Elapsed Time: 22.63s
2026-01-20 10:05:40,158 | INFO | Batch 60 | Loss: 0.0180 | Correct: 127/128 | Elapsed Time: 22.66s
2026-01-20 10:06:02,758 | INFO | Batch 70 | Loss: 0.0755 | Correct: 125/128 | Elapsed Time: 22.60s
2026-01-20 10:06:25,385 | INFO | Batch 80 | Loss: 0.0416 | Correct: 127/128 | Elapsed Time: 22.63s
2026-01-20 10:06:47,978 | INFO | Batch 90 | Loss: 0.0187 | Correct: 127/128 | Elapsed Time: 22.59s
2026-01-20 10:07:10,586 | INFO | Batch 100 | Loss: 0.0585 | Correct: 126/128 | Elapsed Time: 22.61s
2026-01-20 10:07:33,228 | INFO | Batch 110 | Loss: 0.0069 | Correct: 128/128 | Elapsed Time: 22.64s
2026-01-20 10:07:55,785 | INFO | Batch 120 | Loss: 0.0099 | Correct: 128/128 | Elapsed Time: 22.56s
2026-01-20 10:08:18,361 | INFO | Batch 130 | Loss: 0.0098 | Correct: 127/128 | Elapsed Time: 22.58s
2026-01-20 10:08:40,907 | INFO | Batch 140 | Loss: 0.0243 | Correct: 126/128 | Elapsed Time: 22.55s
2026-01-20 10:09:03,412 | INFO | Batch 150 | Loss: 0.0126 | Correct: 127/128 | Elapsed Time: 22.50s
2026-01-20 10:09:25,965 | INFO | Batch 160 | Loss: 0.0565 | Correct: 124/128 | Elapsed Time: 22.55s
2026-01-20 10:09:48,529 | INFO | Batch 170 | Loss: 0.0278 | Correct: 126/128 | Elapsed Time: 22.56s
2026-01-20 10:10:11,128 | INFO | Batch 180 | Loss: 0.0089 | Correct: 128/128 | Elapsed Time: 22.60s
2026-01-20 10:10:33,675 | INFO | Batch 190 | Loss: 0.0214 | Correct: 127/128 | Elapsed Time: 22.55s
2026-01-20 10:10:56,190 | INFO | Batch 200 | Loss: 0.0144 | Correct: 128/128 | Elapsed Time: 22.51s
2026-01-20 10:11:18,718 | INFO | Batch 210 | Loss: 0.0264 | Correct: 127/128 | Elapsed Time: 22.53s
2026-01-20 10:11:41,249 | INFO | Batch 220 | Loss: 0.0060 | Correct: 128/128 | Elapsed Time: 22.53s
2026-01-20 10:12:03,759 | INFO | Batch 230 | Loss: 0.0340 | Correct: 127/128 | Elapsed Time: 22.51s
2026-01-20 10:12:26,248 | INFO | Batch 240 | Loss: 0.0253 | Correct: 127/128 | Elapsed Time: 22.49s
2026-01-20 10:12:48,890 | INFO | Batch 250 | Loss: 0.0116 | Correct: 127/128 | Elapsed Time: 22.64s
2026-01-20 10:13:11,419 | INFO | Batch 260 | Loss: 0.0154 | Correct: 127/128 | Elapsed Time: 22.53s
2026-01-20 10:13:33,957 | INFO | Batch 270 | Loss: 0.0074 | Correct: 128/128 | Elapsed Time: 22.54s
2026-01-20 10:13:56,502 | INFO | Batch 280 | Loss: 0.0231 | Correct: 126/128 | Elapsed Time: 22.55s
2026-01-20 10:14:18,987 | INFO | Batch 290 | Loss: 0.0212 | Correct: 127/128 | Elapsed Time: 22.49s
2026-01-20 10:14:41,538 | INFO | Batch 300 | Loss: 0.0163 | Correct: 127/128 | Elapsed Time: 22.55s
2026-01-20 10:15:04,108 | INFO | Batch 310 | Loss: 0.0175 | Correct: 128/128 | Elapsed Time: 22.57s
2026-01-20 10:15:26,659 | INFO | Batch 320 | Loss: 0.0283 | Correct: 126/128 | Elapsed Time: 22.55s
2026-01-20 10:15:49,201 | INFO | Batch 330 | Loss: 0.0279 | Correct: 127/128 | Elapsed Time: 22.54s
2026-01-20 10:16:11,738 | INFO | Batch 340 | Loss: 0.0360 | Correct: 127/128 | Elapsed Time: 22.54s
2026-01-20 10:16:34,284 | INFO | Batch 350 | Loss: 0.0115 | Correct: 128/128 | Elapsed Time: 22.55s
2026-01-20 10:16:56,892 | INFO | Batch 360 | Loss: 0.0220 | Correct: 127/128 | Elapsed Time: 22.61s
2026-01-20 10:17:19,474 | INFO | Batch 370 | Loss: 0.0273 | Correct: 127/128 | Elapsed Time: 22.58s
2026-01-20 10:17:41,994 | INFO | Batch 380 | Loss: 0.0131 | Correct: 128/128 | Elapsed Time: 22.52s
2026-01-20 10:18:04,601 | INFO | Batch 390 | Loss: 0.0159 | Correct: 127/128 | Elapsed Time: 22.61s
2026-01-20 10:18:06,079 | INFO | Epoch [98/100] - Loss: 0.0276 | Correct: 49541/50000 (99.08%, 881.81s)
2026-01-20 10:19:20,485 | INFO | Validation - Loss: 0.3515 | Correct: 9162/10000 (91.62%) (74.40s)
2026-01-20 10:19:43,137 | INFO | Batch 10 | Loss: 0.0344 | Correct: 126/128 | Elapsed Time: 22.65s
2026-01-20 10:20:05,660 | INFO | Batch 20 | Loss: 0.0232 | Correct: 127/128 | Elapsed Time: 22.52s
2026-01-20 10:20:28,194 | INFO | Batch 30 | Loss: 0.0118 | Correct: 128/128 | Elapsed Time: 22.53s
2026-01-20 10:20:50,773 | INFO | Batch 40 | Loss: 0.0295 | Correct: 126/128 | Elapsed Time: 22.58s
2026-01-20 10:21:13,432 | INFO | Batch 50 | Loss: 0.0943 | Correct: 124/128 | Elapsed Time: 22.66s
2026-01-20 10:21:35,965 | INFO | Batch 60 | Loss: 0.0250 | Correct: 127/128 | Elapsed Time: 22.53s
2026-01-20 10:21:58,489 | INFO | Batch 70 | Loss: 0.0230 | Correct: 128/128 | Elapsed Time: 22.52s
2026-01-20 10:22:21,012 | INFO | Batch 80 | Loss: 0.0276 | Correct: 128/128 | Elapsed Time: 22.52s
2026-01-20 10:22:43,553 | INFO | Batch 90 | Loss: 0.0236 | Correct: 127/128 | Elapsed Time: 22.54s
2026-01-20 10:23:06,109 | INFO | Batch 100 | Loss: 0.0270 | Correct: 127/128 | Elapsed Time: 22.56s
2026-01-20 10:23:28,725 | INFO | Batch 110 | Loss: 0.0160 | Correct: 127/128 | Elapsed Time: 22.62s
2026-01-20 10:23:51,245 | INFO | Batch 120 | Loss: 0.0211 | Correct: 127/128 | Elapsed Time: 22.52s
2026-01-20 10:24:13,823 | INFO | Batch 130 | Loss: 0.0236 | Correct: 127/128 | Elapsed Time: 22.58s
2026-01-20 10:24:36,365 | INFO | Batch 140 | Loss: 0.0205 | Correct: 127/128 | Elapsed Time: 22.54s
2026-01-20 10:24:58,970 | INFO | Batch 150 | Loss: 0.0157 | Correct: 127/128 | Elapsed Time: 22.61s
2026-01-20 10:25:21,526 | INFO | Batch 160 | Loss: 0.0086 | Correct: 128/128 | Elapsed Time: 22.56s
2026-01-20 10:25:44,079 | INFO | Batch 170 | Loss: 0.0146 | Correct: 128/128 | Elapsed Time: 22.55s
2026-01-20 10:26:06,668 | INFO | Batch 180 | Loss: 0.0486 | Correct: 127/128 | Elapsed Time: 22.59s
2026-01-20 10:26:29,178 | INFO | Batch 190 | Loss: 0.0270 | Correct: 127/128 | Elapsed Time: 22.51s
2026-01-20 10:26:51,704 | INFO | Batch 200 | Loss: 0.0348 | Correct: 127/128 | Elapsed Time: 22.53s
2026-01-20 10:27:14,261 | INFO | Batch 210 | Loss: 0.0155 | Correct: 128/128 | Elapsed Time: 22.56s
2026-01-20 10:27:36,810 | INFO | Batch 220 | Loss: 0.0231 | Correct: 127/128 | Elapsed Time: 22.55s
2026-01-20 10:27:59,368 | INFO | Batch 230 | Loss: 0.0523 | Correct: 126/128 | Elapsed Time: 22.56s
2026-01-20 10:28:21,880 | INFO | Batch 240 | Loss: 0.0252 | Correct: 127/128 | Elapsed Time: 22.51s
2026-01-20 10:28:44,470 | INFO | Batch 250 | Loss: 0.0301 | Correct: 126/128 | Elapsed Time: 22.59s
2026-01-20 10:29:07,035 | INFO | Batch 260 | Loss: 0.0282 | Correct: 128/128 | Elapsed Time: 22.56s
2026-01-20 10:29:29,595 | INFO | Batch 270 | Loss: 0.0261 | Correct: 127/128 | Elapsed Time: 22.56s
2026-01-20 10:29:52,163 | INFO | Batch 280 | Loss: 0.0654 | Correct: 126/128 | Elapsed Time: 22.57s
2026-01-20 10:30:14,735 | INFO | Batch 290 | Loss: 0.0092 | Correct: 128/128 | Elapsed Time: 22.57s
2026-01-20 10:30:37,253 | INFO | Batch 300 | Loss: 0.0270 | Correct: 127/128 | Elapsed Time: 22.52s
2026-01-20 10:30:59,887 | INFO | Batch 310 | Loss: 0.0319 | Correct: 126/128 | Elapsed Time: 22.63s
2026-01-20 10:31:22,480 | INFO | Batch 320 | Loss: 0.0141 | Correct: 127/128 | Elapsed Time: 22.59s
2026-01-20 10:31:44,994 | INFO | Batch 330 | Loss: 0.0292 | Correct: 127/128 | Elapsed Time: 22.51s
2026-01-20 10:32:07,626 | INFO | Batch 340 | Loss: 0.0253 | Correct: 127/128 | Elapsed Time: 22.63s
2026-01-20 10:32:30,207 | INFO | Batch 350 | Loss: 0.0097 | Correct: 128/128 | Elapsed Time: 22.58s
2026-01-20 10:32:52,730 | INFO | Batch 360 | Loss: 0.0047 | Correct: 128/128 | Elapsed Time: 22.52s
2026-01-20 10:33:15,308 | INFO | Batch 370 | Loss: 0.0124 | Correct: 128/128 | Elapsed Time: 22.58s
2026-01-20 10:33:37,849 | INFO | Batch 380 | Loss: 0.0148 | Correct: 128/128 | Elapsed Time: 22.54s
2026-01-20 10:34:00,460 | INFO | Batch 390 | Loss: 0.0301 | Correct: 126/128 | Elapsed Time: 22.61s
2026-01-20 10:34:01,918 | INFO | Epoch [99/100] - Loss: 0.0252 | Correct: 49581/50000 (99.16%, 881.43s)
2026-01-20 10:35:16,209 | INFO | Validation - Loss: 0.3493 | Correct: 9156/10000 (91.56%) (74.29s)
2026-01-20 10:35:38,782 | INFO | Batch 10 | Loss: 0.0237 | Correct: 127/128 | Elapsed Time: 22.57s
2026-01-20 10:36:01,332 | INFO | Batch 20 | Loss: 0.0483 | Correct: 127/128 | Elapsed Time: 22.55s
2026-01-20 10:36:23,885 | INFO | Batch 30 | Loss: 0.0478 | Correct: 126/128 | Elapsed Time: 22.55s
2026-01-20 10:36:46,401 | INFO | Batch 40 | Loss: 0.0137 | Correct: 127/128 | Elapsed Time: 22.52s
2026-01-20 10:37:08,932 | INFO | Batch 50 | Loss: 0.0226 | Correct: 127/128 | Elapsed Time: 22.53s
2026-01-20 10:37:31,457 | INFO | Batch 60 | Loss: 0.0276 | Correct: 127/128 | Elapsed Time: 22.53s
2026-01-20 10:37:54,078 | INFO | Batch 70 | Loss: 0.0532 | Correct: 126/128 | Elapsed Time: 22.62s
2026-01-20 10:38:16,642 | INFO | Batch 80 | Loss: 0.0385 | Correct: 124/128 | Elapsed Time: 22.56s
2026-01-20 10:38:39,216 | INFO | Batch 90 | Loss: 0.0382 | Correct: 127/128 | Elapsed Time: 22.57s
2026-01-20 10:39:01,785 | INFO | Batch 100 | Loss: 0.0093 | Correct: 128/128 | Elapsed Time: 22.57s
2026-01-20 10:39:24,338 | INFO | Batch 110 | Loss: 0.0656 | Correct: 126/128 | Elapsed Time: 22.55s
2026-01-20 10:39:46,875 | INFO | Batch 120 | Loss: 0.0315 | Correct: 127/128 | Elapsed Time: 22.54s
2026-01-20 10:40:09,475 | INFO | Batch 130 | Loss: 0.0294 | Correct: 127/128 | Elapsed Time: 22.60s
2026-01-20 10:40:31,974 | INFO | Batch 140 | Loss: 0.0134 | Correct: 128/128 | Elapsed Time: 22.50s
2026-01-20 10:40:54,475 | INFO | Batch 150 | Loss: 0.0287 | Correct: 127/128 | Elapsed Time: 22.50s
2026-01-20 10:41:17,030 | INFO | Batch 160 | Loss: 0.0220 | Correct: 127/128 | Elapsed Time: 22.56s
2026-01-20 10:41:39,567 | INFO | Batch 170 | Loss: 0.0306 | Correct: 127/128 | Elapsed Time: 22.54s
2026-01-20 10:42:02,107 | INFO | Batch 180 | Loss: 0.0200 | Correct: 127/128 | Elapsed Time: 22.54s
2026-01-20 10:42:24,671 | INFO | Batch 190 | Loss: 0.0263 | Correct: 127/128 | Elapsed Time: 22.56s
2026-01-20 10:42:47,335 | INFO | Batch 200 | Loss: 0.0427 | Correct: 126/128 | Elapsed Time: 22.66s
2026-01-20 10:43:09,851 | INFO | Batch 210 | Loss: 0.0300 | Correct: 127/128 | Elapsed Time: 22.52s
2026-01-20 10:43:32,430 | INFO | Batch 220 | Loss: 0.0209 | Correct: 127/128 | Elapsed Time: 22.58s
2026-01-20 10:43:54,939 | INFO | Batch 230 | Loss: 0.0113 | Correct: 127/128 | Elapsed Time: 22.51s
2026-01-20 10:44:17,446 | INFO | Batch 240 | Loss: 0.0454 | Correct: 126/128 | Elapsed Time: 22.51s
2026-01-20 10:44:40,045 | INFO | Batch 250 | Loss: 0.0092 | Correct: 128/128 | Elapsed Time: 22.60s
2026-01-20 10:45:02,657 | INFO | Batch 260 | Loss: 0.0316 | Correct: 127/128 | Elapsed Time: 22.61s
2026-01-20 10:45:25,284 | INFO | Batch 270 | Loss: 0.0033 | Correct: 128/128 | Elapsed Time: 22.63s
2026-01-20 10:45:47,866 | INFO | Batch 280 | Loss: 0.0565 | Correct: 126/128 | Elapsed Time: 22.58s
2026-01-20 10:46:10,474 | INFO | Batch 290 | Loss: 0.0051 | Correct: 128/128 | Elapsed Time: 22.61s
2026-01-20 10:46:33,008 | INFO | Batch 300 | Loss: 0.0134 | Correct: 128/128 | Elapsed Time: 22.53s
2026-01-20 10:46:55,526 | INFO | Batch 310 | Loss: 0.0138 | Correct: 128/128 | Elapsed Time: 22.52s
2026-01-20 10:47:18,078 | INFO | Batch 320 | Loss: 0.0174 | Correct: 126/128 | Elapsed Time: 22.55s
2026-01-20 10:47:40,684 | INFO | Batch 330 | Loss: 0.0152 | Correct: 127/128 | Elapsed Time: 22.61s
2026-01-20 10:48:03,371 | INFO | Batch 340 | Loss: 0.0194 | Correct: 128/128 | Elapsed Time: 22.69s
2026-01-20 10:48:25,968 | INFO | Batch 350 | Loss: 0.0124 | Correct: 127/128 | Elapsed Time: 22.60s
2026-01-20 10:48:48,540 | INFO | Batch 360 | Loss: 0.0105 | Correct: 128/128 | Elapsed Time: 22.57s
2026-01-20 10:49:11,079 | INFO | Batch 370 | Loss: 0.0141 | Correct: 127/128 | Elapsed Time: 22.54s
2026-01-20 10:49:33,645 | INFO | Batch 380 | Loss: 0.0431 | Correct: 125/128 | Elapsed Time: 22.57s
2026-01-20 10:49:56,213 | INFO | Batch 390 | Loss: 0.0213 | Correct: 127/128 | Elapsed Time: 22.57s
2026-01-20 10:49:57,679 | INFO | Epoch [100/100] - Loss: 0.0270 | Correct: 49556/50000 (99.11%, 881.47s)
2026-01-20 10:51:11,981 | INFO | Validation - Loss: 0.3535 | Correct: 9165/10000 (91.65%) (74.30s)
2026-01-20 10:51:11,985 | INFO | Training complete.
2026-01-20 10:51:12,069 | INFO | Final model saved to ./checkpoints/mobilenetv1_lns_final_20260119_080920.pt
