2026-02-09 23:26:11,244 | INFO | Training ShuffleNetV2 on CIFAR-10 with LNS64 (f=7, lookup table=True) on device cuda:0
2026-02-09 23:26:11,244 | INFO | Hyperparameters: epochs=100, batch_size=128, lr=0.05, momentum=0.9, weight_decay=0.0001
2026-02-09 23:28:39,208 | INFO | Batch 10 | Loss: 2.4043 | Correct: 11/128 | Elapsed Time: 147.96s
2026-02-09 23:28:52,480 | INFO | Batch 20 | Loss: 2.6362 | Correct: 18/128 | Elapsed Time: 13.27s
2026-02-09 23:29:05,971 | INFO | Batch 30 | Loss: 2.6649 | Correct: 14/128 | Elapsed Time: 13.49s
2026-02-09 23:29:19,317 | INFO | Batch 40 | Loss: 2.7529 | Correct: 23/128 | Elapsed Time: 13.35s
2026-02-09 23:29:32,655 | INFO | Batch 50 | Loss: 2.4305 | Correct: 30/128 | Elapsed Time: 13.34s
2026-02-09 23:29:46,112 | INFO | Batch 60 | Loss: 2.3528 | Correct: 28/128 | Elapsed Time: 13.46s
2026-02-09 23:29:59,488 | INFO | Batch 70 | Loss: 2.5108 | Correct: 20/128 | Elapsed Time: 13.38s
2026-02-09 23:30:12,905 | INFO | Batch 80 | Loss: 2.4043 | Correct: 25/128 | Elapsed Time: 13.42s
2026-02-09 23:30:26,455 | INFO | Batch 90 | Loss: 2.6505 | Correct: 22/128 | Elapsed Time: 13.55s
2026-02-09 23:30:40,038 | INFO | Batch 100 | Loss: 2.7085 | Correct: 22/128 | Elapsed Time: 13.58s
2026-02-09 23:30:53,474 | INFO | Batch 110 | Loss: 2.6793 | Correct: 35/128 | Elapsed Time: 13.44s
2026-02-09 23:31:07,058 | INFO | Batch 120 | Loss: 2.0549 | Correct: 32/128 | Elapsed Time: 13.58s
2026-02-09 23:31:20,531 | INFO | Batch 130 | Loss: 2.0773 | Correct: 35/128 | Elapsed Time: 13.47s
2026-02-09 23:31:33,916 | INFO | Batch 140 | Loss: 2.1929 | Correct: 32/128 | Elapsed Time: 13.39s
2026-02-09 23:31:47,553 | INFO | Batch 150 | Loss: 2.3024 | Correct: 30/128 | Elapsed Time: 13.64s
2026-02-09 23:32:01,538 | INFO | Batch 160 | Loss: 1.9892 | Correct: 39/128 | Elapsed Time: 13.98s
2026-02-09 23:32:15,048 | INFO | Batch 170 | Loss: 2.0109 | Correct: 31/128 | Elapsed Time: 13.51s
2026-02-09 23:32:28,589 | INFO | Batch 180 | Loss: 1.8742 | Correct: 36/128 | Elapsed Time: 13.54s
2026-02-09 23:32:42,129 | INFO | Batch 190 | Loss: 2.4043 | Correct: 37/128 | Elapsed Time: 13.54s
2026-02-09 23:32:55,652 | INFO | Batch 200 | Loss: 2.6793 | Correct: 31/128 | Elapsed Time: 13.52s
2026-02-09 23:33:09,149 | INFO | Batch 210 | Loss: 2.1810 | Correct: 35/128 | Elapsed Time: 13.50s
2026-02-09 23:33:22,627 | INFO | Batch 220 | Loss: 4.1098 | Correct: 24/128 | Elapsed Time: 13.48s
2026-02-09 23:33:36,049 | INFO | Batch 230 | Loss: 2.5797 | Correct: 38/128 | Elapsed Time: 13.42s
2026-02-09 23:33:49,303 | INFO | Batch 240 | Loss: 2.1343 | Correct: 29/128 | Elapsed Time: 13.25s
2026-02-09 23:34:02,867 | INFO | Batch 250 | Loss: 2.2167 | Correct: 33/128 | Elapsed Time: 13.56s
2026-02-09 23:34:16,360 | INFO | Batch 260 | Loss: 2.9061 | Correct: 42/128 | Elapsed Time: 13.49s
2026-02-09 23:34:29,707 | INFO | Batch 270 | Loss: 2.0999 | Correct: 35/128 | Elapsed Time: 13.35s
2026-02-09 23:34:43,161 | INFO | Batch 280 | Loss: 1.9571 | Correct: 41/128 | Elapsed Time: 13.45s
2026-02-09 23:34:56,632 | INFO | Batch 290 | Loss: 2.2048 | Correct: 36/128 | Elapsed Time: 13.47s
2026-02-09 23:35:10,096 | INFO | Batch 300 | Loss: 2.0549 | Correct: 33/128 | Elapsed Time: 13.46s
2026-02-09 23:35:23,681 | INFO | Batch 310 | Loss: 1.7947 | Correct: 48/128 | Elapsed Time: 13.59s
2026-02-09 23:35:37,205 | INFO | Batch 320 | Loss: 1.9892 | Correct: 28/128 | Elapsed Time: 13.52s
2026-02-09 23:35:50,670 | INFO | Batch 330 | Loss: 2.2048 | Correct: 44/128 | Elapsed Time: 13.47s
2026-02-09 23:36:04,130 | INFO | Batch 340 | Loss: 1.9466 | Correct: 31/128 | Elapsed Time: 13.46s
2026-02-09 23:36:17,707 | INFO | Batch 350 | Loss: 1.7563 | Correct: 41/128 | Elapsed Time: 13.58s
2026-02-09 23:36:31,200 | INFO | Batch 360 | Loss: 1.9152 | Correct: 32/128 | Elapsed Time: 13.49s
2026-02-09 23:36:44,582 | INFO | Batch 370 | Loss: 1.8045 | Correct: 36/128 | Elapsed Time: 13.38s
2026-02-09 23:36:58,041 | INFO | Batch 380 | Loss: 1.9152 | Correct: 48/128 | Elapsed Time: 13.46s
2026-02-09 23:37:11,575 | INFO | Batch 390 | Loss: 1.7563 | Correct: 45/128 | Elapsed Time: 13.53s
2026-02-09 23:37:18,076 | INFO | Epoch [1/100] - Loss: 2.2305 | Correct: 12983/50000 (25.97%, 666.83s)
2026-02-09 23:38:08,831 | INFO | Validation - Loss: 1.6964 | Correct: 3595/10000 (35.95%) (50.75s)
2026-02-09 23:38:08,933 | INFO | New best model saved at epoch 1 with Top1 Acc: 35.95%
2026-02-09 23:38:22,306 | INFO | Batch 10 | Loss: 1.6909 | Correct: 41/128 | Elapsed Time: 13.37s
2026-02-09 23:38:35,531 | INFO | Batch 20 | Loss: 1.6458 | Correct: 43/128 | Elapsed Time: 13.22s
2026-02-09 23:38:48,835 | INFO | Batch 30 | Loss: 1.8742 | Correct: 38/128 | Elapsed Time: 13.30s
2026-02-09 23:39:02,151 | INFO | Batch 40 | Loss: 1.8241 | Correct: 51/128 | Elapsed Time: 13.32s
2026-02-09 23:39:15,416 | INFO | Batch 50 | Loss: 1.7093 | Correct: 51/128 | Elapsed Time: 13.27s
2026-02-09 23:39:28,637 | INFO | Batch 60 | Loss: 1.6727 | Correct: 48/128 | Elapsed Time: 13.22s
2026-02-09 23:39:42,013 | INFO | Batch 70 | Loss: 1.8742 | Correct: 44/128 | Elapsed Time: 13.38s
2026-02-09 23:39:55,217 | INFO | Batch 80 | Loss: 1.9785 | Correct: 40/128 | Elapsed Time: 13.20s
2026-02-09 23:40:08,576 | INFO | Batch 90 | Loss: 1.7754 | Correct: 45/128 | Elapsed Time: 13.36s
2026-02-09 23:40:21,862 | INFO | Batch 100 | Loss: 1.6280 | Correct: 52/128 | Elapsed Time: 13.29s
2026-02-09 23:40:35,097 | INFO | Batch 110 | Loss: 1.9049 | Correct: 42/128 | Elapsed Time: 13.24s
2026-02-09 23:40:48,251 | INFO | Batch 120 | Loss: 1.5931 | Correct: 56/128 | Elapsed Time: 13.15s
2026-02-09 23:41:01,459 | INFO | Batch 130 | Loss: 1.6018 | Correct: 59/128 | Elapsed Time: 13.21s
2026-02-09 23:41:14,856 | INFO | Batch 140 | Loss: 1.6280 | Correct: 48/128 | Elapsed Time: 13.40s
2026-02-09 23:41:27,991 | INFO | Batch 150 | Loss: 1.8045 | Correct: 46/128 | Elapsed Time: 13.14s
2026-02-09 23:41:41,466 | INFO | Batch 160 | Loss: 1.8742 | Correct: 52/128 | Elapsed Time: 13.48s
2026-02-09 23:41:54,690 | INFO | Batch 170 | Loss: 1.6547 | Correct: 47/128 | Elapsed Time: 13.22s
2026-02-09 23:42:07,837 | INFO | Batch 180 | Loss: 1.6637 | Correct: 47/128 | Elapsed Time: 13.15s
2026-02-09 23:42:21,074 | INFO | Batch 190 | Loss: 1.8143 | Correct: 39/128 | Elapsed Time: 13.24s
2026-02-09 23:42:34,244 | INFO | Batch 200 | Loss: 1.6727 | Correct: 54/128 | Elapsed Time: 13.17s
2026-02-09 23:42:47,285 | INFO | Batch 210 | Loss: 1.7093 | Correct: 40/128 | Elapsed Time: 13.04s
2026-02-09 23:43:00,353 | INFO | Batch 220 | Loss: 1.6909 | Correct: 44/128 | Elapsed Time: 13.07s
2026-02-09 23:43:13,529 | INFO | Batch 230 | Loss: 1.5506 | Correct: 60/128 | Elapsed Time: 13.18s
2026-02-09 23:43:26,491 | INFO | Batch 240 | Loss: 1.6369 | Correct: 55/128 | Elapsed Time: 12.96s
2026-02-09 23:43:39,591 | INFO | Batch 250 | Loss: 1.6818 | Correct: 53/128 | Elapsed Time: 13.10s
2026-02-09 23:43:52,654 | INFO | Batch 260 | Loss: 1.5845 | Correct: 51/128 | Elapsed Time: 13.06s
2026-02-09 23:44:05,746 | INFO | Batch 270 | Loss: 1.6818 | Correct: 53/128 | Elapsed Time: 13.09s
2026-02-09 23:44:18,817 | INFO | Batch 280 | Loss: 1.6818 | Correct: 53/128 | Elapsed Time: 13.07s
2026-02-09 23:44:31,938 | INFO | Batch 290 | Loss: 1.5760 | Correct: 56/128 | Elapsed Time: 13.12s
2026-02-09 23:44:44,987 | INFO | Batch 300 | Loss: 1.4848 | Correct: 60/128 | Elapsed Time: 13.05s
2026-02-09 23:44:58,101 | INFO | Batch 310 | Loss: 1.5506 | Correct: 59/128 | Elapsed Time: 13.11s
2026-02-09 23:45:11,221 | INFO | Batch 320 | Loss: 1.3990 | Correct: 63/128 | Elapsed Time: 13.12s
2026-02-09 23:45:24,134 | INFO | Batch 330 | Loss: 1.5174 | Correct: 52/128 | Elapsed Time: 12.91s
2026-02-09 23:45:37,117 | INFO | Batch 340 | Loss: 1.5931 | Correct: 57/128 | Elapsed Time: 12.98s
2026-02-09 23:45:50,110 | INFO | Batch 350 | Loss: 1.5590 | Correct: 52/128 | Elapsed Time: 12.99s
2026-02-09 23:46:03,087 | INFO | Batch 360 | Loss: 1.8143 | Correct: 46/128 | Elapsed Time: 12.98s
2026-02-09 23:46:16,077 | INFO | Batch 370 | Loss: 1.5506 | Correct: 58/128 | Elapsed Time: 12.99s
2026-02-09 23:46:29,063 | INFO | Batch 380 | Loss: 1.6637 | Correct: 55/128 | Elapsed Time: 12.99s
2026-02-09 23:46:42,094 | INFO | Batch 390 | Loss: 1.4609 | Correct: 54/128 | Elapsed Time: 13.03s
2026-02-09 23:46:43,138 | INFO | Epoch [2/100] - Loss: 1.6742 | Correct: 19938/50000 (39.88%, 514.20s)
2026-02-09 23:47:29,169 | INFO | Validation - Loss: 1.5355 | Correct: 4382/10000 (43.82%) (46.03s)
2026-02-09 23:47:29,312 | INFO | New best model saved at epoch 2 with Top1 Acc: 43.82%
2026-02-09 23:47:42,058 | INFO | Batch 10 | Loss: 1.5010 | Correct: 57/128 | Elapsed Time: 12.75s
2026-02-09 23:47:54,793 | INFO | Batch 20 | Loss: 1.5092 | Correct: 61/128 | Elapsed Time: 12.74s
2026-02-09 23:48:07,614 | INFO | Batch 30 | Loss: 1.5422 | Correct: 52/128 | Elapsed Time: 12.82s
2026-02-09 23:48:20,266 | INFO | Batch 40 | Loss: 1.4768 | Correct: 60/128 | Elapsed Time: 12.65s
2026-02-09 23:48:33,042 | INFO | Batch 50 | Loss: 1.4929 | Correct: 52/128 | Elapsed Time: 12.78s
2026-02-09 23:48:45,801 | INFO | Batch 60 | Loss: 1.5590 | Correct: 58/128 | Elapsed Time: 12.76s
2026-02-09 23:48:58,623 | INFO | Batch 70 | Loss: 1.3839 | Correct: 64/128 | Elapsed Time: 12.82s
2026-02-09 23:49:11,376 | INFO | Batch 80 | Loss: 1.4142 | Correct: 59/128 | Elapsed Time: 12.75s
2026-02-09 23:49:24,196 | INFO | Batch 90 | Loss: 1.5092 | Correct: 56/128 | Elapsed Time: 12.82s
2026-02-09 23:49:37,023 | INFO | Batch 100 | Loss: 1.5092 | Correct: 54/128 | Elapsed Time: 12.83s
2026-02-09 23:49:49,705 | INFO | Batch 110 | Loss: 1.3543 | Correct: 68/128 | Elapsed Time: 12.68s
2026-02-09 23:50:02,457 | INFO | Batch 120 | Loss: 1.5092 | Correct: 55/128 | Elapsed Time: 12.75s
2026-02-09 23:50:15,267 | INFO | Batch 130 | Loss: 1.5845 | Correct: 56/128 | Elapsed Time: 12.81s
2026-02-09 23:50:27,993 | INFO | Batch 140 | Loss: 1.3764 | Correct: 69/128 | Elapsed Time: 12.73s
2026-02-09 23:50:40,785 | INFO | Batch 150 | Loss: 1.5174 | Correct: 59/128 | Elapsed Time: 12.79s
2026-02-09 23:50:53,538 | INFO | Batch 160 | Loss: 1.5931 | Correct: 51/128 | Elapsed Time: 12.75s
2026-02-09 23:51:06,277 | INFO | Batch 170 | Loss: 1.4768 | Correct: 62/128 | Elapsed Time: 12.74s
2026-02-09 23:51:19,078 | INFO | Batch 180 | Loss: 1.4929 | Correct: 62/128 | Elapsed Time: 12.80s
2026-02-09 23:51:31,912 | INFO | Batch 190 | Loss: 1.3616 | Correct: 69/128 | Elapsed Time: 12.83s
2026-02-09 23:51:44,912 | INFO | Batch 200 | Loss: 1.6105 | Correct: 52/128 | Elapsed Time: 13.00s
2026-02-09 23:51:57,839 | INFO | Batch 210 | Loss: 1.4768 | Correct: 67/128 | Elapsed Time: 12.93s
2026-02-09 23:52:10,708 | INFO | Batch 220 | Loss: 1.3764 | Correct: 65/128 | Elapsed Time: 12.87s
2026-02-09 23:52:23,367 | INFO | Batch 230 | Loss: 1.5010 | Correct: 60/128 | Elapsed Time: 12.66s
2026-02-09 23:52:36,136 | INFO | Batch 240 | Loss: 1.3397 | Correct: 71/128 | Elapsed Time: 12.77s
2026-02-09 23:52:48,900 | INFO | Batch 250 | Loss: 1.5092 | Correct: 51/128 | Elapsed Time: 12.76s
2026-02-09 23:53:01,562 | INFO | Batch 260 | Loss: 1.4530 | Correct: 64/128 | Elapsed Time: 12.66s
2026-02-09 23:53:14,368 | INFO | Batch 270 | Loss: 1.3764 | Correct: 59/128 | Elapsed Time: 12.81s
2026-02-09 23:53:27,061 | INFO | Batch 280 | Loss: 1.4296 | Correct: 63/128 | Elapsed Time: 12.69s
2026-02-09 23:53:39,843 | INFO | Batch 290 | Loss: 1.3616 | Correct: 65/128 | Elapsed Time: 12.78s
2026-02-09 23:53:52,523 | INFO | Batch 300 | Loss: 1.5256 | Correct: 59/128 | Elapsed Time: 12.68s
2026-02-09 23:54:05,406 | INFO | Batch 310 | Loss: 1.4530 | Correct: 58/128 | Elapsed Time: 12.88s
2026-02-09 23:54:18,221 | INFO | Batch 320 | Loss: 1.5931 | Correct: 49/128 | Elapsed Time: 12.81s
2026-02-09 23:54:30,879 | INFO | Batch 330 | Loss: 1.4452 | Correct: 58/128 | Elapsed Time: 12.66s
2026-02-09 23:54:43,633 | INFO | Batch 340 | Loss: 1.4530 | Correct: 55/128 | Elapsed Time: 12.75s
2026-02-09 23:54:56,362 | INFO | Batch 350 | Loss: 1.5256 | Correct: 64/128 | Elapsed Time: 12.73s
2026-02-09 23:55:09,091 | INFO | Batch 360 | Loss: 1.4609 | Correct: 62/128 | Elapsed Time: 12.73s
2026-02-09 23:55:21,823 | INFO | Batch 370 | Loss: 1.4609 | Correct: 58/128 | Elapsed Time: 12.73s
2026-02-09 23:55:34,572 | INFO | Batch 380 | Loss: 1.3469 | Correct: 60/128 | Elapsed Time: 12.75s
2026-02-09 23:55:47,208 | INFO | Batch 390 | Loss: 1.4609 | Correct: 60/128 | Elapsed Time: 12.64s
2026-02-09 23:55:48,216 | INFO | Epoch [3/100] - Loss: 1.4683 | Correct: 23329/50000 (46.66%, 498.90s)
2026-02-09 23:56:33,503 | INFO | Validation - Loss: 1.4086 | Correct: 4811/10000 (48.11%) (45.29s)
2026-02-09 23:56:33,633 | INFO | New best model saved at epoch 3 with Top1 Acc: 48.11%
2026-02-09 23:56:46,408 | INFO | Batch 10 | Loss: 1.4374 | Correct: 62/128 | Elapsed Time: 12.78s
2026-02-09 23:56:59,149 | INFO | Batch 20 | Loss: 1.4296 | Correct: 62/128 | Elapsed Time: 12.74s
2026-02-09 23:57:11,858 | INFO | Batch 30 | Loss: 1.6818 | Correct: 47/128 | Elapsed Time: 12.71s
2026-02-09 23:57:24,559 | INFO | Batch 40 | Loss: 1.3397 | Correct: 65/128 | Elapsed Time: 12.70s
2026-02-09 23:57:37,309 | INFO | Batch 50 | Loss: 1.3252 | Correct: 69/128 | Elapsed Time: 12.75s
2026-02-09 23:57:49,966 | INFO | Batch 60 | Loss: 1.4296 | Correct: 57/128 | Elapsed Time: 12.66s
2026-02-09 23:58:02,725 | INFO | Batch 70 | Loss: 1.4142 | Correct: 62/128 | Elapsed Time: 12.76s
2026-02-09 23:58:15,486 | INFO | Batch 80 | Loss: 1.3616 | Correct: 59/128 | Elapsed Time: 12.76s
2026-02-09 23:58:28,232 | INFO | Batch 90 | Loss: 1.4374 | Correct: 62/128 | Elapsed Time: 12.75s
2026-02-09 23:58:40,959 | INFO | Batch 100 | Loss: 1.4066 | Correct: 67/128 | Elapsed Time: 12.73s
2026-02-09 23:58:53,775 | INFO | Batch 110 | Loss: 1.4929 | Correct: 56/128 | Elapsed Time: 12.82s
2026-02-09 23:59:06,575 | INFO | Batch 120 | Loss: 1.4530 | Correct: 62/128 | Elapsed Time: 12.80s
2026-02-09 23:59:19,196 | INFO | Batch 130 | Loss: 1.4219 | Correct: 56/128 | Elapsed Time: 12.62s
2026-02-09 23:59:31,913 | INFO | Batch 140 | Loss: 1.5256 | Correct: 59/128 | Elapsed Time: 12.72s
2026-02-09 23:59:44,629 | INFO | Batch 150 | Loss: 1.2152 | Correct: 71/128 | Elapsed Time: 12.72s
2026-02-09 23:59:57,271 | INFO | Batch 160 | Loss: 1.2968 | Correct: 65/128 | Elapsed Time: 12.64s
2026-02-10 00:00:10,120 | INFO | Batch 170 | Loss: 1.2968 | Correct: 62/128 | Elapsed Time: 12.85s
2026-02-10 00:00:22,782 | INFO | Batch 180 | Loss: 1.5422 | Correct: 57/128 | Elapsed Time: 12.66s
2026-02-10 00:00:35,398 | INFO | Batch 190 | Loss: 1.3324 | Correct: 63/128 | Elapsed Time: 12.62s
2026-02-10 00:00:48,111 | INFO | Batch 200 | Loss: 1.4374 | Correct: 58/128 | Elapsed Time: 12.71s
2026-02-10 00:01:00,929 | INFO | Batch 210 | Loss: 1.2554 | Correct: 71/128 | Elapsed Time: 12.82s
2026-02-10 00:01:13,734 | INFO | Batch 220 | Loss: 1.3252 | Correct: 73/128 | Elapsed Time: 12.81s
2026-02-10 00:01:26,518 | INFO | Batch 230 | Loss: 1.3110 | Correct: 69/128 | Elapsed Time: 12.78s
2026-02-10 00:01:39,401 | INFO | Batch 240 | Loss: 1.3616 | Correct: 64/128 | Elapsed Time: 12.88s
2026-02-10 00:01:52,095 | INFO | Batch 250 | Loss: 1.4066 | Correct: 62/128 | Elapsed Time: 12.69s
2026-02-10 00:02:04,912 | INFO | Batch 260 | Loss: 1.3324 | Correct: 68/128 | Elapsed Time: 12.82s
2026-02-10 00:02:17,747 | INFO | Batch 270 | Loss: 1.4296 | Correct: 55/128 | Elapsed Time: 12.84s
2026-02-10 00:02:30,387 | INFO | Batch 280 | Loss: 1.4530 | Correct: 58/128 | Elapsed Time: 12.64s
2026-02-10 00:02:43,110 | INFO | Batch 290 | Loss: 1.3469 | Correct: 62/128 | Elapsed Time: 12.72s
2026-02-10 00:02:55,841 | INFO | Batch 300 | Loss: 1.4530 | Correct: 61/128 | Elapsed Time: 12.73s
2026-02-10 00:03:08,751 | INFO | Batch 310 | Loss: 1.4219 | Correct: 58/128 | Elapsed Time: 12.91s
2026-02-10 00:03:21,524 | INFO | Batch 320 | Loss: 1.3543 | Correct: 66/128 | Elapsed Time: 12.77s
2026-02-10 00:03:34,320 | INFO | Batch 330 | Loss: 1.3990 | Correct: 59/128 | Elapsed Time: 12.80s
2026-02-10 00:03:47,096 | INFO | Batch 340 | Loss: 1.5010 | Correct: 60/128 | Elapsed Time: 12.78s
2026-02-10 00:03:59,728 | INFO | Batch 350 | Loss: 1.3764 | Correct: 61/128 | Elapsed Time: 12.63s
2026-02-10 00:04:12,562 | INFO | Batch 360 | Loss: 1.3469 | Correct: 64/128 | Elapsed Time: 12.83s
2026-02-10 00:04:25,302 | INFO | Batch 370 | Loss: 1.4530 | Correct: 57/128 | Elapsed Time: 12.74s
2026-02-10 00:04:37,963 | INFO | Batch 380 | Loss: 1.2691 | Correct: 75/128 | Elapsed Time: 12.66s
2026-02-10 00:04:50,681 | INFO | Batch 390 | Loss: 1.4142 | Correct: 58/128 | Elapsed Time: 12.72s
2026-02-10 00:04:51,690 | INFO | Epoch [4/100] - Loss: 1.3892 | Correct: 24723/50000 (49.45%, 498.06s)
2026-02-10 00:05:36,889 | INFO | Validation - Loss: 1.3211 | Correct: 5147/10000 (51.47%) (45.20s)
2026-02-10 00:05:37,021 | INFO | New best model saved at epoch 4 with Top1 Acc: 51.47%
2026-02-10 00:05:49,842 | INFO | Batch 10 | Loss: 1.4530 | Correct: 62/128 | Elapsed Time: 12.82s
2026-02-10 00:06:02,552 | INFO | Batch 20 | Loss: 1.3764 | Correct: 67/128 | Elapsed Time: 12.71s
2026-02-10 00:06:15,336 | INFO | Batch 30 | Loss: 1.3616 | Correct: 53/128 | Elapsed Time: 12.78s
2026-02-10 00:06:28,019 | INFO | Batch 40 | Loss: 1.3543 | Correct: 62/128 | Elapsed Time: 12.68s
2026-02-10 00:06:40,739 | INFO | Batch 50 | Loss: 1.2486 | Correct: 71/128 | Elapsed Time: 12.72s
2026-02-10 00:06:53,368 | INFO | Batch 60 | Loss: 1.3543 | Correct: 66/128 | Elapsed Time: 12.63s
2026-02-10 00:07:06,174 | INFO | Batch 70 | Loss: 1.1957 | Correct: 81/128 | Elapsed Time: 12.81s
2026-02-10 00:07:18,915 | INFO | Batch 80 | Loss: 1.2152 | Correct: 72/128 | Elapsed Time: 12.74s
2026-02-10 00:07:31,589 | INFO | Batch 90 | Loss: 1.2968 | Correct: 62/128 | Elapsed Time: 12.67s
2026-02-10 00:07:44,356 | INFO | Batch 100 | Loss: 1.1637 | Correct: 74/128 | Elapsed Time: 12.77s
2026-02-10 00:07:57,160 | INFO | Batch 110 | Loss: 1.3990 | Correct: 63/128 | Elapsed Time: 12.80s
2026-02-10 00:08:10,001 | INFO | Batch 120 | Loss: 1.3252 | Correct: 65/128 | Elapsed Time: 12.84s
2026-02-10 00:08:22,805 | INFO | Batch 130 | Loss: 1.2691 | Correct: 75/128 | Elapsed Time: 12.80s
2026-02-10 00:08:35,495 | INFO | Batch 140 | Loss: 1.2898 | Correct: 69/128 | Elapsed Time: 12.69s
2026-02-10 00:08:48,126 | INFO | Batch 150 | Loss: 1.3252 | Correct: 66/128 | Elapsed Time: 12.63s
2026-02-10 00:09:00,827 | INFO | Batch 160 | Loss: 1.2285 | Correct: 72/128 | Elapsed Time: 12.70s
2026-02-10 00:09:13,628 | INFO | Batch 170 | Loss: 1.2759 | Correct: 66/128 | Elapsed Time: 12.80s
2026-02-10 00:09:26,216 | INFO | Batch 180 | Loss: 1.2152 | Correct: 73/128 | Elapsed Time: 12.59s
2026-02-10 00:09:38,907 | INFO | Batch 190 | Loss: 1.4530 | Correct: 58/128 | Elapsed Time: 12.69s
2026-02-10 00:09:51,605 | INFO | Batch 200 | Loss: 1.2898 | Correct: 69/128 | Elapsed Time: 12.70s
2026-02-10 00:10:04,241 | INFO | Batch 210 | Loss: 1.3110 | Correct: 65/128 | Elapsed Time: 12.64s
2026-02-10 00:10:17,027 | INFO | Batch 220 | Loss: 1.2691 | Correct: 74/128 | Elapsed Time: 12.79s
2026-02-10 00:10:29,813 | INFO | Batch 230 | Loss: 1.2968 | Correct: 71/128 | Elapsed Time: 12.79s
2026-02-10 00:10:42,488 | INFO | Batch 240 | Loss: 1.3039 | Correct: 63/128 | Elapsed Time: 12.68s
2026-02-10 00:10:55,245 | INFO | Batch 250 | Loss: 1.2759 | Correct: 75/128 | Elapsed Time: 12.76s
2026-02-10 00:11:08,067 | INFO | Batch 260 | Loss: 1.3914 | Correct: 66/128 | Elapsed Time: 12.82s
2026-02-10 00:11:20,803 | INFO | Batch 270 | Loss: 1.1764 | Correct: 76/128 | Elapsed Time: 12.74s
2026-02-10 00:11:33,476 | INFO | Batch 280 | Loss: 1.1700 | Correct: 75/128 | Elapsed Time: 12.67s
2026-02-10 00:11:46,486 | INFO | Batch 290 | Loss: 1.2486 | Correct: 67/128 | Elapsed Time: 13.01s
2026-02-10 00:11:59,207 | INFO | Batch 300 | Loss: 1.4374 | Correct: 57/128 | Elapsed Time: 12.72s
2026-02-10 00:12:11,892 | INFO | Batch 310 | Loss: 1.2759 | Correct: 65/128 | Elapsed Time: 12.69s
2026-02-10 00:12:24,703 | INFO | Batch 320 | Loss: 1.3252 | Correct: 73/128 | Elapsed Time: 12.81s
2026-02-10 00:12:37,579 | INFO | Batch 330 | Loss: 1.3543 | Correct: 68/128 | Elapsed Time: 12.88s
2026-02-10 00:12:50,329 | INFO | Batch 340 | Loss: 1.4142 | Correct: 63/128 | Elapsed Time: 12.75s
2026-02-10 00:13:03,158 | INFO | Batch 350 | Loss: 1.3469 | Correct: 62/128 | Elapsed Time: 12.83s
2026-02-10 00:13:15,892 | INFO | Batch 360 | Loss: 1.4530 | Correct: 61/128 | Elapsed Time: 12.73s
2026-02-10 00:13:28,512 | INFO | Batch 370 | Loss: 1.4848 | Correct: 52/128 | Elapsed Time: 12.62s
2026-02-10 00:13:41,269 | INFO | Batch 380 | Loss: 1.2759 | Correct: 68/128 | Elapsed Time: 12.76s
2026-02-10 00:13:54,038 | INFO | Batch 390 | Loss: 1.5675 | Correct: 55/128 | Elapsed Time: 12.77s
2026-02-10 00:13:55,051 | INFO | Epoch [5/100] - Loss: 1.3431 | Correct: 25743/50000 (51.49%, 498.03s)
2026-02-10 00:14:40,157 | INFO | Validation - Loss: 1.9828 | Correct: 2675/10000 (26.75%) (45.10s)
2026-02-10 00:14:52,840 | INFO | Batch 10 | Loss: 1.7280 | Correct: 47/128 | Elapsed Time: 12.68s
2026-02-10 00:15:05,746 | INFO | Batch 20 | Loss: 1.5256 | Correct: 53/128 | Elapsed Time: 12.91s
2026-02-10 00:15:18,580 | INFO | Batch 30 | Loss: 1.5339 | Correct: 53/128 | Elapsed Time: 12.83s
2026-02-10 00:15:31,310 | INFO | Batch 40 | Loss: 1.5760 | Correct: 58/128 | Elapsed Time: 12.73s
2026-02-10 00:15:43,955 | INFO | Batch 50 | Loss: 1.5845 | Correct: 56/128 | Elapsed Time: 12.64s
2026-02-10 00:15:56,669 | INFO | Batch 60 | Loss: 1.5174 | Correct: 61/128 | Elapsed Time: 12.71s
2026-02-10 00:16:09,502 | INFO | Batch 70 | Loss: 1.4374 | Correct: 58/128 | Elapsed Time: 12.83s
2026-02-10 00:16:22,133 | INFO | Batch 80 | Loss: 1.3990 | Correct: 53/128 | Elapsed Time: 12.63s
2026-02-10 00:16:34,871 | INFO | Batch 90 | Loss: 1.6192 | Correct: 54/128 | Elapsed Time: 12.74s
2026-02-10 00:16:47,632 | INFO | Batch 100 | Loss: 1.4066 | Correct: 64/128 | Elapsed Time: 12.76s
2026-02-10 00:17:00,280 | INFO | Batch 110 | Loss: 1.5092 | Correct: 57/128 | Elapsed Time: 12.65s
2026-02-10 00:17:13,082 | INFO | Batch 120 | Loss: 1.2691 | Correct: 71/128 | Elapsed Time: 12.80s
2026-02-10 00:17:25,914 | INFO | Batch 130 | Loss: 1.4219 | Correct: 66/128 | Elapsed Time: 12.83s
2026-02-10 00:17:38,625 | INFO | Batch 140 | Loss: 1.3543 | Correct: 66/128 | Elapsed Time: 12.71s
2026-02-10 00:17:51,425 | INFO | Batch 150 | Loss: 1.4768 | Correct: 54/128 | Elapsed Time: 12.80s
2026-02-10 00:18:04,258 | INFO | Batch 160 | Loss: 1.3914 | Correct: 62/128 | Elapsed Time: 12.83s
2026-02-10 00:18:16,888 | INFO | Batch 170 | Loss: 1.3469 | Correct: 59/128 | Elapsed Time: 12.63s
2026-02-10 00:18:29,648 | INFO | Batch 180 | Loss: 1.3397 | Correct: 64/128 | Elapsed Time: 12.76s
2026-02-10 00:18:42,408 | INFO | Batch 190 | Loss: 1.5339 | Correct: 62/128 | Elapsed Time: 12.76s
2026-02-10 00:18:55,043 | INFO | Batch 200 | Loss: 1.4296 | Correct: 64/128 | Elapsed Time: 12.64s
2026-02-10 00:19:07,930 | INFO | Batch 210 | Loss: 1.4296 | Correct: 60/128 | Elapsed Time: 12.89s
2026-02-10 00:19:20,745 | INFO | Batch 220 | Loss: 1.4296 | Correct: 57/128 | Elapsed Time: 12.82s
2026-02-10 00:19:33,486 | INFO | Batch 230 | Loss: 1.5339 | Correct: 55/128 | Elapsed Time: 12.74s
2026-02-10 00:19:46,345 | INFO | Batch 240 | Loss: 1.3543 | Correct: 59/128 | Elapsed Time: 12.86s
2026-02-10 00:19:59,133 | INFO | Batch 250 | Loss: 1.3616 | Correct: 66/128 | Elapsed Time: 12.79s
2026-02-10 00:20:12,084 | INFO | Batch 260 | Loss: 1.2829 | Correct: 67/128 | Elapsed Time: 12.95s
2026-02-10 00:20:24,715 | INFO | Batch 270 | Loss: 1.3039 | Correct: 68/128 | Elapsed Time: 12.63s
2026-02-10 00:20:37,458 | INFO | Batch 280 | Loss: 1.5931 | Correct: 53/128 | Elapsed Time: 12.74s
2026-02-10 00:20:50,235 | INFO | Batch 290 | Loss: 1.5675 | Correct: 57/128 | Elapsed Time: 12.78s
2026-02-10 00:21:02,896 | INFO | Batch 300 | Loss: 1.3839 | Correct: 66/128 | Elapsed Time: 12.66s
2026-02-10 00:21:15,685 | INFO | Batch 310 | Loss: 1.3616 | Correct: 73/128 | Elapsed Time: 12.79s
2026-02-10 00:21:28,434 | INFO | Batch 320 | Loss: 1.4609 | Correct: 58/128 | Elapsed Time: 12.75s
2026-02-10 00:21:41,330 | INFO | Batch 330 | Loss: 1.3039 | Correct: 70/128 | Elapsed Time: 12.90s
2026-02-10 00:21:54,173 | INFO | Batch 340 | Loss: 1.3690 | Correct: 58/128 | Elapsed Time: 12.84s
2026-02-10 00:22:07,291 | INFO | Batch 350 | Loss: 1.2554 | Correct: 75/128 | Elapsed Time: 13.12s
2026-02-10 00:22:20,027 | INFO | Batch 360 | Loss: 1.4066 | Correct: 63/128 | Elapsed Time: 12.74s
2026-02-10 00:22:32,809 | INFO | Batch 370 | Loss: 1.4530 | Correct: 63/128 | Elapsed Time: 12.78s
2026-02-10 00:22:45,546 | INFO | Batch 380 | Loss: 1.3914 | Correct: 67/128 | Elapsed Time: 12.74s
2026-02-10 00:22:58,181 | INFO | Batch 390 | Loss: 1.3181 | Correct: 64/128 | Elapsed Time: 12.64s
2026-02-10 00:22:59,185 | INFO | Epoch [6/100] - Loss: 1.4352 | Correct: 23729/50000 (47.46%, 499.03s)
2026-02-10 00:23:44,443 | INFO | Validation - Loss: 1.3537 | Correct: 5082/10000 (50.82%) (45.26s)
2026-02-10 00:23:57,170 | INFO | Batch 10 | Loss: 1.4530 | Correct: 63/128 | Elapsed Time: 12.73s
2026-02-10 00:24:09,970 | INFO | Batch 20 | Loss: 1.4374 | Correct: 60/128 | Elapsed Time: 12.80s
2026-02-10 00:24:22,708 | INFO | Batch 30 | Loss: 1.4066 | Correct: 59/128 | Elapsed Time: 12.74s
2026-02-10 00:24:35,514 | INFO | Batch 40 | Loss: 1.2486 | Correct: 70/128 | Elapsed Time: 12.81s
2026-02-10 00:24:48,244 | INFO | Batch 50 | Loss: 1.3110 | Correct: 63/128 | Elapsed Time: 12.73s
2026-02-10 00:25:00,878 | INFO | Batch 60 | Loss: 1.2759 | Correct: 68/128 | Elapsed Time: 12.63s
2026-02-10 00:25:13,622 | INFO | Batch 70 | Loss: 1.3914 | Correct: 61/128 | Elapsed Time: 12.74s
2026-02-10 00:25:26,305 | INFO | Batch 80 | Loss: 1.2486 | Correct: 71/128 | Elapsed Time: 12.68s
2026-02-10 00:25:38,935 | INFO | Batch 90 | Loss: 1.4374 | Correct: 58/128 | Elapsed Time: 12.63s
2026-02-10 00:25:51,684 | INFO | Batch 100 | Loss: 1.3543 | Correct: 64/128 | Elapsed Time: 12.75s
2026-02-10 00:26:04,439 | INFO | Batch 110 | Loss: 1.3397 | Correct: 68/128 | Elapsed Time: 12.76s
2026-02-10 00:26:17,202 | INFO | Batch 120 | Loss: 1.3110 | Correct: 62/128 | Elapsed Time: 12.76s
2026-02-10 00:26:29,887 | INFO | Batch 130 | Loss: 1.5339 | Correct: 60/128 | Elapsed Time: 12.68s
2026-02-10 00:26:42,746 | INFO | Batch 140 | Loss: 1.3690 | Correct: 64/128 | Elapsed Time: 12.86s
2026-02-10 00:26:55,607 | INFO | Batch 150 | Loss: 1.1084 | Correct: 84/128 | Elapsed Time: 12.86s
2026-02-10 00:27:08,301 | INFO | Batch 160 | Loss: 1.3543 | Correct: 69/128 | Elapsed Time: 12.69s
2026-02-10 00:27:21,033 | INFO | Batch 170 | Loss: 1.4530 | Correct: 65/128 | Elapsed Time: 12.73s
2026-02-10 00:27:33,760 | INFO | Batch 180 | Loss: 1.2152 | Correct: 66/128 | Elapsed Time: 12.73s
2026-02-10 00:27:46,446 | INFO | Batch 190 | Loss: 1.4296 | Correct: 59/128 | Elapsed Time: 12.69s
2026-02-10 00:27:59,217 | INFO | Batch 200 | Loss: 1.1957 | Correct: 67/128 | Elapsed Time: 12.77s
2026-02-10 00:28:12,083 | INFO | Batch 210 | Loss: 1.3616 | Correct: 61/128 | Elapsed Time: 12.87s
2026-02-10 00:28:24,737 | INFO | Batch 220 | Loss: 1.3181 | Correct: 66/128 | Elapsed Time: 12.65s
2026-02-10 00:28:37,520 | INFO | Batch 230 | Loss: 1.4452 | Correct: 57/128 | Elapsed Time: 12.78s
2026-02-10 00:28:50,314 | INFO | Batch 240 | Loss: 1.3397 | Correct: 63/128 | Elapsed Time: 12.79s
2026-02-10 00:29:03,107 | INFO | Batch 250 | Loss: 1.3110 | Correct: 65/128 | Elapsed Time: 12.79s
2026-02-10 00:29:15,964 | INFO | Batch 260 | Loss: 1.4374 | Correct: 55/128 | Elapsed Time: 12.86s
2026-02-10 00:29:28,739 | INFO | Batch 270 | Loss: 1.4219 | Correct: 65/128 | Elapsed Time: 12.78s
2026-02-10 00:29:41,330 | INFO | Batch 280 | Loss: 1.3616 | Correct: 67/128 | Elapsed Time: 12.59s
2026-02-10 00:29:54,038 | INFO | Batch 290 | Loss: 1.2829 | Correct: 71/128 | Elapsed Time: 12.71s
2026-02-10 00:30:06,777 | INFO | Batch 300 | Loss: 1.1957 | Correct: 79/128 | Elapsed Time: 12.74s
2026-02-10 00:30:19,465 | INFO | Batch 310 | Loss: 1.3616 | Correct: 64/128 | Elapsed Time: 12.69s
2026-02-10 00:30:32,206 | INFO | Batch 320 | Loss: 1.2352 | Correct: 69/128 | Elapsed Time: 12.74s
2026-02-10 00:30:44,916 | INFO | Batch 330 | Loss: 1.2152 | Correct: 69/128 | Elapsed Time: 12.71s
2026-02-10 00:30:57,614 | INFO | Batch 340 | Loss: 1.2419 | Correct: 75/128 | Elapsed Time: 12.70s
2026-02-10 00:31:10,267 | INFO | Batch 350 | Loss: 1.2691 | Correct: 69/128 | Elapsed Time: 12.65s
2026-02-10 00:31:23,049 | INFO | Batch 360 | Loss: 1.2968 | Correct: 65/128 | Elapsed Time: 12.78s
2026-02-10 00:31:35,934 | INFO | Batch 370 | Loss: 1.1574 | Correct: 74/128 | Elapsed Time: 12.88s
2026-02-10 00:31:48,800 | INFO | Batch 380 | Loss: 1.2898 | Correct: 67/128 | Elapsed Time: 12.87s
2026-02-10 00:32:01,520 | INFO | Batch 390 | Loss: 1.3324 | Correct: 65/128 | Elapsed Time: 12.72s
2026-02-10 00:32:02,587 | INFO | Epoch [7/100] - Loss: 1.3125 | Correct: 26213/50000 (52.43%, 498.14s)
2026-02-10 00:32:47,617 | INFO | Validation - Loss: 1.2380 | Correct: 5603/10000 (56.03%) (45.03s)
2026-02-10 00:32:47,758 | INFO | New best model saved at epoch 7 with Top1 Acc: 56.03%
2026-02-10 00:33:00,439 | INFO | Batch 10 | Loss: 1.2486 | Correct: 66/128 | Elapsed Time: 12.68s
2026-02-10 00:33:13,142 | INFO | Batch 20 | Loss: 1.3039 | Correct: 61/128 | Elapsed Time: 12.70s
2026-02-10 00:33:25,907 | INFO | Batch 30 | Loss: 1.2759 | Correct: 75/128 | Elapsed Time: 12.76s
2026-02-10 00:33:38,723 | INFO | Batch 40 | Loss: 1.0788 | Correct: 74/128 | Elapsed Time: 12.82s
2026-02-10 00:33:51,437 | INFO | Batch 50 | Loss: 1.3324 | Correct: 69/128 | Elapsed Time: 12.71s
2026-02-10 00:34:04,308 | INFO | Batch 60 | Loss: 1.4452 | Correct: 60/128 | Elapsed Time: 12.87s
2026-02-10 00:34:17,022 | INFO | Batch 70 | Loss: 1.1637 | Correct: 71/128 | Elapsed Time: 12.71s
2026-02-10 00:34:29,652 | INFO | Batch 80 | Loss: 1.3324 | Correct: 63/128 | Elapsed Time: 12.63s
2026-02-10 00:34:42,315 | INFO | Batch 90 | Loss: 1.2968 | Correct: 66/128 | Elapsed Time: 12.66s
2026-02-10 00:34:55,031 | INFO | Batch 100 | Loss: 1.0556 | Correct: 73/128 | Elapsed Time: 12.72s
2026-02-10 00:35:07,723 | INFO | Batch 110 | Loss: 1.1204 | Correct: 81/128 | Elapsed Time: 12.69s
2026-02-10 00:35:20,455 | INFO | Batch 120 | Loss: 1.2486 | Correct: 75/128 | Elapsed Time: 12.73s
2026-02-10 00:35:33,205 | INFO | Batch 130 | Loss: 1.2152 | Correct: 71/128 | Elapsed Time: 12.75s
2026-02-10 00:35:45,949 | INFO | Batch 140 | Loss: 1.5760 | Correct: 62/128 | Elapsed Time: 12.74s
2026-02-10 00:35:58,694 | INFO | Batch 150 | Loss: 1.3469 | Correct: 61/128 | Elapsed Time: 12.75s
2026-02-10 00:36:11,625 | INFO | Batch 160 | Loss: 1.1574 | Correct: 79/128 | Elapsed Time: 12.93s
2026-02-10 00:36:24,392 | INFO | Batch 170 | Loss: 1.2285 | Correct: 74/128 | Elapsed Time: 12.77s
2026-02-10 00:36:37,036 | INFO | Batch 180 | Loss: 1.4530 | Correct: 56/128 | Elapsed Time: 12.64s
2026-02-10 00:36:49,750 | INFO | Batch 190 | Loss: 1.1892 | Correct: 75/128 | Elapsed Time: 12.71s
2026-02-10 00:37:02,523 | INFO | Batch 200 | Loss: 1.2829 | Correct: 67/128 | Elapsed Time: 12.77s
2026-02-10 00:37:15,182 | INFO | Batch 210 | Loss: 1.3252 | Correct: 66/128 | Elapsed Time: 12.66s
2026-02-10 00:37:27,947 | INFO | Batch 220 | Loss: 1.3764 | Correct: 73/128 | Elapsed Time: 12.76s
2026-02-10 00:37:40,700 | INFO | Batch 230 | Loss: 1.3110 | Correct: 66/128 | Elapsed Time: 12.75s
2026-02-10 00:37:53,366 | INFO | Batch 240 | Loss: 1.2759 | Correct: 76/128 | Elapsed Time: 12.67s
2026-02-10 00:38:06,189 | INFO | Batch 250 | Loss: 1.1265 | Correct: 77/128 | Elapsed Time: 12.82s
2026-02-10 00:38:18,982 | INFO | Batch 260 | Loss: 1.1700 | Correct: 76/128 | Elapsed Time: 12.79s
2026-02-10 00:38:31,647 | INFO | Batch 270 | Loss: 1.2486 | Correct: 64/128 | Elapsed Time: 12.67s
2026-02-10 00:38:44,375 | INFO | Batch 280 | Loss: 1.2829 | Correct: 74/128 | Elapsed Time: 12.73s
2026-02-10 00:38:57,069 | INFO | Batch 290 | Loss: 1.1326 | Correct: 77/128 | Elapsed Time: 12.69s
2026-02-10 00:39:09,718 | INFO | Batch 300 | Loss: 1.1326 | Correct: 79/128 | Elapsed Time: 12.65s
2026-02-10 00:39:22,435 | INFO | Batch 310 | Loss: 1.3543 | Correct: 66/128 | Elapsed Time: 12.72s
2026-02-10 00:39:35,199 | INFO | Batch 320 | Loss: 1.1892 | Correct: 74/128 | Elapsed Time: 12.76s
2026-02-10 00:39:47,793 | INFO | Batch 330 | Loss: 1.2898 | Correct: 74/128 | Elapsed Time: 12.59s
2026-02-10 00:40:00,477 | INFO | Batch 340 | Loss: 1.2829 | Correct: 64/128 | Elapsed Time: 12.68s
2026-02-10 00:40:13,290 | INFO | Batch 350 | Loss: 1.3110 | Correct: 61/128 | Elapsed Time: 12.81s
2026-02-10 00:40:25,922 | INFO | Batch 360 | Loss: 1.3039 | Correct: 70/128 | Elapsed Time: 12.63s
2026-02-10 00:40:38,726 | INFO | Batch 370 | Loss: 1.1637 | Correct: 77/128 | Elapsed Time: 12.80s
2026-02-10 00:40:51,567 | INFO | Batch 380 | Loss: 1.1700 | Correct: 78/128 | Elapsed Time: 12.84s
2026-02-10 00:41:04,276 | INFO | Batch 390 | Loss: 1.2152 | Correct: 65/128 | Elapsed Time: 12.71s
2026-02-10 00:41:05,377 | INFO | Epoch [8/100] - Loss: 1.2552 | Correct: 27345/50000 (54.69%, 497.62s)
2026-02-10 00:41:50,657 | INFO | Validation - Loss: 1.2011 | Correct: 5711/10000 (57.11%) (45.28s)
2026-02-10 00:41:50,791 | INFO | New best model saved at epoch 8 with Top1 Acc: 57.11%
2026-02-10 00:42:03,477 | INFO | Batch 10 | Loss: 1.2022 | Correct: 72/128 | Elapsed Time: 12.69s
2026-02-10 00:42:16,213 | INFO | Batch 20 | Loss: 1.1326 | Correct: 70/128 | Elapsed Time: 12.74s
2026-02-10 00:42:28,879 | INFO | Batch 30 | Loss: 1.1700 | Correct: 72/128 | Elapsed Time: 12.67s
2026-02-10 00:42:41,521 | INFO | Batch 40 | Loss: 1.0964 | Correct: 80/128 | Elapsed Time: 12.64s
2026-02-10 00:42:54,327 | INFO | Batch 50 | Loss: 1.1892 | Correct: 73/128 | Elapsed Time: 12.81s
2026-02-10 00:43:07,216 | INFO | Batch 60 | Loss: 1.1828 | Correct: 74/128 | Elapsed Time: 12.89s
2026-02-10 00:43:19,949 | INFO | Batch 70 | Loss: 1.1637 | Correct: 75/128 | Elapsed Time: 12.73s
2026-02-10 00:43:32,673 | INFO | Batch 80 | Loss: 1.2352 | Correct: 73/128 | Elapsed Time: 12.72s
2026-02-10 00:43:45,420 | INFO | Batch 90 | Loss: 1.4848 | Correct: 61/128 | Elapsed Time: 12.75s
2026-02-10 00:43:58,076 | INFO | Batch 100 | Loss: 1.1957 | Correct: 74/128 | Elapsed Time: 12.66s
2026-02-10 00:44:10,913 | INFO | Batch 110 | Loss: 1.3764 | Correct: 66/128 | Elapsed Time: 12.84s
2026-02-10 00:44:23,647 | INFO | Batch 120 | Loss: 1.2218 | Correct: 69/128 | Elapsed Time: 12.73s
2026-02-10 00:44:36,276 | INFO | Batch 130 | Loss: 1.4768 | Correct: 60/128 | Elapsed Time: 12.63s
2026-02-10 00:44:49,007 | INFO | Batch 140 | Loss: 1.1828 | Correct: 70/128 | Elapsed Time: 12.73s
2026-02-10 00:45:01,806 | INFO | Batch 150 | Loss: 1.1892 | Correct: 80/128 | Elapsed Time: 12.80s
2026-02-10 00:45:14,615 | INFO | Batch 160 | Loss: 1.2622 | Correct: 75/128 | Elapsed Time: 12.81s
2026-02-10 00:45:27,473 | INFO | Batch 170 | Loss: 1.2352 | Correct: 70/128 | Elapsed Time: 12.86s
2026-02-10 00:45:40,268 | INFO | Batch 180 | Loss: 1.3914 | Correct: 54/128 | Elapsed Time: 12.79s
2026-02-10 00:45:52,943 | INFO | Batch 190 | Loss: 1.1326 | Correct: 75/128 | Elapsed Time: 12.68s
2026-02-10 00:46:05,727 | INFO | Batch 200 | Loss: 1.2022 | Correct: 76/128 | Elapsed Time: 12.78s
2026-02-10 00:46:18,479 | INFO | Batch 210 | Loss: 1.1265 | Correct: 75/128 | Elapsed Time: 12.75s
2026-02-10 00:46:31,204 | INFO | Batch 220 | Loss: 1.4219 | Correct: 65/128 | Elapsed Time: 12.73s
2026-02-10 00:46:43,823 | INFO | Batch 230 | Loss: 1.2622 | Correct: 67/128 | Elapsed Time: 12.62s
2026-02-10 00:46:56,564 | INFO | Batch 240 | Loss: 1.1204 | Correct: 81/128 | Elapsed Time: 12.74s
2026-02-10 00:47:09,386 | INFO | Batch 250 | Loss: 1.2285 | Correct: 76/128 | Elapsed Time: 12.82s
2026-02-10 00:47:22,055 | INFO | Batch 260 | Loss: 1.1764 | Correct: 76/128 | Elapsed Time: 12.67s
2026-02-10 00:47:34,851 | INFO | Batch 270 | Loss: 1.1574 | Correct: 73/128 | Elapsed Time: 12.80s
2026-02-10 00:47:47,703 | INFO | Batch 280 | Loss: 1.0729 | Correct: 75/128 | Elapsed Time: 12.85s
2026-02-10 00:48:00,385 | INFO | Batch 290 | Loss: 1.1512 | Correct: 74/128 | Elapsed Time: 12.68s
2026-02-10 00:48:13,260 | INFO | Batch 300 | Loss: 1.0000 | Correct: 84/128 | Elapsed Time: 12.88s
2026-02-10 00:48:25,978 | INFO | Batch 310 | Loss: 1.3252 | Correct: 58/128 | Elapsed Time: 12.72s
2026-02-10 00:48:38,572 | INFO | Batch 320 | Loss: 1.2022 | Correct: 76/128 | Elapsed Time: 12.59s
2026-02-10 00:48:51,315 | INFO | Batch 330 | Loss: 1.1450 | Correct: 77/128 | Elapsed Time: 12.74s
2026-02-10 00:49:04,092 | INFO | Batch 340 | Loss: 1.2691 | Correct: 70/128 | Elapsed Time: 12.78s
2026-02-10 00:49:16,772 | INFO | Batch 350 | Loss: 1.2152 | Correct: 78/128 | Elapsed Time: 12.68s
2026-02-10 00:49:29,518 | INFO | Batch 360 | Loss: 1.4374 | Correct: 64/128 | Elapsed Time: 12.75s
2026-02-10 00:49:42,347 | INFO | Batch 370 | Loss: 1.2968 | Correct: 66/128 | Elapsed Time: 12.83s
2026-02-10 00:49:55,080 | INFO | Batch 380 | Loss: 1.1388 | Correct: 78/128 | Elapsed Time: 12.73s
2026-02-10 00:50:07,859 | INFO | Batch 390 | Loss: 1.2218 | Correct: 69/128 | Elapsed Time: 12.78s
2026-02-10 00:50:08,869 | INFO | Epoch [9/100] - Loss: 1.2213 | Correct: 28114/50000 (56.23%, 498.08s)
2026-02-10 00:50:53,744 | INFO | Validation - Loss: 1.1777 | Correct: 5779/10000 (57.79%) (44.87s)
2026-02-10 00:50:53,881 | INFO | New best model saved at epoch 9 with Top1 Acc: 57.79%
2026-02-10 00:51:06,638 | INFO | Batch 10 | Loss: 1.2968 | Correct: 70/128 | Elapsed Time: 12.76s
2026-02-10 00:51:19,354 | INFO | Batch 20 | Loss: 1.1700 | Correct: 76/128 | Elapsed Time: 12.72s
2026-02-10 00:51:31,956 | INFO | Batch 30 | Loss: 1.1957 | Correct: 70/128 | Elapsed Time: 12.60s
2026-02-10 00:51:44,927 | INFO | Batch 40 | Loss: 1.1892 | Correct: 74/128 | Elapsed Time: 12.97s
2026-02-10 00:51:57,750 | INFO | Batch 50 | Loss: 1.2691 | Correct: 71/128 | Elapsed Time: 12.82s
2026-02-10 00:52:10,551 | INFO | Batch 60 | Loss: 1.2285 | Correct: 66/128 | Elapsed Time: 12.80s
2026-02-10 00:52:23,375 | INFO | Batch 70 | Loss: 1.0386 | Correct: 80/128 | Elapsed Time: 12.82s
2026-02-10 00:52:36,133 | INFO | Batch 80 | Loss: 1.1265 | Correct: 79/128 | Elapsed Time: 12.76s
2026-02-10 00:52:48,764 | INFO | Batch 90 | Loss: 1.3110 | Correct: 67/128 | Elapsed Time: 12.63s
2026-02-10 00:53:01,495 | INFO | Batch 100 | Loss: 0.9270 | Correct: 88/128 | Elapsed Time: 12.73s
2026-02-10 00:53:14,305 | INFO | Batch 110 | Loss: 1.3039 | Correct: 64/128 | Elapsed Time: 12.81s
2026-02-10 00:53:26,949 | INFO | Batch 120 | Loss: 1.2486 | Correct: 71/128 | Elapsed Time: 12.64s
2026-02-10 00:53:39,671 | INFO | Batch 130 | Loss: 1.2968 | Correct: 72/128 | Elapsed Time: 12.72s
2026-02-10 00:53:52,397 | INFO | Batch 140 | Loss: 1.0964 | Correct: 73/128 | Elapsed Time: 12.73s
2026-02-10 00:54:05,144 | INFO | Batch 150 | Loss: 1.3397 | Correct: 67/128 | Elapsed Time: 12.75s
2026-02-10 00:54:17,982 | INFO | Batch 160 | Loss: 1.1265 | Correct: 78/128 | Elapsed Time: 12.84s
2026-02-10 00:54:30,837 | INFO | Batch 170 | Loss: 1.0330 | Correct: 81/128 | Elapsed Time: 12.86s
2026-02-10 00:54:43,492 | INFO | Batch 180 | Loss: 1.1265 | Correct: 74/128 | Elapsed Time: 12.65s
2026-02-10 00:54:56,190 | INFO | Batch 190 | Loss: 1.1265 | Correct: 77/128 | Elapsed Time: 12.70s
2026-02-10 00:55:09,040 | INFO | Batch 200 | Loss: 1.4066 | Correct: 64/128 | Elapsed Time: 12.85s
2026-02-10 00:55:21,684 | INFO | Batch 210 | Loss: 1.2218 | Correct: 73/128 | Elapsed Time: 12.64s
2026-02-10 00:55:34,456 | INFO | Batch 220 | Loss: 1.1700 | Correct: 72/128 | Elapsed Time: 12.77s
2026-02-10 00:55:47,147 | INFO | Batch 230 | Loss: 1.1700 | Correct: 68/128 | Elapsed Time: 12.69s
2026-02-10 00:55:59,839 | INFO | Batch 240 | Loss: 1.2352 | Correct: 76/128 | Elapsed Time: 12.69s
2026-02-10 00:56:12,514 | INFO | Batch 250 | Loss: 1.2022 | Correct: 76/128 | Elapsed Time: 12.67s
2026-02-10 00:56:25,200 | INFO | Batch 260 | Loss: 1.3324 | Correct: 70/128 | Elapsed Time: 12.69s
2026-02-10 00:56:38,015 | INFO | Batch 270 | Loss: 1.1265 | Correct: 82/128 | Elapsed Time: 12.81s
2026-02-10 00:56:50,694 | INFO | Batch 280 | Loss: 1.2968 | Correct: 67/128 | Elapsed Time: 12.68s
2026-02-10 00:57:03,499 | INFO | Batch 290 | Loss: 1.1957 | Correct: 78/128 | Elapsed Time: 12.80s
2026-02-10 00:57:16,245 | INFO | Batch 300 | Loss: 1.2759 | Correct: 67/128 | Elapsed Time: 12.75s
2026-02-10 00:57:28,840 | INFO | Batch 310 | Loss: 1.2152 | Correct: 73/128 | Elapsed Time: 12.59s
2026-02-10 00:57:41,526 | INFO | Batch 320 | Loss: 1.2898 | Correct: 72/128 | Elapsed Time: 12.69s
2026-02-10 00:57:54,268 | INFO | Batch 330 | Loss: 1.4142 | Correct: 58/128 | Elapsed Time: 12.74s
2026-02-10 00:58:06,964 | INFO | Batch 340 | Loss: 1.2691 | Correct: 68/128 | Elapsed Time: 12.70s
2026-02-10 00:58:19,686 | INFO | Batch 350 | Loss: 1.1265 | Correct: 72/128 | Elapsed Time: 12.72s
2026-02-10 00:58:32,419 | INFO | Batch 360 | Loss: 1.1388 | Correct: 74/128 | Elapsed Time: 12.73s
2026-02-10 00:58:45,074 | INFO | Batch 370 | Loss: 1.1700 | Correct: 75/128 | Elapsed Time: 12.65s
2026-02-10 00:58:57,863 | INFO | Batch 380 | Loss: 1.1144 | Correct: 75/128 | Elapsed Time: 12.79s
2026-02-10 00:59:10,777 | INFO | Batch 390 | Loss: 1.1700 | Correct: 74/128 | Elapsed Time: 12.91s
2026-02-10 00:59:11,794 | INFO | Epoch [10/100] - Loss: 1.1983 | Correct: 28416/50000 (56.83%, 497.91s)
2026-02-10 00:59:56,874 | INFO | Validation - Loss: 1.1490 | Correct: 5874/10000 (58.74%) (45.08s)
2026-02-10 00:59:56,990 | INFO | New best model saved at epoch 10 with Top1 Acc: 58.74%
2026-02-10 01:00:09,719 | INFO | Batch 10 | Loss: 1.2419 | Correct: 72/128 | Elapsed Time: 12.73s
2026-02-10 01:00:22,348 | INFO | Batch 20 | Loss: 1.1637 | Correct: 73/128 | Elapsed Time: 12.63s
2026-02-10 01:00:35,070 | INFO | Batch 30 | Loss: 1.1450 | Correct: 74/128 | Elapsed Time: 12.72s
2026-02-10 01:00:47,793 | INFO | Batch 40 | Loss: 1.3543 | Correct: 65/128 | Elapsed Time: 12.72s
2026-02-10 01:01:00,415 | INFO | Batch 50 | Loss: 1.1574 | Correct: 70/128 | Elapsed Time: 12.62s
2026-02-10 01:01:13,174 | INFO | Batch 60 | Loss: 1.2152 | Correct: 72/128 | Elapsed Time: 12.76s
2026-02-10 01:01:25,929 | INFO | Batch 70 | Loss: 1.0164 | Correct: 80/128 | Elapsed Time: 12.76s
2026-02-10 01:01:38,661 | INFO | Batch 80 | Loss: 1.1144 | Correct: 74/128 | Elapsed Time: 12.73s
2026-02-10 01:01:51,466 | INFO | Batch 90 | Loss: 1.1700 | Correct: 69/128 | Elapsed Time: 12.80s
2026-02-10 01:02:04,221 | INFO | Batch 100 | Loss: 1.2554 | Correct: 73/128 | Elapsed Time: 12.76s
2026-02-10 01:02:16,849 | INFO | Batch 110 | Loss: 1.2152 | Correct: 76/128 | Elapsed Time: 12.63s
2026-02-10 01:02:29,566 | INFO | Batch 120 | Loss: 1.1326 | Correct: 72/128 | Elapsed Time: 12.72s
2026-02-10 01:02:42,272 | INFO | Batch 130 | Loss: 1.2087 | Correct: 75/128 | Elapsed Time: 12.71s
2026-02-10 01:02:54,852 | INFO | Batch 140 | Loss: 1.1892 | Correct: 76/128 | Elapsed Time: 12.58s
2026-02-10 01:03:07,570 | INFO | Batch 150 | Loss: 1.1144 | Correct: 77/128 | Elapsed Time: 12.72s
2026-02-10 01:03:20,326 | INFO | Batch 160 | Loss: 1.1764 | Correct: 76/128 | Elapsed Time: 12.76s
2026-02-10 01:03:32,966 | INFO | Batch 170 | Loss: 1.1450 | Correct: 73/128 | Elapsed Time: 12.64s
2026-02-10 01:03:45,680 | INFO | Batch 180 | Loss: 1.0846 | Correct: 75/128 | Elapsed Time: 12.71s
2026-02-10 01:03:58,398 | INFO | Batch 190 | Loss: 1.2759 | Correct: 67/128 | Elapsed Time: 12.72s
2026-02-10 01:04:11,051 | INFO | Batch 200 | Loss: 1.0614 | Correct: 81/128 | Elapsed Time: 12.65s
2026-02-10 01:04:23,751 | INFO | Batch 210 | Loss: 1.1637 | Correct: 79/128 | Elapsed Time: 12.70s
2026-02-10 01:04:36,424 | INFO | Batch 220 | Loss: 1.3110 | Correct: 68/128 | Elapsed Time: 12.67s
2026-02-10 01:04:49,143 | INFO | Batch 230 | Loss: 1.2352 | Correct: 67/128 | Elapsed Time: 12.72s
2026-02-10 01:05:01,767 | INFO | Batch 240 | Loss: 1.1828 | Correct: 79/128 | Elapsed Time: 12.62s
2026-02-10 01:05:14,515 | INFO | Batch 250 | Loss: 0.9733 | Correct: 86/128 | Elapsed Time: 12.75s
2026-02-10 01:05:27,268 | INFO | Batch 260 | Loss: 1.1388 | Correct: 78/128 | Elapsed Time: 12.75s
2026-02-10 01:05:39,868 | INFO | Batch 270 | Loss: 1.0614 | Correct: 76/128 | Elapsed Time: 12.60s
2026-02-10 01:05:52,607 | INFO | Batch 280 | Loss: 1.1512 | Correct: 72/128 | Elapsed Time: 12.74s
2026-02-10 01:06:05,374 | INFO | Batch 290 | Loss: 1.0788 | Correct: 74/128 | Elapsed Time: 12.77s
2026-02-10 01:06:17,968 | INFO | Batch 300 | Loss: 1.0671 | Correct: 80/128 | Elapsed Time: 12.59s
2026-02-10 01:06:30,647 | INFO | Batch 310 | Loss: 1.1574 | Correct: 78/128 | Elapsed Time: 12.68s
2026-02-10 01:06:43,349 | INFO | Batch 320 | Loss: 1.1024 | Correct: 74/128 | Elapsed Time: 12.70s
2026-02-10 01:06:55,939 | INFO | Batch 330 | Loss: 1.1204 | Correct: 75/128 | Elapsed Time: 12.59s
2026-02-10 01:07:08,708 | INFO | Batch 340 | Loss: 1.2152 | Correct: 67/128 | Elapsed Time: 12.77s
2026-02-10 01:07:21,456 | INFO | Batch 350 | Loss: 1.0164 | Correct: 82/128 | Elapsed Time: 12.75s
2026-02-10 01:07:34,150 | INFO | Batch 360 | Loss: 1.0499 | Correct: 80/128 | Elapsed Time: 12.69s
2026-02-10 01:07:46,961 | INFO | Batch 370 | Loss: 1.0109 | Correct: 78/128 | Elapsed Time: 12.81s
2026-02-10 01:07:59,751 | INFO | Batch 380 | Loss: 1.2087 | Correct: 67/128 | Elapsed Time: 12.79s
2026-02-10 01:08:12,507 | INFO | Batch 390 | Loss: 1.0556 | Correct: 78/128 | Elapsed Time: 12.76s
2026-02-10 01:08:13,521 | INFO | Epoch [11/100] - Loss: 1.1577 | Correct: 29247/50000 (58.49%, 496.53s)
2026-02-10 01:08:58,767 | INFO | Validation - Loss: 1.0964 | Correct: 6081/10000 (60.81%) (45.24s)
2026-02-10 01:08:58,905 | INFO | New best model saved at epoch 11 with Top1 Acc: 60.81%
2026-02-10 01:09:11,631 | INFO | Batch 10 | Loss: 1.0499 | Correct: 86/128 | Elapsed Time: 12.73s
2026-02-10 01:09:24,432 | INFO | Batch 20 | Loss: 1.0443 | Correct: 80/128 | Elapsed Time: 12.80s
2026-02-10 01:09:37,202 | INFO | Batch 30 | Loss: 1.2285 | Correct: 72/128 | Elapsed Time: 12.77s
2026-02-10 01:09:49,867 | INFO | Batch 40 | Loss: 1.2486 | Correct: 69/128 | Elapsed Time: 12.66s
2026-02-10 01:10:02,635 | INFO | Batch 50 | Loss: 1.1024 | Correct: 75/128 | Elapsed Time: 12.77s
2026-02-10 01:10:15,408 | INFO | Batch 60 | Loss: 1.1700 | Correct: 78/128 | Elapsed Time: 12.77s
2026-02-10 01:10:28,103 | INFO | Batch 70 | Loss: 1.1574 | Correct: 74/128 | Elapsed Time: 12.70s
2026-02-10 01:10:40,873 | INFO | Batch 80 | Loss: 1.1512 | Correct: 72/128 | Elapsed Time: 12.77s
2026-02-10 01:10:53,661 | INFO | Batch 90 | Loss: 1.0964 | Correct: 82/128 | Elapsed Time: 12.79s
2026-02-10 01:11:06,306 | INFO | Batch 100 | Loss: 1.1326 | Correct: 73/128 | Elapsed Time: 12.65s
2026-02-10 01:11:19,015 | INFO | Batch 110 | Loss: 1.1084 | Correct: 76/128 | Elapsed Time: 12.71s
2026-02-10 01:11:31,731 | INFO | Batch 120 | Loss: 1.2285 | Correct: 74/128 | Elapsed Time: 12.72s
2026-02-10 01:11:44,655 | INFO | Batch 130 | Loss: 1.1144 | Correct: 79/128 | Elapsed Time: 12.92s
2026-02-10 01:11:57,411 | INFO | Batch 140 | Loss: 1.1204 | Correct: 75/128 | Elapsed Time: 12.76s
2026-02-10 01:12:10,119 | INFO | Batch 150 | Loss: 1.2898 | Correct: 63/128 | Elapsed Time: 12.71s
2026-02-10 01:12:22,865 | INFO | Batch 160 | Loss: 1.1326 | Correct: 77/128 | Elapsed Time: 12.75s
2026-02-10 01:12:35,551 | INFO | Batch 170 | Loss: 1.2691 | Correct: 76/128 | Elapsed Time: 12.69s
2026-02-10 01:12:48,285 | INFO | Batch 180 | Loss: 1.0443 | Correct: 77/128 | Elapsed Time: 12.73s
2026-02-10 01:13:01,002 | INFO | Batch 190 | Loss: 1.2218 | Correct: 71/128 | Elapsed Time: 12.72s
2026-02-10 01:13:13,693 | INFO | Batch 200 | Loss: 1.2622 | Correct: 68/128 | Elapsed Time: 12.69s
2026-02-10 01:13:26,399 | INFO | Batch 210 | Loss: 1.3543 | Correct: 64/128 | Elapsed Time: 12.71s
2026-02-10 01:13:39,075 | INFO | Batch 220 | Loss: 1.2554 | Correct: 73/128 | Elapsed Time: 12.68s
2026-02-10 01:13:51,651 | INFO | Batch 230 | Loss: 1.0671 | Correct: 74/128 | Elapsed Time: 12.58s
2026-02-10 01:14:04,400 | INFO | Batch 240 | Loss: 1.2285 | Correct: 65/128 | Elapsed Time: 12.75s
2026-02-10 01:14:17,157 | INFO | Batch 250 | Loss: 1.3181 | Correct: 70/128 | Elapsed Time: 12.76s
2026-02-10 01:14:29,800 | INFO | Batch 260 | Loss: 1.1024 | Correct: 69/128 | Elapsed Time: 12.64s
2026-02-10 01:14:42,653 | INFO | Batch 270 | Loss: 1.1450 | Correct: 71/128 | Elapsed Time: 12.85s
2026-02-10 01:14:55,507 | INFO | Batch 280 | Loss: 1.0164 | Correct: 79/128 | Elapsed Time: 12.85s
2026-02-10 01:15:08,276 | INFO | Batch 290 | Loss: 1.1204 | Correct: 81/128 | Elapsed Time: 12.77s
2026-02-10 01:15:21,122 | INFO | Batch 300 | Loss: 0.9628 | Correct: 80/128 | Elapsed Time: 12.85s
2026-02-10 01:15:33,838 | INFO | Batch 310 | Loss: 1.3110 | Correct: 62/128 | Elapsed Time: 12.72s
2026-02-10 01:15:46,480 | INFO | Batch 320 | Loss: 1.1388 | Correct: 74/128 | Elapsed Time: 12.64s
2026-02-10 01:15:59,154 | INFO | Batch 330 | Loss: 1.2968 | Correct: 71/128 | Elapsed Time: 12.67s
2026-02-10 01:16:11,933 | INFO | Batch 340 | Loss: 1.2691 | Correct: 69/128 | Elapsed Time: 12.78s
2026-02-10 01:16:24,535 | INFO | Batch 350 | Loss: 1.1084 | Correct: 76/128 | Elapsed Time: 12.60s
2026-02-10 01:16:37,246 | INFO | Batch 360 | Loss: 1.1450 | Correct: 70/128 | Elapsed Time: 12.71s
2026-02-10 01:16:49,992 | INFO | Batch 370 | Loss: 1.2022 | Correct: 74/128 | Elapsed Time: 12.75s
2026-02-10 01:17:02,669 | INFO | Batch 380 | Loss: 1.1637 | Correct: 69/128 | Elapsed Time: 12.68s
2026-02-10 01:17:15,480 | INFO | Batch 390 | Loss: 1.1574 | Correct: 72/128 | Elapsed Time: 12.81s
2026-02-10 01:17:16,493 | INFO | Epoch [12/100] - Loss: 1.1680 | Correct: 29213/50000 (58.43%, 497.59s)
2026-02-10 01:18:01,602 | INFO | Validation - Loss: 1.0999 | Correct: 6107/10000 (61.07%) (45.11s)
2026-02-10 01:18:01,738 | INFO | New best model saved at epoch 12 with Top1 Acc: 61.07%
2026-02-10 01:18:14,528 | INFO | Batch 10 | Loss: 1.3181 | Correct: 75/128 | Elapsed Time: 12.79s
2026-02-10 01:18:27,259 | INFO | Batch 20 | Loss: 1.0905 | Correct: 76/128 | Elapsed Time: 12.73s
2026-02-10 01:18:39,884 | INFO | Batch 30 | Loss: 1.0788 | Correct: 79/128 | Elapsed Time: 12.63s
2026-02-10 01:18:52,608 | INFO | Batch 40 | Loss: 1.0671 | Correct: 85/128 | Elapsed Time: 12.72s
2026-02-10 01:19:05,438 | INFO | Batch 50 | Loss: 1.1450 | Correct: 77/128 | Elapsed Time: 12.83s
2026-02-10 01:19:18,041 | INFO | Batch 60 | Loss: 1.2285 | Correct: 65/128 | Elapsed Time: 12.60s
2026-02-10 01:19:30,717 | INFO | Batch 70 | Loss: 1.1574 | Correct: 76/128 | Elapsed Time: 12.68s
2026-02-10 01:19:43,409 | INFO | Batch 80 | Loss: 1.0000 | Correct: 81/128 | Elapsed Time: 12.69s
2026-02-10 01:19:56,072 | INFO | Batch 90 | Loss: 0.9786 | Correct: 81/128 | Elapsed Time: 12.66s
2026-02-10 01:20:08,971 | INFO | Batch 100 | Loss: 1.0556 | Correct: 79/128 | Elapsed Time: 12.90s
2026-02-10 01:20:21,677 | INFO | Batch 110 | Loss: 1.1144 | Correct: 77/128 | Elapsed Time: 12.71s
2026-02-10 01:20:34,288 | INFO | Batch 120 | Loss: 1.0556 | Correct: 84/128 | Elapsed Time: 12.61s
2026-02-10 01:20:47,024 | INFO | Batch 130 | Loss: 1.0219 | Correct: 78/128 | Elapsed Time: 12.74s
2026-02-10 01:20:59,742 | INFO | Batch 140 | Loss: 1.1024 | Correct: 75/128 | Elapsed Time: 12.72s
2026-02-10 01:21:12,391 | INFO | Batch 150 | Loss: 1.2022 | Correct: 71/128 | Elapsed Time: 12.65s
2026-02-10 01:21:25,048 | INFO | Batch 160 | Loss: 1.2285 | Correct: 67/128 | Elapsed Time: 12.66s
2026-02-10 01:21:37,876 | INFO | Batch 170 | Loss: 1.1024 | Correct: 78/128 | Elapsed Time: 12.83s
2026-02-10 01:21:50,653 | INFO | Batch 180 | Loss: 0.9680 | Correct: 85/128 | Elapsed Time: 12.78s
2026-02-10 01:22:03,385 | INFO | Batch 190 | Loss: 1.5174 | Correct: 57/128 | Elapsed Time: 12.73s
2026-02-10 01:22:16,066 | INFO | Batch 200 | Loss: 1.1204 | Correct: 73/128 | Elapsed Time: 12.68s
2026-02-10 01:22:28,750 | INFO | Batch 210 | Loss: 1.0846 | Correct: 81/128 | Elapsed Time: 12.68s
2026-02-10 01:22:41,387 | INFO | Batch 220 | Loss: 1.1574 | Correct: 79/128 | Elapsed Time: 12.64s
2026-02-10 01:22:54,060 | INFO | Batch 230 | Loss: 1.0386 | Correct: 79/128 | Elapsed Time: 12.67s
2026-02-10 01:23:06,891 | INFO | Batch 240 | Loss: 1.2152 | Correct: 72/128 | Elapsed Time: 12.83s
2026-02-10 01:23:19,539 | INFO | Batch 250 | Loss: 1.2898 | Correct: 76/128 | Elapsed Time: 12.65s
2026-02-10 01:23:32,250 | INFO | Batch 260 | Loss: 1.0499 | Correct: 78/128 | Elapsed Time: 12.71s
2026-02-10 01:23:44,962 | INFO | Batch 270 | Loss: 1.1388 | Correct: 77/128 | Elapsed Time: 12.71s
2026-02-10 01:23:57,561 | INFO | Batch 280 | Loss: 1.0671 | Correct: 79/128 | Elapsed Time: 12.60s
2026-02-10 01:24:10,293 | INFO | Batch 290 | Loss: 1.0054 | Correct: 85/128 | Elapsed Time: 12.73s
2026-02-10 01:24:23,007 | INFO | Batch 300 | Loss: 1.0386 | Correct: 76/128 | Elapsed Time: 12.71s
2026-02-10 01:24:35,631 | INFO | Batch 310 | Loss: 0.9628 | Correct: 83/128 | Elapsed Time: 12.62s
2026-02-10 01:24:48,330 | INFO | Batch 320 | Loss: 1.1265 | Correct: 78/128 | Elapsed Time: 12.70s
2026-02-10 01:25:01,067 | INFO | Batch 330 | Loss: 1.0000 | Correct: 82/128 | Elapsed Time: 12.74s
2026-02-10 01:25:13,743 | INFO | Batch 340 | Loss: 1.1326 | Correct: 80/128 | Elapsed Time: 12.68s
2026-02-10 01:25:26,433 | INFO | Batch 350 | Loss: 1.1144 | Correct: 76/128 | Elapsed Time: 12.69s
2026-02-10 01:25:39,142 | INFO | Batch 360 | Loss: 1.2691 | Correct: 69/128 | Elapsed Time: 12.71s
2026-02-10 01:25:51,773 | INFO | Batch 370 | Loss: 1.1828 | Correct: 80/128 | Elapsed Time: 12.63s
2026-02-10 01:26:04,519 | INFO | Batch 380 | Loss: 1.2622 | Correct: 71/128 | Elapsed Time: 12.75s
2026-02-10 01:26:17,230 | INFO | Batch 390 | Loss: 1.2829 | Correct: 67/128 | Elapsed Time: 12.71s
2026-02-10 01:26:18,232 | INFO | Epoch [13/100] - Loss: 1.1186 | Correct: 30114/50000 (60.23%, 496.49s)
2026-02-10 01:27:03,295 | INFO | Validation - Loss: 1.0854 | Correct: 6202/10000 (62.02%) (45.06s)
2026-02-10 01:27:03,425 | INFO | New best model saved at epoch 13 with Top1 Acc: 62.02%
2026-02-10 01:27:16,135 | INFO | Batch 10 | Loss: 1.3543 | Correct: 69/128 | Elapsed Time: 12.71s
2026-02-10 01:27:28,766 | INFO | Batch 20 | Loss: 1.2022 | Correct: 71/128 | Elapsed Time: 12.63s
2026-02-10 01:27:41,455 | INFO | Batch 30 | Loss: 1.2352 | Correct: 72/128 | Elapsed Time: 12.69s
2026-02-10 01:27:54,163 | INFO | Batch 40 | Loss: 1.1326 | Correct: 75/128 | Elapsed Time: 12.71s
2026-02-10 01:28:06,818 | INFO | Batch 50 | Loss: 1.1450 | Correct: 74/128 | Elapsed Time: 12.65s
2026-02-10 01:28:19,501 | INFO | Batch 60 | Loss: 1.1388 | Correct: 73/128 | Elapsed Time: 12.68s
2026-02-10 01:28:32,185 | INFO | Batch 70 | Loss: 1.0671 | Correct: 78/128 | Elapsed Time: 12.68s
2026-02-10 01:28:44,760 | INFO | Batch 80 | Loss: 1.1024 | Correct: 74/128 | Elapsed Time: 12.57s
2026-02-10 01:28:57,441 | INFO | Batch 90 | Loss: 1.1574 | Correct: 69/128 | Elapsed Time: 12.68s
2026-02-10 01:29:10,200 | INFO | Batch 100 | Loss: 1.1700 | Correct: 75/128 | Elapsed Time: 12.76s
2026-02-10 01:29:22,836 | INFO | Batch 110 | Loss: 1.0274 | Correct: 78/128 | Elapsed Time: 12.64s
2026-02-10 01:29:35,499 | INFO | Batch 120 | Loss: 1.0556 | Correct: 72/128 | Elapsed Time: 12.66s
2026-02-10 01:29:48,152 | INFO | Batch 130 | Loss: 1.1700 | Correct: 77/128 | Elapsed Time: 12.65s
2026-02-10 01:30:00,862 | INFO | Batch 140 | Loss: 0.9946 | Correct: 79/128 | Elapsed Time: 12.71s
2026-02-10 01:30:13,513 | INFO | Batch 150 | Loss: 1.0905 | Correct: 77/128 | Elapsed Time: 12.65s
2026-02-10 01:30:26,255 | INFO | Batch 160 | Loss: 1.0054 | Correct: 86/128 | Elapsed Time: 12.74s
2026-02-10 01:30:38,940 | INFO | Batch 170 | Loss: 0.9270 | Correct: 85/128 | Elapsed Time: 12.68s
2026-02-10 01:30:51,553 | INFO | Batch 180 | Loss: 1.1265 | Correct: 75/128 | Elapsed Time: 12.61s
2026-02-10 01:31:04,310 | INFO | Batch 190 | Loss: 1.1204 | Correct: 77/128 | Elapsed Time: 12.76s
2026-02-10 01:31:17,021 | INFO | Batch 200 | Loss: 0.9473 | Correct: 90/128 | Elapsed Time: 12.71s
2026-02-10 01:31:29,659 | INFO | Batch 210 | Loss: 1.0219 | Correct: 76/128 | Elapsed Time: 12.64s
2026-02-10 01:31:42,626 | INFO | Batch 220 | Loss: 1.1326 | Correct: 73/128 | Elapsed Time: 12.97s
2026-02-10 01:31:55,398 | INFO | Batch 230 | Loss: 1.2554 | Correct: 69/128 | Elapsed Time: 12.77s
2026-02-10 01:32:08,111 | INFO | Batch 240 | Loss: 1.2285 | Correct: 73/128 | Elapsed Time: 12.71s
2026-02-10 01:32:20,832 | INFO | Batch 250 | Loss: 0.9628 | Correct: 80/128 | Elapsed Time: 12.72s
2026-02-10 01:32:33,486 | INFO | Batch 260 | Loss: 1.1084 | Correct: 78/128 | Elapsed Time: 12.65s
2026-02-10 01:32:46,094 | INFO | Batch 270 | Loss: 1.1388 | Correct: 80/128 | Elapsed Time: 12.61s
2026-02-10 01:32:58,814 | INFO | Batch 280 | Loss: 1.1450 | Correct: 77/128 | Elapsed Time: 12.72s
2026-02-10 01:33:11,644 | INFO | Batch 290 | Loss: 0.9680 | Correct: 86/128 | Elapsed Time: 12.83s
2026-02-10 01:33:24,286 | INFO | Batch 300 | Loss: 0.8781 | Correct: 88/128 | Elapsed Time: 12.64s
2026-02-10 01:33:37,003 | INFO | Batch 310 | Loss: 0.9576 | Correct: 82/128 | Elapsed Time: 12.72s
2026-02-10 01:33:49,699 | INFO | Batch 320 | Loss: 1.0109 | Correct: 83/128 | Elapsed Time: 12.70s
2026-02-10 01:34:02,332 | INFO | Batch 330 | Loss: 1.1892 | Correct: 71/128 | Elapsed Time: 12.63s
2026-02-10 01:34:15,072 | INFO | Batch 340 | Loss: 0.9839 | Correct: 81/128 | Elapsed Time: 12.74s
2026-02-10 01:34:27,779 | INFO | Batch 350 | Loss: 1.1265 | Correct: 77/128 | Elapsed Time: 12.71s
2026-02-10 01:34:40,404 | INFO | Batch 360 | Loss: 1.1700 | Correct: 74/128 | Elapsed Time: 12.62s
2026-02-10 01:34:53,112 | INFO | Batch 370 | Loss: 1.1957 | Correct: 80/128 | Elapsed Time: 12.71s
2026-02-10 01:35:06,058 | INFO | Batch 380 | Loss: 1.2691 | Correct: 66/128 | Elapsed Time: 12.95s
2026-02-10 01:35:18,686 | INFO | Batch 390 | Loss: 1.0330 | Correct: 86/128 | Elapsed Time: 12.63s
2026-02-10 01:35:19,817 | INFO | Epoch [14/100] - Loss: 1.1009 | Correct: 30381/50000 (60.76%, 496.39s)
2026-02-10 01:36:04,940 | INFO | Validation - Loss: 1.2955 | Correct: 5559/10000 (55.59%) (45.12s)
2026-02-10 01:36:17,569 | INFO | Batch 10 | Loss: 1.0788 | Correct: 78/128 | Elapsed Time: 12.63s
2026-02-10 01:36:30,313 | INFO | Batch 20 | Loss: 1.0671 | Correct: 69/128 | Elapsed Time: 12.74s
2026-02-10 01:36:43,018 | INFO | Batch 30 | Loss: 1.0054 | Correct: 76/128 | Elapsed Time: 12.71s
2026-02-10 01:36:55,623 | INFO | Batch 40 | Loss: 1.1512 | Correct: 78/128 | Elapsed Time: 12.60s
2026-02-10 01:37:08,363 | INFO | Batch 50 | Loss: 1.2486 | Correct: 63/128 | Elapsed Time: 12.74s
2026-02-10 01:37:21,068 | INFO | Batch 60 | Loss: 1.1828 | Correct: 79/128 | Elapsed Time: 12.71s
2026-02-10 01:37:33,676 | INFO | Batch 70 | Loss: 1.0000 | Correct: 81/128 | Elapsed Time: 12.61s
2026-02-10 01:37:46,376 | INFO | Batch 80 | Loss: 1.0671 | Correct: 76/128 | Elapsed Time: 12.70s
2026-02-10 01:37:59,056 | INFO | Batch 90 | Loss: 1.1024 | Correct: 79/128 | Elapsed Time: 12.68s
2026-02-10 01:38:11,758 | INFO | Batch 100 | Loss: 1.2419 | Correct: 72/128 | Elapsed Time: 12.70s
2026-02-10 01:38:24,514 | INFO | Batch 110 | Loss: 1.0274 | Correct: 79/128 | Elapsed Time: 12.76s
2026-02-10 01:38:37,228 | INFO | Batch 120 | Loss: 0.9786 | Correct: 79/128 | Elapsed Time: 12.71s
2026-02-10 01:38:49,858 | INFO | Batch 130 | Loss: 1.1144 | Correct: 77/128 | Elapsed Time: 12.63s
2026-02-10 01:39:02,625 | INFO | Batch 140 | Loss: 1.0846 | Correct: 75/128 | Elapsed Time: 12.77s
2026-02-10 01:39:15,331 | INFO | Batch 150 | Loss: 1.0054 | Correct: 75/128 | Elapsed Time: 12.71s
2026-02-10 01:39:28,005 | INFO | Batch 160 | Loss: 1.2352 | Correct: 70/128 | Elapsed Time: 12.67s
2026-02-10 01:39:40,591 | INFO | Batch 170 | Loss: 0.9946 | Correct: 86/128 | Elapsed Time: 12.59s
2026-02-10 01:39:53,324 | INFO | Batch 180 | Loss: 1.0788 | Correct: 75/128 | Elapsed Time: 12.73s
2026-02-10 01:40:06,099 | INFO | Batch 190 | Loss: 1.0905 | Correct: 75/128 | Elapsed Time: 12.77s
2026-02-10 01:40:18,695 | INFO | Batch 200 | Loss: 1.0386 | Correct: 79/128 | Elapsed Time: 12.60s
2026-02-10 01:40:31,393 | INFO | Batch 210 | Loss: 0.9946 | Correct: 81/128 | Elapsed Time: 12.70s
2026-02-10 01:40:44,124 | INFO | Batch 220 | Loss: 1.2022 | Correct: 78/128 | Elapsed Time: 12.73s
2026-02-10 01:40:56,701 | INFO | Batch 230 | Loss: 1.1764 | Correct: 77/128 | Elapsed Time: 12.58s
2026-02-10 01:41:09,425 | INFO | Batch 240 | Loss: 0.9839 | Correct: 78/128 | Elapsed Time: 12.72s
2026-02-10 01:41:22,164 | INFO | Batch 250 | Loss: 1.0164 | Correct: 76/128 | Elapsed Time: 12.74s
2026-02-10 01:41:34,876 | INFO | Batch 260 | Loss: 1.0905 | Correct: 80/128 | Elapsed Time: 12.71s
2026-02-10 01:41:47,717 | INFO | Batch 270 | Loss: 0.9320 | Correct: 87/128 | Elapsed Time: 12.84s
2026-02-10 01:42:00,439 | INFO | Batch 280 | Loss: 1.1574 | Correct: 79/128 | Elapsed Time: 12.72s
2026-02-10 01:42:13,141 | INFO | Batch 290 | Loss: 1.1512 | Correct: 73/128 | Elapsed Time: 12.70s
2026-02-10 01:42:25,923 | INFO | Batch 300 | Loss: 1.1764 | Correct: 80/128 | Elapsed Time: 12.78s
2026-02-10 01:42:38,687 | INFO | Batch 310 | Loss: 1.1700 | Correct: 71/128 | Elapsed Time: 12.76s
2026-02-10 01:42:51,324 | INFO | Batch 320 | Loss: 1.1084 | Correct: 77/128 | Elapsed Time: 12.64s
2026-02-10 01:43:04,115 | INFO | Batch 330 | Loss: 1.0054 | Correct: 74/128 | Elapsed Time: 12.79s
2026-02-10 01:43:16,849 | INFO | Batch 340 | Loss: 1.1326 | Correct: 73/128 | Elapsed Time: 12.73s
2026-02-10 01:43:29,511 | INFO | Batch 350 | Loss: 1.0905 | Correct: 82/128 | Elapsed Time: 12.66s
2026-02-10 01:43:42,245 | INFO | Batch 360 | Loss: 1.0274 | Correct: 80/128 | Elapsed Time: 12.73s
2026-02-10 01:43:54,959 | INFO | Batch 370 | Loss: 1.0109 | Correct: 84/128 | Elapsed Time: 12.71s
2026-02-10 01:44:07,588 | INFO | Batch 380 | Loss: 0.9946 | Correct: 81/128 | Elapsed Time: 12.63s
2026-02-10 01:44:20,335 | INFO | Batch 390 | Loss: 1.0671 | Correct: 78/128 | Elapsed Time: 12.75s
2026-02-10 01:44:21,340 | INFO | Epoch [15/100] - Loss: 1.0917 | Correct: 30538/50000 (61.08%, 496.40s)
2026-02-10 01:45:06,554 | INFO | Validation - Loss: 1.0438 | Correct: 6324/10000 (63.24%) (45.21s)
2026-02-10 01:45:06,686 | INFO | New best model saved at epoch 15 with Top1 Acc: 63.24%
2026-02-10 01:45:19,393 | INFO | Batch 10 | Loss: 1.0671 | Correct: 79/128 | Elapsed Time: 12.71s
2026-02-10 01:45:32,151 | INFO | Batch 20 | Loss: 0.9628 | Correct: 81/128 | Elapsed Time: 12.76s
2026-02-10 01:45:44,815 | INFO | Batch 30 | Loss: 1.1450 | Correct: 81/128 | Elapsed Time: 12.66s
2026-02-10 01:45:57,538 | INFO | Batch 40 | Loss: 1.0443 | Correct: 75/128 | Elapsed Time: 12.72s
2026-02-10 01:46:10,305 | INFO | Batch 50 | Loss: 1.1388 | Correct: 72/128 | Elapsed Time: 12.77s
2026-02-10 01:46:22,862 | INFO | Batch 60 | Loss: 1.1892 | Correct: 74/128 | Elapsed Time: 12.56s
2026-02-10 01:46:35,580 | INFO | Batch 70 | Loss: 1.2152 | Correct: 69/128 | Elapsed Time: 12.72s
2026-02-10 01:46:48,304 | INFO | Batch 80 | Loss: 1.1764 | Correct: 75/128 | Elapsed Time: 12.72s
2026-02-10 01:47:00,945 | INFO | Batch 90 | Loss: 1.0964 | Correct: 81/128 | Elapsed Time: 12.64s
2026-02-10 01:47:13,775 | INFO | Batch 100 | Loss: 1.0788 | Correct: 78/128 | Elapsed Time: 12.83s
2026-02-10 01:47:26,524 | INFO | Batch 110 | Loss: 1.0729 | Correct: 75/128 | Elapsed Time: 12.75s
2026-02-10 01:47:39,160 | INFO | Batch 120 | Loss: 1.1512 | Correct: 78/128 | Elapsed Time: 12.64s
2026-02-10 01:47:51,895 | INFO | Batch 130 | Loss: 1.0386 | Correct: 83/128 | Elapsed Time: 12.74s
2026-02-10 01:48:04,746 | INFO | Batch 140 | Loss: 1.0443 | Correct: 83/128 | Elapsed Time: 12.85s
2026-02-10 01:48:17,442 | INFO | Batch 150 | Loss: 1.0788 | Correct: 77/128 | Elapsed Time: 12.70s
2026-02-10 01:48:30,085 | INFO | Batch 160 | Loss: 1.1764 | Correct: 74/128 | Elapsed Time: 12.64s
2026-02-10 01:48:42,847 | INFO | Batch 170 | Loss: 1.0788 | Correct: 83/128 | Elapsed Time: 12.76s
2026-02-10 01:48:55,585 | INFO | Batch 180 | Loss: 0.9170 | Correct: 87/128 | Elapsed Time: 12.74s
2026-02-10 01:49:08,224 | INFO | Batch 190 | Loss: 1.0788 | Correct: 82/128 | Elapsed Time: 12.64s
2026-02-10 01:49:20,963 | INFO | Batch 200 | Loss: 0.9786 | Correct: 80/128 | Elapsed Time: 12.74s
2026-02-10 01:49:33,695 | INFO | Batch 210 | Loss: 1.3397 | Correct: 64/128 | Elapsed Time: 12.73s
2026-02-10 01:49:46,317 | INFO | Batch 220 | Loss: 1.2087 | Correct: 76/128 | Elapsed Time: 12.62s
2026-02-10 01:49:59,031 | INFO | Batch 230 | Loss: 0.9320 | Correct: 87/128 | Elapsed Time: 12.71s
2026-02-10 01:50:11,835 | INFO | Batch 240 | Loss: 1.0164 | Correct: 80/128 | Elapsed Time: 12.80s
2026-02-10 01:50:24,443 | INFO | Batch 250 | Loss: 1.1764 | Correct: 70/128 | Elapsed Time: 12.61s
2026-02-10 01:50:37,164 | INFO | Batch 260 | Loss: 1.0054 | Correct: 79/128 | Elapsed Time: 12.72s
2026-02-10 01:50:49,890 | INFO | Batch 270 | Loss: 1.1326 | Correct: 80/128 | Elapsed Time: 12.73s
2026-02-10 01:51:02,560 | INFO | Batch 280 | Loss: 1.0386 | Correct: 77/128 | Elapsed Time: 12.67s
2026-02-10 01:51:15,302 | INFO | Batch 290 | Loss: 0.9422 | Correct: 89/128 | Elapsed Time: 12.74s
2026-02-10 01:51:28,024 | INFO | Batch 300 | Loss: 1.1450 | Correct: 71/128 | Elapsed Time: 12.72s
2026-02-10 01:51:40,824 | INFO | Batch 310 | Loss: 0.9892 | Correct: 79/128 | Elapsed Time: 12.80s
2026-02-10 01:51:53,525 | INFO | Batch 320 | Loss: 1.0729 | Correct: 75/128 | Elapsed Time: 12.70s
2026-02-10 01:52:06,262 | INFO | Batch 330 | Loss: 1.0846 | Correct: 79/128 | Elapsed Time: 12.74s
2026-02-10 01:52:18,907 | INFO | Batch 340 | Loss: 1.0386 | Correct: 78/128 | Elapsed Time: 12.65s
2026-02-10 01:52:31,649 | INFO | Batch 350 | Loss: 1.1084 | Correct: 83/128 | Elapsed Time: 12.74s
2026-02-10 01:52:44,368 | INFO | Batch 360 | Loss: 1.0386 | Correct: 84/128 | Elapsed Time: 12.72s
2026-02-10 01:52:57,105 | INFO | Batch 370 | Loss: 1.0846 | Correct: 72/128 | Elapsed Time: 12.74s
2026-02-10 01:53:09,763 | INFO | Batch 380 | Loss: 0.9320 | Correct: 85/128 | Elapsed Time: 12.66s
2026-02-10 01:53:22,471 | INFO | Batch 390 | Loss: 0.9892 | Correct: 85/128 | Elapsed Time: 12.71s
2026-02-10 01:53:23,475 | INFO | Epoch [16/100] - Loss: 1.0585 | Correct: 31024/50000 (62.05%, 496.79s)
2026-02-10 01:54:08,673 | INFO | Validation - Loss: 1.0631 | Correct: 6283/10000 (62.83%) (45.20s)
2026-02-10 01:54:21,395 | INFO | Batch 10 | Loss: 1.0054 | Correct: 81/128 | Elapsed Time: 12.72s
2026-02-10 01:54:34,004 | INFO | Batch 20 | Loss: 1.0443 | Correct: 78/128 | Elapsed Time: 12.61s
2026-02-10 01:54:46,718 | INFO | Batch 30 | Loss: 1.0614 | Correct: 75/128 | Elapsed Time: 12.71s
2026-02-10 01:54:59,409 | INFO | Batch 40 | Loss: 1.1700 | Correct: 79/128 | Elapsed Time: 12.69s
2026-02-10 01:55:12,116 | INFO | Batch 50 | Loss: 1.0788 | Correct: 75/128 | Elapsed Time: 12.71s
2026-02-10 01:55:24,798 | INFO | Batch 60 | Loss: 1.2486 | Correct: 66/128 | Elapsed Time: 12.68s
2026-02-10 01:55:37,508 | INFO | Batch 70 | Loss: 0.9946 | Correct: 80/128 | Elapsed Time: 12.71s
2026-02-10 01:55:50,126 | INFO | Batch 80 | Loss: 1.0671 | Correct: 82/128 | Elapsed Time: 12.62s
2026-02-10 01:56:02,835 | INFO | Batch 90 | Loss: 0.9892 | Correct: 81/128 | Elapsed Time: 12.71s
2026-02-10 01:56:15,566 | INFO | Batch 100 | Loss: 1.1265 | Correct: 71/128 | Elapsed Time: 12.73s
2026-02-10 01:56:28,180 | INFO | Batch 110 | Loss: 1.0499 | Correct: 82/128 | Elapsed Time: 12.61s
2026-02-10 01:56:40,893 | INFO | Batch 120 | Loss: 1.3110 | Correct: 68/128 | Elapsed Time: 12.71s
2026-02-10 01:56:53,665 | INFO | Batch 130 | Loss: 1.1326 | Correct: 80/128 | Elapsed Time: 12.77s
2026-02-10 01:57:06,351 | INFO | Batch 140 | Loss: 1.0443 | Correct: 78/128 | Elapsed Time: 12.69s
2026-02-10 01:57:19,130 | INFO | Batch 150 | Loss: 0.9371 | Correct: 85/128 | Elapsed Time: 12.78s
2026-02-10 01:57:31,975 | INFO | Batch 160 | Loss: 1.1512 | Correct: 77/128 | Elapsed Time: 12.84s
2026-02-10 01:57:44,823 | INFO | Batch 170 | Loss: 1.2218 | Correct: 69/128 | Elapsed Time: 12.85s
2026-02-10 01:57:57,543 | INFO | Batch 180 | Loss: 1.0556 | Correct: 78/128 | Elapsed Time: 12.72s
2026-02-10 01:58:10,459 | INFO | Batch 190 | Loss: 1.0274 | Correct: 78/128 | Elapsed Time: 12.92s
2026-02-10 01:58:23,338 | INFO | Batch 200 | Loss: 1.0274 | Correct: 81/128 | Elapsed Time: 12.88s
2026-02-10 01:58:36,143 | INFO | Batch 210 | Loss: 1.1204 | Correct: 76/128 | Elapsed Time: 12.81s
2026-02-10 01:58:49,237 | INFO | Batch 220 | Loss: 0.9371 | Correct: 87/128 | Elapsed Time: 13.09s
2026-02-10 01:59:02,376 | INFO | Batch 230 | Loss: 1.0671 | Correct: 80/128 | Elapsed Time: 13.14s
2026-02-10 01:59:15,273 | INFO | Batch 240 | Loss: 1.0330 | Correct: 81/128 | Elapsed Time: 12.90s
2026-02-10 01:59:28,155 | INFO | Batch 250 | Loss: 0.8925 | Correct: 89/128 | Elapsed Time: 12.88s
2026-02-10 01:59:40,916 | INFO | Batch 260 | Loss: 1.2087 | Correct: 75/128 | Elapsed Time: 12.76s
2026-02-10 01:59:53,595 | INFO | Batch 270 | Loss: 1.0788 | Correct: 80/128 | Elapsed Time: 12.68s
2026-02-10 02:00:06,454 | INFO | Batch 280 | Loss: 1.2087 | Correct: 70/128 | Elapsed Time: 12.86s
2026-02-10 02:00:19,222 | INFO | Batch 290 | Loss: 1.2152 | Correct: 74/128 | Elapsed Time: 12.77s
2026-02-10 02:00:31,904 | INFO | Batch 300 | Loss: 1.0499 | Correct: 77/128 | Elapsed Time: 12.68s
2026-02-10 02:00:44,639 | INFO | Batch 310 | Loss: 0.9680 | Correct: 88/128 | Elapsed Time: 12.74s
2026-02-10 02:00:57,389 | INFO | Batch 320 | Loss: 1.1084 | Correct: 81/128 | Elapsed Time: 12.75s
2026-02-10 02:01:10,018 | INFO | Batch 330 | Loss: 0.9422 | Correct: 87/128 | Elapsed Time: 12.63s
2026-02-10 02:01:22,737 | INFO | Batch 340 | Loss: 1.2759 | Correct: 76/128 | Elapsed Time: 12.72s
2026-02-10 02:01:35,507 | INFO | Batch 350 | Loss: 1.1512 | Correct: 77/128 | Elapsed Time: 12.77s
2026-02-10 02:01:48,275 | INFO | Batch 360 | Loss: 1.0386 | Correct: 80/128 | Elapsed Time: 12.77s
2026-02-10 02:02:00,990 | INFO | Batch 370 | Loss: 1.0109 | Correct: 77/128 | Elapsed Time: 12.71s
2026-02-10 02:02:13,781 | INFO | Batch 380 | Loss: 0.9786 | Correct: 82/128 | Elapsed Time: 12.79s
2026-02-10 02:02:26,509 | INFO | Batch 390 | Loss: 0.8734 | Correct: 86/128 | Elapsed Time: 12.73s
2026-02-10 02:02:27,519 | INFO | Epoch [17/100] - Loss: 1.0477 | Correct: 31316/50000 (62.63%, 498.85s)
2026-02-10 02:03:12,668 | INFO | Validation - Loss: 1.0206 | Correct: 6379/10000 (63.79%) (45.15s)
2026-02-10 02:03:12,806 | INFO | New best model saved at epoch 17 with Top1 Acc: 63.79%
2026-02-10 02:03:25,402 | INFO | Batch 10 | Loss: 1.1084 | Correct: 75/128 | Elapsed Time: 12.60s
2026-02-10 02:03:38,112 | INFO | Batch 20 | Loss: 1.1637 | Correct: 77/128 | Elapsed Time: 12.71s
2026-02-10 02:03:50,784 | INFO | Batch 30 | Loss: 1.0274 | Correct: 81/128 | Elapsed Time: 12.67s
2026-02-10 02:04:03,462 | INFO | Batch 40 | Loss: 0.9170 | Correct: 90/128 | Elapsed Time: 12.68s
2026-02-10 02:04:16,225 | INFO | Batch 50 | Loss: 1.0274 | Correct: 89/128 | Elapsed Time: 12.76s
2026-02-10 02:04:28,916 | INFO | Batch 60 | Loss: 1.2486 | Correct: 68/128 | Elapsed Time: 12.69s
2026-02-10 02:04:41,515 | INFO | Batch 70 | Loss: 1.1204 | Correct: 80/128 | Elapsed Time: 12.60s
2026-02-10 02:04:54,187 | INFO | Batch 80 | Loss: 0.9892 | Correct: 87/128 | Elapsed Time: 12.67s
2026-02-10 02:05:07,019 | INFO | Batch 90 | Loss: 1.1512 | Correct: 75/128 | Elapsed Time: 12.83s
2026-02-10 02:05:19,624 | INFO | Batch 100 | Loss: 0.9371 | Correct: 85/128 | Elapsed Time: 12.60s
2026-02-10 02:05:32,287 | INFO | Batch 110 | Loss: 0.9422 | Correct: 83/128 | Elapsed Time: 12.66s
2026-02-10 02:05:44,997 | INFO | Batch 120 | Loss: 1.1388 | Correct: 79/128 | Elapsed Time: 12.71s
2026-02-10 02:05:57,622 | INFO | Batch 130 | Loss: 0.8974 | Correct: 94/128 | Elapsed Time: 12.62s
2026-02-10 02:06:10,383 | INFO | Batch 140 | Loss: 1.0219 | Correct: 77/128 | Elapsed Time: 12.76s
2026-02-10 02:06:23,062 | INFO | Batch 150 | Loss: 0.9121 | Correct: 83/128 | Elapsed Time: 12.68s
2026-02-10 02:06:35,817 | INFO | Batch 160 | Loss: 0.9524 | Correct: 82/128 | Elapsed Time: 12.75s
2026-02-10 02:06:48,613 | INFO | Batch 170 | Loss: 1.0164 | Correct: 83/128 | Elapsed Time: 12.80s
2026-02-10 02:07:01,397 | INFO | Batch 180 | Loss: 1.0274 | Correct: 74/128 | Elapsed Time: 12.78s
2026-02-10 02:07:14,187 | INFO | Batch 190 | Loss: 0.8687 | Correct: 88/128 | Elapsed Time: 12.79s
2026-02-10 02:07:26,808 | INFO | Batch 200 | Loss: 1.0905 | Correct: 73/128 | Elapsed Time: 12.62s
2026-02-10 02:07:39,513 | INFO | Batch 210 | Loss: 1.2486 | Correct: 73/128 | Elapsed Time: 12.70s
2026-02-10 02:07:52,193 | INFO | Batch 220 | Loss: 0.9121 | Correct: 81/128 | Elapsed Time: 12.68s
2026-02-10 02:08:04,947 | INFO | Batch 230 | Loss: 0.8781 | Correct: 83/128 | Elapsed Time: 12.75s
2026-02-10 02:08:17,689 | INFO | Batch 240 | Loss: 0.8409 | Correct: 84/128 | Elapsed Time: 12.74s
2026-02-10 02:08:30,420 | INFO | Batch 250 | Loss: 1.0964 | Correct: 79/128 | Elapsed Time: 12.73s
2026-02-10 02:08:43,087 | INFO | Batch 260 | Loss: 0.9071 | Correct: 89/128 | Elapsed Time: 12.67s
2026-02-10 02:08:55,933 | INFO | Batch 270 | Loss: 0.8925 | Correct: 96/128 | Elapsed Time: 12.85s
2026-02-10 02:09:08,789 | INFO | Batch 280 | Loss: 1.1637 | Correct: 73/128 | Elapsed Time: 12.86s
2026-02-10 02:09:21,369 | INFO | Batch 290 | Loss: 1.0729 | Correct: 76/128 | Elapsed Time: 12.58s
2026-02-10 02:09:34,021 | INFO | Batch 300 | Loss: 1.0671 | Correct: 80/128 | Elapsed Time: 12.65s
2026-02-10 02:09:46,695 | INFO | Batch 310 | Loss: 1.1574 | Correct: 76/128 | Elapsed Time: 12.67s
2026-02-10 02:09:59,287 | INFO | Batch 320 | Loss: 1.0274 | Correct: 82/128 | Elapsed Time: 12.59s
2026-02-10 02:10:12,139 | INFO | Batch 330 | Loss: 1.0386 | Correct: 81/128 | Elapsed Time: 12.85s
2026-02-10 02:10:24,941 | INFO | Batch 340 | Loss: 0.9270 | Correct: 87/128 | Elapsed Time: 12.80s
2026-02-10 02:10:37,554 | INFO | Batch 350 | Loss: 0.9576 | Correct: 79/128 | Elapsed Time: 12.61s
2026-02-10 02:10:50,276 | INFO | Batch 360 | Loss: 1.2898 | Correct: 74/128 | Elapsed Time: 12.72s
2026-02-10 02:11:03,044 | INFO | Batch 370 | Loss: 1.0219 | Correct: 84/128 | Elapsed Time: 12.77s
2026-02-10 02:11:15,680 | INFO | Batch 380 | Loss: 0.8734 | Correct: 86/128 | Elapsed Time: 12.64s
2026-02-10 02:11:28,446 | INFO | Batch 390 | Loss: 0.8687 | Correct: 90/128 | Elapsed Time: 12.77s
2026-02-10 02:11:29,478 | INFO | Epoch [18/100] - Loss: 1.0195 | Correct: 31839/50000 (63.68%, 496.67s)
2026-02-10 02:12:15,538 | INFO | Validation - Loss: 1.0037 | Correct: 6507/10000 (65.07%) (46.06s)
2026-02-10 02:12:15,669 | INFO | New best model saved at epoch 18 with Top1 Acc: 65.07%
2026-02-10 02:12:28,375 | INFO | Batch 10 | Loss: 1.0330 | Correct: 87/128 | Elapsed Time: 12.70s
2026-02-10 02:12:41,123 | INFO | Batch 20 | Loss: 1.0556 | Correct: 82/128 | Elapsed Time: 12.75s
2026-02-10 02:12:53,741 | INFO | Batch 30 | Loss: 1.3914 | Correct: 60/128 | Elapsed Time: 12.62s
2026-02-10 02:13:06,496 | INFO | Batch 40 | Loss: 1.0846 | Correct: 82/128 | Elapsed Time: 12.76s
2026-02-10 02:13:19,255 | INFO | Batch 50 | Loss: 1.0499 | Correct: 81/128 | Elapsed Time: 12.76s
2026-02-10 02:13:31,875 | INFO | Batch 60 | Loss: 1.1024 | Correct: 77/128 | Elapsed Time: 12.62s
2026-02-10 02:13:44,580 | INFO | Batch 70 | Loss: 0.9121 | Correct: 88/128 | Elapsed Time: 12.71s
2026-02-10 02:13:57,297 | INFO | Batch 80 | Loss: 0.9733 | Correct: 80/128 | Elapsed Time: 12.72s
2026-02-10 02:14:10,009 | INFO | Batch 90 | Loss: 0.9371 | Correct: 90/128 | Elapsed Time: 12.71s
2026-02-10 02:14:22,731 | INFO | Batch 100 | Loss: 0.9220 | Correct: 85/128 | Elapsed Time: 12.72s
2026-02-10 02:14:35,430 | INFO | Batch 110 | Loss: 1.0671 | Correct: 75/128 | Elapsed Time: 12.70s
2026-02-10 02:14:48,040 | INFO | Batch 120 | Loss: 0.9576 | Correct: 85/128 | Elapsed Time: 12.61s
2026-02-10 02:15:00,752 | INFO | Batch 130 | Loss: 1.0499 | Correct: 81/128 | Elapsed Time: 12.71s
2026-02-10 02:15:13,580 | INFO | Batch 140 | Loss: 0.9371 | Correct: 86/128 | Elapsed Time: 12.83s
2026-02-10 02:15:26,228 | INFO | Batch 150 | Loss: 1.1265 | Correct: 81/128 | Elapsed Time: 12.65s
2026-02-10 02:15:38,929 | INFO | Batch 160 | Loss: 0.9680 | Correct: 88/128 | Elapsed Time: 12.70s
2026-02-10 02:15:51,622 | INFO | Batch 170 | Loss: 1.0905 | Correct: 81/128 | Elapsed Time: 12.69s
2026-02-10 02:16:04,284 | INFO | Batch 180 | Loss: 1.0274 | Correct: 80/128 | Elapsed Time: 12.66s
2026-02-10 02:16:16,992 | INFO | Batch 190 | Loss: 1.0219 | Correct: 85/128 | Elapsed Time: 12.71s
2026-02-10 02:16:29,756 | INFO | Batch 200 | Loss: 1.1388 | Correct: 74/128 | Elapsed Time: 12.76s
2026-02-10 02:16:42,477 | INFO | Batch 210 | Loss: 1.0330 | Correct: 77/128 | Elapsed Time: 12.72s
2026-02-10 02:16:55,146 | INFO | Batch 220 | Loss: 1.0964 | Correct: 79/128 | Elapsed Time: 12.67s
2026-02-10 02:17:07,963 | INFO | Batch 230 | Loss: 0.9320 | Correct: 87/128 | Elapsed Time: 12.82s
2026-02-10 02:17:20,678 | INFO | Batch 240 | Loss: 1.0386 | Correct: 73/128 | Elapsed Time: 12.72s
2026-02-10 02:17:33,288 | INFO | Batch 250 | Loss: 0.9892 | Correct: 87/128 | Elapsed Time: 12.61s
2026-02-10 02:17:45,970 | INFO | Batch 260 | Loss: 1.0274 | Correct: 83/128 | Elapsed Time: 12.68s
2026-02-10 02:17:58,680 | INFO | Batch 270 | Loss: 0.9371 | Correct: 89/128 | Elapsed Time: 12.71s
2026-02-10 02:18:11,334 | INFO | Batch 280 | Loss: 0.8781 | Correct: 87/128 | Elapsed Time: 12.65s
2026-02-10 02:18:24,054 | INFO | Batch 290 | Loss: 1.1828 | Correct: 78/128 | Elapsed Time: 12.72s
2026-02-10 02:18:36,767 | INFO | Batch 300 | Loss: 1.2898 | Correct: 73/128 | Elapsed Time: 12.71s
2026-02-10 02:18:49,344 | INFO | Batch 310 | Loss: 1.1700 | Correct: 77/128 | Elapsed Time: 12.58s
2026-02-10 02:19:02,035 | INFO | Batch 320 | Loss: 0.8140 | Correct: 99/128 | Elapsed Time: 12.69s
2026-02-10 02:19:14,719 | INFO | Batch 330 | Loss: 1.0274 | Correct: 78/128 | Elapsed Time: 12.68s
2026-02-10 02:19:27,298 | INFO | Batch 340 | Loss: 1.0729 | Correct: 83/128 | Elapsed Time: 12.58s
2026-02-10 02:19:39,989 | INFO | Batch 350 | Loss: 0.9680 | Correct: 87/128 | Elapsed Time: 12.69s
2026-02-10 02:19:52,665 | INFO | Batch 360 | Loss: 1.1326 | Correct: 70/128 | Elapsed Time: 12.68s
2026-02-10 02:20:05,354 | INFO | Batch 370 | Loss: 0.9733 | Correct: 78/128 | Elapsed Time: 12.69s
2026-02-10 02:20:18,076 | INFO | Batch 380 | Loss: 1.0499 | Correct: 73/128 | Elapsed Time: 12.72s
2026-02-10 02:20:30,778 | INFO | Batch 390 | Loss: 0.9680 | Correct: 87/128 | Elapsed Time: 12.70s
2026-02-10 02:20:31,790 | INFO | Epoch [19/100] - Loss: 1.0172 | Correct: 31867/50000 (63.73%, 496.12s)
2026-02-10 02:21:16,792 | INFO | Validation - Loss: 1.0152 | Correct: 6427/10000 (64.27%) (45.00s)
2026-02-10 02:21:29,520 | INFO | Batch 10 | Loss: 1.1388 | Correct: 78/128 | Elapsed Time: 12.73s
2026-02-10 02:21:42,358 | INFO | Batch 20 | Loss: 1.0905 | Correct: 74/128 | Elapsed Time: 12.84s
2026-02-10 02:21:55,204 | INFO | Batch 30 | Loss: 0.9946 | Correct: 82/128 | Elapsed Time: 12.85s
2026-02-10 02:22:08,048 | INFO | Batch 40 | Loss: 0.9422 | Correct: 79/128 | Elapsed Time: 12.84s
2026-02-10 02:22:20,714 | INFO | Batch 50 | Loss: 1.0219 | Correct: 82/128 | Elapsed Time: 12.67s
2026-02-10 02:22:33,432 | INFO | Batch 60 | Loss: 0.9576 | Correct: 81/128 | Elapsed Time: 12.72s
2026-02-10 02:22:46,185 | INFO | Batch 70 | Loss: 0.9628 | Correct: 86/128 | Elapsed Time: 12.75s
2026-02-10 02:22:58,810 | INFO | Batch 80 | Loss: 0.8925 | Correct: 85/128 | Elapsed Time: 12.63s
2026-02-10 02:23:11,696 | INFO | Batch 90 | Loss: 0.9628 | Correct: 87/128 | Elapsed Time: 12.89s
2026-02-10 02:23:24,467 | INFO | Batch 100 | Loss: 0.9022 | Correct: 87/128 | Elapsed Time: 12.77s
2026-02-10 02:23:37,144 | INFO | Batch 110 | Loss: 1.0219 | Correct: 86/128 | Elapsed Time: 12.68s
2026-02-10 02:23:49,872 | INFO | Batch 120 | Loss: 0.8734 | Correct: 95/128 | Elapsed Time: 12.73s
2026-02-10 02:24:02,608 | INFO | Batch 130 | Loss: 1.0219 | Correct: 79/128 | Elapsed Time: 12.74s
2026-02-10 02:24:15,218 | INFO | Batch 140 | Loss: 1.1388 | Correct: 75/128 | Elapsed Time: 12.61s
2026-02-10 02:24:27,928 | INFO | Batch 150 | Loss: 0.9270 | Correct: 83/128 | Elapsed Time: 12.71s
2026-02-10 02:24:40,660 | INFO | Batch 160 | Loss: 0.9733 | Correct: 83/128 | Elapsed Time: 12.73s
2026-02-10 02:24:53,295 | INFO | Batch 170 | Loss: 1.0788 | Correct: 72/128 | Elapsed Time: 12.63s
2026-02-10 02:25:06,075 | INFO | Batch 180 | Loss: 1.0274 | Correct: 78/128 | Elapsed Time: 12.78s
2026-02-10 02:25:18,814 | INFO | Batch 190 | Loss: 0.9946 | Correct: 78/128 | Elapsed Time: 12.74s
2026-02-10 02:25:31,444 | INFO | Batch 200 | Loss: 1.0729 | Correct: 81/128 | Elapsed Time: 12.63s
2026-02-10 02:25:44,189 | INFO | Batch 210 | Loss: 0.9320 | Correct: 82/128 | Elapsed Time: 12.75s
2026-02-10 02:25:56,930 | INFO | Batch 220 | Loss: 1.0964 | Correct: 80/128 | Elapsed Time: 12.74s
2026-02-10 02:26:09,699 | INFO | Batch 230 | Loss: 0.9270 | Correct: 87/128 | Elapsed Time: 12.77s
2026-02-10 02:26:22,356 | INFO | Batch 240 | Loss: 1.0964 | Correct: 84/128 | Elapsed Time: 12.66s
2026-02-10 02:26:35,127 | INFO | Batch 250 | Loss: 0.9371 | Correct: 85/128 | Elapsed Time: 12.77s
2026-02-10 02:26:47,861 | INFO | Batch 260 | Loss: 1.1512 | Correct: 70/128 | Elapsed Time: 12.73s
2026-02-10 02:27:00,469 | INFO | Batch 270 | Loss: 1.2285 | Correct: 67/128 | Elapsed Time: 12.61s
2026-02-10 02:27:13,243 | INFO | Batch 280 | Loss: 1.0556 | Correct: 78/128 | Elapsed Time: 12.77s
2026-02-10 02:27:26,009 | INFO | Batch 290 | Loss: 1.1957 | Correct: 73/128 | Elapsed Time: 12.77s
2026-02-10 02:27:38,664 | INFO | Batch 300 | Loss: 1.0905 | Correct: 80/128 | Elapsed Time: 12.65s
2026-02-10 02:27:51,407 | INFO | Batch 310 | Loss: 1.1265 | Correct: 76/128 | Elapsed Time: 12.74s
2026-02-10 02:28:04,225 | INFO | Batch 320 | Loss: 0.9371 | Correct: 89/128 | Elapsed Time: 12.82s
2026-02-10 02:28:16,846 | INFO | Batch 330 | Loss: 1.1084 | Correct: 71/128 | Elapsed Time: 12.62s
2026-02-10 02:28:29,573 | INFO | Batch 340 | Loss: 1.0905 | Correct: 79/128 | Elapsed Time: 12.73s
2026-02-10 02:28:42,290 | INFO | Batch 350 | Loss: 1.0274 | Correct: 81/128 | Elapsed Time: 12.72s
2026-02-10 02:28:54,914 | INFO | Batch 360 | Loss: 0.8640 | Correct: 87/128 | Elapsed Time: 12.62s
2026-02-10 02:29:07,641 | INFO | Batch 370 | Loss: 0.9839 | Correct: 81/128 | Elapsed Time: 12.73s
2026-02-10 02:29:20,394 | INFO | Batch 380 | Loss: 1.0054 | Correct: 78/128 | Elapsed Time: 12.75s
2026-02-10 02:29:33,051 | INFO | Batch 390 | Loss: 1.0671 | Correct: 85/128 | Elapsed Time: 12.66s
2026-02-10 02:29:34,063 | INFO | Epoch [20/100] - Loss: 1.0044 | Correct: 32047/50000 (64.09%, 497.27s)
2026-02-10 02:30:19,307 | INFO | Validation - Loss: 0.9915 | Correct: 6435/10000 (64.35%) (45.24s)
2026-02-10 02:30:31,994 | INFO | Batch 10 | Loss: 0.9733 | Correct: 81/128 | Elapsed Time: 12.69s
2026-02-10 02:30:44,755 | INFO | Batch 20 | Loss: 0.9892 | Correct: 90/128 | Elapsed Time: 12.76s
2026-02-10 02:30:57,478 | INFO | Batch 30 | Loss: 1.0109 | Correct: 81/128 | Elapsed Time: 12.72s
2026-02-10 02:31:10,129 | INFO | Batch 40 | Loss: 0.9576 | Correct: 88/128 | Elapsed Time: 12.65s
2026-02-10 02:31:22,834 | INFO | Batch 50 | Loss: 0.8781 | Correct: 87/128 | Elapsed Time: 12.70s
2026-02-10 02:31:35,605 | INFO | Batch 60 | Loss: 1.0964 | Correct: 81/128 | Elapsed Time: 12.77s
2026-02-10 02:31:48,354 | INFO | Batch 70 | Loss: 0.9786 | Correct: 74/128 | Elapsed Time: 12.75s
2026-02-10 02:32:01,075 | INFO | Batch 80 | Loss: 0.9733 | Correct: 81/128 | Elapsed Time: 12.72s
2026-02-10 02:32:13,921 | INFO | Batch 90 | Loss: 1.0164 | Correct: 82/128 | Elapsed Time: 12.85s
2026-02-10 02:32:26,575 | INFO | Batch 100 | Loss: 0.9839 | Correct: 79/128 | Elapsed Time: 12.65s
2026-02-10 02:32:39,287 | INFO | Batch 110 | Loss: 0.9733 | Correct: 82/128 | Elapsed Time: 12.71s
2026-02-10 02:32:51,997 | INFO | Batch 120 | Loss: 1.1450 | Correct: 74/128 | Elapsed Time: 12.71s
2026-02-10 02:33:04,658 | INFO | Batch 130 | Loss: 0.8829 | Correct: 83/128 | Elapsed Time: 12.66s
2026-02-10 02:33:17,372 | INFO | Batch 140 | Loss: 1.0274 | Correct: 79/128 | Elapsed Time: 12.71s
2026-02-10 02:33:30,076 | INFO | Batch 150 | Loss: 0.9524 | Correct: 79/128 | Elapsed Time: 12.70s
2026-02-10 02:33:42,712 | INFO | Batch 160 | Loss: 0.8781 | Correct: 92/128 | Elapsed Time: 12.64s
2026-02-10 02:33:55,413 | INFO | Batch 170 | Loss: 1.0614 | Correct: 82/128 | Elapsed Time: 12.70s
2026-02-10 02:34:08,168 | INFO | Batch 180 | Loss: 0.9220 | Correct: 83/128 | Elapsed Time: 12.76s
2026-02-10 02:34:20,799 | INFO | Batch 190 | Loss: 0.7628 | Correct: 88/128 | Elapsed Time: 12.63s
2026-02-10 02:34:33,533 | INFO | Batch 200 | Loss: 0.8734 | Correct: 86/128 | Elapsed Time: 12.73s
2026-02-10 02:34:46,243 | INFO | Batch 210 | Loss: 0.9576 | Correct: 83/128 | Elapsed Time: 12.71s
2026-02-10 02:34:58,966 | INFO | Batch 220 | Loss: 0.9946 | Correct: 84/128 | Elapsed Time: 12.72s
2026-02-10 02:35:11,679 | INFO | Batch 230 | Loss: 0.8877 | Correct: 93/128 | Elapsed Time: 12.71s
2026-02-10 02:35:24,425 | INFO | Batch 240 | Loss: 0.9121 | Correct: 88/128 | Elapsed Time: 12.75s
2026-02-10 02:35:37,156 | INFO | Batch 250 | Loss: 1.1024 | Correct: 78/128 | Elapsed Time: 12.73s
2026-02-10 02:35:49,774 | INFO | Batch 260 | Loss: 1.0054 | Correct: 81/128 | Elapsed Time: 12.62s
2026-02-10 02:36:02,504 | INFO | Batch 270 | Loss: 0.8547 | Correct: 90/128 | Elapsed Time: 12.73s
2026-02-10 02:36:15,231 | INFO | Batch 280 | Loss: 0.9022 | Correct: 82/128 | Elapsed Time: 12.73s
2026-02-10 02:36:27,876 | INFO | Batch 290 | Loss: 1.1512 | Correct: 70/128 | Elapsed Time: 12.64s
2026-02-10 02:36:40,637 | INFO | Batch 300 | Loss: 0.9680 | Correct: 78/128 | Elapsed Time: 12.76s
2026-02-10 02:36:53,395 | INFO | Batch 310 | Loss: 0.8877 | Correct: 83/128 | Elapsed Time: 12.76s
2026-02-10 02:37:06,100 | INFO | Batch 320 | Loss: 0.9022 | Correct: 81/128 | Elapsed Time: 12.71s
2026-02-10 02:37:18,846 | INFO | Batch 330 | Loss: 1.0671 | Correct: 73/128 | Elapsed Time: 12.75s
2026-02-10 02:37:31,601 | INFO | Batch 340 | Loss: 0.9839 | Correct: 84/128 | Elapsed Time: 12.75s
2026-02-10 02:37:44,272 | INFO | Batch 350 | Loss: 0.8974 | Correct: 90/128 | Elapsed Time: 12.67s
2026-02-10 02:37:57,003 | INFO | Batch 360 | Loss: 1.1512 | Correct: 78/128 | Elapsed Time: 12.73s
2026-02-10 02:38:09,792 | INFO | Batch 370 | Loss: 1.0846 | Correct: 72/128 | Elapsed Time: 12.79s
2026-02-10 02:38:22,405 | INFO | Batch 380 | Loss: 1.0000 | Correct: 85/128 | Elapsed Time: 12.61s
2026-02-10 02:38:35,108 | INFO | Batch 390 | Loss: 0.7753 | Correct: 95/128 | Elapsed Time: 12.70s
2026-02-10 02:38:36,113 | INFO | Epoch [21/100] - Loss: 0.9929 | Correct: 32094/50000 (64.19%, 496.81s)
2026-02-10 02:39:21,207 | INFO | Validation - Loss: 0.9623 | Correct: 6558/10000 (65.58%) (45.09s)
2026-02-10 02:39:21,347 | INFO | New best model saved at epoch 21 with Top1 Acc: 65.58%
2026-02-10 02:39:34,069 | INFO | Batch 10 | Loss: 1.0330 | Correct: 84/128 | Elapsed Time: 12.72s
2026-02-10 02:39:46,707 | INFO | Batch 20 | Loss: 0.9733 | Correct: 87/128 | Elapsed Time: 12.64s
2026-02-10 02:39:59,337 | INFO | Batch 30 | Loss: 0.8974 | Correct: 88/128 | Elapsed Time: 12.63s
2026-02-10 02:40:12,094 | INFO | Batch 40 | Loss: 1.0274 | Correct: 80/128 | Elapsed Time: 12.76s
2026-02-10 02:40:24,777 | INFO | Batch 50 | Loss: 0.8593 | Correct: 87/128 | Elapsed Time: 12.68s
2026-02-10 02:40:37,414 | INFO | Batch 60 | Loss: 1.0330 | Correct: 76/128 | Elapsed Time: 12.64s
2026-02-10 02:40:50,153 | INFO | Batch 70 | Loss: 1.0164 | Correct: 84/128 | Elapsed Time: 12.74s
2026-02-10 02:41:02,954 | INFO | Batch 80 | Loss: 1.0671 | Correct: 77/128 | Elapsed Time: 12.80s
2026-02-10 02:41:15,583 | INFO | Batch 90 | Loss: 1.0330 | Correct: 83/128 | Elapsed Time: 12.63s
2026-02-10 02:41:28,285 | INFO | Batch 100 | Loss: 0.8640 | Correct: 86/128 | Elapsed Time: 12.70s
2026-02-10 02:41:41,203 | INFO | Batch 110 | Loss: 1.0964 | Correct: 82/128 | Elapsed Time: 12.92s
2026-02-10 02:41:53,903 | INFO | Batch 120 | Loss: 0.7546 | Correct: 100/128 | Elapsed Time: 12.70s
2026-02-10 02:42:06,784 | INFO | Batch 130 | Loss: 0.8364 | Correct: 91/128 | Elapsed Time: 12.88s
2026-02-10 02:42:19,495 | INFO | Batch 140 | Loss: 1.4296 | Correct: 68/128 | Elapsed Time: 12.71s
2026-02-10 02:42:32,133 | INFO | Batch 150 | Loss: 1.1764 | Correct: 74/128 | Elapsed Time: 12.64s
2026-02-10 02:42:44,837 | INFO | Batch 160 | Loss: 1.2829 | Correct: 71/128 | Elapsed Time: 12.70s
2026-02-10 02:42:57,538 | INFO | Batch 170 | Loss: 0.9524 | Correct: 89/128 | Elapsed Time: 12.70s
2026-02-10 02:43:10,165 | INFO | Batch 180 | Loss: 0.9946 | Correct: 79/128 | Elapsed Time: 12.63s
2026-02-10 02:43:22,823 | INFO | Batch 190 | Loss: 1.1828 | Correct: 75/128 | Elapsed Time: 12.66s
2026-02-10 02:43:35,474 | INFO | Batch 200 | Loss: 0.9524 | Correct: 83/128 | Elapsed Time: 12.65s
2026-02-10 02:43:48,085 | INFO | Batch 210 | Loss: 1.0386 | Correct: 83/128 | Elapsed Time: 12.61s
2026-02-10 02:44:00,794 | INFO | Batch 220 | Loss: 1.1265 | Correct: 77/128 | Elapsed Time: 12.71s
2026-02-10 02:44:13,564 | INFO | Batch 230 | Loss: 1.0219 | Correct: 86/128 | Elapsed Time: 12.77s
2026-02-10 02:44:26,281 | INFO | Batch 240 | Loss: 0.8974 | Correct: 92/128 | Elapsed Time: 12.72s
2026-02-10 02:44:38,923 | INFO | Batch 250 | Loss: 1.0964 | Correct: 84/128 | Elapsed Time: 12.64s
2026-02-10 02:44:51,639 | INFO | Batch 260 | Loss: 1.1450 | Correct: 74/128 | Elapsed Time: 12.72s
2026-02-10 02:45:04,447 | INFO | Batch 270 | Loss: 1.0000 | Correct: 85/128 | Elapsed Time: 12.81s
2026-02-10 02:45:17,045 | INFO | Batch 280 | Loss: 1.1512 | Correct: 76/128 | Elapsed Time: 12.60s
2026-02-10 02:45:29,763 | INFO | Batch 290 | Loss: 1.2285 | Correct: 71/128 | Elapsed Time: 12.72s
2026-02-10 02:45:42,480 | INFO | Batch 300 | Loss: 0.7669 | Correct: 99/128 | Elapsed Time: 12.72s
2026-02-10 02:45:55,072 | INFO | Batch 310 | Loss: 0.9786 | Correct: 79/128 | Elapsed Time: 12.59s
2026-02-10 02:46:07,927 | INFO | Batch 320 | Loss: 0.9839 | Correct: 84/128 | Elapsed Time: 12.85s
2026-02-10 02:46:20,657 | INFO | Batch 330 | Loss: 1.3110 | Correct: 68/128 | Elapsed Time: 12.73s
2026-02-10 02:46:33,283 | INFO | Batch 340 | Loss: 0.8096 | Correct: 91/128 | Elapsed Time: 12.63s
2026-02-10 02:46:46,055 | INFO | Batch 350 | Loss: 1.1957 | Correct: 71/128 | Elapsed Time: 12.77s
2026-02-10 02:46:58,864 | INFO | Batch 360 | Loss: 0.7505 | Correct: 93/128 | Elapsed Time: 12.81s
2026-02-10 02:47:11,592 | INFO | Batch 370 | Loss: 1.1388 | Correct: 76/128 | Elapsed Time: 12.73s
2026-02-10 02:47:24,357 | INFO | Batch 380 | Loss: 0.9022 | Correct: 86/128 | Elapsed Time: 12.77s
2026-02-10 02:47:37,120 | INFO | Batch 390 | Loss: 0.9946 | Correct: 78/128 | Elapsed Time: 12.76s
2026-02-10 02:47:38,120 | INFO | Epoch [22/100] - Loss: 1.0207 | Correct: 31900/50000 (63.80%, 496.77s)
2026-02-10 02:48:23,336 | INFO | Validation - Loss: 1.0319 | Correct: 6285/10000 (62.85%) (45.22s)
2026-02-10 02:48:36,132 | INFO | Batch 10 | Loss: 1.0499 | Correct: 77/128 | Elapsed Time: 12.79s
2026-02-10 02:48:48,853 | INFO | Batch 20 | Loss: 1.0219 | Correct: 84/128 | Elapsed Time: 12.72s
2026-02-10 02:49:01,681 | INFO | Batch 30 | Loss: 1.2486 | Correct: 77/128 | Elapsed Time: 12.83s
2026-02-10 02:49:14,558 | INFO | Batch 40 | Loss: 0.7923 | Correct: 88/128 | Elapsed Time: 12.88s
2026-02-10 02:49:27,276 | INFO | Batch 50 | Loss: 0.9892 | Correct: 79/128 | Elapsed Time: 12.72s
2026-02-10 02:49:40,081 | INFO | Batch 60 | Loss: 0.9071 | Correct: 84/128 | Elapsed Time: 12.81s
2026-02-10 02:49:52,849 | INFO | Batch 70 | Loss: 0.8052 | Correct: 91/128 | Elapsed Time: 12.77s
2026-02-10 02:50:05,551 | INFO | Batch 80 | Loss: 0.9733 | Correct: 87/128 | Elapsed Time: 12.70s
2026-02-10 02:50:18,326 | INFO | Batch 90 | Loss: 1.1204 | Correct: 72/128 | Elapsed Time: 12.78s
2026-02-10 02:50:31,046 | INFO | Batch 100 | Loss: 1.2622 | Correct: 74/128 | Elapsed Time: 12.72s
2026-02-10 02:50:43,687 | INFO | Batch 110 | Loss: 1.4142 | Correct: 65/128 | Elapsed Time: 12.64s
2026-02-10 02:50:56,390 | INFO | Batch 120 | Loss: 1.0671 | Correct: 79/128 | Elapsed Time: 12.70s
2026-02-10 02:51:09,306 | INFO | Batch 130 | Loss: 1.0386 | Correct: 75/128 | Elapsed Time: 12.92s
2026-02-10 02:51:22,027 | INFO | Batch 140 | Loss: 1.1084 | Correct: 79/128 | Elapsed Time: 12.72s
2026-02-10 02:51:34,854 | INFO | Batch 150 | Loss: 1.0109 | Correct: 85/128 | Elapsed Time: 12.83s
2026-02-10 02:51:47,846 | INFO | Batch 160 | Loss: 1.1700 | Correct: 78/128 | Elapsed Time: 12.99s
2026-02-10 02:52:00,551 | INFO | Batch 170 | Loss: 0.9220 | Correct: 84/128 | Elapsed Time: 12.71s
2026-02-10 02:52:13,506 | INFO | Batch 180 | Loss: 0.9892 | Correct: 93/128 | Elapsed Time: 12.96s
2026-02-10 02:52:26,322 | INFO | Batch 190 | Loss: 0.8364 | Correct: 89/128 | Elapsed Time: 12.82s
2026-02-10 02:52:39,073 | INFO | Batch 200 | Loss: 1.0054 | Correct: 82/128 | Elapsed Time: 12.75s
2026-02-10 02:52:51,950 | INFO | Batch 210 | Loss: 1.1512 | Correct: 70/128 | Elapsed Time: 12.88s
2026-02-10 02:53:04,868 | INFO | Batch 220 | Loss: 1.1326 | Correct: 78/128 | Elapsed Time: 12.92s
2026-02-10 02:53:17,694 | INFO | Batch 230 | Loss: 1.0964 | Correct: 78/128 | Elapsed Time: 12.83s
2026-02-10 02:53:30,355 | INFO | Batch 240 | Loss: 0.9576 | Correct: 85/128 | Elapsed Time: 12.66s
2026-02-10 02:53:43,131 | INFO | Batch 250 | Loss: 0.9170 | Correct: 81/128 | Elapsed Time: 12.78s
2026-02-10 02:53:55,928 | INFO | Batch 260 | Loss: 1.1892 | Correct: 73/128 | Elapsed Time: 12.80s
2026-02-10 02:54:08,685 | INFO | Batch 270 | Loss: 0.9371 | Correct: 79/128 | Elapsed Time: 12.76s
2026-02-10 02:54:21,420 | INFO | Batch 280 | Loss: 1.0386 | Correct: 84/128 | Elapsed Time: 12.73s
2026-02-10 02:54:34,162 | INFO | Batch 290 | Loss: 0.9576 | Correct: 87/128 | Elapsed Time: 12.74s
2026-02-10 02:54:46,782 | INFO | Batch 300 | Loss: 0.8829 | Correct: 92/128 | Elapsed Time: 12.62s
2026-02-10 02:54:59,594 | INFO | Batch 310 | Loss: 1.0499 | Correct: 80/128 | Elapsed Time: 12.81s
2026-02-10 02:55:12,426 | INFO | Batch 320 | Loss: 0.8734 | Correct: 86/128 | Elapsed Time: 12.83s
2026-02-10 02:55:25,134 | INFO | Batch 330 | Loss: 1.1512 | Correct: 78/128 | Elapsed Time: 12.71s
2026-02-10 02:55:37,940 | INFO | Batch 340 | Loss: 1.0788 | Correct: 83/128 | Elapsed Time: 12.81s
2026-02-10 02:55:50,721 | INFO | Batch 350 | Loss: 0.7465 | Correct: 89/128 | Elapsed Time: 12.78s
2026-02-10 02:56:03,493 | INFO | Batch 360 | Loss: 0.9733 | Correct: 86/128 | Elapsed Time: 12.77s
2026-02-10 02:56:16,402 | INFO | Batch 370 | Loss: 1.1700 | Correct: 76/128 | Elapsed Time: 12.91s
2026-02-10 02:56:29,298 | INFO | Batch 380 | Loss: 1.0729 | Correct: 69/128 | Elapsed Time: 12.90s
2026-02-10 02:56:42,062 | INFO | Batch 390 | Loss: 0.9576 | Correct: 86/128 | Elapsed Time: 12.76s
2026-02-10 02:56:43,086 | INFO | Epoch [23/100] - Loss: 1.0216 | Correct: 31871/50000 (63.74%, 499.75s)
2026-02-10 02:57:28,622 | INFO | Validation - Loss: 0.9615 | Correct: 6579/10000 (65.79%) (45.53s)
2026-02-10 02:57:28,754 | INFO | New best model saved at epoch 23 with Top1 Acc: 65.79%
2026-02-10 02:57:41,472 | INFO | Batch 10 | Loss: 1.1024 | Correct: 74/128 | Elapsed Time: 12.72s
2026-02-10 02:57:54,286 | INFO | Batch 20 | Loss: 0.8501 | Correct: 86/128 | Elapsed Time: 12.81s
2026-02-10 02:58:07,193 | INFO | Batch 30 | Loss: 0.8229 | Correct: 95/128 | Elapsed Time: 12.91s
2026-02-10 02:58:19,951 | INFO | Batch 40 | Loss: 1.2087 | Correct: 78/128 | Elapsed Time: 12.76s
2026-02-10 02:58:32,805 | INFO | Batch 50 | Loss: 0.9839 | Correct: 84/128 | Elapsed Time: 12.85s
2026-02-10 02:58:45,633 | INFO | Batch 60 | Loss: 1.0109 | Correct: 84/128 | Elapsed Time: 12.83s
2026-02-10 02:58:58,343 | INFO | Batch 70 | Loss: 0.8781 | Correct: 88/128 | Elapsed Time: 12.71s
2026-02-10 02:59:11,270 | INFO | Batch 80 | Loss: 0.9839 | Correct: 81/128 | Elapsed Time: 12.93s
2026-02-10 02:59:24,083 | INFO | Batch 90 | Loss: 1.0330 | Correct: 83/128 | Elapsed Time: 12.81s
2026-02-10 02:59:36,780 | INFO | Batch 100 | Loss: 1.1700 | Correct: 79/128 | Elapsed Time: 12.70s
2026-02-10 02:59:49,615 | INFO | Batch 110 | Loss: 0.9786 | Correct: 86/128 | Elapsed Time: 12.84s
2026-02-10 03:00:02,511 | INFO | Batch 120 | Loss: 1.0274 | Correct: 79/128 | Elapsed Time: 12.90s
2026-02-10 03:00:15,322 | INFO | Batch 130 | Loss: 0.9121 | Correct: 78/128 | Elapsed Time: 12.81s
2026-02-10 03:00:28,189 | INFO | Batch 140 | Loss: 0.9170 | Correct: 79/128 | Elapsed Time: 12.87s
2026-02-10 03:00:41,006 | INFO | Batch 150 | Loss: 0.9022 | Correct: 82/128 | Elapsed Time: 12.82s
2026-02-10 03:00:53,734 | INFO | Batch 160 | Loss: 0.9524 | Correct: 81/128 | Elapsed Time: 12.73s
2026-02-10 03:01:06,596 | INFO | Batch 170 | Loss: 1.1024 | Correct: 74/128 | Elapsed Time: 12.86s
2026-02-10 03:01:19,348 | INFO | Batch 180 | Loss: 1.1265 | Correct: 79/128 | Elapsed Time: 12.75s
2026-02-10 03:01:32,170 | INFO | Batch 190 | Loss: 0.9022 | Correct: 85/128 | Elapsed Time: 12.82s
2026-02-10 03:01:45,093 | INFO | Batch 200 | Loss: 1.0330 | Correct: 80/128 | Elapsed Time: 12.92s
2026-02-10 03:01:57,962 | INFO | Batch 210 | Loss: 1.1204 | Correct: 75/128 | Elapsed Time: 12.87s
2026-02-10 03:02:10,857 | INFO | Batch 220 | Loss: 0.9071 | Correct: 82/128 | Elapsed Time: 12.90s
2026-02-10 03:02:23,617 | INFO | Batch 230 | Loss: 0.9170 | Correct: 88/128 | Elapsed Time: 12.76s
2026-02-10 03:02:36,498 | INFO | Batch 240 | Loss: 0.9071 | Correct: 84/128 | Elapsed Time: 12.88s
2026-02-10 03:02:49,279 | INFO | Batch 250 | Loss: 0.8096 | Correct: 93/128 | Elapsed Time: 12.78s
2026-02-10 03:03:01,964 | INFO | Batch 260 | Loss: 0.9524 | Correct: 79/128 | Elapsed Time: 12.69s
2026-02-10 03:03:14,794 | INFO | Batch 270 | Loss: 1.0671 | Correct: 77/128 | Elapsed Time: 12.83s
2026-02-10 03:03:27,544 | INFO | Batch 280 | Loss: 1.0219 | Correct: 80/128 | Elapsed Time: 12.75s
2026-02-10 03:03:40,211 | INFO | Batch 290 | Loss: 0.9473 | Correct: 86/128 | Elapsed Time: 12.67s
2026-02-10 03:03:52,891 | INFO | Batch 300 | Loss: 0.8687 | Correct: 88/128 | Elapsed Time: 12.68s
2026-02-10 03:04:05,761 | INFO | Batch 310 | Loss: 1.0164 | Correct: 86/128 | Elapsed Time: 12.87s
2026-02-10 03:04:18,395 | INFO | Batch 320 | Loss: 1.0614 | Correct: 77/128 | Elapsed Time: 12.63s
2026-02-10 03:04:31,223 | INFO | Batch 330 | Loss: 0.9220 | Correct: 88/128 | Elapsed Time: 12.83s
2026-02-10 03:04:44,011 | INFO | Batch 340 | Loss: 1.0443 | Correct: 79/128 | Elapsed Time: 12.79s
2026-02-10 03:04:56,695 | INFO | Batch 350 | Loss: 0.9220 | Correct: 87/128 | Elapsed Time: 12.68s
2026-02-10 03:05:09,475 | INFO | Batch 360 | Loss: 0.9170 | Correct: 84/128 | Elapsed Time: 12.78s
2026-02-10 03:05:22,270 | INFO | Batch 370 | Loss: 0.9733 | Correct: 85/128 | Elapsed Time: 12.79s
2026-02-10 03:05:34,974 | INFO | Batch 380 | Loss: 1.1512 | Correct: 80/128 | Elapsed Time: 12.70s
2026-02-10 03:05:47,755 | INFO | Batch 390 | Loss: 0.9071 | Correct: 91/128 | Elapsed Time: 12.78s
2026-02-10 03:05:48,768 | INFO | Epoch [24/100] - Loss: 0.9894 | Correct: 32441/50000 (64.88%, 500.01s)
2026-02-10 03:06:34,149 | INFO | Validation - Loss: 0.9248 | Correct: 6701/10000 (67.01%) (45.38s)
2026-02-10 03:06:34,280 | INFO | New best model saved at epoch 24 with Top1 Acc: 67.01%
2026-02-10 03:06:47,038 | INFO | Batch 10 | Loss: 0.8974 | Correct: 90/128 | Elapsed Time: 12.76s
2026-02-10 03:06:59,798 | INFO | Batch 20 | Loss: 0.8273 | Correct: 90/128 | Elapsed Time: 12.76s
2026-02-10 03:07:12,552 | INFO | Batch 30 | Loss: 1.0109 | Correct: 86/128 | Elapsed Time: 12.75s
2026-02-10 03:07:25,312 | INFO | Batch 40 | Loss: 0.9220 | Correct: 80/128 | Elapsed Time: 12.76s
2026-02-10 03:07:38,087 | INFO | Batch 50 | Loss: 1.0109 | Correct: 84/128 | Elapsed Time: 12.77s
2026-02-10 03:07:50,771 | INFO | Batch 60 | Loss: 0.7669 | Correct: 93/128 | Elapsed Time: 12.68s
2026-02-10 03:08:03,593 | INFO | Batch 70 | Loss: 0.9892 | Correct: 81/128 | Elapsed Time: 12.82s
2026-02-10 03:08:16,393 | INFO | Batch 80 | Loss: 1.0499 | Correct: 83/128 | Elapsed Time: 12.80s
2026-02-10 03:08:29,092 | INFO | Batch 90 | Loss: 0.8781 | Correct: 80/128 | Elapsed Time: 12.70s
2026-02-10 03:08:41,865 | INFO | Batch 100 | Loss: 1.1084 | Correct: 77/128 | Elapsed Time: 12.77s
2026-02-10 03:08:54,639 | INFO | Batch 110 | Loss: 0.8052 | Correct: 93/128 | Elapsed Time: 12.77s
2026-02-10 03:09:07,400 | INFO | Batch 120 | Loss: 0.9680 | Correct: 89/128 | Elapsed Time: 12.76s
2026-02-10 03:09:20,188 | INFO | Batch 130 | Loss: 1.1084 | Correct: 75/128 | Elapsed Time: 12.79s
2026-02-10 03:09:32,960 | INFO | Batch 140 | Loss: 1.0443 | Correct: 81/128 | Elapsed Time: 12.77s
2026-02-10 03:09:45,655 | INFO | Batch 150 | Loss: 0.8734 | Correct: 90/128 | Elapsed Time: 12.69s
2026-02-10 03:09:58,379 | INFO | Batch 160 | Loss: 0.9121 | Correct: 89/128 | Elapsed Time: 12.72s
2026-02-10 03:10:11,171 | INFO | Batch 170 | Loss: 0.8925 | Correct: 90/128 | Elapsed Time: 12.79s
2026-02-10 03:10:23,858 | INFO | Batch 180 | Loss: 1.1144 | Correct: 75/128 | Elapsed Time: 12.69s
2026-02-10 03:10:36,611 | INFO | Batch 190 | Loss: 0.9170 | Correct: 90/128 | Elapsed Time: 12.75s
2026-02-10 03:10:49,346 | INFO | Batch 200 | Loss: 1.1512 | Correct: 81/128 | Elapsed Time: 12.73s
2026-02-10 03:11:01,979 | INFO | Batch 210 | Loss: 0.9576 | Correct: 88/128 | Elapsed Time: 12.63s
2026-02-10 03:11:14,599 | INFO | Batch 220 | Loss: 1.0614 | Correct: 79/128 | Elapsed Time: 12.62s
2026-02-10 03:11:27,296 | INFO | Batch 230 | Loss: 0.9733 | Correct: 86/128 | Elapsed Time: 12.70s
2026-02-10 03:11:40,113 | INFO | Batch 240 | Loss: 0.9946 | Correct: 87/128 | Elapsed Time: 12.82s
2026-02-10 03:11:52,795 | INFO | Batch 250 | Loss: 0.8547 | Correct: 90/128 | Elapsed Time: 12.68s
2026-02-10 03:12:05,642 | INFO | Batch 260 | Loss: 1.1574 | Correct: 79/128 | Elapsed Time: 12.85s
2026-02-10 03:12:18,540 | INFO | Batch 270 | Loss: 1.0274 | Correct: 80/128 | Elapsed Time: 12.90s
2026-02-10 03:12:31,229 | INFO | Batch 280 | Loss: 1.1204 | Correct: 74/128 | Elapsed Time: 12.69s
2026-02-10 03:12:44,167 | INFO | Batch 290 | Loss: 1.0386 | Correct: 84/128 | Elapsed Time: 12.94s
2026-02-10 03:12:57,104 | INFO | Batch 300 | Loss: 0.9270 | Correct: 83/128 | Elapsed Time: 12.94s
2026-02-10 03:13:09,978 | INFO | Batch 310 | Loss: 0.9473 | Correct: 86/128 | Elapsed Time: 12.87s
2026-02-10 03:13:22,799 | INFO | Batch 320 | Loss: 0.9320 | Correct: 88/128 | Elapsed Time: 12.82s
2026-02-10 03:13:35,547 | INFO | Batch 330 | Loss: 0.8501 | Correct: 91/128 | Elapsed Time: 12.75s
2026-02-10 03:13:48,246 | INFO | Batch 340 | Loss: 0.9786 | Correct: 83/128 | Elapsed Time: 12.70s
2026-02-10 03:14:01,004 | INFO | Batch 350 | Loss: 1.1204 | Correct: 74/128 | Elapsed Time: 12.76s
2026-02-10 03:14:13,830 | INFO | Batch 360 | Loss: 1.0164 | Correct: 80/128 | Elapsed Time: 12.83s
2026-02-10 03:14:26,521 | INFO | Batch 370 | Loss: 1.0556 | Correct: 73/128 | Elapsed Time: 12.69s
2026-02-10 03:14:39,321 | INFO | Batch 380 | Loss: 0.9220 | Correct: 79/128 | Elapsed Time: 12.80s
2026-02-10 03:14:52,085 | INFO | Batch 390 | Loss: 0.9071 | Correct: 84/128 | Elapsed Time: 12.76s
2026-02-10 03:14:53,090 | INFO | Epoch [25/100] - Loss: 0.9584 | Correct: 32872/50000 (65.74%, 498.81s)
2026-02-10 03:15:38,305 | INFO | Validation - Loss: 0.9961 | Correct: 6441/10000 (64.41%) (45.21s)
2026-02-10 03:15:51,045 | INFO | Batch 10 | Loss: 0.9270 | Correct: 84/128 | Elapsed Time: 12.74s
2026-02-10 03:16:03,687 | INFO | Batch 20 | Loss: 0.9022 | Correct: 87/128 | Elapsed Time: 12.64s
2026-02-10 03:16:16,438 | INFO | Batch 30 | Loss: 0.9946 | Correct: 89/128 | Elapsed Time: 12.75s
2026-02-10 03:16:29,190 | INFO | Batch 40 | Loss: 0.9473 | Correct: 79/128 | Elapsed Time: 12.75s
2026-02-10 03:16:41,858 | INFO | Batch 50 | Loss: 0.8974 | Correct: 89/128 | Elapsed Time: 12.67s
2026-02-10 03:16:54,647 | INFO | Batch 60 | Loss: 1.0330 | Correct: 84/128 | Elapsed Time: 12.79s
2026-02-10 03:17:07,437 | INFO | Batch 70 | Loss: 1.0000 | Correct: 82/128 | Elapsed Time: 12.79s
2026-02-10 03:17:20,127 | INFO | Batch 80 | Loss: 0.8829 | Correct: 91/128 | Elapsed Time: 12.69s
2026-02-10 03:17:32,912 | INFO | Batch 90 | Loss: 1.0671 | Correct: 84/128 | Elapsed Time: 12.78s
2026-02-10 03:17:45,692 | INFO | Batch 100 | Loss: 0.9071 | Correct: 89/128 | Elapsed Time: 12.78s
2026-02-10 03:17:58,370 | INFO | Batch 110 | Loss: 1.0386 | Correct: 79/128 | Elapsed Time: 12.68s
2026-02-10 03:18:11,161 | INFO | Batch 120 | Loss: 0.9371 | Correct: 93/128 | Elapsed Time: 12.79s
2026-02-10 03:18:23,927 | INFO | Batch 130 | Loss: 1.1144 | Correct: 79/128 | Elapsed Time: 12.77s
2026-02-10 03:18:36,596 | INFO | Batch 140 | Loss: 0.9121 | Correct: 88/128 | Elapsed Time: 12.67s
2026-02-10 03:18:49,360 | INFO | Batch 150 | Loss: 0.9270 | Correct: 81/128 | Elapsed Time: 12.76s
2026-02-10 03:19:02,165 | INFO | Batch 160 | Loss: 1.0614 | Correct: 79/128 | Elapsed Time: 12.80s
2026-02-10 03:19:14,867 | INFO | Batch 170 | Loss: 1.1024 | Correct: 77/128 | Elapsed Time: 12.70s
2026-02-10 03:19:27,585 | INFO | Batch 180 | Loss: 1.0846 | Correct: 82/128 | Elapsed Time: 12.72s
2026-02-10 03:19:40,281 | INFO | Batch 190 | Loss: 1.0556 | Correct: 78/128 | Elapsed Time: 12.70s
2026-02-10 03:19:52,900 | INFO | Batch 200 | Loss: 1.0499 | Correct: 78/128 | Elapsed Time: 12.62s
2026-02-10 03:20:05,685 | INFO | Batch 210 | Loss: 0.8547 | Correct: 90/128 | Elapsed Time: 12.79s
2026-02-10 03:20:18,384 | INFO | Batch 220 | Loss: 1.0964 | Correct: 80/128 | Elapsed Time: 12.70s
2026-02-10 03:20:31,042 | INFO | Batch 230 | Loss: 1.0671 | Correct: 89/128 | Elapsed Time: 12.66s
2026-02-10 03:20:43,776 | INFO | Batch 240 | Loss: 0.9576 | Correct: 84/128 | Elapsed Time: 12.73s
2026-02-10 03:20:56,564 | INFO | Batch 250 | Loss: 0.8734 | Correct: 92/128 | Elapsed Time: 12.79s
2026-02-10 03:21:09,263 | INFO | Batch 260 | Loss: 0.8734 | Correct: 93/128 | Elapsed Time: 12.70s
2026-02-10 03:21:22,021 | INFO | Batch 270 | Loss: 0.8318 | Correct: 91/128 | Elapsed Time: 12.76s
2026-02-10 03:21:34,859 | INFO | Batch 280 | Loss: 0.8318 | Correct: 86/128 | Elapsed Time: 12.84s
2026-02-10 03:21:47,740 | INFO | Batch 290 | Loss: 1.0499 | Correct: 80/128 | Elapsed Time: 12.88s
2026-02-10 03:22:00,517 | INFO | Batch 300 | Loss: 1.0274 | Correct: 86/128 | Elapsed Time: 12.78s
2026-02-10 03:22:13,348 | INFO | Batch 310 | Loss: 1.0964 | Correct: 77/128 | Elapsed Time: 12.83s
2026-02-10 03:22:26,122 | INFO | Batch 320 | Loss: 0.9733 | Correct: 83/128 | Elapsed Time: 12.77s
2026-02-10 03:22:38,801 | INFO | Batch 330 | Loss: 0.9320 | Correct: 88/128 | Elapsed Time: 12.68s
2026-02-10 03:22:51,568 | INFO | Batch 340 | Loss: 0.7546 | Correct: 91/128 | Elapsed Time: 12.77s
2026-02-10 03:23:04,385 | INFO | Batch 350 | Loss: 1.0729 | Correct: 80/128 | Elapsed Time: 12.82s
2026-02-10 03:23:17,035 | INFO | Batch 360 | Loss: 1.0443 | Correct: 78/128 | Elapsed Time: 12.65s
2026-02-10 03:23:29,765 | INFO | Batch 370 | Loss: 0.9170 | Correct: 90/128 | Elapsed Time: 12.73s
2026-02-10 03:23:42,564 | INFO | Batch 380 | Loss: 0.9071 | Correct: 90/128 | Elapsed Time: 12.80s
2026-02-10 03:23:55,160 | INFO | Batch 390 | Loss: 0.7923 | Correct: 93/128 | Elapsed Time: 12.60s
2026-02-10 03:23:56,171 | INFO | Epoch [26/100] - Loss: 0.9593 | Correct: 33010/50000 (66.02%, 497.86s)
2026-02-10 03:24:41,530 | INFO | Validation - Loss: 0.9167 | Correct: 6751/10000 (67.51%) (45.36s)
2026-02-10 03:24:41,662 | INFO | New best model saved at epoch 26 with Top1 Acc: 67.51%
2026-02-10 03:24:54,436 | INFO | Batch 10 | Loss: 0.7837 | Correct: 95/128 | Elapsed Time: 12.77s
2026-02-10 03:25:07,254 | INFO | Batch 20 | Loss: 0.7265 | Correct: 97/128 | Elapsed Time: 12.82s
2026-02-10 03:25:19,860 | INFO | Batch 30 | Loss: 0.9320 | Correct: 85/128 | Elapsed Time: 12.61s
2026-02-10 03:25:32,648 | INFO | Batch 40 | Loss: 1.0219 | Correct: 87/128 | Elapsed Time: 12.79s
2026-02-10 03:25:45,468 | INFO | Batch 50 | Loss: 1.1265 | Correct: 74/128 | Elapsed Time: 12.82s
2026-02-10 03:25:58,292 | INFO | Batch 60 | Loss: 1.0499 | Correct: 79/128 | Elapsed Time: 12.82s
2026-02-10 03:26:11,074 | INFO | Batch 70 | Loss: 0.9524 | Correct: 82/128 | Elapsed Time: 12.78s
2026-02-10 03:26:23,880 | INFO | Batch 80 | Loss: 0.9071 | Correct: 87/128 | Elapsed Time: 12.81s
2026-02-10 03:26:36,705 | INFO | Batch 90 | Loss: 0.8096 | Correct: 98/128 | Elapsed Time: 12.83s
2026-02-10 03:26:49,443 | INFO | Batch 100 | Loss: 1.0274 | Correct: 83/128 | Elapsed Time: 12.74s
2026-02-10 03:27:02,251 | INFO | Batch 110 | Loss: 0.8593 | Correct: 84/128 | Elapsed Time: 12.81s
2026-02-10 03:27:15,183 | INFO | Batch 120 | Loss: 1.0499 | Correct: 84/128 | Elapsed Time: 12.93s
2026-02-10 03:27:27,795 | INFO | Batch 130 | Loss: 0.8877 | Correct: 80/128 | Elapsed Time: 12.61s
2026-02-10 03:27:40,505 | INFO | Batch 140 | Loss: 0.9220 | Correct: 90/128 | Elapsed Time: 12.71s
2026-02-10 03:27:53,204 | INFO | Batch 150 | Loss: 1.0000 | Correct: 82/128 | Elapsed Time: 12.70s
2026-02-10 03:28:06,062 | INFO | Batch 160 | Loss: 0.8229 | Correct: 96/128 | Elapsed Time: 12.86s
2026-02-10 03:28:18,780 | INFO | Batch 170 | Loss: 0.9946 | Correct: 81/128 | Elapsed Time: 12.72s
2026-02-10 03:28:31,499 | INFO | Batch 180 | Loss: 0.7587 | Correct: 93/128 | Elapsed Time: 12.72s
2026-02-10 03:28:44,167 | INFO | Batch 190 | Loss: 0.9270 | Correct: 89/128 | Elapsed Time: 12.67s
2026-02-10 03:28:56,906 | INFO | Batch 200 | Loss: 0.9786 | Correct: 81/128 | Elapsed Time: 12.74s
2026-02-10 03:29:09,814 | INFO | Batch 210 | Loss: 0.9576 | Correct: 90/128 | Elapsed Time: 12.91s
2026-02-10 03:29:22,489 | INFO | Batch 220 | Loss: 0.9786 | Correct: 83/128 | Elapsed Time: 12.68s
2026-02-10 03:29:35,215 | INFO | Batch 230 | Loss: 0.8593 | Correct: 88/128 | Elapsed Time: 12.73s
2026-02-10 03:29:47,980 | INFO | Batch 240 | Loss: 1.0788 | Correct: 79/128 | Elapsed Time: 12.77s
2026-02-10 03:30:00,606 | INFO | Batch 250 | Loss: 0.9839 | Correct: 82/128 | Elapsed Time: 12.63s
2026-02-10 03:30:13,474 | INFO | Batch 260 | Loss: 0.7465 | Correct: 97/128 | Elapsed Time: 12.87s
2026-02-10 03:30:26,286 | INFO | Batch 270 | Loss: 1.0443 | Correct: 81/128 | Elapsed Time: 12.81s
2026-02-10 03:30:38,965 | INFO | Batch 280 | Loss: 0.9473 | Correct: 83/128 | Elapsed Time: 12.68s
2026-02-10 03:30:51,722 | INFO | Batch 290 | Loss: 0.9022 | Correct: 88/128 | Elapsed Time: 12.76s
2026-02-10 03:31:04,571 | INFO | Batch 300 | Loss: 0.9121 | Correct: 88/128 | Elapsed Time: 12.85s
2026-02-10 03:31:17,227 | INFO | Batch 310 | Loss: 1.0499 | Correct: 79/128 | Elapsed Time: 12.66s
2026-02-10 03:31:29,956 | INFO | Batch 320 | Loss: 1.1326 | Correct: 78/128 | Elapsed Time: 12.73s
2026-02-10 03:31:42,962 | INFO | Batch 330 | Loss: 0.9270 | Correct: 88/128 | Elapsed Time: 13.01s
2026-02-10 03:31:55,707 | INFO | Batch 340 | Loss: 1.0274 | Correct: 78/128 | Elapsed Time: 12.75s
2026-02-10 03:32:08,422 | INFO | Batch 350 | Loss: 0.9892 | Correct: 82/128 | Elapsed Time: 12.72s
2026-02-10 03:32:21,177 | INFO | Batch 360 | Loss: 0.9839 | Correct: 84/128 | Elapsed Time: 12.76s
2026-02-10 03:32:33,920 | INFO | Batch 370 | Loss: 0.8455 | Correct: 89/128 | Elapsed Time: 12.74s
2026-02-10 03:32:46,595 | INFO | Batch 380 | Loss: 0.8455 | Correct: 95/128 | Elapsed Time: 12.67s
2026-02-10 03:32:59,348 | INFO | Batch 390 | Loss: 0.8829 | Correct: 86/128 | Elapsed Time: 12.75s
2026-02-10 03:33:00,361 | INFO | Epoch [27/100] - Loss: 0.9182 | Correct: 33753/50000 (67.51%, 498.70s)
2026-02-10 03:33:45,755 | INFO | Validation - Loss: 0.9153 | Correct: 6760/10000 (67.60%) (45.39s)
2026-02-10 03:33:45,894 | INFO | New best model saved at epoch 27 with Top1 Acc: 67.60%
2026-02-10 03:33:58,634 | INFO | Batch 10 | Loss: 0.9680 | Correct: 89/128 | Elapsed Time: 12.74s
2026-02-10 03:34:11,321 | INFO | Batch 20 | Loss: 1.0846 | Correct: 76/128 | Elapsed Time: 12.69s
2026-02-10 03:34:24,055 | INFO | Batch 30 | Loss: 1.0274 | Correct: 79/128 | Elapsed Time: 12.73s
2026-02-10 03:34:36,854 | INFO | Batch 40 | Loss: 0.7424 | Correct: 90/128 | Elapsed Time: 12.80s
2026-02-10 03:34:49,495 | INFO | Batch 50 | Loss: 0.7966 | Correct: 88/128 | Elapsed Time: 12.64s
2026-02-10 03:35:02,247 | INFO | Batch 60 | Loss: 1.1265 | Correct: 73/128 | Elapsed Time: 12.75s
2026-02-10 03:35:15,066 | INFO | Batch 70 | Loss: 1.0614 | Correct: 80/128 | Elapsed Time: 12.82s
2026-02-10 03:35:27,697 | INFO | Batch 80 | Loss: 0.9628 | Correct: 82/128 | Elapsed Time: 12.63s
2026-02-10 03:35:40,414 | INFO | Batch 90 | Loss: 0.8640 | Correct: 88/128 | Elapsed Time: 12.72s
2026-02-10 03:35:53,117 | INFO | Batch 100 | Loss: 0.8547 | Correct: 91/128 | Elapsed Time: 12.70s
2026-02-10 03:36:05,794 | INFO | Batch 110 | Loss: 0.8593 | Correct: 91/128 | Elapsed Time: 12.68s
2026-02-10 03:36:18,479 | INFO | Batch 120 | Loss: 0.7384 | Correct: 92/128 | Elapsed Time: 12.68s
2026-02-10 03:36:31,117 | INFO | Batch 130 | Loss: 0.9680 | Correct: 79/128 | Elapsed Time: 12.64s
2026-02-10 03:36:43,829 | INFO | Batch 140 | Loss: 0.9680 | Correct: 83/128 | Elapsed Time: 12.71s
2026-02-10 03:36:56,433 | INFO | Batch 150 | Loss: 1.0499 | Correct: 78/128 | Elapsed Time: 12.60s
2026-02-10 03:37:09,227 | INFO | Batch 160 | Loss: 1.0556 | Correct: 82/128 | Elapsed Time: 12.79s
2026-02-10 03:37:21,963 | INFO | Batch 170 | Loss: 0.9892 | Correct: 80/128 | Elapsed Time: 12.74s
2026-02-10 03:37:34,605 | INFO | Batch 180 | Loss: 0.8409 | Correct: 95/128 | Elapsed Time: 12.64s
2026-02-10 03:37:47,373 | INFO | Batch 190 | Loss: 1.0000 | Correct: 84/128 | Elapsed Time: 12.77s
2026-02-10 03:38:00,117 | INFO | Batch 200 | Loss: 0.8781 | Correct: 87/128 | Elapsed Time: 12.74s
2026-02-10 03:38:12,816 | INFO | Batch 210 | Loss: 0.8273 | Correct: 88/128 | Elapsed Time: 12.70s
2026-02-10 03:38:25,575 | INFO | Batch 220 | Loss: 0.8140 | Correct: 89/128 | Elapsed Time: 12.76s
2026-02-10 03:38:38,303 | INFO | Batch 230 | Loss: 0.8781 | Correct: 86/128 | Elapsed Time: 12.73s
2026-02-10 03:38:50,928 | INFO | Batch 240 | Loss: 0.6735 | Correct: 93/128 | Elapsed Time: 12.63s
2026-02-10 03:39:03,695 | INFO | Batch 250 | Loss: 1.0614 | Correct: 75/128 | Elapsed Time: 12.77s
2026-02-10 03:39:16,474 | INFO | Batch 260 | Loss: 0.8925 | Correct: 83/128 | Elapsed Time: 12.78s
2026-02-10 03:39:29,107 | INFO | Batch 270 | Loss: 1.0000 | Correct: 80/128 | Elapsed Time: 12.63s
2026-02-10 03:39:41,861 | INFO | Batch 280 | Loss: 0.9473 | Correct: 83/128 | Elapsed Time: 12.75s
2026-02-10 03:39:54,596 | INFO | Batch 290 | Loss: 0.9473 | Correct: 90/128 | Elapsed Time: 12.74s
2026-02-10 03:40:07,243 | INFO | Batch 300 | Loss: 0.8974 | Correct: 85/128 | Elapsed Time: 12.65s
2026-02-10 03:40:19,947 | INFO | Batch 310 | Loss: 0.8501 | Correct: 88/128 | Elapsed Time: 12.70s
2026-02-10 03:40:32,621 | INFO | Batch 320 | Loss: 0.9220 | Correct: 89/128 | Elapsed Time: 12.67s
2026-02-10 03:40:45,226 | INFO | Batch 330 | Loss: 0.8829 | Correct: 80/128 | Elapsed Time: 12.61s
2026-02-10 03:40:57,944 | INFO | Batch 340 | Loss: 0.8547 | Correct: 90/128 | Elapsed Time: 12.72s
2026-02-10 03:41:10,704 | INFO | Batch 350 | Loss: 0.8734 | Correct: 95/128 | Elapsed Time: 12.76s
2026-02-10 03:41:23,405 | INFO | Batch 360 | Loss: 0.8974 | Correct: 83/128 | Elapsed Time: 12.70s
2026-02-10 03:41:36,090 | INFO | Batch 370 | Loss: 0.9422 | Correct: 83/128 | Elapsed Time: 12.68s
2026-02-10 03:41:48,954 | INFO | Batch 380 | Loss: 0.9786 | Correct: 86/128 | Elapsed Time: 12.86s
2026-02-10 03:42:01,678 | INFO | Batch 390 | Loss: 0.7837 | Correct: 91/128 | Elapsed Time: 12.72s
2026-02-10 03:42:02,742 | INFO | Epoch [28/100] - Loss: 0.9101 | Correct: 33777/50000 (67.55%, 496.85s)
2026-02-10 03:42:47,733 | INFO | Validation - Loss: 0.9409 | Correct: 6708/10000 (67.08%) (44.99s)
2026-02-10 03:43:00,363 | INFO | Batch 10 | Loss: 0.8318 | Correct: 95/128 | Elapsed Time: 12.63s
2026-02-10 03:43:13,177 | INFO | Batch 20 | Loss: 1.0330 | Correct: 76/128 | Elapsed Time: 12.81s
2026-02-10 03:43:25,870 | INFO | Batch 30 | Loss: 0.8781 | Correct: 89/128 | Elapsed Time: 12.69s
2026-02-10 03:43:38,448 | INFO | Batch 40 | Loss: 0.9320 | Correct: 86/128 | Elapsed Time: 12.58s
2026-02-10 03:43:51,159 | INFO | Batch 50 | Loss: 0.9320 | Correct: 89/128 | Elapsed Time: 12.71s
2026-02-10 03:44:03,901 | INFO | Batch 60 | Loss: 0.6555 | Correct: 100/128 | Elapsed Time: 12.74s
2026-02-10 03:44:16,560 | INFO | Batch 70 | Loss: 0.9628 | Correct: 82/128 | Elapsed Time: 12.66s
2026-02-10 03:44:29,307 | INFO | Batch 80 | Loss: 1.1084 | Correct: 77/128 | Elapsed Time: 12.75s
2026-02-10 03:44:42,025 | INFO | Batch 90 | Loss: 0.7148 | Correct: 96/128 | Elapsed Time: 12.72s
2026-02-10 03:44:54,672 | INFO | Batch 100 | Loss: 0.8229 | Correct: 92/128 | Elapsed Time: 12.65s
2026-02-10 03:45:07,416 | INFO | Batch 110 | Loss: 1.0330 | Correct: 81/128 | Elapsed Time: 12.74s
2026-02-10 03:45:20,181 | INFO | Batch 120 | Loss: 0.8640 | Correct: 87/128 | Elapsed Time: 12.76s
2026-02-10 03:45:32,933 | INFO | Batch 130 | Loss: 0.9071 | Correct: 89/128 | Elapsed Time: 12.75s
2026-02-10 03:45:45,623 | INFO | Batch 140 | Loss: 1.0788 | Correct: 77/128 | Elapsed Time: 12.69s
2026-02-10 03:45:58,399 | INFO | Batch 150 | Loss: 0.8364 | Correct: 91/128 | Elapsed Time: 12.78s
2026-02-10 03:46:11,203 | INFO | Batch 160 | Loss: 0.9628 | Correct: 86/128 | Elapsed Time: 12.80s
2026-02-10 03:46:23,840 | INFO | Batch 170 | Loss: 0.9170 | Correct: 86/128 | Elapsed Time: 12.64s
2026-02-10 03:46:36,605 | INFO | Batch 180 | Loss: 0.8273 | Correct: 95/128 | Elapsed Time: 12.77s
2026-02-10 03:46:49,327 | INFO | Batch 190 | Loss: 0.9371 | Correct: 87/128 | Elapsed Time: 12.72s
2026-02-10 03:47:01,962 | INFO | Batch 200 | Loss: 0.9892 | Correct: 84/128 | Elapsed Time: 12.63s
2026-02-10 03:47:14,743 | INFO | Batch 210 | Loss: 0.9946 | Correct: 82/128 | Elapsed Time: 12.78s
2026-02-10 03:47:27,424 | INFO | Batch 220 | Loss: 0.9220 | Correct: 90/128 | Elapsed Time: 12.68s
2026-02-10 03:47:40,066 | INFO | Batch 230 | Loss: 0.9422 | Correct: 80/128 | Elapsed Time: 12.64s
2026-02-10 03:47:52,749 | INFO | Batch 240 | Loss: 1.0054 | Correct: 79/128 | Elapsed Time: 12.68s
2026-02-10 03:48:05,488 | INFO | Batch 250 | Loss: 0.8925 | Correct: 85/128 | Elapsed Time: 12.74s
2026-02-10 03:48:18,056 | INFO | Batch 260 | Loss: 0.9022 | Correct: 84/128 | Elapsed Time: 12.57s
2026-02-10 03:48:30,800 | INFO | Batch 270 | Loss: 0.9576 | Correct: 89/128 | Elapsed Time: 12.74s
2026-02-10 03:48:43,525 | INFO | Batch 280 | Loss: 0.7546 | Correct: 89/128 | Elapsed Time: 12.72s
2026-02-10 03:48:56,145 | INFO | Batch 290 | Loss: 0.9422 | Correct: 83/128 | Elapsed Time: 12.62s
2026-02-10 03:49:08,891 | INFO | Batch 300 | Loss: 0.9270 | Correct: 81/128 | Elapsed Time: 12.75s
2026-02-10 03:49:21,671 | INFO | Batch 310 | Loss: 0.8925 | Correct: 86/128 | Elapsed Time: 12.78s
2026-02-10 03:49:34,272 | INFO | Batch 320 | Loss: 0.7923 | Correct: 91/128 | Elapsed Time: 12.60s
2026-02-10 03:49:47,023 | INFO | Batch 330 | Loss: 0.9320 | Correct: 85/128 | Elapsed Time: 12.75s
2026-02-10 03:49:59,725 | INFO | Batch 340 | Loss: 0.9220 | Correct: 84/128 | Elapsed Time: 12.70s
2026-02-10 03:50:12,378 | INFO | Batch 350 | Loss: 0.9473 | Correct: 84/128 | Elapsed Time: 12.65s
2026-02-10 03:50:25,112 | INFO | Batch 360 | Loss: 0.9270 | Correct: 91/128 | Elapsed Time: 12.73s
2026-02-10 03:50:37,811 | INFO | Batch 370 | Loss: 0.9422 | Correct: 86/128 | Elapsed Time: 12.70s
2026-02-10 03:50:50,415 | INFO | Batch 380 | Loss: 0.9320 | Correct: 81/128 | Elapsed Time: 12.60s
2026-02-10 03:51:03,134 | INFO | Batch 390 | Loss: 0.9524 | Correct: 87/128 | Elapsed Time: 12.72s
2026-02-10 03:51:04,161 | INFO | Epoch [29/100] - Loss: 0.8951 | Correct: 34116/50000 (68.23%, 496.43s)
2026-02-10 03:51:49,288 | INFO | Validation - Loss: 0.8951 | Correct: 6870/10000 (68.70%) (45.13s)
2026-02-10 03:51:49,421 | INFO | New best model saved at epoch 29 with Top1 Acc: 68.70%
2026-02-10 03:52:02,140 | INFO | Batch 10 | Loss: 1.0000 | Correct: 83/128 | Elapsed Time: 12.72s
2026-02-10 03:52:14,920 | INFO | Batch 20 | Loss: 1.0386 | Correct: 80/128 | Elapsed Time: 12.78s
2026-02-10 03:52:27,532 | INFO | Batch 30 | Loss: 0.8229 | Correct: 87/128 | Elapsed Time: 12.61s
2026-02-10 03:52:40,201 | INFO | Batch 40 | Loss: 1.1700 | Correct: 81/128 | Elapsed Time: 12.67s
2026-02-10 03:52:52,888 | INFO | Batch 50 | Loss: 0.9628 | Correct: 89/128 | Elapsed Time: 12.69s
2026-02-10 03:53:05,503 | INFO | Batch 60 | Loss: 0.8547 | Correct: 92/128 | Elapsed Time: 12.61s
2026-02-10 03:53:18,192 | INFO | Batch 70 | Loss: 0.7795 | Correct: 98/128 | Elapsed Time: 12.69s
2026-02-10 03:53:30,854 | INFO | Batch 80 | Loss: 0.8184 | Correct: 89/128 | Elapsed Time: 12.66s
2026-02-10 03:53:43,441 | INFO | Batch 90 | Loss: 0.6957 | Correct: 97/128 | Elapsed Time: 12.59s
2026-02-10 03:53:56,070 | INFO | Batch 100 | Loss: 0.8547 | Correct: 95/128 | Elapsed Time: 12.63s
2026-02-10 03:54:08,789 | INFO | Batch 110 | Loss: 0.8455 | Correct: 87/128 | Elapsed Time: 12.72s
2026-02-10 03:54:21,377 | INFO | Batch 120 | Loss: 0.8734 | Correct: 86/128 | Elapsed Time: 12.59s
2026-02-10 03:54:34,051 | INFO | Batch 130 | Loss: 0.9170 | Correct: 84/128 | Elapsed Time: 12.67s
2026-02-10 03:54:46,756 | INFO | Batch 140 | Loss: 0.9576 | Correct: 84/128 | Elapsed Time: 12.71s
2026-02-10 03:54:59,449 | INFO | Batch 150 | Loss: 1.0556 | Correct: 84/128 | Elapsed Time: 12.69s
2026-02-10 03:55:12,116 | INFO | Batch 160 | Loss: 0.8781 | Correct: 87/128 | Elapsed Time: 12.67s
2026-02-10 03:55:24,806 | INFO | Batch 170 | Loss: 0.9892 | Correct: 85/128 | Elapsed Time: 12.69s
2026-02-10 03:55:37,464 | INFO | Batch 180 | Loss: 0.9320 | Correct: 85/128 | Elapsed Time: 12.66s
2026-02-10 03:55:50,046 | INFO | Batch 190 | Loss: 0.7966 | Correct: 89/128 | Elapsed Time: 12.58s
2026-02-10 03:56:02,791 | INFO | Batch 200 | Loss: 0.8925 | Correct: 87/128 | Elapsed Time: 12.75s
2026-02-10 03:56:15,477 | INFO | Batch 210 | Loss: 0.8640 | Correct: 99/128 | Elapsed Time: 12.69s
2026-02-10 03:56:28,050 | INFO | Batch 220 | Loss: 0.8455 | Correct: 89/128 | Elapsed Time: 12.57s
2026-02-10 03:56:40,765 | INFO | Batch 230 | Loss: 0.9839 | Correct: 82/128 | Elapsed Time: 12.71s
2026-02-10 03:56:53,443 | INFO | Batch 240 | Loss: 0.7711 | Correct: 90/128 | Elapsed Time: 12.68s
2026-02-10 03:57:06,091 | INFO | Batch 250 | Loss: 1.0000 | Correct: 83/128 | Elapsed Time: 12.65s
2026-02-10 03:57:18,785 | INFO | Batch 260 | Loss: 0.8364 | Correct: 93/128 | Elapsed Time: 12.69s
2026-02-10 03:57:31,443 | INFO | Batch 270 | Loss: 0.8925 | Correct: 86/128 | Elapsed Time: 12.66s
2026-02-10 03:57:44,075 | INFO | Batch 280 | Loss: 0.9786 | Correct: 81/128 | Elapsed Time: 12.63s
2026-02-10 03:57:56,752 | INFO | Batch 290 | Loss: 0.9371 | Correct: 82/128 | Elapsed Time: 12.68s
2026-02-10 03:58:09,487 | INFO | Batch 300 | Loss: 1.0556 | Correct: 84/128 | Elapsed Time: 12.74s
2026-02-10 03:58:22,109 | INFO | Batch 310 | Loss: 1.0386 | Correct: 84/128 | Elapsed Time: 12.62s
2026-02-10 03:58:34,768 | INFO | Batch 320 | Loss: 0.9022 | Correct: 89/128 | Elapsed Time: 12.66s
2026-02-10 03:58:47,446 | INFO | Batch 330 | Loss: 1.1957 | Correct: 72/128 | Elapsed Time: 12.68s
2026-02-10 03:59:00,012 | INFO | Batch 340 | Loss: 0.8593 | Correct: 86/128 | Elapsed Time: 12.57s
2026-02-10 03:59:12,832 | INFO | Batch 350 | Loss: 0.8781 | Correct: 91/128 | Elapsed Time: 12.82s
2026-02-10 03:59:25,500 | INFO | Batch 360 | Loss: 0.9473 | Correct: 84/128 | Elapsed Time: 12.67s
2026-02-10 03:59:38,096 | INFO | Batch 370 | Loss: 0.9170 | Correct: 84/128 | Elapsed Time: 12.60s
2026-02-10 03:59:50,804 | INFO | Batch 380 | Loss: 0.9022 | Correct: 92/128 | Elapsed Time: 12.71s
2026-02-10 04:00:03,644 | INFO | Batch 390 | Loss: 0.7795 | Correct: 90/128 | Elapsed Time: 12.84s
2026-02-10 04:00:04,665 | INFO | Epoch [30/100] - Loss: 0.8988 | Correct: 34115/50000 (68.23%, 495.24s)
2026-02-10 04:00:49,785 | INFO | Validation - Loss: 0.8770 | Correct: 6935/10000 (69.35%) (45.12s)
2026-02-10 04:00:49,919 | INFO | New best model saved at epoch 30 with Top1 Acc: 69.35%
2026-02-10 04:01:02,627 | INFO | Batch 10 | Loss: 0.9071 | Correct: 85/128 | Elapsed Time: 12.71s
2026-02-10 04:01:15,243 | INFO | Batch 20 | Loss: 0.8829 | Correct: 85/128 | Elapsed Time: 12.62s
2026-02-10 04:01:27,930 | INFO | Batch 30 | Loss: 0.9071 | Correct: 83/128 | Elapsed Time: 12.69s
2026-02-10 04:01:40,834 | INFO | Batch 40 | Loss: 0.8734 | Correct: 88/128 | Elapsed Time: 12.90s
2026-02-10 04:01:53,526 | INFO | Batch 50 | Loss: 0.9121 | Correct: 84/128 | Elapsed Time: 12.69s
2026-02-10 04:02:06,298 | INFO | Batch 60 | Loss: 0.9628 | Correct: 87/128 | Elapsed Time: 12.77s
2026-02-10 04:02:19,000 | INFO | Batch 70 | Loss: 0.9071 | Correct: 93/128 | Elapsed Time: 12.70s
2026-02-10 04:02:31,591 | INFO | Batch 80 | Loss: 0.9680 | Correct: 87/128 | Elapsed Time: 12.59s
2026-02-10 04:02:44,303 | INFO | Batch 90 | Loss: 0.7187 | Correct: 93/128 | Elapsed Time: 12.71s
2026-02-10 04:02:57,016 | INFO | Batch 100 | Loss: 0.8455 | Correct: 88/128 | Elapsed Time: 12.71s
2026-02-10 04:03:09,693 | INFO | Batch 110 | Loss: 0.8547 | Correct: 92/128 | Elapsed Time: 12.68s
2026-02-10 04:03:22,399 | INFO | Batch 120 | Loss: 0.9680 | Correct: 84/128 | Elapsed Time: 12.71s
2026-02-10 04:03:35,072 | INFO | Batch 130 | Loss: 0.7265 | Correct: 98/128 | Elapsed Time: 12.67s
2026-02-10 04:03:47,726 | INFO | Batch 140 | Loss: 0.8229 | Correct: 93/128 | Elapsed Time: 12.65s
2026-02-10 04:04:00,423 | INFO | Batch 150 | Loss: 0.9371 | Correct: 89/128 | Elapsed Time: 12.70s
2026-02-10 04:04:13,143 | INFO | Batch 160 | Loss: 0.8640 | Correct: 89/128 | Elapsed Time: 12.72s
2026-02-10 04:04:25,766 | INFO | Batch 170 | Loss: 0.6176 | Correct: 96/128 | Elapsed Time: 12.62s
2026-02-10 04:04:38,489 | INFO | Batch 180 | Loss: 0.8009 | Correct: 94/128 | Elapsed Time: 12.72s
2026-02-10 04:04:51,207 | INFO | Batch 190 | Loss: 0.8009 | Correct: 80/128 | Elapsed Time: 12.72s
2026-02-10 04:05:03,868 | INFO | Batch 200 | Loss: 0.9422 | Correct: 85/128 | Elapsed Time: 12.66s
2026-02-10 04:05:16,575 | INFO | Batch 210 | Loss: 0.7837 | Correct: 90/128 | Elapsed Time: 12.71s
2026-02-10 04:05:29,281 | INFO | Batch 220 | Loss: 0.8593 | Correct: 86/128 | Elapsed Time: 12.71s
2026-02-10 04:05:41,981 | INFO | Batch 230 | Loss: 0.9121 | Correct: 89/128 | Elapsed Time: 12.70s
2026-02-10 04:05:54,537 | INFO | Batch 240 | Loss: 0.8974 | Correct: 86/128 | Elapsed Time: 12.56s
2026-02-10 04:06:07,337 | INFO | Batch 250 | Loss: 0.8364 | Correct: 85/128 | Elapsed Time: 12.80s
2026-02-10 04:06:20,037 | INFO | Batch 260 | Loss: 1.0671 | Correct: 77/128 | Elapsed Time: 12.70s
2026-02-10 04:06:32,636 | INFO | Batch 270 | Loss: 0.8877 | Correct: 79/128 | Elapsed Time: 12.60s
2026-02-10 04:06:45,362 | INFO | Batch 280 | Loss: 0.8052 | Correct: 91/128 | Elapsed Time: 12.73s
2026-02-10 04:06:58,083 | INFO | Batch 290 | Loss: 0.7753 | Correct: 93/128 | Elapsed Time: 12.72s
2026-02-10 04:07:10,779 | INFO | Batch 300 | Loss: 0.8974 | Correct: 82/128 | Elapsed Time: 12.70s
2026-02-10 04:07:23,436 | INFO | Batch 310 | Loss: 0.8229 | Correct: 90/128 | Elapsed Time: 12.66s
2026-02-10 04:07:36,111 | INFO | Batch 320 | Loss: 0.7546 | Correct: 96/128 | Elapsed Time: 12.67s
2026-02-10 04:07:48,706 | INFO | Batch 330 | Loss: 1.0729 | Correct: 85/128 | Elapsed Time: 12.60s
2026-02-10 04:08:01,382 | INFO | Batch 340 | Loss: 0.8364 | Correct: 88/128 | Elapsed Time: 12.68s
2026-02-10 04:08:14,110 | INFO | Batch 350 | Loss: 0.8925 | Correct: 82/128 | Elapsed Time: 12.73s
2026-02-10 04:08:26,708 | INFO | Batch 360 | Loss: 1.0000 | Correct: 79/128 | Elapsed Time: 12.60s
2026-02-10 04:08:39,390 | INFO | Batch 370 | Loss: 0.9733 | Correct: 80/128 | Elapsed Time: 12.68s
2026-02-10 04:08:52,080 | INFO | Batch 380 | Loss: 0.8501 | Correct: 91/128 | Elapsed Time: 12.69s
2026-02-10 04:09:04,844 | INFO | Batch 390 | Loss: 1.0054 | Correct: 85/128 | Elapsed Time: 12.76s
2026-02-10 04:09:05,851 | INFO | Epoch [31/100] - Loss: 0.8809 | Correct: 34395/50000 (68.79%, 495.93s)
2026-02-10 04:09:50,982 | INFO | Validation - Loss: 0.9847 | Correct: 6583/10000 (65.83%) (45.13s)
2026-02-10 04:10:03,770 | INFO | Batch 10 | Loss: 0.8273 | Correct: 91/128 | Elapsed Time: 12.79s
2026-02-10 04:10:16,496 | INFO | Batch 20 | Loss: 0.8781 | Correct: 88/128 | Elapsed Time: 12.73s
2026-02-10 04:10:29,220 | INFO | Batch 30 | Loss: 0.8640 | Correct: 84/128 | Elapsed Time: 12.72s
2026-02-10 04:10:41,877 | INFO | Batch 40 | Loss: 0.8734 | Correct: 88/128 | Elapsed Time: 12.66s
2026-02-10 04:10:54,717 | INFO | Batch 50 | Loss: 0.9628 | Correct: 94/128 | Elapsed Time: 12.84s
2026-02-10 04:11:07,494 | INFO | Batch 60 | Loss: 0.9071 | Correct: 84/128 | Elapsed Time: 12.78s
2026-02-10 04:11:20,118 | INFO | Batch 70 | Loss: 0.8781 | Correct: 84/128 | Elapsed Time: 12.62s
2026-02-10 04:11:32,865 | INFO | Batch 80 | Loss: 0.9628 | Correct: 80/128 | Elapsed Time: 12.75s
2026-02-10 04:11:45,913 | INFO | Batch 90 | Loss: 0.9220 | Correct: 84/128 | Elapsed Time: 13.05s
2026-02-10 04:11:58,552 | INFO | Batch 100 | Loss: 0.9320 | Correct: 84/128 | Elapsed Time: 12.64s
2026-02-10 04:12:11,281 | INFO | Batch 110 | Loss: 0.8501 | Correct: 88/128 | Elapsed Time: 12.73s
2026-02-10 04:12:23,929 | INFO | Batch 120 | Loss: 0.9680 | Correct: 84/128 | Elapsed Time: 12.65s
2026-02-10 04:12:36,469 | INFO | Batch 130 | Loss: 1.0386 | Correct: 77/128 | Elapsed Time: 12.54s
2026-02-10 04:12:49,132 | INFO | Batch 140 | Loss: 0.9524 | Correct: 86/128 | Elapsed Time: 12.66s
2026-02-10 04:13:01,805 | INFO | Batch 150 | Loss: 0.9422 | Correct: 83/128 | Elapsed Time: 12.67s
2026-02-10 04:13:14,480 | INFO | Batch 160 | Loss: 1.0386 | Correct: 79/128 | Elapsed Time: 12.67s
2026-02-10 04:13:27,127 | INFO | Batch 170 | Loss: 0.8829 | Correct: 87/128 | Elapsed Time: 12.65s
2026-02-10 04:13:39,782 | INFO | Batch 180 | Loss: 1.0556 | Correct: 81/128 | Elapsed Time: 12.66s
2026-02-10 04:13:52,361 | INFO | Batch 190 | Loss: 1.1574 | Correct: 72/128 | Elapsed Time: 12.58s
2026-02-10 04:14:05,054 | INFO | Batch 200 | Loss: 1.0788 | Correct: 81/128 | Elapsed Time: 12.69s
2026-02-10 04:14:17,754 | INFO | Batch 210 | Loss: 1.2352 | Correct: 76/128 | Elapsed Time: 12.70s
2026-02-10 04:14:30,421 | INFO | Batch 220 | Loss: 0.8140 | Correct: 92/128 | Elapsed Time: 12.67s
2026-02-10 04:14:43,021 | INFO | Batch 230 | Loss: 0.8184 | Correct: 87/128 | Elapsed Time: 12.60s
2026-02-10 04:14:55,679 | INFO | Batch 240 | Loss: 0.9320 | Correct: 85/128 | Elapsed Time: 12.66s
2026-02-10 04:15:08,461 | INFO | Batch 250 | Loss: 0.7966 | Correct: 88/128 | Elapsed Time: 12.78s
2026-02-10 04:15:21,066 | INFO | Batch 260 | Loss: 0.6882 | Correct: 94/128 | Elapsed Time: 12.61s
2026-02-10 04:15:33,743 | INFO | Batch 270 | Loss: 0.8640 | Correct: 84/128 | Elapsed Time: 12.68s
2026-02-10 04:15:46,443 | INFO | Batch 280 | Loss: 1.0109 | Correct: 95/128 | Elapsed Time: 12.70s
2026-02-10 04:15:59,071 | INFO | Batch 290 | Loss: 0.9680 | Correct: 85/128 | Elapsed Time: 12.63s
2026-02-10 04:16:11,809 | INFO | Batch 300 | Loss: 0.9839 | Correct: 84/128 | Elapsed Time: 12.74s
2026-02-10 04:16:24,464 | INFO | Batch 310 | Loss: 0.9270 | Correct: 92/128 | Elapsed Time: 12.66s
2026-02-10 04:16:37,010 | INFO | Batch 320 | Loss: 0.9071 | Correct: 87/128 | Elapsed Time: 12.55s
2026-02-10 04:16:49,711 | INFO | Batch 330 | Loss: 1.1084 | Correct: 84/128 | Elapsed Time: 12.70s
2026-02-10 04:17:02,398 | INFO | Batch 340 | Loss: 1.1700 | Correct: 79/128 | Elapsed Time: 12.69s
2026-02-10 04:17:15,092 | INFO | Batch 350 | Loss: 0.9786 | Correct: 84/128 | Elapsed Time: 12.69s
2026-02-10 04:17:27,797 | INFO | Batch 360 | Loss: 1.0443 | Correct: 80/128 | Elapsed Time: 12.70s
2026-02-10 04:17:40,496 | INFO | Batch 370 | Loss: 0.9892 | Correct: 86/128 | Elapsed Time: 12.70s
2026-02-10 04:17:53,123 | INFO | Batch 380 | Loss: 0.7033 | Correct: 94/128 | Elapsed Time: 12.63s
2026-02-10 04:18:05,928 | INFO | Batch 390 | Loss: 0.9170 | Correct: 84/128 | Elapsed Time: 12.81s
2026-02-10 04:18:06,936 | INFO | Epoch [32/100] - Loss: 0.9368 | Correct: 33484/50000 (66.97%, 495.95s)
2026-02-10 04:18:51,874 | INFO | Validation - Loss: 0.9384 | Correct: 6660/10000 (66.60%) (44.94s)
2026-02-10 04:19:04,580 | INFO | Batch 10 | Loss: 0.7837 | Correct: 98/128 | Elapsed Time: 12.70s
2026-02-10 04:19:17,266 | INFO | Batch 20 | Loss: 0.8547 | Correct: 88/128 | Elapsed Time: 12.69s
2026-02-10 04:19:29,826 | INFO | Batch 30 | Loss: 0.9220 | Correct: 87/128 | Elapsed Time: 12.56s
2026-02-10 04:19:42,458 | INFO | Batch 40 | Loss: 0.9839 | Correct: 82/128 | Elapsed Time: 12.63s
2026-02-10 04:19:55,152 | INFO | Batch 50 | Loss: 0.8640 | Correct: 92/128 | Elapsed Time: 12.69s
2026-02-10 04:20:07,816 | INFO | Batch 60 | Loss: 0.7033 | Correct: 98/128 | Elapsed Time: 12.66s
2026-02-10 04:20:20,531 | INFO | Batch 70 | Loss: 0.8974 | Correct: 88/128 | Elapsed Time: 12.71s
2026-02-10 04:20:33,223 | INFO | Batch 80 | Loss: 0.8052 | Correct: 85/128 | Elapsed Time: 12.69s
2026-02-10 04:20:45,838 | INFO | Batch 90 | Loss: 0.9628 | Correct: 80/128 | Elapsed Time: 12.61s
2026-02-10 04:20:58,494 | INFO | Batch 100 | Loss: 0.8974 | Correct: 91/128 | Elapsed Time: 12.66s
2026-02-10 04:21:11,221 | INFO | Batch 110 | Loss: 0.9839 | Correct: 85/128 | Elapsed Time: 12.73s
2026-02-10 04:21:23,815 | INFO | Batch 120 | Loss: 1.0000 | Correct: 73/128 | Elapsed Time: 12.59s
2026-02-10 04:21:36,524 | INFO | Batch 130 | Loss: 0.8229 | Correct: 92/128 | Elapsed Time: 12.71s
2026-02-10 04:21:49,322 | INFO | Batch 140 | Loss: 1.2829 | Correct: 67/128 | Elapsed Time: 12.80s
2026-02-10 04:22:01,971 | INFO | Batch 150 | Loss: 1.0054 | Correct: 80/128 | Elapsed Time: 12.65s
2026-02-10 04:22:14,727 | INFO | Batch 160 | Loss: 0.9680 | Correct: 86/128 | Elapsed Time: 12.76s
2026-02-10 04:22:27,440 | INFO | Batch 170 | Loss: 0.9473 | Correct: 86/128 | Elapsed Time: 12.71s
2026-02-10 04:22:39,986 | INFO | Batch 180 | Loss: 0.9422 | Correct: 89/128 | Elapsed Time: 12.55s
2026-02-10 04:22:52,680 | INFO | Batch 190 | Loss: 0.8501 | Correct: 86/128 | Elapsed Time: 12.69s
2026-02-10 04:23:05,419 | INFO | Batch 200 | Loss: 0.8096 | Correct: 93/128 | Elapsed Time: 12.74s
2026-02-10 04:23:18,019 | INFO | Batch 210 | Loss: 0.9320 | Correct: 82/128 | Elapsed Time: 12.60s
2026-02-10 04:23:30,712 | INFO | Batch 220 | Loss: 0.8974 | Correct: 89/128 | Elapsed Time: 12.69s
2026-02-10 04:23:43,424 | INFO | Batch 230 | Loss: 0.8229 | Correct: 84/128 | Elapsed Time: 12.71s
2026-02-10 04:23:56,049 | INFO | Batch 240 | Loss: 0.9022 | Correct: 83/128 | Elapsed Time: 12.62s
2026-02-10 04:24:08,959 | INFO | Batch 250 | Loss: 1.0614 | Correct: 79/128 | Elapsed Time: 12.91s
2026-02-10 04:24:21,718 | INFO | Batch 260 | Loss: 0.8364 | Correct: 81/128 | Elapsed Time: 12.76s
2026-02-10 04:24:34,369 | INFO | Batch 270 | Loss: 0.8640 | Correct: 89/128 | Elapsed Time: 12.65s
2026-02-10 04:24:47,112 | INFO | Batch 280 | Loss: 0.8364 | Correct: 90/128 | Elapsed Time: 12.74s
2026-02-10 04:24:59,868 | INFO | Batch 290 | Loss: 0.8318 | Correct: 93/128 | Elapsed Time: 12.76s
2026-02-10 04:25:12,617 | INFO | Batch 300 | Loss: 0.8829 | Correct: 88/128 | Elapsed Time: 12.75s
2026-02-10 04:25:25,261 | INFO | Batch 310 | Loss: 0.8925 | Correct: 84/128 | Elapsed Time: 12.64s
2026-02-10 04:25:37,979 | INFO | Batch 320 | Loss: 0.8877 | Correct: 89/128 | Elapsed Time: 12.72s
2026-02-10 04:25:50,689 | INFO | Batch 330 | Loss: 0.7587 | Correct: 96/128 | Elapsed Time: 12.71s
2026-02-10 04:26:03,389 | INFO | Batch 340 | Loss: 0.8009 | Correct: 91/128 | Elapsed Time: 12.70s
2026-02-10 04:26:16,167 | INFO | Batch 350 | Loss: 1.0054 | Correct: 85/128 | Elapsed Time: 12.78s
2026-02-10 04:26:28,935 | INFO | Batch 360 | Loss: 0.6995 | Correct: 94/128 | Elapsed Time: 12.77s
2026-02-10 04:26:41,596 | INFO | Batch 370 | Loss: 0.8318 | Correct: 89/128 | Elapsed Time: 12.66s
2026-02-10 04:26:54,337 | INFO | Batch 380 | Loss: 1.0386 | Correct: 79/128 | Elapsed Time: 12.74s
2026-02-10 04:27:07,239 | INFO | Batch 390 | Loss: 0.8318 | Correct: 83/128 | Elapsed Time: 12.90s
2026-02-10 04:27:08,248 | INFO | Epoch [33/100] - Loss: 0.9032 | Correct: 33848/50000 (67.70%, 496.37s)
2026-02-10 04:27:53,398 | INFO | Validation - Loss: 0.8813 | Correct: 6898/10000 (68.98%) (45.15s)
2026-02-10 04:28:06,167 | INFO | Batch 10 | Loss: 0.7424 | Correct: 91/128 | Elapsed Time: 12.77s
2026-02-10 04:28:18,836 | INFO | Batch 20 | Loss: 0.8877 | Correct: 83/128 | Elapsed Time: 12.67s
2026-02-10 04:28:31,579 | INFO | Batch 30 | Loss: 0.8273 | Correct: 89/128 | Elapsed Time: 12.74s
2026-02-10 04:28:44,318 | INFO | Batch 40 | Loss: 0.8925 | Correct: 89/128 | Elapsed Time: 12.74s
2026-02-10 04:28:56,958 | INFO | Batch 50 | Loss: 0.6957 | Correct: 96/128 | Elapsed Time: 12.64s
2026-02-10 04:29:09,757 | INFO | Batch 60 | Loss: 0.9422 | Correct: 88/128 | Elapsed Time: 12.80s
2026-02-10 04:29:22,543 | INFO | Batch 70 | Loss: 0.8318 | Correct: 90/128 | Elapsed Time: 12.79s
2026-02-10 04:29:35,218 | INFO | Batch 80 | Loss: 0.9786 | Correct: 86/128 | Elapsed Time: 12.68s
2026-02-10 04:29:47,964 | INFO | Batch 90 | Loss: 0.8229 | Correct: 92/128 | Elapsed Time: 12.75s
2026-02-10 04:30:00,718 | INFO | Batch 100 | Loss: 1.0729 | Correct: 78/128 | Elapsed Time: 12.75s
2026-02-10 04:30:13,497 | INFO | Batch 110 | Loss: 0.8364 | Correct: 93/128 | Elapsed Time: 12.78s
2026-02-10 04:30:26,261 | INFO | Batch 120 | Loss: 0.8052 | Correct: 92/128 | Elapsed Time: 12.76s
2026-02-10 04:30:38,983 | INFO | Batch 130 | Loss: 0.8547 | Correct: 88/128 | Elapsed Time: 12.72s
2026-02-10 04:30:51,574 | INFO | Batch 140 | Loss: 0.9270 | Correct: 82/128 | Elapsed Time: 12.59s
2026-02-10 04:31:04,388 | INFO | Batch 150 | Loss: 0.8974 | Correct: 90/128 | Elapsed Time: 12.81s
2026-02-10 04:31:17,088 | INFO | Batch 160 | Loss: 0.8229 | Correct: 89/128 | Elapsed Time: 12.70s
2026-02-10 04:31:29,747 | INFO | Batch 170 | Loss: 0.9422 | Correct: 86/128 | Elapsed Time: 12.66s
2026-02-10 04:31:42,700 | INFO | Batch 180 | Loss: 0.7795 | Correct: 90/128 | Elapsed Time: 12.95s
2026-02-10 04:31:55,456 | INFO | Batch 190 | Loss: 1.0330 | Correct: 87/128 | Elapsed Time: 12.76s
2026-02-10 04:32:08,193 | INFO | Batch 200 | Loss: 0.8009 | Correct: 89/128 | Elapsed Time: 12.74s
2026-02-10 04:32:20,918 | INFO | Batch 210 | Loss: 0.8229 | Correct: 89/128 | Elapsed Time: 12.72s
2026-02-10 04:32:33,683 | INFO | Batch 220 | Loss: 0.8687 | Correct: 83/128 | Elapsed Time: 12.77s
2026-02-10 04:32:46,315 | INFO | Batch 230 | Loss: 0.8409 | Correct: 86/128 | Elapsed Time: 12.63s
2026-02-10 04:32:59,089 | INFO | Batch 240 | Loss: 0.7880 | Correct: 92/128 | Elapsed Time: 12.77s
2026-02-10 04:33:11,937 | INFO | Batch 250 | Loss: 0.7837 | Correct: 90/128 | Elapsed Time: 12.85s
2026-02-10 04:33:24,711 | INFO | Batch 260 | Loss: 0.9422 | Correct: 81/128 | Elapsed Time: 12.77s
2026-02-10 04:33:37,387 | INFO | Batch 270 | Loss: 0.7628 | Correct: 92/128 | Elapsed Time: 12.68s
2026-02-10 04:33:50,088 | INFO | Batch 280 | Loss: 0.7587 | Correct: 95/128 | Elapsed Time: 12.70s
2026-02-10 04:34:02,804 | INFO | Batch 290 | Loss: 0.9786 | Correct: 84/128 | Elapsed Time: 12.72s
2026-02-10 04:34:15,453 | INFO | Batch 300 | Loss: 0.9170 | Correct: 89/128 | Elapsed Time: 12.65s
2026-02-10 04:34:28,121 | INFO | Batch 310 | Loss: 0.9628 | Correct: 85/128 | Elapsed Time: 12.67s
2026-02-10 04:34:40,800 | INFO | Batch 320 | Loss: 0.8640 | Correct: 89/128 | Elapsed Time: 12.68s
2026-02-10 04:34:53,400 | INFO | Batch 330 | Loss: 0.9576 | Correct: 87/128 | Elapsed Time: 12.60s
2026-02-10 04:35:06,148 | INFO | Batch 340 | Loss: 0.7966 | Correct: 92/128 | Elapsed Time: 12.75s
2026-02-10 04:35:18,813 | INFO | Batch 350 | Loss: 0.9121 | Correct: 87/128 | Elapsed Time: 12.67s
2026-02-10 04:35:31,444 | INFO | Batch 360 | Loss: 0.8455 | Correct: 89/128 | Elapsed Time: 12.63s
2026-02-10 04:35:44,124 | INFO | Batch 370 | Loss: 0.8364 | Correct: 95/128 | Elapsed Time: 12.68s
2026-02-10 04:35:56,794 | INFO | Batch 380 | Loss: 0.8781 | Correct: 90/128 | Elapsed Time: 12.67s
2026-02-10 04:36:09,455 | INFO | Batch 390 | Loss: 0.7837 | Correct: 91/128 | Elapsed Time: 12.66s
2026-02-10 04:36:10,467 | INFO | Epoch [34/100] - Loss: 0.8731 | Correct: 34475/50000 (68.95%, 497.07s)
2026-02-10 04:36:55,527 | INFO | Validation - Loss: 0.8898 | Correct: 6836/10000 (68.36%) (45.06s)
2026-02-10 04:37:08,194 | INFO | Batch 10 | Loss: 0.8009 | Correct: 89/128 | Elapsed Time: 12.66s
2026-02-10 04:37:20,911 | INFO | Batch 20 | Loss: 1.0219 | Correct: 77/128 | Elapsed Time: 12.72s
2026-02-10 04:37:33,604 | INFO | Batch 30 | Loss: 0.7923 | Correct: 96/128 | Elapsed Time: 12.69s
2026-02-10 04:37:46,186 | INFO | Batch 40 | Loss: 0.9170 | Correct: 84/128 | Elapsed Time: 12.58s
2026-02-10 04:37:58,899 | INFO | Batch 50 | Loss: 0.8974 | Correct: 83/128 | Elapsed Time: 12.71s
2026-02-10 04:38:11,711 | INFO | Batch 60 | Loss: 0.9680 | Correct: 81/128 | Elapsed Time: 12.81s
2026-02-10 04:38:24,329 | INFO | Batch 70 | Loss: 0.9946 | Correct: 84/128 | Elapsed Time: 12.62s
2026-02-10 04:38:37,054 | INFO | Batch 80 | Loss: 0.8273 | Correct: 91/128 | Elapsed Time: 12.73s
2026-02-10 04:38:49,815 | INFO | Batch 90 | Loss: 0.8009 | Correct: 93/128 | Elapsed Time: 12.76s
2026-02-10 04:39:02,390 | INFO | Batch 100 | Loss: 1.0330 | Correct: 73/128 | Elapsed Time: 12.58s
2026-02-10 04:39:15,180 | INFO | Batch 110 | Loss: 0.9733 | Correct: 83/128 | Elapsed Time: 12.79s
2026-02-10 04:39:27,922 | INFO | Batch 120 | Loss: 0.6519 | Correct: 96/128 | Elapsed Time: 12.74s
2026-02-10 04:39:40,481 | INFO | Batch 130 | Loss: 0.8829 | Correct: 88/128 | Elapsed Time: 12.56s
2026-02-10 04:39:53,175 | INFO | Batch 140 | Loss: 0.8593 | Correct: 87/128 | Elapsed Time: 12.69s
2026-02-10 04:40:05,936 | INFO | Batch 150 | Loss: 0.9071 | Correct: 88/128 | Elapsed Time: 12.76s
2026-02-10 04:40:18,625 | INFO | Batch 160 | Loss: 0.9892 | Correct: 84/128 | Elapsed Time: 12.69s
2026-02-10 04:40:31,249 | INFO | Batch 170 | Loss: 0.8052 | Correct: 94/128 | Elapsed Time: 12.62s
2026-02-10 04:40:43,965 | INFO | Batch 180 | Loss: 0.8184 | Correct: 89/128 | Elapsed Time: 12.72s
2026-02-10 04:40:56,643 | INFO | Batch 190 | Loss: 0.9121 | Correct: 83/128 | Elapsed Time: 12.68s
2026-02-10 04:41:09,298 | INFO | Batch 200 | Loss: 0.8096 | Correct: 93/128 | Elapsed Time: 12.66s
2026-02-10 04:41:21,972 | INFO | Batch 210 | Loss: 0.8096 | Correct: 90/128 | Elapsed Time: 12.67s
2026-02-10 04:41:34,696 | INFO | Batch 220 | Loss: 0.8925 | Correct: 90/128 | Elapsed Time: 12.72s
2026-02-10 04:41:47,438 | INFO | Batch 230 | Loss: 0.6662 | Correct: 97/128 | Elapsed Time: 12.74s
2026-02-10 04:42:00,197 | INFO | Batch 240 | Loss: 0.9220 | Correct: 87/128 | Elapsed Time: 12.76s
2026-02-10 04:42:12,977 | INFO | Batch 250 | Loss: 0.8455 | Correct: 87/128 | Elapsed Time: 12.78s
2026-02-10 04:42:25,603 | INFO | Batch 260 | Loss: 0.9786 | Correct: 83/128 | Elapsed Time: 12.63s
2026-02-10 04:42:38,313 | INFO | Batch 270 | Loss: 0.8455 | Correct: 94/128 | Elapsed Time: 12.71s
2026-02-10 04:42:51,013 | INFO | Batch 280 | Loss: 0.7628 | Correct: 94/128 | Elapsed Time: 12.70s
2026-02-10 04:43:03,630 | INFO | Batch 290 | Loss: 1.0164 | Correct: 79/128 | Elapsed Time: 12.62s
2026-02-10 04:43:16,301 | INFO | Batch 300 | Loss: 0.9320 | Correct: 92/128 | Elapsed Time: 12.67s
2026-02-10 04:43:29,034 | INFO | Batch 310 | Loss: 0.7837 | Correct: 95/128 | Elapsed Time: 12.73s
2026-02-10 04:43:41,611 | INFO | Batch 320 | Loss: 0.9320 | Correct: 85/128 | Elapsed Time: 12.58s
2026-02-10 04:43:54,340 | INFO | Batch 330 | Loss: 0.8364 | Correct: 89/128 | Elapsed Time: 12.73s
2026-02-10 04:44:07,116 | INFO | Batch 340 | Loss: 0.9022 | Correct: 81/128 | Elapsed Time: 12.78s
2026-02-10 04:44:19,725 | INFO | Batch 350 | Loss: 0.7795 | Correct: 92/128 | Elapsed Time: 12.61s
2026-02-10 04:44:32,395 | INFO | Batch 360 | Loss: 0.9839 | Correct: 88/128 | Elapsed Time: 12.67s
2026-02-10 04:44:45,094 | INFO | Batch 370 | Loss: 1.0729 | Correct: 80/128 | Elapsed Time: 12.70s
2026-02-10 04:44:57,735 | INFO | Batch 380 | Loss: 0.9121 | Correct: 88/128 | Elapsed Time: 12.64s
2026-02-10 04:45:10,531 | INFO | Batch 390 | Loss: 0.8974 | Correct: 87/128 | Elapsed Time: 12.80s
2026-02-10 04:45:11,534 | INFO | Epoch [35/100] - Loss: 0.8752 | Correct: 34412/50000 (68.82%, 496.01s)
2026-02-10 04:45:56,557 | INFO | Validation - Loss: 0.9480 | Correct: 6705/10000 (67.05%) (45.02s)
2026-02-10 04:46:09,299 | INFO | Batch 10 | Loss: 0.8501 | Correct: 83/128 | Elapsed Time: 12.74s
2026-02-10 04:46:22,001 | INFO | Batch 20 | Loss: 0.7966 | Correct: 90/128 | Elapsed Time: 12.70s
2026-02-10 04:46:34,597 | INFO | Batch 30 | Loss: 0.8096 | Correct: 92/128 | Elapsed Time: 12.60s
2026-02-10 04:46:47,309 | INFO | Batch 40 | Loss: 0.8273 | Correct: 92/128 | Elapsed Time: 12.71s
2026-02-10 04:47:00,040 | INFO | Batch 50 | Loss: 0.8052 | Correct: 87/128 | Elapsed Time: 12.73s
2026-02-10 04:47:12,666 | INFO | Batch 60 | Loss: 0.7148 | Correct: 93/128 | Elapsed Time: 12.63s
2026-02-10 04:47:25,376 | INFO | Batch 70 | Loss: 0.8009 | Correct: 87/128 | Elapsed Time: 12.71s
2026-02-10 04:47:38,063 | INFO | Batch 80 | Loss: 0.8974 | Correct: 84/128 | Elapsed Time: 12.69s
2026-02-10 04:47:50,631 | INFO | Batch 90 | Loss: 0.8829 | Correct: 92/128 | Elapsed Time: 12.57s
2026-02-10 04:48:03,346 | INFO | Batch 100 | Loss: 0.7465 | Correct: 90/128 | Elapsed Time: 12.72s
2026-02-10 04:48:16,004 | INFO | Batch 110 | Loss: 0.7753 | Correct: 90/128 | Elapsed Time: 12.66s
2026-02-10 04:48:28,540 | INFO | Batch 120 | Loss: 0.9071 | Correct: 85/128 | Elapsed Time: 12.54s
2026-02-10 04:48:41,226 | INFO | Batch 130 | Loss: 0.9733 | Correct: 78/128 | Elapsed Time: 12.69s
2026-02-10 04:48:53,932 | INFO | Batch 140 | Loss: 0.8229 | Correct: 91/128 | Elapsed Time: 12.71s
2026-02-10 04:49:06,573 | INFO | Batch 150 | Loss: 0.9524 | Correct: 82/128 | Elapsed Time: 12.64s
2026-02-10 04:49:19,259 | INFO | Batch 160 | Loss: 0.8687 | Correct: 88/128 | Elapsed Time: 12.69s
2026-02-10 04:49:31,968 | INFO | Batch 170 | Loss: 0.8547 | Correct: 86/128 | Elapsed Time: 12.71s
2026-02-10 04:49:44,580 | INFO | Batch 180 | Loss: 0.9121 | Correct: 85/128 | Elapsed Time: 12.61s
2026-02-10 04:49:57,304 | INFO | Batch 190 | Loss: 0.9628 | Correct: 81/128 | Elapsed Time: 12.72s
2026-02-10 04:50:10,085 | INFO | Batch 200 | Loss: 1.2968 | Correct: 65/128 | Elapsed Time: 12.78s
2026-02-10 04:50:22,667 | INFO | Batch 210 | Loss: 1.2022 | Correct: 77/128 | Elapsed Time: 12.58s
2026-02-10 04:50:35,377 | INFO | Batch 220 | Loss: 1.0330 | Correct: 78/128 | Elapsed Time: 12.71s
2026-02-10 04:50:48,087 | INFO | Batch 230 | Loss: 1.0274 | Correct: 81/128 | Elapsed Time: 12.71s
2026-02-10 04:51:00,761 | INFO | Batch 240 | Loss: 1.0000 | Correct: 79/128 | Elapsed Time: 12.67s
2026-02-10 04:51:13,416 | INFO | Batch 250 | Loss: 1.0330 | Correct: 82/128 | Elapsed Time: 12.66s
2026-02-10 04:51:26,107 | INFO | Batch 260 | Loss: 1.0671 | Correct: 81/128 | Elapsed Time: 12.69s
2026-02-10 04:51:38,971 | INFO | Batch 270 | Loss: 1.0671 | Correct: 83/128 | Elapsed Time: 12.86s
2026-02-10 04:51:51,604 | INFO | Batch 280 | Loss: 0.9733 | Correct: 85/128 | Elapsed Time: 12.63s
2026-02-10 04:52:04,471 | INFO | Batch 290 | Loss: 0.8593 | Correct: 85/128 | Elapsed Time: 12.87s
2026-02-10 04:52:17,159 | INFO | Batch 300 | Loss: 0.9892 | Correct: 86/128 | Elapsed Time: 12.69s
2026-02-10 04:52:29,757 | INFO | Batch 310 | Loss: 0.9524 | Correct: 86/128 | Elapsed Time: 12.60s
2026-02-10 04:52:42,441 | INFO | Batch 320 | Loss: 0.9071 | Correct: 88/128 | Elapsed Time: 12.68s
2026-02-10 04:52:55,158 | INFO | Batch 330 | Loss: 1.0788 | Correct: 82/128 | Elapsed Time: 12.72s
2026-02-10 04:53:07,893 | INFO | Batch 340 | Loss: 0.9371 | Correct: 85/128 | Elapsed Time: 12.74s
2026-02-10 04:53:20,581 | INFO | Batch 350 | Loss: 0.7465 | Correct: 91/128 | Elapsed Time: 12.69s
2026-02-10 04:53:33,287 | INFO | Batch 360 | Loss: 0.8877 | Correct: 95/128 | Elapsed Time: 12.71s
2026-02-10 04:53:45,887 | INFO | Batch 370 | Loss: 0.8096 | Correct: 91/128 | Elapsed Time: 12.60s
2026-02-10 04:53:58,577 | INFO | Batch 380 | Loss: 0.7546 | Correct: 93/128 | Elapsed Time: 12.69s
2026-02-10 04:54:11,311 | INFO | Batch 390 | Loss: 0.9628 | Correct: 85/128 | Elapsed Time: 12.73s
2026-02-10 04:54:12,316 | INFO | Epoch [36/100] - Loss: 0.9172 | Correct: 33647/50000 (67.29%, 495.76s)
2026-02-10 04:54:57,238 | INFO | Validation - Loss: 0.8860 | Correct: 6890/10000 (68.90%) (44.92s)
2026-02-10 04:55:09,874 | INFO | Batch 10 | Loss: 0.8687 | Correct: 94/128 | Elapsed Time: 12.63s
2026-02-10 04:55:22,544 | INFO | Batch 20 | Loss: 0.8925 | Correct: 78/128 | Elapsed Time: 12.67s
2026-02-10 04:55:35,226 | INFO | Batch 30 | Loss: 0.9371 | Correct: 81/128 | Elapsed Time: 12.68s
2026-02-10 04:55:47,902 | INFO | Batch 40 | Loss: 0.8974 | Correct: 89/128 | Elapsed Time: 12.68s
2026-02-10 04:56:00,495 | INFO | Batch 50 | Loss: 1.0386 | Correct: 79/128 | Elapsed Time: 12.59s
2026-02-10 04:56:13,195 | INFO | Batch 60 | Loss: 1.0054 | Correct: 82/128 | Elapsed Time: 12.70s
2026-02-10 04:56:25,909 | INFO | Batch 70 | Loss: 0.9220 | Correct: 86/128 | Elapsed Time: 12.71s
2026-02-10 04:56:38,454 | INFO | Batch 80 | Loss: 1.1828 | Correct: 75/128 | Elapsed Time: 12.54s
2026-02-10 04:56:51,165 | INFO | Batch 90 | Loss: 0.9071 | Correct: 85/128 | Elapsed Time: 12.71s
2026-02-10 04:57:03,887 | INFO | Batch 100 | Loss: 0.7753 | Correct: 97/128 | Elapsed Time: 12.72s
2026-02-10 04:57:16,495 | INFO | Batch 110 | Loss: 0.9839 | Correct: 79/128 | Elapsed Time: 12.61s
2026-02-10 04:57:29,189 | INFO | Batch 120 | Loss: 0.8781 | Correct: 93/128 | Elapsed Time: 12.69s
2026-02-10 04:57:41,875 | INFO | Batch 130 | Loss: 0.8501 | Correct: 84/128 | Elapsed Time: 12.69s
2026-02-10 04:57:54,488 | INFO | Batch 140 | Loss: 0.7226 | Correct: 102/128 | Elapsed Time: 12.61s
2026-02-10 04:58:07,322 | INFO | Batch 150 | Loss: 1.0000 | Correct: 85/128 | Elapsed Time: 12.83s
2026-02-10 04:58:20,025 | INFO | Batch 160 | Loss: 0.9220 | Correct: 87/128 | Elapsed Time: 12.70s
2026-02-10 04:58:32,622 | INFO | Batch 170 | Loss: 0.7880 | Correct: 92/128 | Elapsed Time: 12.60s
2026-02-10 04:58:45,280 | INFO | Batch 180 | Loss: 1.0054 | Correct: 86/128 | Elapsed Time: 12.66s
2026-02-10 04:58:57,961 | INFO | Batch 190 | Loss: 0.7109 | Correct: 98/128 | Elapsed Time: 12.68s
2026-02-10 04:59:10,548 | INFO | Batch 200 | Loss: 0.9270 | Correct: 87/128 | Elapsed Time: 12.59s
2026-02-10 04:59:23,217 | INFO | Batch 210 | Loss: 0.9071 | Correct: 84/128 | Elapsed Time: 12.67s
2026-02-10 04:59:35,842 | INFO | Batch 220 | Loss: 0.9576 | Correct: 83/128 | Elapsed Time: 12.63s
2026-02-10 04:59:48,439 | INFO | Batch 230 | Loss: 0.9320 | Correct: 85/128 | Elapsed Time: 12.60s
2026-02-10 05:00:01,106 | INFO | Batch 240 | Loss: 0.8547 | Correct: 91/128 | Elapsed Time: 12.67s
2026-02-10 05:00:13,873 | INFO | Batch 250 | Loss: 0.8455 | Correct: 87/128 | Elapsed Time: 12.77s
2026-02-10 05:00:26,455 | INFO | Batch 260 | Loss: 0.9946 | Correct: 79/128 | Elapsed Time: 12.58s
2026-02-10 05:00:39,115 | INFO | Batch 270 | Loss: 0.9371 | Correct: 85/128 | Elapsed Time: 12.66s
2026-02-10 05:00:51,807 | INFO | Batch 280 | Loss: 0.8501 | Correct: 85/128 | Elapsed Time: 12.69s
2026-02-10 05:01:04,449 | INFO | Batch 290 | Loss: 0.7226 | Correct: 94/128 | Elapsed Time: 12.64s
2026-02-10 05:01:17,117 | INFO | Batch 300 | Loss: 0.8974 | Correct: 95/128 | Elapsed Time: 12.67s
2026-02-10 05:01:29,783 | INFO | Batch 310 | Loss: 0.8318 | Correct: 95/128 | Elapsed Time: 12.67s
2026-02-10 05:01:42,606 | INFO | Batch 320 | Loss: 0.9371 | Correct: 83/128 | Elapsed Time: 12.82s
2026-02-10 05:01:55,216 | INFO | Batch 330 | Loss: 0.8925 | Correct: 86/128 | Elapsed Time: 12.61s
2026-02-10 05:02:08,042 | INFO | Batch 340 | Loss: 0.7753 | Correct: 95/128 | Elapsed Time: 12.83s
2026-02-10 05:02:20,764 | INFO | Batch 350 | Loss: 0.8925 | Correct: 93/128 | Elapsed Time: 12.72s
2026-02-10 05:02:33,401 | INFO | Batch 360 | Loss: 0.9022 | Correct: 89/128 | Elapsed Time: 12.64s
2026-02-10 05:02:46,074 | INFO | Batch 370 | Loss: 0.9733 | Correct: 85/128 | Elapsed Time: 12.67s
2026-02-10 05:02:58,765 | INFO | Batch 380 | Loss: 0.8409 | Correct: 90/128 | Elapsed Time: 12.69s
2026-02-10 05:03:11,402 | INFO | Batch 390 | Loss: 0.9576 | Correct: 80/128 | Elapsed Time: 12.64s
2026-02-10 05:03:12,411 | INFO | Epoch [37/100] - Loss: 0.8856 | Correct: 34214/50000 (68.43%, 495.17s)
2026-02-10 05:03:57,292 | INFO | Validation - Loss: 0.8961 | Correct: 6846/10000 (68.46%) (44.88s)
2026-02-10 05:04:09,987 | INFO | Batch 10 | Loss: 0.8140 | Correct: 92/128 | Elapsed Time: 12.69s
2026-02-10 05:04:22,716 | INFO | Batch 20 | Loss: 0.7966 | Correct: 91/128 | Elapsed Time: 12.73s
2026-02-10 05:04:35,321 | INFO | Batch 30 | Loss: 0.9422 | Correct: 82/128 | Elapsed Time: 12.61s
2026-02-10 05:04:48,021 | INFO | Batch 40 | Loss: 0.8925 | Correct: 92/128 | Elapsed Time: 12.70s
2026-02-10 05:05:00,715 | INFO | Batch 50 | Loss: 0.8687 | Correct: 89/128 | Elapsed Time: 12.69s
2026-02-10 05:05:13,511 | INFO | Batch 60 | Loss: 0.7305 | Correct: 96/128 | Elapsed Time: 12.80s
2026-02-10 05:05:26,087 | INFO | Batch 70 | Loss: 0.8229 | Correct: 90/128 | Elapsed Time: 12.58s
2026-02-10 05:05:38,779 | INFO | Batch 80 | Loss: 0.8974 | Correct: 81/128 | Elapsed Time: 12.69s
2026-02-10 05:05:51,474 | INFO | Batch 90 | Loss: 0.8052 | Correct: 94/128 | Elapsed Time: 12.70s
2026-02-10 05:06:04,194 | INFO | Batch 100 | Loss: 0.9628 | Correct: 88/128 | Elapsed Time: 12.72s
2026-02-10 05:06:16,894 | INFO | Batch 110 | Loss: 0.8925 | Correct: 91/128 | Elapsed Time: 12.70s
2026-02-10 05:06:29,587 | INFO | Batch 120 | Loss: 0.9121 | Correct: 85/128 | Elapsed Time: 12.69s
2026-02-10 05:06:42,169 | INFO | Batch 130 | Loss: 0.8184 | Correct: 91/128 | Elapsed Time: 12.58s
2026-02-10 05:06:54,853 | INFO | Batch 140 | Loss: 0.9320 | Correct: 86/128 | Elapsed Time: 12.68s
2026-02-10 05:07:07,643 | INFO | Batch 150 | Loss: 0.8364 | Correct: 91/128 | Elapsed Time: 12.79s
2026-02-10 05:07:20,255 | INFO | Batch 160 | Loss: 0.7837 | Correct: 95/128 | Elapsed Time: 12.61s
2026-02-10 05:07:32,974 | INFO | Batch 170 | Loss: 1.0000 | Correct: 83/128 | Elapsed Time: 12.72s
2026-02-10 05:07:45,678 | INFO | Batch 180 | Loss: 1.0905 | Correct: 79/128 | Elapsed Time: 12.70s
2026-02-10 05:07:58,278 | INFO | Batch 190 | Loss: 0.8974 | Correct: 86/128 | Elapsed Time: 12.60s
2026-02-10 05:08:11,042 | INFO | Batch 200 | Loss: 0.8009 | Correct: 92/128 | Elapsed Time: 12.76s
2026-02-10 05:08:23,772 | INFO | Batch 210 | Loss: 0.8547 | Correct: 94/128 | Elapsed Time: 12.73s
2026-02-10 05:08:36,373 | INFO | Batch 220 | Loss: 0.9371 | Correct: 81/128 | Elapsed Time: 12.60s
2026-02-10 05:08:49,095 | INFO | Batch 230 | Loss: 0.8096 | Correct: 91/128 | Elapsed Time: 12.72s
2026-02-10 05:09:01,784 | INFO | Batch 240 | Loss: 0.8184 | Correct: 89/128 | Elapsed Time: 12.69s
2026-02-10 05:09:14,427 | INFO | Batch 250 | Loss: 0.7187 | Correct: 93/128 | Elapsed Time: 12.64s
2026-02-10 05:09:27,146 | INFO | Batch 260 | Loss: 1.0109 | Correct: 83/128 | Elapsed Time: 12.72s
2026-02-10 05:09:39,842 | INFO | Batch 270 | Loss: 0.8184 | Correct: 90/128 | Elapsed Time: 12.70s
2026-02-10 05:09:52,494 | INFO | Batch 280 | Loss: 0.9220 | Correct: 87/128 | Elapsed Time: 12.65s
2026-02-10 05:10:05,132 | INFO | Batch 290 | Loss: 1.0000 | Correct: 85/128 | Elapsed Time: 12.64s
2026-02-10 05:10:17,836 | INFO | Batch 300 | Loss: 0.9170 | Correct: 82/128 | Elapsed Time: 12.70s
2026-02-10 05:10:30,522 | INFO | Batch 310 | Loss: 0.7923 | Correct: 99/128 | Elapsed Time: 12.69s
2026-02-10 05:10:43,118 | INFO | Batch 320 | Loss: 0.9270 | Correct: 90/128 | Elapsed Time: 12.60s
2026-02-10 05:10:55,788 | INFO | Batch 330 | Loss: 0.8781 | Correct: 91/128 | Elapsed Time: 12.67s
2026-02-10 05:11:08,560 | INFO | Batch 340 | Loss: 0.8052 | Correct: 90/128 | Elapsed Time: 12.77s
2026-02-10 05:11:21,201 | INFO | Batch 350 | Loss: 1.0671 | Correct: 77/128 | Elapsed Time: 12.64s
2026-02-10 05:11:33,955 | INFO | Batch 360 | Loss: 0.8593 | Correct: 87/128 | Elapsed Time: 12.75s
2026-02-10 05:11:46,870 | INFO | Batch 370 | Loss: 0.8409 | Correct: 89/128 | Elapsed Time: 12.91s
2026-02-10 05:11:59,478 | INFO | Batch 380 | Loss: 0.7711 | Correct: 92/128 | Elapsed Time: 12.61s
2026-02-10 05:12:12,294 | INFO | Batch 390 | Loss: 0.8273 | Correct: 97/128 | Elapsed Time: 12.82s
2026-02-10 05:12:13,298 | INFO | Epoch [38/100] - Loss: 0.8562 | Correct: 34780/50000 (69.56%, 496.00s)
2026-02-10 05:12:58,438 | INFO | Validation - Loss: 0.8740 | Correct: 6885/10000 (68.85%) (45.14s)
2026-02-10 05:13:11,270 | INFO | Batch 10 | Loss: 0.7628 | Correct: 94/128 | Elapsed Time: 12.83s
2026-02-10 05:13:23,893 | INFO | Batch 20 | Loss: 0.9892 | Correct: 92/128 | Elapsed Time: 12.62s
2026-02-10 05:13:36,590 | INFO | Batch 30 | Loss: 0.8364 | Correct: 94/128 | Elapsed Time: 12.70s
2026-02-10 05:13:49,259 | INFO | Batch 40 | Loss: 0.9071 | Correct: 86/128 | Elapsed Time: 12.67s
2026-02-10 05:14:01,867 | INFO | Batch 50 | Loss: 0.6414 | Correct: 99/128 | Elapsed Time: 12.61s
2026-02-10 05:14:14,654 | INFO | Batch 60 | Loss: 0.9071 | Correct: 92/128 | Elapsed Time: 12.79s
2026-02-10 05:14:27,367 | INFO | Batch 70 | Loss: 0.6845 | Correct: 98/128 | Elapsed Time: 12.71s
2026-02-10 05:14:39,944 | INFO | Batch 80 | Loss: 0.8364 | Correct: 94/128 | Elapsed Time: 12.58s
2026-02-10 05:14:52,600 | INFO | Batch 90 | Loss: 0.7628 | Correct: 94/128 | Elapsed Time: 12.66s
2026-02-10 05:15:05,506 | INFO | Batch 100 | Loss: 0.6484 | Correct: 101/128 | Elapsed Time: 12.91s
2026-02-10 05:15:18,276 | INFO | Batch 110 | Loss: 0.7148 | Correct: 95/128 | Elapsed Time: 12.77s
2026-02-10 05:15:30,993 | INFO | Batch 120 | Loss: 0.8547 | Correct: 87/128 | Elapsed Time: 12.72s
2026-02-10 05:15:43,751 | INFO | Batch 130 | Loss: 0.9170 | Correct: 87/128 | Elapsed Time: 12.76s
2026-02-10 05:15:56,543 | INFO | Batch 140 | Loss: 0.8593 | Correct: 84/128 | Elapsed Time: 12.79s
2026-02-10 05:16:09,267 | INFO | Batch 150 | Loss: 0.9628 | Correct: 84/128 | Elapsed Time: 12.72s
2026-02-10 05:16:22,049 | INFO | Batch 160 | Loss: 1.1084 | Correct: 78/128 | Elapsed Time: 12.78s
2026-02-10 05:16:34,872 | INFO | Batch 170 | Loss: 0.9371 | Correct: 86/128 | Elapsed Time: 12.82s
2026-02-10 05:16:47,594 | INFO | Batch 180 | Loss: 1.0556 | Correct: 85/128 | Elapsed Time: 12.72s
2026-02-10 05:17:00,368 | INFO | Batch 190 | Loss: 0.7711 | Correct: 95/128 | Elapsed Time: 12.77s
2026-02-10 05:17:13,263 | INFO | Batch 200 | Loss: 0.8009 | Correct: 90/128 | Elapsed Time: 12.90s
2026-02-10 05:17:25,948 | INFO | Batch 210 | Loss: 0.7669 | Correct: 93/128 | Elapsed Time: 12.69s
2026-02-10 05:17:38,753 | INFO | Batch 220 | Loss: 0.9220 | Correct: 84/128 | Elapsed Time: 12.80s
2026-02-10 05:17:51,551 | INFO | Batch 230 | Loss: 0.6957 | Correct: 97/128 | Elapsed Time: 12.80s
2026-02-10 05:18:04,372 | INFO | Batch 240 | Loss: 0.7628 | Correct: 91/128 | Elapsed Time: 12.82s
2026-02-10 05:18:17,157 | INFO | Batch 250 | Loss: 0.9628 | Correct: 84/128 | Elapsed Time: 12.78s
2026-02-10 05:18:29,924 | INFO | Batch 260 | Loss: 0.8877 | Correct: 88/128 | Elapsed Time: 12.77s
2026-02-10 05:18:42,585 | INFO | Batch 270 | Loss: 0.7265 | Correct: 95/128 | Elapsed Time: 12.66s
2026-02-10 05:18:55,324 | INFO | Batch 280 | Loss: 0.7966 | Correct: 91/128 | Elapsed Time: 12.74s
2026-02-10 05:19:08,162 | INFO | Batch 290 | Loss: 0.9071 | Correct: 84/128 | Elapsed Time: 12.84s
2026-02-10 05:19:20,857 | INFO | Batch 300 | Loss: 0.8734 | Correct: 85/128 | Elapsed Time: 12.70s
2026-02-10 05:19:33,685 | INFO | Batch 310 | Loss: 0.9371 | Correct: 90/128 | Elapsed Time: 12.83s
2026-02-10 05:19:46,418 | INFO | Batch 320 | Loss: 0.9320 | Correct: 89/128 | Elapsed Time: 12.73s
2026-02-10 05:19:59,139 | INFO | Batch 330 | Loss: 0.7628 | Correct: 101/128 | Elapsed Time: 12.72s
2026-02-10 05:20:11,798 | INFO | Batch 340 | Loss: 0.6771 | Correct: 97/128 | Elapsed Time: 12.66s
2026-02-10 05:20:24,527 | INFO | Batch 350 | Loss: 0.9680 | Correct: 91/128 | Elapsed Time: 12.73s
2026-02-10 05:20:37,288 | INFO | Batch 360 | Loss: 0.7033 | Correct: 96/128 | Elapsed Time: 12.76s
2026-02-10 05:20:49,911 | INFO | Batch 370 | Loss: 0.7465 | Correct: 93/128 | Elapsed Time: 12.62s
2026-02-10 05:21:02,635 | INFO | Batch 380 | Loss: 0.7795 | Correct: 95/128 | Elapsed Time: 12.72s
2026-02-10 05:21:15,342 | INFO | Batch 390 | Loss: 0.9022 | Correct: 84/128 | Elapsed Time: 12.71s
2026-02-10 05:21:16,361 | INFO | Epoch [39/100] - Loss: 0.8346 | Correct: 35289/50000 (70.58%, 497.92s)
2026-02-10 05:22:01,625 | INFO | Validation - Loss: 0.8860 | Correct: 6888/10000 (68.88%) (45.26s)
2026-02-10 05:22:14,226 | INFO | Batch 10 | Loss: 0.9270 | Correct: 84/128 | Elapsed Time: 12.60s
2026-02-10 05:22:26,900 | INFO | Batch 20 | Loss: 0.9220 | Correct: 87/128 | Elapsed Time: 12.67s
2026-02-10 05:22:39,617 | INFO | Batch 30 | Loss: 0.7187 | Correct: 95/128 | Elapsed Time: 12.72s
2026-02-10 05:22:52,228 | INFO | Batch 40 | Loss: 0.8455 | Correct: 91/128 | Elapsed Time: 12.61s
2026-02-10 05:23:05,049 | INFO | Batch 50 | Loss: 0.8734 | Correct: 91/128 | Elapsed Time: 12.82s
2026-02-10 05:23:17,812 | INFO | Batch 60 | Loss: 0.8273 | Correct: 91/128 | Elapsed Time: 12.76s
2026-02-10 05:23:30,463 | INFO | Batch 70 | Loss: 0.8501 | Correct: 92/128 | Elapsed Time: 12.65s
2026-02-10 05:23:43,177 | INFO | Batch 80 | Loss: 0.9628 | Correct: 85/128 | Elapsed Time: 12.71s
2026-02-10 05:23:55,933 | INFO | Batch 90 | Loss: 0.9071 | Correct: 89/128 | Elapsed Time: 12.76s
2026-02-10 05:24:08,671 | INFO | Batch 100 | Loss: 0.8409 | Correct: 93/128 | Elapsed Time: 12.74s
2026-02-10 05:24:21,403 | INFO | Batch 110 | Loss: 0.7795 | Correct: 89/128 | Elapsed Time: 12.73s
2026-02-10 05:24:34,123 | INFO | Batch 120 | Loss: 0.7424 | Correct: 97/128 | Elapsed Time: 12.72s
2026-02-10 05:24:46,775 | INFO | Batch 130 | Loss: 0.6808 | Correct: 98/128 | Elapsed Time: 12.65s
2026-02-10 05:24:59,449 | INFO | Batch 140 | Loss: 0.9371 | Correct: 92/128 | Elapsed Time: 12.67s
2026-02-10 05:25:12,304 | INFO | Batch 150 | Loss: 0.8455 | Correct: 100/128 | Elapsed Time: 12.86s
2026-02-10 05:25:24,931 | INFO | Batch 160 | Loss: 0.6626 | Correct: 95/128 | Elapsed Time: 12.63s
2026-02-10 05:25:37,662 | INFO | Batch 170 | Loss: 0.8184 | Correct: 88/128 | Elapsed Time: 12.73s
2026-02-10 05:25:50,409 | INFO | Batch 180 | Loss: 0.8409 | Correct: 93/128 | Elapsed Time: 12.75s
2026-02-10 05:26:03,118 | INFO | Batch 190 | Loss: 0.6845 | Correct: 94/128 | Elapsed Time: 12.71s
2026-02-10 05:26:15,867 | INFO | Batch 200 | Loss: 1.9256 | Correct: 46/128 | Elapsed Time: 12.75s
2026-02-10 05:26:28,610 | INFO | Batch 210 | Loss: 2.0549 | Correct: 46/128 | Elapsed Time: 12.74s
2026-02-10 05:26:41,300 | INFO | Batch 220 | Loss: 1.9361 | Correct: 32/128 | Elapsed Time: 12.69s
2026-02-10 05:26:53,922 | INFO | Batch 230 | Loss: 1.8440 | Correct: 39/128 | Elapsed Time: 12.62s
2026-02-10 05:27:06,691 | INFO | Batch 240 | Loss: 1.7468 | Correct: 50/128 | Elapsed Time: 12.77s
2026-02-10 05:27:19,417 | INFO | Batch 250 | Loss: 1.6818 | Correct: 58/128 | Elapsed Time: 12.73s
2026-02-10 05:27:32,040 | INFO | Batch 260 | Loss: 1.6909 | Correct: 47/128 | Elapsed Time: 12.62s
2026-02-10 05:27:44,764 | INFO | Batch 270 | Loss: 1.5931 | Correct: 56/128 | Elapsed Time: 12.72s
2026-02-10 05:27:57,457 | INFO | Batch 280 | Loss: 1.5590 | Correct: 57/128 | Elapsed Time: 12.69s
2026-02-10 05:28:10,102 | INFO | Batch 290 | Loss: 1.4066 | Correct: 62/128 | Elapsed Time: 12.65s
2026-02-10 05:28:22,812 | INFO | Batch 300 | Loss: 1.5422 | Correct: 52/128 | Elapsed Time: 12.71s
2026-02-10 05:28:35,536 | INFO | Batch 310 | Loss: 1.4848 | Correct: 60/128 | Elapsed Time: 12.72s
2026-02-10 05:28:48,182 | INFO | Batch 320 | Loss: 1.5760 | Correct: 47/128 | Elapsed Time: 12.65s
2026-02-10 05:29:00,912 | INFO | Batch 330 | Loss: 1.5675 | Correct: 50/128 | Elapsed Time: 12.73s
2026-02-10 05:29:13,667 | INFO | Batch 340 | Loss: 1.5845 | Correct: 56/128 | Elapsed Time: 12.76s
2026-02-10 05:29:26,319 | INFO | Batch 350 | Loss: 1.4219 | Correct: 67/128 | Elapsed Time: 12.65s
2026-02-10 05:29:39,062 | INFO | Batch 360 | Loss: 1.4452 | Correct: 62/128 | Elapsed Time: 12.74s
2026-02-10 05:29:51,761 | INFO | Batch 370 | Loss: 1.4452 | Correct: 59/128 | Elapsed Time: 12.70s
2026-02-10 05:30:04,448 | INFO | Batch 380 | Loss: 1.4219 | Correct: 68/128 | Elapsed Time: 12.69s
2026-02-10 05:30:17,136 | INFO | Batch 390 | Loss: 1.6192 | Correct: 50/128 | Elapsed Time: 12.69s
2026-02-10 05:30:18,150 | INFO | Epoch [40/100] - Loss: 1.2169 | Correct: 28274/50000 (56.55%, 496.52s)
2026-02-10 05:31:03,293 | INFO | Validation - Loss: 1.4036 | Correct: 4891/10000 (48.91%) (45.14s)
2026-02-10 05:31:16,066 | INFO | Batch 10 | Loss: 1.5256 | Correct: 57/128 | Elapsed Time: 12.77s
2026-02-10 05:31:28,819 | INFO | Batch 20 | Loss: 1.4530 | Correct: 64/128 | Elapsed Time: 12.75s
2026-02-10 05:31:41,714 | INFO | Batch 30 | Loss: 1.3764 | Correct: 61/128 | Elapsed Time: 12.90s
2026-02-10 05:31:54,514 | INFO | Batch 40 | Loss: 1.3839 | Correct: 66/128 | Elapsed Time: 12.80s
2026-02-10 05:32:07,359 | INFO | Batch 50 | Loss: 1.4530 | Correct: 52/128 | Elapsed Time: 12.85s
2026-02-10 05:32:20,018 | INFO | Batch 60 | Loss: 1.5092 | Correct: 57/128 | Elapsed Time: 12.66s
2026-02-10 05:32:32,787 | INFO | Batch 70 | Loss: 1.3252 | Correct: 70/128 | Elapsed Time: 12.77s
2026-02-10 05:32:45,555 | INFO | Batch 80 | Loss: 1.3764 | Correct: 67/128 | Elapsed Time: 12.77s
2026-02-10 05:32:58,265 | INFO | Batch 90 | Loss: 1.4066 | Correct: 56/128 | Elapsed Time: 12.71s
2026-02-10 05:33:11,129 | INFO | Batch 100 | Loss: 1.3914 | Correct: 65/128 | Elapsed Time: 12.86s
2026-02-10 05:33:23,818 | INFO | Batch 110 | Loss: 1.2829 | Correct: 64/128 | Elapsed Time: 12.69s
2026-02-10 05:33:36,456 | INFO | Batch 120 | Loss: 1.3764 | Correct: 65/128 | Elapsed Time: 12.64s
2026-02-10 05:33:49,184 | INFO | Batch 130 | Loss: 1.3914 | Correct: 66/128 | Elapsed Time: 12.73s
2026-02-10 05:34:01,915 | INFO | Batch 140 | Loss: 1.2829 | Correct: 67/128 | Elapsed Time: 12.73s
2026-02-10 05:34:14,558 | INFO | Batch 150 | Loss: 1.4374 | Correct: 63/128 | Elapsed Time: 12.64s
2026-02-10 05:34:27,267 | INFO | Batch 160 | Loss: 1.3181 | Correct: 71/128 | Elapsed Time: 12.71s
2026-02-10 05:34:39,975 | INFO | Batch 170 | Loss: 1.4066 | Correct: 64/128 | Elapsed Time: 12.71s
2026-02-10 05:34:52,577 | INFO | Batch 180 | Loss: 1.5010 | Correct: 57/128 | Elapsed Time: 12.60s
2026-02-10 05:35:05,401 | INFO | Batch 190 | Loss: 1.3690 | Correct: 67/128 | Elapsed Time: 12.82s
2026-02-10 05:35:18,098 | INFO | Batch 200 | Loss: 1.4219 | Correct: 58/128 | Elapsed Time: 12.70s
2026-02-10 05:35:30,699 | INFO | Batch 210 | Loss: 1.3764 | Correct: 71/128 | Elapsed Time: 12.60s
2026-02-10 05:35:43,400 | INFO | Batch 220 | Loss: 1.2285 | Correct: 72/128 | Elapsed Time: 12.70s
2026-02-10 05:35:56,102 | INFO | Batch 230 | Loss: 1.1892 | Correct: 73/128 | Elapsed Time: 12.70s
2026-02-10 05:36:08,781 | INFO | Batch 240 | Loss: 1.1764 | Correct: 72/128 | Elapsed Time: 12.68s
2026-02-10 05:36:21,494 | INFO | Batch 250 | Loss: 1.2419 | Correct: 74/128 | Elapsed Time: 12.71s
2026-02-10 05:36:34,198 | INFO | Batch 260 | Loss: 1.1637 | Correct: 73/128 | Elapsed Time: 12.70s
2026-02-10 05:36:46,790 | INFO | Batch 270 | Loss: 1.3616 | Correct: 64/128 | Elapsed Time: 12.59s
2026-02-10 05:36:59,512 | INFO | Batch 280 | Loss: 1.2419 | Correct: 71/128 | Elapsed Time: 12.72s
2026-02-10 05:37:12,202 | INFO | Batch 290 | Loss: 1.3252 | Correct: 73/128 | Elapsed Time: 12.69s
2026-02-10 05:37:24,861 | INFO | Batch 300 | Loss: 1.2152 | Correct: 68/128 | Elapsed Time: 12.66s
2026-02-10 05:37:37,453 | INFO | Batch 310 | Loss: 1.2622 | Correct: 67/128 | Elapsed Time: 12.59s
2026-02-10 05:37:50,139 | INFO | Batch 320 | Loss: 1.1574 | Correct: 71/128 | Elapsed Time: 12.69s
2026-02-10 05:38:02,922 | INFO | Batch 330 | Loss: 1.2622 | Correct: 72/128 | Elapsed Time: 12.78s
2026-02-10 05:38:15,594 | INFO | Batch 340 | Loss: 1.1326 | Correct: 75/128 | Elapsed Time: 12.67s
2026-02-10 05:38:28,288 | INFO | Batch 350 | Loss: 1.1574 | Correct: 75/128 | Elapsed Time: 12.69s
2026-02-10 05:38:41,003 | INFO | Batch 360 | Loss: 1.2898 | Correct: 70/128 | Elapsed Time: 12.72s
2026-02-10 05:38:53,628 | INFO | Batch 370 | Loss: 1.2022 | Correct: 71/128 | Elapsed Time: 12.62s
2026-02-10 05:39:06,443 | INFO | Batch 380 | Loss: 1.2622 | Correct: 65/128 | Elapsed Time: 12.81s
2026-02-10 05:39:19,139 | INFO | Batch 390 | Loss: 1.3914 | Correct: 73/128 | Elapsed Time: 12.70s
2026-02-10 05:39:20,137 | INFO | Epoch [41/100] - Loss: 1.3288 | Correct: 26033/50000 (52.07%, 496.84s)
2026-02-10 05:40:05,166 | INFO | Validation - Loss: 1.2471 | Correct: 5516/10000 (55.16%) (45.03s)
2026-02-10 05:40:17,864 | INFO | Batch 10 | Loss: 1.1084 | Correct: 77/128 | Elapsed Time: 12.70s
2026-02-10 05:40:30,421 | INFO | Batch 20 | Loss: 1.3690 | Correct: 72/128 | Elapsed Time: 12.56s
2026-02-10 05:40:43,124 | INFO | Batch 30 | Loss: 1.3110 | Correct: 67/128 | Elapsed Time: 12.70s
2026-02-10 05:40:55,796 | INFO | Batch 40 | Loss: 1.0964 | Correct: 77/128 | Elapsed Time: 12.67s
2026-02-10 05:41:08,611 | INFO | Batch 50 | Loss: 1.2691 | Correct: 69/128 | Elapsed Time: 12.81s
2026-02-10 05:41:21,341 | INFO | Batch 60 | Loss: 1.2022 | Correct: 68/128 | Elapsed Time: 12.73s
2026-02-10 05:41:34,050 | INFO | Batch 70 | Loss: 1.1764 | Correct: 70/128 | Elapsed Time: 12.71s
2026-02-10 05:41:46,827 | INFO | Batch 80 | Loss: 1.2285 | Correct: 72/128 | Elapsed Time: 12.78s
2026-02-10 05:41:59,513 | INFO | Batch 90 | Loss: 1.3469 | Correct: 72/128 | Elapsed Time: 12.69s
2026-02-10 05:42:12,259 | INFO | Batch 100 | Loss: 1.2022 | Correct: 70/128 | Elapsed Time: 12.75s
2026-02-10 05:42:24,845 | INFO | Batch 110 | Loss: 1.2218 | Correct: 72/128 | Elapsed Time: 12.59s
2026-02-10 05:42:37,518 | INFO | Batch 120 | Loss: 1.1388 | Correct: 75/128 | Elapsed Time: 12.67s
2026-02-10 05:42:50,213 | INFO | Batch 130 | Loss: 1.3039 | Correct: 67/128 | Elapsed Time: 12.70s
2026-02-10 05:43:02,872 | INFO | Batch 140 | Loss: 1.2622 | Correct: 67/128 | Elapsed Time: 12.66s
2026-02-10 05:43:15,567 | INFO | Batch 150 | Loss: 1.1204 | Correct: 77/128 | Elapsed Time: 12.69s
2026-02-10 05:43:28,300 | INFO | Batch 160 | Loss: 1.1450 | Correct: 78/128 | Elapsed Time: 12.73s
2026-02-10 05:43:40,912 | INFO | Batch 170 | Loss: 1.1450 | Correct: 75/128 | Elapsed Time: 12.61s
2026-02-10 05:43:53,632 | INFO | Batch 180 | Loss: 1.1144 | Correct: 72/128 | Elapsed Time: 12.72s
2026-02-10 05:44:06,472 | INFO | Batch 190 | Loss: 1.0109 | Correct: 84/128 | Elapsed Time: 12.84s
2026-02-10 05:44:19,127 | INFO | Batch 200 | Loss: 1.1512 | Correct: 75/128 | Elapsed Time: 12.65s
2026-02-10 05:44:31,836 | INFO | Batch 210 | Loss: 1.1512 | Correct: 73/128 | Elapsed Time: 12.71s
2026-02-10 05:44:44,534 | INFO | Batch 220 | Loss: 1.2419 | Correct: 68/128 | Elapsed Time: 12.70s
2026-02-10 05:44:57,123 | INFO | Batch 230 | Loss: 1.1084 | Correct: 76/128 | Elapsed Time: 12.59s
2026-02-10 05:45:09,932 | INFO | Batch 240 | Loss: 1.0386 | Correct: 82/128 | Elapsed Time: 12.81s
2026-02-10 05:45:22,650 | INFO | Batch 250 | Loss: 1.1204 | Correct: 72/128 | Elapsed Time: 12.72s
2026-02-10 05:45:35,364 | INFO | Batch 260 | Loss: 1.2419 | Correct: 71/128 | Elapsed Time: 12.71s
2026-02-10 05:45:47,998 | INFO | Batch 270 | Loss: 1.3252 | Correct: 64/128 | Elapsed Time: 12.63s
2026-02-10 05:46:00,720 | INFO | Batch 280 | Loss: 1.1957 | Correct: 73/128 | Elapsed Time: 12.72s
2026-02-10 05:46:13,511 | INFO | Batch 290 | Loss: 1.2691 | Correct: 71/128 | Elapsed Time: 12.79s
2026-02-10 05:46:26,108 | INFO | Batch 300 | Loss: 1.2152 | Correct: 66/128 | Elapsed Time: 12.60s
2026-02-10 05:46:38,804 | INFO | Batch 310 | Loss: 1.1512 | Correct: 73/128 | Elapsed Time: 12.70s
2026-02-10 05:46:51,458 | INFO | Batch 320 | Loss: 1.2622 | Correct: 67/128 | Elapsed Time: 12.65s
2026-02-10 05:47:04,100 | INFO | Batch 330 | Loss: 1.2759 | Correct: 65/128 | Elapsed Time: 12.64s
2026-02-10 05:47:16,832 | INFO | Batch 340 | Loss: 1.1828 | Correct: 75/128 | Elapsed Time: 12.73s
2026-02-10 05:47:29,549 | INFO | Batch 350 | Loss: 1.3543 | Correct: 67/128 | Elapsed Time: 12.72s
2026-02-10 05:47:42,126 | INFO | Batch 360 | Loss: 1.3397 | Correct: 66/128 | Elapsed Time: 12.58s
2026-02-10 05:47:54,794 | INFO | Batch 370 | Loss: 1.1892 | Correct: 72/128 | Elapsed Time: 12.67s
2026-02-10 05:48:07,579 | INFO | Batch 380 | Loss: 1.2022 | Correct: 66/128 | Elapsed Time: 12.78s
2026-02-10 05:48:20,195 | INFO | Batch 390 | Loss: 1.0443 | Correct: 81/128 | Elapsed Time: 12.62s
2026-02-10 05:48:21,208 | INFO | Epoch [42/100] - Loss: 1.2071 | Correct: 28299/50000 (56.60%, 496.04s)
2026-02-10 05:49:06,268 | INFO | Validation - Loss: 1.1786 | Correct: 5794/10000 (57.94%) (45.06s)
2026-02-10 05:49:18,902 | INFO | Batch 10 | Loss: 1.0964 | Correct: 87/128 | Elapsed Time: 12.63s
2026-02-10 05:49:31,593 | INFO | Batch 20 | Loss: 1.1326 | Correct: 71/128 | Elapsed Time: 12.69s
2026-02-10 05:49:44,249 | INFO | Batch 30 | Loss: 1.2218 | Correct: 71/128 | Elapsed Time: 12.66s
2026-02-10 05:49:56,824 | INFO | Batch 40 | Loss: 1.2759 | Correct: 72/128 | Elapsed Time: 12.57s
2026-02-10 05:50:09,540 | INFO | Batch 50 | Loss: 1.2829 | Correct: 71/128 | Elapsed Time: 12.72s
2026-02-10 05:50:22,215 | INFO | Batch 60 | Loss: 1.0846 | Correct: 85/128 | Elapsed Time: 12.68s
2026-02-10 05:50:34,798 | INFO | Batch 70 | Loss: 1.2554 | Correct: 73/128 | Elapsed Time: 12.58s
2026-02-10 05:50:47,456 | INFO | Batch 80 | Loss: 1.1388 | Correct: 81/128 | Elapsed Time: 12.66s
2026-02-10 05:51:00,146 | INFO | Batch 90 | Loss: 1.2087 | Correct: 67/128 | Elapsed Time: 12.69s
2026-02-10 05:51:12,846 | INFO | Batch 100 | Loss: 1.1957 | Correct: 70/128 | Elapsed Time: 12.70s
2026-02-10 05:51:25,549 | INFO | Batch 110 | Loss: 1.2419 | Correct: 80/128 | Elapsed Time: 12.70s
2026-02-10 05:51:38,417 | INFO | Batch 120 | Loss: 1.2152 | Correct: 65/128 | Elapsed Time: 12.87s
2026-02-10 05:51:51,183 | INFO | Batch 130 | Loss: 1.1828 | Correct: 74/128 | Elapsed Time: 12.77s
2026-02-10 05:52:03,972 | INFO | Batch 140 | Loss: 1.2419 | Correct: 71/128 | Elapsed Time: 12.79s
2026-02-10 05:52:16,710 | INFO | Batch 150 | Loss: 1.4142 | Correct: 63/128 | Elapsed Time: 12.74s
2026-02-10 05:52:29,470 | INFO | Batch 160 | Loss: 1.2352 | Correct: 76/128 | Elapsed Time: 12.76s
2026-02-10 05:52:42,090 | INFO | Batch 170 | Loss: 1.3690 | Correct: 72/128 | Elapsed Time: 12.62s
2026-02-10 05:52:54,782 | INFO | Batch 180 | Loss: 1.1450 | Correct: 81/128 | Elapsed Time: 12.69s
2026-02-10 05:53:07,519 | INFO | Batch 190 | Loss: 1.2022 | Correct: 71/128 | Elapsed Time: 12.74s
2026-02-10 05:53:20,096 | INFO | Batch 200 | Loss: 1.2352 | Correct: 73/128 | Elapsed Time: 12.58s
2026-02-10 05:53:32,790 | INFO | Batch 210 | Loss: 1.3839 | Correct: 63/128 | Elapsed Time: 12.69s
2026-02-10 05:53:45,496 | INFO | Batch 220 | Loss: 1.2486 | Correct: 74/128 | Elapsed Time: 12.71s
2026-02-10 05:53:58,106 | INFO | Batch 230 | Loss: 1.2285 | Correct: 73/128 | Elapsed Time: 12.61s
2026-02-10 05:54:10,878 | INFO | Batch 240 | Loss: 1.1084 | Correct: 85/128 | Elapsed Time: 12.77s
2026-02-10 05:54:23,622 | INFO | Batch 250 | Loss: 1.1892 | Correct: 74/128 | Elapsed Time: 12.74s
2026-02-10 05:54:36,252 | INFO | Batch 260 | Loss: 1.0556 | Correct: 75/128 | Elapsed Time: 12.63s
2026-02-10 05:54:48,970 | INFO | Batch 270 | Loss: 1.2218 | Correct: 70/128 | Elapsed Time: 12.72s
2026-02-10 05:55:01,715 | INFO | Batch 280 | Loss: 1.1204 | Correct: 77/128 | Elapsed Time: 12.75s
2026-02-10 05:55:14,349 | INFO | Batch 290 | Loss: 0.9839 | Correct: 83/128 | Elapsed Time: 12.63s
2026-02-10 05:55:27,052 | INFO | Batch 300 | Loss: 1.1957 | Correct: 77/128 | Elapsed Time: 12.70s
2026-02-10 05:55:39,806 | INFO | Batch 310 | Loss: 1.2152 | Correct: 76/128 | Elapsed Time: 12.75s
2026-02-10 05:55:52,411 | INFO | Batch 320 | Loss: 1.1204 | Correct: 75/128 | Elapsed Time: 12.61s
2026-02-10 05:56:05,237 | INFO | Batch 330 | Loss: 1.1828 | Correct: 73/128 | Elapsed Time: 12.83s
2026-02-10 05:56:17,948 | INFO | Batch 340 | Loss: 1.1574 | Correct: 80/128 | Elapsed Time: 12.71s
2026-02-10 05:56:30,574 | INFO | Batch 350 | Loss: 1.0330 | Correct: 79/128 | Elapsed Time: 12.63s
2026-02-10 05:56:43,254 | INFO | Batch 360 | Loss: 1.0788 | Correct: 77/128 | Elapsed Time: 12.68s
2026-02-10 05:56:55,952 | INFO | Batch 370 | Loss: 1.1450 | Correct: 78/128 | Elapsed Time: 12.70s
2026-02-10 05:57:08,715 | INFO | Batch 380 | Loss: 1.3764 | Correct: 70/128 | Elapsed Time: 12.76s
2026-02-10 05:57:21,428 | INFO | Batch 390 | Loss: 1.5256 | Correct: 62/128 | Elapsed Time: 12.71s
2026-02-10 05:57:22,441 | INFO | Epoch [43/100] - Loss: 1.1764 | Correct: 29025/50000 (58.05%, 496.17s)
2026-02-10 05:58:07,491 | INFO | Validation - Loss: 1.1527 | Correct: 5914/10000 (59.14%) (45.05s)
2026-02-10 05:58:20,146 | INFO | Batch 10 | Loss: 1.1828 | Correct: 80/128 | Elapsed Time: 12.65s
2026-02-10 05:58:32,862 | INFO | Batch 20 | Loss: 1.0671 | Correct: 79/128 | Elapsed Time: 12.72s
2026-02-10 05:58:45,450 | INFO | Batch 30 | Loss: 1.2968 | Correct: 68/128 | Elapsed Time: 12.59s
2026-02-10 05:58:58,130 | INFO | Batch 40 | Loss: 1.1204 | Correct: 72/128 | Elapsed Time: 12.68s
2026-02-10 05:59:10,948 | INFO | Batch 50 | Loss: 1.1828 | Correct: 73/128 | Elapsed Time: 12.82s
2026-02-10 05:59:23,567 | INFO | Batch 60 | Loss: 1.1084 | Correct: 78/128 | Elapsed Time: 12.62s
2026-02-10 05:59:36,310 | INFO | Batch 70 | Loss: 0.9121 | Correct: 88/128 | Elapsed Time: 12.74s
2026-02-10 05:59:49,040 | INFO | Batch 80 | Loss: 1.0614 | Correct: 79/128 | Elapsed Time: 12.73s
2026-02-10 06:00:01,665 | INFO | Batch 90 | Loss: 1.1764 | Correct: 71/128 | Elapsed Time: 12.62s
2026-02-10 06:00:14,483 | INFO | Batch 100 | Loss: 1.2554 | Correct: 70/128 | Elapsed Time: 12.82s
2026-02-10 06:00:27,193 | INFO | Batch 110 | Loss: 1.2152 | Correct: 73/128 | Elapsed Time: 12.71s
2026-02-10 06:00:39,797 | INFO | Batch 120 | Loss: 1.0846 | Correct: 70/128 | Elapsed Time: 12.60s
2026-02-10 06:00:52,479 | INFO | Batch 130 | Loss: 1.0274 | Correct: 82/128 | Elapsed Time: 12.68s
2026-02-10 06:01:05,254 | INFO | Batch 140 | Loss: 1.1828 | Correct: 72/128 | Elapsed Time: 12.78s
2026-02-10 06:01:17,875 | INFO | Batch 150 | Loss: 1.0499 | Correct: 82/128 | Elapsed Time: 12.62s
2026-02-10 06:01:30,617 | INFO | Batch 160 | Loss: 1.2022 | Correct: 72/128 | Elapsed Time: 12.74s
2026-02-10 06:01:43,561 | INFO | Batch 170 | Loss: 1.1084 | Correct: 75/128 | Elapsed Time: 12.94s
2026-02-10 06:01:56,152 | INFO | Batch 180 | Loss: 1.1892 | Correct: 69/128 | Elapsed Time: 12.59s
2026-02-10 06:02:08,930 | INFO | Batch 190 | Loss: 0.8974 | Correct: 86/128 | Elapsed Time: 12.78s
2026-02-10 06:02:21,634 | INFO | Batch 200 | Loss: 1.1700 | Correct: 70/128 | Elapsed Time: 12.70s
2026-02-10 06:02:34,280 | INFO | Batch 210 | Loss: 1.1512 | Correct: 73/128 | Elapsed Time: 12.65s
2026-02-10 06:02:47,016 | INFO | Batch 220 | Loss: 1.1450 | Correct: 76/128 | Elapsed Time: 12.74s
2026-02-10 06:02:59,725 | INFO | Batch 230 | Loss: 0.9371 | Correct: 86/128 | Elapsed Time: 12.71s
2026-02-10 06:03:12,491 | INFO | Batch 240 | Loss: 1.3110 | Correct: 71/128 | Elapsed Time: 12.77s
2026-02-10 06:03:25,131 | INFO | Batch 250 | Loss: 1.2087 | Correct: 68/128 | Elapsed Time: 12.64s
2026-02-10 06:03:37,862 | INFO | Batch 260 | Loss: 1.0671 | Correct: 77/128 | Elapsed Time: 12.73s
2026-02-10 06:03:50,580 | INFO | Batch 270 | Loss: 0.9270 | Correct: 88/128 | Elapsed Time: 12.72s
2026-02-10 06:04:03,275 | INFO | Batch 280 | Loss: 1.3110 | Correct: 67/128 | Elapsed Time: 12.69s
2026-02-10 06:04:16,057 | INFO | Batch 290 | Loss: 1.0788 | Correct: 78/128 | Elapsed Time: 12.78s
2026-02-10 06:04:28,748 | INFO | Batch 300 | Loss: 1.0671 | Correct: 77/128 | Elapsed Time: 12.69s
2026-02-10 06:04:41,363 | INFO | Batch 310 | Loss: 0.9320 | Correct: 77/128 | Elapsed Time: 12.61s
2026-02-10 06:04:54,077 | INFO | Batch 320 | Loss: 1.1024 | Correct: 78/128 | Elapsed Time: 12.71s
2026-02-10 06:05:06,785 | INFO | Batch 330 | Loss: 0.9733 | Correct: 89/128 | Elapsed Time: 12.71s
2026-02-10 06:05:19,353 | INFO | Batch 340 | Loss: 1.1764 | Correct: 74/128 | Elapsed Time: 12.57s
2026-02-10 06:05:32,069 | INFO | Batch 350 | Loss: 1.0386 | Correct: 84/128 | Elapsed Time: 12.72s
2026-02-10 06:05:44,764 | INFO | Batch 360 | Loss: 1.1764 | Correct: 70/128 | Elapsed Time: 12.70s
2026-02-10 06:05:57,348 | INFO | Batch 370 | Loss: 1.1700 | Correct: 69/128 | Elapsed Time: 12.58s
2026-02-10 06:06:10,089 | INFO | Batch 380 | Loss: 0.9786 | Correct: 82/128 | Elapsed Time: 12.74s
2026-02-10 06:06:22,801 | INFO | Batch 390 | Loss: 1.0614 | Correct: 78/128 | Elapsed Time: 12.71s
2026-02-10 06:06:23,806 | INFO | Epoch [44/100] - Loss: 1.1139 | Correct: 30074/50000 (60.15%, 496.31s)
2026-02-10 06:07:08,813 | INFO | Validation - Loss: 1.1441 | Correct: 5952/10000 (59.52%) (45.01s)
2026-02-10 06:07:21,448 | INFO | Batch 10 | Loss: 1.1700 | Correct: 71/128 | Elapsed Time: 12.63s
2026-02-10 06:07:34,174 | INFO | Batch 20 | Loss: 1.0000 | Correct: 86/128 | Elapsed Time: 12.73s
2026-02-10 06:07:46,858 | INFO | Batch 30 | Loss: 1.0614 | Correct: 82/128 | Elapsed Time: 12.68s
2026-02-10 06:07:59,561 | INFO | Batch 40 | Loss: 1.1700 | Correct: 81/128 | Elapsed Time: 12.70s
2026-02-10 06:08:12,233 | INFO | Batch 50 | Loss: 0.9170 | Correct: 83/128 | Elapsed Time: 12.67s
2026-02-10 06:08:24,880 | INFO | Batch 60 | Loss: 0.9892 | Correct: 78/128 | Elapsed Time: 12.65s
2026-02-10 06:08:37,566 | INFO | Batch 70 | Loss: 1.0671 | Correct: 78/128 | Elapsed Time: 12.69s
2026-02-10 06:08:50,134 | INFO | Batch 80 | Loss: 1.1828 | Correct: 74/128 | Elapsed Time: 12.57s
2026-02-10 06:09:02,833 | INFO | Batch 90 | Loss: 1.1574 | Correct: 76/128 | Elapsed Time: 12.70s
2026-02-10 06:09:15,551 | INFO | Batch 100 | Loss: 1.0499 | Correct: 76/128 | Elapsed Time: 12.72s
2026-02-10 06:09:28,178 | INFO | Batch 110 | Loss: 1.2152 | Correct: 79/128 | Elapsed Time: 12.63s
2026-02-10 06:09:40,892 | INFO | Batch 120 | Loss: 1.0443 | Correct: 81/128 | Elapsed Time: 12.71s
2026-02-10 06:09:53,595 | INFO | Batch 130 | Loss: 1.1637 | Correct: 76/128 | Elapsed Time: 12.70s
2026-02-10 06:10:06,285 | INFO | Batch 140 | Loss: 1.1144 | Correct: 82/128 | Elapsed Time: 12.69s
2026-02-10 06:10:18,934 | INFO | Batch 150 | Loss: 0.9022 | Correct: 81/128 | Elapsed Time: 12.65s
2026-02-10 06:10:31,635 | INFO | Batch 160 | Loss: 0.9270 | Correct: 84/128 | Elapsed Time: 12.70s
2026-02-10 06:10:44,255 | INFO | Batch 170 | Loss: 0.9371 | Correct: 84/128 | Elapsed Time: 12.62s
2026-02-10 06:10:56,935 | INFO | Batch 180 | Loss: 1.2285 | Correct: 75/128 | Elapsed Time: 12.68s
2026-02-10 06:11:09,666 | INFO | Batch 190 | Loss: 1.0846 | Correct: 75/128 | Elapsed Time: 12.73s
2026-02-10 06:11:22,286 | INFO | Batch 200 | Loss: 1.0443 | Correct: 82/128 | Elapsed Time: 12.62s
2026-02-10 06:11:35,044 | INFO | Batch 210 | Loss: 1.2285 | Correct: 71/128 | Elapsed Time: 12.76s
2026-02-10 06:11:48,010 | INFO | Batch 220 | Loss: 1.1388 | Correct: 71/128 | Elapsed Time: 12.97s
2026-02-10 06:12:00,616 | INFO | Batch 230 | Loss: 1.2285 | Correct: 76/128 | Elapsed Time: 12.61s
2026-02-10 06:12:13,378 | INFO | Batch 240 | Loss: 0.9576 | Correct: 85/128 | Elapsed Time: 12.76s
2026-02-10 06:12:26,110 | INFO | Batch 250 | Loss: 1.0109 | Correct: 76/128 | Elapsed Time: 12.73s
2026-02-10 06:12:38,725 | INFO | Batch 260 | Loss: 1.1957 | Correct: 76/128 | Elapsed Time: 12.61s
2026-02-10 06:12:51,439 | INFO | Batch 270 | Loss: 1.0846 | Correct: 77/128 | Elapsed Time: 12.71s
2026-02-10 06:13:04,260 | INFO | Batch 280 | Loss: 0.9680 | Correct: 75/128 | Elapsed Time: 12.82s
2026-02-10 06:13:16,867 | INFO | Batch 290 | Loss: 1.1144 | Correct: 77/128 | Elapsed Time: 12.61s
2026-02-10 06:13:29,606 | INFO | Batch 300 | Loss: 1.1024 | Correct: 83/128 | Elapsed Time: 12.74s
2026-02-10 06:13:42,345 | INFO | Batch 310 | Loss: 1.0499 | Correct: 84/128 | Elapsed Time: 12.74s
2026-02-10 06:13:55,067 | INFO | Batch 320 | Loss: 1.0000 | Correct: 80/128 | Elapsed Time: 12.72s
2026-02-10 06:14:07,814 | INFO | Batch 330 | Loss: 0.9628 | Correct: 79/128 | Elapsed Time: 12.75s
2026-02-10 06:14:20,500 | INFO | Batch 340 | Loss: 1.0964 | Correct: 75/128 | Elapsed Time: 12.69s
2026-02-10 06:14:33,186 | INFO | Batch 350 | Loss: 1.2022 | Correct: 75/128 | Elapsed Time: 12.69s
2026-02-10 06:14:45,780 | INFO | Batch 360 | Loss: 1.0330 | Correct: 84/128 | Elapsed Time: 12.59s
2026-02-10 06:14:58,450 | INFO | Batch 370 | Loss: 1.0443 | Correct: 82/128 | Elapsed Time: 12.67s
2026-02-10 06:15:11,206 | INFO | Batch 380 | Loss: 0.9946 | Correct: 85/128 | Elapsed Time: 12.76s
2026-02-10 06:15:23,827 | INFO | Batch 390 | Loss: 1.0000 | Correct: 77/128 | Elapsed Time: 12.62s
2026-02-10 06:15:24,830 | INFO | Epoch [45/100] - Loss: 1.0995 | Correct: 30416/50000 (60.83%, 496.01s)
2026-02-10 06:16:09,809 | INFO | Validation - Loss: 1.0716 | Correct: 6150/10000 (61.50%) (44.98s)
2026-02-10 06:16:22,505 | INFO | Batch 10 | Loss: 0.9733 | Correct: 86/128 | Elapsed Time: 12.69s
2026-02-10 06:16:35,204 | INFO | Batch 20 | Loss: 1.0219 | Correct: 73/128 | Elapsed Time: 12.70s
2026-02-10 06:16:47,806 | INFO | Batch 30 | Loss: 0.9371 | Correct: 89/128 | Elapsed Time: 12.60s
2026-02-10 06:17:00,520 | INFO | Batch 40 | Loss: 1.0219 | Correct: 82/128 | Elapsed Time: 12.71s
2026-02-10 06:17:13,292 | INFO | Batch 50 | Loss: 1.1084 | Correct: 75/128 | Elapsed Time: 12.77s
2026-02-10 06:17:26,003 | INFO | Batch 60 | Loss: 1.0000 | Correct: 83/128 | Elapsed Time: 12.71s
2026-02-10 06:17:38,623 | INFO | Batch 70 | Loss: 1.0614 | Correct: 78/128 | Elapsed Time: 12.62s
2026-02-10 06:17:51,313 | INFO | Batch 80 | Loss: 1.0964 | Correct: 77/128 | Elapsed Time: 12.69s
2026-02-10 06:18:04,031 | INFO | Batch 90 | Loss: 1.0164 | Correct: 79/128 | Elapsed Time: 12.72s
2026-02-10 06:18:16,665 | INFO | Batch 100 | Loss: 0.9473 | Correct: 83/128 | Elapsed Time: 12.63s
2026-02-10 06:18:29,344 | INFO | Batch 110 | Loss: 0.9220 | Correct: 86/128 | Elapsed Time: 12.68s
2026-02-10 06:18:42,139 | INFO | Batch 120 | Loss: 1.1450 | Correct: 80/128 | Elapsed Time: 12.79s
2026-02-10 06:18:54,795 | INFO | Batch 130 | Loss: 1.1828 | Correct: 78/128 | Elapsed Time: 12.66s
2026-02-10 06:19:07,573 | INFO | Batch 140 | Loss: 1.1450 | Correct: 76/128 | Elapsed Time: 12.78s
2026-02-10 06:19:20,272 | INFO | Batch 150 | Loss: 1.1204 | Correct: 81/128 | Elapsed Time: 12.70s
2026-02-10 06:19:32,856 | INFO | Batch 160 | Loss: 0.8547 | Correct: 95/128 | Elapsed Time: 12.58s
2026-02-10 06:19:45,589 | INFO | Batch 170 | Loss: 1.0964 | Correct: 77/128 | Elapsed Time: 12.73s
2026-02-10 06:19:58,343 | INFO | Batch 180 | Loss: 1.0000 | Correct: 85/128 | Elapsed Time: 12.75s
2026-02-10 06:20:11,138 | INFO | Batch 190 | Loss: 1.1084 | Correct: 81/128 | Elapsed Time: 12.79s
2026-02-10 06:20:24,000 | INFO | Batch 200 | Loss: 1.0164 | Correct: 82/128 | Elapsed Time: 12.86s
2026-02-10 06:20:36,751 | INFO | Batch 210 | Loss: 1.1637 | Correct: 87/128 | Elapsed Time: 12.75s
2026-02-10 06:20:49,417 | INFO | Batch 220 | Loss: 1.0109 | Correct: 85/128 | Elapsed Time: 12.67s
2026-02-10 06:21:02,149 | INFO | Batch 230 | Loss: 1.0054 | Correct: 78/128 | Elapsed Time: 12.73s
2026-02-10 06:21:14,906 | INFO | Batch 240 | Loss: 1.0274 | Correct: 76/128 | Elapsed Time: 12.76s
2026-02-10 06:21:27,487 | INFO | Batch 250 | Loss: 1.1084 | Correct: 78/128 | Elapsed Time: 12.58s
2026-02-10 06:21:40,334 | INFO | Batch 260 | Loss: 1.0386 | Correct: 81/128 | Elapsed Time: 12.85s
2026-02-10 06:21:53,100 | INFO | Batch 270 | Loss: 1.0964 | Correct: 76/128 | Elapsed Time: 12.77s
2026-02-10 06:22:05,920 | INFO | Batch 280 | Loss: 0.9121 | Correct: 88/128 | Elapsed Time: 12.82s
2026-02-10 06:22:18,517 | INFO | Batch 290 | Loss: 1.1024 | Correct: 75/128 | Elapsed Time: 12.60s
2026-02-10 06:22:31,209 | INFO | Batch 300 | Loss: 1.0219 | Correct: 87/128 | Elapsed Time: 12.69s
2026-02-10 06:22:43,967 | INFO | Batch 310 | Loss: 1.0729 | Correct: 75/128 | Elapsed Time: 12.76s
2026-02-10 06:22:56,589 | INFO | Batch 320 | Loss: 1.0274 | Correct: 76/128 | Elapsed Time: 12.62s
2026-02-10 06:23:09,395 | INFO | Batch 330 | Loss: 0.9786 | Correct: 81/128 | Elapsed Time: 12.81s
2026-02-10 06:23:22,089 | INFO | Batch 340 | Loss: 1.0274 | Correct: 80/128 | Elapsed Time: 12.69s
2026-02-10 06:23:34,677 | INFO | Batch 350 | Loss: 1.1574 | Correct: 76/128 | Elapsed Time: 12.59s
2026-02-10 06:23:47,344 | INFO | Batch 360 | Loss: 1.1144 | Correct: 76/128 | Elapsed Time: 12.67s
2026-02-10 06:24:00,064 | INFO | Batch 370 | Loss: 0.9733 | Correct: 82/128 | Elapsed Time: 12.72s
2026-02-10 06:24:12,655 | INFO | Batch 380 | Loss: 1.1204 | Correct: 74/128 | Elapsed Time: 12.59s
2026-02-10 06:24:25,291 | INFO | Batch 390 | Loss: 1.1637 | Correct: 73/128 | Elapsed Time: 12.64s
2026-02-10 06:24:26,298 | INFO | Epoch [46/100] - Loss: 1.0682 | Correct: 31013/50000 (62.03%, 496.49s)
2026-02-10 06:25:11,346 | INFO | Validation - Loss: 1.0704 | Correct: 6184/10000 (61.84%) (45.05s)
2026-02-10 06:25:24,050 | INFO | Batch 10 | Loss: 1.0788 | Correct: 77/128 | Elapsed Time: 12.70s
2026-02-10 06:25:36,616 | INFO | Batch 20 | Loss: 0.9576 | Correct: 85/128 | Elapsed Time: 12.57s
2026-02-10 06:25:49,286 | INFO | Batch 30 | Loss: 0.9371 | Correct: 85/128 | Elapsed Time: 12.67s
2026-02-10 06:26:01,950 | INFO | Batch 40 | Loss: 1.1024 | Correct: 81/128 | Elapsed Time: 12.66s
2026-02-10 06:26:14,539 | INFO | Batch 50 | Loss: 1.0000 | Correct: 89/128 | Elapsed Time: 12.59s
2026-02-10 06:26:27,198 | INFO | Batch 60 | Loss: 1.1144 | Correct: 83/128 | Elapsed Time: 12.66s
2026-02-10 06:26:39,816 | INFO | Batch 70 | Loss: 0.8877 | Correct: 84/128 | Elapsed Time: 12.62s
2026-02-10 06:26:52,467 | INFO | Batch 80 | Loss: 0.9473 | Correct: 85/128 | Elapsed Time: 12.65s
2026-02-10 06:27:05,240 | INFO | Batch 90 | Loss: 0.9628 | Correct: 87/128 | Elapsed Time: 12.77s
2026-02-10 06:27:17,955 | INFO | Batch 100 | Loss: 1.1388 | Correct: 76/128 | Elapsed Time: 12.72s
2026-02-10 06:27:30,650 | INFO | Batch 110 | Loss: 0.9786 | Correct: 83/128 | Elapsed Time: 12.69s
2026-02-10 06:27:43,239 | INFO | Batch 120 | Loss: 1.1265 | Correct: 75/128 | Elapsed Time: 12.59s
2026-02-10 06:27:55,925 | INFO | Batch 130 | Loss: 1.1637 | Correct: 79/128 | Elapsed Time: 12.69s
2026-02-10 06:28:08,648 | INFO | Batch 140 | Loss: 1.1326 | Correct: 79/128 | Elapsed Time: 12.72s
2026-02-10 06:28:21,250 | INFO | Batch 150 | Loss: 0.8547 | Correct: 92/128 | Elapsed Time: 12.60s
2026-02-10 06:28:33,930 | INFO | Batch 160 | Loss: 0.8974 | Correct: 91/128 | Elapsed Time: 12.68s
2026-02-10 06:28:46,632 | INFO | Batch 170 | Loss: 1.0671 | Correct: 80/128 | Elapsed Time: 12.70s
2026-02-10 06:28:59,240 | INFO | Batch 180 | Loss: 0.9473 | Correct: 86/128 | Elapsed Time: 12.61s
2026-02-10 06:29:11,999 | INFO | Batch 190 | Loss: 1.1574 | Correct: 73/128 | Elapsed Time: 12.76s
2026-02-10 06:29:24,704 | INFO | Batch 200 | Loss: 1.0274 | Correct: 84/128 | Elapsed Time: 12.70s
2026-02-10 06:29:37,281 | INFO | Batch 210 | Loss: 1.1265 | Correct: 72/128 | Elapsed Time: 12.58s
2026-02-10 06:29:49,944 | INFO | Batch 220 | Loss: 0.9839 | Correct: 83/128 | Elapsed Time: 12.66s
2026-02-10 06:30:02,663 | INFO | Batch 230 | Loss: 1.0386 | Correct: 80/128 | Elapsed Time: 12.72s
2026-02-10 06:30:15,276 | INFO | Batch 240 | Loss: 1.0330 | Correct: 81/128 | Elapsed Time: 12.61s
2026-02-10 06:30:27,987 | INFO | Batch 250 | Loss: 1.1084 | Correct: 77/128 | Elapsed Time: 12.71s
2026-02-10 06:30:40,667 | INFO | Batch 260 | Loss: 1.1265 | Correct: 75/128 | Elapsed Time: 12.68s
2026-02-10 06:30:53,260 | INFO | Batch 270 | Loss: 1.1388 | Correct: 74/128 | Elapsed Time: 12.59s
2026-02-10 06:31:05,964 | INFO | Batch 280 | Loss: 1.0330 | Correct: 80/128 | Elapsed Time: 12.70s
2026-02-10 06:31:18,613 | INFO | Batch 290 | Loss: 1.0000 | Correct: 84/128 | Elapsed Time: 12.65s
2026-02-10 06:31:31,191 | INFO | Batch 300 | Loss: 1.0164 | Correct: 81/128 | Elapsed Time: 12.58s
2026-02-10 06:31:44,149 | INFO | Batch 310 | Loss: 1.1144 | Correct: 78/128 | Elapsed Time: 12.96s
2026-02-10 06:31:56,807 | INFO | Batch 320 | Loss: 1.0556 | Correct: 79/128 | Elapsed Time: 12.66s
2026-02-10 06:32:09,546 | INFO | Batch 330 | Loss: 0.9839 | Correct: 87/128 | Elapsed Time: 12.74s
2026-02-10 06:32:22,145 | INFO | Batch 340 | Loss: 1.0671 | Correct: 77/128 | Elapsed Time: 12.60s
2026-02-10 06:32:34,795 | INFO | Batch 350 | Loss: 0.9892 | Correct: 84/128 | Elapsed Time: 12.65s
2026-02-10 06:32:47,486 | INFO | Batch 360 | Loss: 1.0614 | Correct: 83/128 | Elapsed Time: 12.69s
2026-02-10 06:33:00,048 | INFO | Batch 370 | Loss: 1.1957 | Correct: 75/128 | Elapsed Time: 12.56s
2026-02-10 06:33:12,841 | INFO | Batch 380 | Loss: 1.0614 | Correct: 81/128 | Elapsed Time: 12.79s
2026-02-10 06:33:25,515 | INFO | Batch 390 | Loss: 1.1204 | Correct: 72/128 | Elapsed Time: 12.67s
2026-02-10 06:33:26,519 | INFO | Epoch [47/100] - Loss: 1.0444 | Correct: 31322/50000 (62.64%, 495.17s)
2026-02-10 06:34:11,426 | INFO | Validation - Loss: 1.0660 | Correct: 6208/10000 (62.08%) (44.91s)
2026-02-10 06:34:24,003 | INFO | Batch 10 | Loss: 0.9628 | Correct: 79/128 | Elapsed Time: 12.57s
2026-02-10 06:34:36,642 | INFO | Batch 20 | Loss: 0.9071 | Correct: 90/128 | Elapsed Time: 12.64s
2026-02-10 06:34:49,310 | INFO | Batch 30 | Loss: 1.0000 | Correct: 79/128 | Elapsed Time: 12.67s
2026-02-10 06:35:01,904 | INFO | Batch 40 | Loss: 1.0109 | Correct: 87/128 | Elapsed Time: 12.59s
2026-02-10 06:35:14,626 | INFO | Batch 50 | Loss: 0.9071 | Correct: 88/128 | Elapsed Time: 12.72s
2026-02-10 06:35:27,292 | INFO | Batch 60 | Loss: 1.0499 | Correct: 80/128 | Elapsed Time: 12.67s
2026-02-10 06:35:39,852 | INFO | Batch 70 | Loss: 0.9680 | Correct: 86/128 | Elapsed Time: 12.56s
2026-02-10 06:35:52,507 | INFO | Batch 80 | Loss: 0.8829 | Correct: 91/128 | Elapsed Time: 12.65s
2026-02-10 06:36:05,186 | INFO | Batch 90 | Loss: 1.0054 | Correct: 75/128 | Elapsed Time: 12.68s
2026-02-10 06:36:17,772 | INFO | Batch 100 | Loss: 0.8829 | Correct: 87/128 | Elapsed Time: 12.59s
2026-02-10 06:36:30,461 | INFO | Batch 110 | Loss: 0.9524 | Correct: 79/128 | Elapsed Time: 12.69s
2026-02-10 06:36:43,181 | INFO | Batch 120 | Loss: 1.1388 | Correct: 82/128 | Elapsed Time: 12.72s
2026-02-10 06:36:55,728 | INFO | Batch 130 | Loss: 0.9320 | Correct: 84/128 | Elapsed Time: 12.55s
2026-02-10 06:37:08,446 | INFO | Batch 140 | Loss: 0.9576 | Correct: 82/128 | Elapsed Time: 12.72s
2026-02-10 06:37:21,136 | INFO | Batch 150 | Loss: 1.0788 | Correct: 82/128 | Elapsed Time: 12.69s
2026-02-10 06:37:33,751 | INFO | Batch 160 | Loss: 1.1024 | Correct: 80/128 | Elapsed Time: 12.61s
2026-02-10 06:37:46,456 | INFO | Batch 170 | Loss: 1.0556 | Correct: 81/128 | Elapsed Time: 12.70s
2026-02-10 06:37:59,151 | INFO | Batch 180 | Loss: 1.0219 | Correct: 81/128 | Elapsed Time: 12.70s
2026-02-10 06:38:11,808 | INFO | Batch 190 | Loss: 1.0386 | Correct: 77/128 | Elapsed Time: 12.66s
2026-02-10 06:38:24,495 | INFO | Batch 200 | Loss: 0.9576 | Correct: 84/128 | Elapsed Time: 12.69s
2026-02-10 06:38:37,187 | INFO | Batch 210 | Loss: 1.2759 | Correct: 73/128 | Elapsed Time: 12.69s
2026-02-10 06:38:49,842 | INFO | Batch 220 | Loss: 1.0556 | Correct: 79/128 | Elapsed Time: 12.66s
2026-02-10 06:39:02,454 | INFO | Batch 230 | Loss: 0.9576 | Correct: 80/128 | Elapsed Time: 12.61s
2026-02-10 06:39:15,182 | INFO | Batch 240 | Loss: 0.8974 | Correct: 86/128 | Elapsed Time: 12.73s
2026-02-10 06:39:27,907 | INFO | Batch 250 | Loss: 1.0386 | Correct: 85/128 | Elapsed Time: 12.72s
2026-02-10 06:39:40,527 | INFO | Batch 260 | Loss: 1.1700 | Correct: 73/128 | Elapsed Time: 12.62s
2026-02-10 06:39:53,236 | INFO | Batch 270 | Loss: 1.1450 | Correct: 71/128 | Elapsed Time: 12.71s
2026-02-10 06:40:06,001 | INFO | Batch 280 | Loss: 1.0964 | Correct: 79/128 | Elapsed Time: 12.76s
2026-02-10 06:40:18,590 | INFO | Batch 290 | Loss: 0.8829 | Correct: 90/128 | Elapsed Time: 12.59s
2026-02-10 06:40:31,262 | INFO | Batch 300 | Loss: 0.9320 | Correct: 88/128 | Elapsed Time: 12.67s
2026-02-10 06:40:43,953 | INFO | Batch 310 | Loss: 0.9786 | Correct: 89/128 | Elapsed Time: 12.69s
2026-02-10 06:40:56,561 | INFO | Batch 320 | Loss: 1.1326 | Correct: 79/128 | Elapsed Time: 12.61s
2026-02-10 06:41:09,289 | INFO | Batch 330 | Loss: 0.9422 | Correct: 84/128 | Elapsed Time: 12.73s
2026-02-10 06:41:21,956 | INFO | Batch 340 | Loss: 0.9071 | Correct: 89/128 | Elapsed Time: 12.67s
2026-02-10 06:41:34,578 | INFO | Batch 350 | Loss: 1.0499 | Correct: 77/128 | Elapsed Time: 12.62s
2026-02-10 06:41:47,629 | INFO | Batch 360 | Loss: 0.8925 | Correct: 88/128 | Elapsed Time: 13.05s
2026-02-10 06:42:00,335 | INFO | Batch 370 | Loss: 0.9371 | Correct: 78/128 | Elapsed Time: 12.71s
2026-02-10 06:42:13,172 | INFO | Batch 380 | Loss: 0.9733 | Correct: 91/128 | Elapsed Time: 12.84s
2026-02-10 06:42:25,853 | INFO | Batch 390 | Loss: 1.0000 | Correct: 79/128 | Elapsed Time: 12.68s
2026-02-10 06:42:26,865 | INFO | Epoch [48/100] - Loss: 1.0165 | Correct: 31787/50000 (63.57%, 495.44s)
2026-02-10 06:43:12,003 | INFO | Validation - Loss: 1.0691 | Correct: 6215/10000 (62.15%) (45.14s)
2026-02-10 06:43:24,718 | INFO | Batch 10 | Loss: 1.0905 | Correct: 80/128 | Elapsed Time: 12.71s
2026-02-10 06:43:37,409 | INFO | Batch 20 | Loss: 0.8096 | Correct: 86/128 | Elapsed Time: 12.69s
2026-02-10 06:43:50,006 | INFO | Batch 30 | Loss: 0.9371 | Correct: 91/128 | Elapsed Time: 12.60s
2026-02-10 06:44:02,690 | INFO | Batch 40 | Loss: 1.0499 | Correct: 77/128 | Elapsed Time: 12.68s
2026-02-10 06:44:15,402 | INFO | Batch 50 | Loss: 1.0386 | Correct: 84/128 | Elapsed Time: 12.71s
2026-02-10 06:44:28,015 | INFO | Batch 60 | Loss: 0.9680 | Correct: 90/128 | Elapsed Time: 12.61s
2026-02-10 06:44:40,735 | INFO | Batch 70 | Loss: 0.9422 | Correct: 84/128 | Elapsed Time: 12.72s
2026-02-10 06:44:53,442 | INFO | Batch 80 | Loss: 0.8734 | Correct: 86/128 | Elapsed Time: 12.71s
2026-02-10 06:45:06,091 | INFO | Batch 90 | Loss: 0.8877 | Correct: 93/128 | Elapsed Time: 12.65s
2026-02-10 06:45:18,799 | INFO | Batch 100 | Loss: 0.9733 | Correct: 81/128 | Elapsed Time: 12.71s
2026-02-10 06:45:31,478 | INFO | Batch 110 | Loss: 0.9576 | Correct: 82/128 | Elapsed Time: 12.68s
2026-02-10 06:45:44,107 | INFO | Batch 120 | Loss: 0.9892 | Correct: 78/128 | Elapsed Time: 12.63s
2026-02-10 06:45:56,767 | INFO | Batch 130 | Loss: 0.9473 | Correct: 81/128 | Elapsed Time: 12.66s
2026-02-10 06:46:09,509 | INFO | Batch 140 | Loss: 0.9786 | Correct: 81/128 | Elapsed Time: 12.74s
2026-02-10 06:46:22,136 | INFO | Batch 150 | Loss: 1.0386 | Correct: 80/128 | Elapsed Time: 12.63s
2026-02-10 06:46:34,819 | INFO | Batch 160 | Loss: 0.9786 | Correct: 78/128 | Elapsed Time: 12.68s
2026-02-10 06:46:47,498 | INFO | Batch 170 | Loss: 1.0274 | Correct: 80/128 | Elapsed Time: 12.68s
2026-02-10 06:47:00,087 | INFO | Batch 180 | Loss: 0.9022 | Correct: 92/128 | Elapsed Time: 12.59s
2026-02-10 06:47:12,821 | INFO | Batch 190 | Loss: 1.0000 | Correct: 82/128 | Elapsed Time: 12.73s
2026-02-10 06:47:25,522 | INFO | Batch 200 | Loss: 0.8925 | Correct: 90/128 | Elapsed Time: 12.70s
2026-02-10 06:47:38,128 | INFO | Batch 210 | Loss: 0.9786 | Correct: 84/128 | Elapsed Time: 12.61s
2026-02-10 06:47:50,831 | INFO | Batch 220 | Loss: 1.0219 | Correct: 77/128 | Elapsed Time: 12.70s
2026-02-10 06:48:03,530 | INFO | Batch 230 | Loss: 0.9320 | Correct: 82/128 | Elapsed Time: 12.70s
2026-02-10 06:48:16,121 | INFO | Batch 240 | Loss: 1.0499 | Correct: 76/128 | Elapsed Time: 12.59s
2026-02-10 06:48:28,823 | INFO | Batch 250 | Loss: 1.0614 | Correct: 78/128 | Elapsed Time: 12.70s
2026-02-10 06:48:41,502 | INFO | Batch 260 | Loss: 0.9576 | Correct: 83/128 | Elapsed Time: 12.68s
2026-02-10 06:48:54,072 | INFO | Batch 270 | Loss: 1.0054 | Correct: 84/128 | Elapsed Time: 12.57s
2026-02-10 06:49:06,824 | INFO | Batch 280 | Loss: 1.1764 | Correct: 71/128 | Elapsed Time: 12.75s
2026-02-10 06:49:19,479 | INFO | Batch 290 | Loss: 1.2554 | Correct: 72/128 | Elapsed Time: 12.65s
2026-02-10 06:49:32,140 | INFO | Batch 300 | Loss: 0.9524 | Correct: 88/128 | Elapsed Time: 12.66s
2026-02-10 06:49:44,734 | INFO | Batch 310 | Loss: 1.1700 | Correct: 80/128 | Elapsed Time: 12.59s
2026-02-10 06:49:57,427 | INFO | Batch 320 | Loss: 1.0164 | Correct: 77/128 | Elapsed Time: 12.69s
2026-02-10 06:50:10,157 | INFO | Batch 330 | Loss: 0.9170 | Correct: 88/128 | Elapsed Time: 12.73s
2026-02-10 06:50:22,749 | INFO | Batch 340 | Loss: 1.0330 | Correct: 79/128 | Elapsed Time: 12.59s
2026-02-10 06:50:35,455 | INFO | Batch 350 | Loss: 0.8501 | Correct: 94/128 | Elapsed Time: 12.71s
2026-02-10 06:50:48,176 | INFO | Batch 360 | Loss: 1.0671 | Correct: 74/128 | Elapsed Time: 12.72s
2026-02-10 06:51:00,750 | INFO | Batch 370 | Loss: 1.0443 | Correct: 83/128 | Elapsed Time: 12.57s
2026-02-10 06:51:13,586 | INFO | Batch 380 | Loss: 1.0905 | Correct: 78/128 | Elapsed Time: 12.84s
2026-02-10 06:51:26,369 | INFO | Batch 390 | Loss: 1.1084 | Correct: 72/128 | Elapsed Time: 12.78s
2026-02-10 06:51:27,375 | INFO | Epoch [49/100] - Loss: 1.0010 | Correct: 32239/50000 (64.48%, 495.37s)
2026-02-10 06:52:13,276 | INFO | Validation - Loss: 0.9894 | Correct: 6536/10000 (65.36%) (45.90s)
2026-02-10 06:52:26,167 | INFO | Batch 10 | Loss: 0.9892 | Correct: 83/128 | Elapsed Time: 12.89s
2026-02-10 06:52:39,028 | INFO | Batch 20 | Loss: 0.9371 | Correct: 85/128 | Elapsed Time: 12.86s
2026-02-10 06:52:51,927 | INFO | Batch 30 | Loss: 0.9680 | Correct: 85/128 | Elapsed Time: 12.90s
2026-02-10 06:53:04,912 | INFO | Batch 40 | Loss: 1.0274 | Correct: 82/128 | Elapsed Time: 12.99s
2026-02-10 06:53:17,728 | INFO | Batch 50 | Loss: 0.9371 | Correct: 86/128 | Elapsed Time: 12.82s
2026-02-10 06:53:30,633 | INFO | Batch 60 | Loss: 1.2285 | Correct: 74/128 | Elapsed Time: 12.91s
2026-02-10 06:53:43,552 | INFO | Batch 70 | Loss: 1.1512 | Correct: 83/128 | Elapsed Time: 12.92s
2026-02-10 06:53:56,327 | INFO | Batch 80 | Loss: 1.0905 | Correct: 86/128 | Elapsed Time: 12.78s
2026-02-10 06:54:09,268 | INFO | Batch 90 | Loss: 1.0788 | Correct: 80/128 | Elapsed Time: 12.94s
2026-02-10 06:54:22,159 | INFO | Batch 100 | Loss: 1.1265 | Correct: 70/128 | Elapsed Time: 12.89s
2026-02-10 06:54:34,933 | INFO | Batch 110 | Loss: 1.1326 | Correct: 82/128 | Elapsed Time: 12.77s
2026-02-10 06:54:47,846 | INFO | Batch 120 | Loss: 1.0164 | Correct: 89/128 | Elapsed Time: 12.91s
2026-02-10 06:55:00,744 | INFO | Batch 130 | Loss: 1.4452 | Correct: 63/128 | Elapsed Time: 12.90s
2026-02-10 06:55:13,626 | INFO | Batch 140 | Loss: 1.2218 | Correct: 69/128 | Elapsed Time: 12.88s
2026-02-10 06:55:26,528 | INFO | Batch 150 | Loss: 1.1637 | Correct: 80/128 | Elapsed Time: 12.90s
2026-02-10 06:55:39,392 | INFO | Batch 160 | Loss: 1.3181 | Correct: 66/128 | Elapsed Time: 12.86s
2026-02-10 06:55:52,186 | INFO | Batch 170 | Loss: 1.2554 | Correct: 70/128 | Elapsed Time: 12.79s
2026-02-10 06:56:05,142 | INFO | Batch 180 | Loss: 1.3990 | Correct: 65/128 | Elapsed Time: 12.96s
2026-02-10 06:56:17,981 | INFO | Batch 190 | Loss: 1.2022 | Correct: 75/128 | Elapsed Time: 12.84s
2026-02-10 06:56:30,778 | INFO | Batch 200 | Loss: 1.1892 | Correct: 72/128 | Elapsed Time: 12.80s
2026-02-10 06:56:43,651 | INFO | Batch 210 | Loss: 1.1637 | Correct: 76/128 | Elapsed Time: 12.87s
2026-02-10 06:56:56,522 | INFO | Batch 220 | Loss: 1.1024 | Correct: 75/128 | Elapsed Time: 12.87s
2026-02-10 06:57:09,319 | INFO | Batch 230 | Loss: 1.1204 | Correct: 76/128 | Elapsed Time: 12.80s
2026-02-10 06:57:22,207 | INFO | Batch 240 | Loss: 1.2968 | Correct: 58/128 | Elapsed Time: 12.89s
2026-02-10 06:57:35,115 | INFO | Batch 250 | Loss: 0.9473 | Correct: 85/128 | Elapsed Time: 12.91s
2026-02-10 06:57:47,985 | INFO | Batch 260 | Loss: 1.1574 | Correct: 74/128 | Elapsed Time: 12.87s
2026-02-10 06:58:00,758 | INFO | Batch 270 | Loss: 1.0556 | Correct: 76/128 | Elapsed Time: 12.77s
2026-02-10 06:58:13,738 | INFO | Batch 280 | Loss: 1.0443 | Correct: 81/128 | Elapsed Time: 12.98s
2026-02-10 06:58:26,600 | INFO | Batch 290 | Loss: 1.1637 | Correct: 76/128 | Elapsed Time: 12.86s
2026-02-10 06:58:39,330 | INFO | Batch 300 | Loss: 0.9892 | Correct: 81/128 | Elapsed Time: 12.73s
2026-02-10 06:58:52,212 | INFO | Batch 310 | Loss: 0.9473 | Correct: 88/128 | Elapsed Time: 12.88s
2026-02-10 06:59:05,127 | INFO | Batch 320 | Loss: 1.2829 | Correct: 71/128 | Elapsed Time: 12.91s
2026-02-10 06:59:17,886 | INFO | Batch 330 | Loss: 1.0556 | Correct: 84/128 | Elapsed Time: 12.76s
2026-02-10 06:59:30,738 | INFO | Batch 340 | Loss: 0.9892 | Correct: 86/128 | Elapsed Time: 12.85s
2026-02-10 06:59:43,585 | INFO | Batch 350 | Loss: 0.9628 | Correct: 82/128 | Elapsed Time: 12.85s
2026-02-10 06:59:56,329 | INFO | Batch 360 | Loss: 1.0386 | Correct: 87/128 | Elapsed Time: 12.74s
2026-02-10 07:00:09,102 | INFO | Batch 370 | Loss: 1.1326 | Correct: 75/128 | Elapsed Time: 12.77s
2026-02-10 07:00:21,914 | INFO | Batch 380 | Loss: 1.0330 | Correct: 86/128 | Elapsed Time: 12.81s
2026-02-10 07:00:34,702 | INFO | Batch 390 | Loss: 1.1144 | Correct: 83/128 | Elapsed Time: 12.79s
2026-02-10 07:00:35,716 | INFO | Epoch [50/100] - Loss: 1.1059 | Correct: 30269/50000 (60.54%, 502.44s)
2026-02-10 07:01:21,410 | INFO | Validation - Loss: 1.1156 | Correct: 6039/10000 (60.39%) (45.69s)
2026-02-10 07:01:34,224 | INFO | Batch 10 | Loss: 0.9786 | Correct: 84/128 | Elapsed Time: 12.81s
2026-02-10 07:01:47,330 | INFO | Batch 20 | Loss: 1.3110 | Correct: 64/128 | Elapsed Time: 13.11s
2026-02-10 07:02:00,228 | INFO | Batch 30 | Loss: 0.9786 | Correct: 79/128 | Elapsed Time: 12.90s
2026-02-10 07:02:13,085 | INFO | Batch 40 | Loss: 1.1512 | Correct: 77/128 | Elapsed Time: 12.86s
2026-02-10 07:02:25,966 | INFO | Batch 50 | Loss: 0.9786 | Correct: 80/128 | Elapsed Time: 12.88s
2026-02-10 07:02:38,846 | INFO | Batch 60 | Loss: 0.9628 | Correct: 77/128 | Elapsed Time: 12.88s
2026-02-10 07:02:51,629 | INFO | Batch 70 | Loss: 1.0964 | Correct: 76/128 | Elapsed Time: 12.78s
2026-02-10 07:03:04,613 | INFO | Batch 80 | Loss: 1.0386 | Correct: 79/128 | Elapsed Time: 12.98s
2026-02-10 07:03:17,496 | INFO | Batch 90 | Loss: 1.0905 | Correct: 83/128 | Elapsed Time: 12.88s
2026-02-10 07:03:30,311 | INFO | Batch 100 | Loss: 1.0788 | Correct: 79/128 | Elapsed Time: 12.82s
2026-02-10 07:03:43,221 | INFO | Batch 110 | Loss: 1.1024 | Correct: 80/128 | Elapsed Time: 12.91s
2026-02-10 07:03:56,197 | INFO | Batch 120 | Loss: 1.0164 | Correct: 76/128 | Elapsed Time: 12.98s
2026-02-10 07:04:09,193 | INFO | Batch 130 | Loss: 1.2022 | Correct: 74/128 | Elapsed Time: 13.00s
2026-02-10 07:04:22,175 | INFO | Batch 140 | Loss: 0.9170 | Correct: 88/128 | Elapsed Time: 12.98s
2026-02-10 07:04:35,106 | INFO | Batch 150 | Loss: 0.9524 | Correct: 87/128 | Elapsed Time: 12.93s
2026-02-10 07:04:48,075 | INFO | Batch 160 | Loss: 0.9839 | Correct: 83/128 | Elapsed Time: 12.97s
2026-02-10 07:05:00,918 | INFO | Batch 170 | Loss: 1.1024 | Correct: 77/128 | Elapsed Time: 12.84s
2026-02-10 07:05:13,943 | INFO | Batch 180 | Loss: 0.8877 | Correct: 88/128 | Elapsed Time: 13.02s
2026-02-10 07:05:26,858 | INFO | Batch 190 | Loss: 0.9628 | Correct: 85/128 | Elapsed Time: 12.92s
2026-02-10 07:05:39,713 | INFO | Batch 200 | Loss: 0.9946 | Correct: 80/128 | Elapsed Time: 12.86s
2026-02-10 07:05:52,587 | INFO | Batch 210 | Loss: 0.8925 | Correct: 87/128 | Elapsed Time: 12.87s
2026-02-10 07:06:05,623 | INFO | Batch 220 | Loss: 0.9576 | Correct: 85/128 | Elapsed Time: 13.04s
2026-02-10 07:06:18,459 | INFO | Batch 230 | Loss: 0.9371 | Correct: 82/128 | Elapsed Time: 12.84s
2026-02-10 07:06:31,440 | INFO | Batch 240 | Loss: 1.0274 | Correct: 83/128 | Elapsed Time: 12.98s
2026-02-10 07:06:44,400 | INFO | Batch 250 | Loss: 0.9946 | Correct: 84/128 | Elapsed Time: 12.96s
2026-02-10 07:06:57,274 | INFO | Batch 260 | Loss: 0.8734 | Correct: 85/128 | Elapsed Time: 12.87s
2026-02-10 07:07:10,276 | INFO | Batch 270 | Loss: 1.0386 | Correct: 76/128 | Elapsed Time: 13.00s
2026-02-10 07:07:23,269 | INFO | Batch 280 | Loss: 1.2352 | Correct: 74/128 | Elapsed Time: 12.99s
2026-02-10 07:07:36,099 | INFO | Batch 290 | Loss: 1.0109 | Correct: 79/128 | Elapsed Time: 12.83s
2026-02-10 07:07:49,022 | INFO | Batch 300 | Loss: 1.1388 | Correct: 71/128 | Elapsed Time: 12.92s
2026-02-10 07:08:01,954 | INFO | Batch 310 | Loss: 1.0671 | Correct: 82/128 | Elapsed Time: 12.93s
2026-02-10 07:08:14,735 | INFO | Batch 320 | Loss: 1.0109 | Correct: 73/128 | Elapsed Time: 12.78s
2026-02-10 07:08:27,639 | INFO | Batch 330 | Loss: 1.0614 | Correct: 77/128 | Elapsed Time: 12.90s
2026-02-10 07:08:40,598 | INFO | Batch 340 | Loss: 1.0330 | Correct: 81/128 | Elapsed Time: 12.96s
2026-02-10 07:08:53,441 | INFO | Batch 350 | Loss: 0.9628 | Correct: 81/128 | Elapsed Time: 12.84s
2026-02-10 07:09:06,501 | INFO | Batch 360 | Loss: 1.2554 | Correct: 68/128 | Elapsed Time: 13.06s
2026-02-10 07:09:19,415 | INFO | Batch 370 | Loss: 0.8547 | Correct: 86/128 | Elapsed Time: 12.91s
2026-02-10 07:09:32,192 | INFO | Batch 380 | Loss: 0.9892 | Correct: 86/128 | Elapsed Time: 12.78s
2026-02-10 07:09:45,102 | INFO | Batch 390 | Loss: 1.0219 | Correct: 81/128 | Elapsed Time: 12.91s
2026-02-10 07:09:46,128 | INFO | Epoch [51/100] - Loss: 1.0195 | Correct: 31717/50000 (63.43%, 504.72s)
2026-02-10 07:10:31,930 | INFO | Validation - Loss: 1.0476 | Correct: 6335/10000 (63.35%) (45.80s)
2026-02-10 07:10:44,830 | INFO | Batch 10 | Loss: 1.0000 | Correct: 79/128 | Elapsed Time: 12.90s
2026-02-10 07:10:57,715 | INFO | Batch 20 | Loss: 1.0109 | Correct: 77/128 | Elapsed Time: 12.88s
2026-02-10 07:11:10,517 | INFO | Batch 30 | Loss: 1.0729 | Correct: 77/128 | Elapsed Time: 12.80s
2026-02-10 07:11:23,401 | INFO | Batch 40 | Loss: 1.0000 | Correct: 84/128 | Elapsed Time: 12.88s
2026-02-10 07:11:36,465 | INFO | Batch 50 | Loss: 0.9892 | Correct: 81/128 | Elapsed Time: 13.06s
2026-02-10 07:11:49,400 | INFO | Batch 60 | Loss: 1.1326 | Correct: 76/128 | Elapsed Time: 12.94s
2026-02-10 07:12:02,305 | INFO | Batch 70 | Loss: 0.9524 | Correct: 87/128 | Elapsed Time: 12.90s
2026-02-10 07:12:15,283 | INFO | Batch 80 | Loss: 0.9022 | Correct: 85/128 | Elapsed Time: 12.98s
2026-02-10 07:12:28,073 | INFO | Batch 90 | Loss: 1.0164 | Correct: 78/128 | Elapsed Time: 12.79s
2026-02-10 07:12:40,955 | INFO | Batch 100 | Loss: 0.9786 | Correct: 85/128 | Elapsed Time: 12.88s
2026-02-10 07:12:53,864 | INFO | Batch 110 | Loss: 0.9473 | Correct: 87/128 | Elapsed Time: 12.91s
2026-02-10 07:13:06,729 | INFO | Batch 120 | Loss: 0.9576 | Correct: 85/128 | Elapsed Time: 12.87s
2026-02-10 07:13:19,656 | INFO | Batch 130 | Loss: 0.8547 | Correct: 87/128 | Elapsed Time: 12.93s
2026-02-10 07:13:32,538 | INFO | Batch 140 | Loss: 1.1388 | Correct: 77/128 | Elapsed Time: 12.88s
2026-02-10 07:13:45,313 | INFO | Batch 150 | Loss: 0.9839 | Correct: 82/128 | Elapsed Time: 12.77s
2026-02-10 07:13:58,223 | INFO | Batch 160 | Loss: 0.9121 | Correct: 82/128 | Elapsed Time: 12.91s
2026-02-10 07:14:11,146 | INFO | Batch 170 | Loss: 0.9524 | Correct: 84/128 | Elapsed Time: 12.92s
2026-02-10 07:14:23,932 | INFO | Batch 180 | Loss: 1.0274 | Correct: 80/128 | Elapsed Time: 12.79s
2026-02-10 07:14:36,779 | INFO | Batch 190 | Loss: 1.0671 | Correct: 83/128 | Elapsed Time: 12.85s
2026-02-10 07:14:49,693 | INFO | Batch 200 | Loss: 1.0386 | Correct: 80/128 | Elapsed Time: 12.91s
2026-02-10 07:15:02,497 | INFO | Batch 210 | Loss: 1.1024 | Correct: 75/128 | Elapsed Time: 12.80s
2026-02-10 07:15:15,445 | INFO | Batch 220 | Loss: 0.9270 | Correct: 90/128 | Elapsed Time: 12.95s
2026-02-10 07:15:28,311 | INFO | Batch 230 | Loss: 1.0386 | Correct: 75/128 | Elapsed Time: 12.87s
2026-02-10 07:15:41,145 | INFO | Batch 240 | Loss: 1.0109 | Correct: 78/128 | Elapsed Time: 12.83s
2026-02-10 07:15:53,794 | INFO | Batch 250 | Loss: 0.9022 | Correct: 86/128 | Elapsed Time: 12.65s
2026-02-10 07:16:06,905 | INFO | Batch 260 | Loss: 1.1326 | Correct: 77/128 | Elapsed Time: 13.11s
2026-02-10 07:16:19,830 | INFO | Batch 270 | Loss: 1.0330 | Correct: 79/128 | Elapsed Time: 12.93s
2026-02-10 07:16:32,594 | INFO | Batch 280 | Loss: 1.0000 | Correct: 78/128 | Elapsed Time: 12.76s
2026-02-10 07:16:45,472 | INFO | Batch 290 | Loss: 1.0905 | Correct: 79/128 | Elapsed Time: 12.88s
2026-02-10 07:16:58,337 | INFO | Batch 300 | Loss: 0.8925 | Correct: 87/128 | Elapsed Time: 12.87s
2026-02-10 07:17:11,190 | INFO | Batch 310 | Loss: 1.0671 | Correct: 83/128 | Elapsed Time: 12.85s
2026-02-10 07:17:24,098 | INFO | Batch 320 | Loss: 1.0109 | Correct: 79/128 | Elapsed Time: 12.91s
2026-02-10 07:17:36,955 | INFO | Batch 330 | Loss: 1.1700 | Correct: 74/128 | Elapsed Time: 12.86s
2026-02-10 07:17:49,703 | INFO | Batch 340 | Loss: 0.9524 | Correct: 80/128 | Elapsed Time: 12.75s
2026-02-10 07:18:02,598 | INFO | Batch 350 | Loss: 0.9946 | Correct: 86/128 | Elapsed Time: 12.90s
2026-02-10 07:18:15,534 | INFO | Batch 360 | Loss: 0.9320 | Correct: 86/128 | Elapsed Time: 12.94s
2026-02-10 07:18:28,291 | INFO | Batch 370 | Loss: 1.1204 | Correct: 78/128 | Elapsed Time: 12.76s
2026-02-10 07:18:41,158 | INFO | Batch 380 | Loss: 1.0219 | Correct: 81/128 | Elapsed Time: 12.87s
2026-02-10 07:18:54,039 | INFO | Batch 390 | Loss: 1.0386 | Correct: 82/128 | Elapsed Time: 12.88s
2026-02-10 07:18:55,051 | INFO | Epoch [52/100] - Loss: 0.9974 | Correct: 32226/50000 (64.45%, 503.12s)
2026-02-10 07:19:40,815 | INFO | Validation - Loss: 1.0534 | Correct: 6286/10000 (62.86%) (45.76s)
2026-02-10 07:19:53,623 | INFO | Batch 10 | Loss: 0.9733 | Correct: 83/128 | Elapsed Time: 12.81s
2026-02-10 07:20:06,563 | INFO | Batch 20 | Loss: 1.0219 | Correct: 75/128 | Elapsed Time: 12.94s
2026-02-10 07:20:19,422 | INFO | Batch 30 | Loss: 1.0164 | Correct: 80/128 | Elapsed Time: 12.86s
2026-02-10 07:20:32,316 | INFO | Batch 40 | Loss: 1.0274 | Correct: 79/128 | Elapsed Time: 12.89s
2026-02-10 07:20:45,098 | INFO | Batch 50 | Loss: 0.9892 | Correct: 83/128 | Elapsed Time: 12.78s
2026-02-10 07:20:57,985 | INFO | Batch 60 | Loss: 1.1144 | Correct: 76/128 | Elapsed Time: 12.89s
2026-02-10 07:21:10,975 | INFO | Batch 70 | Loss: 0.9220 | Correct: 86/128 | Elapsed Time: 12.99s
2026-02-10 07:21:23,788 | INFO | Batch 80 | Loss: 1.1024 | Correct: 80/128 | Elapsed Time: 12.81s
2026-02-10 07:21:36,820 | INFO | Batch 90 | Loss: 0.9524 | Correct: 86/128 | Elapsed Time: 13.03s
2026-02-10 07:21:49,821 | INFO | Batch 100 | Loss: 1.0443 | Correct: 77/128 | Elapsed Time: 13.00s
2026-02-10 07:22:02,624 | INFO | Batch 110 | Loss: 0.9270 | Correct: 87/128 | Elapsed Time: 12.80s
2026-02-10 07:22:15,521 | INFO | Batch 120 | Loss: 0.9473 | Correct: 80/128 | Elapsed Time: 12.90s
2026-02-10 07:22:28,438 | INFO | Batch 130 | Loss: 0.9371 | Correct: 82/128 | Elapsed Time: 12.92s
2026-02-10 07:22:41,232 | INFO | Batch 140 | Loss: 1.0443 | Correct: 83/128 | Elapsed Time: 12.79s
2026-02-10 07:22:54,133 | INFO | Batch 150 | Loss: 0.9680 | Correct: 84/128 | Elapsed Time: 12.90s
2026-02-10 07:23:07,076 | INFO | Batch 160 | Loss: 1.0054 | Correct: 83/128 | Elapsed Time: 12.94s
2026-02-10 07:23:19,930 | INFO | Batch 170 | Loss: 0.8734 | Correct: 88/128 | Elapsed Time: 12.85s
2026-02-10 07:23:32,833 | INFO | Batch 180 | Loss: 1.0219 | Correct: 86/128 | Elapsed Time: 12.90s
2026-02-10 07:23:45,681 | INFO | Batch 190 | Loss: 1.0729 | Correct: 82/128 | Elapsed Time: 12.85s
2026-02-10 07:23:58,436 | INFO | Batch 200 | Loss: 0.7546 | Correct: 93/128 | Elapsed Time: 12.75s
2026-02-10 07:24:11,380 | INFO | Batch 210 | Loss: 1.1637 | Correct: 77/128 | Elapsed Time: 12.94s
2026-02-10 07:24:24,292 | INFO | Batch 220 | Loss: 0.9680 | Correct: 82/128 | Elapsed Time: 12.91s
2026-02-10 07:24:37,081 | INFO | Batch 230 | Loss: 0.9121 | Correct: 91/128 | Elapsed Time: 12.79s
2026-02-10 07:24:49,976 | INFO | Batch 240 | Loss: 1.0671 | Correct: 78/128 | Elapsed Time: 12.89s
2026-02-10 07:25:02,923 | INFO | Batch 250 | Loss: 1.0386 | Correct: 86/128 | Elapsed Time: 12.95s
2026-02-10 07:25:15,752 | INFO | Batch 260 | Loss: 0.9121 | Correct: 81/128 | Elapsed Time: 12.83s
2026-02-10 07:25:28,686 | INFO | Batch 270 | Loss: 0.9170 | Correct: 87/128 | Elapsed Time: 12.93s
2026-02-10 07:25:41,669 | INFO | Batch 280 | Loss: 1.1144 | Correct: 74/128 | Elapsed Time: 12.98s
2026-02-10 07:25:54,496 | INFO | Batch 290 | Loss: 0.9170 | Correct: 82/128 | Elapsed Time: 12.83s
2026-02-10 07:26:07,404 | INFO | Batch 300 | Loss: 1.1204 | Correct: 72/128 | Elapsed Time: 12.91s
2026-02-10 07:26:20,300 | INFO | Batch 310 | Loss: 1.0499 | Correct: 72/128 | Elapsed Time: 12.90s
2026-02-10 07:26:33,170 | INFO | Batch 320 | Loss: 0.9576 | Correct: 86/128 | Elapsed Time: 12.87s
2026-02-10 07:26:45,986 | INFO | Batch 330 | Loss: 0.9892 | Correct: 80/128 | Elapsed Time: 12.82s
2026-02-10 07:26:58,874 | INFO | Batch 340 | Loss: 0.9946 | Correct: 82/128 | Elapsed Time: 12.89s
2026-02-10 07:27:11,851 | INFO | Batch 350 | Loss: 1.0054 | Correct: 86/128 | Elapsed Time: 12.98s
2026-02-10 07:27:24,650 | INFO | Batch 360 | Loss: 0.6882 | Correct: 98/128 | Elapsed Time: 12.80s
2026-02-10 07:27:37,586 | INFO | Batch 370 | Loss: 1.1084 | Correct: 77/128 | Elapsed Time: 12.94s
2026-02-10 07:27:50,433 | INFO | Batch 380 | Loss: 1.0054 | Correct: 81/128 | Elapsed Time: 12.85s
2026-02-10 07:28:03,261 | INFO | Batch 390 | Loss: 1.2759 | Correct: 73/128 | Elapsed Time: 12.83s
2026-02-10 07:28:04,323 | INFO | Epoch [53/100] - Loss: 0.9869 | Correct: 32359/50000 (64.72%, 503.51s)
2026-02-10 07:28:49,950 | INFO | Validation - Loss: 1.0441 | Correct: 6325/10000 (63.25%) (45.63s)
2026-02-10 07:29:02,865 | INFO | Batch 10 | Loss: 0.9270 | Correct: 92/128 | Elapsed Time: 12.91s
2026-02-10 07:29:15,818 | INFO | Batch 20 | Loss: 1.0330 | Correct: 82/128 | Elapsed Time: 12.95s
2026-02-10 07:29:28,616 | INFO | Batch 30 | Loss: 0.9422 | Correct: 81/128 | Elapsed Time: 12.80s
2026-02-10 07:29:41,505 | INFO | Batch 40 | Loss: 0.9733 | Correct: 85/128 | Elapsed Time: 12.89s
2026-02-10 07:29:54,403 | INFO | Batch 50 | Loss: 0.8140 | Correct: 91/128 | Elapsed Time: 12.90s
2026-02-10 07:30:07,314 | INFO | Batch 60 | Loss: 0.9628 | Correct: 81/128 | Elapsed Time: 12.91s
2026-02-10 07:30:20,091 | INFO | Batch 70 | Loss: 1.0330 | Correct: 84/128 | Elapsed Time: 12.78s
2026-02-10 07:30:32,978 | INFO | Batch 80 | Loss: 1.0846 | Correct: 80/128 | Elapsed Time: 12.89s
2026-02-10 07:30:45,849 | INFO | Batch 90 | Loss: 0.9473 | Correct: 88/128 | Elapsed Time: 12.87s
2026-02-10 07:30:58,668 | INFO | Batch 100 | Loss: 1.0000 | Correct: 84/128 | Elapsed Time: 12.82s
2026-02-10 07:31:11,581 | INFO | Batch 110 | Loss: 0.9839 | Correct: 89/128 | Elapsed Time: 12.91s
2026-02-10 07:31:24,391 | INFO | Batch 120 | Loss: 1.1637 | Correct: 78/128 | Elapsed Time: 12.81s
2026-02-10 07:31:37,272 | INFO | Batch 130 | Loss: 0.9576 | Correct: 85/128 | Elapsed Time: 12.88s
2026-02-10 07:31:50,364 | INFO | Batch 140 | Loss: 1.0729 | Correct: 77/128 | Elapsed Time: 13.09s
2026-02-10 07:32:03,345 | INFO | Batch 150 | Loss: 1.0556 | Correct: 90/128 | Elapsed Time: 12.98s
2026-02-10 07:32:16,158 | INFO | Batch 160 | Loss: 1.0330 | Correct: 74/128 | Elapsed Time: 12.81s
2026-02-10 07:32:29,050 | INFO | Batch 170 | Loss: 0.8734 | Correct: 93/128 | Elapsed Time: 12.89s
2026-02-10 07:32:41,960 | INFO | Batch 180 | Loss: 1.1388 | Correct: 75/128 | Elapsed Time: 12.91s
2026-02-10 07:32:54,772 | INFO | Batch 190 | Loss: 0.8455 | Correct: 89/128 | Elapsed Time: 12.81s
2026-02-10 07:33:07,645 | INFO | Batch 200 | Loss: 1.0556 | Correct: 77/128 | Elapsed Time: 12.87s
2026-02-10 07:33:20,545 | INFO | Batch 210 | Loss: 1.0905 | Correct: 77/128 | Elapsed Time: 12.90s
2026-02-10 07:33:33,372 | INFO | Batch 220 | Loss: 0.7187 | Correct: 95/128 | Elapsed Time: 12.83s
2026-02-10 07:33:46,227 | INFO | Batch 230 | Loss: 0.8409 | Correct: 94/128 | Elapsed Time: 12.85s
2026-02-10 07:33:59,141 | INFO | Batch 240 | Loss: 0.9576 | Correct: 85/128 | Elapsed Time: 12.91s
2026-02-10 07:34:12,009 | INFO | Batch 250 | Loss: 0.8829 | Correct: 85/128 | Elapsed Time: 12.87s
2026-02-10 07:34:24,921 | INFO | Batch 260 | Loss: 0.9422 | Correct: 84/128 | Elapsed Time: 12.91s
2026-02-10 07:34:37,863 | INFO | Batch 270 | Loss: 0.8925 | Correct: 86/128 | Elapsed Time: 12.94s
2026-02-10 07:34:50,768 | INFO | Batch 280 | Loss: 1.0000 | Correct: 79/128 | Elapsed Time: 12.90s
2026-02-10 07:35:03,675 | INFO | Batch 290 | Loss: 0.8547 | Correct: 93/128 | Elapsed Time: 12.91s
2026-02-10 07:35:16,543 | INFO | Batch 300 | Loss: 0.9680 | Correct: 81/128 | Elapsed Time: 12.87s
2026-02-10 07:35:29,366 | INFO | Batch 310 | Loss: 1.0614 | Correct: 75/128 | Elapsed Time: 12.82s
2026-02-10 07:35:42,127 | INFO | Batch 320 | Loss: 1.0499 | Correct: 75/128 | Elapsed Time: 12.76s
2026-02-10 07:35:55,041 | INFO | Batch 330 | Loss: 0.9524 | Correct: 87/128 | Elapsed Time: 12.91s
2026-02-10 07:36:07,965 | INFO | Batch 340 | Loss: 0.8229 | Correct: 90/128 | Elapsed Time: 12.92s
2026-02-10 07:36:20,727 | INFO | Batch 350 | Loss: 0.9576 | Correct: 78/128 | Elapsed Time: 12.76s
2026-02-10 07:36:33,583 | INFO | Batch 360 | Loss: 0.9170 | Correct: 82/128 | Elapsed Time: 12.86s
2026-02-10 07:36:46,434 | INFO | Batch 370 | Loss: 1.0164 | Correct: 78/128 | Elapsed Time: 12.85s
2026-02-10 07:36:59,187 | INFO | Batch 380 | Loss: 0.9121 | Correct: 85/128 | Elapsed Time: 12.75s
2026-02-10 07:37:12,121 | INFO | Batch 390 | Loss: 1.0443 | Correct: 84/128 | Elapsed Time: 12.93s
2026-02-10 07:37:13,156 | INFO | Epoch [54/100] - Loss: 0.9796 | Correct: 32505/50000 (65.01%, 503.20s)
2026-02-10 07:37:59,035 | INFO | Validation - Loss: 1.0412 | Correct: 6338/10000 (63.38%) (45.88s)
2026-02-10 07:38:11,996 | INFO | Batch 10 | Loss: 1.0499 | Correct: 84/128 | Elapsed Time: 12.96s
2026-02-10 07:38:24,766 | INFO | Batch 20 | Loss: 0.8877 | Correct: 84/128 | Elapsed Time: 12.77s
2026-02-10 07:38:37,600 | INFO | Batch 30 | Loss: 1.1512 | Correct: 79/128 | Elapsed Time: 12.83s
2026-02-10 07:38:50,465 | INFO | Batch 40 | Loss: 0.9680 | Correct: 86/128 | Elapsed Time: 12.86s
2026-02-10 07:39:03,278 | INFO | Batch 50 | Loss: 1.0000 | Correct: 83/128 | Elapsed Time: 12.81s
2026-02-10 07:39:16,074 | INFO | Batch 60 | Loss: 1.0274 | Correct: 77/128 | Elapsed Time: 12.80s
2026-02-10 07:39:28,974 | INFO | Batch 70 | Loss: 1.0729 | Correct: 81/128 | Elapsed Time: 12.90s
2026-02-10 07:39:41,765 | INFO | Batch 80 | Loss: 0.8009 | Correct: 88/128 | Elapsed Time: 12.79s
2026-02-10 07:39:54,635 | INFO | Batch 90 | Loss: 0.8877 | Correct: 87/128 | Elapsed Time: 12.87s
2026-02-10 07:40:07,625 | INFO | Batch 100 | Loss: 0.8229 | Correct: 86/128 | Elapsed Time: 12.99s
2026-02-10 07:40:20,561 | INFO | Batch 110 | Loss: 0.7880 | Correct: 97/128 | Elapsed Time: 12.94s
2026-02-10 07:40:33,417 | INFO | Batch 120 | Loss: 1.1204 | Correct: 79/128 | Elapsed Time: 12.86s
2026-02-10 07:40:46,375 | INFO | Batch 130 | Loss: 0.9170 | Correct: 89/128 | Elapsed Time: 12.96s
2026-02-10 07:40:59,305 | INFO | Batch 140 | Loss: 0.9786 | Correct: 84/128 | Elapsed Time: 12.93s
2026-02-10 07:41:12,314 | INFO | Batch 150 | Loss: 1.0614 | Correct: 86/128 | Elapsed Time: 13.01s
2026-02-10 07:41:25,282 | INFO | Batch 160 | Loss: 1.1144 | Correct: 69/128 | Elapsed Time: 12.97s
2026-02-10 07:41:38,333 | INFO | Batch 170 | Loss: 1.2691 | Correct: 69/128 | Elapsed Time: 13.05s
2026-02-10 07:41:51,334 | INFO | Batch 180 | Loss: 1.1204 | Correct: 75/128 | Elapsed Time: 13.00s
2026-02-10 07:42:04,377 | INFO | Batch 190 | Loss: 0.9576 | Correct: 87/128 | Elapsed Time: 13.04s
2026-02-10 07:42:17,317 | INFO | Batch 200 | Loss: 0.9576 | Correct: 88/128 | Elapsed Time: 12.94s
2026-02-10 07:42:30,132 | INFO | Batch 210 | Loss: 0.8593 | Correct: 90/128 | Elapsed Time: 12.81s
2026-02-10 07:42:43,056 | INFO | Batch 220 | Loss: 1.0614 | Correct: 77/128 | Elapsed Time: 12.92s
2026-02-10 07:42:55,984 | INFO | Batch 230 | Loss: 0.9733 | Correct: 81/128 | Elapsed Time: 12.93s
2026-02-10 07:43:08,952 | INFO | Batch 240 | Loss: 1.0788 | Correct: 74/128 | Elapsed Time: 12.97s
2026-02-10 07:43:21,874 | INFO | Batch 250 | Loss: 1.1388 | Correct: 79/128 | Elapsed Time: 12.92s
2026-02-10 07:43:34,768 | INFO | Batch 260 | Loss: 1.0330 | Correct: 79/128 | Elapsed Time: 12.89s
2026-02-10 07:43:47,625 | INFO | Batch 270 | Loss: 0.9680 | Correct: 85/128 | Elapsed Time: 12.86s
2026-02-10 07:44:00,552 | INFO | Batch 280 | Loss: 1.0846 | Correct: 84/128 | Elapsed Time: 12.93s
2026-02-10 07:44:13,493 | INFO | Batch 290 | Loss: 0.9170 | Correct: 91/128 | Elapsed Time: 12.94s
2026-02-10 07:44:26,302 | INFO | Batch 300 | Loss: 1.0274 | Correct: 83/128 | Elapsed Time: 12.81s
2026-02-10 07:44:39,145 | INFO | Batch 310 | Loss: 0.9786 | Correct: 81/128 | Elapsed Time: 12.84s
2026-02-10 07:44:52,058 | INFO | Batch 320 | Loss: 0.9628 | Correct: 85/128 | Elapsed Time: 12.91s
2026-02-10 07:45:05,080 | INFO | Batch 330 | Loss: 1.1764 | Correct: 70/128 | Elapsed Time: 13.02s
2026-02-10 07:45:17,902 | INFO | Batch 340 | Loss: 0.8364 | Correct: 88/128 | Elapsed Time: 12.82s
2026-02-10 07:45:30,801 | INFO | Batch 350 | Loss: 1.0054 | Correct: 84/128 | Elapsed Time: 12.90s
2026-02-10 07:45:43,665 | INFO | Batch 360 | Loss: 1.0330 | Correct: 86/128 | Elapsed Time: 12.86s
2026-02-10 07:45:56,455 | INFO | Batch 370 | Loss: 0.9071 | Correct: 88/128 | Elapsed Time: 12.79s
2026-02-10 07:46:09,398 | INFO | Batch 380 | Loss: 0.9946 | Correct: 84/128 | Elapsed Time: 12.94s
2026-02-10 07:46:22,270 | INFO | Batch 390 | Loss: 0.8501 | Correct: 99/128 | Elapsed Time: 12.87s
2026-02-10 07:46:23,301 | INFO | Epoch [55/100] - Loss: 0.9804 | Correct: 32476/50000 (64.95%, 504.26s)
2026-02-10 07:47:08,825 | INFO | Validation - Loss: 1.0277 | Correct: 6367/10000 (63.67%) (45.52s)
2026-02-10 07:47:21,601 | INFO | Batch 10 | Loss: 1.0788 | Correct: 81/128 | Elapsed Time: 12.77s
2026-02-10 07:47:34,463 | INFO | Batch 20 | Loss: 1.2022 | Correct: 71/128 | Elapsed Time: 12.86s
2026-02-10 07:47:47,349 | INFO | Batch 30 | Loss: 0.9680 | Correct: 85/128 | Elapsed Time: 12.89s
2026-02-10 07:48:00,152 | INFO | Batch 40 | Loss: 1.0000 | Correct: 77/128 | Elapsed Time: 12.80s
2026-02-10 07:48:13,207 | INFO | Batch 50 | Loss: 0.8096 | Correct: 89/128 | Elapsed Time: 13.05s
2026-02-10 07:48:26,090 | INFO | Batch 60 | Loss: 0.9946 | Correct: 81/128 | Elapsed Time: 12.88s
2026-02-10 07:48:38,866 | INFO | Batch 70 | Loss: 1.0054 | Correct: 85/128 | Elapsed Time: 12.78s
2026-02-10 07:48:51,749 | INFO | Batch 80 | Loss: 0.9022 | Correct: 91/128 | Elapsed Time: 12.88s
2026-02-10 07:49:04,663 | INFO | Batch 90 | Loss: 0.8687 | Correct: 90/128 | Elapsed Time: 12.91s
2026-02-10 07:49:17,370 | INFO | Batch 100 | Loss: 1.0000 | Correct: 85/128 | Elapsed Time: 12.71s
2026-02-10 07:49:30,251 | INFO | Batch 110 | Loss: 0.8593 | Correct: 96/128 | Elapsed Time: 12.88s
2026-02-10 07:49:43,105 | INFO | Batch 120 | Loss: 1.1326 | Correct: 74/128 | Elapsed Time: 12.85s
2026-02-10 07:49:55,886 | INFO | Batch 130 | Loss: 1.1084 | Correct: 78/128 | Elapsed Time: 12.78s
2026-02-10 07:50:08,769 | INFO | Batch 140 | Loss: 1.0054 | Correct: 83/128 | Elapsed Time: 12.88s
2026-02-10 07:50:21,689 | INFO | Batch 150 | Loss: 0.8687 | Correct: 89/128 | Elapsed Time: 12.92s
2026-02-10 07:50:34,510 | INFO | Batch 160 | Loss: 1.1637 | Correct: 70/128 | Elapsed Time: 12.82s
2026-02-10 07:50:47,407 | INFO | Batch 170 | Loss: 0.8925 | Correct: 85/128 | Elapsed Time: 12.90s
2026-02-10 07:51:00,298 | INFO | Batch 180 | Loss: 0.9628 | Correct: 88/128 | Elapsed Time: 12.89s
2026-02-10 07:51:13,222 | INFO | Batch 190 | Loss: 0.8974 | Correct: 93/128 | Elapsed Time: 12.92s
2026-02-10 07:51:26,124 | INFO | Batch 200 | Loss: 0.8687 | Correct: 87/128 | Elapsed Time: 12.90s
2026-02-10 07:51:39,189 | INFO | Batch 210 | Loss: 1.0671 | Correct: 79/128 | Elapsed Time: 13.07s
2026-02-10 07:51:52,160 | INFO | Batch 220 | Loss: 1.1326 | Correct: 69/128 | Elapsed Time: 12.97s
2026-02-10 07:52:05,105 | INFO | Batch 230 | Loss: 0.9628 | Correct: 90/128 | Elapsed Time: 12.95s
2026-02-10 07:52:18,015 | INFO | Batch 240 | Loss: 1.0614 | Correct: 77/128 | Elapsed Time: 12.91s
2026-02-10 07:52:30,948 | INFO | Batch 250 | Loss: 0.9121 | Correct: 81/128 | Elapsed Time: 12.93s
2026-02-10 07:52:43,762 | INFO | Batch 260 | Loss: 1.0109 | Correct: 85/128 | Elapsed Time: 12.81s
2026-02-10 07:52:56,664 | INFO | Batch 270 | Loss: 0.9022 | Correct: 83/128 | Elapsed Time: 12.90s
2026-02-10 07:53:09,664 | INFO | Batch 280 | Loss: 1.0614 | Correct: 76/128 | Elapsed Time: 13.00s
2026-02-10 07:53:22,533 | INFO | Batch 290 | Loss: 0.9839 | Correct: 82/128 | Elapsed Time: 12.87s
2026-02-10 07:53:35,475 | INFO | Batch 300 | Loss: 1.0054 | Correct: 78/128 | Elapsed Time: 12.94s
2026-02-10 07:53:48,471 | INFO | Batch 310 | Loss: 1.1144 | Correct: 74/128 | Elapsed Time: 13.00s
2026-02-10 07:54:01,322 | INFO | Batch 320 | Loss: 1.1574 | Correct: 72/128 | Elapsed Time: 12.85s
2026-02-10 07:54:14,336 | INFO | Batch 330 | Loss: 0.7837 | Correct: 93/128 | Elapsed Time: 13.01s
2026-02-10 07:54:27,226 | INFO | Batch 340 | Loss: 1.0054 | Correct: 80/128 | Elapsed Time: 12.89s
2026-02-10 07:54:39,906 | INFO | Batch 350 | Loss: 1.0386 | Correct: 81/128 | Elapsed Time: 12.68s
2026-02-10 07:54:52,847 | INFO | Batch 360 | Loss: 0.8273 | Correct: 96/128 | Elapsed Time: 12.94s
2026-02-10 07:55:05,701 | INFO | Batch 370 | Loss: 0.7795 | Correct: 90/128 | Elapsed Time: 12.85s
2026-02-10 07:55:18,356 | INFO | Batch 380 | Loss: 0.8547 | Correct: 91/128 | Elapsed Time: 12.65s
2026-02-10 07:55:31,142 | INFO | Batch 390 | Loss: 1.1326 | Correct: 67/128 | Elapsed Time: 12.79s
2026-02-10 07:55:32,155 | INFO | Epoch [56/100] - Loss: 0.9752 | Correct: 32564/50000 (65.13%, 503.33s)
2026-02-10 07:56:17,548 | INFO | Validation - Loss: 1.0317 | Correct: 6365/10000 (63.65%) (45.39s)
2026-02-10 07:56:30,478 | INFO | Batch 10 | Loss: 0.8455 | Correct: 92/128 | Elapsed Time: 12.93s
2026-02-10 07:56:43,379 | INFO | Batch 20 | Loss: 0.9576 | Correct: 80/128 | Elapsed Time: 12.90s
2026-02-10 07:56:56,250 | INFO | Batch 30 | Loss: 1.0556 | Correct: 79/128 | Elapsed Time: 12.87s
2026-02-10 07:57:09,250 | INFO | Batch 40 | Loss: 0.9628 | Correct: 75/128 | Elapsed Time: 13.00s
2026-02-10 07:57:22,209 | INFO | Batch 50 | Loss: 1.0109 | Correct: 79/128 | Elapsed Time: 12.96s
2026-02-10 07:57:35,041 | INFO | Batch 60 | Loss: 1.0109 | Correct: 79/128 | Elapsed Time: 12.83s
2026-02-10 07:57:47,955 | INFO | Batch 70 | Loss: 0.8734 | Correct: 86/128 | Elapsed Time: 12.91s
2026-02-10 07:58:00,860 | INFO | Batch 80 | Loss: 0.8501 | Correct: 86/128 | Elapsed Time: 12.90s
2026-02-10 07:58:13,689 | INFO | Batch 90 | Loss: 1.0386 | Correct: 79/128 | Elapsed Time: 12.83s
2026-02-10 07:58:26,622 | INFO | Batch 100 | Loss: 0.9121 | Correct: 88/128 | Elapsed Time: 12.93s
2026-02-10 07:58:39,511 | INFO | Batch 110 | Loss: 0.9946 | Correct: 79/128 | Elapsed Time: 12.89s
2026-02-10 07:58:52,343 | INFO | Batch 120 | Loss: 0.8974 | Correct: 88/128 | Elapsed Time: 12.83s
2026-02-10 07:59:05,318 | INFO | Batch 130 | Loss: 0.9680 | Correct: 84/128 | Elapsed Time: 12.98s
2026-02-10 07:59:18,235 | INFO | Batch 140 | Loss: 0.9022 | Correct: 82/128 | Elapsed Time: 12.92s
2026-02-10 07:59:31,041 | INFO | Batch 150 | Loss: 0.9839 | Correct: 83/128 | Elapsed Time: 12.81s
2026-02-10 07:59:43,902 | INFO | Batch 160 | Loss: 0.9320 | Correct: 86/128 | Elapsed Time: 12.86s
2026-02-10 07:59:56,776 | INFO | Batch 170 | Loss: 1.1024 | Correct: 75/128 | Elapsed Time: 12.87s
2026-02-10 08:00:09,590 | INFO | Batch 180 | Loss: 1.0905 | Correct: 79/128 | Elapsed Time: 12.81s
2026-02-10 08:00:22,470 | INFO | Batch 190 | Loss: 0.9786 | Correct: 82/128 | Elapsed Time: 12.88s
2026-02-10 08:00:35,361 | INFO | Batch 200 | Loss: 0.7966 | Correct: 90/128 | Elapsed Time: 12.89s
2026-02-10 08:00:48,135 | INFO | Batch 210 | Loss: 0.8547 | Correct: 84/128 | Elapsed Time: 12.77s
2026-02-10 08:01:01,012 | INFO | Batch 220 | Loss: 1.0905 | Correct: 81/128 | Elapsed Time: 12.88s
2026-02-10 08:01:13,922 | INFO | Batch 230 | Loss: 1.0330 | Correct: 84/128 | Elapsed Time: 12.91s
2026-02-10 08:01:26,726 | INFO | Batch 240 | Loss: 0.9524 | Correct: 81/128 | Elapsed Time: 12.80s
2026-02-10 08:01:39,767 | INFO | Batch 250 | Loss: 0.8829 | Correct: 87/128 | Elapsed Time: 13.04s
2026-02-10 08:01:52,705 | INFO | Batch 260 | Loss: 1.0614 | Correct: 73/128 | Elapsed Time: 12.94s
2026-02-10 08:02:05,622 | INFO | Batch 270 | Loss: 0.8925 | Correct: 84/128 | Elapsed Time: 12.92s
2026-02-10 08:02:18,509 | INFO | Batch 280 | Loss: 0.9576 | Correct: 76/128 | Elapsed Time: 12.89s
2026-02-10 08:02:31,426 | INFO | Batch 290 | Loss: 0.8409 | Correct: 90/128 | Elapsed Time: 12.92s
2026-02-10 08:02:44,288 | INFO | Batch 300 | Loss: 0.9680 | Correct: 88/128 | Elapsed Time: 12.86s
2026-02-10 08:02:57,075 | INFO | Batch 310 | Loss: 1.0109 | Correct: 86/128 | Elapsed Time: 12.79s
2026-02-10 08:03:09,991 | INFO | Batch 320 | Loss: 1.0164 | Correct: 83/128 | Elapsed Time: 12.92s
2026-02-10 08:03:22,772 | INFO | Batch 330 | Loss: 0.9270 | Correct: 89/128 | Elapsed Time: 12.78s
2026-02-10 08:03:35,580 | INFO | Batch 340 | Loss: 0.9320 | Correct: 85/128 | Elapsed Time: 12.81s
2026-02-10 08:03:48,509 | INFO | Batch 350 | Loss: 0.9733 | Correct: 81/128 | Elapsed Time: 12.93s
2026-02-10 08:04:01,444 | INFO | Batch 360 | Loss: 0.8593 | Correct: 85/128 | Elapsed Time: 12.94s
2026-02-10 08:04:14,295 | INFO | Batch 370 | Loss: 1.1450 | Correct: 72/128 | Elapsed Time: 12.85s
2026-02-10 08:04:27,178 | INFO | Batch 380 | Loss: 0.9422 | Correct: 88/128 | Elapsed Time: 12.88s
2026-02-10 08:04:40,051 | INFO | Batch 390 | Loss: 0.9071 | Correct: 88/128 | Elapsed Time: 12.87s
2026-02-10 08:04:41,056 | INFO | Epoch [57/100] - Loss: 0.9721 | Correct: 32525/50000 (65.05%, 503.51s)
2026-02-10 08:05:26,737 | INFO | Validation - Loss: 1.0253 | Correct: 6435/10000 (64.35%) (45.68s)
2026-02-10 08:05:39,605 | INFO | Batch 10 | Loss: 0.9170 | Correct: 93/128 | Elapsed Time: 12.87s
2026-02-10 08:05:52,356 | INFO | Batch 20 | Loss: 0.9839 | Correct: 88/128 | Elapsed Time: 12.75s
2026-02-10 08:06:05,388 | INFO | Batch 30 | Loss: 1.0164 | Correct: 82/128 | Elapsed Time: 13.03s
2026-02-10 08:06:18,245 | INFO | Batch 40 | Loss: 0.9946 | Correct: 82/128 | Elapsed Time: 12.86s
2026-02-10 08:06:31,019 | INFO | Batch 50 | Loss: 0.9946 | Correct: 86/128 | Elapsed Time: 12.77s
2026-02-10 08:06:43,893 | INFO | Batch 60 | Loss: 1.0109 | Correct: 78/128 | Elapsed Time: 12.87s
2026-02-10 08:06:56,730 | INFO | Batch 70 | Loss: 0.9733 | Correct: 83/128 | Elapsed Time: 12.84s
2026-02-10 08:07:09,571 | INFO | Batch 80 | Loss: 0.9892 | Correct: 85/128 | Elapsed Time: 12.84s
2026-02-10 08:07:22,448 | INFO | Batch 90 | Loss: 0.9320 | Correct: 87/128 | Elapsed Time: 12.88s
2026-02-10 08:07:35,266 | INFO | Batch 100 | Loss: 0.9524 | Correct: 91/128 | Elapsed Time: 12.82s
2026-02-10 08:07:48,006 | INFO | Batch 110 | Loss: 1.0054 | Correct: 80/128 | Elapsed Time: 12.74s
2026-02-10 08:08:00,842 | INFO | Batch 120 | Loss: 0.9071 | Correct: 85/128 | Elapsed Time: 12.84s
2026-02-10 08:08:13,755 | INFO | Batch 130 | Loss: 0.8184 | Correct: 88/128 | Elapsed Time: 12.91s
2026-02-10 08:08:26,557 | INFO | Batch 140 | Loss: 0.9733 | Correct: 84/128 | Elapsed Time: 12.80s
2026-02-10 08:08:39,429 | INFO | Batch 150 | Loss: 0.8273 | Correct: 93/128 | Elapsed Time: 12.87s
2026-02-10 08:08:52,310 | INFO | Batch 160 | Loss: 0.8925 | Correct: 88/128 | Elapsed Time: 12.88s
2026-02-10 08:09:05,142 | INFO | Batch 170 | Loss: 0.8052 | Correct: 92/128 | Elapsed Time: 12.83s
2026-02-10 08:09:18,016 | INFO | Batch 180 | Loss: 0.9371 | Correct: 84/128 | Elapsed Time: 12.87s
2026-02-10 08:09:30,900 | INFO | Batch 190 | Loss: 0.8829 | Correct: 85/128 | Elapsed Time: 12.88s
2026-02-10 08:09:43,705 | INFO | Batch 200 | Loss: 0.9733 | Correct: 84/128 | Elapsed Time: 12.80s
2026-02-10 08:09:56,575 | INFO | Batch 210 | Loss: 1.2022 | Correct: 77/128 | Elapsed Time: 12.87s
2026-02-10 08:10:09,471 | INFO | Batch 220 | Loss: 1.0386 | Correct: 80/128 | Elapsed Time: 12.90s
2026-02-10 08:10:22,242 | INFO | Batch 230 | Loss: 0.9270 | Correct: 81/128 | Elapsed Time: 12.77s
2026-02-10 08:10:35,053 | INFO | Batch 240 | Loss: 1.1450 | Correct: 73/128 | Elapsed Time: 12.81s
2026-02-10 08:10:47,799 | INFO | Batch 250 | Loss: 1.0164 | Correct: 78/128 | Elapsed Time: 12.75s
2026-02-10 08:11:00,604 | INFO | Batch 260 | Loss: 0.9220 | Correct: 88/128 | Elapsed Time: 12.81s
2026-02-10 08:11:13,437 | INFO | Batch 270 | Loss: 0.9524 | Correct: 89/128 | Elapsed Time: 12.83s
2026-02-10 08:11:26,360 | INFO | Batch 280 | Loss: 0.9121 | Correct: 82/128 | Elapsed Time: 12.92s
2026-02-10 08:11:39,413 | INFO | Batch 290 | Loss: 0.9071 | Correct: 84/128 | Elapsed Time: 13.05s
2026-02-10 08:11:52,241 | INFO | Batch 300 | Loss: 0.8593 | Correct: 84/128 | Elapsed Time: 12.83s
2026-02-10 08:12:05,232 | INFO | Batch 310 | Loss: 0.9839 | Correct: 82/128 | Elapsed Time: 12.99s
2026-02-10 08:12:18,078 | INFO | Batch 320 | Loss: 0.9786 | Correct: 79/128 | Elapsed Time: 12.85s
2026-02-10 08:12:30,871 | INFO | Batch 330 | Loss: 1.0330 | Correct: 77/128 | Elapsed Time: 12.79s
2026-02-10 08:12:43,744 | INFO | Batch 340 | Loss: 1.1388 | Correct: 81/128 | Elapsed Time: 12.87s
2026-02-10 08:12:56,594 | INFO | Batch 350 | Loss: 1.0000 | Correct: 81/128 | Elapsed Time: 12.85s
2026-02-10 08:13:09,424 | INFO | Batch 360 | Loss: 0.9320 | Correct: 85/128 | Elapsed Time: 12.83s
2026-02-10 08:13:22,346 | INFO | Batch 370 | Loss: 1.0164 | Correct: 81/128 | Elapsed Time: 12.92s
2026-02-10 08:13:35,248 | INFO | Batch 380 | Loss: 1.0846 | Correct: 82/128 | Elapsed Time: 12.90s
2026-02-10 08:13:48,011 | INFO | Batch 390 | Loss: 0.9576 | Correct: 84/128 | Elapsed Time: 12.76s
2026-02-10 08:13:49,036 | INFO | Epoch [58/100] - Loss: 0.9641 | Correct: 32742/50000 (65.48%, 502.30s)
2026-02-10 08:14:34,822 | INFO | Validation - Loss: 1.0495 | Correct: 6321/10000 (63.21%) (45.78s)
2026-02-10 08:14:47,593 | INFO | Batch 10 | Loss: 1.0614 | Correct: 76/128 | Elapsed Time: 12.77s
2026-02-10 08:15:00,422 | INFO | Batch 20 | Loss: 0.9680 | Correct: 86/128 | Elapsed Time: 12.83s
2026-02-10 08:15:13,409 | INFO | Batch 30 | Loss: 0.9628 | Correct: 87/128 | Elapsed Time: 12.99s
2026-02-10 08:15:26,200 | INFO | Batch 40 | Loss: 0.9576 | Correct: 88/128 | Elapsed Time: 12.79s
2026-02-10 08:15:39,073 | INFO | Batch 50 | Loss: 1.0614 | Correct: 81/128 | Elapsed Time: 12.87s
2026-02-10 08:15:51,982 | INFO | Batch 60 | Loss: 0.9628 | Correct: 89/128 | Elapsed Time: 12.91s
2026-02-10 08:16:04,851 | INFO | Batch 70 | Loss: 0.9786 | Correct: 82/128 | Elapsed Time: 12.87s
2026-02-10 08:16:17,744 | INFO | Batch 80 | Loss: 0.9524 | Correct: 92/128 | Elapsed Time: 12.89s
2026-02-10 08:16:30,622 | INFO | Batch 90 | Loss: 0.8781 | Correct: 93/128 | Elapsed Time: 12.88s
2026-02-10 08:16:43,498 | INFO | Batch 100 | Loss: 1.1892 | Correct: 70/128 | Elapsed Time: 12.88s
2026-02-10 08:16:56,338 | INFO | Batch 110 | Loss: 1.1265 | Correct: 77/128 | Elapsed Time: 12.84s
2026-02-10 08:17:09,269 | INFO | Batch 120 | Loss: 1.0109 | Correct: 85/128 | Elapsed Time: 12.93s
2026-02-10 08:17:22,058 | INFO | Batch 130 | Loss: 0.9576 | Correct: 84/128 | Elapsed Time: 12.79s
2026-02-10 08:17:34,955 | INFO | Batch 140 | Loss: 1.0000 | Correct: 87/128 | Elapsed Time: 12.90s
2026-02-10 08:17:47,798 | INFO | Batch 150 | Loss: 0.9320 | Correct: 86/128 | Elapsed Time: 12.84s
2026-02-10 08:18:00,639 | INFO | Batch 160 | Loss: 1.1144 | Correct: 75/128 | Elapsed Time: 12.84s
2026-02-10 08:18:13,437 | INFO | Batch 170 | Loss: 1.0386 | Correct: 79/128 | Elapsed Time: 12.80s
2026-02-10 08:18:26,306 | INFO | Batch 180 | Loss: 0.8455 | Correct: 89/128 | Elapsed Time: 12.87s
2026-02-10 08:18:39,078 | INFO | Batch 190 | Loss: 1.1574 | Correct: 77/128 | Elapsed Time: 12.77s
2026-02-10 08:18:51,836 | INFO | Batch 200 | Loss: 0.8781 | Correct: 89/128 | Elapsed Time: 12.76s
2026-02-10 08:19:04,797 | INFO | Batch 210 | Loss: 0.8501 | Correct: 91/128 | Elapsed Time: 12.96s
2026-02-10 08:19:17,702 | INFO | Batch 220 | Loss: 0.9839 | Correct: 81/128 | Elapsed Time: 12.91s
2026-02-10 08:19:30,515 | INFO | Batch 230 | Loss: 1.0330 | Correct: 80/128 | Elapsed Time: 12.81s
2026-02-10 08:19:43,420 | INFO | Batch 240 | Loss: 0.8974 | Correct: 93/128 | Elapsed Time: 12.91s
2026-02-10 08:19:56,280 | INFO | Batch 250 | Loss: 0.8229 | Correct: 97/128 | Elapsed Time: 12.86s
2026-02-10 08:20:09,049 | INFO | Batch 260 | Loss: 1.0964 | Correct: 76/128 | Elapsed Time: 12.77s
2026-02-10 08:20:21,918 | INFO | Batch 270 | Loss: 1.0788 | Correct: 79/128 | Elapsed Time: 12.87s
2026-02-10 08:20:34,809 | INFO | Batch 280 | Loss: 0.8501 | Correct: 85/128 | Elapsed Time: 12.89s
2026-02-10 08:20:47,608 | INFO | Batch 290 | Loss: 0.8593 | Correct: 85/128 | Elapsed Time: 12.80s
2026-02-10 08:21:00,529 | INFO | Batch 300 | Loss: 0.9680 | Correct: 83/128 | Elapsed Time: 12.92s
2026-02-10 08:21:13,559 | INFO | Batch 310 | Loss: 1.0274 | Correct: 80/128 | Elapsed Time: 13.03s
2026-02-10 08:21:26,434 | INFO | Batch 320 | Loss: 0.9576 | Correct: 81/128 | Elapsed Time: 12.87s
2026-02-10 08:21:39,549 | INFO | Batch 330 | Loss: 0.8877 | Correct: 85/128 | Elapsed Time: 13.12s
2026-02-10 08:21:52,587 | INFO | Batch 340 | Loss: 0.9121 | Correct: 88/128 | Elapsed Time: 13.04s
2026-02-10 08:22:05,549 | INFO | Batch 350 | Loss: 1.0556 | Correct: 82/128 | Elapsed Time: 12.96s
2026-02-10 08:22:18,524 | INFO | Batch 360 | Loss: 0.9170 | Correct: 89/128 | Elapsed Time: 12.98s
2026-02-10 08:22:31,484 | INFO | Batch 370 | Loss: 0.9892 | Correct: 84/128 | Elapsed Time: 12.96s
2026-02-10 08:22:44,366 | INFO | Batch 380 | Loss: 1.1326 | Correct: 74/128 | Elapsed Time: 12.88s
2026-02-10 08:22:57,349 | INFO | Batch 390 | Loss: 1.0614 | Correct: 81/128 | Elapsed Time: 12.98s
2026-02-10 08:22:58,374 | INFO | Epoch [59/100] - Loss: 0.9629 | Correct: 32795/50000 (65.59%, 503.55s)
2026-02-10 08:23:44,576 | INFO | Validation - Loss: 1.0367 | Correct: 6372/10000 (63.72%) (46.20s)
2026-02-10 08:23:57,547 | INFO | Batch 10 | Loss: 1.0054 | Correct: 83/128 | Elapsed Time: 12.97s
2026-02-10 08:24:10,570 | INFO | Batch 20 | Loss: 0.9946 | Correct: 86/128 | Elapsed Time: 13.02s
2026-02-10 08:24:23,410 | INFO | Batch 30 | Loss: 0.8974 | Correct: 91/128 | Elapsed Time: 12.84s
2026-02-10 08:24:36,379 | INFO | Batch 40 | Loss: 0.9786 | Correct: 87/128 | Elapsed Time: 12.97s
2026-02-10 08:24:49,295 | INFO | Batch 50 | Loss: 0.8409 | Correct: 89/128 | Elapsed Time: 12.92s
2026-02-10 08:25:02,156 | INFO | Batch 60 | Loss: 0.9892 | Correct: 87/128 | Elapsed Time: 12.86s
2026-02-10 08:25:15,241 | INFO | Batch 70 | Loss: 1.0499 | Correct: 78/128 | Elapsed Time: 13.09s
2026-02-10 08:25:28,191 | INFO | Batch 80 | Loss: 1.1144 | Correct: 80/128 | Elapsed Time: 12.95s
2026-02-10 08:25:41,001 | INFO | Batch 90 | Loss: 0.8096 | Correct: 92/128 | Elapsed Time: 12.81s
2026-02-10 08:25:53,952 | INFO | Batch 100 | Loss: 0.8974 | Correct: 86/128 | Elapsed Time: 12.95s
2026-02-10 08:26:06,955 | INFO | Batch 110 | Loss: 0.9022 | Correct: 89/128 | Elapsed Time: 13.00s
2026-02-10 08:26:19,829 | INFO | Batch 120 | Loss: 1.1326 | Correct: 72/128 | Elapsed Time: 12.87s
2026-02-10 08:26:32,714 | INFO | Batch 130 | Loss: 1.0330 | Correct: 82/128 | Elapsed Time: 12.88s
2026-02-10 08:26:45,562 | INFO | Batch 140 | Loss: 0.9320 | Correct: 84/128 | Elapsed Time: 12.85s
2026-02-10 08:26:58,280 | INFO | Batch 150 | Loss: 0.9371 | Correct: 88/128 | Elapsed Time: 12.72s
2026-02-10 08:27:11,307 | INFO | Batch 160 | Loss: 1.1204 | Correct: 78/128 | Elapsed Time: 13.03s
2026-02-10 08:27:24,227 | INFO | Batch 170 | Loss: 0.9422 | Correct: 83/128 | Elapsed Time: 12.92s
2026-02-10 08:27:37,040 | INFO | Batch 180 | Loss: 1.0614 | Correct: 82/128 | Elapsed Time: 12.81s
2026-02-10 08:27:49,938 | INFO | Batch 190 | Loss: 0.9071 | Correct: 89/128 | Elapsed Time: 12.90s
2026-02-10 08:28:02,863 | INFO | Batch 200 | Loss: 1.0000 | Correct: 87/128 | Elapsed Time: 12.93s
2026-02-10 08:28:15,705 | INFO | Batch 210 | Loss: 0.9786 | Correct: 80/128 | Elapsed Time: 12.84s
2026-02-10 08:28:28,543 | INFO | Batch 220 | Loss: 0.9786 | Correct: 85/128 | Elapsed Time: 12.84s
2026-02-10 08:28:41,428 | INFO | Batch 230 | Loss: 1.0443 | Correct: 74/128 | Elapsed Time: 12.89s
2026-02-10 08:28:54,303 | INFO | Batch 240 | Loss: 0.9170 | Correct: 90/128 | Elapsed Time: 12.87s
2026-02-10 08:29:07,168 | INFO | Batch 250 | Loss: 0.9022 | Correct: 91/128 | Elapsed Time: 12.87s
2026-02-10 08:29:20,069 | INFO | Batch 260 | Loss: 1.1084 | Correct: 80/128 | Elapsed Time: 12.90s
2026-02-10 08:29:32,939 | INFO | Batch 270 | Loss: 0.9022 | Correct: 90/128 | Elapsed Time: 12.87s
2026-02-10 08:29:45,742 | INFO | Batch 280 | Loss: 1.0729 | Correct: 76/128 | Elapsed Time: 12.80s
2026-02-10 08:29:58,643 | INFO | Batch 290 | Loss: 1.1024 | Correct: 80/128 | Elapsed Time: 12.90s
2026-02-10 08:30:11,540 | INFO | Batch 300 | Loss: 0.9576 | Correct: 80/128 | Elapsed Time: 12.90s
2026-02-10 08:30:24,279 | INFO | Batch 310 | Loss: 0.9022 | Correct: 87/128 | Elapsed Time: 12.74s
2026-02-10 08:30:37,163 | INFO | Batch 320 | Loss: 1.0274 | Correct: 80/128 | Elapsed Time: 12.88s
2026-02-10 08:30:50,040 | INFO | Batch 330 | Loss: 0.8229 | Correct: 91/128 | Elapsed Time: 12.88s
2026-02-10 08:31:02,887 | INFO | Batch 340 | Loss: 1.0109 | Correct: 85/128 | Elapsed Time: 12.85s
2026-02-10 08:31:15,828 | INFO | Batch 350 | Loss: 0.9680 | Correct: 84/128 | Elapsed Time: 12.94s
2026-02-10 08:31:28,702 | INFO | Batch 360 | Loss: 1.1450 | Correct: 80/128 | Elapsed Time: 12.87s
2026-02-10 08:31:41,673 | INFO | Batch 370 | Loss: 1.1084 | Correct: 77/128 | Elapsed Time: 12.97s
2026-02-10 08:31:54,627 | INFO | Batch 380 | Loss: 0.8364 | Correct: 90/128 | Elapsed Time: 12.95s
2026-02-10 08:32:07,617 | INFO | Batch 390 | Loss: 0.9022 | Correct: 82/128 | Elapsed Time: 12.99s
2026-02-10 08:32:08,651 | INFO | Epoch [60/100] - Loss: 0.9590 | Correct: 32820/50000 (65.64%, 504.07s)
2026-02-10 08:32:54,402 | INFO | Validation - Loss: 1.0364 | Correct: 6384/10000 (63.84%) (45.75s)
2026-02-10 08:33:07,387 | INFO | Batch 10 | Loss: 0.9733 | Correct: 83/128 | Elapsed Time: 12.98s
2026-02-10 08:33:20,242 | INFO | Batch 20 | Loss: 1.2486 | Correct: 75/128 | Elapsed Time: 12.85s
2026-02-10 08:33:33,095 | INFO | Batch 30 | Loss: 0.8781 | Correct: 82/128 | Elapsed Time: 12.85s
2026-02-10 08:33:45,984 | INFO | Batch 40 | Loss: 1.0499 | Correct: 78/128 | Elapsed Time: 12.89s
2026-02-10 08:33:58,760 | INFO | Batch 50 | Loss: 1.0556 | Correct: 80/128 | Elapsed Time: 12.78s
2026-02-10 08:34:11,740 | INFO | Batch 60 | Loss: 0.7669 | Correct: 94/128 | Elapsed Time: 12.98s
2026-02-10 08:34:24,620 | INFO | Batch 70 | Loss: 0.8974 | Correct: 89/128 | Elapsed Time: 12.88s
2026-02-10 08:34:37,325 | INFO | Batch 80 | Loss: 1.0614 | Correct: 82/128 | Elapsed Time: 12.70s
2026-02-10 08:34:50,209 | INFO | Batch 90 | Loss: 0.8409 | Correct: 90/128 | Elapsed Time: 12.88s
2026-02-10 08:35:03,106 | INFO | Batch 100 | Loss: 1.0556 | Correct: 79/128 | Elapsed Time: 12.90s
2026-02-10 08:35:15,931 | INFO | Batch 110 | Loss: 0.9071 | Correct: 88/128 | Elapsed Time: 12.83s
2026-02-10 08:35:28,825 | INFO | Batch 120 | Loss: 1.0556 | Correct: 79/128 | Elapsed Time: 12.89s
2026-02-10 08:35:41,682 | INFO | Batch 130 | Loss: 0.8052 | Correct: 99/128 | Elapsed Time: 12.86s
2026-02-10 08:35:54,454 | INFO | Batch 140 | Loss: 0.7837 | Correct: 92/128 | Elapsed Time: 12.77s
2026-02-10 08:36:07,403 | INFO | Batch 150 | Loss: 0.9680 | Correct: 82/128 | Elapsed Time: 12.95s
2026-02-10 08:36:20,313 | INFO | Batch 160 | Loss: 0.9786 | Correct: 85/128 | Elapsed Time: 12.91s
2026-02-10 08:36:33,054 | INFO | Batch 170 | Loss: 0.9733 | Correct: 90/128 | Elapsed Time: 12.74s
2026-02-10 08:36:45,897 | INFO | Batch 180 | Loss: 0.8925 | Correct: 87/128 | Elapsed Time: 12.84s
2026-02-10 08:36:58,685 | INFO | Batch 190 | Loss: 0.8547 | Correct: 92/128 | Elapsed Time: 12.79s
2026-02-10 08:37:11,510 | INFO | Batch 200 | Loss: 1.2087 | Correct: 79/128 | Elapsed Time: 12.83s
2026-02-10 08:37:24,393 | INFO | Batch 210 | Loss: 0.9946 | Correct: 85/128 | Elapsed Time: 12.88s
2026-02-10 08:37:37,328 | INFO | Batch 220 | Loss: 0.8974 | Correct: 88/128 | Elapsed Time: 12.94s
2026-02-10 08:37:50,135 | INFO | Batch 230 | Loss: 1.0109 | Correct: 84/128 | Elapsed Time: 12.81s
2026-02-10 08:38:03,103 | INFO | Batch 240 | Loss: 0.8974 | Correct: 83/128 | Elapsed Time: 12.97s
2026-02-10 08:38:16,100 | INFO | Batch 250 | Loss: 0.8318 | Correct: 88/128 | Elapsed Time: 13.00s
2026-02-10 08:38:28,936 | INFO | Batch 260 | Loss: 0.9371 | Correct: 79/128 | Elapsed Time: 12.84s
2026-02-10 08:38:41,847 | INFO | Batch 270 | Loss: 0.9422 | Correct: 81/128 | Elapsed Time: 12.91s
2026-02-10 08:38:54,796 | INFO | Batch 280 | Loss: 1.0788 | Correct: 78/128 | Elapsed Time: 12.95s
2026-02-10 08:39:07,690 | INFO | Batch 290 | Loss: 1.0054 | Correct: 82/128 | Elapsed Time: 12.89s
2026-02-10 08:39:20,559 | INFO | Batch 300 | Loss: 1.0109 | Correct: 79/128 | Elapsed Time: 12.87s
2026-02-10 08:39:33,482 | INFO | Batch 310 | Loss: 0.8781 | Correct: 80/128 | Elapsed Time: 12.92s
2026-02-10 08:39:46,351 | INFO | Batch 320 | Loss: 0.7966 | Correct: 90/128 | Elapsed Time: 12.87s
2026-02-10 08:39:59,155 | INFO | Batch 330 | Loss: 0.9170 | Correct: 91/128 | Elapsed Time: 12.80s
2026-02-10 08:40:12,153 | INFO | Batch 340 | Loss: 0.9121 | Correct: 86/128 | Elapsed Time: 13.00s
2026-02-10 08:40:25,093 | INFO | Batch 350 | Loss: 1.0164 | Correct: 84/128 | Elapsed Time: 12.94s
2026-02-10 08:40:37,890 | INFO | Batch 360 | Loss: 0.8687 | Correct: 81/128 | Elapsed Time: 12.80s
2026-02-10 08:40:50,766 | INFO | Batch 370 | Loss: 0.9680 | Correct: 80/128 | Elapsed Time: 12.88s
2026-02-10 08:41:03,769 | INFO | Batch 380 | Loss: 0.9576 | Correct: 83/128 | Elapsed Time: 13.00s
2026-02-10 08:41:16,581 | INFO | Batch 390 | Loss: 0.9170 | Correct: 83/128 | Elapsed Time: 12.81s
2026-02-10 08:41:17,607 | INFO | Epoch [61/100] - Loss: 0.9586 | Correct: 32938/50000 (65.88%, 503.20s)
2026-02-10 08:42:03,755 | INFO | Validation - Loss: 1.0279 | Correct: 6411/10000 (64.11%) (46.15s)
2026-02-10 08:42:16,749 | INFO | Batch 10 | Loss: 0.9422 | Correct: 90/128 | Elapsed Time: 12.99s
2026-02-10 08:42:29,753 | INFO | Batch 20 | Loss: 0.8640 | Correct: 89/128 | Elapsed Time: 13.00s
2026-02-10 08:42:42,406 | INFO | Batch 30 | Loss: 0.9892 | Correct: 84/128 | Elapsed Time: 12.65s
2026-02-10 08:42:55,194 | INFO | Batch 40 | Loss: 0.9422 | Correct: 83/128 | Elapsed Time: 12.79s
2026-02-10 08:43:08,197 | INFO | Batch 50 | Loss: 0.9733 | Correct: 89/128 | Elapsed Time: 13.00s
2026-02-10 08:43:21,113 | INFO | Batch 60 | Loss: 0.8593 | Correct: 93/128 | Elapsed Time: 12.92s
2026-02-10 08:43:33,956 | INFO | Batch 70 | Loss: 0.9170 | Correct: 86/128 | Elapsed Time: 12.84s
2026-02-10 08:43:46,826 | INFO | Batch 80 | Loss: 1.0274 | Correct: 81/128 | Elapsed Time: 12.87s
2026-02-10 08:43:59,838 | INFO | Batch 90 | Loss: 1.0219 | Correct: 82/128 | Elapsed Time: 13.01s
2026-02-10 08:44:12,761 | INFO | Batch 100 | Loss: 0.8052 | Correct: 91/128 | Elapsed Time: 12.92s
2026-02-10 08:44:25,648 | INFO | Batch 110 | Loss: 0.8501 | Correct: 82/128 | Elapsed Time: 12.89s
2026-02-10 08:44:38,526 | INFO | Batch 120 | Loss: 1.0274 | Correct: 82/128 | Elapsed Time: 12.88s
2026-02-10 08:44:51,299 | INFO | Batch 130 | Loss: 0.8925 | Correct: 86/128 | Elapsed Time: 12.77s
2026-02-10 08:45:04,263 | INFO | Batch 140 | Loss: 1.0905 | Correct: 77/128 | Elapsed Time: 12.96s
2026-02-10 08:45:17,188 | INFO | Batch 150 | Loss: 1.0219 | Correct: 84/128 | Elapsed Time: 12.92s
2026-02-10 08:45:29,977 | INFO | Batch 160 | Loss: 1.0219 | Correct: 77/128 | Elapsed Time: 12.79s
2026-02-10 08:45:42,881 | INFO | Batch 170 | Loss: 1.0614 | Correct: 85/128 | Elapsed Time: 12.90s
2026-02-10 08:45:55,743 | INFO | Batch 180 | Loss: 0.8364 | Correct: 88/128 | Elapsed Time: 12.86s
2026-02-10 08:46:08,612 | INFO | Batch 190 | Loss: 1.0274 | Correct: 85/128 | Elapsed Time: 12.87s
2026-02-10 08:46:21,499 | INFO | Batch 200 | Loss: 0.9121 | Correct: 77/128 | Elapsed Time: 12.89s
2026-02-10 08:46:34,411 | INFO | Batch 210 | Loss: 0.9473 | Correct: 80/128 | Elapsed Time: 12.91s
2026-02-10 08:46:47,175 | INFO | Batch 220 | Loss: 1.0614 | Correct: 81/128 | Elapsed Time: 12.76s
2026-02-10 08:47:00,081 | INFO | Batch 230 | Loss: 0.9524 | Correct: 84/128 | Elapsed Time: 12.91s
2026-02-10 08:47:13,029 | INFO | Batch 240 | Loss: 0.9839 | Correct: 81/128 | Elapsed Time: 12.95s
2026-02-10 08:47:25,833 | INFO | Batch 250 | Loss: 1.0671 | Correct: 76/128 | Elapsed Time: 12.80s
2026-02-10 08:47:38,717 | INFO | Batch 260 | Loss: 1.0788 | Correct: 77/128 | Elapsed Time: 12.88s
2026-02-10 08:47:51,595 | INFO | Batch 270 | Loss: 0.8925 | Correct: 87/128 | Elapsed Time: 12.88s
2026-02-10 08:48:04,562 | INFO | Batch 280 | Loss: 0.9786 | Correct: 82/128 | Elapsed Time: 12.97s
2026-02-10 08:48:17,384 | INFO | Batch 290 | Loss: 0.7966 | Correct: 92/128 | Elapsed Time: 12.82s
2026-02-10 08:48:30,251 | INFO | Batch 300 | Loss: 0.9786 | Correct: 81/128 | Elapsed Time: 12.87s
2026-02-10 08:48:43,119 | INFO | Batch 310 | Loss: 0.8184 | Correct: 93/128 | Elapsed Time: 12.87s
2026-02-10 08:48:55,881 | INFO | Batch 320 | Loss: 1.0729 | Correct: 87/128 | Elapsed Time: 12.76s
2026-02-10 08:49:08,796 | INFO | Batch 330 | Loss: 0.7265 | Correct: 98/128 | Elapsed Time: 12.92s
2026-02-10 08:49:21,699 | INFO | Batch 340 | Loss: 0.9371 | Correct: 89/128 | Elapsed Time: 12.90s
2026-02-10 08:49:34,504 | INFO | Batch 350 | Loss: 0.8640 | Correct: 89/128 | Elapsed Time: 12.81s
2026-02-10 08:49:47,407 | INFO | Batch 360 | Loss: 1.1084 | Correct: 79/128 | Elapsed Time: 12.90s
2026-02-10 08:50:00,288 | INFO | Batch 370 | Loss: 0.8877 | Correct: 91/128 | Elapsed Time: 12.88s
2026-02-10 08:50:13,143 | INFO | Batch 380 | Loss: 0.8318 | Correct: 85/128 | Elapsed Time: 12.86s
2026-02-10 08:50:26,041 | INFO | Batch 390 | Loss: 1.0164 | Correct: 79/128 | Elapsed Time: 12.90s
2026-02-10 08:50:27,079 | INFO | Epoch [62/100] - Loss: 0.9569 | Correct: 32901/50000 (65.80%, 503.32s)
2026-02-10 08:51:12,750 | INFO | Validation - Loss: 1.0089 | Correct: 6433/10000 (64.33%) (45.67s)
2026-02-10 08:51:25,638 | INFO | Batch 10 | Loss: 0.9473 | Correct: 82/128 | Elapsed Time: 12.89s
2026-02-10 08:51:38,600 | INFO | Batch 20 | Loss: 0.9733 | Correct: 87/128 | Elapsed Time: 12.96s
2026-02-10 08:51:51,529 | INFO | Batch 30 | Loss: 0.7669 | Correct: 85/128 | Elapsed Time: 12.93s
2026-02-10 08:52:04,469 | INFO | Batch 40 | Loss: 0.8455 | Correct: 93/128 | Elapsed Time: 12.94s
2026-02-10 08:52:17,267 | INFO | Batch 50 | Loss: 0.9524 | Correct: 87/128 | Elapsed Time: 12.80s
2026-02-10 08:52:30,149 | INFO | Batch 60 | Loss: 0.9320 | Correct: 83/128 | Elapsed Time: 12.88s
2026-02-10 08:52:43,023 | INFO | Batch 70 | Loss: 0.9786 | Correct: 88/128 | Elapsed Time: 12.87s
2026-02-10 08:52:55,758 | INFO | Batch 80 | Loss: 0.9892 | Correct: 80/128 | Elapsed Time: 12.73s
2026-02-10 08:53:08,672 | INFO | Batch 90 | Loss: 1.0729 | Correct: 78/128 | Elapsed Time: 12.91s
2026-02-10 08:53:21,540 | INFO | Batch 100 | Loss: 0.8925 | Correct: 86/128 | Elapsed Time: 12.87s
2026-02-10 08:53:34,436 | INFO | Batch 110 | Loss: 0.9680 | Correct: 85/128 | Elapsed Time: 12.90s
2026-02-10 08:53:47,225 | INFO | Batch 120 | Loss: 0.9121 | Correct: 85/128 | Elapsed Time: 12.79s
2026-02-10 08:54:00,061 | INFO | Batch 130 | Loss: 0.8229 | Correct: 92/128 | Elapsed Time: 12.84s
2026-02-10 08:54:12,991 | INFO | Batch 140 | Loss: 0.9680 | Correct: 84/128 | Elapsed Time: 12.93s
2026-02-10 08:54:25,749 | INFO | Batch 150 | Loss: 0.9371 | Correct: 81/128 | Elapsed Time: 12.76s
2026-02-10 08:54:38,700 | INFO | Batch 160 | Loss: 0.8184 | Correct: 90/128 | Elapsed Time: 12.95s
2026-02-10 08:54:51,607 | INFO | Batch 170 | Loss: 0.8318 | Correct: 89/128 | Elapsed Time: 12.91s
2026-02-10 08:55:04,506 | INFO | Batch 180 | Loss: 0.8096 | Correct: 94/128 | Elapsed Time: 12.90s
2026-02-10 08:55:17,388 | INFO | Batch 190 | Loss: 1.0274 | Correct: 84/128 | Elapsed Time: 12.88s
2026-02-10 08:55:30,304 | INFO | Batch 200 | Loss: 0.9524 | Correct: 85/128 | Elapsed Time: 12.92s
2026-02-10 08:55:43,117 | INFO | Batch 210 | Loss: 0.9892 | Correct: 83/128 | Elapsed Time: 12.81s
2026-02-10 08:55:56,028 | INFO | Batch 220 | Loss: 0.9628 | Correct: 82/128 | Elapsed Time: 12.91s
2026-02-10 08:56:08,952 | INFO | Batch 230 | Loss: 1.0729 | Correct: 84/128 | Elapsed Time: 12.92s
2026-02-10 08:56:21,780 | INFO | Batch 240 | Loss: 1.0219 | Correct: 82/128 | Elapsed Time: 12.83s
2026-02-10 08:56:34,658 | INFO | Batch 250 | Loss: 1.0671 | Correct: 78/128 | Elapsed Time: 12.88s
2026-02-10 08:56:47,511 | INFO | Batch 260 | Loss: 0.7795 | Correct: 96/128 | Elapsed Time: 12.85s
2026-02-10 08:57:00,304 | INFO | Batch 270 | Loss: 0.8501 | Correct: 91/128 | Elapsed Time: 12.79s
2026-02-10 08:57:13,247 | INFO | Batch 280 | Loss: 0.7753 | Correct: 94/128 | Elapsed Time: 12.94s
2026-02-10 08:57:26,108 | INFO | Batch 290 | Loss: 0.9473 | Correct: 93/128 | Elapsed Time: 12.86s
2026-02-10 08:57:38,878 | INFO | Batch 300 | Loss: 1.0386 | Correct: 76/128 | Elapsed Time: 12.77s
2026-02-10 08:57:51,751 | INFO | Batch 310 | Loss: 0.9422 | Correct: 89/128 | Elapsed Time: 12.87s
2026-02-10 08:58:04,664 | INFO | Batch 320 | Loss: 0.9121 | Correct: 86/128 | Elapsed Time: 12.91s
2026-02-10 08:58:17,517 | INFO | Batch 330 | Loss: 0.9320 | Correct: 87/128 | Elapsed Time: 12.85s
2026-02-10 08:58:30,276 | INFO | Batch 340 | Loss: 0.9628 | Correct: 86/128 | Elapsed Time: 12.76s
2026-02-10 08:58:43,158 | INFO | Batch 350 | Loss: 0.9946 | Correct: 71/128 | Elapsed Time: 12.88s
2026-02-10 08:58:56,025 | INFO | Batch 360 | Loss: 0.9524 | Correct: 89/128 | Elapsed Time: 12.87s
2026-02-10 08:59:08,850 | INFO | Batch 370 | Loss: 1.1637 | Correct: 75/128 | Elapsed Time: 12.83s
2026-02-10 08:59:21,563 | INFO | Batch 380 | Loss: 0.8974 | Correct: 80/128 | Elapsed Time: 12.71s
2026-02-10 08:59:34,408 | INFO | Batch 390 | Loss: 0.9422 | Correct: 87/128 | Elapsed Time: 12.85s
2026-02-10 08:59:35,443 | INFO | Epoch [63/100] - Loss: 0.9532 | Correct: 32927/50000 (65.85%, 502.69s)
2026-02-10 09:00:20,414 | INFO | Validation - Loss: 1.0277 | Correct: 6416/10000 (64.16%) (44.97s)
2026-02-10 09:00:33,061 | INFO | Batch 10 | Loss: 0.9892 | Correct: 85/128 | Elapsed Time: 12.65s
2026-02-10 09:00:45,785 | INFO | Batch 20 | Loss: 0.8455 | Correct: 88/128 | Elapsed Time: 12.72s
2026-02-10 09:00:58,549 | INFO | Batch 30 | Loss: 0.8318 | Correct: 88/128 | Elapsed Time: 12.76s
2026-02-10 09:01:11,392 | INFO | Batch 40 | Loss: 1.0164 | Correct: 81/128 | Elapsed Time: 12.84s
2026-02-10 09:01:24,274 | INFO | Batch 50 | Loss: 0.8547 | Correct: 92/128 | Elapsed Time: 12.88s
2026-02-10 09:01:37,283 | INFO | Batch 60 | Loss: 0.9524 | Correct: 84/128 | Elapsed Time: 13.01s
2026-02-10 09:01:50,223 | INFO | Batch 70 | Loss: 0.8974 | Correct: 87/128 | Elapsed Time: 12.94s
2026-02-10 09:02:03,147 | INFO | Batch 80 | Loss: 0.9270 | Correct: 85/128 | Elapsed Time: 12.92s
2026-02-10 09:02:16,048 | INFO | Batch 90 | Loss: 0.9371 | Correct: 81/128 | Elapsed Time: 12.90s
2026-02-10 09:02:28,817 | INFO | Batch 100 | Loss: 0.8734 | Correct: 90/128 | Elapsed Time: 12.77s
2026-02-10 09:02:41,698 | INFO | Batch 110 | Loss: 0.8318 | Correct: 88/128 | Elapsed Time: 12.88s
2026-02-10 09:02:54,602 | INFO | Batch 120 | Loss: 0.8318 | Correct: 87/128 | Elapsed Time: 12.90s
2026-02-10 09:03:07,501 | INFO | Batch 130 | Loss: 0.8974 | Correct: 81/128 | Elapsed Time: 12.90s
2026-02-10 09:03:20,419 | INFO | Batch 140 | Loss: 1.0788 | Correct: 84/128 | Elapsed Time: 12.92s
2026-02-10 09:03:33,276 | INFO | Batch 150 | Loss: 0.9220 | Correct: 85/128 | Elapsed Time: 12.86s
2026-02-10 09:03:46,061 | INFO | Batch 160 | Loss: 0.9946 | Correct: 88/128 | Elapsed Time: 12.78s
2026-02-10 09:03:58,937 | INFO | Batch 170 | Loss: 1.0905 | Correct: 79/128 | Elapsed Time: 12.88s
2026-02-10 09:04:11,899 | INFO | Batch 180 | Loss: 1.0274 | Correct: 77/128 | Elapsed Time: 12.96s
2026-02-10 09:04:24,639 | INFO | Batch 190 | Loss: 1.0219 | Correct: 83/128 | Elapsed Time: 12.74s
2026-02-10 09:04:37,520 | INFO | Batch 200 | Loss: 0.8640 | Correct: 92/128 | Elapsed Time: 12.88s
2026-02-10 09:04:50,421 | INFO | Batch 210 | Loss: 0.9022 | Correct: 86/128 | Elapsed Time: 12.90s
2026-02-10 09:05:03,330 | INFO | Batch 220 | Loss: 0.9320 | Correct: 80/128 | Elapsed Time: 12.91s
2026-02-10 09:05:16,121 | INFO | Batch 230 | Loss: 0.8593 | Correct: 91/128 | Elapsed Time: 12.79s
2026-02-10 09:05:28,997 | INFO | Batch 240 | Loss: 0.9473 | Correct: 84/128 | Elapsed Time: 12.88s
2026-02-10 09:05:41,864 | INFO | Batch 250 | Loss: 1.0164 | Correct: 82/128 | Elapsed Time: 12.87s
2026-02-10 09:05:54,676 | INFO | Batch 260 | Loss: 0.8140 | Correct: 92/128 | Elapsed Time: 12.81s
2026-02-10 09:06:07,625 | INFO | Batch 270 | Loss: 1.0164 | Correct: 79/128 | Elapsed Time: 12.95s
2026-02-10 09:06:20,490 | INFO | Batch 280 | Loss: 1.0054 | Correct: 82/128 | Elapsed Time: 12.87s
2026-02-10 09:06:33,233 | INFO | Batch 290 | Loss: 1.0164 | Correct: 89/128 | Elapsed Time: 12.74s
2026-02-10 09:06:46,176 | INFO | Batch 300 | Loss: 1.1388 | Correct: 73/128 | Elapsed Time: 12.94s
2026-02-10 09:06:59,099 | INFO | Batch 310 | Loss: 0.8052 | Correct: 94/128 | Elapsed Time: 12.92s
2026-02-10 09:07:11,998 | INFO | Batch 320 | Loss: 1.0964 | Correct: 74/128 | Elapsed Time: 12.90s
2026-02-10 09:07:24,958 | INFO | Batch 330 | Loss: 0.8052 | Correct: 90/128 | Elapsed Time: 12.96s
2026-02-10 09:07:37,909 | INFO | Batch 340 | Loss: 1.1204 | Correct: 73/128 | Elapsed Time: 12.95s
2026-02-10 09:07:50,735 | INFO | Batch 350 | Loss: 0.7546 | Correct: 98/128 | Elapsed Time: 12.83s
2026-02-10 09:08:03,749 | INFO | Batch 360 | Loss: 0.7966 | Correct: 88/128 | Elapsed Time: 13.01s
2026-02-10 09:08:16,562 | INFO | Batch 370 | Loss: 0.8273 | Correct: 94/128 | Elapsed Time: 12.81s
2026-02-10 09:08:29,368 | INFO | Batch 380 | Loss: 1.1204 | Correct: 81/128 | Elapsed Time: 12.81s
2026-02-10 09:08:42,345 | INFO | Batch 390 | Loss: 1.0274 | Correct: 76/128 | Elapsed Time: 12.98s
2026-02-10 09:08:43,373 | INFO | Epoch [64/100] - Loss: 0.9455 | Correct: 33113/50000 (66.23%, 502.96s)
2026-02-10 09:09:29,227 | INFO | Validation - Loss: 1.0188 | Correct: 6440/10000 (64.40%) (45.85s)
2026-02-10 09:09:42,165 | INFO | Batch 10 | Loss: 0.7669 | Correct: 90/128 | Elapsed Time: 12.94s
2026-02-10 09:09:55,136 | INFO | Batch 20 | Loss: 0.9524 | Correct: 91/128 | Elapsed Time: 12.97s
2026-02-10 09:10:08,054 | INFO | Batch 30 | Loss: 0.9892 | Correct: 79/128 | Elapsed Time: 12.92s
2026-02-10 09:10:21,008 | INFO | Batch 40 | Loss: 0.7795 | Correct: 88/128 | Elapsed Time: 12.95s
2026-02-10 09:10:33,989 | INFO | Batch 50 | Loss: 1.0386 | Correct: 84/128 | Elapsed Time: 12.98s
2026-02-10 09:10:46,841 | INFO | Batch 60 | Loss: 0.9628 | Correct: 84/128 | Elapsed Time: 12.85s
2026-02-10 09:10:59,805 | INFO | Batch 70 | Loss: 1.0330 | Correct: 77/128 | Elapsed Time: 12.96s
2026-02-10 09:11:12,858 | INFO | Batch 80 | Loss: 0.8455 | Correct: 85/128 | Elapsed Time: 13.05s
2026-02-10 09:11:25,654 | INFO | Batch 90 | Loss: 0.9270 | Correct: 88/128 | Elapsed Time: 12.80s
2026-02-10 09:11:38,640 | INFO | Batch 100 | Loss: 1.0846 | Correct: 82/128 | Elapsed Time: 12.99s
2026-02-10 09:11:51,716 | INFO | Batch 110 | Loss: 0.9892 | Correct: 85/128 | Elapsed Time: 13.08s
2026-02-10 09:12:04,631 | INFO | Batch 120 | Loss: 1.2352 | Correct: 70/128 | Elapsed Time: 12.91s
2026-02-10 09:12:17,552 | INFO | Batch 130 | Loss: 0.8781 | Correct: 84/128 | Elapsed Time: 12.92s
2026-02-10 09:12:30,457 | INFO | Batch 140 | Loss: 0.7837 | Correct: 94/128 | Elapsed Time: 12.90s
2026-02-10 09:12:43,287 | INFO | Batch 150 | Loss: 0.8687 | Correct: 83/128 | Elapsed Time: 12.83s
2026-02-10 09:12:56,200 | INFO | Batch 160 | Loss: 1.0219 | Correct: 86/128 | Elapsed Time: 12.91s
2026-02-10 09:13:09,178 | INFO | Batch 170 | Loss: 0.9220 | Correct: 81/128 | Elapsed Time: 12.98s
2026-02-10 09:13:21,920 | INFO | Batch 180 | Loss: 1.0109 | Correct: 84/128 | Elapsed Time: 12.74s
2026-02-10 09:13:34,850 | INFO | Batch 190 | Loss: 0.9220 | Correct: 92/128 | Elapsed Time: 12.93s
2026-02-10 09:13:47,783 | INFO | Batch 200 | Loss: 0.8593 | Correct: 94/128 | Elapsed Time: 12.93s
2026-02-10 09:14:00,608 | INFO | Batch 210 | Loss: 1.0054 | Correct: 87/128 | Elapsed Time: 12.82s
2026-02-10 09:14:13,611 | INFO | Batch 220 | Loss: 0.8877 | Correct: 85/128 | Elapsed Time: 13.00s
2026-02-10 09:14:26,518 | INFO | Batch 230 | Loss: 1.0330 | Correct: 81/128 | Elapsed Time: 12.91s
2026-02-10 09:14:39,319 | INFO | Batch 240 | Loss: 0.8184 | Correct: 91/128 | Elapsed Time: 12.80s
2026-02-10 09:14:52,214 | INFO | Batch 250 | Loss: 0.8184 | Correct: 85/128 | Elapsed Time: 12.89s
2026-02-10 09:15:05,175 | INFO | Batch 260 | Loss: 0.9320 | Correct: 81/128 | Elapsed Time: 12.96s
2026-02-10 09:15:17,967 | INFO | Batch 270 | Loss: 0.8364 | Correct: 94/128 | Elapsed Time: 12.79s
2026-02-10 09:15:30,836 | INFO | Batch 280 | Loss: 0.9786 | Correct: 85/128 | Elapsed Time: 12.87s
2026-02-10 09:15:43,589 | INFO | Batch 290 | Loss: 0.8925 | Correct: 85/128 | Elapsed Time: 12.75s
2026-02-10 09:15:56,471 | INFO | Batch 300 | Loss: 0.9071 | Correct: 93/128 | Elapsed Time: 12.88s
2026-02-10 09:16:09,292 | INFO | Batch 310 | Loss: 1.0846 | Correct: 80/128 | Elapsed Time: 12.82s
2026-02-10 09:16:22,149 | INFO | Batch 320 | Loss: 0.8829 | Correct: 84/128 | Elapsed Time: 12.86s
2026-02-10 09:16:35,007 | INFO | Batch 330 | Loss: 1.0443 | Correct: 86/128 | Elapsed Time: 12.86s
2026-02-10 09:16:47,743 | INFO | Batch 340 | Loss: 0.8781 | Correct: 88/128 | Elapsed Time: 12.74s
2026-02-10 09:17:00,644 | INFO | Batch 350 | Loss: 1.0054 | Correct: 76/128 | Elapsed Time: 12.90s
2026-02-10 09:17:13,666 | INFO | Batch 360 | Loss: 0.9170 | Correct: 85/128 | Elapsed Time: 13.02s
2026-02-10 09:17:26,479 | INFO | Batch 370 | Loss: 0.7753 | Correct: 92/128 | Elapsed Time: 12.81s
2026-02-10 09:17:39,365 | INFO | Batch 380 | Loss: 0.8640 | Correct: 89/128 | Elapsed Time: 12.89s
2026-02-10 09:17:52,270 | INFO | Batch 390 | Loss: 0.7880 | Correct: 95/128 | Elapsed Time: 12.91s
2026-02-10 09:17:53,282 | INFO | Epoch [65/100] - Loss: 0.9457 | Correct: 33096/50000 (66.19%, 504.05s)
2026-02-10 09:18:39,052 | INFO | Validation - Loss: 1.0308 | Correct: 6414/10000 (64.14%) (45.77s)
2026-02-10 09:18:51,933 | INFO | Batch 10 | Loss: 1.0443 | Correct: 74/128 | Elapsed Time: 12.88s
2026-02-10 09:19:04,764 | INFO | Batch 20 | Loss: 0.8925 | Correct: 90/128 | Elapsed Time: 12.83s
2026-02-10 09:19:17,646 | INFO | Batch 30 | Loss: 0.9524 | Correct: 85/128 | Elapsed Time: 12.88s
2026-02-10 09:19:30,529 | INFO | Batch 40 | Loss: 0.9786 | Correct: 89/128 | Elapsed Time: 12.88s
2026-02-10 09:19:43,312 | INFO | Batch 50 | Loss: 0.8734 | Correct: 87/128 | Elapsed Time: 12.78s
2026-02-10 09:19:56,160 | INFO | Batch 60 | Loss: 1.2419 | Correct: 78/128 | Elapsed Time: 12.85s
2026-02-10 09:20:09,147 | INFO | Batch 70 | Loss: 0.8925 | Correct: 89/128 | Elapsed Time: 12.99s
2026-02-10 09:20:21,957 | INFO | Batch 80 | Loss: 0.8640 | Correct: 89/128 | Elapsed Time: 12.81s
2026-02-10 09:20:34,845 | INFO | Batch 90 | Loss: 0.9022 | Correct: 89/128 | Elapsed Time: 12.89s
2026-02-10 09:20:47,703 | INFO | Batch 100 | Loss: 0.9022 | Correct: 79/128 | Elapsed Time: 12.86s
2026-02-10 09:21:00,449 | INFO | Batch 110 | Loss: 0.9892 | Correct: 87/128 | Elapsed Time: 12.75s
2026-02-10 09:21:13,408 | INFO | Batch 120 | Loss: 0.9892 | Correct: 85/128 | Elapsed Time: 12.96s
2026-02-10 09:21:26,354 | INFO | Batch 130 | Loss: 0.8547 | Correct: 91/128 | Elapsed Time: 12.95s
2026-02-10 09:21:39,359 | INFO | Batch 140 | Loss: 0.8925 | Correct: 88/128 | Elapsed Time: 13.01s
2026-02-10 09:21:52,394 | INFO | Batch 150 | Loss: 1.0614 | Correct: 80/128 | Elapsed Time: 13.03s
2026-02-10 09:22:05,362 | INFO | Batch 160 | Loss: 0.8593 | Correct: 87/128 | Elapsed Time: 12.97s
2026-02-10 09:22:18,151 | INFO | Batch 170 | Loss: 1.1892 | Correct: 74/128 | Elapsed Time: 12.79s
2026-02-10 09:22:31,076 | INFO | Batch 180 | Loss: 0.9422 | Correct: 85/128 | Elapsed Time: 12.93s
2026-02-10 09:22:43,973 | INFO | Batch 190 | Loss: 0.9170 | Correct: 82/128 | Elapsed Time: 12.90s
2026-02-10 09:22:56,724 | INFO | Batch 200 | Loss: 0.9422 | Correct: 89/128 | Elapsed Time: 12.75s
2026-02-10 09:23:09,663 | INFO | Batch 210 | Loss: 0.9270 | Correct: 84/128 | Elapsed Time: 12.94s
2026-02-10 09:23:22,580 | INFO | Batch 220 | Loss: 1.0788 | Correct: 75/128 | Elapsed Time: 12.92s
2026-02-10 09:23:35,377 | INFO | Batch 230 | Loss: 0.9680 | Correct: 80/128 | Elapsed Time: 12.80s
2026-02-10 09:23:48,117 | INFO | Batch 240 | Loss: 0.9022 | Correct: 82/128 | Elapsed Time: 12.74s
2026-02-10 09:24:00,949 | INFO | Batch 250 | Loss: 0.8925 | Correct: 88/128 | Elapsed Time: 12.83s
2026-02-10 09:24:13,937 | INFO | Batch 260 | Loss: 1.0443 | Correct: 87/128 | Elapsed Time: 12.99s
2026-02-10 09:24:26,754 | INFO | Batch 270 | Loss: 1.0671 | Correct: 83/128 | Elapsed Time: 12.82s
2026-02-10 09:24:39,660 | INFO | Batch 280 | Loss: 0.8781 | Correct: 88/128 | Elapsed Time: 12.91s
2026-02-10 09:24:52,562 | INFO | Batch 290 | Loss: 0.8734 | Correct: 87/128 | Elapsed Time: 12.90s
2026-02-10 09:25:05,430 | INFO | Batch 300 | Loss: 1.0556 | Correct: 86/128 | Elapsed Time: 12.87s
2026-02-10 09:25:18,325 | INFO | Batch 310 | Loss: 1.0109 | Correct: 78/128 | Elapsed Time: 12.89s
2026-02-10 09:25:31,242 | INFO | Batch 320 | Loss: 0.9022 | Correct: 85/128 | Elapsed Time: 12.92s
2026-02-10 09:25:44,046 | INFO | Batch 330 | Loss: 0.7880 | Correct: 92/128 | Elapsed Time: 12.80s
2026-02-10 09:25:56,906 | INFO | Batch 340 | Loss: 1.2152 | Correct: 75/128 | Elapsed Time: 12.86s
2026-02-10 09:26:09,958 | INFO | Batch 350 | Loss: 0.9071 | Correct: 89/128 | Elapsed Time: 13.05s
2026-02-10 09:26:22,746 | INFO | Batch 360 | Loss: 1.0219 | Correct: 78/128 | Elapsed Time: 12.79s
2026-02-10 09:26:35,648 | INFO | Batch 370 | Loss: 0.9892 | Correct: 83/128 | Elapsed Time: 12.90s
2026-02-10 09:26:48,596 | INFO | Batch 380 | Loss: 0.9371 | Correct: 83/128 | Elapsed Time: 12.95s
2026-02-10 09:27:01,383 | INFO | Batch 390 | Loss: 0.6662 | Correct: 96/128 | Elapsed Time: 12.79s
2026-02-10 09:27:02,418 | INFO | Epoch [66/100] - Loss: 0.9450 | Correct: 33170/50000 (66.34%, 503.36s)
2026-02-10 09:27:48,423 | INFO | Validation - Loss: 1.0328 | Correct: 6406/10000 (64.06%) (46.00s)
2026-02-10 09:28:01,275 | INFO | Batch 10 | Loss: 0.9628 | Correct: 82/128 | Elapsed Time: 12.85s
2026-02-10 09:28:14,266 | INFO | Batch 20 | Loss: 0.8229 | Correct: 92/128 | Elapsed Time: 12.99s
2026-02-10 09:28:27,184 | INFO | Batch 30 | Loss: 0.8501 | Correct: 87/128 | Elapsed Time: 12.92s
2026-02-10 09:28:39,973 | INFO | Batch 40 | Loss: 1.0671 | Correct: 76/128 | Elapsed Time: 12.79s
2026-02-10 09:28:52,880 | INFO | Batch 50 | Loss: 0.9733 | Correct: 85/128 | Elapsed Time: 12.91s
2026-02-10 09:29:05,925 | INFO | Batch 60 | Loss: 1.0330 | Correct: 82/128 | Elapsed Time: 13.05s
2026-02-10 09:29:18,770 | INFO | Batch 70 | Loss: 0.9892 | Correct: 81/128 | Elapsed Time: 12.84s
2026-02-10 09:29:31,715 | INFO | Batch 80 | Loss: 1.0386 | Correct: 84/128 | Elapsed Time: 12.94s
2026-02-10 09:29:44,635 | INFO | Batch 90 | Loss: 1.0054 | Correct: 84/128 | Elapsed Time: 12.92s
2026-02-10 09:29:57,484 | INFO | Batch 100 | Loss: 0.7628 | Correct: 91/128 | Elapsed Time: 12.85s
2026-02-10 09:30:10,457 | INFO | Batch 110 | Loss: 0.9220 | Correct: 79/128 | Elapsed Time: 12.97s
2026-02-10 09:30:23,403 | INFO | Batch 120 | Loss: 0.7305 | Correct: 101/128 | Elapsed Time: 12.95s
2026-02-10 09:30:36,266 | INFO | Batch 130 | Loss: 1.1084 | Correct: 79/128 | Elapsed Time: 12.86s
2026-02-10 09:30:49,206 | INFO | Batch 140 | Loss: 0.9473 | Correct: 84/128 | Elapsed Time: 12.94s
2026-02-10 09:31:02,170 | INFO | Batch 150 | Loss: 1.0219 | Correct: 78/128 | Elapsed Time: 12.96s
2026-02-10 09:31:15,149 | INFO | Batch 160 | Loss: 0.9524 | Correct: 86/128 | Elapsed Time: 12.98s
2026-02-10 09:31:28,022 | INFO | Batch 170 | Loss: 0.8409 | Correct: 89/128 | Elapsed Time: 12.87s
2026-02-10 09:31:41,142 | INFO | Batch 180 | Loss: 0.9320 | Correct: 87/128 | Elapsed Time: 13.12s
2026-02-10 09:31:54,019 | INFO | Batch 190 | Loss: 0.9576 | Correct: 88/128 | Elapsed Time: 12.88s
2026-02-10 09:32:06,939 | INFO | Batch 200 | Loss: 0.8687 | Correct: 87/128 | Elapsed Time: 12.92s
2026-02-10 09:32:19,882 | INFO | Batch 210 | Loss: 1.1204 | Correct: 76/128 | Elapsed Time: 12.94s
2026-02-10 09:32:32,840 | INFO | Batch 220 | Loss: 1.0164 | Correct: 79/128 | Elapsed Time: 12.96s
2026-02-10 09:32:45,725 | INFO | Batch 230 | Loss: 0.9170 | Correct: 88/128 | Elapsed Time: 12.88s
2026-02-10 09:32:58,659 | INFO | Batch 240 | Loss: 1.0109 | Correct: 82/128 | Elapsed Time: 12.93s
2026-02-10 09:33:11,646 | INFO | Batch 250 | Loss: 1.0219 | Correct: 81/128 | Elapsed Time: 12.99s
2026-02-10 09:33:24,386 | INFO | Batch 260 | Loss: 1.1574 | Correct: 75/128 | Elapsed Time: 12.74s
2026-02-10 09:33:37,333 | INFO | Batch 270 | Loss: 0.8547 | Correct: 87/128 | Elapsed Time: 12.95s
2026-02-10 09:33:50,245 | INFO | Batch 280 | Loss: 1.2352 | Correct: 77/128 | Elapsed Time: 12.91s
2026-02-10 09:34:03,053 | INFO | Batch 290 | Loss: 0.8974 | Correct: 91/128 | Elapsed Time: 12.81s
2026-02-10 09:34:15,971 | INFO | Batch 300 | Loss: 0.9170 | Correct: 89/128 | Elapsed Time: 12.92s
2026-02-10 09:34:28,860 | INFO | Batch 310 | Loss: 0.9320 | Correct: 88/128 | Elapsed Time: 12.89s
2026-02-10 09:34:41,694 | INFO | Batch 320 | Loss: 1.0330 | Correct: 90/128 | Elapsed Time: 12.83s
2026-02-10 09:34:54,584 | INFO | Batch 330 | Loss: 0.9946 | Correct: 82/128 | Elapsed Time: 12.89s
2026-02-10 09:35:07,575 | INFO | Batch 340 | Loss: 0.9839 | Correct: 86/128 | Elapsed Time: 12.99s
2026-02-10 09:35:20,363 | INFO | Batch 350 | Loss: 1.0054 | Correct: 85/128 | Elapsed Time: 12.79s
2026-02-10 09:35:33,222 | INFO | Batch 360 | Loss: 0.8501 | Correct: 89/128 | Elapsed Time: 12.86s
2026-02-10 09:35:46,092 | INFO | Batch 370 | Loss: 0.8734 | Correct: 88/128 | Elapsed Time: 12.87s
2026-02-10 09:35:58,871 | INFO | Batch 380 | Loss: 0.8455 | Correct: 92/128 | Elapsed Time: 12.78s
2026-02-10 09:36:11,916 | INFO | Batch 390 | Loss: 1.0219 | Correct: 76/128 | Elapsed Time: 13.04s
2026-02-10 09:36:12,933 | INFO | Epoch [67/100] - Loss: 0.9504 | Correct: 33042/50000 (66.08%, 504.51s)
2026-02-10 09:36:58,654 | INFO | Validation - Loss: 1.0233 | Correct: 6441/10000 (64.41%) (45.72s)
2026-02-10 09:37:11,604 | INFO | Batch 10 | Loss: 0.9071 | Correct: 88/128 | Elapsed Time: 12.95s
2026-02-10 09:37:24,455 | INFO | Batch 20 | Loss: 1.0905 | Correct: 78/128 | Elapsed Time: 12.85s
2026-02-10 09:37:37,206 | INFO | Batch 30 | Loss: 1.0964 | Correct: 86/128 | Elapsed Time: 12.75s
2026-02-10 09:37:50,048 | INFO | Batch 40 | Loss: 0.9473 | Correct: 91/128 | Elapsed Time: 12.84s
2026-02-10 09:38:02,925 | INFO | Batch 50 | Loss: 0.7265 | Correct: 91/128 | Elapsed Time: 12.88s
2026-02-10 09:38:15,778 | INFO | Batch 60 | Loss: 0.7226 | Correct: 91/128 | Elapsed Time: 12.85s
2026-02-10 09:38:28,676 | INFO | Batch 70 | Loss: 0.8009 | Correct: 91/128 | Elapsed Time: 12.90s
2026-02-10 09:38:41,561 | INFO | Batch 80 | Loss: 0.8974 | Correct: 92/128 | Elapsed Time: 12.88s
2026-02-10 09:38:54,315 | INFO | Batch 90 | Loss: 0.9628 | Correct: 82/128 | Elapsed Time: 12.75s
2026-02-10 09:39:07,233 | INFO | Batch 100 | Loss: 0.9628 | Correct: 85/128 | Elapsed Time: 12.92s
2026-02-10 09:39:20,081 | INFO | Batch 110 | Loss: 0.8273 | Correct: 95/128 | Elapsed Time: 12.85s
2026-02-10 09:39:32,850 | INFO | Batch 120 | Loss: 0.8273 | Correct: 92/128 | Elapsed Time: 12.77s
2026-02-10 09:39:45,771 | INFO | Batch 130 | Loss: 1.1388 | Correct: 80/128 | Elapsed Time: 12.92s
2026-02-10 09:39:58,668 | INFO | Batch 140 | Loss: 1.0905 | Correct: 74/128 | Elapsed Time: 12.90s
2026-02-10 09:40:11,500 | INFO | Batch 150 | Loss: 0.9170 | Correct: 80/128 | Elapsed Time: 12.83s
2026-02-10 09:40:24,244 | INFO | Batch 160 | Loss: 0.9121 | Correct: 82/128 | Elapsed Time: 12.74s
2026-02-10 09:40:37,117 | INFO | Batch 170 | Loss: 1.0499 | Correct: 84/128 | Elapsed Time: 12.87s
2026-02-10 09:40:49,872 | INFO | Batch 180 | Loss: 1.0443 | Correct: 83/128 | Elapsed Time: 12.76s
2026-02-10 09:41:02,743 | INFO | Batch 190 | Loss: 0.9270 | Correct: 87/128 | Elapsed Time: 12.87s
2026-02-10 09:41:15,615 | INFO | Batch 200 | Loss: 1.0443 | Correct: 81/128 | Elapsed Time: 12.87s
2026-02-10 09:41:28,375 | INFO | Batch 210 | Loss: 1.1388 | Correct: 79/128 | Elapsed Time: 12.76s
2026-02-10 09:41:41,427 | INFO | Batch 220 | Loss: 0.9320 | Correct: 83/128 | Elapsed Time: 13.05s
2026-02-10 09:41:54,314 | INFO | Batch 230 | Loss: 0.9071 | Correct: 86/128 | Elapsed Time: 12.89s
2026-02-10 09:42:07,293 | INFO | Batch 240 | Loss: 0.9422 | Correct: 90/128 | Elapsed Time: 12.98s
2026-02-10 09:42:20,097 | INFO | Batch 250 | Loss: 1.0846 | Correct: 77/128 | Elapsed Time: 12.80s
2026-02-10 09:42:32,966 | INFO | Batch 260 | Loss: 0.9576 | Correct: 83/128 | Elapsed Time: 12.87s
2026-02-10 09:42:45,873 | INFO | Batch 270 | Loss: 0.9170 | Correct: 86/128 | Elapsed Time: 12.91s
2026-02-10 09:42:58,655 | INFO | Batch 280 | Loss: 0.8974 | Correct: 80/128 | Elapsed Time: 12.78s
2026-02-10 09:43:11,619 | INFO | Batch 290 | Loss: 0.8273 | Correct: 94/128 | Elapsed Time: 12.96s
2026-02-10 09:43:24,431 | INFO | Batch 300 | Loss: 1.0499 | Correct: 76/128 | Elapsed Time: 12.81s
2026-02-10 09:43:37,191 | INFO | Batch 310 | Loss: 0.9892 | Correct: 77/128 | Elapsed Time: 12.76s
2026-02-10 09:43:50,040 | INFO | Batch 320 | Loss: 1.0164 | Correct: 78/128 | Elapsed Time: 12.85s
2026-02-10 09:44:02,895 | INFO | Batch 330 | Loss: 0.9733 | Correct: 80/128 | Elapsed Time: 12.85s
2026-02-10 09:44:15,696 | INFO | Batch 340 | Loss: 1.0729 | Correct: 78/128 | Elapsed Time: 12.80s
2026-02-10 09:44:28,591 | INFO | Batch 350 | Loss: 0.8547 | Correct: 89/128 | Elapsed Time: 12.90s
2026-02-10 09:44:41,482 | INFO | Batch 360 | Loss: 1.1084 | Correct: 70/128 | Elapsed Time: 12.89s
2026-02-10 09:44:54,278 | INFO | Batch 370 | Loss: 0.8974 | Correct: 83/128 | Elapsed Time: 12.80s
2026-02-10 09:45:07,276 | INFO | Batch 380 | Loss: 0.8547 | Correct: 88/128 | Elapsed Time: 13.00s
2026-02-10 09:45:20,127 | INFO | Batch 390 | Loss: 0.7880 | Correct: 88/128 | Elapsed Time: 12.85s
2026-02-10 09:45:21,158 | INFO | Epoch [68/100] - Loss: 0.9470 | Correct: 33012/50000 (66.02%, 502.50s)
2026-02-10 09:46:06,873 | INFO | Validation - Loss: 0.9995 | Correct: 6483/10000 (64.83%) (45.71s)
2026-02-10 09:46:19,678 | INFO | Batch 10 | Loss: 1.0274 | Correct: 86/128 | Elapsed Time: 12.80s
2026-02-10 09:46:32,521 | INFO | Batch 20 | Loss: 1.0671 | Correct: 81/128 | Elapsed Time: 12.84s
2026-02-10 09:46:45,432 | INFO | Batch 30 | Loss: 0.9628 | Correct: 84/128 | Elapsed Time: 12.91s
2026-02-10 09:46:58,283 | INFO | Batch 40 | Loss: 0.9680 | Correct: 83/128 | Elapsed Time: 12.85s
2026-02-10 09:47:11,167 | INFO | Batch 50 | Loss: 0.8455 | Correct: 89/128 | Elapsed Time: 12.88s
2026-02-10 09:47:24,096 | INFO | Batch 60 | Loss: 0.8925 | Correct: 92/128 | Elapsed Time: 12.93s
2026-02-10 09:47:36,991 | INFO | Batch 70 | Loss: 0.9170 | Correct: 81/128 | Elapsed Time: 12.89s
2026-02-10 09:47:49,776 | INFO | Batch 80 | Loss: 0.9576 | Correct: 80/128 | Elapsed Time: 12.78s
2026-02-10 09:48:02,702 | INFO | Batch 90 | Loss: 1.0330 | Correct: 85/128 | Elapsed Time: 12.93s
2026-02-10 09:48:15,612 | INFO | Batch 100 | Loss: 0.7966 | Correct: 90/128 | Elapsed Time: 12.91s
2026-02-10 09:48:28,316 | INFO | Batch 110 | Loss: 0.9839 | Correct: 85/128 | Elapsed Time: 12.70s
2026-02-10 09:48:41,156 | INFO | Batch 120 | Loss: 1.0846 | Correct: 85/128 | Elapsed Time: 12.84s
2026-02-10 09:48:54,050 | INFO | Batch 130 | Loss: 1.0000 | Correct: 81/128 | Elapsed Time: 12.89s
2026-02-10 09:49:06,883 | INFO | Batch 140 | Loss: 0.9071 | Correct: 88/128 | Elapsed Time: 12.83s
2026-02-10 09:49:19,781 | INFO | Batch 150 | Loss: 0.9576 | Correct: 81/128 | Elapsed Time: 12.90s
2026-02-10 09:49:32,661 | INFO | Batch 160 | Loss: 1.0330 | Correct: 84/128 | Elapsed Time: 12.88s
2026-02-10 09:49:45,439 | INFO | Batch 170 | Loss: 0.9946 | Correct: 81/128 | Elapsed Time: 12.78s
2026-02-10 09:49:58,338 | INFO | Batch 180 | Loss: 0.9422 | Correct: 88/128 | Elapsed Time: 12.90s
2026-02-10 09:50:11,299 | INFO | Batch 190 | Loss: 1.0386 | Correct: 84/128 | Elapsed Time: 12.96s
2026-02-10 09:50:24,076 | INFO | Batch 200 | Loss: 0.9473 | Correct: 83/128 | Elapsed Time: 12.78s
2026-02-10 09:50:36,941 | INFO | Batch 210 | Loss: 0.9320 | Correct: 85/128 | Elapsed Time: 12.87s
2026-02-10 09:50:49,818 | INFO | Batch 220 | Loss: 1.0164 | Correct: 79/128 | Elapsed Time: 12.88s
2026-02-10 09:51:02,649 | INFO | Batch 230 | Loss: 0.8547 | Correct: 92/128 | Elapsed Time: 12.83s
2026-02-10 09:51:15,659 | INFO | Batch 240 | Loss: 0.9946 | Correct: 78/128 | Elapsed Time: 13.01s
2026-02-10 09:51:28,557 | INFO | Batch 250 | Loss: 0.9524 | Correct: 80/128 | Elapsed Time: 12.90s
2026-02-10 09:51:41,645 | INFO | Batch 260 | Loss: 0.9733 | Correct: 86/128 | Elapsed Time: 13.09s
2026-02-10 09:51:54,586 | INFO | Batch 270 | Loss: 1.0386 | Correct: 81/128 | Elapsed Time: 12.94s
2026-02-10 09:52:07,535 | INFO | Batch 280 | Loss: 0.9121 | Correct: 91/128 | Elapsed Time: 12.95s
2026-02-10 09:52:20,335 | INFO | Batch 290 | Loss: 0.8409 | Correct: 85/128 | Elapsed Time: 12.80s
2026-02-10 09:52:33,223 | INFO | Batch 300 | Loss: 0.9628 | Correct: 88/128 | Elapsed Time: 12.89s
2026-02-10 09:52:46,127 | INFO | Batch 310 | Loss: 0.9680 | Correct: 80/128 | Elapsed Time: 12.90s
2026-02-10 09:52:59,002 | INFO | Batch 320 | Loss: 1.0386 | Correct: 79/128 | Elapsed Time: 12.87s
2026-02-10 09:53:11,853 | INFO | Batch 330 | Loss: 0.9071 | Correct: 85/128 | Elapsed Time: 12.85s
2026-02-10 09:53:24,717 | INFO | Batch 340 | Loss: 0.9170 | Correct: 84/128 | Elapsed Time: 12.86s
2026-02-10 09:53:37,549 | INFO | Batch 350 | Loss: 0.7711 | Correct: 94/128 | Elapsed Time: 12.83s
2026-02-10 09:53:50,297 | INFO | Batch 360 | Loss: 0.9220 | Correct: 89/128 | Elapsed Time: 12.75s
2026-02-10 09:54:03,179 | INFO | Batch 370 | Loss: 0.9786 | Correct: 89/128 | Elapsed Time: 12.88s
2026-02-10 09:54:16,078 | INFO | Batch 380 | Loss: 1.0054 | Correct: 84/128 | Elapsed Time: 12.90s
2026-02-10 09:54:28,854 | INFO | Batch 390 | Loss: 1.0443 | Correct: 83/128 | Elapsed Time: 12.78s
2026-02-10 09:54:29,878 | INFO | Epoch [69/100] - Loss: 0.9431 | Correct: 33148/50000 (66.30%, 503.00s)
2026-02-10 09:55:15,601 | INFO | Validation - Loss: 1.0167 | Correct: 6397/10000 (63.97%) (45.72s)
2026-02-10 09:55:28,459 | INFO | Batch 10 | Loss: 0.8687 | Correct: 90/128 | Elapsed Time: 12.86s
2026-02-10 09:55:41,318 | INFO | Batch 20 | Loss: 1.0386 | Correct: 81/128 | Elapsed Time: 12.86s
2026-02-10 09:55:54,085 | INFO | Batch 30 | Loss: 0.8829 | Correct: 85/128 | Elapsed Time: 12.77s
2026-02-10 09:56:07,018 | INFO | Batch 40 | Loss: 0.9946 | Correct: 84/128 | Elapsed Time: 12.93s
2026-02-10 09:56:19,875 | INFO | Batch 50 | Loss: 1.0164 | Correct: 87/128 | Elapsed Time: 12.86s
2026-02-10 09:56:32,684 | INFO | Batch 60 | Loss: 0.9576 | Correct: 81/128 | Elapsed Time: 12.81s
2026-02-10 09:56:45,376 | INFO | Batch 70 | Loss: 0.8547 | Correct: 89/128 | Elapsed Time: 12.69s
2026-02-10 09:56:58,247 | INFO | Batch 80 | Loss: 0.8501 | Correct: 90/128 | Elapsed Time: 12.87s
2026-02-10 09:57:11,230 | INFO | Batch 90 | Loss: 1.0788 | Correct: 78/128 | Elapsed Time: 12.98s
2026-02-10 09:57:23,979 | INFO | Batch 100 | Loss: 1.0729 | Correct: 76/128 | Elapsed Time: 12.75s
2026-02-10 09:57:36,848 | INFO | Batch 110 | Loss: 0.9733 | Correct: 88/128 | Elapsed Time: 12.87s
2026-02-10 09:57:49,706 | INFO | Batch 120 | Loss: 0.7465 | Correct: 97/128 | Elapsed Time: 12.86s
2026-02-10 09:58:02,508 | INFO | Batch 130 | Loss: 0.9270 | Correct: 86/128 | Elapsed Time: 12.80s
2026-02-10 09:58:15,387 | INFO | Batch 140 | Loss: 1.0219 | Correct: 77/128 | Elapsed Time: 12.88s
2026-02-10 09:58:28,234 | INFO | Batch 150 | Loss: 0.8184 | Correct: 96/128 | Elapsed Time: 12.85s
2026-02-10 09:58:41,040 | INFO | Batch 160 | Loss: 0.8184 | Correct: 93/128 | Elapsed Time: 12.81s
2026-02-10 09:58:53,906 | INFO | Batch 170 | Loss: 0.8455 | Correct: 91/128 | Elapsed Time: 12.87s
2026-02-10 09:59:06,852 | INFO | Batch 180 | Loss: 0.8781 | Correct: 90/128 | Elapsed Time: 12.95s
2026-02-10 09:59:19,658 | INFO | Batch 190 | Loss: 1.0164 | Correct: 84/128 | Elapsed Time: 12.81s
2026-02-10 09:59:32,499 | INFO | Batch 200 | Loss: 0.9576 | Correct: 84/128 | Elapsed Time: 12.84s
2026-02-10 09:59:45,339 | INFO | Batch 210 | Loss: 0.9371 | Correct: 87/128 | Elapsed Time: 12.84s
2026-02-10 09:59:58,120 | INFO | Batch 220 | Loss: 1.0499 | Correct: 78/128 | Elapsed Time: 12.78s
2026-02-10 10:00:11,133 | INFO | Batch 230 | Loss: 0.8009 | Correct: 96/128 | Elapsed Time: 13.01s
2026-02-10 10:00:23,982 | INFO | Batch 240 | Loss: 0.9121 | Correct: 88/128 | Elapsed Time: 12.85s
2026-02-10 10:00:36,691 | INFO | Batch 250 | Loss: 0.7923 | Correct: 90/128 | Elapsed Time: 12.71s
2026-02-10 10:00:49,593 | INFO | Batch 260 | Loss: 0.9270 | Correct: 87/128 | Elapsed Time: 12.90s
2026-02-10 10:01:02,535 | INFO | Batch 270 | Loss: 0.7966 | Correct: 85/128 | Elapsed Time: 12.94s
2026-02-10 10:01:15,541 | INFO | Batch 280 | Loss: 0.8877 | Correct: 89/128 | Elapsed Time: 13.01s
2026-02-10 10:01:28,315 | INFO | Batch 290 | Loss: 1.1450 | Correct: 73/128 | Elapsed Time: 12.77s
2026-02-10 10:01:41,476 | INFO | Batch 300 | Loss: 0.7187 | Correct: 94/128 | Elapsed Time: 13.16s
2026-02-10 10:01:54,336 | INFO | Batch 310 | Loss: 1.0164 | Correct: 74/128 | Elapsed Time: 12.86s
2026-02-10 10:02:07,128 | INFO | Batch 320 | Loss: 0.8593 | Correct: 88/128 | Elapsed Time: 12.79s
2026-02-10 10:02:20,027 | INFO | Batch 330 | Loss: 0.7711 | Correct: 93/128 | Elapsed Time: 12.90s
2026-02-10 10:02:32,861 | INFO | Batch 340 | Loss: 0.8974 | Correct: 85/128 | Elapsed Time: 12.83s
2026-02-10 10:02:45,645 | INFO | Batch 350 | Loss: 1.1204 | Correct: 84/128 | Elapsed Time: 12.78s
2026-02-10 10:02:58,505 | INFO | Batch 360 | Loss: 0.9524 | Correct: 83/128 | Elapsed Time: 12.86s
2026-02-10 10:03:11,461 | INFO | Batch 370 | Loss: 0.9473 | Correct: 83/128 | Elapsed Time: 12.96s
2026-02-10 10:03:24,224 | INFO | Batch 380 | Loss: 0.8364 | Correct: 92/128 | Elapsed Time: 12.76s
2026-02-10 10:03:37,059 | INFO | Batch 390 | Loss: 0.9576 | Correct: 85/128 | Elapsed Time: 12.83s
2026-02-10 10:03:38,091 | INFO | Epoch [70/100] - Loss: 0.9398 | Correct: 33175/50000 (66.35%, 502.49s)
2026-02-10 10:04:24,015 | INFO | Validation - Loss: 1.0245 | Correct: 6410/10000 (64.10%) (45.92s)
2026-02-10 10:04:36,962 | INFO | Batch 10 | Loss: 0.8547 | Correct: 92/128 | Elapsed Time: 12.94s
2026-02-10 10:04:49,801 | INFO | Batch 20 | Loss: 0.8547 | Correct: 90/128 | Elapsed Time: 12.84s
2026-02-10 10:05:02,623 | INFO | Batch 30 | Loss: 0.8096 | Correct: 91/128 | Elapsed Time: 12.82s
2026-02-10 10:05:15,390 | INFO | Batch 40 | Loss: 0.7505 | Correct: 96/128 | Elapsed Time: 12.77s
2026-02-10 10:05:28,126 | INFO | Batch 50 | Loss: 1.0386 | Correct: 86/128 | Elapsed Time: 12.74s
2026-02-10 10:05:40,942 | INFO | Batch 60 | Loss: 0.8096 | Correct: 89/128 | Elapsed Time: 12.82s
2026-02-10 10:05:53,659 | INFO | Batch 70 | Loss: 0.8925 | Correct: 82/128 | Elapsed Time: 12.72s
2026-02-10 10:06:06,368 | INFO | Batch 80 | Loss: 0.8925 | Correct: 84/128 | Elapsed Time: 12.71s
2026-02-10 10:06:19,106 | INFO | Batch 90 | Loss: 1.0054 | Correct: 82/128 | Elapsed Time: 12.74s
2026-02-10 10:06:31,860 | INFO | Batch 100 | Loss: 1.0386 | Correct: 75/128 | Elapsed Time: 12.75s
2026-02-10 10:06:44,618 | INFO | Batch 110 | Loss: 1.0109 | Correct: 81/128 | Elapsed Time: 12.76s
2026-02-10 10:06:57,374 | INFO | Batch 120 | Loss: 1.1024 | Correct: 76/128 | Elapsed Time: 12.76s
2026-02-10 10:07:10,317 | INFO | Batch 130 | Loss: 0.9680 | Correct: 83/128 | Elapsed Time: 12.94s
2026-02-10 10:07:23,148 | INFO | Batch 140 | Loss: 0.9071 | Correct: 86/128 | Elapsed Time: 12.83s
2026-02-10 10:07:35,940 | INFO | Batch 150 | Loss: 0.9839 | Correct: 81/128 | Elapsed Time: 12.79s
2026-02-10 10:07:48,857 | INFO | Batch 160 | Loss: 0.8229 | Correct: 95/128 | Elapsed Time: 12.92s
2026-02-10 10:08:01,741 | INFO | Batch 170 | Loss: 0.8455 | Correct: 92/128 | Elapsed Time: 12.88s
2026-02-10 10:08:14,580 | INFO | Batch 180 | Loss: 0.9270 | Correct: 84/128 | Elapsed Time: 12.84s
2026-02-10 10:08:27,454 | INFO | Batch 190 | Loss: 0.9628 | Correct: 85/128 | Elapsed Time: 12.87s
2026-02-10 10:08:40,323 | INFO | Batch 200 | Loss: 1.0499 | Correct: 79/128 | Elapsed Time: 12.87s
2026-02-10 10:08:53,083 | INFO | Batch 210 | Loss: 1.0274 | Correct: 80/128 | Elapsed Time: 12.76s
2026-02-10 10:09:06,045 | INFO | Batch 220 | Loss: 0.9371 | Correct: 86/128 | Elapsed Time: 12.96s
2026-02-10 10:09:18,919 | INFO | Batch 230 | Loss: 0.9524 | Correct: 79/128 | Elapsed Time: 12.87s
2026-02-10 10:09:31,597 | INFO | Batch 240 | Loss: 0.9071 | Correct: 90/128 | Elapsed Time: 12.68s
2026-02-10 10:09:44,306 | INFO | Batch 250 | Loss: 1.0109 | Correct: 81/128 | Elapsed Time: 12.71s
2026-02-10 10:09:57,047 | INFO | Batch 260 | Loss: 0.9733 | Correct: 85/128 | Elapsed Time: 12.74s
2026-02-10 10:10:09,722 | INFO | Batch 270 | Loss: 0.9071 | Correct: 87/128 | Elapsed Time: 12.68s
2026-02-10 10:10:22,410 | INFO | Batch 280 | Loss: 1.2022 | Correct: 77/128 | Elapsed Time: 12.69s
2026-02-10 10:10:35,125 | INFO | Batch 290 | Loss: 0.9220 | Correct: 88/128 | Elapsed Time: 12.71s
2026-02-10 10:10:47,732 | INFO | Batch 300 | Loss: 0.8781 | Correct: 91/128 | Elapsed Time: 12.61s
2026-02-10 10:11:00,433 | INFO | Batch 310 | Loss: 0.8734 | Correct: 89/128 | Elapsed Time: 12.70s
2026-02-10 10:11:13,226 | INFO | Batch 320 | Loss: 1.0219 | Correct: 80/128 | Elapsed Time: 12.79s
2026-02-10 10:11:25,911 | INFO | Batch 330 | Loss: 1.0614 | Correct: 88/128 | Elapsed Time: 12.68s
2026-02-10 10:11:38,589 | INFO | Batch 340 | Loss: 0.9320 | Correct: 87/128 | Elapsed Time: 12.68s
2026-02-10 10:11:51,421 | INFO | Batch 350 | Loss: 0.9680 | Correct: 80/128 | Elapsed Time: 12.83s
2026-02-10 10:12:04,211 | INFO | Batch 360 | Loss: 0.9121 | Correct: 82/128 | Elapsed Time: 12.79s
2026-02-10 10:12:16,836 | INFO | Batch 370 | Loss: 0.7880 | Correct: 92/128 | Elapsed Time: 12.62s
2026-02-10 10:12:29,565 | INFO | Batch 380 | Loss: 0.8140 | Correct: 88/128 | Elapsed Time: 12.73s
2026-02-10 10:12:42,261 | INFO | Batch 390 | Loss: 1.1265 | Correct: 85/128 | Elapsed Time: 12.70s
2026-02-10 10:12:43,268 | INFO | Epoch [71/100] - Loss: 0.9414 | Correct: 33136/50000 (66.27%, 499.25s)
2026-02-10 10:13:28,314 | INFO | Validation - Loss: 1.0092 | Correct: 6473/10000 (64.73%) (45.04s)
2026-02-10 10:13:40,925 | INFO | Batch 10 | Loss: 1.0788 | Correct: 80/128 | Elapsed Time: 12.61s
2026-02-10 10:13:53,622 | INFO | Batch 20 | Loss: 0.8687 | Correct: 87/128 | Elapsed Time: 12.70s
2026-02-10 10:14:06,349 | INFO | Batch 30 | Loss: 0.9220 | Correct: 83/128 | Elapsed Time: 12.73s
2026-02-10 10:14:18,932 | INFO | Batch 40 | Loss: 0.9892 | Correct: 80/128 | Elapsed Time: 12.58s
2026-02-10 10:14:31,638 | INFO | Batch 50 | Loss: 0.9524 | Correct: 79/128 | Elapsed Time: 12.71s
2026-02-10 10:14:44,362 | INFO | Batch 60 | Loss: 0.8781 | Correct: 92/128 | Elapsed Time: 12.72s
2026-02-10 10:14:56,957 | INFO | Batch 70 | Loss: 0.8593 | Correct: 85/128 | Elapsed Time: 12.59s
2026-02-10 10:15:09,733 | INFO | Batch 80 | Loss: 1.0905 | Correct: 81/128 | Elapsed Time: 12.78s
2026-02-10 10:15:22,409 | INFO | Batch 90 | Loss: 0.8734 | Correct: 87/128 | Elapsed Time: 12.68s
2026-02-10 10:15:35,007 | INFO | Batch 100 | Loss: 1.0274 | Correct: 79/128 | Elapsed Time: 12.60s
2026-02-10 10:15:47,729 | INFO | Batch 110 | Loss: 0.9576 | Correct: 87/128 | Elapsed Time: 12.72s
2026-02-10 10:16:00,465 | INFO | Batch 120 | Loss: 0.9170 | Correct: 89/128 | Elapsed Time: 12.74s
2026-02-10 10:16:13,138 | INFO | Batch 130 | Loss: 0.8501 | Correct: 91/128 | Elapsed Time: 12.67s
2026-02-10 10:16:25,862 | INFO | Batch 140 | Loss: 0.9071 | Correct: 83/128 | Elapsed Time: 12.72s
2026-02-10 10:16:38,623 | INFO | Batch 150 | Loss: 1.0499 | Correct: 78/128 | Elapsed Time: 12.76s
2026-02-10 10:16:51,270 | INFO | Batch 160 | Loss: 0.8501 | Correct: 81/128 | Elapsed Time: 12.65s
2026-02-10 10:17:04,044 | INFO | Batch 170 | Loss: 1.0274 | Correct: 75/128 | Elapsed Time: 12.77s
2026-02-10 10:17:16,790 | INFO | Batch 180 | Loss: 0.8877 | Correct: 88/128 | Elapsed Time: 12.75s
2026-02-10 10:17:29,399 | INFO | Batch 190 | Loss: 1.0671 | Correct: 80/128 | Elapsed Time: 12.61s
2026-02-10 10:17:42,136 | INFO | Batch 200 | Loss: 0.8547 | Correct: 93/128 | Elapsed Time: 12.74s
2026-02-10 10:17:54,912 | INFO | Batch 210 | Loss: 0.8593 | Correct: 90/128 | Elapsed Time: 12.78s
2026-02-10 10:18:07,787 | INFO | Batch 220 | Loss: 0.9170 | Correct: 84/128 | Elapsed Time: 12.88s
2026-02-10 10:18:20,447 | INFO | Batch 230 | Loss: 0.8501 | Correct: 96/128 | Elapsed Time: 12.66s
2026-02-10 10:18:33,222 | INFO | Batch 240 | Loss: 0.9422 | Correct: 89/128 | Elapsed Time: 12.77s
2026-02-10 10:18:45,993 | INFO | Batch 250 | Loss: 0.8547 | Correct: 92/128 | Elapsed Time: 12.77s
2026-02-10 10:18:58,625 | INFO | Batch 260 | Loss: 0.8229 | Correct: 93/128 | Elapsed Time: 12.63s
2026-02-10 10:19:11,444 | INFO | Batch 270 | Loss: 0.9371 | Correct: 83/128 | Elapsed Time: 12.82s
2026-02-10 10:19:24,191 | INFO | Batch 280 | Loss: 0.8829 | Correct: 89/128 | Elapsed Time: 12.75s
2026-02-10 10:19:36,829 | INFO | Batch 290 | Loss: 0.9680 | Correct: 80/128 | Elapsed Time: 12.64s
2026-02-10 10:19:49,527 | INFO | Batch 300 | Loss: 0.7669 | Correct: 93/128 | Elapsed Time: 12.70s
2026-02-10 10:20:02,230 | INFO | Batch 310 | Loss: 0.9473 | Correct: 82/128 | Elapsed Time: 12.70s
2026-02-10 10:20:14,900 | INFO | Batch 320 | Loss: 1.0964 | Correct: 82/128 | Elapsed Time: 12.67s
2026-02-10 10:20:27,618 | INFO | Batch 330 | Loss: 0.9892 | Correct: 81/128 | Elapsed Time: 12.72s
2026-02-10 10:20:40,327 | INFO | Batch 340 | Loss: 0.9628 | Correct: 83/128 | Elapsed Time: 12.71s
2026-02-10 10:20:52,973 | INFO | Batch 350 | Loss: 0.8925 | Correct: 92/128 | Elapsed Time: 12.65s
2026-02-10 10:21:05,735 | INFO | Batch 360 | Loss: 0.8734 | Correct: 88/128 | Elapsed Time: 12.76s
2026-02-10 10:21:18,450 | INFO | Batch 370 | Loss: 0.9733 | Correct: 81/128 | Elapsed Time: 12.72s
2026-02-10 10:21:31,091 | INFO | Batch 380 | Loss: 1.0054 | Correct: 87/128 | Elapsed Time: 12.64s
2026-02-10 10:21:44,121 | INFO | Batch 390 | Loss: 0.9170 | Correct: 87/128 | Elapsed Time: 13.03s
2026-02-10 10:21:45,138 | INFO | Epoch [72/100] - Loss: 0.9370 | Correct: 33280/50000 (66.56%, 496.82s)
2026-02-10 10:22:30,301 | INFO | Validation - Loss: 1.0282 | Correct: 6433/10000 (64.33%) (45.16s)
2026-02-10 10:22:43,008 | INFO | Batch 10 | Loss: 0.8409 | Correct: 90/128 | Elapsed Time: 12.70s
2026-02-10 10:22:55,736 | INFO | Batch 20 | Loss: 0.7837 | Correct: 95/128 | Elapsed Time: 12.73s
2026-02-10 10:23:08,404 | INFO | Batch 30 | Loss: 0.7966 | Correct: 92/128 | Elapsed Time: 12.67s
2026-02-10 10:23:21,125 | INFO | Batch 40 | Loss: 0.9371 | Correct: 87/128 | Elapsed Time: 12.72s
2026-02-10 10:23:33,878 | INFO | Batch 50 | Loss: 1.0386 | Correct: 80/128 | Elapsed Time: 12.75s
2026-02-10 10:23:46,517 | INFO | Batch 60 | Loss: 0.9839 | Correct: 83/128 | Elapsed Time: 12.64s
2026-02-10 10:23:59,235 | INFO | Batch 70 | Loss: 0.7880 | Correct: 92/128 | Elapsed Time: 12.72s
2026-02-10 10:24:12,007 | INFO | Batch 80 | Loss: 0.8877 | Correct: 85/128 | Elapsed Time: 12.77s
2026-02-10 10:24:24,623 | INFO | Batch 90 | Loss: 1.0219 | Correct: 83/128 | Elapsed Time: 12.62s
2026-02-10 10:24:37,348 | INFO | Batch 100 | Loss: 0.8273 | Correct: 90/128 | Elapsed Time: 12.72s
2026-02-10 10:24:50,059 | INFO | Batch 110 | Loss: 0.9892 | Correct: 86/128 | Elapsed Time: 12.71s
2026-02-10 10:25:02,693 | INFO | Batch 120 | Loss: 0.8877 | Correct: 86/128 | Elapsed Time: 12.63s
2026-02-10 10:25:15,409 | INFO | Batch 130 | Loss: 0.9220 | Correct: 86/128 | Elapsed Time: 12.72s
2026-02-10 10:25:28,120 | INFO | Batch 140 | Loss: 0.9320 | Correct: 81/128 | Elapsed Time: 12.71s
2026-02-10 10:25:40,732 | INFO | Batch 150 | Loss: 1.0054 | Correct: 81/128 | Elapsed Time: 12.61s
2026-02-10 10:25:53,461 | INFO | Batch 160 | Loss: 1.0054 | Correct: 87/128 | Elapsed Time: 12.73s
2026-02-10 10:26:06,246 | INFO | Batch 170 | Loss: 0.8687 | Correct: 88/128 | Elapsed Time: 12.78s
2026-02-10 10:26:18,853 | INFO | Batch 180 | Loss: 0.9892 | Correct: 81/128 | Elapsed Time: 12.61s
2026-02-10 10:26:31,534 | INFO | Batch 190 | Loss: 0.9576 | Correct: 83/128 | Elapsed Time: 12.68s
2026-02-10 10:26:44,240 | INFO | Batch 200 | Loss: 0.8455 | Correct: 91/128 | Elapsed Time: 12.71s
2026-02-10 10:26:56,857 | INFO | Batch 210 | Loss: 1.0219 | Correct: 83/128 | Elapsed Time: 12.62s
2026-02-10 10:27:09,625 | INFO | Batch 220 | Loss: 0.8409 | Correct: 91/128 | Elapsed Time: 12.77s
2026-02-10 10:27:22,419 | INFO | Batch 230 | Loss: 0.8455 | Correct: 91/128 | Elapsed Time: 12.79s
2026-02-10 10:27:35,002 | INFO | Batch 240 | Loss: 0.7226 | Correct: 97/128 | Elapsed Time: 12.58s
2026-02-10 10:27:47,683 | INFO | Batch 250 | Loss: 0.9473 | Correct: 86/128 | Elapsed Time: 12.68s
2026-02-10 10:28:00,370 | INFO | Batch 260 | Loss: 0.9786 | Correct: 89/128 | Elapsed Time: 12.69s
2026-02-10 10:28:13,051 | INFO | Batch 270 | Loss: 0.9170 | Correct: 84/128 | Elapsed Time: 12.68s
2026-02-10 10:28:25,743 | INFO | Batch 280 | Loss: 0.6920 | Correct: 98/128 | Elapsed Time: 12.69s
2026-02-10 10:28:38,469 | INFO | Batch 290 | Loss: 0.8687 | Correct: 91/128 | Elapsed Time: 12.73s
2026-02-10 10:28:51,198 | INFO | Batch 300 | Loss: 1.0164 | Correct: 81/128 | Elapsed Time: 12.73s
2026-02-10 10:29:03,967 | INFO | Batch 310 | Loss: 1.0499 | Correct: 76/128 | Elapsed Time: 12.77s
2026-02-10 10:29:16,660 | INFO | Batch 320 | Loss: 1.1764 | Correct: 77/128 | Elapsed Time: 12.69s
2026-02-10 10:29:29,329 | INFO | Batch 330 | Loss: 0.9371 | Correct: 80/128 | Elapsed Time: 12.67s
2026-02-10 10:29:41,926 | INFO | Batch 340 | Loss: 0.9680 | Correct: 83/128 | Elapsed Time: 12.60s
2026-02-10 10:29:54,635 | INFO | Batch 350 | Loss: 1.0000 | Correct: 82/128 | Elapsed Time: 12.71s
2026-02-10 10:30:07,359 | INFO | Batch 360 | Loss: 0.9270 | Correct: 84/128 | Elapsed Time: 12.72s
2026-02-10 10:30:19,954 | INFO | Batch 370 | Loss: 0.9270 | Correct: 86/128 | Elapsed Time: 12.59s
2026-02-10 10:30:32,646 | INFO | Batch 380 | Loss: 1.0000 | Correct: 81/128 | Elapsed Time: 12.69s
2026-02-10 10:30:45,338 | INFO | Batch 390 | Loss: 0.9220 | Correct: 88/128 | Elapsed Time: 12.69s
2026-02-10 10:30:46,346 | INFO | Epoch [73/100] - Loss: 0.9327 | Correct: 33314/50000 (66.63%, 496.04s)
2026-02-10 10:31:31,262 | INFO | Validation - Loss: 1.0168 | Correct: 6463/10000 (64.63%) (44.91s)
2026-02-10 10:31:44,221 | INFO | Batch 10 | Loss: 1.1892 | Correct: 78/128 | Elapsed Time: 12.96s
2026-02-10 10:31:56,862 | INFO | Batch 20 | Loss: 0.9576 | Correct: 82/128 | Elapsed Time: 12.64s
2026-02-10 10:32:09,595 | INFO | Batch 30 | Loss: 0.8734 | Correct: 82/128 | Elapsed Time: 12.73s
2026-02-10 10:32:22,293 | INFO | Batch 40 | Loss: 0.8781 | Correct: 88/128 | Elapsed Time: 12.70s
2026-02-10 10:32:34,883 | INFO | Batch 50 | Loss: 1.0556 | Correct: 75/128 | Elapsed Time: 12.59s
2026-02-10 10:32:47,705 | INFO | Batch 60 | Loss: 0.9473 | Correct: 85/128 | Elapsed Time: 12.82s
2026-02-10 10:33:00,582 | INFO | Batch 70 | Loss: 0.9422 | Correct: 85/128 | Elapsed Time: 12.88s
2026-02-10 10:33:13,529 | INFO | Batch 80 | Loss: 1.0109 | Correct: 86/128 | Elapsed Time: 12.95s
2026-02-10 10:33:26,533 | INFO | Batch 90 | Loss: 0.6698 | Correct: 102/128 | Elapsed Time: 13.00s
2026-02-10 10:33:39,551 | INFO | Batch 100 | Loss: 1.0000 | Correct: 81/128 | Elapsed Time: 13.02s
2026-02-10 10:33:52,536 | INFO | Batch 110 | Loss: 0.9473 | Correct: 86/128 | Elapsed Time: 12.98s
2026-02-10 10:34:05,618 | INFO | Batch 120 | Loss: 0.9733 | Correct: 81/128 | Elapsed Time: 13.08s
2026-02-10 10:34:18,741 | INFO | Batch 130 | Loss: 0.9946 | Correct: 86/128 | Elapsed Time: 13.12s
2026-02-10 10:34:31,575 | INFO | Batch 140 | Loss: 0.7669 | Correct: 88/128 | Elapsed Time: 12.83s
2026-02-10 10:34:44,493 | INFO | Batch 150 | Loss: 0.8974 | Correct: 88/128 | Elapsed Time: 12.92s
2026-02-10 10:34:57,513 | INFO | Batch 160 | Loss: 0.7966 | Correct: 89/128 | Elapsed Time: 13.02s
2026-02-10 10:35:10,505 | INFO | Batch 170 | Loss: 1.0054 | Correct: 85/128 | Elapsed Time: 12.99s
2026-02-10 10:35:23,509 | INFO | Batch 180 | Loss: 1.0330 | Correct: 80/128 | Elapsed Time: 13.00s
2026-02-10 10:35:36,471 | INFO | Batch 190 | Loss: 0.8501 | Correct: 91/128 | Elapsed Time: 12.96s
2026-02-10 10:35:49,402 | INFO | Batch 200 | Loss: 0.8140 | Correct: 93/128 | Elapsed Time: 12.93s
2026-02-10 10:36:02,436 | INFO | Batch 210 | Loss: 0.9170 | Correct: 84/128 | Elapsed Time: 13.03s
2026-02-10 10:36:15,514 | INFO | Batch 220 | Loss: 0.9071 | Correct: 85/128 | Elapsed Time: 13.08s
2026-02-10 10:36:28,438 | INFO | Batch 230 | Loss: 0.8781 | Correct: 85/128 | Elapsed Time: 12.92s
2026-02-10 10:36:41,497 | INFO | Batch 240 | Loss: 0.8318 | Correct: 97/128 | Elapsed Time: 13.06s
2026-02-10 10:36:54,501 | INFO | Batch 250 | Loss: 0.8877 | Correct: 90/128 | Elapsed Time: 13.00s
2026-02-10 10:37:07,615 | INFO | Batch 260 | Loss: 0.9320 | Correct: 86/128 | Elapsed Time: 13.11s
2026-02-10 10:37:20,550 | INFO | Batch 270 | Loss: 0.8364 | Correct: 92/128 | Elapsed Time: 12.93s
2026-02-10 10:37:33,579 | INFO | Batch 280 | Loss: 0.8364 | Correct: 88/128 | Elapsed Time: 13.03s
2026-02-10 10:37:46,596 | INFO | Batch 290 | Loss: 1.0109 | Correct: 78/128 | Elapsed Time: 13.02s
2026-02-10 10:37:59,512 | INFO | Batch 300 | Loss: 0.8974 | Correct: 82/128 | Elapsed Time: 12.92s
2026-02-10 10:38:12,612 | INFO | Batch 310 | Loss: 1.0788 | Correct: 77/128 | Elapsed Time: 13.10s
2026-02-10 10:38:25,656 | INFO | Batch 320 | Loss: 0.9071 | Correct: 80/128 | Elapsed Time: 13.04s
2026-02-10 10:38:38,599 | INFO | Batch 330 | Loss: 0.9576 | Correct: 88/128 | Elapsed Time: 12.94s
2026-02-10 10:38:51,601 | INFO | Batch 340 | Loss: 0.9121 | Correct: 90/128 | Elapsed Time: 13.00s
2026-02-10 10:39:04,700 | INFO | Batch 350 | Loss: 0.8734 | Correct: 84/128 | Elapsed Time: 13.10s
2026-02-10 10:39:17,634 | INFO | Batch 360 | Loss: 0.9220 | Correct: 86/128 | Elapsed Time: 12.93s
2026-02-10 10:39:30,702 | INFO | Batch 370 | Loss: 0.9473 | Correct: 88/128 | Elapsed Time: 13.07s
2026-02-10 10:39:43,720 | INFO | Batch 380 | Loss: 0.7465 | Correct: 93/128 | Elapsed Time: 13.02s
2026-02-10 10:39:56,642 | INFO | Batch 390 | Loss: 0.8364 | Correct: 91/128 | Elapsed Time: 12.92s
2026-02-10 10:39:57,680 | INFO | Epoch [74/100] - Loss: 0.9339 | Correct: 33164/50000 (66.33%, 506.41s)
2026-02-10 10:40:43,804 | INFO | Validation - Loss: 0.9958 | Correct: 6516/10000 (65.16%) (46.12s)
2026-02-10 10:40:56,740 | INFO | Batch 10 | Loss: 1.0443 | Correct: 76/128 | Elapsed Time: 12.93s
2026-02-10 10:41:09,777 | INFO | Batch 20 | Loss: 1.0729 | Correct: 82/128 | Elapsed Time: 13.04s
2026-02-10 10:41:22,826 | INFO | Batch 30 | Loss: 0.8640 | Correct: 90/128 | Elapsed Time: 13.05s
2026-02-10 10:41:35,825 | INFO | Batch 40 | Loss: 0.9320 | Correct: 87/128 | Elapsed Time: 13.00s
2026-02-10 10:41:49,003 | INFO | Batch 50 | Loss: 0.8593 | Correct: 89/128 | Elapsed Time: 13.18s
2026-02-10 10:42:02,045 | INFO | Batch 60 | Loss: 0.9524 | Correct: 86/128 | Elapsed Time: 13.04s
2026-02-10 10:42:15,063 | INFO | Batch 70 | Loss: 0.8974 | Correct: 93/128 | Elapsed Time: 13.02s
2026-02-10 10:42:28,023 | INFO | Batch 80 | Loss: 0.8781 | Correct: 88/128 | Elapsed Time: 12.96s
2026-02-10 10:42:40,948 | INFO | Batch 90 | Loss: 0.8229 | Correct: 91/128 | Elapsed Time: 12.93s
2026-02-10 10:42:53,807 | INFO | Batch 100 | Loss: 0.8734 | Correct: 88/128 | Elapsed Time: 12.86s
2026-02-10 10:43:06,916 | INFO | Batch 110 | Loss: 1.4530 | Correct: 68/128 | Elapsed Time: 13.11s
2026-02-10 10:43:19,939 | INFO | Batch 120 | Loss: 1.5845 | Correct: 63/128 | Elapsed Time: 13.02s
2026-02-10 10:43:32,837 | INFO | Batch 130 | Loss: 1.4848 | Correct: 60/128 | Elapsed Time: 12.90s
2026-02-10 10:43:45,855 | INFO | Batch 140 | Loss: 1.5931 | Correct: 54/128 | Elapsed Time: 13.02s
2026-02-10 10:43:58,909 | INFO | Batch 150 | Loss: 1.5506 | Correct: 52/128 | Elapsed Time: 13.05s
2026-02-10 10:44:12,055 | INFO | Batch 160 | Loss: 1.3990 | Correct: 60/128 | Elapsed Time: 13.15s
2026-02-10 10:44:25,016 | INFO | Batch 170 | Loss: 1.3181 | Correct: 62/128 | Elapsed Time: 12.96s
2026-02-10 10:44:38,034 | INFO | Batch 180 | Loss: 1.5092 | Correct: 61/128 | Elapsed Time: 13.02s
2026-02-10 10:44:51,051 | INFO | Batch 190 | Loss: 1.3324 | Correct: 62/128 | Elapsed Time: 13.02s
2026-02-10 10:45:04,002 | INFO | Batch 200 | Loss: 1.5506 | Correct: 65/128 | Elapsed Time: 12.95s
2026-02-10 10:45:17,044 | INFO | Batch 210 | Loss: 1.3039 | Correct: 72/128 | Elapsed Time: 13.04s
2026-02-10 10:45:30,066 | INFO | Batch 220 | Loss: 1.3039 | Correct: 67/128 | Elapsed Time: 13.02s
2026-02-10 10:45:42,971 | INFO | Batch 230 | Loss: 1.2968 | Correct: 71/128 | Elapsed Time: 12.91s
2026-02-10 10:45:55,949 | INFO | Batch 240 | Loss: 1.2022 | Correct: 73/128 | Elapsed Time: 12.98s
2026-02-10 10:46:09,004 | INFO | Batch 250 | Loss: 1.0386 | Correct: 76/128 | Elapsed Time: 13.06s
2026-02-10 10:46:21,981 | INFO | Batch 260 | Loss: 1.2285 | Correct: 69/128 | Elapsed Time: 12.98s
2026-02-10 10:46:35,006 | INFO | Batch 270 | Loss: 1.3110 | Correct: 68/128 | Elapsed Time: 13.03s
2026-02-10 10:46:48,094 | INFO | Batch 280 | Loss: 1.3039 | Correct: 65/128 | Elapsed Time: 13.09s
2026-02-10 10:47:01,023 | INFO | Batch 290 | Loss: 1.1764 | Correct: 74/128 | Elapsed Time: 12.93s
2026-02-10 10:47:14,077 | INFO | Batch 300 | Loss: 1.2759 | Correct: 68/128 | Elapsed Time: 13.05s
2026-02-10 10:47:27,108 | INFO | Batch 310 | Loss: 1.2419 | Correct: 69/128 | Elapsed Time: 13.03s
2026-02-10 10:47:40,027 | INFO | Batch 320 | Loss: 1.2352 | Correct: 73/128 | Elapsed Time: 12.92s
2026-02-10 10:47:53,095 | INFO | Batch 330 | Loss: 1.3990 | Correct: 67/128 | Elapsed Time: 13.07s
2026-02-10 10:48:06,249 | INFO | Batch 340 | Loss: 1.1764 | Correct: 75/128 | Elapsed Time: 13.15s
2026-02-10 10:48:19,222 | INFO | Batch 350 | Loss: 1.3039 | Correct: 65/128 | Elapsed Time: 12.97s
2026-02-10 10:48:32,216 | INFO | Batch 360 | Loss: 1.2968 | Correct: 58/128 | Elapsed Time: 12.99s
2026-02-10 10:48:45,177 | INFO | Batch 370 | Loss: 1.2087 | Correct: 74/128 | Elapsed Time: 12.96s
2026-02-10 10:48:58,069 | INFO | Batch 380 | Loss: 1.3181 | Correct: 66/128 | Elapsed Time: 12.89s
2026-02-10 10:49:11,144 | INFO | Batch 390 | Loss: 1.3616 | Correct: 65/128 | Elapsed Time: 13.07s
2026-02-10 10:49:12,187 | INFO | Epoch [75/100] - Loss: 1.2232 | Correct: 28319/50000 (56.64%, 508.38s)
2026-02-10 10:49:58,465 | INFO | Validation - Loss: 1.4194 | Correct: 4977/10000 (49.77%) (46.28s)
2026-02-10 10:50:11,576 | INFO | Batch 10 | Loss: 1.2419 | Correct: 73/128 | Elapsed Time: 13.11s
2026-02-10 10:50:24,622 | INFO | Batch 20 | Loss: 1.2554 | Correct: 66/128 | Elapsed Time: 13.05s
2026-02-10 10:50:37,500 | INFO | Batch 30 | Loss: 1.1450 | Correct: 71/128 | Elapsed Time: 12.88s
2026-02-10 10:50:50,468 | INFO | Batch 40 | Loss: 1.1957 | Correct: 74/128 | Elapsed Time: 12.97s
2026-02-10 10:51:03,582 | INFO | Batch 50 | Loss: 1.1512 | Correct: 78/128 | Elapsed Time: 13.11s
2026-02-10 10:51:16,580 | INFO | Batch 60 | Loss: 1.4452 | Correct: 64/128 | Elapsed Time: 13.00s
2026-02-10 10:51:29,621 | INFO | Batch 70 | Loss: 1.3252 | Correct: 63/128 | Elapsed Time: 13.04s
2026-02-10 10:51:42,927 | INFO | Batch 80 | Loss: 1.2352 | Correct: 68/128 | Elapsed Time: 13.31s
2026-02-10 10:51:55,849 | INFO | Batch 90 | Loss: 1.0164 | Correct: 85/128 | Elapsed Time: 12.92s
2026-02-10 10:52:09,035 | INFO | Batch 100 | Loss: 1.2968 | Correct: 70/128 | Elapsed Time: 13.19s
2026-02-10 10:52:22,111 | INFO | Batch 110 | Loss: 1.2759 | Correct: 68/128 | Elapsed Time: 13.08s
2026-02-10 10:52:35,087 | INFO | Batch 120 | Loss: 1.2486 | Correct: 71/128 | Elapsed Time: 12.98s
2026-02-10 10:52:48,118 | INFO | Batch 130 | Loss: 1.0614 | Correct: 80/128 | Elapsed Time: 13.03s
2026-02-10 10:53:01,117 | INFO | Batch 140 | Loss: 1.4066 | Correct: 66/128 | Elapsed Time: 13.00s
2026-02-10 10:53:14,098 | INFO | Batch 150 | Loss: 1.3690 | Correct: 63/128 | Elapsed Time: 12.98s
2026-02-10 10:53:27,144 | INFO | Batch 160 | Loss: 1.2352 | Correct: 67/128 | Elapsed Time: 13.05s
2026-02-10 10:53:40,218 | INFO | Batch 170 | Loss: 1.1700 | Correct: 77/128 | Elapsed Time: 13.07s
2026-02-10 10:53:53,192 | INFO | Batch 180 | Loss: 1.3543 | Correct: 69/128 | Elapsed Time: 12.97s
2026-02-10 10:54:06,298 | INFO | Batch 190 | Loss: 1.0330 | Correct: 83/128 | Elapsed Time: 13.11s
2026-02-10 10:54:19,385 | INFO | Batch 200 | Loss: 1.1764 | Correct: 77/128 | Elapsed Time: 13.09s
2026-02-10 10:54:32,296 | INFO | Batch 210 | Loss: 1.3252 | Correct: 70/128 | Elapsed Time: 12.91s
2026-02-10 10:54:45,373 | INFO | Batch 220 | Loss: 1.3839 | Correct: 60/128 | Elapsed Time: 13.08s
2026-02-10 10:54:58,424 | INFO | Batch 230 | Loss: 1.1764 | Correct: 78/128 | Elapsed Time: 13.05s
2026-02-10 10:55:11,461 | INFO | Batch 240 | Loss: 1.2087 | Correct: 72/128 | Elapsed Time: 13.04s
2026-02-10 10:55:24,392 | INFO | Batch 250 | Loss: 1.1700 | Correct: 75/128 | Elapsed Time: 12.93s
2026-02-10 10:55:37,429 | INFO | Batch 260 | Loss: 1.2419 | Correct: 67/128 | Elapsed Time: 13.04s
2026-02-10 10:55:50,441 | INFO | Batch 270 | Loss: 1.1144 | Correct: 79/128 | Elapsed Time: 13.01s
2026-02-10 10:56:03,451 | INFO | Batch 280 | Loss: 1.2352 | Correct: 77/128 | Elapsed Time: 13.01s
2026-02-10 10:56:16,491 | INFO | Batch 290 | Loss: 1.1388 | Correct: 72/128 | Elapsed Time: 13.04s
2026-02-10 10:56:29,540 | INFO | Batch 300 | Loss: 1.1892 | Correct: 70/128 | Elapsed Time: 13.05s
2026-02-10 10:56:42,471 | INFO | Batch 310 | Loss: 1.3324 | Correct: 72/128 | Elapsed Time: 12.93s
2026-02-10 10:56:55,481 | INFO | Batch 320 | Loss: 1.2218 | Correct: 73/128 | Elapsed Time: 13.01s
2026-02-10 10:57:08,573 | INFO | Batch 330 | Loss: 1.1892 | Correct: 72/128 | Elapsed Time: 13.09s
2026-02-10 10:57:21,500 | INFO | Batch 340 | Loss: 1.1637 | Correct: 77/128 | Elapsed Time: 12.93s
2026-02-10 10:57:34,526 | INFO | Batch 350 | Loss: 1.3616 | Correct: 66/128 | Elapsed Time: 13.03s
2026-02-10 10:57:47,558 | INFO | Batch 360 | Loss: 1.3616 | Correct: 70/128 | Elapsed Time: 13.03s
2026-02-10 10:58:00,524 | INFO | Batch 370 | Loss: 1.2622 | Correct: 66/128 | Elapsed Time: 12.97s
2026-02-10 10:58:13,631 | INFO | Batch 380 | Loss: 1.1957 | Correct: 70/128 | Elapsed Time: 13.11s
2026-02-10 10:58:26,650 | INFO | Batch 390 | Loss: 1.2087 | Correct: 73/128 | Elapsed Time: 13.02s
2026-02-10 10:58:27,692 | INFO | Epoch [76/100] - Loss: 1.2316 | Correct: 27906/50000 (55.81%, 509.22s)
2026-02-10 10:59:13,866 | INFO | Validation - Loss: 1.4116 | Correct: 5094/10000 (50.94%) (46.17s)
2026-02-10 10:59:26,775 | INFO | Batch 10 | Loss: 1.0614 | Correct: 82/128 | Elapsed Time: 12.91s
2026-02-10 10:59:39,791 | INFO | Batch 20 | Loss: 1.3690 | Correct: 59/128 | Elapsed Time: 13.02s
2026-02-10 10:59:52,834 | INFO | Batch 30 | Loss: 1.2285 | Correct: 73/128 | Elapsed Time: 13.04s
2026-02-10 11:00:05,955 | INFO | Batch 40 | Loss: 1.2898 | Correct: 63/128 | Elapsed Time: 13.12s
2026-02-10 11:00:18,916 | INFO | Batch 50 | Loss: 1.2285 | Correct: 65/128 | Elapsed Time: 12.96s
2026-02-10 11:00:31,949 | INFO | Batch 60 | Loss: 1.1828 | Correct: 70/128 | Elapsed Time: 13.03s
2026-02-10 11:00:45,007 | INFO | Batch 70 | Loss: 1.2419 | Correct: 72/128 | Elapsed Time: 13.06s
2026-02-10 11:00:58,080 | INFO | Batch 80 | Loss: 1.2622 | Correct: 66/128 | Elapsed Time: 13.07s
2026-02-10 11:01:11,374 | INFO | Batch 90 | Loss: 1.2486 | Correct: 66/128 | Elapsed Time: 13.29s
2026-02-10 11:01:24,772 | INFO | Batch 100 | Loss: 1.1450 | Correct: 68/128 | Elapsed Time: 13.40s
2026-02-10 11:01:38,225 | INFO | Batch 110 | Loss: 1.1637 | Correct: 72/128 | Elapsed Time: 13.45s
2026-02-10 11:01:51,672 | INFO | Batch 120 | Loss: 1.1084 | Correct: 70/128 | Elapsed Time: 13.45s
2026-02-10 11:02:05,092 | INFO | Batch 130 | Loss: 1.1450 | Correct: 75/128 | Elapsed Time: 13.42s
2026-02-10 11:02:18,354 | INFO | Batch 140 | Loss: 1.0964 | Correct: 75/128 | Elapsed Time: 13.26s
2026-02-10 11:02:31,633 | INFO | Batch 150 | Loss: 1.1388 | Correct: 77/128 | Elapsed Time: 13.28s
2026-02-10 11:02:45,000 | INFO | Batch 160 | Loss: 1.2218 | Correct: 76/128 | Elapsed Time: 13.37s
2026-02-10 11:02:58,250 | INFO | Batch 170 | Loss: 1.4142 | Correct: 64/128 | Elapsed Time: 13.25s
2026-02-10 11:03:11,675 | INFO | Batch 180 | Loss: 1.0905 | Correct: 81/128 | Elapsed Time: 13.42s
2026-02-10 11:03:25,022 | INFO | Batch 190 | Loss: 1.2285 | Correct: 75/128 | Elapsed Time: 13.35s
2026-02-10 11:03:38,213 | INFO | Batch 200 | Loss: 1.0846 | Correct: 82/128 | Elapsed Time: 13.19s
2026-02-10 11:03:51,548 | INFO | Batch 210 | Loss: 1.1574 | Correct: 76/128 | Elapsed Time: 13.34s
2026-02-10 11:04:04,871 | INFO | Batch 220 | Loss: 1.2691 | Correct: 76/128 | Elapsed Time: 13.32s
2026-02-10 11:04:18,078 | INFO | Batch 230 | Loss: 1.2218 | Correct: 74/128 | Elapsed Time: 13.21s
2026-02-10 11:04:31,357 | INFO | Batch 240 | Loss: 1.2285 | Correct: 73/128 | Elapsed Time: 13.28s
2026-02-10 11:04:44,578 | INFO | Batch 250 | Loss: 1.2087 | Correct: 69/128 | Elapsed Time: 13.22s
2026-02-10 11:04:57,742 | INFO | Batch 260 | Loss: 1.2486 | Correct: 64/128 | Elapsed Time: 13.16s
2026-02-10 11:05:10,979 | INFO | Batch 270 | Loss: 1.1828 | Correct: 72/128 | Elapsed Time: 13.24s
2026-02-10 11:05:24,167 | INFO | Batch 280 | Loss: 1.0729 | Correct: 77/128 | Elapsed Time: 13.19s
2026-02-10 11:05:37,273 | INFO | Batch 290 | Loss: 1.2285 | Correct: 75/128 | Elapsed Time: 13.11s
2026-02-10 11:05:50,459 | INFO | Batch 300 | Loss: 1.1574 | Correct: 70/128 | Elapsed Time: 13.19s
2026-02-10 11:06:03,692 | INFO | Batch 310 | Loss: 1.0614 | Correct: 79/128 | Elapsed Time: 13.23s
2026-02-10 11:06:16,876 | INFO | Batch 320 | Loss: 1.2829 | Correct: 67/128 | Elapsed Time: 13.18s
2026-02-10 11:06:29,927 | INFO | Batch 330 | Loss: 1.4929 | Correct: 64/128 | Elapsed Time: 13.05s
2026-02-10 11:06:43,084 | INFO | Batch 340 | Loss: 1.2554 | Correct: 75/128 | Elapsed Time: 13.16s
2026-02-10 11:06:56,251 | INFO | Batch 350 | Loss: 1.2087 | Correct: 73/128 | Elapsed Time: 13.17s
2026-02-10 11:07:09,346 | INFO | Batch 360 | Loss: 1.1084 | Correct: 74/128 | Elapsed Time: 13.10s
2026-02-10 11:07:22,490 | INFO | Batch 370 | Loss: 1.0788 | Correct: 79/128 | Elapsed Time: 13.14s
2026-02-10 11:07:35,603 | INFO | Batch 380 | Loss: 1.1326 | Correct: 79/128 | Elapsed Time: 13.11s
2026-02-10 11:07:48,635 | INFO | Batch 390 | Loss: 1.1892 | Correct: 74/128 | Elapsed Time: 13.03s
2026-02-10 11:07:49,689 | INFO | Epoch [77/100] - Loss: 1.2187 | Correct: 28124/50000 (56.25%, 515.82s)
2026-02-10 11:08:36,324 | INFO | Validation - Loss: 1.3537 | Correct: 5294/10000 (52.94%) (46.63s)
2026-02-10 11:08:49,456 | INFO | Batch 10 | Loss: 1.2829 | Correct: 74/128 | Elapsed Time: 13.13s
2026-02-10 11:09:02,638 | INFO | Batch 20 | Loss: 1.2968 | Correct: 74/128 | Elapsed Time: 13.18s
2026-02-10 11:09:15,723 | INFO | Batch 30 | Loss: 1.2691 | Correct: 65/128 | Elapsed Time: 13.09s
2026-02-10 11:09:28,942 | INFO | Batch 40 | Loss: 1.2152 | Correct: 73/128 | Elapsed Time: 13.22s
2026-02-10 11:09:42,120 | INFO | Batch 50 | Loss: 1.2759 | Correct: 73/128 | Elapsed Time: 13.18s
2026-02-10 11:09:55,324 | INFO | Batch 60 | Loss: 1.2022 | Correct: 78/128 | Elapsed Time: 13.20s
2026-02-10 11:10:08,438 | INFO | Batch 70 | Loss: 1.2285 | Correct: 66/128 | Elapsed Time: 13.11s
2026-02-10 11:10:21,642 | INFO | Batch 80 | Loss: 1.2352 | Correct: 66/128 | Elapsed Time: 13.20s
2026-02-10 11:10:34,788 | INFO | Batch 90 | Loss: 1.3397 | Correct: 67/128 | Elapsed Time: 13.15s
2026-02-10 11:10:47,822 | INFO | Batch 100 | Loss: 1.3324 | Correct: 66/128 | Elapsed Time: 13.03s
2026-02-10 11:11:00,953 | INFO | Batch 110 | Loss: 1.2554 | Correct: 73/128 | Elapsed Time: 13.13s
2026-02-10 11:11:14,156 | INFO | Batch 120 | Loss: 1.0671 | Correct: 82/128 | Elapsed Time: 13.20s
2026-02-10 11:11:27,210 | INFO | Batch 130 | Loss: 1.2759 | Correct: 66/128 | Elapsed Time: 13.05s
2026-02-10 11:11:40,518 | INFO | Batch 140 | Loss: 1.2022 | Correct: 72/128 | Elapsed Time: 13.31s
2026-02-10 11:11:53,761 | INFO | Batch 150 | Loss: 1.0964 | Correct: 76/128 | Elapsed Time: 13.24s
2026-02-10 11:12:06,873 | INFO | Batch 160 | Loss: 1.1144 | Correct: 72/128 | Elapsed Time: 13.11s
2026-02-10 11:12:20,030 | INFO | Batch 170 | Loss: 1.2419 | Correct: 72/128 | Elapsed Time: 13.16s
2026-02-10 11:12:33,143 | INFO | Batch 180 | Loss: 1.1637 | Correct: 75/128 | Elapsed Time: 13.11s
2026-02-10 11:12:46,230 | INFO | Batch 190 | Loss: 1.2968 | Correct: 63/128 | Elapsed Time: 13.09s
2026-02-10 11:12:59,349 | INFO | Batch 200 | Loss: 1.1764 | Correct: 76/128 | Elapsed Time: 13.12s
2026-02-10 11:13:12,588 | INFO | Batch 210 | Loss: 1.0905 | Correct: 83/128 | Elapsed Time: 13.24s
2026-02-10 11:13:25,513 | INFO | Batch 220 | Loss: 1.3324 | Correct: 71/128 | Elapsed Time: 12.93s
2026-02-10 11:13:38,639 | INFO | Batch 230 | Loss: 1.1450 | Correct: 76/128 | Elapsed Time: 13.13s
2026-02-10 11:13:51,714 | INFO | Batch 240 | Loss: 1.3252 | Correct: 69/128 | Elapsed Time: 13.07s
2026-02-10 11:14:04,798 | INFO | Batch 250 | Loss: 1.1388 | Correct: 76/128 | Elapsed Time: 13.08s
2026-02-10 11:14:17,963 | INFO | Batch 260 | Loss: 1.3469 | Correct: 67/128 | Elapsed Time: 13.17s
2026-02-10 11:14:31,116 | INFO | Batch 270 | Loss: 1.2898 | Correct: 72/128 | Elapsed Time: 13.15s
2026-02-10 11:14:44,290 | INFO | Batch 280 | Loss: 1.1512 | Correct: 80/128 | Elapsed Time: 13.17s
2026-02-10 11:14:57,348 | INFO | Batch 290 | Loss: 1.1637 | Correct: 75/128 | Elapsed Time: 13.06s
2026-02-10 11:15:10,572 | INFO | Batch 300 | Loss: 1.2486 | Correct: 70/128 | Elapsed Time: 13.22s
2026-02-10 11:15:23,760 | INFO | Batch 310 | Loss: 1.3252 | Correct: 66/128 | Elapsed Time: 13.19s
2026-02-10 11:15:36,885 | INFO | Batch 320 | Loss: 1.3252 | Correct: 70/128 | Elapsed Time: 13.12s
2026-02-10 11:15:50,170 | INFO | Batch 330 | Loss: 1.1700 | Correct: 78/128 | Elapsed Time: 13.29s
2026-02-10 11:16:03,475 | INFO | Batch 340 | Loss: 1.1957 | Correct: 71/128 | Elapsed Time: 13.30s
2026-02-10 11:16:16,759 | INFO | Batch 350 | Loss: 1.1828 | Correct: 74/128 | Elapsed Time: 13.28s
2026-02-10 11:16:29,959 | INFO | Batch 360 | Loss: 1.1700 | Correct: 74/128 | Elapsed Time: 13.20s
2026-02-10 11:16:43,218 | INFO | Batch 370 | Loss: 1.4609 | Correct: 59/128 | Elapsed Time: 13.26s
2026-02-10 11:16:56,318 | INFO | Batch 380 | Loss: 1.2486 | Correct: 68/128 | Elapsed Time: 13.10s
2026-02-10 11:17:09,646 | INFO | Batch 390 | Loss: 1.1764 | Correct: 79/128 | Elapsed Time: 13.33s
2026-02-10 11:17:10,681 | INFO | Epoch [78/100] - Loss: 1.2184 | Correct: 28258/50000 (56.52%, 514.35s)
2026-02-10 11:17:57,531 | INFO | Validation - Loss: 1.3692 | Correct: 5161/10000 (51.61%) (46.85s)
2026-02-10 11:18:10,822 | INFO | Batch 10 | Loss: 1.2419 | Correct: 74/128 | Elapsed Time: 13.29s
2026-02-10 11:18:23,902 | INFO | Batch 20 | Loss: 1.1265 | Correct: 76/128 | Elapsed Time: 13.08s
2026-02-10 11:18:37,094 | INFO | Batch 30 | Loss: 1.0964 | Correct: 78/128 | Elapsed Time: 13.19s
2026-02-10 11:18:50,239 | INFO | Batch 40 | Loss: 1.1637 | Correct: 77/128 | Elapsed Time: 13.14s
2026-02-10 11:19:03,411 | INFO | Batch 50 | Loss: 1.1204 | Correct: 83/128 | Elapsed Time: 13.17s
2026-02-10 11:19:16,587 | INFO | Batch 60 | Loss: 1.2486 | Correct: 73/128 | Elapsed Time: 13.18s
2026-02-10 11:19:29,822 | INFO | Batch 70 | Loss: 1.1892 | Correct: 73/128 | Elapsed Time: 13.24s
2026-02-10 11:19:42,897 | INFO | Batch 80 | Loss: 1.2152 | Correct: 67/128 | Elapsed Time: 13.08s
2026-02-10 11:19:56,168 | INFO | Batch 90 | Loss: 1.2419 | Correct: 72/128 | Elapsed Time: 13.27s
2026-02-10 11:20:09,394 | INFO | Batch 100 | Loss: 1.1764 | Correct: 80/128 | Elapsed Time: 13.23s
2026-02-10 11:20:22,614 | INFO | Batch 110 | Loss: 1.2486 | Correct: 72/128 | Elapsed Time: 13.22s
2026-02-10 11:20:35,723 | INFO | Batch 120 | Loss: 1.1265 | Correct: 81/128 | Elapsed Time: 13.11s
2026-02-10 11:20:49,003 | INFO | Batch 130 | Loss: 1.1637 | Correct: 81/128 | Elapsed Time: 13.28s
2026-02-10 11:21:02,236 | INFO | Batch 140 | Loss: 1.1265 | Correct: 73/128 | Elapsed Time: 13.23s
2026-02-10 11:21:15,340 | INFO | Batch 150 | Loss: 1.0054 | Correct: 79/128 | Elapsed Time: 13.10s
2026-02-10 11:21:28,543 | INFO | Batch 160 | Loss: 1.1828 | Correct: 73/128 | Elapsed Time: 13.20s
2026-02-10 11:21:42,090 | INFO | Batch 170 | Loss: 1.0274 | Correct: 79/128 | Elapsed Time: 13.55s
2026-02-10 11:21:55,262 | INFO | Batch 180 | Loss: 1.2419 | Correct: 66/128 | Elapsed Time: 13.17s
2026-02-10 11:22:08,594 | INFO | Batch 190 | Loss: 1.3252 | Correct: 64/128 | Elapsed Time: 13.33s
2026-02-10 11:22:21,728 | INFO | Batch 200 | Loss: 1.3397 | Correct: 64/128 | Elapsed Time: 13.13s
2026-02-10 11:22:34,790 | INFO | Batch 210 | Loss: 1.0499 | Correct: 79/128 | Elapsed Time: 13.06s
2026-02-10 11:22:47,984 | INFO | Batch 220 | Loss: 1.2554 | Correct: 72/128 | Elapsed Time: 13.19s
2026-02-10 11:23:01,093 | INFO | Batch 230 | Loss: 1.1512 | Correct: 69/128 | Elapsed Time: 13.11s
2026-02-10 11:23:14,216 | INFO | Batch 240 | Loss: 1.2218 | Correct: 67/128 | Elapsed Time: 13.12s
2026-02-10 11:23:27,327 | INFO | Batch 250 | Loss: 1.1637 | Correct: 68/128 | Elapsed Time: 13.11s
2026-02-10 11:23:40,468 | INFO | Batch 260 | Loss: 1.1892 | Correct: 73/128 | Elapsed Time: 13.14s
2026-02-10 11:23:53,474 | INFO | Batch 270 | Loss: 1.0846 | Correct: 76/128 | Elapsed Time: 13.01s
2026-02-10 11:24:06,785 | INFO | Batch 280 | Loss: 1.1388 | Correct: 80/128 | Elapsed Time: 13.31s
2026-02-10 11:24:19,944 | INFO | Batch 290 | Loss: 1.2087 | Correct: 79/128 | Elapsed Time: 13.16s
2026-02-10 11:24:33,023 | INFO | Batch 300 | Loss: 1.3839 | Correct: 61/128 | Elapsed Time: 13.08s
2026-02-10 11:24:46,144 | INFO | Batch 310 | Loss: 1.2968 | Correct: 68/128 | Elapsed Time: 13.12s
2026-02-10 11:24:59,281 | INFO | Batch 320 | Loss: 1.1144 | Correct: 82/128 | Elapsed Time: 13.14s
2026-02-10 11:25:12,510 | INFO | Batch 330 | Loss: 1.3616 | Correct: 67/128 | Elapsed Time: 13.23s
2026-02-10 11:25:25,543 | INFO | Batch 340 | Loss: 1.2622 | Correct: 74/128 | Elapsed Time: 13.03s
2026-02-10 11:25:38,642 | INFO | Batch 350 | Loss: 1.1700 | Correct: 74/128 | Elapsed Time: 13.10s
2026-02-10 11:25:51,776 | INFO | Batch 360 | Loss: 1.3764 | Correct: 69/128 | Elapsed Time: 13.13s
2026-02-10 11:26:04,873 | INFO | Batch 370 | Loss: 1.2218 | Correct: 79/128 | Elapsed Time: 13.10s
2026-02-10 11:26:18,046 | INFO | Batch 380 | Loss: 1.2352 | Correct: 75/128 | Elapsed Time: 13.17s
2026-02-10 11:26:31,214 | INFO | Batch 390 | Loss: 1.2898 | Correct: 66/128 | Elapsed Time: 13.17s
2026-02-10 11:26:32,270 | INFO | Epoch [79/100] - Loss: 1.2126 | Correct: 28334/50000 (56.67%, 514.74s)
2026-02-10 11:27:19,029 | INFO | Validation - Loss: 1.2678 | Correct: 5558/10000 (55.58%) (46.76s)
2026-02-10 11:27:32,054 | INFO | Batch 10 | Loss: 1.3914 | Correct: 63/128 | Elapsed Time: 13.02s
2026-02-10 11:27:45,236 | INFO | Batch 20 | Loss: 1.2419 | Correct: 73/128 | Elapsed Time: 13.18s
2026-02-10 11:27:58,408 | INFO | Batch 30 | Loss: 1.0330 | Correct: 79/128 | Elapsed Time: 13.17s
2026-02-10 11:28:11,477 | INFO | Batch 40 | Loss: 1.1574 | Correct: 70/128 | Elapsed Time: 13.07s
2026-02-10 11:28:24,698 | INFO | Batch 50 | Loss: 1.2691 | Correct: 77/128 | Elapsed Time: 13.22s
2026-02-10 11:28:37,836 | INFO | Batch 60 | Loss: 1.2152 | Correct: 78/128 | Elapsed Time: 13.14s
2026-02-10 11:28:50,851 | INFO | Batch 70 | Loss: 1.1204 | Correct: 83/128 | Elapsed Time: 13.01s
2026-02-10 11:29:04,073 | INFO | Batch 80 | Loss: 1.0729 | Correct: 80/128 | Elapsed Time: 13.22s
2026-02-10 11:29:17,259 | INFO | Batch 90 | Loss: 1.2152 | Correct: 67/128 | Elapsed Time: 13.19s
2026-02-10 11:29:30,312 | INFO | Batch 100 | Loss: 1.1957 | Correct: 79/128 | Elapsed Time: 13.05s
2026-02-10 11:29:43,466 | INFO | Batch 110 | Loss: 1.2759 | Correct: 68/128 | Elapsed Time: 13.15s
2026-02-10 11:29:56,608 | INFO | Batch 120 | Loss: 1.4452 | Correct: 64/128 | Elapsed Time: 13.14s
2026-02-10 11:30:09,708 | INFO | Batch 130 | Loss: 1.2968 | Correct: 74/128 | Elapsed Time: 13.10s
2026-02-10 11:30:22,866 | INFO | Batch 140 | Loss: 1.1700 | Correct: 77/128 | Elapsed Time: 13.16s
2026-02-10 11:30:36,084 | INFO | Batch 150 | Loss: 1.2152 | Correct: 70/128 | Elapsed Time: 13.22s
2026-02-10 11:30:49,135 | INFO | Batch 160 | Loss: 1.3181 | Correct: 70/128 | Elapsed Time: 13.05s
2026-02-10 11:31:02,338 | INFO | Batch 170 | Loss: 1.4689 | Correct: 68/128 | Elapsed Time: 13.20s
2026-02-10 11:31:15,534 | INFO | Batch 180 | Loss: 1.1450 | Correct: 76/128 | Elapsed Time: 13.20s
2026-02-10 11:31:28,673 | INFO | Batch 190 | Loss: 1.2152 | Correct: 73/128 | Elapsed Time: 13.14s
2026-02-10 11:31:42,053 | INFO | Batch 200 | Loss: 1.3324 | Correct: 69/128 | Elapsed Time: 13.38s
2026-02-10 11:31:55,274 | INFO | Batch 210 | Loss: 1.1512 | Correct: 70/128 | Elapsed Time: 13.22s
2026-02-10 11:32:08,583 | INFO | Batch 220 | Loss: 1.1764 | Correct: 73/128 | Elapsed Time: 13.31s
2026-02-10 11:32:21,621 | INFO | Batch 230 | Loss: 1.2285 | Correct: 73/128 | Elapsed Time: 13.04s
2026-02-10 11:32:34,777 | INFO | Batch 240 | Loss: 1.1450 | Correct: 80/128 | Elapsed Time: 13.16s
2026-02-10 11:32:47,883 | INFO | Batch 250 | Loss: 1.2829 | Correct: 68/128 | Elapsed Time: 13.11s
2026-02-10 11:33:00,948 | INFO | Batch 260 | Loss: 1.1265 | Correct: 76/128 | Elapsed Time: 13.07s
2026-02-10 11:33:14,209 | INFO | Batch 270 | Loss: 1.2486 | Correct: 73/128 | Elapsed Time: 13.26s
2026-02-10 11:33:27,475 | INFO | Batch 280 | Loss: 1.2022 | Correct: 70/128 | Elapsed Time: 13.27s
2026-02-10 11:33:40,580 | INFO | Batch 290 | Loss: 1.2285 | Correct: 75/128 | Elapsed Time: 13.10s
2026-02-10 11:33:53,735 | INFO | Batch 300 | Loss: 1.4066 | Correct: 64/128 | Elapsed Time: 13.16s
2026-02-10 11:34:06,966 | INFO | Batch 310 | Loss: 1.4530 | Correct: 67/128 | Elapsed Time: 13.23s
2026-02-10 11:34:20,104 | INFO | Batch 320 | Loss: 1.3110 | Correct: 68/128 | Elapsed Time: 13.14s
2026-02-10 11:34:33,351 | INFO | Batch 330 | Loss: 1.3543 | Correct: 70/128 | Elapsed Time: 13.25s
2026-02-10 11:34:46,571 | INFO | Batch 340 | Loss: 1.1700 | Correct: 72/128 | Elapsed Time: 13.22s
2026-02-10 11:34:59,686 | INFO | Batch 350 | Loss: 1.3324 | Correct: 70/128 | Elapsed Time: 13.11s
2026-02-10 11:35:13,018 | INFO | Batch 360 | Loss: 1.3110 | Correct: 66/128 | Elapsed Time: 13.33s
2026-02-10 11:35:26,298 | INFO | Batch 370 | Loss: 1.3543 | Correct: 72/128 | Elapsed Time: 13.28s
2026-02-10 11:35:39,430 | INFO | Batch 380 | Loss: 1.3397 | Correct: 65/128 | Elapsed Time: 13.13s
2026-02-10 11:35:52,605 | INFO | Batch 390 | Loss: 1.3469 | Correct: 75/128 | Elapsed Time: 13.17s
2026-02-10 11:35:53,657 | INFO | Epoch [80/100] - Loss: 1.2226 | Correct: 28164/50000 (56.33%, 514.63s)
2026-02-10 11:36:40,881 | INFO | Validation - Loss: 1.2498 | Correct: 5587/10000 (55.87%) (47.22s)
2026-02-10 11:36:54,139 | INFO | Batch 10 | Loss: 1.2486 | Correct: 70/128 | Elapsed Time: 13.25s
2026-02-10 11:37:07,393 | INFO | Batch 20 | Loss: 1.2968 | Correct: 71/128 | Elapsed Time: 13.25s
2026-02-10 11:37:20,565 | INFO | Batch 30 | Loss: 1.2898 | Correct: 71/128 | Elapsed Time: 13.17s
2026-02-10 11:37:33,812 | INFO | Batch 40 | Loss: 1.1764 | Correct: 73/128 | Elapsed Time: 13.25s
2026-02-10 11:37:47,031 | INFO | Batch 50 | Loss: 1.2759 | Correct: 67/128 | Elapsed Time: 13.22s
2026-02-10 11:38:00,171 | INFO | Batch 60 | Loss: 1.3252 | Correct: 68/128 | Elapsed Time: 13.14s
2026-02-10 11:38:13,484 | INFO | Batch 70 | Loss: 1.1700 | Correct: 76/128 | Elapsed Time: 13.31s
2026-02-10 11:38:26,707 | INFO | Batch 80 | Loss: 1.2829 | Correct: 68/128 | Elapsed Time: 13.22s
2026-02-10 11:38:39,875 | INFO | Batch 90 | Loss: 0.9422 | Correct: 80/128 | Elapsed Time: 13.17s
2026-02-10 11:38:53,061 | INFO | Batch 100 | Loss: 1.0219 | Correct: 80/128 | Elapsed Time: 13.19s
2026-02-10 11:39:06,289 | INFO | Batch 110 | Loss: 1.2829 | Correct: 68/128 | Elapsed Time: 13.23s
2026-02-10 11:39:19,361 | INFO | Batch 120 | Loss: 1.2691 | Correct: 71/128 | Elapsed Time: 13.07s
2026-02-10 11:39:32,651 | INFO | Batch 130 | Loss: 1.2691 | Correct: 73/128 | Elapsed Time: 13.29s
2026-02-10 11:39:45,860 | INFO | Batch 140 | Loss: 1.2022 | Correct: 78/128 | Elapsed Time: 13.21s
2026-02-10 11:39:59,006 | INFO | Batch 150 | Loss: 1.2691 | Correct: 70/128 | Elapsed Time: 13.15s
2026-02-10 11:40:12,336 | INFO | Batch 160 | Loss: 1.2218 | Correct: 72/128 | Elapsed Time: 13.33s
2026-02-10 11:40:25,628 | INFO | Batch 170 | Loss: 1.2152 | Correct: 70/128 | Elapsed Time: 13.29s
2026-02-10 11:40:38,742 | INFO | Batch 180 | Loss: 1.3039 | Correct: 71/128 | Elapsed Time: 13.11s
2026-02-10 11:40:51,913 | INFO | Batch 190 | Loss: 1.3110 | Correct: 67/128 | Elapsed Time: 13.17s
2026-02-10 11:41:05,196 | INFO | Batch 200 | Loss: 0.9839 | Correct: 80/128 | Elapsed Time: 13.28s
2026-02-10 11:41:18,340 | INFO | Batch 210 | Loss: 1.3039 | Correct: 69/128 | Elapsed Time: 13.14s
2026-02-10 11:41:31,572 | INFO | Batch 220 | Loss: 1.1828 | Correct: 68/128 | Elapsed Time: 13.23s
2026-02-10 11:41:44,925 | INFO | Batch 230 | Loss: 1.2218 | Correct: 66/128 | Elapsed Time: 13.35s
2026-02-10 11:41:58,009 | INFO | Batch 240 | Loss: 1.2829 | Correct: 72/128 | Elapsed Time: 13.08s
2026-02-10 11:42:11,284 | INFO | Batch 250 | Loss: 1.1892 | Correct: 78/128 | Elapsed Time: 13.28s
2026-02-10 11:42:24,542 | INFO | Batch 260 | Loss: 1.1265 | Correct: 80/128 | Elapsed Time: 13.26s
2026-02-10 11:42:37,609 | INFO | Batch 270 | Loss: 1.1892 | Correct: 77/128 | Elapsed Time: 13.07s
2026-02-10 11:42:50,766 | INFO | Batch 280 | Loss: 1.0905 | Correct: 72/128 | Elapsed Time: 13.16s
2026-02-10 11:43:03,986 | INFO | Batch 290 | Loss: 1.3469 | Correct: 70/128 | Elapsed Time: 13.22s
2026-02-10 11:43:17,132 | INFO | Batch 300 | Loss: 0.8829 | Correct: 90/128 | Elapsed Time: 13.15s
2026-02-10 11:43:30,173 | INFO | Batch 310 | Loss: 1.3616 | Correct: 62/128 | Elapsed Time: 13.04s
2026-02-10 11:43:43,378 | INFO | Batch 320 | Loss: 1.2898 | Correct: 71/128 | Elapsed Time: 13.21s
2026-02-10 11:43:56,569 | INFO | Batch 330 | Loss: 1.1450 | Correct: 78/128 | Elapsed Time: 13.19s
2026-02-10 11:44:09,698 | INFO | Batch 340 | Loss: 1.1204 | Correct: 76/128 | Elapsed Time: 13.13s
2026-02-10 11:44:22,903 | INFO | Batch 350 | Loss: 1.1957 | Correct: 75/128 | Elapsed Time: 13.21s
2026-02-10 11:44:36,048 | INFO | Batch 360 | Loss: 1.3990 | Correct: 67/128 | Elapsed Time: 13.14s
2026-02-10 11:44:49,110 | INFO | Batch 370 | Loss: 1.2218 | Correct: 71/128 | Elapsed Time: 13.06s
2026-02-10 11:45:02,292 | INFO | Batch 380 | Loss: 1.2218 | Correct: 72/128 | Elapsed Time: 13.18s
2026-02-10 11:45:15,454 | INFO | Batch 390 | Loss: 1.2622 | Correct: 68/128 | Elapsed Time: 13.16s
2026-02-10 11:45:16,501 | INFO | Epoch [81/100] - Loss: 1.2210 | Correct: 28298/50000 (56.60%, 515.62s)
2026-02-10 11:46:03,098 | INFO | Validation - Loss: 1.2732 | Correct: 5495/10000 (54.95%) (46.60s)
2026-02-10 11:46:16,345 | INFO | Batch 10 | Loss: 1.0729 | Correct: 75/128 | Elapsed Time: 13.24s
2026-02-10 11:46:29,446 | INFO | Batch 20 | Loss: 1.2691 | Correct: 69/128 | Elapsed Time: 13.10s
2026-02-10 11:46:42,571 | INFO | Batch 30 | Loss: 1.2622 | Correct: 70/128 | Elapsed Time: 13.12s
2026-02-10 11:46:55,781 | INFO | Batch 40 | Loss: 1.1388 | Correct: 75/128 | Elapsed Time: 13.21s
2026-02-10 11:47:08,840 | INFO | Batch 50 | Loss: 1.2352 | Correct: 77/128 | Elapsed Time: 13.06s
2026-02-10 11:47:21,976 | INFO | Batch 60 | Loss: 1.1388 | Correct: 72/128 | Elapsed Time: 13.14s
2026-02-10 11:47:35,130 | INFO | Batch 70 | Loss: 1.0964 | Correct: 75/128 | Elapsed Time: 13.15s
2026-02-10 11:47:48,152 | INFO | Batch 80 | Loss: 1.1637 | Correct: 76/128 | Elapsed Time: 13.02s
2026-02-10 11:48:01,310 | INFO | Batch 90 | Loss: 1.1892 | Correct: 73/128 | Elapsed Time: 13.16s
2026-02-10 11:48:14,582 | INFO | Batch 100 | Loss: 1.3181 | Correct: 69/128 | Elapsed Time: 13.27s
2026-02-10 11:48:27,619 | INFO | Batch 110 | Loss: 1.1084 | Correct: 72/128 | Elapsed Time: 13.04s
2026-02-10 11:48:40,796 | INFO | Batch 120 | Loss: 1.1204 | Correct: 78/128 | Elapsed Time: 13.18s
2026-02-10 11:48:53,956 | INFO | Batch 130 | Loss: 1.1700 | Correct: 76/128 | Elapsed Time: 13.16s
2026-02-10 11:49:07,016 | INFO | Batch 140 | Loss: 1.1265 | Correct: 70/128 | Elapsed Time: 13.06s
2026-02-10 11:49:20,144 | INFO | Batch 150 | Loss: 1.2691 | Correct: 64/128 | Elapsed Time: 13.13s
2026-02-10 11:49:33,296 | INFO | Batch 160 | Loss: 1.1326 | Correct: 76/128 | Elapsed Time: 13.15s
2026-02-10 11:49:46,346 | INFO | Batch 170 | Loss: 1.1144 | Correct: 79/128 | Elapsed Time: 13.05s
2026-02-10 11:49:59,459 | INFO | Batch 180 | Loss: 1.1637 | Correct: 78/128 | Elapsed Time: 13.11s
2026-02-10 11:50:12,643 | INFO | Batch 190 | Loss: 1.1265 | Correct: 77/128 | Elapsed Time: 13.18s
2026-02-10 11:50:25,774 | INFO | Batch 200 | Loss: 1.1637 | Correct: 74/128 | Elapsed Time: 13.13s
2026-02-10 11:50:38,975 | INFO | Batch 210 | Loss: 1.2554 | Correct: 65/128 | Elapsed Time: 13.20s
2026-02-10 11:50:52,170 | INFO | Batch 220 | Loss: 1.3181 | Correct: 67/128 | Elapsed Time: 13.19s
2026-02-10 11:51:05,367 | INFO | Batch 230 | Loss: 1.2898 | Correct: 63/128 | Elapsed Time: 13.20s
2026-02-10 11:51:18,537 | INFO | Batch 240 | Loss: 1.0109 | Correct: 84/128 | Elapsed Time: 13.17s
2026-02-10 11:51:31,678 | INFO | Batch 250 | Loss: 1.0729 | Correct: 80/128 | Elapsed Time: 13.14s
2026-02-10 11:51:45,224 | INFO | Batch 260 | Loss: 1.2691 | Correct: 69/128 | Elapsed Time: 13.55s
2026-02-10 11:51:58,254 | INFO | Batch 270 | Loss: 1.1024 | Correct: 80/128 | Elapsed Time: 13.03s
2026-02-10 11:52:11,401 | INFO | Batch 280 | Loss: 1.1024 | Correct: 82/128 | Elapsed Time: 13.15s
2026-02-10 11:52:24,554 | INFO | Batch 290 | Loss: 1.2554 | Correct: 71/128 | Elapsed Time: 13.15s
2026-02-10 11:52:37,751 | INFO | Batch 300 | Loss: 1.1892 | Correct: 71/128 | Elapsed Time: 13.20s
2026-02-10 11:52:51,020 | INFO | Batch 310 | Loss: 1.2829 | Correct: 68/128 | Elapsed Time: 13.27s
2026-02-10 11:53:04,326 | INFO | Batch 320 | Loss: 1.1388 | Correct: 73/128 | Elapsed Time: 13.31s
2026-02-10 11:53:17,441 | INFO | Batch 330 | Loss: 1.2622 | Correct: 70/128 | Elapsed Time: 13.11s
2026-02-10 11:53:30,689 | INFO | Batch 340 | Loss: 1.1574 | Correct: 74/128 | Elapsed Time: 13.25s
2026-02-10 11:53:43,920 | INFO | Batch 350 | Loss: 1.2968 | Correct: 67/128 | Elapsed Time: 13.23s
2026-02-10 11:53:57,103 | INFO | Batch 360 | Loss: 1.2759 | Correct: 75/128 | Elapsed Time: 13.18s
2026-02-10 11:54:10,412 | INFO | Batch 370 | Loss: 1.1512 | Correct: 74/128 | Elapsed Time: 13.31s
2026-02-10 11:54:23,605 | INFO | Batch 380 | Loss: 1.2829 | Correct: 72/128 | Elapsed Time: 13.19s
2026-02-10 11:54:36,347 | INFO | Batch 390 | Loss: 1.0556 | Correct: 75/128 | Elapsed Time: 12.74s
2026-02-10 11:54:37,370 | INFO | Epoch [82/100] - Loss: 1.2119 | Correct: 28369/50000 (56.74%, 514.27s)
2026-02-10 11:55:24,452 | INFO | Validation - Loss: 1.2938 | Correct: 5422/10000 (54.22%) (47.08s)
2026-02-10 11:55:37,586 | INFO | Batch 10 | Loss: 1.1828 | Correct: 78/128 | Elapsed Time: 13.13s
2026-02-10 11:55:50,792 | INFO | Batch 20 | Loss: 1.2087 | Correct: 72/128 | Elapsed Time: 13.21s
2026-02-10 11:56:04,137 | INFO | Batch 30 | Loss: 1.2352 | Correct: 71/128 | Elapsed Time: 13.34s
2026-02-10 11:56:17,290 | INFO | Batch 40 | Loss: 1.3397 | Correct: 64/128 | Elapsed Time: 13.15s
2026-02-10 11:56:30,573 | INFO | Batch 50 | Loss: 1.0964 | Correct: 75/128 | Elapsed Time: 13.28s
2026-02-10 11:56:43,786 | INFO | Batch 60 | Loss: 1.1388 | Correct: 83/128 | Elapsed Time: 13.21s
2026-02-10 11:56:56,946 | INFO | Batch 70 | Loss: 1.1764 | Correct: 78/128 | Elapsed Time: 13.16s
2026-02-10 11:57:10,227 | INFO | Batch 80 | Loss: 1.2486 | Correct: 69/128 | Elapsed Time: 13.28s
2026-02-10 11:57:23,445 | INFO | Batch 90 | Loss: 1.0846 | Correct: 74/128 | Elapsed Time: 13.22s
2026-02-10 11:57:36,564 | INFO | Batch 100 | Loss: 1.2419 | Correct: 73/128 | Elapsed Time: 13.12s
2026-02-10 11:57:49,795 | INFO | Batch 110 | Loss: 1.2218 | Correct: 72/128 | Elapsed Time: 13.23s
2026-02-10 11:58:03,062 | INFO | Batch 120 | Loss: 1.0614 | Correct: 84/128 | Elapsed Time: 13.27s
2026-02-10 11:58:16,171 | INFO | Batch 130 | Loss: 1.1957 | Correct: 67/128 | Elapsed Time: 13.11s
2026-02-10 11:58:29,420 | INFO | Batch 140 | Loss: 1.1204 | Correct: 70/128 | Elapsed Time: 13.25s
2026-02-10 11:58:42,593 | INFO | Batch 150 | Loss: 1.3181 | Correct: 71/128 | Elapsed Time: 13.17s
2026-02-10 11:58:55,752 | INFO | Batch 160 | Loss: 1.1764 | Correct: 74/128 | Elapsed Time: 13.16s
2026-02-10 11:59:08,925 | INFO | Batch 170 | Loss: 1.1204 | Correct: 79/128 | Elapsed Time: 13.17s
2026-02-10 11:59:22,096 | INFO | Batch 180 | Loss: 1.1265 | Correct: 80/128 | Elapsed Time: 13.17s
2026-02-10 11:59:35,272 | INFO | Batch 190 | Loss: 1.1388 | Correct: 78/128 | Elapsed Time: 13.18s
2026-02-10 11:59:48,344 | INFO | Batch 200 | Loss: 1.0499 | Correct: 84/128 | Elapsed Time: 13.07s
2026-02-10 12:00:01,537 | INFO | Batch 210 | Loss: 1.1204 | Correct: 77/128 | Elapsed Time: 13.19s
2026-02-10 12:00:14,796 | INFO | Batch 220 | Loss: 1.3397 | Correct: 71/128 | Elapsed Time: 13.26s
2026-02-10 12:00:27,810 | INFO | Batch 230 | Loss: 1.0386 | Correct: 84/128 | Elapsed Time: 13.01s
2026-02-10 12:00:40,947 | INFO | Batch 240 | Loss: 1.1512 | Correct: 78/128 | Elapsed Time: 13.14s
2026-02-10 12:00:54,079 | INFO | Batch 250 | Loss: 1.1828 | Correct: 74/128 | Elapsed Time: 13.13s
2026-02-10 12:01:07,260 | INFO | Batch 260 | Loss: 1.1764 | Correct: 74/128 | Elapsed Time: 13.18s
2026-02-10 12:01:20,334 | INFO | Batch 270 | Loss: 1.1892 | Correct: 71/128 | Elapsed Time: 13.07s
2026-02-10 12:01:33,435 | INFO | Batch 280 | Loss: 1.1450 | Correct: 74/128 | Elapsed Time: 13.10s
2026-02-10 12:01:46,708 | INFO | Batch 290 | Loss: 1.4689 | Correct: 61/128 | Elapsed Time: 13.27s
2026-02-10 12:01:59,842 | INFO | Batch 300 | Loss: 1.1512 | Correct: 75/128 | Elapsed Time: 13.13s
2026-02-10 12:02:13,072 | INFO | Batch 310 | Loss: 1.2087 | Correct: 75/128 | Elapsed Time: 13.23s
2026-02-10 12:02:26,111 | INFO | Batch 320 | Loss: 1.1700 | Correct: 71/128 | Elapsed Time: 13.04s
2026-02-10 12:02:39,317 | INFO | Batch 330 | Loss: 1.2691 | Correct: 71/128 | Elapsed Time: 13.21s
2026-02-10 12:02:52,453 | INFO | Batch 340 | Loss: 1.1764 | Correct: 73/128 | Elapsed Time: 13.14s
2026-02-10 12:03:05,472 | INFO | Batch 350 | Loss: 1.1637 | Correct: 75/128 | Elapsed Time: 13.02s
2026-02-10 12:03:18,558 | INFO | Batch 360 | Loss: 1.1892 | Correct: 72/128 | Elapsed Time: 13.09s
2026-02-10 12:03:31,717 | INFO | Batch 370 | Loss: 1.5339 | Correct: 57/128 | Elapsed Time: 13.16s
2026-02-10 12:03:44,703 | INFO | Batch 380 | Loss: 1.1084 | Correct: 72/128 | Elapsed Time: 12.99s
2026-02-10 12:03:57,908 | INFO | Batch 390 | Loss: 1.1637 | Correct: 71/128 | Elapsed Time: 13.20s
2026-02-10 12:03:58,946 | INFO | Epoch [83/100] - Loss: 1.2094 | Correct: 28328/50000 (56.66%, 514.49s)
2026-02-10 12:04:45,581 | INFO | Validation - Loss: 1.2725 | Correct: 5490/10000 (54.90%) (46.63s)
2026-02-10 12:04:58,734 | INFO | Batch 10 | Loss: 1.4929 | Correct: 60/128 | Elapsed Time: 13.15s
2026-02-10 12:05:12,002 | INFO | Batch 20 | Loss: 1.1326 | Correct: 72/128 | Elapsed Time: 13.27s
2026-02-10 12:05:25,058 | INFO | Batch 30 | Loss: 1.1204 | Correct: 77/128 | Elapsed Time: 13.06s
2026-02-10 12:05:38,201 | INFO | Batch 40 | Loss: 1.2218 | Correct: 78/128 | Elapsed Time: 13.14s
2026-02-10 12:05:51,361 | INFO | Batch 50 | Loss: 1.2968 | Correct: 68/128 | Elapsed Time: 13.16s
2026-02-10 12:06:04,512 | INFO | Batch 60 | Loss: 1.1700 | Correct: 80/128 | Elapsed Time: 13.15s
2026-02-10 12:06:17,681 | INFO | Batch 70 | Loss: 1.3110 | Correct: 68/128 | Elapsed Time: 13.17s
2026-02-10 12:06:30,784 | INFO | Batch 80 | Loss: 1.0964 | Correct: 80/128 | Elapsed Time: 13.10s
2026-02-10 12:06:43,797 | INFO | Batch 90 | Loss: 1.0499 | Correct: 77/128 | Elapsed Time: 13.01s
2026-02-10 12:06:56,926 | INFO | Batch 100 | Loss: 1.1024 | Correct: 78/128 | Elapsed Time: 13.13s
2026-02-10 12:07:10,177 | INFO | Batch 110 | Loss: 1.1144 | Correct: 75/128 | Elapsed Time: 13.25s
2026-02-10 12:07:23,247 | INFO | Batch 120 | Loss: 1.3324 | Correct: 68/128 | Elapsed Time: 13.07s
2026-02-10 12:07:36,343 | INFO | Batch 130 | Loss: 1.1204 | Correct: 77/128 | Elapsed Time: 13.10s
2026-02-10 12:07:49,447 | INFO | Batch 140 | Loss: 1.2691 | Correct: 73/128 | Elapsed Time: 13.10s
2026-02-10 12:08:02,469 | INFO | Batch 150 | Loss: 1.2087 | Correct: 76/128 | Elapsed Time: 13.02s
2026-02-10 12:08:15,722 | INFO | Batch 160 | Loss: 1.3039 | Correct: 69/128 | Elapsed Time: 13.25s
2026-02-10 12:08:28,856 | INFO | Batch 170 | Loss: 1.2829 | Correct: 74/128 | Elapsed Time: 13.13s
2026-02-10 12:08:41,791 | INFO | Batch 180 | Loss: 1.0614 | Correct: 81/128 | Elapsed Time: 12.94s
2026-02-10 12:08:54,932 | INFO | Batch 190 | Loss: 1.1512 | Correct: 77/128 | Elapsed Time: 13.14s
2026-02-10 12:09:08,092 | INFO | Batch 200 | Loss: 1.2152 | Correct: 79/128 | Elapsed Time: 13.16s
2026-02-10 12:09:21,141 | INFO | Batch 210 | Loss: 1.1764 | Correct: 72/128 | Elapsed Time: 13.05s
2026-02-10 12:09:34,172 | INFO | Batch 220 | Loss: 1.1024 | Correct: 80/128 | Elapsed Time: 13.03s
2026-02-10 12:09:47,278 | INFO | Batch 230 | Loss: 1.1957 | Correct: 67/128 | Elapsed Time: 13.11s
2026-02-10 12:10:00,364 | INFO | Batch 240 | Loss: 1.3839 | Correct: 63/128 | Elapsed Time: 13.09s
2026-02-10 12:10:13,427 | INFO | Batch 250 | Loss: 1.1084 | Correct: 84/128 | Elapsed Time: 13.06s
2026-02-10 12:10:26,571 | INFO | Batch 260 | Loss: 1.2554 | Correct: 78/128 | Elapsed Time: 13.14s
2026-02-10 12:10:39,677 | INFO | Batch 270 | Loss: 1.2486 | Correct: 70/128 | Elapsed Time: 13.11s
2026-02-10 12:10:52,667 | INFO | Batch 280 | Loss: 1.4374 | Correct: 62/128 | Elapsed Time: 12.99s
2026-02-10 12:11:05,887 | INFO | Batch 290 | Loss: 1.3397 | Correct: 70/128 | Elapsed Time: 13.22s
2026-02-10 12:11:19,003 | INFO | Batch 300 | Loss: 1.2022 | Correct: 73/128 | Elapsed Time: 13.12s
2026-02-10 12:11:32,008 | INFO | Batch 310 | Loss: 1.2759 | Correct: 67/128 | Elapsed Time: 13.01s
2026-02-10 12:11:45,373 | INFO | Batch 320 | Loss: 1.2554 | Correct: 69/128 | Elapsed Time: 13.36s
2026-02-10 12:11:58,532 | INFO | Batch 330 | Loss: 1.1144 | Correct: 80/128 | Elapsed Time: 13.16s
2026-02-10 12:12:11,795 | INFO | Batch 340 | Loss: 1.0788 | Correct: 82/128 | Elapsed Time: 13.26s
2026-02-10 12:12:25,017 | INFO | Batch 350 | Loss: 1.0671 | Correct: 80/128 | Elapsed Time: 13.22s
2026-02-10 12:12:38,173 | INFO | Batch 360 | Loss: 1.2022 | Correct: 75/128 | Elapsed Time: 13.16s
2026-02-10 12:12:51,173 | INFO | Batch 370 | Loss: 1.3252 | Correct: 64/128 | Elapsed Time: 13.00s
2026-02-10 12:13:04,424 | INFO | Batch 380 | Loss: 1.2486 | Correct: 76/128 | Elapsed Time: 13.25s
2026-02-10 12:13:17,569 | INFO | Batch 390 | Loss: 1.2218 | Correct: 72/128 | Elapsed Time: 13.15s
2026-02-10 12:13:18,617 | INFO | Epoch [84/100] - Loss: 1.2098 | Correct: 28450/50000 (56.90%, 513.03s)
2026-02-10 12:14:05,139 | INFO | Validation - Loss: 1.2100 | Correct: 5783/10000 (57.83%) (46.52s)
2026-02-10 12:14:18,187 | INFO | Batch 10 | Loss: 1.3039 | Correct: 67/128 | Elapsed Time: 13.04s
2026-02-10 12:14:31,312 | INFO | Batch 20 | Loss: 1.4452 | Correct: 59/128 | Elapsed Time: 13.13s
2026-02-10 12:14:44,483 | INFO | Batch 30 | Loss: 1.1828 | Correct: 73/128 | Elapsed Time: 13.17s
2026-02-10 12:14:57,657 | INFO | Batch 40 | Loss: 1.1700 | Correct: 77/128 | Elapsed Time: 13.17s
2026-02-10 12:15:10,754 | INFO | Batch 50 | Loss: 1.2352 | Correct: 73/128 | Elapsed Time: 13.10s
2026-02-10 12:15:23,935 | INFO | Batch 60 | Loss: 1.3039 | Correct: 69/128 | Elapsed Time: 13.18s
2026-02-10 12:15:37,130 | INFO | Batch 70 | Loss: 1.4452 | Correct: 63/128 | Elapsed Time: 13.19s
2026-02-10 12:15:50,217 | INFO | Batch 80 | Loss: 1.1265 | Correct: 76/128 | Elapsed Time: 13.09s
2026-02-10 12:16:03,484 | INFO | Batch 90 | Loss: 1.1700 | Correct: 70/128 | Elapsed Time: 13.27s
2026-02-10 12:16:16,772 | INFO | Batch 100 | Loss: 1.1574 | Correct: 74/128 | Elapsed Time: 13.29s
2026-02-10 12:16:29,897 | INFO | Batch 110 | Loss: 0.9892 | Correct: 82/128 | Elapsed Time: 13.12s
2026-02-10 12:16:43,139 | INFO | Batch 120 | Loss: 1.0964 | Correct: 73/128 | Elapsed Time: 13.24s
2026-02-10 12:16:56,345 | INFO | Batch 130 | Loss: 1.2022 | Correct: 76/128 | Elapsed Time: 13.21s
2026-02-10 12:17:09,556 | INFO | Batch 140 | Loss: 1.2285 | Correct: 72/128 | Elapsed Time: 13.21s
2026-02-10 12:17:22,732 | INFO | Batch 150 | Loss: 1.3543 | Correct: 62/128 | Elapsed Time: 13.18s
2026-02-10 12:17:35,924 | INFO | Batch 160 | Loss: 1.1450 | Correct: 71/128 | Elapsed Time: 13.19s
2026-02-10 12:17:48,901 | INFO | Batch 170 | Loss: 1.2554 | Correct: 79/128 | Elapsed Time: 12.98s
2026-02-10 12:18:02,022 | INFO | Batch 180 | Loss: 1.4689 | Correct: 54/128 | Elapsed Time: 13.12s
2026-02-10 12:18:15,279 | INFO | Batch 190 | Loss: 1.0846 | Correct: 78/128 | Elapsed Time: 13.26s
2026-02-10 12:18:28,276 | INFO | Batch 200 | Loss: 1.2152 | Correct: 75/128 | Elapsed Time: 13.00s
2026-02-10 12:18:41,400 | INFO | Batch 210 | Loss: 1.2218 | Correct: 72/128 | Elapsed Time: 13.12s
2026-02-10 12:18:54,336 | INFO | Batch 220 | Loss: 1.0905 | Correct: 78/128 | Elapsed Time: 12.94s
2026-02-10 12:19:07,036 | INFO | Batch 230 | Loss: 1.1204 | Correct: 78/128 | Elapsed Time: 12.70s
2026-02-10 12:19:19,778 | INFO | Batch 240 | Loss: 1.3252 | Correct: 67/128 | Elapsed Time: 12.74s
2026-02-10 12:19:32,536 | INFO | Batch 250 | Loss: 1.1828 | Correct: 77/128 | Elapsed Time: 12.76s
2026-02-10 12:19:45,195 | INFO | Batch 260 | Loss: 1.1700 | Correct: 71/128 | Elapsed Time: 12.66s
2026-02-10 12:19:57,957 | INFO | Batch 270 | Loss: 1.1574 | Correct: 74/128 | Elapsed Time: 12.76s
2026-02-10 12:20:10,761 | INFO | Batch 280 | Loss: 1.3252 | Correct: 66/128 | Elapsed Time: 12.80s
2026-02-10 12:20:23,393 | INFO | Batch 290 | Loss: 1.3397 | Correct: 71/128 | Elapsed Time: 12.63s
2026-02-10 12:20:36,158 | INFO | Batch 300 | Loss: 1.1204 | Correct: 76/128 | Elapsed Time: 12.77s
2026-02-10 12:20:48,911 | INFO | Batch 310 | Loss: 1.3764 | Correct: 65/128 | Elapsed Time: 12.75s
2026-02-10 12:21:01,691 | INFO | Batch 320 | Loss: 1.3110 | Correct: 68/128 | Elapsed Time: 12.78s
2026-02-10 12:21:14,377 | INFO | Batch 330 | Loss: 1.1700 | Correct: 75/128 | Elapsed Time: 12.69s
2026-02-10 12:21:27,142 | INFO | Batch 340 | Loss: 1.1326 | Correct: 77/128 | Elapsed Time: 12.76s
2026-02-10 12:21:40,109 | INFO | Batch 350 | Loss: 1.2691 | Correct: 74/128 | Elapsed Time: 12.97s
2026-02-10 12:21:52,857 | INFO | Batch 360 | Loss: 1.2022 | Correct: 71/128 | Elapsed Time: 12.75s
2026-02-10 12:22:05,665 | INFO | Batch 370 | Loss: 1.4066 | Correct: 64/128 | Elapsed Time: 12.81s
2026-02-10 12:22:18,417 | INFO | Batch 380 | Loss: 1.2419 | Correct: 72/128 | Elapsed Time: 12.75s
2026-02-10 12:22:31,071 | INFO | Batch 390 | Loss: 1.1637 | Correct: 72/128 | Elapsed Time: 12.65s
2026-02-10 12:22:32,078 | INFO | Epoch [85/100] - Loss: 1.2072 | Correct: 28400/50000 (56.80%, 506.94s)
2026-02-10 12:23:17,180 | INFO | Validation - Loss: 1.2675 | Correct: 5501/10000 (55.01%) (45.10s)
2026-02-10 12:23:29,964 | INFO | Batch 10 | Loss: 1.0556 | Correct: 78/128 | Elapsed Time: 12.78s
2026-02-10 12:23:42,733 | INFO | Batch 20 | Loss: 1.2486 | Correct: 72/128 | Elapsed Time: 12.77s
2026-02-10 12:23:55,370 | INFO | Batch 30 | Loss: 1.3469 | Correct: 64/128 | Elapsed Time: 12.64s
2026-02-10 12:24:08,287 | INFO | Batch 40 | Loss: 1.0443 | Correct: 79/128 | Elapsed Time: 12.92s
2026-02-10 12:24:21,061 | INFO | Batch 50 | Loss: 1.2152 | Correct: 69/128 | Elapsed Time: 12.77s
2026-02-10 12:24:33,850 | INFO | Batch 60 | Loss: 1.3039 | Correct: 70/128 | Elapsed Time: 12.79s
2026-02-10 12:24:46,525 | INFO | Batch 70 | Loss: 1.2087 | Correct: 68/128 | Elapsed Time: 12.67s
2026-02-10 12:24:59,267 | INFO | Batch 80 | Loss: 0.8925 | Correct: 91/128 | Elapsed Time: 12.74s
2026-02-10 12:25:12,036 | INFO | Batch 90 | Loss: 1.2285 | Correct: 71/128 | Elapsed Time: 12.77s
2026-02-10 12:25:24,681 | INFO | Batch 100 | Loss: 1.2152 | Correct: 68/128 | Elapsed Time: 12.64s
2026-02-10 12:25:37,457 | INFO | Batch 110 | Loss: 1.2352 | Correct: 76/128 | Elapsed Time: 12.78s
2026-02-10 12:25:50,225 | INFO | Batch 120 | Loss: 1.2218 | Correct: 75/128 | Elapsed Time: 12.77s
2026-02-10 12:26:02,952 | INFO | Batch 130 | Loss: 1.2022 | Correct: 67/128 | Elapsed Time: 12.73s
2026-02-10 12:26:15,766 | INFO | Batch 140 | Loss: 1.1764 | Correct: 72/128 | Elapsed Time: 12.81s
2026-02-10 12:26:28,494 | INFO | Batch 150 | Loss: 1.1265 | Correct: 73/128 | Elapsed Time: 12.73s
2026-02-10 12:26:41,124 | INFO | Batch 160 | Loss: 1.1764 | Correct: 74/128 | Elapsed Time: 12.63s
2026-02-10 12:26:53,853 | INFO | Batch 170 | Loss: 1.1388 | Correct: 74/128 | Elapsed Time: 12.73s
2026-02-10 12:27:06,641 | INFO | Batch 180 | Loss: 1.1512 | Correct: 77/128 | Elapsed Time: 12.79s
2026-02-10 12:27:19,290 | INFO | Batch 190 | Loss: 1.2691 | Correct: 67/128 | Elapsed Time: 12.65s
2026-02-10 12:27:32,054 | INFO | Batch 200 | Loss: 1.0671 | Correct: 77/128 | Elapsed Time: 12.76s
2026-02-10 12:27:44,831 | INFO | Batch 210 | Loss: 1.0000 | Correct: 91/128 | Elapsed Time: 12.78s
2026-02-10 12:27:57,453 | INFO | Batch 220 | Loss: 1.2486 | Correct: 71/128 | Elapsed Time: 12.62s
2026-02-10 12:28:10,251 | INFO | Batch 230 | Loss: 0.9733 | Correct: 88/128 | Elapsed Time: 12.80s
2026-02-10 12:28:23,061 | INFO | Batch 240 | Loss: 1.2352 | Correct: 71/128 | Elapsed Time: 12.81s
2026-02-10 12:28:35,728 | INFO | Batch 250 | Loss: 1.2352 | Correct: 70/128 | Elapsed Time: 12.67s
2026-02-10 12:28:48,463 | INFO | Batch 260 | Loss: 1.1326 | Correct: 80/128 | Elapsed Time: 12.74s
2026-02-10 12:29:01,165 | INFO | Batch 270 | Loss: 1.1512 | Correct: 78/128 | Elapsed Time: 12.70s
2026-02-10 12:29:13,921 | INFO | Batch 280 | Loss: 1.2759 | Correct: 73/128 | Elapsed Time: 12.76s
2026-02-10 12:29:26,596 | INFO | Batch 290 | Loss: 1.2022 | Correct: 70/128 | Elapsed Time: 12.68s
2026-02-10 12:29:39,356 | INFO | Batch 300 | Loss: 1.3039 | Correct: 67/128 | Elapsed Time: 12.76s
2026-02-10 12:29:52,097 | INFO | Batch 310 | Loss: 1.2691 | Correct: 66/128 | Elapsed Time: 12.74s
2026-02-10 12:30:04,769 | INFO | Batch 320 | Loss: 1.2152 | Correct: 75/128 | Elapsed Time: 12.67s
2026-02-10 12:30:17,516 | INFO | Batch 330 | Loss: 1.0905 | Correct: 77/128 | Elapsed Time: 12.75s
2026-02-10 12:30:30,260 | INFO | Batch 340 | Loss: 1.2285 | Correct: 70/128 | Elapsed Time: 12.74s
2026-02-10 12:30:42,923 | INFO | Batch 350 | Loss: 1.3543 | Correct: 69/128 | Elapsed Time: 12.66s
2026-02-10 12:30:55,670 | INFO | Batch 360 | Loss: 1.0788 | Correct: 75/128 | Elapsed Time: 12.75s
2026-02-10 12:31:08,492 | INFO | Batch 370 | Loss: 1.1326 | Correct: 79/128 | Elapsed Time: 12.82s
2026-02-10 12:31:21,117 | INFO | Batch 380 | Loss: 1.1700 | Correct: 70/128 | Elapsed Time: 12.63s
2026-02-10 12:31:33,904 | INFO | Batch 390 | Loss: 1.2622 | Correct: 69/128 | Elapsed Time: 12.79s
2026-02-10 12:31:34,998 | INFO | Epoch [86/100] - Loss: 1.2057 | Correct: 28443/50000 (56.89%, 497.82s)
2026-02-10 12:32:20,262 | INFO | Validation - Loss: 1.2521 | Correct: 5544/10000 (55.44%) (45.26s)
2026-02-10 12:32:33,059 | INFO | Batch 10 | Loss: 1.1700 | Correct: 76/128 | Elapsed Time: 12.79s
2026-02-10 12:32:45,688 | INFO | Batch 20 | Loss: 1.1700 | Correct: 76/128 | Elapsed Time: 12.63s
2026-02-10 12:32:58,463 | INFO | Batch 30 | Loss: 1.0729 | Correct: 78/128 | Elapsed Time: 12.78s
2026-02-10 12:33:11,319 | INFO | Batch 40 | Loss: 1.1764 | Correct: 74/128 | Elapsed Time: 12.86s
2026-02-10 12:33:23,980 | INFO | Batch 50 | Loss: 1.1764 | Correct: 74/128 | Elapsed Time: 12.66s
2026-02-10 12:33:36,710 | INFO | Batch 60 | Loss: 1.3181 | Correct: 68/128 | Elapsed Time: 12.73s
2026-02-10 12:33:49,496 | INFO | Batch 70 | Loss: 1.2352 | Correct: 73/128 | Elapsed Time: 12.79s
2026-02-10 12:34:02,188 | INFO | Batch 80 | Loss: 1.4296 | Correct: 64/128 | Elapsed Time: 12.69s
2026-02-10 12:34:14,971 | INFO | Batch 90 | Loss: 1.3839 | Correct: 60/128 | Elapsed Time: 12.78s
2026-02-10 12:34:27,734 | INFO | Batch 100 | Loss: 1.1957 | Correct: 71/128 | Elapsed Time: 12.76s
2026-02-10 12:34:40,528 | INFO | Batch 110 | Loss: 1.1144 | Correct: 74/128 | Elapsed Time: 12.79s
2026-02-10 12:34:53,189 | INFO | Batch 120 | Loss: 1.0499 | Correct: 75/128 | Elapsed Time: 12.66s
2026-02-10 12:35:05,971 | INFO | Batch 130 | Loss: 1.3039 | Correct: 73/128 | Elapsed Time: 12.78s
2026-02-10 12:35:18,674 | INFO | Batch 140 | Loss: 1.1700 | Correct: 72/128 | Elapsed Time: 12.70s
2026-02-10 12:35:31,291 | INFO | Batch 150 | Loss: 1.3616 | Correct: 70/128 | Elapsed Time: 12.62s
2026-02-10 12:35:44,056 | INFO | Batch 160 | Loss: 1.1764 | Correct: 78/128 | Elapsed Time: 12.77s
2026-02-10 12:35:56,860 | INFO | Batch 170 | Loss: 1.2829 | Correct: 68/128 | Elapsed Time: 12.80s
2026-02-10 12:36:09,561 | INFO | Batch 180 | Loss: 1.3324 | Correct: 66/128 | Elapsed Time: 12.70s
2026-02-10 12:36:22,306 | INFO | Batch 190 | Loss: 1.0614 | Correct: 83/128 | Elapsed Time: 12.74s
2026-02-10 12:36:35,050 | INFO | Batch 200 | Loss: 1.2152 | Correct: 76/128 | Elapsed Time: 12.74s
2026-02-10 12:36:47,695 | INFO | Batch 210 | Loss: 1.2691 | Correct: 76/128 | Elapsed Time: 12.65s
2026-02-10 12:37:00,442 | INFO | Batch 220 | Loss: 1.2218 | Correct: 66/128 | Elapsed Time: 12.75s
2026-02-10 12:37:13,183 | INFO | Batch 230 | Loss: 1.1388 | Correct: 75/128 | Elapsed Time: 12.74s
2026-02-10 12:37:25,795 | INFO | Batch 240 | Loss: 1.0499 | Correct: 81/128 | Elapsed Time: 12.61s
2026-02-10 12:37:38,527 | INFO | Batch 250 | Loss: 1.2486 | Correct: 68/128 | Elapsed Time: 12.73s
2026-02-10 12:37:51,214 | INFO | Batch 260 | Loss: 1.2968 | Correct: 70/128 | Elapsed Time: 12.69s
2026-02-10 12:38:03,907 | INFO | Batch 270 | Loss: 1.3181 | Correct: 73/128 | Elapsed Time: 12.69s
2026-02-10 12:38:16,680 | INFO | Batch 280 | Loss: 1.1024 | Correct: 83/128 | Elapsed Time: 12.77s
2026-02-10 12:38:29,391 | INFO | Batch 290 | Loss: 1.1084 | Correct: 84/128 | Elapsed Time: 12.71s
2026-02-10 12:38:42,030 | INFO | Batch 300 | Loss: 1.2022 | Correct: 74/128 | Elapsed Time: 12.64s
2026-02-10 12:38:54,741 | INFO | Batch 310 | Loss: 1.1574 | Correct: 76/128 | Elapsed Time: 12.71s
2026-02-10 12:39:07,559 | INFO | Batch 320 | Loss: 1.2554 | Correct: 73/128 | Elapsed Time: 12.82s
2026-02-10 12:39:20,292 | INFO | Batch 330 | Loss: 1.1450 | Correct: 74/128 | Elapsed Time: 12.73s
2026-02-10 12:39:32,945 | INFO | Batch 340 | Loss: 1.1637 | Correct: 79/128 | Elapsed Time: 12.65s
2026-02-10 12:39:45,654 | INFO | Batch 350 | Loss: 1.2691 | Correct: 64/128 | Elapsed Time: 12.71s
2026-02-10 12:39:58,378 | INFO | Batch 360 | Loss: 1.2759 | Correct: 74/128 | Elapsed Time: 12.72s
2026-02-10 12:40:11,086 | INFO | Batch 370 | Loss: 1.2419 | Correct: 66/128 | Elapsed Time: 12.71s
2026-02-10 12:40:23,845 | INFO | Batch 380 | Loss: 1.4066 | Correct: 59/128 | Elapsed Time: 12.76s
2026-02-10 12:40:36,605 | INFO | Batch 390 | Loss: 1.3543 | Correct: 60/128 | Elapsed Time: 12.76s
2026-02-10 12:40:37,612 | INFO | Epoch [87/100] - Loss: 1.2066 | Correct: 28496/50000 (56.99%, 497.35s)
2026-02-10 12:41:22,763 | INFO | Validation - Loss: 1.3013 | Correct: 5321/10000 (53.21%) (45.15s)
2026-02-10 12:41:35,481 | INFO | Batch 10 | Loss: 1.2691 | Correct: 70/128 | Elapsed Time: 12.71s
2026-02-10 12:41:48,344 | INFO | Batch 20 | Loss: 1.1574 | Correct: 79/128 | Elapsed Time: 12.86s
2026-02-10 12:42:01,091 | INFO | Batch 30 | Loss: 1.3397 | Correct: 69/128 | Elapsed Time: 12.75s
2026-02-10 12:42:13,803 | INFO | Batch 40 | Loss: 1.1892 | Correct: 75/128 | Elapsed Time: 12.71s
2026-02-10 12:42:26,520 | INFO | Batch 50 | Loss: 1.0614 | Correct: 84/128 | Elapsed Time: 12.72s
2026-02-10 12:42:39,251 | INFO | Batch 60 | Loss: 1.2087 | Correct: 72/128 | Elapsed Time: 12.73s
2026-02-10 12:42:51,872 | INFO | Batch 70 | Loss: 1.2691 | Correct: 66/128 | Elapsed Time: 12.62s
2026-02-10 12:43:04,683 | INFO | Batch 80 | Loss: 1.2285 | Correct: 72/128 | Elapsed Time: 12.81s
2026-02-10 12:43:17,402 | INFO | Batch 90 | Loss: 1.3252 | Correct: 65/128 | Elapsed Time: 12.72s
2026-02-10 12:43:30,056 | INFO | Batch 100 | Loss: 1.2622 | Correct: 68/128 | Elapsed Time: 12.65s
2026-02-10 12:43:42,808 | INFO | Batch 110 | Loss: 1.2218 | Correct: 72/128 | Elapsed Time: 12.75s
2026-02-10 12:43:55,509 | INFO | Batch 120 | Loss: 1.2419 | Correct: 67/128 | Elapsed Time: 12.70s
2026-02-10 12:44:08,199 | INFO | Batch 130 | Loss: 1.1388 | Correct: 71/128 | Elapsed Time: 12.69s
2026-02-10 12:44:20,913 | INFO | Batch 140 | Loss: 1.1144 | Correct: 78/128 | Elapsed Time: 12.71s
2026-02-10 12:44:33,579 | INFO | Batch 150 | Loss: 1.3690 | Correct: 65/128 | Elapsed Time: 12.67s
2026-02-10 12:44:46,129 | INFO | Batch 160 | Loss: 1.1764 | Correct: 71/128 | Elapsed Time: 12.55s
2026-02-10 12:44:58,796 | INFO | Batch 170 | Loss: 1.3914 | Correct: 63/128 | Elapsed Time: 12.67s
2026-02-10 12:45:11,596 | INFO | Batch 180 | Loss: 1.1574 | Correct: 73/128 | Elapsed Time: 12.80s
2026-02-10 12:45:24,195 | INFO | Batch 190 | Loss: 1.2759 | Correct: 69/128 | Elapsed Time: 12.60s
2026-02-10 12:45:36,907 | INFO | Batch 200 | Loss: 1.1892 | Correct: 73/128 | Elapsed Time: 12.71s
2026-02-10 12:45:49,625 | INFO | Batch 210 | Loss: 1.3110 | Correct: 63/128 | Elapsed Time: 12.72s
2026-02-10 12:46:02,371 | INFO | Batch 220 | Loss: 1.0788 | Correct: 79/128 | Elapsed Time: 12.75s
2026-02-10 12:46:15,088 | INFO | Batch 230 | Loss: 1.2691 | Correct: 72/128 | Elapsed Time: 12.72s
2026-02-10 12:46:27,804 | INFO | Batch 240 | Loss: 1.2022 | Correct: 73/128 | Elapsed Time: 12.72s
2026-02-10 12:46:40,541 | INFO | Batch 250 | Loss: 1.1892 | Correct: 78/128 | Elapsed Time: 12.74s
2026-02-10 12:46:53,203 | INFO | Batch 260 | Loss: 1.2152 | Correct: 77/128 | Elapsed Time: 12.66s
2026-02-10 12:47:06,032 | INFO | Batch 270 | Loss: 1.2898 | Correct: 71/128 | Elapsed Time: 12.83s
2026-02-10 12:47:18,809 | INFO | Batch 280 | Loss: 1.3039 | Correct: 66/128 | Elapsed Time: 12.78s
2026-02-10 12:47:31,460 | INFO | Batch 290 | Loss: 1.1764 | Correct: 69/128 | Elapsed Time: 12.65s
2026-02-10 12:47:44,219 | INFO | Batch 300 | Loss: 1.2898 | Correct: 67/128 | Elapsed Time: 12.76s
2026-02-10 12:47:56,914 | INFO | Batch 310 | Loss: 1.1024 | Correct: 77/128 | Elapsed Time: 12.70s
2026-02-10 12:48:09,606 | INFO | Batch 320 | Loss: 1.1388 | Correct: 71/128 | Elapsed Time: 12.69s
2026-02-10 12:48:22,347 | INFO | Batch 330 | Loss: 1.1637 | Correct: 69/128 | Elapsed Time: 12.74s
2026-02-10 12:48:35,123 | INFO | Batch 340 | Loss: 1.1024 | Correct: 78/128 | Elapsed Time: 12.78s
2026-02-10 12:48:47,740 | INFO | Batch 350 | Loss: 0.9371 | Correct: 90/128 | Elapsed Time: 12.62s
2026-02-10 12:49:00,457 | INFO | Batch 360 | Loss: 1.1512 | Correct: 76/128 | Elapsed Time: 12.72s
2026-02-10 12:49:13,267 | INFO | Batch 370 | Loss: 1.0109 | Correct: 79/128 | Elapsed Time: 12.81s
2026-02-10 12:49:25,913 | INFO | Batch 380 | Loss: 1.3039 | Correct: 73/128 | Elapsed Time: 12.65s
2026-02-10 12:49:38,623 | INFO | Batch 390 | Loss: 1.2968 | Correct: 74/128 | Elapsed Time: 12.71s
2026-02-10 12:49:39,637 | INFO | Epoch [88/100] - Loss: 1.2044 | Correct: 28425/50000 (56.85%, 496.87s)
2026-02-10 12:50:24,670 | INFO | Validation - Loss: 1.5066 | Correct: 4707/10000 (47.07%) (45.03s)
2026-02-10 12:50:37,399 | INFO | Batch 10 | Loss: 1.1764 | Correct: 74/128 | Elapsed Time: 12.73s
2026-02-10 12:50:50,184 | INFO | Batch 20 | Loss: 1.1957 | Correct: 70/128 | Elapsed Time: 12.79s
2026-02-10 12:51:02,881 | INFO | Batch 30 | Loss: 1.1957 | Correct: 77/128 | Elapsed Time: 12.70s
2026-02-10 12:51:15,686 | INFO | Batch 40 | Loss: 1.2352 | Correct: 69/128 | Elapsed Time: 12.81s
2026-02-10 12:51:28,436 | INFO | Batch 50 | Loss: 1.1326 | Correct: 68/128 | Elapsed Time: 12.75s
2026-02-10 12:51:41,319 | INFO | Batch 60 | Loss: 1.3914 | Correct: 66/128 | Elapsed Time: 12.88s
2026-02-10 12:51:54,144 | INFO | Batch 70 | Loss: 1.1144 | Correct: 72/128 | Elapsed Time: 12.83s
2026-02-10 12:52:07,066 | INFO | Batch 80 | Loss: 1.1957 | Correct: 74/128 | Elapsed Time: 12.92s
2026-02-10 12:52:19,741 | INFO | Batch 90 | Loss: 1.1574 | Correct: 76/128 | Elapsed Time: 12.67s
2026-02-10 12:52:32,520 | INFO | Batch 100 | Loss: 1.1512 | Correct: 72/128 | Elapsed Time: 12.78s
2026-02-10 12:52:45,269 | INFO | Batch 110 | Loss: 1.1574 | Correct: 76/128 | Elapsed Time: 12.75s
2026-02-10 12:52:57,858 | INFO | Batch 120 | Loss: 1.3397 | Correct: 66/128 | Elapsed Time: 12.59s
2026-02-10 12:53:10,871 | INFO | Batch 130 | Loss: 1.1326 | Correct: 66/128 | Elapsed Time: 13.01s
2026-02-10 12:53:23,604 | INFO | Batch 140 | Loss: 1.1892 | Correct: 74/128 | Elapsed Time: 12.73s
2026-02-10 12:53:36,190 | INFO | Batch 150 | Loss: 1.2152 | Correct: 70/128 | Elapsed Time: 12.59s
2026-02-10 12:53:48,936 | INFO | Batch 160 | Loss: 1.1574 | Correct: 80/128 | Elapsed Time: 12.75s
2026-02-10 12:54:01,658 | INFO | Batch 170 | Loss: 1.2352 | Correct: 65/128 | Elapsed Time: 12.72s
2026-02-10 12:54:14,311 | INFO | Batch 180 | Loss: 1.1204 | Correct: 78/128 | Elapsed Time: 12.65s
2026-02-10 12:54:27,038 | INFO | Batch 190 | Loss: 1.2419 | Correct: 72/128 | Elapsed Time: 12.73s
2026-02-10 12:54:39,734 | INFO | Batch 200 | Loss: 1.1144 | Correct: 76/128 | Elapsed Time: 12.70s
2026-02-10 12:54:52,384 | INFO | Batch 210 | Loss: 1.1024 | Correct: 76/128 | Elapsed Time: 12.65s
2026-02-10 12:55:05,185 | INFO | Batch 220 | Loss: 1.0671 | Correct: 76/128 | Elapsed Time: 12.80s
2026-02-10 12:55:17,940 | INFO | Batch 230 | Loss: 1.2285 | Correct: 69/128 | Elapsed Time: 12.76s
2026-02-10 12:55:30,547 | INFO | Batch 240 | Loss: 1.0788 | Correct: 80/128 | Elapsed Time: 12.61s
2026-02-10 12:55:43,268 | INFO | Batch 250 | Loss: 1.2419 | Correct: 72/128 | Elapsed Time: 12.72s
2026-02-10 12:55:55,985 | INFO | Batch 260 | Loss: 1.2486 | Correct: 69/128 | Elapsed Time: 12.72s
2026-02-10 12:56:08,682 | INFO | Batch 270 | Loss: 1.0386 | Correct: 83/128 | Elapsed Time: 12.70s
2026-02-10 12:56:21,392 | INFO | Batch 280 | Loss: 1.0330 | Correct: 83/128 | Elapsed Time: 12.71s
2026-02-10 12:56:34,084 | INFO | Batch 290 | Loss: 1.3110 | Correct: 67/128 | Elapsed Time: 12.69s
2026-02-10 12:56:46,787 | INFO | Batch 300 | Loss: 1.1637 | Correct: 82/128 | Elapsed Time: 12.70s
2026-02-10 12:56:59,418 | INFO | Batch 310 | Loss: 1.1764 | Correct: 74/128 | Elapsed Time: 12.63s
2026-02-10 12:57:12,192 | INFO | Batch 320 | Loss: 1.2419 | Correct: 74/128 | Elapsed Time: 12.77s
2026-02-10 12:57:24,933 | INFO | Batch 330 | Loss: 1.2285 | Correct: 70/128 | Elapsed Time: 12.74s
2026-02-10 12:57:37,575 | INFO | Batch 340 | Loss: 1.2087 | Correct: 71/128 | Elapsed Time: 12.64s
2026-02-10 12:57:50,320 | INFO | Batch 350 | Loss: 1.3039 | Correct: 68/128 | Elapsed Time: 12.74s
2026-02-10 12:58:03,069 | INFO | Batch 360 | Loss: 1.2218 | Correct: 76/128 | Elapsed Time: 12.75s
2026-02-10 12:58:15,739 | INFO | Batch 370 | Loss: 1.1574 | Correct: 80/128 | Elapsed Time: 12.67s
2026-02-10 12:58:28,456 | INFO | Batch 380 | Loss: 1.1828 | Correct: 69/128 | Elapsed Time: 12.72s
2026-02-10 12:58:41,142 | INFO | Batch 390 | Loss: 1.1700 | Correct: 76/128 | Elapsed Time: 12.69s
2026-02-10 12:58:42,148 | INFO | Epoch [89/100] - Loss: 1.2029 | Correct: 28457/50000 (56.91%, 497.47s)
2026-02-10 12:59:27,251 | INFO | Validation - Loss: 1.4141 | Correct: 5072/10000 (50.72%) (45.10s)
2026-02-10 12:59:39,950 | INFO | Batch 10 | Loss: 1.1084 | Correct: 76/128 | Elapsed Time: 12.70s
2026-02-10 12:59:52,547 | INFO | Batch 20 | Loss: 1.1204 | Correct: 77/128 | Elapsed Time: 12.60s
2026-02-10 13:00:05,402 | INFO | Batch 30 | Loss: 1.2759 | Correct: 73/128 | Elapsed Time: 12.86s
2026-02-10 13:00:18,095 | INFO | Batch 40 | Loss: 1.2419 | Correct: 73/128 | Elapsed Time: 12.69s
2026-02-10 13:00:30,706 | INFO | Batch 50 | Loss: 1.1637 | Correct: 72/128 | Elapsed Time: 12.61s
2026-02-10 13:00:43,433 | INFO | Batch 60 | Loss: 1.1637 | Correct: 78/128 | Elapsed Time: 12.73s
2026-02-10 13:00:56,156 | INFO | Batch 70 | Loss: 1.2022 | Correct: 71/128 | Elapsed Time: 12.72s
2026-02-10 13:01:08,808 | INFO | Batch 80 | Loss: 1.1326 | Correct: 71/128 | Elapsed Time: 12.65s
2026-02-10 13:01:21,504 | INFO | Batch 90 | Loss: 1.1450 | Correct: 72/128 | Elapsed Time: 12.70s
2026-02-10 13:01:34,294 | INFO | Batch 100 | Loss: 1.0614 | Correct: 78/128 | Elapsed Time: 12.79s
2026-02-10 13:01:47,097 | INFO | Batch 110 | Loss: 1.1512 | Correct: 73/128 | Elapsed Time: 12.80s
2026-02-10 13:01:59,873 | INFO | Batch 120 | Loss: 1.1828 | Correct: 77/128 | Elapsed Time: 12.78s
2026-02-10 13:02:12,658 | INFO | Batch 130 | Loss: 1.2419 | Correct: 70/128 | Elapsed Time: 12.79s
2026-02-10 13:02:25,299 | INFO | Batch 140 | Loss: 0.9892 | Correct: 91/128 | Elapsed Time: 12.64s
2026-02-10 13:02:38,077 | INFO | Batch 150 | Loss: 1.3039 | Correct: 65/128 | Elapsed Time: 12.78s
2026-02-10 13:02:50,789 | INFO | Batch 160 | Loss: 1.1637 | Correct: 74/128 | Elapsed Time: 12.71s
2026-02-10 13:03:03,447 | INFO | Batch 170 | Loss: 1.1700 | Correct: 72/128 | Elapsed Time: 12.66s
2026-02-10 13:03:16,183 | INFO | Batch 180 | Loss: 1.4142 | Correct: 63/128 | Elapsed Time: 12.74s
2026-02-10 13:03:28,901 | INFO | Batch 190 | Loss: 1.2554 | Correct: 73/128 | Elapsed Time: 12.72s
2026-02-10 13:03:41,545 | INFO | Batch 200 | Loss: 1.1512 | Correct: 67/128 | Elapsed Time: 12.64s
2026-02-10 13:03:54,247 | INFO | Batch 210 | Loss: 1.0964 | Correct: 82/128 | Elapsed Time: 12.70s
2026-02-10 13:04:07,086 | INFO | Batch 220 | Loss: 1.2352 | Correct: 73/128 | Elapsed Time: 12.84s
2026-02-10 13:04:19,731 | INFO | Batch 230 | Loss: 1.0499 | Correct: 77/128 | Elapsed Time: 12.65s
2026-02-10 13:04:32,450 | INFO | Batch 240 | Loss: 1.1957 | Correct: 75/128 | Elapsed Time: 12.72s
2026-02-10 13:04:45,166 | INFO | Batch 250 | Loss: 1.0671 | Correct: 83/128 | Elapsed Time: 12.72s
2026-02-10 13:04:57,873 | INFO | Batch 260 | Loss: 1.2691 | Correct: 75/128 | Elapsed Time: 12.71s
2026-02-10 13:05:10,637 | INFO | Batch 270 | Loss: 1.2419 | Correct: 70/128 | Elapsed Time: 12.76s
2026-02-10 13:05:23,322 | INFO | Batch 280 | Loss: 1.2759 | Correct: 71/128 | Elapsed Time: 12.69s
2026-02-10 13:05:36,043 | INFO | Batch 290 | Loss: 1.4452 | Correct: 71/128 | Elapsed Time: 12.72s
2026-02-10 13:05:48,676 | INFO | Batch 300 | Loss: 1.2898 | Correct: 66/128 | Elapsed Time: 12.63s
2026-02-10 13:06:01,420 | INFO | Batch 310 | Loss: 1.0219 | Correct: 75/128 | Elapsed Time: 12.74s
2026-02-10 13:06:14,262 | INFO | Batch 320 | Loss: 1.0671 | Correct: 78/128 | Elapsed Time: 12.84s
2026-02-10 13:06:26,888 | INFO | Batch 330 | Loss: 1.1265 | Correct: 72/128 | Elapsed Time: 12.63s
2026-02-10 13:06:39,673 | INFO | Batch 340 | Loss: 1.2419 | Correct: 73/128 | Elapsed Time: 12.79s
2026-02-10 13:06:52,407 | INFO | Batch 350 | Loss: 1.2419 | Correct: 71/128 | Elapsed Time: 12.73s
2026-02-10 13:07:05,078 | INFO | Batch 360 | Loss: 1.1450 | Correct: 73/128 | Elapsed Time: 12.67s
2026-02-10 13:07:17,814 | INFO | Batch 370 | Loss: 1.2486 | Correct: 68/128 | Elapsed Time: 12.74s
2026-02-10 13:07:30,558 | INFO | Batch 380 | Loss: 1.3252 | Correct: 69/128 | Elapsed Time: 12.74s
2026-02-10 13:07:43,198 | INFO | Batch 390 | Loss: 1.3039 | Correct: 67/128 | Elapsed Time: 12.64s
2026-02-10 13:07:44,211 | INFO | Epoch [90/100] - Loss: 1.2087 | Correct: 28414/50000 (56.83%, 496.96s)
2026-02-10 13:08:29,430 | INFO | Validation - Loss: 1.3281 | Correct: 5323/10000 (53.23%) (45.22s)
2026-02-10 13:08:42,077 | INFO | Batch 10 | Loss: 1.0330 | Correct: 76/128 | Elapsed Time: 12.64s
2026-02-10 13:08:54,817 | INFO | Batch 20 | Loss: 1.1892 | Correct: 76/128 | Elapsed Time: 12.74s
2026-02-10 13:09:07,573 | INFO | Batch 30 | Loss: 1.1204 | Correct: 76/128 | Elapsed Time: 12.76s
2026-02-10 13:09:20,264 | INFO | Batch 40 | Loss: 1.0330 | Correct: 82/128 | Elapsed Time: 12.69s
2026-02-10 13:09:33,010 | INFO | Batch 50 | Loss: 1.2218 | Correct: 71/128 | Elapsed Time: 12.75s
2026-02-10 13:09:45,768 | INFO | Batch 60 | Loss: 1.2968 | Correct: 71/128 | Elapsed Time: 12.76s
2026-02-10 13:09:58,387 | INFO | Batch 70 | Loss: 1.3181 | Correct: 61/128 | Elapsed Time: 12.62s
2026-02-10 13:10:11,153 | INFO | Batch 80 | Loss: 1.1957 | Correct: 72/128 | Elapsed Time: 12.77s
2026-02-10 13:10:23,866 | INFO | Batch 90 | Loss: 1.1512 | Correct: 83/128 | Elapsed Time: 12.71s
2026-02-10 13:10:36,516 | INFO | Batch 100 | Loss: 1.0330 | Correct: 80/128 | Elapsed Time: 12.65s
2026-02-10 13:10:49,253 | INFO | Batch 110 | Loss: 1.1326 | Correct: 81/128 | Elapsed Time: 12.74s
2026-02-10 13:11:01,954 | INFO | Batch 120 | Loss: 1.3469 | Correct: 67/128 | Elapsed Time: 12.70s
2026-02-10 13:11:14,570 | INFO | Batch 130 | Loss: 1.2486 | Correct: 68/128 | Elapsed Time: 12.62s
2026-02-10 13:11:27,293 | INFO | Batch 140 | Loss: 1.1574 | Correct: 72/128 | Elapsed Time: 12.72s
2026-02-10 13:11:40,273 | INFO | Batch 150 | Loss: 1.1512 | Correct: 75/128 | Elapsed Time: 12.98s
2026-02-10 13:11:53,039 | INFO | Batch 160 | Loss: 1.1265 | Correct: 79/128 | Elapsed Time: 12.77s
2026-02-10 13:12:05,694 | INFO | Batch 170 | Loss: 1.2829 | Correct: 62/128 | Elapsed Time: 12.66s
2026-02-10 13:12:18,411 | INFO | Batch 180 | Loss: 1.1144 | Correct: 73/128 | Elapsed Time: 12.72s
2026-02-10 13:12:31,165 | INFO | Batch 190 | Loss: 1.1512 | Correct: 83/128 | Elapsed Time: 12.75s
2026-02-10 13:12:43,838 | INFO | Batch 200 | Loss: 1.1450 | Correct: 72/128 | Elapsed Time: 12.67s
2026-02-10 13:12:56,589 | INFO | Batch 210 | Loss: 1.2087 | Correct: 75/128 | Elapsed Time: 12.75s
2026-02-10 13:13:09,395 | INFO | Batch 220 | Loss: 1.0443 | Correct: 81/128 | Elapsed Time: 12.81s
2026-02-10 13:13:22,055 | INFO | Batch 230 | Loss: 1.3543 | Correct: 70/128 | Elapsed Time: 12.66s
2026-02-10 13:13:34,791 | INFO | Batch 240 | Loss: 1.2285 | Correct: 66/128 | Elapsed Time: 12.74s
2026-02-10 13:13:47,538 | INFO | Batch 250 | Loss: 1.3616 | Correct: 68/128 | Elapsed Time: 12.75s
2026-02-10 13:14:00,204 | INFO | Batch 260 | Loss: 1.2352 | Correct: 68/128 | Elapsed Time: 12.67s
2026-02-10 13:14:13,015 | INFO | Batch 270 | Loss: 1.1700 | Correct: 78/128 | Elapsed Time: 12.81s
2026-02-10 13:14:25,783 | INFO | Batch 280 | Loss: 1.0274 | Correct: 77/128 | Elapsed Time: 12.77s
2026-02-10 13:14:38,455 | INFO | Batch 290 | Loss: 1.2898 | Correct: 70/128 | Elapsed Time: 12.67s
2026-02-10 13:14:51,201 | INFO | Batch 300 | Loss: 1.1512 | Correct: 71/128 | Elapsed Time: 12.75s
2026-02-10 13:15:03,988 | INFO | Batch 310 | Loss: 1.2486 | Correct: 77/128 | Elapsed Time: 12.79s
2026-02-10 13:15:16,630 | INFO | Batch 320 | Loss: 1.1024 | Correct: 77/128 | Elapsed Time: 12.64s
2026-02-10 13:15:29,379 | INFO | Batch 330 | Loss: 1.1084 | Correct: 80/128 | Elapsed Time: 12.75s
2026-02-10 13:15:42,124 | INFO | Batch 340 | Loss: 1.2829 | Correct: 61/128 | Elapsed Time: 12.75s
2026-02-10 13:15:54,806 | INFO | Batch 350 | Loss: 1.2218 | Correct: 69/128 | Elapsed Time: 12.68s
2026-02-10 13:16:07,604 | INFO | Batch 360 | Loss: 1.0219 | Correct: 86/128 | Elapsed Time: 12.80s
2026-02-10 13:16:20,346 | INFO | Batch 370 | Loss: 1.3252 | Correct: 73/128 | Elapsed Time: 12.74s
2026-02-10 13:16:32,958 | INFO | Batch 380 | Loss: 1.4374 | Correct: 61/128 | Elapsed Time: 12.61s
2026-02-10 13:16:45,698 | INFO | Batch 390 | Loss: 1.0964 | Correct: 77/128 | Elapsed Time: 12.74s
2026-02-10 13:16:46,711 | INFO | Epoch [91/100] - Loss: 1.2071 | Correct: 28481/50000 (56.96%, 497.28s)
2026-02-10 13:17:31,969 | INFO | Validation - Loss: 1.2741 | Correct: 5534/10000 (55.34%) (45.26s)
2026-02-10 13:17:44,693 | INFO | Batch 10 | Loss: 1.2759 | Correct: 72/128 | Elapsed Time: 12.72s
2026-02-10 13:17:57,468 | INFO | Batch 20 | Loss: 1.1828 | Correct: 73/128 | Elapsed Time: 12.78s
2026-02-10 13:18:10,147 | INFO | Batch 30 | Loss: 0.9892 | Correct: 87/128 | Elapsed Time: 12.68s
2026-02-10 13:18:22,847 | INFO | Batch 40 | Loss: 1.0964 | Correct: 78/128 | Elapsed Time: 12.70s
2026-02-10 13:18:35,522 | INFO | Batch 50 | Loss: 1.2352 | Correct: 73/128 | Elapsed Time: 12.67s
2026-02-10 13:18:48,150 | INFO | Batch 60 | Loss: 1.3039 | Correct: 66/128 | Elapsed Time: 12.63s
2026-02-10 13:19:00,888 | INFO | Batch 70 | Loss: 1.2419 | Correct: 71/128 | Elapsed Time: 12.74s
2026-02-10 13:19:13,644 | INFO | Batch 80 | Loss: 1.3397 | Correct: 65/128 | Elapsed Time: 12.76s
2026-02-10 13:19:26,273 | INFO | Batch 90 | Loss: 1.1265 | Correct: 78/128 | Elapsed Time: 12.63s
2026-02-10 13:19:39,028 | INFO | Batch 100 | Loss: 1.0614 | Correct: 78/128 | Elapsed Time: 12.75s
2026-02-10 13:19:51,795 | INFO | Batch 110 | Loss: 1.2829 | Correct: 70/128 | Elapsed Time: 12.77s
2026-02-10 13:20:04,488 | INFO | Batch 120 | Loss: 1.1637 | Correct: 73/128 | Elapsed Time: 12.69s
2026-02-10 13:20:17,234 | INFO | Batch 130 | Loss: 1.3324 | Correct: 66/128 | Elapsed Time: 12.75s
2026-02-10 13:20:29,961 | INFO | Batch 140 | Loss: 1.2218 | Correct: 73/128 | Elapsed Time: 12.73s
2026-02-10 13:20:42,640 | INFO | Batch 150 | Loss: 1.2218 | Correct: 70/128 | Elapsed Time: 12.68s
2026-02-10 13:20:55,369 | INFO | Batch 160 | Loss: 1.3543 | Correct: 67/128 | Elapsed Time: 12.73s
2026-02-10 13:21:08,217 | INFO | Batch 170 | Loss: 1.2622 | Correct: 73/128 | Elapsed Time: 12.85s
2026-02-10 13:21:20,832 | INFO | Batch 180 | Loss: 1.2352 | Correct: 71/128 | Elapsed Time: 12.61s
2026-02-10 13:21:33,588 | INFO | Batch 190 | Loss: 1.2759 | Correct: 70/128 | Elapsed Time: 12.76s
2026-02-10 13:21:46,586 | INFO | Batch 200 | Loss: 1.0729 | Correct: 79/128 | Elapsed Time: 13.00s
2026-02-10 13:21:59,211 | INFO | Batch 210 | Loss: 1.3181 | Correct: 61/128 | Elapsed Time: 12.62s
2026-02-10 13:22:12,037 | INFO | Batch 220 | Loss: 1.2022 | Correct: 77/128 | Elapsed Time: 12.83s
2026-02-10 13:22:24,775 | INFO | Batch 230 | Loss: 1.1957 | Correct: 84/128 | Elapsed Time: 12.74s
2026-02-10 13:22:37,525 | INFO | Batch 240 | Loss: 1.2218 | Correct: 63/128 | Elapsed Time: 12.75s
2026-02-10 13:22:50,142 | INFO | Batch 250 | Loss: 1.1024 | Correct: 74/128 | Elapsed Time: 12.62s
2026-02-10 13:23:02,928 | INFO | Batch 260 | Loss: 1.2968 | Correct: 76/128 | Elapsed Time: 12.79s
2026-02-10 13:23:15,704 | INFO | Batch 270 | Loss: 1.3690 | Correct: 64/128 | Elapsed Time: 12.78s
2026-02-10 13:23:28,336 | INFO | Batch 280 | Loss: 1.1265 | Correct: 77/128 | Elapsed Time: 12.63s
2026-02-10 13:23:41,048 | INFO | Batch 290 | Loss: 1.2218 | Correct: 70/128 | Elapsed Time: 12.71s
2026-02-10 13:23:53,778 | INFO | Batch 300 | Loss: 1.0729 | Correct: 74/128 | Elapsed Time: 12.73s
2026-02-10 13:24:06,459 | INFO | Batch 310 | Loss: 1.0905 | Correct: 79/128 | Elapsed Time: 12.68s
2026-02-10 13:24:19,181 | INFO | Batch 320 | Loss: 1.1326 | Correct: 77/128 | Elapsed Time: 12.72s
2026-02-10 13:24:31,906 | INFO | Batch 330 | Loss: 1.1574 | Correct: 75/128 | Elapsed Time: 12.72s
2026-02-10 13:24:44,553 | INFO | Batch 340 | Loss: 1.1265 | Correct: 72/128 | Elapsed Time: 12.65s
2026-02-10 13:24:57,321 | INFO | Batch 350 | Loss: 1.2486 | Correct: 69/128 | Elapsed Time: 12.77s
2026-02-10 13:25:10,094 | INFO | Batch 360 | Loss: 1.1828 | Correct: 71/128 | Elapsed Time: 12.77s
2026-02-10 13:25:22,710 | INFO | Batch 370 | Loss: 1.3469 | Correct: 68/128 | Elapsed Time: 12.62s
2026-02-10 13:25:35,405 | INFO | Batch 380 | Loss: 1.1204 | Correct: 76/128 | Elapsed Time: 12.70s
2026-02-10 13:25:48,147 | INFO | Batch 390 | Loss: 1.4848 | Correct: 61/128 | Elapsed Time: 12.74s
2026-02-10 13:25:49,157 | INFO | Epoch [92/100] - Loss: 1.1979 | Correct: 28526/50000 (57.05%, 497.19s)
2026-02-10 13:26:34,305 | INFO | Validation - Loss: 1.2660 | Correct: 5473/10000 (54.73%) (45.15s)
2026-02-10 13:26:46,949 | INFO | Batch 10 | Loss: 1.2829 | Correct: 62/128 | Elapsed Time: 12.64s
2026-02-10 13:26:59,645 | INFO | Batch 20 | Loss: 0.9786 | Correct: 84/128 | Elapsed Time: 12.70s
2026-02-10 13:27:12,438 | INFO | Batch 30 | Loss: 1.2352 | Correct: 80/128 | Elapsed Time: 12.79s
2026-02-10 13:27:25,118 | INFO | Batch 40 | Loss: 1.1450 | Correct: 88/128 | Elapsed Time: 12.68s
2026-02-10 13:27:37,712 | INFO | Batch 50 | Loss: 1.1388 | Correct: 71/128 | Elapsed Time: 12.59s
2026-02-10 13:27:50,444 | INFO | Batch 60 | Loss: 1.2087 | Correct: 63/128 | Elapsed Time: 12.73s
2026-02-10 13:28:03,235 | INFO | Batch 70 | Loss: 1.2152 | Correct: 72/128 | Elapsed Time: 12.79s
2026-02-10 13:28:15,869 | INFO | Batch 80 | Loss: 1.2087 | Correct: 72/128 | Elapsed Time: 12.63s
2026-02-10 13:28:28,573 | INFO | Batch 90 | Loss: 1.0614 | Correct: 84/128 | Elapsed Time: 12.70s
2026-02-10 13:28:41,272 | INFO | Batch 100 | Loss: 1.2285 | Correct: 75/128 | Elapsed Time: 12.70s
2026-02-10 13:28:53,990 | INFO | Batch 110 | Loss: 1.3397 | Correct: 71/128 | Elapsed Time: 12.72s
2026-02-10 13:29:06,741 | INFO | Batch 120 | Loss: 1.1084 | Correct: 73/128 | Elapsed Time: 12.75s
2026-02-10 13:29:19,434 | INFO | Batch 130 | Loss: 1.3690 | Correct: 74/128 | Elapsed Time: 12.69s
2026-02-10 13:29:32,021 | INFO | Batch 140 | Loss: 1.1144 | Correct: 77/128 | Elapsed Time: 12.59s
2026-02-10 13:29:44,768 | INFO | Batch 150 | Loss: 1.1700 | Correct: 74/128 | Elapsed Time: 12.75s
2026-02-10 13:29:57,553 | INFO | Batch 160 | Loss: 1.2285 | Correct: 86/128 | Elapsed Time: 12.78s
2026-02-10 13:30:10,223 | INFO | Batch 170 | Loss: 1.3252 | Correct: 65/128 | Elapsed Time: 12.67s
2026-02-10 13:30:22,982 | INFO | Batch 180 | Loss: 1.0671 | Correct: 75/128 | Elapsed Time: 12.76s
2026-02-10 13:30:35,718 | INFO | Batch 190 | Loss: 1.2087 | Correct: 74/128 | Elapsed Time: 12.74s
2026-02-10 13:30:48,334 | INFO | Batch 200 | Loss: 1.2087 | Correct: 71/128 | Elapsed Time: 12.62s
2026-02-10 13:31:01,062 | INFO | Batch 210 | Loss: 1.2152 | Correct: 78/128 | Elapsed Time: 12.73s
2026-02-10 13:31:13,817 | INFO | Batch 220 | Loss: 1.1637 | Correct: 76/128 | Elapsed Time: 12.75s
2026-02-10 13:31:26,442 | INFO | Batch 230 | Loss: 1.1024 | Correct: 81/128 | Elapsed Time: 12.63s
2026-02-10 13:31:39,291 | INFO | Batch 240 | Loss: 1.3181 | Correct: 69/128 | Elapsed Time: 12.85s
2026-02-10 13:31:52,138 | INFO | Batch 250 | Loss: 1.1388 | Correct: 73/128 | Elapsed Time: 12.85s
2026-02-10 13:32:04,953 | INFO | Batch 260 | Loss: 1.1265 | Correct: 80/128 | Elapsed Time: 12.81s
2026-02-10 13:32:17,685 | INFO | Batch 270 | Loss: 1.2419 | Correct: 73/128 | Elapsed Time: 12.73s
2026-02-10 13:32:30,400 | INFO | Batch 280 | Loss: 1.3039 | Correct: 69/128 | Elapsed Time: 12.71s
2026-02-10 13:32:43,032 | INFO | Batch 290 | Loss: 1.2691 | Correct: 74/128 | Elapsed Time: 12.63s
2026-02-10 13:32:55,753 | INFO | Batch 300 | Loss: 1.1388 | Correct: 77/128 | Elapsed Time: 12.72s
2026-02-10 13:33:08,526 | INFO | Batch 310 | Loss: 1.0219 | Correct: 81/128 | Elapsed Time: 12.77s
2026-02-10 13:33:21,257 | INFO | Batch 320 | Loss: 1.2622 | Correct: 69/128 | Elapsed Time: 12.73s
2026-02-10 13:33:33,867 | INFO | Batch 330 | Loss: 1.2285 | Correct: 74/128 | Elapsed Time: 12.61s
2026-02-10 13:33:46,595 | INFO | Batch 340 | Loss: 1.0788 | Correct: 84/128 | Elapsed Time: 12.73s
2026-02-10 13:33:59,319 | INFO | Batch 350 | Loss: 1.2218 | Correct: 75/128 | Elapsed Time: 12.72s
2026-02-10 13:34:12,015 | INFO | Batch 360 | Loss: 1.2152 | Correct: 69/128 | Elapsed Time: 12.70s
2026-02-10 13:34:24,763 | INFO | Batch 370 | Loss: 1.2087 | Correct: 72/128 | Elapsed Time: 12.75s
2026-02-10 13:34:37,480 | INFO | Batch 380 | Loss: 1.1957 | Correct: 79/128 | Elapsed Time: 12.72s
2026-02-10 13:34:50,084 | INFO | Batch 390 | Loss: 1.3181 | Correct: 66/128 | Elapsed Time: 12.60s
2026-02-10 13:34:51,086 | INFO | Epoch [93/100] - Loss: 1.2021 | Correct: 28530/50000 (57.06%, 496.78s)
2026-02-10 13:35:36,290 | INFO | Validation - Loss: 1.2663 | Correct: 5508/10000 (55.08%) (45.20s)
2026-02-10 13:35:49,034 | INFO | Batch 10 | Loss: 1.3110 | Correct: 71/128 | Elapsed Time: 12.74s
2026-02-10 13:36:01,768 | INFO | Batch 20 | Loss: 1.2898 | Correct: 71/128 | Elapsed Time: 12.73s
2026-02-10 13:36:14,519 | INFO | Batch 30 | Loss: 1.2022 | Correct: 70/128 | Elapsed Time: 12.75s
2026-02-10 13:36:27,260 | INFO | Batch 40 | Loss: 1.2218 | Correct: 74/128 | Elapsed Time: 12.74s
2026-02-10 13:36:40,008 | INFO | Batch 50 | Loss: 1.1700 | Correct: 78/128 | Elapsed Time: 12.75s
2026-02-10 13:36:52,717 | INFO | Batch 60 | Loss: 1.0274 | Correct: 83/128 | Elapsed Time: 12.71s
2026-02-10 13:37:05,368 | INFO | Batch 70 | Loss: 1.1957 | Correct: 68/128 | Elapsed Time: 12.65s
2026-02-10 13:37:18,069 | INFO | Batch 80 | Loss: 1.1764 | Correct: 74/128 | Elapsed Time: 12.70s
2026-02-10 13:37:30,780 | INFO | Batch 90 | Loss: 1.1388 | Correct: 79/128 | Elapsed Time: 12.71s
2026-02-10 13:37:43,407 | INFO | Batch 100 | Loss: 1.5092 | Correct: 65/128 | Elapsed Time: 12.63s
2026-02-10 13:37:56,124 | INFO | Batch 110 | Loss: 1.1512 | Correct: 81/128 | Elapsed Time: 12.72s
2026-02-10 13:38:08,893 | INFO | Batch 120 | Loss: 1.2352 | Correct: 67/128 | Elapsed Time: 12.77s
2026-02-10 13:38:21,511 | INFO | Batch 130 | Loss: 1.1764 | Correct: 69/128 | Elapsed Time: 12.62s
2026-02-10 13:38:34,223 | INFO | Batch 140 | Loss: 1.1326 | Correct: 83/128 | Elapsed Time: 12.71s
2026-02-10 13:38:46,988 | INFO | Batch 150 | Loss: 1.0905 | Correct: 79/128 | Elapsed Time: 12.76s
2026-02-10 13:38:59,630 | INFO | Batch 160 | Loss: 1.1144 | Correct: 75/128 | Elapsed Time: 12.64s
2026-02-10 13:39:12,395 | INFO | Batch 170 | Loss: 1.3324 | Correct: 67/128 | Elapsed Time: 12.77s
2026-02-10 13:39:25,162 | INFO | Batch 180 | Loss: 1.1204 | Correct: 78/128 | Elapsed Time: 12.77s
2026-02-10 13:39:37,801 | INFO | Batch 190 | Loss: 1.3110 | Correct: 71/128 | Elapsed Time: 12.64s
2026-02-10 13:39:50,558 | INFO | Batch 200 | Loss: 1.3039 | Correct: 66/128 | Elapsed Time: 12.76s
2026-02-10 13:40:03,316 | INFO | Batch 210 | Loss: 1.2486 | Correct: 75/128 | Elapsed Time: 12.76s
2026-02-10 13:40:16,005 | INFO | Batch 220 | Loss: 1.2829 | Correct: 69/128 | Elapsed Time: 12.69s
2026-02-10 13:40:28,785 | INFO | Batch 230 | Loss: 1.3039 | Correct: 73/128 | Elapsed Time: 12.78s
2026-02-10 13:40:41,507 | INFO | Batch 240 | Loss: 1.2419 | Correct: 69/128 | Elapsed Time: 12.72s
2026-02-10 13:40:54,136 | INFO | Batch 250 | Loss: 1.1828 | Correct: 70/128 | Elapsed Time: 12.63s
2026-02-10 13:41:06,933 | INFO | Batch 260 | Loss: 1.4296 | Correct: 66/128 | Elapsed Time: 12.80s
2026-02-10 13:41:19,660 | INFO | Batch 270 | Loss: 1.3324 | Correct: 65/128 | Elapsed Time: 12.73s
2026-02-10 13:41:32,392 | INFO | Batch 280 | Loss: 1.1450 | Correct: 77/128 | Elapsed Time: 12.73s
2026-02-10 13:41:45,289 | INFO | Batch 290 | Loss: 1.2759 | Correct: 72/128 | Elapsed Time: 12.90s
2026-02-10 13:41:58,025 | INFO | Batch 300 | Loss: 1.3914 | Correct: 61/128 | Elapsed Time: 12.74s
2026-02-10 13:42:10,831 | INFO | Batch 310 | Loss: 1.1957 | Correct: 79/128 | Elapsed Time: 12.81s
2026-02-10 13:42:23,498 | INFO | Batch 320 | Loss: 1.1084 | Correct: 86/128 | Elapsed Time: 12.67s
2026-02-10 13:42:36,260 | INFO | Batch 330 | Loss: 1.1204 | Correct: 69/128 | Elapsed Time: 12.76s
2026-02-10 13:42:48,996 | INFO | Batch 340 | Loss: 1.3397 | Correct: 65/128 | Elapsed Time: 12.74s
2026-02-10 13:43:01,632 | INFO | Batch 350 | Loss: 1.2285 | Correct: 69/128 | Elapsed Time: 12.64s
2026-02-10 13:43:14,469 | INFO | Batch 360 | Loss: 1.1764 | Correct: 75/128 | Elapsed Time: 12.84s
2026-02-10 13:43:27,209 | INFO | Batch 370 | Loss: 1.1637 | Correct: 77/128 | Elapsed Time: 12.74s
2026-02-10 13:43:39,860 | INFO | Batch 380 | Loss: 1.3324 | Correct: 69/128 | Elapsed Time: 12.65s
2026-02-10 13:43:52,602 | INFO | Batch 390 | Loss: 1.2022 | Correct: 70/128 | Elapsed Time: 12.74s
2026-02-10 13:43:53,613 | INFO | Epoch [94/100] - Loss: 1.2043 | Correct: 28477/50000 (56.95%, 497.32s)
2026-02-10 13:44:38,833 | INFO | Validation - Loss: 1.2297 | Correct: 5617/10000 (56.17%) (45.22s)
2026-02-10 13:44:51,565 | INFO | Batch 10 | Loss: 1.1574 | Correct: 79/128 | Elapsed Time: 12.73s
2026-02-10 13:45:04,292 | INFO | Batch 20 | Loss: 1.2352 | Correct: 66/128 | Elapsed Time: 12.73s
2026-02-10 13:45:17,034 | INFO | Batch 30 | Loss: 1.2285 | Correct: 66/128 | Elapsed Time: 12.74s
2026-02-10 13:45:29,770 | INFO | Batch 40 | Loss: 1.2087 | Correct: 74/128 | Elapsed Time: 12.74s
2026-02-10 13:45:42,392 | INFO | Batch 50 | Loss: 1.2022 | Correct: 72/128 | Elapsed Time: 12.62s
2026-02-10 13:45:55,162 | INFO | Batch 60 | Loss: 1.0905 | Correct: 75/128 | Elapsed Time: 12.77s
2026-02-10 13:46:08,017 | INFO | Batch 70 | Loss: 1.1388 | Correct: 76/128 | Elapsed Time: 12.85s
2026-02-10 13:46:20,620 | INFO | Batch 80 | Loss: 1.1892 | Correct: 70/128 | Elapsed Time: 12.60s
2026-02-10 13:46:33,351 | INFO | Batch 90 | Loss: 1.1326 | Correct: 71/128 | Elapsed Time: 12.73s
2026-02-10 13:46:46,069 | INFO | Batch 100 | Loss: 1.1892 | Correct: 68/128 | Elapsed Time: 12.72s
2026-02-10 13:46:58,790 | INFO | Batch 110 | Loss: 1.0729 | Correct: 81/128 | Elapsed Time: 12.72s
2026-02-10 13:47:11,496 | INFO | Batch 120 | Loss: 1.3543 | Correct: 69/128 | Elapsed Time: 12.71s
2026-02-10 13:47:24,220 | INFO | Batch 130 | Loss: 1.1450 | Correct: 74/128 | Elapsed Time: 12.72s
2026-02-10 13:47:36,956 | INFO | Batch 140 | Loss: 1.0846 | Correct: 73/128 | Elapsed Time: 12.74s
2026-02-10 13:47:49,589 | INFO | Batch 150 | Loss: 1.1574 | Correct: 80/128 | Elapsed Time: 12.63s
2026-02-10 13:48:02,351 | INFO | Batch 160 | Loss: 1.1574 | Correct: 74/128 | Elapsed Time: 12.76s
2026-02-10 13:48:15,095 | INFO | Batch 170 | Loss: 1.2152 | Correct: 69/128 | Elapsed Time: 12.74s
2026-02-10 13:48:27,708 | INFO | Batch 180 | Loss: 1.1512 | Correct: 73/128 | Elapsed Time: 12.61s
2026-02-10 13:48:40,421 | INFO | Batch 190 | Loss: 1.2829 | Correct: 66/128 | Elapsed Time: 12.71s
2026-02-10 13:48:53,156 | INFO | Batch 200 | Loss: 1.2285 | Correct: 69/128 | Elapsed Time: 12.74s
2026-02-10 13:49:05,837 | INFO | Batch 210 | Loss: 1.1957 | Correct: 71/128 | Elapsed Time: 12.68s
2026-02-10 13:49:18,558 | INFO | Batch 220 | Loss: 1.1637 | Correct: 68/128 | Elapsed Time: 12.72s
2026-02-10 13:49:31,277 | INFO | Batch 230 | Loss: 1.1892 | Correct: 74/128 | Elapsed Time: 12.72s
2026-02-10 13:49:43,919 | INFO | Batch 240 | Loss: 1.2968 | Correct: 69/128 | Elapsed Time: 12.64s
2026-02-10 13:49:56,675 | INFO | Batch 250 | Loss: 0.9946 | Correct: 83/128 | Elapsed Time: 12.76s
2026-02-10 13:50:09,463 | INFO | Batch 260 | Loss: 1.1892 | Correct: 74/128 | Elapsed Time: 12.79s
2026-02-10 13:50:22,118 | INFO | Batch 270 | Loss: 1.3690 | Correct: 65/128 | Elapsed Time: 12.66s
2026-02-10 13:50:34,858 | INFO | Batch 280 | Loss: 1.1024 | Correct: 80/128 | Elapsed Time: 12.74s
2026-02-10 13:50:47,626 | INFO | Batch 290 | Loss: 1.1204 | Correct: 71/128 | Elapsed Time: 12.77s
2026-02-10 13:51:00,265 | INFO | Batch 300 | Loss: 1.1828 | Correct: 78/128 | Elapsed Time: 12.64s
2026-02-10 13:51:13,064 | INFO | Batch 310 | Loss: 1.3110 | Correct: 63/128 | Elapsed Time: 12.80s
2026-02-10 13:51:25,848 | INFO | Batch 320 | Loss: 1.4066 | Correct: 67/128 | Elapsed Time: 12.78s
2026-02-10 13:51:38,841 | INFO | Batch 330 | Loss: 1.2087 | Correct: 67/128 | Elapsed Time: 12.99s
2026-02-10 13:51:51,569 | INFO | Batch 340 | Loss: 1.1637 | Correct: 75/128 | Elapsed Time: 12.73s
2026-02-10 13:52:04,339 | INFO | Batch 350 | Loss: 1.0905 | Correct: 83/128 | Elapsed Time: 12.77s
2026-02-10 13:52:17,105 | INFO | Batch 360 | Loss: 1.2352 | Correct: 63/128 | Elapsed Time: 12.77s
2026-02-10 13:52:29,749 | INFO | Batch 370 | Loss: 1.2759 | Correct: 71/128 | Elapsed Time: 12.64s
2026-02-10 13:52:42,493 | INFO | Batch 380 | Loss: 1.1024 | Correct: 78/128 | Elapsed Time: 12.74s
2026-02-10 13:52:55,256 | INFO | Batch 390 | Loss: 1.0671 | Correct: 81/128 | Elapsed Time: 12.76s
2026-02-10 13:52:56,263 | INFO | Epoch [95/100] - Loss: 1.2054 | Correct: 28390/50000 (56.78%, 497.43s)
2026-02-10 13:53:41,412 | INFO | Validation - Loss: 1.2665 | Correct: 5477/10000 (54.77%) (45.15s)
2026-02-10 13:53:54,011 | INFO | Batch 10 | Loss: 1.2554 | Correct: 73/128 | Elapsed Time: 12.59s
2026-02-10 13:54:06,812 | INFO | Batch 20 | Loss: 1.1144 | Correct: 74/128 | Elapsed Time: 12.80s
2026-02-10 13:54:19,535 | INFO | Batch 30 | Loss: 1.2554 | Correct: 67/128 | Elapsed Time: 12.72s
2026-02-10 13:54:32,176 | INFO | Batch 40 | Loss: 1.2152 | Correct: 78/128 | Elapsed Time: 12.64s
2026-02-10 13:54:44,952 | INFO | Batch 50 | Loss: 1.1637 | Correct: 78/128 | Elapsed Time: 12.78s
2026-02-10 13:54:57,659 | INFO | Batch 60 | Loss: 1.2622 | Correct: 68/128 | Elapsed Time: 12.71s
2026-02-10 13:55:10,382 | INFO | Batch 70 | Loss: 1.2691 | Correct: 66/128 | Elapsed Time: 12.72s
2026-02-10 13:55:23,153 | INFO | Batch 80 | Loss: 1.1574 | Correct: 80/128 | Elapsed Time: 12.77s
2026-02-10 13:55:35,862 | INFO | Batch 90 | Loss: 1.1144 | Correct: 73/128 | Elapsed Time: 12.71s
2026-02-10 13:55:48,518 | INFO | Batch 100 | Loss: 1.2218 | Correct: 77/128 | Elapsed Time: 12.66s
2026-02-10 13:56:01,281 | INFO | Batch 110 | Loss: 1.3252 | Correct: 71/128 | Elapsed Time: 12.76s
2026-02-10 13:56:14,088 | INFO | Batch 120 | Loss: 1.1637 | Correct: 77/128 | Elapsed Time: 12.81s
2026-02-10 13:56:26,721 | INFO | Batch 130 | Loss: 1.1450 | Correct: 76/128 | Elapsed Time: 12.63s
2026-02-10 13:56:39,481 | INFO | Batch 140 | Loss: 1.2898 | Correct: 73/128 | Elapsed Time: 12.76s
2026-02-10 13:56:52,229 | INFO | Batch 150 | Loss: 1.2622 | Correct: 68/128 | Elapsed Time: 12.75s
2026-02-10 13:57:04,924 | INFO | Batch 160 | Loss: 1.4530 | Correct: 61/128 | Elapsed Time: 12.70s
2026-02-10 13:57:17,667 | INFO | Batch 170 | Loss: 1.3469 | Correct: 62/128 | Elapsed Time: 12.74s
2026-02-10 13:57:30,428 | INFO | Batch 180 | Loss: 1.1512 | Correct: 77/128 | Elapsed Time: 12.76s
2026-02-10 13:57:43,067 | INFO | Batch 190 | Loss: 1.2968 | Correct: 65/128 | Elapsed Time: 12.64s
2026-02-10 13:57:55,802 | INFO | Batch 200 | Loss: 1.2152 | Correct: 68/128 | Elapsed Time: 12.74s
2026-02-10 13:58:08,571 | INFO | Batch 210 | Loss: 1.1892 | Correct: 74/128 | Elapsed Time: 12.77s
2026-02-10 13:58:21,292 | INFO | Batch 220 | Loss: 1.2622 | Correct: 71/128 | Elapsed Time: 12.72s
2026-02-10 13:58:33,905 | INFO | Batch 230 | Loss: 1.0614 | Correct: 78/128 | Elapsed Time: 12.61s
2026-02-10 13:58:46,667 | INFO | Batch 240 | Loss: 1.1957 | Correct: 70/128 | Elapsed Time: 12.76s
2026-02-10 13:58:59,410 | INFO | Batch 250 | Loss: 1.2622 | Correct: 72/128 | Elapsed Time: 12.74s
2026-02-10 13:59:12,147 | INFO | Batch 260 | Loss: 1.2898 | Correct: 66/128 | Elapsed Time: 12.74s
2026-02-10 13:59:24,891 | INFO | Batch 270 | Loss: 1.2829 | Correct: 68/128 | Elapsed Time: 12.74s
2026-02-10 13:59:37,609 | INFO | Batch 280 | Loss: 1.4219 | Correct: 67/128 | Elapsed Time: 12.72s
2026-02-10 13:59:50,248 | INFO | Batch 290 | Loss: 1.1024 | Correct: 72/128 | Elapsed Time: 12.64s
2026-02-10 14:00:03,028 | INFO | Batch 300 | Loss: 1.1700 | Correct: 73/128 | Elapsed Time: 12.78s
2026-02-10 14:00:15,788 | INFO | Batch 310 | Loss: 1.3039 | Correct: 68/128 | Elapsed Time: 12.76s
2026-02-10 14:00:28,457 | INFO | Batch 320 | Loss: 1.1144 | Correct: 75/128 | Elapsed Time: 12.67s
2026-02-10 14:00:41,150 | INFO | Batch 330 | Loss: 1.1265 | Correct: 70/128 | Elapsed Time: 12.69s
2026-02-10 14:00:53,897 | INFO | Batch 340 | Loss: 1.1892 | Correct: 69/128 | Elapsed Time: 12.75s
2026-02-10 14:01:06,611 | INFO | Batch 350 | Loss: 1.1764 | Correct: 75/128 | Elapsed Time: 12.71s
2026-02-10 14:01:19,399 | INFO | Batch 360 | Loss: 1.1700 | Correct: 77/128 | Elapsed Time: 12.79s
2026-02-10 14:01:32,151 | INFO | Batch 370 | Loss: 1.2486 | Correct: 73/128 | Elapsed Time: 12.75s
2026-02-10 14:01:45,019 | INFO | Batch 380 | Loss: 1.2486 | Correct: 74/128 | Elapsed Time: 12.87s
2026-02-10 14:01:57,792 | INFO | Batch 390 | Loss: 1.1764 | Correct: 75/128 | Elapsed Time: 12.77s
2026-02-10 14:01:58,802 | INFO | Epoch [96/100] - Loss: 1.2073 | Correct: 28328/50000 (56.66%, 497.39s)
2026-02-10 14:02:44,029 | INFO | Validation - Loss: 1.5499 | Correct: 4810/10000 (48.10%) (45.23s)
2026-02-10 14:02:56,776 | INFO | Batch 10 | Loss: 1.1450 | Correct: 75/128 | Elapsed Time: 12.74s
2026-02-10 14:03:09,551 | INFO | Batch 20 | Loss: 1.1700 | Correct: 72/128 | Elapsed Time: 12.77s
2026-02-10 14:03:22,243 | INFO | Batch 30 | Loss: 1.2898 | Correct: 68/128 | Elapsed Time: 12.69s
2026-02-10 14:03:34,995 | INFO | Batch 40 | Loss: 1.2898 | Correct: 67/128 | Elapsed Time: 12.75s
2026-02-10 14:03:47,764 | INFO | Batch 50 | Loss: 1.1326 | Correct: 76/128 | Elapsed Time: 12.77s
2026-02-10 14:04:00,402 | INFO | Batch 60 | Loss: 1.2554 | Correct: 78/128 | Elapsed Time: 12.64s
2026-02-10 14:04:13,276 | INFO | Batch 70 | Loss: 1.2352 | Correct: 64/128 | Elapsed Time: 12.87s
2026-02-10 14:04:26,029 | INFO | Batch 80 | Loss: 1.2022 | Correct: 74/128 | Elapsed Time: 12.75s
2026-02-10 14:04:38,683 | INFO | Batch 90 | Loss: 1.3252 | Correct: 65/128 | Elapsed Time: 12.65s
2026-02-10 14:04:51,432 | INFO | Batch 100 | Loss: 1.3252 | Correct: 67/128 | Elapsed Time: 12.75s
2026-02-10 14:05:04,279 | INFO | Batch 110 | Loss: 1.2419 | Correct: 78/128 | Elapsed Time: 12.85s
2026-02-10 14:05:16,949 | INFO | Batch 120 | Loss: 1.3839 | Correct: 72/128 | Elapsed Time: 12.67s
2026-02-10 14:05:29,715 | INFO | Batch 130 | Loss: 1.2152 | Correct: 78/128 | Elapsed Time: 12.77s
2026-02-10 14:05:42,488 | INFO | Batch 140 | Loss: 1.1828 | Correct: 75/128 | Elapsed Time: 12.77s
2026-02-10 14:05:55,172 | INFO | Batch 150 | Loss: 1.1828 | Correct: 71/128 | Elapsed Time: 12.68s
2026-02-10 14:06:07,945 | INFO | Batch 160 | Loss: 1.0964 | Correct: 79/128 | Elapsed Time: 12.77s
2026-02-10 14:06:20,660 | INFO | Batch 170 | Loss: 1.2419 | Correct: 67/128 | Elapsed Time: 12.71s
2026-02-10 14:06:33,284 | INFO | Batch 180 | Loss: 1.0386 | Correct: 80/128 | Elapsed Time: 12.62s
2026-02-10 14:06:46,035 | INFO | Batch 190 | Loss: 1.1700 | Correct: 76/128 | Elapsed Time: 12.75s
2026-02-10 14:06:58,791 | INFO | Batch 200 | Loss: 1.3616 | Correct: 73/128 | Elapsed Time: 12.76s
2026-02-10 14:07:11,421 | INFO | Batch 210 | Loss: 1.2022 | Correct: 83/128 | Elapsed Time: 12.63s
2026-02-10 14:07:24,111 | INFO | Batch 220 | Loss: 1.3110 | Correct: 66/128 | Elapsed Time: 12.69s
2026-02-10 14:07:36,832 | INFO | Batch 230 | Loss: 1.2554 | Correct: 68/128 | Elapsed Time: 12.72s
2026-02-10 14:07:49,478 | INFO | Batch 240 | Loss: 1.0164 | Correct: 86/128 | Elapsed Time: 12.65s
2026-02-10 14:08:02,203 | INFO | Batch 250 | Loss: 1.2285 | Correct: 68/128 | Elapsed Time: 12.73s
2026-02-10 14:08:14,942 | INFO | Batch 260 | Loss: 1.2419 | Correct: 69/128 | Elapsed Time: 12.74s
2026-02-10 14:08:27,538 | INFO | Batch 270 | Loss: 1.0671 | Correct: 76/128 | Elapsed Time: 12.60s
2026-02-10 14:08:40,270 | INFO | Batch 280 | Loss: 1.1574 | Correct: 72/128 | Elapsed Time: 12.73s
2026-02-10 14:08:52,987 | INFO | Batch 290 | Loss: 1.1574 | Correct: 79/128 | Elapsed Time: 12.72s
2026-02-10 14:09:05,865 | INFO | Batch 300 | Loss: 1.2759 | Correct: 70/128 | Elapsed Time: 12.88s
2026-02-10 14:09:18,451 | INFO | Batch 310 | Loss: 1.1084 | Correct: 82/128 | Elapsed Time: 12.59s
2026-02-10 14:09:31,152 | INFO | Batch 320 | Loss: 1.1204 | Correct: 79/128 | Elapsed Time: 12.70s
2026-02-10 14:09:43,852 | INFO | Batch 330 | Loss: 1.2152 | Correct: 71/128 | Elapsed Time: 12.70s
2026-02-10 14:09:56,490 | INFO | Batch 340 | Loss: 1.2419 | Correct: 74/128 | Elapsed Time: 12.64s
2026-02-10 14:10:09,289 | INFO | Batch 350 | Loss: 1.3039 | Correct: 69/128 | Elapsed Time: 12.80s
2026-02-10 14:10:22,009 | INFO | Batch 360 | Loss: 1.2554 | Correct: 75/128 | Elapsed Time: 12.72s
2026-02-10 14:10:34,644 | INFO | Batch 370 | Loss: 1.3469 | Correct: 69/128 | Elapsed Time: 12.63s
2026-02-10 14:10:47,416 | INFO | Batch 380 | Loss: 1.1892 | Correct: 76/128 | Elapsed Time: 12.77s
2026-02-10 14:11:00,173 | INFO | Batch 390 | Loss: 1.1637 | Correct: 65/128 | Elapsed Time: 12.76s
2026-02-10 14:11:01,183 | INFO | Epoch [97/100] - Loss: 1.2041 | Correct: 28478/50000 (56.96%, 497.15s)
2026-02-10 14:11:46,488 | INFO | Validation - Loss: 1.2629 | Correct: 5586/10000 (55.86%) (45.30s)
2026-02-10 14:11:59,231 | INFO | Batch 10 | Loss: 1.3181 | Correct: 64/128 | Elapsed Time: 12.74s
2026-02-10 14:12:11,894 | INFO | Batch 20 | Loss: 1.5174 | Correct: 58/128 | Elapsed Time: 12.66s
2026-02-10 14:12:24,645 | INFO | Batch 30 | Loss: 1.1574 | Correct: 76/128 | Elapsed Time: 12.75s
2026-02-10 14:12:37,380 | INFO | Batch 40 | Loss: 1.1892 | Correct: 78/128 | Elapsed Time: 12.73s
2026-02-10 14:12:50,026 | INFO | Batch 50 | Loss: 1.1828 | Correct: 71/128 | Elapsed Time: 12.65s
2026-02-10 14:13:02,797 | INFO | Batch 60 | Loss: 1.3252 | Correct: 66/128 | Elapsed Time: 12.77s
2026-02-10 14:13:15,571 | INFO | Batch 70 | Loss: 1.1764 | Correct: 69/128 | Elapsed Time: 12.77s
2026-02-10 14:13:28,199 | INFO | Batch 80 | Loss: 1.1764 | Correct: 72/128 | Elapsed Time: 12.63s
2026-02-10 14:13:40,925 | INFO | Batch 90 | Loss: 1.2622 | Correct: 67/128 | Elapsed Time: 12.73s
2026-02-10 14:13:53,660 | INFO | Batch 100 | Loss: 1.4142 | Correct: 63/128 | Elapsed Time: 12.74s
2026-02-10 14:14:06,356 | INFO | Batch 110 | Loss: 1.3110 | Correct: 67/128 | Elapsed Time: 12.70s
2026-02-10 14:14:19,102 | INFO | Batch 120 | Loss: 1.2022 | Correct: 68/128 | Elapsed Time: 12.75s
2026-02-10 14:14:31,809 | INFO | Batch 130 | Loss: 1.5339 | Correct: 63/128 | Elapsed Time: 12.71s
2026-02-10 14:14:44,435 | INFO | Batch 140 | Loss: 1.3110 | Correct: 67/128 | Elapsed Time: 12.63s
2026-02-10 14:14:57,158 | INFO | Batch 150 | Loss: 1.2968 | Correct: 66/128 | Elapsed Time: 12.72s
2026-02-10 14:15:09,946 | INFO | Batch 160 | Loss: 1.4689 | Correct: 61/128 | Elapsed Time: 12.79s
2026-02-10 14:15:22,596 | INFO | Batch 170 | Loss: 1.0274 | Correct: 83/128 | Elapsed Time: 12.65s
2026-02-10 14:15:35,388 | INFO | Batch 180 | Loss: 1.0964 | Correct: 78/128 | Elapsed Time: 12.79s
2026-02-10 14:15:48,092 | INFO | Batch 190 | Loss: 1.3764 | Correct: 68/128 | Elapsed Time: 12.70s
2026-02-10 14:16:00,701 | INFO | Batch 200 | Loss: 1.0964 | Correct: 77/128 | Elapsed Time: 12.61s
2026-02-10 14:16:13,552 | INFO | Batch 210 | Loss: 1.0905 | Correct: 81/128 | Elapsed Time: 12.85s
2026-02-10 14:16:26,373 | INFO | Batch 220 | Loss: 1.1450 | Correct: 71/128 | Elapsed Time: 12.82s
2026-02-10 14:16:39,065 | INFO | Batch 230 | Loss: 1.2087 | Correct: 67/128 | Elapsed Time: 12.69s
2026-02-10 14:16:51,803 | INFO | Batch 240 | Loss: 1.1764 | Correct: 70/128 | Elapsed Time: 12.74s
2026-02-10 14:17:04,636 | INFO | Batch 250 | Loss: 1.0788 | Correct: 87/128 | Elapsed Time: 12.83s
2026-02-10 14:17:17,453 | INFO | Batch 260 | Loss: 1.1512 | Correct: 76/128 | Elapsed Time: 12.82s
2026-02-10 14:17:30,161 | INFO | Batch 270 | Loss: 1.2486 | Correct: 72/128 | Elapsed Time: 12.71s
2026-02-10 14:17:42,939 | INFO | Batch 280 | Loss: 1.0729 | Correct: 78/128 | Elapsed Time: 12.78s
2026-02-10 14:17:55,757 | INFO | Batch 290 | Loss: 1.2087 | Correct: 71/128 | Elapsed Time: 12.82s
2026-02-10 14:18:08,489 | INFO | Batch 300 | Loss: 1.1892 | Correct: 80/128 | Elapsed Time: 12.73s
2026-02-10 14:18:21,276 | INFO | Batch 310 | Loss: 1.0556 | Correct: 79/128 | Elapsed Time: 12.79s
2026-02-10 14:18:34,070 | INFO | Batch 320 | Loss: 1.1024 | Correct: 76/128 | Elapsed Time: 12.79s
2026-02-10 14:18:46,782 | INFO | Batch 330 | Loss: 1.1637 | Correct: 77/128 | Elapsed Time: 12.71s
2026-02-10 14:18:59,547 | INFO | Batch 340 | Loss: 1.1326 | Correct: 78/128 | Elapsed Time: 12.77s
2026-02-10 14:19:12,389 | INFO | Batch 350 | Loss: 0.9946 | Correct: 88/128 | Elapsed Time: 12.84s
2026-02-10 14:19:25,064 | INFO | Batch 360 | Loss: 1.2152 | Correct: 65/128 | Elapsed Time: 12.67s
2026-02-10 14:19:37,789 | INFO | Batch 370 | Loss: 1.0671 | Correct: 79/128 | Elapsed Time: 12.72s
2026-02-10 14:19:50,529 | INFO | Batch 380 | Loss: 1.1892 | Correct: 73/128 | Elapsed Time: 12.74s
2026-02-10 14:20:03,206 | INFO | Batch 390 | Loss: 1.0729 | Correct: 77/128 | Elapsed Time: 12.68s
2026-02-10 14:20:04,273 | INFO | Epoch [98/100] - Loss: 1.2072 | Correct: 28389/50000 (56.78%, 497.78s)
2026-02-10 14:20:49,455 | INFO | Validation - Loss: 1.2700 | Correct: 5458/10000 (54.58%) (45.18s)
2026-02-10 14:21:02,074 | INFO | Batch 10 | Loss: 1.2218 | Correct: 70/128 | Elapsed Time: 12.62s
2026-02-10 14:21:14,791 | INFO | Batch 20 | Loss: 1.2087 | Correct: 77/128 | Elapsed Time: 12.72s
2026-02-10 14:21:27,573 | INFO | Batch 30 | Loss: 1.1574 | Correct: 76/128 | Elapsed Time: 12.78s
2026-02-10 14:21:40,528 | INFO | Batch 40 | Loss: 1.2759 | Correct: 71/128 | Elapsed Time: 12.95s
2026-02-10 14:21:53,392 | INFO | Batch 50 | Loss: 1.3110 | Correct: 65/128 | Elapsed Time: 12.86s
2026-02-10 14:22:06,182 | INFO | Batch 60 | Loss: 1.2352 | Correct: 73/128 | Elapsed Time: 12.79s
2026-02-10 14:22:18,871 | INFO | Batch 70 | Loss: 1.3690 | Correct: 69/128 | Elapsed Time: 12.69s
2026-02-10 14:22:31,633 | INFO | Batch 80 | Loss: 1.0964 | Correct: 76/128 | Elapsed Time: 12.76s
2026-02-10 14:22:44,350 | INFO | Batch 90 | Loss: 1.1512 | Correct: 75/128 | Elapsed Time: 12.72s
2026-02-10 14:22:56,975 | INFO | Batch 100 | Loss: 1.3252 | Correct: 68/128 | Elapsed Time: 12.63s
2026-02-10 14:23:09,744 | INFO | Batch 110 | Loss: 1.1024 | Correct: 77/128 | Elapsed Time: 12.77s
2026-02-10 14:23:22,454 | INFO | Batch 120 | Loss: 1.2898 | Correct: 75/128 | Elapsed Time: 12.71s
2026-02-10 14:23:35,030 | INFO | Batch 130 | Loss: 1.3543 | Correct: 69/128 | Elapsed Time: 12.58s
2026-02-10 14:23:47,749 | INFO | Batch 140 | Loss: 1.1450 | Correct: 67/128 | Elapsed Time: 12.72s
2026-02-10 14:24:00,467 | INFO | Batch 150 | Loss: 1.1574 | Correct: 75/128 | Elapsed Time: 12.72s
2026-02-10 14:24:13,220 | INFO | Batch 160 | Loss: 1.2022 | Correct: 67/128 | Elapsed Time: 12.75s
2026-02-10 14:24:25,819 | INFO | Batch 170 | Loss: 1.1764 | Correct: 69/128 | Elapsed Time: 12.60s
2026-02-10 14:24:38,507 | INFO | Batch 180 | Loss: 1.2152 | Correct: 73/128 | Elapsed Time: 12.69s
2026-02-10 14:24:51,200 | INFO | Batch 190 | Loss: 1.1512 | Correct: 73/128 | Elapsed Time: 12.69s
2026-02-10 14:25:03,861 | INFO | Batch 200 | Loss: 1.1024 | Correct: 76/128 | Elapsed Time: 12.66s
2026-02-10 14:25:16,595 | INFO | Batch 210 | Loss: 1.3990 | Correct: 65/128 | Elapsed Time: 12.73s
2026-02-10 14:25:29,319 | INFO | Batch 220 | Loss: 1.1764 | Correct: 74/128 | Elapsed Time: 12.72s
2026-02-10 14:25:41,931 | INFO | Batch 230 | Loss: 1.3039 | Correct: 73/128 | Elapsed Time: 12.61s
2026-02-10 14:25:54,657 | INFO | Batch 240 | Loss: 1.1764 | Correct: 78/128 | Elapsed Time: 12.73s
2026-02-10 14:26:07,425 | INFO | Batch 250 | Loss: 1.4066 | Correct: 74/128 | Elapsed Time: 12.77s
2026-02-10 14:26:20,082 | INFO | Batch 260 | Loss: 1.1764 | Correct: 75/128 | Elapsed Time: 12.66s
2026-02-10 14:26:32,830 | INFO | Batch 270 | Loss: 1.1764 | Correct: 76/128 | Elapsed Time: 12.75s
2026-02-10 14:26:45,578 | INFO | Batch 280 | Loss: 1.2691 | Correct: 64/128 | Elapsed Time: 12.75s
2026-02-10 14:26:58,224 | INFO | Batch 290 | Loss: 1.2218 | Correct: 82/128 | Elapsed Time: 12.65s
2026-02-10 14:27:11,035 | INFO | Batch 300 | Loss: 1.1204 | Correct: 84/128 | Elapsed Time: 12.81s
2026-02-10 14:27:23,803 | INFO | Batch 310 | Loss: 1.1450 | Correct: 78/128 | Elapsed Time: 12.77s
2026-02-10 14:27:36,435 | INFO | Batch 320 | Loss: 1.2759 | Correct: 71/128 | Elapsed Time: 12.63s
2026-02-10 14:27:49,150 | INFO | Batch 330 | Loss: 1.1326 | Correct: 78/128 | Elapsed Time: 12.72s
2026-02-10 14:28:01,905 | INFO | Batch 340 | Loss: 1.2352 | Correct: 79/128 | Elapsed Time: 12.76s
2026-02-10 14:28:14,579 | INFO | Batch 350 | Loss: 1.3324 | Correct: 66/128 | Elapsed Time: 12.67s
2026-02-10 14:28:27,343 | INFO | Batch 360 | Loss: 1.1574 | Correct: 78/128 | Elapsed Time: 12.76s
2026-02-10 14:28:40,095 | INFO | Batch 370 | Loss: 1.0499 | Correct: 79/128 | Elapsed Time: 12.75s
2026-02-10 14:28:52,733 | INFO | Batch 380 | Loss: 1.1957 | Correct: 72/128 | Elapsed Time: 12.64s
2026-02-10 14:29:05,532 | INFO | Batch 390 | Loss: 1.1388 | Correct: 76/128 | Elapsed Time: 12.80s
2026-02-10 14:29:06,544 | INFO | Epoch [99/100] - Loss: 1.2001 | Correct: 28683/50000 (57.37%, 497.09s)
2026-02-10 14:29:51,712 | INFO | Validation - Loss: 1.3976 | Correct: 5158/10000 (51.58%) (45.17s)
2026-02-10 14:30:04,530 | INFO | Batch 10 | Loss: 1.1512 | Correct: 75/128 | Elapsed Time: 12.81s
2026-02-10 14:30:17,245 | INFO | Batch 20 | Loss: 1.2419 | Correct: 69/128 | Elapsed Time: 12.71s
2026-02-10 14:30:29,881 | INFO | Batch 30 | Loss: 1.2087 | Correct: 74/128 | Elapsed Time: 12.64s
2026-02-10 14:30:42,680 | INFO | Batch 40 | Loss: 1.2218 | Correct: 70/128 | Elapsed Time: 12.80s
2026-02-10 14:30:55,397 | INFO | Batch 50 | Loss: 1.2087 | Correct: 71/128 | Elapsed Time: 12.72s
2026-02-10 14:31:08,066 | INFO | Batch 60 | Loss: 1.3324 | Correct: 61/128 | Elapsed Time: 12.67s
2026-02-10 14:31:20,803 | INFO | Batch 70 | Loss: 1.2152 | Correct: 77/128 | Elapsed Time: 12.74s
2026-02-10 14:31:33,546 | INFO | Batch 80 | Loss: 1.1574 | Correct: 73/128 | Elapsed Time: 12.74s
2026-02-10 14:31:46,393 | INFO | Batch 90 | Loss: 1.2898 | Correct: 70/128 | Elapsed Time: 12.85s
2026-02-10 14:31:59,140 | INFO | Batch 100 | Loss: 1.0905 | Correct: 78/128 | Elapsed Time: 12.75s
2026-02-10 14:32:11,932 | INFO | Batch 110 | Loss: 1.0846 | Correct: 74/128 | Elapsed Time: 12.79s
2026-02-10 14:32:24,547 | INFO | Batch 120 | Loss: 1.2218 | Correct: 74/128 | Elapsed Time: 12.61s
2026-02-10 14:32:37,311 | INFO | Batch 130 | Loss: 1.2759 | Correct: 68/128 | Elapsed Time: 12.76s
2026-02-10 14:32:50,061 | INFO | Batch 140 | Loss: 1.2759 | Correct: 73/128 | Elapsed Time: 12.75s
2026-02-10 14:33:02,680 | INFO | Batch 150 | Loss: 1.3039 | Correct: 71/128 | Elapsed Time: 12.62s
2026-02-10 14:33:15,471 | INFO | Batch 160 | Loss: 1.0614 | Correct: 76/128 | Elapsed Time: 12.79s
2026-02-10 14:33:28,208 | INFO | Batch 170 | Loss: 1.2759 | Correct: 64/128 | Elapsed Time: 12.74s
2026-02-10 14:33:40,852 | INFO | Batch 180 | Loss: 1.2352 | Correct: 61/128 | Elapsed Time: 12.64s
2026-02-10 14:33:53,604 | INFO | Batch 190 | Loss: 1.1144 | Correct: 78/128 | Elapsed Time: 12.75s
2026-02-10 14:34:06,397 | INFO | Batch 200 | Loss: 1.2691 | Correct: 66/128 | Elapsed Time: 12.79s
2026-02-10 14:34:19,014 | INFO | Batch 210 | Loss: 1.2691 | Correct: 78/128 | Elapsed Time: 12.62s
2026-02-10 14:34:31,796 | INFO | Batch 220 | Loss: 1.1024 | Correct: 76/128 | Elapsed Time: 12.78s
2026-02-10 14:34:44,544 | INFO | Batch 230 | Loss: 1.2419 | Correct: 61/128 | Elapsed Time: 12.75s
2026-02-10 14:34:57,304 | INFO | Batch 240 | Loss: 1.1388 | Correct: 74/128 | Elapsed Time: 12.76s
2026-02-10 14:35:10,000 | INFO | Batch 250 | Loss: 1.1084 | Correct: 78/128 | Elapsed Time: 12.70s
2026-02-10 14:35:22,772 | INFO | Batch 260 | Loss: 1.3110 | Correct: 68/128 | Elapsed Time: 12.77s
2026-02-10 14:35:35,504 | INFO | Batch 270 | Loss: 1.2554 | Correct: 68/128 | Elapsed Time: 12.73s
2026-02-10 14:35:48,162 | INFO | Batch 280 | Loss: 1.2285 | Correct: 77/128 | Elapsed Time: 12.66s
2026-02-10 14:36:00,912 | INFO | Batch 290 | Loss: 1.1957 | Correct: 80/128 | Elapsed Time: 12.75s
2026-02-10 14:36:13,738 | INFO | Batch 300 | Loss: 1.2218 | Correct: 63/128 | Elapsed Time: 12.83s
2026-02-10 14:36:26,386 | INFO | Batch 310 | Loss: 1.2419 | Correct: 72/128 | Elapsed Time: 12.65s
2026-02-10 14:36:39,109 | INFO | Batch 320 | Loss: 1.1512 | Correct: 73/128 | Elapsed Time: 12.72s
2026-02-10 14:36:51,904 | INFO | Batch 330 | Loss: 1.2554 | Correct: 76/128 | Elapsed Time: 12.80s
2026-02-10 14:37:04,548 | INFO | Batch 340 | Loss: 1.0443 | Correct: 82/128 | Elapsed Time: 12.64s
2026-02-10 14:37:17,285 | INFO | Batch 350 | Loss: 1.1144 | Correct: 76/128 | Elapsed Time: 12.74s
2026-02-10 14:37:30,025 | INFO | Batch 360 | Loss: 1.0499 | Correct: 78/128 | Elapsed Time: 12.74s
2026-02-10 14:37:42,681 | INFO | Batch 370 | Loss: 1.2152 | Correct: 67/128 | Elapsed Time: 12.66s
2026-02-10 14:37:55,411 | INFO | Batch 380 | Loss: 1.0905 | Correct: 78/128 | Elapsed Time: 12.73s
2026-02-10 14:38:08,198 | INFO | Batch 390 | Loss: 1.1024 | Correct: 81/128 | Elapsed Time: 12.79s
2026-02-10 14:38:09,210 | INFO | Epoch [100/100] - Loss: 1.2011 | Correct: 28491/50000 (56.98%, 497.49s)
2026-02-10 14:38:54,485 | INFO | Validation - Loss: 1.2394 | Correct: 5595/10000 (55.95%) (45.27s)
2026-02-10 14:38:54,489 | INFO | Training complete.
2026-02-10 14:38:54,568 | INFO | Final model saved to ./checkpoints/shufflenetv2_lns_final_20260209_232602.pt
