2026-01-16 19:39:34,508 | INFO | Training ResNet18 on CIFAR-100 with LNS64 (f=9, lookup table=True) on device cuda:0
2026-01-16 19:39:34,508 | INFO | Hyperparameters: epochs=100, batch_size=128, lr=0.1, momentum=0.9, weight_decay=0.0001
2026-01-16 19:42:43,471 | INFO | Batch 10 | Loss: 4.7120 | Correct: 3/128 | Elapsed Time: 188.96s
2026-01-16 19:43:39,153 | INFO | Batch 20 | Loss: 4.7120 | Correct: 5/128 | Elapsed Time: 55.68s
2026-01-16 19:44:34,751 | INFO | Batch 30 | Loss: 4.5000 | Correct: 9/128 | Elapsed Time: 55.60s
2026-01-16 19:45:30,342 | INFO | Batch 40 | Loss: 4.4095 | Correct: 5/128 | Elapsed Time: 55.59s
2026-01-16 19:46:25,958 | INFO | Batch 50 | Loss: 4.2055 | Correct: 7/128 | Elapsed Time: 55.62s
2026-01-16 19:47:21,524 | INFO | Batch 60 | Loss: 4.1828 | Correct: 11/128 | Elapsed Time: 55.57s
2026-01-16 19:48:17,212 | INFO | Batch 70 | Loss: 4.3034 | Correct: 9/128 | Elapsed Time: 55.69s
2026-01-16 19:49:12,707 | INFO | Batch 80 | Loss: 4.1941 | Correct: 4/128 | Elapsed Time: 55.50s
2026-01-16 19:50:08,190 | INFO | Batch 90 | Loss: 3.9730 | Correct: 8/128 | Elapsed Time: 55.48s
2026-01-16 19:51:03,753 | INFO | Batch 100 | Loss: 4.2628 | Correct: 10/128 | Elapsed Time: 55.56s
2026-01-16 19:51:59,332 | INFO | Batch 110 | Loss: 4.0054 | Correct: 7/128 | Elapsed Time: 55.58s
2026-01-16 19:52:54,858 | INFO | Batch 120 | Loss: 3.8149 | Correct: 15/128 | Elapsed Time: 55.53s
2026-01-16 19:53:50,338 | INFO | Batch 130 | Loss: 3.9409 | Correct: 9/128 | Elapsed Time: 55.48s
2026-01-16 19:54:45,738 | INFO | Batch 140 | Loss: 3.8564 | Correct: 16/128 | Elapsed Time: 55.40s
2026-01-16 19:55:41,321 | INFO | Batch 150 | Loss: 3.7130 | Correct: 10/128 | Elapsed Time: 55.58s
2026-01-16 19:56:36,739 | INFO | Batch 160 | Loss: 3.9676 | Correct: 14/128 | Elapsed Time: 55.42s
2026-01-16 19:57:32,166 | INFO | Batch 170 | Loss: 3.6979 | Correct: 18/128 | Elapsed Time: 55.43s
2026-01-16 19:58:27,586 | INFO | Batch 180 | Loss: 3.8149 | Correct: 13/128 | Elapsed Time: 55.42s
2026-01-16 19:59:22,950 | INFO | Batch 190 | Loss: 3.6631 | Correct: 20/128 | Elapsed Time: 55.36s
2026-01-16 20:00:18,310 | INFO | Batch 200 | Loss: 3.6780 | Correct: 14/128 | Elapsed Time: 55.36s
2026-01-16 20:01:13,562 | INFO | Batch 210 | Loss: 3.7433 | Correct: 14/128 | Elapsed Time: 55.25s
2026-01-16 20:02:08,896 | INFO | Batch 220 | Loss: 3.6383 | Correct: 20/128 | Elapsed Time: 55.33s
2026-01-16 20:03:04,101 | INFO | Batch 230 | Loss: 3.7789 | Correct: 19/128 | Elapsed Time: 55.20s
2026-01-16 20:03:59,162 | INFO | Batch 240 | Loss: 3.6285 | Correct: 16/128 | Elapsed Time: 55.06s
2026-01-16 20:04:54,300 | INFO | Batch 250 | Loss: 3.3818 | Correct: 21/128 | Elapsed Time: 55.14s
2026-01-16 20:05:49,584 | INFO | Batch 260 | Loss: 3.3319 | Correct: 29/128 | Elapsed Time: 55.28s
2026-01-16 20:06:44,790 | INFO | Batch 270 | Loss: 3.5459 | Correct: 19/128 | Elapsed Time: 55.21s
2026-01-16 20:07:39,974 | INFO | Batch 280 | Loss: 3.4653 | Correct: 20/128 | Elapsed Time: 55.18s
2026-01-16 20:08:35,114 | INFO | Batch 290 | Loss: 3.5220 | Correct: 20/128 | Elapsed Time: 55.14s
2026-01-16 20:09:30,218 | INFO | Batch 300 | Loss: 3.5173 | Correct: 18/128 | Elapsed Time: 55.10s
2026-01-16 20:10:25,376 | INFO | Batch 310 | Loss: 3.5125 | Correct: 18/128 | Elapsed Time: 55.16s
2026-01-16 20:11:20,517 | INFO | Batch 320 | Loss: 3.5268 | Correct: 28/128 | Elapsed Time: 55.14s
2026-01-16 20:12:15,622 | INFO | Batch 330 | Loss: 3.5604 | Correct: 24/128 | Elapsed Time: 55.11s
2026-01-16 20:13:10,777 | INFO | Batch 340 | Loss: 3.3139 | Correct: 18/128 | Elapsed Time: 55.16s
2026-01-16 20:14:05,889 | INFO | Batch 350 | Loss: 3.4141 | Correct: 21/128 | Elapsed Time: 55.11s
2026-01-16 20:15:01,029 | INFO | Batch 360 | Loss: 3.4187 | Correct: 18/128 | Elapsed Time: 55.14s
2026-01-16 20:15:56,156 | INFO | Batch 370 | Loss: 3.3409 | Correct: 26/128 | Elapsed Time: 55.13s
2026-01-16 20:16:51,415 | INFO | Batch 380 | Loss: 3.3454 | Correct: 23/128 | Elapsed Time: 55.26s
2026-01-16 20:17:46,560 | INFO | Batch 390 | Loss: 3.1906 | Correct: 23/128 | Elapsed Time: 55.14s
2026-01-16 20:17:55,174 | INFO | Epoch [1/100] - Loss: 3.8210 | Correct: 6005/50000 (12.01%, 2300.67s)
2026-01-16 20:20:54,058 | INFO | Validation - Loss: 3.3002 | Top1: 2043/10000 (20.43%) | Top5: 4820/10000 (48.20%) (178.88s)
2026-01-16 20:20:54,357 | INFO | New best model saved at epoch 1 with Top1 Acc: 20.43% (Top5: 48.20%)
2026-01-16 20:21:49,678 | INFO | Batch 10 | Loss: 3.2693 | Correct: 26/128 | Elapsed Time: 55.32s
2026-01-16 20:22:44,779 | INFO | Batch 20 | Loss: 3.4559 | Correct: 25/128 | Elapsed Time: 55.10s
2026-01-16 20:23:39,981 | INFO | Batch 30 | Loss: 3.1605 | Correct: 24/128 | Elapsed Time: 55.20s
2026-01-16 20:24:35,167 | INFO | Batch 40 | Loss: 3.1605 | Correct: 27/128 | Elapsed Time: 55.19s
2026-01-16 20:25:30,345 | INFO | Batch 50 | Loss: 3.3727 | Correct: 25/128 | Elapsed Time: 55.18s
2026-01-16 20:26:25,514 | INFO | Batch 60 | Loss: 3.4094 | Correct: 15/128 | Elapsed Time: 55.17s
2026-01-16 20:27:20,658 | INFO | Batch 70 | Loss: 3.3409 | Correct: 21/128 | Elapsed Time: 55.14s
2026-01-16 20:28:15,836 | INFO | Batch 80 | Loss: 3.2915 | Correct: 21/128 | Elapsed Time: 55.18s
2026-01-16 20:29:11,022 | INFO | Batch 90 | Loss: 3.4187 | Correct: 27/128 | Elapsed Time: 55.19s
2026-01-16 20:30:06,182 | INFO | Batch 100 | Loss: 3.2079 | Correct: 28/128 | Elapsed Time: 55.16s
2026-01-16 20:31:01,483 | INFO | Batch 110 | Loss: 3.1265 | Correct: 23/128 | Elapsed Time: 55.30s
2026-01-16 20:31:56,747 | INFO | Batch 120 | Loss: 3.2297 | Correct: 24/128 | Elapsed Time: 55.26s
2026-01-16 20:32:51,964 | INFO | Batch 130 | Loss: 3.2166 | Correct: 23/128 | Elapsed Time: 55.22s
2026-01-16 20:33:47,210 | INFO | Batch 140 | Loss: 3.1222 | Correct: 28/128 | Elapsed Time: 55.25s
2026-01-16 20:34:42,413 | INFO | Batch 150 | Loss: 3.2210 | Correct: 25/128 | Elapsed Time: 55.20s
2026-01-16 20:35:37,577 | INFO | Batch 160 | Loss: 3.2036 | Correct: 28/128 | Elapsed Time: 55.16s
2026-01-16 20:36:32,698 | INFO | Batch 170 | Loss: 2.9777 | Correct: 35/128 | Elapsed Time: 55.12s
2026-01-16 20:37:27,775 | INFO | Batch 180 | Loss: 3.0265 | Correct: 32/128 | Elapsed Time: 55.08s
2026-01-16 20:38:23,058 | INFO | Batch 190 | Loss: 2.8865 | Correct: 37/128 | Elapsed Time: 55.28s
2026-01-16 20:39:18,254 | INFO | Batch 200 | Loss: 2.7678 | Correct: 41/128 | Elapsed Time: 55.20s
2026-01-16 20:40:13,445 | INFO | Batch 210 | Loss: 3.1012 | Correct: 27/128 | Elapsed Time: 55.19s
2026-01-16 20:41:08,683 | INFO | Batch 220 | Loss: 3.0512 | Correct: 31/128 | Elapsed Time: 55.24s
2026-01-16 20:42:03,881 | INFO | Batch 230 | Loss: 3.4279 | Correct: 21/128 | Elapsed Time: 55.20s
2026-01-16 20:42:59,013 | INFO | Batch 240 | Loss: 2.9617 | Correct: 37/128 | Elapsed Time: 55.13s
2026-01-16 20:43:54,207 | INFO | Batch 250 | Loss: 2.9497 | Correct: 27/128 | Elapsed Time: 55.19s
2026-01-16 20:44:49,451 | INFO | Batch 260 | Loss: 2.9980 | Correct: 33/128 | Elapsed Time: 55.24s
2026-01-16 20:45:44,658 | INFO | Batch 270 | Loss: 2.9697 | Correct: 40/128 | Elapsed Time: 55.21s
2026-01-16 20:46:39,862 | INFO | Batch 280 | Loss: 3.2166 | Correct: 37/128 | Elapsed Time: 55.20s
2026-01-16 20:47:35,004 | INFO | Batch 290 | Loss: 3.0429 | Correct: 25/128 | Elapsed Time: 55.14s
2026-01-16 20:48:30,139 | INFO | Batch 300 | Loss: 2.7159 | Correct: 36/128 | Elapsed Time: 55.13s
2026-01-16 20:49:25,370 | INFO | Batch 310 | Loss: 2.9777 | Correct: 34/128 | Elapsed Time: 55.23s
2026-01-16 20:50:20,554 | INFO | Batch 320 | Loss: 2.6902 | Correct: 31/128 | Elapsed Time: 55.18s
2026-01-16 20:51:15,759 | INFO | Batch 330 | Loss: 2.6148 | Correct: 38/128 | Elapsed Time: 55.21s
2026-01-16 20:52:10,997 | INFO | Batch 340 | Loss: 2.7980 | Correct: 40/128 | Elapsed Time: 55.24s
2026-01-16 20:53:06,149 | INFO | Batch 350 | Loss: 2.7343 | Correct: 40/128 | Elapsed Time: 55.15s
2026-01-16 20:54:01,282 | INFO | Batch 360 | Loss: 2.8748 | Correct: 37/128 | Elapsed Time: 55.13s
2026-01-16 20:54:56,425 | INFO | Batch 370 | Loss: 2.8709 | Correct: 35/128 | Elapsed Time: 55.14s
2026-01-16 20:55:51,626 | INFO | Batch 380 | Loss: 2.8170 | Correct: 38/128 | Elapsed Time: 55.20s
2026-01-16 20:56:46,809 | INFO | Batch 390 | Loss: 2.8982 | Correct: 38/128 | Elapsed Time: 55.18s
2026-01-16 20:56:50,342 | INFO | Epoch [2/100] - Loss: 3.0824 | Correct: 11834/50000 (23.67%, 2155.98s)
2026-01-16 20:59:46,493 | INFO | Validation - Loss: 2.8456 | Top1: 2911/10000 (29.11%) | Top5: 5980/10000 (59.80%) (176.15s)
2026-01-16 20:59:47,224 | INFO | New best model saved at epoch 2 with Top1 Acc: 29.11% (Top5: 59.80%)
2026-01-16 21:00:42,590 | INFO | Batch 10 | Loss: 2.6721 | Correct: 42/128 | Elapsed Time: 55.37s
2026-01-16 21:01:37,792 | INFO | Batch 20 | Loss: 2.7380 | Correct: 36/128 | Elapsed Time: 55.20s
2026-01-16 21:02:32,879 | INFO | Batch 30 | Loss: 2.8093 | Correct: 40/128 | Elapsed Time: 55.09s
2026-01-16 21:03:28,032 | INFO | Batch 40 | Loss: 3.2166 | Correct: 35/128 | Elapsed Time: 55.15s
2026-01-16 21:04:23,059 | INFO | Batch 50 | Loss: 2.8515 | Correct: 39/128 | Elapsed Time: 55.03s
2026-01-16 21:05:18,263 | INFO | Batch 60 | Loss: 2.9457 | Correct: 33/128 | Elapsed Time: 55.20s
2026-01-16 21:06:13,470 | INFO | Batch 70 | Loss: 2.9497 | Correct: 29/128 | Elapsed Time: 55.21s
2026-01-16 21:07:08,590 | INFO | Batch 80 | Loss: 2.8631 | Correct: 37/128 | Elapsed Time: 55.12s
2026-01-16 21:08:03,866 | INFO | Batch 90 | Loss: 3.0061 | Correct: 33/128 | Elapsed Time: 55.28s
2026-01-16 21:08:59,033 | INFO | Batch 100 | Loss: 2.7641 | Correct: 42/128 | Elapsed Time: 55.17s
2026-01-16 21:09:54,154 | INFO | Batch 110 | Loss: 2.6541 | Correct: 41/128 | Elapsed Time: 55.12s
2026-01-16 21:10:49,281 | INFO | Batch 120 | Loss: 2.9737 | Correct: 37/128 | Elapsed Time: 55.13s
2026-01-16 21:11:44,397 | INFO | Batch 130 | Loss: 2.9617 | Correct: 26/128 | Elapsed Time: 55.12s
2026-01-16 21:12:39,582 | INFO | Batch 140 | Loss: 2.8246 | Correct: 32/128 | Elapsed Time: 55.19s
2026-01-16 21:13:34,761 | INFO | Batch 150 | Loss: 2.8631 | Correct: 32/128 | Elapsed Time: 55.18s
2026-01-16 21:14:30,046 | INFO | Batch 160 | Loss: 2.8323 | Correct: 37/128 | Elapsed Time: 55.29s
2026-01-16 21:15:25,189 | INFO | Batch 170 | Loss: 2.9417 | Correct: 38/128 | Elapsed Time: 55.14s
2026-01-16 21:16:20,351 | INFO | Batch 180 | Loss: 2.6902 | Correct: 42/128 | Elapsed Time: 55.16s
2026-01-16 21:17:15,540 | INFO | Batch 190 | Loss: 2.6939 | Correct: 39/128 | Elapsed Time: 55.19s
2026-01-16 21:18:10,706 | INFO | Batch 200 | Loss: 2.7529 | Correct: 40/128 | Elapsed Time: 55.17s
2026-01-16 21:19:05,804 | INFO | Batch 210 | Loss: 2.7343 | Correct: 41/128 | Elapsed Time: 55.10s
2026-01-16 21:20:00,939 | INFO | Batch 220 | Loss: 2.8361 | Correct: 47/128 | Elapsed Time: 55.14s
2026-01-16 21:20:56,106 | INFO | Batch 230 | Loss: 3.0020 | Correct: 27/128 | Elapsed Time: 55.17s
2026-01-16 21:21:51,344 | INFO | Batch 240 | Loss: 2.6362 | Correct: 41/128 | Elapsed Time: 55.24s
2026-01-16 21:22:46,508 | INFO | Batch 250 | Loss: 2.4670 | Correct: 47/128 | Elapsed Time: 55.16s
2026-01-16 21:23:41,662 | INFO | Batch 260 | Loss: 2.6577 | Correct: 36/128 | Elapsed Time: 55.15s
2026-01-16 21:24:36,833 | INFO | Batch 270 | Loss: 2.6078 | Correct: 46/128 | Elapsed Time: 55.17s
2026-01-16 21:25:32,135 | INFO | Batch 280 | Loss: 2.8093 | Correct: 32/128 | Elapsed Time: 55.30s
2026-01-16 21:26:27,235 | INFO | Batch 290 | Loss: 2.8438 | Correct: 32/128 | Elapsed Time: 55.10s
2026-01-16 21:27:22,367 | INFO | Batch 300 | Loss: 2.5347 | Correct: 46/128 | Elapsed Time: 55.13s
2026-01-16 21:28:17,502 | INFO | Batch 310 | Loss: 2.6433 | Correct: 41/128 | Elapsed Time: 55.14s
2026-01-16 21:29:12,764 | INFO | Batch 320 | Loss: 2.5727 | Correct: 45/128 | Elapsed Time: 55.26s
2026-01-16 21:30:07,875 | INFO | Batch 330 | Loss: 2.9980 | Correct: 28/128 | Elapsed Time: 55.11s
2026-01-16 21:31:02,978 | INFO | Batch 340 | Loss: 2.7566 | Correct: 29/128 | Elapsed Time: 55.10s
2026-01-16 21:31:58,070 | INFO | Batch 350 | Loss: 3.0347 | Correct: 34/128 | Elapsed Time: 55.09s
2026-01-16 21:32:53,115 | INFO | Batch 360 | Loss: 2.8361 | Correct: 35/128 | Elapsed Time: 55.05s
2026-01-16 21:33:48,235 | INFO | Batch 370 | Loss: 2.4239 | Correct: 45/128 | Elapsed Time: 55.12s
2026-01-16 21:34:43,299 | INFO | Batch 380 | Loss: 2.2776 | Correct: 55/128 | Elapsed Time: 55.06s
2026-01-16 21:35:38,588 | INFO | Batch 390 | Loss: 2.5762 | Correct: 41/128 | Elapsed Time: 55.29s
2026-01-16 21:35:42,114 | INFO | Epoch [3/100] - Loss: 2.7518 | Correct: 15070/50000 (30.14%, 2154.89s)
2026-01-16 21:38:37,906 | INFO | Validation - Loss: 2.5918 | Top1: 3358/10000 (33.58%) | Top5: 6466/10000 (64.66%) (175.79s)
2026-01-16 21:38:39,134 | INFO | New best model saved at epoch 3 with Top1 Acc: 33.58% (Top5: 64.66%)
2026-01-16 21:39:34,307 | INFO | Batch 10 | Loss: 2.4804 | Correct: 48/128 | Elapsed Time: 55.17s
2026-01-16 21:40:29,443 | INFO | Batch 20 | Loss: 2.8208 | Correct: 38/128 | Elapsed Time: 55.14s
2026-01-16 21:41:24,568 | INFO | Batch 30 | Loss: 2.4804 | Correct: 42/128 | Elapsed Time: 55.13s
2026-01-16 21:42:19,710 | INFO | Batch 40 | Loss: 2.3978 | Correct: 45/128 | Elapsed Time: 55.14s
2026-01-16 21:43:14,836 | INFO | Batch 50 | Loss: 2.3752 | Correct: 45/128 | Elapsed Time: 55.13s
2026-01-16 21:44:09,938 | INFO | Batch 60 | Loss: 2.2776 | Correct: 49/128 | Elapsed Time: 55.10s
2026-01-16 21:45:05,141 | INFO | Batch 70 | Loss: 2.3086 | Correct: 50/128 | Elapsed Time: 55.20s
2026-01-16 21:46:00,299 | INFO | Batch 80 | Loss: 2.6469 | Correct: 40/128 | Elapsed Time: 55.16s
2026-01-16 21:46:55,424 | INFO | Batch 90 | Loss: 2.2838 | Correct: 52/128 | Elapsed Time: 55.12s
2026-01-16 21:47:50,526 | INFO | Batch 100 | Loss: 2.3592 | Correct: 53/128 | Elapsed Time: 55.10s
2026-01-16 21:48:45,586 | INFO | Batch 110 | Loss: 2.6397 | Correct: 46/128 | Elapsed Time: 55.06s
2026-01-16 21:49:40,670 | INFO | Batch 120 | Loss: 2.3306 | Correct: 48/128 | Elapsed Time: 55.08s
2026-01-16 21:50:35,795 | INFO | Batch 130 | Loss: 2.2683 | Correct: 54/128 | Elapsed Time: 55.12s
2026-01-16 21:51:30,928 | INFO | Batch 140 | Loss: 2.7343 | Correct: 36/128 | Elapsed Time: 55.13s
2026-01-16 21:52:26,114 | INFO | Batch 150 | Loss: 2.6255 | Correct: 38/128 | Elapsed Time: 55.19s
2026-01-16 21:53:21,214 | INFO | Batch 160 | Loss: 2.6184 | Correct: 39/128 | Elapsed Time: 55.10s
2026-01-16 21:54:16,361 | INFO | Batch 170 | Loss: 2.5312 | Correct: 45/128 | Elapsed Time: 55.15s
2026-01-16 21:55:11,530 | INFO | Batch 180 | Loss: 2.5278 | Correct: 49/128 | Elapsed Time: 55.17s
2026-01-16 21:56:06,624 | INFO | Batch 190 | Loss: 2.5108 | Correct: 48/128 | Elapsed Time: 55.09s
2026-01-16 21:57:01,766 | INFO | Batch 200 | Loss: 2.6326 | Correct: 45/128 | Elapsed Time: 55.14s
2026-01-16 21:57:56,870 | INFO | Batch 210 | Loss: 2.8055 | Correct: 41/128 | Elapsed Time: 55.10s
2026-01-16 21:58:52,074 | INFO | Batch 220 | Loss: 2.3656 | Correct: 48/128 | Elapsed Time: 55.20s
2026-01-16 21:59:47,197 | INFO | Batch 230 | Loss: 2.4770 | Correct: 46/128 | Elapsed Time: 55.12s
2026-01-16 22:00:42,275 | INFO | Batch 240 | Loss: 2.3117 | Correct: 52/128 | Elapsed Time: 55.08s
2026-01-16 22:01:37,438 | INFO | Batch 250 | Loss: 2.5415 | Correct: 43/128 | Elapsed Time: 55.16s
2026-01-16 22:02:32,522 | INFO | Batch 260 | Loss: 2.3752 | Correct: 46/128 | Elapsed Time: 55.08s
2026-01-16 22:03:27,646 | INFO | Batch 270 | Loss: 2.4972 | Correct: 46/128 | Elapsed Time: 55.12s
2026-01-16 22:04:22,786 | INFO | Batch 280 | Loss: 2.3816 | Correct: 50/128 | Elapsed Time: 55.14s
2026-01-16 22:05:17,888 | INFO | Batch 290 | Loss: 2.4570 | Correct: 47/128 | Elapsed Time: 55.10s
2026-01-16 22:06:13,011 | INFO | Batch 300 | Loss: 2.6757 | Correct: 44/128 | Elapsed Time: 55.12s
2026-01-16 22:07:07,992 | INFO | Batch 310 | Loss: 2.2930 | Correct: 46/128 | Elapsed Time: 54.98s
2026-01-16 22:08:02,990 | INFO | Batch 320 | Loss: 2.3720 | Correct: 46/128 | Elapsed Time: 55.00s
2026-01-16 22:08:57,980 | INFO | Batch 330 | Loss: 2.4938 | Correct: 46/128 | Elapsed Time: 54.99s
2026-01-16 22:09:52,980 | INFO | Batch 340 | Loss: 2.1781 | Correct: 49/128 | Elapsed Time: 55.00s
2026-01-16 22:10:47,962 | INFO | Batch 350 | Loss: 2.3720 | Correct: 52/128 | Elapsed Time: 54.98s
2026-01-16 22:11:42,987 | INFO | Batch 360 | Loss: 2.4503 | Correct: 50/128 | Elapsed Time: 55.03s
2026-01-16 22:12:37,948 | INFO | Batch 370 | Loss: 2.3849 | Correct: 49/128 | Elapsed Time: 54.96s
2026-01-16 22:13:33,026 | INFO | Batch 380 | Loss: 2.6078 | Correct: 39/128 | Elapsed Time: 55.08s
2026-01-16 22:14:28,015 | INFO | Batch 390 | Loss: 2.3913 | Correct: 49/128 | Elapsed Time: 54.99s
2026-01-16 22:14:31,540 | INFO | Epoch [4/100] - Loss: 2.5149 | Correct: 17443/50000 (34.89%, 2152.41s)
2026-01-16 22:17:26,720 | INFO | Validation - Loss: 2.4726 | Top1: 3646/10000 (36.46%) | Top5: 6807/10000 (68.07%) (175.18s)
2026-01-16 22:17:27,761 | INFO | New best model saved at epoch 4 with Top1 Acc: 36.46% (Top5: 68.07%)
2026-01-16 22:18:22,817 | INFO | Batch 10 | Loss: 2.4603 | Correct: 49/128 | Elapsed Time: 55.06s
2026-01-16 22:19:17,802 | INFO | Batch 20 | Loss: 1.9625 | Correct: 66/128 | Elapsed Time: 54.98s
2026-01-16 22:20:12,781 | INFO | Batch 30 | Loss: 2.3024 | Correct: 50/128 | Elapsed Time: 54.98s
2026-01-16 22:21:07,784 | INFO | Batch 40 | Loss: 2.3881 | Correct: 46/128 | Elapsed Time: 55.00s
2026-01-16 22:22:02,795 | INFO | Batch 50 | Loss: 2.4703 | Correct: 49/128 | Elapsed Time: 55.01s
2026-01-16 22:22:57,890 | INFO | Batch 60 | Loss: 2.2807 | Correct: 51/128 | Elapsed Time: 55.10s
2026-01-16 22:23:52,871 | INFO | Batch 70 | Loss: 2.2714 | Correct: 55/128 | Elapsed Time: 54.98s
2026-01-16 22:24:47,874 | INFO | Batch 80 | Loss: 2.5278 | Correct: 42/128 | Elapsed Time: 55.00s
2026-01-16 22:25:42,917 | INFO | Batch 90 | Loss: 2.4239 | Correct: 49/128 | Elapsed Time: 55.04s
2026-01-16 22:26:37,898 | INFO | Batch 100 | Loss: 2.3656 | Correct: 51/128 | Elapsed Time: 54.98s
2026-01-16 22:27:32,900 | INFO | Batch 110 | Loss: 2.4670 | Correct: 43/128 | Elapsed Time: 55.00s
2026-01-16 22:28:27,881 | INFO | Batch 120 | Loss: 2.7343 | Correct: 39/128 | Elapsed Time: 54.98s
2026-01-16 22:29:22,861 | INFO | Batch 130 | Loss: 2.3401 | Correct: 49/128 | Elapsed Time: 54.98s
2026-01-16 22:30:17,969 | INFO | Batch 140 | Loss: 2.2714 | Correct: 52/128 | Elapsed Time: 55.11s
2026-01-16 22:31:12,984 | INFO | Batch 150 | Loss: 2.3624 | Correct: 52/128 | Elapsed Time: 55.01s
2026-01-16 22:32:08,034 | INFO | Batch 160 | Loss: 2.3784 | Correct: 49/128 | Elapsed Time: 55.05s
2026-01-16 22:33:03,017 | INFO | Batch 170 | Loss: 2.3212 | Correct: 61/128 | Elapsed Time: 54.98s
2026-01-16 22:33:58,026 | INFO | Batch 180 | Loss: 2.2470 | Correct: 56/128 | Elapsed Time: 55.01s
2026-01-16 22:34:53,079 | INFO | Batch 190 | Loss: 2.2807 | Correct: 56/128 | Elapsed Time: 55.05s
2026-01-16 22:35:48,125 | INFO | Batch 200 | Loss: 2.4206 | Correct: 48/128 | Elapsed Time: 55.05s
2026-01-16 22:36:43,241 | INFO | Batch 210 | Loss: 2.1958 | Correct: 56/128 | Elapsed Time: 55.12s
2026-01-16 22:37:38,246 | INFO | Batch 220 | Loss: 2.3881 | Correct: 48/128 | Elapsed Time: 55.00s
2026-01-16 22:38:33,296 | INFO | Batch 230 | Loss: 2.3401 | Correct: 50/128 | Elapsed Time: 55.05s
2026-01-16 22:39:28,352 | INFO | Batch 240 | Loss: 2.2592 | Correct: 55/128 | Elapsed Time: 55.06s
2026-01-16 22:40:23,350 | INFO | Batch 250 | Loss: 2.5902 | Correct: 45/128 | Elapsed Time: 55.00s
2026-01-16 22:41:18,376 | INFO | Batch 260 | Loss: 2.0999 | Correct: 53/128 | Elapsed Time: 55.03s
2026-01-16 22:42:13,425 | INFO | Batch 270 | Loss: 2.0942 | Correct: 57/128 | Elapsed Time: 55.05s
2026-01-16 22:43:08,422 | INFO | Batch 280 | Loss: 2.4141 | Correct: 53/128 | Elapsed Time: 55.00s
2026-01-16 22:44:03,540 | INFO | Batch 290 | Loss: 2.4108 | Correct: 47/128 | Elapsed Time: 55.12s
2026-01-16 22:44:58,565 | INFO | Batch 300 | Loss: 2.2409 | Correct: 44/128 | Elapsed Time: 55.02s
2026-01-16 22:45:53,612 | INFO | Batch 310 | Loss: 2.2653 | Correct: 59/128 | Elapsed Time: 55.05s
2026-01-16 22:46:48,651 | INFO | Batch 320 | Loss: 2.1113 | Correct: 47/128 | Elapsed Time: 55.04s
2026-01-16 22:47:43,655 | INFO | Batch 330 | Loss: 2.2561 | Correct: 54/128 | Elapsed Time: 55.00s
2026-01-16 22:48:38,616 | INFO | Batch 340 | Loss: 2.3243 | Correct: 48/128 | Elapsed Time: 54.96s
2026-01-16 22:49:33,681 | INFO | Batch 350 | Loss: 2.4371 | Correct: 42/128 | Elapsed Time: 55.06s
2026-01-16 22:50:28,821 | INFO | Batch 360 | Loss: 2.1958 | Correct: 55/128 | Elapsed Time: 55.14s
2026-01-16 22:51:23,883 | INFO | Batch 370 | Loss: 2.4076 | Correct: 40/128 | Elapsed Time: 55.06s
2026-01-16 22:52:18,884 | INFO | Batch 380 | Loss: 2.2807 | Correct: 55/128 | Elapsed Time: 55.00s
2026-01-16 22:53:13,887 | INFO | Batch 390 | Loss: 2.2561 | Correct: 47/128 | Elapsed Time: 55.00s
2026-01-16 22:53:17,414 | INFO | Epoch [5/100] - Loss: 2.3429 | Correct: 19295/50000 (38.59%, 2149.65s)
2026-01-16 22:56:12,577 | INFO | Validation - Loss: 2.3317 | Top1: 3949/10000 (39.49%) | Top5: 7042/10000 (70.42%) (175.16s)
2026-01-16 22:56:13,617 | INFO | New best model saved at epoch 5 with Top1 Acc: 39.49% (Top5: 70.42%)
2026-01-16 22:57:08,691 | INFO | Batch 10 | Loss: 2.2409 | Correct: 50/128 | Elapsed Time: 55.07s
2026-01-16 22:58:03,685 | INFO | Batch 20 | Loss: 2.1401 | Correct: 55/128 | Elapsed Time: 54.99s
2026-01-16 22:58:58,673 | INFO | Batch 30 | Loss: 2.1228 | Correct: 56/128 | Elapsed Time: 54.99s
2026-01-16 22:59:53,798 | INFO | Batch 40 | Loss: 2.3784 | Correct: 53/128 | Elapsed Time: 55.13s
2026-01-16 23:00:48,780 | INFO | Batch 50 | Loss: 2.1869 | Correct: 58/128 | Elapsed Time: 54.98s
2026-01-16 23:01:43,784 | INFO | Batch 60 | Loss: 2.1546 | Correct: 54/128 | Elapsed Time: 55.00s
2026-01-16 23:02:38,748 | INFO | Batch 70 | Loss: 2.0999 | Correct: 54/128 | Elapsed Time: 54.96s
2026-01-16 23:03:33,726 | INFO | Batch 80 | Loss: 2.1604 | Correct: 55/128 | Elapsed Time: 54.98s
2026-01-16 23:04:28,711 | INFO | Batch 90 | Loss: 2.3688 | Correct: 49/128 | Elapsed Time: 54.98s
2026-01-16 23:05:23,734 | INFO | Batch 100 | Loss: 2.2167 | Correct: 61/128 | Elapsed Time: 55.02s
2026-01-16 23:06:18,734 | INFO | Batch 110 | Loss: 2.1751 | Correct: 50/128 | Elapsed Time: 55.00s
2026-01-16 23:07:13,815 | INFO | Batch 120 | Loss: 2.2776 | Correct: 59/128 | Elapsed Time: 55.08s
2026-01-16 23:08:08,820 | INFO | Batch 130 | Loss: 2.2378 | Correct: 53/128 | Elapsed Time: 55.00s
2026-01-16 23:09:03,784 | INFO | Batch 140 | Loss: 1.9492 | Correct: 64/128 | Elapsed Time: 54.96s
2026-01-16 23:09:58,765 | INFO | Batch 150 | Loss: 2.1840 | Correct: 49/128 | Elapsed Time: 54.98s
2026-01-16 23:10:53,748 | INFO | Batch 160 | Loss: 2.3274 | Correct: 48/128 | Elapsed Time: 54.98s
2026-01-16 23:11:48,730 | INFO | Batch 170 | Loss: 2.1314 | Correct: 51/128 | Elapsed Time: 54.98s
2026-01-16 23:12:43,712 | INFO | Batch 180 | Loss: 2.3656 | Correct: 47/128 | Elapsed Time: 54.98s
2026-01-16 23:13:38,696 | INFO | Batch 190 | Loss: 2.1084 | Correct: 54/128 | Elapsed Time: 54.98s
2026-01-16 23:14:33,757 | INFO | Batch 200 | Loss: 2.3306 | Correct: 55/128 | Elapsed Time: 55.06s
2026-01-16 23:15:28,837 | INFO | Batch 210 | Loss: 2.1751 | Correct: 47/128 | Elapsed Time: 55.08s
2026-01-16 23:16:23,862 | INFO | Batch 220 | Loss: 2.3528 | Correct: 44/128 | Elapsed Time: 55.03s
2026-01-16 23:17:18,905 | INFO | Batch 230 | Loss: 2.2348 | Correct: 51/128 | Elapsed Time: 55.04s
2026-01-16 23:18:13,926 | INFO | Batch 240 | Loss: 2.2530 | Correct: 49/128 | Elapsed Time: 55.02s
2026-01-16 23:19:08,908 | INFO | Batch 250 | Loss: 2.2048 | Correct: 43/128 | Elapsed Time: 54.98s
2026-01-16 23:20:03,939 | INFO | Batch 260 | Loss: 1.9519 | Correct: 63/128 | Elapsed Time: 55.03s
2026-01-16 23:20:58,974 | INFO | Batch 270 | Loss: 2.2439 | Correct: 47/128 | Elapsed Time: 55.03s
2026-01-16 23:21:54,136 | INFO | Batch 280 | Loss: 2.2378 | Correct: 50/128 | Elapsed Time: 55.16s
2026-01-16 23:22:49,138 | INFO | Batch 290 | Loss: 2.3688 | Correct: 50/128 | Elapsed Time: 55.00s
2026-01-16 23:23:44,119 | INFO | Batch 300 | Loss: 2.0885 | Correct: 58/128 | Elapsed Time: 54.98s
2026-01-16 23:24:39,123 | INFO | Batch 310 | Loss: 2.0885 | Correct: 62/128 | Elapsed Time: 55.00s
2026-01-16 23:25:34,186 | INFO | Batch 320 | Loss: 2.2561 | Correct: 47/128 | Elapsed Time: 55.06s
2026-01-16 23:26:29,185 | INFO | Batch 330 | Loss: 1.9919 | Correct: 63/128 | Elapsed Time: 55.00s
2026-01-16 23:27:24,190 | INFO | Batch 340 | Loss: 2.2409 | Correct: 51/128 | Elapsed Time: 55.01s
2026-01-16 23:28:19,314 | INFO | Batch 350 | Loss: 2.2378 | Correct: 57/128 | Elapsed Time: 55.12s
2026-01-16 23:29:14,335 | INFO | Batch 360 | Loss: 1.8216 | Correct: 71/128 | Elapsed Time: 55.02s
2026-01-16 23:30:09,397 | INFO | Batch 370 | Loss: 2.3306 | Correct: 50/128 | Elapsed Time: 55.06s
2026-01-16 23:31:04,439 | INFO | Batch 380 | Loss: 1.9334 | Correct: 60/128 | Elapsed Time: 55.04s
2026-01-16 23:31:59,408 | INFO | Batch 390 | Loss: 2.0521 | Correct: 67/128 | Elapsed Time: 54.97s
2026-01-16 23:32:02,951 | INFO | Epoch [6/100] - Loss: 2.1956 | Correct: 20869/50000 (41.74%, 2149.33s)
2026-01-16 23:34:58,029 | INFO | Validation - Loss: 2.2065 | Top1: 4239/10000 (42.39%) | Top5: 7392/10000 (73.92%) (175.08s)
2026-01-16 23:34:59,070 | INFO | New best model saved at epoch 6 with Top1 Acc: 42.39% (Top5: 73.92%)
2026-01-16 23:35:54,207 | INFO | Batch 10 | Loss: 1.7682 | Correct: 69/128 | Elapsed Time: 55.14s
2026-01-16 23:36:49,212 | INFO | Batch 20 | Loss: 2.0999 | Correct: 54/128 | Elapsed Time: 55.00s
2026-01-16 23:37:44,377 | INFO | Batch 30 | Loss: 2.0717 | Correct: 58/128 | Elapsed Time: 55.17s
2026-01-16 23:38:39,416 | INFO | Batch 40 | Loss: 2.1084 | Correct: 54/128 | Elapsed Time: 55.04s
2026-01-16 23:39:34,396 | INFO | Batch 50 | Loss: 2.1285 | Correct: 54/128 | Elapsed Time: 54.98s
2026-01-16 23:40:29,417 | INFO | Batch 60 | Loss: 1.9973 | Correct: 62/128 | Elapsed Time: 55.02s
2026-01-16 23:41:24,420 | INFO | Batch 70 | Loss: 2.3086 | Correct: 56/128 | Elapsed Time: 55.00s
2026-01-16 23:42:19,446 | INFO | Batch 80 | Loss: 2.3338 | Correct: 48/128 | Elapsed Time: 55.03s
2026-01-16 23:43:14,448 | INFO | Batch 90 | Loss: 2.0829 | Correct: 53/128 | Elapsed Time: 55.00s
2026-01-16 23:44:09,466 | INFO | Batch 100 | Loss: 2.0942 | Correct: 56/128 | Elapsed Time: 55.02s
2026-01-16 23:45:04,578 | INFO | Batch 110 | Loss: 2.2500 | Correct: 54/128 | Elapsed Time: 55.11s
2026-01-16 23:45:59,617 | INFO | Batch 120 | Loss: 2.1722 | Correct: 60/128 | Elapsed Time: 55.04s
2026-01-16 23:46:54,636 | INFO | Batch 130 | Loss: 2.2993 | Correct: 55/128 | Elapsed Time: 55.02s
2026-01-16 23:47:49,597 | INFO | Batch 140 | Loss: 2.0054 | Correct: 55/128 | Elapsed Time: 54.96s
2026-01-16 23:48:44,659 | INFO | Batch 150 | Loss: 2.2838 | Correct: 47/128 | Elapsed Time: 55.06s
2026-01-16 23:49:39,642 | INFO | Batch 160 | Loss: 2.2993 | Correct: 49/128 | Elapsed Time: 54.98s
2026-01-16 23:50:34,663 | INFO | Batch 170 | Loss: 2.1958 | Correct: 54/128 | Elapsed Time: 55.02s
2026-01-16 23:51:29,646 | INFO | Batch 180 | Loss: 2.1228 | Correct: 52/128 | Elapsed Time: 54.98s
2026-01-16 23:52:24,749 | INFO | Batch 190 | Loss: 2.2592 | Correct: 50/128 | Elapsed Time: 55.10s
2026-01-16 23:53:19,731 | INFO | Batch 200 | Loss: 2.0245 | Correct: 56/128 | Elapsed Time: 54.98s
2026-01-16 23:54:14,714 | INFO | Batch 210 | Loss: 1.7093 | Correct: 66/128 | Elapsed Time: 54.98s
2026-01-16 23:55:09,814 | INFO | Batch 220 | Loss: 1.9023 | Correct: 57/128 | Elapsed Time: 55.10s
2026-01-16 23:56:04,786 | INFO | Batch 230 | Loss: 2.2409 | Correct: 54/128 | Elapsed Time: 54.97s
2026-01-16 23:56:59,756 | INFO | Batch 240 | Loss: 2.2107 | Correct: 49/128 | Elapsed Time: 54.97s
2026-01-16 23:57:54,741 | INFO | Batch 250 | Loss: 2.0717 | Correct: 54/128 | Elapsed Time: 54.98s
2026-01-16 23:58:49,839 | INFO | Batch 260 | Loss: 1.8045 | Correct: 61/128 | Elapsed Time: 55.10s
2026-01-16 23:59:44,851 | INFO | Batch 270 | Loss: 1.9545 | Correct: 63/128 | Elapsed Time: 55.01s
2026-01-17 00:00:39,834 | INFO | Batch 280 | Loss: 2.1199 | Correct: 55/128 | Elapsed Time: 54.98s
2026-01-17 00:01:34,874 | INFO | Batch 290 | Loss: 2.1430 | Correct: 56/128 | Elapsed Time: 55.04s
2026-01-17 00:02:29,874 | INFO | Batch 300 | Loss: 1.9811 | Correct: 63/128 | Elapsed Time: 55.00s
2026-01-17 00:03:24,918 | INFO | Batch 310 | Loss: 2.0549 | Correct: 55/128 | Elapsed Time: 55.04s
2026-01-17 00:04:19,922 | INFO | Batch 320 | Loss: 2.3117 | Correct: 50/128 | Elapsed Time: 55.00s
2026-01-17 00:05:15,089 | INFO | Batch 330 | Loss: 2.0521 | Correct: 61/128 | Elapsed Time: 55.17s
2026-01-17 00:06:10,246 | INFO | Batch 340 | Loss: 1.9023 | Correct: 59/128 | Elapsed Time: 55.16s
2026-01-17 00:07:05,305 | INFO | Batch 350 | Loss: 2.0885 | Correct: 55/128 | Elapsed Time: 55.06s
2026-01-17 00:08:00,311 | INFO | Batch 360 | Loss: 2.1170 | Correct: 60/128 | Elapsed Time: 55.01s
2026-01-17 00:08:55,332 | INFO | Batch 370 | Loss: 2.1604 | Correct: 56/128 | Elapsed Time: 55.02s
2026-01-17 00:09:50,353 | INFO | Batch 380 | Loss: 2.0745 | Correct: 53/128 | Elapsed Time: 55.02s
2026-01-17 00:10:45,374 | INFO | Batch 390 | Loss: 2.0218 | Correct: 56/128 | Elapsed Time: 55.02s
2026-01-17 00:10:48,903 | INFO | Epoch [7/100] - Loss: 2.0773 | Correct: 22074/50000 (44.15%, 2149.83s)
2026-01-17 00:13:43,965 | INFO | Validation - Loss: 2.1411 | Top1: 4409/10000 (44.09%) | Top5: 7494/10000 (74.94%) (175.06s)
2026-01-17 00:13:44,696 | INFO | New best model saved at epoch 7 with Top1 Acc: 44.09% (Top5: 74.94%)
2026-01-17 00:14:39,763 | INFO | Batch 10 | Loss: 1.9256 | Correct: 63/128 | Elapsed Time: 55.07s
2026-01-17 00:15:34,905 | INFO | Batch 20 | Loss: 1.9074 | Correct: 61/128 | Elapsed Time: 55.14s
2026-01-17 00:16:29,906 | INFO | Batch 30 | Loss: 1.6750 | Correct: 63/128 | Elapsed Time: 55.00s
2026-01-17 00:17:24,928 | INFO | Batch 40 | Loss: 2.0190 | Correct: 58/128 | Elapsed Time: 55.02s
2026-01-17 00:18:19,953 | INFO | Batch 50 | Loss: 1.9152 | Correct: 60/128 | Elapsed Time: 55.03s
2026-01-17 00:19:15,026 | INFO | Batch 60 | Loss: 2.0081 | Correct: 54/128 | Elapsed Time: 55.07s
2026-01-17 00:20:10,056 | INFO | Batch 70 | Loss: 1.9308 | Correct: 63/128 | Elapsed Time: 55.03s
2026-01-17 00:21:05,060 | INFO | Batch 80 | Loss: 1.9204 | Correct: 58/128 | Elapsed Time: 55.00s
2026-01-17 00:22:00,037 | INFO | Batch 90 | Loss: 1.7420 | Correct: 76/128 | Elapsed Time: 54.98s
2026-01-17 00:22:55,144 | INFO | Batch 100 | Loss: 2.2167 | Correct: 49/128 | Elapsed Time: 55.11s
2026-01-17 00:23:50,146 | INFO | Batch 110 | Loss: 2.0745 | Correct: 56/128 | Elapsed Time: 55.00s
2026-01-17 00:24:45,159 | INFO | Batch 120 | Loss: 2.3849 | Correct: 47/128 | Elapsed Time: 55.01s
2026-01-17 00:25:40,268 | INFO | Batch 130 | Loss: 1.8540 | Correct: 68/128 | Elapsed Time: 55.11s
2026-01-17 00:26:35,326 | INFO | Batch 140 | Loss: 2.2653 | Correct: 55/128 | Elapsed Time: 55.06s
2026-01-17 00:27:30,334 | INFO | Batch 150 | Loss: 2.1459 | Correct: 56/128 | Elapsed Time: 55.01s
2026-01-17 00:28:25,338 | INFO | Batch 160 | Loss: 2.0300 | Correct: 64/128 | Elapsed Time: 55.00s
2026-01-17 00:29:20,360 | INFO | Batch 170 | Loss: 1.9598 | Correct: 60/128 | Elapsed Time: 55.02s
2026-01-17 00:30:15,462 | INFO | Batch 180 | Loss: 1.8540 | Correct: 72/128 | Elapsed Time: 55.10s
2026-01-17 00:31:10,485 | INFO | Batch 190 | Loss: 2.1869 | Correct: 55/128 | Elapsed Time: 55.02s
2026-01-17 00:32:05,502 | INFO | Batch 200 | Loss: 1.9545 | Correct: 60/128 | Elapsed Time: 55.02s
2026-01-17 00:33:00,488 | INFO | Batch 210 | Loss: 2.0745 | Correct: 50/128 | Elapsed Time: 54.99s
2026-01-17 00:33:55,513 | INFO | Batch 220 | Loss: 2.1199 | Correct: 57/128 | Elapsed Time: 55.02s
2026-01-17 00:34:50,536 | INFO | Batch 230 | Loss: 2.1575 | Correct: 60/128 | Elapsed Time: 55.02s
2026-01-17 00:35:45,615 | INFO | Batch 240 | Loss: 1.8020 | Correct: 63/128 | Elapsed Time: 55.08s
2026-01-17 00:36:40,720 | INFO | Batch 250 | Loss: 2.0000 | Correct: 59/128 | Elapsed Time: 55.11s
2026-01-17 00:37:35,783 | INFO | Batch 260 | Loss: 1.9387 | Correct: 61/128 | Elapsed Time: 55.06s
2026-01-17 00:38:30,783 | INFO | Batch 270 | Loss: 2.4404 | Correct: 48/128 | Elapsed Time: 55.00s
2026-01-17 00:39:25,786 | INFO | Batch 280 | Loss: 1.6502 | Correct: 63/128 | Elapsed Time: 55.00s
2026-01-17 00:40:20,827 | INFO | Batch 290 | Loss: 2.0633 | Correct: 60/128 | Elapsed Time: 55.04s
2026-01-17 00:41:15,835 | INFO | Batch 300 | Loss: 1.7326 | Correct: 63/128 | Elapsed Time: 55.01s
2026-01-17 00:42:10,838 | INFO | Batch 310 | Loss: 1.9919 | Correct: 58/128 | Elapsed Time: 55.00s
2026-01-17 00:43:05,814 | INFO | Batch 320 | Loss: 2.0633 | Correct: 55/128 | Elapsed Time: 54.98s
2026-01-17 00:44:00,876 | INFO | Batch 330 | Loss: 1.8971 | Correct: 60/128 | Elapsed Time: 55.06s
2026-01-17 00:44:55,879 | INFO | Batch 340 | Loss: 2.0027 | Correct: 55/128 | Elapsed Time: 55.00s
2026-01-17 00:45:50,940 | INFO | Batch 350 | Loss: 1.7923 | Correct: 74/128 | Elapsed Time: 55.06s
2026-01-17 00:46:45,964 | INFO | Batch 360 | Loss: 2.0801 | Correct: 60/128 | Elapsed Time: 55.02s
2026-01-17 00:47:40,930 | INFO | Batch 370 | Loss: 2.2048 | Correct: 48/128 | Elapsed Time: 54.97s
2026-01-17 00:48:35,928 | INFO | Batch 380 | Loss: 2.1343 | Correct: 51/128 | Elapsed Time: 55.00s
2026-01-17 00:49:30,908 | INFO | Batch 390 | Loss: 1.8615 | Correct: 56/128 | Elapsed Time: 54.98s
2026-01-17 00:49:34,439 | INFO | Epoch [8/100] - Loss: 1.9700 | Correct: 23251/50000 (46.50%, 2149.74s)
2026-01-17 00:52:29,438 | INFO | Validation - Loss: 2.0010 | Top1: 4676/10000 (46.76%) | Top5: 7773/10000 (77.73%) (175.00s)
2026-01-17 00:52:30,172 | INFO | New best model saved at epoch 8 with Top1 Acc: 46.76% (Top5: 77.73%)
2026-01-17 00:53:25,333 | INFO | Batch 10 | Loss: 1.8143 | Correct: 65/128 | Elapsed Time: 55.16s
2026-01-17 00:54:20,361 | INFO | Batch 20 | Loss: 1.8742 | Correct: 63/128 | Elapsed Time: 55.03s
2026-01-17 00:55:15,482 | INFO | Batch 30 | Loss: 2.0857 | Correct: 56/128 | Elapsed Time: 55.12s
2026-01-17 00:56:10,505 | INFO | Batch 40 | Loss: 1.9256 | Correct: 60/128 | Elapsed Time: 55.02s
2026-01-17 00:57:05,557 | INFO | Batch 50 | Loss: 1.9023 | Correct: 62/128 | Elapsed Time: 55.05s
2026-01-17 00:58:00,580 | INFO | Batch 60 | Loss: 1.9678 | Correct: 60/128 | Elapsed Time: 55.02s
2026-01-17 00:58:55,569 | INFO | Batch 70 | Loss: 1.5996 | Correct: 72/128 | Elapsed Time: 54.99s
2026-01-17 00:59:50,567 | INFO | Batch 80 | Loss: 1.8843 | Correct: 65/128 | Elapsed Time: 55.00s
2026-01-17 01:00:45,677 | INFO | Batch 90 | Loss: 1.6637 | Correct: 70/128 | Elapsed Time: 55.11s
2026-01-17 01:01:40,698 | INFO | Batch 100 | Loss: 1.9785 | Correct: 57/128 | Elapsed Time: 55.02s
2026-01-17 01:02:35,719 | INFO | Batch 110 | Loss: 2.2197 | Correct: 45/128 | Elapsed Time: 55.02s
2026-01-17 01:03:30,723 | INFO | Batch 120 | Loss: 2.0801 | Correct: 58/128 | Elapsed Time: 55.00s
2026-01-17 01:04:25,697 | INFO | Batch 130 | Loss: 2.0829 | Correct: 57/128 | Elapsed Time: 54.97s
2026-01-17 01:05:20,822 | INFO | Batch 140 | Loss: 2.0190 | Correct: 62/128 | Elapsed Time: 55.13s
2026-01-17 01:06:15,792 | INFO | Batch 150 | Loss: 2.2167 | Correct: 46/128 | Elapsed Time: 54.97s
2026-01-17 01:07:10,872 | INFO | Batch 160 | Loss: 1.8069 | Correct: 60/128 | Elapsed Time: 55.08s
2026-01-17 01:08:05,840 | INFO | Batch 170 | Loss: 1.9731 | Correct: 63/128 | Elapsed Time: 54.97s
2026-01-17 01:09:00,814 | INFO | Batch 180 | Loss: 1.9074 | Correct: 63/128 | Elapsed Time: 54.97s
2026-01-17 01:09:55,779 | INFO | Batch 190 | Loss: 2.0717 | Correct: 58/128 | Elapsed Time: 54.97s
2026-01-17 01:10:50,735 | INFO | Batch 200 | Loss: 1.7140 | Correct: 63/128 | Elapsed Time: 54.96s
2026-01-17 01:11:45,723 | INFO | Batch 210 | Loss: 1.7778 | Correct: 66/128 | Elapsed Time: 54.99s
2026-01-17 01:12:40,727 | INFO | Batch 220 | Loss: 1.8742 | Correct: 62/128 | Elapsed Time: 55.00s
2026-01-17 01:13:35,709 | INFO | Batch 230 | Loss: 2.1142 | Correct: 66/128 | Elapsed Time: 54.98s
2026-01-17 01:14:30,783 | INFO | Batch 240 | Loss: 1.8742 | Correct: 64/128 | Elapsed Time: 55.07s
2026-01-17 01:15:25,813 | INFO | Batch 250 | Loss: 2.0000 | Correct: 58/128 | Elapsed Time: 55.03s
2026-01-17 01:16:20,775 | INFO | Batch 260 | Loss: 2.0136 | Correct: 58/128 | Elapsed Time: 54.96s
2026-01-17 01:17:15,735 | INFO | Batch 270 | Loss: 1.9387 | Correct: 55/128 | Elapsed Time: 54.96s
2026-01-17 01:18:10,684 | INFO | Batch 280 | Loss: 1.8716 | Correct: 67/128 | Elapsed Time: 54.95s
2026-01-17 01:19:05,624 | INFO | Batch 290 | Loss: 1.8465 | Correct: 68/128 | Elapsed Time: 54.94s
2026-01-17 01:20:00,602 | INFO | Batch 300 | Loss: 1.9334 | Correct: 66/128 | Elapsed Time: 54.98s
2026-01-17 01:20:55,587 | INFO | Batch 310 | Loss: 1.8241 | Correct: 61/128 | Elapsed Time: 54.99s
2026-01-17 01:21:50,670 | INFO | Batch 320 | Loss: 1.7899 | Correct: 62/128 | Elapsed Time: 55.08s
2026-01-17 01:22:45,650 | INFO | Batch 330 | Loss: 1.6502 | Correct: 72/128 | Elapsed Time: 54.98s
2026-01-17 01:23:40,654 | INFO | Batch 340 | Loss: 1.8390 | Correct: 62/128 | Elapsed Time: 55.00s
2026-01-17 01:24:35,618 | INFO | Batch 350 | Loss: 1.9049 | Correct: 61/128 | Elapsed Time: 54.96s
2026-01-17 01:25:30,603 | INFO | Batch 360 | Loss: 1.9282 | Correct: 63/128 | Elapsed Time: 54.98s
2026-01-17 01:26:25,634 | INFO | Batch 370 | Loss: 1.7140 | Correct: 68/128 | Elapsed Time: 55.03s
2026-01-17 01:27:20,666 | INFO | Batch 380 | Loss: 1.7826 | Correct: 60/128 | Elapsed Time: 55.03s
2026-01-17 01:28:15,769 | INFO | Batch 390 | Loss: 1.6391 | Correct: 70/128 | Elapsed Time: 55.10s
2026-01-17 01:28:19,298 | INFO | Epoch [9/100] - Loss: 1.8798 | Correct: 24383/50000 (48.77%, 2149.13s)
2026-01-17 01:31:14,110 | INFO | Validation - Loss: 1.9560 | Top1: 4776/10000 (47.76%) | Top5: 7832/10000 (78.32%) (174.81s)
2026-01-17 01:31:15,186 | INFO | New best model saved at epoch 9 with Top1 Acc: 47.76% (Top5: 78.32%)
2026-01-17 01:32:10,252 | INFO | Batch 10 | Loss: 1.8020 | Correct: 66/128 | Elapsed Time: 55.07s
2026-01-17 01:33:05,234 | INFO | Batch 20 | Loss: 1.8742 | Correct: 61/128 | Elapsed Time: 54.98s
2026-01-17 01:34:00,202 | INFO | Batch 30 | Loss: 1.7117 | Correct: 62/128 | Elapsed Time: 54.97s
2026-01-17 01:34:55,198 | INFO | Batch 40 | Loss: 1.7303 | Correct: 59/128 | Elapsed Time: 55.00s
2026-01-17 01:35:50,201 | INFO | Batch 50 | Loss: 1.6302 | Correct: 67/128 | Elapsed Time: 55.00s
2026-01-17 01:36:45,184 | INFO | Batch 60 | Loss: 1.7996 | Correct: 64/128 | Elapsed Time: 54.98s
2026-01-17 01:37:40,288 | INFO | Batch 70 | Loss: 1.9625 | Correct: 59/128 | Elapsed Time: 55.10s
2026-01-17 01:38:35,264 | INFO | Batch 80 | Loss: 1.7070 | Correct: 62/128 | Elapsed Time: 54.98s
2026-01-17 01:39:30,202 | INFO | Batch 90 | Loss: 1.8241 | Correct: 64/128 | Elapsed Time: 54.94s
2026-01-17 01:40:25,200 | INFO | Batch 100 | Loss: 2.0163 | Correct: 61/128 | Elapsed Time: 55.00s
2026-01-17 01:41:20,195 | INFO | Batch 110 | Loss: 1.9571 | Correct: 68/128 | Elapsed Time: 54.99s
2026-01-17 01:42:15,150 | INFO | Batch 120 | Loss: 1.7802 | Correct: 68/128 | Elapsed Time: 54.95s
2026-01-17 01:43:10,157 | INFO | Batch 130 | Loss: 2.0000 | Correct: 53/128 | Elapsed Time: 55.01s
2026-01-17 01:44:05,157 | INFO | Batch 140 | Loss: 1.7563 | Correct: 67/128 | Elapsed Time: 55.00s
2026-01-17 01:45:00,265 | INFO | Batch 150 | Loss: 1.7397 | Correct: 66/128 | Elapsed Time: 55.11s
2026-01-17 01:45:55,277 | INFO | Batch 160 | Loss: 1.6480 | Correct: 63/128 | Elapsed Time: 55.01s
2026-01-17 01:46:50,250 | INFO | Batch 170 | Loss: 1.8540 | Correct: 61/128 | Elapsed Time: 54.97s
2026-01-17 01:47:45,231 | INFO | Batch 180 | Loss: 1.9892 | Correct: 57/128 | Elapsed Time: 54.98s
2026-01-17 01:48:40,186 | INFO | Batch 190 | Loss: 1.7778 | Correct: 69/128 | Elapsed Time: 54.95s
2026-01-17 01:49:35,153 | INFO | Batch 200 | Loss: 1.9049 | Correct: 69/128 | Elapsed Time: 54.97s
2026-01-17 01:50:30,144 | INFO | Batch 210 | Loss: 1.6525 | Correct: 73/128 | Elapsed Time: 54.99s
2026-01-17 01:51:25,235 | INFO | Batch 220 | Loss: 1.7373 | Correct: 64/128 | Elapsed Time: 55.09s
2026-01-17 01:52:20,244 | INFO | Batch 230 | Loss: 1.8216 | Correct: 61/128 | Elapsed Time: 55.01s
2026-01-17 01:53:15,237 | INFO | Batch 240 | Loss: 1.6637 | Correct: 63/128 | Elapsed Time: 54.99s
2026-01-17 01:54:10,206 | INFO | Batch 250 | Loss: 1.7730 | Correct: 62/128 | Elapsed Time: 54.97s
2026-01-17 01:55:05,218 | INFO | Batch 260 | Loss: 1.6192 | Correct: 68/128 | Elapsed Time: 55.01s
2026-01-17 01:56:00,211 | INFO | Batch 270 | Loss: 2.0355 | Correct: 56/128 | Elapsed Time: 54.99s
2026-01-17 01:56:55,179 | INFO | Batch 280 | Loss: 2.1692 | Correct: 53/128 | Elapsed Time: 54.97s
2026-01-17 01:57:50,178 | INFO | Batch 290 | Loss: 1.8767 | Correct: 65/128 | Elapsed Time: 55.00s
2026-01-17 01:58:45,267 | INFO | Batch 300 | Loss: 1.7682 | Correct: 66/128 | Elapsed Time: 55.09s
2026-01-17 01:59:40,278 | INFO | Batch 310 | Loss: 1.8069 | Correct: 65/128 | Elapsed Time: 55.01s
2026-01-17 02:00:35,285 | INFO | Batch 320 | Loss: 1.8093 | Correct: 59/128 | Elapsed Time: 55.01s
2026-01-17 02:01:30,268 | INFO | Batch 330 | Loss: 1.9256 | Correct: 52/128 | Elapsed Time: 54.98s
2026-01-17 02:02:25,274 | INFO | Batch 340 | Loss: 1.6280 | Correct: 73/128 | Elapsed Time: 55.01s
2026-01-17 02:03:20,276 | INFO | Batch 350 | Loss: 1.6324 | Correct: 75/128 | Elapsed Time: 55.00s
2026-01-17 02:04:15,254 | INFO | Batch 360 | Loss: 1.7802 | Correct: 64/128 | Elapsed Time: 54.98s
2026-01-17 02:05:10,398 | INFO | Batch 370 | Loss: 1.8020 | Correct: 63/128 | Elapsed Time: 55.14s
2026-01-17 02:06:05,382 | INFO | Batch 380 | Loss: 1.9492 | Correct: 61/128 | Elapsed Time: 54.98s
2026-01-17 02:07:00,363 | INFO | Batch 390 | Loss: 1.8192 | Correct: 66/128 | Elapsed Time: 54.98s
2026-01-17 02:07:03,893 | INFO | Epoch [10/100] - Loss: 1.7939 | Correct: 25316/50000 (50.63%, 2148.71s)
2026-01-17 02:09:58,649 | INFO | Validation - Loss: 1.9610 | Top1: 4822/10000 (48.22%) | Top5: 7808/10000 (78.08%) (174.76s)
2026-01-17 02:09:59,388 | INFO | New best model saved at epoch 10 with Top1 Acc: 48.22% (Top5: 78.08%)
2026-01-17 02:10:54,390 | INFO | Batch 10 | Loss: 1.8390 | Correct: 72/128 | Elapsed Time: 55.00s
2026-01-17 02:11:49,347 | INFO | Batch 20 | Loss: 1.5071 | Correct: 73/128 | Elapsed Time: 54.96s
2026-01-17 02:12:44,297 | INFO | Batch 30 | Loss: 1.8615 | Correct: 62/128 | Elapsed Time: 54.95s
2026-01-17 02:13:39,269 | INFO | Batch 40 | Loss: 1.6105 | Correct: 71/128 | Elapsed Time: 54.97s
2026-01-17 02:14:34,331 | INFO | Batch 50 | Loss: 1.7280 | Correct: 72/128 | Elapsed Time: 55.06s
2026-01-17 02:15:29,312 | INFO | Batch 60 | Loss: 1.5569 | Correct: 72/128 | Elapsed Time: 54.98s
2026-01-17 02:16:24,287 | INFO | Batch 70 | Loss: 1.7923 | Correct: 67/128 | Elapsed Time: 54.98s
2026-01-17 02:17:19,297 | INFO | Batch 80 | Loss: 1.7706 | Correct: 62/128 | Elapsed Time: 55.01s
2026-01-17 02:18:14,306 | INFO | Batch 90 | Loss: 1.8093 | Correct: 71/128 | Elapsed Time: 55.01s
2026-01-17 02:19:09,309 | INFO | Batch 100 | Loss: 1.7256 | Correct: 66/128 | Elapsed Time: 55.00s
2026-01-17 02:20:04,255 | INFO | Batch 110 | Loss: 1.6932 | Correct: 68/128 | Elapsed Time: 54.95s
2026-01-17 02:20:59,198 | INFO | Batch 120 | Loss: 1.6502 | Correct: 69/128 | Elapsed Time: 54.94s
2026-01-17 02:21:54,232 | INFO | Batch 130 | Loss: 1.8093 | Correct: 63/128 | Elapsed Time: 55.03s
2026-01-17 02:22:49,181 | INFO | Batch 140 | Loss: 1.6214 | Correct: 71/128 | Elapsed Time: 54.95s
2026-01-17 02:23:44,036 | INFO | Batch 150 | Loss: 1.6061 | Correct: 64/128 | Elapsed Time: 54.85s
2026-01-17 02:24:38,994 | INFO | Batch 160 | Loss: 1.6369 | Correct: 70/128 | Elapsed Time: 54.96s
2026-01-17 02:25:33,925 | INFO | Batch 170 | Loss: 1.7350 | Correct: 62/128 | Elapsed Time: 54.93s
2026-01-17 02:26:28,842 | INFO | Batch 180 | Loss: 1.7140 | Correct: 61/128 | Elapsed Time: 54.92s
2026-01-17 02:27:23,829 | INFO | Batch 190 | Loss: 1.6302 | Correct: 60/128 | Elapsed Time: 54.99s
2026-01-17 02:28:18,750 | INFO | Batch 200 | Loss: 1.4669 | Correct: 77/128 | Elapsed Time: 54.92s
2026-01-17 02:29:13,765 | INFO | Batch 210 | Loss: 1.6413 | Correct: 63/128 | Elapsed Time: 55.02s
2026-01-17 02:30:08,679 | INFO | Batch 220 | Loss: 1.9439 | Correct: 63/128 | Elapsed Time: 54.91s
2026-01-17 02:31:03,598 | INFO | Batch 230 | Loss: 2.1170 | Correct: 55/128 | Elapsed Time: 54.92s
2026-01-17 02:31:58,521 | INFO | Batch 240 | Loss: 1.5996 | Correct: 69/128 | Elapsed Time: 54.92s
2026-01-17 02:32:53,426 | INFO | Batch 250 | Loss: 1.6592 | Correct: 64/128 | Elapsed Time: 54.91s
2026-01-17 02:33:48,325 | INFO | Batch 260 | Loss: 1.8241 | Correct: 65/128 | Elapsed Time: 54.90s
2026-01-17 02:34:43,199 | INFO | Batch 270 | Loss: 1.8340 | Correct: 63/128 | Elapsed Time: 54.87s
2026-01-17 02:35:38,248 | INFO | Batch 280 | Loss: 1.8093 | Correct: 67/128 | Elapsed Time: 55.05s
2026-01-17 02:36:33,169 | INFO | Batch 290 | Loss: 1.7326 | Correct: 68/128 | Elapsed Time: 54.92s
2026-01-17 02:37:28,093 | INFO | Batch 300 | Loss: 1.7163 | Correct: 58/128 | Elapsed Time: 54.92s
2026-01-17 02:38:22,989 | INFO | Batch 310 | Loss: 1.7634 | Correct: 69/128 | Elapsed Time: 54.90s
2026-01-17 02:39:17,875 | INFO | Batch 320 | Loss: 1.7233 | Correct: 69/128 | Elapsed Time: 54.89s
2026-01-17 02:40:12,755 | INFO | Batch 330 | Loss: 1.4869 | Correct: 81/128 | Elapsed Time: 54.88s
2026-01-17 02:41:07,662 | INFO | Batch 340 | Loss: 1.5653 | Correct: 66/128 | Elapsed Time: 54.91s
2026-01-17 02:42:02,576 | INFO | Batch 350 | Loss: 1.8767 | Correct: 67/128 | Elapsed Time: 54.91s
2026-01-17 02:42:57,711 | INFO | Batch 360 | Loss: 1.4708 | Correct: 77/128 | Elapsed Time: 55.14s
2026-01-17 02:43:52,616 | INFO | Batch 370 | Loss: 1.6841 | Correct: 67/128 | Elapsed Time: 54.90s
2026-01-17 02:44:47,553 | INFO | Batch 380 | Loss: 1.8540 | Correct: 65/128 | Elapsed Time: 54.94s
2026-01-17 02:45:42,549 | INFO | Batch 390 | Loss: 1.7001 | Correct: 67/128 | Elapsed Time: 55.00s
2026-01-17 02:45:46,065 | INFO | Epoch [11/100] - Loss: 1.7131 | Correct: 26202/50000 (52.40%, 2146.68s)
2026-01-17 02:48:40,446 | INFO | Validation - Loss: 1.9117 | Top1: 4961/10000 (49.61%) | Top5: 7891/10000 (78.91%) (174.38s)
2026-01-17 02:48:41,176 | INFO | New best model saved at epoch 11 with Top1 Acc: 49.61% (Top5: 78.91%)
2026-01-17 02:49:36,131 | INFO | Batch 10 | Loss: 1.4869 | Correct: 76/128 | Elapsed Time: 54.95s
2026-01-17 02:50:30,996 | INFO | Batch 20 | Loss: 1.6909 | Correct: 64/128 | Elapsed Time: 54.87s
2026-01-17 02:51:25,849 | INFO | Batch 30 | Loss: 1.5485 | Correct: 67/128 | Elapsed Time: 54.85s
2026-01-17 02:52:20,829 | INFO | Batch 40 | Loss: 1.6704 | Correct: 62/128 | Elapsed Time: 54.98s
2026-01-17 02:53:15,731 | INFO | Batch 50 | Loss: 1.6061 | Correct: 67/128 | Elapsed Time: 54.90s
2026-01-17 02:54:10,609 | INFO | Batch 60 | Loss: 1.5133 | Correct: 77/128 | Elapsed Time: 54.88s
2026-01-17 02:55:05,522 | INFO | Batch 70 | Loss: 1.5215 | Correct: 76/128 | Elapsed Time: 54.91s
2026-01-17 02:56:00,405 | INFO | Batch 80 | Loss: 1.4828 | Correct: 78/128 | Elapsed Time: 54.88s
2026-01-17 02:56:55,289 | INFO | Batch 90 | Loss: 1.6727 | Correct: 68/128 | Elapsed Time: 54.88s
2026-01-17 02:57:50,214 | INFO | Batch 100 | Loss: 1.5401 | Correct: 68/128 | Elapsed Time: 54.92s
2026-01-17 02:58:45,111 | INFO | Batch 110 | Loss: 1.6592 | Correct: 69/128 | Elapsed Time: 54.90s
2026-01-17 02:59:40,156 | INFO | Batch 120 | Loss: 1.4085 | Correct: 78/128 | Elapsed Time: 55.04s
2026-01-17 03:00:35,109 | INFO | Batch 130 | Loss: 1.4570 | Correct: 61/128 | Elapsed Time: 54.95s
2026-01-17 03:01:30,010 | INFO | Batch 140 | Loss: 1.5845 | Correct: 73/128 | Elapsed Time: 54.90s
2026-01-17 03:02:24,932 | INFO | Batch 150 | Loss: 1.7186 | Correct: 68/128 | Elapsed Time: 54.92s
2026-01-17 03:03:19,850 | INFO | Batch 160 | Loss: 1.4708 | Correct: 77/128 | Elapsed Time: 54.92s
2026-01-17 03:04:14,694 | INFO | Batch 170 | Loss: 1.4393 | Correct: 68/128 | Elapsed Time: 54.84s
2026-01-17 03:05:09,710 | INFO | Batch 180 | Loss: 1.5569 | Correct: 74/128 | Elapsed Time: 55.02s
2026-01-17 03:06:04,829 | INFO | Batch 190 | Loss: 1.6236 | Correct: 65/128 | Elapsed Time: 55.12s
2026-01-17 03:06:59,761 | INFO | Batch 200 | Loss: 1.6280 | Correct: 68/128 | Elapsed Time: 54.93s
2026-01-17 03:07:54,701 | INFO | Batch 210 | Loss: 1.6886 | Correct: 60/128 | Elapsed Time: 54.94s
2026-01-17 03:08:49,674 | INFO | Batch 220 | Loss: 1.8716 | Correct: 62/128 | Elapsed Time: 54.97s
2026-01-17 03:09:44,656 | INFO | Batch 230 | Loss: 1.7047 | Correct: 67/128 | Elapsed Time: 54.98s
2026-01-17 03:10:39,597 | INFO | Batch 240 | Loss: 1.5174 | Correct: 72/128 | Elapsed Time: 54.94s
2026-01-17 03:11:34,573 | INFO | Batch 250 | Loss: 1.7093 | Correct: 73/128 | Elapsed Time: 54.98s
2026-01-17 03:12:29,519 | INFO | Batch 260 | Loss: 1.7899 | Correct: 66/128 | Elapsed Time: 54.95s
2026-01-17 03:13:24,580 | INFO | Batch 270 | Loss: 1.7140 | Correct: 68/128 | Elapsed Time: 55.06s
2026-01-17 03:14:19,604 | INFO | Batch 280 | Loss: 1.8143 | Correct: 66/128 | Elapsed Time: 55.02s
2026-01-17 03:15:14,752 | INFO | Batch 290 | Loss: 1.4200 | Correct: 80/128 | Elapsed Time: 55.15s
2026-01-17 03:16:09,693 | INFO | Batch 300 | Loss: 1.4788 | Correct: 75/128 | Elapsed Time: 54.94s
2026-01-17 03:17:04,598 | INFO | Batch 310 | Loss: 1.6978 | Correct: 69/128 | Elapsed Time: 54.91s
2026-01-17 03:17:59,550 | INFO | Batch 320 | Loss: 1.5318 | Correct: 74/128 | Elapsed Time: 54.95s
2026-01-17 03:18:54,477 | INFO | Batch 330 | Loss: 1.7397 | Correct: 67/128 | Elapsed Time: 54.93s
2026-01-17 03:19:49,408 | INFO | Batch 340 | Loss: 1.4452 | Correct: 79/128 | Elapsed Time: 54.93s
2026-01-17 03:20:44,486 | INFO | Batch 350 | Loss: 1.5071 | Correct: 73/128 | Elapsed Time: 55.08s
2026-01-17 03:21:39,435 | INFO | Batch 360 | Loss: 1.6704 | Correct: 70/128 | Elapsed Time: 54.95s
2026-01-17 03:22:34,389 | INFO | Batch 370 | Loss: 1.6480 | Correct: 67/128 | Elapsed Time: 54.95s
2026-01-17 03:23:29,336 | INFO | Batch 380 | Loss: 1.6391 | Correct: 68/128 | Elapsed Time: 54.95s
2026-01-17 03:24:24,276 | INFO | Batch 390 | Loss: 1.5506 | Correct: 70/128 | Elapsed Time: 54.94s
2026-01-17 03:24:27,802 | INFO | Epoch [12/100] - Loss: 1.6338 | Correct: 27272/50000 (54.54%, 2146.63s)
2026-01-17 03:27:22,797 | INFO | Validation - Loss: 1.9036 | Top1: 5010/10000 (50.10%) | Top5: 8011/10000 (80.11%) (174.99s)
2026-01-17 03:27:23,842 | INFO | New best model saved at epoch 12 with Top1 Acc: 50.10% (Top5: 80.11%)
2026-01-17 03:28:18,899 | INFO | Batch 10 | Loss: 1.4990 | Correct: 68/128 | Elapsed Time: 55.06s
2026-01-17 03:29:13,861 | INFO | Batch 20 | Loss: 1.4550 | Correct: 77/128 | Elapsed Time: 54.96s
2026-01-17 03:30:08,887 | INFO | Batch 30 | Loss: 1.3199 | Correct: 79/128 | Elapsed Time: 55.03s
2026-01-17 03:31:03,825 | INFO | Batch 40 | Loss: 1.5910 | Correct: 75/128 | Elapsed Time: 54.94s
2026-01-17 03:31:58,770 | INFO | Batch 50 | Loss: 1.7303 | Correct: 63/128 | Elapsed Time: 54.95s
2026-01-17 03:32:53,705 | INFO | Batch 60 | Loss: 1.5717 | Correct: 71/128 | Elapsed Time: 54.93s
2026-01-17 03:33:48,707 | INFO | Batch 70 | Loss: 1.2898 | Correct: 84/128 | Elapsed Time: 55.00s
2026-01-17 03:34:43,622 | INFO | Batch 80 | Loss: 1.5010 | Correct: 66/128 | Elapsed Time: 54.91s
2026-01-17 03:35:38,581 | INFO | Batch 90 | Loss: 1.5717 | Correct: 72/128 | Elapsed Time: 54.96s
2026-01-17 03:36:33,557 | INFO | Batch 100 | Loss: 1.7586 | Correct: 62/128 | Elapsed Time: 54.98s
2026-01-17 03:37:28,582 | INFO | Batch 110 | Loss: 1.4768 | Correct: 76/128 | Elapsed Time: 55.02s
2026-01-17 03:38:23,544 | INFO | Batch 120 | Loss: 1.4949 | Correct: 72/128 | Elapsed Time: 54.96s
2026-01-17 03:39:18,528 | INFO | Batch 130 | Loss: 1.4142 | Correct: 74/128 | Elapsed Time: 54.98s
2026-01-17 03:40:13,483 | INFO | Batch 140 | Loss: 1.4550 | Correct: 77/128 | Elapsed Time: 54.96s
2026-01-17 03:41:08,425 | INFO | Batch 150 | Loss: 1.7468 | Correct: 65/128 | Elapsed Time: 54.94s
2026-01-17 03:42:03,340 | INFO | Batch 160 | Loss: 1.6614 | Correct: 66/128 | Elapsed Time: 54.92s
2026-01-17 03:42:58,205 | INFO | Batch 170 | Loss: 1.8069 | Correct: 62/128 | Elapsed Time: 54.86s
2026-01-17 03:43:53,213 | INFO | Batch 180 | Loss: 1.4889 | Correct: 72/128 | Elapsed Time: 55.01s
2026-01-17 03:44:48,184 | INFO | Batch 190 | Loss: 1.1606 | Correct: 85/128 | Elapsed Time: 54.97s
2026-01-17 03:45:43,182 | INFO | Batch 200 | Loss: 1.6170 | Correct: 74/128 | Elapsed Time: 55.00s
2026-01-17 03:46:38,085 | INFO | Batch 210 | Loss: 1.4889 | Correct: 72/128 | Elapsed Time: 54.90s
2026-01-17 03:47:32,998 | INFO | Batch 220 | Loss: 1.3110 | Correct: 78/128 | Elapsed Time: 54.91s
2026-01-17 03:48:27,956 | INFO | Batch 230 | Loss: 1.6864 | Correct: 68/128 | Elapsed Time: 54.96s
2026-01-17 03:49:22,914 | INFO | Batch 240 | Loss: 1.6149 | Correct: 73/128 | Elapsed Time: 54.96s
2026-01-17 03:50:17,978 | INFO | Batch 250 | Loss: 1.2777 | Correct: 83/128 | Elapsed Time: 55.06s
2026-01-17 03:51:13,052 | INFO | Batch 260 | Loss: 1.6569 | Correct: 72/128 | Elapsed Time: 55.07s
2026-01-17 03:52:08,042 | INFO | Batch 270 | Loss: 1.5803 | Correct: 59/128 | Elapsed Time: 54.99s
2026-01-17 03:53:02,992 | INFO | Batch 280 | Loss: 1.4909 | Correct: 75/128 | Elapsed Time: 54.95s
2026-01-17 03:53:57,917 | INFO | Batch 290 | Loss: 1.7256 | Correct: 74/128 | Elapsed Time: 54.93s
2026-01-17 03:54:52,954 | INFO | Batch 300 | Loss: 1.6795 | Correct: 64/128 | Elapsed Time: 55.04s
2026-01-17 03:55:48,019 | INFO | Batch 310 | Loss: 1.3415 | Correct: 77/128 | Elapsed Time: 55.07s
2026-01-17 03:56:42,917 | INFO | Batch 320 | Loss: 1.6458 | Correct: 72/128 | Elapsed Time: 54.90s
2026-01-17 03:57:37,948 | INFO | Batch 330 | Loss: 1.8615 | Correct: 69/128 | Elapsed Time: 55.03s
2026-01-17 03:58:32,872 | INFO | Batch 340 | Loss: 1.5569 | Correct: 71/128 | Elapsed Time: 54.92s
2026-01-17 03:59:27,811 | INFO | Batch 350 | Loss: 1.5277 | Correct: 73/128 | Elapsed Time: 54.94s
2026-01-17 04:00:22,692 | INFO | Batch 360 | Loss: 1.5360 | Correct: 63/128 | Elapsed Time: 54.88s
2026-01-17 04:01:17,567 | INFO | Batch 370 | Loss: 1.7923 | Correct: 73/128 | Elapsed Time: 54.87s
2026-01-17 04:02:12,522 | INFO | Batch 380 | Loss: 1.6864 | Correct: 63/128 | Elapsed Time: 54.96s
2026-01-17 04:03:07,420 | INFO | Batch 390 | Loss: 1.7024 | Correct: 72/128 | Elapsed Time: 54.90s
2026-01-17 04:03:10,940 | INFO | Epoch [13/100] - Loss: 1.5638 | Correct: 28066/50000 (56.13%, 2147.10s)
2026-01-17 04:06:05,743 | INFO | Validation - Loss: 1.8419 | Top1: 5106/10000 (51.06%) | Top5: 8050/10000 (80.50%) (174.80s)
2026-01-17 04:06:06,977 | INFO | New best model saved at epoch 13 with Top1 Acc: 51.06% (Top5: 80.50%)
2026-01-17 04:07:02,070 | INFO | Batch 10 | Loss: 1.3181 | Correct: 85/128 | Elapsed Time: 55.09s
2026-01-17 04:07:57,018 | INFO | Batch 20 | Loss: 1.3877 | Correct: 76/128 | Elapsed Time: 54.95s
2026-01-17 04:08:51,921 | INFO | Batch 30 | Loss: 1.3877 | Correct: 80/128 | Elapsed Time: 54.90s
2026-01-17 04:09:46,859 | INFO | Batch 40 | Loss: 1.4104 | Correct: 80/128 | Elapsed Time: 54.94s
2026-01-17 04:10:41,819 | INFO | Batch 50 | Loss: 1.2846 | Correct: 83/128 | Elapsed Time: 54.96s
2026-01-17 04:11:36,746 | INFO | Batch 60 | Loss: 1.5339 | Correct: 69/128 | Elapsed Time: 54.93s
2026-01-17 04:12:31,693 | INFO | Batch 70 | Loss: 1.2933 | Correct: 82/128 | Elapsed Time: 54.95s
2026-01-17 04:13:26,665 | INFO | Batch 80 | Loss: 1.3234 | Correct: 77/128 | Elapsed Time: 54.97s
2026-01-17 04:14:21,762 | INFO | Batch 90 | Loss: 1.6682 | Correct: 64/128 | Elapsed Time: 55.10s
2026-01-17 04:15:16,797 | INFO | Batch 100 | Loss: 1.6704 | Correct: 73/128 | Elapsed Time: 55.03s
2026-01-17 04:16:11,732 | INFO | Batch 110 | Loss: 1.4889 | Correct: 73/128 | Elapsed Time: 54.93s
2026-01-17 04:17:06,662 | INFO | Batch 120 | Loss: 1.7491 | Correct: 66/128 | Elapsed Time: 54.93s
2026-01-17 04:18:01,586 | INFO | Batch 130 | Loss: 1.3971 | Correct: 80/128 | Elapsed Time: 54.92s
2026-01-17 04:18:56,525 | INFO | Batch 140 | Loss: 1.3764 | Correct: 76/128 | Elapsed Time: 54.94s
2026-01-17 04:19:51,489 | INFO | Batch 150 | Loss: 1.2469 | Correct: 82/128 | Elapsed Time: 54.96s
2026-01-17 04:20:46,417 | INFO | Batch 160 | Loss: 1.2120 | Correct: 82/128 | Elapsed Time: 54.93s
2026-01-17 04:21:41,406 | INFO | Batch 170 | Loss: 1.4848 | Correct: 72/128 | Elapsed Time: 54.99s
2026-01-17 04:22:36,298 | INFO | Batch 180 | Loss: 1.2986 | Correct: 83/128 | Elapsed Time: 54.89s
2026-01-17 04:23:31,233 | INFO | Batch 190 | Loss: 1.3561 | Correct: 72/128 | Elapsed Time: 54.94s
2026-01-17 04:24:26,153 | INFO | Batch 200 | Loss: 1.2285 | Correct: 79/128 | Elapsed Time: 54.92s
2026-01-17 04:25:21,194 | INFO | Batch 210 | Loss: 1.5953 | Correct: 66/128 | Elapsed Time: 55.04s
2026-01-17 04:26:16,133 | INFO | Batch 220 | Loss: 1.4142 | Correct: 76/128 | Elapsed Time: 54.94s
2026-01-17 04:27:11,032 | INFO | Batch 230 | Loss: 1.8093 | Correct: 63/128 | Elapsed Time: 54.90s
2026-01-17 04:28:05,971 | INFO | Batch 240 | Loss: 1.7539 | Correct: 65/128 | Elapsed Time: 54.94s
2026-01-17 04:29:01,013 | INFO | Batch 250 | Loss: 1.7024 | Correct: 70/128 | Elapsed Time: 55.04s
2026-01-17 04:29:55,945 | INFO | Batch 260 | Loss: 1.3764 | Correct: 79/128 | Elapsed Time: 54.93s
2026-01-17 04:30:50,845 | INFO | Batch 270 | Loss: 1.7209 | Correct: 63/128 | Elapsed Time: 54.90s
2026-01-17 04:31:45,752 | INFO | Batch 280 | Loss: 1.4629 | Correct: 73/128 | Elapsed Time: 54.91s
2026-01-17 04:32:40,702 | INFO | Batch 290 | Loss: 1.3820 | Correct: 71/128 | Elapsed Time: 54.95s
2026-01-17 04:33:35,635 | INFO | Batch 300 | Loss: 1.5360 | Correct: 70/128 | Elapsed Time: 54.93s
2026-01-17 04:34:30,554 | INFO | Batch 310 | Loss: 1.5360 | Correct: 82/128 | Elapsed Time: 54.92s
2026-01-17 04:35:25,698 | INFO | Batch 320 | Loss: 1.8340 | Correct: 68/128 | Elapsed Time: 55.14s
2026-01-17 04:36:20,621 | INFO | Batch 330 | Loss: 1.5422 | Correct: 77/128 | Elapsed Time: 54.92s
2026-01-17 04:37:15,519 | INFO | Batch 340 | Loss: 1.7373 | Correct: 64/128 | Elapsed Time: 54.90s
2026-01-17 04:38:10,412 | INFO | Batch 350 | Loss: 1.4200 | Correct: 83/128 | Elapsed Time: 54.89s
2026-01-17 04:39:05,307 | INFO | Batch 360 | Loss: 1.5696 | Correct: 70/128 | Elapsed Time: 54.90s
2026-01-17 04:40:00,192 | INFO | Batch 370 | Loss: 1.6795 | Correct: 67/128 | Elapsed Time: 54.89s
2026-01-17 04:40:55,092 | INFO | Batch 380 | Loss: 1.7326 | Correct: 67/128 | Elapsed Time: 54.90s
2026-01-17 04:41:49,986 | INFO | Batch 390 | Loss: 1.6413 | Correct: 68/128 | Elapsed Time: 54.89s
2026-01-17 04:41:53,512 | INFO | Epoch [14/100] - Loss: 1.5018 | Correct: 28744/50000 (57.49%, 2146.53s)
2026-01-17 04:44:48,074 | INFO | Validation - Loss: 1.7725 | Top1: 5324/10000 (53.24%) | Top5: 8164/10000 (81.64%) (174.56s)
2026-01-17 04:44:48,808 | INFO | New best model saved at epoch 14 with Top1 Acc: 53.24% (Top5: 81.64%)
2026-01-17 04:45:43,755 | INFO | Batch 10 | Loss: 1.3672 | Correct: 75/128 | Elapsed Time: 54.95s
2026-01-17 04:46:38,609 | INFO | Batch 20 | Loss: 1.2605 | Correct: 84/128 | Elapsed Time: 54.85s
2026-01-17 04:47:33,503 | INFO | Batch 30 | Loss: 1.5339 | Correct: 74/128 | Elapsed Time: 54.89s
2026-01-17 04:48:28,450 | INFO | Batch 40 | Loss: 1.6458 | Correct: 68/128 | Elapsed Time: 54.95s
2026-01-17 04:49:23,408 | INFO | Batch 50 | Loss: 1.3433 | Correct: 78/128 | Elapsed Time: 54.96s
2026-01-17 04:50:18,324 | INFO | Batch 60 | Loss: 1.2554 | Correct: 88/128 | Elapsed Time: 54.92s
2026-01-17 04:51:13,243 | INFO | Batch 70 | Loss: 1.3914 | Correct: 78/128 | Elapsed Time: 54.92s
2026-01-17 04:52:08,230 | INFO | Batch 80 | Loss: 1.3288 | Correct: 80/128 | Elapsed Time: 54.99s
2026-01-17 04:53:03,146 | INFO | Batch 90 | Loss: 1.4200 | Correct: 76/128 | Elapsed Time: 54.92s
2026-01-17 04:53:58,075 | INFO | Batch 100 | Loss: 1.5996 | Correct: 67/128 | Elapsed Time: 54.93s
2026-01-17 04:54:52,959 | INFO | Batch 110 | Loss: 1.3895 | Correct: 77/128 | Elapsed Time: 54.88s
2026-01-17 04:55:48,020 | INFO | Batch 120 | Loss: 1.4768 | Correct: 66/128 | Elapsed Time: 55.06s
2026-01-17 04:56:42,968 | INFO | Batch 130 | Loss: 1.3635 | Correct: 76/128 | Elapsed Time: 54.95s
2026-01-17 04:57:37,918 | INFO | Batch 140 | Loss: 1.5675 | Correct: 75/128 | Elapsed Time: 54.95s
2026-01-17 04:58:32,848 | INFO | Batch 150 | Loss: 1.4219 | Correct: 81/128 | Elapsed Time: 54.93s
2026-01-17 04:59:27,870 | INFO | Batch 160 | Loss: 1.2951 | Correct: 85/128 | Elapsed Time: 55.02s
2026-01-17 05:00:22,703 | INFO | Batch 170 | Loss: 1.5297 | Correct: 66/128 | Elapsed Time: 54.83s
2026-01-17 05:01:17,613 | INFO | Batch 180 | Loss: 1.5380 | Correct: 68/128 | Elapsed Time: 54.91s
2026-01-17 05:02:12,598 | INFO | Batch 190 | Loss: 1.3092 | Correct: 80/128 | Elapsed Time: 54.99s
2026-01-17 05:03:07,489 | INFO | Batch 200 | Loss: 1.4413 | Correct: 78/128 | Elapsed Time: 54.89s
2026-01-17 05:04:02,396 | INFO | Batch 210 | Loss: 1.6435 | Correct: 64/128 | Elapsed Time: 54.91s
2026-01-17 05:04:57,338 | INFO | Batch 220 | Loss: 1.2169 | Correct: 85/128 | Elapsed Time: 54.94s
2026-01-17 05:05:52,238 | INFO | Batch 230 | Loss: 1.2639 | Correct: 80/128 | Elapsed Time: 54.90s
2026-01-17 05:06:47,302 | INFO | Batch 240 | Loss: 1.2639 | Correct: 83/128 | Elapsed Time: 55.06s
2026-01-17 05:07:42,244 | INFO | Batch 250 | Loss: 1.7140 | Correct: 65/128 | Elapsed Time: 54.94s
2026-01-17 05:08:37,173 | INFO | Batch 260 | Loss: 1.7024 | Correct: 68/128 | Elapsed Time: 54.93s
2026-01-17 05:09:32,103 | INFO | Batch 270 | Loss: 1.2986 | Correct: 76/128 | Elapsed Time: 54.93s
2026-01-17 05:10:27,010 | INFO | Batch 280 | Loss: 1.4949 | Correct: 72/128 | Elapsed Time: 54.91s
2026-01-17 05:11:21,919 | INFO | Batch 290 | Loss: 1.4788 | Correct: 70/128 | Elapsed Time: 54.91s
2026-01-17 05:12:16,777 | INFO | Batch 300 | Loss: 1.4491 | Correct: 77/128 | Elapsed Time: 54.86s
2026-01-17 05:13:11,690 | INFO | Batch 310 | Loss: 1.3727 | Correct: 79/128 | Elapsed Time: 54.91s
2026-01-17 05:14:06,490 | INFO | Batch 320 | Loss: 1.5153 | Correct: 67/128 | Elapsed Time: 54.80s
2026-01-17 05:15:01,320 | INFO | Batch 330 | Loss: 1.4970 | Correct: 70/128 | Elapsed Time: 54.83s
2026-01-17 05:15:56,211 | INFO | Batch 340 | Loss: 1.4104 | Correct: 72/128 | Elapsed Time: 54.89s
2026-01-17 05:16:51,099 | INFO | Batch 350 | Loss: 0.9537 | Correct: 93/128 | Elapsed Time: 54.89s
2026-01-17 05:17:45,968 | INFO | Batch 360 | Loss: 1.4296 | Correct: 82/128 | Elapsed Time: 54.87s
2026-01-17 05:18:40,807 | INFO | Batch 370 | Loss: 1.5092 | Correct: 72/128 | Elapsed Time: 54.84s
2026-01-17 05:19:35,632 | INFO | Batch 380 | Loss: 1.6280 | Correct: 75/128 | Elapsed Time: 54.83s
2026-01-17 05:20:30,564 | INFO | Batch 390 | Loss: 1.6214 | Correct: 67/128 | Elapsed Time: 54.93s
2026-01-17 05:20:34,078 | INFO | Epoch [15/100] - Loss: 1.4448 | Correct: 29434/50000 (58.87%, 2145.27s)
2026-01-17 05:23:28,214 | INFO | Validation - Loss: 1.7487 | Top1: 5372/10000 (53.72%) | Top5: 8267/10000 (82.67%) (174.14s)
2026-01-17 05:23:28,948 | INFO | New best model saved at epoch 15 with Top1 Acc: 53.72% (Top5: 82.67%)
2026-01-17 05:24:23,856 | INFO | Batch 10 | Loss: 1.2622 | Correct: 82/128 | Elapsed Time: 54.91s
2026-01-17 05:25:18,731 | INFO | Batch 20 | Loss: 1.2486 | Correct: 80/128 | Elapsed Time: 54.88s
2026-01-17 05:26:13,534 | INFO | Batch 30 | Loss: 1.1512 | Correct: 78/128 | Elapsed Time: 54.80s
2026-01-17 05:27:08,323 | INFO | Batch 40 | Loss: 1.3543 | Correct: 76/128 | Elapsed Time: 54.79s
2026-01-17 05:28:03,161 | INFO | Batch 50 | Loss: 1.2285 | Correct: 86/128 | Elapsed Time: 54.84s
2026-01-17 05:28:57,979 | INFO | Batch 60 | Loss: 1.5611 | Correct: 70/128 | Elapsed Time: 54.82s
2026-01-17 05:29:52,890 | INFO | Batch 70 | Loss: 1.5803 | Correct: 70/128 | Elapsed Time: 54.91s
2026-01-17 05:30:47,706 | INFO | Batch 80 | Loss: 1.4316 | Correct: 77/128 | Elapsed Time: 54.82s
2026-01-17 05:31:42,531 | INFO | Batch 90 | Loss: 1.3746 | Correct: 81/128 | Elapsed Time: 54.83s
2026-01-17 05:32:37,324 | INFO | Batch 100 | Loss: 1.3217 | Correct: 77/128 | Elapsed Time: 54.79s
2026-01-17 05:33:32,161 | INFO | Batch 110 | Loss: 1.5781 | Correct: 75/128 | Elapsed Time: 54.84s
2026-01-17 05:34:27,011 | INFO | Batch 120 | Loss: 1.1496 | Correct: 82/128 | Elapsed Time: 54.85s
2026-01-17 05:35:21,864 | INFO | Batch 130 | Loss: 1.3727 | Correct: 77/128 | Elapsed Time: 54.85s
2026-01-17 05:36:16,760 | INFO | Batch 140 | Loss: 1.3360 | Correct: 79/128 | Elapsed Time: 54.90s
2026-01-17 05:37:11,613 | INFO | Batch 150 | Loss: 1.4123 | Correct: 76/128 | Elapsed Time: 54.85s
2026-01-17 05:38:06,374 | INFO | Batch 160 | Loss: 1.2169 | Correct: 84/128 | Elapsed Time: 54.76s
2026-01-17 05:39:01,212 | INFO | Batch 170 | Loss: 1.3858 | Correct: 77/128 | Elapsed Time: 54.84s
2026-01-17 05:39:55,994 | INFO | Batch 180 | Loss: 1.3056 | Correct: 79/128 | Elapsed Time: 54.78s
2026-01-17 05:40:50,761 | INFO | Batch 190 | Loss: 1.2916 | Correct: 89/128 | Elapsed Time: 54.77s
2026-01-17 05:41:45,575 | INFO | Batch 200 | Loss: 1.3933 | Correct: 77/128 | Elapsed Time: 54.81s
2026-01-17 05:42:40,392 | INFO | Batch 210 | Loss: 1.5277 | Correct: 78/128 | Elapsed Time: 54.82s
2026-01-17 05:43:35,313 | INFO | Batch 220 | Loss: 1.4296 | Correct: 77/128 | Elapsed Time: 54.92s
2026-01-17 05:44:30,200 | INFO | Batch 230 | Loss: 1.3858 | Correct: 80/128 | Elapsed Time: 54.89s
2026-01-17 05:45:25,095 | INFO | Batch 240 | Loss: 1.5675 | Correct: 69/128 | Elapsed Time: 54.90s
2026-01-17 05:46:19,913 | INFO | Batch 250 | Loss: 1.3092 | Correct: 80/128 | Elapsed Time: 54.82s
2026-01-17 05:47:14,729 | INFO | Batch 260 | Loss: 1.5318 | Correct: 77/128 | Elapsed Time: 54.82s
2026-01-17 05:48:09,548 | INFO | Batch 270 | Loss: 1.3397 | Correct: 76/128 | Elapsed Time: 54.82s
2026-01-17 05:49:04,351 | INFO | Batch 280 | Loss: 1.6391 | Correct: 71/128 | Elapsed Time: 54.80s
2026-01-17 05:49:59,196 | INFO | Batch 290 | Loss: 1.4009 | Correct: 79/128 | Elapsed Time: 54.84s
2026-01-17 05:50:54,118 | INFO | Batch 300 | Loss: 1.4238 | Correct: 78/128 | Elapsed Time: 54.92s
2026-01-17 05:51:49,028 | INFO | Batch 310 | Loss: 1.2916 | Correct: 81/128 | Elapsed Time: 54.91s
2026-01-17 05:52:43,872 | INFO | Batch 320 | Loss: 1.3342 | Correct: 81/128 | Elapsed Time: 54.84s
2026-01-17 05:53:38,775 | INFO | Batch 330 | Loss: 1.2708 | Correct: 80/128 | Elapsed Time: 54.90s
2026-01-17 05:54:33,680 | INFO | Batch 340 | Loss: 1.4970 | Correct: 68/128 | Elapsed Time: 54.90s
2026-01-17 05:55:28,553 | INFO | Batch 350 | Loss: 1.4589 | Correct: 77/128 | Elapsed Time: 54.87s
2026-01-17 05:56:23,446 | INFO | Batch 360 | Loss: 1.4066 | Correct: 79/128 | Elapsed Time: 54.89s
2026-01-17 05:57:18,420 | INFO | Batch 370 | Loss: 1.4788 | Correct: 73/128 | Elapsed Time: 54.97s
2026-01-17 05:58:13,326 | INFO | Batch 380 | Loss: 1.4589 | Correct: 76/128 | Elapsed Time: 54.91s
2026-01-17 05:59:08,186 | INFO | Batch 390 | Loss: 1.5277 | Correct: 77/128 | Elapsed Time: 54.86s
2026-01-17 05:59:11,704 | INFO | Epoch [16/100] - Loss: 1.3855 | Correct: 30123/50000 (60.25%, 2142.76s)
2026-01-17 06:02:05,882 | INFO | Validation - Loss: 1.7328 | Top1: 5449/10000 (54.49%) | Top5: 8273/10000 (82.73%) (174.18s)
2026-01-17 06:02:06,616 | INFO | New best model saved at epoch 16 with Top1 Acc: 54.49% (Top5: 82.73%)
2026-01-17 06:03:01,572 | INFO | Batch 10 | Loss: 1.1024 | Correct: 89/128 | Elapsed Time: 54.96s
2026-01-17 06:03:56,409 | INFO | Batch 20 | Loss: 1.3252 | Correct: 76/128 | Elapsed Time: 54.84s
2026-01-17 06:04:51,308 | INFO | Batch 30 | Loss: 1.0614 | Correct: 81/128 | Elapsed Time: 54.90s
2026-01-17 06:05:46,178 | INFO | Batch 40 | Loss: 1.1574 | Correct: 79/128 | Elapsed Time: 54.87s
2026-01-17 06:06:41,183 | INFO | Batch 50 | Loss: 1.3415 | Correct: 75/128 | Elapsed Time: 55.00s
2026-01-17 06:07:36,084 | INFO | Batch 60 | Loss: 1.4808 | Correct: 80/128 | Elapsed Time: 54.90s
2026-01-17 06:08:30,927 | INFO | Batch 70 | Loss: 1.2152 | Correct: 81/128 | Elapsed Time: 54.84s
2026-01-17 06:09:25,768 | INFO | Batch 80 | Loss: 1.4570 | Correct: 76/128 | Elapsed Time: 54.84s
2026-01-17 06:10:20,640 | INFO | Batch 90 | Loss: 1.2881 | Correct: 76/128 | Elapsed Time: 54.87s
2026-01-17 06:11:15,526 | INFO | Batch 100 | Loss: 1.3746 | Correct: 86/128 | Elapsed Time: 54.89s
2026-01-17 06:12:10,380 | INFO | Batch 110 | Loss: 1.3543 | Correct: 76/128 | Elapsed Time: 54.85s
2026-01-17 06:13:05,231 | INFO | Batch 120 | Loss: 1.3270 | Correct: 83/128 | Elapsed Time: 54.85s
2026-01-17 06:14:00,235 | INFO | Batch 130 | Loss: 1.5174 | Correct: 69/128 | Elapsed Time: 55.00s
2026-01-17 06:14:55,102 | INFO | Batch 140 | Loss: 1.4047 | Correct: 71/128 | Elapsed Time: 54.87s
2026-01-17 06:15:49,981 | INFO | Batch 150 | Loss: 1.1876 | Correct: 85/128 | Elapsed Time: 54.88s
2026-01-17 06:16:44,827 | INFO | Batch 160 | Loss: 1.4649 | Correct: 69/128 | Elapsed Time: 54.85s
2026-01-17 06:17:39,649 | INFO | Batch 170 | Loss: 1.1908 | Correct: 85/128 | Elapsed Time: 54.82s
2026-01-17 06:18:34,568 | INFO | Batch 180 | Loss: 1.5867 | Correct: 76/128 | Elapsed Time: 54.92s
2026-01-17 06:19:29,410 | INFO | Batch 190 | Loss: 1.5653 | Correct: 74/128 | Elapsed Time: 54.84s
2026-01-17 06:20:24,426 | INFO | Batch 200 | Loss: 1.4649 | Correct: 74/128 | Elapsed Time: 55.02s
2026-01-17 06:21:19,282 | INFO | Batch 210 | Loss: 1.0302 | Correct: 87/128 | Elapsed Time: 54.86s
2026-01-17 06:22:14,177 | INFO | Batch 220 | Loss: 1.5318 | Correct: 72/128 | Elapsed Time: 54.90s
2026-01-17 06:23:09,088 | INFO | Batch 230 | Loss: 1.4200 | Correct: 78/128 | Elapsed Time: 54.91s
2026-01-17 06:24:03,962 | INFO | Batch 240 | Loss: 1.2742 | Correct: 78/128 | Elapsed Time: 54.87s
2026-01-17 06:24:58,813 | INFO | Batch 250 | Loss: 1.2070 | Correct: 76/128 | Elapsed Time: 54.85s
2026-01-17 06:25:53,731 | INFO | Batch 260 | Loss: 1.2951 | Correct: 80/128 | Elapsed Time: 54.92s
2026-01-17 06:26:48,569 | INFO | Batch 270 | Loss: 1.4629 | Correct: 72/128 | Elapsed Time: 54.84s
2026-01-17 06:27:43,565 | INFO | Batch 280 | Loss: 1.4180 | Correct: 73/128 | Elapsed Time: 55.00s
2026-01-17 06:28:38,462 | INFO | Batch 290 | Loss: 1.2005 | Correct: 81/128 | Elapsed Time: 54.90s
2026-01-17 06:29:33,322 | INFO | Batch 300 | Loss: 1.5675 | Correct: 66/128 | Elapsed Time: 54.86s
2026-01-17 06:30:28,214 | INFO | Batch 310 | Loss: 1.5339 | Correct: 78/128 | Elapsed Time: 54.89s
2026-01-17 06:31:23,092 | INFO | Batch 320 | Loss: 1.3056 | Correct: 76/128 | Elapsed Time: 54.88s
2026-01-17 06:32:17,924 | INFO | Batch 330 | Loss: 1.4142 | Correct: 73/128 | Elapsed Time: 54.83s
2026-01-17 06:33:12,779 | INFO | Batch 340 | Loss: 1.1876 | Correct: 83/128 | Elapsed Time: 54.85s
2026-01-17 06:34:07,764 | INFO | Batch 350 | Loss: 1.2285 | Correct: 83/128 | Elapsed Time: 54.98s
2026-01-17 06:35:02,568 | INFO | Batch 360 | Loss: 1.3252 | Correct: 81/128 | Elapsed Time: 54.80s
2026-01-17 06:35:57,476 | INFO | Batch 370 | Loss: 1.1434 | Correct: 87/128 | Elapsed Time: 54.91s
2026-01-17 06:36:52,349 | INFO | Batch 380 | Loss: 1.4432 | Correct: 78/128 | Elapsed Time: 54.87s
2026-01-17 06:37:47,247 | INFO | Batch 390 | Loss: 1.3145 | Correct: 82/128 | Elapsed Time: 54.90s
2026-01-17 06:37:50,766 | INFO | Epoch [17/100] - Loss: 1.3406 | Correct: 30588/50000 (61.18%, 2144.15s)
2026-01-17 06:40:44,965 | INFO | Validation - Loss: 1.8157 | Top1: 5273/10000 (52.73%) | Top5: 8193/10000 (81.93%) (174.20s)
2026-01-17 06:41:39,770 | INFO | Batch 10 | Loss: 1.2419 | Correct: 79/128 | Elapsed Time: 54.80s
2026-01-17 06:42:34,580 | INFO | Batch 20 | Loss: 1.1434 | Correct: 85/128 | Elapsed Time: 54.81s
2026-01-17 06:43:29,392 | INFO | Batch 30 | Loss: 1.3092 | Correct: 75/128 | Elapsed Time: 54.81s
2026-01-17 06:44:24,277 | INFO | Batch 40 | Loss: 1.4649 | Correct: 75/128 | Elapsed Time: 54.89s
2026-01-17 06:45:19,107 | INFO | Batch 50 | Loss: 1.2794 | Correct: 76/128 | Elapsed Time: 54.83s
2026-01-17 06:46:13,881 | INFO | Batch 60 | Loss: 1.1622 | Correct: 88/128 | Elapsed Time: 54.77s
2026-01-17 06:47:08,640 | INFO | Batch 70 | Loss: 0.9207 | Correct: 90/128 | Elapsed Time: 54.76s
2026-01-17 06:48:03,402 | INFO | Batch 80 | Loss: 1.2202 | Correct: 82/128 | Elapsed Time: 54.76s
2026-01-17 06:48:58,164 | INFO | Batch 90 | Loss: 1.2742 | Correct: 81/128 | Elapsed Time: 54.76s
2026-01-17 06:49:52,931 | INFO | Batch 100 | Loss: 1.0744 | Correct: 85/128 | Elapsed Time: 54.77s
2026-01-17 06:50:47,833 | INFO | Batch 110 | Loss: 1.1732 | Correct: 82/128 | Elapsed Time: 54.90s
2026-01-17 06:51:42,610 | INFO | Batch 120 | Loss: 1.3110 | Correct: 80/128 | Elapsed Time: 54.78s
2026-01-17 06:52:37,420 | INFO | Batch 130 | Loss: 1.2054 | Correct: 85/128 | Elapsed Time: 54.81s
2026-01-17 06:53:32,200 | INFO | Batch 140 | Loss: 1.3004 | Correct: 83/128 | Elapsed Time: 54.78s
2026-01-17 06:54:26,978 | INFO | Batch 150 | Loss: 1.2469 | Correct: 82/128 | Elapsed Time: 54.78s
2026-01-17 06:55:21,806 | INFO | Batch 160 | Loss: 1.1796 | Correct: 84/128 | Elapsed Time: 54.83s
2026-01-17 06:56:16,613 | INFO | Batch 170 | Loss: 1.2571 | Correct: 84/128 | Elapsed Time: 54.81s
2026-01-17 06:57:11,405 | INFO | Batch 180 | Loss: 1.5548 | Correct: 73/128 | Elapsed Time: 54.79s
2026-01-17 06:58:06,300 | INFO | Batch 190 | Loss: 1.2385 | Correct: 77/128 | Elapsed Time: 54.90s
2026-01-17 06:59:01,055 | INFO | Batch 200 | Loss: 1.0014 | Correct: 94/128 | Elapsed Time: 54.75s
2026-01-17 06:59:55,838 | INFO | Batch 210 | Loss: 1.1204 | Correct: 86/128 | Elapsed Time: 54.78s
2026-01-17 07:00:50,603 | INFO | Batch 220 | Loss: 1.4689 | Correct: 78/128 | Elapsed Time: 54.76s
2026-01-17 07:01:45,408 | INFO | Batch 230 | Loss: 1.2301 | Correct: 80/128 | Elapsed Time: 54.81s
2026-01-17 07:02:40,206 | INFO | Batch 240 | Loss: 1.2285 | Correct: 85/128 | Elapsed Time: 54.80s
2026-01-17 07:03:35,044 | INFO | Batch 250 | Loss: 1.1403 | Correct: 83/128 | Elapsed Time: 54.84s
2026-01-17 07:04:29,897 | INFO | Batch 260 | Loss: 1.1685 | Correct: 84/128 | Elapsed Time: 54.85s
2026-01-17 07:05:24,776 | INFO | Batch 270 | Loss: 1.3415 | Correct: 84/128 | Elapsed Time: 54.88s
2026-01-17 07:06:19,609 | INFO | Batch 280 | Loss: 1.3110 | Correct: 79/128 | Elapsed Time: 54.83s
2026-01-17 07:07:14,410 | INFO | Batch 290 | Loss: 1.2202 | Correct: 87/128 | Elapsed Time: 54.80s
2026-01-17 07:08:09,196 | INFO | Batch 300 | Loss: 1.3709 | Correct: 78/128 | Elapsed Time: 54.79s
2026-01-17 07:09:03,997 | INFO | Batch 310 | Loss: 1.3181 | Correct: 85/128 | Elapsed Time: 54.80s
2026-01-17 07:09:58,785 | INFO | Batch 320 | Loss: 1.4570 | Correct: 79/128 | Elapsed Time: 54.79s
2026-01-17 07:10:53,587 | INFO | Batch 330 | Loss: 1.2318 | Correct: 83/128 | Elapsed Time: 54.80s
2026-01-17 07:11:48,473 | INFO | Batch 340 | Loss: 1.5092 | Correct: 73/128 | Elapsed Time: 54.89s
2026-01-17 07:12:43,238 | INFO | Batch 350 | Loss: 1.4028 | Correct: 74/128 | Elapsed Time: 54.77s
2026-01-17 07:13:38,016 | INFO | Batch 360 | Loss: 1.6569 | Correct: 73/128 | Elapsed Time: 54.78s
2026-01-17 07:14:32,811 | INFO | Batch 370 | Loss: 1.2103 | Correct: 81/128 | Elapsed Time: 54.79s
2026-01-17 07:15:27,685 | INFO | Batch 380 | Loss: 1.2829 | Correct: 82/128 | Elapsed Time: 54.87s
2026-01-17 07:16:22,440 | INFO | Batch 390 | Loss: 1.3469 | Correct: 79/128 | Elapsed Time: 54.75s
2026-01-17 07:16:25,959 | INFO | Epoch [18/100] - Loss: 1.2907 | Correct: 31320/50000 (62.64%, 2140.99s)
2026-01-17 07:19:20,207 | INFO | Validation - Loss: 1.7274 | Top1: 5517/10000 (55.17%) | Top5: 8288/10000 (82.88%) (174.25s)
2026-01-17 07:19:21,424 | INFO | New best model saved at epoch 18 with Top1 Acc: 55.17% (Top5: 82.88%)
2026-01-17 07:20:16,440 | INFO | Batch 10 | Loss: 1.2503 | Correct: 81/128 | Elapsed Time: 55.02s
2026-01-17 07:21:11,274 | INFO | Batch 20 | Loss: 0.9680 | Correct: 93/128 | Elapsed Time: 54.83s
2026-01-17 07:22:06,157 | INFO | Batch 30 | Loss: 1.1069 | Correct: 90/128 | Elapsed Time: 54.88s
2026-01-17 07:23:00,993 | INFO | Batch 40 | Loss: 1.2503 | Correct: 82/128 | Elapsed Time: 54.84s
2026-01-17 07:23:55,824 | INFO | Batch 50 | Loss: 1.1069 | Correct: 90/128 | Elapsed Time: 54.83s
2026-01-17 07:24:50,703 | INFO | Batch 60 | Loss: 0.8628 | Correct: 94/128 | Elapsed Time: 54.88s
2026-01-17 07:25:45,578 | INFO | Batch 70 | Loss: 1.0528 | Correct: 94/128 | Elapsed Time: 54.87s
2026-01-17 07:26:40,478 | INFO | Batch 80 | Loss: 1.1669 | Correct: 90/128 | Elapsed Time: 54.90s
2026-01-17 07:27:35,419 | INFO | Batch 90 | Loss: 1.2916 | Correct: 83/128 | Elapsed Time: 54.94s
2026-01-17 07:28:30,285 | INFO | Batch 100 | Loss: 1.2301 | Correct: 76/128 | Elapsed Time: 54.87s
2026-01-17 07:29:25,108 | INFO | Batch 110 | Loss: 1.2352 | Correct: 74/128 | Elapsed Time: 54.82s
2026-01-17 07:30:19,969 | INFO | Batch 120 | Loss: 1.2986 | Correct: 80/128 | Elapsed Time: 54.86s
2026-01-17 07:31:14,836 | INFO | Batch 130 | Loss: 1.6236 | Correct: 71/128 | Elapsed Time: 54.87s
2026-01-17 07:32:09,677 | INFO | Batch 140 | Loss: 1.1174 | Correct: 88/128 | Elapsed Time: 54.84s
2026-01-17 07:33:04,516 | INFO | Batch 150 | Loss: 1.2385 | Correct: 83/128 | Elapsed Time: 54.84s
2026-01-17 07:33:59,422 | INFO | Batch 160 | Loss: 1.2986 | Correct: 82/128 | Elapsed Time: 54.91s
2026-01-17 07:34:54,256 | INFO | Batch 170 | Loss: 1.1732 | Correct: 81/128 | Elapsed Time: 54.83s
2026-01-17 07:35:49,113 | INFO | Batch 180 | Loss: 1.1084 | Correct: 87/128 | Elapsed Time: 54.86s
2026-01-17 07:36:43,945 | INFO | Batch 190 | Loss: 1.3217 | Correct: 80/128 | Elapsed Time: 54.83s
2026-01-17 07:37:38,808 | INFO | Batch 200 | Loss: 1.3379 | Correct: 78/128 | Elapsed Time: 54.86s
2026-01-17 07:38:33,656 | INFO | Batch 210 | Loss: 1.3397 | Correct: 75/128 | Elapsed Time: 54.85s
2026-01-17 07:39:28,506 | INFO | Batch 220 | Loss: 1.2054 | Correct: 82/128 | Elapsed Time: 54.85s
2026-01-17 07:40:23,363 | INFO | Batch 230 | Loss: 1.3488 | Correct: 80/128 | Elapsed Time: 54.86s
2026-01-17 07:41:18,317 | INFO | Batch 240 | Loss: 1.2235 | Correct: 93/128 | Elapsed Time: 54.95s
2026-01-17 07:42:13,165 | INFO | Batch 250 | Loss: 1.2811 | Correct: 82/128 | Elapsed Time: 54.85s
2026-01-17 07:43:08,016 | INFO | Batch 260 | Loss: 1.1434 | Correct: 86/128 | Elapsed Time: 54.85s
2026-01-17 07:44:02,878 | INFO | Batch 270 | Loss: 1.3145 | Correct: 76/128 | Elapsed Time: 54.86s
2026-01-17 07:44:57,728 | INFO | Batch 280 | Loss: 1.2469 | Correct: 77/128 | Elapsed Time: 54.85s
2026-01-17 07:45:52,610 | INFO | Batch 290 | Loss: 1.2285 | Correct: 79/128 | Elapsed Time: 54.88s
2026-01-17 07:46:47,475 | INFO | Batch 300 | Loss: 1.1989 | Correct: 77/128 | Elapsed Time: 54.87s
2026-01-17 07:47:42,307 | INFO | Batch 310 | Loss: 1.4689 | Correct: 80/128 | Elapsed Time: 54.83s
2026-01-17 07:48:37,245 | INFO | Batch 320 | Loss: 1.0686 | Correct: 83/128 | Elapsed Time: 54.94s
2026-01-17 07:49:32,126 | INFO | Batch 330 | Loss: 1.0457 | Correct: 82/128 | Elapsed Time: 54.88s
2026-01-17 07:50:26,946 | INFO | Batch 340 | Loss: 1.2054 | Correct: 82/128 | Elapsed Time: 54.82s
2026-01-17 07:51:21,763 | INFO | Batch 350 | Loss: 1.2252 | Correct: 83/128 | Elapsed Time: 54.82s
2026-01-17 07:52:16,587 | INFO | Batch 360 | Loss: 1.1908 | Correct: 87/128 | Elapsed Time: 54.82s
2026-01-17 07:53:11,385 | INFO | Batch 370 | Loss: 1.2070 | Correct: 83/128 | Elapsed Time: 54.80s
2026-01-17 07:54:06,189 | INFO | Batch 380 | Loss: 0.9693 | Correct: 90/128 | Elapsed Time: 54.80s
2026-01-17 07:55:01,061 | INFO | Batch 390 | Loss: 1.1403 | Correct: 79/128 | Elapsed Time: 54.87s
2026-01-17 07:55:04,613 | INFO | Epoch [19/100] - Loss: 1.2464 | Correct: 31976/50000 (63.95%, 2143.19s)
2026-01-17 07:57:58,760 | INFO | Validation - Loss: 1.8463 | Top1: 5362/10000 (53.62%) | Top5: 8158/10000 (81.58%) (174.15s)
2026-01-17 07:58:53,659 | INFO | Batch 10 | Loss: 1.2352 | Correct: 85/128 | Elapsed Time: 54.90s
2026-01-17 07:59:48,485 | INFO | Batch 20 | Loss: 1.0802 | Correct: 86/128 | Elapsed Time: 54.83s
2026-01-17 08:00:43,249 | INFO | Batch 30 | Loss: 1.0485 | Correct: 83/128 | Elapsed Time: 54.76s
2026-01-17 08:01:38,076 | INFO | Batch 40 | Loss: 0.8251 | Correct: 95/128 | Elapsed Time: 54.83s
2026-01-17 08:02:32,922 | INFO | Batch 50 | Loss: 1.1796 | Correct: 81/128 | Elapsed Time: 54.85s
2026-01-17 08:03:27,736 | INFO | Batch 60 | Loss: 1.1716 | Correct: 91/128 | Elapsed Time: 54.81s
2026-01-17 08:04:22,674 | INFO | Batch 70 | Loss: 1.0773 | Correct: 91/128 | Elapsed Time: 54.94s
2026-01-17 08:05:17,527 | INFO | Batch 80 | Loss: 0.9879 | Correct: 86/128 | Elapsed Time: 54.85s
2026-01-17 08:06:12,349 | INFO | Batch 90 | Loss: 1.0614 | Correct: 89/128 | Elapsed Time: 54.82s
2026-01-17 08:07:07,191 | INFO | Batch 100 | Loss: 0.9772 | Correct: 93/128 | Elapsed Time: 54.84s
2026-01-17 08:08:02,044 | INFO | Batch 110 | Loss: 1.0274 | Correct: 89/128 | Elapsed Time: 54.85s
2026-01-17 08:08:56,953 | INFO | Batch 120 | Loss: 1.2285 | Correct: 84/128 | Elapsed Time: 54.91s
2026-01-17 08:09:51,781 | INFO | Batch 130 | Loss: 1.2022 | Correct: 82/128 | Elapsed Time: 54.83s
2026-01-17 08:10:46,685 | INFO | Batch 140 | Loss: 1.3933 | Correct: 81/128 | Elapsed Time: 54.90s
2026-01-17 08:11:41,625 | INFO | Batch 150 | Loss: 1.0571 | Correct: 89/128 | Elapsed Time: 54.94s
2026-01-17 08:12:36,486 | INFO | Batch 160 | Loss: 1.0599 | Correct: 90/128 | Elapsed Time: 54.86s
2026-01-17 08:13:31,323 | INFO | Batch 170 | Loss: 1.1174 | Correct: 84/128 | Elapsed Time: 54.84s
2026-01-17 08:14:26,147 | INFO | Batch 180 | Loss: 1.1860 | Correct: 90/128 | Elapsed Time: 54.82s
2026-01-17 08:15:21,018 | INFO | Batch 190 | Loss: 1.3360 | Correct: 81/128 | Elapsed Time: 54.87s
2026-01-17 08:16:15,846 | INFO | Batch 200 | Loss: 0.9746 | Correct: 91/128 | Elapsed Time: 54.83s
2026-01-17 08:17:10,689 | INFO | Batch 210 | Loss: 1.4609 | Correct: 74/128 | Elapsed Time: 54.84s
2026-01-17 08:18:05,503 | INFO | Batch 220 | Loss: 1.2968 | Correct: 83/128 | Elapsed Time: 54.81s
2026-01-17 08:19:00,408 | INFO | Batch 230 | Loss: 1.3971 | Correct: 85/128 | Elapsed Time: 54.91s
2026-01-17 08:19:55,214 | INFO | Batch 240 | Loss: 0.9059 | Correct: 92/128 | Elapsed Time: 54.81s
2026-01-17 08:20:50,101 | INFO | Batch 250 | Loss: 1.0219 | Correct: 92/128 | Elapsed Time: 54.89s
2026-01-17 08:21:44,930 | INFO | Batch 260 | Loss: 1.2469 | Correct: 83/128 | Elapsed Time: 54.83s
2026-01-17 08:22:39,808 | INFO | Batch 270 | Loss: 1.3021 | Correct: 76/128 | Elapsed Time: 54.88s
2026-01-17 08:23:34,694 | INFO | Batch 280 | Loss: 1.2419 | Correct: 87/128 | Elapsed Time: 54.89s
2026-01-17 08:24:29,526 | INFO | Batch 290 | Loss: 1.2881 | Correct: 81/128 | Elapsed Time: 54.83s
2026-01-17 08:25:24,395 | INFO | Batch 300 | Loss: 1.1764 | Correct: 86/128 | Elapsed Time: 54.87s
2026-01-17 08:26:19,366 | INFO | Batch 310 | Loss: 1.0386 | Correct: 87/128 | Elapsed Time: 54.97s
2026-01-17 08:27:14,159 | INFO | Batch 320 | Loss: 0.9759 | Correct: 91/128 | Elapsed Time: 54.79s
2026-01-17 08:28:09,018 | INFO | Batch 330 | Loss: 1.2136 | Correct: 84/128 | Elapsed Time: 54.86s
2026-01-17 08:29:03,830 | INFO | Batch 340 | Loss: 1.3616 | Correct: 80/128 | Elapsed Time: 54.81s
2026-01-17 08:29:58,693 | INFO | Batch 350 | Loss: 1.2419 | Correct: 82/128 | Elapsed Time: 54.86s
2026-01-17 08:30:53,483 | INFO | Batch 360 | Loss: 1.2070 | Correct: 80/128 | Elapsed Time: 54.79s
2026-01-17 08:31:48,268 | INFO | Batch 370 | Loss: 1.3877 | Correct: 79/128 | Elapsed Time: 54.79s
2026-01-17 08:32:43,220 | INFO | Batch 380 | Loss: 0.9946 | Correct: 95/128 | Elapsed Time: 54.95s
2026-01-17 08:33:38,035 | INFO | Batch 390 | Loss: 1.2469 | Correct: 79/128 | Elapsed Time: 54.81s
2026-01-17 08:33:41,557 | INFO | Epoch [20/100] - Loss: 1.1919 | Correct: 32760/50000 (65.52%, 2142.80s)
2026-01-17 08:36:35,596 | INFO | Validation - Loss: 1.8108 | Top1: 5430/10000 (54.30%) | Top5: 8206/10000 (82.06%) (174.04s)
2026-01-17 08:37:30,430 | INFO | Batch 10 | Loss: 1.1496 | Correct: 84/128 | Elapsed Time: 54.83s
2026-01-17 08:38:25,216 | INFO | Batch 20 | Loss: 1.0905 | Correct: 89/128 | Elapsed Time: 54.79s
2026-01-17 08:39:20,087 | INFO | Batch 30 | Loss: 1.1512 | Correct: 90/128 | Elapsed Time: 54.87s
2026-01-17 08:40:14,888 | INFO | Batch 40 | Loss: 1.0219 | Correct: 94/128 | Elapsed Time: 54.80s
2026-01-17 08:41:09,692 | INFO | Batch 50 | Loss: 1.3056 | Correct: 75/128 | Elapsed Time: 54.80s
2026-01-17 08:42:04,628 | INFO | Batch 60 | Loss: 1.1388 | Correct: 84/128 | Elapsed Time: 54.94s
2026-01-17 08:42:59,440 | INFO | Batch 70 | Loss: 1.1235 | Correct: 87/128 | Elapsed Time: 54.81s
2026-01-17 08:43:54,194 | INFO | Batch 80 | Loss: 1.0832 | Correct: 86/128 | Elapsed Time: 54.75s
2026-01-17 08:44:48,987 | INFO | Batch 90 | Loss: 1.4550 | Correct: 76/128 | Elapsed Time: 54.79s
2026-01-17 08:45:43,911 | INFO | Batch 100 | Loss: 0.9786 | Correct: 94/128 | Elapsed Time: 54.92s
2026-01-17 08:46:38,724 | INFO | Batch 110 | Loss: 1.0920 | Correct: 86/128 | Elapsed Time: 54.81s
2026-01-17 08:47:33,589 | INFO | Batch 120 | Loss: 1.1388 | Correct: 91/128 | Elapsed Time: 54.87s
2026-01-17 08:48:28,474 | INFO | Batch 130 | Loss: 1.1388 | Correct: 86/128 | Elapsed Time: 54.88s
2026-01-17 08:49:23,378 | INFO | Batch 140 | Loss: 1.0964 | Correct: 87/128 | Elapsed Time: 54.90s
2026-01-17 08:50:18,180 | INFO | Batch 150 | Loss: 1.1342 | Correct: 85/128 | Elapsed Time: 54.80s
2026-01-17 08:51:13,013 | INFO | Batch 160 | Loss: 1.0744 | Correct: 89/128 | Elapsed Time: 54.83s
2026-01-17 08:52:07,851 | INFO | Batch 170 | Loss: 1.3163 | Correct: 81/128 | Elapsed Time: 54.84s
2026-01-17 08:53:02,667 | INFO | Batch 180 | Loss: 1.3469 | Correct: 81/128 | Elapsed Time: 54.82s
2026-01-17 08:53:57,492 | INFO | Batch 190 | Loss: 1.2951 | Correct: 79/128 | Elapsed Time: 54.82s
2026-01-17 08:54:52,293 | INFO | Batch 200 | Loss: 1.1069 | Correct: 88/128 | Elapsed Time: 54.80s
2026-01-17 08:55:47,185 | INFO | Batch 210 | Loss: 1.3288 | Correct: 75/128 | Elapsed Time: 54.89s
2026-01-17 08:56:42,094 | INFO | Batch 220 | Loss: 1.3469 | Correct: 78/128 | Elapsed Time: 54.91s
2026-01-17 08:57:36,842 | INFO | Batch 230 | Loss: 1.5845 | Correct: 61/128 | Elapsed Time: 54.75s
2026-01-17 08:58:31,590 | INFO | Batch 240 | Loss: 1.3199 | Correct: 80/128 | Elapsed Time: 54.75s
2026-01-17 08:59:26,339 | INFO | Batch 250 | Loss: 1.0758 | Correct: 89/128 | Elapsed Time: 54.75s
2026-01-17 09:00:21,085 | INFO | Batch 260 | Loss: 1.3056 | Correct: 83/128 | Elapsed Time: 54.75s
2026-01-17 09:01:15,830 | INFO | Batch 270 | Loss: 1.0443 | Correct: 88/128 | Elapsed Time: 54.75s
2026-01-17 09:02:10,541 | INFO | Batch 280 | Loss: 1.3690 | Correct: 84/128 | Elapsed Time: 54.71s
2026-01-17 09:03:05,386 | INFO | Batch 290 | Loss: 1.0802 | Correct: 89/128 | Elapsed Time: 54.84s
2026-01-17 09:04:00,112 | INFO | Batch 300 | Loss: 1.2759 | Correct: 82/128 | Elapsed Time: 54.73s
2026-01-17 09:04:54,904 | INFO | Batch 310 | Loss: 1.1039 | Correct: 92/128 | Elapsed Time: 54.79s
2026-01-17 09:05:49,715 | INFO | Batch 320 | Loss: 1.1054 | Correct: 81/128 | Elapsed Time: 54.81s
2026-01-17 09:06:44,455 | INFO | Batch 330 | Loss: 1.1716 | Correct: 88/128 | Elapsed Time: 54.74s
2026-01-17 09:07:39,175 | INFO | Batch 340 | Loss: 1.1892 | Correct: 78/128 | Elapsed Time: 54.72s
2026-01-17 09:08:33,920 | INFO | Batch 350 | Loss: 1.0614 | Correct: 89/128 | Elapsed Time: 54.75s
2026-01-17 09:09:28,688 | INFO | Batch 360 | Loss: 1.2863 | Correct: 78/128 | Elapsed Time: 54.77s
2026-01-17 09:10:23,611 | INFO | Batch 370 | Loss: 1.2022 | Correct: 82/128 | Elapsed Time: 54.92s
2026-01-17 09:11:18,358 | INFO | Batch 380 | Loss: 1.0671 | Correct: 89/128 | Elapsed Time: 54.75s
2026-01-17 09:12:13,117 | INFO | Batch 390 | Loss: 1.4393 | Correct: 79/128 | Elapsed Time: 54.76s
2026-01-17 09:12:16,636 | INFO | Epoch [21/100] - Loss: 1.1641 | Correct: 32907/50000 (65.81%, 2141.04s)
2026-01-17 09:15:10,477 | INFO | Validation - Loss: 1.7662 | Top1: 5580/10000 (55.80%) | Top5: 8361/10000 (83.61%) (173.84s)
2026-01-17 09:15:11,694 | INFO | New best model saved at epoch 21 with Top1 Acc: 55.80% (Top5: 83.61%)
2026-01-17 09:16:06,496 | INFO | Batch 10 | Loss: 0.7206 | Correct: 96/128 | Elapsed Time: 54.80s
2026-01-17 09:17:01,223 | INFO | Batch 20 | Loss: 0.9946 | Correct: 88/128 | Elapsed Time: 54.73s
2026-01-17 09:17:55,966 | INFO | Batch 30 | Loss: 1.2301 | Correct: 88/128 | Elapsed Time: 54.74s
2026-01-17 09:18:50,709 | INFO | Batch 40 | Loss: 1.0041 | Correct: 83/128 | Elapsed Time: 54.74s
2026-01-17 09:19:45,585 | INFO | Batch 50 | Loss: 0.8420 | Correct: 95/128 | Elapsed Time: 54.88s
2026-01-17 09:20:40,392 | INFO | Batch 60 | Loss: 0.9232 | Correct: 91/128 | Elapsed Time: 54.81s
2026-01-17 09:21:35,190 | INFO | Batch 70 | Loss: 1.0744 | Correct: 87/128 | Elapsed Time: 54.80s
2026-01-17 09:22:29,959 | INFO | Batch 80 | Loss: 1.1908 | Correct: 85/128 | Elapsed Time: 54.77s
2026-01-17 09:23:24,702 | INFO | Batch 90 | Loss: 1.3127 | Correct: 74/128 | Elapsed Time: 54.74s
2026-01-17 09:24:19,442 | INFO | Batch 100 | Loss: 1.0671 | Correct: 87/128 | Elapsed Time: 54.74s
2026-01-17 09:25:14,247 | INFO | Batch 110 | Loss: 0.8817 | Correct: 94/128 | Elapsed Time: 54.80s
2026-01-17 09:26:08,987 | INFO | Batch 120 | Loss: 1.2537 | Correct: 80/128 | Elapsed Time: 54.74s
2026-01-17 09:27:03,825 | INFO | Batch 130 | Loss: 1.2268 | Correct: 82/128 | Elapsed Time: 54.84s
2026-01-17 09:27:58,563 | INFO | Batch 140 | Loss: 1.1419 | Correct: 89/128 | Elapsed Time: 54.74s
2026-01-17 09:28:53,285 | INFO | Batch 150 | Loss: 1.1481 | Correct: 82/128 | Elapsed Time: 54.72s
2026-01-17 09:29:48,044 | INFO | Batch 160 | Loss: 1.1512 | Correct: 78/128 | Elapsed Time: 54.76s
2026-01-17 09:30:42,796 | INFO | Batch 170 | Loss: 1.1924 | Correct: 82/128 | Elapsed Time: 54.75s
2026-01-17 09:31:37,525 | INFO | Batch 180 | Loss: 0.9145 | Correct: 89/128 | Elapsed Time: 54.73s
2026-01-17 09:32:32,263 | INFO | Batch 190 | Loss: 1.0014 | Correct: 86/128 | Elapsed Time: 54.74s
2026-01-17 09:33:27,021 | INFO | Batch 200 | Loss: 1.0471 | Correct: 89/128 | Elapsed Time: 54.76s
2026-01-17 09:34:21,846 | INFO | Batch 210 | Loss: 1.4277 | Correct: 74/128 | Elapsed Time: 54.83s
2026-01-17 09:35:16,652 | INFO | Batch 220 | Loss: 1.1174 | Correct: 86/128 | Elapsed Time: 54.81s
2026-01-17 09:36:11,423 | INFO | Batch 230 | Loss: 1.1220 | Correct: 88/128 | Elapsed Time: 54.77s
2026-01-17 09:37:06,187 | INFO | Batch 240 | Loss: 1.1860 | Correct: 86/128 | Elapsed Time: 54.76s
2026-01-17 09:38:00,923 | INFO | Batch 250 | Loss: 1.0274 | Correct: 92/128 | Elapsed Time: 54.74s
2026-01-17 09:38:55,650 | INFO | Batch 260 | Loss: 0.9693 | Correct: 92/128 | Elapsed Time: 54.73s
2026-01-17 09:39:50,369 | INFO | Batch 270 | Loss: 1.0471 | Correct: 93/128 | Elapsed Time: 54.72s
2026-01-17 09:40:45,262 | INFO | Batch 280 | Loss: 1.1419 | Correct: 81/128 | Elapsed Time: 54.89s
2026-01-17 09:41:40,014 | INFO | Batch 290 | Loss: 1.0400 | Correct: 87/128 | Elapsed Time: 54.75s
2026-01-17 09:42:34,795 | INFO | Batch 300 | Loss: 0.9207 | Correct: 89/128 | Elapsed Time: 54.78s
2026-01-17 09:43:29,534 | INFO | Batch 310 | Loss: 1.2537 | Correct: 86/128 | Elapsed Time: 54.74s
2026-01-17 09:44:24,274 | INFO | Batch 320 | Loss: 1.1796 | Correct: 81/128 | Elapsed Time: 54.74s
2026-01-17 09:45:19,053 | INFO | Batch 330 | Loss: 0.8758 | Correct: 93/128 | Elapsed Time: 54.78s
2026-01-17 09:46:13,802 | INFO | Batch 340 | Loss: 1.3092 | Correct: 79/128 | Elapsed Time: 54.75s
2026-01-17 09:47:08,601 | INFO | Batch 350 | Loss: 0.9145 | Correct: 93/128 | Elapsed Time: 54.80s
2026-01-17 09:48:03,482 | INFO | Batch 360 | Loss: 1.3021 | Correct: 81/128 | Elapsed Time: 54.88s
2026-01-17 09:48:58,277 | INFO | Batch 370 | Loss: 1.3110 | Correct: 83/128 | Elapsed Time: 54.80s
2026-01-17 09:49:53,069 | INFO | Batch 380 | Loss: 1.3397 | Correct: 78/128 | Elapsed Time: 54.79s
2026-01-17 09:50:47,832 | INFO | Batch 390 | Loss: 1.1220 | Correct: 81/128 | Elapsed Time: 54.76s
2026-01-17 09:50:51,350 | INFO | Epoch [22/100] - Loss: 1.1128 | Correct: 33676/50000 (67.35%, 2139.66s)
2026-01-17 09:53:45,057 | INFO | Validation - Loss: 1.8091 | Top1: 5400/10000 (54.00%) | Top5: 8230/10000 (82.30%) (173.71s)
2026-01-17 09:54:39,859 | INFO | Batch 10 | Loss: 0.8296 | Correct: 95/128 | Elapsed Time: 54.80s
2026-01-17 09:55:34,692 | INFO | Batch 20 | Loss: 1.2152 | Correct: 88/128 | Elapsed Time: 54.83s
2026-01-17 09:56:29,483 | INFO | Batch 30 | Loss: 0.8974 | Correct: 90/128 | Elapsed Time: 54.79s
2026-01-17 09:57:24,326 | INFO | Batch 40 | Loss: 0.9257 | Correct: 96/128 | Elapsed Time: 54.84s
2026-01-17 09:58:19,108 | INFO | Batch 50 | Loss: 1.0599 | Correct: 97/128 | Elapsed Time: 54.78s
2026-01-17 09:59:13,887 | INFO | Batch 60 | Loss: 0.9447 | Correct: 85/128 | Elapsed Time: 54.78s
2026-01-17 10:00:08,660 | INFO | Batch 70 | Loss: 1.0514 | Correct: 91/128 | Elapsed Time: 54.77s
2026-01-17 10:01:03,419 | INFO | Batch 80 | Loss: 1.2169 | Correct: 80/128 | Elapsed Time: 54.76s
2026-01-17 10:01:58,167 | INFO | Batch 90 | Loss: 1.1054 | Correct: 81/128 | Elapsed Time: 54.75s
2026-01-17 10:02:52,936 | INFO | Batch 100 | Loss: 1.0861 | Correct: 89/128 | Elapsed Time: 54.77s
2026-01-17 10:03:47,738 | INFO | Batch 110 | Loss: 0.9826 | Correct: 88/128 | Elapsed Time: 54.80s
2026-01-17 10:04:42,663 | INFO | Batch 120 | Loss: 1.0302 | Correct: 89/128 | Elapsed Time: 54.93s
2026-01-17 10:05:37,568 | INFO | Batch 130 | Loss: 0.9084 | Correct: 92/128 | Elapsed Time: 54.90s
2026-01-17 10:06:32,412 | INFO | Batch 140 | Loss: 1.0788 | Correct: 87/128 | Elapsed Time: 54.84s
2026-01-17 10:07:27,170 | INFO | Batch 150 | Loss: 0.9245 | Correct: 94/128 | Elapsed Time: 54.76s
2026-01-17 10:08:21,935 | INFO | Batch 160 | Loss: 1.1924 | Correct: 89/128 | Elapsed Time: 54.77s
2026-01-17 10:09:16,680 | INFO | Batch 170 | Loss: 1.2419 | Correct: 85/128 | Elapsed Time: 54.75s
2026-01-17 10:10:11,423 | INFO | Batch 180 | Loss: 1.2352 | Correct: 84/128 | Elapsed Time: 54.74s
2026-01-17 10:11:06,261 | INFO | Batch 190 | Loss: 0.7848 | Correct: 96/128 | Elapsed Time: 54.84s
2026-01-17 10:12:01,004 | INFO | Batch 200 | Loss: 1.2486 | Correct: 80/128 | Elapsed Time: 54.74s
2026-01-17 10:12:55,686 | INFO | Batch 210 | Loss: 1.0429 | Correct: 86/128 | Elapsed Time: 54.68s
2026-01-17 10:13:50,459 | INFO | Batch 220 | Loss: 1.2087 | Correct: 83/128 | Elapsed Time: 54.77s
2026-01-17 10:14:45,213 | INFO | Batch 230 | Loss: 1.0979 | Correct: 85/128 | Elapsed Time: 54.75s
2026-01-17 10:15:40,003 | INFO | Batch 240 | Loss: 1.0288 | Correct: 88/128 | Elapsed Time: 54.79s
2026-01-17 10:16:34,774 | INFO | Batch 250 | Loss: 1.0614 | Correct: 94/128 | Elapsed Time: 54.77s
2026-01-17 10:17:29,519 | INFO | Batch 260 | Loss: 1.2829 | Correct: 81/128 | Elapsed Time: 54.75s
2026-01-17 10:18:24,356 | INFO | Batch 270 | Loss: 0.9320 | Correct: 94/128 | Elapsed Time: 54.84s
2026-01-17 10:19:19,122 | INFO | Batch 280 | Loss: 1.2218 | Correct: 84/128 | Elapsed Time: 54.77s
2026-01-17 10:20:13,905 | INFO | Batch 290 | Loss: 1.1311 | Correct: 90/128 | Elapsed Time: 54.78s
2026-01-17 10:21:08,585 | INFO | Batch 300 | Loss: 1.2605 | Correct: 79/128 | Elapsed Time: 54.68s
2026-01-17 10:22:03,336 | INFO | Batch 310 | Loss: 1.0979 | Correct: 87/128 | Elapsed Time: 54.75s
2026-01-17 10:22:58,085 | INFO | Batch 320 | Loss: 0.8925 | Correct: 98/128 | Elapsed Time: 54.75s
2026-01-17 10:23:52,757 | INFO | Batch 330 | Loss: 1.1419 | Correct: 83/128 | Elapsed Time: 54.67s
2026-01-17 10:24:47,594 | INFO | Batch 340 | Loss: 1.1204 | Correct: 87/128 | Elapsed Time: 54.84s
2026-01-17 10:25:42,559 | INFO | Batch 350 | Loss: 1.1764 | Correct: 87/128 | Elapsed Time: 54.97s
2026-01-17 10:26:37,340 | INFO | Batch 360 | Loss: 1.0068 | Correct: 88/128 | Elapsed Time: 54.78s
2026-01-17 10:27:32,109 | INFO | Batch 370 | Loss: 1.2725 | Correct: 86/128 | Elapsed Time: 54.77s
2026-01-17 10:28:26,875 | INFO | Batch 380 | Loss: 1.0905 | Correct: 83/128 | Elapsed Time: 54.77s
2026-01-17 10:29:21,672 | INFO | Batch 390 | Loss: 1.0920 | Correct: 87/128 | Elapsed Time: 54.80s
2026-01-17 10:29:25,192 | INFO | Epoch [23/100] - Loss: 1.0798 | Correct: 33957/50000 (67.91%, 2140.13s)
2026-01-17 10:32:18,734 | INFO | Validation - Loss: 1.8113 | Top1: 5531/10000 (55.31%) | Top5: 8285/10000 (82.85%) (173.54s)
2026-01-17 10:33:13,496 | INFO | Batch 10 | Loss: 1.0471 | Correct: 91/128 | Elapsed Time: 54.76s
2026-01-17 10:34:08,339 | INFO | Batch 20 | Loss: 0.9182 | Correct: 90/128 | Elapsed Time: 54.84s
2026-01-17 10:35:03,072 | INFO | Batch 30 | Loss: 0.6698 | Correct: 106/128 | Elapsed Time: 54.73s
2026-01-17 10:35:57,884 | INFO | Batch 40 | Loss: 0.8651 | Correct: 94/128 | Elapsed Time: 54.81s
2026-01-17 10:36:52,628 | INFO | Batch 50 | Loss: 1.1388 | Correct: 88/128 | Elapsed Time: 54.74s
2026-01-17 10:37:47,344 | INFO | Batch 60 | Loss: 1.3004 | Correct: 81/128 | Elapsed Time: 54.72s
2026-01-17 10:38:42,072 | INFO | Batch 70 | Loss: 1.0920 | Correct: 89/128 | Elapsed Time: 54.73s
2026-01-17 10:39:36,814 | INFO | Batch 80 | Loss: 0.8841 | Correct: 94/128 | Elapsed Time: 54.74s
2026-01-17 10:40:31,693 | INFO | Batch 90 | Loss: 1.2285 | Correct: 86/128 | Elapsed Time: 54.88s
2026-01-17 10:41:26,499 | INFO | Batch 100 | Loss: 1.1084 | Correct: 83/128 | Elapsed Time: 54.81s
2026-01-17 10:42:21,317 | INFO | Batch 110 | Loss: 1.0233 | Correct: 89/128 | Elapsed Time: 54.82s
2026-01-17 10:43:16,135 | INFO | Batch 120 | Loss: 1.0556 | Correct: 84/128 | Elapsed Time: 54.82s
2026-01-17 10:44:10,944 | INFO | Batch 130 | Loss: 1.1311 | Correct: 87/128 | Elapsed Time: 54.81s
2026-01-17 10:45:05,761 | INFO | Batch 140 | Loss: 0.9839 | Correct: 86/128 | Elapsed Time: 54.82s
2026-01-17 10:46:00,593 | INFO | Batch 150 | Loss: 0.9537 | Correct: 90/128 | Elapsed Time: 54.83s
2026-01-17 10:46:55,402 | INFO | Batch 160 | Loss: 1.0671 | Correct: 84/128 | Elapsed Time: 54.81s
2026-01-17 10:47:50,293 | INFO | Batch 170 | Loss: 1.1054 | Correct: 88/128 | Elapsed Time: 54.89s
2026-01-17 10:48:45,064 | INFO | Batch 180 | Loss: 0.9345 | Correct: 95/128 | Elapsed Time: 54.77s
2026-01-17 10:49:39,878 | INFO | Batch 190 | Loss: 0.9220 | Correct: 89/128 | Elapsed Time: 54.81s
2026-01-17 10:50:34,701 | INFO | Batch 200 | Loss: 1.1653 | Correct: 80/128 | Elapsed Time: 54.82s
2026-01-17 10:51:29,503 | INFO | Batch 210 | Loss: 0.8710 | Correct: 92/128 | Elapsed Time: 54.80s
2026-01-17 10:52:24,272 | INFO | Batch 220 | Loss: 1.1748 | Correct: 83/128 | Elapsed Time: 54.77s
2026-01-17 10:53:19,106 | INFO | Batch 230 | Loss: 1.0686 | Correct: 91/128 | Elapsed Time: 54.83s
2026-01-17 10:54:13,930 | INFO | Batch 240 | Loss: 1.3039 | Correct: 79/128 | Elapsed Time: 54.82s
2026-01-17 10:55:09,016 | INFO | Batch 250 | Loss: 1.0671 | Correct: 88/128 | Elapsed Time: 55.09s
2026-01-17 10:56:03,810 | INFO | Batch 260 | Loss: 1.1054 | Correct: 83/128 | Elapsed Time: 54.79s
2026-01-17 10:56:58,643 | INFO | Batch 270 | Loss: 0.9906 | Correct: 91/128 | Elapsed Time: 54.83s
2026-01-17 10:57:53,487 | INFO | Batch 280 | Loss: 0.9524 | Correct: 92/128 | Elapsed Time: 54.84s
2026-01-17 10:58:48,289 | INFO | Batch 290 | Loss: 1.2691 | Correct: 81/128 | Elapsed Time: 54.80s
2026-01-17 10:59:43,070 | INFO | Batch 300 | Loss: 0.9257 | Correct: 92/128 | Elapsed Time: 54.78s
2026-01-17 11:00:37,873 | INFO | Batch 310 | Loss: 1.0643 | Correct: 87/128 | Elapsed Time: 54.80s
2026-01-17 11:01:32,776 | INFO | Batch 320 | Loss: 1.0715 | Correct: 91/128 | Elapsed Time: 54.90s
2026-01-17 11:02:27,619 | INFO | Batch 330 | Loss: 1.2335 | Correct: 80/128 | Elapsed Time: 54.84s
2026-01-17 11:03:22,482 | INFO | Batch 340 | Loss: 1.2152 | Correct: 84/128 | Elapsed Time: 54.86s
2026-01-17 11:04:17,318 | INFO | Batch 350 | Loss: 0.9826 | Correct: 92/128 | Elapsed Time: 54.84s
2026-01-17 11:05:12,159 | INFO | Batch 360 | Loss: 1.1144 | Correct: 90/128 | Elapsed Time: 54.84s
2026-01-17 11:06:07,054 | INFO | Batch 370 | Loss: 1.1465 | Correct: 80/128 | Elapsed Time: 54.89s
2026-01-17 11:07:01,917 | INFO | Batch 380 | Loss: 1.2639 | Correct: 85/128 | Elapsed Time: 54.86s
2026-01-17 11:07:56,731 | INFO | Batch 390 | Loss: 1.1989 | Correct: 83/128 | Elapsed Time: 54.81s
2026-01-17 11:08:00,250 | INFO | Epoch [24/100] - Loss: 1.0471 | Correct: 34518/50000 (69.04%, 2141.51s)
2026-01-17 11:10:54,634 | INFO | Validation - Loss: 1.8886 | Top1: 5341/10000 (53.41%) | Top5: 8125/10000 (81.25%) (174.38s)
2026-01-17 11:11:49,532 | INFO | Batch 10 | Loss: 0.9245 | Correct: 91/128 | Elapsed Time: 54.90s
2026-01-17 11:12:44,373 | INFO | Batch 20 | Loss: 0.8961 | Correct: 94/128 | Elapsed Time: 54.84s
2026-01-17 11:13:39,277 | INFO | Batch 30 | Loss: 0.9422 | Correct: 92/128 | Elapsed Time: 54.90s
2026-01-17 11:14:34,145 | INFO | Batch 40 | Loss: 0.9680 | Correct: 94/128 | Elapsed Time: 54.87s
2026-01-17 11:15:29,058 | INFO | Batch 50 | Loss: 1.3635 | Correct: 78/128 | Elapsed Time: 54.91s
2026-01-17 11:16:23,975 | INFO | Batch 60 | Loss: 0.7354 | Correct: 97/128 | Elapsed Time: 54.92s
2026-01-17 11:17:18,889 | INFO | Batch 70 | Loss: 0.9447 | Correct: 95/128 | Elapsed Time: 54.91s
2026-01-17 11:18:13,768 | INFO | Batch 80 | Loss: 0.9158 | Correct: 91/128 | Elapsed Time: 54.88s
2026-01-17 11:19:08,557 | INFO | Batch 90 | Loss: 1.1357 | Correct: 89/128 | Elapsed Time: 54.79s
2026-01-17 11:20:03,356 | INFO | Batch 100 | Loss: 0.9022 | Correct: 98/128 | Elapsed Time: 54.80s
2026-01-17 11:20:58,191 | INFO | Batch 110 | Loss: 1.0832 | Correct: 86/128 | Elapsed Time: 54.84s
2026-01-17 11:21:53,029 | INFO | Batch 120 | Loss: 1.0979 | Correct: 88/128 | Elapsed Time: 54.84s
2026-01-17 11:22:47,827 | INFO | Batch 130 | Loss: 1.1973 | Correct: 85/128 | Elapsed Time: 54.80s
2026-01-17 11:23:42,648 | INFO | Batch 140 | Loss: 0.7827 | Correct: 96/128 | Elapsed Time: 54.82s
2026-01-17 11:24:37,596 | INFO | Batch 150 | Loss: 1.0178 | Correct: 97/128 | Elapsed Time: 54.95s
2026-01-17 11:25:32,460 | INFO | Batch 160 | Loss: 1.1280 | Correct: 87/128 | Elapsed Time: 54.86s
2026-01-17 11:26:27,232 | INFO | Batch 170 | Loss: 1.0671 | Correct: 82/128 | Elapsed Time: 54.77s
2026-01-17 11:27:22,018 | INFO | Batch 180 | Loss: 0.9170 | Correct: 95/128 | Elapsed Time: 54.79s
2026-01-17 11:28:16,815 | INFO | Batch 190 | Loss: 1.0686 | Correct: 87/128 | Elapsed Time: 54.80s
2026-01-17 11:29:11,590 | INFO | Batch 200 | Loss: 0.8118 | Correct: 99/128 | Elapsed Time: 54.77s
2026-01-17 11:30:06,354 | INFO | Batch 210 | Loss: 0.9759 | Correct: 89/128 | Elapsed Time: 54.76s
2026-01-17 11:31:01,096 | INFO | Batch 220 | Loss: 1.0949 | Correct: 90/128 | Elapsed Time: 54.74s
2026-01-17 11:31:56,012 | INFO | Batch 230 | Loss: 1.1989 | Correct: 87/128 | Elapsed Time: 54.92s
2026-01-17 11:32:50,849 | INFO | Batch 240 | Loss: 0.9879 | Correct: 93/128 | Elapsed Time: 54.84s
2026-01-17 11:33:45,645 | INFO | Batch 250 | Loss: 0.9333 | Correct: 90/128 | Elapsed Time: 54.80s
2026-01-17 11:34:40,425 | INFO | Batch 260 | Loss: 1.2268 | Correct: 80/128 | Elapsed Time: 54.78s
2026-01-17 11:35:35,228 | INFO | Batch 270 | Loss: 1.2571 | Correct: 79/128 | Elapsed Time: 54.80s
2026-01-17 11:36:30,041 | INFO | Batch 280 | Loss: 0.8443 | Correct: 99/128 | Elapsed Time: 54.81s
2026-01-17 11:37:24,837 | INFO | Batch 290 | Loss: 1.2916 | Correct: 83/128 | Elapsed Time: 54.80s
2026-01-17 11:38:19,776 | INFO | Batch 300 | Loss: 0.9959 | Correct: 95/128 | Elapsed Time: 54.94s
2026-01-17 11:39:14,598 | INFO | Batch 310 | Loss: 1.2005 | Correct: 78/128 | Elapsed Time: 54.82s
2026-01-17 11:40:09,428 | INFO | Batch 320 | Loss: 1.3181 | Correct: 79/128 | Elapsed Time: 54.83s
2026-01-17 11:41:04,196 | INFO | Batch 330 | Loss: 0.9084 | Correct: 90/128 | Elapsed Time: 54.77s
2026-01-17 11:41:58,949 | INFO | Batch 340 | Loss: 0.9422 | Correct: 91/128 | Elapsed Time: 54.75s
2026-01-17 11:42:53,754 | INFO | Batch 350 | Loss: 1.1204 | Correct: 89/128 | Elapsed Time: 54.80s
2026-01-17 11:43:48,559 | INFO | Batch 360 | Loss: 1.1685 | Correct: 84/128 | Elapsed Time: 54.81s
2026-01-17 11:44:43,337 | INFO | Batch 370 | Loss: 1.1311 | Correct: 85/128 | Elapsed Time: 54.78s
2026-01-17 11:45:38,263 | INFO | Batch 380 | Loss: 0.8570 | Correct: 95/128 | Elapsed Time: 54.93s
2026-01-17 11:46:33,055 | INFO | Batch 390 | Loss: 0.9320 | Correct: 91/128 | Elapsed Time: 54.79s
2026-01-17 11:46:36,575 | INFO | Epoch [25/100] - Loss: 1.0276 | Correct: 34562/50000 (69.12%, 2141.94s)
2026-01-17 11:49:30,448 | INFO | Validation - Loss: 1.8421 | Top1: 5472/10000 (54.72%) | Top5: 8272/10000 (82.72%) (173.87s)
2026-01-17 11:50:25,254 | INFO | Batch 10 | Loss: 0.7795 | Correct: 94/128 | Elapsed Time: 54.80s
2026-01-17 11:51:20,009 | INFO | Batch 20 | Loss: 0.9563 | Correct: 86/128 | Elapsed Time: 54.75s
2026-01-17 11:52:14,781 | INFO | Batch 30 | Loss: 0.9933 | Correct: 85/128 | Elapsed Time: 54.77s
2026-01-17 11:53:09,530 | INFO | Batch 40 | Loss: 0.8889 | Correct: 95/128 | Elapsed Time: 54.75s
2026-01-17 11:54:04,391 | INFO | Batch 50 | Loss: 1.0302 | Correct: 88/128 | Elapsed Time: 54.86s
2026-01-17 11:54:59,145 | INFO | Batch 60 | Loss: 1.2235 | Correct: 85/128 | Elapsed Time: 54.75s
2026-01-17 11:55:53,990 | INFO | Batch 70 | Loss: 0.9680 | Correct: 90/128 | Elapsed Time: 54.85s
2026-01-17 11:56:48,732 | INFO | Batch 80 | Loss: 0.9071 | Correct: 94/128 | Elapsed Time: 54.74s
2026-01-17 11:57:43,524 | INFO | Batch 90 | Loss: 1.0890 | Correct: 85/128 | Elapsed Time: 54.79s
2026-01-17 11:58:38,295 | INFO | Batch 100 | Loss: 1.0123 | Correct: 92/128 | Elapsed Time: 54.77s
2026-01-17 11:59:33,137 | INFO | Batch 110 | Loss: 0.9628 | Correct: 85/128 | Elapsed Time: 54.84s
2026-01-17 12:00:27,921 | INFO | Batch 120 | Loss: 0.8793 | Correct: 97/128 | Elapsed Time: 54.78s
2026-01-17 12:01:22,803 | INFO | Batch 130 | Loss: 0.9409 | Correct: 88/128 | Elapsed Time: 54.88s
2026-01-17 12:02:17,623 | INFO | Batch 140 | Loss: 1.0316 | Correct: 86/128 | Elapsed Time: 54.82s
2026-01-17 12:03:12,465 | INFO | Batch 150 | Loss: 1.0700 | Correct: 83/128 | Elapsed Time: 54.84s
2026-01-17 12:04:07,336 | INFO | Batch 160 | Loss: 0.8501 | Correct: 95/128 | Elapsed Time: 54.87s
2026-01-17 12:05:02,182 | INFO | Batch 170 | Loss: 0.8722 | Correct: 97/128 | Elapsed Time: 54.85s
2026-01-17 12:05:57,084 | INFO | Batch 180 | Loss: 0.8535 | Correct: 93/128 | Elapsed Time: 54.90s
2026-01-17 12:06:51,936 | INFO | Batch 190 | Loss: 1.0344 | Correct: 89/128 | Elapsed Time: 54.85s
2026-01-17 12:07:46,787 | INFO | Batch 200 | Loss: 0.9071 | Correct: 95/128 | Elapsed Time: 54.85s
2026-01-17 12:08:41,752 | INFO | Batch 210 | Loss: 0.9799 | Correct: 87/128 | Elapsed Time: 54.96s
2026-01-17 12:09:36,606 | INFO | Batch 220 | Loss: 0.8793 | Correct: 92/128 | Elapsed Time: 54.85s
2026-01-17 12:10:31,445 | INFO | Batch 230 | Loss: 0.9866 | Correct: 90/128 | Elapsed Time: 54.84s
2026-01-17 12:11:26,253 | INFO | Batch 240 | Loss: 1.0178 | Correct: 85/128 | Elapsed Time: 54.81s
2026-01-17 12:12:21,116 | INFO | Batch 250 | Loss: 1.2022 | Correct: 85/128 | Elapsed Time: 54.86s
2026-01-17 12:13:15,961 | INFO | Batch 260 | Loss: 0.9772 | Correct: 93/128 | Elapsed Time: 54.85s
2026-01-17 12:14:10,833 | INFO | Batch 270 | Loss: 1.0758 | Correct: 89/128 | Elapsed Time: 54.87s
2026-01-17 12:15:05,763 | INFO | Batch 280 | Loss: 0.7848 | Correct: 101/128 | Elapsed Time: 54.93s
2026-01-17 12:16:00,683 | INFO | Batch 290 | Loss: 0.9550 | Correct: 95/128 | Elapsed Time: 54.92s
2026-01-17 12:16:55,479 | INFO | Batch 300 | Loss: 1.0744 | Correct: 91/128 | Elapsed Time: 54.80s
2026-01-17 12:17:50,317 | INFO | Batch 310 | Loss: 1.0556 | Correct: 88/128 | Elapsed Time: 54.84s
2026-01-17 12:18:45,138 | INFO | Batch 320 | Loss: 1.0514 | Correct: 87/128 | Elapsed Time: 54.82s
2026-01-17 12:19:39,953 | INFO | Batch 330 | Loss: 1.3342 | Correct: 77/128 | Elapsed Time: 54.81s
2026-01-17 12:20:34,809 | INFO | Batch 340 | Loss: 0.9892 | Correct: 88/128 | Elapsed Time: 54.86s
2026-01-17 12:21:29,704 | INFO | Batch 350 | Loss: 1.1748 | Correct: 84/128 | Elapsed Time: 54.90s
2026-01-17 12:22:24,635 | INFO | Batch 360 | Loss: 1.1940 | Correct: 80/128 | Elapsed Time: 54.93s
2026-01-17 12:23:19,462 | INFO | Batch 370 | Loss: 0.9746 | Correct: 88/128 | Elapsed Time: 54.83s
2026-01-17 12:24:14,304 | INFO | Batch 380 | Loss: 0.9906 | Correct: 87/128 | Elapsed Time: 54.84s
2026-01-17 12:25:09,343 | INFO | Batch 390 | Loss: 0.8547 | Correct: 94/128 | Elapsed Time: 55.04s
2026-01-17 12:25:12,857 | INFO | Epoch [26/100] - Loss: 0.9898 | Correct: 35061/50000 (70.12%, 2142.41s)
2026-01-17 12:28:07,185 | INFO | Validation - Loss: 1.8016 | Top1: 5607/10000 (56.07%) | Top5: 8342/10000 (83.42%) (174.33s)
2026-01-17 12:28:07,916 | INFO | New best model saved at epoch 26 with Top1 Acc: 56.07% (Top5: 83.42%)
2026-01-17 12:29:02,861 | INFO | Batch 10 | Loss: 0.8085 | Correct: 93/128 | Elapsed Time: 54.94s
2026-01-17 12:29:57,669 | INFO | Batch 20 | Loss: 0.8687 | Correct: 94/128 | Elapsed Time: 54.81s
2026-01-17 12:30:52,574 | INFO | Batch 30 | Loss: 1.1250 | Correct: 88/128 | Elapsed Time: 54.91s
2026-01-17 12:31:47,440 | INFO | Batch 40 | Loss: 0.8986 | Correct: 89/128 | Elapsed Time: 54.87s
2026-01-17 12:32:42,265 | INFO | Batch 50 | Loss: 0.8663 | Correct: 90/128 | Elapsed Time: 54.83s
2026-01-17 12:33:37,108 | INFO | Batch 60 | Loss: 0.8805 | Correct: 92/128 | Elapsed Time: 54.84s
2026-01-17 12:34:31,952 | INFO | Batch 70 | Loss: 0.9207 | Correct: 97/128 | Elapsed Time: 54.84s
2026-01-17 12:35:26,883 | INFO | Batch 80 | Loss: 0.8432 | Correct: 96/128 | Elapsed Time: 54.93s
2026-01-17 12:36:21,767 | INFO | Batch 90 | Loss: 0.8535 | Correct: 100/128 | Elapsed Time: 54.88s
2026-01-17 12:37:16,627 | INFO | Batch 100 | Loss: 1.0657 | Correct: 83/128 | Elapsed Time: 54.86s
2026-01-17 12:38:11,576 | INFO | Batch 110 | Loss: 0.8628 | Correct: 93/128 | Elapsed Time: 54.95s
2026-01-17 12:39:06,452 | INFO | Batch 120 | Loss: 0.9919 | Correct: 95/128 | Elapsed Time: 54.88s
2026-01-17 12:40:01,258 | INFO | Batch 130 | Loss: 1.2742 | Correct: 80/128 | Elapsed Time: 54.81s
2026-01-17 12:40:56,103 | INFO | Batch 140 | Loss: 0.9282 | Correct: 88/128 | Elapsed Time: 54.85s
2026-01-17 12:41:50,928 | INFO | Batch 150 | Loss: 0.8318 | Correct: 90/128 | Elapsed Time: 54.83s
2026-01-17 12:42:45,741 | INFO | Batch 160 | Loss: 1.1265 | Correct: 90/128 | Elapsed Time: 54.81s
2026-01-17 12:43:40,655 | INFO | Batch 170 | Loss: 1.0191 | Correct: 88/128 | Elapsed Time: 54.91s
2026-01-17 12:44:35,616 | INFO | Batch 180 | Loss: 1.1280 | Correct: 85/128 | Elapsed Time: 54.96s
2026-01-17 12:45:30,497 | INFO | Batch 190 | Loss: 0.8118 | Correct: 97/128 | Elapsed Time: 54.88s
2026-01-17 12:46:25,299 | INFO | Batch 200 | Loss: 0.9906 | Correct: 83/128 | Elapsed Time: 54.80s
2026-01-17 12:47:20,081 | INFO | Batch 210 | Loss: 0.7314 | Correct: 105/128 | Elapsed Time: 54.78s
2026-01-17 12:48:14,845 | INFO | Batch 220 | Loss: 0.9047 | Correct: 93/128 | Elapsed Time: 54.76s
2026-01-17 12:49:09,626 | INFO | Batch 230 | Loss: 0.9772 | Correct: 93/128 | Elapsed Time: 54.78s
2026-01-17 12:50:04,510 | INFO | Batch 240 | Loss: 0.9826 | Correct: 84/128 | Elapsed Time: 54.88s
2026-01-17 12:50:59,385 | INFO | Batch 250 | Loss: 1.2120 | Correct: 83/128 | Elapsed Time: 54.87s
2026-01-17 12:51:54,347 | INFO | Batch 260 | Loss: 0.9245 | Correct: 91/128 | Elapsed Time: 54.96s
2026-01-17 12:52:49,190 | INFO | Batch 270 | Loss: 1.2435 | Correct: 81/128 | Elapsed Time: 54.84s
2026-01-17 12:53:44,023 | INFO | Batch 280 | Loss: 1.1220 | Correct: 83/128 | Elapsed Time: 54.83s
2026-01-17 12:54:38,844 | INFO | Batch 290 | Loss: 1.3181 | Correct: 80/128 | Elapsed Time: 54.82s
2026-01-17 12:55:33,734 | INFO | Batch 300 | Loss: 1.1235 | Correct: 83/128 | Elapsed Time: 54.89s
2026-01-17 12:56:28,608 | INFO | Batch 310 | Loss: 1.0700 | Correct: 88/128 | Elapsed Time: 54.87s
2026-01-17 12:57:23,460 | INFO | Batch 320 | Loss: 0.8734 | Correct: 89/128 | Elapsed Time: 54.85s
2026-01-17 12:58:18,370 | INFO | Batch 330 | Loss: 0.9524 | Correct: 91/128 | Elapsed Time: 54.91s
2026-01-17 12:59:13,227 | INFO | Batch 340 | Loss: 0.8949 | Correct: 100/128 | Elapsed Time: 54.86s
2026-01-17 13:00:08,109 | INFO | Batch 350 | Loss: 0.9022 | Correct: 91/128 | Elapsed Time: 54.88s
2026-01-17 13:01:02,966 | INFO | Batch 360 | Loss: 0.9384 | Correct: 96/128 | Elapsed Time: 54.86s
2026-01-17 13:01:57,811 | INFO | Batch 370 | Loss: 1.0729 | Correct: 91/128 | Elapsed Time: 54.84s
2026-01-17 13:02:52,616 | INFO | Batch 380 | Loss: 1.0614 | Correct: 77/128 | Elapsed Time: 54.81s
2026-01-17 13:03:47,438 | INFO | Batch 390 | Loss: 0.9892 | Correct: 90/128 | Elapsed Time: 54.82s
2026-01-17 13:03:50,963 | INFO | Epoch [27/100] - Loss: 0.9528 | Correct: 35626/50000 (71.25%, 2143.05s)
2026-01-17 13:06:45,321 | INFO | Validation - Loss: 1.7875 | Top1: 5650/10000 (56.50%) | Top5: 8325/10000 (83.25%) (174.36s)
2026-01-17 13:06:46,052 | INFO | New best model saved at epoch 27 with Top1 Acc: 56.50% (Top5: 83.25%)
2026-01-17 13:07:40,909 | INFO | Batch 10 | Loss: 0.8107 | Correct: 101/128 | Elapsed Time: 54.86s
2026-01-17 13:08:35,720 | INFO | Batch 20 | Loss: 0.6458 | Correct: 100/128 | Elapsed Time: 54.81s
2026-01-17 13:09:30,551 | INFO | Batch 30 | Loss: 0.9499 | Correct: 94/128 | Elapsed Time: 54.83s
2026-01-17 13:10:25,411 | INFO | Batch 40 | Loss: 0.8524 | Correct: 92/128 | Elapsed Time: 54.86s
2026-01-17 13:11:20,239 | INFO | Batch 50 | Loss: 0.9973 | Correct: 95/128 | Elapsed Time: 54.83s
2026-01-17 13:12:15,148 | INFO | Batch 60 | Loss: 0.7109 | Correct: 101/128 | Elapsed Time: 54.91s
2026-01-17 13:13:10,019 | INFO | Batch 70 | Loss: 0.7806 | Correct: 98/128 | Elapsed Time: 54.87s
2026-01-17 13:14:04,960 | INFO | Batch 80 | Loss: 0.8501 | Correct: 92/128 | Elapsed Time: 54.94s
2026-01-17 13:14:59,755 | INFO | Batch 90 | Loss: 0.9576 | Correct: 90/128 | Elapsed Time: 54.79s
2026-01-17 13:15:54,593 | INFO | Batch 100 | Loss: 0.8570 | Correct: 94/128 | Elapsed Time: 54.84s
2026-01-17 13:16:49,434 | INFO | Batch 110 | Loss: 0.9022 | Correct: 90/128 | Elapsed Time: 54.84s
2026-01-17 13:17:44,230 | INFO | Batch 120 | Loss: 1.1009 | Correct: 84/128 | Elapsed Time: 54.80s
2026-01-17 13:18:39,054 | INFO | Batch 130 | Loss: 0.9654 | Correct: 93/128 | Elapsed Time: 54.82s
2026-01-17 13:19:33,889 | INFO | Batch 140 | Loss: 0.8074 | Correct: 93/128 | Elapsed Time: 54.84s
2026-01-17 13:20:28,726 | INFO | Batch 150 | Loss: 1.0191 | Correct: 90/128 | Elapsed Time: 54.84s
2026-01-17 13:21:23,716 | INFO | Batch 160 | Loss: 1.1700 | Correct: 82/128 | Elapsed Time: 54.99s
2026-01-17 13:22:18,524 | INFO | Batch 170 | Loss: 0.8710 | Correct: 97/128 | Elapsed Time: 54.81s
2026-01-17 13:23:13,397 | INFO | Batch 180 | Loss: 1.0400 | Correct: 88/128 | Elapsed Time: 54.87s
2026-01-17 13:24:08,248 | INFO | Batch 190 | Loss: 0.8318 | Correct: 86/128 | Elapsed Time: 54.85s
2026-01-17 13:25:03,086 | INFO | Batch 200 | Loss: 1.1114 | Correct: 80/128 | Elapsed Time: 54.84s
2026-01-17 13:25:57,976 | INFO | Batch 210 | Loss: 1.0082 | Correct: 84/128 | Elapsed Time: 54.89s
2026-01-17 13:26:52,846 | INFO | Batch 220 | Loss: 0.9602 | Correct: 88/128 | Elapsed Time: 54.87s
2026-01-17 13:27:47,713 | INFO | Batch 230 | Loss: 0.7081 | Correct: 96/128 | Elapsed Time: 54.87s
2026-01-17 13:28:42,644 | INFO | Batch 240 | Loss: 1.0358 | Correct: 89/128 | Elapsed Time: 54.93s
2026-01-17 13:29:37,441 | INFO | Batch 250 | Loss: 1.0123 | Correct: 94/128 | Elapsed Time: 54.80s
2026-01-17 13:30:32,271 | INFO | Batch 260 | Loss: 1.0082 | Correct: 90/128 | Elapsed Time: 54.83s
2026-01-17 13:31:27,086 | INFO | Batch 270 | Loss: 1.0123 | Correct: 91/128 | Elapsed Time: 54.81s
2026-01-17 13:32:21,913 | INFO | Batch 280 | Loss: 1.0571 | Correct: 86/128 | Elapsed Time: 54.83s
2026-01-17 13:33:16,750 | INFO | Batch 290 | Loss: 0.9232 | Correct: 93/128 | Elapsed Time: 54.84s
2026-01-17 13:34:11,540 | INFO | Batch 300 | Loss: 0.9550 | Correct: 92/128 | Elapsed Time: 54.79s
2026-01-17 13:35:06,319 | INFO | Batch 310 | Loss: 1.0164 | Correct: 88/128 | Elapsed Time: 54.78s
2026-01-17 13:36:01,222 | INFO | Batch 320 | Loss: 0.8925 | Correct: 88/128 | Elapsed Time: 54.90s
2026-01-17 13:36:56,085 | INFO | Batch 330 | Loss: 1.0164 | Correct: 93/128 | Elapsed Time: 54.86s
2026-01-17 13:37:50,928 | INFO | Batch 340 | Loss: 0.7384 | Correct: 102/128 | Elapsed Time: 54.84s
2026-01-17 13:38:45,811 | INFO | Batch 350 | Loss: 0.9772 | Correct: 92/128 | Elapsed Time: 54.88s
2026-01-17 13:39:40,731 | INFO | Batch 360 | Loss: 1.1669 | Correct: 86/128 | Elapsed Time: 54.92s
2026-01-17 13:40:35,621 | INFO | Batch 370 | Loss: 1.1024 | Correct: 87/128 | Elapsed Time: 54.89s
2026-01-17 13:41:30,488 | INFO | Batch 380 | Loss: 1.1099 | Correct: 84/128 | Elapsed Time: 54.87s
2026-01-17 13:42:25,466 | INFO | Batch 390 | Loss: 0.9295 | Correct: 90/128 | Elapsed Time: 54.98s
2026-01-17 13:42:28,984 | INFO | Epoch [28/100] - Loss: 0.9209 | Correct: 36028/50000 (72.06%, 2142.93s)
2026-01-17 13:45:23,315 | INFO | Validation - Loss: 1.8490 | Top1: 5531/10000 (55.31%) | Top5: 8337/10000 (83.37%) (174.33s)
2026-01-17 13:46:18,219 | INFO | Batch 10 | Loss: 0.9071 | Correct: 93/128 | Elapsed Time: 54.90s
2026-01-17 13:47:13,153 | INFO | Batch 20 | Loss: 0.9422 | Correct: 91/128 | Elapsed Time: 54.93s
2026-01-17 13:48:08,022 | INFO | Batch 30 | Loss: 1.1084 | Correct: 80/128 | Elapsed Time: 54.87s
2026-01-17 13:49:02,936 | INFO | Batch 40 | Loss: 0.9158 | Correct: 93/128 | Elapsed Time: 54.91s
2026-01-17 13:49:57,832 | INFO | Batch 50 | Loss: 0.9010 | Correct: 97/128 | Elapsed Time: 54.90s
2026-01-17 13:50:52,672 | INFO | Batch 60 | Loss: 0.7597 | Correct: 99/128 | Elapsed Time: 54.84s
2026-01-17 13:51:47,655 | INFO | Batch 70 | Loss: 0.9499 | Correct: 88/128 | Elapsed Time: 54.98s
2026-01-17 13:52:42,493 | INFO | Batch 80 | Loss: 0.7607 | Correct: 105/128 | Elapsed Time: 54.84s
2026-01-17 13:53:37,355 | INFO | Batch 90 | Loss: 0.8352 | Correct: 96/128 | Elapsed Time: 54.86s
2026-01-17 13:54:32,231 | INFO | Batch 100 | Loss: 0.5579 | Correct: 109/128 | Elapsed Time: 54.88s
2026-01-17 13:55:27,144 | INFO | Batch 110 | Loss: 0.9384 | Correct: 95/128 | Elapsed Time: 54.91s
2026-01-17 13:56:21,978 | INFO | Batch 120 | Loss: 0.7987 | Correct: 95/128 | Elapsed Time: 54.83s
2026-01-17 13:57:16,809 | INFO | Batch 130 | Loss: 0.7556 | Correct: 95/128 | Elapsed Time: 54.83s
2026-01-17 13:58:11,695 | INFO | Batch 140 | Loss: 0.8285 | Correct: 93/128 | Elapsed Time: 54.89s
2026-01-17 13:59:06,687 | INFO | Batch 150 | Loss: 0.9759 | Correct: 84/128 | Elapsed Time: 54.99s
2026-01-17 14:00:01,544 | INFO | Batch 160 | Loss: 0.7649 | Correct: 101/128 | Elapsed Time: 54.86s
2026-01-17 14:00:56,326 | INFO | Batch 170 | Loss: 0.9345 | Correct: 90/128 | Elapsed Time: 54.78s
2026-01-17 14:01:51,105 | INFO | Batch 180 | Loss: 0.9084 | Correct: 88/128 | Elapsed Time: 54.78s
2026-01-17 14:02:45,954 | INFO | Batch 190 | Loss: 0.9799 | Correct: 90/128 | Elapsed Time: 54.85s
2026-01-17 14:03:40,783 | INFO | Batch 200 | Loss: 0.8722 | Correct: 92/128 | Elapsed Time: 54.83s
2026-01-17 14:04:35,572 | INFO | Batch 210 | Loss: 0.9812 | Correct: 92/128 | Elapsed Time: 54.79s
2026-01-17 14:05:30,428 | INFO | Batch 220 | Loss: 0.9589 | Correct: 87/128 | Elapsed Time: 54.86s
2026-01-17 14:06:25,338 | INFO | Batch 230 | Loss: 0.8998 | Correct: 93/128 | Elapsed Time: 54.91s
2026-01-17 14:07:20,162 | INFO | Batch 240 | Loss: 0.9473 | Correct: 85/128 | Elapsed Time: 54.82s
2026-01-17 14:08:14,984 | INFO | Batch 250 | Loss: 0.8581 | Correct: 98/128 | Elapsed Time: 54.82s
2026-01-17 14:09:09,785 | INFO | Batch 260 | Loss: 1.1342 | Correct: 84/128 | Elapsed Time: 54.80s
2026-01-17 14:10:04,611 | INFO | Batch 270 | Loss: 0.7454 | Correct: 101/128 | Elapsed Time: 54.83s
2026-01-17 14:10:59,392 | INFO | Batch 280 | Loss: 0.8949 | Correct: 92/128 | Elapsed Time: 54.78s
2026-01-17 14:11:54,215 | INFO | Batch 290 | Loss: 1.0274 | Correct: 88/128 | Elapsed Time: 54.82s
2026-01-17 14:12:49,177 | INFO | Batch 300 | Loss: 0.8273 | Correct: 97/128 | Elapsed Time: 54.96s
2026-01-17 14:13:44,044 | INFO | Batch 310 | Loss: 0.8925 | Correct: 93/128 | Elapsed Time: 54.87s
2026-01-17 14:14:38,848 | INFO | Batch 320 | Loss: 0.7848 | Correct: 100/128 | Elapsed Time: 54.80s
2026-01-17 14:15:33,703 | INFO | Batch 330 | Loss: 0.7891 | Correct: 100/128 | Elapsed Time: 54.85s
2026-01-17 14:16:28,542 | INFO | Batch 340 | Loss: 1.1812 | Correct: 91/128 | Elapsed Time: 54.84s
2026-01-17 14:17:23,354 | INFO | Batch 350 | Loss: 0.8547 | Correct: 97/128 | Elapsed Time: 54.81s
2026-01-17 14:18:18,234 | INFO | Batch 360 | Loss: 0.9959 | Correct: 92/128 | Elapsed Time: 54.88s
2026-01-17 14:19:13,126 | INFO | Batch 370 | Loss: 1.0643 | Correct: 90/128 | Elapsed Time: 54.89s
2026-01-17 14:20:08,034 | INFO | Batch 380 | Loss: 0.9628 | Correct: 95/128 | Elapsed Time: 54.91s
2026-01-17 14:21:02,808 | INFO | Batch 390 | Loss: 0.8877 | Correct: 96/128 | Elapsed Time: 54.77s
2026-01-17 14:21:06,363 | INFO | Epoch [29/100] - Loss: 0.8931 | Correct: 36452/50000 (72.90%, 2143.05s)
2026-01-17 14:24:00,194 | INFO | Validation - Loss: 1.7878 | Top1: 5694/10000 (56.94%) | Top5: 8400/10000 (84.00%) (173.83s)
2026-01-17 14:24:00,928 | INFO | New best model saved at epoch 29 with Top1 Acc: 56.94% (Top5: 84.00%)
2026-01-17 14:24:55,850 | INFO | Batch 10 | Loss: 0.6892 | Correct: 96/128 | Elapsed Time: 54.92s
2026-01-17 14:25:50,756 | INFO | Batch 20 | Loss: 0.8853 | Correct: 96/128 | Elapsed Time: 54.91s
2026-01-17 14:26:45,583 | INFO | Batch 30 | Loss: 0.7848 | Correct: 95/128 | Elapsed Time: 54.83s
2026-01-17 14:27:40,416 | INFO | Batch 40 | Loss: 0.6226 | Correct: 106/128 | Elapsed Time: 54.83s
2026-01-17 14:28:35,208 | INFO | Batch 50 | Loss: 0.8961 | Correct: 100/128 | Elapsed Time: 54.79s
2026-01-17 14:29:30,157 | INFO | Batch 60 | Loss: 0.7295 | Correct: 96/128 | Elapsed Time: 54.95s
2026-01-17 14:30:25,000 | INFO | Batch 70 | Loss: 0.7690 | Correct: 98/128 | Elapsed Time: 54.84s
2026-01-17 14:31:19,870 | INFO | Batch 80 | Loss: 0.7206 | Correct: 101/128 | Elapsed Time: 54.87s
2026-01-17 14:32:14,711 | INFO | Batch 90 | Loss: 0.7081 | Correct: 102/128 | Elapsed Time: 54.84s
2026-01-17 14:33:09,549 | INFO | Batch 100 | Loss: 0.9308 | Correct: 96/128 | Elapsed Time: 54.84s
2026-01-17 14:34:04,359 | INFO | Batch 110 | Loss: 0.8841 | Correct: 96/128 | Elapsed Time: 54.81s
2026-01-17 14:34:59,173 | INFO | Batch 120 | Loss: 0.8986 | Correct: 96/128 | Elapsed Time: 54.81s
2026-01-17 14:35:54,148 | INFO | Batch 130 | Loss: 0.8877 | Correct: 92/128 | Elapsed Time: 54.98s
2026-01-17 14:36:49,012 | INFO | Batch 140 | Loss: 0.8229 | Correct: 97/128 | Elapsed Time: 54.86s
2026-01-17 14:37:43,833 | INFO | Batch 150 | Loss: 0.9232 | Correct: 92/128 | Elapsed Time: 54.82s
2026-01-17 14:38:38,655 | INFO | Batch 160 | Loss: 1.0542 | Correct: 87/128 | Elapsed Time: 54.82s
2026-01-17 14:39:33,459 | INFO | Batch 170 | Loss: 0.8961 | Correct: 92/128 | Elapsed Time: 54.80s
2026-01-17 14:40:28,263 | INFO | Batch 180 | Loss: 0.7827 | Correct: 99/128 | Elapsed Time: 54.80s
2026-01-17 14:41:23,086 | INFO | Batch 190 | Loss: 0.7434 | Correct: 104/128 | Elapsed Time: 54.82s
2026-01-17 14:42:17,914 | INFO | Batch 200 | Loss: 0.7859 | Correct: 96/128 | Elapsed Time: 54.83s
2026-01-17 14:43:12,894 | INFO | Batch 210 | Loss: 0.8593 | Correct: 95/128 | Elapsed Time: 54.98s
2026-01-17 14:44:07,763 | INFO | Batch 220 | Loss: 0.8593 | Correct: 93/128 | Elapsed Time: 54.87s
2026-01-17 14:45:02,610 | INFO | Batch 230 | Loss: 1.0302 | Correct: 84/128 | Elapsed Time: 54.85s
2026-01-17 14:45:57,482 | INFO | Batch 240 | Loss: 1.0014 | Correct: 92/128 | Elapsed Time: 54.87s
2026-01-17 14:46:52,349 | INFO | Batch 250 | Loss: 0.9473 | Correct: 93/128 | Elapsed Time: 54.87s
2026-01-17 14:47:47,202 | INFO | Batch 260 | Loss: 0.9371 | Correct: 93/128 | Elapsed Time: 54.85s
2026-01-17 14:48:41,999 | INFO | Batch 270 | Loss: 0.8162 | Correct: 94/128 | Elapsed Time: 54.80s
2026-01-17 14:49:36,951 | INFO | Batch 280 | Loss: 0.8052 | Correct: 95/128 | Elapsed Time: 54.95s
2026-01-17 14:50:31,791 | INFO | Batch 290 | Loss: 0.9096 | Correct: 91/128 | Elapsed Time: 54.84s
2026-01-17 14:51:26,621 | INFO | Batch 300 | Loss: 0.8710 | Correct: 96/128 | Elapsed Time: 54.83s
2026-01-17 14:52:21,419 | INFO | Batch 310 | Loss: 0.9959 | Correct: 86/128 | Elapsed Time: 54.80s
2026-01-17 14:53:16,221 | INFO | Batch 320 | Loss: 1.0000 | Correct: 88/128 | Elapsed Time: 54.80s
2026-01-17 14:54:11,059 | INFO | Batch 330 | Loss: 0.9499 | Correct: 95/128 | Elapsed Time: 54.84s
2026-01-17 14:55:05,951 | INFO | Batch 340 | Loss: 1.0219 | Correct: 88/128 | Elapsed Time: 54.89s
2026-01-17 14:56:00,752 | INFO | Batch 350 | Loss: 1.2152 | Correct: 84/128 | Elapsed Time: 54.80s
2026-01-17 14:56:55,654 | INFO | Batch 360 | Loss: 0.9422 | Correct: 89/128 | Elapsed Time: 54.90s
2026-01-17 14:57:50,492 | INFO | Batch 370 | Loss: 1.0671 | Correct: 86/128 | Elapsed Time: 54.84s
2026-01-17 14:58:45,290 | INFO | Batch 380 | Loss: 0.9047 | Correct: 88/128 | Elapsed Time: 54.80s
2026-01-17 14:59:40,120 | INFO | Batch 390 | Loss: 0.7998 | Correct: 98/128 | Elapsed Time: 54.83s
2026-01-17 14:59:43,648 | INFO | Epoch [30/100] - Loss: 0.8712 | Correct: 36818/50000 (73.64%, 2142.72s)
2026-01-17 15:02:37,760 | INFO | Validation - Loss: 1.7985 | Top1: 5655/10000 (56.55%) | Top5: 8302/10000 (83.02%) (174.11s)
2026-01-17 15:03:32,606 | INFO | Batch 10 | Loss: 0.6406 | Correct: 103/128 | Elapsed Time: 54.84s
2026-01-17 15:04:27,405 | INFO | Batch 20 | Loss: 0.6707 | Correct: 102/128 | Elapsed Time: 54.80s
2026-01-17 15:05:22,276 | INFO | Batch 30 | Loss: 0.8386 | Correct: 94/128 | Elapsed Time: 54.87s
2026-01-17 15:06:17,180 | INFO | Batch 40 | Loss: 0.8409 | Correct: 94/128 | Elapsed Time: 54.90s
2026-01-17 15:07:11,986 | INFO | Batch 50 | Loss: 0.8107 | Correct: 102/128 | Elapsed Time: 54.81s
2026-01-17 15:08:06,795 | INFO | Batch 60 | Loss: 0.6277 | Correct: 108/128 | Elapsed Time: 54.81s
2026-01-17 15:09:01,582 | INFO | Batch 70 | Loss: 0.6920 | Correct: 103/128 | Elapsed Time: 54.79s
2026-01-17 15:09:56,400 | INFO | Batch 80 | Loss: 0.6744 | Correct: 101/128 | Elapsed Time: 54.82s
2026-01-17 15:10:51,236 | INFO | Batch 90 | Loss: 0.7649 | Correct: 95/128 | Elapsed Time: 54.84s
2026-01-17 15:11:46,065 | INFO | Batch 100 | Loss: 0.8663 | Correct: 92/128 | Elapsed Time: 54.83s
2026-01-17 15:12:40,883 | INFO | Batch 110 | Loss: 0.8889 | Correct: 98/128 | Elapsed Time: 54.82s
2026-01-17 15:13:35,852 | INFO | Batch 120 | Loss: 0.8535 | Correct: 94/128 | Elapsed Time: 54.97s
2026-01-17 15:14:30,672 | INFO | Batch 130 | Loss: 0.9576 | Correct: 93/128 | Elapsed Time: 54.82s
2026-01-17 15:15:25,652 | INFO | Batch 140 | Loss: 0.6320 | Correct: 103/128 | Elapsed Time: 54.98s
2026-01-17 15:16:20,557 | INFO | Batch 150 | Loss: 0.7444 | Correct: 93/128 | Elapsed Time: 54.90s
2026-01-17 15:17:15,425 | INFO | Batch 160 | Loss: 0.7052 | Correct: 98/128 | Elapsed Time: 54.87s
2026-01-17 15:18:10,236 | INFO | Batch 170 | Loss: 0.8375 | Correct: 97/128 | Elapsed Time: 54.81s
2026-01-17 15:19:05,054 | INFO | Batch 180 | Loss: 0.7324 | Correct: 95/128 | Elapsed Time: 54.82s
2026-01-17 15:20:00,014 | INFO | Batch 190 | Loss: 0.9108 | Correct: 93/128 | Elapsed Time: 54.96s
2026-01-17 15:20:54,818 | INFO | Batch 200 | Loss: 0.9473 | Correct: 82/128 | Elapsed Time: 54.80s
2026-01-17 15:21:49,577 | INFO | Batch 210 | Loss: 0.7525 | Correct: 100/128 | Elapsed Time: 54.76s
2026-01-17 15:22:44,403 | INFO | Batch 220 | Loss: 0.8734 | Correct: 94/128 | Elapsed Time: 54.83s
2026-01-17 15:23:39,244 | INFO | Batch 230 | Loss: 0.6985 | Correct: 96/128 | Elapsed Time: 54.84s
2026-01-17 15:24:34,038 | INFO | Batch 240 | Loss: 0.7119 | Correct: 97/128 | Elapsed Time: 54.79s
2026-01-17 15:25:28,900 | INFO | Batch 250 | Loss: 0.9232 | Correct: 90/128 | Elapsed Time: 54.86s
2026-01-17 15:26:23,705 | INFO | Batch 260 | Loss: 1.0219 | Correct: 92/128 | Elapsed Time: 54.80s
2026-01-17 15:27:18,625 | INFO | Batch 270 | Loss: 0.9434 | Correct: 89/128 | Elapsed Time: 54.92s
2026-01-17 15:28:13,409 | INFO | Batch 280 | Loss: 0.6076 | Correct: 104/128 | Elapsed Time: 54.78s
2026-01-17 15:29:08,232 | INFO | Batch 290 | Loss: 0.8829 | Correct: 95/128 | Elapsed Time: 54.82s
2026-01-17 15:30:03,061 | INFO | Batch 300 | Loss: 1.0150 | Correct: 85/128 | Elapsed Time: 54.83s
2026-01-17 15:30:57,849 | INFO | Batch 310 | Loss: 0.9320 | Correct: 89/128 | Elapsed Time: 54.79s
2026-01-17 15:31:52,699 | INFO | Batch 320 | Loss: 1.0802 | Correct: 85/128 | Elapsed Time: 54.85s
2026-01-17 15:32:47,567 | INFO | Batch 330 | Loss: 0.7933 | Correct: 101/128 | Elapsed Time: 54.87s
2026-01-17 15:33:42,445 | INFO | Batch 340 | Loss: 0.8478 | Correct: 95/128 | Elapsed Time: 54.88s
2026-01-17 15:34:37,399 | INFO | Batch 350 | Loss: 0.9108 | Correct: 92/128 | Elapsed Time: 54.95s
2026-01-17 15:35:32,414 | INFO | Batch 360 | Loss: 1.0261 | Correct: 82/128 | Elapsed Time: 55.01s
2026-01-17 15:36:27,238 | INFO | Batch 370 | Loss: 0.9866 | Correct: 90/128 | Elapsed Time: 54.82s
2026-01-17 15:37:22,088 | INFO | Batch 380 | Loss: 0.8240 | Correct: 98/128 | Elapsed Time: 54.85s
2026-01-17 15:38:16,890 | INFO | Batch 390 | Loss: 0.9946 | Correct: 89/128 | Elapsed Time: 54.80s
2026-01-17 15:38:20,415 | INFO | Epoch [31/100] - Loss: 0.8460 | Correct: 37109/50000 (74.22%, 2142.65s)
2026-01-17 15:41:14,537 | INFO | Validation - Loss: 1.8679 | Top1: 5632/10000 (56.32%) | Top5: 8303/10000 (83.03%) (174.12s)
2026-01-17 15:42:09,400 | INFO | Batch 10 | Loss: 0.7004 | Correct: 102/128 | Elapsed Time: 54.86s
2026-01-17 15:43:04,278 | INFO | Batch 20 | Loss: 0.6277 | Correct: 99/128 | Elapsed Time: 54.88s
2026-01-17 15:43:59,159 | INFO | Batch 30 | Loss: 0.7495 | Correct: 98/128 | Elapsed Time: 54.88s
2026-01-17 15:44:54,001 | INFO | Batch 40 | Loss: 0.7732 | Correct: 95/128 | Elapsed Time: 54.84s
2026-01-17 15:45:48,834 | INFO | Batch 50 | Loss: 0.6671 | Correct: 99/128 | Elapsed Time: 54.83s
2026-01-17 15:46:43,649 | INFO | Batch 60 | Loss: 0.7255 | Correct: 103/128 | Elapsed Time: 54.81s
2026-01-17 15:47:38,456 | INFO | Batch 70 | Loss: 0.8651 | Correct: 94/128 | Elapsed Time: 54.81s
2026-01-17 15:48:33,271 | INFO | Batch 80 | Loss: 0.7495 | Correct: 99/128 | Elapsed Time: 54.81s
2026-01-17 15:49:28,227 | INFO | Batch 90 | Loss: 0.5962 | Correct: 107/128 | Elapsed Time: 54.96s
2026-01-17 15:50:23,045 | INFO | Batch 100 | Loss: 0.7275 | Correct: 96/128 | Elapsed Time: 54.82s
2026-01-17 15:51:17,856 | INFO | Batch 110 | Loss: 0.7880 | Correct: 93/128 | Elapsed Time: 54.81s
2026-01-17 15:52:12,798 | INFO | Batch 120 | Loss: 0.7434 | Correct: 94/128 | Elapsed Time: 54.94s
2026-01-17 15:53:07,677 | INFO | Batch 130 | Loss: 0.8184 | Correct: 97/128 | Elapsed Time: 54.88s
2026-01-17 15:54:02,481 | INFO | Batch 140 | Loss: 0.8195 | Correct: 93/128 | Elapsed Time: 54.80s
2026-01-17 15:54:57,273 | INFO | Batch 150 | Loss: 0.8285 | Correct: 99/128 | Elapsed Time: 54.79s
2026-01-17 15:55:52,134 | INFO | Batch 160 | Loss: 0.9486 | Correct: 94/128 | Elapsed Time: 54.86s
2026-01-17 15:56:47,046 | INFO | Batch 170 | Loss: 0.8273 | Correct: 96/128 | Elapsed Time: 54.91s
2026-01-17 15:57:41,862 | INFO | Batch 180 | Loss: 0.7109 | Correct: 96/128 | Elapsed Time: 54.82s
2026-01-17 15:58:36,683 | INFO | Batch 190 | Loss: 0.7597 | Correct: 99/128 | Elapsed Time: 54.82s
2026-01-17 15:59:31,508 | INFO | Batch 200 | Loss: 0.8173 | Correct: 100/128 | Elapsed Time: 54.83s
2026-01-17 16:00:26,347 | INFO | Batch 210 | Loss: 0.8375 | Correct: 96/128 | Elapsed Time: 54.84s
2026-01-17 16:01:21,206 | INFO | Batch 220 | Loss: 0.9170 | Correct: 88/128 | Elapsed Time: 54.86s
2026-01-17 16:02:16,088 | INFO | Batch 230 | Loss: 0.7485 | Correct: 100/128 | Elapsed Time: 54.88s
2026-01-17 16:03:11,029 | INFO | Batch 240 | Loss: 1.0014 | Correct: 85/128 | Elapsed Time: 54.94s
2026-01-17 16:04:05,879 | INFO | Batch 250 | Loss: 0.9295 | Correct: 91/128 | Elapsed Time: 54.85s
2026-01-17 16:05:00,720 | INFO | Batch 260 | Loss: 0.6608 | Correct: 102/128 | Elapsed Time: 54.84s
2026-01-17 16:05:55,560 | INFO | Batch 270 | Loss: 0.7384 | Correct: 98/128 | Elapsed Time: 54.84s
2026-01-17 16:06:50,409 | INFO | Batch 280 | Loss: 0.6626 | Correct: 104/128 | Elapsed Time: 54.85s
2026-01-17 16:07:45,255 | INFO | Batch 290 | Loss: 1.1342 | Correct: 82/128 | Elapsed Time: 54.85s
2026-01-17 16:08:40,178 | INFO | Batch 300 | Loss: 1.0095 | Correct: 87/128 | Elapsed Time: 54.92s
2026-01-17 16:09:35,043 | INFO | Batch 310 | Loss: 1.1388 | Correct: 81/128 | Elapsed Time: 54.87s
2026-01-17 16:10:29,988 | INFO | Batch 320 | Loss: 0.7923 | Correct: 93/128 | Elapsed Time: 54.94s
2026-01-17 16:11:24,849 | INFO | Batch 330 | Loss: 0.6929 | Correct: 104/128 | Elapsed Time: 54.86s
2026-01-17 16:12:19,735 | INFO | Batch 340 | Loss: 0.7987 | Correct: 94/128 | Elapsed Time: 54.89s
2026-01-17 16:13:14,604 | INFO | Batch 350 | Loss: 1.0802 | Correct: 91/128 | Elapsed Time: 54.87s
2026-01-17 16:14:09,415 | INFO | Batch 360 | Loss: 0.8251 | Correct: 97/128 | Elapsed Time: 54.81s
2026-01-17 16:15:04,254 | INFO | Batch 370 | Loss: 1.0400 | Correct: 91/128 | Elapsed Time: 54.84s
2026-01-17 16:15:59,150 | INFO | Batch 380 | Loss: 0.8478 | Correct: 96/128 | Elapsed Time: 54.90s
2026-01-17 16:16:53,994 | INFO | Batch 390 | Loss: 0.8581 | Correct: 92/128 | Elapsed Time: 54.84s
2026-01-17 16:16:57,514 | INFO | Epoch [32/100] - Loss: 0.8164 | Correct: 37472/50000 (74.94%, 2142.97s)
2026-01-17 16:19:51,609 | INFO | Validation - Loss: 1.9375 | Top1: 5581/10000 (55.81%) | Top5: 8292/10000 (82.92%) (174.10s)
2026-01-17 16:20:46,400 | INFO | Batch 10 | Loss: 0.5890 | Correct: 105/128 | Elapsed Time: 54.79s
2026-01-17 16:21:41,180 | INFO | Batch 20 | Loss: 0.9145 | Correct: 93/128 | Elapsed Time: 54.78s
2026-01-17 16:22:35,966 | INFO | Batch 30 | Loss: 0.6698 | Correct: 101/128 | Elapsed Time: 54.79s
2026-01-17 16:23:30,774 | INFO | Batch 40 | Loss: 0.8318 | Correct: 98/128 | Elapsed Time: 54.81s
2026-01-17 16:24:25,607 | INFO | Batch 50 | Loss: 0.6519 | Correct: 103/128 | Elapsed Time: 54.83s
2026-01-17 16:25:20,610 | INFO | Batch 60 | Loss: 0.7255 | Correct: 97/128 | Elapsed Time: 55.00s
2026-01-17 16:26:15,453 | INFO | Batch 70 | Loss: 0.6892 | Correct: 102/128 | Elapsed Time: 54.84s
2026-01-17 16:27:10,358 | INFO | Batch 80 | Loss: 0.6790 | Correct: 97/128 | Elapsed Time: 54.91s
2026-01-17 16:28:05,215 | INFO | Batch 90 | Loss: 0.6910 | Correct: 97/128 | Elapsed Time: 54.86s
2026-01-17 16:29:00,049 | INFO | Batch 100 | Loss: 0.8140 | Correct: 96/128 | Elapsed Time: 54.83s
2026-01-17 16:29:54,882 | INFO | Batch 110 | Loss: 0.7004 | Correct: 99/128 | Elapsed Time: 54.83s
2026-01-17 16:30:49,708 | INFO | Batch 120 | Loss: 0.7485 | Correct: 98/128 | Elapsed Time: 54.83s
2026-01-17 16:31:44,545 | INFO | Batch 130 | Loss: 0.7680 | Correct: 96/128 | Elapsed Time: 54.84s
2026-01-17 16:32:39,358 | INFO | Batch 140 | Loss: 0.8489 | Correct: 97/128 | Elapsed Time: 54.81s
2026-01-17 16:33:34,311 | INFO | Batch 150 | Loss: 0.8524 | Correct: 94/128 | Elapsed Time: 54.95s
2026-01-17 16:34:29,155 | INFO | Batch 160 | Loss: 0.8207 | Correct: 93/128 | Elapsed Time: 54.84s
2026-01-17 16:35:24,085 | INFO | Batch 170 | Loss: 0.6432 | Correct: 99/128 | Elapsed Time: 54.93s
2026-01-17 16:36:19,000 | INFO | Batch 180 | Loss: 0.6617 | Correct: 101/128 | Elapsed Time: 54.91s
2026-01-17 16:37:13,880 | INFO | Batch 190 | Loss: 0.8793 | Correct: 89/128 | Elapsed Time: 54.88s
2026-01-17 16:38:08,782 | INFO | Batch 200 | Loss: 0.7090 | Correct: 97/128 | Elapsed Time: 54.90s
2026-01-17 16:39:03,685 | INFO | Batch 210 | Loss: 0.7364 | Correct: 100/128 | Elapsed Time: 54.90s
2026-01-17 16:39:58,598 | INFO | Batch 220 | Loss: 0.8937 | Correct: 92/128 | Elapsed Time: 54.91s
2026-01-17 16:40:53,574 | INFO | Batch 230 | Loss: 0.8009 | Correct: 94/128 | Elapsed Time: 54.98s
2026-01-17 16:41:48,361 | INFO | Batch 240 | Loss: 0.7638 | Correct: 97/128 | Elapsed Time: 54.79s
2026-01-17 16:42:43,111 | INFO | Batch 250 | Loss: 0.9589 | Correct: 90/128 | Elapsed Time: 54.75s
2026-01-17 16:43:37,839 | INFO | Batch 260 | Loss: 0.9879 | Correct: 82/128 | Elapsed Time: 54.73s
2026-01-17 16:44:32,662 | INFO | Batch 270 | Loss: 0.8478 | Correct: 96/128 | Elapsed Time: 54.82s
2026-01-17 16:45:27,541 | INFO | Batch 280 | Loss: 0.8651 | Correct: 93/128 | Elapsed Time: 54.88s
2026-01-17 16:46:22,388 | INFO | Batch 290 | Loss: 0.8478 | Correct: 93/128 | Elapsed Time: 54.85s
2026-01-17 16:47:17,198 | INFO | Batch 300 | Loss: 1.0205 | Correct: 85/128 | Elapsed Time: 54.81s
2026-01-17 16:48:12,089 | INFO | Batch 310 | Loss: 0.9511 | Correct: 87/128 | Elapsed Time: 54.89s
2026-01-17 16:49:06,887 | INFO | Batch 320 | Loss: 0.9096 | Correct: 94/128 | Elapsed Time: 54.80s
2026-01-17 16:50:01,700 | INFO | Batch 330 | Loss: 0.9589 | Correct: 85/128 | Elapsed Time: 54.81s
2026-01-17 16:50:56,593 | INFO | Batch 340 | Loss: 0.8651 | Correct: 97/128 | Elapsed Time: 54.89s
2026-01-17 16:51:51,444 | INFO | Batch 350 | Loss: 0.7071 | Correct: 100/128 | Elapsed Time: 54.85s
2026-01-17 16:52:46,271 | INFO | Batch 360 | Loss: 1.0643 | Correct: 87/128 | Elapsed Time: 54.83s
2026-01-17 16:53:41,157 | INFO | Batch 370 | Loss: 0.6901 | Correct: 100/128 | Elapsed Time: 54.89s
2026-01-17 16:54:35,988 | INFO | Batch 380 | Loss: 0.8096 | Correct: 93/128 | Elapsed Time: 54.83s
2026-01-17 16:55:31,155 | INFO | Batch 390 | Loss: 1.1465 | Correct: 89/128 | Elapsed Time: 55.17s
2026-01-17 16:55:34,688 | INFO | Epoch [33/100] - Loss: 0.7943 | Correct: 37804/50000 (75.61%, 2143.08s)
2026-01-17 16:58:28,933 | INFO | Validation - Loss: 1.8738 | Top1: 5716/10000 (57.16%) | Top5: 8333/10000 (83.33%) (174.24s)
2026-01-17 16:58:29,664 | INFO | New best model saved at epoch 33 with Top1 Acc: 57.16% (Top5: 83.33%)
2026-01-17 16:59:24,529 | INFO | Batch 10 | Loss: 0.7404 | Correct: 102/128 | Elapsed Time: 54.86s
2026-01-17 17:00:19,391 | INFO | Batch 20 | Loss: 0.8925 | Correct: 90/128 | Elapsed Time: 54.86s
2026-01-17 17:01:14,283 | INFO | Batch 30 | Loss: 0.6845 | Correct: 104/128 | Elapsed Time: 54.89s
2026-01-17 17:02:09,108 | INFO | Batch 40 | Loss: 0.6294 | Correct: 105/128 | Elapsed Time: 54.83s
2026-01-17 17:03:03,913 | INFO | Batch 50 | Loss: 0.6311 | Correct: 106/128 | Elapsed Time: 54.81s
2026-01-17 17:03:58,889 | INFO | Batch 60 | Loss: 0.6845 | Correct: 105/128 | Elapsed Time: 54.98s
2026-01-17 17:04:53,706 | INFO | Batch 70 | Loss: 0.6726 | Correct: 99/128 | Elapsed Time: 54.82s
2026-01-17 17:05:48,600 | INFO | Batch 80 | Loss: 0.6432 | Correct: 102/128 | Elapsed Time: 54.89s
2026-01-17 17:06:43,467 | INFO | Batch 90 | Loss: 0.5423 | Correct: 107/128 | Elapsed Time: 54.87s
2026-01-17 17:07:38,278 | INFO | Batch 100 | Loss: 0.6790 | Correct: 95/128 | Elapsed Time: 54.81s
2026-01-17 17:08:33,081 | INFO | Batch 110 | Loss: 0.7364 | Correct: 102/128 | Elapsed Time: 54.80s
2026-01-17 17:09:27,907 | INFO | Batch 120 | Loss: 0.9812 | Correct: 85/128 | Elapsed Time: 54.83s
2026-01-17 17:10:22,846 | INFO | Batch 130 | Loss: 0.6985 | Correct: 101/128 | Elapsed Time: 54.94s
2026-01-17 17:11:17,631 | INFO | Batch 140 | Loss: 0.5922 | Correct: 103/128 | Elapsed Time: 54.79s
2026-01-17 17:12:12,467 | INFO | Batch 150 | Loss: 0.8207 | Correct: 94/128 | Elapsed Time: 54.84s
2026-01-17 17:13:07,307 | INFO | Batch 160 | Loss: 0.8769 | Correct: 91/128 | Elapsed Time: 54.84s
2026-01-17 17:14:02,117 | INFO | Batch 170 | Loss: 0.7944 | Correct: 96/128 | Elapsed Time: 54.81s
2026-01-17 17:14:56,942 | INFO | Batch 180 | Loss: 0.9589 | Correct: 88/128 | Elapsed Time: 54.82s
2026-01-17 17:15:51,796 | INFO | Batch 190 | Loss: 1.0400 | Correct: 88/128 | Elapsed Time: 54.85s
2026-01-17 17:16:46,544 | INFO | Batch 200 | Loss: 0.8593 | Correct: 95/128 | Elapsed Time: 54.75s
2026-01-17 17:17:41,445 | INFO | Batch 210 | Loss: 0.8031 | Correct: 96/128 | Elapsed Time: 54.90s
2026-01-17 17:18:36,234 | INFO | Batch 220 | Loss: 0.6528 | Correct: 100/128 | Elapsed Time: 54.79s
2026-01-17 17:19:31,065 | INFO | Batch 230 | Loss: 1.1144 | Correct: 86/128 | Elapsed Time: 54.83s
2026-01-17 17:20:25,892 | INFO | Batch 240 | Loss: 0.7424 | Correct: 100/128 | Elapsed Time: 54.83s
2026-01-17 17:21:20,673 | INFO | Batch 250 | Loss: 0.7275 | Correct: 101/128 | Elapsed Time: 54.78s
2026-01-17 17:22:15,540 | INFO | Batch 260 | Loss: 0.9121 | Correct: 94/128 | Elapsed Time: 54.87s
2026-01-17 17:23:10,394 | INFO | Batch 270 | Loss: 0.8710 | Correct: 91/128 | Elapsed Time: 54.85s
2026-01-17 17:24:05,178 | INFO | Batch 280 | Loss: 0.6414 | Correct: 100/128 | Elapsed Time: 54.78s
2026-01-17 17:25:00,043 | INFO | Batch 290 | Loss: 0.8829 | Correct: 96/128 | Elapsed Time: 54.87s
2026-01-17 17:25:54,907 | INFO | Batch 300 | Loss: 0.8781 | Correct: 91/128 | Elapsed Time: 54.86s
2026-01-17 17:26:49,710 | INFO | Batch 310 | Loss: 0.8009 | Correct: 94/128 | Elapsed Time: 54.80s
2026-01-17 17:27:44,554 | INFO | Batch 320 | Loss: 1.0178 | Correct: 85/128 | Elapsed Time: 54.84s
2026-01-17 17:28:39,414 | INFO | Batch 330 | Loss: 0.9576 | Correct: 83/128 | Elapsed Time: 54.86s
2026-01-17 17:29:34,349 | INFO | Batch 340 | Loss: 0.7295 | Correct: 101/128 | Elapsed Time: 54.94s
2026-01-17 17:30:29,173 | INFO | Batch 350 | Loss: 0.9245 | Correct: 92/128 | Elapsed Time: 54.82s
2026-01-17 17:31:24,141 | INFO | Batch 360 | Loss: 0.8675 | Correct: 94/128 | Elapsed Time: 54.97s
2026-01-17 17:32:18,987 | INFO | Batch 370 | Loss: 0.9207 | Correct: 91/128 | Elapsed Time: 54.85s
2026-01-17 17:33:13,784 | INFO | Batch 380 | Loss: 0.8074 | Correct: 93/128 | Elapsed Time: 54.80s
2026-01-17 17:34:08,587 | INFO | Batch 390 | Loss: 0.8195 | Correct: 93/128 | Elapsed Time: 54.80s
2026-01-17 17:34:12,101 | INFO | Epoch [34/100] - Loss: 0.7714 | Correct: 38057/50000 (76.11%, 2142.44s)
2026-01-17 17:37:06,219 | INFO | Validation - Loss: 1.9254 | Top1: 5581/10000 (55.81%) | Top5: 8253/10000 (82.53%) (174.12s)
2026-01-17 17:38:01,036 | INFO | Batch 10 | Loss: 0.5527 | Correct: 105/128 | Elapsed Time: 54.81s
2026-01-17 17:38:55,894 | INFO | Batch 20 | Loss: 0.5978 | Correct: 102/128 | Elapsed Time: 54.86s
2026-01-17 17:39:50,832 | INFO | Batch 30 | Loss: 0.6845 | Correct: 96/128 | Elapsed Time: 54.94s
2026-01-17 17:40:45,662 | INFO | Batch 40 | Loss: 0.6397 | Correct: 99/128 | Elapsed Time: 54.83s
2026-01-17 17:41:40,526 | INFO | Batch 50 | Loss: 0.7245 | Correct: 98/128 | Elapsed Time: 54.86s
2026-01-17 17:42:35,356 | INFO | Batch 60 | Loss: 0.6362 | Correct: 105/128 | Elapsed Time: 54.83s
2026-01-17 17:43:30,307 | INFO | Batch 70 | Loss: 0.6644 | Correct: 99/128 | Elapsed Time: 54.95s
2026-01-17 17:44:25,150 | INFO | Batch 80 | Loss: 0.5858 | Correct: 105/128 | Elapsed Time: 54.84s
2026-01-17 17:45:20,148 | INFO | Batch 90 | Loss: 0.8722 | Correct: 95/128 | Elapsed Time: 55.00s
2026-01-17 17:46:14,996 | INFO | Batch 100 | Loss: 0.5874 | Correct: 106/128 | Elapsed Time: 54.85s
2026-01-17 17:47:09,924 | INFO | Batch 110 | Loss: 0.6920 | Correct: 98/128 | Elapsed Time: 54.93s
2026-01-17 17:48:04,796 | INFO | Batch 120 | Loss: 0.7722 | Correct: 103/128 | Elapsed Time: 54.87s
2026-01-17 17:48:59,644 | INFO | Batch 130 | Loss: 0.7806 | Correct: 98/128 | Elapsed Time: 54.85s
2026-01-17 17:49:54,507 | INFO | Batch 140 | Loss: 0.8420 | Correct: 94/128 | Elapsed Time: 54.86s
2026-01-17 17:50:49,353 | INFO | Batch 150 | Loss: 0.6294 | Correct: 104/128 | Elapsed Time: 54.85s
2026-01-17 17:51:44,186 | INFO | Batch 160 | Loss: 0.7556 | Correct: 98/128 | Elapsed Time: 54.83s
2026-01-17 17:52:39,015 | INFO | Batch 170 | Loss: 0.6910 | Correct: 101/128 | Elapsed Time: 54.83s
2026-01-17 17:53:33,876 | INFO | Batch 180 | Loss: 0.6845 | Correct: 96/128 | Elapsed Time: 54.86s
2026-01-17 17:54:28,672 | INFO | Batch 190 | Loss: 0.7374 | Correct: 95/128 | Elapsed Time: 54.80s
2026-01-17 17:55:23,477 | INFO | Batch 200 | Loss: 0.9245 | Correct: 90/128 | Elapsed Time: 54.81s
2026-01-17 17:56:18,337 | INFO | Batch 210 | Loss: 0.7869 | Correct: 92/128 | Elapsed Time: 54.86s
2026-01-17 17:57:13,129 | INFO | Batch 220 | Loss: 0.8722 | Correct: 93/128 | Elapsed Time: 54.79s
2026-01-17 17:58:07,969 | INFO | Batch 230 | Loss: 1.0136 | Correct: 91/128 | Elapsed Time: 54.84s
2026-01-17 17:59:02,784 | INFO | Batch 240 | Loss: 0.9563 | Correct: 88/128 | Elapsed Time: 54.81s
2026-01-17 17:59:57,625 | INFO | Batch 250 | Loss: 0.8769 | Correct: 95/128 | Elapsed Time: 54.84s
2026-01-17 18:00:52,553 | INFO | Batch 260 | Loss: 0.5858 | Correct: 105/128 | Elapsed Time: 54.93s
2026-01-17 18:01:47,333 | INFO | Batch 270 | Loss: 0.7052 | Correct: 101/128 | Elapsed Time: 54.78s
2026-01-17 18:02:42,196 | INFO | Batch 280 | Loss: 0.7977 | Correct: 98/128 | Elapsed Time: 54.86s
2026-01-17 18:03:37,060 | INFO | Batch 290 | Loss: 0.6511 | Correct: 101/128 | Elapsed Time: 54.86s
2026-01-17 18:04:31,879 | INFO | Batch 300 | Loss: 0.7454 | Correct: 95/128 | Elapsed Time: 54.82s
2026-01-17 18:05:26,751 | INFO | Batch 310 | Loss: 0.8063 | Correct: 95/128 | Elapsed Time: 54.87s
2026-01-17 18:06:21,648 | INFO | Batch 320 | Loss: 0.6311 | Correct: 106/128 | Elapsed Time: 54.90s
2026-01-17 18:07:16,490 | INFO | Batch 330 | Loss: 0.8251 | Correct: 97/128 | Elapsed Time: 54.84s
2026-01-17 18:08:11,445 | INFO | Batch 340 | Loss: 0.9384 | Correct: 89/128 | Elapsed Time: 54.96s
2026-01-17 18:09:06,222 | INFO | Batch 350 | Loss: 0.8052 | Correct: 96/128 | Elapsed Time: 54.78s
2026-01-17 18:10:01,058 | INFO | Batch 360 | Loss: 0.7859 | Correct: 102/128 | Elapsed Time: 54.84s
2026-01-17 18:10:55,880 | INFO | Batch 370 | Loss: 0.6226 | Correct: 102/128 | Elapsed Time: 54.82s
2026-01-17 18:11:50,751 | INFO | Batch 380 | Loss: 0.8478 | Correct: 89/128 | Elapsed Time: 54.87s
2026-01-17 18:12:45,638 | INFO | Batch 390 | Loss: 0.9384 | Correct: 89/128 | Elapsed Time: 54.89s
2026-01-17 18:12:49,169 | INFO | Epoch [35/100] - Loss: 0.7468 | Correct: 38502/50000 (77.00%, 2142.95s)
2026-01-17 18:15:43,303 | INFO | Validation - Loss: 1.9669 | Top1: 5507/10000 (55.07%) | Top5: 8214/10000 (82.14%) (174.13s)
2026-01-17 18:16:38,251 | INFO | Batch 10 | Loss: 0.5834 | Correct: 106/128 | Elapsed Time: 54.94s
2026-01-17 18:17:33,073 | INFO | Batch 20 | Loss: 0.5946 | Correct: 107/128 | Elapsed Time: 54.82s
2026-01-17 18:18:27,923 | INFO | Batch 30 | Loss: 0.6328 | Correct: 101/128 | Elapsed Time: 54.85s
2026-01-17 18:19:22,739 | INFO | Batch 40 | Loss: 0.4087 | Correct: 112/128 | Elapsed Time: 54.82s
2026-01-17 18:20:17,568 | INFO | Batch 50 | Loss: 0.8865 | Correct: 90/128 | Elapsed Time: 54.83s
2026-01-17 18:21:12,357 | INFO | Batch 60 | Loss: 0.6817 | Correct: 102/128 | Elapsed Time: 54.79s
2026-01-17 18:22:07,191 | INFO | Batch 70 | Loss: 0.6328 | Correct: 105/128 | Elapsed Time: 54.83s
2026-01-17 18:23:02,013 | INFO | Batch 80 | Loss: 0.6882 | Correct: 100/128 | Elapsed Time: 54.82s
2026-01-17 18:23:56,927 | INFO | Batch 90 | Loss: 0.5803 | Correct: 103/128 | Elapsed Time: 54.91s
2026-01-17 18:24:51,739 | INFO | Batch 100 | Loss: 0.7374 | Correct: 97/128 | Elapsed Time: 54.81s
2026-01-17 18:25:46,610 | INFO | Batch 110 | Loss: 0.7109 | Correct: 97/128 | Elapsed Time: 54.87s
2026-01-17 18:26:41,418 | INFO | Batch 120 | Loss: 0.5482 | Correct: 109/128 | Elapsed Time: 54.81s
2026-01-17 18:27:36,290 | INFO | Batch 130 | Loss: 0.7285 | Correct: 96/128 | Elapsed Time: 54.87s
2026-01-17 18:28:31,062 | INFO | Batch 140 | Loss: 0.7923 | Correct: 98/128 | Elapsed Time: 54.77s
2026-01-17 18:29:25,854 | INFO | Batch 150 | Loss: 0.6555 | Correct: 105/128 | Elapsed Time: 54.79s
2026-01-17 18:30:20,694 | INFO | Batch 160 | Loss: 0.6564 | Correct: 98/128 | Elapsed Time: 54.84s
2026-01-17 18:31:15,610 | INFO | Batch 170 | Loss: 0.5595 | Correct: 104/128 | Elapsed Time: 54.92s
2026-01-17 18:32:10,432 | INFO | Batch 180 | Loss: 0.6328 | Correct: 108/128 | Elapsed Time: 54.82s
2026-01-17 18:33:05,294 | INFO | Batch 190 | Loss: 0.6142 | Correct: 104/128 | Elapsed Time: 54.86s
2026-01-17 18:34:00,080 | INFO | Batch 200 | Loss: 0.6528 | Correct: 105/128 | Elapsed Time: 54.79s
2026-01-17 18:34:54,906 | INFO | Batch 210 | Loss: 0.7129 | Correct: 103/128 | Elapsed Time: 54.83s
2026-01-17 18:35:49,812 | INFO | Batch 220 | Loss: 0.6184 | Correct: 107/128 | Elapsed Time: 54.91s
2026-01-17 18:36:44,651 | INFO | Batch 230 | Loss: 0.6251 | Correct: 104/128 | Elapsed Time: 54.84s
2026-01-17 18:37:39,503 | INFO | Batch 240 | Loss: 1.1039 | Correct: 82/128 | Elapsed Time: 54.85s
2026-01-17 18:38:34,478 | INFO | Batch 250 | Loss: 0.6920 | Correct: 97/128 | Elapsed Time: 54.97s
2026-01-17 18:39:29,347 | INFO | Batch 260 | Loss: 0.6662 | Correct: 100/128 | Elapsed Time: 54.87s
2026-01-17 18:40:24,160 | INFO | Batch 270 | Loss: 0.7869 | Correct: 94/128 | Elapsed Time: 54.81s
2026-01-17 18:41:19,149 | INFO | Batch 280 | Loss: 0.7556 | Correct: 96/128 | Elapsed Time: 54.99s
2026-01-17 18:42:14,015 | INFO | Batch 290 | Loss: 0.9733 | Correct: 87/128 | Elapsed Time: 54.87s
2026-01-17 18:43:08,882 | INFO | Batch 300 | Loss: 0.8570 | Correct: 95/128 | Elapsed Time: 54.87s
2026-01-17 18:44:03,749 | INFO | Batch 310 | Loss: 0.5962 | Correct: 106/128 | Elapsed Time: 54.87s
2026-01-17 18:44:58,712 | INFO | Batch 320 | Loss: 0.9195 | Correct: 93/128 | Elapsed Time: 54.96s
2026-01-17 18:45:53,798 | INFO | Batch 330 | Loss: 0.8118 | Correct: 97/128 | Elapsed Time: 55.09s
2026-01-17 18:46:48,625 | INFO | Batch 340 | Loss: 1.1084 | Correct: 86/128 | Elapsed Time: 54.83s
2026-01-17 18:47:43,498 | INFO | Batch 350 | Loss: 0.9866 | Correct: 90/128 | Elapsed Time: 54.87s
2026-01-17 18:48:38,339 | INFO | Batch 360 | Loss: 0.7680 | Correct: 97/128 | Elapsed Time: 54.84s
2026-01-17 18:49:33,178 | INFO | Batch 370 | Loss: 1.0372 | Correct: 87/128 | Elapsed Time: 54.84s
2026-01-17 18:50:28,041 | INFO | Batch 380 | Loss: 0.8184 | Correct: 92/128 | Elapsed Time: 54.86s
2026-01-17 18:51:22,913 | INFO | Batch 390 | Loss: 0.7680 | Correct: 96/128 | Elapsed Time: 54.87s
2026-01-17 18:51:26,429 | INFO | Epoch [36/100] - Loss: 0.7320 | Correct: 38708/50000 (77.42%, 2143.12s)
2026-01-17 18:54:20,818 | INFO | Validation - Loss: 1.9190 | Top1: 5599/10000 (55.99%) | Top5: 8299/10000 (82.99%) (174.39s)
2026-01-17 18:55:15,691 | INFO | Batch 10 | Loss: 0.5595 | Correct: 110/128 | Elapsed Time: 54.87s
2026-01-17 18:56:10,557 | INFO | Batch 20 | Loss: 0.8031 | Correct: 93/128 | Elapsed Time: 54.87s
2026-01-17 18:57:05,389 | INFO | Batch 30 | Loss: 0.5898 | Correct: 107/128 | Elapsed Time: 54.83s
2026-01-17 18:58:00,249 | INFO | Batch 40 | Loss: 0.6235 | Correct: 107/128 | Elapsed Time: 54.86s
2026-01-17 18:58:55,136 | INFO | Batch 50 | Loss: 0.6423 | Correct: 107/128 | Elapsed Time: 54.89s
2026-01-17 18:59:49,920 | INFO | Batch 60 | Loss: 0.5151 | Correct: 104/128 | Elapsed Time: 54.78s
2026-01-17 19:00:44,743 | INFO | Batch 70 | Loss: 0.7245 | Correct: 94/128 | Elapsed Time: 54.82s
2026-01-17 19:01:39,679 | INFO | Batch 80 | Loss: 0.7129 | Correct: 100/128 | Elapsed Time: 54.94s
2026-01-17 19:02:34,471 | INFO | Batch 90 | Loss: 0.6854 | Correct: 102/128 | Elapsed Time: 54.79s
2026-01-17 19:03:29,285 | INFO | Batch 100 | Loss: 0.5512 | Correct: 107/128 | Elapsed Time: 54.81s
2026-01-17 19:04:24,049 | INFO | Batch 110 | Loss: 0.6519 | Correct: 98/128 | Elapsed Time: 54.76s
2026-01-17 19:05:18,838 | INFO | Batch 120 | Loss: 0.7119 | Correct: 97/128 | Elapsed Time: 54.79s
2026-01-17 19:06:13,641 | INFO | Batch 130 | Loss: 0.7236 | Correct: 95/128 | Elapsed Time: 54.80s
2026-01-17 19:07:08,516 | INFO | Batch 140 | Loss: 0.8375 | Correct: 93/128 | Elapsed Time: 54.87s
2026-01-17 19:08:03,516 | INFO | Batch 150 | Loss: 0.6260 | Correct: 104/128 | Elapsed Time: 55.00s
2026-01-17 19:08:58,344 | INFO | Batch 160 | Loss: 0.8218 | Correct: 96/128 | Elapsed Time: 54.83s
2026-01-17 19:09:53,149 | INFO | Batch 170 | Loss: 0.5504 | Correct: 107/128 | Elapsed Time: 54.80s
2026-01-17 19:10:48,010 | INFO | Batch 180 | Loss: 0.6957 | Correct: 100/128 | Elapsed Time: 54.86s
2026-01-17 19:11:42,893 | INFO | Batch 190 | Loss: 0.5587 | Correct: 108/128 | Elapsed Time: 54.88s
2026-01-17 19:12:37,750 | INFO | Batch 200 | Loss: 0.7071 | Correct: 98/128 | Elapsed Time: 54.86s
2026-01-17 19:13:32,656 | INFO | Batch 210 | Loss: 0.8793 | Correct: 101/128 | Elapsed Time: 54.91s
2026-01-17 19:14:27,500 | INFO | Batch 220 | Loss: 0.6929 | Correct: 101/128 | Elapsed Time: 54.84s
2026-01-17 19:15:22,588 | INFO | Batch 230 | Loss: 0.5725 | Correct: 105/128 | Elapsed Time: 55.09s
2026-01-17 19:16:17,399 | INFO | Batch 240 | Loss: 0.6528 | Correct: 101/128 | Elapsed Time: 54.81s
2026-01-17 19:17:12,295 | INFO | Batch 250 | Loss: 0.7732 | Correct: 94/128 | Elapsed Time: 54.90s
2026-01-17 19:18:07,185 | INFO | Batch 260 | Loss: 0.7525 | Correct: 97/128 | Elapsed Time: 54.89s
2026-01-17 19:19:02,046 | INFO | Batch 270 | Loss: 0.8262 | Correct: 95/128 | Elapsed Time: 54.86s
2026-01-17 19:19:56,844 | INFO | Batch 280 | Loss: 0.8273 | Correct: 91/128 | Elapsed Time: 54.80s
2026-01-17 19:20:51,732 | INFO | Batch 290 | Loss: 1.0715 | Correct: 86/128 | Elapsed Time: 54.89s
2026-01-17 19:21:46,568 | INFO | Batch 300 | Loss: 0.8547 | Correct: 98/128 | Elapsed Time: 54.84s
2026-01-17 19:22:41,582 | INFO | Batch 310 | Loss: 0.6449 | Correct: 106/128 | Elapsed Time: 55.01s
2026-01-17 19:23:36,484 | INFO | Batch 320 | Loss: 0.5787 | Correct: 106/128 | Elapsed Time: 54.90s
2026-01-17 19:24:31,325 | INFO | Batch 330 | Loss: 0.6735 | Correct: 106/128 | Elapsed Time: 54.84s
2026-01-17 19:25:26,357 | INFO | Batch 340 | Loss: 0.9270 | Correct: 90/128 | Elapsed Time: 55.03s
2026-01-17 19:26:21,216 | INFO | Batch 350 | Loss: 0.6929 | Correct: 96/128 | Elapsed Time: 54.86s
2026-01-17 19:27:16,083 | INFO | Batch 360 | Loss: 0.9511 | Correct: 87/128 | Elapsed Time: 54.87s
2026-01-17 19:28:10,971 | INFO | Batch 370 | Loss: 0.8628 | Correct: 100/128 | Elapsed Time: 54.89s
2026-01-17 19:29:05,900 | INFO | Batch 380 | Loss: 0.8074 | Correct: 90/128 | Elapsed Time: 54.93s
2026-01-17 19:30:00,770 | INFO | Batch 390 | Loss: 0.6345 | Correct: 103/128 | Elapsed Time: 54.87s
2026-01-17 19:30:04,312 | INFO | Epoch [37/100] - Loss: 0.7067 | Correct: 39114/50000 (78.23%, 2143.49s)
2026-01-17 19:32:58,562 | INFO | Validation - Loss: 1.9304 | Top1: 5567/10000 (55.67%) | Top5: 8251/10000 (82.51%) (174.25s)
2026-01-17 19:33:53,416 | INFO | Batch 10 | Loss: 0.5467 | Correct: 103/128 | Elapsed Time: 54.85s
2026-01-17 19:34:48,265 | INFO | Batch 20 | Loss: 0.6546 | Correct: 100/128 | Elapsed Time: 54.85s
2026-01-17 19:35:43,191 | INFO | Batch 30 | Loss: 0.7081 | Correct: 101/128 | Elapsed Time: 54.93s
2026-01-17 19:36:38,089 | INFO | Batch 40 | Loss: 0.7444 | Correct: 99/128 | Elapsed Time: 54.90s
2026-01-17 19:37:32,991 | INFO | Batch 50 | Loss: 0.5285 | Correct: 106/128 | Elapsed Time: 54.90s
2026-01-17 19:38:27,919 | INFO | Batch 60 | Loss: 0.6285 | Correct: 100/128 | Elapsed Time: 54.93s
2026-01-17 19:39:22,819 | INFO | Batch 70 | Loss: 0.5193 | Correct: 109/128 | Elapsed Time: 54.90s
2026-01-17 19:40:17,691 | INFO | Batch 80 | Loss: 0.4873 | Correct: 111/128 | Elapsed Time: 54.87s
2026-01-17 19:41:12,527 | INFO | Batch 90 | Loss: 0.6493 | Correct: 102/128 | Elapsed Time: 54.84s
2026-01-17 19:42:07,334 | INFO | Batch 100 | Loss: 0.6142 | Correct: 106/128 | Elapsed Time: 54.81s
2026-01-17 19:43:02,190 | INFO | Batch 110 | Loss: 0.5633 | Correct: 105/128 | Elapsed Time: 54.86s
2026-01-17 19:43:57,097 | INFO | Batch 120 | Loss: 0.5307 | Correct: 108/128 | Elapsed Time: 54.91s
2026-01-17 19:44:51,965 | INFO | Batch 130 | Loss: 0.6423 | Correct: 101/128 | Elapsed Time: 54.87s
2026-01-17 19:45:46,954 | INFO | Batch 140 | Loss: 0.6519 | Correct: 107/128 | Elapsed Time: 54.99s
2026-01-17 19:46:41,774 | INFO | Batch 150 | Loss: 0.5387 | Correct: 107/128 | Elapsed Time: 54.82s
2026-01-17 19:47:36,662 | INFO | Batch 160 | Loss: 0.6817 | Correct: 98/128 | Elapsed Time: 54.89s
2026-01-17 19:48:31,409 | INFO | Batch 170 | Loss: 0.5460 | Correct: 104/128 | Elapsed Time: 54.75s
2026-01-17 19:49:26,288 | INFO | Batch 180 | Loss: 0.5922 | Correct: 103/128 | Elapsed Time: 54.88s
2026-01-17 19:50:21,118 | INFO | Batch 190 | Loss: 0.5617 | Correct: 102/128 | Elapsed Time: 54.83s
2026-01-17 19:51:15,877 | INFO | Batch 200 | Loss: 0.6167 | Correct: 104/128 | Elapsed Time: 54.76s
2026-01-17 19:52:10,684 | INFO | Batch 210 | Loss: 0.7236 | Correct: 98/128 | Elapsed Time: 54.81s
2026-01-17 19:53:05,653 | INFO | Batch 220 | Loss: 0.6176 | Correct: 104/128 | Elapsed Time: 54.97s
2026-01-17 19:54:00,477 | INFO | Batch 230 | Loss: 1.0288 | Correct: 87/128 | Elapsed Time: 54.82s
2026-01-17 19:54:55,308 | INFO | Batch 240 | Loss: 0.7119 | Correct: 98/128 | Elapsed Time: 54.83s
2026-01-17 19:55:50,244 | INFO | Batch 250 | Loss: 0.6995 | Correct: 100/128 | Elapsed Time: 54.94s
2026-01-17 19:56:45,129 | INFO | Batch 260 | Loss: 0.7795 | Correct: 99/128 | Elapsed Time: 54.88s
2026-01-17 19:57:39,965 | INFO | Batch 270 | Loss: 0.5922 | Correct: 105/128 | Elapsed Time: 54.84s
2026-01-17 19:58:34,837 | INFO | Batch 280 | Loss: 0.8052 | Correct: 92/128 | Elapsed Time: 54.87s
2026-01-17 19:59:29,748 | INFO | Batch 290 | Loss: 0.8925 | Correct: 87/128 | Elapsed Time: 54.91s
2026-01-17 20:00:24,596 | INFO | Batch 300 | Loss: 0.7587 | Correct: 96/128 | Elapsed Time: 54.85s
2026-01-17 20:01:19,469 | INFO | Batch 310 | Loss: 0.6590 | Correct: 104/128 | Elapsed Time: 54.87s
2026-01-17 20:02:14,333 | INFO | Batch 320 | Loss: 0.5394 | Correct: 107/128 | Elapsed Time: 54.86s
2026-01-17 20:03:09,134 | INFO | Batch 330 | Loss: 0.7628 | Correct: 97/128 | Elapsed Time: 54.80s
2026-01-17 20:04:03,923 | INFO | Batch 340 | Loss: 0.7977 | Correct: 96/128 | Elapsed Time: 54.79s
2026-01-17 20:04:58,669 | INFO | Batch 350 | Loss: 0.7324 | Correct: 98/128 | Elapsed Time: 54.75s
2026-01-17 20:05:53,495 | INFO | Batch 360 | Loss: 0.9602 | Correct: 91/128 | Elapsed Time: 54.83s
2026-01-17 20:06:48,394 | INFO | Batch 370 | Loss: 0.7226 | Correct: 99/128 | Elapsed Time: 54.90s
2026-01-17 20:07:43,156 | INFO | Batch 380 | Loss: 0.8769 | Correct: 95/128 | Elapsed Time: 54.76s
2026-01-17 20:08:37,929 | INFO | Batch 390 | Loss: 0.8687 | Correct: 87/128 | Elapsed Time: 54.77s
2026-01-17 20:08:41,454 | INFO | Epoch [38/100] - Loss: 0.6893 | Correct: 39229/50000 (78.46%, 2142.89s)
2026-01-17 20:11:35,315 | INFO | Validation - Loss: 2.0681 | Top1: 5452/10000 (54.52%) | Top5: 8175/10000 (81.75%) (173.86s)
2026-01-17 20:12:30,067 | INFO | Batch 10 | Loss: 0.6537 | Correct: 105/128 | Elapsed Time: 54.75s
2026-01-17 20:13:24,825 | INFO | Batch 20 | Loss: 0.5962 | Correct: 107/128 | Elapsed Time: 54.76s
2026-01-17 20:14:19,571 | INFO | Batch 30 | Loss: 0.4860 | Correct: 108/128 | Elapsed Time: 54.75s
2026-01-17 20:15:14,568 | INFO | Batch 40 | Loss: 0.6892 | Correct: 101/128 | Elapsed Time: 55.00s
2026-01-17 20:16:09,352 | INFO | Batch 50 | Loss: 0.6799 | Correct: 100/128 | Elapsed Time: 54.78s
2026-01-17 20:17:04,089 | INFO | Batch 60 | Loss: 0.6226 | Correct: 102/128 | Elapsed Time: 54.74s
2026-01-17 20:17:58,879 | INFO | Batch 70 | Loss: 0.6957 | Correct: 99/128 | Elapsed Time: 54.79s
2026-01-17 20:18:53,621 | INFO | Batch 80 | Loss: 0.6564 | Correct: 105/128 | Elapsed Time: 54.74s
2026-01-17 20:19:48,380 | INFO | Batch 90 | Loss: 0.6771 | Correct: 100/128 | Elapsed Time: 54.76s
2026-01-17 20:20:43,102 | INFO | Batch 100 | Loss: 0.7236 | Correct: 100/128 | Elapsed Time: 54.72s
2026-01-17 20:21:37,828 | INFO | Batch 110 | Loss: 0.6537 | Correct: 101/128 | Elapsed Time: 54.73s
2026-01-17 20:22:32,710 | INFO | Batch 120 | Loss: 0.6716 | Correct: 100/128 | Elapsed Time: 54.88s
2026-01-17 20:23:27,409 | INFO | Batch 130 | Loss: 0.4736 | Correct: 105/128 | Elapsed Time: 54.70s
2026-01-17 20:24:22,246 | INFO | Batch 140 | Loss: 0.5733 | Correct: 107/128 | Elapsed Time: 54.84s
2026-01-17 20:25:17,053 | INFO | Batch 150 | Loss: 0.5372 | Correct: 107/128 | Elapsed Time: 54.81s
2026-01-17 20:26:11,817 | INFO | Batch 160 | Loss: 0.7414 | Correct: 97/128 | Elapsed Time: 54.76s
2026-01-17 20:27:06,611 | INFO | Batch 170 | Loss: 0.5617 | Correct: 106/128 | Elapsed Time: 54.79s
2026-01-17 20:28:01,386 | INFO | Batch 180 | Loss: 0.6771 | Correct: 102/128 | Elapsed Time: 54.77s
2026-01-17 20:28:56,187 | INFO | Batch 190 | Loss: 0.7649 | Correct: 101/128 | Elapsed Time: 54.80s
2026-01-17 20:29:50,954 | INFO | Batch 200 | Loss: 0.6836 | Correct: 102/128 | Elapsed Time: 54.77s
2026-01-17 20:30:45,703 | INFO | Batch 210 | Loss: 0.7129 | Correct: 97/128 | Elapsed Time: 54.75s
2026-01-17 20:31:40,533 | INFO | Batch 220 | Loss: 0.7505 | Correct: 92/128 | Elapsed Time: 54.83s
2026-01-17 20:32:35,311 | INFO | Batch 230 | Loss: 0.5336 | Correct: 107/128 | Elapsed Time: 54.78s
2026-01-17 20:33:30,100 | INFO | Batch 240 | Loss: 0.7505 | Correct: 90/128 | Elapsed Time: 54.79s
2026-01-17 20:34:24,843 | INFO | Batch 250 | Loss: 0.7424 | Correct: 103/128 | Elapsed Time: 54.74s
2026-01-17 20:35:19,681 | INFO | Batch 260 | Loss: 0.5504 | Correct: 106/128 | Elapsed Time: 54.84s
2026-01-17 20:36:14,502 | INFO | Batch 270 | Loss: 0.8031 | Correct: 95/128 | Elapsed Time: 54.82s
2026-01-17 20:37:09,237 | INFO | Batch 280 | Loss: 0.6502 | Correct: 99/128 | Elapsed Time: 54.74s
2026-01-17 20:38:04,004 | INFO | Batch 290 | Loss: 0.7295 | Correct: 101/128 | Elapsed Time: 54.77s
2026-01-17 20:38:58,776 | INFO | Batch 300 | Loss: 0.6268 | Correct: 101/128 | Elapsed Time: 54.77s
2026-01-17 20:39:53,559 | INFO | Batch 310 | Loss: 0.6320 | Correct: 101/128 | Elapsed Time: 54.78s
2026-01-17 20:40:48,314 | INFO | Batch 320 | Loss: 0.6011 | Correct: 107/128 | Elapsed Time: 54.75s
2026-01-17 20:41:43,091 | INFO | Batch 330 | Loss: 0.9308 | Correct: 92/128 | Elapsed Time: 54.78s
2026-01-17 20:42:37,883 | INFO | Batch 340 | Loss: 0.7129 | Correct: 100/128 | Elapsed Time: 54.79s
2026-01-17 20:43:32,810 | INFO | Batch 350 | Loss: 0.8640 | Correct: 88/128 | Elapsed Time: 54.93s
2026-01-17 20:44:27,567 | INFO | Batch 360 | Loss: 0.5343 | Correct: 106/128 | Elapsed Time: 54.76s
2026-01-17 20:45:22,431 | INFO | Batch 370 | Loss: 0.7324 | Correct: 96/128 | Elapsed Time: 54.86s
2026-01-17 20:46:17,175 | INFO | Batch 380 | Loss: 0.9384 | Correct: 93/128 | Elapsed Time: 54.74s
2026-01-17 20:47:11,978 | INFO | Batch 390 | Loss: 0.6277 | Correct: 98/128 | Elapsed Time: 54.80s
2026-01-17 20:47:15,494 | INFO | Epoch [39/100] - Loss: 0.6704 | Correct: 39506/50000 (79.01%, 2140.18s)
2026-01-17 20:50:09,275 | INFO | Validation - Loss: 1.8943 | Top1: 5714/10000 (57.14%) | Top5: 8351/10000 (83.51%) (173.78s)
2026-01-17 20:51:04,043 | INFO | Batch 10 | Loss: 0.6753 | Correct: 103/128 | Elapsed Time: 54.77s
2026-01-17 20:51:58,894 | INFO | Batch 20 | Loss: 0.4847 | Correct: 109/128 | Elapsed Time: 54.85s
2026-01-17 20:52:53,647 | INFO | Batch 30 | Loss: 0.5898 | Correct: 102/128 | Elapsed Time: 54.75s
2026-01-17 20:53:48,407 | INFO | Batch 40 | Loss: 0.5617 | Correct: 100/128 | Elapsed Time: 54.76s
2026-01-17 20:54:43,172 | INFO | Batch 50 | Loss: 0.5482 | Correct: 107/128 | Elapsed Time: 54.76s
2026-01-17 20:55:38,090 | INFO | Batch 60 | Loss: 0.5648 | Correct: 107/128 | Elapsed Time: 54.92s
2026-01-17 20:56:32,874 | INFO | Batch 70 | Loss: 0.6854 | Correct: 105/128 | Elapsed Time: 54.78s
2026-01-17 20:57:27,661 | INFO | Batch 80 | Loss: 0.4666 | Correct: 109/128 | Elapsed Time: 54.79s
2026-01-17 20:58:22,559 | INFO | Batch 90 | Loss: 0.5365 | Correct: 107/128 | Elapsed Time: 54.90s
2026-01-17 20:59:17,308 | INFO | Batch 100 | Loss: 0.5527 | Correct: 104/128 | Elapsed Time: 54.75s
2026-01-17 21:00:12,064 | INFO | Batch 110 | Loss: 0.6388 | Correct: 99/128 | Elapsed Time: 54.76s
2026-01-17 21:01:06,869 | INFO | Batch 120 | Loss: 0.7597 | Correct: 98/128 | Elapsed Time: 54.81s
2026-01-17 21:02:01,644 | INFO | Batch 130 | Loss: 0.5922 | Correct: 105/128 | Elapsed Time: 54.77s
2026-01-17 21:02:56,416 | INFO | Batch 140 | Loss: 0.7880 | Correct: 93/128 | Elapsed Time: 54.77s
2026-01-17 21:03:51,175 | INFO | Batch 150 | Loss: 0.5663 | Correct: 107/128 | Elapsed Time: 54.76s
2026-01-17 21:04:45,903 | INFO | Batch 160 | Loss: 0.6027 | Correct: 96/128 | Elapsed Time: 54.73s
2026-01-17 21:05:40,802 | INFO | Batch 170 | Loss: 0.8675 | Correct: 98/128 | Elapsed Time: 54.90s
2026-01-17 21:06:35,561 | INFO | Batch 180 | Loss: 0.5372 | Correct: 107/128 | Elapsed Time: 54.76s
2026-01-17 21:07:30,339 | INFO | Batch 190 | Loss: 0.8296 | Correct: 94/128 | Elapsed Time: 54.78s
2026-01-17 21:08:25,076 | INFO | Batch 200 | Loss: 0.4973 | Correct: 107/128 | Elapsed Time: 54.74s
2026-01-17 21:09:19,819 | INFO | Batch 210 | Loss: 0.6084 | Correct: 100/128 | Elapsed Time: 54.74s
2026-01-17 21:10:14,533 | INFO | Batch 220 | Loss: 0.5954 | Correct: 100/128 | Elapsed Time: 54.71s
2026-01-17 21:11:09,312 | INFO | Batch 230 | Loss: 0.6467 | Correct: 103/128 | Elapsed Time: 54.78s
2026-01-17 21:12:04,185 | INFO | Batch 240 | Loss: 0.7933 | Correct: 100/128 | Elapsed Time: 54.87s
2026-01-17 21:12:58,942 | INFO | Batch 250 | Loss: 0.6698 | Correct: 103/128 | Elapsed Time: 54.76s
2026-01-17 21:13:53,698 | INFO | Batch 260 | Loss: 0.6653 | Correct: 103/128 | Elapsed Time: 54.76s
2026-01-17 21:14:48,497 | INFO | Batch 270 | Loss: 0.7722 | Correct: 95/128 | Elapsed Time: 54.80s
2026-01-17 21:15:43,405 | INFO | Batch 280 | Loss: 0.8432 | Correct: 99/128 | Elapsed Time: 54.91s
2026-01-17 21:16:38,138 | INFO | Batch 290 | Loss: 0.6985 | Correct: 98/128 | Elapsed Time: 54.73s
2026-01-17 21:17:32,932 | INFO | Batch 300 | Loss: 0.6873 | Correct: 101/128 | Elapsed Time: 54.79s
2026-01-17 21:18:27,693 | INFO | Batch 310 | Loss: 0.8841 | Correct: 94/128 | Elapsed Time: 54.76s
2026-01-17 21:19:22,562 | INFO | Batch 320 | Loss: 0.7495 | Correct: 97/128 | Elapsed Time: 54.87s
2026-01-17 21:20:17,319 | INFO | Batch 330 | Loss: 0.8042 | Correct: 95/128 | Elapsed Time: 54.76s
2026-01-17 21:21:12,062 | INFO | Batch 340 | Loss: 0.6901 | Correct: 103/128 | Elapsed Time: 54.74s
2026-01-17 21:22:06,839 | INFO | Batch 350 | Loss: 0.7314 | Correct: 103/128 | Elapsed Time: 54.78s
2026-01-17 21:23:01,611 | INFO | Batch 360 | Loss: 0.7638 | Correct: 96/128 | Elapsed Time: 54.77s
2026-01-17 21:23:56,418 | INFO | Batch 370 | Loss: 0.7944 | Correct: 95/128 | Elapsed Time: 54.81s
2026-01-17 21:24:51,191 | INFO | Batch 380 | Loss: 0.9946 | Correct: 87/128 | Elapsed Time: 54.77s
2026-01-17 21:25:45,960 | INFO | Batch 390 | Loss: 0.7444 | Correct: 94/128 | Elapsed Time: 54.77s
2026-01-17 21:25:49,462 | INFO | Epoch [40/100] - Loss: 0.6545 | Correct: 39774/50000 (79.55%, 2140.18s)
2026-01-17 21:28:43,253 | INFO | Validation - Loss: 1.9822 | Top1: 5599/10000 (55.99%) | Top5: 8278/10000 (82.78%) (173.79s)
2026-01-17 21:29:38,037 | INFO | Batch 10 | Loss: 0.4840 | Correct: 112/128 | Elapsed Time: 54.78s
2026-01-17 21:30:32,720 | INFO | Batch 20 | Loss: 0.5795 | Correct: 106/128 | Elapsed Time: 54.68s
2026-01-17 21:31:27,466 | INFO | Batch 30 | Loss: 0.7848 | Correct: 99/128 | Elapsed Time: 54.75s
2026-01-17 21:32:22,185 | INFO | Batch 40 | Loss: 0.6345 | Correct: 99/128 | Elapsed Time: 54.72s
2026-01-17 21:33:16,908 | INFO | Batch 50 | Loss: 0.7384 | Correct: 99/128 | Elapsed Time: 54.72s
2026-01-17 21:34:11,661 | INFO | Batch 60 | Loss: 0.6260 | Correct: 101/128 | Elapsed Time: 54.75s
2026-01-17 21:35:06,401 | INFO | Batch 70 | Loss: 0.5572 | Correct: 106/128 | Elapsed Time: 54.74s
2026-01-17 21:36:01,246 | INFO | Batch 80 | Loss: 0.5020 | Correct: 108/128 | Elapsed Time: 54.84s
2026-01-17 21:36:55,983 | INFO | Batch 90 | Loss: 0.6243 | Correct: 102/128 | Elapsed Time: 54.74s
2026-01-17 21:37:50,730 | INFO | Batch 100 | Loss: 0.7255 | Correct: 101/128 | Elapsed Time: 54.75s
2026-01-17 21:38:45,489 | INFO | Batch 110 | Loss: 0.4585 | Correct: 105/128 | Elapsed Time: 54.76s
2026-01-17 21:39:40,222 | INFO | Batch 120 | Loss: 0.7148 | Correct: 101/128 | Elapsed Time: 54.73s
2026-01-17 21:40:34,951 | INFO | Batch 130 | Loss: 0.5882 | Correct: 104/128 | Elapsed Time: 54.73s
2026-01-17 21:41:29,697 | INFO | Batch 140 | Loss: 0.4610 | Correct: 107/128 | Elapsed Time: 54.75s
2026-01-17 21:42:24,511 | INFO | Batch 150 | Loss: 0.6644 | Correct: 99/128 | Elapsed Time: 54.81s
2026-01-17 21:43:19,234 | INFO | Batch 160 | Loss: 0.7690 | Correct: 93/128 | Elapsed Time: 54.72s
2026-01-17 21:44:13,925 | INFO | Batch 170 | Loss: 0.4268 | Correct: 113/128 | Elapsed Time: 54.69s
2026-01-17 21:45:08,710 | INFO | Batch 180 | Loss: 0.7607 | Correct: 97/128 | Elapsed Time: 54.79s
2026-01-17 21:46:03,442 | INFO | Batch 190 | Loss: 0.6771 | Correct: 101/128 | Elapsed Time: 54.73s
2026-01-17 21:46:58,186 | INFO | Batch 200 | Loss: 0.7062 | Correct: 95/128 | Elapsed Time: 54.74s
2026-01-17 21:47:52,868 | INFO | Batch 210 | Loss: 0.6511 | Correct: 99/128 | Elapsed Time: 54.68s
2026-01-17 21:48:47,602 | INFO | Batch 220 | Loss: 0.7597 | Correct: 93/128 | Elapsed Time: 54.73s
2026-01-17 21:49:42,416 | INFO | Batch 230 | Loss: 0.5874 | Correct: 103/128 | Elapsed Time: 54.81s
2026-01-17 21:50:37,161 | INFO | Batch 240 | Loss: 0.5648 | Correct: 106/128 | Elapsed Time: 54.74s
2026-01-17 21:51:31,896 | INFO | Batch 250 | Loss: 0.8663 | Correct: 101/128 | Elapsed Time: 54.74s
2026-01-17 21:52:26,638 | INFO | Batch 260 | Loss: 0.7763 | Correct: 94/128 | Elapsed Time: 54.74s
2026-01-17 21:53:21,344 | INFO | Batch 270 | Loss: 0.6882 | Correct: 108/128 | Elapsed Time: 54.71s
2026-01-17 21:54:16,069 | INFO | Batch 280 | Loss: 0.4373 | Correct: 111/128 | Elapsed Time: 54.72s
2026-01-17 21:55:10,859 | INFO | Batch 290 | Loss: 0.6493 | Correct: 102/128 | Elapsed Time: 54.79s
2026-01-17 21:56:05,610 | INFO | Batch 300 | Loss: 0.5858 | Correct: 104/128 | Elapsed Time: 54.75s
2026-01-17 21:57:00,412 | INFO | Batch 310 | Loss: 0.8489 | Correct: 92/128 | Elapsed Time: 54.80s
2026-01-17 21:57:55,142 | INFO | Batch 320 | Loss: 0.6744 | Correct: 104/128 | Elapsed Time: 54.73s
2026-01-17 21:58:49,861 | INFO | Batch 330 | Loss: 0.7354 | Correct: 103/128 | Elapsed Time: 54.72s
2026-01-17 21:59:44,578 | INFO | Batch 340 | Loss: 0.7987 | Correct: 100/128 | Elapsed Time: 54.72s
2026-01-17 22:00:39,303 | INFO | Batch 350 | Loss: 0.7100 | Correct: 102/128 | Elapsed Time: 54.72s
2026-01-17 22:01:34,038 | INFO | Batch 360 | Loss: 0.7628 | Correct: 102/128 | Elapsed Time: 54.74s
2026-01-17 22:02:28,767 | INFO | Batch 370 | Loss: 0.6976 | Correct: 103/128 | Elapsed Time: 54.73s
2026-01-17 22:03:23,470 | INFO | Batch 380 | Loss: 0.7023 | Correct: 103/128 | Elapsed Time: 54.70s
2026-01-17 22:04:18,299 | INFO | Batch 390 | Loss: 0.7414 | Correct: 97/128 | Elapsed Time: 54.83s
2026-01-17 22:04:21,816 | INFO | Epoch [41/100] - Loss: 0.6425 | Correct: 39936/50000 (79.87%, 2138.56s)
2026-01-17 22:07:15,617 | INFO | Validation - Loss: 2.0191 | Top1: 5612/10000 (56.12%) | Top5: 8252/10000 (82.52%) (173.80s)
2026-01-17 22:08:10,378 | INFO | Batch 10 | Loss: 0.5200 | Correct: 107/128 | Elapsed Time: 54.76s
2026-01-17 22:09:05,098 | INFO | Batch 20 | Loss: 0.4536 | Correct: 110/128 | Elapsed Time: 54.72s
2026-01-17 22:09:59,861 | INFO | Batch 30 | Loss: 0.5027 | Correct: 109/128 | Elapsed Time: 54.76s
2026-01-17 22:10:54,647 | INFO | Batch 40 | Loss: 0.4919 | Correct: 109/128 | Elapsed Time: 54.79s
2026-01-17 22:11:49,474 | INFO | Batch 50 | Loss: 0.5285 | Correct: 104/128 | Elapsed Time: 54.83s
2026-01-17 22:12:44,215 | INFO | Batch 60 | Loss: 0.4801 | Correct: 108/128 | Elapsed Time: 54.74s
2026-01-17 22:13:38,904 | INFO | Batch 70 | Loss: 0.4320 | Correct: 110/128 | Elapsed Time: 54.69s
2026-01-17 22:14:33,658 | INFO | Batch 80 | Loss: 0.4986 | Correct: 107/128 | Elapsed Time: 54.75s
2026-01-17 22:15:28,438 | INFO | Batch 90 | Loss: 0.5648 | Correct: 110/128 | Elapsed Time: 54.78s
2026-01-17 22:16:23,243 | INFO | Batch 100 | Loss: 0.5387 | Correct: 104/128 | Elapsed Time: 54.80s
2026-01-17 22:17:18,023 | INFO | Batch 110 | Loss: 0.7275 | Correct: 102/128 | Elapsed Time: 54.78s
2026-01-17 22:18:12,776 | INFO | Batch 120 | Loss: 0.6184 | Correct: 100/128 | Elapsed Time: 54.75s
2026-01-17 22:19:07,645 | INFO | Batch 130 | Loss: 0.7119 | Correct: 98/128 | Elapsed Time: 54.87s
2026-01-17 22:20:02,436 | INFO | Batch 140 | Loss: 0.7690 | Correct: 99/128 | Elapsed Time: 54.79s
2026-01-17 22:20:57,249 | INFO | Batch 150 | Loss: 0.5061 | Correct: 104/128 | Elapsed Time: 54.81s
2026-01-17 22:21:52,042 | INFO | Batch 160 | Loss: 0.5408 | Correct: 104/128 | Elapsed Time: 54.79s
2026-01-17 22:22:46,762 | INFO | Batch 170 | Loss: 0.6226 | Correct: 104/128 | Elapsed Time: 54.72s
2026-01-17 22:23:41,561 | INFO | Batch 180 | Loss: 0.5595 | Correct: 108/128 | Elapsed Time: 54.80s
2026-01-17 22:24:36,285 | INFO | Batch 190 | Loss: 0.6735 | Correct: 100/128 | Elapsed Time: 54.72s
2026-01-17 22:25:31,248 | INFO | Batch 200 | Loss: 0.6345 | Correct: 103/128 | Elapsed Time: 54.96s
2026-01-17 22:26:26,089 | INFO | Batch 210 | Loss: 0.5497 | Correct: 106/128 | Elapsed Time: 54.84s
2026-01-17 22:27:20,854 | INFO | Batch 220 | Loss: 0.7119 | Correct: 97/128 | Elapsed Time: 54.77s
2026-01-17 22:28:15,616 | INFO | Batch 230 | Loss: 0.6590 | Correct: 103/128 | Elapsed Time: 54.76s
2026-01-17 22:29:10,396 | INFO | Batch 240 | Loss: 0.6502 | Correct: 99/128 | Elapsed Time: 54.78s
2026-01-17 22:30:05,169 | INFO | Batch 250 | Loss: 0.5648 | Correct: 108/128 | Elapsed Time: 54.77s
2026-01-17 22:30:59,938 | INFO | Batch 260 | Loss: 0.6068 | Correct: 100/128 | Elapsed Time: 54.77s
2026-01-17 22:31:54,679 | INFO | Batch 270 | Loss: 0.6635 | Correct: 101/128 | Elapsed Time: 54.74s
2026-01-17 22:32:49,508 | INFO | Batch 280 | Loss: 0.6126 | Correct: 100/128 | Elapsed Time: 54.83s
2026-01-17 22:33:44,289 | INFO | Batch 290 | Loss: 0.7033 | Correct: 100/128 | Elapsed Time: 54.78s
2026-01-17 22:34:39,068 | INFO | Batch 300 | Loss: 0.7944 | Correct: 102/128 | Elapsed Time: 54.78s
2026-01-17 22:35:33,850 | INFO | Batch 310 | Loss: 0.7158 | Correct: 101/128 | Elapsed Time: 54.78s
2026-01-17 22:36:28,579 | INFO | Batch 320 | Loss: 0.6003 | Correct: 104/128 | Elapsed Time: 54.73s
2026-01-17 22:37:23,307 | INFO | Batch 330 | Loss: 0.6337 | Correct: 104/128 | Elapsed Time: 54.73s
2026-01-17 22:38:18,051 | INFO | Batch 340 | Loss: 0.7187 | Correct: 98/128 | Elapsed Time: 54.74s
2026-01-17 22:39:12,799 | INFO | Batch 350 | Loss: 0.6449 | Correct: 106/128 | Elapsed Time: 54.75s
2026-01-17 22:40:07,687 | INFO | Batch 360 | Loss: 0.9358 | Correct: 90/128 | Elapsed Time: 54.89s
2026-01-17 22:41:02,446 | INFO | Batch 370 | Loss: 0.7344 | Correct: 97/128 | Elapsed Time: 54.76s
2026-01-17 22:41:57,217 | INFO | Batch 380 | Loss: 0.6502 | Correct: 102/128 | Elapsed Time: 54.77s
2026-01-17 22:42:52,013 | INFO | Batch 390 | Loss: 0.6808 | Correct: 100/128 | Elapsed Time: 54.80s
2026-01-17 22:42:55,524 | INFO | Epoch [42/100] - Loss: 0.6194 | Correct: 40377/50000 (80.75%, 2139.90s)
2026-01-17 22:45:49,450 | INFO | Validation - Loss: 2.0090 | Top1: 5670/10000 (56.70%) | Top5: 8309/10000 (83.09%) (173.93s)
2026-01-17 22:46:44,278 | INFO | Batch 10 | Loss: 0.5898 | Correct: 103/128 | Elapsed Time: 54.83s
2026-01-17 22:47:39,045 | INFO | Batch 20 | Loss: 0.5811 | Correct: 107/128 | Elapsed Time: 54.77s
2026-01-17 22:48:33,751 | INFO | Batch 30 | Loss: 0.5772 | Correct: 103/128 | Elapsed Time: 54.71s
2026-01-17 22:49:28,588 | INFO | Batch 40 | Loss: 0.5387 | Correct: 109/128 | Elapsed Time: 54.84s
2026-01-17 22:50:23,327 | INFO | Batch 50 | Loss: 0.4853 | Correct: 104/128 | Elapsed Time: 54.74s
2026-01-17 22:51:18,128 | INFO | Batch 60 | Loss: 0.4256 | Correct: 112/128 | Elapsed Time: 54.80s
2026-01-17 22:52:12,912 | INFO | Batch 70 | Loss: 0.4641 | Correct: 111/128 | Elapsed Time: 54.78s
2026-01-17 22:53:07,660 | INFO | Batch 80 | Loss: 0.5200 | Correct: 109/128 | Elapsed Time: 54.75s
2026-01-17 22:54:02,408 | INFO | Batch 90 | Loss: 0.5725 | Correct: 105/128 | Elapsed Time: 54.75s
2026-01-17 22:54:57,173 | INFO | Batch 100 | Loss: 0.7806 | Correct: 97/128 | Elapsed Time: 54.76s
2026-01-17 22:55:51,959 | INFO | Batch 110 | Loss: 0.6109 | Correct: 107/128 | Elapsed Time: 54.79s
2026-01-17 22:56:46,808 | INFO | Batch 120 | Loss: 0.4736 | Correct: 111/128 | Elapsed Time: 54.85s
2026-01-17 22:57:41,596 | INFO | Batch 130 | Loss: 0.5408 | Correct: 105/128 | Elapsed Time: 54.79s
2026-01-17 22:58:36,349 | INFO | Batch 140 | Loss: 0.4457 | Correct: 109/128 | Elapsed Time: 54.75s
2026-01-17 22:59:31,132 | INFO | Batch 150 | Loss: 0.7138 | Correct: 97/128 | Elapsed Time: 54.78s
2026-01-17 23:00:25,884 | INFO | Batch 160 | Loss: 0.6948 | Correct: 104/128 | Elapsed Time: 54.75s
2026-01-17 23:01:20,679 | INFO | Batch 170 | Loss: 0.6901 | Correct: 101/128 | Elapsed Time: 54.79s
2026-01-17 23:02:15,480 | INFO | Batch 180 | Loss: 0.3830 | Correct: 111/128 | Elapsed Time: 54.80s
2026-01-17 23:03:10,358 | INFO | Batch 190 | Loss: 0.6371 | Correct: 103/128 | Elapsed Time: 54.88s
2026-01-17 23:04:05,105 | INFO | Batch 200 | Loss: 0.6268 | Correct: 103/128 | Elapsed Time: 54.75s
2026-01-17 23:04:59,887 | INFO | Batch 210 | Loss: 0.5772 | Correct: 106/128 | Elapsed Time: 54.78s
2026-01-17 23:05:54,711 | INFO | Batch 220 | Loss: 0.5186 | Correct: 107/128 | Elapsed Time: 54.82s
2026-01-17 23:06:49,453 | INFO | Batch 230 | Loss: 0.7285 | Correct: 94/128 | Elapsed Time: 54.74s
2026-01-17 23:07:44,210 | INFO | Batch 240 | Loss: 0.4297 | Correct: 113/128 | Elapsed Time: 54.76s
2026-01-17 23:08:39,017 | INFO | Batch 250 | Loss: 0.7014 | Correct: 97/128 | Elapsed Time: 54.81s
2026-01-17 23:09:33,793 | INFO | Batch 260 | Loss: 0.7119 | Correct: 99/128 | Elapsed Time: 54.78s
2026-01-17 23:10:28,719 | INFO | Batch 270 | Loss: 0.8558 | Correct: 94/128 | Elapsed Time: 54.93s
2026-01-17 23:11:23,474 | INFO | Batch 280 | Loss: 0.8793 | Correct: 85/128 | Elapsed Time: 54.76s
2026-01-17 23:12:18,277 | INFO | Batch 290 | Loss: 0.7901 | Correct: 96/128 | Elapsed Time: 54.80s
2026-01-17 23:13:13,090 | INFO | Batch 300 | Loss: 0.6397 | Correct: 101/128 | Elapsed Time: 54.81s
2026-01-17 23:14:07,900 | INFO | Batch 310 | Loss: 0.4946 | Correct: 111/128 | Elapsed Time: 54.81s
2026-01-17 23:15:02,659 | INFO | Batch 320 | Loss: 0.7004 | Correct: 95/128 | Elapsed Time: 54.76s
2026-01-17 23:15:57,457 | INFO | Batch 330 | Loss: 0.8031 | Correct: 94/128 | Elapsed Time: 54.80s
2026-01-17 23:16:52,199 | INFO | Batch 340 | Loss: 0.6035 | Correct: 105/128 | Elapsed Time: 54.74s
2026-01-17 23:17:47,122 | INFO | Batch 350 | Loss: 0.5663 | Correct: 105/128 | Elapsed Time: 54.92s
2026-01-17 23:18:41,905 | INFO | Batch 360 | Loss: 0.7880 | Correct: 97/128 | Elapsed Time: 54.78s
2026-01-17 23:19:36,753 | INFO | Batch 370 | Loss: 0.6003 | Correct: 104/128 | Elapsed Time: 54.85s
2026-01-17 23:20:31,557 | INFO | Batch 380 | Loss: 0.7816 | Correct: 95/128 | Elapsed Time: 54.80s
2026-01-17 23:21:26,314 | INFO | Batch 390 | Loss: 0.6285 | Correct: 104/128 | Elapsed Time: 54.76s
2026-01-17 23:21:29,833 | INFO | Epoch [43/100] - Loss: 0.6154 | Correct: 40379/50000 (80.76%, 2140.38s)
2026-01-17 23:24:23,783 | INFO | Validation - Loss: 1.9167 | Top1: 5724/10000 (57.24%) | Top5: 8344/10000 (83.44%) (173.95s)
2026-01-17 23:24:24,833 | INFO | New best model saved at epoch 43 with Top1 Acc: 57.24% (Top5: 83.44%)
2026-01-17 23:25:19,853 | INFO | Batch 10 | Loss: 0.4573 | Correct: 111/128 | Elapsed Time: 55.02s
2026-01-17 23:26:14,635 | INFO | Batch 20 | Loss: 0.5787 | Correct: 108/128 | Elapsed Time: 54.78s
2026-01-17 23:27:09,499 | INFO | Batch 30 | Loss: 0.5430 | Correct: 109/128 | Elapsed Time: 54.86s
2026-01-17 23:28:04,348 | INFO | Batch 40 | Loss: 0.4579 | Correct: 109/128 | Elapsed Time: 54.85s
2026-01-17 23:28:59,129 | INFO | Batch 50 | Loss: 0.4438 | Correct: 111/128 | Elapsed Time: 54.78s
2026-01-17 23:29:53,907 | INFO | Batch 60 | Loss: 0.4349 | Correct: 112/128 | Elapsed Time: 54.78s
2026-01-17 23:30:48,753 | INFO | Batch 70 | Loss: 0.4469 | Correct: 107/128 | Elapsed Time: 54.85s
2026-01-17 23:31:43,549 | INFO | Batch 80 | Loss: 0.6440 | Correct: 104/128 | Elapsed Time: 54.80s
2026-01-17 23:32:38,359 | INFO | Batch 90 | Loss: 0.5387 | Correct: 106/128 | Elapsed Time: 54.81s
2026-01-17 23:33:33,138 | INFO | Batch 100 | Loss: 0.6854 | Correct: 94/128 | Elapsed Time: 54.78s
2026-01-17 23:34:28,003 | INFO | Batch 110 | Loss: 0.4717 | Correct: 108/128 | Elapsed Time: 54.87s
2026-01-17 23:35:22,782 | INFO | Batch 120 | Loss: 0.6201 | Correct: 101/128 | Elapsed Time: 54.78s
2026-01-17 23:36:17,568 | INFO | Batch 130 | Loss: 0.6771 | Correct: 104/128 | Elapsed Time: 54.79s
2026-01-17 23:37:12,306 | INFO | Batch 140 | Loss: 0.4187 | Correct: 115/128 | Elapsed Time: 54.74s
2026-01-17 23:38:07,080 | INFO | Batch 150 | Loss: 0.4193 | Correct: 114/128 | Elapsed Time: 54.77s
2026-01-17 23:39:01,827 | INFO | Batch 160 | Loss: 0.4698 | Correct: 113/128 | Elapsed Time: 54.75s
2026-01-17 23:39:56,574 | INFO | Batch 170 | Loss: 0.6511 | Correct: 103/128 | Elapsed Time: 54.75s
2026-01-17 23:40:51,498 | INFO | Batch 180 | Loss: 0.5733 | Correct: 102/128 | Elapsed Time: 54.92s
2026-01-17 23:41:46,278 | INFO | Batch 190 | Loss: 0.3898 | Correct: 111/128 | Elapsed Time: 54.78s
2026-01-17 23:42:41,058 | INFO | Batch 200 | Loss: 0.6449 | Correct: 99/128 | Elapsed Time: 54.78s
2026-01-17 23:43:35,827 | INFO | Batch 210 | Loss: 0.8341 | Correct: 96/128 | Elapsed Time: 54.77s
2026-01-17 23:44:30,574 | INFO | Batch 220 | Loss: 0.6192 | Correct: 105/128 | Elapsed Time: 54.75s
2026-01-17 23:45:25,508 | INFO | Batch 230 | Loss: 0.6836 | Correct: 98/128 | Elapsed Time: 54.93s
2026-01-17 23:46:20,231 | INFO | Batch 240 | Loss: 0.6967 | Correct: 96/128 | Elapsed Time: 54.72s
2026-01-17 23:47:15,016 | INFO | Batch 250 | Loss: 0.8162 | Correct: 95/128 | Elapsed Time: 54.78s
2026-01-17 23:48:09,881 | INFO | Batch 260 | Loss: 0.5236 | Correct: 99/128 | Elapsed Time: 54.86s
2026-01-17 23:49:04,680 | INFO | Batch 270 | Loss: 0.6003 | Correct: 106/128 | Elapsed Time: 54.80s
2026-01-17 23:49:59,500 | INFO | Batch 280 | Loss: 0.6440 | Correct: 101/128 | Elapsed Time: 54.82s
2026-01-17 23:50:54,314 | INFO | Batch 290 | Loss: 0.5549 | Correct: 103/128 | Elapsed Time: 54.81s
2026-01-17 23:51:49,128 | INFO | Batch 300 | Loss: 0.6502 | Correct: 100/128 | Elapsed Time: 54.81s
2026-01-17 23:52:43,946 | INFO | Batch 310 | Loss: 0.7465 | Correct: 95/128 | Elapsed Time: 54.82s
2026-01-17 23:53:38,769 | INFO | Batch 320 | Loss: 0.6449 | Correct: 99/128 | Elapsed Time: 54.82s
2026-01-17 23:54:33,677 | INFO | Batch 330 | Loss: 0.5819 | Correct: 106/128 | Elapsed Time: 54.91s
2026-01-17 23:55:28,498 | INFO | Batch 340 | Loss: 0.8746 | Correct: 93/128 | Elapsed Time: 54.82s
2026-01-17 23:56:23,289 | INFO | Batch 350 | Loss: 0.6109 | Correct: 99/128 | Elapsed Time: 54.79s
2026-01-17 23:57:18,089 | INFO | Batch 360 | Loss: 0.4536 | Correct: 107/128 | Elapsed Time: 54.80s
2026-01-17 23:58:12,861 | INFO | Batch 370 | Loss: 0.6414 | Correct: 98/128 | Elapsed Time: 54.77s
2026-01-17 23:59:07,684 | INFO | Batch 380 | Loss: 0.7245 | Correct: 98/128 | Elapsed Time: 54.82s
2026-01-18 00:00:02,496 | INFO | Batch 390 | Loss: 0.5549 | Correct: 107/128 | Elapsed Time: 54.81s
2026-01-18 00:00:06,033 | INFO | Epoch [44/100] - Loss: 0.5891 | Correct: 40742/50000 (81.48%, 2141.20s)
2026-01-18 00:02:59,853 | INFO | Validation - Loss: 2.0239 | Top1: 5674/10000 (56.74%) | Top5: 8284/10000 (82.84%) (173.82s)
2026-01-18 00:03:54,731 | INFO | Batch 10 | Loss: 0.5764 | Correct: 108/128 | Elapsed Time: 54.88s
2026-01-18 00:04:49,542 | INFO | Batch 20 | Loss: 0.5579 | Correct: 105/128 | Elapsed Time: 54.81s
2026-01-18 00:05:44,400 | INFO | Batch 30 | Loss: 0.5438 | Correct: 109/128 | Elapsed Time: 54.86s
2026-01-18 00:06:39,184 | INFO | Batch 40 | Loss: 0.6406 | Correct: 105/128 | Elapsed Time: 54.78s
2026-01-18 00:07:33,987 | INFO | Batch 50 | Loss: 0.4782 | Correct: 107/128 | Elapsed Time: 54.80s
2026-01-18 00:08:28,811 | INFO | Batch 60 | Loss: 0.5328 | Correct: 105/128 | Elapsed Time: 54.82s
2026-01-18 00:09:23,649 | INFO | Batch 70 | Loss: 0.5186 | Correct: 107/128 | Elapsed Time: 54.84s
2026-01-18 00:10:18,459 | INFO | Batch 80 | Loss: 0.6101 | Correct: 102/128 | Elapsed Time: 54.81s
2026-01-18 00:11:13,383 | INFO | Batch 90 | Loss: 0.6388 | Correct: 97/128 | Elapsed Time: 54.92s
2026-01-18 00:12:08,219 | INFO | Batch 100 | Loss: 0.5906 | Correct: 104/128 | Elapsed Time: 54.84s
2026-01-18 00:13:02,991 | INFO | Batch 110 | Loss: 0.5221 | Correct: 111/128 | Elapsed Time: 54.77s
2026-01-18 00:13:57,784 | INFO | Batch 120 | Loss: 0.5542 | Correct: 106/128 | Elapsed Time: 54.79s
2026-01-18 00:14:52,647 | INFO | Batch 130 | Loss: 0.7129 | Correct: 100/128 | Elapsed Time: 54.86s
2026-01-18 00:15:47,511 | INFO | Batch 140 | Loss: 0.5200 | Correct: 105/128 | Elapsed Time: 54.86s
2026-01-18 00:16:42,250 | INFO | Batch 150 | Loss: 0.6285 | Correct: 107/128 | Elapsed Time: 54.74s
2026-01-18 00:17:37,008 | INFO | Batch 160 | Loss: 0.7454 | Correct: 93/128 | Elapsed Time: 54.76s
2026-01-18 00:18:31,876 | INFO | Batch 170 | Loss: 0.5995 | Correct: 101/128 | Elapsed Time: 54.87s
2026-01-18 00:19:26,675 | INFO | Batch 180 | Loss: 0.7100 | Correct: 96/128 | Elapsed Time: 54.80s
2026-01-18 00:20:21,480 | INFO | Batch 190 | Loss: 0.5946 | Correct: 108/128 | Elapsed Time: 54.81s
2026-01-18 00:21:16,267 | INFO | Batch 200 | Loss: 0.4367 | Correct: 108/128 | Elapsed Time: 54.79s
2026-01-18 00:22:11,020 | INFO | Batch 210 | Loss: 0.5158 | Correct: 106/128 | Elapsed Time: 54.75s
2026-01-18 00:23:05,810 | INFO | Batch 220 | Loss: 0.5257 | Correct: 109/128 | Elapsed Time: 54.79s
2026-01-18 00:24:00,593 | INFO | Batch 230 | Loss: 0.7859 | Correct: 103/128 | Elapsed Time: 54.78s
2026-01-18 00:24:55,494 | INFO | Batch 240 | Loss: 0.5579 | Correct: 111/128 | Elapsed Time: 54.90s
2026-01-18 00:25:50,292 | INFO | Batch 250 | Loss: 0.7109 | Correct: 103/128 | Elapsed Time: 54.80s
2026-01-18 00:26:45,116 | INFO | Batch 260 | Loss: 0.4268 | Correct: 111/128 | Elapsed Time: 54.82s
2026-01-18 00:27:39,866 | INFO | Batch 270 | Loss: 0.5986 | Correct: 103/128 | Elapsed Time: 54.75s
2026-01-18 00:28:34,663 | INFO | Batch 280 | Loss: 0.6397 | Correct: 105/128 | Elapsed Time: 54.80s
2026-01-18 00:29:29,483 | INFO | Batch 290 | Loss: 0.7138 | Correct: 100/128 | Elapsed Time: 54.82s
2026-01-18 00:30:24,268 | INFO | Batch 300 | Loss: 0.7955 | Correct: 94/128 | Elapsed Time: 54.78s
2026-01-18 00:31:19,110 | INFO | Batch 310 | Loss: 0.5207 | Correct: 111/128 | Elapsed Time: 54.84s
2026-01-18 00:32:13,962 | INFO | Batch 320 | Loss: 0.8341 | Correct: 92/128 | Elapsed Time: 54.85s
2026-01-18 00:33:08,779 | INFO | Batch 330 | Loss: 0.7680 | Correct: 99/128 | Elapsed Time: 54.82s
2026-01-18 00:34:03,562 | INFO | Batch 340 | Loss: 0.4973 | Correct: 107/128 | Elapsed Time: 54.78s
2026-01-18 00:34:58,360 | INFO | Batch 350 | Loss: 0.6371 | Correct: 103/128 | Elapsed Time: 54.80s
2026-01-18 00:35:53,315 | INFO | Batch 360 | Loss: 0.6771 | Correct: 102/128 | Elapsed Time: 54.96s
2026-01-18 00:36:48,123 | INFO | Batch 370 | Loss: 0.6537 | Correct: 106/128 | Elapsed Time: 54.81s
2026-01-18 00:37:42,856 | INFO | Batch 380 | Loss: 0.7042 | Correct: 101/128 | Elapsed Time: 54.73s
2026-01-18 00:38:37,587 | INFO | Batch 390 | Loss: 0.7742 | Correct: 96/128 | Elapsed Time: 54.73s
2026-01-18 00:38:41,218 | INFO | Epoch [45/100] - Loss: 0.5813 | Correct: 40840/50000 (81.68%, 2141.36s)
2026-01-18 00:41:35,164 | INFO | Validation - Loss: 2.0408 | Top1: 5600/10000 (56.00%) | Top5: 8283/10000 (82.83%) (173.95s)
2026-01-18 00:42:29,969 | INFO | Batch 10 | Loss: 0.6354 | Correct: 103/128 | Elapsed Time: 54.80s
2026-01-18 00:43:24,771 | INFO | Batch 20 | Loss: 0.5014 | Correct: 108/128 | Elapsed Time: 54.80s
2026-01-18 00:44:19,519 | INFO | Batch 30 | Loss: 0.5922 | Correct: 105/128 | Elapsed Time: 54.75s
2026-01-18 00:45:14,436 | INFO | Batch 40 | Loss: 0.4808 | Correct: 110/128 | Elapsed Time: 54.92s
2026-01-18 00:46:09,224 | INFO | Batch 50 | Loss: 0.3692 | Correct: 117/128 | Elapsed Time: 54.79s
2026-01-18 00:47:03,997 | INFO | Batch 60 | Loss: 0.4585 | Correct: 111/128 | Elapsed Time: 54.77s
2026-01-18 00:47:58,906 | INFO | Batch 70 | Loss: 0.4913 | Correct: 113/128 | Elapsed Time: 54.91s
2026-01-18 00:48:53,733 | INFO | Batch 80 | Loss: 0.3652 | Correct: 114/128 | Elapsed Time: 54.83s
2026-01-18 00:49:48,531 | INFO | Batch 90 | Loss: 0.6653 | Correct: 105/128 | Elapsed Time: 54.80s
2026-01-18 00:50:43,317 | INFO | Batch 100 | Loss: 0.6076 | Correct: 97/128 | Elapsed Time: 54.79s
2026-01-18 00:51:38,100 | INFO | Batch 110 | Loss: 0.4245 | Correct: 113/128 | Elapsed Time: 54.78s
2026-01-18 00:52:32,841 | INFO | Batch 120 | Loss: 0.6910 | Correct: 97/128 | Elapsed Time: 54.74s
2026-01-18 00:53:27,604 | INFO | Batch 130 | Loss: 0.4457 | Correct: 110/128 | Elapsed Time: 54.76s
2026-01-18 00:54:22,410 | INFO | Batch 140 | Loss: 0.6345 | Correct: 103/128 | Elapsed Time: 54.81s
2026-01-18 00:55:17,349 | INFO | Batch 150 | Loss: 0.5130 | Correct: 105/128 | Elapsed Time: 54.94s
2026-01-18 00:56:12,215 | INFO | Batch 160 | Loss: 0.6689 | Correct: 104/128 | Elapsed Time: 54.87s
2026-01-18 00:57:06,969 | INFO | Batch 170 | Loss: 0.5151 | Correct: 109/128 | Elapsed Time: 54.75s
2026-01-18 00:58:01,718 | INFO | Batch 180 | Loss: 0.5328 | Correct: 102/128 | Elapsed Time: 54.75s
2026-01-18 00:58:56,542 | INFO | Batch 190 | Loss: 0.7901 | Correct: 94/128 | Elapsed Time: 54.82s
2026-01-18 00:59:51,372 | INFO | Batch 200 | Loss: 0.4899 | Correct: 108/128 | Elapsed Time: 54.83s
2026-01-18 01:00:46,145 | INFO | Batch 210 | Loss: 0.5906 | Correct: 105/128 | Elapsed Time: 54.77s
2026-01-18 01:01:40,926 | INFO | Batch 220 | Loss: 0.4711 | Correct: 105/128 | Elapsed Time: 54.78s
2026-01-18 01:02:35,825 | INFO | Batch 230 | Loss: 0.5236 | Correct: 105/128 | Elapsed Time: 54.90s
2026-01-18 01:03:30,611 | INFO | Batch 240 | Loss: 0.7052 | Correct: 102/128 | Elapsed Time: 54.79s
2026-01-18 01:04:25,437 | INFO | Batch 250 | Loss: 0.6388 | Correct: 101/128 | Elapsed Time: 54.83s
2026-01-18 01:05:20,310 | INFO | Batch 260 | Loss: 0.8409 | Correct: 101/128 | Elapsed Time: 54.87s
2026-01-18 01:06:15,144 | INFO | Batch 270 | Loss: 0.5408 | Correct: 104/128 | Elapsed Time: 54.83s
2026-01-18 01:07:09,939 | INFO | Batch 280 | Loss: 0.4597 | Correct: 108/128 | Elapsed Time: 54.80s
2026-01-18 01:08:04,768 | INFO | Batch 290 | Loss: 0.6003 | Correct: 106/128 | Elapsed Time: 54.83s
2026-01-18 01:08:59,517 | INFO | Batch 300 | Loss: 0.6799 | Correct: 100/128 | Elapsed Time: 54.75s
2026-01-18 01:09:54,466 | INFO | Batch 310 | Loss: 0.5564 | Correct: 102/128 | Elapsed Time: 54.95s
2026-01-18 01:10:49,271 | INFO | Batch 320 | Loss: 0.7071 | Correct: 102/128 | Elapsed Time: 54.81s
2026-01-18 01:11:44,016 | INFO | Batch 330 | Loss: 0.5000 | Correct: 107/128 | Elapsed Time: 54.74s
2026-01-18 01:12:38,823 | INFO | Batch 340 | Loss: 0.6093 | Correct: 102/128 | Elapsed Time: 54.81s
2026-01-18 01:13:33,623 | INFO | Batch 350 | Loss: 0.8865 | Correct: 94/128 | Elapsed Time: 54.80s
2026-01-18 01:14:28,363 | INFO | Batch 360 | Loss: 0.6159 | Correct: 105/128 | Elapsed Time: 54.74s
2026-01-18 01:15:23,162 | INFO | Batch 370 | Loss: 0.7465 | Correct: 96/128 | Elapsed Time: 54.80s
2026-01-18 01:16:18,053 | INFO | Batch 380 | Loss: 0.6608 | Correct: 103/128 | Elapsed Time: 54.89s
2026-01-18 01:17:12,866 | INFO | Batch 390 | Loss: 0.7659 | Correct: 101/128 | Elapsed Time: 54.81s
2026-01-18 01:17:16,385 | INFO | Epoch [46/100] - Loss: 0.5681 | Correct: 41041/50000 (82.08%, 2141.22s)
2026-01-18 01:20:10,430 | INFO | Validation - Loss: 2.0120 | Top1: 5719/10000 (57.19%) | Top5: 8295/10000 (82.95%) (174.04s)
2026-01-18 01:21:05,232 | INFO | Batch 10 | Loss: 0.3672 | Correct: 114/128 | Elapsed Time: 54.80s
2026-01-18 01:21:59,994 | INFO | Batch 20 | Loss: 0.3005 | Correct: 118/128 | Elapsed Time: 54.76s
2026-01-18 01:22:54,771 | INFO | Batch 30 | Loss: 0.3793 | Correct: 112/128 | Elapsed Time: 54.78s
2026-01-18 01:23:49,584 | INFO | Batch 40 | Loss: 0.5512 | Correct: 109/128 | Elapsed Time: 54.81s
2026-01-18 01:24:44,339 | INFO | Batch 50 | Loss: 0.4199 | Correct: 106/128 | Elapsed Time: 54.75s
2026-01-18 01:25:39,278 | INFO | Batch 60 | Loss: 0.5020 | Correct: 108/128 | Elapsed Time: 54.94s
2026-01-18 01:26:34,107 | INFO | Batch 70 | Loss: 0.5842 | Correct: 107/128 | Elapsed Time: 54.83s
2026-01-18 01:27:28,886 | INFO | Batch 80 | Loss: 0.5438 | Correct: 103/128 | Elapsed Time: 54.78s
2026-01-18 01:28:23,654 | INFO | Batch 90 | Loss: 0.4059 | Correct: 108/128 | Elapsed Time: 54.77s
2026-01-18 01:29:18,479 | INFO | Batch 100 | Loss: 0.5250 | Correct: 105/128 | Elapsed Time: 54.82s
2026-01-18 01:30:13,294 | INFO | Batch 110 | Loss: 0.4355 | Correct: 113/128 | Elapsed Time: 54.82s
2026-01-18 01:31:08,116 | INFO | Batch 120 | Loss: 0.5717 | Correct: 100/128 | Elapsed Time: 54.82s
2026-01-18 01:32:02,904 | INFO | Batch 130 | Loss: 0.5000 | Correct: 107/128 | Elapsed Time: 54.79s
2026-01-18 01:32:57,763 | INFO | Batch 140 | Loss: 0.5595 | Correct: 105/128 | Elapsed Time: 54.86s
2026-01-18 01:33:52,553 | INFO | Batch 150 | Loss: 0.5656 | Correct: 105/128 | Elapsed Time: 54.79s
2026-01-18 01:34:47,352 | INFO | Batch 160 | Loss: 0.3677 | Correct: 109/128 | Elapsed Time: 54.80s
2026-01-18 01:35:42,281 | INFO | Batch 170 | Loss: 0.6218 | Correct: 104/128 | Elapsed Time: 54.93s
2026-01-18 01:36:37,074 | INFO | Batch 180 | Loss: 0.6159 | Correct: 99/128 | Elapsed Time: 54.79s
2026-01-18 01:37:31,864 | INFO | Batch 190 | Loss: 0.5221 | Correct: 108/128 | Elapsed Time: 54.79s
2026-01-18 01:38:26,641 | INFO | Batch 200 | Loss: 0.8173 | Correct: 97/128 | Elapsed Time: 54.78s
2026-01-18 01:39:21,422 | INFO | Batch 210 | Loss: 0.5671 | Correct: 99/128 | Elapsed Time: 54.78s
2026-01-18 01:40:16,324 | INFO | Batch 220 | Loss: 0.5970 | Correct: 104/128 | Elapsed Time: 54.90s
2026-01-18 01:41:11,134 | INFO | Batch 230 | Loss: 0.6707 | Correct: 104/128 | Elapsed Time: 54.81s
2026-01-18 01:42:05,917 | INFO | Batch 240 | Loss: 0.5842 | Correct: 102/128 | Elapsed Time: 54.78s
2026-01-18 01:43:00,651 | INFO | Batch 250 | Loss: 0.5850 | Correct: 109/128 | Elapsed Time: 54.73s
2026-01-18 01:43:55,453 | INFO | Batch 260 | Loss: 0.4953 | Correct: 109/128 | Elapsed Time: 54.80s
2026-01-18 01:44:50,239 | INFO | Batch 270 | Loss: 0.6771 | Correct: 105/128 | Elapsed Time: 54.79s
2026-01-18 01:45:45,059 | INFO | Batch 280 | Loss: 0.6744 | Correct: 103/128 | Elapsed Time: 54.82s
2026-01-18 01:46:39,902 | INFO | Batch 290 | Loss: 0.8330 | Correct: 93/128 | Elapsed Time: 54.84s
2026-01-18 01:47:34,703 | INFO | Batch 300 | Loss: 0.5938 | Correct: 103/128 | Elapsed Time: 54.80s
2026-01-18 01:48:29,545 | INFO | Batch 310 | Loss: 0.5874 | Correct: 106/128 | Elapsed Time: 54.84s
2026-01-18 01:49:24,305 | INFO | Batch 320 | Loss: 0.5595 | Correct: 108/128 | Elapsed Time: 54.76s
2026-01-18 01:50:19,111 | INFO | Batch 330 | Loss: 0.5656 | Correct: 107/128 | Elapsed Time: 54.81s
2026-01-18 01:51:13,930 | INFO | Batch 340 | Loss: 0.7505 | Correct: 97/128 | Elapsed Time: 54.82s
2026-01-18 01:52:08,738 | INFO | Batch 350 | Loss: 0.7424 | Correct: 101/128 | Elapsed Time: 54.81s
2026-01-18 01:53:03,525 | INFO | Batch 360 | Loss: 0.7454 | Correct: 101/128 | Elapsed Time: 54.79s
2026-01-18 01:53:58,473 | INFO | Batch 370 | Loss: 0.6201 | Correct: 103/128 | Elapsed Time: 54.95s
2026-01-18 01:54:53,259 | INFO | Batch 380 | Loss: 0.4834 | Correct: 106/128 | Elapsed Time: 54.79s
2026-01-18 01:55:48,167 | INFO | Batch 390 | Loss: 0.4622 | Correct: 110/128 | Elapsed Time: 54.91s
2026-01-18 01:55:51,681 | INFO | Epoch [47/100] - Loss: 0.5704 | Correct: 40971/50000 (81.94%, 2141.25s)
2026-01-18 01:58:45,512 | INFO | Validation - Loss: 1.9922 | Top1: 5716/10000 (57.16%) | Top5: 8295/10000 (82.95%) (173.83s)
2026-01-18 01:59:40,230 | INFO | Batch 10 | Loss: 0.3804 | Correct: 112/128 | Elapsed Time: 54.71s
2026-01-18 02:00:35,034 | INFO | Batch 20 | Loss: 0.3898 | Correct: 114/128 | Elapsed Time: 54.80s
2026-01-18 02:01:29,815 | INFO | Batch 30 | Loss: 0.4597 | Correct: 114/128 | Elapsed Time: 54.78s
2026-01-18 02:02:24,734 | INFO | Batch 40 | Loss: 0.6528 | Correct: 103/128 | Elapsed Time: 54.92s
2026-01-18 02:03:19,518 | INFO | Batch 50 | Loss: 0.3536 | Correct: 111/128 | Elapsed Time: 54.78s
2026-01-18 02:04:14,327 | INFO | Batch 60 | Loss: 0.5285 | Correct: 107/128 | Elapsed Time: 54.81s
2026-01-18 02:05:09,246 | INFO | Batch 70 | Loss: 0.5694 | Correct: 107/128 | Elapsed Time: 54.92s
2026-01-18 02:06:04,016 | INFO | Batch 80 | Loss: 0.6226 | Correct: 103/128 | Elapsed Time: 54.77s
2026-01-18 02:06:58,766 | INFO | Batch 90 | Loss: 0.5625 | Correct: 106/128 | Elapsed Time: 54.75s
2026-01-18 02:07:53,551 | INFO | Batch 100 | Loss: 0.6345 | Correct: 99/128 | Elapsed Time: 54.79s
2026-01-18 02:08:48,319 | INFO | Batch 110 | Loss: 0.5109 | Correct: 102/128 | Elapsed Time: 54.77s
2026-01-18 02:09:43,187 | INFO | Batch 120 | Loss: 0.4801 | Correct: 107/128 | Elapsed Time: 54.87s
2026-01-18 02:10:37,955 | INFO | Batch 130 | Loss: 0.5564 | Correct: 102/128 | Elapsed Time: 54.77s
2026-01-18 02:11:32,743 | INFO | Batch 140 | Loss: 0.3983 | Correct: 113/128 | Elapsed Time: 54.79s
2026-01-18 02:12:27,545 | INFO | Batch 150 | Loss: 0.6564 | Correct: 100/128 | Elapsed Time: 54.80s
2026-01-18 02:13:22,335 | INFO | Batch 160 | Loss: 0.4109 | Correct: 106/128 | Elapsed Time: 54.79s
2026-01-18 02:14:17,089 | INFO | Batch 170 | Loss: 0.5350 | Correct: 107/128 | Elapsed Time: 54.75s
2026-01-18 02:15:11,907 | INFO | Batch 180 | Loss: 0.6475 | Correct: 103/128 | Elapsed Time: 54.82s
2026-01-18 02:16:06,770 | INFO | Batch 190 | Loss: 0.5278 | Correct: 107/128 | Elapsed Time: 54.86s
2026-01-18 02:17:01,578 | INFO | Batch 200 | Loss: 0.5922 | Correct: 106/128 | Elapsed Time: 54.81s
2026-01-18 02:17:56,398 | INFO | Batch 210 | Loss: 0.5387 | Correct: 108/128 | Elapsed Time: 54.82s
2026-01-18 02:18:51,244 | INFO | Batch 220 | Loss: 0.4268 | Correct: 108/128 | Elapsed Time: 54.85s
2026-01-18 02:19:46,064 | INFO | Batch 230 | Loss: 0.5482 | Correct: 105/128 | Elapsed Time: 54.82s
2026-01-18 02:20:40,965 | INFO | Batch 240 | Loss: 0.5007 | Correct: 108/128 | Elapsed Time: 54.90s
2026-01-18 02:21:35,755 | INFO | Batch 250 | Loss: 0.4980 | Correct: 108/128 | Elapsed Time: 54.79s
2026-01-18 02:22:30,554 | INFO | Batch 260 | Loss: 0.6484 | Correct: 101/128 | Elapsed Time: 54.80s
2026-01-18 02:23:25,474 | INFO | Batch 270 | Loss: 0.6467 | Correct: 105/128 | Elapsed Time: 54.92s
2026-01-18 02:24:20,289 | INFO | Batch 280 | Loss: 0.4814 | Correct: 104/128 | Elapsed Time: 54.82s
2026-01-18 02:25:15,230 | INFO | Batch 290 | Loss: 0.4893 | Correct: 109/128 | Elapsed Time: 54.94s
2026-01-18 02:26:10,041 | INFO | Batch 300 | Loss: 0.6680 | Correct: 99/128 | Elapsed Time: 54.81s
2026-01-18 02:27:04,829 | INFO | Batch 310 | Loss: 0.6068 | Correct: 107/128 | Elapsed Time: 54.79s
2026-01-18 02:27:59,607 | INFO | Batch 320 | Loss: 0.7236 | Correct: 104/128 | Elapsed Time: 54.78s
2026-01-18 02:28:54,411 | INFO | Batch 330 | Loss: 0.6493 | Correct: 103/128 | Elapsed Time: 54.80s
2026-01-18 02:29:49,170 | INFO | Batch 340 | Loss: 0.6976 | Correct: 97/128 | Elapsed Time: 54.76s
2026-01-18 02:30:44,031 | INFO | Batch 350 | Loss: 0.6653 | Correct: 101/128 | Elapsed Time: 54.86s
2026-01-18 02:31:38,872 | INFO | Batch 360 | Loss: 0.6184 | Correct: 101/128 | Elapsed Time: 54.84s
2026-01-18 02:32:33,628 | INFO | Batch 370 | Loss: 0.6680 | Correct: 100/128 | Elapsed Time: 54.76s
2026-01-18 02:33:28,421 | INFO | Batch 380 | Loss: 0.4199 | Correct: 112/128 | Elapsed Time: 54.79s
2026-01-18 02:34:23,203 | INFO | Batch 390 | Loss: 0.6311 | Correct: 105/128 | Elapsed Time: 54.78s
2026-01-18 02:34:26,720 | INFO | Epoch [48/100] - Loss: 0.5498 | Correct: 41332/50000 (82.66%, 2141.20s)
2026-01-18 02:37:20,624 | INFO | Validation - Loss: 2.1418 | Top1: 5538/10000 (55.38%) | Top5: 8180/10000 (81.80%) (173.90s)
2026-01-18 02:38:15,450 | INFO | Batch 10 | Loss: 0.4566 | Correct: 111/128 | Elapsed Time: 54.82s
2026-01-18 02:39:10,335 | INFO | Batch 20 | Loss: 0.3903 | Correct: 114/128 | Elapsed Time: 54.89s
2026-01-18 02:40:05,130 | INFO | Batch 30 | Loss: 0.4840 | Correct: 112/128 | Elapsed Time: 54.80s
2026-01-18 02:40:59,772 | INFO | Batch 40 | Loss: 0.4391 | Correct: 111/128 | Elapsed Time: 54.64s
2026-01-18 02:41:54,559 | INFO | Batch 50 | Loss: 0.4239 | Correct: 109/128 | Elapsed Time: 54.79s
2026-01-18 02:42:49,323 | INFO | Batch 60 | Loss: 0.3977 | Correct: 114/128 | Elapsed Time: 54.76s
2026-01-18 02:43:44,084 | INFO | Batch 70 | Loss: 0.5504 | Correct: 110/128 | Elapsed Time: 54.76s
2026-01-18 02:44:38,827 | INFO | Batch 80 | Loss: 0.4032 | Correct: 113/128 | Elapsed Time: 54.74s
2026-01-18 02:45:33,710 | INFO | Batch 90 | Loss: 0.5236 | Correct: 106/128 | Elapsed Time: 54.88s
2026-01-18 02:46:28,470 | INFO | Batch 100 | Loss: 0.4499 | Correct: 108/128 | Elapsed Time: 54.76s
2026-01-18 02:47:23,275 | INFO | Batch 110 | Loss: 0.4960 | Correct: 108/128 | Elapsed Time: 54.81s
2026-01-18 02:48:18,056 | INFO | Batch 120 | Loss: 0.3951 | Correct: 111/128 | Elapsed Time: 54.78s
2026-01-18 02:49:12,853 | INFO | Batch 130 | Loss: 0.6354 | Correct: 108/128 | Elapsed Time: 54.80s
2026-01-18 02:50:07,656 | INFO | Batch 140 | Loss: 0.5694 | Correct: 105/128 | Elapsed Time: 54.80s
2026-01-18 02:51:02,451 | INFO | Batch 150 | Loss: 0.3856 | Correct: 112/128 | Elapsed Time: 54.80s
2026-01-18 02:51:57,231 | INFO | Batch 160 | Loss: 0.4946 | Correct: 109/128 | Elapsed Time: 54.78s
2026-01-18 02:52:52,098 | INFO | Batch 170 | Loss: 0.5467 | Correct: 108/128 | Elapsed Time: 54.87s
2026-01-18 02:53:46,911 | INFO | Batch 180 | Loss: 0.6707 | Correct: 104/128 | Elapsed Time: 54.81s
2026-01-18 02:54:41,697 | INFO | Batch 190 | Loss: 0.4946 | Correct: 105/128 | Elapsed Time: 54.79s
2026-01-18 02:55:36,703 | INFO | Batch 200 | Loss: 0.5307 | Correct: 103/128 | Elapsed Time: 55.01s
2026-01-18 02:56:31,477 | INFO | Batch 210 | Loss: 0.7711 | Correct: 96/128 | Elapsed Time: 54.77s
2026-01-18 02:57:26,239 | INFO | Batch 220 | Loss: 0.5842 | Correct: 106/128 | Elapsed Time: 54.76s
2026-01-18 02:58:21,000 | INFO | Batch 230 | Loss: 0.6011 | Correct: 102/128 | Elapsed Time: 54.76s
2026-01-18 02:59:15,826 | INFO | Batch 240 | Loss: 0.4355 | Correct: 110/128 | Elapsed Time: 54.83s
2026-01-18 03:00:10,607 | INFO | Batch 250 | Loss: 0.7090 | Correct: 101/128 | Elapsed Time: 54.78s
2026-01-18 03:01:05,327 | INFO | Batch 260 | Loss: 0.5089 | Correct: 110/128 | Elapsed Time: 54.72s
2026-01-18 03:02:00,102 | INFO | Batch 270 | Loss: 0.4554 | Correct: 108/128 | Elapsed Time: 54.77s
2026-01-18 03:02:54,813 | INFO | Batch 280 | Loss: 0.6845 | Correct: 101/128 | Elapsed Time: 54.71s
2026-01-18 03:03:49,544 | INFO | Batch 290 | Loss: 0.6035 | Correct: 101/128 | Elapsed Time: 54.73s
2026-01-18 03:04:44,296 | INFO | Batch 300 | Loss: 0.5542 | Correct: 110/128 | Elapsed Time: 54.75s
2026-01-18 03:05:39,058 | INFO | Batch 310 | Loss: 0.6035 | Correct: 105/128 | Elapsed Time: 54.76s
2026-01-18 03:06:33,890 | INFO | Batch 320 | Loss: 0.5679 | Correct: 109/128 | Elapsed Time: 54.83s
2026-01-18 03:07:28,608 | INFO | Batch 330 | Loss: 0.6311 | Correct: 102/128 | Elapsed Time: 54.72s
2026-01-18 03:08:23,349 | INFO | Batch 340 | Loss: 0.6799 | Correct: 96/128 | Elapsed Time: 54.74s
2026-01-18 03:09:18,110 | INFO | Batch 350 | Loss: 0.6134 | Correct: 103/128 | Elapsed Time: 54.76s
2026-01-18 03:10:12,997 | INFO | Batch 360 | Loss: 0.5819 | Correct: 104/128 | Elapsed Time: 54.89s
2026-01-18 03:11:07,779 | INFO | Batch 370 | Loss: 0.3783 | Correct: 113/128 | Elapsed Time: 54.78s
2026-01-18 03:12:02,547 | INFO | Batch 380 | Loss: 0.6414 | Correct: 102/128 | Elapsed Time: 54.77s
2026-01-18 03:12:57,441 | INFO | Batch 390 | Loss: 0.6735 | Correct: 105/128 | Elapsed Time: 54.89s
2026-01-18 03:13:00,947 | INFO | Epoch [49/100] - Loss: 0.5367 | Correct: 41543/50000 (83.09%, 2140.32s)
2026-01-18 03:15:54,938 | INFO | Validation - Loss: 2.0398 | Top1: 5618/10000 (56.18%) | Top5: 8275/10000 (82.75%) (173.99s)
2026-01-18 03:16:49,688 | INFO | Batch 10 | Loss: 0.5328 | Correct: 110/128 | Elapsed Time: 54.75s
2026-01-18 03:17:44,470 | INFO | Batch 20 | Loss: 0.4579 | Correct: 111/128 | Elapsed Time: 54.78s
2026-01-18 03:18:39,299 | INFO | Batch 30 | Loss: 0.2898 | Correct: 118/128 | Elapsed Time: 54.83s
2026-01-18 03:19:34,094 | INFO | Batch 40 | Loss: 0.4960 | Correct: 106/128 | Elapsed Time: 54.79s
2026-01-18 03:20:28,915 | INFO | Batch 50 | Loss: 0.4126 | Correct: 109/128 | Elapsed Time: 54.82s
2026-01-18 03:21:23,707 | INFO | Batch 60 | Loss: 0.5034 | Correct: 109/128 | Elapsed Time: 54.79s
2026-01-18 03:22:18,470 | INFO | Batch 70 | Loss: 0.4886 | Correct: 104/128 | Elapsed Time: 54.76s
2026-01-18 03:23:13,372 | INFO | Batch 80 | Loss: 0.2216 | Correct: 121/128 | Elapsed Time: 54.90s
2026-01-18 03:24:08,149 | INFO | Batch 90 | Loss: 0.3427 | Correct: 115/128 | Elapsed Time: 54.78s
2026-01-18 03:25:02,917 | INFO | Batch 100 | Loss: 0.5475 | Correct: 108/128 | Elapsed Time: 54.77s
2026-01-18 03:25:57,732 | INFO | Batch 110 | Loss: 0.5075 | Correct: 107/128 | Elapsed Time: 54.82s
2026-01-18 03:26:52,494 | INFO | Batch 120 | Loss: 0.4629 | Correct: 108/128 | Elapsed Time: 54.76s
2026-01-18 03:27:47,258 | INFO | Batch 130 | Loss: 0.4355 | Correct: 112/128 | Elapsed Time: 54.76s
2026-01-18 03:28:41,998 | INFO | Batch 140 | Loss: 0.4126 | Correct: 112/128 | Elapsed Time: 54.74s
2026-01-18 03:29:36,860 | INFO | Batch 150 | Loss: 0.4397 | Correct: 112/128 | Elapsed Time: 54.86s
2026-01-18 03:30:31,582 | INFO | Batch 160 | Loss: 0.6243 | Correct: 106/128 | Elapsed Time: 54.72s
2026-01-18 03:31:26,334 | INFO | Batch 170 | Loss: 0.5027 | Correct: 102/128 | Elapsed Time: 54.75s
2026-01-18 03:32:21,084 | INFO | Batch 180 | Loss: 0.4554 | Correct: 106/128 | Elapsed Time: 54.75s
2026-01-18 03:33:15,831 | INFO | Batch 190 | Loss: 0.4043 | Correct: 113/128 | Elapsed Time: 54.75s
2026-01-18 03:34:10,572 | INFO | Batch 200 | Loss: 0.5165 | Correct: 105/128 | Elapsed Time: 54.74s
2026-01-18 03:35:05,375 | INFO | Batch 210 | Loss: 0.5717 | Correct: 103/128 | Elapsed Time: 54.80s
2026-01-18 03:36:00,094 | INFO | Batch 220 | Loss: 0.3682 | Correct: 114/128 | Elapsed Time: 54.72s
2026-01-18 03:36:54,930 | INFO | Batch 230 | Loss: 0.5633 | Correct: 105/128 | Elapsed Time: 54.84s
2026-01-18 03:37:49,669 | INFO | Batch 240 | Loss: 0.4432 | Correct: 110/128 | Elapsed Time: 54.74s
2026-01-18 03:38:44,393 | INFO | Batch 250 | Loss: 0.6671 | Correct: 102/128 | Elapsed Time: 54.72s
2026-01-18 03:39:39,147 | INFO | Batch 260 | Loss: 0.5151 | Correct: 104/128 | Elapsed Time: 54.75s
2026-01-18 03:40:33,874 | INFO | Batch 270 | Loss: 0.5061 | Correct: 108/128 | Elapsed Time: 54.73s
2026-01-18 03:41:28,642 | INFO | Batch 280 | Loss: 0.4736 | Correct: 108/128 | Elapsed Time: 54.77s
2026-01-18 03:42:23,400 | INFO | Batch 290 | Loss: 0.5986 | Correct: 106/128 | Elapsed Time: 54.76s
2026-01-18 03:43:18,135 | INFO | Batch 300 | Loss: 0.5898 | Correct: 104/128 | Elapsed Time: 54.74s
2026-01-18 03:44:13,017 | INFO | Batch 310 | Loss: 0.6707 | Correct: 99/128 | Elapsed Time: 54.88s
2026-01-18 03:45:07,789 | INFO | Batch 320 | Loss: 0.6406 | Correct: 102/128 | Elapsed Time: 54.77s
2026-01-18 03:46:02,598 | INFO | Batch 330 | Loss: 0.5656 | Correct: 107/128 | Elapsed Time: 54.81s
2026-01-18 03:46:57,348 | INFO | Batch 340 | Loss: 0.5200 | Correct: 106/128 | Elapsed Time: 54.75s
2026-01-18 03:47:52,092 | INFO | Batch 350 | Loss: 0.6423 | Correct: 106/128 | Elapsed Time: 54.74s
2026-01-18 03:48:46,835 | INFO | Batch 360 | Loss: 0.5819 | Correct: 104/128 | Elapsed Time: 54.74s
2026-01-18 03:49:41,592 | INFO | Batch 370 | Loss: 0.8307 | Correct: 100/128 | Elapsed Time: 54.76s
2026-01-18 03:50:36,322 | INFO | Batch 380 | Loss: 0.5048 | Correct: 105/128 | Elapsed Time: 54.73s
2026-01-18 03:51:31,223 | INFO | Batch 390 | Loss: 0.6827 | Correct: 99/128 | Elapsed Time: 54.90s
2026-01-18 03:51:34,737 | INFO | Epoch [50/100] - Loss: 0.5219 | Correct: 41747/50000 (83.49%, 2139.80s)
2026-01-18 03:54:28,357 | INFO | Validation - Loss: 2.0635 | Top1: 5622/10000 (56.22%) | Top5: 8220/10000 (82.20%) (173.62s)
2026-01-18 03:55:23,148 | INFO | Batch 10 | Loss: 0.4880 | Correct: 111/128 | Elapsed Time: 54.79s
2026-01-18 03:56:17,865 | INFO | Batch 20 | Loss: 0.4059 | Correct: 107/128 | Elapsed Time: 54.72s
2026-01-18 03:57:12,590 | INFO | Batch 30 | Loss: 0.5671 | Correct: 103/128 | Elapsed Time: 54.72s
2026-01-18 03:58:07,293 | INFO | Batch 40 | Loss: 0.3913 | Correct: 115/128 | Elapsed Time: 54.70s
2026-01-18 03:59:02,111 | INFO | Batch 50 | Loss: 0.3866 | Correct: 109/128 | Elapsed Time: 54.82s
2026-01-18 03:59:56,880 | INFO | Batch 60 | Loss: 0.2801 | Correct: 116/128 | Elapsed Time: 54.77s
2026-01-18 04:00:51,599 | INFO | Batch 70 | Loss: 0.3903 | Correct: 112/128 | Elapsed Time: 54.72s
2026-01-18 04:01:46,346 | INFO | Batch 80 | Loss: 0.3521 | Correct: 113/128 | Elapsed Time: 54.75s
2026-01-18 04:02:41,068 | INFO | Batch 90 | Loss: 0.3608 | Correct: 113/128 | Elapsed Time: 54.72s
2026-01-18 04:03:35,785 | INFO | Batch 100 | Loss: 0.2404 | Correct: 120/128 | Elapsed Time: 54.72s
2026-01-18 04:04:30,549 | INFO | Batch 110 | Loss: 0.2639 | Correct: 120/128 | Elapsed Time: 54.76s
2026-01-18 04:05:25,338 | INFO | Batch 120 | Loss: 0.2969 | Correct: 117/128 | Elapsed Time: 54.79s
2026-01-18 04:06:20,154 | INFO | Batch 130 | Loss: 0.2365 | Correct: 120/128 | Elapsed Time: 54.82s
2026-01-18 04:07:14,937 | INFO | Batch 140 | Loss: 0.3034 | Correct: 116/128 | Elapsed Time: 54.78s
2026-01-18 04:08:09,641 | INFO | Batch 150 | Loss: 0.2068 | Correct: 122/128 | Elapsed Time: 54.70s
2026-01-18 04:09:04,322 | INFO | Batch 160 | Loss: 0.2163 | Correct: 122/128 | Elapsed Time: 54.68s
2026-01-18 04:09:59,126 | INFO | Batch 170 | Loss: 0.2057 | Correct: 122/128 | Elapsed Time: 54.80s
2026-01-18 04:10:53,870 | INFO | Batch 180 | Loss: 0.2437 | Correct: 121/128 | Elapsed Time: 54.74s
2026-01-18 04:11:48,634 | INFO | Batch 190 | Loss: 0.3584 | Correct: 115/128 | Elapsed Time: 54.76s
2026-01-18 04:12:43,333 | INFO | Batch 200 | Loss: 0.2820 | Correct: 119/128 | Elapsed Time: 54.70s
2026-01-18 04:13:38,168 | INFO | Batch 210 | Loss: 0.2790 | Correct: 118/128 | Elapsed Time: 54.84s
2026-01-18 04:14:32,898 | INFO | Batch 220 | Loss: 0.2730 | Correct: 119/128 | Elapsed Time: 54.73s
2026-01-18 04:15:27,678 | INFO | Batch 230 | Loss: 0.2741 | Correct: 114/128 | Elapsed Time: 54.78s
2026-01-18 04:16:22,401 | INFO | Batch 240 | Loss: 0.1899 | Correct: 122/128 | Elapsed Time: 54.72s
2026-01-18 04:17:17,145 | INFO | Batch 250 | Loss: 0.3199 | Correct: 118/128 | Elapsed Time: 54.74s
2026-01-18 04:18:11,848 | INFO | Batch 260 | Loss: 0.1443 | Correct: 124/128 | Elapsed Time: 54.70s
2026-01-18 04:19:06,567 | INFO | Batch 270 | Loss: 0.2359 | Correct: 123/128 | Elapsed Time: 54.72s
2026-01-18 04:20:01,368 | INFO | Batch 280 | Loss: 0.2283 | Correct: 116/128 | Elapsed Time: 54.80s
2026-01-18 04:20:56,117 | INFO | Batch 290 | Loss: 0.1869 | Correct: 123/128 | Elapsed Time: 54.75s
2026-01-18 04:21:50,897 | INFO | Batch 300 | Loss: 0.3386 | Correct: 116/128 | Elapsed Time: 54.78s
2026-01-18 04:22:45,654 | INFO | Batch 310 | Loss: 0.3113 | Correct: 113/128 | Elapsed Time: 54.76s
2026-01-18 04:23:40,518 | INFO | Batch 320 | Loss: 0.2551 | Correct: 116/128 | Elapsed Time: 54.86s
2026-01-18 04:24:35,271 | INFO | Batch 330 | Loss: 0.1797 | Correct: 121/128 | Elapsed Time: 54.75s
2026-01-18 04:25:30,110 | INFO | Batch 340 | Loss: 0.2775 | Correct: 118/128 | Elapsed Time: 54.84s
2026-01-18 04:26:24,888 | INFO | Batch 350 | Loss: 0.2548 | Correct: 118/128 | Elapsed Time: 54.78s
2026-01-18 04:27:19,728 | INFO | Batch 360 | Loss: 0.2941 | Correct: 114/128 | Elapsed Time: 54.84s
2026-01-18 04:28:14,496 | INFO | Batch 370 | Loss: 0.1889 | Correct: 121/128 | Elapsed Time: 54.77s
2026-01-18 04:29:09,299 | INFO | Batch 380 | Loss: 0.2105 | Correct: 121/128 | Elapsed Time: 54.80s
2026-01-18 04:30:04,043 | INFO | Batch 390 | Loss: 0.2767 | Correct: 117/128 | Elapsed Time: 54.74s
2026-01-18 04:30:07,563 | INFO | Epoch [51/100] - Loss: 0.2936 | Correct: 45644/50000 (91.29%, 2139.20s)
2026-01-18 04:33:01,421 | INFO | Validation - Loss: 1.7012 | Top1: 6177/10000 (61.77%) | Top5: 8570/10000 (85.70%) (173.86s)
2026-01-18 04:33:02,156 | INFO | New best model saved at epoch 51 with Top1 Acc: 61.77% (Top5: 85.70%)
2026-01-18 04:33:56,905 | INFO | Batch 10 | Loss: 0.2423 | Correct: 121/128 | Elapsed Time: 54.75s
2026-01-18 04:34:51,626 | INFO | Batch 20 | Loss: 0.2359 | Correct: 121/128 | Elapsed Time: 54.72s
2026-01-18 04:35:46,406 | INFO | Batch 30 | Loss: 0.1571 | Correct: 125/128 | Elapsed Time: 54.78s
2026-01-18 04:36:41,271 | INFO | Batch 40 | Loss: 0.2778 | Correct: 120/128 | Elapsed Time: 54.87s
2026-01-18 04:37:35,995 | INFO | Batch 50 | Loss: 0.2002 | Correct: 121/128 | Elapsed Time: 54.72s
2026-01-18 04:38:30,776 | INFO | Batch 60 | Loss: 0.3113 | Correct: 118/128 | Elapsed Time: 54.78s
2026-01-18 04:39:25,558 | INFO | Batch 70 | Loss: 0.2378 | Correct: 120/128 | Elapsed Time: 54.78s
2026-01-18 04:40:20,297 | INFO | Batch 80 | Loss: 0.2027 | Correct: 122/128 | Elapsed Time: 54.74s
2026-01-18 04:41:15,085 | INFO | Batch 90 | Loss: 0.2128 | Correct: 120/128 | Elapsed Time: 54.79s
2026-01-18 04:42:09,849 | INFO | Batch 100 | Loss: 0.2423 | Correct: 120/128 | Elapsed Time: 54.76s
2026-01-18 04:43:04,711 | INFO | Batch 110 | Loss: 0.1794 | Correct: 125/128 | Elapsed Time: 54.86s
2026-01-18 04:43:59,393 | INFO | Batch 120 | Loss: 0.2778 | Correct: 114/128 | Elapsed Time: 54.68s
2026-01-18 04:44:54,140 | INFO | Batch 130 | Loss: 0.2384 | Correct: 121/128 | Elapsed Time: 54.75s
2026-01-18 04:45:48,936 | INFO | Batch 140 | Loss: 0.2274 | Correct: 122/128 | Elapsed Time: 54.80s
2026-01-18 04:46:43,654 | INFO | Batch 150 | Loss: 0.1959 | Correct: 124/128 | Elapsed Time: 54.72s
2026-01-18 04:47:38,361 | INFO | Batch 160 | Loss: 0.1839 | Correct: 122/128 | Elapsed Time: 54.71s
2026-01-18 04:48:33,051 | INFO | Batch 170 | Loss: 0.2551 | Correct: 122/128 | Elapsed Time: 54.69s
2026-01-18 04:49:27,729 | INFO | Batch 180 | Loss: 0.2551 | Correct: 117/128 | Elapsed Time: 54.68s
2026-01-18 04:50:22,509 | INFO | Batch 190 | Loss: 0.2060 | Correct: 120/128 | Elapsed Time: 54.78s
2026-01-18 04:51:17,205 | INFO | Batch 200 | Loss: 0.1318 | Correct: 122/128 | Elapsed Time: 54.70s
2026-01-18 04:52:11,902 | INFO | Batch 210 | Loss: 0.2430 | Correct: 121/128 | Elapsed Time: 54.70s
2026-01-18 04:53:06,615 | INFO | Batch 220 | Loss: 0.2286 | Correct: 119/128 | Elapsed Time: 54.71s
2026-01-18 04:54:01,336 | INFO | Batch 230 | Loss: 0.1859 | Correct: 123/128 | Elapsed Time: 54.72s
2026-01-18 04:54:56,023 | INFO | Batch 240 | Loss: 0.1721 | Correct: 121/128 | Elapsed Time: 54.69s
2026-01-18 04:55:50,785 | INFO | Batch 250 | Loss: 0.1648 | Correct: 121/128 | Elapsed Time: 54.76s
2026-01-18 04:56:45,524 | INFO | Batch 260 | Loss: 0.1491 | Correct: 123/128 | Elapsed Time: 54.74s
2026-01-18 04:57:40,288 | INFO | Batch 270 | Loss: 0.1309 | Correct: 124/128 | Elapsed Time: 54.76s
2026-01-18 04:58:34,996 | INFO | Batch 280 | Loss: 0.1652 | Correct: 124/128 | Elapsed Time: 54.71s
2026-01-18 04:59:29,694 | INFO | Batch 290 | Loss: 0.2480 | Correct: 119/128 | Elapsed Time: 54.70s
2026-01-18 05:00:24,412 | INFO | Batch 300 | Loss: 0.2231 | Correct: 120/128 | Elapsed Time: 54.72s
2026-01-18 05:01:19,099 | INFO | Batch 310 | Loss: 0.1957 | Correct: 119/128 | Elapsed Time: 54.69s
2026-01-18 05:02:13,763 | INFO | Batch 320 | Loss: 0.2643 | Correct: 116/128 | Elapsed Time: 54.66s
2026-01-18 05:03:08,461 | INFO | Batch 330 | Loss: 0.2579 | Correct: 119/128 | Elapsed Time: 54.70s
2026-01-18 05:04:03,191 | INFO | Batch 340 | Loss: 0.1957 | Correct: 122/128 | Elapsed Time: 54.73s
2026-01-18 05:04:57,823 | INFO | Batch 350 | Loss: 0.2544 | Correct: 117/128 | Elapsed Time: 54.63s
2026-01-18 05:05:52,600 | INFO | Batch 360 | Loss: 0.2077 | Correct: 121/128 | Elapsed Time: 54.78s
2026-01-18 05:06:47,215 | INFO | Batch 370 | Loss: 0.2565 | Correct: 120/128 | Elapsed Time: 54.61s
2026-01-18 05:07:41,896 | INFO | Batch 380 | Loss: 0.2862 | Correct: 115/128 | Elapsed Time: 54.68s
2026-01-18 05:08:36,595 | INFO | Batch 390 | Loss: 0.2082 | Correct: 120/128 | Elapsed Time: 54.70s
2026-01-18 05:08:40,109 | INFO | Epoch [52/100] - Loss: 0.2171 | Correct: 47045/50000 (94.09%, 2137.95s)
2026-01-18 05:11:33,794 | INFO | Validation - Loss: 1.6802 | Top1: 6222/10000 (62.22%) | Top5: 8595/10000 (85.95%) (173.68s)
2026-01-18 05:11:35,017 | INFO | New best model saved at epoch 52 with Top1 Acc: 62.22% (Top5: 85.95%)
2026-01-18 05:12:29,745 | INFO | Batch 10 | Loss: 0.1970 | Correct: 122/128 | Elapsed Time: 54.73s
2026-01-18 05:13:24,427 | INFO | Batch 20 | Loss: 0.1497 | Correct: 125/128 | Elapsed Time: 54.68s
2026-01-18 05:14:19,086 | INFO | Batch 30 | Loss: 0.2993 | Correct: 118/128 | Elapsed Time: 54.66s
2026-01-18 05:15:13,768 | INFO | Batch 40 | Loss: 0.1348 | Correct: 125/128 | Elapsed Time: 54.68s
2026-01-18 05:16:08,410 | INFO | Batch 50 | Loss: 0.2002 | Correct: 121/128 | Elapsed Time: 54.64s
2026-01-18 05:17:03,026 | INFO | Batch 60 | Loss: 0.1923 | Correct: 119/128 | Elapsed Time: 54.62s
2026-01-18 05:17:57,615 | INFO | Batch 70 | Loss: 0.2166 | Correct: 123/128 | Elapsed Time: 54.59s
2026-01-18 05:18:52,242 | INFO | Batch 80 | Loss: 0.2262 | Correct: 121/128 | Elapsed Time: 54.63s
2026-01-18 05:19:46,885 | INFO | Batch 90 | Loss: 0.2407 | Correct: 119/128 | Elapsed Time: 54.64s
2026-01-18 05:20:41,623 | INFO | Batch 100 | Loss: 0.2016 | Correct: 119/128 | Elapsed Time: 54.74s
2026-01-18 05:21:36,287 | INFO | Batch 110 | Loss: 0.1775 | Correct: 122/128 | Elapsed Time: 54.66s
2026-01-18 05:22:30,914 | INFO | Batch 120 | Loss: 0.2365 | Correct: 117/128 | Elapsed Time: 54.63s
2026-01-18 05:23:25,536 | INFO | Batch 130 | Loss: 0.2538 | Correct: 116/128 | Elapsed Time: 54.62s
2026-01-18 05:24:20,156 | INFO | Batch 140 | Loss: 0.1102 | Correct: 127/128 | Elapsed Time: 54.62s
2026-01-18 05:25:14,976 | INFO | Batch 150 | Loss: 0.2256 | Correct: 122/128 | Elapsed Time: 54.82s
2026-01-18 05:26:09,587 | INFO | Batch 160 | Loss: 0.1704 | Correct: 123/128 | Elapsed Time: 54.61s
2026-01-18 05:27:04,224 | INFO | Batch 170 | Loss: 0.1623 | Correct: 125/128 | Elapsed Time: 54.64s
2026-01-18 05:27:58,920 | INFO | Batch 180 | Loss: 0.1358 | Correct: 125/128 | Elapsed Time: 54.70s
2026-01-18 05:28:53,650 | INFO | Batch 190 | Loss: 0.1499 | Correct: 124/128 | Elapsed Time: 54.73s
2026-01-18 05:29:48,391 | INFO | Batch 200 | Loss: 0.2119 | Correct: 121/128 | Elapsed Time: 54.74s
2026-01-18 05:30:43,057 | INFO | Batch 210 | Loss: 0.1957 | Correct: 120/128 | Elapsed Time: 54.67s
2026-01-18 05:31:37,801 | INFO | Batch 220 | Loss: 0.1917 | Correct: 120/128 | Elapsed Time: 54.74s
2026-01-18 05:32:32,497 | INFO | Batch 230 | Loss: 0.1343 | Correct: 122/128 | Elapsed Time: 54.70s
2026-01-18 05:33:27,217 | INFO | Batch 240 | Loss: 0.1770 | Correct: 123/128 | Elapsed Time: 54.72s
2026-01-18 05:34:22,067 | INFO | Batch 250 | Loss: 0.2277 | Correct: 120/128 | Elapsed Time: 54.85s
2026-01-18 05:35:16,828 | INFO | Batch 260 | Loss: 0.2137 | Correct: 120/128 | Elapsed Time: 54.76s
2026-01-18 05:36:11,543 | INFO | Batch 270 | Loss: 0.1829 | Correct: 123/128 | Elapsed Time: 54.72s
2026-01-18 05:37:06,302 | INFO | Batch 280 | Loss: 0.2131 | Correct: 120/128 | Elapsed Time: 54.76s
2026-01-18 05:38:01,035 | INFO | Batch 290 | Loss: 0.1517 | Correct: 123/128 | Elapsed Time: 54.73s
2026-01-18 05:38:55,796 | INFO | Batch 300 | Loss: 0.1709 | Correct: 124/128 | Elapsed Time: 54.76s
2026-01-18 05:39:50,538 | INFO | Batch 310 | Loss: 0.2032 | Correct: 121/128 | Elapsed Time: 54.74s
2026-01-18 05:40:45,200 | INFO | Batch 320 | Loss: 0.1393 | Correct: 123/128 | Elapsed Time: 54.66s
2026-01-18 05:41:40,072 | INFO | Batch 330 | Loss: 0.2054 | Correct: 124/128 | Elapsed Time: 54.87s
2026-01-18 05:42:34,874 | INFO | Batch 340 | Loss: 0.1240 | Correct: 124/128 | Elapsed Time: 54.80s
2026-01-18 05:43:29,654 | INFO | Batch 350 | Loss: 0.1688 | Correct: 121/128 | Elapsed Time: 54.78s
2026-01-18 05:44:24,351 | INFO | Batch 360 | Loss: 0.1897 | Correct: 122/128 | Elapsed Time: 54.70s
2026-01-18 05:45:19,174 | INFO | Batch 370 | Loss: 0.1168 | Correct: 126/128 | Elapsed Time: 54.82s
2026-01-18 05:46:13,954 | INFO | Batch 380 | Loss: 0.2008 | Correct: 123/128 | Elapsed Time: 54.78s
2026-01-18 05:47:08,717 | INFO | Batch 390 | Loss: 0.1957 | Correct: 121/128 | Elapsed Time: 54.76s
2026-01-18 05:47:12,227 | INFO | Epoch [53/100] - Loss: 0.1851 | Correct: 47544/50000 (95.09%, 2137.21s)
2026-01-18 05:50:06,231 | INFO | Validation - Loss: 1.6650 | Top1: 6255/10000 (62.55%) | Top5: 8624/10000 (86.24%) (174.00s)
2026-01-18 05:50:07,301 | INFO | New best model saved at epoch 53 with Top1 Acc: 62.55% (Top5: 86.24%)
2026-01-18 05:51:02,224 | INFO | Batch 10 | Loss: 0.1321 | Correct: 125/128 | Elapsed Time: 54.92s
2026-01-18 05:51:56,925 | INFO | Batch 20 | Loss: 0.1856 | Correct: 122/128 | Elapsed Time: 54.70s
2026-01-18 05:52:51,608 | INFO | Batch 30 | Loss: 0.2249 | Correct: 118/128 | Elapsed Time: 54.68s
2026-01-18 05:53:46,390 | INFO | Batch 40 | Loss: 0.1356 | Correct: 125/128 | Elapsed Time: 54.78s
2026-01-18 05:54:41,153 | INFO | Batch 50 | Loss: 0.1679 | Correct: 120/128 | Elapsed Time: 54.76s
2026-01-18 05:55:35,995 | INFO | Batch 60 | Loss: 0.1076 | Correct: 126/128 | Elapsed Time: 54.84s
2026-01-18 05:56:30,777 | INFO | Batch 70 | Loss: 0.1663 | Correct: 121/128 | Elapsed Time: 54.78s
2026-01-18 05:57:25,528 | INFO | Batch 80 | Loss: 0.2277 | Correct: 118/128 | Elapsed Time: 54.75s
2026-01-18 05:58:20,430 | INFO | Batch 90 | Loss: 0.1915 | Correct: 121/128 | Elapsed Time: 54.90s
2026-01-18 05:59:15,164 | INFO | Batch 100 | Loss: 0.1470 | Correct: 124/128 | Elapsed Time: 54.73s
2026-01-18 06:00:09,946 | INFO | Batch 110 | Loss: 0.2346 | Correct: 119/128 | Elapsed Time: 54.78s
2026-01-18 06:01:04,678 | INFO | Batch 120 | Loss: 0.1489 | Correct: 125/128 | Elapsed Time: 54.73s
2026-01-18 06:01:59,473 | INFO | Batch 130 | Loss: 0.2108 | Correct: 122/128 | Elapsed Time: 54.79s
2026-01-18 06:02:54,257 | INFO | Batch 140 | Loss: 0.2283 | Correct: 119/128 | Elapsed Time: 54.78s
2026-01-18 06:03:48,987 | INFO | Batch 150 | Loss: 0.2437 | Correct: 117/128 | Elapsed Time: 54.73s
2026-01-18 06:04:43,715 | INFO | Batch 160 | Loss: 0.1739 | Correct: 120/128 | Elapsed Time: 54.73s
2026-01-18 06:05:38,603 | INFO | Batch 170 | Loss: 0.1491 | Correct: 123/128 | Elapsed Time: 54.89s
2026-01-18 06:06:33,360 | INFO | Batch 180 | Loss: 0.2583 | Correct: 119/128 | Elapsed Time: 54.76s
2026-01-18 06:07:28,107 | INFO | Batch 190 | Loss: 0.1859 | Correct: 122/128 | Elapsed Time: 54.75s
2026-01-18 06:08:22,893 | INFO | Batch 200 | Loss: 0.1804 | Correct: 121/128 | Elapsed Time: 54.79s
2026-01-18 06:09:17,634 | INFO | Batch 210 | Loss: 0.1608 | Correct: 123/128 | Elapsed Time: 54.74s
2026-01-18 06:10:12,363 | INFO | Batch 220 | Loss: 0.1666 | Correct: 124/128 | Elapsed Time: 54.73s
2026-01-18 06:11:07,076 | INFO | Batch 230 | Loss: 0.1431 | Correct: 124/128 | Elapsed Time: 54.71s
2026-01-18 06:12:01,940 | INFO | Batch 240 | Loss: 0.2470 | Correct: 120/128 | Elapsed Time: 54.86s
2026-01-18 06:12:56,701 | INFO | Batch 250 | Loss: 0.1000 | Correct: 127/128 | Elapsed Time: 54.76s
2026-01-18 06:13:51,464 | INFO | Batch 260 | Loss: 0.1617 | Correct: 123/128 | Elapsed Time: 54.76s
2026-01-18 06:14:46,215 | INFO | Batch 270 | Loss: 0.1395 | Correct: 124/128 | Elapsed Time: 54.75s
2026-01-18 06:15:41,044 | INFO | Batch 280 | Loss: 0.1183 | Correct: 126/128 | Elapsed Time: 54.83s
2026-01-18 06:16:35,689 | INFO | Batch 290 | Loss: 0.1576 | Correct: 123/128 | Elapsed Time: 54.65s
2026-01-18 06:17:30,455 | INFO | Batch 300 | Loss: 0.2343 | Correct: 117/128 | Elapsed Time: 54.77s
2026-01-18 06:18:25,178 | INFO | Batch 310 | Loss: 0.1290 | Correct: 123/128 | Elapsed Time: 54.72s
2026-01-18 06:19:20,070 | INFO | Batch 320 | Loss: 0.1070 | Correct: 128/128 | Elapsed Time: 54.89s
2026-01-18 06:20:14,804 | INFO | Batch 330 | Loss: 0.2371 | Correct: 119/128 | Elapsed Time: 54.73s
2026-01-18 06:21:09,542 | INFO | Batch 340 | Loss: 0.1525 | Correct: 123/128 | Elapsed Time: 54.74s
2026-01-18 06:22:04,344 | INFO | Batch 350 | Loss: 0.1785 | Correct: 120/128 | Elapsed Time: 54.80s
2026-01-18 06:22:59,018 | INFO | Batch 360 | Loss: 0.1453 | Correct: 125/128 | Elapsed Time: 54.67s
2026-01-18 06:23:53,775 | INFO | Batch 370 | Loss: 0.1204 | Correct: 123/128 | Elapsed Time: 54.76s
2026-01-18 06:24:48,547 | INFO | Batch 380 | Loss: 0.1697 | Correct: 121/128 | Elapsed Time: 54.77s
2026-01-18 06:25:43,557 | INFO | Batch 390 | Loss: 0.1277 | Correct: 125/128 | Elapsed Time: 55.01s
2026-01-18 06:25:47,083 | INFO | Epoch [54/100] - Loss: 0.1710 | Correct: 47791/50000 (95.58%, 2139.78s)
2026-01-18 06:28:41,201 | INFO | Validation - Loss: 1.6573 | Top1: 6277/10000 (62.77%) | Top5: 8637/10000 (86.37%) (174.12s)
2026-01-18 06:28:42,237 | INFO | New best model saved at epoch 54 with Top1 Acc: 62.77% (Top5: 86.37%)
2026-01-18 06:29:37,118 | INFO | Batch 10 | Loss: 0.1380 | Correct: 122/128 | Elapsed Time: 54.88s
2026-01-18 06:30:31,843 | INFO | Batch 20 | Loss: 0.1559 | Correct: 123/128 | Elapsed Time: 54.73s
2026-01-18 06:31:26,627 | INFO | Batch 30 | Loss: 0.1414 | Correct: 124/128 | Elapsed Time: 54.78s
2026-01-18 06:32:21,349 | INFO | Batch 40 | Loss: 0.2417 | Correct: 121/128 | Elapsed Time: 54.72s
2026-01-18 06:33:16,079 | INFO | Batch 50 | Loss: 0.2091 | Correct: 119/128 | Elapsed Time: 54.73s
2026-01-18 06:34:10,814 | INFO | Batch 60 | Loss: 0.1501 | Correct: 123/128 | Elapsed Time: 54.74s
2026-01-18 06:35:05,690 | INFO | Batch 70 | Loss: 0.1501 | Correct: 125/128 | Elapsed Time: 54.88s
2026-01-18 06:36:00,419 | INFO | Batch 80 | Loss: 0.1099 | Correct: 123/128 | Elapsed Time: 54.73s
2026-01-18 06:36:55,180 | INFO | Batch 90 | Loss: 0.1290 | Correct: 124/128 | Elapsed Time: 54.76s
2026-01-18 06:37:49,898 | INFO | Batch 100 | Loss: 0.1422 | Correct: 124/128 | Elapsed Time: 54.72s
2026-01-18 06:38:44,667 | INFO | Batch 110 | Loss: 0.1325 | Correct: 123/128 | Elapsed Time: 54.77s
2026-01-18 06:39:39,426 | INFO | Batch 120 | Loss: 0.1557 | Correct: 124/128 | Elapsed Time: 54.76s
2026-01-18 06:40:34,073 | INFO | Batch 130 | Loss: 0.2349 | Correct: 119/128 | Elapsed Time: 54.65s
2026-01-18 06:41:28,755 | INFO | Batch 140 | Loss: 0.1489 | Correct: 124/128 | Elapsed Time: 54.68s
2026-01-18 06:42:23,598 | INFO | Batch 150 | Loss: 0.2041 | Correct: 121/128 | Elapsed Time: 54.84s
2026-01-18 06:43:18,339 | INFO | Batch 160 | Loss: 0.2268 | Correct: 119/128 | Elapsed Time: 54.74s
2026-01-18 06:44:13,120 | INFO | Batch 170 | Loss: 0.2002 | Correct: 121/128 | Elapsed Time: 54.78s
2026-01-18 06:45:07,890 | INFO | Batch 180 | Loss: 0.1625 | Correct: 122/128 | Elapsed Time: 54.77s
2026-01-18 06:46:02,632 | INFO | Batch 190 | Loss: 0.1260 | Correct: 125/128 | Elapsed Time: 54.74s
2026-01-18 06:46:57,407 | INFO | Batch 200 | Loss: 0.1586 | Correct: 122/128 | Elapsed Time: 54.77s
2026-01-18 06:47:52,128 | INFO | Batch 210 | Loss: 0.1668 | Correct: 123/128 | Elapsed Time: 54.72s
2026-01-18 06:48:46,972 | INFO | Batch 220 | Loss: 0.1787 | Correct: 122/128 | Elapsed Time: 54.84s
2026-01-18 06:49:41,746 | INFO | Batch 230 | Loss: 0.1371 | Correct: 123/128 | Elapsed Time: 54.77s
2026-01-18 06:50:36,494 | INFO | Batch 240 | Loss: 0.1831 | Correct: 122/128 | Elapsed Time: 54.75s
2026-01-18 06:51:31,248 | INFO | Batch 250 | Loss: 0.2186 | Correct: 119/128 | Elapsed Time: 54.75s
2026-01-18 06:52:26,025 | INFO | Batch 260 | Loss: 0.1250 | Correct: 125/128 | Elapsed Time: 54.78s
2026-01-18 06:53:20,767 | INFO | Batch 270 | Loss: 0.1329 | Correct: 125/128 | Elapsed Time: 54.74s
2026-01-18 06:54:15,567 | INFO | Batch 280 | Loss: 0.1447 | Correct: 124/128 | Elapsed Time: 54.80s
2026-01-18 06:55:10,446 | INFO | Batch 290 | Loss: 0.1029 | Correct: 127/128 | Elapsed Time: 54.88s
2026-01-18 06:56:05,271 | INFO | Batch 300 | Loss: 0.2114 | Correct: 122/128 | Elapsed Time: 54.82s
2026-01-18 06:56:59,973 | INFO | Batch 310 | Loss: 0.1809 | Correct: 122/128 | Elapsed Time: 54.70s
2026-01-18 06:57:54,699 | INFO | Batch 320 | Loss: 0.2016 | Correct: 120/128 | Elapsed Time: 54.73s
2026-01-18 06:58:49,467 | INFO | Batch 330 | Loss: 0.1975 | Correct: 121/128 | Elapsed Time: 54.77s
2026-01-18 06:59:44,244 | INFO | Batch 340 | Loss: 0.1157 | Correct: 125/128 | Elapsed Time: 54.78s
2026-01-18 07:00:39,045 | INFO | Batch 350 | Loss: 0.1341 | Correct: 124/128 | Elapsed Time: 54.80s
2026-01-18 07:01:33,826 | INFO | Batch 360 | Loss: 0.1636 | Correct: 124/128 | Elapsed Time: 54.78s
2026-01-18 07:02:28,549 | INFO | Batch 370 | Loss: 0.1465 | Correct: 124/128 | Elapsed Time: 54.72s
2026-01-18 07:03:23,411 | INFO | Batch 380 | Loss: 0.2183 | Correct: 119/128 | Elapsed Time: 54.86s
2026-01-18 07:04:18,098 | INFO | Batch 390 | Loss: 0.1441 | Correct: 124/128 | Elapsed Time: 54.69s
2026-01-18 07:04:21,608 | INFO | Epoch [55/100] - Loss: 0.1581 | Correct: 47999/50000 (96.00%, 2139.37s)
2026-01-18 07:07:15,676 | INFO | Validation - Loss: 1.6526 | Top1: 6285/10000 (62.85%) | Top5: 8653/10000 (86.53%) (174.07s)
2026-01-18 07:07:16,409 | INFO | New best model saved at epoch 55 with Top1 Acc: 62.85% (Top5: 86.53%)
2026-01-18 07:08:11,195 | INFO | Batch 10 | Loss: 0.1084 | Correct: 126/128 | Elapsed Time: 54.79s
2026-01-18 07:09:05,899 | INFO | Batch 20 | Loss: 0.1632 | Correct: 121/128 | Elapsed Time: 54.70s
2026-01-18 07:10:00,625 | INFO | Batch 30 | Loss: 0.1697 | Correct: 123/128 | Elapsed Time: 54.73s
2026-01-18 07:10:55,345 | INFO | Batch 40 | Loss: 0.1080 | Correct: 125/128 | Elapsed Time: 54.72s
2026-01-18 07:11:50,071 | INFO | Batch 50 | Loss: 0.1187 | Correct: 124/128 | Elapsed Time: 54.73s
2026-01-18 07:12:44,962 | INFO | Batch 60 | Loss: 0.1936 | Correct: 122/128 | Elapsed Time: 54.89s
2026-01-18 07:13:39,715 | INFO | Batch 70 | Loss: 0.1084 | Correct: 125/128 | Elapsed Time: 54.75s
2026-01-18 07:14:34,476 | INFO | Batch 80 | Loss: 0.1257 | Correct: 124/128 | Elapsed Time: 54.76s
2026-01-18 07:15:29,299 | INFO | Batch 90 | Loss: 0.1361 | Correct: 125/128 | Elapsed Time: 54.82s
2026-01-18 07:16:24,088 | INFO | Batch 100 | Loss: 0.1519 | Correct: 124/128 | Elapsed Time: 54.79s
2026-01-18 07:17:18,881 | INFO | Batch 110 | Loss: 0.1606 | Correct: 124/128 | Elapsed Time: 54.79s
2026-01-18 07:18:13,648 | INFO | Batch 120 | Loss: 0.1917 | Correct: 120/128 | Elapsed Time: 54.77s
2026-01-18 07:19:08,409 | INFO | Batch 130 | Loss: 0.1437 | Correct: 126/128 | Elapsed Time: 54.76s
2026-01-18 07:20:03,303 | INFO | Batch 140 | Loss: 0.1792 | Correct: 121/128 | Elapsed Time: 54.89s
2026-01-18 07:20:58,043 | INFO | Batch 150 | Loss: 0.1515 | Correct: 124/128 | Elapsed Time: 54.74s
2026-01-18 07:21:52,771 | INFO | Batch 160 | Loss: 0.1758 | Correct: 121/128 | Elapsed Time: 54.73s
2026-01-18 07:22:47,499 | INFO | Batch 170 | Loss: 0.1399 | Correct: 124/128 | Elapsed Time: 54.73s
2026-01-18 07:23:42,301 | INFO | Batch 180 | Loss: 0.1074 | Correct: 124/128 | Elapsed Time: 54.80s
2026-01-18 07:24:37,021 | INFO | Batch 190 | Loss: 0.2597 | Correct: 119/128 | Elapsed Time: 54.72s
2026-01-18 07:25:31,970 | INFO | Batch 200 | Loss: 0.1031 | Correct: 126/128 | Elapsed Time: 54.95s
2026-01-18 07:26:26,871 | INFO | Batch 210 | Loss: 0.1886 | Correct: 118/128 | Elapsed Time: 54.90s
2026-01-18 07:27:21,653 | INFO | Batch 220 | Loss: 0.1923 | Correct: 119/128 | Elapsed Time: 54.78s
2026-01-18 07:28:16,334 | INFO | Batch 230 | Loss: 0.1122 | Correct: 124/128 | Elapsed Time: 54.68s
2026-01-18 07:29:11,015 | INFO | Batch 240 | Loss: 0.1881 | Correct: 121/128 | Elapsed Time: 54.68s
2026-01-18 07:30:05,805 | INFO | Batch 250 | Loss: 0.2178 | Correct: 118/128 | Elapsed Time: 54.79s
2026-01-18 07:31:00,538 | INFO | Batch 260 | Loss: 0.1561 | Correct: 121/128 | Elapsed Time: 54.73s
2026-01-18 07:31:55,357 | INFO | Batch 270 | Loss: 0.0902 | Correct: 126/128 | Elapsed Time: 54.82s
2026-01-18 07:32:50,207 | INFO | Batch 280 | Loss: 0.1208 | Correct: 127/128 | Elapsed Time: 54.85s
2026-01-18 07:33:45,132 | INFO | Batch 290 | Loss: 0.1536 | Correct: 122/128 | Elapsed Time: 54.92s
2026-01-18 07:34:39,955 | INFO | Batch 300 | Loss: 0.1634 | Correct: 123/128 | Elapsed Time: 54.82s
2026-01-18 07:35:34,814 | INFO | Batch 310 | Loss: 0.1243 | Correct: 124/128 | Elapsed Time: 54.86s
2026-01-18 07:36:29,637 | INFO | Batch 320 | Loss: 0.1243 | Correct: 125/128 | Elapsed Time: 54.82s
2026-01-18 07:37:24,457 | INFO | Batch 330 | Loss: 0.1290 | Correct: 123/128 | Elapsed Time: 54.82s
2026-01-18 07:38:19,268 | INFO | Batch 340 | Loss: 0.0957 | Correct: 126/128 | Elapsed Time: 54.81s
2026-01-18 07:39:14,057 | INFO | Batch 350 | Loss: 0.1478 | Correct: 125/128 | Elapsed Time: 54.79s
2026-01-18 07:40:08,966 | INFO | Batch 360 | Loss: 0.1513 | Correct: 123/128 | Elapsed Time: 54.91s
2026-01-18 07:41:03,772 | INFO | Batch 370 | Loss: 0.1269 | Correct: 124/128 | Elapsed Time: 54.81s
2026-01-18 07:41:58,575 | INFO | Batch 380 | Loss: 0.2259 | Correct: 117/128 | Elapsed Time: 54.80s
2026-01-18 07:42:53,409 | INFO | Batch 390 | Loss: 0.0928 | Correct: 126/128 | Elapsed Time: 54.83s
2026-01-18 07:42:56,923 | INFO | Epoch [56/100] - Loss: 0.1489 | Correct: 48165/50000 (96.33%, 2140.51s)
2026-01-18 07:45:51,312 | INFO | Validation - Loss: 1.6477 | Top1: 6286/10000 (62.86%) | Top5: 8661/10000 (86.61%) (174.39s)
2026-01-18 07:45:51,970 | INFO | New best model saved at epoch 56 with Top1 Acc: 62.86% (Top5: 86.61%)
2026-01-18 07:46:46,852 | INFO | Batch 10 | Loss: 0.2128 | Correct: 120/128 | Elapsed Time: 54.88s
2026-01-18 07:47:41,639 | INFO | Batch 20 | Loss: 0.1354 | Correct: 123/128 | Elapsed Time: 54.79s
2026-01-18 07:48:36,462 | INFO | Batch 30 | Loss: 0.1197 | Correct: 125/128 | Elapsed Time: 54.82s
2026-01-18 07:49:31,385 | INFO | Batch 40 | Loss: 0.1291 | Correct: 123/128 | Elapsed Time: 54.92s
2026-01-18 07:50:26,215 | INFO | Batch 50 | Loss: 0.1212 | Correct: 125/128 | Elapsed Time: 54.83s
2026-01-18 07:51:21,032 | INFO | Batch 60 | Loss: 0.1269 | Correct: 124/128 | Elapsed Time: 54.82s
2026-01-18 07:52:15,690 | INFO | Batch 70 | Loss: 0.0923 | Correct: 125/128 | Elapsed Time: 54.66s
2026-01-18 07:53:10,438 | INFO | Batch 80 | Loss: 0.1297 | Correct: 122/128 | Elapsed Time: 54.75s
2026-01-18 07:54:05,244 | INFO | Batch 90 | Loss: 0.0808 | Correct: 127/128 | Elapsed Time: 54.81s
2026-01-18 07:55:00,042 | INFO | Batch 100 | Loss: 0.1846 | Correct: 123/128 | Elapsed Time: 54.80s
2026-01-18 07:55:54,898 | INFO | Batch 110 | Loss: 0.1806 | Correct: 121/128 | Elapsed Time: 54.86s
2026-01-18 07:56:49,785 | INFO | Batch 120 | Loss: 0.1414 | Correct: 122/128 | Elapsed Time: 54.89s
2026-01-18 07:57:44,593 | INFO | Batch 130 | Loss: 0.1670 | Correct: 123/128 | Elapsed Time: 54.81s
2026-01-18 07:58:39,407 | INFO | Batch 140 | Loss: 0.1423 | Correct: 125/128 | Elapsed Time: 54.81s
2026-01-18 07:59:34,233 | INFO | Batch 150 | Loss: 0.0911 | Correct: 127/128 | Elapsed Time: 54.83s
2026-01-18 08:00:29,058 | INFO | Batch 160 | Loss: 0.1704 | Correct: 122/128 | Elapsed Time: 54.83s
2026-01-18 08:01:23,870 | INFO | Batch 170 | Loss: 0.1523 | Correct: 122/128 | Elapsed Time: 54.81s
2026-01-18 08:02:18,658 | INFO | Batch 180 | Loss: 0.1359 | Correct: 125/128 | Elapsed Time: 54.79s
2026-01-18 08:03:13,452 | INFO | Batch 190 | Loss: 0.1163 | Correct: 124/128 | Elapsed Time: 54.79s
2026-01-18 08:04:08,329 | INFO | Batch 200 | Loss: 0.1617 | Correct: 122/128 | Elapsed Time: 54.88s
2026-01-18 08:05:03,117 | INFO | Batch 210 | Loss: 0.1043 | Correct: 125/128 | Elapsed Time: 54.79s
2026-01-18 08:05:57,947 | INFO | Batch 220 | Loss: 0.1393 | Correct: 124/128 | Elapsed Time: 54.83s
2026-01-18 08:06:52,789 | INFO | Batch 230 | Loss: 0.1156 | Correct: 127/128 | Elapsed Time: 54.84s
2026-01-18 08:07:47,631 | INFO | Batch 240 | Loss: 0.0922 | Correct: 127/128 | Elapsed Time: 54.84s
2026-01-18 08:08:42,438 | INFO | Batch 250 | Loss: 0.1604 | Correct: 122/128 | Elapsed Time: 54.81s
2026-01-18 08:09:37,226 | INFO | Batch 260 | Loss: 0.1352 | Correct: 124/128 | Elapsed Time: 54.79s
2026-01-18 08:10:31,942 | INFO | Batch 270 | Loss: 0.1702 | Correct: 125/128 | Elapsed Time: 54.72s
2026-01-18 08:11:26,743 | INFO | Batch 280 | Loss: 0.1125 | Correct: 126/128 | Elapsed Time: 54.80s
2026-01-18 08:12:21,446 | INFO | Batch 290 | Loss: 0.1159 | Correct: 125/128 | Elapsed Time: 54.70s
2026-01-18 08:13:16,185 | INFO | Batch 300 | Loss: 0.1120 | Correct: 127/128 | Elapsed Time: 54.74s
2026-01-18 08:14:10,918 | INFO | Batch 310 | Loss: 0.1949 | Correct: 123/128 | Elapsed Time: 54.73s
2026-01-18 08:15:05,672 | INFO | Batch 320 | Loss: 0.1580 | Correct: 123/128 | Elapsed Time: 54.75s
2026-01-18 08:16:00,397 | INFO | Batch 330 | Loss: 0.1070 | Correct: 124/128 | Elapsed Time: 54.72s
2026-01-18 08:16:55,097 | INFO | Batch 340 | Loss: 0.1697 | Correct: 120/128 | Elapsed Time: 54.70s
2026-01-18 08:17:49,905 | INFO | Batch 350 | Loss: 0.0913 | Correct: 126/128 | Elapsed Time: 54.81s
2026-01-18 08:18:44,584 | INFO | Batch 360 | Loss: 0.1445 | Correct: 123/128 | Elapsed Time: 54.68s
2026-01-18 08:19:39,306 | INFO | Batch 370 | Loss: 0.1358 | Correct: 122/128 | Elapsed Time: 54.72s
2026-01-18 08:20:34,006 | INFO | Batch 380 | Loss: 0.1175 | Correct: 125/128 | Elapsed Time: 54.70s
2026-01-18 08:21:28,671 | INFO | Batch 390 | Loss: 0.1663 | Correct: 123/128 | Elapsed Time: 54.66s
2026-01-18 08:21:32,178 | INFO | Epoch [57/100] - Loss: 0.1424 | Correct: 48252/50000 (96.50%, 2140.21s)
2026-01-18 08:24:25,827 | INFO | Validation - Loss: 1.6510 | Top1: 6322/10000 (63.22%) | Top5: 8650/10000 (86.50%) (173.65s)
2026-01-18 08:24:26,560 | INFO | New best model saved at epoch 57 with Top1 Acc: 63.22% (Top5: 86.50%)
2026-01-18 08:25:21,457 | INFO | Batch 10 | Loss: 0.1304 | Correct: 124/128 | Elapsed Time: 54.90s
2026-01-18 08:26:16,181 | INFO | Batch 20 | Loss: 0.1721 | Correct: 121/128 | Elapsed Time: 54.72s
2026-01-18 08:27:10,881 | INFO | Batch 30 | Loss: 0.1732 | Correct: 123/128 | Elapsed Time: 54.70s
2026-01-18 08:28:05,606 | INFO | Batch 40 | Loss: 0.1782 | Correct: 124/128 | Elapsed Time: 54.72s
2026-01-18 08:29:00,268 | INFO | Batch 50 | Loss: 0.0890 | Correct: 126/128 | Elapsed Time: 54.66s
2026-01-18 08:29:54,944 | INFO | Batch 60 | Loss: 0.0897 | Correct: 128/128 | Elapsed Time: 54.68s
2026-01-18 08:30:49,630 | INFO | Batch 70 | Loss: 0.1194 | Correct: 125/128 | Elapsed Time: 54.69s
2026-01-18 08:31:44,298 | INFO | Batch 80 | Loss: 0.0927 | Correct: 125/128 | Elapsed Time: 54.67s
2026-01-18 08:32:38,997 | INFO | Batch 90 | Loss: 0.1134 | Correct: 124/128 | Elapsed Time: 54.70s
2026-01-18 08:33:33,699 | INFO | Batch 100 | Loss: 0.1215 | Correct: 125/128 | Elapsed Time: 54.70s
2026-01-18 08:34:28,448 | INFO | Batch 110 | Loss: 0.1156 | Correct: 124/128 | Elapsed Time: 54.75s
2026-01-18 08:35:23,105 | INFO | Batch 120 | Loss: 0.1886 | Correct: 122/128 | Elapsed Time: 54.66s
2026-01-18 08:36:17,784 | INFO | Batch 130 | Loss: 0.1186 | Correct: 123/128 | Elapsed Time: 54.68s
2026-01-18 08:37:12,388 | INFO | Batch 140 | Loss: 0.1503 | Correct: 121/128 | Elapsed Time: 54.60s
2026-01-18 08:38:07,032 | INFO | Batch 150 | Loss: 0.1096 | Correct: 126/128 | Elapsed Time: 54.64s
2026-01-18 08:39:01,701 | INFO | Batch 160 | Loss: 0.1501 | Correct: 123/128 | Elapsed Time: 54.67s
2026-01-18 08:39:56,378 | INFO | Batch 170 | Loss: 0.1749 | Correct: 122/128 | Elapsed Time: 54.68s
2026-01-18 08:40:51,094 | INFO | Batch 180 | Loss: 0.0797 | Correct: 127/128 | Elapsed Time: 54.72s
2026-01-18 08:41:46,015 | INFO | Batch 190 | Loss: 0.1571 | Correct: 120/128 | Elapsed Time: 54.92s
2026-01-18 08:42:40,774 | INFO | Batch 200 | Loss: 0.1288 | Correct: 126/128 | Elapsed Time: 54.76s
2026-01-18 08:43:35,507 | INFO | Batch 210 | Loss: 0.1765 | Correct: 119/128 | Elapsed Time: 54.73s
2026-01-18 08:44:30,238 | INFO | Batch 220 | Loss: 0.0761 | Correct: 127/128 | Elapsed Time: 54.73s
2026-01-18 08:45:25,012 | INFO | Batch 230 | Loss: 0.1792 | Correct: 121/128 | Elapsed Time: 54.77s
2026-01-18 08:46:19,758 | INFO | Batch 240 | Loss: 0.1157 | Correct: 125/128 | Elapsed Time: 54.75s
2026-01-18 08:47:14,519 | INFO | Batch 250 | Loss: 0.1505 | Correct: 122/128 | Elapsed Time: 54.76s
2026-01-18 08:48:09,379 | INFO | Batch 260 | Loss: 0.1395 | Correct: 122/128 | Elapsed Time: 54.86s
2026-01-18 08:49:04,124 | INFO | Batch 270 | Loss: 0.1016 | Correct: 126/128 | Elapsed Time: 54.74s
2026-01-18 08:49:58,863 | INFO | Batch 280 | Loss: 0.0819 | Correct: 126/128 | Elapsed Time: 54.74s
2026-01-18 08:50:53,566 | INFO | Batch 290 | Loss: 0.1084 | Correct: 124/128 | Elapsed Time: 54.70s
2026-01-18 08:51:48,310 | INFO | Batch 300 | Loss: 0.1223 | Correct: 124/128 | Elapsed Time: 54.74s
2026-01-18 08:52:43,066 | INFO | Batch 310 | Loss: 0.1191 | Correct: 124/128 | Elapsed Time: 54.76s
2026-01-18 08:53:37,748 | INFO | Batch 320 | Loss: 0.1457 | Correct: 122/128 | Elapsed Time: 54.68s
2026-01-18 08:54:32,476 | INFO | Batch 330 | Loss: 0.1536 | Correct: 125/128 | Elapsed Time: 54.73s
2026-01-18 08:55:27,391 | INFO | Batch 340 | Loss: 0.1210 | Correct: 125/128 | Elapsed Time: 54.91s
2026-01-18 08:56:22,158 | INFO | Batch 350 | Loss: 0.1505 | Correct: 124/128 | Elapsed Time: 54.77s
2026-01-18 08:57:16,851 | INFO | Batch 360 | Loss: 0.1186 | Correct: 125/128 | Elapsed Time: 54.69s
2026-01-18 08:58:11,604 | INFO | Batch 370 | Loss: 0.1372 | Correct: 124/128 | Elapsed Time: 54.75s
2026-01-18 08:59:06,324 | INFO | Batch 380 | Loss: 0.1061 | Correct: 125/128 | Elapsed Time: 54.72s
2026-01-18 09:00:01,038 | INFO | Batch 390 | Loss: 0.1134 | Correct: 125/128 | Elapsed Time: 54.71s
2026-01-18 09:00:04,566 | INFO | Epoch [58/100] - Loss: 0.1350 | Correct: 48323/50000 (96.65%, 2138.01s)
2026-01-18 09:02:58,349 | INFO | Validation - Loss: 1.6382 | Top1: 6335/10000 (63.35%) | Top5: 8667/10000 (86.67%) (173.78s)
2026-01-18 09:02:59,589 | INFO | New best model saved at epoch 58 with Top1 Acc: 63.35% (Top5: 86.67%)
2026-01-18 09:03:54,397 | INFO | Batch 10 | Loss: 0.1675 | Correct: 121/128 | Elapsed Time: 54.81s
2026-01-18 09:04:49,181 | INFO | Batch 20 | Loss: 0.1576 | Correct: 125/128 | Elapsed Time: 54.78s
2026-01-18 09:05:43,963 | INFO | Batch 30 | Loss: 0.1393 | Correct: 123/128 | Elapsed Time: 54.78s
2026-01-18 09:06:38,660 | INFO | Batch 40 | Loss: 0.1329 | Correct: 124/128 | Elapsed Time: 54.70s
2026-01-18 09:07:33,404 | INFO | Batch 50 | Loss: 0.1761 | Correct: 122/128 | Elapsed Time: 54.74s
2026-01-18 09:08:28,100 | INFO | Batch 60 | Loss: 0.1265 | Correct: 122/128 | Elapsed Time: 54.70s
2026-01-18 09:09:22,786 | INFO | Batch 70 | Loss: 0.1350 | Correct: 123/128 | Elapsed Time: 54.69s
2026-01-18 09:10:17,454 | INFO | Batch 80 | Loss: 0.1300 | Correct: 123/128 | Elapsed Time: 54.67s
2026-01-18 09:11:12,135 | INFO | Batch 90 | Loss: 0.1225 | Correct: 124/128 | Elapsed Time: 54.68s
2026-01-18 09:12:06,936 | INFO | Batch 100 | Loss: 0.1965 | Correct: 121/128 | Elapsed Time: 54.80s
2026-01-18 09:13:01,640 | INFO | Batch 110 | Loss: 0.1139 | Correct: 123/128 | Elapsed Time: 54.70s
2026-01-18 09:13:56,359 | INFO | Batch 120 | Loss: 0.1298 | Correct: 122/128 | Elapsed Time: 54.72s
2026-01-18 09:14:51,025 | INFO | Batch 130 | Loss: 0.1171 | Correct: 127/128 | Elapsed Time: 54.67s
2026-01-18 09:15:45,829 | INFO | Batch 140 | Loss: 0.1238 | Correct: 123/128 | Elapsed Time: 54.80s
2026-01-18 09:16:40,541 | INFO | Batch 150 | Loss: 0.1721 | Correct: 123/128 | Elapsed Time: 54.71s
2026-01-18 09:17:35,214 | INFO | Batch 160 | Loss: 0.1179 | Correct: 125/128 | Elapsed Time: 54.67s
2026-01-18 09:18:29,930 | INFO | Batch 170 | Loss: 0.1946 | Correct: 122/128 | Elapsed Time: 54.72s
2026-01-18 09:19:24,733 | INFO | Batch 180 | Loss: 0.1057 | Correct: 125/128 | Elapsed Time: 54.80s
2026-01-18 09:20:19,378 | INFO | Batch 190 | Loss: 0.1534 | Correct: 122/128 | Elapsed Time: 54.64s
2026-01-18 09:21:14,048 | INFO | Batch 200 | Loss: 0.1339 | Correct: 124/128 | Elapsed Time: 54.67s
2026-01-18 09:22:08,732 | INFO | Batch 210 | Loss: 0.1474 | Correct: 123/128 | Elapsed Time: 54.68s
2026-01-18 09:23:03,377 | INFO | Batch 220 | Loss: 0.0880 | Correct: 127/128 | Elapsed Time: 54.65s
2026-01-18 09:23:58,051 | INFO | Batch 230 | Loss: 0.1449 | Correct: 123/128 | Elapsed Time: 54.67s
2026-01-18 09:24:52,772 | INFO | Batch 240 | Loss: 0.1276 | Correct: 124/128 | Elapsed Time: 54.72s
2026-01-18 09:25:47,735 | INFO | Batch 250 | Loss: 0.1264 | Correct: 125/128 | Elapsed Time: 54.96s
2026-01-18 09:26:42,479 | INFO | Batch 260 | Loss: 0.1076 | Correct: 127/128 | Elapsed Time: 54.74s
2026-01-18 09:27:37,389 | INFO | Batch 270 | Loss: 0.0957 | Correct: 124/128 | Elapsed Time: 54.91s
2026-01-18 09:28:32,252 | INFO | Batch 280 | Loss: 0.1493 | Correct: 121/128 | Elapsed Time: 54.86s
2026-01-18 09:29:27,187 | INFO | Batch 290 | Loss: 0.1625 | Correct: 124/128 | Elapsed Time: 54.93s
2026-01-18 09:30:22,128 | INFO | Batch 300 | Loss: 0.1668 | Correct: 120/128 | Elapsed Time: 54.94s
2026-01-18 09:31:17,080 | INFO | Batch 310 | Loss: 0.1657 | Correct: 123/128 | Elapsed Time: 54.95s
2026-01-18 09:32:12,110 | INFO | Batch 320 | Loss: 0.1536 | Correct: 124/128 | Elapsed Time: 55.03s
2026-01-18 09:33:07,114 | INFO | Batch 330 | Loss: 0.2013 | Correct: 120/128 | Elapsed Time: 55.00s
2026-01-18 09:34:02,151 | INFO | Batch 340 | Loss: 0.1218 | Correct: 124/128 | Elapsed Time: 55.04s
2026-01-18 09:34:57,174 | INFO | Batch 350 | Loss: 0.1111 | Correct: 127/128 | Elapsed Time: 55.02s
2026-01-18 09:35:52,243 | INFO | Batch 360 | Loss: 0.1382 | Correct: 125/128 | Elapsed Time: 55.07s
2026-01-18 09:36:47,264 | INFO | Batch 370 | Loss: 0.1881 | Correct: 122/128 | Elapsed Time: 55.02s
2026-01-18 09:37:42,224 | INFO | Batch 380 | Loss: 0.1298 | Correct: 123/128 | Elapsed Time: 54.96s
2026-01-18 09:38:37,160 | INFO | Batch 390 | Loss: 0.1341 | Correct: 123/128 | Elapsed Time: 54.94s
2026-01-18 09:38:40,685 | INFO | Epoch [59/100] - Loss: 0.1305 | Correct: 48391/50000 (96.78%, 2141.10s)
2026-01-18 09:41:35,969 | INFO | Validation - Loss: 1.6475 | Top1: 6335/10000 (63.35%) | Top5: 8657/10000 (86.57%) (175.28s)
2026-01-18 09:42:31,100 | INFO | Batch 10 | Loss: 0.1384 | Correct: 124/128 | Elapsed Time: 55.13s
2026-01-18 09:43:26,078 | INFO | Batch 20 | Loss: 0.1749 | Correct: 121/128 | Elapsed Time: 54.98s
2026-01-18 09:44:21,089 | INFO | Batch 30 | Loss: 0.1279 | Correct: 125/128 | Elapsed Time: 55.01s
2026-01-18 09:45:16,129 | INFO | Batch 40 | Loss: 0.1048 | Correct: 123/128 | Elapsed Time: 55.04s
2026-01-18 09:46:11,041 | INFO | Batch 50 | Loss: 0.0916 | Correct: 125/128 | Elapsed Time: 54.91s
2026-01-18 09:47:06,007 | INFO | Batch 60 | Loss: 0.1302 | Correct: 125/128 | Elapsed Time: 54.97s
2026-01-18 09:48:00,926 | INFO | Batch 70 | Loss: 0.1714 | Correct: 121/128 | Elapsed Time: 54.92s
2026-01-18 09:48:55,872 | INFO | Batch 80 | Loss: 0.1345 | Correct: 124/128 | Elapsed Time: 54.95s
2026-01-18 09:49:50,935 | INFO | Batch 90 | Loss: 0.1482 | Correct: 122/128 | Elapsed Time: 55.06s
2026-01-18 09:50:45,895 | INFO | Batch 100 | Loss: 0.1096 | Correct: 125/128 | Elapsed Time: 54.96s
2026-01-18 09:51:40,904 | INFO | Batch 110 | Loss: 0.2128 | Correct: 121/128 | Elapsed Time: 55.01s
2026-01-18 09:52:35,880 | INFO | Batch 120 | Loss: 0.1433 | Correct: 121/128 | Elapsed Time: 54.98s
2026-01-18 09:53:30,899 | INFO | Batch 130 | Loss: 0.1110 | Correct: 125/128 | Elapsed Time: 55.02s
2026-01-18 09:54:25,867 | INFO | Batch 140 | Loss: 0.1191 | Correct: 124/128 | Elapsed Time: 54.97s
2026-01-18 09:55:21,009 | INFO | Batch 150 | Loss: 0.1168 | Correct: 123/128 | Elapsed Time: 55.14s
2026-01-18 09:56:16,070 | INFO | Batch 160 | Loss: 0.1065 | Correct: 126/128 | Elapsed Time: 55.06s
2026-01-18 09:57:10,915 | INFO | Batch 170 | Loss: 0.0960 | Correct: 126/128 | Elapsed Time: 54.84s
2026-01-18 09:58:05,833 | INFO | Batch 180 | Loss: 0.1489 | Correct: 124/128 | Elapsed Time: 54.92s
2026-01-18 09:59:00,800 | INFO | Batch 190 | Loss: 0.1189 | Correct: 124/128 | Elapsed Time: 54.97s
2026-01-18 09:59:55,734 | INFO | Batch 200 | Loss: 0.1569 | Correct: 123/128 | Elapsed Time: 54.93s
2026-01-18 10:00:50,721 | INFO | Batch 210 | Loss: 0.1768 | Correct: 118/128 | Elapsed Time: 54.99s
2026-01-18 10:01:45,625 | INFO | Batch 220 | Loss: 0.0753 | Correct: 126/128 | Elapsed Time: 54.90s
2026-01-18 10:02:40,645 | INFO | Batch 230 | Loss: 0.1907 | Correct: 122/128 | Elapsed Time: 55.02s
2026-01-18 10:03:35,746 | INFO | Batch 240 | Loss: 0.1809 | Correct: 120/128 | Elapsed Time: 55.10s
2026-01-18 10:04:30,653 | INFO | Batch 250 | Loss: 0.1507 | Correct: 123/128 | Elapsed Time: 54.91s
2026-01-18 10:05:25,738 | INFO | Batch 260 | Loss: 0.1359 | Correct: 124/128 | Elapsed Time: 55.09s
2026-01-18 10:06:20,712 | INFO | Batch 270 | Loss: 0.1168 | Correct: 125/128 | Elapsed Time: 54.97s
2026-01-18 10:07:15,705 | INFO | Batch 280 | Loss: 0.1401 | Correct: 124/128 | Elapsed Time: 54.99s
2026-01-18 10:08:10,658 | INFO | Batch 290 | Loss: 0.0916 | Correct: 125/128 | Elapsed Time: 54.95s
2026-01-18 10:09:05,619 | INFO | Batch 300 | Loss: 0.1643 | Correct: 121/128 | Elapsed Time: 54.96s
2026-01-18 10:10:00,646 | INFO | Batch 310 | Loss: 0.1563 | Correct: 121/128 | Elapsed Time: 55.03s
2026-01-18 10:10:55,616 | INFO | Batch 320 | Loss: 0.1248 | Correct: 125/128 | Elapsed Time: 54.97s
2026-01-18 10:11:50,632 | INFO | Batch 330 | Loss: 0.1792 | Correct: 122/128 | Elapsed Time: 55.02s
2026-01-18 10:12:45,612 | INFO | Batch 340 | Loss: 0.1425 | Correct: 123/128 | Elapsed Time: 54.98s
2026-01-18 10:13:40,538 | INFO | Batch 350 | Loss: 0.1163 | Correct: 124/128 | Elapsed Time: 54.93s
2026-01-18 10:14:35,528 | INFO | Batch 360 | Loss: 0.1586 | Correct: 121/128 | Elapsed Time: 54.99s
2026-01-18 10:15:30,560 | INFO | Batch 370 | Loss: 0.1132 | Correct: 125/128 | Elapsed Time: 55.03s
2026-01-18 10:16:25,494 | INFO | Batch 380 | Loss: 0.1345 | Correct: 122/128 | Elapsed Time: 54.93s
2026-01-18 10:17:20,604 | INFO | Batch 390 | Loss: 0.1007 | Correct: 125/128 | Elapsed Time: 55.11s
2026-01-18 10:17:24,134 | INFO | Epoch [60/100] - Loss: 0.1225 | Correct: 48555/50000 (97.11%, 2148.16s)
2026-01-18 10:20:19,547 | INFO | Validation - Loss: 1.6444 | Top1: 6338/10000 (63.38%) | Top5: 8661/10000 (86.61%) (175.41s)
2026-01-18 10:20:20,775 | INFO | New best model saved at epoch 60 with Top1 Acc: 63.38% (Top5: 86.61%)
2026-01-18 10:21:15,887 | INFO | Batch 10 | Loss: 0.1302 | Correct: 123/128 | Elapsed Time: 55.11s
2026-01-18 10:22:10,871 | INFO | Batch 20 | Loss: 0.1782 | Correct: 120/128 | Elapsed Time: 54.98s
2026-01-18 10:23:05,892 | INFO | Batch 30 | Loss: 0.0994 | Correct: 125/128 | Elapsed Time: 55.02s
2026-01-18 10:24:00,886 | INFO | Batch 40 | Loss: 0.1513 | Correct: 122/128 | Elapsed Time: 54.99s
2026-01-18 10:24:55,836 | INFO | Batch 50 | Loss: 0.0858 | Correct: 126/128 | Elapsed Time: 54.95s
2026-01-18 10:25:50,884 | INFO | Batch 60 | Loss: 0.0938 | Correct: 126/128 | Elapsed Time: 55.05s
2026-01-18 10:26:45,929 | INFO | Batch 70 | Loss: 0.0679 | Correct: 128/128 | Elapsed Time: 55.05s
2026-01-18 10:27:40,893 | INFO | Batch 80 | Loss: 0.0984 | Correct: 126/128 | Elapsed Time: 54.96s
2026-01-18 10:28:35,909 | INFO | Batch 90 | Loss: 0.0858 | Correct: 125/128 | Elapsed Time: 55.02s
2026-01-18 10:29:30,941 | INFO | Batch 100 | Loss: 0.1084 | Correct: 126/128 | Elapsed Time: 55.03s
2026-01-18 10:30:25,936 | INFO | Batch 110 | Loss: 0.1157 | Correct: 123/128 | Elapsed Time: 55.00s
2026-01-18 10:31:20,904 | INFO | Batch 120 | Loss: 0.1443 | Correct: 125/128 | Elapsed Time: 54.97s
2026-01-18 10:32:15,891 | INFO | Batch 130 | Loss: 0.1061 | Correct: 125/128 | Elapsed Time: 54.99s
2026-01-18 10:33:10,847 | INFO | Batch 140 | Loss: 0.0861 | Correct: 125/128 | Elapsed Time: 54.96s
2026-01-18 10:34:05,866 | INFO | Batch 150 | Loss: 0.1135 | Correct: 126/128 | Elapsed Time: 55.02s
2026-01-18 10:35:00,861 | INFO | Batch 160 | Loss: 0.0894 | Correct: 126/128 | Elapsed Time: 54.99s
2026-01-18 10:35:55,844 | INFO | Batch 170 | Loss: 0.1435 | Correct: 123/128 | Elapsed Time: 54.98s
2026-01-18 10:36:50,789 | INFO | Batch 180 | Loss: 0.0892 | Correct: 125/128 | Elapsed Time: 54.95s
2026-01-18 10:37:45,816 | INFO | Batch 190 | Loss: 0.1148 | Correct: 126/128 | Elapsed Time: 55.03s
2026-01-18 10:38:40,778 | INFO | Batch 200 | Loss: 0.1761 | Correct: 121/128 | Elapsed Time: 54.96s
2026-01-18 10:39:35,758 | INFO | Batch 210 | Loss: 0.1489 | Correct: 125/128 | Elapsed Time: 54.98s
2026-01-18 10:40:30,722 | INFO | Batch 220 | Loss: 0.0690 | Correct: 127/128 | Elapsed Time: 54.96s
2026-01-18 10:41:25,840 | INFO | Batch 230 | Loss: 0.1080 | Correct: 127/128 | Elapsed Time: 55.12s
2026-01-18 10:42:20,780 | INFO | Batch 240 | Loss: 0.1270 | Correct: 124/128 | Elapsed Time: 54.94s
2026-01-18 10:43:15,744 | INFO | Batch 250 | Loss: 0.0759 | Correct: 126/128 | Elapsed Time: 54.96s
2026-01-18 10:44:10,704 | INFO | Batch 260 | Loss: 0.0931 | Correct: 126/128 | Elapsed Time: 54.96s
2026-01-18 10:45:05,632 | INFO | Batch 270 | Loss: 0.1365 | Correct: 124/128 | Elapsed Time: 54.93s
2026-01-18 10:46:00,662 | INFO | Batch 280 | Loss: 0.0982 | Correct: 125/128 | Elapsed Time: 55.03s
2026-01-18 10:46:55,569 | INFO | Batch 290 | Loss: 0.0972 | Correct: 125/128 | Elapsed Time: 54.91s
2026-01-18 10:47:50,628 | INFO | Batch 300 | Loss: 0.0797 | Correct: 127/128 | Elapsed Time: 55.06s
2026-01-18 10:48:45,641 | INFO | Batch 310 | Loss: 0.1187 | Correct: 124/128 | Elapsed Time: 55.01s
2026-01-18 10:49:40,604 | INFO | Batch 320 | Loss: 0.0966 | Correct: 127/128 | Elapsed Time: 54.96s
2026-01-18 10:50:35,619 | INFO | Batch 330 | Loss: 0.1102 | Correct: 123/128 | Elapsed Time: 55.02s
2026-01-18 10:51:30,629 | INFO | Batch 340 | Loss: 0.1378 | Correct: 123/128 | Elapsed Time: 55.01s
2026-01-18 10:52:25,606 | INFO | Batch 350 | Loss: 0.1029 | Correct: 125/128 | Elapsed Time: 54.98s
2026-01-18 10:53:20,519 | INFO | Batch 360 | Loss: 0.1897 | Correct: 123/128 | Elapsed Time: 54.91s
2026-01-18 10:54:15,436 | INFO | Batch 370 | Loss: 0.1178 | Correct: 126/128 | Elapsed Time: 54.92s
2026-01-18 10:55:10,708 | INFO | Batch 380 | Loss: 0.1354 | Correct: 124/128 | Elapsed Time: 55.27s
2026-01-18 10:56:05,716 | INFO | Batch 390 | Loss: 0.1311 | Correct: 125/128 | Elapsed Time: 55.01s
2026-01-18 10:56:09,246 | INFO | Epoch [61/100] - Loss: 0.1161 | Correct: 48693/50000 (97.39%, 2148.47s)
2026-01-18 10:59:04,548 | INFO | Validation - Loss: 1.6431 | Top1: 6341/10000 (63.41%) | Top5: 8654/10000 (86.54%) (175.30s)
2026-01-18 10:59:05,590 | INFO | New best model saved at epoch 61 with Top1 Acc: 63.41% (Top5: 86.54%)
2026-01-18 11:00:00,606 | INFO | Batch 10 | Loss: 0.0917 | Correct: 126/128 | Elapsed Time: 55.02s
2026-01-18 11:00:55,527 | INFO | Batch 20 | Loss: 0.1183 | Correct: 125/128 | Elapsed Time: 54.92s
2026-01-18 11:01:50,540 | INFO | Batch 30 | Loss: 0.1666 | Correct: 122/128 | Elapsed Time: 55.01s
2026-01-18 11:02:45,534 | INFO | Batch 40 | Loss: 0.0898 | Correct: 126/128 | Elapsed Time: 54.99s
2026-01-18 11:03:40,539 | INFO | Batch 50 | Loss: 0.1093 | Correct: 124/128 | Elapsed Time: 55.01s
2026-01-18 11:04:35,652 | INFO | Batch 60 | Loss: 0.1114 | Correct: 126/128 | Elapsed Time: 55.11s
2026-01-18 11:05:30,754 | INFO | Batch 70 | Loss: 0.1204 | Correct: 123/128 | Elapsed Time: 55.10s
2026-01-18 11:06:25,786 | INFO | Batch 80 | Loss: 0.1170 | Correct: 124/128 | Elapsed Time: 55.03s
2026-01-18 11:07:20,800 | INFO | Batch 90 | Loss: 0.0891 | Correct: 125/128 | Elapsed Time: 55.01s
2026-01-18 11:08:15,815 | INFO | Batch 100 | Loss: 0.1119 | Correct: 126/128 | Elapsed Time: 55.02s
2026-01-18 11:09:10,800 | INFO | Batch 110 | Loss: 0.1314 | Correct: 125/128 | Elapsed Time: 54.98s
2026-01-18 11:10:05,792 | INFO | Batch 120 | Loss: 0.0850 | Correct: 127/128 | Elapsed Time: 54.99s
2026-01-18 11:11:00,909 | INFO | Batch 130 | Loss: 0.0919 | Correct: 126/128 | Elapsed Time: 55.12s
2026-01-18 11:11:55,847 | INFO | Batch 140 | Loss: 0.1113 | Correct: 126/128 | Elapsed Time: 54.94s
2026-01-18 11:12:50,914 | INFO | Batch 150 | Loss: 0.1695 | Correct: 121/128 | Elapsed Time: 55.07s
2026-01-18 11:13:45,930 | INFO | Batch 160 | Loss: 0.0912 | Correct: 126/128 | Elapsed Time: 55.02s
2026-01-18 11:14:40,851 | INFO | Batch 170 | Loss: 0.1427 | Correct: 124/128 | Elapsed Time: 54.92s
2026-01-18 11:15:35,881 | INFO | Batch 180 | Loss: 0.1546 | Correct: 123/128 | Elapsed Time: 55.03s
2026-01-18 11:16:30,931 | INFO | Batch 190 | Loss: 0.0827 | Correct: 126/128 | Elapsed Time: 55.05s
2026-01-18 11:17:25,913 | INFO | Batch 200 | Loss: 0.1451 | Correct: 124/128 | Elapsed Time: 54.98s
2026-01-18 11:18:21,030 | INFO | Batch 210 | Loss: 0.1168 | Correct: 125/128 | Elapsed Time: 55.12s
2026-01-18 11:19:15,975 | INFO | Batch 220 | Loss: 0.0721 | Correct: 127/128 | Elapsed Time: 54.94s
2026-01-18 11:20:10,948 | INFO | Batch 230 | Loss: 0.1195 | Correct: 125/128 | Elapsed Time: 54.97s
2026-01-18 11:21:05,908 | INFO | Batch 240 | Loss: 0.1645 | Correct: 122/128 | Elapsed Time: 54.96s
2026-01-18 11:22:00,826 | INFO | Batch 250 | Loss: 0.0914 | Correct: 126/128 | Elapsed Time: 54.92s
2026-01-18 11:22:55,782 | INFO | Batch 260 | Loss: 0.0928 | Correct: 125/128 | Elapsed Time: 54.96s
2026-01-18 11:23:50,710 | INFO | Batch 270 | Loss: 0.1008 | Correct: 123/128 | Elapsed Time: 54.93s
2026-01-18 11:24:45,804 | INFO | Batch 280 | Loss: 0.1128 | Correct: 127/128 | Elapsed Time: 55.09s
2026-01-18 11:25:40,869 | INFO | Batch 290 | Loss: 0.1695 | Correct: 119/128 | Elapsed Time: 55.06s
2026-01-18 11:26:35,866 | INFO | Batch 300 | Loss: 0.1501 | Correct: 120/128 | Elapsed Time: 55.00s
2026-01-18 11:27:30,866 | INFO | Batch 310 | Loss: 0.0750 | Correct: 127/128 | Elapsed Time: 55.00s
2026-01-18 11:28:25,810 | INFO | Batch 320 | Loss: 0.0906 | Correct: 127/128 | Elapsed Time: 54.94s
2026-01-18 11:29:20,807 | INFO | Batch 330 | Loss: 0.1205 | Correct: 127/128 | Elapsed Time: 55.00s
2026-01-18 11:30:15,722 | INFO | Batch 340 | Loss: 0.1824 | Correct: 120/128 | Elapsed Time: 54.91s
2026-01-18 11:31:10,667 | INFO | Batch 350 | Loss: 0.1243 | Correct: 123/128 | Elapsed Time: 54.94s
2026-01-18 11:32:05,764 | INFO | Batch 360 | Loss: 0.1217 | Correct: 124/128 | Elapsed Time: 55.10s
2026-01-18 11:33:00,579 | INFO | Batch 370 | Loss: 0.1821 | Correct: 124/128 | Elapsed Time: 54.81s
2026-01-18 11:33:55,253 | INFO | Batch 380 | Loss: 0.1489 | Correct: 124/128 | Elapsed Time: 54.67s
2026-01-18 11:34:49,937 | INFO | Batch 390 | Loss: 0.1369 | Correct: 123/128 | Elapsed Time: 54.68s
2026-01-18 11:34:53,443 | INFO | Epoch [62/100] - Loss: 0.1167 | Correct: 48650/50000 (97.30%, 2147.85s)
2026-01-18 11:37:47,208 | INFO | Validation - Loss: 1.6426 | Top1: 6334/10000 (63.34%) | Top5: 8669/10000 (86.69%) (173.76s)
2026-01-18 11:38:41,939 | INFO | Batch 10 | Loss: 0.0953 | Correct: 126/128 | Elapsed Time: 54.73s
2026-01-18 11:39:36,619 | INFO | Batch 20 | Loss: 0.1794 | Correct: 120/128 | Elapsed Time: 54.68s
2026-01-18 11:40:31,286 | INFO | Batch 30 | Loss: 0.1262 | Correct: 124/128 | Elapsed Time: 54.67s
2026-01-18 11:41:26,071 | INFO | Batch 40 | Loss: 0.0976 | Correct: 127/128 | Elapsed Time: 54.79s
2026-01-18 11:42:20,751 | INFO | Batch 50 | Loss: 0.0674 | Correct: 127/128 | Elapsed Time: 54.68s
2026-01-18 11:43:15,468 | INFO | Batch 60 | Loss: 0.1020 | Correct: 125/128 | Elapsed Time: 54.72s
2026-01-18 11:44:10,156 | INFO | Batch 70 | Loss: 0.0791 | Correct: 128/128 | Elapsed Time: 54.69s
2026-01-18 11:45:04,879 | INFO | Batch 80 | Loss: 0.0804 | Correct: 126/128 | Elapsed Time: 54.72s
2026-01-18 11:45:59,615 | INFO | Batch 90 | Loss: 0.1181 | Correct: 124/128 | Elapsed Time: 54.74s
2026-01-18 11:46:54,298 | INFO | Batch 100 | Loss: 0.1258 | Correct: 126/128 | Elapsed Time: 54.68s
2026-01-18 11:47:48,969 | INFO | Batch 110 | Loss: 0.1437 | Correct: 120/128 | Elapsed Time: 54.67s
2026-01-18 11:48:43,784 | INFO | Batch 120 | Loss: 0.0980 | Correct: 126/128 | Elapsed Time: 54.81s
2026-01-18 11:49:38,474 | INFO | Batch 130 | Loss: 0.1007 | Correct: 125/128 | Elapsed Time: 54.69s
2026-01-18 11:50:33,171 | INFO | Batch 140 | Loss: 0.1389 | Correct: 124/128 | Elapsed Time: 54.70s
2026-01-18 11:51:27,893 | INFO | Batch 150 | Loss: 0.1406 | Correct: 123/128 | Elapsed Time: 54.72s
2026-01-18 11:52:22,578 | INFO | Batch 160 | Loss: 0.1022 | Correct: 125/128 | Elapsed Time: 54.68s
2026-01-18 11:53:17,258 | INFO | Batch 170 | Loss: 0.1318 | Correct: 123/128 | Elapsed Time: 54.68s
2026-01-18 11:54:11,924 | INFO | Batch 180 | Loss: 0.1253 | Correct: 124/128 | Elapsed Time: 54.67s
2026-01-18 11:55:06,787 | INFO | Batch 190 | Loss: 0.1232 | Correct: 122/128 | Elapsed Time: 54.86s
2026-01-18 11:56:01,512 | INFO | Batch 200 | Loss: 0.1401 | Correct: 121/128 | Elapsed Time: 54.73s
2026-01-18 11:56:56,177 | INFO | Batch 210 | Loss: 0.1176 | Correct: 126/128 | Elapsed Time: 54.66s
2026-01-18 11:57:50,871 | INFO | Batch 220 | Loss: 0.1382 | Correct: 124/128 | Elapsed Time: 54.69s
2026-01-18 11:58:45,603 | INFO | Batch 230 | Loss: 0.1305 | Correct: 126/128 | Elapsed Time: 54.73s
2026-01-18 11:59:40,339 | INFO | Batch 240 | Loss: 0.1374 | Correct: 121/128 | Elapsed Time: 54.74s
2026-01-18 12:00:35,060 | INFO | Batch 250 | Loss: 0.1677 | Correct: 120/128 | Elapsed Time: 54.72s
2026-01-18 12:01:29,744 | INFO | Batch 260 | Loss: 0.1000 | Correct: 125/128 | Elapsed Time: 54.68s
2026-01-18 12:02:24,605 | INFO | Batch 270 | Loss: 0.1277 | Correct: 124/128 | Elapsed Time: 54.86s
2026-01-18 12:03:19,369 | INFO | Batch 280 | Loss: 0.2142 | Correct: 122/128 | Elapsed Time: 54.76s
2026-01-18 12:04:14,131 | INFO | Batch 290 | Loss: 0.0919 | Correct: 126/128 | Elapsed Time: 54.76s
2026-01-18 12:05:09,113 | INFO | Batch 300 | Loss: 0.1243 | Correct: 125/128 | Elapsed Time: 54.98s
2026-01-18 12:06:03,898 | INFO | Batch 310 | Loss: 0.0887 | Correct: 127/128 | Elapsed Time: 54.78s
2026-01-18 12:06:58,656 | INFO | Batch 320 | Loss: 0.0868 | Correct: 126/128 | Elapsed Time: 54.76s
2026-01-18 12:07:53,361 | INFO | Batch 330 | Loss: 0.0772 | Correct: 127/128 | Elapsed Time: 54.70s
2026-01-18 12:08:48,085 | INFO | Batch 340 | Loss: 0.1047 | Correct: 126/128 | Elapsed Time: 54.72s
2026-01-18 12:09:42,970 | INFO | Batch 350 | Loss: 0.1146 | Correct: 126/128 | Elapsed Time: 54.89s
2026-01-18 12:10:37,799 | INFO | Batch 360 | Loss: 0.1525 | Correct: 123/128 | Elapsed Time: 54.83s
2026-01-18 12:11:32,571 | INFO | Batch 370 | Loss: 0.0854 | Correct: 127/128 | Elapsed Time: 54.77s
2026-01-18 12:12:27,372 | INFO | Batch 380 | Loss: 0.1325 | Correct: 124/128 | Elapsed Time: 54.80s
2026-01-18 12:13:22,175 | INFO | Batch 390 | Loss: 0.1320 | Correct: 125/128 | Elapsed Time: 54.80s
2026-01-18 12:13:25,684 | INFO | Epoch [63/100] - Loss: 0.1123 | Correct: 48713/50000 (97.43%, 2138.47s)
2026-01-18 12:16:19,876 | INFO | Validation - Loss: 1.6398 | Top1: 6330/10000 (63.30%) | Top5: 8671/10000 (86.71%) (174.19s)
2026-01-18 12:17:14,639 | INFO | Batch 10 | Loss: 0.1099 | Correct: 124/128 | Elapsed Time: 54.76s
2026-01-18 12:18:09,571 | INFO | Batch 20 | Loss: 0.1756 | Correct: 119/128 | Elapsed Time: 54.93s
2026-01-18 12:19:04,330 | INFO | Batch 30 | Loss: 0.0922 | Correct: 126/128 | Elapsed Time: 54.76s
2026-01-18 12:19:59,067 | INFO | Batch 40 | Loss: 0.1077 | Correct: 126/128 | Elapsed Time: 54.74s
2026-01-18 12:20:53,894 | INFO | Batch 50 | Loss: 0.1802 | Correct: 120/128 | Elapsed Time: 54.83s
2026-01-18 12:21:48,712 | INFO | Batch 60 | Loss: 0.0722 | Correct: 126/128 | Elapsed Time: 54.82s
2026-01-18 12:22:43,517 | INFO | Batch 70 | Loss: 0.0708 | Correct: 126/128 | Elapsed Time: 54.80s
2026-01-18 12:23:38,319 | INFO | Batch 80 | Loss: 0.1276 | Correct: 122/128 | Elapsed Time: 54.80s
2026-01-18 12:24:33,198 | INFO | Batch 90 | Loss: 0.1290 | Correct: 125/128 | Elapsed Time: 54.88s
2026-01-18 12:25:28,003 | INFO | Batch 100 | Loss: 0.0655 | Correct: 127/128 | Elapsed Time: 54.80s
2026-01-18 12:26:22,804 | INFO | Batch 110 | Loss: 0.0939 | Correct: 123/128 | Elapsed Time: 54.80s
2026-01-18 12:27:17,567 | INFO | Batch 120 | Loss: 0.1107 | Correct: 124/128 | Elapsed Time: 54.76s
2026-01-18 12:28:12,414 | INFO | Batch 130 | Loss: 0.1104 | Correct: 123/128 | Elapsed Time: 54.85s
2026-01-18 12:29:07,233 | INFO | Batch 140 | Loss: 0.1276 | Correct: 122/128 | Elapsed Time: 54.82s
2026-01-18 12:30:01,987 | INFO | Batch 150 | Loss: 0.1416 | Correct: 124/128 | Elapsed Time: 54.75s
2026-01-18 12:30:56,794 | INFO | Batch 160 | Loss: 0.1083 | Correct: 124/128 | Elapsed Time: 54.81s
2026-01-18 12:31:51,697 | INFO | Batch 170 | Loss: 0.0927 | Correct: 123/128 | Elapsed Time: 54.90s
2026-01-18 12:32:46,491 | INFO | Batch 180 | Loss: 0.0771 | Correct: 125/128 | Elapsed Time: 54.79s
2026-01-18 12:33:41,395 | INFO | Batch 190 | Loss: 0.0937 | Correct: 127/128 | Elapsed Time: 54.90s
2026-01-18 12:34:36,221 | INFO | Batch 200 | Loss: 0.1102 | Correct: 125/128 | Elapsed Time: 54.83s
2026-01-18 12:35:31,196 | INFO | Batch 210 | Loss: 0.1213 | Correct: 124/128 | Elapsed Time: 54.98s
2026-01-18 12:36:25,968 | INFO | Batch 220 | Loss: 0.0884 | Correct: 126/128 | Elapsed Time: 54.77s
2026-01-18 12:37:20,695 | INFO | Batch 230 | Loss: 0.0766 | Correct: 128/128 | Elapsed Time: 54.73s
2026-01-18 12:38:15,498 | INFO | Batch 240 | Loss: 0.1276 | Correct: 125/128 | Elapsed Time: 54.80s
2026-01-18 12:39:10,195 | INFO | Batch 250 | Loss: 0.0842 | Correct: 126/128 | Elapsed Time: 54.70s
2026-01-18 12:40:04,960 | INFO | Batch 260 | Loss: 0.1083 | Correct: 124/128 | Elapsed Time: 54.76s
2026-01-18 12:40:59,683 | INFO | Batch 270 | Loss: 0.1773 | Correct: 122/128 | Elapsed Time: 54.72s
2026-01-18 12:41:54,407 | INFO | Batch 280 | Loss: 0.1829 | Correct: 122/128 | Elapsed Time: 54.72s
2026-01-18 12:42:49,170 | INFO | Batch 290 | Loss: 0.0836 | Correct: 126/128 | Elapsed Time: 54.76s
2026-01-18 12:43:43,911 | INFO | Batch 300 | Loss: 0.1447 | Correct: 124/128 | Elapsed Time: 54.74s
2026-01-18 12:44:38,714 | INFO | Batch 310 | Loss: 0.1149 | Correct: 126/128 | Elapsed Time: 54.80s
2026-01-18 12:45:33,615 | INFO | Batch 320 | Loss: 0.0863 | Correct: 126/128 | Elapsed Time: 54.90s
2026-01-18 12:46:28,396 | INFO | Batch 330 | Loss: 0.1323 | Correct: 124/128 | Elapsed Time: 54.78s
2026-01-18 12:47:23,153 | INFO | Batch 340 | Loss: 0.1352 | Correct: 122/128 | Elapsed Time: 54.76s
2026-01-18 12:48:17,845 | INFO | Batch 350 | Loss: 0.0957 | Correct: 127/128 | Elapsed Time: 54.69s
2026-01-18 12:49:12,583 | INFO | Batch 360 | Loss: 0.1423 | Correct: 124/128 | Elapsed Time: 54.74s
2026-01-18 12:50:07,364 | INFO | Batch 370 | Loss: 0.1536 | Correct: 122/128 | Elapsed Time: 54.78s
2026-01-18 12:51:02,107 | INFO | Batch 380 | Loss: 0.1143 | Correct: 123/128 | Elapsed Time: 54.74s
2026-01-18 12:51:56,893 | INFO | Batch 390 | Loss: 0.1484 | Correct: 124/128 | Elapsed Time: 54.79s
2026-01-18 12:52:00,411 | INFO | Epoch [64/100] - Loss: 0.1112 | Correct: 48707/50000 (97.41%, 2140.53s)
2026-01-18 12:54:54,639 | INFO | Validation - Loss: 1.6430 | Top1: 6315/10000 (63.15%) | Top5: 8675/10000 (86.75%) (174.23s)
2026-01-18 12:55:49,540 | INFO | Batch 10 | Loss: 0.1018 | Correct: 125/128 | Elapsed Time: 54.90s
2026-01-18 12:56:44,282 | INFO | Batch 20 | Loss: 0.1281 | Correct: 125/128 | Elapsed Time: 54.74s
2026-01-18 12:57:39,025 | INFO | Batch 30 | Loss: 0.1293 | Correct: 122/128 | Elapsed Time: 54.74s
2026-01-18 12:58:33,725 | INFO | Batch 40 | Loss: 0.0972 | Correct: 124/128 | Elapsed Time: 54.70s
2026-01-18 12:59:28,510 | INFO | Batch 50 | Loss: 0.1096 | Correct: 124/128 | Elapsed Time: 54.79s
2026-01-18 13:00:23,271 | INFO | Batch 60 | Loss: 0.0891 | Correct: 126/128 | Elapsed Time: 54.76s
2026-01-18 13:01:18,060 | INFO | Batch 70 | Loss: 0.1149 | Correct: 126/128 | Elapsed Time: 54.79s
2026-01-18 13:02:12,887 | INFO | Batch 80 | Loss: 0.0963 | Correct: 127/128 | Elapsed Time: 54.83s
2026-01-18 13:03:07,683 | INFO | Batch 90 | Loss: 0.0952 | Correct: 126/128 | Elapsed Time: 54.80s
2026-01-18 13:04:02,453 | INFO | Batch 100 | Loss: 0.1467 | Correct: 123/128 | Elapsed Time: 54.77s
2026-01-18 13:04:57,222 | INFO | Batch 110 | Loss: 0.1395 | Correct: 120/128 | Elapsed Time: 54.77s
2026-01-18 13:05:52,087 | INFO | Batch 120 | Loss: 0.1511 | Correct: 124/128 | Elapsed Time: 54.86s
2026-01-18 13:06:46,903 | INFO | Batch 130 | Loss: 0.0959 | Correct: 126/128 | Elapsed Time: 54.82s
2026-01-18 13:07:41,632 | INFO | Batch 140 | Loss: 0.0966 | Correct: 126/128 | Elapsed Time: 54.73s
2026-01-18 13:08:36,491 | INFO | Batch 150 | Loss: 0.1178 | Correct: 123/128 | Elapsed Time: 54.86s
2026-01-18 13:09:31,257 | INFO | Batch 160 | Loss: 0.1785 | Correct: 124/128 | Elapsed Time: 54.77s
2026-01-18 13:10:25,998 | INFO | Batch 170 | Loss: 0.0970 | Correct: 124/128 | Elapsed Time: 54.74s
2026-01-18 13:11:20,740 | INFO | Batch 180 | Loss: 0.1013 | Correct: 125/128 | Elapsed Time: 54.74s
2026-01-18 13:12:15,528 | INFO | Batch 190 | Loss: 0.1302 | Correct: 123/128 | Elapsed Time: 54.79s
2026-01-18 13:13:10,300 | INFO | Batch 200 | Loss: 0.1465 | Correct: 124/128 | Elapsed Time: 54.77s
2026-01-18 13:14:05,093 | INFO | Batch 210 | Loss: 0.1659 | Correct: 125/128 | Elapsed Time: 54.79s
2026-01-18 13:14:59,845 | INFO | Batch 220 | Loss: 0.1070 | Correct: 124/128 | Elapsed Time: 54.75s
2026-01-18 13:15:54,794 | INFO | Batch 230 | Loss: 0.0964 | Correct: 126/128 | Elapsed Time: 54.95s
2026-01-18 13:16:49,615 | INFO | Batch 240 | Loss: 0.0738 | Correct: 127/128 | Elapsed Time: 54.82s
2026-01-18 13:17:44,420 | INFO | Batch 250 | Loss: 0.0929 | Correct: 126/128 | Elapsed Time: 54.80s
2026-01-18 13:18:39,162 | INFO | Batch 260 | Loss: 0.0781 | Correct: 126/128 | Elapsed Time: 54.74s
2026-01-18 13:19:33,899 | INFO | Batch 270 | Loss: 0.1339 | Correct: 125/128 | Elapsed Time: 54.74s
2026-01-18 13:20:28,683 | INFO | Batch 280 | Loss: 0.0863 | Correct: 125/128 | Elapsed Time: 54.78s
2026-01-18 13:21:23,476 | INFO | Batch 290 | Loss: 0.0801 | Correct: 125/128 | Elapsed Time: 54.79s
2026-01-18 13:22:18,276 | INFO | Batch 300 | Loss: 0.1422 | Correct: 123/128 | Elapsed Time: 54.80s
2026-01-18 13:23:13,165 | INFO | Batch 310 | Loss: 0.1318 | Correct: 124/128 | Elapsed Time: 54.89s
2026-01-18 13:24:07,934 | INFO | Batch 320 | Loss: 0.2160 | Correct: 119/128 | Elapsed Time: 54.77s
2026-01-18 13:25:02,764 | INFO | Batch 330 | Loss: 0.1359 | Correct: 123/128 | Elapsed Time: 54.83s
2026-01-18 13:25:57,622 | INFO | Batch 340 | Loss: 0.1202 | Correct: 123/128 | Elapsed Time: 54.86s
2026-01-18 13:26:52,460 | INFO | Batch 350 | Loss: 0.1197 | Correct: 124/128 | Elapsed Time: 54.84s
2026-01-18 13:27:47,203 | INFO | Batch 360 | Loss: 0.1080 | Correct: 125/128 | Elapsed Time: 54.74s
2026-01-18 13:28:42,045 | INFO | Batch 370 | Loss: 0.1497 | Correct: 122/128 | Elapsed Time: 54.84s
2026-01-18 13:29:36,829 | INFO | Batch 380 | Loss: 0.0489 | Correct: 127/128 | Elapsed Time: 54.78s
2026-01-18 13:30:31,692 | INFO | Batch 390 | Loss: 0.0762 | Correct: 126/128 | Elapsed Time: 54.86s
2026-01-18 13:30:35,219 | INFO | Epoch [65/100] - Loss: 0.1093 | Correct: 48764/50000 (97.53%, 2140.58s)
2026-01-18 13:33:29,289 | INFO | Validation - Loss: 1.6475 | Top1: 6328/10000 (63.28%) | Top5: 8650/10000 (86.50%) (174.07s)
2026-01-18 13:34:24,077 | INFO | Batch 10 | Loss: 0.1181 | Correct: 125/128 | Elapsed Time: 54.79s
2026-01-18 13:35:18,783 | INFO | Batch 20 | Loss: 0.0644 | Correct: 128/128 | Elapsed Time: 54.71s
2026-01-18 13:36:13,525 | INFO | Batch 30 | Loss: 0.1372 | Correct: 125/128 | Elapsed Time: 54.74s
2026-01-18 13:37:08,361 | INFO | Batch 40 | Loss: 0.0865 | Correct: 124/128 | Elapsed Time: 54.84s
2026-01-18 13:38:03,253 | INFO | Batch 50 | Loss: 0.1217 | Correct: 126/128 | Elapsed Time: 54.89s
2026-01-18 13:38:58,055 | INFO | Batch 60 | Loss: 0.1478 | Correct: 122/128 | Elapsed Time: 54.80s
2026-01-18 13:39:52,795 | INFO | Batch 70 | Loss: 0.0796 | Correct: 128/128 | Elapsed Time: 54.74s
2026-01-18 13:40:47,581 | INFO | Batch 80 | Loss: 0.1083 | Correct: 127/128 | Elapsed Time: 54.79s
2026-01-18 13:41:42,376 | INFO | Batch 90 | Loss: 0.0671 | Correct: 126/128 | Elapsed Time: 54.80s
2026-01-18 13:42:37,181 | INFO | Batch 100 | Loss: 0.1210 | Correct: 125/128 | Elapsed Time: 54.80s
2026-01-18 13:43:31,979 | INFO | Batch 110 | Loss: 0.1125 | Correct: 123/128 | Elapsed Time: 54.80s
2026-01-18 13:44:26,744 | INFO | Batch 120 | Loss: 0.0927 | Correct: 126/128 | Elapsed Time: 54.76s
2026-01-18 13:45:21,686 | INFO | Batch 130 | Loss: 0.1408 | Correct: 125/128 | Elapsed Time: 54.94s
2026-01-18 13:46:16,470 | INFO | Batch 140 | Loss: 0.0742 | Correct: 125/128 | Elapsed Time: 54.78s
2026-01-18 13:47:11,187 | INFO | Batch 150 | Loss: 0.1027 | Correct: 126/128 | Elapsed Time: 54.72s
2026-01-18 13:48:05,997 | INFO | Batch 160 | Loss: 0.1348 | Correct: 124/128 | Elapsed Time: 54.81s
2026-01-18 13:49:00,712 | INFO | Batch 170 | Loss: 0.0404 | Correct: 128/128 | Elapsed Time: 54.71s
2026-01-18 13:49:55,481 | INFO | Batch 180 | Loss: 0.0913 | Correct: 126/128 | Elapsed Time: 54.77s
2026-01-18 13:50:50,220 | INFO | Batch 190 | Loss: 0.1495 | Correct: 125/128 | Elapsed Time: 54.74s
2026-01-18 13:51:44,990 | INFO | Batch 200 | Loss: 0.0964 | Correct: 126/128 | Elapsed Time: 54.77s
2026-01-18 13:52:39,906 | INFO | Batch 210 | Loss: 0.0764 | Correct: 126/128 | Elapsed Time: 54.92s
2026-01-18 13:53:34,690 | INFO | Batch 220 | Loss: 0.1089 | Correct: 124/128 | Elapsed Time: 54.78s
2026-01-18 13:54:29,507 | INFO | Batch 230 | Loss: 0.1262 | Correct: 123/128 | Elapsed Time: 54.82s
2026-01-18 13:55:24,295 | INFO | Batch 240 | Loss: 0.0805 | Correct: 128/128 | Elapsed Time: 54.79s
2026-01-18 13:56:19,119 | INFO | Batch 250 | Loss: 0.1099 | Correct: 124/128 | Elapsed Time: 54.82s
2026-01-18 13:57:13,839 | INFO | Batch 260 | Loss: 0.1105 | Correct: 123/128 | Elapsed Time: 54.72s
2026-01-18 13:58:08,621 | INFO | Batch 270 | Loss: 0.0784 | Correct: 127/128 | Elapsed Time: 54.78s
2026-01-18 13:59:03,486 | INFO | Batch 280 | Loss: 0.1086 | Correct: 125/128 | Elapsed Time: 54.86s
2026-01-18 13:59:58,291 | INFO | Batch 290 | Loss: 0.0928 | Correct: 127/128 | Elapsed Time: 54.80s
2026-01-18 14:00:53,066 | INFO | Batch 300 | Loss: 0.1334 | Correct: 123/128 | Elapsed Time: 54.77s
2026-01-18 14:01:47,848 | INFO | Batch 310 | Loss: 0.1023 | Correct: 124/128 | Elapsed Time: 54.78s
2026-01-18 14:02:42,620 | INFO | Batch 320 | Loss: 0.1228 | Correct: 124/128 | Elapsed Time: 54.77s
2026-01-18 14:03:37,389 | INFO | Batch 330 | Loss: 0.1217 | Correct: 124/128 | Elapsed Time: 54.77s
2026-01-18 14:04:32,136 | INFO | Batch 340 | Loss: 0.0933 | Correct: 125/128 | Elapsed Time: 54.75s
2026-01-18 14:05:26,968 | INFO | Batch 350 | Loss: 0.0742 | Correct: 128/128 | Elapsed Time: 54.83s
2026-01-18 14:06:21,861 | INFO | Batch 360 | Loss: 0.1336 | Correct: 124/128 | Elapsed Time: 54.89s
2026-01-18 14:07:16,644 | INFO | Batch 370 | Loss: 0.1057 | Correct: 126/128 | Elapsed Time: 54.78s
2026-01-18 14:08:11,407 | INFO | Batch 380 | Loss: 0.1105 | Correct: 124/128 | Elapsed Time: 54.76s
2026-01-18 14:09:06,187 | INFO | Batch 390 | Loss: 0.0811 | Correct: 127/128 | Elapsed Time: 54.78s
2026-01-18 14:09:09,710 | INFO | Epoch [66/100] - Loss: 0.1040 | Correct: 48807/50000 (97.61%, 2140.42s)
2026-01-18 14:12:03,795 | INFO | Validation - Loss: 1.6382 | Top1: 6346/10000 (63.46%) | Top5: 8675/10000 (86.75%) (174.08s)
2026-01-18 14:12:04,536 | INFO | New best model saved at epoch 66 with Top1 Acc: 63.46% (Top5: 86.75%)
2026-01-18 14:12:59,353 | INFO | Batch 10 | Loss: 0.0976 | Correct: 126/128 | Elapsed Time: 54.82s
2026-01-18 14:13:54,097 | INFO | Batch 20 | Loss: 0.0709 | Correct: 127/128 | Elapsed Time: 54.74s
2026-01-18 14:14:48,882 | INFO | Batch 30 | Loss: 0.1156 | Correct: 124/128 | Elapsed Time: 54.78s
2026-01-18 14:15:43,808 | INFO | Batch 40 | Loss: 0.0657 | Correct: 127/128 | Elapsed Time: 54.93s
2026-01-18 14:16:38,624 | INFO | Batch 50 | Loss: 0.0437 | Correct: 128/128 | Elapsed Time: 54.82s
2026-01-18 14:17:33,364 | INFO | Batch 60 | Loss: 0.1316 | Correct: 124/128 | Elapsed Time: 54.74s
2026-01-18 14:18:28,107 | INFO | Batch 70 | Loss: 0.1000 | Correct: 126/128 | Elapsed Time: 54.74s
2026-01-18 14:19:22,864 | INFO | Batch 80 | Loss: 0.0589 | Correct: 128/128 | Elapsed Time: 54.76s
2026-01-18 14:20:17,678 | INFO | Batch 90 | Loss: 0.1139 | Correct: 124/128 | Elapsed Time: 54.81s
2026-01-18 14:21:12,457 | INFO | Batch 100 | Loss: 0.0766 | Correct: 125/128 | Elapsed Time: 54.78s
2026-01-18 14:22:07,242 | INFO | Batch 110 | Loss: 0.0719 | Correct: 128/128 | Elapsed Time: 54.78s
2026-01-18 14:23:01,953 | INFO | Batch 120 | Loss: 0.1371 | Correct: 123/128 | Elapsed Time: 54.71s
2026-01-18 14:23:56,686 | INFO | Batch 130 | Loss: 0.0849 | Correct: 125/128 | Elapsed Time: 54.73s
2026-01-18 14:24:51,389 | INFO | Batch 140 | Loss: 0.1033 | Correct: 123/128 | Elapsed Time: 54.70s
2026-01-18 14:25:46,249 | INFO | Batch 150 | Loss: 0.0942 | Correct: 124/128 | Elapsed Time: 54.86s
2026-01-18 14:26:40,991 | INFO | Batch 160 | Loss: 0.0825 | Correct: 126/128 | Elapsed Time: 54.74s
2026-01-18 14:27:35,759 | INFO | Batch 170 | Loss: 0.1159 | Correct: 125/128 | Elapsed Time: 54.77s
2026-01-18 14:28:30,507 | INFO | Batch 180 | Loss: 0.1031 | Correct: 126/128 | Elapsed Time: 54.75s
2026-01-18 14:29:25,381 | INFO | Batch 190 | Loss: 0.0977 | Correct: 126/128 | Elapsed Time: 54.87s
2026-01-18 14:30:20,182 | INFO | Batch 200 | Loss: 0.0788 | Correct: 127/128 | Elapsed Time: 54.80s
2026-01-18 14:31:15,100 | INFO | Batch 210 | Loss: 0.0816 | Correct: 126/128 | Elapsed Time: 54.92s
2026-01-18 14:32:09,869 | INFO | Batch 220 | Loss: 0.1265 | Correct: 123/128 | Elapsed Time: 54.77s
2026-01-18 14:33:04,611 | INFO | Batch 230 | Loss: 0.0918 | Correct: 125/128 | Elapsed Time: 54.74s
2026-01-18 14:33:59,393 | INFO | Batch 240 | Loss: 0.1213 | Correct: 124/128 | Elapsed Time: 54.78s
2026-01-18 14:34:54,186 | INFO | Batch 250 | Loss: 0.1548 | Correct: 123/128 | Elapsed Time: 54.79s
2026-01-18 14:35:49,078 | INFO | Batch 260 | Loss: 0.0651 | Correct: 127/128 | Elapsed Time: 54.89s
2026-01-18 14:36:43,957 | INFO | Batch 270 | Loss: 0.0828 | Correct: 126/128 | Elapsed Time: 54.88s
2026-01-18 14:37:38,741 | INFO | Batch 280 | Loss: 0.0632 | Correct: 127/128 | Elapsed Time: 54.78s
2026-01-18 14:38:33,505 | INFO | Batch 290 | Loss: 0.0897 | Correct: 126/128 | Elapsed Time: 54.76s
2026-01-18 14:39:28,249 | INFO | Batch 300 | Loss: 0.0772 | Correct: 128/128 | Elapsed Time: 54.74s
2026-01-18 14:40:23,028 | INFO | Batch 310 | Loss: 0.0721 | Correct: 126/128 | Elapsed Time: 54.78s
2026-01-18 14:41:17,790 | INFO | Batch 320 | Loss: 0.0624 | Correct: 128/128 | Elapsed Time: 54.76s
2026-01-18 14:42:12,574 | INFO | Batch 330 | Loss: 0.0685 | Correct: 127/128 | Elapsed Time: 54.78s
2026-01-18 14:43:07,436 | INFO | Batch 340 | Loss: 0.1065 | Correct: 125/128 | Elapsed Time: 54.86s
2026-01-18 14:44:02,199 | INFO | Batch 350 | Loss: 0.1459 | Correct: 121/128 | Elapsed Time: 54.76s
2026-01-18 14:44:56,939 | INFO | Batch 360 | Loss: 0.0880 | Correct: 125/128 | Elapsed Time: 54.74s
2026-01-18 14:45:51,822 | INFO | Batch 370 | Loss: 0.1107 | Correct: 125/128 | Elapsed Time: 54.88s
2026-01-18 14:46:46,562 | INFO | Batch 380 | Loss: 0.0945 | Correct: 126/128 | Elapsed Time: 54.74s
2026-01-18 14:47:41,348 | INFO | Batch 390 | Loss: 0.0876 | Correct: 126/128 | Elapsed Time: 54.79s
2026-01-18 14:47:44,863 | INFO | Epoch [67/100] - Loss: 0.1004 | Correct: 48919/50000 (97.84%, 2140.33s)
2026-01-18 14:50:38,968 | INFO | Validation - Loss: 1.6433 | Top1: 6341/10000 (63.41%) | Top5: 8667/10000 (86.67%) (174.10s)
2026-01-18 14:51:33,759 | INFO | Batch 10 | Loss: 0.0848 | Correct: 125/128 | Elapsed Time: 54.79s
2026-01-18 14:52:28,592 | INFO | Batch 20 | Loss: 0.0923 | Correct: 126/128 | Elapsed Time: 54.83s
2026-01-18 14:53:23,356 | INFO | Batch 30 | Loss: 0.0931 | Correct: 125/128 | Elapsed Time: 54.76s
2026-01-18 14:54:18,102 | INFO | Batch 40 | Loss: 0.1044 | Correct: 126/128 | Elapsed Time: 54.75s
2026-01-18 14:55:12,876 | INFO | Batch 50 | Loss: 0.1191 | Correct: 123/128 | Elapsed Time: 54.77s
2026-01-18 14:56:07,668 | INFO | Batch 60 | Loss: 0.0977 | Correct: 125/128 | Elapsed Time: 54.79s
2026-01-18 14:57:02,414 | INFO | Batch 70 | Loss: 0.0982 | Correct: 124/128 | Elapsed Time: 54.75s
2026-01-18 14:57:57,138 | INFO | Batch 80 | Loss: 0.0866 | Correct: 126/128 | Elapsed Time: 54.72s
2026-01-18 14:58:51,913 | INFO | Batch 90 | Loss: 0.0838 | Correct: 127/128 | Elapsed Time: 54.78s
2026-01-18 14:59:46,777 | INFO | Batch 100 | Loss: 0.0659 | Correct: 127/128 | Elapsed Time: 54.86s
2026-01-18 15:00:41,520 | INFO | Batch 110 | Loss: 0.1393 | Correct: 122/128 | Elapsed Time: 54.74s
2026-01-18 15:01:36,280 | INFO | Batch 120 | Loss: 0.1076 | Correct: 124/128 | Elapsed Time: 54.76s
2026-01-18 15:02:31,007 | INFO | Batch 130 | Loss: 0.0816 | Correct: 126/128 | Elapsed Time: 54.73s
2026-01-18 15:03:25,782 | INFO | Batch 140 | Loss: 0.1255 | Correct: 124/128 | Elapsed Time: 54.77s
2026-01-18 15:04:20,554 | INFO | Batch 150 | Loss: 0.1129 | Correct: 126/128 | Elapsed Time: 54.77s
2026-01-18 15:05:15,366 | INFO | Batch 160 | Loss: 0.0702 | Correct: 127/128 | Elapsed Time: 54.81s
2026-01-18 15:06:10,114 | INFO | Batch 170 | Loss: 0.0933 | Correct: 124/128 | Elapsed Time: 54.75s
2026-01-18 15:07:05,000 | INFO | Batch 180 | Loss: 0.1146 | Correct: 123/128 | Elapsed Time: 54.89s
2026-01-18 15:07:59,759 | INFO | Batch 190 | Loss: 0.1105 | Correct: 124/128 | Elapsed Time: 54.76s
2026-01-18 15:08:54,480 | INFO | Batch 200 | Loss: 0.1137 | Correct: 126/128 | Elapsed Time: 54.72s
2026-01-18 15:09:49,183 | INFO | Batch 210 | Loss: 0.0806 | Correct: 126/128 | Elapsed Time: 54.70s
2026-01-18 15:10:43,847 | INFO | Batch 220 | Loss: 0.1080 | Correct: 125/128 | Elapsed Time: 54.66s
2026-01-18 15:11:38,543 | INFO | Batch 230 | Loss: 0.0696 | Correct: 127/128 | Elapsed Time: 54.70s
2026-01-18 15:12:33,265 | INFO | Batch 240 | Loss: 0.1453 | Correct: 123/128 | Elapsed Time: 54.72s
2026-01-18 15:13:28,112 | INFO | Batch 250 | Loss: 0.1029 | Correct: 126/128 | Elapsed Time: 54.85s
2026-01-18 15:14:22,874 | INFO | Batch 260 | Loss: 0.1079 | Correct: 126/128 | Elapsed Time: 54.76s
2026-01-18 15:15:17,697 | INFO | Batch 270 | Loss: 0.0964 | Correct: 125/128 | Elapsed Time: 54.82s
2026-01-18 15:16:12,460 | INFO | Batch 280 | Loss: 0.1586 | Correct: 121/128 | Elapsed Time: 54.76s
2026-01-18 15:17:07,225 | INFO | Batch 290 | Loss: 0.1571 | Correct: 121/128 | Elapsed Time: 54.77s
2026-01-18 15:18:02,018 | INFO | Batch 300 | Loss: 0.0957 | Correct: 124/128 | Elapsed Time: 54.79s
2026-01-18 15:18:56,831 | INFO | Batch 310 | Loss: 0.1384 | Correct: 122/128 | Elapsed Time: 54.81s
2026-01-18 15:19:51,651 | INFO | Batch 320 | Loss: 0.0511 | Correct: 128/128 | Elapsed Time: 54.82s
2026-01-18 15:20:46,556 | INFO | Batch 330 | Loss: 0.0715 | Correct: 125/128 | Elapsed Time: 54.90s
2026-01-18 15:21:41,352 | INFO | Batch 340 | Loss: 0.1013 | Correct: 126/128 | Elapsed Time: 54.80s
2026-01-18 15:22:36,154 | INFO | Batch 350 | Loss: 0.0998 | Correct: 126/128 | Elapsed Time: 54.80s
2026-01-18 15:23:30,982 | INFO | Batch 360 | Loss: 0.1123 | Correct: 125/128 | Elapsed Time: 54.83s
2026-01-18 15:24:25,779 | INFO | Batch 370 | Loss: 0.0796 | Correct: 126/128 | Elapsed Time: 54.80s
2026-01-18 15:25:20,764 | INFO | Batch 380 | Loss: 0.1250 | Correct: 125/128 | Elapsed Time: 54.98s
2026-01-18 15:26:15,591 | INFO | Batch 390 | Loss: 0.1101 | Correct: 125/128 | Elapsed Time: 54.83s
2026-01-18 15:26:19,103 | INFO | Epoch [68/100] - Loss: 0.1015 | Correct: 48815/50000 (97.63%, 2140.13s)
2026-01-18 15:29:13,265 | INFO | Validation - Loss: 1.6442 | Top1: 6355/10000 (63.55%) | Top5: 8651/10000 (86.51%) (174.16s)
2026-01-18 15:29:14,000 | INFO | New best model saved at epoch 68 with Top1 Acc: 63.55% (Top5: 86.51%)
2026-01-18 15:30:08,876 | INFO | Batch 10 | Loss: 0.0802 | Correct: 127/128 | Elapsed Time: 54.88s
2026-01-18 15:31:03,616 | INFO | Batch 20 | Loss: 0.0801 | Correct: 127/128 | Elapsed Time: 54.74s
2026-01-18 15:31:58,348 | INFO | Batch 30 | Loss: 0.0892 | Correct: 125/128 | Elapsed Time: 54.73s
2026-01-18 15:32:53,082 | INFO | Batch 40 | Loss: 0.0901 | Correct: 127/128 | Elapsed Time: 54.73s
2026-01-18 15:33:47,857 | INFO | Batch 50 | Loss: 0.1376 | Correct: 124/128 | Elapsed Time: 54.77s
2026-01-18 15:34:42,564 | INFO | Batch 60 | Loss: 0.1418 | Correct: 123/128 | Elapsed Time: 54.71s
2026-01-18 15:35:37,366 | INFO | Batch 70 | Loss: 0.1354 | Correct: 123/128 | Elapsed Time: 54.80s
2026-01-18 15:36:32,156 | INFO | Batch 80 | Loss: 0.0938 | Correct: 125/128 | Elapsed Time: 54.79s
2026-01-18 15:37:26,994 | INFO | Batch 90 | Loss: 0.1184 | Correct: 124/128 | Elapsed Time: 54.84s
2026-01-18 15:38:21,754 | INFO | Batch 100 | Loss: 0.0973 | Correct: 126/128 | Elapsed Time: 54.76s
2026-01-18 15:39:16,552 | INFO | Batch 110 | Loss: 0.0733 | Correct: 127/128 | Elapsed Time: 54.80s
2026-01-18 15:40:11,281 | INFO | Batch 120 | Loss: 0.0725 | Correct: 127/128 | Elapsed Time: 54.73s
2026-01-18 15:41:06,002 | INFO | Batch 130 | Loss: 0.1279 | Correct: 124/128 | Elapsed Time: 54.72s
2026-01-18 15:42:00,725 | INFO | Batch 140 | Loss: 0.0788 | Correct: 126/128 | Elapsed Time: 54.72s
2026-01-18 15:42:55,605 | INFO | Batch 150 | Loss: 0.0911 | Correct: 126/128 | Elapsed Time: 54.88s
2026-01-18 15:43:50,383 | INFO | Batch 160 | Loss: 0.1119 | Correct: 125/128 | Elapsed Time: 54.78s
2026-01-18 15:44:45,107 | INFO | Batch 170 | Loss: 0.1248 | Correct: 126/128 | Elapsed Time: 54.72s
2026-01-18 15:45:39,917 | INFO | Batch 180 | Loss: 0.0990 | Correct: 123/128 | Elapsed Time: 54.81s
2026-01-18 15:46:34,638 | INFO | Batch 190 | Loss: 0.1081 | Correct: 124/128 | Elapsed Time: 54.72s
2026-01-18 15:47:29,419 | INFO | Batch 200 | Loss: 0.1332 | Correct: 121/128 | Elapsed Time: 54.78s
2026-01-18 15:48:24,138 | INFO | Batch 210 | Loss: 0.0992 | Correct: 126/128 | Elapsed Time: 54.72s
2026-01-18 15:49:18,882 | INFO | Batch 220 | Loss: 0.0730 | Correct: 125/128 | Elapsed Time: 54.74s
2026-01-18 15:50:13,731 | INFO | Batch 230 | Loss: 0.1311 | Correct: 124/128 | Elapsed Time: 54.85s
2026-01-18 15:51:08,529 | INFO | Batch 240 | Loss: 0.1297 | Correct: 125/128 | Elapsed Time: 54.80s
2026-01-18 15:52:03,321 | INFO | Batch 250 | Loss: 0.0485 | Correct: 127/128 | Elapsed Time: 54.79s
2026-01-18 15:52:58,095 | INFO | Batch 260 | Loss: 0.1242 | Correct: 124/128 | Elapsed Time: 54.77s
2026-01-18 15:53:52,872 | INFO | Batch 270 | Loss: 0.1645 | Correct: 123/128 | Elapsed Time: 54.78s
2026-01-18 15:54:47,655 | INFO | Batch 280 | Loss: 0.1018 | Correct: 126/128 | Elapsed Time: 54.78s
2026-01-18 15:55:42,620 | INFO | Batch 290 | Loss: 0.1323 | Correct: 124/128 | Elapsed Time: 54.97s
2026-01-18 15:56:37,504 | INFO | Batch 300 | Loss: 0.0781 | Correct: 126/128 | Elapsed Time: 54.88s
2026-01-18 15:57:32,142 | INFO | Batch 310 | Loss: 0.1054 | Correct: 124/128 | Elapsed Time: 54.64s
2026-01-18 15:58:26,849 | INFO | Batch 320 | Loss: 0.0902 | Correct: 126/128 | Elapsed Time: 54.71s
2026-01-18 15:59:21,528 | INFO | Batch 330 | Loss: 0.1139 | Correct: 124/128 | Elapsed Time: 54.68s
2026-01-18 16:00:16,232 | INFO | Batch 340 | Loss: 0.0697 | Correct: 127/128 | Elapsed Time: 54.70s
2026-01-18 16:01:11,015 | INFO | Batch 350 | Loss: 0.0702 | Correct: 127/128 | Elapsed Time: 54.78s
2026-01-18 16:02:05,796 | INFO | Batch 360 | Loss: 0.0955 | Correct: 125/128 | Elapsed Time: 54.78s
2026-01-18 16:03:00,595 | INFO | Batch 370 | Loss: 0.0963 | Correct: 123/128 | Elapsed Time: 54.80s
2026-01-18 16:03:55,445 | INFO | Batch 380 | Loss: 0.1137 | Correct: 127/128 | Elapsed Time: 54.85s
2026-01-18 16:04:50,189 | INFO | Batch 390 | Loss: 0.1341 | Correct: 124/128 | Elapsed Time: 54.74s
2026-01-18 16:04:53,708 | INFO | Epoch [69/100] - Loss: 0.0963 | Correct: 48935/50000 (97.87%, 2139.71s)
2026-01-18 16:07:47,848 | INFO | Validation - Loss: 1.6411 | Top1: 6344/10000 (63.44%) | Top5: 8668/10000 (86.68%) (174.14s)
2026-01-18 16:08:42,689 | INFO | Batch 10 | Loss: 0.0716 | Correct: 127/128 | Elapsed Time: 54.84s
2026-01-18 16:09:37,482 | INFO | Batch 20 | Loss: 0.0762 | Correct: 127/128 | Elapsed Time: 54.79s
2026-01-18 16:10:32,273 | INFO | Batch 30 | Loss: 0.1225 | Correct: 123/128 | Elapsed Time: 54.79s
2026-01-18 16:11:27,029 | INFO | Batch 40 | Loss: 0.0921 | Correct: 125/128 | Elapsed Time: 54.76s
2026-01-18 16:12:21,780 | INFO | Batch 50 | Loss: 0.0923 | Correct: 126/128 | Elapsed Time: 54.75s
2026-01-18 16:13:16,676 | INFO | Batch 60 | Loss: 0.1113 | Correct: 125/128 | Elapsed Time: 54.90s
2026-01-18 16:14:11,443 | INFO | Batch 70 | Loss: 0.0772 | Correct: 128/128 | Elapsed Time: 54.77s
2026-01-18 16:15:06,210 | INFO | Batch 80 | Loss: 0.1151 | Correct: 124/128 | Elapsed Time: 54.77s
2026-01-18 16:16:01,010 | INFO | Batch 90 | Loss: 0.0729 | Correct: 128/128 | Elapsed Time: 54.80s
2026-01-18 16:16:55,795 | INFO | Batch 100 | Loss: 0.1002 | Correct: 124/128 | Elapsed Time: 54.78s
2026-01-18 16:17:50,556 | INFO | Batch 110 | Loss: 0.0913 | Correct: 124/128 | Elapsed Time: 54.76s
2026-01-18 16:18:45,341 | INFO | Batch 120 | Loss: 0.1765 | Correct: 119/128 | Elapsed Time: 54.79s
2026-01-18 16:19:40,222 | INFO | Batch 130 | Loss: 0.0693 | Correct: 126/128 | Elapsed Time: 54.88s
2026-01-18 16:20:35,023 | INFO | Batch 140 | Loss: 0.0740 | Correct: 127/128 | Elapsed Time: 54.80s
2026-01-18 16:21:29,833 | INFO | Batch 150 | Loss: 0.0934 | Correct: 124/128 | Elapsed Time: 54.81s
2026-01-18 16:22:24,630 | INFO | Batch 160 | Loss: 0.0854 | Correct: 125/128 | Elapsed Time: 54.80s
2026-01-18 16:23:19,459 | INFO | Batch 170 | Loss: 0.1371 | Correct: 123/128 | Elapsed Time: 54.83s
2026-01-18 16:24:14,215 | INFO | Batch 180 | Loss: 0.0763 | Correct: 127/128 | Elapsed Time: 54.76s
2026-01-18 16:25:09,145 | INFO | Batch 190 | Loss: 0.0739 | Correct: 127/128 | Elapsed Time: 54.93s
2026-01-18 16:26:03,945 | INFO | Batch 200 | Loss: 0.1431 | Correct: 123/128 | Elapsed Time: 54.80s
2026-01-18 16:26:58,829 | INFO | Batch 210 | Loss: 0.1643 | Correct: 124/128 | Elapsed Time: 54.88s
2026-01-18 16:27:53,607 | INFO | Batch 220 | Loss: 0.0825 | Correct: 125/128 | Elapsed Time: 54.78s
2026-01-18 16:28:48,346 | INFO | Batch 230 | Loss: 0.0788 | Correct: 125/128 | Elapsed Time: 54.74s
2026-01-18 16:29:43,110 | INFO | Batch 240 | Loss: 0.0686 | Correct: 127/128 | Elapsed Time: 54.76s
2026-01-18 16:30:37,891 | INFO | Batch 250 | Loss: 0.0729 | Correct: 126/128 | Elapsed Time: 54.78s
2026-01-18 16:31:32,621 | INFO | Batch 260 | Loss: 0.0716 | Correct: 127/128 | Elapsed Time: 54.73s
2026-01-18 16:32:27,357 | INFO | Batch 270 | Loss: 0.0696 | Correct: 128/128 | Elapsed Time: 54.74s
2026-01-18 16:33:22,100 | INFO | Batch 280 | Loss: 0.1334 | Correct: 124/128 | Elapsed Time: 54.74s
2026-01-18 16:34:16,936 | INFO | Batch 290 | Loss: 0.1012 | Correct: 125/128 | Elapsed Time: 54.84s
2026-01-18 16:35:11,702 | INFO | Batch 300 | Loss: 0.0754 | Correct: 127/128 | Elapsed Time: 54.77s
2026-01-18 16:36:06,501 | INFO | Batch 310 | Loss: 0.0957 | Correct: 125/128 | Elapsed Time: 54.80s
2026-01-18 16:37:01,208 | INFO | Batch 320 | Loss: 0.0530 | Correct: 127/128 | Elapsed Time: 54.71s
2026-01-18 16:37:55,995 | INFO | Batch 330 | Loss: 0.0543 | Correct: 128/128 | Elapsed Time: 54.79s
2026-01-18 16:38:50,736 | INFO | Batch 340 | Loss: 0.0898 | Correct: 126/128 | Elapsed Time: 54.74s
2026-01-18 16:39:45,474 | INFO | Batch 350 | Loss: 0.0903 | Correct: 124/128 | Elapsed Time: 54.74s
2026-01-18 16:40:40,333 | INFO | Batch 360 | Loss: 0.0911 | Correct: 126/128 | Elapsed Time: 54.86s
2026-01-18 16:41:35,100 | INFO | Batch 370 | Loss: 0.0814 | Correct: 126/128 | Elapsed Time: 54.77s
2026-01-18 16:42:29,902 | INFO | Batch 380 | Loss: 0.0770 | Correct: 127/128 | Elapsed Time: 54.80s
2026-01-18 16:43:24,659 | INFO | Batch 390 | Loss: 0.1455 | Correct: 125/128 | Elapsed Time: 54.76s
2026-01-18 16:43:28,172 | INFO | Epoch [70/100] - Loss: 0.0953 | Correct: 48948/50000 (97.90%, 2140.32s)
2026-01-18 16:46:22,160 | INFO | Validation - Loss: 1.6461 | Top1: 6329/10000 (63.29%) | Top5: 8680/10000 (86.80%) (173.99s)
2026-01-18 16:47:16,901 | INFO | Batch 10 | Loss: 0.0846 | Correct: 126/128 | Elapsed Time: 54.74s
2026-01-18 16:48:11,632 | INFO | Batch 20 | Loss: 0.0703 | Correct: 126/128 | Elapsed Time: 54.73s
2026-01-18 16:49:06,502 | INFO | Batch 30 | Loss: 0.1393 | Correct: 123/128 | Elapsed Time: 54.87s
2026-01-18 16:50:01,299 | INFO | Batch 40 | Loss: 0.0513 | Correct: 126/128 | Elapsed Time: 54.80s
2026-01-18 16:50:56,099 | INFO | Batch 50 | Loss: 0.1200 | Correct: 126/128 | Elapsed Time: 54.80s
2026-01-18 16:51:50,862 | INFO | Batch 60 | Loss: 0.0836 | Correct: 126/128 | Elapsed Time: 54.76s
2026-01-18 16:52:45,643 | INFO | Batch 70 | Loss: 0.1086 | Correct: 125/128 | Elapsed Time: 54.78s
2026-01-18 16:53:40,431 | INFO | Batch 80 | Loss: 0.0794 | Correct: 126/128 | Elapsed Time: 54.79s
2026-01-18 16:54:35,215 | INFO | Batch 90 | Loss: 0.0942 | Correct: 128/128 | Elapsed Time: 54.78s
2026-01-18 16:55:30,112 | INFO | Batch 100 | Loss: 0.0794 | Correct: 127/128 | Elapsed Time: 54.90s
2026-01-18 16:56:24,990 | INFO | Batch 110 | Loss: 0.0729 | Correct: 126/128 | Elapsed Time: 54.88s
2026-01-18 16:57:19,753 | INFO | Batch 120 | Loss: 0.0753 | Correct: 128/128 | Elapsed Time: 54.76s
2026-01-18 16:58:14,545 | INFO | Batch 130 | Loss: 0.0602 | Correct: 128/128 | Elapsed Time: 54.79s
2026-01-18 16:59:09,339 | INFO | Batch 140 | Loss: 0.0793 | Correct: 126/128 | Elapsed Time: 54.79s
2026-01-18 17:00:04,126 | INFO | Batch 150 | Loss: 0.0900 | Correct: 127/128 | Elapsed Time: 54.79s
2026-01-18 17:00:58,935 | INFO | Batch 160 | Loss: 0.0948 | Correct: 124/128 | Elapsed Time: 54.81s
2026-01-18 17:01:53,748 | INFO | Batch 170 | Loss: 0.1487 | Correct: 124/128 | Elapsed Time: 54.81s
2026-01-18 17:02:48,668 | INFO | Batch 180 | Loss: 0.1119 | Correct: 125/128 | Elapsed Time: 54.92s
2026-01-18 17:03:43,448 | INFO | Batch 190 | Loss: 0.1051 | Correct: 124/128 | Elapsed Time: 54.78s
2026-01-18 17:04:38,235 | INFO | Batch 200 | Loss: 0.1076 | Correct: 125/128 | Elapsed Time: 54.79s
2026-01-18 17:05:33,119 | INFO | Batch 210 | Loss: 0.1018 | Correct: 126/128 | Elapsed Time: 54.88s
2026-01-18 17:06:27,869 | INFO | Batch 220 | Loss: 0.0974 | Correct: 125/128 | Elapsed Time: 54.75s
2026-01-18 17:07:22,626 | INFO | Batch 230 | Loss: 0.1453 | Correct: 124/128 | Elapsed Time: 54.76s
2026-01-18 17:08:17,413 | INFO | Batch 240 | Loss: 0.1497 | Correct: 122/128 | Elapsed Time: 54.79s
2026-01-18 17:09:12,212 | INFO | Batch 250 | Loss: 0.0861 | Correct: 127/128 | Elapsed Time: 54.80s
2026-01-18 17:10:07,053 | INFO | Batch 260 | Loss: 0.0628 | Correct: 126/128 | Elapsed Time: 54.84s
2026-01-18 17:11:01,810 | INFO | Batch 270 | Loss: 0.0916 | Correct: 125/128 | Elapsed Time: 54.76s
2026-01-18 17:11:56,606 | INFO | Batch 280 | Loss: 0.0801 | Correct: 125/128 | Elapsed Time: 54.80s
2026-01-18 17:12:51,362 | INFO | Batch 290 | Loss: 0.0751 | Correct: 126/128 | Elapsed Time: 54.76s
2026-01-18 17:13:46,105 | INFO | Batch 300 | Loss: 0.0911 | Correct: 126/128 | Elapsed Time: 54.74s
2026-01-18 17:14:40,886 | INFO | Batch 310 | Loss: 0.0633 | Correct: 125/128 | Elapsed Time: 54.78s
2026-01-18 17:15:35,697 | INFO | Batch 320 | Loss: 0.1064 | Correct: 124/128 | Elapsed Time: 54.81s
2026-01-18 17:16:30,456 | INFO | Batch 330 | Loss: 0.0877 | Correct: 126/128 | Elapsed Time: 54.76s
2026-01-18 17:17:25,286 | INFO | Batch 340 | Loss: 0.1742 | Correct: 122/128 | Elapsed Time: 54.83s
2026-01-18 17:18:20,072 | INFO | Batch 350 | Loss: 0.1117 | Correct: 124/128 | Elapsed Time: 54.79s
2026-01-18 17:19:14,832 | INFO | Batch 360 | Loss: 0.1495 | Correct: 122/128 | Elapsed Time: 54.76s
2026-01-18 17:20:09,639 | INFO | Batch 370 | Loss: 0.0568 | Correct: 127/128 | Elapsed Time: 54.81s
2026-01-18 17:21:04,469 | INFO | Batch 380 | Loss: 0.0788 | Correct: 126/128 | Elapsed Time: 54.83s
2026-01-18 17:21:59,284 | INFO | Batch 390 | Loss: 0.1162 | Correct: 123/128 | Elapsed Time: 54.81s
2026-01-18 17:22:02,808 | INFO | Epoch [71/100] - Loss: 0.0949 | Correct: 49013/50000 (98.03%, 2140.64s)
2026-01-18 17:24:56,844 | INFO | Validation - Loss: 1.6466 | Top1: 6360/10000 (63.60%) | Top5: 8649/10000 (86.49%) (174.04s)
2026-01-18 17:24:57,580 | INFO | New best model saved at epoch 71 with Top1 Acc: 63.60% (Top5: 86.49%)
2026-01-18 17:25:52,564 | INFO | Batch 10 | Loss: 0.0938 | Correct: 124/128 | Elapsed Time: 54.98s
2026-01-18 17:26:47,310 | INFO | Batch 20 | Loss: 0.0809 | Correct: 127/128 | Elapsed Time: 54.75s
2026-01-18 17:27:42,108 | INFO | Batch 30 | Loss: 0.0784 | Correct: 127/128 | Elapsed Time: 54.80s
2026-01-18 17:28:36,858 | INFO | Batch 40 | Loss: 0.0942 | Correct: 126/128 | Elapsed Time: 54.75s
2026-01-18 17:29:31,615 | INFO | Batch 50 | Loss: 0.1004 | Correct: 126/128 | Elapsed Time: 54.76s
2026-01-18 17:30:26,380 | INFO | Batch 60 | Loss: 0.0791 | Correct: 126/128 | Elapsed Time: 54.77s
2026-01-18 17:31:21,171 | INFO | Batch 70 | Loss: 0.1058 | Correct: 124/128 | Elapsed Time: 54.79s
2026-01-18 17:32:15,891 | INFO | Batch 80 | Loss: 0.0808 | Correct: 125/128 | Elapsed Time: 54.72s
2026-01-18 17:33:10,728 | INFO | Batch 90 | Loss: 0.0806 | Correct: 125/128 | Elapsed Time: 54.84s
2026-01-18 17:34:05,390 | INFO | Batch 100 | Loss: 0.0690 | Correct: 127/128 | Elapsed Time: 54.66s
2026-01-18 17:35:00,050 | INFO | Batch 110 | Loss: 0.0505 | Correct: 126/128 | Elapsed Time: 54.66s
2026-01-18 17:35:54,793 | INFO | Batch 120 | Loss: 0.0611 | Correct: 127/128 | Elapsed Time: 54.74s
2026-01-18 17:36:49,526 | INFO | Batch 130 | Loss: 0.1173 | Correct: 125/128 | Elapsed Time: 54.73s
2026-01-18 17:37:44,294 | INFO | Batch 140 | Loss: 0.0851 | Correct: 126/128 | Elapsed Time: 54.77s
2026-01-18 17:38:39,084 | INFO | Batch 150 | Loss: 0.0501 | Correct: 128/128 | Elapsed Time: 54.79s
2026-01-18 17:39:33,809 | INFO | Batch 160 | Loss: 0.1018 | Correct: 126/128 | Elapsed Time: 54.72s
2026-01-18 17:40:28,707 | INFO | Batch 170 | Loss: 0.0917 | Correct: 124/128 | Elapsed Time: 54.90s
2026-01-18 17:41:23,451 | INFO | Batch 180 | Loss: 0.0430 | Correct: 128/128 | Elapsed Time: 54.74s
2026-01-18 17:42:18,191 | INFO | Batch 190 | Loss: 0.1090 | Correct: 124/128 | Elapsed Time: 54.74s
2026-01-18 17:43:12,959 | INFO | Batch 200 | Loss: 0.0792 | Correct: 126/128 | Elapsed Time: 54.77s
2026-01-18 17:44:07,773 | INFO | Batch 210 | Loss: 0.1107 | Correct: 125/128 | Elapsed Time: 54.81s
2026-01-18 17:45:02,513 | INFO | Batch 220 | Loss: 0.1004 | Correct: 124/128 | Elapsed Time: 54.74s
2026-01-18 17:45:57,297 | INFO | Batch 230 | Loss: 0.0528 | Correct: 127/128 | Elapsed Time: 54.78s
2026-01-18 17:46:52,181 | INFO | Batch 240 | Loss: 0.0621 | Correct: 126/128 | Elapsed Time: 54.88s
2026-01-18 17:47:46,870 | INFO | Batch 250 | Loss: 0.0926 | Correct: 123/128 | Elapsed Time: 54.69s
2026-01-18 17:48:41,631 | INFO | Batch 260 | Loss: 0.0661 | Correct: 127/128 | Elapsed Time: 54.76s
2026-01-18 17:49:36,373 | INFO | Batch 270 | Loss: 0.0727 | Correct: 125/128 | Elapsed Time: 54.74s
2026-01-18 17:50:31,059 | INFO | Batch 280 | Loss: 0.0877 | Correct: 126/128 | Elapsed Time: 54.69s
2026-01-18 17:51:25,853 | INFO | Batch 290 | Loss: 0.0800 | Correct: 125/128 | Elapsed Time: 54.79s
2026-01-18 17:52:20,622 | INFO | Batch 300 | Loss: 0.0792 | Correct: 127/128 | Elapsed Time: 54.77s
2026-01-18 17:53:15,355 | INFO | Batch 310 | Loss: 0.1165 | Correct: 123/128 | Elapsed Time: 54.73s
2026-01-18 17:54:10,205 | INFO | Batch 320 | Loss: 0.1040 | Correct: 123/128 | Elapsed Time: 54.85s
2026-01-18 17:55:04,942 | INFO | Batch 330 | Loss: 0.1312 | Correct: 124/128 | Elapsed Time: 54.74s
2026-01-18 17:55:59,810 | INFO | Batch 340 | Loss: 0.0852 | Correct: 123/128 | Elapsed Time: 54.87s
2026-01-18 17:56:54,552 | INFO | Batch 350 | Loss: 0.1055 | Correct: 125/128 | Elapsed Time: 54.74s
2026-01-18 17:57:49,309 | INFO | Batch 360 | Loss: 0.0978 | Correct: 125/128 | Elapsed Time: 54.76s
2026-01-18 17:58:44,060 | INFO | Batch 370 | Loss: 0.0902 | Correct: 125/128 | Elapsed Time: 54.75s
2026-01-18 17:59:38,816 | INFO | Batch 380 | Loss: 0.0683 | Correct: 127/128 | Elapsed Time: 54.76s
2026-01-18 18:00:33,661 | INFO | Batch 390 | Loss: 0.1264 | Correct: 123/128 | Elapsed Time: 54.85s
2026-01-18 18:00:37,184 | INFO | Epoch [72/100] - Loss: 0.0913 | Correct: 49032/50000 (98.06%, 2139.60s)
2026-01-18 18:03:31,187 | INFO | Validation - Loss: 1.6527 | Top1: 6325/10000 (63.25%) | Top5: 8669/10000 (86.69%) (174.00s)
2026-01-18 18:04:26,010 | INFO | Batch 10 | Loss: 0.1451 | Correct: 124/128 | Elapsed Time: 54.82s
2026-01-18 18:05:20,870 | INFO | Batch 20 | Loss: 0.0850 | Correct: 125/128 | Elapsed Time: 54.86s
2026-01-18 18:06:15,596 | INFO | Batch 30 | Loss: 0.0601 | Correct: 127/128 | Elapsed Time: 54.73s
2026-01-18 18:07:10,348 | INFO | Batch 40 | Loss: 0.1207 | Correct: 124/128 | Elapsed Time: 54.75s
2026-01-18 18:08:05,118 | INFO | Batch 50 | Loss: 0.1037 | Correct: 124/128 | Elapsed Time: 54.77s
2026-01-18 18:08:59,880 | INFO | Batch 60 | Loss: 0.0663 | Correct: 125/128 | Elapsed Time: 54.76s
2026-01-18 18:09:54,753 | INFO | Batch 70 | Loss: 0.0957 | Correct: 125/128 | Elapsed Time: 54.87s
2026-01-18 18:10:49,487 | INFO | Batch 80 | Loss: 0.0982 | Correct: 126/128 | Elapsed Time: 54.73s
2026-01-18 18:11:44,265 | INFO | Batch 90 | Loss: 0.0761 | Correct: 127/128 | Elapsed Time: 54.78s
2026-01-18 18:12:38,991 | INFO | Batch 100 | Loss: 0.0683 | Correct: 128/128 | Elapsed Time: 54.73s
2026-01-18 18:13:33,775 | INFO | Batch 110 | Loss: 0.0885 | Correct: 125/128 | Elapsed Time: 54.78s
2026-01-18 18:14:28,552 | INFO | Batch 120 | Loss: 0.0809 | Correct: 127/128 | Elapsed Time: 54.78s
2026-01-18 18:15:23,308 | INFO | Batch 130 | Loss: 0.0858 | Correct: 127/128 | Elapsed Time: 54.76s
2026-01-18 18:16:18,193 | INFO | Batch 140 | Loss: 0.0641 | Correct: 126/128 | Elapsed Time: 54.88s
2026-01-18 18:17:12,939 | INFO | Batch 150 | Loss: 0.1204 | Correct: 125/128 | Elapsed Time: 54.75s
2026-01-18 18:18:07,705 | INFO | Batch 160 | Loss: 0.0834 | Correct: 126/128 | Elapsed Time: 54.77s
2026-01-18 18:19:02,466 | INFO | Batch 170 | Loss: 0.0834 | Correct: 125/128 | Elapsed Time: 54.76s
2026-01-18 18:19:57,174 | INFO | Batch 180 | Loss: 0.0914 | Correct: 126/128 | Elapsed Time: 54.71s
2026-01-18 18:20:51,956 | INFO | Batch 190 | Loss: 0.0921 | Correct: 126/128 | Elapsed Time: 54.78s
2026-01-18 18:21:46,660 | INFO | Batch 200 | Loss: 0.0593 | Correct: 126/128 | Elapsed Time: 54.70s
2026-01-18 18:22:41,390 | INFO | Batch 210 | Loss: 0.1023 | Correct: 125/128 | Elapsed Time: 54.73s
2026-01-18 18:23:36,116 | INFO | Batch 220 | Loss: 0.0685 | Correct: 126/128 | Elapsed Time: 54.73s
2026-01-18 18:24:30,861 | INFO | Batch 230 | Loss: 0.1047 | Correct: 123/128 | Elapsed Time: 54.74s
2026-01-18 18:25:25,783 | INFO | Batch 240 | Loss: 0.0985 | Correct: 126/128 | Elapsed Time: 54.92s
2026-01-18 18:26:20,584 | INFO | Batch 250 | Loss: 0.0841 | Correct: 126/128 | Elapsed Time: 54.80s
2026-01-18 18:27:15,336 | INFO | Batch 260 | Loss: 0.0978 | Correct: 125/128 | Elapsed Time: 54.75s
2026-01-18 18:28:10,053 | INFO | Batch 270 | Loss: 0.0704 | Correct: 127/128 | Elapsed Time: 54.72s
2026-01-18 18:29:04,839 | INFO | Batch 280 | Loss: 0.0955 | Correct: 125/128 | Elapsed Time: 54.79s
2026-01-18 18:29:59,557 | INFO | Batch 290 | Loss: 0.0936 | Correct: 128/128 | Elapsed Time: 54.72s
2026-01-18 18:30:54,438 | INFO | Batch 300 | Loss: 0.0628 | Correct: 127/128 | Elapsed Time: 54.88s
2026-01-18 18:31:49,176 | INFO | Batch 310 | Loss: 0.0548 | Correct: 126/128 | Elapsed Time: 54.74s
2026-01-18 18:32:43,940 | INFO | Batch 320 | Loss: 0.1210 | Correct: 124/128 | Elapsed Time: 54.76s
2026-01-18 18:33:38,744 | INFO | Batch 330 | Loss: 0.0669 | Correct: 127/128 | Elapsed Time: 54.80s
2026-01-18 18:34:33,447 | INFO | Batch 340 | Loss: 0.0687 | Correct: 126/128 | Elapsed Time: 54.70s
2026-01-18 18:35:28,200 | INFO | Batch 350 | Loss: 0.0655 | Correct: 127/128 | Elapsed Time: 54.75s
2026-01-18 18:36:22,956 | INFO | Batch 360 | Loss: 0.0730 | Correct: 124/128 | Elapsed Time: 54.76s
2026-01-18 18:37:17,816 | INFO | Batch 370 | Loss: 0.0566 | Correct: 127/128 | Elapsed Time: 54.86s
2026-01-18 18:38:12,538 | INFO | Batch 380 | Loss: 0.0998 | Correct: 123/128 | Elapsed Time: 54.72s
2026-01-18 18:39:07,306 | INFO | Batch 390 | Loss: 0.0917 | Correct: 125/128 | Elapsed Time: 54.77s
2026-01-18 18:39:10,816 | INFO | Epoch [73/100] - Loss: 0.0900 | Correct: 48997/50000 (97.99%, 2139.63s)
2026-01-18 18:42:04,823 | INFO | Validation - Loss: 1.6496 | Top1: 6334/10000 (63.34%) | Top5: 8670/10000 (86.70%) (174.01s)
2026-01-18 18:42:59,582 | INFO | Batch 10 | Loss: 0.0772 | Correct: 127/128 | Elapsed Time: 54.76s
2026-01-18 18:43:54,328 | INFO | Batch 20 | Loss: 0.0906 | Correct: 125/128 | Elapsed Time: 54.75s
2026-01-18 18:44:49,091 | INFO | Batch 30 | Loss: 0.1023 | Correct: 126/128 | Elapsed Time: 54.76s
2026-01-18 18:45:44,011 | INFO | Batch 40 | Loss: 0.0904 | Correct: 126/128 | Elapsed Time: 54.92s
2026-01-18 18:46:38,776 | INFO | Batch 50 | Loss: 0.0662 | Correct: 126/128 | Elapsed Time: 54.76s
2026-01-18 18:47:33,520 | INFO | Batch 60 | Loss: 0.0813 | Correct: 127/128 | Elapsed Time: 54.74s
2026-01-18 18:48:28,265 | INFO | Batch 70 | Loss: 0.0676 | Correct: 126/128 | Elapsed Time: 54.75s
2026-01-18 18:49:23,058 | INFO | Batch 80 | Loss: 0.0916 | Correct: 127/128 | Elapsed Time: 54.79s
2026-01-18 18:50:17,827 | INFO | Batch 90 | Loss: 0.1083 | Correct: 124/128 | Elapsed Time: 54.77s
2026-01-18 18:51:12,604 | INFO | Batch 100 | Loss: 0.0682 | Correct: 127/128 | Elapsed Time: 54.78s
2026-01-18 18:52:07,397 | INFO | Batch 110 | Loss: 0.1095 | Correct: 125/128 | Elapsed Time: 54.79s
2026-01-18 18:53:02,243 | INFO | Batch 120 | Loss: 0.1365 | Correct: 123/128 | Elapsed Time: 54.85s
2026-01-18 18:53:57,036 | INFO | Batch 130 | Loss: 0.0799 | Correct: 126/128 | Elapsed Time: 54.79s
2026-01-18 18:54:51,841 | INFO | Batch 140 | Loss: 0.0904 | Correct: 125/128 | Elapsed Time: 54.80s
2026-01-18 18:55:46,743 | INFO | Batch 150 | Loss: 0.0582 | Correct: 127/128 | Elapsed Time: 54.90s
2026-01-18 18:56:41,481 | INFO | Batch 160 | Loss: 0.0867 | Correct: 126/128 | Elapsed Time: 54.74s
2026-01-18 18:57:36,247 | INFO | Batch 170 | Loss: 0.0780 | Correct: 127/128 | Elapsed Time: 54.77s
2026-01-18 18:58:30,976 | INFO | Batch 180 | Loss: 0.1116 | Correct: 122/128 | Elapsed Time: 54.73s
2026-01-18 18:59:25,805 | INFO | Batch 190 | Loss: 0.1012 | Correct: 126/128 | Elapsed Time: 54.83s
2026-01-18 19:00:20,709 | INFO | Batch 200 | Loss: 0.0614 | Correct: 127/128 | Elapsed Time: 54.90s
2026-01-18 19:01:15,494 | INFO | Batch 210 | Loss: 0.0799 | Correct: 125/128 | Elapsed Time: 54.78s
2026-01-18 19:02:10,222 | INFO | Batch 220 | Loss: 0.0867 | Correct: 127/128 | Elapsed Time: 54.73s
2026-01-18 19:03:04,978 | INFO | Batch 230 | Loss: 0.0671 | Correct: 126/128 | Elapsed Time: 54.76s
2026-01-18 19:03:59,761 | INFO | Batch 240 | Loss: 0.0531 | Correct: 128/128 | Elapsed Time: 54.78s
2026-01-18 19:04:54,504 | INFO | Batch 250 | Loss: 0.1054 | Correct: 125/128 | Elapsed Time: 54.74s
2026-01-18 19:05:49,345 | INFO | Batch 260 | Loss: 0.1073 | Correct: 125/128 | Elapsed Time: 54.84s
2026-01-18 19:06:44,189 | INFO | Batch 270 | Loss: 0.0442 | Correct: 127/128 | Elapsed Time: 54.84s
2026-01-18 19:07:38,968 | INFO | Batch 280 | Loss: 0.0678 | Correct: 127/128 | Elapsed Time: 54.78s
2026-01-18 19:08:33,709 | INFO | Batch 290 | Loss: 0.1233 | Correct: 124/128 | Elapsed Time: 54.74s
2026-01-18 19:09:28,372 | INFO | Batch 300 | Loss: 0.0902 | Correct: 125/128 | Elapsed Time: 54.66s
2026-01-18 19:10:23,046 | INFO | Batch 310 | Loss: 0.0818 | Correct: 126/128 | Elapsed Time: 54.67s
2026-01-18 19:11:17,722 | INFO | Batch 320 | Loss: 0.1045 | Correct: 125/128 | Elapsed Time: 54.68s
2026-01-18 19:12:12,383 | INFO | Batch 330 | Loss: 0.0727 | Correct: 127/128 | Elapsed Time: 54.66s
2026-01-18 19:13:07,104 | INFO | Batch 340 | Loss: 0.0723 | Correct: 127/128 | Elapsed Time: 54.72s
2026-01-18 19:14:01,906 | INFO | Batch 350 | Loss: 0.0973 | Correct: 126/128 | Elapsed Time: 54.80s
2026-01-18 19:14:56,646 | INFO | Batch 360 | Loss: 0.1146 | Correct: 125/128 | Elapsed Time: 54.74s
2026-01-18 19:15:51,418 | INFO | Batch 370 | Loss: 0.0880 | Correct: 125/128 | Elapsed Time: 54.77s
2026-01-18 19:16:46,137 | INFO | Batch 380 | Loss: 0.0630 | Correct: 127/128 | Elapsed Time: 54.72s
2026-01-18 19:17:40,901 | INFO | Batch 390 | Loss: 0.0682 | Correct: 126/128 | Elapsed Time: 54.76s
2026-01-18 19:17:44,414 | INFO | Epoch [74/100] - Loss: 0.0859 | Correct: 49107/50000 (98.21%, 2139.59s)
2026-01-18 19:20:38,436 | INFO | Validation - Loss: 1.6431 | Top1: 6352/10000 (63.52%) | Top5: 8658/10000 (86.58%) (174.02s)
2026-01-18 19:21:33,225 | INFO | Batch 10 | Loss: 0.1412 | Correct: 123/128 | Elapsed Time: 54.79s
2026-01-18 19:22:28,000 | INFO | Batch 20 | Loss: 0.1125 | Correct: 124/128 | Elapsed Time: 54.77s
2026-01-18 19:23:22,892 | INFO | Batch 30 | Loss: 0.0800 | Correct: 127/128 | Elapsed Time: 54.89s
2026-01-18 19:24:17,636 | INFO | Batch 40 | Loss: 0.1247 | Correct: 122/128 | Elapsed Time: 54.74s
2026-01-18 19:25:12,439 | INFO | Batch 50 | Loss: 0.0981 | Correct: 126/128 | Elapsed Time: 54.80s
2026-01-18 19:26:07,212 | INFO | Batch 60 | Loss: 0.0738 | Correct: 126/128 | Elapsed Time: 54.77s
2026-01-18 19:27:01,988 | INFO | Batch 70 | Loss: 0.0706 | Correct: 126/128 | Elapsed Time: 54.78s
2026-01-18 19:27:56,747 | INFO | Batch 80 | Loss: 0.0621 | Correct: 126/128 | Elapsed Time: 54.76s
2026-01-18 19:28:51,567 | INFO | Batch 90 | Loss: 0.0585 | Correct: 126/128 | Elapsed Time: 54.82s
2026-01-18 19:29:46,350 | INFO | Batch 100 | Loss: 0.0721 | Correct: 126/128 | Elapsed Time: 54.78s
2026-01-18 19:30:41,230 | INFO | Batch 110 | Loss: 0.0650 | Correct: 127/128 | Elapsed Time: 54.88s
2026-01-18 19:31:35,997 | INFO | Batch 120 | Loss: 0.0553 | Correct: 127/128 | Elapsed Time: 54.77s
2026-01-18 19:32:30,777 | INFO | Batch 130 | Loss: 0.0713 | Correct: 125/128 | Elapsed Time: 54.78s
2026-01-18 19:33:25,612 | INFO | Batch 140 | Loss: 0.0947 | Correct: 125/128 | Elapsed Time: 54.84s
2026-01-18 19:34:20,442 | INFO | Batch 150 | Loss: 0.0907 | Correct: 124/128 | Elapsed Time: 54.83s
2026-01-18 19:35:15,385 | INFO | Batch 160 | Loss: 0.0772 | Correct: 127/128 | Elapsed Time: 54.94s
2026-01-18 19:36:10,206 | INFO | Batch 170 | Loss: 0.1145 | Correct: 122/128 | Elapsed Time: 54.82s
2026-01-18 19:37:05,066 | INFO | Batch 180 | Loss: 0.0913 | Correct: 124/128 | Elapsed Time: 54.86s
2026-01-18 19:37:59,851 | INFO | Batch 190 | Loss: 0.0843 | Correct: 125/128 | Elapsed Time: 54.78s
2026-01-18 19:38:54,668 | INFO | Batch 200 | Loss: 0.0963 | Correct: 125/128 | Elapsed Time: 54.82s
2026-01-18 19:39:49,514 | INFO | Batch 210 | Loss: 0.0834 | Correct: 126/128 | Elapsed Time: 54.85s
2026-01-18 19:40:44,324 | INFO | Batch 220 | Loss: 0.0959 | Correct: 125/128 | Elapsed Time: 54.81s
2026-01-18 19:41:39,127 | INFO | Batch 230 | Loss: 0.0654 | Correct: 128/128 | Elapsed Time: 54.80s
2026-01-18 19:42:33,921 | INFO | Batch 240 | Loss: 0.0903 | Correct: 124/128 | Elapsed Time: 54.79s
2026-01-18 19:43:28,662 | INFO | Batch 250 | Loss: 0.0761 | Correct: 125/128 | Elapsed Time: 54.74s
2026-01-18 19:44:23,552 | INFO | Batch 260 | Loss: 0.0965 | Correct: 126/128 | Elapsed Time: 54.89s
2026-01-18 19:45:18,366 | INFO | Batch 270 | Loss: 0.1019 | Correct: 123/128 | Elapsed Time: 54.81s
2026-01-18 19:46:13,158 | INFO | Batch 280 | Loss: 0.0908 | Correct: 126/128 | Elapsed Time: 54.79s
2026-01-18 19:47:07,952 | INFO | Batch 290 | Loss: 0.1040 | Correct: 125/128 | Elapsed Time: 54.79s
2026-01-18 19:48:02,724 | INFO | Batch 300 | Loss: 0.1429 | Correct: 123/128 | Elapsed Time: 54.77s
2026-01-18 19:48:57,464 | INFO | Batch 310 | Loss: 0.1000 | Correct: 123/128 | Elapsed Time: 54.74s
2026-01-18 19:49:52,221 | INFO | Batch 320 | Loss: 0.0919 | Correct: 123/128 | Elapsed Time: 54.76s
2026-01-18 19:50:47,061 | INFO | Batch 330 | Loss: 0.1356 | Correct: 124/128 | Elapsed Time: 54.84s
2026-01-18 19:51:41,906 | INFO | Batch 340 | Loss: 0.0561 | Correct: 128/128 | Elapsed Time: 54.85s
2026-01-18 19:52:36,634 | INFO | Batch 350 | Loss: 0.0913 | Correct: 123/128 | Elapsed Time: 54.73s
2026-01-18 19:53:31,367 | INFO | Batch 360 | Loss: 0.0704 | Correct: 125/128 | Elapsed Time: 54.73s
2026-01-18 19:54:26,160 | INFO | Batch 370 | Loss: 0.1204 | Correct: 124/128 | Elapsed Time: 54.79s
2026-01-18 19:55:21,075 | INFO | Batch 380 | Loss: 0.0506 | Correct: 128/128 | Elapsed Time: 54.91s
2026-01-18 19:56:15,804 | INFO | Batch 390 | Loss: 0.0707 | Correct: 125/128 | Elapsed Time: 54.73s
2026-01-18 19:56:19,308 | INFO | Epoch [75/100] - Loss: 0.0859 | Correct: 49090/50000 (98.18%, 2140.87s)
2026-01-18 19:59:13,084 | INFO | Validation - Loss: 1.6397 | Top1: 6349/10000 (63.49%) | Top5: 8671/10000 (86.71%) (173.78s)
2026-01-18 20:00:07,999 | INFO | Batch 10 | Loss: 0.0985 | Correct: 125/128 | Elapsed Time: 54.91s
2026-01-18 20:01:02,732 | INFO | Batch 20 | Loss: 0.0887 | Correct: 124/128 | Elapsed Time: 54.73s
2026-01-18 20:01:57,531 | INFO | Batch 30 | Loss: 0.0860 | Correct: 123/128 | Elapsed Time: 54.80s
2026-01-18 20:02:52,273 | INFO | Batch 40 | Loss: 0.0918 | Correct: 124/128 | Elapsed Time: 54.74s
2026-01-18 20:03:47,091 | INFO | Batch 50 | Loss: 0.0723 | Correct: 126/128 | Elapsed Time: 54.82s
2026-01-18 20:04:41,815 | INFO | Batch 60 | Loss: 0.0832 | Correct: 126/128 | Elapsed Time: 54.72s
2026-01-18 20:05:36,628 | INFO | Batch 70 | Loss: 0.0934 | Correct: 125/128 | Elapsed Time: 54.81s
2026-01-18 20:06:31,375 | INFO | Batch 80 | Loss: 0.1197 | Correct: 122/128 | Elapsed Time: 54.75s
2026-01-18 20:07:26,222 | INFO | Batch 90 | Loss: 0.0580 | Correct: 126/128 | Elapsed Time: 54.85s
2026-01-18 20:08:20,945 | INFO | Batch 100 | Loss: 0.1084 | Correct: 126/128 | Elapsed Time: 54.72s
2026-01-18 20:09:15,706 | INFO | Batch 110 | Loss: 0.0801 | Correct: 125/128 | Elapsed Time: 54.76s
2026-01-18 20:10:10,434 | INFO | Batch 120 | Loss: 0.1181 | Correct: 124/128 | Elapsed Time: 54.73s
2026-01-18 20:11:05,155 | INFO | Batch 130 | Loss: 0.1397 | Correct: 121/128 | Elapsed Time: 54.72s
2026-01-18 20:11:59,896 | INFO | Batch 140 | Loss: 0.1053 | Correct: 127/128 | Elapsed Time: 54.74s
2026-01-18 20:12:54,652 | INFO | Batch 150 | Loss: 0.0646 | Correct: 126/128 | Elapsed Time: 54.76s
2026-01-18 20:13:49,378 | INFO | Batch 160 | Loss: 0.1538 | Correct: 123/128 | Elapsed Time: 54.73s
2026-01-18 20:14:44,263 | INFO | Batch 170 | Loss: 0.0761 | Correct: 125/128 | Elapsed Time: 54.89s
2026-01-18 20:15:39,131 | INFO | Batch 180 | Loss: 0.0982 | Correct: 125/128 | Elapsed Time: 54.87s
2026-01-18 20:16:33,823 | INFO | Batch 190 | Loss: 0.1024 | Correct: 126/128 | Elapsed Time: 54.69s
2026-01-18 20:17:28,609 | INFO | Batch 200 | Loss: 0.0695 | Correct: 125/128 | Elapsed Time: 54.79s
2026-01-18 20:18:23,330 | INFO | Batch 210 | Loss: 0.0714 | Correct: 125/128 | Elapsed Time: 54.72s
2026-01-18 20:19:18,033 | INFO | Batch 220 | Loss: 0.0803 | Correct: 126/128 | Elapsed Time: 54.70s
2026-01-18 20:20:12,697 | INFO | Batch 230 | Loss: 0.0738 | Correct: 126/128 | Elapsed Time: 54.66s
2026-01-18 20:21:07,495 | INFO | Batch 240 | Loss: 0.0823 | Correct: 125/128 | Elapsed Time: 54.80s
2026-01-18 20:22:02,221 | INFO | Batch 250 | Loss: 0.0870 | Correct: 126/128 | Elapsed Time: 54.73s
2026-01-18 20:22:56,965 | INFO | Batch 260 | Loss: 0.0870 | Correct: 126/128 | Elapsed Time: 54.74s
2026-01-18 20:23:51,723 | INFO | Batch 270 | Loss: 0.0802 | Correct: 125/128 | Elapsed Time: 54.76s
2026-01-18 20:24:46,388 | INFO | Batch 280 | Loss: 0.0550 | Correct: 128/128 | Elapsed Time: 54.67s
2026-01-18 20:25:41,169 | INFO | Batch 290 | Loss: 0.0955 | Correct: 123/128 | Elapsed Time: 54.78s
2026-01-18 20:26:35,870 | INFO | Batch 300 | Loss: 0.0572 | Correct: 127/128 | Elapsed Time: 54.70s
2026-01-18 20:27:30,594 | INFO | Batch 310 | Loss: 0.0659 | Correct: 126/128 | Elapsed Time: 54.72s
2026-01-18 20:28:25,362 | INFO | Batch 320 | Loss: 0.0817 | Correct: 125/128 | Elapsed Time: 54.77s
2026-01-18 20:29:20,058 | INFO | Batch 330 | Loss: 0.0780 | Correct: 126/128 | Elapsed Time: 54.70s
2026-01-18 20:30:14,724 | INFO | Batch 340 | Loss: 0.0682 | Correct: 128/128 | Elapsed Time: 54.67s
2026-01-18 20:31:09,446 | INFO | Batch 350 | Loss: 0.0653 | Correct: 126/128 | Elapsed Time: 54.72s
2026-01-18 20:32:04,091 | INFO | Batch 360 | Loss: 0.1002 | Correct: 124/128 | Elapsed Time: 54.65s
2026-01-18 20:32:58,740 | INFO | Batch 370 | Loss: 0.1207 | Correct: 124/128 | Elapsed Time: 54.65s
2026-01-18 20:33:53,440 | INFO | Batch 380 | Loss: 0.0389 | Correct: 128/128 | Elapsed Time: 54.70s
2026-01-18 20:34:48,088 | INFO | Batch 390 | Loss: 0.1742 | Correct: 121/128 | Elapsed Time: 54.65s
2026-01-18 20:34:51,707 | INFO | Epoch [76/100] - Loss: 0.0843 | Correct: 49138/50000 (98.28%, 2138.62s)
2026-01-18 20:37:45,437 | INFO | Validation - Loss: 1.6483 | Top1: 6345/10000 (63.45%) | Top5: 8666/10000 (86.66%) (173.73s)
2026-01-18 20:38:40,202 | INFO | Batch 10 | Loss: 0.0820 | Correct: 125/128 | Elapsed Time: 54.76s
2026-01-18 20:39:34,942 | INFO | Batch 20 | Loss: 0.0878 | Correct: 126/128 | Elapsed Time: 54.74s
2026-01-18 20:40:29,633 | INFO | Batch 30 | Loss: 0.0629 | Correct: 127/128 | Elapsed Time: 54.69s
2026-01-18 20:41:24,309 | INFO | Batch 40 | Loss: 0.0696 | Correct: 125/128 | Elapsed Time: 54.68s
2026-01-18 20:42:19,010 | INFO | Batch 50 | Loss: 0.0775 | Correct: 127/128 | Elapsed Time: 54.70s
2026-01-18 20:43:13,676 | INFO | Batch 60 | Loss: 0.1247 | Correct: 122/128 | Elapsed Time: 54.67s
2026-01-18 20:44:08,497 | INFO | Batch 70 | Loss: 0.1382 | Correct: 125/128 | Elapsed Time: 54.82s
2026-01-18 20:45:03,166 | INFO | Batch 80 | Loss: 0.0759 | Correct: 125/128 | Elapsed Time: 54.67s
2026-01-18 20:45:57,944 | INFO | Batch 90 | Loss: 0.0501 | Correct: 128/128 | Elapsed Time: 54.78s
2026-01-18 20:46:52,603 | INFO | Batch 100 | Loss: 0.0654 | Correct: 127/128 | Elapsed Time: 54.66s
2026-01-18 20:47:47,248 | INFO | Batch 110 | Loss: 0.1081 | Correct: 124/128 | Elapsed Time: 54.65s
2026-01-18 20:48:41,932 | INFO | Batch 120 | Loss: 0.0927 | Correct: 124/128 | Elapsed Time: 54.68s
2026-01-18 20:49:36,615 | INFO | Batch 130 | Loss: 0.1173 | Correct: 123/128 | Elapsed Time: 54.68s
2026-01-18 20:50:31,321 | INFO | Batch 140 | Loss: 0.0749 | Correct: 126/128 | Elapsed Time: 54.71s
2026-01-18 20:51:26,115 | INFO | Batch 150 | Loss: 0.1352 | Correct: 122/128 | Elapsed Time: 54.79s
2026-01-18 20:52:20,794 | INFO | Batch 160 | Loss: 0.1272 | Correct: 123/128 | Elapsed Time: 54.68s
2026-01-18 20:53:15,422 | INFO | Batch 170 | Loss: 0.0543 | Correct: 127/128 | Elapsed Time: 54.63s
2026-01-18 20:54:10,136 | INFO | Batch 180 | Loss: 0.0670 | Correct: 127/128 | Elapsed Time: 54.71s
2026-01-18 20:55:04,797 | INFO | Batch 190 | Loss: 0.1093 | Correct: 123/128 | Elapsed Time: 54.66s
2026-01-18 20:55:59,568 | INFO | Batch 200 | Loss: 0.0994 | Correct: 125/128 | Elapsed Time: 54.77s
2026-01-18 20:56:54,232 | INFO | Batch 210 | Loss: 0.0598 | Correct: 128/128 | Elapsed Time: 54.66s
2026-01-18 20:57:48,937 | INFO | Batch 220 | Loss: 0.0814 | Correct: 127/128 | Elapsed Time: 54.70s
2026-01-18 20:58:43,701 | INFO | Batch 230 | Loss: 0.0898 | Correct: 126/128 | Elapsed Time: 54.76s
2026-01-18 20:59:38,355 | INFO | Batch 240 | Loss: 0.0700 | Correct: 126/128 | Elapsed Time: 54.65s
2026-01-18 21:00:33,084 | INFO | Batch 250 | Loss: 0.1312 | Correct: 125/128 | Elapsed Time: 54.73s
2026-01-18 21:01:27,821 | INFO | Batch 260 | Loss: 0.0730 | Correct: 127/128 | Elapsed Time: 54.74s
2026-01-18 21:02:22,548 | INFO | Batch 270 | Loss: 0.1005 | Correct: 126/128 | Elapsed Time: 54.73s
2026-01-18 21:03:17,268 | INFO | Batch 280 | Loss: 0.0749 | Correct: 125/128 | Elapsed Time: 54.72s
2026-01-18 21:04:12,065 | INFO | Batch 290 | Loss: 0.0489 | Correct: 127/128 | Elapsed Time: 54.80s
2026-01-18 21:05:06,862 | INFO | Batch 300 | Loss: 0.1156 | Correct: 124/128 | Elapsed Time: 54.80s
2026-01-18 21:06:01,745 | INFO | Batch 310 | Loss: 0.0879 | Correct: 124/128 | Elapsed Time: 54.88s
2026-01-18 21:06:56,504 | INFO | Batch 320 | Loss: 0.0552 | Correct: 127/128 | Elapsed Time: 54.76s
2026-01-18 21:07:51,237 | INFO | Batch 330 | Loss: 0.0439 | Correct: 128/128 | Elapsed Time: 54.73s
2026-01-18 21:08:46,003 | INFO | Batch 340 | Loss: 0.0907 | Correct: 126/128 | Elapsed Time: 54.77s
2026-01-18 21:09:40,762 | INFO | Batch 350 | Loss: 0.0591 | Correct: 127/128 | Elapsed Time: 54.76s
2026-01-18 21:10:35,459 | INFO | Batch 360 | Loss: 0.0879 | Correct: 126/128 | Elapsed Time: 54.70s
2026-01-18 21:11:30,175 | INFO | Batch 370 | Loss: 0.0932 | Correct: 126/128 | Elapsed Time: 54.72s
2026-01-18 21:12:24,990 | INFO | Batch 380 | Loss: 0.0811 | Correct: 126/128 | Elapsed Time: 54.82s
2026-01-18 21:13:19,735 | INFO | Batch 390 | Loss: 0.0585 | Correct: 127/128 | Elapsed Time: 54.74s
2026-01-18 21:13:23,243 | INFO | Epoch [77/100] - Loss: 0.0847 | Correct: 49098/50000 (98.20%, 2137.80s)
2026-01-18 21:16:17,410 | INFO | Validation - Loss: 1.6464 | Top1: 6340/10000 (63.40%) | Top5: 8665/10000 (86.65%) (174.17s)
2026-01-18 21:17:12,179 | INFO | Batch 10 | Loss: 0.0786 | Correct: 128/128 | Elapsed Time: 54.77s
2026-01-18 21:18:06,925 | INFO | Batch 20 | Loss: 0.0744 | Correct: 127/128 | Elapsed Time: 54.75s
2026-01-18 21:19:01,637 | INFO | Batch 30 | Loss: 0.0638 | Correct: 126/128 | Elapsed Time: 54.71s
2026-01-18 21:19:56,369 | INFO | Batch 40 | Loss: 0.0929 | Correct: 125/128 | Elapsed Time: 54.73s
2026-01-18 21:20:51,113 | INFO | Batch 50 | Loss: 0.0654 | Correct: 126/128 | Elapsed Time: 54.74s
2026-01-18 21:21:45,915 | INFO | Batch 60 | Loss: 0.0749 | Correct: 125/128 | Elapsed Time: 54.80s
2026-01-18 21:22:40,698 | INFO | Batch 70 | Loss: 0.0708 | Correct: 127/128 | Elapsed Time: 54.78s
2026-01-18 21:23:35,461 | INFO | Batch 80 | Loss: 0.0732 | Correct: 126/128 | Elapsed Time: 54.76s
2026-01-18 21:24:30,245 | INFO | Batch 90 | Loss: 0.0873 | Correct: 125/128 | Elapsed Time: 54.78s
2026-01-18 21:25:25,062 | INFO | Batch 100 | Loss: 0.1098 | Correct: 123/128 | Elapsed Time: 54.82s
2026-01-18 21:26:19,863 | INFO | Batch 110 | Loss: 0.0521 | Correct: 127/128 | Elapsed Time: 54.80s
2026-01-18 21:27:14,630 | INFO | Batch 120 | Loss: 0.0647 | Correct: 127/128 | Elapsed Time: 54.77s
2026-01-18 21:28:09,364 | INFO | Batch 130 | Loss: 0.0475 | Correct: 127/128 | Elapsed Time: 54.73s
2026-01-18 21:29:04,195 | INFO | Batch 140 | Loss: 0.0755 | Correct: 128/128 | Elapsed Time: 54.83s
2026-01-18 21:29:58,934 | INFO | Batch 150 | Loss: 0.1026 | Correct: 127/128 | Elapsed Time: 54.74s
2026-01-18 21:30:53,638 | INFO | Batch 160 | Loss: 0.0509 | Correct: 127/128 | Elapsed Time: 54.70s
2026-01-18 21:31:48,361 | INFO | Batch 170 | Loss: 0.0702 | Correct: 128/128 | Elapsed Time: 54.72s
2026-01-18 21:32:43,082 | INFO | Batch 180 | Loss: 0.0823 | Correct: 126/128 | Elapsed Time: 54.72s
2026-01-18 21:33:37,783 | INFO | Batch 190 | Loss: 0.1093 | Correct: 124/128 | Elapsed Time: 54.70s
2026-01-18 21:34:32,504 | INFO | Batch 200 | Loss: 0.0577 | Correct: 127/128 | Elapsed Time: 54.72s
2026-01-18 21:35:27,329 | INFO | Batch 210 | Loss: 0.0853 | Correct: 125/128 | Elapsed Time: 54.82s
2026-01-18 21:36:22,194 | INFO | Batch 220 | Loss: 0.1237 | Correct: 124/128 | Elapsed Time: 54.87s
2026-01-18 21:37:16,876 | INFO | Batch 230 | Loss: 0.0863 | Correct: 124/128 | Elapsed Time: 54.68s
2026-01-18 21:38:11,600 | INFO | Batch 240 | Loss: 0.0746 | Correct: 126/128 | Elapsed Time: 54.72s
2026-01-18 21:39:06,251 | INFO | Batch 250 | Loss: 0.0800 | Correct: 127/128 | Elapsed Time: 54.65s
2026-01-18 21:40:01,002 | INFO | Batch 260 | Loss: 0.0706 | Correct: 127/128 | Elapsed Time: 54.75s
2026-01-18 21:40:55,715 | INFO | Batch 270 | Loss: 0.0794 | Correct: 125/128 | Elapsed Time: 54.71s
2026-01-18 21:41:50,411 | INFO | Batch 280 | Loss: 0.0929 | Correct: 125/128 | Elapsed Time: 54.70s
2026-01-18 21:42:45,230 | INFO | Batch 290 | Loss: 0.0831 | Correct: 125/128 | Elapsed Time: 54.82s
2026-01-18 21:43:39,994 | INFO | Batch 300 | Loss: 0.0698 | Correct: 127/128 | Elapsed Time: 54.76s
2026-01-18 21:44:34,761 | INFO | Batch 310 | Loss: 0.0709 | Correct: 126/128 | Elapsed Time: 54.77s
2026-01-18 21:45:29,555 | INFO | Batch 320 | Loss: 0.0597 | Correct: 127/128 | Elapsed Time: 54.79s
2026-01-18 21:46:24,307 | INFO | Batch 330 | Loss: 0.0804 | Correct: 125/128 | Elapsed Time: 54.75s
2026-01-18 21:47:19,044 | INFO | Batch 340 | Loss: 0.1423 | Correct: 123/128 | Elapsed Time: 54.74s
2026-01-18 21:48:13,792 | INFO | Batch 350 | Loss: 0.0682 | Correct: 126/128 | Elapsed Time: 54.75s
2026-01-18 21:49:08,588 | INFO | Batch 360 | Loss: 0.0487 | Correct: 128/128 | Elapsed Time: 54.80s
2026-01-18 21:50:03,407 | INFO | Batch 370 | Loss: 0.0751 | Correct: 127/128 | Elapsed Time: 54.82s
2026-01-18 21:50:58,080 | INFO | Batch 380 | Loss: 0.0720 | Correct: 127/128 | Elapsed Time: 54.67s
2026-01-18 21:51:52,782 | INFO | Batch 390 | Loss: 0.0666 | Correct: 126/128 | Elapsed Time: 54.70s
2026-01-18 21:51:56,300 | INFO | Epoch [78/100] - Loss: 0.0838 | Correct: 49151/50000 (98.30%, 2138.89s)
2026-01-18 21:54:50,174 | INFO | Validation - Loss: 1.6417 | Top1: 6353/10000 (63.53%) | Top5: 8672/10000 (86.72%) (173.87s)
2026-01-18 21:55:44,984 | INFO | Batch 10 | Loss: 0.0690 | Correct: 126/128 | Elapsed Time: 54.81s
2026-01-18 21:56:39,723 | INFO | Batch 20 | Loss: 0.0698 | Correct: 126/128 | Elapsed Time: 54.74s
2026-01-18 21:57:34,429 | INFO | Batch 30 | Loss: 0.0751 | Correct: 127/128 | Elapsed Time: 54.71s
2026-01-18 21:58:29,249 | INFO | Batch 40 | Loss: 0.1087 | Correct: 125/128 | Elapsed Time: 54.82s
2026-01-18 21:59:23,972 | INFO | Batch 50 | Loss: 0.0572 | Correct: 126/128 | Elapsed Time: 54.72s
2026-01-18 22:00:18,674 | INFO | Batch 60 | Loss: 0.0635 | Correct: 128/128 | Elapsed Time: 54.70s
2026-01-18 22:01:13,414 | INFO | Batch 70 | Loss: 0.0878 | Correct: 125/128 | Elapsed Time: 54.74s
2026-01-18 22:02:08,137 | INFO | Batch 80 | Loss: 0.0864 | Correct: 127/128 | Elapsed Time: 54.72s
2026-01-18 22:03:02,891 | INFO | Batch 90 | Loss: 0.0933 | Correct: 124/128 | Elapsed Time: 54.75s
2026-01-18 22:03:57,658 | INFO | Batch 100 | Loss: 0.0890 | Correct: 125/128 | Elapsed Time: 54.77s
2026-01-18 22:04:52,364 | INFO | Batch 110 | Loss: 0.0919 | Correct: 126/128 | Elapsed Time: 54.71s
2026-01-18 22:05:47,304 | INFO | Batch 120 | Loss: 0.0534 | Correct: 127/128 | Elapsed Time: 54.94s
2026-01-18 22:06:42,029 | INFO | Batch 130 | Loss: 0.0805 | Correct: 126/128 | Elapsed Time: 54.72s
2026-01-18 22:07:36,773 | INFO | Batch 140 | Loss: 0.0740 | Correct: 125/128 | Elapsed Time: 54.74s
2026-01-18 22:08:31,467 | INFO | Batch 150 | Loss: 0.0832 | Correct: 126/128 | Elapsed Time: 54.69s
2026-01-18 22:09:26,207 | INFO | Batch 160 | Loss: 0.0740 | Correct: 127/128 | Elapsed Time: 54.74s
2026-01-18 22:10:21,000 | INFO | Batch 170 | Loss: 0.0748 | Correct: 126/128 | Elapsed Time: 54.79s
2026-01-18 22:11:15,742 | INFO | Batch 180 | Loss: 0.0746 | Correct: 126/128 | Elapsed Time: 54.74s
2026-01-18 22:12:10,605 | INFO | Batch 190 | Loss: 0.0927 | Correct: 125/128 | Elapsed Time: 54.86s
2026-01-18 22:13:05,325 | INFO | Batch 200 | Loss: 0.0921 | Correct: 125/128 | Elapsed Time: 54.72s
2026-01-18 22:14:00,062 | INFO | Batch 210 | Loss: 0.1083 | Correct: 124/128 | Elapsed Time: 54.74s
2026-01-18 22:14:54,832 | INFO | Batch 220 | Loss: 0.0921 | Correct: 123/128 | Elapsed Time: 54.77s
2026-01-18 22:15:49,576 | INFO | Batch 230 | Loss: 0.1358 | Correct: 121/128 | Elapsed Time: 54.74s
2026-01-18 22:16:44,278 | INFO | Batch 240 | Loss: 0.0704 | Correct: 128/128 | Elapsed Time: 54.70s
2026-01-18 22:17:39,009 | INFO | Batch 250 | Loss: 0.0883 | Correct: 127/128 | Elapsed Time: 54.73s
2026-01-18 22:18:33,773 | INFO | Batch 260 | Loss: 0.0851 | Correct: 126/128 | Elapsed Time: 54.76s
2026-01-18 22:19:28,644 | INFO | Batch 270 | Loss: 0.0587 | Correct: 127/128 | Elapsed Time: 54.87s
2026-01-18 22:20:23,410 | INFO | Batch 280 | Loss: 0.0713 | Correct: 127/128 | Elapsed Time: 54.77s
2026-01-18 22:21:18,186 | INFO | Batch 290 | Loss: 0.0472 | Correct: 128/128 | Elapsed Time: 54.78s
2026-01-18 22:22:13,050 | INFO | Batch 300 | Loss: 0.0612 | Correct: 128/128 | Elapsed Time: 54.86s
2026-01-18 22:23:07,809 | INFO | Batch 310 | Loss: 0.1318 | Correct: 125/128 | Elapsed Time: 54.76s
2026-01-18 22:24:02,604 | INFO | Batch 320 | Loss: 0.0605 | Correct: 128/128 | Elapsed Time: 54.79s
2026-01-18 22:24:57,355 | INFO | Batch 330 | Loss: 0.0654 | Correct: 127/128 | Elapsed Time: 54.75s
2026-01-18 22:25:52,140 | INFO | Batch 340 | Loss: 0.0716 | Correct: 126/128 | Elapsed Time: 54.78s
2026-01-18 22:26:47,028 | INFO | Batch 350 | Loss: 0.1023 | Correct: 126/128 | Elapsed Time: 54.89s
2026-01-18 22:27:41,751 | INFO | Batch 360 | Loss: 0.0692 | Correct: 126/128 | Elapsed Time: 54.72s
2026-01-18 22:28:36,508 | INFO | Batch 370 | Loss: 0.0655 | Correct: 127/128 | Elapsed Time: 54.76s
2026-01-18 22:29:31,252 | INFO | Batch 380 | Loss: 0.0639 | Correct: 128/128 | Elapsed Time: 54.74s
2026-01-18 22:30:26,032 | INFO | Batch 390 | Loss: 0.1463 | Correct: 123/128 | Elapsed Time: 54.78s
2026-01-18 22:30:29,542 | INFO | Epoch [79/100] - Loss: 0.0871 | Correct: 49074/50000 (98.15%, 2139.37s)
2026-01-18 22:33:23,456 | INFO | Validation - Loss: 1.6430 | Top1: 6354/10000 (63.54%) | Top5: 8671/10000 (86.71%) (173.91s)
2026-01-18 22:34:18,296 | INFO | Batch 10 | Loss: 0.0939 | Correct: 126/128 | Elapsed Time: 54.84s
2026-01-18 22:35:13,171 | INFO | Batch 20 | Loss: 0.1090 | Correct: 125/128 | Elapsed Time: 54.87s
2026-01-18 22:36:07,945 | INFO | Batch 30 | Loss: 0.0746 | Correct: 127/128 | Elapsed Time: 54.77s
2026-01-18 22:37:02,689 | INFO | Batch 40 | Loss: 0.0812 | Correct: 127/128 | Elapsed Time: 54.74s
2026-01-18 22:37:57,411 | INFO | Batch 50 | Loss: 0.0832 | Correct: 127/128 | Elapsed Time: 54.72s
2026-01-18 22:38:52,147 | INFO | Batch 60 | Loss: 0.0717 | Correct: 126/128 | Elapsed Time: 54.74s
2026-01-18 22:39:46,854 | INFO | Batch 70 | Loss: 0.0698 | Correct: 126/128 | Elapsed Time: 54.71s
2026-01-18 22:40:41,618 | INFO | Batch 80 | Loss: 0.1276 | Correct: 124/128 | Elapsed Time: 54.76s
2026-01-18 22:41:36,457 | INFO | Batch 90 | Loss: 0.0778 | Correct: 127/128 | Elapsed Time: 54.84s
2026-01-18 22:42:31,220 | INFO | Batch 100 | Loss: 0.0785 | Correct: 125/128 | Elapsed Time: 54.76s
2026-01-18 22:43:25,963 | INFO | Batch 110 | Loss: 0.0816 | Correct: 126/128 | Elapsed Time: 54.74s
2026-01-18 22:44:20,689 | INFO | Batch 120 | Loss: 0.0816 | Correct: 126/128 | Elapsed Time: 54.73s
2026-01-18 22:45:15,466 | INFO | Batch 130 | Loss: 0.0498 | Correct: 127/128 | Elapsed Time: 54.78s
2026-01-18 22:46:10,170 | INFO | Batch 140 | Loss: 0.0654 | Correct: 127/128 | Elapsed Time: 54.70s
2026-01-18 22:47:04,971 | INFO | Batch 150 | Loss: 0.1163 | Correct: 123/128 | Elapsed Time: 54.80s
2026-01-18 22:47:59,698 | INFO | Batch 160 | Loss: 0.0811 | Correct: 126/128 | Elapsed Time: 54.73s
2026-01-18 22:48:54,536 | INFO | Batch 170 | Loss: 0.0794 | Correct: 127/128 | Elapsed Time: 54.84s
2026-01-18 22:49:49,278 | INFO | Batch 180 | Loss: 0.0973 | Correct: 125/128 | Elapsed Time: 54.74s
2026-01-18 22:50:43,902 | INFO | Batch 190 | Loss: 0.1099 | Correct: 125/128 | Elapsed Time: 54.62s
2026-01-18 22:51:38,546 | INFO | Batch 200 | Loss: 0.0579 | Correct: 127/128 | Elapsed Time: 54.64s
2026-01-18 22:52:33,175 | INFO | Batch 210 | Loss: 0.0733 | Correct: 127/128 | Elapsed Time: 54.63s
2026-01-18 22:53:27,828 | INFO | Batch 220 | Loss: 0.0832 | Correct: 126/128 | Elapsed Time: 54.65s
2026-01-18 22:54:22,472 | INFO | Batch 230 | Loss: 0.0748 | Correct: 125/128 | Elapsed Time: 54.64s
2026-01-18 22:55:17,292 | INFO | Batch 240 | Loss: 0.0819 | Correct: 125/128 | Elapsed Time: 54.82s
2026-01-18 22:56:11,937 | INFO | Batch 250 | Loss: 0.0567 | Correct: 128/128 | Elapsed Time: 54.65s
2026-01-18 22:57:06,639 | INFO | Batch 260 | Loss: 0.0772 | Correct: 127/128 | Elapsed Time: 54.70s
2026-01-18 22:58:01,294 | INFO | Batch 270 | Loss: 0.1262 | Correct: 124/128 | Elapsed Time: 54.65s
2026-01-18 22:58:56,016 | INFO | Batch 280 | Loss: 0.0613 | Correct: 127/128 | Elapsed Time: 54.72s
2026-01-18 22:59:50,690 | INFO | Batch 290 | Loss: 0.0768 | Correct: 126/128 | Elapsed Time: 54.67s
2026-01-18 23:00:45,293 | INFO | Batch 300 | Loss: 0.0736 | Correct: 126/128 | Elapsed Time: 54.60s
2026-01-18 23:01:40,026 | INFO | Batch 310 | Loss: 0.0929 | Correct: 125/128 | Elapsed Time: 54.73s
2026-01-18 23:02:34,836 | INFO | Batch 320 | Loss: 0.0965 | Correct: 124/128 | Elapsed Time: 54.81s
2026-01-18 23:03:29,535 | INFO | Batch 330 | Loss: 0.0514 | Correct: 127/128 | Elapsed Time: 54.70s
2026-01-18 23:04:24,242 | INFO | Batch 340 | Loss: 0.0985 | Correct: 125/128 | Elapsed Time: 54.71s
2026-01-18 23:05:18,981 | INFO | Batch 350 | Loss: 0.0851 | Correct: 126/128 | Elapsed Time: 54.74s
2026-01-18 23:06:13,683 | INFO | Batch 360 | Loss: 0.1098 | Correct: 126/128 | Elapsed Time: 54.70s
2026-01-18 23:07:08,368 | INFO | Batch 370 | Loss: 0.0633 | Correct: 127/128 | Elapsed Time: 54.68s
2026-01-18 23:08:03,085 | INFO | Batch 380 | Loss: 0.0632 | Correct: 127/128 | Elapsed Time: 54.72s
2026-01-18 23:08:57,792 | INFO | Batch 390 | Loss: 0.1343 | Correct: 124/128 | Elapsed Time: 54.71s
2026-01-18 23:09:01,301 | INFO | Epoch [80/100] - Loss: 0.0856 | Correct: 49102/50000 (98.20%, 2137.84s)
2026-01-18 23:11:55,118 | INFO | Validation - Loss: 1.6412 | Top1: 6362/10000 (63.62%) | Top5: 8661/10000 (86.61%) (173.82s)
2026-01-18 23:11:55,852 | INFO | New best model saved at epoch 80 with Top1 Acc: 63.62% (Top5: 86.61%)
2026-01-18 23:12:50,638 | INFO | Batch 10 | Loss: 0.1160 | Correct: 125/128 | Elapsed Time: 54.79s
2026-01-18 23:13:45,281 | INFO | Batch 20 | Loss: 0.0516 | Correct: 127/128 | Elapsed Time: 54.64s
2026-01-18 23:14:39,962 | INFO | Batch 30 | Loss: 0.1041 | Correct: 126/128 | Elapsed Time: 54.68s
2026-01-18 23:15:34,748 | INFO | Batch 40 | Loss: 0.1178 | Correct: 124/128 | Elapsed Time: 54.79s
2026-01-18 23:16:29,432 | INFO | Batch 50 | Loss: 0.0829 | Correct: 126/128 | Elapsed Time: 54.68s
2026-01-18 23:17:24,112 | INFO | Batch 60 | Loss: 0.0831 | Correct: 126/128 | Elapsed Time: 54.68s
2026-01-18 23:18:18,835 | INFO | Batch 70 | Loss: 0.0961 | Correct: 124/128 | Elapsed Time: 54.72s
2026-01-18 23:19:13,712 | INFO | Batch 80 | Loss: 0.0945 | Correct: 124/128 | Elapsed Time: 54.88s
2026-01-18 23:20:08,487 | INFO | Batch 90 | Loss: 0.0632 | Correct: 128/128 | Elapsed Time: 54.78s
2026-01-18 23:21:03,211 | INFO | Batch 100 | Loss: 0.0780 | Correct: 125/128 | Elapsed Time: 54.72s
2026-01-18 23:21:57,925 | INFO | Batch 110 | Loss: 0.0868 | Correct: 126/128 | Elapsed Time: 54.71s
2026-01-18 23:22:52,689 | INFO | Batch 120 | Loss: 0.0894 | Correct: 125/128 | Elapsed Time: 54.76s
2026-01-18 23:23:47,474 | INFO | Batch 130 | Loss: 0.0811 | Correct: 126/128 | Elapsed Time: 54.78s
2026-01-18 23:24:42,151 | INFO | Batch 140 | Loss: 0.0956 | Correct: 126/128 | Elapsed Time: 54.68s
2026-01-18 23:25:37,211 | INFO | Batch 150 | Loss: 0.0690 | Correct: 126/128 | Elapsed Time: 55.06s
2026-01-18 23:26:31,920 | INFO | Batch 160 | Loss: 0.0804 | Correct: 126/128 | Elapsed Time: 54.71s
2026-01-18 23:27:26,654 | INFO | Batch 170 | Loss: 0.0688 | Correct: 124/128 | Elapsed Time: 54.73s
2026-01-18 23:28:21,318 | INFO | Batch 180 | Loss: 0.0741 | Correct: 126/128 | Elapsed Time: 54.66s
2026-01-18 23:29:16,038 | INFO | Batch 190 | Loss: 0.1441 | Correct: 122/128 | Elapsed Time: 54.72s
2026-01-18 23:30:10,724 | INFO | Batch 200 | Loss: 0.0790 | Correct: 127/128 | Elapsed Time: 54.69s
2026-01-18 23:31:05,408 | INFO | Batch 210 | Loss: 0.0852 | Correct: 124/128 | Elapsed Time: 54.68s
2026-01-18 23:32:00,132 | INFO | Batch 220 | Loss: 0.0769 | Correct: 126/128 | Elapsed Time: 54.72s
2026-01-18 23:32:55,002 | INFO | Batch 230 | Loss: 0.0629 | Correct: 127/128 | Elapsed Time: 54.87s
2026-01-18 23:33:49,793 | INFO | Batch 240 | Loss: 0.0767 | Correct: 124/128 | Elapsed Time: 54.79s
2026-01-18 23:34:44,642 | INFO | Batch 250 | Loss: 0.1079 | Correct: 125/128 | Elapsed Time: 54.85s
2026-01-18 23:35:39,396 | INFO | Batch 260 | Loss: 0.1173 | Correct: 123/128 | Elapsed Time: 54.75s
2026-01-18 23:36:34,087 | INFO | Batch 270 | Loss: 0.1157 | Correct: 123/128 | Elapsed Time: 54.69s
2026-01-18 23:37:28,864 | INFO | Batch 280 | Loss: 0.0805 | Correct: 126/128 | Elapsed Time: 54.78s
2026-01-18 23:38:23,612 | INFO | Batch 290 | Loss: 0.0946 | Correct: 124/128 | Elapsed Time: 54.75s
2026-01-18 23:39:18,386 | INFO | Batch 300 | Loss: 0.0799 | Correct: 127/128 | Elapsed Time: 54.77s
2026-01-18 23:40:13,254 | INFO | Batch 310 | Loss: 0.0878 | Correct: 127/128 | Elapsed Time: 54.87s
2026-01-18 23:41:08,016 | INFO | Batch 320 | Loss: 0.0912 | Correct: 124/128 | Elapsed Time: 54.76s
2026-01-18 23:42:02,696 | INFO | Batch 330 | Loss: 0.1283 | Correct: 124/128 | Elapsed Time: 54.68s
2026-01-18 23:42:57,410 | INFO | Batch 340 | Loss: 0.0736 | Correct: 128/128 | Elapsed Time: 54.71s
2026-01-18 23:43:52,119 | INFO | Batch 350 | Loss: 0.0562 | Correct: 128/128 | Elapsed Time: 54.71s
2026-01-18 23:44:46,843 | INFO | Batch 360 | Loss: 0.0589 | Correct: 127/128 | Elapsed Time: 54.72s
2026-01-18 23:45:41,664 | INFO | Batch 370 | Loss: 0.0892 | Correct: 126/128 | Elapsed Time: 54.82s
2026-01-18 23:46:36,470 | INFO | Batch 380 | Loss: 0.1044 | Correct: 125/128 | Elapsed Time: 54.81s
2026-01-18 23:47:31,228 | INFO | Batch 390 | Loss: 0.0719 | Correct: 126/128 | Elapsed Time: 54.76s
2026-01-18 23:47:34,750 | INFO | Epoch [81/100] - Loss: 0.0849 | Correct: 49096/50000 (98.19%, 2138.90s)
2026-01-18 23:50:28,664 | INFO | Validation - Loss: 1.6446 | Top1: 6352/10000 (63.52%) | Top5: 8658/10000 (86.58%) (173.91s)
2026-01-18 23:51:23,378 | INFO | Batch 10 | Loss: 0.0843 | Correct: 126/128 | Elapsed Time: 54.71s
2026-01-18 23:52:18,101 | INFO | Batch 20 | Loss: 0.1213 | Correct: 123/128 | Elapsed Time: 54.72s
2026-01-18 23:53:12,849 | INFO | Batch 30 | Loss: 0.0931 | Correct: 125/128 | Elapsed Time: 54.75s
2026-01-18 23:54:07,626 | INFO | Batch 40 | Loss: 0.0745 | Correct: 127/128 | Elapsed Time: 54.78s
2026-01-18 23:55:02,422 | INFO | Batch 50 | Loss: 0.0389 | Correct: 128/128 | Elapsed Time: 54.80s
2026-01-18 23:55:57,226 | INFO | Batch 60 | Loss: 0.0835 | Correct: 125/128 | Elapsed Time: 54.80s
2026-01-18 23:56:52,000 | INFO | Batch 70 | Loss: 0.0969 | Correct: 123/128 | Elapsed Time: 54.77s
2026-01-18 23:57:46,737 | INFO | Batch 80 | Loss: 0.0735 | Correct: 127/128 | Elapsed Time: 54.74s
2026-01-18 23:58:41,456 | INFO | Batch 90 | Loss: 0.0947 | Correct: 125/128 | Elapsed Time: 54.72s
2026-01-18 23:59:36,158 | INFO | Batch 100 | Loss: 0.0924 | Correct: 125/128 | Elapsed Time: 54.70s
2026-01-19 00:00:30,903 | INFO | Batch 110 | Loss: 0.0947 | Correct: 123/128 | Elapsed Time: 54.75s
2026-01-19 00:01:25,646 | INFO | Batch 120 | Loss: 0.0771 | Correct: 127/128 | Elapsed Time: 54.74s
2026-01-19 00:02:20,468 | INFO | Batch 130 | Loss: 0.0964 | Correct: 125/128 | Elapsed Time: 54.82s
2026-01-19 00:03:15,224 | INFO | Batch 140 | Loss: 0.0960 | Correct: 126/128 | Elapsed Time: 54.76s
2026-01-19 00:04:09,964 | INFO | Batch 150 | Loss: 0.0896 | Correct: 124/128 | Elapsed Time: 54.74s
2026-01-19 00:05:04,661 | INFO | Batch 160 | Loss: 0.0815 | Correct: 127/128 | Elapsed Time: 54.70s
2026-01-19 00:05:59,458 | INFO | Batch 170 | Loss: 0.0916 | Correct: 125/128 | Elapsed Time: 54.80s
2026-01-19 00:06:54,181 | INFO | Batch 180 | Loss: 0.0764 | Correct: 126/128 | Elapsed Time: 54.72s
2026-01-19 00:07:48,924 | INFO | Batch 190 | Loss: 0.0595 | Correct: 128/128 | Elapsed Time: 54.74s
2026-01-19 00:08:43,691 | INFO | Batch 200 | Loss: 0.0658 | Correct: 127/128 | Elapsed Time: 54.77s
2026-01-19 00:09:38,467 | INFO | Batch 210 | Loss: 0.0794 | Correct: 127/128 | Elapsed Time: 54.78s
2026-01-19 00:10:33,239 | INFO | Batch 220 | Loss: 0.0376 | Correct: 128/128 | Elapsed Time: 54.77s
2026-01-19 00:11:27,993 | INFO | Batch 230 | Loss: 0.0969 | Correct: 125/128 | Elapsed Time: 54.75s
2026-01-19 00:12:22,734 | INFO | Batch 240 | Loss: 0.0456 | Correct: 127/128 | Elapsed Time: 54.74s
2026-01-19 00:13:17,477 | INFO | Batch 250 | Loss: 0.0696 | Correct: 126/128 | Elapsed Time: 54.74s
2026-01-19 00:14:12,140 | INFO | Batch 260 | Loss: 0.0632 | Correct: 127/128 | Elapsed Time: 54.66s
2026-01-19 00:15:06,929 | INFO | Batch 270 | Loss: 0.0625 | Correct: 126/128 | Elapsed Time: 54.79s
2026-01-19 00:16:01,768 | INFO | Batch 280 | Loss: 0.0749 | Correct: 126/128 | Elapsed Time: 54.84s
2026-01-19 00:16:56,482 | INFO | Batch 290 | Loss: 0.0811 | Correct: 128/128 | Elapsed Time: 54.71s
2026-01-19 00:17:51,250 | INFO | Batch 300 | Loss: 0.0681 | Correct: 126/128 | Elapsed Time: 54.77s
2026-01-19 00:18:46,032 | INFO | Batch 310 | Loss: 0.0961 | Correct: 125/128 | Elapsed Time: 54.78s
2026-01-19 00:19:40,774 | INFO | Batch 320 | Loss: 0.0672 | Correct: 127/128 | Elapsed Time: 54.74s
2026-01-19 00:20:35,554 | INFO | Batch 330 | Loss: 0.1167 | Correct: 125/128 | Elapsed Time: 54.78s
2026-01-19 00:21:30,318 | INFO | Batch 340 | Loss: 0.0834 | Correct: 126/128 | Elapsed Time: 54.76s
2026-01-19 00:22:25,088 | INFO | Batch 350 | Loss: 0.0475 | Correct: 127/128 | Elapsed Time: 54.77s
2026-01-19 00:23:19,942 | INFO | Batch 360 | Loss: 0.0902 | Correct: 125/128 | Elapsed Time: 54.85s
2026-01-19 00:24:14,585 | INFO | Batch 370 | Loss: 0.1012 | Correct: 124/128 | Elapsed Time: 54.64s
2026-01-19 00:25:09,455 | INFO | Batch 380 | Loss: 0.0779 | Correct: 125/128 | Elapsed Time: 54.87s
2026-01-19 00:26:04,158 | INFO | Batch 390 | Loss: 0.0800 | Correct: 126/128 | Elapsed Time: 54.70s
2026-01-19 00:26:07,674 | INFO | Epoch [82/100] - Loss: 0.0835 | Correct: 49122/50000 (98.24%, 2139.01s)
2026-01-19 00:29:01,352 | INFO | Validation - Loss: 1.6468 | Top1: 6351/10000 (63.51%) | Top5: 8666/10000 (86.66%) (173.68s)
2026-01-19 00:29:56,033 | INFO | Batch 10 | Loss: 0.0980 | Correct: 126/128 | Elapsed Time: 54.68s
2026-01-19 00:30:50,701 | INFO | Batch 20 | Loss: 0.0568 | Correct: 127/128 | Elapsed Time: 54.67s
2026-01-19 00:31:45,525 | INFO | Batch 30 | Loss: 0.0722 | Correct: 128/128 | Elapsed Time: 54.82s
2026-01-19 00:32:40,214 | INFO | Batch 40 | Loss: 0.0465 | Correct: 128/128 | Elapsed Time: 54.69s
2026-01-19 00:33:34,924 | INFO | Batch 50 | Loss: 0.1043 | Correct: 127/128 | Elapsed Time: 54.71s
2026-01-19 00:34:29,655 | INFO | Batch 60 | Loss: 0.0763 | Correct: 126/128 | Elapsed Time: 54.73s
2026-01-19 00:35:24,350 | INFO | Batch 70 | Loss: 0.0990 | Correct: 126/128 | Elapsed Time: 54.70s
2026-01-19 00:36:19,037 | INFO | Batch 80 | Loss: 0.0746 | Correct: 127/128 | Elapsed Time: 54.69s
2026-01-19 00:37:13,733 | INFO | Batch 90 | Loss: 0.0761 | Correct: 126/128 | Elapsed Time: 54.70s
2026-01-19 00:38:08,417 | INFO | Batch 100 | Loss: 0.0916 | Correct: 125/128 | Elapsed Time: 54.68s
2026-01-19 00:39:03,197 | INFO | Batch 110 | Loss: 0.1511 | Correct: 122/128 | Elapsed Time: 54.78s
2026-01-19 00:39:57,887 | INFO | Batch 120 | Loss: 0.0742 | Correct: 127/128 | Elapsed Time: 54.69s
2026-01-19 00:40:52,646 | INFO | Batch 130 | Loss: 0.0539 | Correct: 128/128 | Elapsed Time: 54.76s
2026-01-19 00:41:47,307 | INFO | Batch 140 | Loss: 0.0826 | Correct: 125/128 | Elapsed Time: 54.66s
2026-01-19 00:42:41,973 | INFO | Batch 150 | Loss: 0.1309 | Correct: 123/128 | Elapsed Time: 54.67s
2026-01-19 00:43:36,678 | INFO | Batch 160 | Loss: 0.0377 | Correct: 128/128 | Elapsed Time: 54.71s
2026-01-19 00:44:31,340 | INFO | Batch 170 | Loss: 0.0774 | Correct: 126/128 | Elapsed Time: 54.66s
2026-01-19 00:45:26,101 | INFO | Batch 180 | Loss: 0.0765 | Correct: 126/128 | Elapsed Time: 54.76s
2026-01-19 00:46:20,879 | INFO | Batch 190 | Loss: 0.1070 | Correct: 125/128 | Elapsed Time: 54.78s
2026-01-19 00:47:15,568 | INFO | Batch 200 | Loss: 0.0634 | Correct: 126/128 | Elapsed Time: 54.69s
2026-01-19 00:48:10,228 | INFO | Batch 210 | Loss: 0.0981 | Correct: 125/128 | Elapsed Time: 54.66s
2026-01-19 00:49:04,870 | INFO | Batch 220 | Loss: 0.0794 | Correct: 125/128 | Elapsed Time: 54.64s
2026-01-19 00:49:59,510 | INFO | Batch 230 | Loss: 0.0440 | Correct: 128/128 | Elapsed Time: 54.64s
2026-01-19 00:50:54,155 | INFO | Batch 240 | Loss: 0.1220 | Correct: 123/128 | Elapsed Time: 54.65s
2026-01-19 00:51:48,818 | INFO | Batch 250 | Loss: 0.0732 | Correct: 126/128 | Elapsed Time: 54.66s
2026-01-19 00:52:43,639 | INFO | Batch 260 | Loss: 0.0672 | Correct: 125/128 | Elapsed Time: 54.82s
2026-01-19 00:53:38,318 | INFO | Batch 270 | Loss: 0.0917 | Correct: 124/128 | Elapsed Time: 54.68s
2026-01-19 00:54:32,985 | INFO | Batch 280 | Loss: 0.0705 | Correct: 126/128 | Elapsed Time: 54.67s
2026-01-19 00:55:27,772 | INFO | Batch 290 | Loss: 0.0354 | Correct: 128/128 | Elapsed Time: 54.79s
2026-01-19 00:56:22,368 | INFO | Batch 300 | Loss: 0.0887 | Correct: 126/128 | Elapsed Time: 54.60s
2026-01-19 00:57:17,032 | INFO | Batch 310 | Loss: 0.0863 | Correct: 127/128 | Elapsed Time: 54.66s
2026-01-19 00:58:11,716 | INFO | Batch 320 | Loss: 0.0857 | Correct: 127/128 | Elapsed Time: 54.68s
2026-01-19 00:59:06,391 | INFO | Batch 330 | Loss: 0.0737 | Correct: 126/128 | Elapsed Time: 54.68s
2026-01-19 01:00:01,180 | INFO | Batch 340 | Loss: 0.0797 | Correct: 125/128 | Elapsed Time: 54.79s
2026-01-19 01:00:55,803 | INFO | Batch 350 | Loss: 0.1110 | Correct: 125/128 | Elapsed Time: 54.62s
2026-01-19 01:01:50,503 | INFO | Batch 360 | Loss: 0.1131 | Correct: 126/128 | Elapsed Time: 54.70s
2026-01-19 01:02:45,183 | INFO | Batch 370 | Loss: 0.1065 | Correct: 124/128 | Elapsed Time: 54.68s
2026-01-19 01:03:39,911 | INFO | Batch 380 | Loss: 0.0853 | Correct: 125/128 | Elapsed Time: 54.73s
2026-01-19 01:04:34,599 | INFO | Batch 390 | Loss: 0.0519 | Correct: 127/128 | Elapsed Time: 54.69s
2026-01-19 01:04:38,108 | INFO | Epoch [83/100] - Loss: 0.0839 | Correct: 49114/50000 (98.23%, 2136.75s)
2026-01-19 01:07:31,952 | INFO | Validation - Loss: 1.6349 | Top1: 6350/10000 (63.50%) | Top5: 8679/10000 (86.79%) (173.84s)
2026-01-19 01:08:26,739 | INFO | Batch 10 | Loss: 0.1195 | Correct: 123/128 | Elapsed Time: 54.78s
2026-01-19 01:09:21,401 | INFO | Batch 20 | Loss: 0.1327 | Correct: 123/128 | Elapsed Time: 54.66s
2026-01-19 01:10:16,060 | INFO | Batch 30 | Loss: 0.1120 | Correct: 125/128 | Elapsed Time: 54.66s
2026-01-19 01:11:10,724 | INFO | Batch 40 | Loss: 0.1300 | Correct: 125/128 | Elapsed Time: 54.66s
2026-01-19 01:12:05,426 | INFO | Batch 50 | Loss: 0.0870 | Correct: 125/128 | Elapsed Time: 54.70s
2026-01-19 01:13:00,131 | INFO | Batch 60 | Loss: 0.0551 | Correct: 128/128 | Elapsed Time: 54.71s
2026-01-19 01:13:54,808 | INFO | Batch 70 | Loss: 0.0842 | Correct: 125/128 | Elapsed Time: 54.68s
2026-01-19 01:14:49,567 | INFO | Batch 80 | Loss: 0.0909 | Correct: 127/128 | Elapsed Time: 54.76s
2026-01-19 01:15:44,280 | INFO | Batch 90 | Loss: 0.0656 | Correct: 127/128 | Elapsed Time: 54.71s
2026-01-19 01:16:38,937 | INFO | Batch 100 | Loss: 0.1192 | Correct: 125/128 | Elapsed Time: 54.66s
2026-01-19 01:17:33,622 | INFO | Batch 110 | Loss: 0.0738 | Correct: 127/128 | Elapsed Time: 54.68s
2026-01-19 01:18:28,262 | INFO | Batch 120 | Loss: 0.0713 | Correct: 125/128 | Elapsed Time: 54.64s
2026-01-19 01:19:22,913 | INFO | Batch 130 | Loss: 0.0734 | Correct: 126/128 | Elapsed Time: 54.65s
2026-01-19 01:20:17,608 | INFO | Batch 140 | Loss: 0.0831 | Correct: 125/128 | Elapsed Time: 54.70s
2026-01-19 01:21:12,252 | INFO | Batch 150 | Loss: 0.0700 | Correct: 126/128 | Elapsed Time: 54.64s
2026-01-19 01:22:07,096 | INFO | Batch 160 | Loss: 0.0937 | Correct: 125/128 | Elapsed Time: 54.84s
2026-01-19 01:23:01,785 | INFO | Batch 170 | Loss: 0.0636 | Correct: 127/128 | Elapsed Time: 54.69s
2026-01-19 01:23:56,420 | INFO | Batch 180 | Loss: 0.0998 | Correct: 124/128 | Elapsed Time: 54.63s
2026-01-19 01:24:51,120 | INFO | Batch 190 | Loss: 0.0784 | Correct: 127/128 | Elapsed Time: 54.70s
2026-01-19 01:25:45,843 | INFO | Batch 200 | Loss: 0.0738 | Correct: 127/128 | Elapsed Time: 54.72s
2026-01-19 01:26:40,530 | INFO | Batch 210 | Loss: 0.0782 | Correct: 125/128 | Elapsed Time: 54.69s
2026-01-19 01:27:35,231 | INFO | Batch 220 | Loss: 0.1453 | Correct: 122/128 | Elapsed Time: 54.70s
2026-01-19 01:28:29,911 | INFO | Batch 230 | Loss: 0.0681 | Correct: 124/128 | Elapsed Time: 54.68s
2026-01-19 01:29:24,716 | INFO | Batch 240 | Loss: 0.0449 | Correct: 128/128 | Elapsed Time: 54.81s
2026-01-19 01:30:19,454 | INFO | Batch 250 | Loss: 0.0752 | Correct: 126/128 | Elapsed Time: 54.74s
2026-01-19 01:31:14,101 | INFO | Batch 260 | Loss: 0.0902 | Correct: 125/128 | Elapsed Time: 54.65s
2026-01-19 01:32:08,757 | INFO | Batch 270 | Loss: 0.0951 | Correct: 124/128 | Elapsed Time: 54.66s
2026-01-19 01:33:03,434 | INFO | Batch 280 | Loss: 0.1314 | Correct: 124/128 | Elapsed Time: 54.68s
2026-01-19 01:33:58,104 | INFO | Batch 290 | Loss: 0.0499 | Correct: 127/128 | Elapsed Time: 54.67s
2026-01-19 01:34:52,771 | INFO | Batch 300 | Loss: 0.0837 | Correct: 124/128 | Elapsed Time: 54.67s
2026-01-19 01:35:47,634 | INFO | Batch 310 | Loss: 0.0997 | Correct: 126/128 | Elapsed Time: 54.86s
2026-01-19 01:36:42,303 | INFO | Batch 320 | Loss: 0.0641 | Correct: 127/128 | Elapsed Time: 54.67s
2026-01-19 01:37:37,034 | INFO | Batch 330 | Loss: 0.1023 | Correct: 125/128 | Elapsed Time: 54.73s
2026-01-19 01:38:31,734 | INFO | Batch 340 | Loss: 0.0765 | Correct: 126/128 | Elapsed Time: 54.70s
2026-01-19 01:39:26,382 | INFO | Batch 350 | Loss: 0.0772 | Correct: 127/128 | Elapsed Time: 54.65s
2026-01-19 01:40:21,059 | INFO | Batch 360 | Loss: 0.1531 | Correct: 124/128 | Elapsed Time: 54.68s
2026-01-19 01:41:15,730 | INFO | Batch 370 | Loss: 0.0673 | Correct: 126/128 | Elapsed Time: 54.67s
2026-01-19 01:42:10,426 | INFO | Batch 380 | Loss: 0.1093 | Correct: 125/128 | Elapsed Time: 54.70s
2026-01-19 01:43:05,193 | INFO | Batch 390 | Loss: 0.0735 | Correct: 127/128 | Elapsed Time: 54.77s
2026-01-19 01:43:08,707 | INFO | Epoch [84/100] - Loss: 0.0853 | Correct: 49092/50000 (98.18%, 2136.75s)
2026-01-19 01:46:02,503 | INFO | Validation - Loss: 1.6437 | Top1: 6356/10000 (63.56%) | Top5: 8663/10000 (86.63%) (173.80s)
2026-01-19 01:46:57,240 | INFO | Batch 10 | Loss: 0.0683 | Correct: 127/128 | Elapsed Time: 54.73s
2026-01-19 01:47:51,938 | INFO | Batch 20 | Loss: 0.0620 | Correct: 127/128 | Elapsed Time: 54.70s
2026-01-19 01:48:46,677 | INFO | Batch 30 | Loss: 0.0932 | Correct: 124/128 | Elapsed Time: 54.74s
2026-01-19 01:49:41,436 | INFO | Batch 40 | Loss: 0.1240 | Correct: 125/128 | Elapsed Time: 54.76s
2026-01-19 01:50:36,125 | INFO | Batch 50 | Loss: 0.0359 | Correct: 128/128 | Elapsed Time: 54.69s
2026-01-19 01:51:30,877 | INFO | Batch 60 | Loss: 0.0607 | Correct: 128/128 | Elapsed Time: 54.75s
2026-01-19 01:52:25,592 | INFO | Batch 70 | Loss: 0.0739 | Correct: 126/128 | Elapsed Time: 54.72s
2026-01-19 01:53:20,271 | INFO | Batch 80 | Loss: 0.1320 | Correct: 123/128 | Elapsed Time: 54.68s
2026-01-19 01:54:14,956 | INFO | Batch 90 | Loss: 0.0872 | Correct: 126/128 | Elapsed Time: 54.69s
2026-01-19 01:55:09,799 | INFO | Batch 100 | Loss: 0.0756 | Correct: 126/128 | Elapsed Time: 54.84s
2026-01-19 01:56:04,461 | INFO | Batch 110 | Loss: 0.0643 | Correct: 127/128 | Elapsed Time: 54.66s
2026-01-19 01:56:59,188 | INFO | Batch 120 | Loss: 0.0590 | Correct: 127/128 | Elapsed Time: 54.73s
2026-01-19 01:57:53,892 | INFO | Batch 130 | Loss: 0.0533 | Correct: 126/128 | Elapsed Time: 54.70s
2026-01-19 01:58:48,735 | INFO | Batch 140 | Loss: 0.1218 | Correct: 123/128 | Elapsed Time: 54.84s
2026-01-19 01:59:43,470 | INFO | Batch 150 | Loss: 0.0968 | Correct: 124/128 | Elapsed Time: 54.74s
2026-01-19 02:00:38,213 | INFO | Batch 160 | Loss: 0.0861 | Correct: 125/128 | Elapsed Time: 54.74s
2026-01-19 02:01:32,995 | INFO | Batch 170 | Loss: 0.0391 | Correct: 128/128 | Elapsed Time: 54.78s
2026-01-19 02:02:27,739 | INFO | Batch 180 | Loss: 0.1122 | Correct: 125/128 | Elapsed Time: 54.74s
2026-01-19 02:03:22,420 | INFO | Batch 190 | Loss: 0.1090 | Correct: 123/128 | Elapsed Time: 54.68s
2026-01-19 02:04:17,106 | INFO | Batch 200 | Loss: 0.0612 | Correct: 128/128 | Elapsed Time: 54.69s
2026-01-19 02:05:11,970 | INFO | Batch 210 | Loss: 0.0845 | Correct: 125/128 | Elapsed Time: 54.86s
2026-01-19 02:06:06,755 | INFO | Batch 220 | Loss: 0.0813 | Correct: 127/128 | Elapsed Time: 54.79s
2026-01-19 02:07:01,480 | INFO | Batch 230 | Loss: 0.0998 | Correct: 126/128 | Elapsed Time: 54.73s
2026-01-19 02:07:56,228 | INFO | Batch 240 | Loss: 0.0627 | Correct: 128/128 | Elapsed Time: 54.75s
2026-01-19 02:08:50,992 | INFO | Batch 250 | Loss: 0.0594 | Correct: 128/128 | Elapsed Time: 54.76s
2026-01-19 02:09:45,756 | INFO | Batch 260 | Loss: 0.1098 | Correct: 125/128 | Elapsed Time: 54.76s
2026-01-19 02:10:40,498 | INFO | Batch 270 | Loss: 0.0769 | Correct: 126/128 | Elapsed Time: 54.74s
2026-01-19 02:11:35,241 | INFO | Batch 280 | Loss: 0.0769 | Correct: 126/128 | Elapsed Time: 54.74s
2026-01-19 02:12:30,027 | INFO | Batch 290 | Loss: 0.1077 | Correct: 125/128 | Elapsed Time: 54.79s
2026-01-19 02:13:24,749 | INFO | Batch 300 | Loss: 0.0741 | Correct: 127/128 | Elapsed Time: 54.72s
2026-01-19 02:14:19,469 | INFO | Batch 310 | Loss: 0.0857 | Correct: 125/128 | Elapsed Time: 54.72s
2026-01-19 02:15:14,255 | INFO | Batch 320 | Loss: 0.0853 | Correct: 126/128 | Elapsed Time: 54.79s
2026-01-19 02:16:09,018 | INFO | Batch 330 | Loss: 0.0765 | Correct: 127/128 | Elapsed Time: 54.76s
2026-01-19 02:17:03,749 | INFO | Batch 340 | Loss: 0.0701 | Correct: 127/128 | Elapsed Time: 54.73s
2026-01-19 02:17:58,487 | INFO | Batch 350 | Loss: 0.0822 | Correct: 126/128 | Elapsed Time: 54.74s
2026-01-19 02:18:53,180 | INFO | Batch 360 | Loss: 0.0640 | Correct: 127/128 | Elapsed Time: 54.69s
2026-01-19 02:19:48,006 | INFO | Batch 370 | Loss: 0.0641 | Correct: 125/128 | Elapsed Time: 54.83s
2026-01-19 02:20:42,666 | INFO | Batch 380 | Loss: 0.0809 | Correct: 125/128 | Elapsed Time: 54.66s
2026-01-19 02:21:37,370 | INFO | Batch 390 | Loss: 0.0815 | Correct: 125/128 | Elapsed Time: 54.70s
2026-01-19 02:21:40,885 | INFO | Epoch [85/100] - Loss: 0.0857 | Correct: 49111/50000 (98.22%, 2138.38s)
2026-01-19 02:24:34,712 | INFO | Validation - Loss: 1.6531 | Top1: 6340/10000 (63.40%) | Top5: 8656/10000 (86.56%) (173.83s)
2026-01-19 02:25:29,576 | INFO | Batch 10 | Loss: 0.0697 | Correct: 127/128 | Elapsed Time: 54.86s
2026-01-19 02:26:24,278 | INFO | Batch 20 | Loss: 0.1104 | Correct: 126/128 | Elapsed Time: 54.70s
2026-01-19 02:27:19,020 | INFO | Batch 30 | Loss: 0.1134 | Correct: 124/128 | Elapsed Time: 54.74s
2026-01-19 02:28:13,745 | INFO | Batch 40 | Loss: 0.0482 | Correct: 127/128 | Elapsed Time: 54.73s
2026-01-19 02:29:08,525 | INFO | Batch 50 | Loss: 0.0692 | Correct: 126/128 | Elapsed Time: 54.78s
2026-01-19 02:30:03,232 | INFO | Batch 60 | Loss: 0.1011 | Correct: 126/128 | Elapsed Time: 54.71s
2026-01-19 02:30:57,947 | INFO | Batch 70 | Loss: 0.0955 | Correct: 126/128 | Elapsed Time: 54.71s
2026-01-19 02:31:52,690 | INFO | Batch 80 | Loss: 0.0771 | Correct: 127/128 | Elapsed Time: 54.74s
2026-01-19 02:32:47,432 | INFO | Batch 90 | Loss: 0.0398 | Correct: 128/128 | Elapsed Time: 54.74s
2026-01-19 02:33:42,201 | INFO | Batch 100 | Loss: 0.0529 | Correct: 126/128 | Elapsed Time: 54.77s
2026-01-19 02:34:36,901 | INFO | Batch 110 | Loss: 0.0687 | Correct: 126/128 | Elapsed Time: 54.70s
2026-01-19 02:35:31,742 | INFO | Batch 120 | Loss: 0.0796 | Correct: 126/128 | Elapsed Time: 54.84s
2026-01-19 02:36:26,423 | INFO | Batch 130 | Loss: 0.0819 | Correct: 127/128 | Elapsed Time: 54.68s
2026-01-19 02:37:21,088 | INFO | Batch 140 | Loss: 0.1037 | Correct: 124/128 | Elapsed Time: 54.66s
2026-01-19 02:38:15,829 | INFO | Batch 150 | Loss: 0.0702 | Correct: 126/128 | Elapsed Time: 54.74s
2026-01-19 02:39:10,577 | INFO | Batch 160 | Loss: 0.0589 | Correct: 127/128 | Elapsed Time: 54.75s
2026-01-19 02:40:05,299 | INFO | Batch 170 | Loss: 0.0696 | Correct: 125/128 | Elapsed Time: 54.72s
2026-01-19 02:40:59,998 | INFO | Batch 180 | Loss: 0.1176 | Correct: 125/128 | Elapsed Time: 54.70s
2026-01-19 02:41:54,704 | INFO | Batch 190 | Loss: 0.0609 | Correct: 127/128 | Elapsed Time: 54.71s
2026-01-19 02:42:49,463 | INFO | Batch 200 | Loss: 0.0801 | Correct: 125/128 | Elapsed Time: 54.76s
2026-01-19 02:43:44,164 | INFO | Batch 210 | Loss: 0.0581 | Correct: 127/128 | Elapsed Time: 54.70s
2026-01-19 02:44:38,845 | INFO | Batch 220 | Loss: 0.0590 | Correct: 127/128 | Elapsed Time: 54.68s
2026-01-19 02:45:33,572 | INFO | Batch 230 | Loss: 0.0771 | Correct: 127/128 | Elapsed Time: 54.73s
2026-01-19 02:46:28,277 | INFO | Batch 240 | Loss: 0.0441 | Correct: 128/128 | Elapsed Time: 54.70s
2026-01-19 02:47:23,025 | INFO | Batch 250 | Loss: 0.0735 | Correct: 128/128 | Elapsed Time: 54.75s
2026-01-19 02:48:17,795 | INFO | Batch 260 | Loss: 0.1250 | Correct: 125/128 | Elapsed Time: 54.77s
2026-01-19 02:49:12,490 | INFO | Batch 270 | Loss: 0.0936 | Correct: 126/128 | Elapsed Time: 54.70s
2026-01-19 02:50:07,284 | INFO | Batch 280 | Loss: 0.0531 | Correct: 128/128 | Elapsed Time: 54.79s
2026-01-19 02:51:01,947 | INFO | Batch 290 | Loss: 0.0939 | Correct: 127/128 | Elapsed Time: 54.66s
2026-01-19 02:51:56,629 | INFO | Batch 300 | Loss: 0.1181 | Correct: 123/128 | Elapsed Time: 54.68s
2026-01-19 02:52:51,309 | INFO | Batch 310 | Loss: 0.1083 | Correct: 126/128 | Elapsed Time: 54.68s
2026-01-19 02:53:45,969 | INFO | Batch 320 | Loss: 0.1376 | Correct: 125/128 | Elapsed Time: 54.66s
2026-01-19 02:54:40,654 | INFO | Batch 330 | Loss: 0.0769 | Correct: 126/128 | Elapsed Time: 54.69s
2026-01-19 02:55:35,402 | INFO | Batch 340 | Loss: 0.0686 | Correct: 128/128 | Elapsed Time: 54.75s
2026-01-19 02:56:30,179 | INFO | Batch 350 | Loss: 0.0863 | Correct: 126/128 | Elapsed Time: 54.78s
2026-01-19 02:57:24,859 | INFO | Batch 360 | Loss: 0.1013 | Correct: 125/128 | Elapsed Time: 54.68s
2026-01-19 02:58:19,528 | INFO | Batch 370 | Loss: 0.0768 | Correct: 126/128 | Elapsed Time: 54.67s
2026-01-19 02:59:14,195 | INFO | Batch 380 | Loss: 0.1132 | Correct: 123/128 | Elapsed Time: 54.67s
2026-01-19 03:00:08,871 | INFO | Batch 390 | Loss: 0.0755 | Correct: 126/128 | Elapsed Time: 54.68s
2026-01-19 03:00:12,378 | INFO | Epoch [86/100] - Loss: 0.0848 | Correct: 49109/50000 (98.22%, 2137.66s)
2026-01-19 03:03:06,071 | INFO | Validation - Loss: 1.6534 | Top1: 6343/10000 (63.43%) | Top5: 8656/10000 (86.56%) (173.69s)
2026-01-19 03:04:00,779 | INFO | Batch 10 | Loss: 0.1004 | Correct: 126/128 | Elapsed Time: 54.70s
2026-01-19 03:04:55,579 | INFO | Batch 20 | Loss: 0.0590 | Correct: 126/128 | Elapsed Time: 54.80s
2026-01-19 03:05:50,297 | INFO | Batch 30 | Loss: 0.0460 | Correct: 128/128 | Elapsed Time: 54.72s
2026-01-19 03:06:44,982 | INFO | Batch 40 | Loss: 0.0777 | Correct: 126/128 | Elapsed Time: 54.69s
2026-01-19 03:07:39,644 | INFO | Batch 50 | Loss: 0.0642 | Correct: 127/128 | Elapsed Time: 54.66s
2026-01-19 03:08:34,289 | INFO | Batch 60 | Loss: 0.0409 | Correct: 128/128 | Elapsed Time: 54.64s
2026-01-19 03:09:28,990 | INFO | Batch 70 | Loss: 0.0880 | Correct: 125/128 | Elapsed Time: 54.70s
2026-01-19 03:10:23,613 | INFO | Batch 80 | Loss: 0.0512 | Correct: 128/128 | Elapsed Time: 54.62s
2026-01-19 03:11:18,257 | INFO | Batch 90 | Loss: 0.1329 | Correct: 123/128 | Elapsed Time: 54.64s
2026-01-19 03:12:13,056 | INFO | Batch 100 | Loss: 0.0753 | Correct: 126/128 | Elapsed Time: 54.80s
2026-01-19 03:13:07,827 | INFO | Batch 110 | Loss: 0.1309 | Correct: 122/128 | Elapsed Time: 54.77s
2026-01-19 03:14:02,488 | INFO | Batch 120 | Loss: 0.1178 | Correct: 124/128 | Elapsed Time: 54.66s
2026-01-19 03:14:57,202 | INFO | Batch 130 | Loss: 0.0634 | Correct: 128/128 | Elapsed Time: 54.71s
2026-01-19 03:15:51,926 | INFO | Batch 140 | Loss: 0.1204 | Correct: 124/128 | Elapsed Time: 54.72s
2026-01-19 03:16:46,612 | INFO | Batch 150 | Loss: 0.0634 | Correct: 126/128 | Elapsed Time: 54.69s
2026-01-19 03:17:41,273 | INFO | Batch 160 | Loss: 0.0706 | Correct: 126/128 | Elapsed Time: 54.66s
2026-01-19 03:18:35,958 | INFO | Batch 170 | Loss: 0.0946 | Correct: 124/128 | Elapsed Time: 54.69s
2026-01-19 03:19:30,723 | INFO | Batch 180 | Loss: 0.1058 | Correct: 125/128 | Elapsed Time: 54.76s
2026-01-19 03:20:25,416 | INFO | Batch 190 | Loss: 0.1902 | Correct: 121/128 | Elapsed Time: 54.69s
2026-01-19 03:21:20,103 | INFO | Batch 200 | Loss: 0.0842 | Correct: 126/128 | Elapsed Time: 54.69s
2026-01-19 03:22:14,785 | INFO | Batch 210 | Loss: 0.0705 | Correct: 126/128 | Elapsed Time: 54.68s
2026-01-19 03:23:09,449 | INFO | Batch 220 | Loss: 0.0759 | Correct: 126/128 | Elapsed Time: 54.66s
2026-01-19 03:24:04,129 | INFO | Batch 230 | Loss: 0.0865 | Correct: 126/128 | Elapsed Time: 54.68s
2026-01-19 03:24:58,819 | INFO | Batch 240 | Loss: 0.0718 | Correct: 126/128 | Elapsed Time: 54.69s
2026-01-19 03:25:53,729 | INFO | Batch 250 | Loss: 0.0876 | Correct: 125/128 | Elapsed Time: 54.91s
2026-01-19 03:26:48,510 | INFO | Batch 260 | Loss: 0.1067 | Correct: 125/128 | Elapsed Time: 54.78s
2026-01-19 03:27:43,195 | INFO | Batch 270 | Loss: 0.0780 | Correct: 126/128 | Elapsed Time: 54.68s
2026-01-19 03:28:37,878 | INFO | Batch 280 | Loss: 0.1037 | Correct: 126/128 | Elapsed Time: 54.68s
2026-01-19 03:29:32,540 | INFO | Batch 290 | Loss: 0.0774 | Correct: 125/128 | Elapsed Time: 54.66s
2026-01-19 03:30:27,206 | INFO | Batch 300 | Loss: 0.0803 | Correct: 127/128 | Elapsed Time: 54.67s
2026-01-19 03:31:21,866 | INFO | Batch 310 | Loss: 0.0796 | Correct: 128/128 | Elapsed Time: 54.66s
2026-01-19 03:32:16,570 | INFO | Batch 320 | Loss: 0.0978 | Correct: 125/128 | Elapsed Time: 54.70s
2026-01-19 03:33:11,313 | INFO | Batch 330 | Loss: 0.0742 | Correct: 127/128 | Elapsed Time: 54.74s
2026-01-19 03:34:05,957 | INFO | Batch 340 | Loss: 0.0734 | Correct: 126/128 | Elapsed Time: 54.64s
2026-01-19 03:35:00,618 | INFO | Batch 350 | Loss: 0.0800 | Correct: 124/128 | Elapsed Time: 54.66s
2026-01-19 03:35:55,347 | INFO | Batch 360 | Loss: 0.0558 | Correct: 127/128 | Elapsed Time: 54.73s
2026-01-19 03:36:50,066 | INFO | Batch 370 | Loss: 0.0528 | Correct: 126/128 | Elapsed Time: 54.72s
2026-01-19 03:37:44,780 | INFO | Batch 380 | Loss: 0.1165 | Correct: 123/128 | Elapsed Time: 54.71s
2026-01-19 03:38:39,519 | INFO | Batch 390 | Loss: 0.0662 | Correct: 126/128 | Elapsed Time: 54.74s
2026-01-19 03:38:43,034 | INFO | Epoch [87/100] - Loss: 0.0850 | Correct: 49110/50000 (98.22%, 2136.96s)
2026-01-19 03:41:36,934 | INFO | Validation - Loss: 1.6410 | Top1: 6344/10000 (63.44%) | Top5: 8664/10000 (86.64%) (173.90s)
2026-01-19 03:42:31,694 | INFO | Batch 10 | Loss: 0.1116 | Correct: 125/128 | Elapsed Time: 54.76s
2026-01-19 03:43:26,400 | INFO | Batch 20 | Loss: 0.0727 | Correct: 126/128 | Elapsed Time: 54.71s
2026-01-19 03:44:21,137 | INFO | Batch 30 | Loss: 0.0754 | Correct: 125/128 | Elapsed Time: 54.74s
2026-01-19 03:45:15,884 | INFO | Batch 40 | Loss: 0.0662 | Correct: 128/128 | Elapsed Time: 54.75s
2026-01-19 03:46:10,583 | INFO | Batch 50 | Loss: 0.0660 | Correct: 127/128 | Elapsed Time: 54.70s
2026-01-19 03:47:05,309 | INFO | Batch 60 | Loss: 0.0485 | Correct: 128/128 | Elapsed Time: 54.73s
2026-01-19 03:48:00,030 | INFO | Batch 70 | Loss: 0.0973 | Correct: 126/128 | Elapsed Time: 54.72s
2026-01-19 03:48:54,855 | INFO | Batch 80 | Loss: 0.0950 | Correct: 126/128 | Elapsed Time: 54.82s
2026-01-19 03:49:49,591 | INFO | Batch 90 | Loss: 0.0771 | Correct: 126/128 | Elapsed Time: 54.74s
2026-01-19 03:50:44,294 | INFO | Batch 100 | Loss: 0.0725 | Correct: 126/128 | Elapsed Time: 54.70s
2026-01-19 03:51:39,017 | INFO | Batch 110 | Loss: 0.1071 | Correct: 124/128 | Elapsed Time: 54.72s
2026-01-19 03:52:33,743 | INFO | Batch 120 | Loss: 0.0827 | Correct: 125/128 | Elapsed Time: 54.73s
2026-01-19 03:53:28,444 | INFO | Batch 130 | Loss: 0.0530 | Correct: 128/128 | Elapsed Time: 54.70s
2026-01-19 03:54:23,170 | INFO | Batch 140 | Loss: 0.1372 | Correct: 124/128 | Elapsed Time: 54.73s
2026-01-19 03:55:17,989 | INFO | Batch 150 | Loss: 0.0923 | Correct: 125/128 | Elapsed Time: 54.82s
2026-01-19 03:56:12,832 | INFO | Batch 160 | Loss: 0.0947 | Correct: 125/128 | Elapsed Time: 54.84s
2026-01-19 03:57:07,604 | INFO | Batch 170 | Loss: 0.1170 | Correct: 123/128 | Elapsed Time: 54.77s
2026-01-19 03:58:02,318 | INFO | Batch 180 | Loss: 0.0897 | Correct: 126/128 | Elapsed Time: 54.71s
2026-01-19 03:58:57,069 | INFO | Batch 190 | Loss: 0.0638 | Correct: 128/128 | Elapsed Time: 54.75s
2026-01-19 03:59:51,779 | INFO | Batch 200 | Loss: 0.0876 | Correct: 125/128 | Elapsed Time: 54.71s
2026-01-19 04:00:46,468 | INFO | Batch 210 | Loss: 0.1194 | Correct: 125/128 | Elapsed Time: 54.69s
2026-01-19 04:01:41,171 | INFO | Batch 220 | Loss: 0.0663 | Correct: 127/128 | Elapsed Time: 54.70s
2026-01-19 04:02:36,007 | INFO | Batch 230 | Loss: 0.1191 | Correct: 126/128 | Elapsed Time: 54.84s
2026-01-19 04:03:30,752 | INFO | Batch 240 | Loss: 0.0793 | Correct: 126/128 | Elapsed Time: 54.74s
2026-01-19 04:04:25,420 | INFO | Batch 250 | Loss: 0.1004 | Correct: 124/128 | Elapsed Time: 54.67s
2026-01-19 04:05:20,334 | INFO | Batch 260 | Loss: 0.0415 | Correct: 128/128 | Elapsed Time: 54.91s
2026-01-19 04:06:15,009 | INFO | Batch 270 | Loss: 0.1113 | Correct: 124/128 | Elapsed Time: 54.68s
2026-01-19 04:07:09,752 | INFO | Batch 280 | Loss: 0.0938 | Correct: 126/128 | Elapsed Time: 54.74s
2026-01-19 04:08:04,490 | INFO | Batch 290 | Loss: 0.0769 | Correct: 126/128 | Elapsed Time: 54.74s
2026-01-19 04:08:59,269 | INFO | Batch 300 | Loss: 0.0550 | Correct: 127/128 | Elapsed Time: 54.78s
2026-01-19 04:09:54,053 | INFO | Batch 310 | Loss: 0.0781 | Correct: 127/128 | Elapsed Time: 54.78s
2026-01-19 04:10:48,784 | INFO | Batch 320 | Loss: 0.0851 | Correct: 126/128 | Elapsed Time: 54.73s
2026-01-19 04:11:43,471 | INFO | Batch 330 | Loss: 0.0897 | Correct: 125/128 | Elapsed Time: 54.69s
2026-01-19 04:12:38,232 | INFO | Batch 340 | Loss: 0.1024 | Correct: 125/128 | Elapsed Time: 54.76s
2026-01-19 04:13:32,961 | INFO | Batch 350 | Loss: 0.0773 | Correct: 126/128 | Elapsed Time: 54.73s
2026-01-19 04:14:27,684 | INFO | Batch 360 | Loss: 0.0880 | Correct: 125/128 | Elapsed Time: 54.72s
2026-01-19 04:15:22,422 | INFO | Batch 370 | Loss: 0.0634 | Correct: 127/128 | Elapsed Time: 54.74s
2026-01-19 04:16:17,143 | INFO | Batch 380 | Loss: 0.0965 | Correct: 126/128 | Elapsed Time: 54.72s
2026-01-19 04:17:12,018 | INFO | Batch 390 | Loss: 0.1433 | Correct: 126/128 | Elapsed Time: 54.87s
2026-01-19 04:17:15,546 | INFO | Epoch [88/100] - Loss: 0.0857 | Correct: 49130/50000 (98.26%, 2138.61s)
2026-01-19 04:20:09,352 | INFO | Validation - Loss: 1.6467 | Top1: 6346/10000 (63.46%) | Top5: 8678/10000 (86.78%) (173.80s)
2026-01-19 04:21:04,110 | INFO | Batch 10 | Loss: 0.1074 | Correct: 125/128 | Elapsed Time: 54.75s
2026-01-19 04:21:58,838 | INFO | Batch 20 | Loss: 0.0762 | Correct: 127/128 | Elapsed Time: 54.73s
2026-01-19 04:22:53,582 | INFO | Batch 30 | Loss: 0.1081 | Correct: 124/128 | Elapsed Time: 54.74s
2026-01-19 04:23:48,304 | INFO | Batch 40 | Loss: 0.1302 | Correct: 123/128 | Elapsed Time: 54.72s
2026-01-19 04:24:43,006 | INFO | Batch 50 | Loss: 0.0568 | Correct: 128/128 | Elapsed Time: 54.70s
2026-01-19 04:25:37,987 | INFO | Batch 60 | Loss: 0.1410 | Correct: 123/128 | Elapsed Time: 54.98s
2026-01-19 04:26:32,810 | INFO | Batch 70 | Loss: 0.0681 | Correct: 127/128 | Elapsed Time: 54.82s
2026-01-19 04:27:27,510 | INFO | Batch 80 | Loss: 0.0572 | Correct: 127/128 | Elapsed Time: 54.70s
2026-01-19 04:28:22,254 | INFO | Batch 90 | Loss: 0.1186 | Correct: 125/128 | Elapsed Time: 54.74s
2026-01-19 04:29:17,016 | INFO | Batch 100 | Loss: 0.1079 | Correct: 124/128 | Elapsed Time: 54.76s
2026-01-19 04:30:11,700 | INFO | Batch 110 | Loss: 0.1011 | Correct: 125/128 | Elapsed Time: 54.68s
2026-01-19 04:31:06,419 | INFO | Batch 120 | Loss: 0.0978 | Correct: 124/128 | Elapsed Time: 54.72s
2026-01-19 04:32:01,083 | INFO | Batch 130 | Loss: 0.0784 | Correct: 125/128 | Elapsed Time: 54.66s
2026-01-19 04:32:55,902 | INFO | Batch 140 | Loss: 0.1024 | Correct: 125/128 | Elapsed Time: 54.82s
2026-01-19 04:33:50,587 | INFO | Batch 150 | Loss: 0.0672 | Correct: 127/128 | Elapsed Time: 54.69s
2026-01-19 04:34:45,295 | INFO | Batch 160 | Loss: 0.1113 | Correct: 123/128 | Elapsed Time: 54.71s
2026-01-19 04:35:40,070 | INFO | Batch 170 | Loss: 0.1122 | Correct: 124/128 | Elapsed Time: 54.78s
2026-01-19 04:36:34,796 | INFO | Batch 180 | Loss: 0.1151 | Correct: 125/128 | Elapsed Time: 54.73s
2026-01-19 04:37:29,499 | INFO | Batch 190 | Loss: 0.0731 | Correct: 125/128 | Elapsed Time: 54.70s
2026-01-19 04:38:24,199 | INFO | Batch 200 | Loss: 0.0550 | Correct: 128/128 | Elapsed Time: 54.70s
2026-01-19 04:39:18,946 | INFO | Batch 210 | Loss: 0.0956 | Correct: 125/128 | Elapsed Time: 54.75s
2026-01-19 04:40:13,748 | INFO | Batch 220 | Loss: 0.0584 | Correct: 128/128 | Elapsed Time: 54.80s
2026-01-19 04:41:08,414 | INFO | Batch 230 | Loss: 0.0924 | Correct: 126/128 | Elapsed Time: 54.67s
2026-01-19 04:42:03,106 | INFO | Batch 240 | Loss: 0.0547 | Correct: 127/128 | Elapsed Time: 54.69s
2026-01-19 04:42:57,777 | INFO | Batch 250 | Loss: 0.1148 | Correct: 124/128 | Elapsed Time: 54.67s
2026-01-19 04:43:52,452 | INFO | Batch 260 | Loss: 0.0705 | Correct: 126/128 | Elapsed Time: 54.67s
2026-01-19 04:44:47,180 | INFO | Batch 270 | Loss: 0.0623 | Correct: 126/128 | Elapsed Time: 54.73s
2026-01-19 04:45:42,001 | INFO | Batch 280 | Loss: 0.0928 | Correct: 126/128 | Elapsed Time: 54.82s
2026-01-19 04:46:36,670 | INFO | Batch 290 | Loss: 0.0817 | Correct: 126/128 | Elapsed Time: 54.67s
2026-01-19 04:47:31,444 | INFO | Batch 300 | Loss: 0.0764 | Correct: 127/128 | Elapsed Time: 54.77s
2026-01-19 04:48:26,122 | INFO | Batch 310 | Loss: 0.0571 | Correct: 127/128 | Elapsed Time: 54.68s
2026-01-19 04:49:20,793 | INFO | Batch 320 | Loss: 0.0768 | Correct: 126/128 | Elapsed Time: 54.67s
2026-01-19 04:50:15,472 | INFO | Batch 330 | Loss: 0.0433 | Correct: 127/128 | Elapsed Time: 54.68s
2026-01-19 04:51:10,117 | INFO | Batch 340 | Loss: 0.0749 | Correct: 127/128 | Elapsed Time: 54.64s
2026-01-19 04:52:04,817 | INFO | Batch 350 | Loss: 0.0603 | Correct: 128/128 | Elapsed Time: 54.70s
2026-01-19 04:52:59,487 | INFO | Batch 360 | Loss: 0.0742 | Correct: 126/128 | Elapsed Time: 54.67s
2026-01-19 04:53:54,257 | INFO | Batch 370 | Loss: 0.1020 | Correct: 124/128 | Elapsed Time: 54.77s
2026-01-19 04:54:48,904 | INFO | Batch 380 | Loss: 0.1089 | Correct: 124/128 | Elapsed Time: 54.65s
2026-01-19 04:55:43,807 | INFO | Batch 390 | Loss: 0.1065 | Correct: 124/128 | Elapsed Time: 54.90s
2026-01-19 04:55:47,323 | INFO | Epoch [89/100] - Loss: 0.0857 | Correct: 49109/50000 (98.22%, 2137.97s)
2026-01-19 04:58:41,155 | INFO | Validation - Loss: 1.6426 | Top1: 6349/10000 (63.49%) | Top5: 8656/10000 (86.56%) (173.83s)
2026-01-19 04:59:35,892 | INFO | Batch 10 | Loss: 0.1128 | Correct: 122/128 | Elapsed Time: 54.73s
2026-01-19 05:00:30,638 | INFO | Batch 20 | Loss: 0.0813 | Correct: 124/128 | Elapsed Time: 54.75s
2026-01-19 05:01:25,335 | INFO | Batch 30 | Loss: 0.0624 | Correct: 126/128 | Elapsed Time: 54.70s
2026-01-19 05:02:20,042 | INFO | Batch 40 | Loss: 0.0942 | Correct: 127/128 | Elapsed Time: 54.71s
2026-01-19 05:03:14,901 | INFO | Batch 50 | Loss: 0.0533 | Correct: 127/128 | Elapsed Time: 54.86s
2026-01-19 05:04:09,606 | INFO | Batch 60 | Loss: 0.0710 | Correct: 127/128 | Elapsed Time: 54.71s
2026-01-19 05:05:04,389 | INFO | Batch 70 | Loss: 0.0762 | Correct: 126/128 | Elapsed Time: 54.78s
2026-01-19 05:05:59,150 | INFO | Batch 80 | Loss: 0.1482 | Correct: 122/128 | Elapsed Time: 54.76s
2026-01-19 05:06:53,876 | INFO | Batch 90 | Loss: 0.0950 | Correct: 126/128 | Elapsed Time: 54.73s
2026-01-19 05:07:48,560 | INFO | Batch 100 | Loss: 0.0695 | Correct: 126/128 | Elapsed Time: 54.68s
2026-01-19 05:08:43,261 | INFO | Batch 110 | Loss: 0.0492 | Correct: 128/128 | Elapsed Time: 54.70s
2026-01-19 05:09:37,977 | INFO | Batch 120 | Loss: 0.1134 | Correct: 124/128 | Elapsed Time: 54.72s
2026-01-19 05:10:32,820 | INFO | Batch 130 | Loss: 0.0595 | Correct: 127/128 | Elapsed Time: 54.84s
2026-01-19 05:11:27,507 | INFO | Batch 140 | Loss: 0.0840 | Correct: 126/128 | Elapsed Time: 54.69s
2026-01-19 05:12:22,270 | INFO | Batch 150 | Loss: 0.1024 | Correct: 126/128 | Elapsed Time: 54.76s
2026-01-19 05:13:16,993 | INFO | Batch 160 | Loss: 0.0744 | Correct: 127/128 | Elapsed Time: 54.72s
2026-01-19 05:14:11,695 | INFO | Batch 170 | Loss: 0.0790 | Correct: 124/128 | Elapsed Time: 54.70s
2026-01-19 05:15:06,443 | INFO | Batch 180 | Loss: 0.0807 | Correct: 126/128 | Elapsed Time: 54.75s
2026-01-19 05:16:01,176 | INFO | Batch 190 | Loss: 0.0807 | Correct: 126/128 | Elapsed Time: 54.73s
2026-01-19 05:16:55,865 | INFO | Batch 200 | Loss: 0.0512 | Correct: 128/128 | Elapsed Time: 54.69s
2026-01-19 05:17:50,742 | INFO | Batch 210 | Loss: 0.0647 | Correct: 126/128 | Elapsed Time: 54.88s
2026-01-19 05:18:45,452 | INFO | Batch 220 | Loss: 0.0655 | Correct: 127/128 | Elapsed Time: 54.71s
2026-01-19 05:19:40,214 | INFO | Batch 230 | Loss: 0.1290 | Correct: 124/128 | Elapsed Time: 54.76s
2026-01-19 05:20:34,911 | INFO | Batch 240 | Loss: 0.0663 | Correct: 128/128 | Elapsed Time: 54.70s
2026-01-19 05:21:29,654 | INFO | Batch 250 | Loss: 0.0654 | Correct: 127/128 | Elapsed Time: 54.74s
2026-01-19 05:22:24,422 | INFO | Batch 260 | Loss: 0.0727 | Correct: 127/128 | Elapsed Time: 54.77s
2026-01-19 05:23:19,139 | INFO | Batch 270 | Loss: 0.0611 | Correct: 126/128 | Elapsed Time: 54.72s
2026-01-19 05:24:14,001 | INFO | Batch 280 | Loss: 0.0734 | Correct: 127/128 | Elapsed Time: 54.86s
2026-01-19 05:25:08,803 | INFO | Batch 290 | Loss: 0.0633 | Correct: 127/128 | Elapsed Time: 54.80s
2026-01-19 05:26:03,538 | INFO | Batch 300 | Loss: 0.1186 | Correct: 124/128 | Elapsed Time: 54.74s
2026-01-19 05:26:58,285 | INFO | Batch 310 | Loss: 0.0793 | Correct: 126/128 | Elapsed Time: 54.75s
2026-01-19 05:27:53,012 | INFO | Batch 320 | Loss: 0.0887 | Correct: 126/128 | Elapsed Time: 54.73s
2026-01-19 05:28:47,734 | INFO | Batch 330 | Loss: 0.0673 | Correct: 127/128 | Elapsed Time: 54.72s
2026-01-19 05:29:42,420 | INFO | Batch 340 | Loss: 0.0890 | Correct: 126/128 | Elapsed Time: 54.69s
2026-01-19 05:30:37,134 | INFO | Batch 350 | Loss: 0.0562 | Correct: 127/128 | Elapsed Time: 54.71s
2026-01-19 05:31:31,961 | INFO | Batch 360 | Loss: 0.0527 | Correct: 128/128 | Elapsed Time: 54.83s
2026-01-19 05:32:26,689 | INFO | Batch 370 | Loss: 0.0622 | Correct: 127/128 | Elapsed Time: 54.73s
2026-01-19 05:33:21,424 | INFO | Batch 380 | Loss: 0.0462 | Correct: 128/128 | Elapsed Time: 54.74s
2026-01-19 05:34:16,110 | INFO | Batch 390 | Loss: 0.0652 | Correct: 127/128 | Elapsed Time: 54.69s
2026-01-19 05:34:19,615 | INFO | Epoch [90/100] - Loss: 0.0837 | Correct: 49162/50000 (98.32%, 2138.46s)
2026-01-19 05:37:13,305 | INFO | Validation - Loss: 1.6401 | Top1: 6350/10000 (63.50%) | Top5: 8682/10000 (86.82%) (173.69s)
2026-01-19 05:38:08,054 | INFO | Batch 10 | Loss: 0.1395 | Correct: 123/128 | Elapsed Time: 54.74s
2026-01-19 05:39:02,768 | INFO | Batch 20 | Loss: 0.1024 | Correct: 126/128 | Elapsed Time: 54.71s
2026-01-19 05:39:57,519 | INFO | Batch 30 | Loss: 0.1076 | Correct: 125/128 | Elapsed Time: 54.75s
2026-01-19 05:40:52,262 | INFO | Batch 40 | Loss: 0.0498 | Correct: 126/128 | Elapsed Time: 54.74s
2026-01-19 05:41:46,964 | INFO | Batch 50 | Loss: 0.1157 | Correct: 124/128 | Elapsed Time: 54.70s
2026-01-19 05:42:41,671 | INFO | Batch 60 | Loss: 0.0759 | Correct: 127/128 | Elapsed Time: 54.71s
2026-01-19 05:43:36,330 | INFO | Batch 70 | Loss: 0.0793 | Correct: 125/128 | Elapsed Time: 54.66s
2026-01-19 05:44:30,998 | INFO | Batch 80 | Loss: 0.0579 | Correct: 128/128 | Elapsed Time: 54.67s
2026-01-19 05:45:25,847 | INFO | Batch 90 | Loss: 0.1022 | Correct: 125/128 | Elapsed Time: 54.85s
2026-01-19 05:46:20,672 | INFO | Batch 100 | Loss: 0.0654 | Correct: 127/128 | Elapsed Time: 54.82s
2026-01-19 05:47:15,374 | INFO | Batch 110 | Loss: 0.1058 | Correct: 125/128 | Elapsed Time: 54.70s
2026-01-19 05:48:10,098 | INFO | Batch 120 | Loss: 0.0828 | Correct: 125/128 | Elapsed Time: 54.72s
2026-01-19 05:49:04,787 | INFO | Batch 130 | Loss: 0.0699 | Correct: 126/128 | Elapsed Time: 54.69s
2026-01-19 05:49:59,508 | INFO | Batch 140 | Loss: 0.0450 | Correct: 128/128 | Elapsed Time: 54.72s
2026-01-19 05:50:54,230 | INFO | Batch 150 | Loss: 0.0523 | Correct: 128/128 | Elapsed Time: 54.72s
2026-01-19 05:51:48,948 | INFO | Batch 160 | Loss: 0.0746 | Correct: 125/128 | Elapsed Time: 54.72s
2026-01-19 05:52:43,735 | INFO | Batch 170 | Loss: 0.1051 | Correct: 125/128 | Elapsed Time: 54.79s
2026-01-19 05:53:38,579 | INFO | Batch 180 | Loss: 0.0972 | Correct: 126/128 | Elapsed Time: 54.84s
2026-01-19 05:54:33,333 | INFO | Batch 190 | Loss: 0.0951 | Correct: 127/128 | Elapsed Time: 54.75s
2026-01-19 05:55:28,184 | INFO | Batch 200 | Loss: 0.0539 | Correct: 127/128 | Elapsed Time: 54.85s
2026-01-19 05:56:22,900 | INFO | Batch 210 | Loss: 0.1004 | Correct: 126/128 | Elapsed Time: 54.72s
2026-01-19 05:57:17,608 | INFO | Batch 220 | Loss: 0.0842 | Correct: 125/128 | Elapsed Time: 54.71s
2026-01-19 05:58:12,339 | INFO | Batch 230 | Loss: 0.0859 | Correct: 125/128 | Elapsed Time: 54.73s
2026-01-19 05:59:07,068 | INFO | Batch 240 | Loss: 0.0854 | Correct: 126/128 | Elapsed Time: 54.73s
2026-01-19 06:00:01,836 | INFO | Batch 250 | Loss: 0.1022 | Correct: 125/128 | Elapsed Time: 54.77s
2026-01-19 06:00:56,676 | INFO | Batch 260 | Loss: 0.0759 | Correct: 128/128 | Elapsed Time: 54.84s
2026-01-19 06:01:51,419 | INFO | Batch 270 | Loss: 0.1116 | Correct: 125/128 | Elapsed Time: 54.74s
2026-01-19 06:02:46,178 | INFO | Batch 280 | Loss: 0.0880 | Correct: 126/128 | Elapsed Time: 54.76s
2026-01-19 06:03:40,936 | INFO | Batch 290 | Loss: 0.0827 | Correct: 125/128 | Elapsed Time: 54.76s
2026-01-19 06:04:35,647 | INFO | Batch 300 | Loss: 0.0625 | Correct: 126/128 | Elapsed Time: 54.71s
2026-01-19 06:05:30,428 | INFO | Batch 310 | Loss: 0.1098 | Correct: 125/128 | Elapsed Time: 54.78s
2026-01-19 06:06:25,128 | INFO | Batch 320 | Loss: 0.0485 | Correct: 128/128 | Elapsed Time: 54.70s
2026-01-19 06:07:19,910 | INFO | Batch 330 | Loss: 0.0912 | Correct: 125/128 | Elapsed Time: 54.78s
2026-01-19 06:08:14,617 | INFO | Batch 340 | Loss: 0.0544 | Correct: 127/128 | Elapsed Time: 54.71s
2026-01-19 06:09:09,318 | INFO | Batch 350 | Loss: 0.1156 | Correct: 124/128 | Elapsed Time: 54.70s
2026-01-19 06:10:04,009 | INFO | Batch 360 | Loss: 0.0788 | Correct: 127/128 | Elapsed Time: 54.69s
2026-01-19 06:10:58,703 | INFO | Batch 370 | Loss: 0.0812 | Correct: 125/128 | Elapsed Time: 54.69s
2026-01-19 06:11:53,410 | INFO | Batch 380 | Loss: 0.0585 | Correct: 128/128 | Elapsed Time: 54.71s
2026-01-19 06:12:48,068 | INFO | Batch 390 | Loss: 0.0707 | Correct: 127/128 | Elapsed Time: 54.66s
2026-01-19 06:12:51,582 | INFO | Epoch [91/100] - Loss: 0.0846 | Correct: 49103/50000 (98.21%, 2138.27s)
2026-01-19 06:15:45,188 | INFO | Validation - Loss: 1.6414 | Top1: 6327/10000 (63.27%) | Top5: 8668/10000 (86.68%) (173.61s)
2026-01-19 06:16:40,039 | INFO | Batch 10 | Loss: 0.1318 | Correct: 125/128 | Elapsed Time: 54.85s
2026-01-19 06:17:34,734 | INFO | Batch 20 | Loss: 0.0729 | Correct: 126/128 | Elapsed Time: 54.69s
2026-01-19 06:18:29,420 | INFO | Batch 30 | Loss: 0.0644 | Correct: 128/128 | Elapsed Time: 54.69s
2026-01-19 06:19:24,152 | INFO | Batch 40 | Loss: 0.0883 | Correct: 126/128 | Elapsed Time: 54.73s
2026-01-19 06:20:18,839 | INFO | Batch 50 | Loss: 0.1041 | Correct: 126/128 | Elapsed Time: 54.69s
2026-01-19 06:21:13,543 | INFO | Batch 60 | Loss: 0.0594 | Correct: 127/128 | Elapsed Time: 54.70s
2026-01-19 06:22:08,188 | INFO | Batch 70 | Loss: 0.0951 | Correct: 127/128 | Elapsed Time: 54.65s
2026-01-19 06:23:02,869 | INFO | Batch 80 | Loss: 0.0851 | Correct: 126/128 | Elapsed Time: 54.68s
2026-01-19 06:23:57,653 | INFO | Batch 90 | Loss: 0.0874 | Correct: 125/128 | Elapsed Time: 54.78s
2026-01-19 06:24:52,355 | INFO | Batch 100 | Loss: 0.0645 | Correct: 128/128 | Elapsed Time: 54.70s
2026-01-19 06:25:47,141 | INFO | Batch 110 | Loss: 0.0997 | Correct: 123/128 | Elapsed Time: 54.79s
2026-01-19 06:26:41,781 | INFO | Batch 120 | Loss: 0.0600 | Correct: 128/128 | Elapsed Time: 54.64s
2026-01-19 06:27:36,502 | INFO | Batch 130 | Loss: 0.0717 | Correct: 126/128 | Elapsed Time: 54.72s
2026-01-19 06:28:31,146 | INFO | Batch 140 | Loss: 0.1111 | Correct: 125/128 | Elapsed Time: 54.64s
2026-01-19 06:29:25,847 | INFO | Batch 150 | Loss: 0.0778 | Correct: 127/128 | Elapsed Time: 54.70s
2026-01-19 06:30:20,669 | INFO | Batch 160 | Loss: 0.0845 | Correct: 126/128 | Elapsed Time: 54.82s
2026-01-19 06:31:15,334 | INFO | Batch 170 | Loss: 0.0923 | Correct: 125/128 | Elapsed Time: 54.67s
2026-01-19 06:32:09,977 | INFO | Batch 180 | Loss: 0.1213 | Correct: 123/128 | Elapsed Time: 54.64s
2026-01-19 06:33:04,638 | INFO | Batch 190 | Loss: 0.1120 | Correct: 126/128 | Elapsed Time: 54.66s
2026-01-19 06:33:59,347 | INFO | Batch 200 | Loss: 0.1304 | Correct: 125/128 | Elapsed Time: 54.71s
2026-01-19 06:34:53,983 | INFO | Batch 210 | Loss: 0.1123 | Correct: 125/128 | Elapsed Time: 54.64s
2026-01-19 06:35:48,710 | INFO | Batch 220 | Loss: 0.0769 | Correct: 125/128 | Elapsed Time: 54.73s
2026-01-19 06:36:43,410 | INFO | Batch 230 | Loss: 0.0750 | Correct: 126/128 | Elapsed Time: 54.70s
2026-01-19 06:37:38,256 | INFO | Batch 240 | Loss: 0.1063 | Correct: 125/128 | Elapsed Time: 54.85s
2026-01-19 06:38:32,989 | INFO | Batch 250 | Loss: 0.0806 | Correct: 126/128 | Elapsed Time: 54.73s
2026-01-19 06:39:27,675 | INFO | Batch 260 | Loss: 0.0607 | Correct: 127/128 | Elapsed Time: 54.69s
2026-01-19 06:40:22,375 | INFO | Batch 270 | Loss: 0.0978 | Correct: 124/128 | Elapsed Time: 54.70s
2026-01-19 06:41:17,114 | INFO | Batch 280 | Loss: 0.0494 | Correct: 128/128 | Elapsed Time: 54.74s
2026-01-19 06:42:11,840 | INFO | Batch 290 | Loss: 0.0683 | Correct: 127/128 | Elapsed Time: 54.73s
2026-01-19 06:43:06,543 | INFO | Batch 300 | Loss: 0.1151 | Correct: 123/128 | Elapsed Time: 54.70s
2026-01-19 06:44:01,397 | INFO | Batch 310 | Loss: 0.0890 | Correct: 125/128 | Elapsed Time: 54.85s
2026-01-19 06:44:56,147 | INFO | Batch 320 | Loss: 0.0567 | Correct: 128/128 | Elapsed Time: 54.75s
2026-01-19 06:45:50,999 | INFO | Batch 330 | Loss: 0.0762 | Correct: 127/128 | Elapsed Time: 54.85s
2026-01-19 06:46:45,772 | INFO | Batch 340 | Loss: 0.1029 | Correct: 126/128 | Elapsed Time: 54.77s
2026-01-19 06:47:40,497 | INFO | Batch 350 | Loss: 0.1443 | Correct: 124/128 | Elapsed Time: 54.73s
2026-01-19 06:48:35,195 | INFO | Batch 360 | Loss: 0.0622 | Correct: 127/128 | Elapsed Time: 54.70s
2026-01-19 06:49:29,962 | INFO | Batch 370 | Loss: 0.0630 | Correct: 128/128 | Elapsed Time: 54.77s
2026-01-19 06:50:24,705 | INFO | Batch 380 | Loss: 0.0527 | Correct: 127/128 | Elapsed Time: 54.74s
2026-01-19 06:51:19,603 | INFO | Batch 390 | Loss: 0.0709 | Correct: 127/128 | Elapsed Time: 54.90s
2026-01-19 06:51:23,121 | INFO | Epoch [92/100] - Loss: 0.0868 | Correct: 49071/50000 (98.14%, 2137.93s)
2026-01-19 06:54:17,212 | INFO | Validation - Loss: 1.6467 | Top1: 6346/10000 (63.46%) | Top5: 8659/10000 (86.59%) (174.09s)
2026-01-19 06:55:12,069 | INFO | Batch 10 | Loss: 0.0768 | Correct: 126/128 | Elapsed Time: 54.85s
2026-01-19 06:56:06,855 | INFO | Batch 20 | Loss: 0.0769 | Correct: 127/128 | Elapsed Time: 54.79s
2026-01-19 06:57:01,621 | INFO | Batch 30 | Loss: 0.0824 | Correct: 126/128 | Elapsed Time: 54.77s
2026-01-19 06:57:56,361 | INFO | Batch 40 | Loss: 0.0700 | Correct: 125/128 | Elapsed Time: 54.74s
2026-01-19 06:58:51,102 | INFO | Batch 50 | Loss: 0.0730 | Correct: 126/128 | Elapsed Time: 54.74s
2026-01-19 06:59:45,892 | INFO | Batch 60 | Loss: 0.0968 | Correct: 124/128 | Elapsed Time: 54.79s
2026-01-19 07:00:40,750 | INFO | Batch 70 | Loss: 0.0732 | Correct: 126/128 | Elapsed Time: 54.86s
2026-01-19 07:01:35,547 | INFO | Batch 80 | Loss: 0.1079 | Correct: 125/128 | Elapsed Time: 54.80s
2026-01-19 07:02:30,353 | INFO | Batch 90 | Loss: 0.0974 | Correct: 125/128 | Elapsed Time: 54.81s
2026-01-19 07:03:25,184 | INFO | Batch 100 | Loss: 0.0611 | Correct: 127/128 | Elapsed Time: 54.83s
2026-01-19 07:04:19,959 | INFO | Batch 110 | Loss: 0.0938 | Correct: 124/128 | Elapsed Time: 54.77s
2026-01-19 07:05:14,909 | INFO | Batch 120 | Loss: 0.0907 | Correct: 124/128 | Elapsed Time: 54.95s
2026-01-19 07:06:09,684 | INFO | Batch 130 | Loss: 0.0556 | Correct: 128/128 | Elapsed Time: 54.78s
2026-01-19 07:07:04,347 | INFO | Batch 140 | Loss: 0.1011 | Correct: 123/128 | Elapsed Time: 54.66s
2026-01-19 07:07:59,200 | INFO | Batch 150 | Loss: 0.0619 | Correct: 127/128 | Elapsed Time: 54.85s
2026-01-19 07:08:53,905 | INFO | Batch 160 | Loss: 0.0672 | Correct: 126/128 | Elapsed Time: 54.71s
2026-01-19 07:09:48,675 | INFO | Batch 170 | Loss: 0.0693 | Correct: 126/128 | Elapsed Time: 54.77s
2026-01-19 07:10:43,471 | INFO | Batch 180 | Loss: 0.1113 | Correct: 126/128 | Elapsed Time: 54.80s
2026-01-19 07:11:38,217 | INFO | Batch 190 | Loss: 0.0550 | Correct: 127/128 | Elapsed Time: 54.75s
2026-01-19 07:12:32,958 | INFO | Batch 200 | Loss: 0.1189 | Correct: 123/128 | Elapsed Time: 54.74s
2026-01-19 07:13:27,688 | INFO | Batch 210 | Loss: 0.0638 | Correct: 126/128 | Elapsed Time: 54.73s
2026-01-19 07:14:22,426 | INFO | Batch 220 | Loss: 0.0617 | Correct: 126/128 | Elapsed Time: 54.74s
2026-01-19 07:15:17,303 | INFO | Batch 230 | Loss: 0.0771 | Correct: 127/128 | Elapsed Time: 54.88s
2026-01-19 07:16:12,065 | INFO | Batch 240 | Loss: 0.0840 | Correct: 127/128 | Elapsed Time: 54.76s
2026-01-19 07:17:06,865 | INFO | Batch 250 | Loss: 0.0998 | Correct: 126/128 | Elapsed Time: 54.80s
2026-01-19 07:18:01,589 | INFO | Batch 260 | Loss: 0.0625 | Correct: 127/128 | Elapsed Time: 54.72s
2026-01-19 07:18:56,351 | INFO | Batch 270 | Loss: 0.1080 | Correct: 126/128 | Elapsed Time: 54.76s
2026-01-19 07:19:51,097 | INFO | Batch 280 | Loss: 0.0691 | Correct: 125/128 | Elapsed Time: 54.75s
2026-01-19 07:20:45,801 | INFO | Batch 290 | Loss: 0.0889 | Correct: 125/128 | Elapsed Time: 54.70s
2026-01-19 07:21:40,603 | INFO | Batch 300 | Loss: 0.0645 | Correct: 127/128 | Elapsed Time: 54.80s
2026-01-19 07:22:35,325 | INFO | Batch 310 | Loss: 0.0430 | Correct: 128/128 | Elapsed Time: 54.72s
2026-01-19 07:23:30,007 | INFO | Batch 320 | Loss: 0.0883 | Correct: 124/128 | Elapsed Time: 54.68s
2026-01-19 07:24:24,750 | INFO | Batch 330 | Loss: 0.0853 | Correct: 125/128 | Elapsed Time: 54.74s
2026-01-19 07:25:19,535 | INFO | Batch 340 | Loss: 0.0741 | Correct: 127/128 | Elapsed Time: 54.78s
2026-01-19 07:26:14,337 | INFO | Batch 350 | Loss: 0.0984 | Correct: 124/128 | Elapsed Time: 54.80s
2026-01-19 07:27:09,098 | INFO | Batch 360 | Loss: 0.1016 | Correct: 126/128 | Elapsed Time: 54.76s
2026-01-19 07:28:03,848 | INFO | Batch 370 | Loss: 0.0485 | Correct: 128/128 | Elapsed Time: 54.75s
2026-01-19 07:28:58,684 | INFO | Batch 380 | Loss: 0.0725 | Correct: 126/128 | Elapsed Time: 54.84s
2026-01-19 07:29:53,462 | INFO | Batch 390 | Loss: 0.0936 | Correct: 125/128 | Elapsed Time: 54.78s
2026-01-19 07:29:56,977 | INFO | Epoch [93/100] - Loss: 0.0846 | Correct: 49122/50000 (98.24%, 2139.76s)
2026-01-19 07:32:50,966 | INFO | Validation - Loss: 1.6394 | Top1: 6335/10000 (63.35%) | Top5: 8685/10000 (86.85%) (173.99s)
2026-01-19 07:33:45,731 | INFO | Batch 10 | Loss: 0.0886 | Correct: 126/128 | Elapsed Time: 54.76s
2026-01-19 07:34:40,506 | INFO | Batch 20 | Loss: 0.1131 | Correct: 125/128 | Elapsed Time: 54.77s
2026-01-19 07:35:35,395 | INFO | Batch 30 | Loss: 0.1000 | Correct: 123/128 | Elapsed Time: 54.89s
2026-01-19 07:36:30,093 | INFO | Batch 40 | Loss: 0.1084 | Correct: 124/128 | Elapsed Time: 54.70s
2026-01-19 07:37:24,862 | INFO | Batch 50 | Loss: 0.0614 | Correct: 127/128 | Elapsed Time: 54.77s
2026-01-19 07:38:19,763 | INFO | Batch 60 | Loss: 0.0596 | Correct: 128/128 | Elapsed Time: 54.90s
2026-01-19 07:39:14,564 | INFO | Batch 70 | Loss: 0.0682 | Correct: 128/128 | Elapsed Time: 54.80s
2026-01-19 07:40:09,314 | INFO | Batch 80 | Loss: 0.0922 | Correct: 125/128 | Elapsed Time: 54.75s
2026-01-19 07:41:04,078 | INFO | Batch 90 | Loss: 0.0778 | Correct: 127/128 | Elapsed Time: 54.76s
2026-01-19 07:41:58,914 | INFO | Batch 100 | Loss: 0.0781 | Correct: 126/128 | Elapsed Time: 54.84s
2026-01-19 07:42:53,631 | INFO | Batch 110 | Loss: 0.0704 | Correct: 127/128 | Elapsed Time: 54.72s
2026-01-19 07:43:48,360 | INFO | Batch 120 | Loss: 0.0563 | Correct: 128/128 | Elapsed Time: 54.73s
2026-01-19 07:44:43,259 | INFO | Batch 130 | Loss: 0.1054 | Correct: 125/128 | Elapsed Time: 54.90s
2026-01-19 07:45:38,122 | INFO | Batch 140 | Loss: 0.0957 | Correct: 126/128 | Elapsed Time: 54.86s
2026-01-19 07:46:32,883 | INFO | Batch 150 | Loss: 0.1117 | Correct: 127/128 | Elapsed Time: 54.76s
2026-01-19 07:47:27,629 | INFO | Batch 160 | Loss: 0.0690 | Correct: 126/128 | Elapsed Time: 54.75s
2026-01-19 07:48:22,309 | INFO | Batch 170 | Loss: 0.0960 | Correct: 125/128 | Elapsed Time: 54.68s
2026-01-19 07:49:17,074 | INFO | Batch 180 | Loss: 0.1119 | Correct: 125/128 | Elapsed Time: 54.76s
2026-01-19 07:50:11,812 | INFO | Batch 190 | Loss: 0.1304 | Correct: 123/128 | Elapsed Time: 54.74s
2026-01-19 07:51:06,538 | INFO | Batch 200 | Loss: 0.1053 | Correct: 122/128 | Elapsed Time: 54.73s
2026-01-19 07:52:01,431 | INFO | Batch 210 | Loss: 0.0894 | Correct: 123/128 | Elapsed Time: 54.89s
2026-01-19 07:52:56,152 | INFO | Batch 220 | Loss: 0.0748 | Correct: 126/128 | Elapsed Time: 54.72s
2026-01-19 07:53:50,861 | INFO | Batch 230 | Loss: 0.1183 | Correct: 125/128 | Elapsed Time: 54.71s
2026-01-19 07:54:45,637 | INFO | Batch 240 | Loss: 0.1110 | Correct: 126/128 | Elapsed Time: 54.78s
2026-01-19 07:55:40,476 | INFO | Batch 250 | Loss: 0.0670 | Correct: 126/128 | Elapsed Time: 54.84s
2026-01-19 07:56:35,232 | INFO | Batch 260 | Loss: 0.1093 | Correct: 125/128 | Elapsed Time: 54.76s
2026-01-19 07:57:29,962 | INFO | Batch 270 | Loss: 0.1051 | Correct: 124/128 | Elapsed Time: 54.73s
2026-01-19 07:58:24,745 | INFO | Batch 280 | Loss: 0.0846 | Correct: 125/128 | Elapsed Time: 54.78s
2026-01-19 07:59:19,597 | INFO | Batch 290 | Loss: 0.0508 | Correct: 128/128 | Elapsed Time: 54.85s
2026-01-19 08:00:14,377 | INFO | Batch 300 | Loss: 0.0929 | Correct: 124/128 | Elapsed Time: 54.78s
2026-01-19 08:01:09,194 | INFO | Batch 310 | Loss: 0.0790 | Correct: 126/128 | Elapsed Time: 54.82s
2026-01-19 08:02:03,962 | INFO | Batch 320 | Loss: 0.0628 | Correct: 126/128 | Elapsed Time: 54.77s
2026-01-19 08:02:58,725 | INFO | Batch 330 | Loss: 0.1002 | Correct: 124/128 | Elapsed Time: 54.76s
2026-01-19 08:03:53,546 | INFO | Batch 340 | Loss: 0.0768 | Correct: 128/128 | Elapsed Time: 54.82s
2026-01-19 08:04:48,262 | INFO | Batch 350 | Loss: 0.0565 | Correct: 128/128 | Elapsed Time: 54.72s
2026-01-19 08:05:43,178 | INFO | Batch 360 | Loss: 0.0895 | Correct: 126/128 | Elapsed Time: 54.92s
2026-01-19 08:06:37,918 | INFO | Batch 370 | Loss: 0.0994 | Correct: 125/128 | Elapsed Time: 54.74s
2026-01-19 08:07:32,530 | INFO | Batch 380 | Loss: 0.1300 | Correct: 123/128 | Elapsed Time: 54.61s
2026-01-19 08:08:27,286 | INFO | Batch 390 | Loss: 0.0823 | Correct: 125/128 | Elapsed Time: 54.76s
2026-01-19 08:08:30,806 | INFO | Epoch [94/100] - Loss: 0.0856 | Correct: 49116/50000 (98.23%, 2139.84s)
2026-01-19 08:11:24,743 | INFO | Validation - Loss: 1.6510 | Top1: 6331/10000 (63.31%) | Top5: 8662/10000 (86.62%) (173.94s)
2026-01-19 08:12:19,571 | INFO | Batch 10 | Loss: 0.0706 | Correct: 126/128 | Elapsed Time: 54.82s
2026-01-19 08:13:14,314 | INFO | Batch 20 | Loss: 0.0902 | Correct: 126/128 | Elapsed Time: 54.74s
2026-01-19 08:14:09,157 | INFO | Batch 30 | Loss: 0.1233 | Correct: 125/128 | Elapsed Time: 54.84s
2026-01-19 08:15:03,936 | INFO | Batch 40 | Loss: 0.1277 | Correct: 125/128 | Elapsed Time: 54.78s
2026-01-19 08:15:58,880 | INFO | Batch 50 | Loss: 0.0755 | Correct: 127/128 | Elapsed Time: 54.94s
2026-01-19 08:16:53,626 | INFO | Batch 60 | Loss: 0.0846 | Correct: 125/128 | Elapsed Time: 54.75s
2026-01-19 08:17:48,344 | INFO | Batch 70 | Loss: 0.0896 | Correct: 126/128 | Elapsed Time: 54.72s
2026-01-19 08:18:43,092 | INFO | Batch 80 | Loss: 0.0671 | Correct: 127/128 | Elapsed Time: 54.75s
2026-01-19 08:19:37,805 | INFO | Batch 90 | Loss: 0.0843 | Correct: 126/128 | Elapsed Time: 54.71s
2026-01-19 08:20:32,501 | INFO | Batch 100 | Loss: 0.0697 | Correct: 127/128 | Elapsed Time: 54.70s
2026-01-19 08:21:27,355 | INFO | Batch 110 | Loss: 0.0784 | Correct: 126/128 | Elapsed Time: 54.85s
2026-01-19 08:22:22,104 | INFO | Batch 120 | Loss: 0.0526 | Correct: 127/128 | Elapsed Time: 54.75s
2026-01-19 08:23:16,881 | INFO | Batch 130 | Loss: 0.1005 | Correct: 125/128 | Elapsed Time: 54.78s
2026-01-19 08:24:11,650 | INFO | Batch 140 | Loss: 0.0965 | Correct: 127/128 | Elapsed Time: 54.77s
2026-01-19 08:25:06,409 | INFO | Batch 150 | Loss: 0.0769 | Correct: 126/128 | Elapsed Time: 54.76s
2026-01-19 08:26:01,184 | INFO | Batch 160 | Loss: 0.0657 | Correct: 127/128 | Elapsed Time: 54.78s
2026-01-19 08:26:55,891 | INFO | Batch 170 | Loss: 0.0616 | Correct: 128/128 | Elapsed Time: 54.71s
2026-01-19 08:27:50,812 | INFO | Batch 180 | Loss: 0.0619 | Correct: 128/128 | Elapsed Time: 54.92s
2026-01-19 08:28:45,645 | INFO | Batch 190 | Loss: 0.1038 | Correct: 124/128 | Elapsed Time: 54.83s
2026-01-19 08:29:40,435 | INFO | Batch 200 | Loss: 0.1152 | Correct: 124/128 | Elapsed Time: 54.79s
2026-01-19 08:30:35,162 | INFO | Batch 210 | Loss: 0.1199 | Correct: 124/128 | Elapsed Time: 54.73s
2026-01-19 08:31:30,040 | INFO | Batch 220 | Loss: 0.0729 | Correct: 126/128 | Elapsed Time: 54.88s
2026-01-19 08:32:24,805 | INFO | Batch 230 | Loss: 0.0772 | Correct: 127/128 | Elapsed Time: 54.76s
2026-01-19 08:33:19,548 | INFO | Batch 240 | Loss: 0.0782 | Correct: 127/128 | Elapsed Time: 54.74s
2026-01-19 08:34:14,255 | INFO | Batch 250 | Loss: 0.1070 | Correct: 125/128 | Elapsed Time: 54.71s
2026-01-19 08:35:09,090 | INFO | Batch 260 | Loss: 0.1151 | Correct: 125/128 | Elapsed Time: 54.83s
2026-01-19 08:36:03,897 | INFO | Batch 270 | Loss: 0.0719 | Correct: 127/128 | Elapsed Time: 54.81s
2026-01-19 08:36:58,615 | INFO | Batch 280 | Loss: 0.0523 | Correct: 128/128 | Elapsed Time: 54.72s
2026-01-19 08:37:53,317 | INFO | Batch 290 | Loss: 0.0632 | Correct: 125/128 | Elapsed Time: 54.70s
2026-01-19 08:38:48,079 | INFO | Batch 300 | Loss: 0.1330 | Correct: 125/128 | Elapsed Time: 54.76s
2026-01-19 08:39:42,780 | INFO | Batch 310 | Loss: 0.1225 | Correct: 123/128 | Elapsed Time: 54.70s
2026-01-19 08:40:37,504 | INFO | Batch 320 | Loss: 0.0908 | Correct: 126/128 | Elapsed Time: 54.72s
2026-01-19 08:41:32,249 | INFO | Batch 330 | Loss: 0.0851 | Correct: 126/128 | Elapsed Time: 54.75s
2026-01-19 08:42:27,150 | INFO | Batch 340 | Loss: 0.0679 | Correct: 127/128 | Elapsed Time: 54.90s
2026-01-19 08:43:21,900 | INFO | Batch 350 | Loss: 0.0611 | Correct: 127/128 | Elapsed Time: 54.75s
2026-01-19 08:44:16,641 | INFO | Batch 360 | Loss: 0.0861 | Correct: 126/128 | Elapsed Time: 54.74s
2026-01-19 08:45:11,400 | INFO | Batch 370 | Loss: 0.0856 | Correct: 127/128 | Elapsed Time: 54.76s
2026-01-19 08:46:06,201 | INFO | Batch 380 | Loss: 0.1037 | Correct: 126/128 | Elapsed Time: 54.80s
2026-01-19 08:47:00,901 | INFO | Batch 390 | Loss: 0.0524 | Correct: 128/128 | Elapsed Time: 54.70s
2026-01-19 08:47:04,436 | INFO | Epoch [95/100] - Loss: 0.0839 | Correct: 49115/50000 (98.23%, 2139.69s)
2026-01-19 08:49:58,459 | INFO | Validation - Loss: 1.6450 | Top1: 6356/10000 (63.56%) | Top5: 8661/10000 (86.61%) (174.02s)
2026-01-19 08:50:53,385 | INFO | Batch 10 | Loss: 0.0704 | Correct: 127/128 | Elapsed Time: 54.92s
2026-01-19 08:51:48,111 | INFO | Batch 20 | Loss: 0.1205 | Correct: 124/128 | Elapsed Time: 54.73s
2026-01-19 08:52:42,794 | INFO | Batch 30 | Loss: 0.0559 | Correct: 128/128 | Elapsed Time: 54.68s
2026-01-19 08:53:37,517 | INFO | Batch 40 | Loss: 0.0742 | Correct: 126/128 | Elapsed Time: 54.72s
2026-01-19 08:54:32,240 | INFO | Batch 50 | Loss: 0.0937 | Correct: 123/128 | Elapsed Time: 54.72s
2026-01-19 08:55:27,160 | INFO | Batch 60 | Loss: 0.0840 | Correct: 127/128 | Elapsed Time: 54.92s
2026-01-19 08:56:21,923 | INFO | Batch 70 | Loss: 0.1453 | Correct: 124/128 | Elapsed Time: 54.76s
2026-01-19 08:57:16,693 | INFO | Batch 80 | Loss: 0.1257 | Correct: 124/128 | Elapsed Time: 54.77s
2026-01-19 08:58:11,609 | INFO | Batch 90 | Loss: 0.0877 | Correct: 125/128 | Elapsed Time: 54.92s
2026-01-19 08:59:06,308 | INFO | Batch 100 | Loss: 0.1086 | Correct: 125/128 | Elapsed Time: 54.70s
2026-01-19 09:00:01,034 | INFO | Batch 110 | Loss: 0.1283 | Correct: 123/128 | Elapsed Time: 54.73s
2026-01-19 09:00:55,801 | INFO | Batch 120 | Loss: 0.0926 | Correct: 125/128 | Elapsed Time: 54.77s
2026-01-19 09:01:50,563 | INFO | Batch 130 | Loss: 0.1092 | Correct: 126/128 | Elapsed Time: 54.76s
2026-01-19 09:02:45,296 | INFO | Batch 140 | Loss: 0.0969 | Correct: 126/128 | Elapsed Time: 54.73s
2026-01-19 09:03:40,061 | INFO | Batch 150 | Loss: 0.0704 | Correct: 127/128 | Elapsed Time: 54.76s
2026-01-19 09:04:34,806 | INFO | Batch 160 | Loss: 0.1175 | Correct: 123/128 | Elapsed Time: 54.75s
2026-01-19 09:05:29,751 | INFO | Batch 170 | Loss: 0.0452 | Correct: 128/128 | Elapsed Time: 54.94s
2026-01-19 09:06:24,571 | INFO | Batch 180 | Loss: 0.0836 | Correct: 124/128 | Elapsed Time: 54.82s
2026-01-19 09:07:19,275 | INFO | Batch 190 | Loss: 0.0443 | Correct: 128/128 | Elapsed Time: 54.70s
2026-01-19 09:08:14,070 | INFO | Batch 200 | Loss: 0.0724 | Correct: 127/128 | Elapsed Time: 54.80s
2026-01-19 09:09:08,879 | INFO | Batch 210 | Loss: 0.0641 | Correct: 127/128 | Elapsed Time: 54.81s
2026-01-19 09:10:03,628 | INFO | Batch 220 | Loss: 0.0760 | Correct: 126/128 | Elapsed Time: 54.75s
2026-01-19 09:10:58,370 | INFO | Batch 230 | Loss: 0.0627 | Correct: 126/128 | Elapsed Time: 54.74s
2026-01-19 09:11:53,160 | INFO | Batch 240 | Loss: 0.0584 | Correct: 128/128 | Elapsed Time: 54.79s
2026-01-19 09:12:47,969 | INFO | Batch 250 | Loss: 0.0732 | Correct: 125/128 | Elapsed Time: 54.81s
2026-01-19 09:13:42,679 | INFO | Batch 260 | Loss: 0.1350 | Correct: 122/128 | Elapsed Time: 54.71s
2026-01-19 09:14:37,391 | INFO | Batch 270 | Loss: 0.0697 | Correct: 127/128 | Elapsed Time: 54.71s
2026-01-19 09:15:32,176 | INFO | Batch 280 | Loss: 0.1137 | Correct: 126/128 | Elapsed Time: 54.78s
2026-01-19 09:16:26,918 | INFO | Batch 290 | Loss: 0.0913 | Correct: 126/128 | Elapsed Time: 54.74s
2026-01-19 09:17:21,639 | INFO | Batch 300 | Loss: 0.0607 | Correct: 127/128 | Elapsed Time: 54.72s
2026-01-19 09:18:16,347 | INFO | Batch 310 | Loss: 0.0952 | Correct: 127/128 | Elapsed Time: 54.71s
2026-01-19 09:19:11,184 | INFO | Batch 320 | Loss: 0.0959 | Correct: 124/128 | Elapsed Time: 54.84s
2026-01-19 09:20:05,942 | INFO | Batch 330 | Loss: 0.0534 | Correct: 128/128 | Elapsed Time: 54.76s
2026-01-19 09:21:00,691 | INFO | Batch 340 | Loss: 0.1316 | Correct: 123/128 | Elapsed Time: 54.75s
2026-01-19 09:21:55,410 | INFO | Batch 350 | Loss: 0.1079 | Correct: 126/128 | Elapsed Time: 54.72s
2026-01-19 09:22:50,121 | INFO | Batch 360 | Loss: 0.0948 | Correct: 124/128 | Elapsed Time: 54.71s
2026-01-19 09:23:44,897 | INFO | Batch 370 | Loss: 0.0978 | Correct: 125/128 | Elapsed Time: 54.78s
2026-01-19 09:24:39,654 | INFO | Batch 380 | Loss: 0.0974 | Correct: 123/128 | Elapsed Time: 54.76s
2026-01-19 09:25:34,504 | INFO | Batch 390 | Loss: 0.0575 | Correct: 127/128 | Elapsed Time: 54.85s
2026-01-19 09:25:38,019 | INFO | Epoch [96/100] - Loss: 0.0850 | Correct: 49134/50000 (98.27%, 2139.56s)
2026-01-19 09:28:32,063 | INFO | Validation - Loss: 1.6462 | Top1: 6346/10000 (63.46%) | Top5: 8671/10000 (86.71%) (174.04s)
2026-01-19 09:29:26,869 | INFO | Batch 10 | Loss: 0.0998 | Correct: 124/128 | Elapsed Time: 54.80s
2026-01-19 09:30:21,556 | INFO | Batch 20 | Loss: 0.0611 | Correct: 127/128 | Elapsed Time: 54.69s
2026-01-19 09:31:16,330 | INFO | Batch 30 | Loss: 0.0539 | Correct: 128/128 | Elapsed Time: 54.77s
2026-01-19 09:32:11,055 | INFO | Batch 40 | Loss: 0.1242 | Correct: 122/128 | Elapsed Time: 54.73s
2026-01-19 09:33:05,794 | INFO | Batch 50 | Loss: 0.0730 | Correct: 128/128 | Elapsed Time: 54.74s
2026-01-19 09:34:00,502 | INFO | Batch 60 | Loss: 0.0887 | Correct: 125/128 | Elapsed Time: 54.71s
2026-01-19 09:34:55,200 | INFO | Batch 70 | Loss: 0.0719 | Correct: 128/128 | Elapsed Time: 54.70s
2026-01-19 09:35:50,035 | INFO | Batch 80 | Loss: 0.0772 | Correct: 125/128 | Elapsed Time: 54.83s
2026-01-19 09:36:44,806 | INFO | Batch 90 | Loss: 0.1001 | Correct: 124/128 | Elapsed Time: 54.77s
2026-01-19 09:37:39,514 | INFO | Batch 100 | Loss: 0.0941 | Correct: 124/128 | Elapsed Time: 54.71s
2026-01-19 09:38:34,153 | INFO | Batch 110 | Loss: 0.0948 | Correct: 125/128 | Elapsed Time: 54.64s
2026-01-19 09:39:28,873 | INFO | Batch 120 | Loss: 0.0475 | Correct: 128/128 | Elapsed Time: 54.72s
2026-01-19 09:40:23,658 | INFO | Batch 130 | Loss: 0.1160 | Correct: 126/128 | Elapsed Time: 54.78s
2026-01-19 09:41:18,459 | INFO | Batch 140 | Loss: 0.0717 | Correct: 127/128 | Elapsed Time: 54.80s
2026-01-19 09:42:13,282 | INFO | Batch 150 | Loss: 0.0690 | Correct: 127/128 | Elapsed Time: 54.82s
2026-01-19 09:43:08,041 | INFO | Batch 160 | Loss: 0.1841 | Correct: 120/128 | Elapsed Time: 54.76s
2026-01-19 09:44:02,731 | INFO | Batch 170 | Loss: 0.0750 | Correct: 126/128 | Elapsed Time: 54.69s
2026-01-19 09:44:57,428 | INFO | Batch 180 | Loss: 0.0981 | Correct: 125/128 | Elapsed Time: 54.70s
2026-01-19 09:45:52,162 | INFO | Batch 190 | Loss: 0.0794 | Correct: 127/128 | Elapsed Time: 54.73s
2026-01-19 09:46:46,940 | INFO | Batch 200 | Loss: 0.1071 | Correct: 124/128 | Elapsed Time: 54.78s
2026-01-19 09:47:41,672 | INFO | Batch 210 | Loss: 0.0692 | Correct: 127/128 | Elapsed Time: 54.73s
2026-01-19 09:48:36,363 | INFO | Batch 220 | Loss: 0.0895 | Correct: 125/128 | Elapsed Time: 54.69s
2026-01-19 09:49:31,178 | INFO | Batch 230 | Loss: 0.1019 | Correct: 125/128 | Elapsed Time: 54.82s
2026-01-19 09:50:25,904 | INFO | Batch 240 | Loss: 0.0475 | Correct: 128/128 | Elapsed Time: 54.73s
2026-01-19 09:51:20,586 | INFO | Batch 250 | Loss: 0.1090 | Correct: 123/128 | Elapsed Time: 54.68s
2026-01-19 09:52:15,250 | INFO | Batch 260 | Loss: 0.0655 | Correct: 127/128 | Elapsed Time: 54.66s
2026-01-19 09:53:09,894 | INFO | Batch 270 | Loss: 0.0876 | Correct: 125/128 | Elapsed Time: 54.64s
2026-01-19 09:54:04,595 | INFO | Batch 280 | Loss: 0.0643 | Correct: 128/128 | Elapsed Time: 54.70s
2026-01-19 09:54:59,274 | INFO | Batch 290 | Loss: 0.0536 | Correct: 127/128 | Elapsed Time: 54.68s
2026-01-19 09:55:54,136 | INFO | Batch 300 | Loss: 0.0539 | Correct: 128/128 | Elapsed Time: 54.86s
2026-01-19 09:56:48,942 | INFO | Batch 310 | Loss: 0.1084 | Correct: 123/128 | Elapsed Time: 54.81s
2026-01-19 09:57:43,619 | INFO | Batch 320 | Loss: 0.0528 | Correct: 126/128 | Elapsed Time: 54.68s
2026-01-19 09:58:38,290 | INFO | Batch 330 | Loss: 0.0576 | Correct: 127/128 | Elapsed Time: 54.67s
2026-01-19 09:59:32,945 | INFO | Batch 340 | Loss: 0.0977 | Correct: 124/128 | Elapsed Time: 54.66s
2026-01-19 10:00:27,647 | INFO | Batch 350 | Loss: 0.0723 | Correct: 128/128 | Elapsed Time: 54.70s
2026-01-19 10:01:22,330 | INFO | Batch 360 | Loss: 0.0782 | Correct: 126/128 | Elapsed Time: 54.68s
2026-01-19 10:02:16,963 | INFO | Batch 370 | Loss: 0.0778 | Correct: 125/128 | Elapsed Time: 54.63s
2026-01-19 10:03:11,639 | INFO | Batch 380 | Loss: 0.1208 | Correct: 123/128 | Elapsed Time: 54.68s
2026-01-19 10:04:06,416 | INFO | Batch 390 | Loss: 0.0881 | Correct: 126/128 | Elapsed Time: 54.78s
2026-01-19 10:04:09,935 | INFO | Epoch [97/100] - Loss: 0.0845 | Correct: 49117/50000 (98.23%, 2137.87s)
2026-01-19 10:07:03,544 | INFO | Validation - Loss: 1.6465 | Top1: 6338/10000 (63.38%) | Top5: 8662/10000 (86.62%) (173.61s)
2026-01-19 10:07:58,246 | INFO | Batch 10 | Loss: 0.0918 | Correct: 125/128 | Elapsed Time: 54.70s
2026-01-19 10:08:52,931 | INFO | Batch 20 | Loss: 0.0718 | Correct: 126/128 | Elapsed Time: 54.68s
2026-01-19 10:09:47,609 | INFO | Batch 30 | Loss: 0.0916 | Correct: 124/128 | Elapsed Time: 54.68s
2026-01-19 10:10:42,276 | INFO | Batch 40 | Loss: 0.0576 | Correct: 127/128 | Elapsed Time: 54.67s
2026-01-19 10:11:36,994 | INFO | Batch 50 | Loss: 0.0681 | Correct: 126/128 | Elapsed Time: 54.72s
2026-01-19 10:12:31,702 | INFO | Batch 60 | Loss: 0.0648 | Correct: 128/128 | Elapsed Time: 54.71s
2026-01-19 10:13:26,501 | INFO | Batch 70 | Loss: 0.0711 | Correct: 126/128 | Elapsed Time: 54.80s
2026-01-19 10:14:21,155 | INFO | Batch 80 | Loss: 0.0904 | Correct: 125/128 | Elapsed Time: 54.65s
2026-01-19 10:15:15,849 | INFO | Batch 90 | Loss: 0.1225 | Correct: 125/128 | Elapsed Time: 54.69s
2026-01-19 10:16:10,545 | INFO | Batch 100 | Loss: 0.0539 | Correct: 127/128 | Elapsed Time: 54.70s
2026-01-19 10:17:05,190 | INFO | Batch 110 | Loss: 0.0916 | Correct: 126/128 | Elapsed Time: 54.64s
2026-01-19 10:17:59,836 | INFO | Batch 120 | Loss: 0.0938 | Correct: 124/128 | Elapsed Time: 54.65s
2026-01-19 10:18:54,547 | INFO | Batch 130 | Loss: 0.0599 | Correct: 127/128 | Elapsed Time: 54.71s
2026-01-19 10:19:49,360 | INFO | Batch 140 | Loss: 0.1041 | Correct: 124/128 | Elapsed Time: 54.81s
2026-01-19 10:20:44,049 | INFO | Batch 150 | Loss: 0.0767 | Correct: 127/128 | Elapsed Time: 54.69s
2026-01-19 10:21:38,786 | INFO | Batch 160 | Loss: 0.1148 | Correct: 126/128 | Elapsed Time: 54.74s
2026-01-19 10:22:33,397 | INFO | Batch 170 | Loss: 0.0929 | Correct: 126/128 | Elapsed Time: 54.61s
2026-01-19 10:23:28,089 | INFO | Batch 180 | Loss: 0.1061 | Correct: 123/128 | Elapsed Time: 54.69s
2026-01-19 10:24:22,750 | INFO | Batch 190 | Loss: 0.0824 | Correct: 125/128 | Elapsed Time: 54.66s
2026-01-19 10:25:17,532 | INFO | Batch 200 | Loss: 0.0683 | Correct: 127/128 | Elapsed Time: 54.78s
2026-01-19 10:26:12,235 | INFO | Batch 210 | Loss: 0.0813 | Correct: 125/128 | Elapsed Time: 54.70s
2026-01-19 10:27:07,139 | INFO | Batch 220 | Loss: 0.1076 | Correct: 126/128 | Elapsed Time: 54.90s
2026-01-19 10:28:01,884 | INFO | Batch 230 | Loss: 0.0656 | Correct: 127/128 | Elapsed Time: 54.75s
2026-01-19 10:28:56,608 | INFO | Batch 240 | Loss: 0.1053 | Correct: 126/128 | Elapsed Time: 54.72s
2026-01-19 10:29:51,383 | INFO | Batch 250 | Loss: 0.0802 | Correct: 126/128 | Elapsed Time: 54.78s
2026-01-19 10:30:46,135 | INFO | Batch 260 | Loss: 0.1304 | Correct: 125/128 | Elapsed Time: 54.75s
2026-01-19 10:31:40,910 | INFO | Batch 270 | Loss: 0.0941 | Correct: 125/128 | Elapsed Time: 54.77s
2026-01-19 10:32:35,649 | INFO | Batch 280 | Loss: 0.0661 | Correct: 127/128 | Elapsed Time: 54.74s
2026-01-19 10:33:30,413 | INFO | Batch 290 | Loss: 0.0984 | Correct: 126/128 | Elapsed Time: 54.76s
2026-01-19 10:34:25,278 | INFO | Batch 300 | Loss: 0.1041 | Correct: 125/128 | Elapsed Time: 54.87s
2026-01-19 10:35:20,239 | INFO | Batch 310 | Loss: 0.0663 | Correct: 126/128 | Elapsed Time: 54.96s
2026-01-19 10:36:15,023 | INFO | Batch 320 | Loss: 0.0556 | Correct: 126/128 | Elapsed Time: 54.78s
2026-01-19 10:37:09,785 | INFO | Batch 330 | Loss: 0.0856 | Correct: 127/128 | Elapsed Time: 54.76s
2026-01-19 10:38:04,560 | INFO | Batch 340 | Loss: 0.0926 | Correct: 127/128 | Elapsed Time: 54.78s
2026-01-19 10:38:59,317 | INFO | Batch 350 | Loss: 0.0791 | Correct: 127/128 | Elapsed Time: 54.76s
2026-01-19 10:39:54,091 | INFO | Batch 360 | Loss: 0.1090 | Correct: 126/128 | Elapsed Time: 54.77s
2026-01-19 10:40:48,957 | INFO | Batch 370 | Loss: 0.0612 | Correct: 126/128 | Elapsed Time: 54.87s
2026-01-19 10:41:43,723 | INFO | Batch 380 | Loss: 0.0994 | Correct: 125/128 | Elapsed Time: 54.77s
2026-01-19 10:42:38,437 | INFO | Batch 390 | Loss: 0.0738 | Correct: 125/128 | Elapsed Time: 54.71s
2026-01-19 10:42:41,951 | INFO | Epoch [98/100] - Loss: 0.0821 | Correct: 49183/50000 (98.37%, 2138.40s)
2026-01-19 10:45:36,004 | INFO | Validation - Loss: 1.6523 | Top1: 6351/10000 (63.51%) | Top5: 8666/10000 (86.66%) (174.05s)
2026-01-19 10:46:30,851 | INFO | Batch 10 | Loss: 0.0654 | Correct: 127/128 | Elapsed Time: 54.84s
2026-01-19 10:47:25,598 | INFO | Batch 20 | Loss: 0.0569 | Correct: 126/128 | Elapsed Time: 54.75s
2026-01-19 10:48:20,319 | INFO | Batch 30 | Loss: 0.1019 | Correct: 124/128 | Elapsed Time: 54.72s
2026-01-19 10:49:15,077 | INFO | Batch 40 | Loss: 0.1352 | Correct: 122/128 | Elapsed Time: 54.76s
2026-01-19 10:50:09,896 | INFO | Batch 50 | Loss: 0.1439 | Correct: 124/128 | Elapsed Time: 54.82s
2026-01-19 10:51:04,684 | INFO | Batch 60 | Loss: 0.0816 | Correct: 125/128 | Elapsed Time: 54.79s
2026-01-19 10:51:59,407 | INFO | Batch 70 | Loss: 0.0812 | Correct: 125/128 | Elapsed Time: 54.72s
2026-01-19 10:52:54,121 | INFO | Batch 80 | Loss: 0.0682 | Correct: 127/128 | Elapsed Time: 54.71s
2026-01-19 10:53:48,825 | INFO | Batch 90 | Loss: 0.0664 | Correct: 126/128 | Elapsed Time: 54.70s
2026-01-19 10:54:43,494 | INFO | Batch 100 | Loss: 0.0770 | Correct: 126/128 | Elapsed Time: 54.67s
2026-01-19 10:55:38,334 | INFO | Batch 110 | Loss: 0.0703 | Correct: 128/128 | Elapsed Time: 54.84s
2026-01-19 10:56:33,056 | INFO | Batch 120 | Loss: 0.0864 | Correct: 126/128 | Elapsed Time: 54.72s
2026-01-19 10:57:27,821 | INFO | Batch 130 | Loss: 0.0819 | Correct: 125/128 | Elapsed Time: 54.77s
2026-01-19 10:58:22,466 | INFO | Batch 140 | Loss: 0.1063 | Correct: 125/128 | Elapsed Time: 54.64s
2026-01-19 10:59:17,177 | INFO | Batch 150 | Loss: 0.0602 | Correct: 126/128 | Elapsed Time: 54.71s
2026-01-19 11:00:11,822 | INFO | Batch 160 | Loss: 0.0773 | Correct: 126/128 | Elapsed Time: 54.64s
2026-01-19 11:01:06,524 | INFO | Batch 170 | Loss: 0.0733 | Correct: 126/128 | Elapsed Time: 54.70s
2026-01-19 11:02:01,176 | INFO | Batch 180 | Loss: 0.0586 | Correct: 128/128 | Elapsed Time: 54.65s
2026-01-19 11:02:55,872 | INFO | Batch 190 | Loss: 0.0692 | Correct: 127/128 | Elapsed Time: 54.70s
2026-01-19 11:03:50,528 | INFO | Batch 200 | Loss: 0.1345 | Correct: 125/128 | Elapsed Time: 54.66s
2026-01-19 11:04:45,351 | INFO | Batch 210 | Loss: 0.1009 | Correct: 125/128 | Elapsed Time: 54.82s
2026-01-19 11:05:40,096 | INFO | Batch 220 | Loss: 0.0444 | Correct: 128/128 | Elapsed Time: 54.74s
2026-01-19 11:06:34,797 | INFO | Batch 230 | Loss: 0.0889 | Correct: 126/128 | Elapsed Time: 54.70s
2026-01-19 11:07:29,608 | INFO | Batch 240 | Loss: 0.1041 | Correct: 124/128 | Elapsed Time: 54.81s
2026-01-19 11:08:24,347 | INFO | Batch 250 | Loss: 0.0922 | Correct: 124/128 | Elapsed Time: 54.74s
2026-01-19 11:09:19,059 | INFO | Batch 260 | Loss: 0.0858 | Correct: 127/128 | Elapsed Time: 54.71s
2026-01-19 11:10:13,772 | INFO | Batch 270 | Loss: 0.0953 | Correct: 127/128 | Elapsed Time: 54.71s
2026-01-19 11:11:08,649 | INFO | Batch 280 | Loss: 0.1104 | Correct: 126/128 | Elapsed Time: 54.88s
2026-01-19 11:12:03,378 | INFO | Batch 290 | Loss: 0.0395 | Correct: 128/128 | Elapsed Time: 54.73s
2026-01-19 11:12:58,117 | INFO | Batch 300 | Loss: 0.0837 | Correct: 126/128 | Elapsed Time: 54.74s
2026-01-19 11:13:52,861 | INFO | Batch 310 | Loss: 0.1384 | Correct: 122/128 | Elapsed Time: 54.74s
2026-01-19 11:14:47,574 | INFO | Batch 320 | Loss: 0.0559 | Correct: 128/128 | Elapsed Time: 54.71s
2026-01-19 11:15:42,301 | INFO | Batch 330 | Loss: 0.0981 | Correct: 126/128 | Elapsed Time: 54.73s
2026-01-19 11:16:37,066 | INFO | Batch 340 | Loss: 0.0791 | Correct: 125/128 | Elapsed Time: 54.76s
2026-01-19 11:17:31,770 | INFO | Batch 350 | Loss: 0.0982 | Correct: 126/128 | Elapsed Time: 54.70s
2026-01-19 11:18:26,573 | INFO | Batch 360 | Loss: 0.0818 | Correct: 126/128 | Elapsed Time: 54.80s
2026-01-19 11:19:21,275 | INFO | Batch 370 | Loss: 0.1037 | Correct: 123/128 | Elapsed Time: 54.70s
2026-01-19 11:20:15,958 | INFO | Batch 380 | Loss: 0.1108 | Correct: 126/128 | Elapsed Time: 54.68s
2026-01-19 11:21:10,620 | INFO | Batch 390 | Loss: 0.1354 | Correct: 123/128 | Elapsed Time: 54.66s
2026-01-19 11:21:14,130 | INFO | Epoch [99/100] - Loss: 0.0845 | Correct: 49116/50000 (98.23%, 2138.12s)
2026-01-19 11:24:07,760 | INFO | Validation - Loss: 1.6424 | Top1: 6368/10000 (63.68%) | Top5: 8667/10000 (86.67%) (173.63s)
2026-01-19 11:24:08,496 | INFO | New best model saved at epoch 99 with Top1 Acc: 63.68% (Top5: 86.67%)
2026-01-19 11:25:03,251 | INFO | Batch 10 | Loss: 0.0936 | Correct: 127/128 | Elapsed Time: 54.75s
2026-01-19 11:25:57,991 | INFO | Batch 20 | Loss: 0.0648 | Correct: 126/128 | Elapsed Time: 54.74s
2026-01-19 11:26:52,787 | INFO | Batch 30 | Loss: 0.1223 | Correct: 124/128 | Elapsed Time: 54.80s
2026-01-19 11:27:47,454 | INFO | Batch 40 | Loss: 0.0768 | Correct: 126/128 | Elapsed Time: 54.67s
2026-01-19 11:28:42,157 | INFO | Batch 50 | Loss: 0.0919 | Correct: 127/128 | Elapsed Time: 54.70s
2026-01-19 11:29:36,853 | INFO | Batch 60 | Loss: 0.0679 | Correct: 127/128 | Elapsed Time: 54.70s
2026-01-19 11:30:31,519 | INFO | Batch 70 | Loss: 0.0760 | Correct: 127/128 | Elapsed Time: 54.67s
2026-01-19 11:31:26,222 | INFO | Batch 80 | Loss: 0.0857 | Correct: 127/128 | Elapsed Time: 54.70s
2026-01-19 11:32:21,008 | INFO | Batch 90 | Loss: 0.0931 | Correct: 126/128 | Elapsed Time: 54.79s
2026-01-19 11:33:15,817 | INFO | Batch 100 | Loss: 0.0823 | Correct: 127/128 | Elapsed Time: 54.81s
2026-01-19 11:34:10,686 | INFO | Batch 110 | Loss: 0.0691 | Correct: 127/128 | Elapsed Time: 54.87s
2026-01-19 11:35:05,392 | INFO | Batch 120 | Loss: 0.1079 | Correct: 124/128 | Elapsed Time: 54.71s
2026-01-19 11:36:00,153 | INFO | Batch 130 | Loss: 0.0682 | Correct: 126/128 | Elapsed Time: 54.76s
2026-01-19 11:36:54,849 | INFO | Batch 140 | Loss: 0.0486 | Correct: 127/128 | Elapsed Time: 54.70s
2026-01-19 11:37:49,579 | INFO | Batch 150 | Loss: 0.1227 | Correct: 123/128 | Elapsed Time: 54.73s
2026-01-19 11:38:44,321 | INFO | Batch 160 | Loss: 0.0787 | Correct: 126/128 | Elapsed Time: 54.74s
2026-01-19 11:39:39,066 | INFO | Batch 170 | Loss: 0.0681 | Correct: 126/128 | Elapsed Time: 54.75s
2026-01-19 11:40:33,975 | INFO | Batch 180 | Loss: 0.1034 | Correct: 126/128 | Elapsed Time: 54.91s
2026-01-19 11:41:28,734 | INFO | Batch 190 | Loss: 0.1104 | Correct: 126/128 | Elapsed Time: 54.76s
2026-01-19 11:42:23,462 | INFO | Batch 200 | Loss: 0.0947 | Correct: 126/128 | Elapsed Time: 54.73s
2026-01-19 11:43:18,101 | INFO | Batch 210 | Loss: 0.0511 | Correct: 128/128 | Elapsed Time: 54.64s
2026-01-19 11:44:12,802 | INFO | Batch 220 | Loss: 0.0805 | Correct: 126/128 | Elapsed Time: 54.70s
2026-01-19 11:45:07,526 | INFO | Batch 230 | Loss: 0.0469 | Correct: 128/128 | Elapsed Time: 54.72s
2026-01-19 11:46:02,263 | INFO | Batch 240 | Loss: 0.1037 | Correct: 125/128 | Elapsed Time: 54.74s
2026-01-19 11:46:56,986 | INFO | Batch 250 | Loss: 0.0705 | Correct: 127/128 | Elapsed Time: 54.72s
2026-01-19 11:47:51,768 | INFO | Batch 260 | Loss: 0.1004 | Correct: 126/128 | Elapsed Time: 54.78s
2026-01-19 11:48:46,449 | INFO | Batch 270 | Loss: 0.0990 | Correct: 125/128 | Elapsed Time: 54.68s
2026-01-19 11:49:41,175 | INFO | Batch 280 | Loss: 0.1316 | Correct: 122/128 | Elapsed Time: 54.73s
2026-01-19 11:50:35,836 | INFO | Batch 290 | Loss: 0.0804 | Correct: 124/128 | Elapsed Time: 54.66s
2026-01-19 11:51:30,525 | INFO | Batch 300 | Loss: 0.0837 | Correct: 126/128 | Elapsed Time: 54.69s
2026-01-19 11:52:25,229 | INFO | Batch 310 | Loss: 0.0815 | Correct: 127/128 | Elapsed Time: 54.70s
2026-01-19 11:53:20,003 | INFO | Batch 320 | Loss: 0.0735 | Correct: 126/128 | Elapsed Time: 54.77s
2026-01-19 11:54:14,850 | INFO | Batch 330 | Loss: 0.0654 | Correct: 126/128 | Elapsed Time: 54.85s
2026-01-19 11:55:09,706 | INFO | Batch 340 | Loss: 0.1120 | Correct: 125/128 | Elapsed Time: 54.86s
2026-01-19 11:56:04,472 | INFO | Batch 350 | Loss: 0.0647 | Correct: 126/128 | Elapsed Time: 54.77s
2026-01-19 11:56:59,174 | INFO | Batch 360 | Loss: 0.1064 | Correct: 125/128 | Elapsed Time: 54.70s
2026-01-19 11:57:53,892 | INFO | Batch 370 | Loss: 0.0523 | Correct: 128/128 | Elapsed Time: 54.72s
2026-01-19 11:58:48,537 | INFO | Batch 380 | Loss: 0.0911 | Correct: 126/128 | Elapsed Time: 54.64s
2026-01-19 11:59:43,295 | INFO | Batch 390 | Loss: 0.1348 | Correct: 125/128 | Elapsed Time: 54.76s
2026-01-19 11:59:46,813 | INFO | Epoch [100/100] - Loss: 0.0863 | Correct: 49101/50000 (98.20%, 2138.32s)
2026-01-19 12:02:40,617 | INFO | Validation - Loss: 1.6410 | Top1: 6336/10000 (63.36%) | Top5: 8667/10000 (86.67%) (173.80s)
2026-01-19 12:02:40,621 | INFO | Training complete.
2026-01-19 12:02:40,861 | INFO | Final model saved to ./checkpoints/resnet18_lns_final_20260116_193929.pt
