2026-02-09 00:11:37,489 | INFO | Training ShuffleNetV2 on CIFAR-10 with LNS64 (f=7, lookup table=True) on device cuda:0
2026-02-09 00:11:37,489 | INFO | Hyperparameters: epochs=100, batch_size=128, lr=0.1, momentum=0.9, weight_decay=0.0001
2026-02-09 00:14:03,843 | INFO | Batch 10 | Loss: 2.9697 | Correct: 21/128 | Elapsed Time: 146.35s
2026-02-09 00:14:16,941 | INFO | Batch 20 | Loss: 3.2561 | Correct: 17/128 | Elapsed Time: 13.10s
2026-02-09 00:14:30,158 | INFO | Batch 30 | Loss: 3.1180 | Correct: 17/128 | Elapsed Time: 13.22s
2026-02-09 00:14:43,371 | INFO | Batch 40 | Loss: 2.5519 | Correct: 26/128 | Elapsed Time: 13.21s
2026-02-09 00:14:56,464 | INFO | Batch 50 | Loss: 2.5937 | Correct: 35/128 | Elapsed Time: 13.09s
2026-02-09 00:15:09,713 | INFO | Batch 60 | Loss: 3.1012 | Correct: 27/128 | Elapsed Time: 13.25s
2026-02-09 00:15:22,935 | INFO | Batch 70 | Loss: 2.0109 | Correct: 32/128 | Elapsed Time: 13.22s
2026-02-09 00:15:36,109 | INFO | Batch 80 | Loss: 5.9073 | Correct: 26/128 | Elapsed Time: 13.17s
2026-02-09 00:15:49,171 | INFO | Batch 90 | Loss: 2.8438 | Correct: 21/128 | Elapsed Time: 13.06s
2026-02-09 00:16:02,930 | INFO | Batch 100 | Loss: 2.3024 | Correct: 17/128 | Elapsed Time: 13.76s
2026-02-09 00:16:16,386 | INFO | Batch 110 | Loss: 3.2036 | Correct: 22/128 | Elapsed Time: 13.46s
2026-02-09 00:16:29,480 | INFO | Batch 120 | Loss: 2.0660 | Correct: 31/128 | Elapsed Time: 13.09s
2026-02-09 00:16:42,625 | INFO | Batch 130 | Loss: 2.4703 | Correct: 28/128 | Elapsed Time: 13.15s
2026-02-09 00:16:55,713 | INFO | Batch 140 | Loss: 2.4437 | Correct: 29/128 | Elapsed Time: 13.09s
2026-02-09 00:17:08,779 | INFO | Batch 150 | Loss: 2.0438 | Correct: 29/128 | Elapsed Time: 13.07s
2026-02-09 00:17:21,765 | INFO | Batch 160 | Loss: 2.0438 | Correct: 31/128 | Elapsed Time: 12.99s
2026-02-09 00:17:34,806 | INFO | Batch 170 | Loss: 2.0660 | Correct: 29/128 | Elapsed Time: 13.04s
2026-02-09 00:17:47,736 | INFO | Batch 180 | Loss: 2.0438 | Correct: 38/128 | Elapsed Time: 12.93s
2026-02-09 00:18:00,789 | INFO | Batch 190 | Loss: 1.9466 | Correct: 35/128 | Elapsed Time: 13.05s
2026-02-09 00:18:13,843 | INFO | Batch 200 | Loss: 2.0328 | Correct: 29/128 | Elapsed Time: 13.05s
2026-02-09 00:18:26,808 | INFO | Batch 210 | Loss: 1.9571 | Correct: 37/128 | Elapsed Time: 12.96s
2026-02-09 00:18:39,682 | INFO | Batch 220 | Loss: 1.8143 | Correct: 42/128 | Elapsed Time: 12.87s
2026-02-09 00:18:52,738 | INFO | Batch 230 | Loss: 1.9785 | Correct: 35/128 | Elapsed Time: 13.06s
2026-02-09 00:19:05,763 | INFO | Batch 240 | Loss: 1.7850 | Correct: 50/128 | Elapsed Time: 13.02s
2026-02-09 00:19:18,695 | INFO | Batch 250 | Loss: 1.9256 | Correct: 41/128 | Elapsed Time: 12.93s
2026-02-09 00:19:31,648 | INFO | Batch 260 | Loss: 1.9785 | Correct: 37/128 | Elapsed Time: 12.95s
2026-02-09 00:19:44,717 | INFO | Batch 270 | Loss: 1.8540 | Correct: 43/128 | Elapsed Time: 13.07s
2026-02-09 00:19:57,669 | INFO | Batch 280 | Loss: 1.6818 | Correct: 43/128 | Elapsed Time: 12.95s
2026-02-09 00:20:10,701 | INFO | Batch 290 | Loss: 1.8241 | Correct: 40/128 | Elapsed Time: 13.03s
2026-02-09 00:20:23,732 | INFO | Batch 300 | Loss: 1.8640 | Correct: 41/128 | Elapsed Time: 13.03s
2026-02-09 00:20:36,599 | INFO | Batch 310 | Loss: 1.8143 | Correct: 41/128 | Elapsed Time: 12.87s
2026-02-09 00:20:49,578 | INFO | Batch 320 | Loss: 1.7658 | Correct: 45/128 | Elapsed Time: 12.98s
2026-02-09 00:21:02,624 | INFO | Batch 330 | Loss: 1.8045 | Correct: 43/128 | Elapsed Time: 13.05s
2026-02-09 00:21:15,663 | INFO | Batch 340 | Loss: 1.8340 | Correct: 31/128 | Elapsed Time: 13.04s
2026-02-09 00:21:28,412 | INFO | Batch 350 | Loss: 1.7001 | Correct: 46/128 | Elapsed Time: 12.75s
2026-02-09 00:21:41,294 | INFO | Batch 360 | Loss: 1.6818 | Correct: 52/128 | Elapsed Time: 12.88s
2026-02-09 00:21:54,219 | INFO | Batch 370 | Loss: 1.8143 | Correct: 42/128 | Elapsed Time: 12.93s
2026-02-09 00:22:07,036 | INFO | Batch 380 | Loss: 1.6818 | Correct: 52/128 | Elapsed Time: 12.82s
2026-02-09 00:22:19,904 | INFO | Batch 390 | Loss: 1.7468 | Correct: 55/128 | Elapsed Time: 12.87s
2026-02-09 00:22:26,285 | INFO | Epoch [1/100] - Loss: 2.1926 | Correct: 13412/50000 (26.82%, 648.80s)
2026-02-09 00:23:15,113 | INFO | Validation - Loss: 1.7300 | Correct: 3509/10000 (35.09%) (48.83s)
2026-02-09 00:23:15,206 | INFO | New best model saved at epoch 1 with Top1 Acc: 35.09%
2026-02-09 00:23:28,150 | INFO | Batch 10 | Loss: 1.7658 | Correct: 43/128 | Elapsed Time: 12.94s
2026-02-09 00:23:41,043 | INFO | Batch 20 | Loss: 1.8143 | Correct: 46/128 | Elapsed Time: 12.89s
2026-02-09 00:23:53,872 | INFO | Batch 30 | Loss: 1.6192 | Correct: 46/128 | Elapsed Time: 12.83s
2026-02-09 00:24:06,839 | INFO | Batch 40 | Loss: 1.7001 | Correct: 44/128 | Elapsed Time: 12.97s
2026-02-09 00:24:19,682 | INFO | Batch 50 | Loss: 1.6818 | Correct: 40/128 | Elapsed Time: 12.84s
2026-02-09 00:24:32,427 | INFO | Batch 60 | Loss: 1.7373 | Correct: 44/128 | Elapsed Time: 12.75s
2026-02-09 00:24:45,241 | INFO | Batch 70 | Loss: 1.7093 | Correct: 51/128 | Elapsed Time: 12.81s
2026-02-09 00:24:58,092 | INFO | Batch 80 | Loss: 1.5760 | Correct: 52/128 | Elapsed Time: 12.85s
2026-02-09 00:25:10,991 | INFO | Batch 90 | Loss: 1.7001 | Correct: 44/128 | Elapsed Time: 12.90s
2026-02-09 00:25:23,781 | INFO | Batch 100 | Loss: 1.6105 | Correct: 46/128 | Elapsed Time: 12.79s
2026-02-09 00:25:36,664 | INFO | Batch 110 | Loss: 1.5760 | Correct: 58/128 | Elapsed Time: 12.88s
2026-02-09 00:25:49,365 | INFO | Batch 120 | Loss: 1.6547 | Correct: 47/128 | Elapsed Time: 12.70s
2026-02-09 00:26:02,339 | INFO | Batch 130 | Loss: 1.7001 | Correct: 49/128 | Elapsed Time: 12.97s
2026-02-09 00:26:15,785 | INFO | Batch 140 | Loss: 1.4768 | Correct: 55/128 | Elapsed Time: 13.45s
2026-02-09 00:26:28,780 | INFO | Batch 150 | Loss: 1.5174 | Correct: 49/128 | Elapsed Time: 12.99s
2026-02-09 00:26:41,589 | INFO | Batch 160 | Loss: 1.4848 | Correct: 55/128 | Elapsed Time: 12.81s
2026-02-09 00:26:54,470 | INFO | Batch 170 | Loss: 1.6192 | Correct: 47/128 | Elapsed Time: 12.88s
2026-02-09 00:27:07,409 | INFO | Batch 180 | Loss: 1.5590 | Correct: 54/128 | Elapsed Time: 12.94s
2026-02-09 00:27:20,179 | INFO | Batch 190 | Loss: 1.6280 | Correct: 50/128 | Elapsed Time: 12.77s
2026-02-09 00:27:33,128 | INFO | Batch 200 | Loss: 1.6818 | Correct: 42/128 | Elapsed Time: 12.95s
2026-02-09 00:27:45,995 | INFO | Batch 210 | Loss: 1.7563 | Correct: 43/128 | Elapsed Time: 12.87s
2026-02-09 00:27:58,785 | INFO | Batch 220 | Loss: 1.6458 | Correct: 47/128 | Elapsed Time: 12.79s
2026-02-09 00:28:11,726 | INFO | Batch 230 | Loss: 1.5092 | Correct: 56/128 | Elapsed Time: 12.94s
2026-02-09 00:28:24,623 | INFO | Batch 240 | Loss: 1.4689 | Correct: 65/128 | Elapsed Time: 12.90s
2026-02-09 00:28:37,479 | INFO | Batch 250 | Loss: 1.5256 | Correct: 51/128 | Elapsed Time: 12.86s
2026-02-09 00:28:50,389 | INFO | Batch 260 | Loss: 1.4929 | Correct: 65/128 | Elapsed Time: 12.91s
2026-02-09 00:29:03,389 | INFO | Batch 270 | Loss: 1.4929 | Correct: 52/128 | Elapsed Time: 13.00s
2026-02-09 00:29:16,103 | INFO | Batch 280 | Loss: 1.5675 | Correct: 54/128 | Elapsed Time: 12.71s
2026-02-09 00:29:29,013 | INFO | Batch 290 | Loss: 1.6192 | Correct: 62/128 | Elapsed Time: 12.91s
2026-02-09 00:29:41,854 | INFO | Batch 300 | Loss: 1.6018 | Correct: 52/128 | Elapsed Time: 12.84s
2026-02-09 00:29:54,613 | INFO | Batch 310 | Loss: 1.4768 | Correct: 61/128 | Elapsed Time: 12.76s
2026-02-09 00:30:07,536 | INFO | Batch 320 | Loss: 1.6727 | Correct: 53/128 | Elapsed Time: 12.92s
2026-02-09 00:30:20,411 | INFO | Batch 330 | Loss: 1.5931 | Correct: 49/128 | Elapsed Time: 12.88s
2026-02-09 00:30:33,255 | INFO | Batch 340 | Loss: 1.5256 | Correct: 52/128 | Elapsed Time: 12.84s
2026-02-09 00:30:46,123 | INFO | Batch 350 | Loss: 1.6280 | Correct: 57/128 | Elapsed Time: 12.87s
2026-02-09 00:30:59,015 | INFO | Batch 360 | Loss: 1.5506 | Correct: 60/128 | Elapsed Time: 12.89s
2026-02-09 00:31:11,877 | INFO | Batch 370 | Loss: 1.5422 | Correct: 51/128 | Elapsed Time: 12.86s
2026-02-09 00:31:24,586 | INFO | Batch 380 | Loss: 1.5174 | Correct: 53/128 | Elapsed Time: 12.71s
2026-02-09 00:31:37,524 | INFO | Batch 390 | Loss: 1.5590 | Correct: 55/128 | Elapsed Time: 12.94s
2026-02-09 00:31:38,539 | INFO | Epoch [2/100] - Loss: 1.6177 | Correct: 20144/50000 (40.29%, 503.33s)
2026-02-09 00:32:23,993 | INFO | Validation - Loss: 1.5807 | Correct: 4125/10000 (41.25%) (45.45s)
2026-02-09 00:32:24,130 | INFO | New best model saved at epoch 2 with Top1 Acc: 41.25%
2026-02-09 00:32:37,020 | INFO | Batch 10 | Loss: 1.4848 | Correct: 59/128 | Elapsed Time: 12.89s
2026-02-09 00:32:49,760 | INFO | Batch 20 | Loss: 1.5931 | Correct: 52/128 | Elapsed Time: 12.74s
2026-02-09 00:33:02,589 | INFO | Batch 30 | Loss: 1.5506 | Correct: 53/128 | Elapsed Time: 12.83s
2026-02-09 00:33:15,446 | INFO | Batch 40 | Loss: 1.5256 | Correct: 55/128 | Elapsed Time: 12.86s
2026-02-09 00:33:28,220 | INFO | Batch 50 | Loss: 1.6458 | Correct: 50/128 | Elapsed Time: 12.77s
2026-02-09 00:33:41,061 | INFO | Batch 60 | Loss: 1.4374 | Correct: 59/128 | Elapsed Time: 12.84s
2026-02-09 00:33:54,013 | INFO | Batch 70 | Loss: 1.4848 | Correct: 55/128 | Elapsed Time: 12.95s
2026-02-09 00:34:06,766 | INFO | Batch 80 | Loss: 1.5590 | Correct: 50/128 | Elapsed Time: 12.75s
2026-02-09 00:34:19,526 | INFO | Batch 90 | Loss: 1.4219 | Correct: 59/128 | Elapsed Time: 12.76s
2026-02-09 00:34:32,388 | INFO | Batch 100 | Loss: 1.5339 | Correct: 60/128 | Elapsed Time: 12.86s
2026-02-09 00:34:45,100 | INFO | Batch 110 | Loss: 1.6105 | Correct: 44/128 | Elapsed Time: 12.71s
2026-02-09 00:34:57,858 | INFO | Batch 120 | Loss: 1.5339 | Correct: 53/128 | Elapsed Time: 12.76s
2026-02-09 00:35:10,658 | INFO | Batch 130 | Loss: 1.5506 | Correct: 58/128 | Elapsed Time: 12.80s
2026-02-09 00:35:23,457 | INFO | Batch 140 | Loss: 1.3690 | Correct: 65/128 | Elapsed Time: 12.80s
2026-02-09 00:35:36,206 | INFO | Batch 150 | Loss: 1.4848 | Correct: 53/128 | Elapsed Time: 12.75s
2026-02-09 00:35:49,054 | INFO | Batch 160 | Loss: 1.4609 | Correct: 63/128 | Elapsed Time: 12.85s
2026-02-09 00:36:02,329 | INFO | Batch 170 | Loss: 1.5675 | Correct: 54/128 | Elapsed Time: 13.27s
2026-02-09 00:36:15,660 | INFO | Batch 180 | Loss: 1.5256 | Correct: 59/128 | Elapsed Time: 13.33s
2026-02-09 00:36:28,485 | INFO | Batch 190 | Loss: 1.4929 | Correct: 58/128 | Elapsed Time: 12.83s
2026-02-09 00:36:41,349 | INFO | Batch 200 | Loss: 1.5174 | Correct: 61/128 | Elapsed Time: 12.86s
2026-02-09 00:36:54,082 | INFO | Batch 210 | Loss: 1.5092 | Correct: 51/128 | Elapsed Time: 12.73s
2026-02-09 00:37:06,979 | INFO | Batch 220 | Loss: 1.5675 | Correct: 53/128 | Elapsed Time: 12.90s
2026-02-09 00:37:19,883 | INFO | Batch 230 | Loss: 1.3839 | Correct: 64/128 | Elapsed Time: 12.90s
2026-02-09 00:37:32,633 | INFO | Batch 240 | Loss: 1.4768 | Correct: 60/128 | Elapsed Time: 12.75s
2026-02-09 00:37:45,448 | INFO | Batch 250 | Loss: 1.6192 | Correct: 51/128 | Elapsed Time: 12.82s
2026-02-09 00:37:58,211 | INFO | Batch 260 | Loss: 1.5760 | Correct: 56/128 | Elapsed Time: 12.76s
2026-02-09 00:38:10,896 | INFO | Batch 270 | Loss: 1.3397 | Correct: 65/128 | Elapsed Time: 12.68s
2026-02-09 00:38:23,656 | INFO | Batch 280 | Loss: 1.6018 | Correct: 52/128 | Elapsed Time: 12.76s
2026-02-09 00:38:36,461 | INFO | Batch 290 | Loss: 1.4929 | Correct: 54/128 | Elapsed Time: 12.80s
2026-02-09 00:38:49,021 | INFO | Batch 300 | Loss: 1.5092 | Correct: 64/128 | Elapsed Time: 12.56s
2026-02-09 00:39:01,679 | INFO | Batch 310 | Loss: 1.4530 | Correct: 59/128 | Elapsed Time: 12.66s
2026-02-09 00:39:14,416 | INFO | Batch 320 | Loss: 1.4296 | Correct: 61/128 | Elapsed Time: 12.74s
2026-02-09 00:39:27,063 | INFO | Batch 330 | Loss: 1.4374 | Correct: 65/128 | Elapsed Time: 12.65s
2026-02-09 00:39:39,867 | INFO | Batch 340 | Loss: 1.3914 | Correct: 61/128 | Elapsed Time: 12.80s
2026-02-09 00:39:52,749 | INFO | Batch 350 | Loss: 1.3324 | Correct: 65/128 | Elapsed Time: 12.88s
2026-02-09 00:40:05,669 | INFO | Batch 360 | Loss: 1.4609 | Correct: 61/128 | Elapsed Time: 12.92s
2026-02-09 00:40:18,393 | INFO | Batch 370 | Loss: 1.5339 | Correct: 57/128 | Elapsed Time: 12.72s
2026-02-09 00:40:31,384 | INFO | Batch 380 | Loss: 1.4848 | Correct: 57/128 | Elapsed Time: 12.99s
2026-02-09 00:40:44,620 | INFO | Batch 390 | Loss: 1.4142 | Correct: 59/128 | Elapsed Time: 13.24s
2026-02-09 00:40:45,666 | INFO | Epoch [3/100] - Loss: 1.4969 | Correct: 22584/50000 (45.17%, 501.54s)
2026-02-09 00:41:32,418 | INFO | Validation - Loss: 1.4661 | Correct: 4628/10000 (46.28%) (46.75s)
2026-02-09 00:41:32,548 | INFO | New best model saved at epoch 3 with Top1 Acc: 46.28%
2026-02-09 00:41:45,684 | INFO | Batch 10 | Loss: 1.4374 | Correct: 52/128 | Elapsed Time: 13.14s
2026-02-09 00:41:58,980 | INFO | Batch 20 | Loss: 1.3616 | Correct: 66/128 | Elapsed Time: 13.30s
2026-02-09 00:42:12,264 | INFO | Batch 30 | Loss: 1.4374 | Correct: 65/128 | Elapsed Time: 13.28s
2026-02-09 00:42:25,414 | INFO | Batch 40 | Loss: 1.6369 | Correct: 53/128 | Elapsed Time: 13.15s
2026-02-09 00:42:38,666 | INFO | Batch 50 | Loss: 1.5010 | Correct: 59/128 | Elapsed Time: 13.25s
2026-02-09 00:42:51,910 | INFO | Batch 60 | Loss: 1.4689 | Correct: 63/128 | Elapsed Time: 13.24s
2026-02-09 00:43:05,186 | INFO | Batch 70 | Loss: 1.4452 | Correct: 57/128 | Elapsed Time: 13.28s
2026-02-09 00:43:18,482 | INFO | Batch 80 | Loss: 1.3543 | Correct: 66/128 | Elapsed Time: 13.30s
2026-02-09 00:43:31,730 | INFO | Batch 90 | Loss: 1.3469 | Correct: 73/128 | Elapsed Time: 13.25s
2026-02-09 00:43:44,933 | INFO | Batch 100 | Loss: 1.4296 | Correct: 64/128 | Elapsed Time: 13.20s
2026-02-09 00:43:58,181 | INFO | Batch 110 | Loss: 1.4219 | Correct: 60/128 | Elapsed Time: 13.25s
2026-02-09 00:44:11,357 | INFO | Batch 120 | Loss: 1.5590 | Correct: 60/128 | Elapsed Time: 13.18s
2026-02-09 00:44:24,483 | INFO | Batch 130 | Loss: 1.3764 | Correct: 66/128 | Elapsed Time: 13.13s
2026-02-09 00:44:37,720 | INFO | Batch 140 | Loss: 1.3690 | Correct: 60/128 | Elapsed Time: 13.24s
2026-02-09 00:44:50,990 | INFO | Batch 150 | Loss: 1.6105 | Correct: 60/128 | Elapsed Time: 13.27s
2026-02-09 00:45:04,276 | INFO | Batch 160 | Loss: 1.5339 | Correct: 61/128 | Elapsed Time: 13.29s
2026-02-09 00:45:17,405 | INFO | Batch 170 | Loss: 1.3914 | Correct: 69/128 | Elapsed Time: 13.13s
2026-02-09 00:45:30,642 | INFO | Batch 180 | Loss: 1.4066 | Correct: 62/128 | Elapsed Time: 13.24s
2026-02-09 00:45:43,888 | INFO | Batch 190 | Loss: 1.2898 | Correct: 65/128 | Elapsed Time: 13.25s
2026-02-09 00:45:57,070 | INFO | Batch 200 | Loss: 1.2691 | Correct: 70/128 | Elapsed Time: 13.18s
2026-02-09 00:46:11,376 | INFO | Batch 210 | Loss: 1.5174 | Correct: 62/128 | Elapsed Time: 14.31s
2026-02-09 00:46:24,657 | INFO | Batch 220 | Loss: 1.5590 | Correct: 51/128 | Elapsed Time: 13.28s
2026-02-09 00:46:37,769 | INFO | Batch 230 | Loss: 1.3469 | Correct: 64/128 | Elapsed Time: 13.11s
2026-02-09 00:46:50,954 | INFO | Batch 240 | Loss: 1.4066 | Correct: 71/128 | Elapsed Time: 13.19s
2026-02-09 00:47:04,205 | INFO | Batch 250 | Loss: 1.4689 | Correct: 57/128 | Elapsed Time: 13.25s
2026-02-09 00:47:17,305 | INFO | Batch 260 | Loss: 1.2419 | Correct: 69/128 | Elapsed Time: 13.10s
2026-02-09 00:47:30,436 | INFO | Batch 270 | Loss: 1.5675 | Correct: 60/128 | Elapsed Time: 13.13s
2026-02-09 00:47:43,291 | INFO | Batch 280 | Loss: 1.4929 | Correct: 56/128 | Elapsed Time: 12.85s
2026-02-09 00:47:55,978 | INFO | Batch 290 | Loss: 1.3397 | Correct: 71/128 | Elapsed Time: 12.69s
2026-02-09 00:48:08,818 | INFO | Batch 300 | Loss: 1.4689 | Correct: 60/128 | Elapsed Time: 12.84s
2026-02-09 00:48:21,601 | INFO | Batch 310 | Loss: 1.4219 | Correct: 61/128 | Elapsed Time: 12.78s
2026-02-09 00:48:34,379 | INFO | Batch 320 | Loss: 1.5092 | Correct: 53/128 | Elapsed Time: 12.78s
2026-02-09 00:48:47,128 | INFO | Batch 330 | Loss: 1.4219 | Correct: 65/128 | Elapsed Time: 12.75s
2026-02-09 00:48:59,939 | INFO | Batch 340 | Loss: 1.2759 | Correct: 70/128 | Elapsed Time: 12.81s
2026-02-09 00:49:13,018 | INFO | Batch 350 | Loss: 1.3324 | Correct: 69/128 | Elapsed Time: 13.08s
2026-02-09 00:49:25,785 | INFO | Batch 360 | Loss: 1.3616 | Correct: 63/128 | Elapsed Time: 12.77s
2026-02-09 00:49:38,533 | INFO | Batch 370 | Loss: 1.3397 | Correct: 63/128 | Elapsed Time: 12.75s
2026-02-09 00:49:51,369 | INFO | Batch 380 | Loss: 1.3690 | Correct: 64/128 | Elapsed Time: 12.84s
2026-02-09 00:50:04,202 | INFO | Batch 390 | Loss: 1.3181 | Correct: 64/128 | Elapsed Time: 12.83s
2026-02-09 00:50:05,217 | INFO | Epoch [4/100] - Loss: 1.4247 | Correct: 24103/50000 (48.21%, 512.67s)
2026-02-09 00:50:50,759 | INFO | Validation - Loss: 1.4245 | Correct: 4841/10000 (48.41%) (45.54s)
2026-02-09 00:50:50,897 | INFO | New best model saved at epoch 4 with Top1 Acc: 48.41%
2026-02-09 00:51:03,836 | INFO | Batch 10 | Loss: 1.2759 | Correct: 67/128 | Elapsed Time: 12.94s
2026-02-09 00:51:16,761 | INFO | Batch 20 | Loss: 1.3252 | Correct: 69/128 | Elapsed Time: 12.92s
2026-02-09 00:51:29,554 | INFO | Batch 30 | Loss: 1.2554 | Correct: 69/128 | Elapsed Time: 12.79s
2026-02-09 00:51:42,848 | INFO | Batch 40 | Loss: 1.5256 | Correct: 55/128 | Elapsed Time: 13.29s
2026-02-09 00:51:56,132 | INFO | Batch 50 | Loss: 1.6105 | Correct: 52/128 | Elapsed Time: 13.28s
2026-02-09 00:52:09,342 | INFO | Batch 60 | Loss: 1.3324 | Correct: 62/128 | Elapsed Time: 13.21s
2026-02-09 00:52:22,526 | INFO | Batch 70 | Loss: 1.3914 | Correct: 65/128 | Elapsed Time: 13.18s
2026-02-09 00:52:35,789 | INFO | Batch 80 | Loss: 1.2759 | Correct: 68/128 | Elapsed Time: 13.26s
2026-02-09 00:52:48,941 | INFO | Batch 90 | Loss: 1.2554 | Correct: 68/128 | Elapsed Time: 13.15s
2026-02-09 00:53:02,162 | INFO | Batch 100 | Loss: 1.2829 | Correct: 69/128 | Elapsed Time: 13.22s
2026-02-09 00:53:15,544 | INFO | Batch 110 | Loss: 1.3324 | Correct: 65/128 | Elapsed Time: 13.38s
2026-02-09 00:53:28,632 | INFO | Batch 120 | Loss: 1.4609 | Correct: 64/128 | Elapsed Time: 13.09s
2026-02-09 00:53:41,826 | INFO | Batch 130 | Loss: 1.3039 | Correct: 71/128 | Elapsed Time: 13.19s
2026-02-09 00:53:55,123 | INFO | Batch 140 | Loss: 1.4374 | Correct: 59/128 | Elapsed Time: 13.30s
2026-02-09 00:54:08,291 | INFO | Batch 150 | Loss: 1.5422 | Correct: 58/128 | Elapsed Time: 13.17s
2026-02-09 00:54:21,519 | INFO | Batch 160 | Loss: 1.5675 | Correct: 55/128 | Elapsed Time: 13.23s
2026-02-09 00:54:34,783 | INFO | Batch 170 | Loss: 1.5339 | Correct: 58/128 | Elapsed Time: 13.26s
2026-02-09 00:54:47,881 | INFO | Batch 180 | Loss: 1.3324 | Correct: 71/128 | Elapsed Time: 13.10s
2026-02-09 00:55:00,972 | INFO | Batch 190 | Loss: 1.3839 | Correct: 64/128 | Elapsed Time: 13.09s
2026-02-09 00:55:14,247 | INFO | Batch 200 | Loss: 1.2691 | Correct: 74/128 | Elapsed Time: 13.27s
2026-02-09 00:55:27,492 | INFO | Batch 210 | Loss: 1.4066 | Correct: 65/128 | Elapsed Time: 13.24s
2026-02-09 00:55:40,602 | INFO | Batch 220 | Loss: 1.3252 | Correct: 63/128 | Elapsed Time: 13.11s
2026-02-09 00:55:53,852 | INFO | Batch 230 | Loss: 1.5422 | Correct: 61/128 | Elapsed Time: 13.25s
2026-02-09 00:56:07,859 | INFO | Batch 240 | Loss: 1.4452 | Correct: 63/128 | Elapsed Time: 14.01s
2026-02-09 00:56:20,901 | INFO | Batch 250 | Loss: 1.4142 | Correct: 63/128 | Elapsed Time: 13.04s
2026-02-09 00:56:34,140 | INFO | Batch 260 | Loss: 1.3990 | Correct: 64/128 | Elapsed Time: 13.24s
2026-02-09 00:56:47,278 | INFO | Batch 270 | Loss: 1.3469 | Correct: 65/128 | Elapsed Time: 13.14s
2026-02-09 00:57:00,369 | INFO | Batch 280 | Loss: 1.2898 | Correct: 60/128 | Elapsed Time: 13.09s
2026-02-09 00:57:13,567 | INFO | Batch 290 | Loss: 1.3469 | Correct: 71/128 | Elapsed Time: 13.20s
2026-02-09 00:57:26,732 | INFO | Batch 300 | Loss: 1.4768 | Correct: 58/128 | Elapsed Time: 13.17s
2026-02-09 00:57:39,736 | INFO | Batch 310 | Loss: 1.2968 | Correct: 68/128 | Elapsed Time: 13.00s
2026-02-09 00:57:52,960 | INFO | Batch 320 | Loss: 1.4066 | Correct: 69/128 | Elapsed Time: 13.22s
2026-02-09 00:58:06,189 | INFO | Batch 330 | Loss: 1.4219 | Correct: 60/128 | Elapsed Time: 13.23s
2026-02-09 00:58:19,271 | INFO | Batch 340 | Loss: 1.2691 | Correct: 68/128 | Elapsed Time: 13.08s
2026-02-09 00:58:32,028 | INFO | Batch 350 | Loss: 1.4609 | Correct: 63/128 | Elapsed Time: 12.76s
2026-02-09 00:58:44,795 | INFO | Batch 360 | Loss: 1.3039 | Correct: 65/128 | Elapsed Time: 12.77s
2026-02-09 00:58:57,452 | INFO | Batch 370 | Loss: 1.4689 | Correct: 60/128 | Elapsed Time: 12.66s
2026-02-09 00:59:10,266 | INFO | Batch 380 | Loss: 1.3543 | Correct: 69/128 | Elapsed Time: 12.81s
2026-02-09 00:59:23,105 | INFO | Batch 390 | Loss: 1.2759 | Correct: 73/128 | Elapsed Time: 12.84s
2026-02-09 00:59:24,127 | INFO | Epoch [5/100] - Loss: 1.3702 | Correct: 25240/50000 (50.48%, 513.23s)
2026-02-09 01:00:10,537 | INFO | Validation - Loss: 1.5028 | Correct: 4670/10000 (46.70%) (46.41s)
2026-02-09 01:00:23,714 | INFO | Batch 10 | Loss: 1.2352 | Correct: 68/128 | Elapsed Time: 13.18s
2026-02-09 01:00:36,832 | INFO | Batch 20 | Loss: 1.3839 | Correct: 66/128 | Elapsed Time: 13.12s
2026-02-09 01:00:50,154 | INFO | Batch 30 | Loss: 1.5760 | Correct: 59/128 | Elapsed Time: 13.32s
2026-02-09 01:01:03,455 | INFO | Batch 40 | Loss: 1.4452 | Correct: 64/128 | Elapsed Time: 13.30s
2026-02-09 01:01:16,566 | INFO | Batch 50 | Loss: 1.3764 | Correct: 64/128 | Elapsed Time: 13.11s
2026-02-09 01:01:29,718 | INFO | Batch 60 | Loss: 1.3324 | Correct: 62/128 | Elapsed Time: 13.15s
2026-02-09 01:01:42,890 | INFO | Batch 70 | Loss: 1.2486 | Correct: 74/128 | Elapsed Time: 13.17s
2026-02-09 01:01:55,995 | INFO | Batch 80 | Loss: 1.2691 | Correct: 73/128 | Elapsed Time: 13.10s
2026-02-09 01:02:09,181 | INFO | Batch 90 | Loss: 1.4296 | Correct: 59/128 | Elapsed Time: 13.19s
2026-02-09 01:02:22,334 | INFO | Batch 100 | Loss: 1.5092 | Correct: 59/128 | Elapsed Time: 13.15s
2026-02-09 01:02:35,441 | INFO | Batch 110 | Loss: 1.2968 | Correct: 69/128 | Elapsed Time: 13.11s
2026-02-09 01:02:48,682 | INFO | Batch 120 | Loss: 1.5092 | Correct: 60/128 | Elapsed Time: 13.24s
2026-02-09 01:03:01,805 | INFO | Batch 130 | Loss: 1.2898 | Correct: 63/128 | Elapsed Time: 13.12s
2026-02-09 01:03:14,829 | INFO | Batch 140 | Loss: 1.4296 | Correct: 58/128 | Elapsed Time: 13.02s
2026-02-09 01:03:28,038 | INFO | Batch 150 | Loss: 1.3181 | Correct: 72/128 | Elapsed Time: 13.21s
2026-02-09 01:03:41,259 | INFO | Batch 160 | Loss: 1.3181 | Correct: 68/128 | Elapsed Time: 13.22s
2026-02-09 01:03:54,358 | INFO | Batch 170 | Loss: 1.5256 | Correct: 61/128 | Elapsed Time: 13.10s
2026-02-09 01:04:07,626 | INFO | Batch 180 | Loss: 1.2554 | Correct: 71/128 | Elapsed Time: 13.27s
2026-02-09 01:04:20,842 | INFO | Batch 190 | Loss: 1.4609 | Correct: 69/128 | Elapsed Time: 13.22s
2026-02-09 01:04:34,017 | INFO | Batch 200 | Loss: 1.4142 | Correct: 68/128 | Elapsed Time: 13.17s
2026-02-09 01:04:47,070 | INFO | Batch 210 | Loss: 1.4530 | Correct: 54/128 | Elapsed Time: 13.05s
2026-02-09 01:05:00,313 | INFO | Batch 220 | Loss: 1.3324 | Correct: 68/128 | Elapsed Time: 13.24s
2026-02-09 01:05:13,621 | INFO | Batch 230 | Loss: 1.4219 | Correct: 66/128 | Elapsed Time: 13.31s
2026-02-09 01:05:26,699 | INFO | Batch 240 | Loss: 1.1512 | Correct: 76/128 | Elapsed Time: 13.08s
2026-02-09 01:05:39,835 | INFO | Batch 250 | Loss: 1.2022 | Correct: 67/128 | Elapsed Time: 13.14s
2026-02-09 01:05:52,996 | INFO | Batch 260 | Loss: 1.2759 | Correct: 74/128 | Elapsed Time: 13.16s
2026-02-09 01:06:06,806 | INFO | Batch 270 | Loss: 1.1957 | Correct: 76/128 | Elapsed Time: 13.81s
2026-02-09 01:06:19,974 | INFO | Batch 280 | Loss: 1.2285 | Correct: 64/128 | Elapsed Time: 13.17s
2026-02-09 01:06:33,134 | INFO | Batch 290 | Loss: 1.0499 | Correct: 81/128 | Elapsed Time: 13.16s
2026-02-09 01:06:46,040 | INFO | Batch 300 | Loss: 1.3469 | Correct: 64/128 | Elapsed Time: 12.91s
2026-02-09 01:06:58,890 | INFO | Batch 310 | Loss: 1.2554 | Correct: 68/128 | Elapsed Time: 12.85s
2026-02-09 01:07:11,721 | INFO | Batch 320 | Loss: 1.0846 | Correct: 80/128 | Elapsed Time: 12.83s
2026-02-09 01:07:24,434 | INFO | Batch 330 | Loss: 1.2486 | Correct: 68/128 | Elapsed Time: 12.71s
2026-02-09 01:07:37,205 | INFO | Batch 340 | Loss: 1.4374 | Correct: 73/128 | Elapsed Time: 12.77s
2026-02-09 01:07:50,005 | INFO | Batch 350 | Loss: 1.3839 | Correct: 63/128 | Elapsed Time: 12.80s
2026-02-09 01:08:02,811 | INFO | Batch 360 | Loss: 1.3181 | Correct: 64/128 | Elapsed Time: 12.81s
2026-02-09 01:08:15,936 | INFO | Batch 370 | Loss: 1.2968 | Correct: 61/128 | Elapsed Time: 13.12s
2026-02-09 01:08:29,152 | INFO | Batch 380 | Loss: 1.4296 | Correct: 62/128 | Elapsed Time: 13.22s
2026-02-09 01:08:42,240 | INFO | Batch 390 | Loss: 1.3764 | Correct: 67/128 | Elapsed Time: 13.09s
2026-02-09 01:08:43,285 | INFO | Epoch [6/100] - Loss: 1.3231 | Correct: 26147/50000 (52.29%, 512.75s)
2026-02-09 01:09:30,136 | INFO | Validation - Loss: 1.3429 | Correct: 5121/10000 (51.21%) (46.85s)
2026-02-09 01:09:30,276 | INFO | New best model saved at epoch 6 with Top1 Acc: 51.21%
2026-02-09 01:09:43,334 | INFO | Batch 10 | Loss: 1.2419 | Correct: 74/128 | Elapsed Time: 13.06s
2026-02-09 01:09:56,551 | INFO | Batch 20 | Loss: 1.3252 | Correct: 66/128 | Elapsed Time: 13.22s
2026-02-09 01:10:09,768 | INFO | Batch 30 | Loss: 1.1450 | Correct: 76/128 | Elapsed Time: 13.22s
2026-02-09 01:10:22,887 | INFO | Batch 40 | Loss: 1.3914 | Correct: 58/128 | Elapsed Time: 13.12s
2026-02-09 01:10:36,123 | INFO | Batch 50 | Loss: 1.3469 | Correct: 64/128 | Elapsed Time: 13.24s
2026-02-09 01:10:49,334 | INFO | Batch 60 | Loss: 1.3616 | Correct: 65/128 | Elapsed Time: 13.21s
2026-02-09 01:11:02,398 | INFO | Batch 70 | Loss: 1.3616 | Correct: 68/128 | Elapsed Time: 13.06s
2026-02-09 01:11:15,646 | INFO | Batch 80 | Loss: 1.1892 | Correct: 69/128 | Elapsed Time: 13.25s
2026-02-09 01:11:28,787 | INFO | Batch 90 | Loss: 1.3764 | Correct: 67/128 | Elapsed Time: 13.14s
2026-02-09 01:11:41,777 | INFO | Batch 100 | Loss: 1.3397 | Correct: 68/128 | Elapsed Time: 12.99s
2026-02-09 01:11:54,971 | INFO | Batch 110 | Loss: 1.2218 | Correct: 70/128 | Elapsed Time: 13.19s
2026-02-09 01:12:08,231 | INFO | Batch 120 | Loss: 1.6458 | Correct: 51/128 | Elapsed Time: 13.26s
2026-02-09 01:12:21,340 | INFO | Batch 130 | Loss: 1.2419 | Correct: 74/128 | Elapsed Time: 13.11s
2026-02-09 01:12:34,521 | INFO | Batch 140 | Loss: 1.4848 | Correct: 62/128 | Elapsed Time: 13.18s
2026-02-09 01:12:47,753 | INFO | Batch 150 | Loss: 1.4530 | Correct: 68/128 | Elapsed Time: 13.23s
2026-02-09 01:13:00,920 | INFO | Batch 160 | Loss: 1.1764 | Correct: 71/128 | Elapsed Time: 13.17s
2026-02-09 01:13:14,044 | INFO | Batch 170 | Loss: 1.3616 | Correct: 67/128 | Elapsed Time: 13.12s
2026-02-09 01:13:27,223 | INFO | Batch 180 | Loss: 1.2486 | Correct: 75/128 | Elapsed Time: 13.18s
2026-02-09 01:13:40,416 | INFO | Batch 190 | Loss: 1.1326 | Correct: 75/128 | Elapsed Time: 13.19s
2026-02-09 01:13:53,438 | INFO | Batch 200 | Loss: 1.4066 | Correct: 63/128 | Elapsed Time: 13.02s
2026-02-09 01:14:06,661 | INFO | Batch 210 | Loss: 1.1388 | Correct: 78/128 | Elapsed Time: 13.22s
2026-02-09 01:14:19,797 | INFO | Batch 220 | Loss: 1.2898 | Correct: 59/128 | Elapsed Time: 13.14s
2026-02-09 01:14:32,865 | INFO | Batch 230 | Loss: 1.1828 | Correct: 72/128 | Elapsed Time: 13.07s
2026-02-09 01:14:46,131 | INFO | Batch 240 | Loss: 1.3690 | Correct: 68/128 | Elapsed Time: 13.27s
2026-02-09 01:14:59,298 | INFO | Batch 250 | Loss: 1.5422 | Correct: 60/128 | Elapsed Time: 13.17s
2026-02-09 01:15:12,195 | INFO | Batch 260 | Loss: 1.3397 | Correct: 68/128 | Elapsed Time: 12.90s
2026-02-09 01:15:24,971 | INFO | Batch 270 | Loss: 1.4374 | Correct: 63/128 | Elapsed Time: 12.78s
2026-02-09 01:15:37,780 | INFO | Batch 280 | Loss: 1.1144 | Correct: 81/128 | Elapsed Time: 12.81s
2026-02-09 01:15:50,566 | INFO | Batch 290 | Loss: 1.3181 | Correct: 69/128 | Elapsed Time: 12.79s
2026-02-09 01:16:03,996 | INFO | Batch 300 | Loss: 1.2622 | Correct: 69/128 | Elapsed Time: 13.43s
2026-02-09 01:16:17,027 | INFO | Batch 310 | Loss: 1.2898 | Correct: 73/128 | Elapsed Time: 13.03s
2026-02-09 01:16:29,956 | INFO | Batch 320 | Loss: 1.2968 | Correct: 65/128 | Elapsed Time: 12.93s
2026-02-09 01:16:43,025 | INFO | Batch 330 | Loss: 1.2419 | Correct: 67/128 | Elapsed Time: 13.07s
2026-02-09 01:16:56,313 | INFO | Batch 340 | Loss: 1.0330 | Correct: 87/128 | Elapsed Time: 13.29s
2026-02-09 01:17:09,479 | INFO | Batch 350 | Loss: 1.1204 | Correct: 78/128 | Elapsed Time: 13.17s
2026-02-09 01:17:22,724 | INFO | Batch 360 | Loss: 1.2968 | Correct: 67/128 | Elapsed Time: 13.24s
2026-02-09 01:17:35,911 | INFO | Batch 370 | Loss: 1.2829 | Correct: 64/128 | Elapsed Time: 13.19s
2026-02-09 01:17:49,067 | INFO | Batch 380 | Loss: 1.3324 | Correct: 69/128 | Elapsed Time: 13.16s
2026-02-09 01:18:02,172 | INFO | Batch 390 | Loss: 1.2419 | Correct: 68/128 | Elapsed Time: 13.11s
2026-02-09 01:18:03,268 | INFO | Epoch [7/100] - Loss: 1.2826 | Correct: 27139/50000 (54.28%, 512.99s)
2026-02-09 01:18:50,037 | INFO | Validation - Loss: 1.3256 | Correct: 5181/10000 (51.81%) (46.77s)
2026-02-09 01:18:50,175 | INFO | New best model saved at epoch 7 with Top1 Acc: 51.81%
2026-02-09 01:19:03,336 | INFO | Batch 10 | Loss: 1.3181 | Correct: 68/128 | Elapsed Time: 13.16s
2026-02-09 01:19:16,514 | INFO | Batch 20 | Loss: 1.2898 | Correct: 70/128 | Elapsed Time: 13.18s
2026-02-09 01:19:29,557 | INFO | Batch 30 | Loss: 1.4296 | Correct: 66/128 | Elapsed Time: 13.04s
2026-02-09 01:19:42,793 | INFO | Batch 40 | Loss: 1.2087 | Correct: 74/128 | Elapsed Time: 13.24s
2026-02-09 01:19:56,035 | INFO | Batch 50 | Loss: 1.1892 | Correct: 71/128 | Elapsed Time: 13.24s
2026-02-09 01:20:08,996 | INFO | Batch 60 | Loss: 1.2022 | Correct: 68/128 | Elapsed Time: 12.96s
2026-02-09 01:20:22,108 | INFO | Batch 70 | Loss: 1.1764 | Correct: 73/128 | Elapsed Time: 13.11s
2026-02-09 01:20:35,184 | INFO | Batch 80 | Loss: 1.2829 | Correct: 72/128 | Elapsed Time: 13.08s
2026-02-09 01:20:48,212 | INFO | Batch 90 | Loss: 1.2554 | Correct: 64/128 | Elapsed Time: 13.03s
2026-02-09 01:21:01,335 | INFO | Batch 100 | Loss: 1.2554 | Correct: 73/128 | Elapsed Time: 13.12s
2026-02-09 01:21:14,533 | INFO | Batch 110 | Loss: 1.2829 | Correct: 63/128 | Elapsed Time: 13.20s
2026-02-09 01:21:27,531 | INFO | Batch 120 | Loss: 1.3039 | Correct: 65/128 | Elapsed Time: 13.00s
2026-02-09 01:21:40,643 | INFO | Batch 130 | Loss: 1.2759 | Correct: 71/128 | Elapsed Time: 13.11s
2026-02-09 01:21:53,812 | INFO | Batch 140 | Loss: 1.3324 | Correct: 73/128 | Elapsed Time: 13.17s
2026-02-09 01:22:07,096 | INFO | Batch 150 | Loss: 1.3110 | Correct: 64/128 | Elapsed Time: 13.28s
2026-02-09 01:22:20,194 | INFO | Batch 160 | Loss: 1.2352 | Correct: 71/128 | Elapsed Time: 13.10s
2026-02-09 01:22:33,371 | INFO | Batch 170 | Loss: 1.0443 | Correct: 76/128 | Elapsed Time: 13.18s
2026-02-09 01:22:46,577 | INFO | Batch 180 | Loss: 1.2352 | Correct: 72/128 | Elapsed Time: 13.21s
2026-02-09 01:22:59,611 | INFO | Batch 190 | Loss: 1.1764 | Correct: 78/128 | Elapsed Time: 13.03s
2026-02-09 01:23:12,836 | INFO | Batch 200 | Loss: 1.2152 | Correct: 73/128 | Elapsed Time: 13.22s
2026-02-09 01:23:25,997 | INFO | Batch 210 | Loss: 1.2486 | Correct: 74/128 | Elapsed Time: 13.16s
2026-02-09 01:23:38,637 | INFO | Batch 220 | Loss: 1.2419 | Correct: 72/128 | Elapsed Time: 12.64s
2026-02-09 01:23:51,420 | INFO | Batch 230 | Loss: 1.2352 | Correct: 73/128 | Elapsed Time: 12.78s
2026-02-09 01:24:04,264 | INFO | Batch 240 | Loss: 1.2622 | Correct: 64/128 | Elapsed Time: 12.84s
2026-02-09 01:24:16,950 | INFO | Batch 250 | Loss: 1.1512 | Correct: 78/128 | Elapsed Time: 12.69s
2026-02-09 01:24:29,748 | INFO | Batch 260 | Loss: 1.4929 | Correct: 66/128 | Elapsed Time: 12.80s
2026-02-09 01:24:42,585 | INFO | Batch 270 | Loss: 1.2419 | Correct: 67/128 | Elapsed Time: 12.84s
2026-02-09 01:24:55,376 | INFO | Batch 280 | Loss: 1.2759 | Correct: 65/128 | Elapsed Time: 12.79s
2026-02-09 01:25:08,657 | INFO | Batch 290 | Loss: 1.2691 | Correct: 73/128 | Elapsed Time: 13.28s
2026-02-09 01:25:21,868 | INFO | Batch 300 | Loss: 1.3252 | Correct: 62/128 | Elapsed Time: 13.21s
2026-02-09 01:25:34,987 | INFO | Batch 310 | Loss: 1.2759 | Correct: 69/128 | Elapsed Time: 13.12s
2026-02-09 01:25:48,267 | INFO | Batch 320 | Loss: 1.3324 | Correct: 71/128 | Elapsed Time: 13.28s
2026-02-09 01:26:01,702 | INFO | Batch 330 | Loss: 1.3252 | Correct: 67/128 | Elapsed Time: 13.43s
2026-02-09 01:26:15,371 | INFO | Batch 340 | Loss: 1.3181 | Correct: 66/128 | Elapsed Time: 13.67s
2026-02-09 01:26:28,607 | INFO | Batch 350 | Loss: 1.2285 | Correct: 74/128 | Elapsed Time: 13.24s
2026-02-09 01:26:41,832 | INFO | Batch 360 | Loss: 1.2419 | Correct: 73/128 | Elapsed Time: 13.22s
2026-02-09 01:26:55,060 | INFO | Batch 370 | Loss: 1.3110 | Correct: 65/128 | Elapsed Time: 13.23s
2026-02-09 01:27:08,213 | INFO | Batch 380 | Loss: 1.1892 | Correct: 73/128 | Elapsed Time: 13.15s
2026-02-09 01:27:21,429 | INFO | Batch 390 | Loss: 1.1764 | Correct: 68/128 | Elapsed Time: 13.22s
2026-02-09 01:27:22,480 | INFO | Epoch [8/100] - Loss: 1.2595 | Correct: 27239/50000 (54.48%, 512.31s)
2026-02-09 01:28:09,194 | INFO | Validation - Loss: 1.2594 | Correct: 5587/10000 (55.87%) (46.71s)
2026-02-09 01:28:09,324 | INFO | New best model saved at epoch 8 with Top1 Acc: 55.87%
2026-02-09 01:28:22,525 | INFO | Batch 10 | Loss: 1.1637 | Correct: 77/128 | Elapsed Time: 13.20s
2026-02-09 01:28:35,493 | INFO | Batch 20 | Loss: 1.1892 | Correct: 70/128 | Elapsed Time: 12.97s
2026-02-09 01:28:48,731 | INFO | Batch 30 | Loss: 1.1700 | Correct: 73/128 | Elapsed Time: 13.24s
2026-02-09 01:29:01,955 | INFO | Batch 40 | Loss: 1.3616 | Correct: 65/128 | Elapsed Time: 13.22s
2026-02-09 01:29:15,092 | INFO | Batch 50 | Loss: 1.2152 | Correct: 72/128 | Elapsed Time: 13.14s
2026-02-09 01:29:28,263 | INFO | Batch 60 | Loss: 1.1265 | Correct: 76/128 | Elapsed Time: 13.17s
2026-02-09 01:29:41,432 | INFO | Batch 70 | Loss: 1.2152 | Correct: 66/128 | Elapsed Time: 13.17s
2026-02-09 01:29:54,435 | INFO | Batch 80 | Loss: 1.4530 | Correct: 60/128 | Elapsed Time: 13.00s
2026-02-09 01:30:07,611 | INFO | Batch 90 | Loss: 1.1326 | Correct: 78/128 | Elapsed Time: 13.18s
2026-02-09 01:30:20,674 | INFO | Batch 100 | Loss: 1.0386 | Correct: 77/128 | Elapsed Time: 13.06s
2026-02-09 01:30:33,872 | INFO | Batch 110 | Loss: 1.2691 | Correct: 65/128 | Elapsed Time: 13.20s
2026-02-09 01:30:46,921 | INFO | Batch 120 | Loss: 1.3110 | Correct: 64/128 | Elapsed Time: 13.05s
2026-02-09 01:31:00,051 | INFO | Batch 130 | Loss: 1.1326 | Correct: 83/128 | Elapsed Time: 13.13s
2026-02-09 01:31:13,203 | INFO | Batch 140 | Loss: 1.2352 | Correct: 71/128 | Elapsed Time: 13.15s
2026-02-09 01:31:26,190 | INFO | Batch 150 | Loss: 1.1024 | Correct: 67/128 | Elapsed Time: 12.99s
2026-02-09 01:31:39,422 | INFO | Batch 160 | Loss: 1.2554 | Correct: 69/128 | Elapsed Time: 13.23s
2026-02-09 01:31:52,619 | INFO | Batch 170 | Loss: 1.2218 | Correct: 74/128 | Elapsed Time: 13.20s
2026-02-09 01:32:05,364 | INFO | Batch 180 | Loss: 1.1764 | Correct: 75/128 | Elapsed Time: 12.75s
2026-02-09 01:32:18,087 | INFO | Batch 190 | Loss: 1.2352 | Correct: 69/128 | Elapsed Time: 12.72s
2026-02-09 01:32:30,907 | INFO | Batch 200 | Loss: 1.4296 | Correct: 70/128 | Elapsed Time: 12.82s
2026-02-09 01:32:43,638 | INFO | Batch 210 | Loss: 1.2486 | Correct: 70/128 | Elapsed Time: 12.73s
2026-02-09 01:32:56,520 | INFO | Batch 220 | Loss: 1.2087 | Correct: 74/128 | Elapsed Time: 12.88s
2026-02-09 01:33:09,426 | INFO | Batch 230 | Loss: 1.1828 | Correct: 73/128 | Elapsed Time: 12.91s
2026-02-09 01:33:22,208 | INFO | Batch 240 | Loss: 1.0788 | Correct: 73/128 | Elapsed Time: 12.78s
2026-02-09 01:33:35,219 | INFO | Batch 250 | Loss: 1.1957 | Correct: 77/128 | Elapsed Time: 13.01s
2026-02-09 01:33:48,230 | INFO | Batch 260 | Loss: 1.2968 | Correct: 69/128 | Elapsed Time: 13.01s
2026-02-09 01:34:01,306 | INFO | Batch 270 | Loss: 1.2285 | Correct: 64/128 | Elapsed Time: 13.08s
2026-02-09 01:34:14,484 | INFO | Batch 280 | Loss: 1.2829 | Correct: 64/128 | Elapsed Time: 13.18s
2026-02-09 01:34:27,628 | INFO | Batch 290 | Loss: 1.3039 | Correct: 69/128 | Elapsed Time: 13.14s
2026-02-09 01:34:40,688 | INFO | Batch 300 | Loss: 1.2898 | Correct: 65/128 | Elapsed Time: 13.06s
2026-02-09 01:34:53,970 | INFO | Batch 310 | Loss: 1.3543 | Correct: 63/128 | Elapsed Time: 13.28s
2026-02-09 01:35:07,199 | INFO | Batch 320 | Loss: 1.0556 | Correct: 81/128 | Elapsed Time: 13.23s
2026-02-09 01:35:20,348 | INFO | Batch 330 | Loss: 1.2152 | Correct: 76/128 | Elapsed Time: 13.15s
2026-02-09 01:35:33,423 | INFO | Batch 340 | Loss: 1.1637 | Correct: 76/128 | Elapsed Time: 13.08s
2026-02-09 01:35:46,550 | INFO | Batch 350 | Loss: 1.2486 | Correct: 72/128 | Elapsed Time: 13.13s
2026-02-09 01:35:59,437 | INFO | Batch 360 | Loss: 1.1265 | Correct: 79/128 | Elapsed Time: 12.89s
2026-02-09 01:36:12,751 | INFO | Batch 370 | Loss: 1.3469 | Correct: 76/128 | Elapsed Time: 13.31s
2026-02-09 01:36:25,649 | INFO | Batch 380 | Loss: 1.1764 | Correct: 69/128 | Elapsed Time: 12.90s
2026-02-09 01:36:38,562 | INFO | Batch 390 | Loss: 1.3764 | Correct: 69/128 | Elapsed Time: 12.91s
2026-02-09 01:36:39,584 | INFO | Epoch [9/100] - Loss: 1.2208 | Correct: 28169/50000 (56.34%, 510.26s)
2026-02-09 01:37:25,150 | INFO | Validation - Loss: 1.2368 | Correct: 5586/10000 (55.86%) (45.56s)
2026-02-09 01:37:37,928 | INFO | Batch 10 | Loss: 1.2087 | Correct: 70/128 | Elapsed Time: 12.78s
2026-02-09 01:37:50,864 | INFO | Batch 20 | Loss: 1.2022 | Correct: 79/128 | Elapsed Time: 12.94s
2026-02-09 01:38:03,861 | INFO | Batch 30 | Loss: 1.1144 | Correct: 73/128 | Elapsed Time: 13.00s
2026-02-09 01:38:16,587 | INFO | Batch 40 | Loss: 1.2829 | Correct: 73/128 | Elapsed Time: 12.73s
2026-02-09 01:38:29,420 | INFO | Batch 50 | Loss: 1.2022 | Correct: 68/128 | Elapsed Time: 12.83s
2026-02-09 01:38:42,288 | INFO | Batch 60 | Loss: 1.1574 | Correct: 81/128 | Elapsed Time: 12.87s
2026-02-09 01:38:55,048 | INFO | Batch 70 | Loss: 1.2152 | Correct: 68/128 | Elapsed Time: 12.76s
2026-02-09 01:39:07,970 | INFO | Batch 80 | Loss: 0.9680 | Correct: 84/128 | Elapsed Time: 12.92s
2026-02-09 01:39:20,795 | INFO | Batch 90 | Loss: 1.1265 | Correct: 83/128 | Elapsed Time: 12.82s
2026-02-09 01:39:33,617 | INFO | Batch 100 | Loss: 1.1764 | Correct: 73/128 | Elapsed Time: 12.82s
2026-02-09 01:39:46,503 | INFO | Batch 110 | Loss: 1.2218 | Correct: 82/128 | Elapsed Time: 12.89s
2026-02-09 01:39:59,333 | INFO | Batch 120 | Loss: 1.3690 | Correct: 59/128 | Elapsed Time: 12.83s
2026-02-09 01:40:12,123 | INFO | Batch 130 | Loss: 1.2554 | Correct: 74/128 | Elapsed Time: 12.79s
2026-02-09 01:40:24,936 | INFO | Batch 140 | Loss: 1.2829 | Correct: 73/128 | Elapsed Time: 12.81s
2026-02-09 01:40:37,693 | INFO | Batch 150 | Loss: 1.1637 | Correct: 80/128 | Elapsed Time: 12.76s
2026-02-09 01:40:50,347 | INFO | Batch 160 | Loss: 1.2691 | Correct: 67/128 | Elapsed Time: 12.65s
2026-02-09 01:41:03,211 | INFO | Batch 170 | Loss: 1.2486 | Correct: 74/128 | Elapsed Time: 12.86s
2026-02-09 01:41:16,020 | INFO | Batch 180 | Loss: 1.1512 | Correct: 84/128 | Elapsed Time: 12.81s
2026-02-09 01:41:28,709 | INFO | Batch 190 | Loss: 1.1144 | Correct: 72/128 | Elapsed Time: 12.69s
2026-02-09 01:41:41,508 | INFO | Batch 200 | Loss: 1.2419 | Correct: 72/128 | Elapsed Time: 12.80s
2026-02-09 01:41:54,307 | INFO | Batch 210 | Loss: 1.1512 | Correct: 79/128 | Elapsed Time: 12.80s
2026-02-09 01:42:07,144 | INFO | Batch 220 | Loss: 1.2087 | Correct: 74/128 | Elapsed Time: 12.84s
2026-02-09 01:42:19,790 | INFO | Batch 230 | Loss: 1.0788 | Correct: 84/128 | Elapsed Time: 12.65s
2026-02-09 01:42:32,464 | INFO | Batch 240 | Loss: 1.1388 | Correct: 74/128 | Elapsed Time: 12.67s
2026-02-09 01:42:45,167 | INFO | Batch 250 | Loss: 1.0729 | Correct: 77/128 | Elapsed Time: 12.70s
2026-02-09 01:42:57,826 | INFO | Batch 260 | Loss: 1.2285 | Correct: 73/128 | Elapsed Time: 12.66s
2026-02-09 01:43:10,728 | INFO | Batch 270 | Loss: 1.3839 | Correct: 61/128 | Elapsed Time: 12.90s
2026-02-09 01:43:23,545 | INFO | Batch 280 | Loss: 1.2759 | Correct: 69/128 | Elapsed Time: 12.82s
2026-02-09 01:43:36,205 | INFO | Batch 290 | Loss: 1.0671 | Correct: 70/128 | Elapsed Time: 12.66s
2026-02-09 01:43:48,968 | INFO | Batch 300 | Loss: 1.1892 | Correct: 75/128 | Elapsed Time: 12.76s
2026-02-09 01:44:01,716 | INFO | Batch 310 | Loss: 1.2152 | Correct: 77/128 | Elapsed Time: 12.75s
2026-02-09 01:44:14,599 | INFO | Batch 320 | Loss: 1.2691 | Correct: 70/128 | Elapsed Time: 12.88s
2026-02-09 01:44:27,388 | INFO | Batch 330 | Loss: 1.2898 | Correct: 72/128 | Elapsed Time: 12.79s
2026-02-09 01:44:40,195 | INFO | Batch 340 | Loss: 1.0386 | Correct: 87/128 | Elapsed Time: 12.81s
2026-02-09 01:44:52,819 | INFO | Batch 350 | Loss: 1.5010 | Correct: 62/128 | Elapsed Time: 12.62s
2026-02-09 01:45:05,601 | INFO | Batch 360 | Loss: 1.1326 | Correct: 76/128 | Elapsed Time: 12.78s
2026-02-09 01:45:18,354 | INFO | Batch 370 | Loss: 1.3252 | Correct: 65/128 | Elapsed Time: 12.75s
2026-02-09 01:45:31,053 | INFO | Batch 380 | Loss: 1.2285 | Correct: 71/128 | Elapsed Time: 12.70s
2026-02-09 01:45:43,843 | INFO | Batch 390 | Loss: 1.0905 | Correct: 78/128 | Elapsed Time: 12.79s
2026-02-09 01:45:44,856 | INFO | Epoch [10/100] - Loss: 1.1975 | Correct: 28656/50000 (57.31%, 499.71s)
2026-02-09 01:46:30,727 | INFO | Validation - Loss: 1.2169 | Correct: 5635/10000 (56.35%) (45.87s)
2026-02-09 01:46:30,858 | INFO | New best model saved at epoch 10 with Top1 Acc: 56.35%
2026-02-09 01:46:43,547 | INFO | Batch 10 | Loss: 1.1574 | Correct: 77/128 | Elapsed Time: 12.69s
2026-02-09 01:46:56,315 | INFO | Batch 20 | Loss: 1.1892 | Correct: 77/128 | Elapsed Time: 12.77s
2026-02-09 01:47:08,956 | INFO | Batch 30 | Loss: 1.0729 | Correct: 79/128 | Elapsed Time: 12.64s
2026-02-09 01:47:21,652 | INFO | Batch 40 | Loss: 1.2087 | Correct: 75/128 | Elapsed Time: 12.70s
2026-02-09 01:47:34,358 | INFO | Batch 50 | Loss: 1.3324 | Correct: 65/128 | Elapsed Time: 12.71s
2026-02-09 01:47:47,062 | INFO | Batch 60 | Loss: 1.2087 | Correct: 73/128 | Elapsed Time: 12.70s
2026-02-09 01:47:59,802 | INFO | Batch 70 | Loss: 1.3839 | Correct: 64/128 | Elapsed Time: 12.74s
2026-02-09 01:48:12,580 | INFO | Batch 80 | Loss: 1.1764 | Correct: 70/128 | Elapsed Time: 12.78s
2026-02-09 01:48:25,276 | INFO | Batch 90 | Loss: 1.1700 | Correct: 71/128 | Elapsed Time: 12.70s
2026-02-09 01:48:38,013 | INFO | Batch 100 | Loss: 1.2087 | Correct: 71/128 | Elapsed Time: 12.74s
2026-02-09 01:48:50,751 | INFO | Batch 110 | Loss: 1.1204 | Correct: 77/128 | Elapsed Time: 12.74s
2026-02-09 01:49:03,494 | INFO | Batch 120 | Loss: 1.1265 | Correct: 76/128 | Elapsed Time: 12.74s
2026-02-09 01:49:16,185 | INFO | Batch 130 | Loss: 1.1700 | Correct: 74/128 | Elapsed Time: 12.69s
2026-02-09 01:49:28,895 | INFO | Batch 140 | Loss: 1.2622 | Correct: 75/128 | Elapsed Time: 12.71s
2026-02-09 01:49:41,467 | INFO | Batch 150 | Loss: 1.3039 | Correct: 71/128 | Elapsed Time: 12.57s
2026-02-09 01:49:54,192 | INFO | Batch 160 | Loss: 1.1204 | Correct: 78/128 | Elapsed Time: 12.72s
2026-02-09 01:50:06,998 | INFO | Batch 170 | Loss: 1.0905 | Correct: 89/128 | Elapsed Time: 12.81s
2026-02-09 01:50:19,593 | INFO | Batch 180 | Loss: 1.1764 | Correct: 71/128 | Elapsed Time: 12.60s
2026-02-09 01:50:32,273 | INFO | Batch 190 | Loss: 1.1892 | Correct: 68/128 | Elapsed Time: 12.68s
2026-02-09 01:50:45,014 | INFO | Batch 200 | Loss: 1.2152 | Correct: 78/128 | Elapsed Time: 12.74s
2026-02-09 01:50:57,687 | INFO | Batch 210 | Loss: 1.0330 | Correct: 77/128 | Elapsed Time: 12.67s
2026-02-09 01:51:10,583 | INFO | Batch 220 | Loss: 1.1204 | Correct: 80/128 | Elapsed Time: 12.90s
2026-02-09 01:51:23,343 | INFO | Batch 230 | Loss: 1.0846 | Correct: 75/128 | Elapsed Time: 12.76s
2026-02-09 01:51:36,074 | INFO | Batch 240 | Loss: 1.3616 | Correct: 66/128 | Elapsed Time: 12.73s
2026-02-09 01:51:48,735 | INFO | Batch 250 | Loss: 1.1326 | Correct: 85/128 | Elapsed Time: 12.66s
2026-02-09 01:52:01,503 | INFO | Batch 260 | Loss: 1.2218 | Correct: 72/128 | Elapsed Time: 12.77s
2026-02-09 01:52:14,380 | INFO | Batch 270 | Loss: 1.2218 | Correct: 67/128 | Elapsed Time: 12.88s
2026-02-09 01:52:27,028 | INFO | Batch 280 | Loss: 1.1764 | Correct: 75/128 | Elapsed Time: 12.65s
2026-02-09 01:52:39,883 | INFO | Batch 290 | Loss: 1.0219 | Correct: 85/128 | Elapsed Time: 12.86s
2026-02-09 01:52:52,672 | INFO | Batch 300 | Loss: 1.2554 | Correct: 75/128 | Elapsed Time: 12.79s
2026-02-09 01:53:05,394 | INFO | Batch 310 | Loss: 1.1764 | Correct: 73/128 | Elapsed Time: 12.72s
2026-02-09 01:53:18,186 | INFO | Batch 320 | Loss: 1.0729 | Correct: 70/128 | Elapsed Time: 12.79s
2026-02-09 01:53:30,937 | INFO | Batch 330 | Loss: 1.2554 | Correct: 67/128 | Elapsed Time: 12.75s
2026-02-09 01:53:43,631 | INFO | Batch 340 | Loss: 1.3397 | Correct: 71/128 | Elapsed Time: 12.69s
2026-02-09 01:53:56,466 | INFO | Batch 350 | Loss: 1.0614 | Correct: 76/128 | Elapsed Time: 12.83s
2026-02-09 01:54:09,323 | INFO | Batch 360 | Loss: 1.0671 | Correct: 75/128 | Elapsed Time: 12.86s
2026-02-09 01:54:22,048 | INFO | Batch 370 | Loss: 1.1828 | Correct: 78/128 | Elapsed Time: 12.72s
2026-02-09 01:54:34,816 | INFO | Batch 380 | Loss: 1.1700 | Correct: 80/128 | Elapsed Time: 12.77s
2026-02-09 01:54:47,615 | INFO | Batch 390 | Loss: 1.5092 | Correct: 60/128 | Elapsed Time: 12.80s
2026-02-09 01:54:48,635 | INFO | Epoch [11/100] - Loss: 1.1750 | Correct: 28932/50000 (57.86%, 497.78s)
2026-02-09 01:55:33,891 | INFO | Validation - Loss: 1.2676 | Correct: 5530/10000 (55.30%) (45.25s)
2026-02-09 01:55:46,713 | INFO | Batch 10 | Loss: 1.1265 | Correct: 76/128 | Elapsed Time: 12.82s
2026-02-09 01:55:59,625 | INFO | Batch 20 | Loss: 1.2759 | Correct: 65/128 | Elapsed Time: 12.91s
2026-02-09 01:56:13,206 | INFO | Batch 30 | Loss: 1.0964 | Correct: 72/128 | Elapsed Time: 13.58s
2026-02-09 01:56:26,008 | INFO | Batch 40 | Loss: 1.1957 | Correct: 74/128 | Elapsed Time: 12.80s
2026-02-09 01:56:38,684 | INFO | Batch 50 | Loss: 1.0729 | Correct: 79/128 | Elapsed Time: 12.68s
2026-02-09 01:56:51,434 | INFO | Batch 60 | Loss: 1.0330 | Correct: 85/128 | Elapsed Time: 12.75s
2026-02-09 01:57:04,277 | INFO | Batch 70 | Loss: 1.0109 | Correct: 77/128 | Elapsed Time: 12.84s
2026-02-09 01:57:16,889 | INFO | Batch 80 | Loss: 1.3039 | Correct: 65/128 | Elapsed Time: 12.61s
2026-02-09 01:57:29,615 | INFO | Batch 90 | Loss: 1.0788 | Correct: 81/128 | Elapsed Time: 12.73s
2026-02-09 01:57:42,408 | INFO | Batch 100 | Loss: 1.2759 | Correct: 69/128 | Elapsed Time: 12.79s
2026-02-09 01:57:55,158 | INFO | Batch 110 | Loss: 1.1764 | Correct: 77/128 | Elapsed Time: 12.75s
2026-02-09 01:58:08,072 | INFO | Batch 120 | Loss: 1.2419 | Correct: 77/128 | Elapsed Time: 12.91s
2026-02-09 01:58:20,764 | INFO | Batch 130 | Loss: 1.0788 | Correct: 80/128 | Elapsed Time: 12.69s
2026-02-09 01:58:33,438 | INFO | Batch 140 | Loss: 1.1700 | Correct: 70/128 | Elapsed Time: 12.67s
2026-02-09 01:58:46,190 | INFO | Batch 150 | Loss: 1.1265 | Correct: 76/128 | Elapsed Time: 12.75s
2026-02-09 01:58:58,932 | INFO | Batch 160 | Loss: 1.0788 | Correct: 75/128 | Elapsed Time: 12.74s
2026-02-09 01:59:11,614 | INFO | Batch 170 | Loss: 1.1764 | Correct: 81/128 | Elapsed Time: 12.68s
2026-02-09 01:59:24,309 | INFO | Batch 180 | Loss: 1.2486 | Correct: 72/128 | Elapsed Time: 12.69s
2026-02-09 01:59:37,069 | INFO | Batch 190 | Loss: 1.3039 | Correct: 66/128 | Elapsed Time: 12.76s
2026-02-09 01:59:49,699 | INFO | Batch 200 | Loss: 1.2554 | Correct: 74/128 | Elapsed Time: 12.63s
2026-02-09 02:00:02,390 | INFO | Batch 210 | Loss: 1.1957 | Correct: 71/128 | Elapsed Time: 12.69s
2026-02-09 02:00:15,109 | INFO | Batch 220 | Loss: 0.9576 | Correct: 84/128 | Elapsed Time: 12.72s
2026-02-09 02:00:27,825 | INFO | Batch 230 | Loss: 0.9320 | Correct: 84/128 | Elapsed Time: 12.72s
2026-02-09 02:00:40,490 | INFO | Batch 240 | Loss: 1.1388 | Correct: 70/128 | Elapsed Time: 12.67s
2026-02-09 02:00:53,296 | INFO | Batch 250 | Loss: 1.3914 | Correct: 61/128 | Elapsed Time: 12.81s
2026-02-09 02:01:06,073 | INFO | Batch 260 | Loss: 1.2622 | Correct: 67/128 | Elapsed Time: 12.78s
2026-02-09 02:01:18,721 | INFO | Batch 270 | Loss: 1.1892 | Correct: 76/128 | Elapsed Time: 12.65s
2026-02-09 02:01:31,460 | INFO | Batch 280 | Loss: 1.0274 | Correct: 73/128 | Elapsed Time: 12.74s
2026-02-09 02:01:44,177 | INFO | Batch 290 | Loss: 1.1450 | Correct: 80/128 | Elapsed Time: 12.72s
2026-02-09 02:01:56,843 | INFO | Batch 300 | Loss: 1.1084 | Correct: 78/128 | Elapsed Time: 12.67s
2026-02-09 02:02:09,622 | INFO | Batch 310 | Loss: 1.2087 | Correct: 73/128 | Elapsed Time: 12.78s
2026-02-09 02:02:22,332 | INFO | Batch 320 | Loss: 1.1512 | Correct: 75/128 | Elapsed Time: 12.71s
2026-02-09 02:02:34,968 | INFO | Batch 330 | Loss: 1.1265 | Correct: 77/128 | Elapsed Time: 12.64s
2026-02-09 02:02:47,766 | INFO | Batch 340 | Loss: 1.2022 | Correct: 73/128 | Elapsed Time: 12.80s
2026-02-09 02:03:00,595 | INFO | Batch 350 | Loss: 1.1892 | Correct: 75/128 | Elapsed Time: 12.83s
2026-02-09 02:03:13,327 | INFO | Batch 360 | Loss: 1.2087 | Correct: 77/128 | Elapsed Time: 12.73s
2026-02-09 02:03:26,106 | INFO | Batch 370 | Loss: 1.1637 | Correct: 71/128 | Elapsed Time: 12.78s
2026-02-09 02:03:38,872 | INFO | Batch 380 | Loss: 1.2419 | Correct: 74/128 | Elapsed Time: 12.77s
2026-02-09 02:03:51,568 | INFO | Batch 390 | Loss: 1.2622 | Correct: 74/128 | Elapsed Time: 12.70s
2026-02-09 02:03:52,578 | INFO | Epoch [12/100] - Loss: 1.1579 | Correct: 29351/50000 (58.70%, 498.69s)
2026-02-09 02:04:37,887 | INFO | Validation - Loss: 1.1973 | Correct: 5753/10000 (57.53%) (45.31s)
2026-02-09 02:04:38,013 | INFO | New best model saved at epoch 12 with Top1 Acc: 57.53%
2026-02-09 02:04:50,662 | INFO | Batch 10 | Loss: 1.1700 | Correct: 72/128 | Elapsed Time: 12.65s
2026-02-09 02:05:03,462 | INFO | Batch 20 | Loss: 1.2285 | Correct: 77/128 | Elapsed Time: 12.80s
2026-02-09 02:05:16,174 | INFO | Batch 30 | Loss: 1.1388 | Correct: 75/128 | Elapsed Time: 12.71s
2026-02-09 02:05:28,896 | INFO | Batch 40 | Loss: 1.0846 | Correct: 83/128 | Elapsed Time: 12.72s
2026-02-09 02:05:41,703 | INFO | Batch 50 | Loss: 1.0671 | Correct: 79/128 | Elapsed Time: 12.81s
2026-02-09 02:05:54,544 | INFO | Batch 60 | Loss: 1.0443 | Correct: 79/128 | Elapsed Time: 12.84s
2026-02-09 02:06:07,983 | INFO | Batch 70 | Loss: 1.2898 | Correct: 73/128 | Elapsed Time: 13.44s
2026-02-09 02:06:20,751 | INFO | Batch 80 | Loss: 1.1265 | Correct: 79/128 | Elapsed Time: 12.77s
2026-02-09 02:06:33,591 | INFO | Batch 90 | Loss: 1.2829 | Correct: 71/128 | Elapsed Time: 12.84s
2026-02-09 02:06:46,339 | INFO | Batch 100 | Loss: 1.1828 | Correct: 64/128 | Elapsed Time: 12.75s
2026-02-09 02:06:59,162 | INFO | Batch 110 | Loss: 1.0905 | Correct: 79/128 | Elapsed Time: 12.82s
2026-02-09 02:07:11,997 | INFO | Batch 120 | Loss: 1.3181 | Correct: 76/128 | Elapsed Time: 12.83s
2026-02-09 02:07:24,694 | INFO | Batch 130 | Loss: 1.1637 | Correct: 79/128 | Elapsed Time: 12.70s
2026-02-09 02:07:37,485 | INFO | Batch 140 | Loss: 1.0499 | Correct: 85/128 | Elapsed Time: 12.79s
2026-02-09 02:07:50,298 | INFO | Batch 150 | Loss: 0.9786 | Correct: 86/128 | Elapsed Time: 12.81s
2026-02-09 02:08:03,099 | INFO | Batch 160 | Loss: 1.3543 | Correct: 70/128 | Elapsed Time: 12.80s
2026-02-09 02:08:15,919 | INFO | Batch 170 | Loss: 1.1204 | Correct: 75/128 | Elapsed Time: 12.82s
2026-02-09 02:08:28,654 | INFO | Batch 180 | Loss: 0.9733 | Correct: 86/128 | Elapsed Time: 12.73s
2026-02-09 02:08:41,402 | INFO | Batch 190 | Loss: 1.1326 | Correct: 81/128 | Elapsed Time: 12.75s
2026-02-09 02:08:54,022 | INFO | Batch 200 | Loss: 1.2352 | Correct: 70/128 | Elapsed Time: 12.62s
2026-02-09 02:09:06,818 | INFO | Batch 210 | Loss: 1.2829 | Correct: 69/128 | Elapsed Time: 12.80s
2026-02-09 02:09:19,544 | INFO | Batch 220 | Loss: 1.2419 | Correct: 71/128 | Elapsed Time: 12.73s
2026-02-09 02:09:32,199 | INFO | Batch 230 | Loss: 1.2218 | Correct: 66/128 | Elapsed Time: 12.65s
2026-02-09 02:09:44,889 | INFO | Batch 240 | Loss: 1.0386 | Correct: 77/128 | Elapsed Time: 12.69s
2026-02-09 02:09:57,654 | INFO | Batch 250 | Loss: 1.1326 | Correct: 71/128 | Elapsed Time: 12.77s
2026-02-09 02:10:10,367 | INFO | Batch 260 | Loss: 1.1764 | Correct: 76/128 | Elapsed Time: 12.71s
2026-02-09 02:10:23,085 | INFO | Batch 270 | Loss: 1.1637 | Correct: 84/128 | Elapsed Time: 12.72s
2026-02-09 02:10:35,807 | INFO | Batch 280 | Loss: 1.0054 | Correct: 79/128 | Elapsed Time: 12.72s
2026-02-09 02:10:48,436 | INFO | Batch 290 | Loss: 1.0054 | Correct: 78/128 | Elapsed Time: 12.63s
2026-02-09 02:11:01,217 | INFO | Batch 300 | Loss: 1.0846 | Correct: 80/128 | Elapsed Time: 12.78s
2026-02-09 02:11:13,951 | INFO | Batch 310 | Loss: 1.3839 | Correct: 65/128 | Elapsed Time: 12.73s
2026-02-09 02:11:26,594 | INFO | Batch 320 | Loss: 1.1512 | Correct: 74/128 | Elapsed Time: 12.64s
2026-02-09 02:11:39,446 | INFO | Batch 330 | Loss: 1.1512 | Correct: 76/128 | Elapsed Time: 12.85s
2026-02-09 02:11:52,165 | INFO | Batch 340 | Loss: 1.2218 | Correct: 75/128 | Elapsed Time: 12.72s
2026-02-09 02:12:04,904 | INFO | Batch 350 | Loss: 1.1084 | Correct: 80/128 | Elapsed Time: 12.74s
2026-02-09 02:12:17,608 | INFO | Batch 360 | Loss: 1.2968 | Correct: 75/128 | Elapsed Time: 12.70s
2026-02-09 02:12:30,315 | INFO | Batch 370 | Loss: 1.0614 | Correct: 79/128 | Elapsed Time: 12.71s
2026-02-09 02:12:42,944 | INFO | Batch 380 | Loss: 0.9524 | Correct: 84/128 | Elapsed Time: 12.63s
2026-02-09 02:12:55,625 | INFO | Batch 390 | Loss: 1.1265 | Correct: 71/128 | Elapsed Time: 12.68s
2026-02-09 02:12:56,634 | INFO | Epoch [13/100] - Loss: 1.1563 | Correct: 29391/50000 (58.78%, 498.62s)
2026-02-09 02:13:41,697 | INFO | Validation - Loss: 1.2204 | Correct: 5712/10000 (57.12%) (45.06s)
2026-02-09 02:13:54,436 | INFO | Batch 10 | Loss: 1.0671 | Correct: 81/128 | Elapsed Time: 12.74s
2026-02-09 02:14:07,251 | INFO | Batch 20 | Loss: 0.9220 | Correct: 90/128 | Elapsed Time: 12.81s
2026-02-09 02:14:19,784 | INFO | Batch 30 | Loss: 1.2022 | Correct: 76/128 | Elapsed Time: 12.53s
2026-02-09 02:14:32,404 | INFO | Batch 40 | Loss: 1.0964 | Correct: 76/128 | Elapsed Time: 12.62s
2026-02-09 02:14:45,075 | INFO | Batch 50 | Loss: 1.2285 | Correct: 71/128 | Elapsed Time: 12.67s
2026-02-09 02:14:57,696 | INFO | Batch 60 | Loss: 0.9786 | Correct: 84/128 | Elapsed Time: 12.62s
2026-02-09 02:15:10,442 | INFO | Batch 70 | Loss: 1.1637 | Correct: 77/128 | Elapsed Time: 12.75s
2026-02-09 02:15:23,216 | INFO | Batch 80 | Loss: 1.1957 | Correct: 72/128 | Elapsed Time: 12.77s
2026-02-09 02:15:35,842 | INFO | Batch 90 | Loss: 1.0729 | Correct: 90/128 | Elapsed Time: 12.63s
2026-02-09 02:15:48,583 | INFO | Batch 100 | Loss: 1.1512 | Correct: 72/128 | Elapsed Time: 12.74s
2026-02-09 02:16:01,369 | INFO | Batch 110 | Loss: 0.9524 | Correct: 86/128 | Elapsed Time: 12.79s
2026-02-09 02:16:14,557 | INFO | Batch 120 | Loss: 1.0556 | Correct: 85/128 | Elapsed Time: 13.19s
2026-02-09 02:16:27,280 | INFO | Batch 130 | Loss: 1.0330 | Correct: 81/128 | Elapsed Time: 12.72s
2026-02-09 02:16:40,049 | INFO | Batch 140 | Loss: 1.0274 | Correct: 79/128 | Elapsed Time: 12.77s
2026-02-09 02:16:52,733 | INFO | Batch 150 | Loss: 1.1450 | Correct: 76/128 | Elapsed Time: 12.68s
2026-02-09 02:17:05,509 | INFO | Batch 160 | Loss: 1.0219 | Correct: 81/128 | Elapsed Time: 12.78s
2026-02-09 02:17:18,261 | INFO | Batch 170 | Loss: 1.0671 | Correct: 79/128 | Elapsed Time: 12.75s
2026-02-09 02:17:30,978 | INFO | Batch 180 | Loss: 1.0788 | Correct: 82/128 | Elapsed Time: 12.72s
2026-02-09 02:17:43,744 | INFO | Batch 190 | Loss: 1.0499 | Correct: 83/128 | Elapsed Time: 12.77s
2026-02-09 02:17:56,543 | INFO | Batch 200 | Loss: 1.2152 | Correct: 72/128 | Elapsed Time: 12.80s
2026-02-09 02:18:09,328 | INFO | Batch 210 | Loss: 1.1512 | Correct: 77/128 | Elapsed Time: 12.78s
2026-02-09 02:18:21,917 | INFO | Batch 220 | Loss: 1.1574 | Correct: 74/128 | Elapsed Time: 12.59s
2026-02-09 02:18:34,635 | INFO | Batch 230 | Loss: 1.2087 | Correct: 70/128 | Elapsed Time: 12.72s
2026-02-09 02:18:47,378 | INFO | Batch 240 | Loss: 1.1574 | Correct: 75/128 | Elapsed Time: 12.74s
2026-02-09 02:19:00,005 | INFO | Batch 250 | Loss: 1.2419 | Correct: 68/128 | Elapsed Time: 12.63s
2026-02-09 02:19:12,776 | INFO | Batch 260 | Loss: 1.0499 | Correct: 86/128 | Elapsed Time: 12.77s
2026-02-09 02:19:25,480 | INFO | Batch 270 | Loss: 1.0000 | Correct: 86/128 | Elapsed Time: 12.70s
2026-02-09 02:19:38,142 | INFO | Batch 280 | Loss: 0.9576 | Correct: 87/128 | Elapsed Time: 12.66s
2026-02-09 02:19:50,910 | INFO | Batch 290 | Loss: 1.2352 | Correct: 75/128 | Elapsed Time: 12.77s
2026-02-09 02:20:03,742 | INFO | Batch 300 | Loss: 1.1144 | Correct: 79/128 | Elapsed Time: 12.83s
2026-02-09 02:20:16,326 | INFO | Batch 310 | Loss: 1.1144 | Correct: 78/128 | Elapsed Time: 12.58s
2026-02-09 02:20:29,091 | INFO | Batch 320 | Loss: 1.2218 | Correct: 66/128 | Elapsed Time: 12.76s
2026-02-09 02:20:41,863 | INFO | Batch 330 | Loss: 1.0964 | Correct: 84/128 | Elapsed Time: 12.77s
2026-02-09 02:20:54,515 | INFO | Batch 340 | Loss: 1.1637 | Correct: 75/128 | Elapsed Time: 12.65s
2026-02-09 02:21:07,263 | INFO | Batch 350 | Loss: 1.2152 | Correct: 74/128 | Elapsed Time: 12.75s
2026-02-09 02:21:19,999 | INFO | Batch 360 | Loss: 1.1764 | Correct: 75/128 | Elapsed Time: 12.74s
2026-02-09 02:21:32,729 | INFO | Batch 370 | Loss: 1.1265 | Correct: 69/128 | Elapsed Time: 12.73s
2026-02-09 02:21:45,511 | INFO | Batch 380 | Loss: 1.2022 | Correct: 71/128 | Elapsed Time: 12.78s
2026-02-09 02:21:58,307 | INFO | Batch 390 | Loss: 1.1574 | Correct: 78/128 | Elapsed Time: 12.80s
2026-02-09 02:21:59,322 | INFO | Epoch [14/100] - Loss: 1.1303 | Correct: 29875/50000 (59.75%, 497.62s)
2026-02-09 02:22:44,433 | INFO | Validation - Loss: 1.1295 | Correct: 6004/10000 (60.04%) (45.11s)
2026-02-09 02:22:44,565 | INFO | New best model saved at epoch 14 with Top1 Acc: 60.04%
2026-02-09 02:22:57,308 | INFO | Batch 10 | Loss: 0.9628 | Correct: 87/128 | Elapsed Time: 12.74s
2026-02-09 02:23:09,989 | INFO | Batch 20 | Loss: 1.0905 | Correct: 76/128 | Elapsed Time: 12.68s
2026-02-09 02:23:22,772 | INFO | Batch 30 | Loss: 1.2022 | Correct: 66/128 | Elapsed Time: 12.78s
2026-02-09 02:23:35,523 | INFO | Batch 40 | Loss: 1.0614 | Correct: 82/128 | Elapsed Time: 12.75s
2026-02-09 02:23:48,149 | INFO | Batch 50 | Loss: 0.9733 | Correct: 83/128 | Elapsed Time: 12.63s
2026-02-09 02:24:00,921 | INFO | Batch 60 | Loss: 0.9628 | Correct: 86/128 | Elapsed Time: 12.77s
2026-02-09 02:24:13,697 | INFO | Batch 70 | Loss: 1.1828 | Correct: 74/128 | Elapsed Time: 12.78s
2026-02-09 02:24:26,327 | INFO | Batch 80 | Loss: 1.1764 | Correct: 66/128 | Elapsed Time: 12.63s
2026-02-09 02:24:38,994 | INFO | Batch 90 | Loss: 1.1512 | Correct: 73/128 | Elapsed Time: 12.67s
2026-02-09 02:24:51,686 | INFO | Batch 100 | Loss: 1.0109 | Correct: 87/128 | Elapsed Time: 12.69s
2026-02-09 02:25:04,383 | INFO | Batch 110 | Loss: 1.1450 | Correct: 76/128 | Elapsed Time: 12.70s
2026-02-09 02:25:17,086 | INFO | Batch 120 | Loss: 0.9524 | Correct: 87/128 | Elapsed Time: 12.70s
2026-02-09 02:25:29,789 | INFO | Batch 130 | Loss: 1.1024 | Correct: 76/128 | Elapsed Time: 12.70s
2026-02-09 02:25:42,375 | INFO | Batch 140 | Loss: 1.2898 | Correct: 70/128 | Elapsed Time: 12.59s
2026-02-09 02:25:55,186 | INFO | Batch 150 | Loss: 1.3469 | Correct: 68/128 | Elapsed Time: 12.81s
2026-02-09 02:26:08,748 | INFO | Batch 160 | Loss: 1.1828 | Correct: 71/128 | Elapsed Time: 13.56s
2026-02-09 02:26:21,387 | INFO | Batch 170 | Loss: 1.2285 | Correct: 71/128 | Elapsed Time: 12.64s
2026-02-09 02:26:34,217 | INFO | Batch 180 | Loss: 1.1700 | Correct: 77/128 | Elapsed Time: 12.83s
2026-02-09 02:26:46,975 | INFO | Batch 190 | Loss: 1.2285 | Correct: 69/128 | Elapsed Time: 12.76s
2026-02-09 02:26:59,650 | INFO | Batch 200 | Loss: 1.0386 | Correct: 84/128 | Elapsed Time: 12.68s
2026-02-09 02:27:12,648 | INFO | Batch 210 | Loss: 1.0386 | Correct: 81/128 | Elapsed Time: 13.00s
2026-02-09 02:27:25,496 | INFO | Batch 220 | Loss: 1.2218 | Correct: 64/128 | Elapsed Time: 12.85s
2026-02-09 02:27:38,174 | INFO | Batch 230 | Loss: 1.0671 | Correct: 77/128 | Elapsed Time: 12.68s
2026-02-09 02:27:50,930 | INFO | Batch 240 | Loss: 0.9576 | Correct: 85/128 | Elapsed Time: 12.76s
2026-02-09 02:28:03,680 | INFO | Batch 250 | Loss: 1.2022 | Correct: 67/128 | Elapsed Time: 12.75s
2026-02-09 02:28:16,263 | INFO | Batch 260 | Loss: 1.1828 | Correct: 76/128 | Elapsed Time: 12.58s
2026-02-09 02:28:28,953 | INFO | Batch 270 | Loss: 1.0614 | Correct: 81/128 | Elapsed Time: 12.69s
2026-02-09 02:28:41,657 | INFO | Batch 280 | Loss: 1.0788 | Correct: 88/128 | Elapsed Time: 12.70s
2026-02-09 02:28:54,320 | INFO | Batch 290 | Loss: 1.0614 | Correct: 77/128 | Elapsed Time: 12.66s
2026-02-09 02:29:07,167 | INFO | Batch 300 | Loss: 0.9170 | Correct: 86/128 | Elapsed Time: 12.85s
2026-02-09 02:29:19,912 | INFO | Batch 310 | Loss: 1.0556 | Correct: 77/128 | Elapsed Time: 12.74s
2026-02-09 02:29:32,610 | INFO | Batch 320 | Loss: 1.2285 | Correct: 72/128 | Elapsed Time: 12.70s
2026-02-09 02:29:45,280 | INFO | Batch 330 | Loss: 1.1764 | Correct: 73/128 | Elapsed Time: 12.67s
2026-02-09 02:29:58,025 | INFO | Batch 340 | Loss: 1.0109 | Correct: 83/128 | Elapsed Time: 12.74s
2026-02-09 02:30:10,758 | INFO | Batch 350 | Loss: 1.0054 | Correct: 79/128 | Elapsed Time: 12.73s
2026-02-09 02:30:23,330 | INFO | Batch 360 | Loss: 1.0846 | Correct: 71/128 | Elapsed Time: 12.57s
2026-02-09 02:30:36,037 | INFO | Batch 370 | Loss: 1.2152 | Correct: 71/128 | Elapsed Time: 12.71s
2026-02-09 02:30:48,680 | INFO | Batch 380 | Loss: 1.0499 | Correct: 82/128 | Elapsed Time: 12.64s
2026-02-09 02:31:01,327 | INFO | Batch 390 | Loss: 0.9892 | Correct: 76/128 | Elapsed Time: 12.65s
2026-02-09 02:31:02,370 | INFO | Epoch [15/100] - Loss: 1.1147 | Correct: 30053/50000 (60.11%, 497.80s)
2026-02-09 02:31:47,599 | INFO | Validation - Loss: 1.1708 | Correct: 5838/10000 (58.38%) (45.23s)
2026-02-09 02:32:00,327 | INFO | Batch 10 | Loss: 0.9839 | Correct: 85/128 | Elapsed Time: 12.73s
2026-02-09 02:32:13,068 | INFO | Batch 20 | Loss: 1.0443 | Correct: 80/128 | Elapsed Time: 12.74s
2026-02-09 02:32:25,711 | INFO | Batch 30 | Loss: 1.0443 | Correct: 83/128 | Elapsed Time: 12.64s
2026-02-09 02:32:38,475 | INFO | Batch 40 | Loss: 1.2218 | Correct: 78/128 | Elapsed Time: 12.76s
2026-02-09 02:32:51,246 | INFO | Batch 50 | Loss: 1.1388 | Correct: 76/128 | Elapsed Time: 12.77s
2026-02-09 02:33:04,038 | INFO | Batch 60 | Loss: 1.0556 | Correct: 84/128 | Elapsed Time: 12.79s
2026-02-09 02:33:16,610 | INFO | Batch 70 | Loss: 0.9733 | Correct: 74/128 | Elapsed Time: 12.57s
2026-02-09 02:33:29,272 | INFO | Batch 80 | Loss: 0.9946 | Correct: 79/128 | Elapsed Time: 12.66s
2026-02-09 02:33:41,960 | INFO | Batch 90 | Loss: 1.1144 | Correct: 75/128 | Elapsed Time: 12.69s
2026-02-09 02:33:54,511 | INFO | Batch 100 | Loss: 0.9839 | Correct: 90/128 | Elapsed Time: 12.55s
2026-02-09 02:34:07,301 | INFO | Batch 110 | Loss: 1.1828 | Correct: 73/128 | Elapsed Time: 12.79s
2026-02-09 02:34:19,965 | INFO | Batch 120 | Loss: 1.1450 | Correct: 74/128 | Elapsed Time: 12.66s
2026-02-09 02:34:32,690 | INFO | Batch 130 | Loss: 1.0964 | Correct: 75/128 | Elapsed Time: 12.72s
2026-02-09 02:34:45,401 | INFO | Batch 140 | Loss: 1.1204 | Correct: 74/128 | Elapsed Time: 12.71s
2026-02-09 02:34:58,102 | INFO | Batch 150 | Loss: 1.0274 | Correct: 77/128 | Elapsed Time: 12.70s
2026-02-09 02:35:10,779 | INFO | Batch 160 | Loss: 1.2419 | Correct: 76/128 | Elapsed Time: 12.68s
2026-02-09 02:35:23,517 | INFO | Batch 170 | Loss: 0.9628 | Correct: 80/128 | Elapsed Time: 12.74s
2026-02-09 02:35:36,239 | INFO | Batch 180 | Loss: 1.0964 | Correct: 77/128 | Elapsed Time: 12.72s
2026-02-09 02:35:48,868 | INFO | Batch 190 | Loss: 1.0614 | Correct: 79/128 | Elapsed Time: 12.63s
2026-02-09 02:36:01,671 | INFO | Batch 200 | Loss: 1.2285 | Correct: 76/128 | Elapsed Time: 12.80s
2026-02-09 02:36:15,079 | INFO | Batch 210 | Loss: 1.1204 | Correct: 77/128 | Elapsed Time: 13.41s
2026-02-09 02:36:27,729 | INFO | Batch 220 | Loss: 1.0219 | Correct: 79/128 | Elapsed Time: 12.65s
2026-02-09 02:36:40,459 | INFO | Batch 230 | Loss: 1.0330 | Correct: 79/128 | Elapsed Time: 12.73s
2026-02-09 02:36:53,207 | INFO | Batch 240 | Loss: 1.1828 | Correct: 71/128 | Elapsed Time: 12.75s
2026-02-09 02:37:05,907 | INFO | Batch 250 | Loss: 1.2691 | Correct: 65/128 | Elapsed Time: 12.70s
2026-02-09 02:37:18,621 | INFO | Batch 260 | Loss: 1.1637 | Correct: 74/128 | Elapsed Time: 12.71s
2026-02-09 02:37:31,386 | INFO | Batch 270 | Loss: 1.1144 | Correct: 77/128 | Elapsed Time: 12.76s
2026-02-09 02:37:44,119 | INFO | Batch 280 | Loss: 1.1892 | Correct: 71/128 | Elapsed Time: 12.73s
2026-02-09 02:37:56,804 | INFO | Batch 290 | Loss: 1.1637 | Correct: 77/128 | Elapsed Time: 12.68s
2026-02-09 02:38:09,572 | INFO | Batch 300 | Loss: 1.2087 | Correct: 69/128 | Elapsed Time: 12.77s
2026-02-09 02:38:22,271 | INFO | Batch 310 | Loss: 1.0219 | Correct: 81/128 | Elapsed Time: 12.70s
2026-02-09 02:38:34,949 | INFO | Batch 320 | Loss: 1.1957 | Correct: 70/128 | Elapsed Time: 12.68s
2026-02-09 02:38:47,626 | INFO | Batch 330 | Loss: 1.2218 | Correct: 68/128 | Elapsed Time: 12.68s
2026-02-09 02:39:00,362 | INFO | Batch 340 | Loss: 0.9892 | Correct: 83/128 | Elapsed Time: 12.74s
2026-02-09 02:39:13,097 | INFO | Batch 350 | Loss: 1.3324 | Correct: 72/128 | Elapsed Time: 12.73s
2026-02-09 02:39:25,884 | INFO | Batch 360 | Loss: 1.2759 | Correct: 71/128 | Elapsed Time: 12.79s
2026-02-09 02:39:38,643 | INFO | Batch 370 | Loss: 1.1388 | Correct: 75/128 | Elapsed Time: 12.76s
2026-02-09 02:39:51,250 | INFO | Batch 380 | Loss: 1.2419 | Correct: 73/128 | Elapsed Time: 12.61s
2026-02-09 02:40:04,148 | INFO | Batch 390 | Loss: 1.3252 | Correct: 68/128 | Elapsed Time: 12.90s
2026-02-09 02:40:05,187 | INFO | Epoch [16/100] - Loss: 1.1167 | Correct: 29990/50000 (59.98%, 497.59s)
2026-02-09 02:40:50,676 | INFO | Validation - Loss: 1.1214 | Correct: 6028/10000 (60.28%) (45.49s)
2026-02-09 02:40:50,805 | INFO | New best model saved at epoch 16 with Top1 Acc: 60.28%
2026-02-09 02:41:03,677 | INFO | Batch 10 | Loss: 0.9946 | Correct: 80/128 | Elapsed Time: 12.87s
2026-02-09 02:41:16,424 | INFO | Batch 20 | Loss: 1.1450 | Correct: 74/128 | Elapsed Time: 12.75s
2026-02-09 02:41:29,323 | INFO | Batch 30 | Loss: 1.0671 | Correct: 83/128 | Elapsed Time: 12.90s
2026-02-09 02:41:42,159 | INFO | Batch 40 | Loss: 1.0499 | Correct: 82/128 | Elapsed Time: 12.84s
2026-02-09 02:41:54,845 | INFO | Batch 50 | Loss: 1.0729 | Correct: 78/128 | Elapsed Time: 12.69s
2026-02-09 02:42:07,679 | INFO | Batch 60 | Loss: 1.0671 | Correct: 77/128 | Elapsed Time: 12.83s
2026-02-09 02:42:20,475 | INFO | Batch 70 | Loss: 1.2285 | Correct: 79/128 | Elapsed Time: 12.80s
2026-02-09 02:42:33,226 | INFO | Batch 80 | Loss: 1.0386 | Correct: 76/128 | Elapsed Time: 12.75s
2026-02-09 02:42:46,079 | INFO | Batch 90 | Loss: 1.1265 | Correct: 81/128 | Elapsed Time: 12.85s
2026-02-09 02:42:58,880 | INFO | Batch 100 | Loss: 1.1764 | Correct: 76/128 | Elapsed Time: 12.80s
2026-02-09 02:43:11,676 | INFO | Batch 110 | Loss: 1.0729 | Correct: 78/128 | Elapsed Time: 12.80s
2026-02-09 02:43:24,414 | INFO | Batch 120 | Loss: 1.1512 | Correct: 77/128 | Elapsed Time: 12.74s
2026-02-09 02:43:37,210 | INFO | Batch 130 | Loss: 1.1084 | Correct: 77/128 | Elapsed Time: 12.80s
2026-02-09 02:43:49,993 | INFO | Batch 140 | Loss: 1.2087 | Correct: 76/128 | Elapsed Time: 12.78s
2026-02-09 02:44:02,763 | INFO | Batch 150 | Loss: 1.1204 | Correct: 77/128 | Elapsed Time: 12.77s
2026-02-09 02:44:15,580 | INFO | Batch 160 | Loss: 1.1512 | Correct: 74/128 | Elapsed Time: 12.82s
2026-02-09 02:44:28,345 | INFO | Batch 170 | Loss: 1.1828 | Correct: 78/128 | Elapsed Time: 12.76s
2026-02-09 02:44:41,030 | INFO | Batch 180 | Loss: 1.0964 | Correct: 77/128 | Elapsed Time: 12.69s
2026-02-09 02:44:53,809 | INFO | Batch 190 | Loss: 0.9422 | Correct: 86/128 | Elapsed Time: 12.78s
2026-02-09 02:45:06,625 | INFO | Batch 200 | Loss: 1.0556 | Correct: 85/128 | Elapsed Time: 12.82s
2026-02-09 02:45:19,336 | INFO | Batch 210 | Loss: 1.0905 | Correct: 80/128 | Elapsed Time: 12.71s
2026-02-09 02:45:32,133 | INFO | Batch 220 | Loss: 1.4142 | Correct: 67/128 | Elapsed Time: 12.80s
2026-02-09 02:45:44,916 | INFO | Batch 230 | Loss: 1.1828 | Correct: 74/128 | Elapsed Time: 12.78s
2026-02-09 02:45:57,665 | INFO | Batch 240 | Loss: 0.9524 | Correct: 87/128 | Elapsed Time: 12.75s
2026-02-09 02:46:11,260 | INFO | Batch 250 | Loss: 1.2968 | Correct: 70/128 | Elapsed Time: 13.60s
2026-02-09 02:46:24,087 | INFO | Batch 260 | Loss: 1.1144 | Correct: 79/128 | Elapsed Time: 12.83s
2026-02-09 02:46:36,806 | INFO | Batch 270 | Loss: 1.1388 | Correct: 80/128 | Elapsed Time: 12.72s
2026-02-09 02:46:49,606 | INFO | Batch 280 | Loss: 0.9628 | Correct: 84/128 | Elapsed Time: 12.80s
2026-02-09 02:47:02,432 | INFO | Batch 290 | Loss: 1.1574 | Correct: 75/128 | Elapsed Time: 12.83s
2026-02-09 02:47:15,117 | INFO | Batch 300 | Loss: 1.1828 | Correct: 71/128 | Elapsed Time: 12.69s
2026-02-09 02:47:27,858 | INFO | Batch 310 | Loss: 1.2022 | Correct: 68/128 | Elapsed Time: 12.74s
2026-02-09 02:47:40,591 | INFO | Batch 320 | Loss: 1.1892 | Correct: 81/128 | Elapsed Time: 12.73s
2026-02-09 02:47:53,269 | INFO | Batch 330 | Loss: 1.0964 | Correct: 78/128 | Elapsed Time: 12.68s
2026-02-09 02:48:06,070 | INFO | Batch 340 | Loss: 1.1637 | Correct: 74/128 | Elapsed Time: 12.80s
2026-02-09 02:48:18,753 | INFO | Batch 350 | Loss: 1.1144 | Correct: 77/128 | Elapsed Time: 12.68s
2026-02-09 02:48:31,383 | INFO | Batch 360 | Loss: 0.8829 | Correct: 84/128 | Elapsed Time: 12.63s
2026-02-09 02:48:44,101 | INFO | Batch 370 | Loss: 0.9680 | Correct: 83/128 | Elapsed Time: 12.72s
2026-02-09 02:48:56,812 | INFO | Batch 380 | Loss: 1.0905 | Correct: 71/128 | Elapsed Time: 12.71s
2026-02-09 02:49:09,587 | INFO | Batch 390 | Loss: 1.1574 | Correct: 73/128 | Elapsed Time: 12.77s
2026-02-09 02:49:10,608 | INFO | Epoch [17/100] - Loss: 1.0887 | Correct: 30678/50000 (61.36%, 499.80s)
2026-02-09 02:49:55,849 | INFO | Validation - Loss: 1.1009 | Correct: 6076/10000 (60.76%) (45.24s)
2026-02-09 02:49:55,982 | INFO | New best model saved at epoch 17 with Top1 Acc: 60.76%
2026-02-09 02:50:08,669 | INFO | Batch 10 | Loss: 1.0671 | Correct: 80/128 | Elapsed Time: 12.69s
2026-02-09 02:50:21,407 | INFO | Batch 20 | Loss: 1.1388 | Correct: 84/128 | Elapsed Time: 12.74s
2026-02-09 02:50:34,196 | INFO | Batch 30 | Loss: 1.1957 | Correct: 79/128 | Elapsed Time: 12.79s
2026-02-09 02:50:46,836 | INFO | Batch 40 | Loss: 1.1637 | Correct: 76/128 | Elapsed Time: 12.64s
2026-02-09 02:50:59,601 | INFO | Batch 50 | Loss: 0.9946 | Correct: 79/128 | Elapsed Time: 12.77s
2026-02-09 02:51:12,399 | INFO | Batch 60 | Loss: 0.9839 | Correct: 84/128 | Elapsed Time: 12.80s
2026-02-09 02:51:25,168 | INFO | Batch 70 | Loss: 1.0788 | Correct: 87/128 | Elapsed Time: 12.77s
2026-02-09 02:51:37,860 | INFO | Batch 80 | Loss: 1.0846 | Correct: 80/128 | Elapsed Time: 12.69s
2026-02-09 02:51:50,627 | INFO | Batch 90 | Loss: 1.0964 | Correct: 76/128 | Elapsed Time: 12.77s
2026-02-09 02:52:03,419 | INFO | Batch 100 | Loss: 1.1084 | Correct: 82/128 | Elapsed Time: 12.79s
2026-02-09 02:52:16,109 | INFO | Batch 110 | Loss: 1.1574 | Correct: 73/128 | Elapsed Time: 12.69s
2026-02-09 02:52:28,896 | INFO | Batch 120 | Loss: 0.9422 | Correct: 86/128 | Elapsed Time: 12.79s
2026-02-09 02:52:41,705 | INFO | Batch 130 | Loss: 1.1957 | Correct: 72/128 | Elapsed Time: 12.81s
2026-02-09 02:52:54,383 | INFO | Batch 140 | Loss: 0.9524 | Correct: 81/128 | Elapsed Time: 12.68s
2026-02-09 02:53:07,221 | INFO | Batch 150 | Loss: 1.1204 | Correct: 76/128 | Elapsed Time: 12.84s
2026-02-09 02:53:19,898 | INFO | Batch 160 | Loss: 1.1957 | Correct: 77/128 | Elapsed Time: 12.68s
2026-02-09 02:53:32,597 | INFO | Batch 170 | Loss: 1.0386 | Correct: 78/128 | Elapsed Time: 12.70s
2026-02-09 02:53:45,350 | INFO | Batch 180 | Loss: 0.9524 | Correct: 87/128 | Elapsed Time: 12.75s
2026-02-09 02:53:58,141 | INFO | Batch 190 | Loss: 1.1144 | Correct: 72/128 | Elapsed Time: 12.79s
2026-02-09 02:54:10,900 | INFO | Batch 200 | Loss: 0.9320 | Correct: 84/128 | Elapsed Time: 12.76s
2026-02-09 02:54:23,567 | INFO | Batch 210 | Loss: 1.1764 | Correct: 73/128 | Elapsed Time: 12.67s
2026-02-09 02:54:36,351 | INFO | Batch 220 | Loss: 1.0846 | Correct: 79/128 | Elapsed Time: 12.78s
2026-02-09 02:54:49,014 | INFO | Batch 230 | Loss: 1.1574 | Correct: 78/128 | Elapsed Time: 12.66s
2026-02-09 02:55:01,854 | INFO | Batch 240 | Loss: 0.9946 | Correct: 83/128 | Elapsed Time: 12.84s
2026-02-09 02:55:14,662 | INFO | Batch 250 | Loss: 0.9786 | Correct: 85/128 | Elapsed Time: 12.81s
2026-02-09 02:55:27,341 | INFO | Batch 260 | Loss: 1.0219 | Correct: 84/128 | Elapsed Time: 12.68s
2026-02-09 02:55:40,121 | INFO | Batch 270 | Loss: 1.1450 | Correct: 79/128 | Elapsed Time: 12.78s
2026-02-09 02:55:52,923 | INFO | Batch 280 | Loss: 1.1450 | Correct: 71/128 | Elapsed Time: 12.80s
2026-02-09 02:56:06,437 | INFO | Batch 290 | Loss: 1.0614 | Correct: 73/128 | Elapsed Time: 13.51s
2026-02-09 02:56:19,116 | INFO | Batch 300 | Loss: 0.9786 | Correct: 81/128 | Elapsed Time: 12.68s
2026-02-09 02:56:31,901 | INFO | Batch 310 | Loss: 1.1326 | Correct: 77/128 | Elapsed Time: 12.78s
2026-02-09 02:56:44,639 | INFO | Batch 320 | Loss: 0.9946 | Correct: 83/128 | Elapsed Time: 12.74s
2026-02-09 02:56:57,340 | INFO | Batch 330 | Loss: 1.1512 | Correct: 69/128 | Elapsed Time: 12.70s
2026-02-09 02:57:10,113 | INFO | Batch 340 | Loss: 1.1024 | Correct: 79/128 | Elapsed Time: 12.77s
2026-02-09 02:57:22,849 | INFO | Batch 350 | Loss: 1.2691 | Correct: 68/128 | Elapsed Time: 12.74s
2026-02-09 02:57:35,568 | INFO | Batch 360 | Loss: 1.0614 | Correct: 78/128 | Elapsed Time: 12.72s
2026-02-09 02:57:48,341 | INFO | Batch 370 | Loss: 1.0164 | Correct: 87/128 | Elapsed Time: 12.77s
2026-02-09 02:58:01,117 | INFO | Batch 380 | Loss: 0.9473 | Correct: 82/128 | Elapsed Time: 12.78s
2026-02-09 02:58:13,835 | INFO | Batch 390 | Loss: 0.9786 | Correct: 77/128 | Elapsed Time: 12.72s
2026-02-09 02:58:14,874 | INFO | Epoch [18/100] - Loss: 1.0743 | Correct: 30974/50000 (61.95%, 498.89s)
2026-02-09 02:59:00,104 | INFO | Validation - Loss: 1.1385 | Correct: 6010/10000 (60.10%) (45.23s)
2026-02-09 02:59:12,913 | INFO | Batch 10 | Loss: 0.9733 | Correct: 78/128 | Elapsed Time: 12.81s
2026-02-09 02:59:25,613 | INFO | Batch 20 | Loss: 1.0443 | Correct: 81/128 | Elapsed Time: 12.70s
2026-02-09 02:59:38,319 | INFO | Batch 30 | Loss: 1.0556 | Correct: 80/128 | Elapsed Time: 12.71s
2026-02-09 02:59:50,921 | INFO | Batch 40 | Loss: 1.0330 | Correct: 79/128 | Elapsed Time: 12.60s
2026-02-09 03:00:03,689 | INFO | Batch 50 | Loss: 1.1388 | Correct: 77/128 | Elapsed Time: 12.77s
2026-02-09 03:00:16,416 | INFO | Batch 60 | Loss: 0.9892 | Correct: 83/128 | Elapsed Time: 12.73s
2026-02-09 03:00:28,980 | INFO | Batch 70 | Loss: 1.0109 | Correct: 85/128 | Elapsed Time: 12.56s
2026-02-09 03:00:41,719 | INFO | Batch 80 | Loss: 1.2554 | Correct: 76/128 | Elapsed Time: 12.74s
2026-02-09 03:00:54,473 | INFO | Batch 90 | Loss: 1.1024 | Correct: 80/128 | Elapsed Time: 12.75s
2026-02-09 03:01:07,146 | INFO | Batch 100 | Loss: 1.2022 | Correct: 70/128 | Elapsed Time: 12.67s
2026-02-09 03:01:19,861 | INFO | Batch 110 | Loss: 0.8687 | Correct: 88/128 | Elapsed Time: 12.71s
2026-02-09 03:01:32,589 | INFO | Batch 120 | Loss: 1.1388 | Correct: 75/128 | Elapsed Time: 12.73s
2026-02-09 03:01:45,281 | INFO | Batch 130 | Loss: 1.0219 | Correct: 79/128 | Elapsed Time: 12.69s
2026-02-09 03:01:58,067 | INFO | Batch 140 | Loss: 1.1204 | Correct: 73/128 | Elapsed Time: 12.79s
2026-02-09 03:02:10,872 | INFO | Batch 150 | Loss: 1.1512 | Correct: 74/128 | Elapsed Time: 12.81s
2026-02-09 03:02:23,524 | INFO | Batch 160 | Loss: 1.1450 | Correct: 75/128 | Elapsed Time: 12.65s
2026-02-09 03:02:36,272 | INFO | Batch 170 | Loss: 1.0614 | Correct: 88/128 | Elapsed Time: 12.75s
2026-02-09 03:02:49,104 | INFO | Batch 180 | Loss: 1.1637 | Correct: 78/128 | Elapsed Time: 12.83s
2026-02-09 03:03:01,774 | INFO | Batch 190 | Loss: 1.0386 | Correct: 84/128 | Elapsed Time: 12.67s
2026-02-09 03:03:14,565 | INFO | Batch 200 | Loss: 1.0671 | Correct: 79/128 | Elapsed Time: 12.79s
2026-02-09 03:03:27,279 | INFO | Batch 210 | Loss: 1.0556 | Correct: 85/128 | Elapsed Time: 12.71s
2026-02-09 03:03:39,893 | INFO | Batch 220 | Loss: 0.8593 | Correct: 91/128 | Elapsed Time: 12.61s
2026-02-09 03:03:52,605 | INFO | Batch 230 | Loss: 0.8829 | Correct: 83/128 | Elapsed Time: 12.71s
2026-02-09 03:04:05,456 | INFO | Batch 240 | Loss: 1.1450 | Correct: 75/128 | Elapsed Time: 12.85s
2026-02-09 03:04:18,084 | INFO | Batch 250 | Loss: 0.9628 | Correct: 85/128 | Elapsed Time: 12.63s
2026-02-09 03:04:30,889 | INFO | Batch 260 | Loss: 1.1265 | Correct: 78/128 | Elapsed Time: 12.80s
2026-02-09 03:04:43,695 | INFO | Batch 270 | Loss: 0.9628 | Correct: 82/128 | Elapsed Time: 12.81s
2026-02-09 03:04:56,396 | INFO | Batch 280 | Loss: 1.0964 | Correct: 84/128 | Elapsed Time: 12.70s
2026-02-09 03:05:09,295 | INFO | Batch 290 | Loss: 1.0846 | Correct: 75/128 | Elapsed Time: 12.90s
2026-02-09 03:05:22,084 | INFO | Batch 300 | Loss: 0.9786 | Correct: 80/128 | Elapsed Time: 12.79s
2026-02-09 03:05:34,755 | INFO | Batch 310 | Loss: 0.8829 | Correct: 86/128 | Elapsed Time: 12.67s
2026-02-09 03:05:47,971 | INFO | Batch 320 | Loss: 1.0729 | Correct: 79/128 | Elapsed Time: 13.22s
2026-02-09 03:06:01,522 | INFO | Batch 330 | Loss: 1.0164 | Correct: 80/128 | Elapsed Time: 13.55s
2026-02-09 03:06:15,723 | INFO | Batch 340 | Loss: 1.2554 | Correct: 69/128 | Elapsed Time: 14.20s
2026-02-09 03:06:29,005 | INFO | Batch 350 | Loss: 1.1450 | Correct: 76/128 | Elapsed Time: 13.28s
2026-02-09 03:06:42,487 | INFO | Batch 360 | Loss: 1.0054 | Correct: 82/128 | Elapsed Time: 13.48s
2026-02-09 03:06:55,775 | INFO | Batch 370 | Loss: 1.1764 | Correct: 72/128 | Elapsed Time: 13.29s
2026-02-09 03:07:09,072 | INFO | Batch 380 | Loss: 0.9786 | Correct: 84/128 | Elapsed Time: 13.30s
2026-02-09 03:07:22,504 | INFO | Batch 390 | Loss: 1.0964 | Correct: 76/128 | Elapsed Time: 13.43s
2026-02-09 03:07:23,541 | INFO | Epoch [19/100] - Loss: 1.0626 | Correct: 31093/50000 (62.19%, 503.44s)
2026-02-09 03:08:11,025 | INFO | Validation - Loss: 1.1087 | Correct: 6076/10000 (60.76%) (47.48s)
2026-02-09 03:08:24,523 | INFO | Batch 10 | Loss: 0.9422 | Correct: 84/128 | Elapsed Time: 13.50s
2026-02-09 03:08:37,967 | INFO | Batch 20 | Loss: 1.1574 | Correct: 76/128 | Elapsed Time: 13.44s
2026-02-09 03:08:51,276 | INFO | Batch 30 | Loss: 1.0109 | Correct: 71/128 | Elapsed Time: 13.31s
2026-02-09 03:09:04,942 | INFO | Batch 40 | Loss: 0.9680 | Correct: 86/128 | Elapsed Time: 13.67s
2026-02-09 03:09:18,302 | INFO | Batch 50 | Loss: 1.0556 | Correct: 87/128 | Elapsed Time: 13.36s
2026-02-09 03:09:31,681 | INFO | Batch 60 | Loss: 1.0386 | Correct: 78/128 | Elapsed Time: 13.38s
2026-02-09 03:09:45,080 | INFO | Batch 70 | Loss: 0.9473 | Correct: 85/128 | Elapsed Time: 13.40s
2026-02-09 03:09:58,313 | INFO | Batch 80 | Loss: 0.9371 | Correct: 87/128 | Elapsed Time: 13.23s
2026-02-09 03:10:11,494 | INFO | Batch 90 | Loss: 1.3110 | Correct: 68/128 | Elapsed Time: 13.18s
2026-02-09 03:10:24,875 | INFO | Batch 100 | Loss: 1.0000 | Correct: 84/128 | Elapsed Time: 13.38s
2026-02-09 03:10:38,219 | INFO | Batch 110 | Loss: 0.9473 | Correct: 80/128 | Elapsed Time: 13.34s
2026-02-09 03:10:51,473 | INFO | Batch 120 | Loss: 0.9170 | Correct: 84/128 | Elapsed Time: 13.25s
2026-02-09 03:11:04,898 | INFO | Batch 130 | Loss: 1.0905 | Correct: 75/128 | Elapsed Time: 13.43s
2026-02-09 03:11:18,252 | INFO | Batch 140 | Loss: 0.9946 | Correct: 81/128 | Elapsed Time: 13.35s
2026-02-09 03:11:31,467 | INFO | Batch 150 | Loss: 1.3039 | Correct: 69/128 | Elapsed Time: 13.21s
2026-02-09 03:11:44,781 | INFO | Batch 160 | Loss: 1.2691 | Correct: 71/128 | Elapsed Time: 13.31s
2026-02-09 03:11:58,214 | INFO | Batch 170 | Loss: 0.9839 | Correct: 89/128 | Elapsed Time: 13.43s
2026-02-09 03:12:11,422 | INFO | Batch 180 | Loss: 1.1764 | Correct: 74/128 | Elapsed Time: 13.21s
2026-02-09 03:12:24,676 | INFO | Batch 190 | Loss: 1.1828 | Correct: 72/128 | Elapsed Time: 13.25s
2026-02-09 03:12:37,918 | INFO | Batch 200 | Loss: 1.1574 | Correct: 73/128 | Elapsed Time: 13.24s
2026-02-09 03:12:51,097 | INFO | Batch 210 | Loss: 1.1326 | Correct: 78/128 | Elapsed Time: 13.18s
2026-02-09 03:13:04,419 | INFO | Batch 220 | Loss: 1.0164 | Correct: 86/128 | Elapsed Time: 13.32s
2026-02-09 03:13:17,792 | INFO | Batch 230 | Loss: 1.0386 | Correct: 80/128 | Elapsed Time: 13.37s
2026-02-09 03:13:30,974 | INFO | Batch 240 | Loss: 1.1388 | Correct: 83/128 | Elapsed Time: 13.18s
2026-02-09 03:13:44,326 | INFO | Batch 250 | Loss: 0.9733 | Correct: 77/128 | Elapsed Time: 13.35s
2026-02-09 03:13:57,615 | INFO | Batch 260 | Loss: 0.9892 | Correct: 82/128 | Elapsed Time: 13.29s
2026-02-09 03:14:10,891 | INFO | Batch 270 | Loss: 1.1700 | Correct: 72/128 | Elapsed Time: 13.28s
2026-02-09 03:14:24,269 | INFO | Batch 280 | Loss: 0.9170 | Correct: 91/128 | Elapsed Time: 13.38s
2026-02-09 03:14:37,522 | INFO | Batch 290 | Loss: 0.9839 | Correct: 83/128 | Elapsed Time: 13.25s
2026-02-09 03:14:50,658 | INFO | Batch 300 | Loss: 0.9422 | Correct: 84/128 | Elapsed Time: 13.14s
2026-02-09 03:15:03,943 | INFO | Batch 310 | Loss: 0.9628 | Correct: 82/128 | Elapsed Time: 13.28s
2026-02-09 03:15:17,290 | INFO | Batch 320 | Loss: 1.0443 | Correct: 82/128 | Elapsed Time: 13.35s
2026-02-09 03:15:30,481 | INFO | Batch 330 | Loss: 1.0905 | Correct: 81/128 | Elapsed Time: 13.19s
2026-02-09 03:15:43,803 | INFO | Batch 340 | Loss: 1.1574 | Correct: 73/128 | Elapsed Time: 13.32s
2026-02-09 03:15:57,089 | INFO | Batch 350 | Loss: 1.0000 | Correct: 73/128 | Elapsed Time: 13.29s
2026-02-09 03:16:10,969 | INFO | Batch 360 | Loss: 1.0788 | Correct: 78/128 | Elapsed Time: 13.88s
2026-02-09 03:16:24,262 | INFO | Batch 370 | Loss: 1.1450 | Correct: 80/128 | Elapsed Time: 13.29s
2026-02-09 03:16:37,620 | INFO | Batch 380 | Loss: 1.1764 | Correct: 74/128 | Elapsed Time: 13.36s
2026-02-09 03:16:50,964 | INFO | Batch 390 | Loss: 1.0109 | Correct: 82/128 | Elapsed Time: 13.34s
2026-02-09 03:16:52,012 | INFO | Epoch [20/100] - Loss: 1.0501 | Correct: 31282/50000 (62.56%, 520.99s)
2026-02-09 03:17:39,223 | INFO | Validation - Loss: 1.0536 | Correct: 6321/10000 (63.21%) (47.21s)
2026-02-09 03:17:39,359 | INFO | New best model saved at epoch 20 with Top1 Acc: 63.21%
2026-02-09 03:17:52,561 | INFO | Batch 10 | Loss: 1.1204 | Correct: 78/128 | Elapsed Time: 13.20s
2026-02-09 03:18:05,875 | INFO | Batch 20 | Loss: 0.9320 | Correct: 90/128 | Elapsed Time: 13.31s
2026-02-09 03:18:19,000 | INFO | Batch 30 | Loss: 1.1892 | Correct: 72/128 | Elapsed Time: 13.12s
2026-02-09 03:18:32,115 | INFO | Batch 40 | Loss: 1.1326 | Correct: 77/128 | Elapsed Time: 13.12s
2026-02-09 03:18:45,336 | INFO | Batch 50 | Loss: 1.0330 | Correct: 78/128 | Elapsed Time: 13.22s
2026-02-09 03:18:58,620 | INFO | Batch 60 | Loss: 0.9071 | Correct: 84/128 | Elapsed Time: 13.28s
2026-02-09 03:19:12,220 | INFO | Batch 70 | Loss: 1.1024 | Correct: 82/128 | Elapsed Time: 13.60s
2026-02-09 03:19:25,473 | INFO | Batch 80 | Loss: 1.1828 | Correct: 78/128 | Elapsed Time: 13.25s
2026-02-09 03:19:38,808 | INFO | Batch 90 | Loss: 0.9946 | Correct: 80/128 | Elapsed Time: 13.34s
2026-02-09 03:19:52,149 | INFO | Batch 100 | Loss: 1.0274 | Correct: 84/128 | Elapsed Time: 13.34s
2026-02-09 03:20:05,428 | INFO | Batch 110 | Loss: 1.0054 | Correct: 83/128 | Elapsed Time: 13.28s
2026-02-09 03:20:18,680 | INFO | Batch 120 | Loss: 1.0614 | Correct: 73/128 | Elapsed Time: 13.25s
2026-02-09 03:20:31,969 | INFO | Batch 130 | Loss: 1.0386 | Correct: 79/128 | Elapsed Time: 13.29s
2026-02-09 03:20:45,133 | INFO | Batch 140 | Loss: 1.1512 | Correct: 75/128 | Elapsed Time: 13.16s
2026-02-09 03:20:58,390 | INFO | Batch 150 | Loss: 0.9680 | Correct: 90/128 | Elapsed Time: 13.26s
2026-02-09 03:21:11,723 | INFO | Batch 160 | Loss: 1.1574 | Correct: 77/128 | Elapsed Time: 13.33s
2026-02-09 03:21:25,052 | INFO | Batch 170 | Loss: 1.0109 | Correct: 83/128 | Elapsed Time: 13.33s
2026-02-09 03:21:38,372 | INFO | Batch 180 | Loss: 0.9946 | Correct: 72/128 | Elapsed Time: 13.32s
2026-02-09 03:21:51,613 | INFO | Batch 190 | Loss: 0.9524 | Correct: 81/128 | Elapsed Time: 13.24s
2026-02-09 03:22:04,871 | INFO | Batch 200 | Loss: 0.9524 | Correct: 84/128 | Elapsed Time: 13.26s
2026-02-09 03:22:18,240 | INFO | Batch 210 | Loss: 1.0788 | Correct: 81/128 | Elapsed Time: 13.37s
2026-02-09 03:22:31,416 | INFO | Batch 220 | Loss: 1.0556 | Correct: 85/128 | Elapsed Time: 13.18s
2026-02-09 03:22:44,444 | INFO | Batch 230 | Loss: 1.0274 | Correct: 80/128 | Elapsed Time: 13.03s
2026-02-09 03:22:57,751 | INFO | Batch 240 | Loss: 1.0614 | Correct: 82/128 | Elapsed Time: 13.31s
2026-02-09 03:23:11,138 | INFO | Batch 250 | Loss: 1.1637 | Correct: 76/128 | Elapsed Time: 13.39s
2026-02-09 03:23:24,252 | INFO | Batch 260 | Loss: 0.8877 | Correct: 90/128 | Elapsed Time: 13.11s
2026-02-09 03:23:37,463 | INFO | Batch 270 | Loss: 1.0556 | Correct: 85/128 | Elapsed Time: 13.21s
2026-02-09 03:23:50,869 | INFO | Batch 280 | Loss: 0.9680 | Correct: 79/128 | Elapsed Time: 13.41s
2026-02-09 03:24:04,197 | INFO | Batch 290 | Loss: 0.9576 | Correct: 85/128 | Elapsed Time: 13.33s
2026-02-09 03:24:17,367 | INFO | Batch 300 | Loss: 0.8925 | Correct: 90/128 | Elapsed Time: 13.17s
2026-02-09 03:24:30,613 | INFO | Batch 310 | Loss: 0.9892 | Correct: 83/128 | Elapsed Time: 13.25s
2026-02-09 03:24:43,946 | INFO | Batch 320 | Loss: 1.0443 | Correct: 76/128 | Elapsed Time: 13.33s
2026-02-09 03:24:57,103 | INFO | Batch 330 | Loss: 1.1024 | Correct: 81/128 | Elapsed Time: 13.16s
2026-02-09 03:25:10,377 | INFO | Batch 340 | Loss: 1.1084 | Correct: 81/128 | Elapsed Time: 13.27s
2026-02-09 03:25:23,647 | INFO | Batch 350 | Loss: 0.8687 | Correct: 85/128 | Elapsed Time: 13.27s
2026-02-09 03:25:36,792 | INFO | Batch 360 | Loss: 1.0499 | Correct: 85/128 | Elapsed Time: 13.14s
2026-02-09 03:25:50,160 | INFO | Batch 370 | Loss: 1.1024 | Correct: 77/128 | Elapsed Time: 13.37s
2026-02-09 03:26:03,922 | INFO | Batch 380 | Loss: 0.9628 | Correct: 86/128 | Elapsed Time: 13.76s
2026-02-09 03:26:17,554 | INFO | Batch 390 | Loss: 1.0499 | Correct: 81/128 | Elapsed Time: 13.63s
2026-02-09 03:26:18,584 | INFO | Epoch [21/100] - Loss: 1.0431 | Correct: 31333/50000 (62.67%, 519.22s)
2026-02-09 03:27:05,619 | INFO | Validation - Loss: 1.0705 | Correct: 6282/10000 (62.82%) (47.03s)
2026-02-09 03:27:18,930 | INFO | Batch 10 | Loss: 0.9786 | Correct: 87/128 | Elapsed Time: 13.31s
2026-02-09 03:27:32,311 | INFO | Batch 20 | Loss: 1.0499 | Correct: 77/128 | Elapsed Time: 13.38s
2026-02-09 03:27:45,787 | INFO | Batch 30 | Loss: 1.1637 | Correct: 77/128 | Elapsed Time: 13.48s
2026-02-09 03:27:58,956 | INFO | Batch 40 | Loss: 1.0054 | Correct: 83/128 | Elapsed Time: 13.17s
2026-02-09 03:28:12,284 | INFO | Batch 50 | Loss: 1.0499 | Correct: 70/128 | Elapsed Time: 13.33s
2026-02-09 03:28:25,460 | INFO | Batch 60 | Loss: 0.9628 | Correct: 84/128 | Elapsed Time: 13.18s
2026-02-09 03:28:38,606 | INFO | Batch 70 | Loss: 0.8974 | Correct: 87/128 | Elapsed Time: 13.15s
2026-02-09 03:28:51,887 | INFO | Batch 80 | Loss: 0.9946 | Correct: 82/128 | Elapsed Time: 13.28s
2026-02-09 03:29:05,202 | INFO | Batch 90 | Loss: 1.0219 | Correct: 76/128 | Elapsed Time: 13.31s
2026-02-09 03:29:18,319 | INFO | Batch 100 | Loss: 1.0109 | Correct: 80/128 | Elapsed Time: 13.12s
2026-02-09 03:29:31,658 | INFO | Batch 110 | Loss: 0.9733 | Correct: 79/128 | Elapsed Time: 13.34s
2026-02-09 03:29:44,895 | INFO | Batch 120 | Loss: 0.9270 | Correct: 82/128 | Elapsed Time: 13.24s
2026-02-09 03:29:58,113 | INFO | Batch 130 | Loss: 0.9946 | Correct: 86/128 | Elapsed Time: 13.22s
2026-02-09 03:30:11,511 | INFO | Batch 140 | Loss: 1.0729 | Correct: 84/128 | Elapsed Time: 13.40s
2026-02-09 03:30:24,860 | INFO | Batch 150 | Loss: 1.0386 | Correct: 79/128 | Elapsed Time: 13.35s
2026-02-09 03:30:38,125 | INFO | Batch 160 | Loss: 1.0729 | Correct: 80/128 | Elapsed Time: 13.27s
2026-02-09 03:30:51,492 | INFO | Batch 170 | Loss: 1.0219 | Correct: 74/128 | Elapsed Time: 13.37s
2026-02-09 03:31:04,849 | INFO | Batch 180 | Loss: 1.0109 | Correct: 77/128 | Elapsed Time: 13.36s
2026-02-09 03:31:17,976 | INFO | Batch 190 | Loss: 1.1450 | Correct: 80/128 | Elapsed Time: 13.13s
2026-02-09 03:31:31,199 | INFO | Batch 200 | Loss: 1.1204 | Correct: 78/128 | Elapsed Time: 13.22s
2026-02-09 03:31:44,395 | INFO | Batch 210 | Loss: 1.1144 | Correct: 77/128 | Elapsed Time: 13.20s
2026-02-09 03:31:57,445 | INFO | Batch 220 | Loss: 0.8829 | Correct: 88/128 | Elapsed Time: 13.05s
2026-02-09 03:32:10,864 | INFO | Batch 230 | Loss: 1.0386 | Correct: 78/128 | Elapsed Time: 13.42s
2026-02-09 03:32:24,083 | INFO | Batch 240 | Loss: 1.1450 | Correct: 77/128 | Elapsed Time: 13.22s
2026-02-09 03:32:37,253 | INFO | Batch 250 | Loss: 1.2022 | Correct: 75/128 | Elapsed Time: 13.17s
2026-02-09 03:32:50,533 | INFO | Batch 260 | Loss: 1.0000 | Correct: 75/128 | Elapsed Time: 13.28s
2026-02-09 03:33:03,802 | INFO | Batch 270 | Loss: 1.0054 | Correct: 74/128 | Elapsed Time: 13.27s
2026-02-09 03:33:16,982 | INFO | Batch 280 | Loss: 1.1024 | Correct: 81/128 | Elapsed Time: 13.18s
2026-02-09 03:33:30,277 | INFO | Batch 290 | Loss: 1.2087 | Correct: 72/128 | Elapsed Time: 13.29s
2026-02-09 03:33:43,500 | INFO | Batch 300 | Loss: 1.0109 | Correct: 80/128 | Elapsed Time: 13.22s
2026-02-09 03:33:56,706 | INFO | Batch 310 | Loss: 0.8829 | Correct: 89/128 | Elapsed Time: 13.21s
2026-02-09 03:34:10,028 | INFO | Batch 320 | Loss: 1.0499 | Correct: 86/128 | Elapsed Time: 13.32s
2026-02-09 03:34:23,420 | INFO | Batch 330 | Loss: 1.1512 | Correct: 77/128 | Elapsed Time: 13.39s
2026-02-09 03:34:36,752 | INFO | Batch 340 | Loss: 1.0556 | Correct: 81/128 | Elapsed Time: 13.33s
2026-02-09 03:34:49,920 | INFO | Batch 350 | Loss: 1.2152 | Correct: 71/128 | Elapsed Time: 13.17s
2026-02-09 03:35:03,357 | INFO | Batch 360 | Loss: 1.1084 | Correct: 81/128 | Elapsed Time: 13.44s
2026-02-09 03:35:16,684 | INFO | Batch 370 | Loss: 1.0556 | Correct: 81/128 | Elapsed Time: 13.33s
2026-02-09 03:35:29,856 | INFO | Batch 380 | Loss: 0.8925 | Correct: 93/128 | Elapsed Time: 13.17s
2026-02-09 03:35:43,160 | INFO | Batch 390 | Loss: 1.0164 | Correct: 78/128 | Elapsed Time: 13.30s
2026-02-09 03:35:44,214 | INFO | Epoch [22/100] - Loss: 1.0308 | Correct: 31589/50000 (63.18%, 518.59s)
2026-02-09 03:36:31,889 | INFO | Validation - Loss: 1.0760 | Correct: 6268/10000 (62.68%) (47.67s)
2026-02-09 03:36:45,250 | INFO | Batch 10 | Loss: 1.0671 | Correct: 81/128 | Elapsed Time: 13.36s
2026-02-09 03:36:58,437 | INFO | Batch 20 | Loss: 1.1326 | Correct: 77/128 | Elapsed Time: 13.19s
2026-02-09 03:37:11,734 | INFO | Batch 30 | Loss: 1.0330 | Correct: 73/128 | Elapsed Time: 13.30s
2026-02-09 03:37:25,016 | INFO | Batch 40 | Loss: 0.8877 | Correct: 85/128 | Elapsed Time: 13.28s
2026-02-09 03:37:38,183 | INFO | Batch 50 | Loss: 1.2285 | Correct: 74/128 | Elapsed Time: 13.17s
2026-02-09 03:37:51,542 | INFO | Batch 60 | Loss: 1.0219 | Correct: 83/128 | Elapsed Time: 13.36s
2026-02-09 03:38:04,861 | INFO | Batch 70 | Loss: 1.0729 | Correct: 79/128 | Elapsed Time: 13.32s
2026-02-09 03:38:18,123 | INFO | Batch 80 | Loss: 0.9576 | Correct: 86/128 | Elapsed Time: 13.26s
2026-02-09 03:38:31,232 | INFO | Batch 90 | Loss: 0.9786 | Correct: 84/128 | Elapsed Time: 13.11s
2026-02-09 03:38:44,542 | INFO | Batch 100 | Loss: 0.9892 | Correct: 87/128 | Elapsed Time: 13.31s
2026-02-09 03:38:57,823 | INFO | Batch 110 | Loss: 1.2087 | Correct: 71/128 | Elapsed Time: 13.28s
2026-02-09 03:39:11,064 | INFO | Batch 120 | Loss: 0.9022 | Correct: 82/128 | Elapsed Time: 13.24s
2026-02-09 03:39:24,393 | INFO | Batch 130 | Loss: 1.1637 | Correct: 67/128 | Elapsed Time: 13.33s
2026-02-09 03:39:37,704 | INFO | Batch 140 | Loss: 1.0054 | Correct: 83/128 | Elapsed Time: 13.31s
2026-02-09 03:39:50,914 | INFO | Batch 150 | Loss: 1.0274 | Correct: 78/128 | Elapsed Time: 13.21s
2026-02-09 03:40:04,189 | INFO | Batch 160 | Loss: 1.1450 | Correct: 75/128 | Elapsed Time: 13.28s
2026-02-09 03:40:17,413 | INFO | Batch 170 | Loss: 1.0109 | Correct: 77/128 | Elapsed Time: 13.22s
2026-02-09 03:40:30,517 | INFO | Batch 180 | Loss: 1.0443 | Correct: 80/128 | Elapsed Time: 13.10s
2026-02-09 03:40:43,811 | INFO | Batch 190 | Loss: 1.1144 | Correct: 74/128 | Elapsed Time: 13.29s
2026-02-09 03:40:57,086 | INFO | Batch 200 | Loss: 0.8501 | Correct: 90/128 | Elapsed Time: 13.27s
2026-02-09 03:41:10,335 | INFO | Batch 210 | Loss: 1.0846 | Correct: 74/128 | Elapsed Time: 13.25s
2026-02-09 03:41:23,623 | INFO | Batch 220 | Loss: 1.0386 | Correct: 81/128 | Elapsed Time: 13.29s
2026-02-09 03:41:36,973 | INFO | Batch 230 | Loss: 0.9680 | Correct: 87/128 | Elapsed Time: 13.35s
2026-02-09 03:41:50,218 | INFO | Batch 240 | Loss: 1.0109 | Correct: 77/128 | Elapsed Time: 13.24s
2026-02-09 03:42:03,680 | INFO | Batch 250 | Loss: 0.9576 | Correct: 85/128 | Elapsed Time: 13.46s
2026-02-09 03:42:17,004 | INFO | Batch 260 | Loss: 1.0671 | Correct: 79/128 | Elapsed Time: 13.32s
2026-02-09 03:42:30,137 | INFO | Batch 270 | Loss: 0.9892 | Correct: 81/128 | Elapsed Time: 13.13s
2026-02-09 03:42:43,286 | INFO | Batch 280 | Loss: 1.1084 | Correct: 78/128 | Elapsed Time: 13.15s
2026-02-09 03:42:56,615 | INFO | Batch 290 | Loss: 1.2022 | Correct: 69/128 | Elapsed Time: 13.33s
2026-02-09 03:43:09,760 | INFO | Batch 300 | Loss: 1.0274 | Correct: 80/128 | Elapsed Time: 13.14s
2026-02-09 03:43:22,931 | INFO | Batch 310 | Loss: 1.0556 | Correct: 79/128 | Elapsed Time: 13.17s
2026-02-09 03:43:36,211 | INFO | Batch 320 | Loss: 0.9071 | Correct: 84/128 | Elapsed Time: 13.28s
2026-02-09 03:43:49,332 | INFO | Batch 330 | Loss: 1.0386 | Correct: 84/128 | Elapsed Time: 13.12s
2026-02-09 03:44:02,676 | INFO | Batch 340 | Loss: 1.0556 | Correct: 78/128 | Elapsed Time: 13.34s
2026-02-09 03:44:15,895 | INFO | Batch 350 | Loss: 1.1204 | Correct: 78/128 | Elapsed Time: 13.22s
2026-02-09 03:44:29,124 | INFO | Batch 360 | Loss: 1.0964 | Correct: 78/128 | Elapsed Time: 13.23s
2026-02-09 03:44:42,356 | INFO | Batch 370 | Loss: 0.8318 | Correct: 86/128 | Elapsed Time: 13.23s
2026-02-09 03:44:55,555 | INFO | Batch 380 | Loss: 1.1388 | Correct: 81/128 | Elapsed Time: 13.20s
2026-02-09 03:45:08,944 | INFO | Batch 390 | Loss: 0.9270 | Correct: 82/128 | Elapsed Time: 13.39s
2026-02-09 03:45:10,022 | INFO | Epoch [23/100] - Loss: 1.0403 | Correct: 31562/50000 (63.12%, 518.13s)
2026-02-09 03:45:57,302 | INFO | Validation - Loss: 1.0106 | Correct: 6391/10000 (63.91%) (47.28s)
2026-02-09 03:45:57,435 | INFO | New best model saved at epoch 23 with Top1 Acc: 63.91%
2026-02-09 03:46:11,355 | INFO | Batch 10 | Loss: 1.1764 | Correct: 76/128 | Elapsed Time: 13.92s
2026-02-09 03:46:24,569 | INFO | Batch 20 | Loss: 0.9473 | Correct: 83/128 | Elapsed Time: 13.21s
2026-02-09 03:46:37,822 | INFO | Batch 30 | Loss: 1.0614 | Correct: 78/128 | Elapsed Time: 13.25s
2026-02-09 03:46:50,876 | INFO | Batch 40 | Loss: 1.0905 | Correct: 76/128 | Elapsed Time: 13.05s
2026-02-09 03:47:04,227 | INFO | Batch 50 | Loss: 1.0964 | Correct: 78/128 | Elapsed Time: 13.35s
2026-02-09 03:47:17,651 | INFO | Batch 60 | Loss: 1.0964 | Correct: 80/128 | Elapsed Time: 13.42s
2026-02-09 03:47:30,894 | INFO | Batch 70 | Loss: 1.0788 | Correct: 75/128 | Elapsed Time: 13.24s
2026-02-09 03:47:44,058 | INFO | Batch 80 | Loss: 1.1388 | Correct: 80/128 | Elapsed Time: 13.16s
2026-02-09 03:47:57,343 | INFO | Batch 90 | Loss: 1.0219 | Correct: 84/128 | Elapsed Time: 13.28s
2026-02-09 03:48:10,707 | INFO | Batch 100 | Loss: 1.0330 | Correct: 79/128 | Elapsed Time: 13.36s
2026-02-09 03:48:23,849 | INFO | Batch 110 | Loss: 1.0499 | Correct: 82/128 | Elapsed Time: 13.14s
2026-02-09 03:48:37,101 | INFO | Batch 120 | Loss: 1.0614 | Correct: 82/128 | Elapsed Time: 13.25s
2026-02-09 03:48:50,375 | INFO | Batch 130 | Loss: 0.8877 | Correct: 89/128 | Elapsed Time: 13.27s
2026-02-09 03:49:03,653 | INFO | Batch 140 | Loss: 0.9576 | Correct: 86/128 | Elapsed Time: 13.28s
2026-02-09 03:49:16,960 | INFO | Batch 150 | Loss: 0.8925 | Correct: 87/128 | Elapsed Time: 13.31s
2026-02-09 03:49:30,170 | INFO | Batch 160 | Loss: 0.8593 | Correct: 88/128 | Elapsed Time: 13.21s
2026-02-09 03:49:43,349 | INFO | Batch 170 | Loss: 1.1388 | Correct: 77/128 | Elapsed Time: 13.18s
2026-02-09 03:49:56,647 | INFO | Batch 180 | Loss: 1.0330 | Correct: 84/128 | Elapsed Time: 13.30s
2026-02-09 03:50:09,956 | INFO | Batch 190 | Loss: 1.0109 | Correct: 78/128 | Elapsed Time: 13.31s
2026-02-09 03:50:22,954 | INFO | Batch 200 | Loss: 0.8640 | Correct: 91/128 | Elapsed Time: 13.00s
2026-02-09 03:50:36,189 | INFO | Batch 210 | Loss: 1.0671 | Correct: 81/128 | Elapsed Time: 13.24s
2026-02-09 03:50:49,360 | INFO | Batch 220 | Loss: 1.0671 | Correct: 77/128 | Elapsed Time: 13.17s
2026-02-09 03:51:02,529 | INFO | Batch 230 | Loss: 1.0846 | Correct: 82/128 | Elapsed Time: 13.17s
2026-02-09 03:51:15,787 | INFO | Batch 240 | Loss: 0.9071 | Correct: 86/128 | Elapsed Time: 13.26s
2026-02-09 03:51:28,935 | INFO | Batch 250 | Loss: 1.0964 | Correct: 76/128 | Elapsed Time: 13.15s
2026-02-09 03:51:42,068 | INFO | Batch 260 | Loss: 0.9121 | Correct: 90/128 | Elapsed Time: 13.13s
2026-02-09 03:51:55,345 | INFO | Batch 270 | Loss: 1.0614 | Correct: 78/128 | Elapsed Time: 13.28s
2026-02-09 03:52:08,631 | INFO | Batch 280 | Loss: 1.0614 | Correct: 77/128 | Elapsed Time: 13.29s
2026-02-09 03:52:21,908 | INFO | Batch 290 | Loss: 1.2486 | Correct: 74/128 | Elapsed Time: 13.28s
2026-02-09 03:52:35,212 | INFO | Batch 300 | Loss: 0.9733 | Correct: 78/128 | Elapsed Time: 13.30s
2026-02-09 03:52:48,462 | INFO | Batch 310 | Loss: 1.0729 | Correct: 73/128 | Elapsed Time: 13.25s
2026-02-09 03:53:01,819 | INFO | Batch 320 | Loss: 0.9422 | Correct: 86/128 | Elapsed Time: 13.36s
2026-02-09 03:53:15,099 | INFO | Batch 330 | Loss: 0.9524 | Correct: 86/128 | Elapsed Time: 13.28s
2026-02-09 03:53:28,473 | INFO | Batch 340 | Loss: 1.0846 | Correct: 79/128 | Elapsed Time: 13.37s
2026-02-09 03:53:41,809 | INFO | Batch 350 | Loss: 1.0556 | Correct: 77/128 | Elapsed Time: 13.34s
2026-02-09 03:53:55,133 | INFO | Batch 360 | Loss: 1.0164 | Correct: 78/128 | Elapsed Time: 13.32s
2026-02-09 03:54:08,497 | INFO | Batch 370 | Loss: 0.9892 | Correct: 89/128 | Elapsed Time: 13.36s
2026-02-09 03:54:21,876 | INFO | Batch 380 | Loss: 1.1637 | Correct: 79/128 | Elapsed Time: 13.38s
2026-02-09 03:54:35,082 | INFO | Batch 390 | Loss: 1.0219 | Correct: 84/128 | Elapsed Time: 13.21s
2026-02-09 03:54:36,143 | INFO | Epoch [24/100] - Loss: 1.0195 | Correct: 31858/50000 (63.72%, 518.71s)
2026-02-09 03:55:23,585 | INFO | Validation - Loss: 1.0695 | Correct: 6228/10000 (62.28%) (47.44s)
2026-02-09 03:55:36,865 | INFO | Batch 10 | Loss: 1.0788 | Correct: 82/128 | Elapsed Time: 13.28s
2026-02-09 03:55:50,170 | INFO | Batch 20 | Loss: 1.2968 | Correct: 68/128 | Elapsed Time: 13.31s
2026-02-09 03:56:04,056 | INFO | Batch 30 | Loss: 0.9422 | Correct: 90/128 | Elapsed Time: 13.89s
2026-02-09 03:56:17,449 | INFO | Batch 40 | Loss: 1.1265 | Correct: 82/128 | Elapsed Time: 13.39s
2026-02-09 03:56:30,772 | INFO | Batch 50 | Loss: 1.0109 | Correct: 80/128 | Elapsed Time: 13.32s
2026-02-09 03:56:44,075 | INFO | Batch 60 | Loss: 0.9270 | Correct: 85/128 | Elapsed Time: 13.30s
2026-02-09 03:56:57,278 | INFO | Batch 70 | Loss: 1.0219 | Correct: 84/128 | Elapsed Time: 13.20s
2026-02-09 03:57:10,727 | INFO | Batch 80 | Loss: 1.0164 | Correct: 82/128 | Elapsed Time: 13.45s
2026-02-09 03:57:23,993 | INFO | Batch 90 | Loss: 1.0386 | Correct: 81/128 | Elapsed Time: 13.27s
2026-02-09 03:57:37,121 | INFO | Batch 100 | Loss: 0.9892 | Correct: 82/128 | Elapsed Time: 13.13s
2026-02-09 03:57:50,489 | INFO | Batch 110 | Loss: 0.9786 | Correct: 82/128 | Elapsed Time: 13.37s
2026-02-09 03:58:03,989 | INFO | Batch 120 | Loss: 0.9892 | Correct: 85/128 | Elapsed Time: 13.50s
2026-02-09 03:58:17,204 | INFO | Batch 130 | Loss: 1.2691 | Correct: 70/128 | Elapsed Time: 13.22s
2026-02-09 03:58:30,642 | INFO | Batch 140 | Loss: 1.0274 | Correct: 79/128 | Elapsed Time: 13.44s
2026-02-09 03:58:43,903 | INFO | Batch 150 | Loss: 0.9680 | Correct: 86/128 | Elapsed Time: 13.26s
2026-02-09 03:58:57,112 | INFO | Batch 160 | Loss: 1.0386 | Correct: 78/128 | Elapsed Time: 13.21s
2026-02-09 03:59:10,414 | INFO | Batch 170 | Loss: 0.9576 | Correct: 86/128 | Elapsed Time: 13.30s
2026-02-09 03:59:23,735 | INFO | Batch 180 | Loss: 0.8409 | Correct: 88/128 | Elapsed Time: 13.32s
2026-02-09 03:59:36,895 | INFO | Batch 190 | Loss: 1.2622 | Correct: 66/128 | Elapsed Time: 13.16s
2026-02-09 03:59:50,149 | INFO | Batch 200 | Loss: 0.8829 | Correct: 88/128 | Elapsed Time: 13.25s
2026-02-09 04:00:03,718 | INFO | Batch 210 | Loss: 0.8455 | Correct: 89/128 | Elapsed Time: 13.57s
2026-02-09 04:00:17,245 | INFO | Batch 220 | Loss: 0.8547 | Correct: 86/128 | Elapsed Time: 13.53s
2026-02-09 04:00:30,595 | INFO | Batch 230 | Loss: 0.9576 | Correct: 80/128 | Elapsed Time: 13.35s
2026-02-09 04:00:43,947 | INFO | Batch 240 | Loss: 0.9576 | Correct: 88/128 | Elapsed Time: 13.35s
2026-02-09 04:00:57,020 | INFO | Batch 250 | Loss: 0.9270 | Correct: 89/128 | Elapsed Time: 13.07s
2026-02-09 04:01:10,309 | INFO | Batch 260 | Loss: 1.0330 | Correct: 80/128 | Elapsed Time: 13.29s
2026-02-09 04:01:23,669 | INFO | Batch 270 | Loss: 1.0614 | Correct: 79/128 | Elapsed Time: 13.36s
2026-02-09 04:01:36,859 | INFO | Batch 280 | Loss: 1.0964 | Correct: 82/128 | Elapsed Time: 13.19s
2026-02-09 04:01:50,157 | INFO | Batch 290 | Loss: 1.0729 | Correct: 78/128 | Elapsed Time: 13.30s
2026-02-09 04:02:03,553 | INFO | Batch 300 | Loss: 1.0729 | Correct: 76/128 | Elapsed Time: 13.40s
2026-02-09 04:02:16,672 | INFO | Batch 310 | Loss: 1.1388 | Correct: 77/128 | Elapsed Time: 13.12s
2026-02-09 04:02:29,974 | INFO | Batch 320 | Loss: 0.8409 | Correct: 91/128 | Elapsed Time: 13.30s
2026-02-09 04:02:43,396 | INFO | Batch 330 | Loss: 0.9022 | Correct: 82/128 | Elapsed Time: 13.42s
2026-02-09 04:02:56,649 | INFO | Batch 340 | Loss: 1.1700 | Correct: 80/128 | Elapsed Time: 13.25s
2026-02-09 04:03:09,876 | INFO | Batch 350 | Loss: 1.0905 | Correct: 79/128 | Elapsed Time: 13.23s
2026-02-09 04:03:23,147 | INFO | Batch 360 | Loss: 1.0219 | Correct: 82/128 | Elapsed Time: 13.27s
2026-02-09 04:03:36,396 | INFO | Batch 370 | Loss: 0.9422 | Correct: 86/128 | Elapsed Time: 13.25s
2026-02-09 04:03:49,561 | INFO | Batch 380 | Loss: 1.0000 | Correct: 85/128 | Elapsed Time: 13.16s
2026-02-09 04:04:02,824 | INFO | Batch 390 | Loss: 0.9733 | Correct: 81/128 | Elapsed Time: 13.26s
2026-02-09 04:04:03,884 | INFO | Epoch [25/100] - Loss: 1.0048 | Correct: 32183/50000 (64.37%, 520.30s)
2026-02-09 04:04:49,997 | INFO | Validation - Loss: 1.0727 | Correct: 6193/10000 (61.93%) (46.11s)
2026-02-09 04:05:02,906 | INFO | Batch 10 | Loss: 0.9071 | Correct: 86/128 | Elapsed Time: 12.91s
2026-02-09 04:05:16,033 | INFO | Batch 20 | Loss: 0.9733 | Correct: 83/128 | Elapsed Time: 13.13s
2026-02-09 04:05:29,380 | INFO | Batch 30 | Loss: 0.9946 | Correct: 78/128 | Elapsed Time: 13.35s
2026-02-09 04:05:42,663 | INFO | Batch 40 | Loss: 1.0054 | Correct: 81/128 | Elapsed Time: 13.28s
2026-02-09 04:05:55,886 | INFO | Batch 50 | Loss: 1.0109 | Correct: 85/128 | Elapsed Time: 13.22s
2026-02-09 04:06:10,091 | INFO | Batch 60 | Loss: 1.1024 | Correct: 70/128 | Elapsed Time: 14.21s
2026-02-09 04:06:23,308 | INFO | Batch 70 | Loss: 1.0000 | Correct: 81/128 | Elapsed Time: 13.22s
2026-02-09 04:06:36,737 | INFO | Batch 80 | Loss: 1.0788 | Correct: 85/128 | Elapsed Time: 13.43s
2026-02-09 04:06:49,854 | INFO | Batch 90 | Loss: 0.8229 | Correct: 95/128 | Elapsed Time: 13.12s
2026-02-09 04:07:03,304 | INFO | Batch 100 | Loss: 1.0443 | Correct: 76/128 | Elapsed Time: 13.45s
2026-02-09 04:07:16,572 | INFO | Batch 110 | Loss: 1.0164 | Correct: 80/128 | Elapsed Time: 13.27s
2026-02-09 04:07:29,831 | INFO | Batch 120 | Loss: 0.8184 | Correct: 91/128 | Elapsed Time: 13.26s
2026-02-09 04:07:43,141 | INFO | Batch 130 | Loss: 0.9628 | Correct: 81/128 | Elapsed Time: 13.31s
2026-02-09 04:07:56,579 | INFO | Batch 140 | Loss: 1.0788 | Correct: 82/128 | Elapsed Time: 13.44s
2026-02-09 04:08:09,895 | INFO | Batch 150 | Loss: 0.9473 | Correct: 87/128 | Elapsed Time: 13.32s
2026-02-09 04:08:23,333 | INFO | Batch 160 | Loss: 0.9524 | Correct: 88/128 | Elapsed Time: 13.44s
2026-02-09 04:08:36,728 | INFO | Batch 170 | Loss: 0.9946 | Correct: 88/128 | Elapsed Time: 13.39s
2026-02-09 04:08:50,020 | INFO | Batch 180 | Loss: 0.9422 | Correct: 83/128 | Elapsed Time: 13.29s
2026-02-09 04:09:03,357 | INFO | Batch 190 | Loss: 0.9786 | Correct: 79/128 | Elapsed Time: 13.34s
2026-02-09 04:09:16,667 | INFO | Batch 200 | Loss: 0.9473 | Correct: 84/128 | Elapsed Time: 13.31s
2026-02-09 04:09:29,855 | INFO | Batch 210 | Loss: 1.0219 | Correct: 80/128 | Elapsed Time: 13.19s
2026-02-09 04:09:43,157 | INFO | Batch 220 | Loss: 0.9524 | Correct: 81/128 | Elapsed Time: 13.30s
2026-02-09 04:09:56,517 | INFO | Batch 230 | Loss: 0.8877 | Correct: 91/128 | Elapsed Time: 13.36s
2026-02-09 04:10:09,667 | INFO | Batch 240 | Loss: 0.9786 | Correct: 88/128 | Elapsed Time: 13.15s
2026-02-09 04:10:22,964 | INFO | Batch 250 | Loss: 1.3324 | Correct: 70/128 | Elapsed Time: 13.30s
2026-02-09 04:10:36,391 | INFO | Batch 260 | Loss: 1.0846 | Correct: 80/128 | Elapsed Time: 13.43s
2026-02-09 04:10:49,549 | INFO | Batch 270 | Loss: 0.9628 | Correct: 85/128 | Elapsed Time: 13.16s
2026-02-09 04:11:02,832 | INFO | Batch 280 | Loss: 0.9524 | Correct: 83/128 | Elapsed Time: 13.28s
2026-02-09 04:11:16,094 | INFO | Batch 290 | Loss: 0.8734 | Correct: 95/128 | Elapsed Time: 13.26s
2026-02-09 04:11:29,267 | INFO | Batch 300 | Loss: 1.0614 | Correct: 77/128 | Elapsed Time: 13.17s
2026-02-09 04:11:42,533 | INFO | Batch 310 | Loss: 1.1204 | Correct: 80/128 | Elapsed Time: 13.27s
2026-02-09 04:11:55,862 | INFO | Batch 320 | Loss: 1.0000 | Correct: 86/128 | Elapsed Time: 13.33s
2026-02-09 04:12:09,101 | INFO | Batch 330 | Loss: 1.0614 | Correct: 82/128 | Elapsed Time: 13.24s
2026-02-09 04:12:22,514 | INFO | Batch 340 | Loss: 1.0164 | Correct: 83/128 | Elapsed Time: 13.41s
2026-02-09 04:12:35,769 | INFO | Batch 350 | Loss: 1.0671 | Correct: 79/128 | Elapsed Time: 13.25s
2026-02-09 04:12:48,981 | INFO | Batch 360 | Loss: 0.8974 | Correct: 93/128 | Elapsed Time: 13.21s
2026-02-09 04:13:02,268 | INFO | Batch 370 | Loss: 0.9071 | Correct: 83/128 | Elapsed Time: 13.29s
2026-02-09 04:13:15,586 | INFO | Batch 380 | Loss: 0.9170 | Correct: 88/128 | Elapsed Time: 13.32s
2026-02-09 04:13:28,960 | INFO | Batch 390 | Loss: 1.0000 | Correct: 77/128 | Elapsed Time: 13.37s
2026-02-09 04:13:30,002 | INFO | Epoch [26/100] - Loss: 1.0019 | Correct: 32198/50000 (64.40%, 520.00s)
2026-02-09 04:14:17,184 | INFO | Validation - Loss: 1.0964 | Correct: 6333/10000 (63.33%) (47.18s)
2026-02-09 04:14:30,350 | INFO | Batch 10 | Loss: 0.9473 | Correct: 92/128 | Elapsed Time: 13.16s
2026-02-09 04:14:43,738 | INFO | Batch 20 | Loss: 1.0846 | Correct: 82/128 | Elapsed Time: 13.39s
2026-02-09 04:14:56,967 | INFO | Batch 30 | Loss: 1.0729 | Correct: 77/128 | Elapsed Time: 13.23s
2026-02-09 04:15:10,324 | INFO | Batch 40 | Loss: 1.0846 | Correct: 79/128 | Elapsed Time: 13.36s
2026-02-09 04:15:23,583 | INFO | Batch 50 | Loss: 0.8877 | Correct: 86/128 | Elapsed Time: 13.26s
2026-02-09 04:15:36,965 | INFO | Batch 60 | Loss: 1.1204 | Correct: 73/128 | Elapsed Time: 13.38s
2026-02-09 04:15:50,373 | INFO | Batch 70 | Loss: 0.9733 | Correct: 83/128 | Elapsed Time: 13.41s
2026-02-09 04:16:04,000 | INFO | Batch 80 | Loss: 0.9733 | Correct: 83/128 | Elapsed Time: 13.63s
2026-02-09 04:16:17,630 | INFO | Batch 90 | Loss: 1.1828 | Correct: 83/128 | Elapsed Time: 13.63s
2026-02-09 04:16:30,989 | INFO | Batch 100 | Loss: 1.1265 | Correct: 78/128 | Elapsed Time: 13.36s
2026-02-09 04:16:44,262 | INFO | Batch 110 | Loss: 0.9628 | Correct: 84/128 | Elapsed Time: 13.27s
2026-02-09 04:16:57,554 | INFO | Batch 120 | Loss: 0.9422 | Correct: 79/128 | Elapsed Time: 13.29s
2026-02-09 04:17:10,997 | INFO | Batch 130 | Loss: 0.9071 | Correct: 88/128 | Elapsed Time: 13.44s
2026-02-09 04:17:24,147 | INFO | Batch 140 | Loss: 0.8925 | Correct: 84/128 | Elapsed Time: 13.15s
2026-02-09 04:17:37,519 | INFO | Batch 150 | Loss: 1.0274 | Correct: 83/128 | Elapsed Time: 13.37s
2026-02-09 04:17:50,873 | INFO | Batch 160 | Loss: 1.0443 | Correct: 74/128 | Elapsed Time: 13.35s
2026-02-09 04:18:04,129 | INFO | Batch 170 | Loss: 0.9270 | Correct: 91/128 | Elapsed Time: 13.26s
2026-02-09 04:18:17,511 | INFO | Batch 180 | Loss: 1.0164 | Correct: 86/128 | Elapsed Time: 13.38s
2026-02-09 04:18:30,847 | INFO | Batch 190 | Loss: 1.0386 | Correct: 82/128 | Elapsed Time: 13.34s
2026-02-09 04:18:43,977 | INFO | Batch 200 | Loss: 0.9022 | Correct: 92/128 | Elapsed Time: 13.13s
2026-02-09 04:18:57,262 | INFO | Batch 210 | Loss: 0.8829 | Correct: 92/128 | Elapsed Time: 13.29s
2026-02-09 04:19:10,632 | INFO | Batch 220 | Loss: 0.8455 | Correct: 88/128 | Elapsed Time: 13.37s
2026-02-09 04:19:23,929 | INFO | Batch 230 | Loss: 0.7966 | Correct: 89/128 | Elapsed Time: 13.30s
2026-02-09 04:19:37,208 | INFO | Batch 240 | Loss: 1.0274 | Correct: 77/128 | Elapsed Time: 13.28s
2026-02-09 04:19:50,535 | INFO | Batch 250 | Loss: 0.9270 | Correct: 88/128 | Elapsed Time: 13.33s
2026-02-09 04:20:03,933 | INFO | Batch 260 | Loss: 0.8593 | Correct: 96/128 | Elapsed Time: 13.40s
2026-02-09 04:20:17,331 | INFO | Batch 270 | Loss: 0.9121 | Correct: 89/128 | Elapsed Time: 13.40s
2026-02-09 04:20:30,592 | INFO | Batch 280 | Loss: 0.9473 | Correct: 84/128 | Elapsed Time: 13.26s
2026-02-09 04:20:43,873 | INFO | Batch 290 | Loss: 1.0556 | Correct: 82/128 | Elapsed Time: 13.28s
2026-02-09 04:20:57,349 | INFO | Batch 300 | Loss: 0.9576 | Correct: 83/128 | Elapsed Time: 13.48s
2026-02-09 04:21:10,697 | INFO | Batch 310 | Loss: 0.9473 | Correct: 91/128 | Elapsed Time: 13.35s
2026-02-09 04:21:23,851 | INFO | Batch 320 | Loss: 0.9022 | Correct: 88/128 | Elapsed Time: 13.15s
2026-02-09 04:21:37,327 | INFO | Batch 330 | Loss: 0.9946 | Correct: 87/128 | Elapsed Time: 13.48s
2026-02-09 04:21:50,751 | INFO | Batch 340 | Loss: 0.9576 | Correct: 82/128 | Elapsed Time: 13.42s
2026-02-09 04:22:04,238 | INFO | Batch 350 | Loss: 1.0614 | Correct: 81/128 | Elapsed Time: 13.49s
2026-02-09 04:22:17,553 | INFO | Batch 360 | Loss: 0.9320 | Correct: 83/128 | Elapsed Time: 13.32s
2026-02-09 04:22:30,921 | INFO | Batch 370 | Loss: 0.8547 | Correct: 90/128 | Elapsed Time: 13.37s
2026-02-09 04:22:44,281 | INFO | Batch 380 | Loss: 0.9220 | Correct: 83/128 | Elapsed Time: 13.36s
2026-02-09 04:22:57,555 | INFO | Batch 390 | Loss: 0.9121 | Correct: 85/128 | Elapsed Time: 13.27s
2026-02-09 04:22:58,641 | INFO | Epoch [27/100] - Loss: 0.9783 | Correct: 32682/50000 (65.36%, 521.45s)
2026-02-09 04:23:45,882 | INFO | Validation - Loss: 0.9860 | Correct: 6550/10000 (65.50%) (47.24s)
2026-02-09 04:23:46,027 | INFO | New best model saved at epoch 27 with Top1 Acc: 65.50%
2026-02-09 04:23:59,320 | INFO | Batch 10 | Loss: 1.0274 | Correct: 79/128 | Elapsed Time: 13.29s
2026-02-09 04:24:12,656 | INFO | Batch 20 | Loss: 1.0330 | Correct: 81/128 | Elapsed Time: 13.34s
2026-02-09 04:24:25,869 | INFO | Batch 30 | Loss: 0.9473 | Correct: 89/128 | Elapsed Time: 13.21s
2026-02-09 04:24:39,262 | INFO | Batch 40 | Loss: 0.9576 | Correct: 86/128 | Elapsed Time: 13.39s
2026-02-09 04:24:52,692 | INFO | Batch 50 | Loss: 0.7226 | Correct: 91/128 | Elapsed Time: 13.43s
2026-02-09 04:25:06,129 | INFO | Batch 60 | Loss: 1.0386 | Correct: 79/128 | Elapsed Time: 13.44s
2026-02-09 04:25:19,385 | INFO | Batch 70 | Loss: 0.9320 | Correct: 82/128 | Elapsed Time: 13.26s
2026-02-09 04:25:32,618 | INFO | Batch 80 | Loss: 0.9576 | Correct: 87/128 | Elapsed Time: 13.23s
2026-02-09 04:25:45,874 | INFO | Batch 90 | Loss: 0.8455 | Correct: 92/128 | Elapsed Time: 13.26s
2026-02-09 04:25:59,232 | INFO | Batch 100 | Loss: 1.0671 | Correct: 83/128 | Elapsed Time: 13.36s
2026-02-09 04:26:13,395 | INFO | Batch 110 | Loss: 1.1024 | Correct: 82/128 | Elapsed Time: 14.16s
2026-02-09 04:26:26,662 | INFO | Batch 120 | Loss: 0.8687 | Correct: 87/128 | Elapsed Time: 13.27s
2026-02-09 04:26:39,959 | INFO | Batch 130 | Loss: 0.9524 | Correct: 87/128 | Elapsed Time: 13.30s
2026-02-09 04:26:53,223 | INFO | Batch 140 | Loss: 1.0556 | Correct: 84/128 | Elapsed Time: 13.26s
2026-02-09 04:27:06,532 | INFO | Batch 150 | Loss: 0.9786 | Correct: 80/128 | Elapsed Time: 13.31s
2026-02-09 04:27:19,693 | INFO | Batch 160 | Loss: 1.0788 | Correct: 76/128 | Elapsed Time: 13.16s
2026-02-09 04:27:33,040 | INFO | Batch 170 | Loss: 1.1326 | Correct: 75/128 | Elapsed Time: 13.35s
2026-02-09 04:27:46,405 | INFO | Batch 180 | Loss: 0.9071 | Correct: 85/128 | Elapsed Time: 13.37s
2026-02-09 04:27:59,607 | INFO | Batch 190 | Loss: 0.9680 | Correct: 85/128 | Elapsed Time: 13.20s
2026-02-09 04:28:12,982 | INFO | Batch 200 | Loss: 1.0905 | Correct: 73/128 | Elapsed Time: 13.38s
2026-02-09 04:28:26,301 | INFO | Batch 210 | Loss: 0.9371 | Correct: 79/128 | Elapsed Time: 13.32s
2026-02-09 04:28:39,546 | INFO | Batch 220 | Loss: 0.9270 | Correct: 83/128 | Elapsed Time: 13.24s
2026-02-09 04:28:52,915 | INFO | Batch 230 | Loss: 0.9320 | Correct: 88/128 | Elapsed Time: 13.37s
2026-02-09 04:29:06,349 | INFO | Batch 240 | Loss: 1.1024 | Correct: 78/128 | Elapsed Time: 13.43s
2026-02-09 04:29:19,404 | INFO | Batch 250 | Loss: 0.7226 | Correct: 99/128 | Elapsed Time: 13.06s
2026-02-09 04:29:32,756 | INFO | Batch 260 | Loss: 0.8593 | Correct: 93/128 | Elapsed Time: 13.35s
2026-02-09 04:29:46,081 | INFO | Batch 270 | Loss: 1.0330 | Correct: 81/128 | Elapsed Time: 13.32s
2026-02-09 04:29:59,204 | INFO | Batch 280 | Loss: 0.9628 | Correct: 85/128 | Elapsed Time: 13.12s
2026-02-09 04:30:12,563 | INFO | Batch 290 | Loss: 0.9733 | Correct: 86/128 | Elapsed Time: 13.36s
2026-02-09 04:30:25,819 | INFO | Batch 300 | Loss: 0.9320 | Correct: 86/128 | Elapsed Time: 13.26s
2026-02-09 04:30:39,021 | INFO | Batch 310 | Loss: 1.0274 | Correct: 85/128 | Elapsed Time: 13.20s
2026-02-09 04:30:52,423 | INFO | Batch 320 | Loss: 1.0556 | Correct: 83/128 | Elapsed Time: 13.40s
2026-02-09 04:31:05,711 | INFO | Batch 330 | Loss: 0.9071 | Correct: 87/128 | Elapsed Time: 13.29s
2026-02-09 04:31:19,036 | INFO | Batch 340 | Loss: 0.9892 | Correct: 87/128 | Elapsed Time: 13.33s
2026-02-09 04:31:32,295 | INFO | Batch 350 | Loss: 0.9946 | Correct: 84/128 | Elapsed Time: 13.26s
2026-02-09 04:31:45,471 | INFO | Batch 360 | Loss: 0.8687 | Correct: 89/128 | Elapsed Time: 13.18s
2026-02-09 04:31:58,844 | INFO | Batch 370 | Loss: 0.8925 | Correct: 88/128 | Elapsed Time: 13.37s
2026-02-09 04:32:12,009 | INFO | Batch 380 | Loss: 1.1024 | Correct: 76/128 | Elapsed Time: 13.17s
2026-02-09 04:32:25,300 | INFO | Batch 390 | Loss: 0.8593 | Correct: 87/128 | Elapsed Time: 13.29s
2026-02-09 04:32:26,341 | INFO | Epoch [28/100] - Loss: 0.9677 | Correct: 32806/50000 (65.61%, 520.31s)
2026-02-09 04:33:13,332 | INFO | Validation - Loss: 0.9419 | Correct: 6670/10000 (66.70%) (46.99s)
2026-02-09 04:33:13,482 | INFO | New best model saved at epoch 28 with Top1 Acc: 66.70%
2026-02-09 04:33:26,864 | INFO | Batch 10 | Loss: 0.9220 | Correct: 80/128 | Elapsed Time: 13.38s
2026-02-09 04:33:40,029 | INFO | Batch 20 | Loss: 0.9022 | Correct: 83/128 | Elapsed Time: 13.17s
2026-02-09 04:33:53,249 | INFO | Batch 30 | Loss: 0.9022 | Correct: 82/128 | Elapsed Time: 13.22s
2026-02-09 04:34:06,691 | INFO | Batch 40 | Loss: 1.0109 | Correct: 82/128 | Elapsed Time: 13.44s
2026-02-09 04:34:19,737 | INFO | Batch 50 | Loss: 0.8974 | Correct: 87/128 | Elapsed Time: 13.05s
2026-02-09 04:34:32,854 | INFO | Batch 60 | Loss: 1.0219 | Correct: 90/128 | Elapsed Time: 13.12s
2026-02-09 04:34:46,032 | INFO | Batch 70 | Loss: 0.9270 | Correct: 85/128 | Elapsed Time: 13.18s
2026-02-09 04:34:59,109 | INFO | Batch 80 | Loss: 1.0000 | Correct: 85/128 | Elapsed Time: 13.08s
2026-02-09 04:35:12,213 | INFO | Batch 90 | Loss: 0.8687 | Correct: 93/128 | Elapsed Time: 13.10s
2026-02-09 04:35:25,636 | INFO | Batch 100 | Loss: 1.0671 | Correct: 84/128 | Elapsed Time: 13.42s
2026-02-09 04:35:38,835 | INFO | Batch 110 | Loss: 0.8455 | Correct: 92/128 | Elapsed Time: 13.20s
2026-02-09 04:35:52,133 | INFO | Batch 120 | Loss: 1.0556 | Correct: 86/128 | Elapsed Time: 13.30s
2026-02-09 04:36:06,454 | INFO | Batch 130 | Loss: 1.0499 | Correct: 81/128 | Elapsed Time: 14.32s
2026-02-09 04:36:19,790 | INFO | Batch 140 | Loss: 0.9422 | Correct: 91/128 | Elapsed Time: 13.34s
2026-02-09 04:36:32,952 | INFO | Batch 150 | Loss: 0.9839 | Correct: 83/128 | Elapsed Time: 13.16s
2026-02-09 04:36:46,304 | INFO | Batch 160 | Loss: 1.0109 | Correct: 82/128 | Elapsed Time: 13.35s
2026-02-09 04:36:59,528 | INFO | Batch 170 | Loss: 0.9576 | Correct: 83/128 | Elapsed Time: 13.22s
2026-02-09 04:37:12,648 | INFO | Batch 180 | Loss: 0.9121 | Correct: 85/128 | Elapsed Time: 13.12s
2026-02-09 04:37:25,940 | INFO | Batch 190 | Loss: 0.8229 | Correct: 89/128 | Elapsed Time: 13.29s
2026-02-09 04:37:39,243 | INFO | Batch 200 | Loss: 1.0219 | Correct: 85/128 | Elapsed Time: 13.30s
2026-02-09 04:37:52,445 | INFO | Batch 210 | Loss: 0.8593 | Correct: 88/128 | Elapsed Time: 13.20s
2026-02-09 04:38:05,931 | INFO | Batch 220 | Loss: 1.0274 | Correct: 78/128 | Elapsed Time: 13.49s
2026-02-09 04:38:19,175 | INFO | Batch 230 | Loss: 0.8052 | Correct: 97/128 | Elapsed Time: 13.24s
2026-02-09 04:38:32,406 | INFO | Batch 240 | Loss: 0.8734 | Correct: 89/128 | Elapsed Time: 13.23s
2026-02-09 04:38:45,634 | INFO | Batch 250 | Loss: 0.7546 | Correct: 90/128 | Elapsed Time: 13.23s
2026-02-09 04:38:58,914 | INFO | Batch 260 | Loss: 0.8687 | Correct: 84/128 | Elapsed Time: 13.28s
2026-02-09 04:39:12,221 | INFO | Batch 270 | Loss: 0.8455 | Correct: 88/128 | Elapsed Time: 13.31s
2026-02-09 04:39:25,530 | INFO | Batch 280 | Loss: 0.9371 | Correct: 84/128 | Elapsed Time: 13.31s
2026-02-09 04:39:38,862 | INFO | Batch 290 | Loss: 0.9071 | Correct: 85/128 | Elapsed Time: 13.33s
2026-02-09 04:39:52,029 | INFO | Batch 300 | Loss: 0.9121 | Correct: 79/128 | Elapsed Time: 13.17s
2026-02-09 04:40:05,392 | INFO | Batch 310 | Loss: 0.9170 | Correct: 89/128 | Elapsed Time: 13.36s
2026-02-09 04:40:18,602 | INFO | Batch 320 | Loss: 1.0905 | Correct: 87/128 | Elapsed Time: 13.21s
2026-02-09 04:40:31,800 | INFO | Batch 330 | Loss: 1.1700 | Correct: 82/128 | Elapsed Time: 13.20s
2026-02-09 04:40:45,073 | INFO | Batch 340 | Loss: 1.1700 | Correct: 76/128 | Elapsed Time: 13.27s
2026-02-09 04:40:58,452 | INFO | Batch 350 | Loss: 0.9270 | Correct: 84/128 | Elapsed Time: 13.38s
2026-02-09 04:41:11,960 | INFO | Batch 360 | Loss: 0.9628 | Correct: 83/128 | Elapsed Time: 13.51s
2026-02-09 04:41:25,086 | INFO | Batch 370 | Loss: 1.0499 | Correct: 85/128 | Elapsed Time: 13.13s
2026-02-09 04:41:38,400 | INFO | Batch 380 | Loss: 1.1892 | Correct: 76/128 | Elapsed Time: 13.31s
2026-02-09 04:41:51,770 | INFO | Batch 390 | Loss: 1.1512 | Correct: 80/128 | Elapsed Time: 13.37s
2026-02-09 04:41:52,820 | INFO | Epoch [29/100] - Loss: 0.9641 | Correct: 32982/50000 (65.96%, 519.34s)
2026-02-09 04:42:40,080 | INFO | Validation - Loss: 1.2346 | Correct: 5643/10000 (56.43%) (47.26s)
2026-02-09 04:42:53,208 | INFO | Batch 10 | Loss: 1.1144 | Correct: 78/128 | Elapsed Time: 13.13s
2026-02-09 04:43:06,610 | INFO | Batch 20 | Loss: 1.0964 | Correct: 80/128 | Elapsed Time: 13.40s
2026-02-09 04:43:20,058 | INFO | Batch 30 | Loss: 0.8829 | Correct: 89/128 | Elapsed Time: 13.45s
2026-02-09 04:43:33,250 | INFO | Batch 40 | Loss: 1.0109 | Correct: 82/128 | Elapsed Time: 13.19s
2026-02-09 04:43:46,613 | INFO | Batch 50 | Loss: 1.0386 | Correct: 81/128 | Elapsed Time: 13.36s
2026-02-09 04:43:59,964 | INFO | Batch 60 | Loss: 1.1204 | Correct: 79/128 | Elapsed Time: 13.35s
2026-02-09 04:44:13,222 | INFO | Batch 70 | Loss: 1.0788 | Correct: 77/128 | Elapsed Time: 13.26s
2026-02-09 04:44:26,644 | INFO | Batch 80 | Loss: 1.1024 | Correct: 74/128 | Elapsed Time: 13.42s
2026-02-09 04:44:40,068 | INFO | Batch 90 | Loss: 0.8829 | Correct: 90/128 | Elapsed Time: 13.42s
2026-02-09 04:44:53,310 | INFO | Batch 100 | Loss: 1.0614 | Correct: 79/128 | Elapsed Time: 13.24s
2026-02-09 04:45:06,832 | INFO | Batch 110 | Loss: 1.1204 | Correct: 77/128 | Elapsed Time: 13.52s
2026-02-09 04:45:20,104 | INFO | Batch 120 | Loss: 1.4142 | Correct: 65/128 | Elapsed Time: 13.27s
2026-02-09 04:45:33,507 | INFO | Batch 130 | Loss: 1.1892 | Correct: 69/128 | Elapsed Time: 13.40s
2026-02-09 04:45:46,699 | INFO | Batch 140 | Loss: 1.2218 | Correct: 73/128 | Elapsed Time: 13.19s
2026-02-09 04:46:00,061 | INFO | Batch 150 | Loss: 1.1512 | Correct: 75/128 | Elapsed Time: 13.36s
2026-02-09 04:46:13,970 | INFO | Batch 160 | Loss: 1.0443 | Correct: 79/128 | Elapsed Time: 13.91s
2026-02-09 04:46:27,142 | INFO | Batch 170 | Loss: 1.0499 | Correct: 81/128 | Elapsed Time: 13.17s
2026-02-09 04:46:40,492 | INFO | Batch 180 | Loss: 1.1512 | Correct: 76/128 | Elapsed Time: 13.35s
2026-02-09 04:46:53,768 | INFO | Batch 190 | Loss: 1.0499 | Correct: 83/128 | Elapsed Time: 13.28s
2026-02-09 04:47:07,120 | INFO | Batch 200 | Loss: 1.0386 | Correct: 81/128 | Elapsed Time: 13.35s
2026-02-09 04:47:20,497 | INFO | Batch 210 | Loss: 1.0729 | Correct: 76/128 | Elapsed Time: 13.38s
2026-02-09 04:47:33,881 | INFO | Batch 220 | Loss: 0.8140 | Correct: 89/128 | Elapsed Time: 13.38s
2026-02-09 04:47:47,067 | INFO | Batch 230 | Loss: 0.9839 | Correct: 83/128 | Elapsed Time: 13.19s
2026-02-09 04:48:00,401 | INFO | Batch 240 | Loss: 0.9892 | Correct: 83/128 | Elapsed Time: 13.33s
2026-02-09 04:48:13,808 | INFO | Batch 250 | Loss: 1.0788 | Correct: 75/128 | Elapsed Time: 13.41s
2026-02-09 04:48:27,106 | INFO | Batch 260 | Loss: 0.8273 | Correct: 88/128 | Elapsed Time: 13.30s
2026-02-09 04:48:40,441 | INFO | Batch 270 | Loss: 0.9628 | Correct: 85/128 | Elapsed Time: 13.33s
2026-02-09 04:48:53,736 | INFO | Batch 280 | Loss: 0.8877 | Correct: 93/128 | Elapsed Time: 13.30s
2026-02-09 04:49:07,092 | INFO | Batch 290 | Loss: 1.1700 | Correct: 77/128 | Elapsed Time: 13.36s
2026-02-09 04:49:20,456 | INFO | Batch 300 | Loss: 0.8547 | Correct: 91/128 | Elapsed Time: 13.36s
2026-02-09 04:49:33,887 | INFO | Batch 310 | Loss: 1.1574 | Correct: 85/128 | Elapsed Time: 13.43s
2026-02-09 04:49:47,114 | INFO | Batch 320 | Loss: 0.9022 | Correct: 84/128 | Elapsed Time: 13.23s
2026-02-09 04:50:00,502 | INFO | Batch 330 | Loss: 1.0671 | Correct: 78/128 | Elapsed Time: 13.39s
2026-02-09 04:50:13,857 | INFO | Batch 340 | Loss: 1.0330 | Correct: 83/128 | Elapsed Time: 13.36s
2026-02-09 04:50:27,127 | INFO | Batch 350 | Loss: 1.0109 | Correct: 87/128 | Elapsed Time: 13.27s
2026-02-09 04:50:40,548 | INFO | Batch 360 | Loss: 1.0330 | Correct: 82/128 | Elapsed Time: 13.42s
2026-02-09 04:50:53,935 | INFO | Batch 370 | Loss: 1.0556 | Correct: 84/128 | Elapsed Time: 13.39s
2026-02-09 04:51:07,201 | INFO | Batch 380 | Loss: 0.9839 | Correct: 84/128 | Elapsed Time: 13.27s
2026-02-09 04:51:20,590 | INFO | Batch 390 | Loss: 1.1388 | Correct: 80/128 | Elapsed Time: 13.39s
2026-02-09 04:51:21,650 | INFO | Epoch [30/100] - Loss: 1.0397 | Correct: 31640/50000 (63.28%, 521.57s)
2026-02-09 04:52:09,119 | INFO | Validation - Loss: 0.9727 | Correct: 6557/10000 (65.57%) (47.47s)
2026-02-09 04:52:22,439 | INFO | Batch 10 | Loss: 0.9680 | Correct: 86/128 | Elapsed Time: 13.32s
2026-02-09 04:52:35,790 | INFO | Batch 20 | Loss: 0.9946 | Correct: 81/128 | Elapsed Time: 13.35s
2026-02-09 04:52:49,117 | INFO | Batch 30 | Loss: 0.8547 | Correct: 89/128 | Elapsed Time: 13.33s
2026-02-09 04:53:02,507 | INFO | Batch 40 | Loss: 0.9220 | Correct: 92/128 | Elapsed Time: 13.39s
2026-02-09 04:53:15,971 | INFO | Batch 50 | Loss: 1.0788 | Correct: 82/128 | Elapsed Time: 13.46s
2026-02-09 04:53:29,288 | INFO | Batch 60 | Loss: 0.9422 | Correct: 90/128 | Elapsed Time: 13.32s
2026-02-09 04:53:42,678 | INFO | Batch 70 | Loss: 1.0054 | Correct: 81/128 | Elapsed Time: 13.39s
2026-02-09 04:53:56,149 | INFO | Batch 80 | Loss: 0.9524 | Correct: 86/128 | Elapsed Time: 13.47s
2026-02-09 04:54:09,525 | INFO | Batch 90 | Loss: 1.0386 | Correct: 78/128 | Elapsed Time: 13.38s
2026-02-09 04:54:22,950 | INFO | Batch 100 | Loss: 1.0729 | Correct: 85/128 | Elapsed Time: 13.42s
2026-02-09 04:54:36,346 | INFO | Batch 110 | Loss: 1.0671 | Correct: 86/128 | Elapsed Time: 13.40s
2026-02-09 04:54:49,560 | INFO | Batch 120 | Loss: 0.9628 | Correct: 84/128 | Elapsed Time: 13.21s
2026-02-09 04:55:03,027 | INFO | Batch 130 | Loss: 0.9733 | Correct: 79/128 | Elapsed Time: 13.47s
2026-02-09 04:55:16,431 | INFO | Batch 140 | Loss: 0.9422 | Correct: 85/128 | Elapsed Time: 13.40s
2026-02-09 04:55:29,693 | INFO | Batch 150 | Loss: 1.1512 | Correct: 76/128 | Elapsed Time: 13.26s
2026-02-09 04:55:43,001 | INFO | Batch 160 | Loss: 1.1204 | Correct: 82/128 | Elapsed Time: 13.31s
2026-02-09 04:55:56,462 | INFO | Batch 170 | Loss: 0.9170 | Correct: 84/128 | Elapsed Time: 13.46s
2026-02-09 04:56:10,553 | INFO | Batch 180 | Loss: 1.1892 | Correct: 77/128 | Elapsed Time: 14.09s
2026-02-09 04:56:23,940 | INFO | Batch 190 | Loss: 1.0330 | Correct: 86/128 | Elapsed Time: 13.39s
2026-02-09 04:56:37,312 | INFO | Batch 200 | Loss: 1.0671 | Correct: 75/128 | Elapsed Time: 13.37s
2026-02-09 04:56:50,515 | INFO | Batch 210 | Loss: 1.0219 | Correct: 76/128 | Elapsed Time: 13.20s
2026-02-09 04:57:03,885 | INFO | Batch 220 | Loss: 0.9473 | Correct: 81/128 | Elapsed Time: 13.37s
2026-02-09 04:57:17,289 | INFO | Batch 230 | Loss: 1.0164 | Correct: 82/128 | Elapsed Time: 13.40s
2026-02-09 04:57:30,640 | INFO | Batch 240 | Loss: 0.9786 | Correct: 86/128 | Elapsed Time: 13.35s
2026-02-09 04:57:43,916 | INFO | Batch 250 | Loss: 0.7795 | Correct: 92/128 | Elapsed Time: 13.28s
2026-02-09 04:57:57,292 | INFO | Batch 260 | Loss: 1.0905 | Correct: 79/128 | Elapsed Time: 13.38s
2026-02-09 04:58:10,625 | INFO | Batch 270 | Loss: 0.9946 | Correct: 82/128 | Elapsed Time: 13.33s
2026-02-09 04:58:23,748 | INFO | Batch 280 | Loss: 0.8409 | Correct: 90/128 | Elapsed Time: 13.12s
2026-02-09 04:58:37,089 | INFO | Batch 290 | Loss: 0.9022 | Correct: 87/128 | Elapsed Time: 13.34s
2026-02-09 04:58:50,292 | INFO | Batch 300 | Loss: 0.8318 | Correct: 87/128 | Elapsed Time: 13.20s
2026-02-09 04:59:03,446 | INFO | Batch 310 | Loss: 1.0054 | Correct: 84/128 | Elapsed Time: 13.15s
2026-02-09 04:59:16,659 | INFO | Batch 320 | Loss: 0.9946 | Correct: 79/128 | Elapsed Time: 13.21s
2026-02-09 04:59:29,873 | INFO | Batch 330 | Loss: 0.9733 | Correct: 84/128 | Elapsed Time: 13.21s
2026-02-09 04:59:43,212 | INFO | Batch 340 | Loss: 1.0443 | Correct: 81/128 | Elapsed Time: 13.34s
2026-02-09 04:59:56,565 | INFO | Batch 350 | Loss: 1.2352 | Correct: 71/128 | Elapsed Time: 13.35s
2026-02-09 05:00:09,986 | INFO | Batch 360 | Loss: 1.0671 | Correct: 80/128 | Elapsed Time: 13.42s
2026-02-09 05:00:23,154 | INFO | Batch 370 | Loss: 1.0386 | Correct: 80/128 | Elapsed Time: 13.17s
2026-02-09 05:00:36,467 | INFO | Batch 380 | Loss: 0.9628 | Correct: 88/128 | Elapsed Time: 13.31s
2026-02-09 05:00:49,834 | INFO | Batch 390 | Loss: 0.9786 | Correct: 80/128 | Elapsed Time: 13.37s
2026-02-09 05:00:50,927 | INFO | Epoch [31/100] - Loss: 0.9905 | Correct: 32433/50000 (64.87%, 521.81s)
2026-02-09 05:01:37,907 | INFO | Validation - Loss: 0.9901 | Correct: 6508/10000 (65.08%) (46.98s)
2026-02-09 05:01:51,230 | INFO | Batch 10 | Loss: 0.7753 | Correct: 98/128 | Elapsed Time: 13.32s
2026-02-09 05:02:04,499 | INFO | Batch 20 | Loss: 0.7587 | Correct: 89/128 | Elapsed Time: 13.27s
2026-02-09 05:02:17,680 | INFO | Batch 30 | Loss: 0.8734 | Correct: 91/128 | Elapsed Time: 13.18s
2026-02-09 05:02:30,964 | INFO | Batch 40 | Loss: 1.0054 | Correct: 84/128 | Elapsed Time: 13.28s
2026-02-09 05:02:44,059 | INFO | Batch 50 | Loss: 1.0164 | Correct: 82/128 | Elapsed Time: 13.09s
2026-02-09 05:02:57,467 | INFO | Batch 60 | Loss: 0.8273 | Correct: 93/128 | Elapsed Time: 13.41s
2026-02-09 05:03:10,820 | INFO | Batch 70 | Loss: 1.0000 | Correct: 84/128 | Elapsed Time: 13.35s
2026-02-09 05:03:23,977 | INFO | Batch 80 | Loss: 0.9071 | Correct: 90/128 | Elapsed Time: 13.16s
2026-02-09 05:03:37,407 | INFO | Batch 90 | Loss: 0.8829 | Correct: 81/128 | Elapsed Time: 13.43s
2026-02-09 05:03:50,709 | INFO | Batch 100 | Loss: 0.9892 | Correct: 86/128 | Elapsed Time: 13.30s
2026-02-09 05:04:03,899 | INFO | Batch 110 | Loss: 1.1204 | Correct: 81/128 | Elapsed Time: 13.19s
2026-02-09 05:04:17,286 | INFO | Batch 120 | Loss: 0.9170 | Correct: 87/128 | Elapsed Time: 13.39s
2026-02-09 05:04:30,638 | INFO | Batch 130 | Loss: 1.0386 | Correct: 82/128 | Elapsed Time: 13.35s
2026-02-09 05:04:43,938 | INFO | Batch 140 | Loss: 0.8877 | Correct: 90/128 | Elapsed Time: 13.30s
2026-02-09 05:04:57,221 | INFO | Batch 150 | Loss: 0.8974 | Correct: 86/128 | Elapsed Time: 13.28s
2026-02-09 05:05:10,649 | INFO | Batch 160 | Loss: 0.9576 | Correct: 82/128 | Elapsed Time: 13.43s
2026-02-09 05:05:23,886 | INFO | Batch 170 | Loss: 0.8364 | Correct: 89/128 | Elapsed Time: 13.24s
2026-02-09 05:05:37,166 | INFO | Batch 180 | Loss: 0.8829 | Correct: 83/128 | Elapsed Time: 13.28s
2026-02-09 05:05:50,491 | INFO | Batch 190 | Loss: 1.0054 | Correct: 77/128 | Elapsed Time: 13.32s
2026-02-09 05:06:04,300 | INFO | Batch 200 | Loss: 0.9121 | Correct: 86/128 | Elapsed Time: 13.81s
2026-02-09 05:06:17,892 | INFO | Batch 210 | Loss: 0.9270 | Correct: 83/128 | Elapsed Time: 13.59s
2026-02-09 05:06:30,969 | INFO | Batch 220 | Loss: 0.8829 | Correct: 87/128 | Elapsed Time: 13.08s
2026-02-09 05:06:43,752 | INFO | Batch 230 | Loss: 1.0614 | Correct: 85/128 | Elapsed Time: 12.78s
2026-02-09 05:06:56,616 | INFO | Batch 240 | Loss: 0.9680 | Correct: 86/128 | Elapsed Time: 12.86s
2026-02-09 05:07:09,763 | INFO | Batch 250 | Loss: 0.7880 | Correct: 92/128 | Elapsed Time: 13.15s
2026-02-09 05:07:23,056 | INFO | Batch 260 | Loss: 1.0614 | Correct: 74/128 | Elapsed Time: 13.29s
2026-02-09 05:07:36,440 | INFO | Batch 270 | Loss: 0.8781 | Correct: 86/128 | Elapsed Time: 13.38s
2026-02-09 05:07:49,735 | INFO | Batch 280 | Loss: 1.1084 | Correct: 85/128 | Elapsed Time: 13.30s
2026-02-09 05:08:03,170 | INFO | Batch 290 | Loss: 1.0164 | Correct: 81/128 | Elapsed Time: 13.43s
2026-02-09 05:08:16,573 | INFO | Batch 300 | Loss: 0.8318 | Correct: 88/128 | Elapsed Time: 13.40s
2026-02-09 05:08:29,861 | INFO | Batch 310 | Loss: 0.8974 | Correct: 95/128 | Elapsed Time: 13.29s
2026-02-09 05:08:43,240 | INFO | Batch 320 | Loss: 0.9524 | Correct: 79/128 | Elapsed Time: 13.38s
2026-02-09 05:08:56,448 | INFO | Batch 330 | Loss: 0.8593 | Correct: 89/128 | Elapsed Time: 13.21s
2026-02-09 05:09:09,837 | INFO | Batch 340 | Loss: 1.0164 | Correct: 83/128 | Elapsed Time: 13.39s
2026-02-09 05:09:23,069 | INFO | Batch 350 | Loss: 1.0905 | Correct: 84/128 | Elapsed Time: 13.23s
2026-02-09 05:09:36,253 | INFO | Batch 360 | Loss: 0.9839 | Correct: 88/128 | Elapsed Time: 13.18s
2026-02-09 05:09:49,656 | INFO | Batch 370 | Loss: 0.8877 | Correct: 88/128 | Elapsed Time: 13.40s
2026-02-09 05:10:03,055 | INFO | Batch 380 | Loss: 1.0274 | Correct: 82/128 | Elapsed Time: 13.40s
2026-02-09 05:10:16,404 | INFO | Batch 390 | Loss: 0.9022 | Correct: 87/128 | Elapsed Time: 13.35s
2026-02-09 05:10:17,455 | INFO | Epoch [32/100] - Loss: 0.9638 | Correct: 32761/50000 (65.52%, 519.55s)
2026-02-09 05:11:04,565 | INFO | Validation - Loss: 0.9995 | Correct: 6451/10000 (64.51%) (47.11s)
2026-02-09 05:11:17,888 | INFO | Batch 10 | Loss: 0.9839 | Correct: 78/128 | Elapsed Time: 13.32s
2026-02-09 05:11:31,203 | INFO | Batch 20 | Loss: 0.8052 | Correct: 85/128 | Elapsed Time: 13.31s
2026-02-09 05:11:44,623 | INFO | Batch 30 | Loss: 0.9892 | Correct: 80/128 | Elapsed Time: 13.42s
2026-02-09 05:11:57,962 | INFO | Batch 40 | Loss: 0.8096 | Correct: 84/128 | Elapsed Time: 13.34s
2026-02-09 05:12:11,448 | INFO | Batch 50 | Loss: 1.1700 | Correct: 73/128 | Elapsed Time: 13.49s
2026-02-09 05:12:24,844 | INFO | Batch 60 | Loss: 0.9786 | Correct: 90/128 | Elapsed Time: 13.40s
2026-02-09 05:12:38,246 | INFO | Batch 70 | Loss: 1.0000 | Correct: 82/128 | Elapsed Time: 13.40s
2026-02-09 05:12:51,567 | INFO | Batch 80 | Loss: 0.7923 | Correct: 93/128 | Elapsed Time: 13.32s
2026-02-09 05:13:05,028 | INFO | Batch 90 | Loss: 1.0219 | Correct: 79/128 | Elapsed Time: 13.46s
2026-02-09 05:13:18,400 | INFO | Batch 100 | Loss: 0.9270 | Correct: 88/128 | Elapsed Time: 13.37s
2026-02-09 05:13:31,743 | INFO | Batch 110 | Loss: 0.9022 | Correct: 86/128 | Elapsed Time: 13.34s
2026-02-09 05:13:45,084 | INFO | Batch 120 | Loss: 0.8974 | Correct: 83/128 | Elapsed Time: 13.34s
2026-02-09 05:13:58,363 | INFO | Batch 130 | Loss: 0.9071 | Correct: 87/128 | Elapsed Time: 13.28s
2026-02-09 05:14:11,674 | INFO | Batch 140 | Loss: 1.0556 | Correct: 80/128 | Elapsed Time: 13.31s
2026-02-09 05:14:24,986 | INFO | Batch 150 | Loss: 0.8877 | Correct: 89/128 | Elapsed Time: 13.31s
2026-02-09 05:14:38,156 | INFO | Batch 160 | Loss: 0.8640 | Correct: 87/128 | Elapsed Time: 13.17s
2026-02-09 05:14:51,456 | INFO | Batch 170 | Loss: 1.1574 | Correct: 78/128 | Elapsed Time: 13.30s
2026-02-09 05:15:04,925 | INFO | Batch 180 | Loss: 0.9422 | Correct: 82/128 | Elapsed Time: 13.47s
2026-02-09 05:15:18,159 | INFO | Batch 190 | Loss: 1.1084 | Correct: 77/128 | Elapsed Time: 13.23s
2026-02-09 05:15:31,489 | INFO | Batch 200 | Loss: 0.8877 | Correct: 87/128 | Elapsed Time: 13.33s
2026-02-09 05:15:44,821 | INFO | Batch 210 | Loss: 0.9422 | Correct: 84/128 | Elapsed Time: 13.33s
2026-02-09 05:15:58,034 | INFO | Batch 220 | Loss: 1.0443 | Correct: 80/128 | Elapsed Time: 13.21s
2026-02-09 05:16:12,283 | INFO | Batch 230 | Loss: 0.9733 | Correct: 88/128 | Elapsed Time: 14.25s
2026-02-09 05:16:25,699 | INFO | Batch 240 | Loss: 0.9071 | Correct: 88/128 | Elapsed Time: 13.42s
2026-02-09 05:16:38,970 | INFO | Batch 250 | Loss: 0.6662 | Correct: 94/128 | Elapsed Time: 13.27s
2026-02-09 05:16:52,391 | INFO | Batch 260 | Loss: 0.9422 | Correct: 89/128 | Elapsed Time: 13.42s
2026-02-09 05:17:05,900 | INFO | Batch 270 | Loss: 1.0054 | Correct: 90/128 | Elapsed Time: 13.51s
2026-02-09 05:17:19,254 | INFO | Batch 280 | Loss: 1.0109 | Correct: 83/128 | Elapsed Time: 13.35s
2026-02-09 05:17:32,509 | INFO | Batch 290 | Loss: 1.0614 | Correct: 83/128 | Elapsed Time: 13.26s
2026-02-09 05:17:45,887 | INFO | Batch 300 | Loss: 0.9121 | Correct: 85/128 | Elapsed Time: 13.38s
2026-02-09 05:17:59,257 | INFO | Batch 310 | Loss: 0.9946 | Correct: 79/128 | Elapsed Time: 13.37s
2026-02-09 05:18:12,670 | INFO | Batch 320 | Loss: 0.8409 | Correct: 97/128 | Elapsed Time: 13.41s
2026-02-09 05:18:25,941 | INFO | Batch 330 | Loss: 0.8409 | Correct: 97/128 | Elapsed Time: 13.27s
2026-02-09 05:18:39,262 | INFO | Batch 340 | Loss: 0.8974 | Correct: 89/128 | Elapsed Time: 13.32s
2026-02-09 05:18:52,584 | INFO | Batch 350 | Loss: 1.0846 | Correct: 75/128 | Elapsed Time: 13.32s
2026-02-09 05:19:05,887 | INFO | Batch 360 | Loss: 0.8687 | Correct: 89/128 | Elapsed Time: 13.30s
2026-02-09 05:19:19,229 | INFO | Batch 370 | Loss: 0.9022 | Correct: 82/128 | Elapsed Time: 13.34s
2026-02-09 05:19:32,437 | INFO | Batch 380 | Loss: 1.0788 | Correct: 71/128 | Elapsed Time: 13.21s
2026-02-09 05:19:45,831 | INFO | Batch 390 | Loss: 0.9839 | Correct: 85/128 | Elapsed Time: 13.39s
2026-02-09 05:19:46,911 | INFO | Epoch [33/100] - Loss: 0.9513 | Correct: 33115/50000 (66.23%, 522.34s)
2026-02-09 05:20:34,208 | INFO | Validation - Loss: 0.9812 | Correct: 6564/10000 (65.64%) (47.30s)
2026-02-09 05:20:47,547 | INFO | Batch 10 | Loss: 1.0499 | Correct: 77/128 | Elapsed Time: 13.34s
2026-02-09 05:21:00,791 | INFO | Batch 20 | Loss: 0.9628 | Correct: 85/128 | Elapsed Time: 13.24s
2026-02-09 05:21:14,201 | INFO | Batch 30 | Loss: 0.7587 | Correct: 95/128 | Elapsed Time: 13.41s
2026-02-09 05:21:27,535 | INFO | Batch 40 | Loss: 1.0556 | Correct: 87/128 | Elapsed Time: 13.33s
2026-02-09 05:21:40,657 | INFO | Batch 50 | Loss: 0.9892 | Correct: 87/128 | Elapsed Time: 13.12s
2026-02-09 05:21:53,877 | INFO | Batch 60 | Loss: 1.0274 | Correct: 76/128 | Elapsed Time: 13.22s
2026-02-09 05:22:07,271 | INFO | Batch 70 | Loss: 0.9071 | Correct: 89/128 | Elapsed Time: 13.39s
2026-02-09 05:22:20,609 | INFO | Batch 80 | Loss: 1.1024 | Correct: 78/128 | Elapsed Time: 13.34s
2026-02-09 05:22:33,892 | INFO | Batch 90 | Loss: 1.0386 | Correct: 86/128 | Elapsed Time: 13.28s
2026-02-09 05:22:47,297 | INFO | Batch 100 | Loss: 0.9270 | Correct: 82/128 | Elapsed Time: 13.40s
2026-02-09 05:23:00,609 | INFO | Batch 110 | Loss: 0.8687 | Correct: 88/128 | Elapsed Time: 13.31s
2026-02-09 05:23:13,974 | INFO | Batch 120 | Loss: 0.9946 | Correct: 85/128 | Elapsed Time: 13.36s
2026-02-09 05:23:27,403 | INFO | Batch 130 | Loss: 0.9473 | Correct: 84/128 | Elapsed Time: 13.43s
2026-02-09 05:23:40,874 | INFO | Batch 140 | Loss: 0.8781 | Correct: 85/128 | Elapsed Time: 13.47s
2026-02-09 05:23:54,156 | INFO | Batch 150 | Loss: 1.1204 | Correct: 82/128 | Elapsed Time: 13.28s
2026-02-09 05:24:07,553 | INFO | Batch 160 | Loss: 1.0788 | Correct: 78/128 | Elapsed Time: 13.40s
2026-02-09 05:24:20,908 | INFO | Batch 170 | Loss: 1.0671 | Correct: 76/128 | Elapsed Time: 13.36s
2026-02-09 05:24:34,187 | INFO | Batch 180 | Loss: 1.0330 | Correct: 82/128 | Elapsed Time: 13.28s
2026-02-09 05:24:47,576 | INFO | Batch 190 | Loss: 1.1450 | Correct: 76/128 | Elapsed Time: 13.39s
2026-02-09 05:25:00,986 | INFO | Batch 200 | Loss: 1.1637 | Correct: 80/128 | Elapsed Time: 13.41s
2026-02-09 05:25:14,233 | INFO | Batch 210 | Loss: 0.9786 | Correct: 83/128 | Elapsed Time: 13.25s
2026-02-09 05:25:27,566 | INFO | Batch 220 | Loss: 0.9733 | Correct: 82/128 | Elapsed Time: 13.33s
2026-02-09 05:25:40,798 | INFO | Batch 230 | Loss: 0.8687 | Correct: 90/128 | Elapsed Time: 13.23s
2026-02-09 05:25:54,026 | INFO | Batch 240 | Loss: 1.0386 | Correct: 77/128 | Elapsed Time: 13.23s
2026-02-09 05:26:08,403 | INFO | Batch 250 | Loss: 1.0219 | Correct: 84/128 | Elapsed Time: 14.38s
2026-02-09 05:26:21,700 | INFO | Batch 260 | Loss: 0.9733 | Correct: 86/128 | Elapsed Time: 13.30s
2026-02-09 05:26:34,928 | INFO | Batch 270 | Loss: 0.8877 | Correct: 88/128 | Elapsed Time: 13.23s
2026-02-09 05:26:48,318 | INFO | Batch 280 | Loss: 0.9680 | Correct: 82/128 | Elapsed Time: 13.39s
2026-02-09 05:27:01,647 | INFO | Batch 290 | Loss: 0.9022 | Correct: 91/128 | Elapsed Time: 13.33s
2026-02-09 05:27:14,928 | INFO | Batch 300 | Loss: 0.9170 | Correct: 89/128 | Elapsed Time: 13.28s
2026-02-09 05:27:28,199 | INFO | Batch 310 | Loss: 1.1512 | Correct: 69/128 | Elapsed Time: 13.27s
2026-02-09 05:27:41,545 | INFO | Batch 320 | Loss: 0.9733 | Correct: 84/128 | Elapsed Time: 13.35s
2026-02-09 05:27:54,956 | INFO | Batch 330 | Loss: 0.7880 | Correct: 102/128 | Elapsed Time: 13.41s
2026-02-09 05:28:08,366 | INFO | Batch 340 | Loss: 1.0109 | Correct: 82/128 | Elapsed Time: 13.41s
2026-02-09 05:28:21,717 | INFO | Batch 350 | Loss: 1.0054 | Correct: 81/128 | Elapsed Time: 13.35s
2026-02-09 05:28:35,093 | INFO | Batch 360 | Loss: 1.1144 | Correct: 78/128 | Elapsed Time: 13.38s
2026-02-09 05:28:48,297 | INFO | Batch 370 | Loss: 0.8547 | Correct: 88/128 | Elapsed Time: 13.20s
2026-02-09 05:29:01,550 | INFO | Batch 380 | Loss: 0.9320 | Correct: 84/128 | Elapsed Time: 13.25s
2026-02-09 05:29:15,095 | INFO | Batch 390 | Loss: 0.9473 | Correct: 86/128 | Elapsed Time: 13.54s
2026-02-09 05:29:16,183 | INFO | Epoch [34/100] - Loss: 0.9621 | Correct: 32931/50000 (65.86%, 521.97s)
2026-02-09 05:30:03,756 | INFO | Validation - Loss: 0.9826 | Correct: 6526/10000 (65.26%) (47.57s)
2026-02-09 05:30:17,135 | INFO | Batch 10 | Loss: 0.9628 | Correct: 85/128 | Elapsed Time: 13.38s
2026-02-09 05:30:30,404 | INFO | Batch 20 | Loss: 1.1265 | Correct: 78/128 | Elapsed Time: 13.27s
2026-02-09 05:30:43,855 | INFO | Batch 30 | Loss: 0.8229 | Correct: 87/128 | Elapsed Time: 13.45s
2026-02-09 05:30:57,025 | INFO | Batch 40 | Loss: 0.6345 | Correct: 105/128 | Elapsed Time: 13.17s
2026-02-09 05:31:10,535 | INFO | Batch 50 | Loss: 1.1265 | Correct: 76/128 | Elapsed Time: 13.51s
2026-02-09 05:31:23,863 | INFO | Batch 60 | Loss: 0.8364 | Correct: 91/128 | Elapsed Time: 13.33s
2026-02-09 05:31:37,035 | INFO | Batch 70 | Loss: 0.9270 | Correct: 89/128 | Elapsed Time: 13.17s
2026-02-09 05:31:50,355 | INFO | Batch 80 | Loss: 0.9576 | Correct: 79/128 | Elapsed Time: 13.32s
2026-02-09 05:32:03,813 | INFO | Batch 90 | Loss: 1.0054 | Correct: 81/128 | Elapsed Time: 13.46s
2026-02-09 05:32:17,074 | INFO | Batch 100 | Loss: 1.0000 | Correct: 81/128 | Elapsed Time: 13.26s
2026-02-09 05:32:30,515 | INFO | Batch 110 | Loss: 0.8974 | Correct: 87/128 | Elapsed Time: 13.44s
2026-02-09 05:32:43,801 | INFO | Batch 120 | Loss: 1.0054 | Correct: 82/128 | Elapsed Time: 13.29s
2026-02-09 05:32:57,088 | INFO | Batch 130 | Loss: 0.7966 | Correct: 93/128 | Elapsed Time: 13.29s
2026-02-09 05:33:10,412 | INFO | Batch 140 | Loss: 0.8409 | Correct: 93/128 | Elapsed Time: 13.32s
2026-02-09 05:33:23,748 | INFO | Batch 150 | Loss: 0.9524 | Correct: 78/128 | Elapsed Time: 13.34s
2026-02-09 05:33:36,979 | INFO | Batch 160 | Loss: 0.9628 | Correct: 85/128 | Elapsed Time: 13.23s
2026-02-09 05:33:50,303 | INFO | Batch 170 | Loss: 0.8877 | Correct: 88/128 | Elapsed Time: 13.32s
2026-02-09 05:34:03,770 | INFO | Batch 180 | Loss: 1.0386 | Correct: 84/128 | Elapsed Time: 13.47s
2026-02-09 05:34:16,990 | INFO | Batch 190 | Loss: 0.9022 | Correct: 88/128 | Elapsed Time: 13.22s
2026-02-09 05:34:30,280 | INFO | Batch 200 | Loss: 0.9270 | Correct: 83/128 | Elapsed Time: 13.29s
2026-02-09 05:34:43,602 | INFO | Batch 210 | Loss: 1.1024 | Correct: 77/128 | Elapsed Time: 13.32s
2026-02-09 05:34:56,907 | INFO | Batch 220 | Loss: 0.8455 | Correct: 87/128 | Elapsed Time: 13.30s
2026-02-09 05:35:10,085 | INFO | Batch 230 | Loss: 0.8974 | Correct: 86/128 | Elapsed Time: 13.18s
2026-02-09 05:35:23,513 | INFO | Batch 240 | Loss: 0.9071 | Correct: 81/128 | Elapsed Time: 13.43s
2026-02-09 05:35:36,867 | INFO | Batch 250 | Loss: 1.0219 | Correct: 83/128 | Elapsed Time: 13.35s
2026-02-09 05:35:50,134 | INFO | Batch 260 | Loss: 0.8009 | Correct: 88/128 | Elapsed Time: 13.27s
2026-02-09 05:36:04,113 | INFO | Batch 270 | Loss: 0.8229 | Correct: 90/128 | Elapsed Time: 13.98s
2026-02-09 05:36:17,733 | INFO | Batch 280 | Loss: 1.0109 | Correct: 79/128 | Elapsed Time: 13.62s
2026-02-09 05:36:30,979 | INFO | Batch 290 | Loss: 0.9022 | Correct: 88/128 | Elapsed Time: 13.25s
2026-02-09 05:36:44,399 | INFO | Batch 300 | Loss: 0.8593 | Correct: 90/128 | Elapsed Time: 13.42s
2026-02-09 05:36:57,772 | INFO | Batch 310 | Loss: 0.7923 | Correct: 93/128 | Elapsed Time: 13.37s
2026-02-09 05:37:10,951 | INFO | Batch 320 | Loss: 1.0000 | Correct: 84/128 | Elapsed Time: 13.18s
2026-02-09 05:37:23,857 | INFO | Batch 330 | Loss: 0.9680 | Correct: 90/128 | Elapsed Time: 12.91s
2026-02-09 05:37:37,135 | INFO | Batch 340 | Loss: 0.9071 | Correct: 91/128 | Elapsed Time: 13.28s
2026-02-09 05:37:50,298 | INFO | Batch 350 | Loss: 0.7966 | Correct: 90/128 | Elapsed Time: 13.16s
2026-02-09 05:38:03,679 | INFO | Batch 360 | Loss: 0.9270 | Correct: 85/128 | Elapsed Time: 13.38s
2026-02-09 05:38:17,058 | INFO | Batch 370 | Loss: 0.8781 | Correct: 85/128 | Elapsed Time: 13.38s
2026-02-09 05:38:30,321 | INFO | Batch 380 | Loss: 0.9524 | Correct: 81/128 | Elapsed Time: 13.26s
2026-02-09 05:38:43,580 | INFO | Batch 390 | Loss: 1.0443 | Correct: 82/128 | Elapsed Time: 13.26s
2026-02-09 05:38:44,653 | INFO | Epoch [35/100] - Loss: 0.9290 | Correct: 33472/50000 (66.94%, 520.90s)
2026-02-09 05:39:31,896 | INFO | Validation - Loss: 0.9775 | Correct: 6560/10000 (65.60%) (47.24s)
2026-02-09 05:39:45,292 | INFO | Batch 10 | Loss: 0.9473 | Correct: 81/128 | Elapsed Time: 13.39s
2026-02-09 05:39:58,642 | INFO | Batch 20 | Loss: 0.9628 | Correct: 80/128 | Elapsed Time: 13.35s
2026-02-09 05:40:11,997 | INFO | Batch 30 | Loss: 0.8781 | Correct: 83/128 | Elapsed Time: 13.35s
2026-02-09 05:40:25,343 | INFO | Batch 40 | Loss: 1.0274 | Correct: 81/128 | Elapsed Time: 13.35s
2026-02-09 05:40:38,729 | INFO | Batch 50 | Loss: 0.9022 | Correct: 84/128 | Elapsed Time: 13.39s
2026-02-09 05:40:51,950 | INFO | Batch 60 | Loss: 0.8364 | Correct: 87/128 | Elapsed Time: 13.22s
2026-02-09 05:41:05,403 | INFO | Batch 70 | Loss: 0.9628 | Correct: 83/128 | Elapsed Time: 13.45s
2026-02-09 05:41:18,742 | INFO | Batch 80 | Loss: 1.0164 | Correct: 77/128 | Elapsed Time: 13.34s
2026-02-09 05:41:32,013 | INFO | Batch 90 | Loss: 0.9473 | Correct: 89/128 | Elapsed Time: 13.27s
2026-02-09 05:41:45,397 | INFO | Batch 100 | Loss: 0.9628 | Correct: 85/128 | Elapsed Time: 13.38s
2026-02-09 05:41:58,710 | INFO | Batch 110 | Loss: 0.8640 | Correct: 92/128 | Elapsed Time: 13.31s
2026-02-09 05:42:11,929 | INFO | Batch 120 | Loss: 0.9839 | Correct: 84/128 | Elapsed Time: 13.22s
2026-02-09 05:42:25,259 | INFO | Batch 130 | Loss: 0.6771 | Correct: 100/128 | Elapsed Time: 13.33s
2026-02-09 05:42:38,680 | INFO | Batch 140 | Loss: 0.8734 | Correct: 87/128 | Elapsed Time: 13.42s
2026-02-09 05:42:51,970 | INFO | Batch 150 | Loss: 1.0499 | Correct: 87/128 | Elapsed Time: 13.29s
2026-02-09 05:43:05,296 | INFO | Batch 160 | Loss: 0.9628 | Correct: 83/128 | Elapsed Time: 13.33s
2026-02-09 05:43:18,599 | INFO | Batch 170 | Loss: 0.9022 | Correct: 88/128 | Elapsed Time: 13.30s
2026-02-09 05:43:31,875 | INFO | Batch 180 | Loss: 0.9628 | Correct: 85/128 | Elapsed Time: 13.28s
2026-02-09 05:43:45,173 | INFO | Batch 190 | Loss: 1.0846 | Correct: 83/128 | Elapsed Time: 13.30s
2026-02-09 05:43:58,532 | INFO | Batch 200 | Loss: 1.0556 | Correct: 75/128 | Elapsed Time: 13.36s
2026-02-09 05:44:11,786 | INFO | Batch 210 | Loss: 1.0000 | Correct: 80/128 | Elapsed Time: 13.25s
2026-02-09 05:44:25,099 | INFO | Batch 220 | Loss: 0.8229 | Correct: 95/128 | Elapsed Time: 13.31s
2026-02-09 05:44:38,440 | INFO | Batch 230 | Loss: 0.8273 | Correct: 89/128 | Elapsed Time: 13.34s
2026-02-09 05:44:51,616 | INFO | Batch 240 | Loss: 1.0964 | Correct: 77/128 | Elapsed Time: 13.18s
2026-02-09 05:45:05,055 | INFO | Batch 250 | Loss: 1.0905 | Correct: 80/128 | Elapsed Time: 13.44s
2026-02-09 05:45:18,457 | INFO | Batch 260 | Loss: 0.9022 | Correct: 96/128 | Elapsed Time: 13.40s
2026-02-09 05:45:31,714 | INFO | Batch 270 | Loss: 1.0443 | Correct: 78/128 | Elapsed Time: 13.26s
2026-02-09 05:45:45,075 | INFO | Batch 280 | Loss: 1.1388 | Correct: 78/128 | Elapsed Time: 13.36s
2026-02-09 05:45:58,596 | INFO | Batch 290 | Loss: 0.9071 | Correct: 82/128 | Elapsed Time: 13.52s
2026-02-09 05:46:12,532 | INFO | Batch 300 | Loss: 0.8009 | Correct: 95/128 | Elapsed Time: 13.94s
2026-02-09 05:46:25,759 | INFO | Batch 310 | Loss: 0.9946 | Correct: 80/128 | Elapsed Time: 13.23s
2026-02-09 05:46:39,027 | INFO | Batch 320 | Loss: 0.7923 | Correct: 88/128 | Elapsed Time: 13.27s
2026-02-09 05:46:52,419 | INFO | Batch 330 | Loss: 1.0109 | Correct: 81/128 | Elapsed Time: 13.39s
2026-02-09 05:47:05,687 | INFO | Batch 340 | Loss: 0.9220 | Correct: 86/128 | Elapsed Time: 13.27s
2026-02-09 05:47:19,051 | INFO | Batch 350 | Loss: 0.8318 | Correct: 89/128 | Elapsed Time: 13.36s
2026-02-09 05:47:32,519 | INFO | Batch 360 | Loss: 0.9680 | Correct: 83/128 | Elapsed Time: 13.47s
2026-02-09 05:47:45,804 | INFO | Batch 370 | Loss: 0.9786 | Correct: 95/128 | Elapsed Time: 13.28s
2026-02-09 05:47:59,168 | INFO | Batch 380 | Loss: 0.8547 | Correct: 87/128 | Elapsed Time: 13.36s
2026-02-09 05:48:12,605 | INFO | Batch 390 | Loss: 0.9473 | Correct: 86/128 | Elapsed Time: 13.44s
2026-02-09 05:48:13,659 | INFO | Epoch [36/100] - Loss: 0.9165 | Correct: 33721/50000 (67.44%, 521.76s)
2026-02-09 05:49:01,145 | INFO | Validation - Loss: 0.9420 | Correct: 6730/10000 (67.30%) (47.48s)
2026-02-09 05:49:01,277 | INFO | New best model saved at epoch 36 with Top1 Acc: 67.30%
2026-02-09 05:49:14,773 | INFO | Batch 10 | Loss: 0.8273 | Correct: 92/128 | Elapsed Time: 13.50s
2026-02-09 05:49:27,982 | INFO | Batch 20 | Loss: 0.9839 | Correct: 87/128 | Elapsed Time: 13.21s
2026-02-09 05:49:41,266 | INFO | Batch 30 | Loss: 0.9071 | Correct: 89/128 | Elapsed Time: 13.28s
2026-02-09 05:49:54,686 | INFO | Batch 40 | Loss: 1.1326 | Correct: 72/128 | Elapsed Time: 13.42s
2026-02-09 05:50:08,019 | INFO | Batch 50 | Loss: 0.9320 | Correct: 89/128 | Elapsed Time: 13.33s
2026-02-09 05:50:21,356 | INFO | Batch 60 | Loss: 0.7187 | Correct: 97/128 | Elapsed Time: 13.34s
2026-02-09 05:50:34,754 | INFO | Batch 70 | Loss: 0.9524 | Correct: 90/128 | Elapsed Time: 13.40s
2026-02-09 05:50:47,990 | INFO | Batch 80 | Loss: 0.9270 | Correct: 89/128 | Elapsed Time: 13.24s
2026-02-09 05:51:01,235 | INFO | Batch 90 | Loss: 0.9170 | Correct: 89/128 | Elapsed Time: 13.25s
2026-02-09 05:51:14,661 | INFO | Batch 100 | Loss: 0.9270 | Correct: 84/128 | Elapsed Time: 13.43s
2026-02-09 05:51:27,841 | INFO | Batch 110 | Loss: 0.8455 | Correct: 89/128 | Elapsed Time: 13.18s
2026-02-09 05:51:41,013 | INFO | Batch 120 | Loss: 0.9733 | Correct: 83/128 | Elapsed Time: 13.17s
2026-02-09 05:51:54,312 | INFO | Batch 130 | Loss: 0.9022 | Correct: 86/128 | Elapsed Time: 13.30s
2026-02-09 05:52:07,634 | INFO | Batch 140 | Loss: 0.8640 | Correct: 101/128 | Elapsed Time: 13.32s
2026-02-09 05:52:20,948 | INFO | Batch 150 | Loss: 0.9220 | Correct: 90/128 | Elapsed Time: 13.31s
2026-02-09 05:52:34,280 | INFO | Batch 160 | Loss: 0.9121 | Correct: 85/128 | Elapsed Time: 13.33s
2026-02-09 05:52:47,539 | INFO | Batch 170 | Loss: 0.8273 | Correct: 89/128 | Elapsed Time: 13.26s
2026-02-09 05:53:00,891 | INFO | Batch 180 | Loss: 0.9576 | Correct: 84/128 | Elapsed Time: 13.35s
2026-02-09 05:53:14,212 | INFO | Batch 190 | Loss: 0.7711 | Correct: 89/128 | Elapsed Time: 13.32s
2026-02-09 05:53:27,440 | INFO | Batch 200 | Loss: 0.8593 | Correct: 85/128 | Elapsed Time: 13.23s
2026-02-09 05:53:40,758 | INFO | Batch 210 | Loss: 0.9628 | Correct: 84/128 | Elapsed Time: 13.32s
2026-02-09 05:53:54,091 | INFO | Batch 220 | Loss: 0.8829 | Correct: 93/128 | Elapsed Time: 13.33s
2026-02-09 05:54:07,444 | INFO | Batch 230 | Loss: 0.8409 | Correct: 89/128 | Elapsed Time: 13.35s
2026-02-09 05:54:20,599 | INFO | Batch 240 | Loss: 0.9170 | Correct: 86/128 | Elapsed Time: 13.15s
2026-02-09 05:54:34,010 | INFO | Batch 250 | Loss: 0.8229 | Correct: 89/128 | Elapsed Time: 13.41s
2026-02-09 05:54:47,388 | INFO | Batch 260 | Loss: 0.8318 | Correct: 89/128 | Elapsed Time: 13.38s
2026-02-09 05:55:00,545 | INFO | Batch 270 | Loss: 0.9071 | Correct: 86/128 | Elapsed Time: 13.16s
2026-02-09 05:55:13,969 | INFO | Batch 280 | Loss: 0.8640 | Correct: 94/128 | Elapsed Time: 13.42s
2026-02-09 05:55:27,274 | INFO | Batch 290 | Loss: 0.9422 | Correct: 80/128 | Elapsed Time: 13.31s
2026-02-09 05:55:40,609 | INFO | Batch 300 | Loss: 1.0109 | Correct: 79/128 | Elapsed Time: 13.33s
2026-02-09 05:55:54,029 | INFO | Batch 310 | Loss: 0.8501 | Correct: 90/128 | Elapsed Time: 13.42s
2026-02-09 05:56:08,229 | INFO | Batch 320 | Loss: 0.8140 | Correct: 96/128 | Elapsed Time: 14.20s
2026-02-09 05:56:21,482 | INFO | Batch 330 | Loss: 0.9680 | Correct: 80/128 | Elapsed Time: 13.25s
2026-02-09 05:56:34,893 | INFO | Batch 340 | Loss: 1.1024 | Correct: 76/128 | Elapsed Time: 13.41s
2026-02-09 05:56:48,319 | INFO | Batch 350 | Loss: 1.0443 | Correct: 83/128 | Elapsed Time: 13.43s
2026-02-09 05:57:01,653 | INFO | Batch 360 | Loss: 0.9270 | Correct: 83/128 | Elapsed Time: 13.33s
2026-02-09 05:57:15,111 | INFO | Batch 370 | Loss: 1.0164 | Correct: 81/128 | Elapsed Time: 13.46s
2026-02-09 05:57:28,433 | INFO | Batch 380 | Loss: 0.9473 | Correct: 86/128 | Elapsed Time: 13.32s
2026-02-09 05:57:41,704 | INFO | Batch 390 | Loss: 0.9220 | Correct: 89/128 | Elapsed Time: 13.27s
2026-02-09 05:57:42,803 | INFO | Epoch [37/100] - Loss: 0.9222 | Correct: 33592/50000 (67.18%, 521.53s)
2026-02-09 05:58:30,470 | INFO | Validation - Loss: 0.9471 | Correct: 6712/10000 (67.12%) (47.67s)
2026-02-09 05:58:43,831 | INFO | Batch 10 | Loss: 0.9946 | Correct: 81/128 | Elapsed Time: 13.36s
2026-02-09 05:58:57,133 | INFO | Batch 20 | Loss: 0.7587 | Correct: 94/128 | Elapsed Time: 13.30s
2026-02-09 05:59:10,791 | INFO | Batch 30 | Loss: 1.1265 | Correct: 74/128 | Elapsed Time: 13.66s
2026-02-09 05:59:24,145 | INFO | Batch 40 | Loss: 0.9270 | Correct: 85/128 | Elapsed Time: 13.35s
2026-02-09 05:59:37,536 | INFO | Batch 50 | Loss: 0.7465 | Correct: 93/128 | Elapsed Time: 13.39s
2026-02-09 05:59:50,729 | INFO | Batch 60 | Loss: 0.9680 | Correct: 82/128 | Elapsed Time: 13.19s
2026-02-09 06:00:04,141 | INFO | Batch 70 | Loss: 0.8455 | Correct: 90/128 | Elapsed Time: 13.41s
2026-02-09 06:00:17,485 | INFO | Batch 80 | Loss: 0.8229 | Correct: 90/128 | Elapsed Time: 13.34s
2026-02-09 06:00:30,696 | INFO | Batch 90 | Loss: 1.1637 | Correct: 75/128 | Elapsed Time: 13.21s
2026-02-09 06:00:44,048 | INFO | Batch 100 | Loss: 0.9946 | Correct: 82/128 | Elapsed Time: 13.35s
2026-02-09 06:00:57,354 | INFO | Batch 110 | Loss: 0.9220 | Correct: 82/128 | Elapsed Time: 13.31s
2026-02-09 06:01:10,685 | INFO | Batch 120 | Loss: 0.9422 | Correct: 87/128 | Elapsed Time: 13.33s
2026-02-09 06:01:23,897 | INFO | Batch 130 | Loss: 0.9422 | Correct: 81/128 | Elapsed Time: 13.21s
2026-02-09 06:01:37,183 | INFO | Batch 140 | Loss: 0.9220 | Correct: 89/128 | Elapsed Time: 13.29s
2026-02-09 06:01:50,448 | INFO | Batch 150 | Loss: 0.9022 | Correct: 88/128 | Elapsed Time: 13.27s
2026-02-09 06:02:03,691 | INFO | Batch 160 | Loss: 0.8829 | Correct: 85/128 | Elapsed Time: 13.24s
2026-02-09 06:02:17,006 | INFO | Batch 170 | Loss: 0.8734 | Correct: 85/128 | Elapsed Time: 13.31s
2026-02-09 06:02:30,265 | INFO | Batch 180 | Loss: 1.0386 | Correct: 77/128 | Elapsed Time: 13.26s
2026-02-09 06:02:43,469 | INFO | Batch 190 | Loss: 0.7546 | Correct: 91/128 | Elapsed Time: 13.20s
2026-02-09 06:02:56,795 | INFO | Batch 200 | Loss: 0.7265 | Correct: 91/128 | Elapsed Time: 13.33s
2026-02-09 06:03:10,264 | INFO | Batch 210 | Loss: 0.9524 | Correct: 82/128 | Elapsed Time: 13.47s
2026-02-09 06:03:23,616 | INFO | Batch 220 | Loss: 0.9524 | Correct: 82/128 | Elapsed Time: 13.35s
2026-02-09 06:03:37,000 | INFO | Batch 230 | Loss: 0.7424 | Correct: 93/128 | Elapsed Time: 13.38s
2026-02-09 06:03:50,240 | INFO | Batch 240 | Loss: 1.0109 | Correct: 83/128 | Elapsed Time: 13.24s
2026-02-09 06:04:03,437 | INFO | Batch 250 | Loss: 0.8184 | Correct: 90/128 | Elapsed Time: 13.20s
2026-02-09 06:04:16,710 | INFO | Batch 260 | Loss: 0.9733 | Correct: 84/128 | Elapsed Time: 13.27s
2026-02-09 06:04:29,979 | INFO | Batch 270 | Loss: 0.7837 | Correct: 91/128 | Elapsed Time: 13.27s
2026-02-09 06:04:43,239 | INFO | Batch 280 | Loss: 1.0000 | Correct: 79/128 | Elapsed Time: 13.26s
2026-02-09 06:04:56,623 | INFO | Batch 290 | Loss: 0.8877 | Correct: 90/128 | Elapsed Time: 13.38s
2026-02-09 06:05:10,028 | INFO | Batch 300 | Loss: 0.8925 | Correct: 88/128 | Elapsed Time: 13.40s
2026-02-09 06:05:23,186 | INFO | Batch 310 | Loss: 0.9892 | Correct: 83/128 | Elapsed Time: 13.16s
2026-02-09 06:05:36,409 | INFO | Batch 320 | Loss: 0.8593 | Correct: 89/128 | Elapsed Time: 13.22s
2026-02-09 06:05:49,725 | INFO | Batch 330 | Loss: 1.0330 | Correct: 79/128 | Elapsed Time: 13.32s
2026-02-09 06:06:03,258 | INFO | Batch 340 | Loss: 0.8593 | Correct: 89/128 | Elapsed Time: 13.53s
2026-02-09 06:06:16,840 | INFO | Batch 350 | Loss: 0.7071 | Correct: 94/128 | Elapsed Time: 13.58s
2026-02-09 06:06:30,161 | INFO | Batch 360 | Loss: 0.9220 | Correct: 93/128 | Elapsed Time: 13.32s
2026-02-09 06:06:43,432 | INFO | Batch 370 | Loss: 0.9220 | Correct: 85/128 | Elapsed Time: 13.27s
2026-02-09 06:06:56,585 | INFO | Batch 380 | Loss: 1.0000 | Correct: 83/128 | Elapsed Time: 13.15s
2026-02-09 06:07:10,021 | INFO | Batch 390 | Loss: 0.9422 | Correct: 89/128 | Elapsed Time: 13.44s
2026-02-09 06:07:11,103 | INFO | Epoch [38/100] - Loss: 0.9127 | Correct: 33865/50000 (67.73%, 520.63s)
2026-02-09 06:07:58,194 | INFO | Validation - Loss: 0.9175 | Correct: 6785/10000 (67.85%) (47.09s)
2026-02-09 06:07:58,323 | INFO | New best model saved at epoch 38 with Top1 Acc: 67.85%
2026-02-09 06:08:11,799 | INFO | Batch 10 | Loss: 0.8009 | Correct: 89/128 | Elapsed Time: 13.48s
2026-02-09 06:08:25,100 | INFO | Batch 20 | Loss: 1.0164 | Correct: 79/128 | Elapsed Time: 13.30s
2026-02-09 06:08:38,452 | INFO | Batch 30 | Loss: 0.9220 | Correct: 83/128 | Elapsed Time: 13.35s
2026-02-09 06:08:51,760 | INFO | Batch 40 | Loss: 0.9946 | Correct: 81/128 | Elapsed Time: 13.31s
2026-02-09 06:09:04,770 | INFO | Batch 50 | Loss: 1.0386 | Correct: 78/128 | Elapsed Time: 13.01s
2026-02-09 06:09:17,523 | INFO | Batch 60 | Loss: 1.0386 | Correct: 75/128 | Elapsed Time: 12.75s
2026-02-09 06:09:30,303 | INFO | Batch 70 | Loss: 0.8974 | Correct: 89/128 | Elapsed Time: 12.78s
2026-02-09 06:09:43,058 | INFO | Batch 80 | Loss: 0.9071 | Correct: 88/128 | Elapsed Time: 12.75s
2026-02-09 06:09:56,301 | INFO | Batch 90 | Loss: 1.0109 | Correct: 79/128 | Elapsed Time: 13.24s
2026-02-09 06:10:09,868 | INFO | Batch 100 | Loss: 0.9786 | Correct: 83/128 | Elapsed Time: 13.57s
2026-02-09 06:10:23,106 | INFO | Batch 110 | Loss: 0.9270 | Correct: 85/128 | Elapsed Time: 13.24s
2026-02-09 06:10:36,432 | INFO | Batch 120 | Loss: 0.9220 | Correct: 89/128 | Elapsed Time: 13.33s
2026-02-09 06:10:49,858 | INFO | Batch 130 | Loss: 1.0219 | Correct: 77/128 | Elapsed Time: 13.43s
2026-02-09 06:11:03,371 | INFO | Batch 140 | Loss: 0.7109 | Correct: 94/128 | Elapsed Time: 13.51s
2026-02-09 06:11:16,669 | INFO | Batch 150 | Loss: 0.9473 | Correct: 87/128 | Elapsed Time: 13.30s
2026-02-09 06:11:30,120 | INFO | Batch 160 | Loss: 0.9628 | Correct: 85/128 | Elapsed Time: 13.45s
2026-02-09 06:11:43,531 | INFO | Batch 170 | Loss: 0.7711 | Correct: 90/128 | Elapsed Time: 13.41s
2026-02-09 06:11:56,860 | INFO | Batch 180 | Loss: 0.9022 | Correct: 87/128 | Elapsed Time: 13.33s
2026-02-09 06:12:10,258 | INFO | Batch 190 | Loss: 0.9422 | Correct: 92/128 | Elapsed Time: 13.40s
2026-02-09 06:12:23,588 | INFO | Batch 200 | Loss: 0.8974 | Correct: 88/128 | Elapsed Time: 13.33s
2026-02-09 06:12:36,890 | INFO | Batch 210 | Loss: 0.7837 | Correct: 91/128 | Elapsed Time: 13.30s
2026-02-09 06:12:50,284 | INFO | Batch 220 | Loss: 1.0556 | Correct: 77/128 | Elapsed Time: 13.39s
2026-02-09 06:13:03,721 | INFO | Batch 230 | Loss: 0.8687 | Correct: 86/128 | Elapsed Time: 13.44s
2026-02-09 06:13:17,122 | INFO | Batch 240 | Loss: 0.8781 | Correct: 84/128 | Elapsed Time: 13.40s
2026-02-09 06:13:30,545 | INFO | Batch 250 | Loss: 0.9220 | Correct: 87/128 | Elapsed Time: 13.42s
2026-02-09 06:13:43,950 | INFO | Batch 260 | Loss: 0.9680 | Correct: 86/128 | Elapsed Time: 13.41s
2026-02-09 06:13:57,259 | INFO | Batch 270 | Loss: 0.8593 | Correct: 88/128 | Elapsed Time: 13.31s
2026-02-09 06:14:10,806 | INFO | Batch 280 | Loss: 1.0443 | Correct: 82/128 | Elapsed Time: 13.55s
2026-02-09 06:14:24,156 | INFO | Batch 290 | Loss: 1.0219 | Correct: 83/128 | Elapsed Time: 13.35s
2026-02-09 06:14:37,492 | INFO | Batch 300 | Loss: 0.9320 | Correct: 80/128 | Elapsed Time: 13.34s
2026-02-09 06:14:50,936 | INFO | Batch 310 | Loss: 0.8877 | Correct: 86/128 | Elapsed Time: 13.44s
2026-02-09 06:15:04,338 | INFO | Batch 320 | Loss: 0.9576 | Correct: 85/128 | Elapsed Time: 13.40s
2026-02-09 06:15:17,586 | INFO | Batch 330 | Loss: 0.8877 | Correct: 87/128 | Elapsed Time: 13.25s
2026-02-09 06:15:31,063 | INFO | Batch 340 | Loss: 0.7753 | Correct: 96/128 | Elapsed Time: 13.48s
2026-02-09 06:15:44,440 | INFO | Batch 350 | Loss: 0.9022 | Correct: 89/128 | Elapsed Time: 13.38s
2026-02-09 06:15:57,605 | INFO | Batch 360 | Loss: 0.8974 | Correct: 88/128 | Elapsed Time: 13.17s
2026-02-09 06:16:11,612 | INFO | Batch 370 | Loss: 1.0499 | Correct: 81/128 | Elapsed Time: 14.01s
2026-02-09 06:16:25,129 | INFO | Batch 380 | Loss: 0.8140 | Correct: 94/128 | Elapsed Time: 13.52s
2026-02-09 06:16:38,517 | INFO | Batch 390 | Loss: 1.0000 | Correct: 76/128 | Elapsed Time: 13.39s
2026-02-09 06:16:39,708 | INFO | Epoch [39/100] - Loss: 0.9060 | Correct: 33928/50000 (67.86%, 521.38s)
2026-02-09 06:17:27,002 | INFO | Validation - Loss: 0.8811 | Correct: 6902/10000 (69.02%) (47.29s)
2026-02-09 06:17:27,144 | INFO | New best model saved at epoch 39 with Top1 Acc: 69.02%
2026-02-09 06:17:40,457 | INFO | Batch 10 | Loss: 0.8455 | Correct: 91/128 | Elapsed Time: 13.31s
2026-02-09 06:17:53,817 | INFO | Batch 20 | Loss: 0.9422 | Correct: 88/128 | Elapsed Time: 13.36s
2026-02-09 06:18:07,379 | INFO | Batch 30 | Loss: 0.7305 | Correct: 98/128 | Elapsed Time: 13.56s
2026-02-09 06:18:20,690 | INFO | Batch 40 | Loss: 0.9524 | Correct: 83/128 | Elapsed Time: 13.31s
2026-02-09 06:18:34,100 | INFO | Batch 50 | Loss: 0.9320 | Correct: 84/128 | Elapsed Time: 13.41s
2026-02-09 06:18:47,454 | INFO | Batch 60 | Loss: 0.9220 | Correct: 82/128 | Elapsed Time: 13.35s
2026-02-09 06:19:00,614 | INFO | Batch 70 | Loss: 0.8925 | Correct: 85/128 | Elapsed Time: 13.16s
2026-02-09 06:19:13,981 | INFO | Batch 80 | Loss: 1.0729 | Correct: 79/128 | Elapsed Time: 13.37s
2026-02-09 06:19:27,364 | INFO | Batch 90 | Loss: 0.8974 | Correct: 95/128 | Elapsed Time: 13.38s
2026-02-09 06:19:40,521 | INFO | Batch 100 | Loss: 0.8455 | Correct: 85/128 | Elapsed Time: 13.16s
2026-02-09 06:19:53,858 | INFO | Batch 110 | Loss: 1.0274 | Correct: 75/128 | Elapsed Time: 13.34s
2026-02-09 06:20:07,387 | INFO | Batch 120 | Loss: 1.1700 | Correct: 74/128 | Elapsed Time: 13.53s
2026-02-09 06:20:20,581 | INFO | Batch 130 | Loss: 1.1700 | Correct: 71/128 | Elapsed Time: 13.19s
2026-02-09 06:20:34,059 | INFO | Batch 140 | Loss: 0.9371 | Correct: 88/128 | Elapsed Time: 13.48s
2026-02-09 06:20:47,472 | INFO | Batch 150 | Loss: 0.8734 | Correct: 87/128 | Elapsed Time: 13.41s
2026-02-09 06:21:00,790 | INFO | Batch 160 | Loss: 1.2218 | Correct: 76/128 | Elapsed Time: 13.32s
2026-02-09 06:21:14,190 | INFO | Batch 170 | Loss: 0.9733 | Correct: 83/128 | Elapsed Time: 13.40s
2026-02-09 06:21:27,580 | INFO | Batch 180 | Loss: 1.0614 | Correct: 83/128 | Elapsed Time: 13.39s
2026-02-09 06:21:40,906 | INFO | Batch 190 | Loss: 0.9320 | Correct: 78/128 | Elapsed Time: 13.33s
2026-02-09 06:21:54,290 | INFO | Batch 200 | Loss: 1.1265 | Correct: 72/128 | Elapsed Time: 13.38s
2026-02-09 06:22:07,710 | INFO | Batch 210 | Loss: 1.0671 | Correct: 72/128 | Elapsed Time: 13.42s
2026-02-09 06:22:21,098 | INFO | Batch 220 | Loss: 0.9022 | Correct: 91/128 | Elapsed Time: 13.39s
2026-02-09 06:22:34,448 | INFO | Batch 230 | Loss: 1.1204 | Correct: 78/128 | Elapsed Time: 13.35s
2026-02-09 06:22:47,909 | INFO | Batch 240 | Loss: 0.8096 | Correct: 96/128 | Elapsed Time: 13.46s
2026-02-09 06:23:01,345 | INFO | Batch 250 | Loss: 1.0109 | Correct: 80/128 | Elapsed Time: 13.44s
2026-02-09 06:23:14,702 | INFO | Batch 260 | Loss: 0.9628 | Correct: 86/128 | Elapsed Time: 13.36s
2026-02-09 06:23:28,091 | INFO | Batch 270 | Loss: 1.0729 | Correct: 79/128 | Elapsed Time: 13.39s
2026-02-09 06:23:41,549 | INFO | Batch 280 | Loss: 1.1204 | Correct: 82/128 | Elapsed Time: 13.46s
2026-02-09 06:23:54,849 | INFO | Batch 290 | Loss: 1.1957 | Correct: 78/128 | Elapsed Time: 13.30s
2026-02-09 06:24:08,227 | INFO | Batch 300 | Loss: 0.9220 | Correct: 81/128 | Elapsed Time: 13.38s
2026-02-09 06:24:21,584 | INFO | Batch 310 | Loss: 0.9628 | Correct: 84/128 | Elapsed Time: 13.36s
2026-02-09 06:24:34,931 | INFO | Batch 320 | Loss: 1.2968 | Correct: 72/128 | Elapsed Time: 13.35s
2026-02-09 06:24:48,232 | INFO | Batch 330 | Loss: 1.3764 | Correct: 64/128 | Elapsed Time: 13.30s
2026-02-09 06:25:01,609 | INFO | Batch 340 | Loss: 1.1265 | Correct: 76/128 | Elapsed Time: 13.38s
2026-02-09 06:25:14,979 | INFO | Batch 350 | Loss: 1.0964 | Correct: 81/128 | Elapsed Time: 13.37s
2026-02-09 06:25:28,412 | INFO | Batch 360 | Loss: 1.0386 | Correct: 87/128 | Elapsed Time: 13.43s
2026-02-09 06:25:41,829 | INFO | Batch 370 | Loss: 1.0109 | Correct: 82/128 | Elapsed Time: 13.42s
2026-02-09 06:25:55,089 | INFO | Batch 380 | Loss: 1.1957 | Correct: 70/128 | Elapsed Time: 13.26s
2026-02-09 06:26:09,244 | INFO | Batch 390 | Loss: 0.9680 | Correct: 81/128 | Elapsed Time: 14.15s
2026-02-09 06:26:10,321 | INFO | Epoch [40/100] - Loss: 1.0125 | Correct: 32071/50000 (64.14%, 523.18s)
2026-02-09 06:26:57,885 | INFO | Validation - Loss: 1.4795 | Correct: 5135/10000 (51.35%) (47.56s)
2026-02-09 06:27:11,424 | INFO | Batch 10 | Loss: 1.2486 | Correct: 68/128 | Elapsed Time: 13.54s
2026-02-09 06:27:24,883 | INFO | Batch 20 | Loss: 1.3397 | Correct: 64/128 | Elapsed Time: 13.46s
2026-02-09 06:27:38,152 | INFO | Batch 30 | Loss: 1.0109 | Correct: 84/128 | Elapsed Time: 13.27s
2026-02-09 06:27:51,478 | INFO | Batch 40 | Loss: 1.0556 | Correct: 80/128 | Elapsed Time: 13.33s
2026-02-09 06:28:04,929 | INFO | Batch 50 | Loss: 1.2022 | Correct: 73/128 | Elapsed Time: 13.45s
2026-02-09 06:28:18,131 | INFO | Batch 60 | Loss: 1.0164 | Correct: 84/128 | Elapsed Time: 13.20s
2026-02-09 06:28:31,453 | INFO | Batch 70 | Loss: 0.9839 | Correct: 78/128 | Elapsed Time: 13.32s
2026-02-09 06:28:44,814 | INFO | Batch 80 | Loss: 0.9422 | Correct: 81/128 | Elapsed Time: 13.36s
2026-02-09 06:28:58,064 | INFO | Batch 90 | Loss: 1.0109 | Correct: 77/128 | Elapsed Time: 13.25s
2026-02-09 06:29:11,404 | INFO | Batch 100 | Loss: 0.8877 | Correct: 89/128 | Elapsed Time: 13.34s
2026-02-09 06:29:24,704 | INFO | Batch 110 | Loss: 0.9220 | Correct: 85/128 | Elapsed Time: 13.30s
2026-02-09 06:29:38,001 | INFO | Batch 120 | Loss: 1.0443 | Correct: 81/128 | Elapsed Time: 13.30s
2026-02-09 06:29:51,400 | INFO | Batch 130 | Loss: 0.9733 | Correct: 78/128 | Elapsed Time: 13.40s
2026-02-09 06:30:04,988 | INFO | Batch 140 | Loss: 1.1512 | Correct: 79/128 | Elapsed Time: 13.59s
2026-02-09 06:30:18,202 | INFO | Batch 150 | Loss: 1.0330 | Correct: 82/128 | Elapsed Time: 13.21s
2026-02-09 06:30:31,666 | INFO | Batch 160 | Loss: 0.8640 | Correct: 88/128 | Elapsed Time: 13.46s
2026-02-09 06:30:44,966 | INFO | Batch 170 | Loss: 1.1892 | Correct: 65/128 | Elapsed Time: 13.30s
2026-02-09 06:30:58,147 | INFO | Batch 180 | Loss: 1.0164 | Correct: 86/128 | Elapsed Time: 13.18s
2026-02-09 06:31:11,499 | INFO | Batch 190 | Loss: 1.2554 | Correct: 73/128 | Elapsed Time: 13.35s
2026-02-09 06:31:24,943 | INFO | Batch 200 | Loss: 0.9121 | Correct: 88/128 | Elapsed Time: 13.44s
2026-02-09 06:31:38,227 | INFO | Batch 210 | Loss: 0.9524 | Correct: 86/128 | Elapsed Time: 13.28s
2026-02-09 06:31:51,605 | INFO | Batch 220 | Loss: 1.1084 | Correct: 78/128 | Elapsed Time: 13.38s
2026-02-09 06:32:04,967 | INFO | Batch 230 | Loss: 0.9022 | Correct: 91/128 | Elapsed Time: 13.36s
2026-02-09 06:32:18,298 | INFO | Batch 240 | Loss: 1.1957 | Correct: 77/128 | Elapsed Time: 13.33s
2026-02-09 06:32:31,682 | INFO | Batch 250 | Loss: 0.9422 | Correct: 79/128 | Elapsed Time: 13.38s
2026-02-09 06:32:45,144 | INFO | Batch 260 | Loss: 0.9220 | Correct: 82/128 | Elapsed Time: 13.46s
2026-02-09 06:32:58,432 | INFO | Batch 270 | Loss: 1.1326 | Correct: 80/128 | Elapsed Time: 13.29s
2026-02-09 06:33:11,900 | INFO | Batch 280 | Loss: 1.0164 | Correct: 85/128 | Elapsed Time: 13.47s
2026-02-09 06:33:25,296 | INFO | Batch 290 | Loss: 0.8364 | Correct: 87/128 | Elapsed Time: 13.40s
2026-02-09 06:33:38,636 | INFO | Batch 300 | Loss: 1.1388 | Correct: 76/128 | Elapsed Time: 13.34s
2026-02-09 06:33:51,985 | INFO | Batch 310 | Loss: 0.8501 | Correct: 87/128 | Elapsed Time: 13.35s
2026-02-09 06:34:05,349 | INFO | Batch 320 | Loss: 0.9320 | Correct: 86/128 | Elapsed Time: 13.36s
2026-02-09 06:34:18,568 | INFO | Batch 330 | Loss: 0.9786 | Correct: 85/128 | Elapsed Time: 13.22s
2026-02-09 06:34:31,811 | INFO | Batch 340 | Loss: 0.9320 | Correct: 84/128 | Elapsed Time: 13.24s
2026-02-09 06:34:45,165 | INFO | Batch 350 | Loss: 1.0386 | Correct: 81/128 | Elapsed Time: 13.35s
2026-02-09 06:34:58,550 | INFO | Batch 360 | Loss: 1.0054 | Correct: 80/128 | Elapsed Time: 13.38s
2026-02-09 06:35:11,811 | INFO | Batch 370 | Loss: 0.9220 | Correct: 87/128 | Elapsed Time: 13.26s
2026-02-09 06:35:25,075 | INFO | Batch 380 | Loss: 0.9786 | Correct: 84/128 | Elapsed Time: 13.26s
2026-02-09 06:35:38,403 | INFO | Batch 390 | Loss: 1.0499 | Correct: 76/128 | Elapsed Time: 13.33s
2026-02-09 06:35:39,469 | INFO | Epoch [41/100] - Loss: 1.0285 | Correct: 31711/50000 (63.42%, 521.58s)
2026-02-09 06:36:27,531 | INFO | Validation - Loss: 1.0159 | Correct: 6442/10000 (64.42%) (48.06s)
2026-02-09 06:36:40,854 | INFO | Batch 10 | Loss: 0.9371 | Correct: 87/128 | Elapsed Time: 13.32s
2026-02-09 06:36:54,214 | INFO | Batch 20 | Loss: 1.1265 | Correct: 74/128 | Elapsed Time: 13.36s
2026-02-09 06:37:07,592 | INFO | Batch 30 | Loss: 0.9170 | Correct: 87/128 | Elapsed Time: 13.38s
2026-02-09 06:37:20,907 | INFO | Batch 40 | Loss: 1.0000 | Correct: 76/128 | Elapsed Time: 13.31s
2026-02-09 06:37:34,132 | INFO | Batch 50 | Loss: 1.0614 | Correct: 80/128 | Elapsed Time: 13.23s
2026-02-09 06:37:47,351 | INFO | Batch 60 | Loss: 0.9022 | Correct: 88/128 | Elapsed Time: 13.22s
2026-02-09 06:38:00,613 | INFO | Batch 70 | Loss: 0.9371 | Correct: 90/128 | Elapsed Time: 13.26s
2026-02-09 06:38:14,081 | INFO | Batch 80 | Loss: 0.7546 | Correct: 93/128 | Elapsed Time: 13.47s
2026-02-09 06:38:27,402 | INFO | Batch 90 | Loss: 0.8687 | Correct: 92/128 | Elapsed Time: 13.32s
2026-02-09 06:38:40,736 | INFO | Batch 100 | Loss: 0.9071 | Correct: 92/128 | Elapsed Time: 13.33s
2026-02-09 06:38:53,907 | INFO | Batch 110 | Loss: 1.1024 | Correct: 77/128 | Elapsed Time: 13.17s
2026-02-09 06:39:07,347 | INFO | Batch 120 | Loss: 0.8140 | Correct: 91/128 | Elapsed Time: 13.44s
2026-02-09 06:39:20,664 | INFO | Batch 130 | Loss: 1.0614 | Correct: 78/128 | Elapsed Time: 13.32s
2026-02-09 06:39:33,742 | INFO | Batch 140 | Loss: 1.0219 | Correct: 80/128 | Elapsed Time: 13.08s
2026-02-09 06:39:47,162 | INFO | Batch 150 | Loss: 1.0499 | Correct: 84/128 | Elapsed Time: 13.42s
2026-02-09 06:40:00,532 | INFO | Batch 160 | Loss: 0.9946 | Correct: 80/128 | Elapsed Time: 13.37s
2026-02-09 06:40:13,824 | INFO | Batch 170 | Loss: 0.9892 | Correct: 81/128 | Elapsed Time: 13.29s
2026-02-09 06:40:27,003 | INFO | Batch 180 | Loss: 1.0443 | Correct: 82/128 | Elapsed Time: 13.18s
2026-02-09 06:40:40,302 | INFO | Batch 190 | Loss: 0.8409 | Correct: 87/128 | Elapsed Time: 13.30s
2026-02-09 06:40:53,424 | INFO | Batch 200 | Loss: 1.0000 | Correct: 85/128 | Elapsed Time: 13.12s
2026-02-09 06:41:06,728 | INFO | Batch 210 | Loss: 0.9071 | Correct: 82/128 | Elapsed Time: 13.30s
2026-02-09 06:41:20,135 | INFO | Batch 220 | Loss: 1.1144 | Correct: 79/128 | Elapsed Time: 13.41s
2026-02-09 06:41:33,414 | INFO | Batch 230 | Loss: 1.0964 | Correct: 76/128 | Elapsed Time: 13.28s
2026-02-09 06:41:46,724 | INFO | Batch 240 | Loss: 1.1450 | Correct: 76/128 | Elapsed Time: 13.31s
2026-02-09 06:42:00,118 | INFO | Batch 250 | Loss: 0.9524 | Correct: 83/128 | Elapsed Time: 13.39s
2026-02-09 06:42:13,554 | INFO | Batch 260 | Loss: 0.8829 | Correct: 88/128 | Elapsed Time: 13.44s
2026-02-09 06:42:26,756 | INFO | Batch 270 | Loss: 1.0000 | Correct: 84/128 | Elapsed Time: 13.20s
2026-02-09 06:42:40,068 | INFO | Batch 280 | Loss: 1.1326 | Correct: 76/128 | Elapsed Time: 13.31s
2026-02-09 06:42:53,405 | INFO | Batch 290 | Loss: 0.8140 | Correct: 92/128 | Elapsed Time: 13.34s
2026-02-09 06:43:06,752 | INFO | Batch 300 | Loss: 0.7923 | Correct: 92/128 | Elapsed Time: 13.35s
2026-02-09 06:43:20,110 | INFO | Batch 310 | Loss: 0.9022 | Correct: 85/128 | Elapsed Time: 13.36s
2026-02-09 06:43:33,493 | INFO | Batch 320 | Loss: 0.9371 | Correct: 86/128 | Elapsed Time: 13.38s
2026-02-09 06:43:46,764 | INFO | Batch 330 | Loss: 0.8229 | Correct: 85/128 | Elapsed Time: 13.27s
2026-02-09 06:44:00,101 | INFO | Batch 340 | Loss: 1.0054 | Correct: 72/128 | Elapsed Time: 13.34s
2026-02-09 06:44:13,592 | INFO | Batch 350 | Loss: 1.0330 | Correct: 82/128 | Elapsed Time: 13.49s
2026-02-09 06:44:26,870 | INFO | Batch 360 | Loss: 0.8829 | Correct: 87/128 | Elapsed Time: 13.28s
2026-02-09 06:44:40,240 | INFO | Batch 370 | Loss: 0.8364 | Correct: 93/128 | Elapsed Time: 13.37s
2026-02-09 06:44:53,653 | INFO | Batch 380 | Loss: 0.8593 | Correct: 91/128 | Elapsed Time: 13.41s
2026-02-09 06:45:06,910 | INFO | Batch 390 | Loss: 1.0556 | Correct: 83/128 | Elapsed Time: 13.26s
2026-02-09 06:45:07,961 | INFO | Epoch [42/100] - Loss: 0.9845 | Correct: 32564/50000 (65.13%, 520.43s)
2026-02-09 06:45:55,399 | INFO | Validation - Loss: 0.9512 | Correct: 6649/10000 (66.49%) (47.44s)
2026-02-09 06:46:09,526 | INFO | Batch 10 | Loss: 0.8640 | Correct: 90/128 | Elapsed Time: 14.13s
2026-02-09 06:46:22,941 | INFO | Batch 20 | Loss: 0.8925 | Correct: 87/128 | Elapsed Time: 13.41s
2026-02-09 06:46:36,359 | INFO | Batch 30 | Loss: 0.8455 | Correct: 89/128 | Elapsed Time: 13.42s
2026-02-09 06:46:49,606 | INFO | Batch 40 | Loss: 0.8829 | Correct: 89/128 | Elapsed Time: 13.25s
2026-02-09 06:47:03,000 | INFO | Batch 50 | Loss: 0.8547 | Correct: 91/128 | Elapsed Time: 13.39s
2026-02-09 06:47:16,233 | INFO | Batch 60 | Loss: 0.8925 | Correct: 89/128 | Elapsed Time: 13.23s
2026-02-09 06:47:29,488 | INFO | Batch 70 | Loss: 0.9121 | Correct: 84/128 | Elapsed Time: 13.25s
2026-02-09 06:47:42,729 | INFO | Batch 80 | Loss: 0.7966 | Correct: 92/128 | Elapsed Time: 13.24s
2026-02-09 06:47:56,005 | INFO | Batch 90 | Loss: 0.9270 | Correct: 89/128 | Elapsed Time: 13.28s
2026-02-09 06:48:09,405 | INFO | Batch 100 | Loss: 1.1512 | Correct: 76/128 | Elapsed Time: 13.40s
2026-02-09 06:48:22,817 | INFO | Batch 110 | Loss: 1.0443 | Correct: 77/128 | Elapsed Time: 13.41s
2026-02-09 06:48:36,124 | INFO | Batch 120 | Loss: 0.8974 | Correct: 84/128 | Elapsed Time: 13.31s
2026-02-09 06:48:49,380 | INFO | Batch 130 | Loss: 1.2829 | Correct: 67/128 | Elapsed Time: 13.26s
2026-02-09 06:49:02,810 | INFO | Batch 140 | Loss: 1.3543 | Correct: 64/128 | Elapsed Time: 13.43s
2026-02-09 06:49:16,159 | INFO | Batch 150 | Loss: 1.3690 | Correct: 63/128 | Elapsed Time: 13.35s
2026-02-09 06:49:29,547 | INFO | Batch 160 | Loss: 1.2691 | Correct: 66/128 | Elapsed Time: 13.39s
2026-02-09 06:49:42,852 | INFO | Batch 170 | Loss: 1.1957 | Correct: 71/128 | Elapsed Time: 13.30s
2026-02-09 06:49:56,161 | INFO | Batch 180 | Loss: 1.1764 | Correct: 78/128 | Elapsed Time: 13.31s
2026-02-09 06:50:09,505 | INFO | Batch 190 | Loss: 1.4219 | Correct: 67/128 | Elapsed Time: 13.34s
2026-02-09 06:50:22,685 | INFO | Batch 200 | Loss: 1.2829 | Correct: 65/128 | Elapsed Time: 13.18s
2026-02-09 06:50:36,013 | INFO | Batch 210 | Loss: 1.0109 | Correct: 81/128 | Elapsed Time: 13.33s
2026-02-09 06:50:49,552 | INFO | Batch 220 | Loss: 1.0330 | Correct: 79/128 | Elapsed Time: 13.54s
2026-02-09 06:51:02,909 | INFO | Batch 230 | Loss: 1.4374 | Correct: 65/128 | Elapsed Time: 13.36s
2026-02-09 06:51:16,358 | INFO | Batch 240 | Loss: 1.0219 | Correct: 85/128 | Elapsed Time: 13.45s
2026-02-09 06:51:29,663 | INFO | Batch 250 | Loss: 1.0964 | Correct: 78/128 | Elapsed Time: 13.30s
2026-02-09 06:51:42,786 | INFO | Batch 260 | Loss: 1.0614 | Correct: 79/128 | Elapsed Time: 13.12s
2026-02-09 06:51:56,195 | INFO | Batch 270 | Loss: 1.0964 | Correct: 80/128 | Elapsed Time: 13.41s
2026-02-09 06:52:09,682 | INFO | Batch 280 | Loss: 0.9839 | Correct: 83/128 | Elapsed Time: 13.49s
2026-02-09 06:52:22,769 | INFO | Batch 290 | Loss: 1.1574 | Correct: 80/128 | Elapsed Time: 13.09s
2026-02-09 06:52:36,105 | INFO | Batch 300 | Loss: 1.2486 | Correct: 63/128 | Elapsed Time: 13.34s
2026-02-09 06:52:49,368 | INFO | Batch 310 | Loss: 1.0330 | Correct: 82/128 | Elapsed Time: 13.26s
2026-02-09 06:53:02,514 | INFO | Batch 320 | Loss: 1.0671 | Correct: 76/128 | Elapsed Time: 13.15s
2026-02-09 06:53:15,874 | INFO | Batch 330 | Loss: 1.0905 | Correct: 78/128 | Elapsed Time: 13.36s
2026-02-09 06:53:29,169 | INFO | Batch 340 | Loss: 1.1144 | Correct: 71/128 | Elapsed Time: 13.30s
2026-02-09 06:53:42,419 | INFO | Batch 350 | Loss: 1.1326 | Correct: 79/128 | Elapsed Time: 13.25s
2026-02-09 06:53:55,759 | INFO | Batch 360 | Loss: 0.9576 | Correct: 85/128 | Elapsed Time: 13.34s
2026-02-09 06:54:09,203 | INFO | Batch 370 | Loss: 1.0846 | Correct: 77/128 | Elapsed Time: 13.44s
2026-02-09 06:54:22,388 | INFO | Batch 380 | Loss: 1.0386 | Correct: 84/128 | Elapsed Time: 13.18s
2026-02-09 06:54:35,643 | INFO | Batch 390 | Loss: 0.9071 | Correct: 89/128 | Elapsed Time: 13.26s
2026-02-09 06:54:36,721 | INFO | Epoch [43/100] - Loss: 1.0499 | Correct: 31443/50000 (62.89%, 521.32s)
2026-02-09 06:55:23,813 | INFO | Validation - Loss: 0.9682 | Correct: 6589/10000 (65.89%) (47.09s)
2026-02-09 06:55:37,072 | INFO | Batch 10 | Loss: 0.9628 | Correct: 81/128 | Elapsed Time: 13.26s
2026-02-09 06:55:50,370 | INFO | Batch 20 | Loss: 0.9733 | Correct: 84/128 | Elapsed Time: 13.30s
2026-02-09 06:56:04,291 | INFO | Batch 30 | Loss: 1.1265 | Correct: 80/128 | Elapsed Time: 13.92s
2026-02-09 06:56:17,845 | INFO | Batch 40 | Loss: 1.1265 | Correct: 72/128 | Elapsed Time: 13.55s
2026-02-09 06:56:31,084 | INFO | Batch 50 | Loss: 1.0788 | Correct: 87/128 | Elapsed Time: 13.24s
2026-02-09 06:56:44,248 | INFO | Batch 60 | Loss: 0.9680 | Correct: 84/128 | Elapsed Time: 13.16s
2026-02-09 06:56:57,509 | INFO | Batch 70 | Loss: 0.9022 | Correct: 84/128 | Elapsed Time: 13.26s
2026-02-09 06:57:10,833 | INFO | Batch 80 | Loss: 1.1574 | Correct: 79/128 | Elapsed Time: 13.32s
2026-02-09 06:57:23,838 | INFO | Batch 90 | Loss: 1.0219 | Correct: 78/128 | Elapsed Time: 13.00s
2026-02-09 06:57:37,022 | INFO | Batch 100 | Loss: 1.1388 | Correct: 85/128 | Elapsed Time: 13.18s
2026-02-09 06:57:50,275 | INFO | Batch 110 | Loss: 0.9576 | Correct: 81/128 | Elapsed Time: 13.25s
2026-02-09 06:58:03,440 | INFO | Batch 120 | Loss: 0.9628 | Correct: 90/128 | Elapsed Time: 13.16s
2026-02-09 06:58:16,669 | INFO | Batch 130 | Loss: 0.8318 | Correct: 89/128 | Elapsed Time: 13.23s
2026-02-09 06:58:30,077 | INFO | Batch 140 | Loss: 1.9785 | Correct: 38/128 | Elapsed Time: 13.41s
2026-02-09 06:58:43,236 | INFO | Batch 150 | Loss: 1.5931 | Correct: 56/128 | Elapsed Time: 13.16s
2026-02-09 06:58:56,478 | INFO | Batch 160 | Loss: 1.6909 | Correct: 45/128 | Elapsed Time: 13.24s
2026-02-09 06:59:09,863 | INFO | Batch 170 | Loss: 1.6280 | Correct: 52/128 | Elapsed Time: 13.38s
2026-02-09 06:59:22,965 | INFO | Batch 180 | Loss: 1.4374 | Correct: 61/128 | Elapsed Time: 13.10s
2026-02-09 06:59:36,414 | INFO | Batch 190 | Loss: 1.5092 | Correct: 59/128 | Elapsed Time: 13.45s
2026-02-09 06:59:49,684 | INFO | Batch 200 | Loss: 1.5174 | Correct: 57/128 | Elapsed Time: 13.27s
2026-02-09 07:00:02,893 | INFO | Batch 210 | Loss: 1.4296 | Correct: 64/128 | Elapsed Time: 13.21s
2026-02-09 07:00:16,202 | INFO | Batch 220 | Loss: 1.4066 | Correct: 61/128 | Elapsed Time: 13.31s
2026-02-09 07:00:29,475 | INFO | Batch 230 | Loss: 1.3252 | Correct: 68/128 | Elapsed Time: 13.27s
2026-02-09 07:00:42,767 | INFO | Batch 240 | Loss: 1.6105 | Correct: 53/128 | Elapsed Time: 13.29s
2026-02-09 07:00:55,928 | INFO | Batch 250 | Loss: 1.6547 | Correct: 52/128 | Elapsed Time: 13.16s
2026-02-09 07:01:09,301 | INFO | Batch 260 | Loss: 1.7563 | Correct: 49/128 | Elapsed Time: 13.37s
2026-02-09 07:01:22,551 | INFO | Batch 270 | Loss: 1.5590 | Correct: 55/128 | Elapsed Time: 13.25s
2026-02-09 07:01:35,634 | INFO | Batch 280 | Loss: 1.3990 | Correct: 61/128 | Elapsed Time: 13.08s
2026-02-09 07:01:48,905 | INFO | Batch 290 | Loss: 1.3764 | Correct: 60/128 | Elapsed Time: 13.27s
2026-02-09 07:02:02,175 | INFO | Batch 300 | Loss: 1.4142 | Correct: 69/128 | Elapsed Time: 13.27s
2026-02-09 07:02:15,268 | INFO | Batch 310 | Loss: 1.7468 | Correct: 42/128 | Elapsed Time: 13.09s
2026-02-09 07:02:28,489 | INFO | Batch 320 | Loss: 1.5590 | Correct: 54/128 | Elapsed Time: 13.22s
2026-02-09 07:02:41,652 | INFO | Batch 330 | Loss: 1.5590 | Correct: 61/128 | Elapsed Time: 13.16s
2026-02-09 07:02:54,746 | INFO | Batch 340 | Loss: 1.5010 | Correct: 61/128 | Elapsed Time: 13.09s
2026-02-09 07:03:08,159 | INFO | Batch 350 | Loss: 1.5931 | Correct: 54/128 | Elapsed Time: 13.41s
2026-02-09 07:03:21,296 | INFO | Batch 360 | Loss: 1.4142 | Correct: 57/128 | Elapsed Time: 13.14s
2026-02-09 07:03:34,472 | INFO | Batch 370 | Loss: 1.7280 | Correct: 55/128 | Elapsed Time: 13.18s
2026-02-09 07:03:47,654 | INFO | Batch 380 | Loss: 1.5256 | Correct: 62/128 | Elapsed Time: 13.18s
2026-02-09 07:04:00,888 | INFO | Batch 390 | Loss: 1.6369 | Correct: 52/128 | Elapsed Time: 13.23s
2026-02-09 07:04:01,937 | INFO | Epoch [44/100] - Loss: 1.3570 | Correct: 25769/50000 (51.54%, 518.12s)
2026-02-09 07:04:49,035 | INFO | Validation - Loss: 1.4023 | Correct: 5013/10000 (50.13%) (47.10s)
2026-02-09 07:05:02,184 | INFO | Batch 10 | Loss: 1.3839 | Correct: 64/128 | Elapsed Time: 13.15s
2026-02-09 07:05:15,379 | INFO | Batch 20 | Loss: 1.3839 | Correct: 63/128 | Elapsed Time: 13.19s
2026-02-09 07:05:28,709 | INFO | Batch 30 | Loss: 1.4689 | Correct: 60/128 | Elapsed Time: 13.33s
2026-02-09 07:05:41,985 | INFO | Batch 40 | Loss: 1.3252 | Correct: 68/128 | Elapsed Time: 13.28s
2026-02-09 07:05:55,214 | INFO | Batch 50 | Loss: 1.3690 | Correct: 71/128 | Elapsed Time: 13.23s
2026-02-09 07:06:09,353 | INFO | Batch 60 | Loss: 1.3469 | Correct: 63/128 | Elapsed Time: 14.14s
2026-02-09 07:06:22,589 | INFO | Batch 70 | Loss: 1.2898 | Correct: 73/128 | Elapsed Time: 13.24s
2026-02-09 07:06:35,776 | INFO | Batch 80 | Loss: 1.4768 | Correct: 61/128 | Elapsed Time: 13.19s
2026-02-09 07:06:49,128 | INFO | Batch 90 | Loss: 1.2486 | Correct: 68/128 | Elapsed Time: 13.35s
2026-02-09 07:07:02,468 | INFO | Batch 100 | Loss: 1.3039 | Correct: 72/128 | Elapsed Time: 13.34s
2026-02-09 07:07:15,715 | INFO | Batch 110 | Loss: 1.3990 | Correct: 65/128 | Elapsed Time: 13.25s
2026-02-09 07:07:28,987 | INFO | Batch 120 | Loss: 1.3914 | Correct: 56/128 | Elapsed Time: 13.27s
2026-02-09 07:07:42,269 | INFO | Batch 130 | Loss: 1.4530 | Correct: 55/128 | Elapsed Time: 13.28s
2026-02-09 07:07:55,354 | INFO | Batch 140 | Loss: 1.2829 | Correct: 73/128 | Elapsed Time: 13.08s
2026-02-09 07:08:08,678 | INFO | Batch 150 | Loss: 1.3252 | Correct: 68/128 | Elapsed Time: 13.32s
2026-02-09 07:08:21,913 | INFO | Batch 160 | Loss: 1.3397 | Correct: 69/128 | Elapsed Time: 13.23s
2026-02-09 07:08:35,147 | INFO | Batch 170 | Loss: 1.1957 | Correct: 76/128 | Elapsed Time: 13.23s
2026-02-09 07:08:48,376 | INFO | Batch 180 | Loss: 1.1892 | Correct: 80/128 | Elapsed Time: 13.23s
2026-02-09 07:09:01,741 | INFO | Batch 190 | Loss: 1.1828 | Correct: 70/128 | Elapsed Time: 13.37s
2026-02-09 07:09:14,921 | INFO | Batch 200 | Loss: 1.3397 | Correct: 58/128 | Elapsed Time: 13.18s
2026-02-09 07:09:28,136 | INFO | Batch 210 | Loss: 1.3110 | Correct: 75/128 | Elapsed Time: 13.22s
2026-02-09 07:09:41,366 | INFO | Batch 220 | Loss: 1.3039 | Correct: 67/128 | Elapsed Time: 13.23s
2026-02-09 07:09:54,473 | INFO | Batch 230 | Loss: 1.2968 | Correct: 67/128 | Elapsed Time: 13.11s
2026-02-09 07:10:07,806 | INFO | Batch 240 | Loss: 1.3469 | Correct: 69/128 | Elapsed Time: 13.33s
2026-02-09 07:10:20,944 | INFO | Batch 250 | Loss: 1.3397 | Correct: 66/128 | Elapsed Time: 13.14s
2026-02-09 07:10:34,119 | INFO | Batch 260 | Loss: 1.3181 | Correct: 66/128 | Elapsed Time: 13.17s
2026-02-09 07:10:47,077 | INFO | Batch 270 | Loss: 1.1764 | Correct: 80/128 | Elapsed Time: 12.96s
2026-02-09 07:10:59,934 | INFO | Batch 280 | Loss: 1.2691 | Correct: 69/128 | Elapsed Time: 12.86s
2026-02-09 07:11:12,813 | INFO | Batch 290 | Loss: 1.3039 | Correct: 60/128 | Elapsed Time: 12.88s
2026-02-09 07:11:25,552 | INFO | Batch 300 | Loss: 1.2829 | Correct: 70/128 | Elapsed Time: 12.74s
2026-02-09 07:11:38,536 | INFO | Batch 310 | Loss: 1.2898 | Correct: 65/128 | Elapsed Time: 12.98s
2026-02-09 07:11:51,816 | INFO | Batch 320 | Loss: 1.2285 | Correct: 79/128 | Elapsed Time: 13.28s
2026-02-09 07:12:05,037 | INFO | Batch 330 | Loss: 1.1574 | Correct: 76/128 | Elapsed Time: 13.22s
2026-02-09 07:12:18,257 | INFO | Batch 340 | Loss: 1.2218 | Correct: 66/128 | Elapsed Time: 13.22s
2026-02-09 07:12:31,445 | INFO | Batch 350 | Loss: 1.2419 | Correct: 68/128 | Elapsed Time: 13.19s
2026-02-09 07:12:44,588 | INFO | Batch 360 | Loss: 1.3110 | Correct: 64/128 | Elapsed Time: 13.14s
2026-02-09 07:12:57,876 | INFO | Batch 370 | Loss: 1.1204 | Correct: 75/128 | Elapsed Time: 13.29s
2026-02-09 07:13:11,227 | INFO | Batch 380 | Loss: 1.2898 | Correct: 63/128 | Elapsed Time: 13.35s
2026-02-09 07:13:24,477 | INFO | Batch 390 | Loss: 1.4374 | Correct: 59/128 | Elapsed Time: 13.25s
2026-02-09 07:13:25,506 | INFO | Epoch [45/100] - Loss: 1.3447 | Correct: 25719/50000 (51.44%, 516.47s)
2026-02-09 07:14:12,492 | INFO | Validation - Loss: 1.4212 | Correct: 4860/10000 (48.60%) (46.98s)
2026-02-09 07:14:25,873 | INFO | Batch 10 | Loss: 1.2829 | Correct: 69/128 | Elapsed Time: 13.38s
2026-02-09 07:14:39,203 | INFO | Batch 20 | Loss: 1.1957 | Correct: 73/128 | Elapsed Time: 13.33s
2026-02-09 07:14:52,392 | INFO | Batch 30 | Loss: 1.3543 | Correct: 64/128 | Elapsed Time: 13.19s
2026-02-09 07:15:05,822 | INFO | Batch 40 | Loss: 1.3039 | Correct: 63/128 | Elapsed Time: 13.43s
2026-02-09 07:15:19,138 | INFO | Batch 50 | Loss: 1.2087 | Correct: 73/128 | Elapsed Time: 13.32s
2026-02-09 07:15:32,543 | INFO | Batch 60 | Loss: 1.2829 | Correct: 62/128 | Elapsed Time: 13.40s
2026-02-09 07:15:45,703 | INFO | Batch 70 | Loss: 1.2759 | Correct: 67/128 | Elapsed Time: 13.16s
2026-02-09 07:15:59,051 | INFO | Batch 80 | Loss: 1.1326 | Correct: 75/128 | Elapsed Time: 13.35s
2026-02-09 07:16:13,048 | INFO | Batch 90 | Loss: 1.2285 | Correct: 70/128 | Elapsed Time: 14.00s
2026-02-09 07:16:26,128 | INFO | Batch 100 | Loss: 1.2898 | Correct: 63/128 | Elapsed Time: 13.08s
2026-02-09 07:16:39,451 | INFO | Batch 110 | Loss: 1.0729 | Correct: 81/128 | Elapsed Time: 13.32s
2026-02-09 07:16:52,819 | INFO | Batch 120 | Loss: 1.1512 | Correct: 70/128 | Elapsed Time: 13.37s
2026-02-09 07:17:06,036 | INFO | Batch 130 | Loss: 1.1892 | Correct: 74/128 | Elapsed Time: 13.22s
2026-02-09 07:17:19,304 | INFO | Batch 140 | Loss: 1.3181 | Correct: 65/128 | Elapsed Time: 13.27s
2026-02-09 07:17:32,640 | INFO | Batch 150 | Loss: 1.2087 | Correct: 70/128 | Elapsed Time: 13.34s
2026-02-09 07:17:45,877 | INFO | Batch 160 | Loss: 1.2022 | Correct: 71/128 | Elapsed Time: 13.24s
2026-02-09 07:17:59,309 | INFO | Batch 170 | Loss: 1.2554 | Correct: 74/128 | Elapsed Time: 13.43s
2026-02-09 07:18:12,764 | INFO | Batch 180 | Loss: 1.2759 | Correct: 72/128 | Elapsed Time: 13.45s
2026-02-09 07:18:25,980 | INFO | Batch 190 | Loss: 1.1957 | Correct: 69/128 | Elapsed Time: 13.22s
2026-02-09 07:18:39,333 | INFO | Batch 200 | Loss: 1.2829 | Correct: 70/128 | Elapsed Time: 13.35s
2026-02-09 07:18:52,637 | INFO | Batch 210 | Loss: 1.2691 | Correct: 62/128 | Elapsed Time: 13.30s
2026-02-09 07:19:05,946 | INFO | Batch 220 | Loss: 1.2285 | Correct: 80/128 | Elapsed Time: 13.31s
2026-02-09 07:19:19,244 | INFO | Batch 230 | Loss: 1.2554 | Correct: 73/128 | Elapsed Time: 13.30s
2026-02-09 07:19:32,549 | INFO | Batch 240 | Loss: 1.1957 | Correct: 70/128 | Elapsed Time: 13.31s
2026-02-09 07:19:45,676 | INFO | Batch 250 | Loss: 1.1700 | Correct: 74/128 | Elapsed Time: 13.13s
2026-02-09 07:19:59,005 | INFO | Batch 260 | Loss: 1.1388 | Correct: 73/128 | Elapsed Time: 13.33s
2026-02-09 07:20:12,325 | INFO | Batch 270 | Loss: 1.2968 | Correct: 68/128 | Elapsed Time: 13.32s
2026-02-09 07:20:25,624 | INFO | Batch 280 | Loss: 1.0788 | Correct: 84/128 | Elapsed Time: 13.30s
2026-02-09 07:20:38,820 | INFO | Batch 290 | Loss: 1.2419 | Correct: 68/128 | Elapsed Time: 13.20s
2026-02-09 07:20:52,126 | INFO | Batch 300 | Loss: 1.2352 | Correct: 74/128 | Elapsed Time: 13.31s
2026-02-09 07:21:05,388 | INFO | Batch 310 | Loss: 1.0614 | Correct: 81/128 | Elapsed Time: 13.26s
2026-02-09 07:21:18,589 | INFO | Batch 320 | Loss: 1.2419 | Correct: 75/128 | Elapsed Time: 13.20s
2026-02-09 07:21:31,897 | INFO | Batch 330 | Loss: 1.1326 | Correct: 72/128 | Elapsed Time: 13.31s
2026-02-09 07:21:45,178 | INFO | Batch 340 | Loss: 1.0788 | Correct: 80/128 | Elapsed Time: 13.28s
2026-02-09 07:21:58,383 | INFO | Batch 350 | Loss: 1.1957 | Correct: 73/128 | Elapsed Time: 13.20s
2026-02-09 07:22:11,753 | INFO | Batch 360 | Loss: 1.2968 | Correct: 71/128 | Elapsed Time: 13.37s
2026-02-09 07:22:25,080 | INFO | Batch 370 | Loss: 1.1450 | Correct: 77/128 | Elapsed Time: 13.33s
2026-02-09 07:22:38,261 | INFO | Batch 380 | Loss: 1.8843 | Correct: 51/128 | Elapsed Time: 13.18s
2026-02-09 07:22:51,570 | INFO | Batch 390 | Loss: 1.8440 | Correct: 44/128 | Elapsed Time: 13.31s
2026-02-09 07:22:52,643 | INFO | Epoch [46/100] - Loss: 1.2663 | Correct: 27273/50000 (54.55%, 520.15s)
2026-02-09 07:23:39,517 | INFO | Validation - Loss: 1.7042 | Correct: 3779/10000 (37.79%) (46.87s)
2026-02-09 07:23:52,699 | INFO | Batch 10 | Loss: 1.8241 | Correct: 42/128 | Elapsed Time: 13.18s
2026-02-09 07:24:05,791 | INFO | Batch 20 | Loss: 1.5675 | Correct: 50/128 | Elapsed Time: 13.09s
2026-02-09 07:24:18,982 | INFO | Batch 30 | Loss: 1.6727 | Correct: 49/128 | Elapsed Time: 13.19s
2026-02-09 07:24:32,265 | INFO | Batch 40 | Loss: 1.7468 | Correct: 45/128 | Elapsed Time: 13.28s
2026-02-09 07:24:45,412 | INFO | Batch 50 | Loss: 1.4929 | Correct: 58/128 | Elapsed Time: 13.15s
2026-02-09 07:24:58,787 | INFO | Batch 60 | Loss: 1.6018 | Correct: 48/128 | Elapsed Time: 13.38s
2026-02-09 07:25:12,119 | INFO | Batch 70 | Loss: 1.6018 | Correct: 52/128 | Elapsed Time: 13.33s
2026-02-09 07:25:25,223 | INFO | Batch 80 | Loss: 1.5339 | Correct: 57/128 | Elapsed Time: 13.10s
2026-02-09 07:25:38,484 | INFO | Batch 90 | Loss: 1.5422 | Correct: 55/128 | Elapsed Time: 13.26s
2026-02-09 07:25:51,738 | INFO | Batch 100 | Loss: 1.5590 | Correct: 52/128 | Elapsed Time: 13.25s
2026-02-09 07:26:05,847 | INFO | Batch 110 | Loss: 1.5590 | Correct: 56/128 | Elapsed Time: 14.11s
2026-02-09 07:26:19,138 | INFO | Batch 120 | Loss: 1.1957 | Correct: 73/128 | Elapsed Time: 13.29s
2026-02-09 07:26:32,423 | INFO | Batch 130 | Loss: 1.4848 | Correct: 59/128 | Elapsed Time: 13.29s
2026-02-09 07:26:45,686 | INFO | Batch 140 | Loss: 1.5010 | Correct: 59/128 | Elapsed Time: 13.26s
2026-02-09 07:26:58,848 | INFO | Batch 150 | Loss: 1.5174 | Correct: 57/128 | Elapsed Time: 13.16s
2026-02-09 07:27:12,262 | INFO | Batch 160 | Loss: 1.4066 | Correct: 61/128 | Elapsed Time: 13.41s
2026-02-09 07:27:25,618 | INFO | Batch 170 | Loss: 1.4219 | Correct: 61/128 | Elapsed Time: 13.36s
2026-02-09 07:27:38,689 | INFO | Batch 180 | Loss: 1.5174 | Correct: 53/128 | Elapsed Time: 13.07s
2026-02-09 07:27:52,092 | INFO | Batch 190 | Loss: 1.4374 | Correct: 64/128 | Elapsed Time: 13.40s
2026-02-09 07:28:05,477 | INFO | Batch 200 | Loss: 1.6192 | Correct: 58/128 | Elapsed Time: 13.38s
2026-02-09 07:28:18,581 | INFO | Batch 210 | Loss: 1.4066 | Correct: 60/128 | Elapsed Time: 13.10s
2026-02-09 07:28:31,937 | INFO | Batch 220 | Loss: 1.5339 | Correct: 56/128 | Elapsed Time: 13.36s
2026-02-09 07:28:45,178 | INFO | Batch 230 | Loss: 1.4530 | Correct: 60/128 | Elapsed Time: 13.24s
2026-02-09 07:28:58,317 | INFO | Batch 240 | Loss: 1.3616 | Correct: 60/128 | Elapsed Time: 13.14s
2026-02-09 07:29:11,653 | INFO | Batch 250 | Loss: 1.4609 | Correct: 56/128 | Elapsed Time: 13.34s
2026-02-09 07:29:24,796 | INFO | Batch 260 | Loss: 1.4452 | Correct: 64/128 | Elapsed Time: 13.14s
2026-02-09 07:29:37,925 | INFO | Batch 270 | Loss: 1.4609 | Correct: 59/128 | Elapsed Time: 13.13s
2026-02-09 07:29:51,161 | INFO | Batch 280 | Loss: 1.5590 | Correct: 55/128 | Elapsed Time: 13.24s
2026-02-09 07:30:04,516 | INFO | Batch 290 | Loss: 1.4929 | Correct: 57/128 | Elapsed Time: 13.36s
2026-02-09 07:30:17,620 | INFO | Batch 300 | Loss: 1.4066 | Correct: 63/128 | Elapsed Time: 13.10s
2026-02-09 07:30:30,987 | INFO | Batch 310 | Loss: 1.4142 | Correct: 62/128 | Elapsed Time: 13.37s
2026-02-09 07:30:44,362 | INFO | Batch 320 | Loss: 1.2898 | Correct: 69/128 | Elapsed Time: 13.38s
2026-02-09 07:30:57,580 | INFO | Batch 330 | Loss: 1.3764 | Correct: 63/128 | Elapsed Time: 13.22s
2026-02-09 07:31:10,849 | INFO | Batch 340 | Loss: 1.3990 | Correct: 61/128 | Elapsed Time: 13.27s
2026-02-09 07:31:24,168 | INFO | Batch 350 | Loss: 1.4768 | Correct: 61/128 | Elapsed Time: 13.32s
2026-02-09 07:31:37,502 | INFO | Batch 360 | Loss: 1.3914 | Correct: 67/128 | Elapsed Time: 13.33s
2026-02-09 07:31:50,536 | INFO | Batch 370 | Loss: 1.4296 | Correct: 67/128 | Elapsed Time: 13.03s
2026-02-09 07:32:03,757 | INFO | Batch 380 | Loss: 1.3252 | Correct: 73/128 | Elapsed Time: 13.22s
2026-02-09 07:32:16,916 | INFO | Batch 390 | Loss: 1.3990 | Correct: 58/128 | Elapsed Time: 13.16s
2026-02-09 07:32:17,949 | INFO | Epoch [47/100] - Loss: 1.4899 | Correct: 23159/50000 (46.32%, 518.43s)
2026-02-09 07:33:04,873 | INFO | Validation - Loss: 1.3238 | Correct: 5232/10000 (52.32%) (46.92s)
2026-02-09 07:33:18,012 | INFO | Batch 10 | Loss: 1.2554 | Correct: 69/128 | Elapsed Time: 13.14s
2026-02-09 07:33:31,349 | INFO | Batch 20 | Loss: 1.2898 | Correct: 70/128 | Elapsed Time: 13.34s
2026-02-09 07:33:44,495 | INFO | Batch 30 | Loss: 1.3914 | Correct: 69/128 | Elapsed Time: 13.15s
2026-02-09 07:33:57,578 | INFO | Batch 40 | Loss: 1.3397 | Correct: 74/128 | Elapsed Time: 13.08s
2026-02-09 07:34:10,935 | INFO | Batch 50 | Loss: 1.3469 | Correct: 62/128 | Elapsed Time: 13.36s
2026-02-09 07:34:24,251 | INFO | Batch 60 | Loss: 1.2285 | Correct: 69/128 | Elapsed Time: 13.32s
2026-02-09 07:34:37,400 | INFO | Batch 70 | Loss: 1.4609 | Correct: 61/128 | Elapsed Time: 13.15s
2026-02-09 07:34:50,720 | INFO | Batch 80 | Loss: 1.2691 | Correct: 67/128 | Elapsed Time: 13.32s
2026-02-09 07:35:03,958 | INFO | Batch 90 | Loss: 1.4219 | Correct: 62/128 | Elapsed Time: 13.24s
2026-02-09 07:35:17,169 | INFO | Batch 100 | Loss: 1.4929 | Correct: 64/128 | Elapsed Time: 13.21s
2026-02-09 07:35:30,580 | INFO | Batch 110 | Loss: 1.2022 | Correct: 74/128 | Elapsed Time: 13.41s
2026-02-09 07:35:43,841 | INFO | Batch 120 | Loss: 1.4219 | Correct: 62/128 | Elapsed Time: 13.26s
2026-02-09 07:35:57,036 | INFO | Batch 130 | Loss: 1.3543 | Correct: 66/128 | Elapsed Time: 13.20s
2026-02-09 07:36:10,818 | INFO | Batch 140 | Loss: 1.2759 | Correct: 72/128 | Elapsed Time: 13.78s
2026-02-09 07:36:24,033 | INFO | Batch 150 | Loss: 1.3764 | Correct: 65/128 | Elapsed Time: 13.21s
2026-02-09 07:36:37,190 | INFO | Batch 160 | Loss: 1.1892 | Correct: 78/128 | Elapsed Time: 13.16s
2026-02-09 07:36:50,475 | INFO | Batch 170 | Loss: 1.3764 | Correct: 60/128 | Elapsed Time: 13.29s
2026-02-09 07:37:03,790 | INFO | Batch 180 | Loss: 1.3397 | Correct: 61/128 | Elapsed Time: 13.32s
2026-02-09 07:37:16,889 | INFO | Batch 190 | Loss: 1.1144 | Correct: 75/128 | Elapsed Time: 13.10s
2026-02-09 07:37:30,131 | INFO | Batch 200 | Loss: 1.3397 | Correct: 67/128 | Elapsed Time: 13.24s
2026-02-09 07:37:43,489 | INFO | Batch 210 | Loss: 1.2419 | Correct: 78/128 | Elapsed Time: 13.36s
2026-02-09 07:37:56,701 | INFO | Batch 220 | Loss: 1.2829 | Correct: 69/128 | Elapsed Time: 13.21s
2026-02-09 07:38:09,887 | INFO | Batch 230 | Loss: 1.3469 | Correct: 62/128 | Elapsed Time: 13.19s
2026-02-09 07:38:23,036 | INFO | Batch 240 | Loss: 1.1637 | Correct: 74/128 | Elapsed Time: 13.15s
2026-02-09 07:38:36,232 | INFO | Batch 250 | Loss: 1.3110 | Correct: 65/128 | Elapsed Time: 13.20s
2026-02-09 07:38:49,416 | INFO | Batch 260 | Loss: 1.1764 | Correct: 73/128 | Elapsed Time: 13.18s
2026-02-09 07:39:02,661 | INFO | Batch 270 | Loss: 1.4609 | Correct: 60/128 | Elapsed Time: 13.25s
2026-02-09 07:39:15,988 | INFO | Batch 280 | Loss: 1.2486 | Correct: 73/128 | Elapsed Time: 13.33s
2026-02-09 07:39:29,077 | INFO | Batch 290 | Loss: 1.3181 | Correct: 71/128 | Elapsed Time: 13.09s
2026-02-09 07:39:42,323 | INFO | Batch 300 | Loss: 1.2829 | Correct: 69/128 | Elapsed Time: 13.25s
2026-02-09 07:39:55,650 | INFO | Batch 310 | Loss: 1.3469 | Correct: 66/128 | Elapsed Time: 13.33s
2026-02-09 07:40:08,861 | INFO | Batch 320 | Loss: 1.3397 | Correct: 67/128 | Elapsed Time: 13.21s
2026-02-09 07:40:22,164 | INFO | Batch 330 | Loss: 1.2152 | Correct: 69/128 | Elapsed Time: 13.30s
2026-02-09 07:40:35,406 | INFO | Batch 340 | Loss: 1.2968 | Correct: 64/128 | Elapsed Time: 13.24s
2026-02-09 07:40:48,622 | INFO | Batch 350 | Loss: 1.1574 | Correct: 71/128 | Elapsed Time: 13.22s
2026-02-09 07:41:01,868 | INFO | Batch 360 | Loss: 1.3252 | Correct: 68/128 | Elapsed Time: 13.25s
2026-02-09 07:41:15,162 | INFO | Batch 370 | Loss: 1.1892 | Correct: 76/128 | Elapsed Time: 13.29s
2026-02-09 07:41:28,288 | INFO | Batch 380 | Loss: 1.3397 | Correct: 75/128 | Elapsed Time: 13.13s
2026-02-09 07:41:41,489 | INFO | Batch 390 | Loss: 1.1450 | Correct: 75/128 | Elapsed Time: 13.20s
2026-02-09 07:41:42,552 | INFO | Epoch [48/100] - Loss: 1.2901 | Correct: 26840/50000 (53.68%, 517.68s)
2026-02-09 07:42:29,155 | INFO | Validation - Loss: 1.2884 | Correct: 5408/10000 (54.08%) (46.60s)
2026-02-09 07:42:42,316 | INFO | Batch 10 | Loss: 1.3397 | Correct: 66/128 | Elapsed Time: 13.16s
2026-02-09 07:42:55,469 | INFO | Batch 20 | Loss: 1.3181 | Correct: 68/128 | Elapsed Time: 13.15s
2026-02-09 07:43:08,584 | INFO | Batch 30 | Loss: 1.2285 | Correct: 75/128 | Elapsed Time: 13.11s
2026-02-09 07:43:21,755 | INFO | Batch 40 | Loss: 1.1700 | Correct: 62/128 | Elapsed Time: 13.17s
2026-02-09 07:43:34,953 | INFO | Batch 50 | Loss: 1.1637 | Correct: 70/128 | Elapsed Time: 13.20s
2026-02-09 07:43:47,982 | INFO | Batch 60 | Loss: 1.2486 | Correct: 66/128 | Elapsed Time: 13.03s
2026-02-09 07:44:01,244 | INFO | Batch 70 | Loss: 1.5506 | Correct: 52/128 | Elapsed Time: 13.26s
2026-02-09 07:44:14,496 | INFO | Batch 80 | Loss: 1.5590 | Correct: 54/128 | Elapsed Time: 13.25s
2026-02-09 07:44:27,627 | INFO | Batch 90 | Loss: 1.4929 | Correct: 55/128 | Elapsed Time: 13.13s
2026-02-09 07:44:40,837 | INFO | Batch 100 | Loss: 1.5174 | Correct: 65/128 | Elapsed Time: 13.21s
2026-02-09 07:44:54,030 | INFO | Batch 110 | Loss: 1.4689 | Correct: 48/128 | Elapsed Time: 13.19s
2026-02-09 07:45:07,273 | INFO | Batch 120 | Loss: 1.2968 | Correct: 74/128 | Elapsed Time: 13.24s
2026-02-09 07:45:20,655 | INFO | Batch 130 | Loss: 1.4296 | Correct: 64/128 | Elapsed Time: 13.38s
2026-02-09 07:45:33,896 | INFO | Batch 140 | Loss: 1.4609 | Correct: 61/128 | Elapsed Time: 13.24s
2026-02-09 07:45:47,076 | INFO | Batch 150 | Loss: 1.3990 | Correct: 66/128 | Elapsed Time: 13.18s
2026-02-09 07:46:00,484 | INFO | Batch 160 | Loss: 1.3469 | Correct: 62/128 | Elapsed Time: 13.41s
2026-02-09 07:46:14,372 | INFO | Batch 170 | Loss: 1.5845 | Correct: 56/128 | Elapsed Time: 13.89s
2026-02-09 07:46:27,511 | INFO | Batch 180 | Loss: 1.6818 | Correct: 53/128 | Elapsed Time: 13.14s
2026-02-09 07:46:40,816 | INFO | Batch 190 | Loss: 1.6369 | Correct: 59/128 | Elapsed Time: 13.30s
2026-02-09 07:46:54,139 | INFO | Batch 200 | Loss: 1.6547 | Correct: 52/128 | Elapsed Time: 13.32s
2026-02-09 07:47:07,303 | INFO | Batch 210 | Loss: 1.5931 | Correct: 47/128 | Elapsed Time: 13.16s
2026-02-09 07:47:20,546 | INFO | Batch 220 | Loss: 1.6280 | Correct: 59/128 | Elapsed Time: 13.24s
2026-02-09 07:47:33,851 | INFO | Batch 230 | Loss: 1.5590 | Correct: 58/128 | Elapsed Time: 13.31s
2026-02-09 07:47:47,011 | INFO | Batch 240 | Loss: 1.5590 | Correct: 56/128 | Elapsed Time: 13.16s
2026-02-09 07:48:00,257 | INFO | Batch 250 | Loss: 1.7093 | Correct: 54/128 | Elapsed Time: 13.25s
2026-02-09 07:48:13,591 | INFO | Batch 260 | Loss: 1.3839 | Correct: 63/128 | Elapsed Time: 13.33s
2026-02-09 07:48:26,757 | INFO | Batch 270 | Loss: 1.7563 | Correct: 49/128 | Elapsed Time: 13.17s
2026-02-09 07:48:39,979 | INFO | Batch 280 | Loss: 1.5339 | Correct: 65/128 | Elapsed Time: 13.22s
2026-02-09 07:48:53,279 | INFO | Batch 290 | Loss: 1.4689 | Correct: 59/128 | Elapsed Time: 13.30s
2026-02-09 07:49:06,601 | INFO | Batch 300 | Loss: 1.6018 | Correct: 56/128 | Elapsed Time: 13.32s
2026-02-09 07:49:19,595 | INFO | Batch 310 | Loss: 1.6192 | Correct: 51/128 | Elapsed Time: 12.99s
2026-02-09 07:49:32,856 | INFO | Batch 320 | Loss: 1.4374 | Correct: 69/128 | Elapsed Time: 13.26s
2026-02-09 07:49:46,009 | INFO | Batch 330 | Loss: 1.5256 | Correct: 60/128 | Elapsed Time: 13.15s
2026-02-09 07:49:59,073 | INFO | Batch 340 | Loss: 1.4530 | Correct: 63/128 | Elapsed Time: 13.06s
2026-02-09 07:50:12,347 | INFO | Batch 350 | Loss: 1.4452 | Correct: 64/128 | Elapsed Time: 13.27s
2026-02-09 07:50:25,686 | INFO | Batch 360 | Loss: 1.5590 | Correct: 60/128 | Elapsed Time: 13.34s
2026-02-09 07:50:38,946 | INFO | Batch 370 | Loss: 1.4452 | Correct: 56/128 | Elapsed Time: 13.26s
2026-02-09 07:50:52,242 | INFO | Batch 380 | Loss: 1.4142 | Correct: 66/128 | Elapsed Time: 13.30s
2026-02-09 07:51:05,681 | INFO | Batch 390 | Loss: 1.4609 | Correct: 61/128 | Elapsed Time: 13.44s
2026-02-09 07:51:06,760 | INFO | Epoch [49/100] - Loss: 1.4817 | Correct: 23360/50000 (46.72%, 517.60s)
2026-02-09 07:51:53,579 | INFO | Validation - Loss: 1.4084 | Correct: 4927/10000 (49.27%) (46.82s)
2026-02-09 07:52:07,109 | INFO | Batch 10 | Loss: 1.3469 | Correct: 62/128 | Elapsed Time: 13.53s
2026-02-09 07:52:20,330 | INFO | Batch 20 | Loss: 1.3324 | Correct: 68/128 | Elapsed Time: 13.22s
2026-02-09 07:52:33,596 | INFO | Batch 30 | Loss: 1.4609 | Correct: 63/128 | Elapsed Time: 13.27s
2026-02-09 07:52:46,863 | INFO | Batch 40 | Loss: 1.5760 | Correct: 58/128 | Elapsed Time: 13.27s
2026-02-09 07:53:00,115 | INFO | Batch 50 | Loss: 1.4296 | Correct: 64/128 | Elapsed Time: 13.25s
2026-02-09 07:53:13,611 | INFO | Batch 60 | Loss: 1.2968 | Correct: 69/128 | Elapsed Time: 13.50s
2026-02-09 07:53:26,839 | INFO | Batch 70 | Loss: 1.3543 | Correct: 66/128 | Elapsed Time: 13.23s
2026-02-09 07:53:39,983 | INFO | Batch 80 | Loss: 1.4689 | Correct: 64/128 | Elapsed Time: 13.14s
2026-02-09 07:53:53,189 | INFO | Batch 90 | Loss: 1.4374 | Correct: 66/128 | Elapsed Time: 13.21s
2026-02-09 07:54:06,464 | INFO | Batch 100 | Loss: 1.3990 | Correct: 66/128 | Elapsed Time: 13.28s
2026-02-09 07:54:19,685 | INFO | Batch 110 | Loss: 1.1828 | Correct: 72/128 | Elapsed Time: 13.22s
2026-02-09 07:54:32,907 | INFO | Batch 120 | Loss: 1.2218 | Correct: 71/128 | Elapsed Time: 13.22s
2026-02-09 07:54:46,230 | INFO | Batch 130 | Loss: 1.1700 | Correct: 78/128 | Elapsed Time: 13.32s
2026-02-09 07:54:59,293 | INFO | Batch 140 | Loss: 1.2419 | Correct: 75/128 | Elapsed Time: 13.06s
2026-02-09 07:55:12,591 | INFO | Batch 150 | Loss: 1.3252 | Correct: 68/128 | Elapsed Time: 13.30s
2026-02-09 07:55:25,942 | INFO | Batch 160 | Loss: 1.2968 | Correct: 73/128 | Elapsed Time: 13.35s
2026-02-09 07:55:39,115 | INFO | Batch 170 | Loss: 1.3181 | Correct: 67/128 | Elapsed Time: 13.17s
2026-02-09 07:55:52,393 | INFO | Batch 180 | Loss: 1.3990 | Correct: 64/128 | Elapsed Time: 13.28s
2026-02-09 07:56:06,594 | INFO | Batch 190 | Loss: 1.2759 | Correct: 69/128 | Elapsed Time: 14.20s
2026-02-09 07:56:19,946 | INFO | Batch 200 | Loss: 1.4219 | Correct: 58/128 | Elapsed Time: 13.35s
2026-02-09 07:56:33,158 | INFO | Batch 210 | Loss: 1.4066 | Correct: 62/128 | Elapsed Time: 13.21s
2026-02-09 07:56:46,525 | INFO | Batch 220 | Loss: 1.5339 | Correct: 55/128 | Elapsed Time: 13.37s
2026-02-09 07:56:59,719 | INFO | Batch 230 | Loss: 1.3616 | Correct: 64/128 | Elapsed Time: 13.19s
2026-02-09 07:57:13,009 | INFO | Batch 240 | Loss: 1.4929 | Correct: 52/128 | Elapsed Time: 13.29s
2026-02-09 07:57:26,352 | INFO | Batch 250 | Loss: 1.4296 | Correct: 61/128 | Elapsed Time: 13.34s
2026-02-09 07:57:39,717 | INFO | Batch 260 | Loss: 1.2352 | Correct: 70/128 | Elapsed Time: 13.37s
2026-02-09 07:57:52,809 | INFO | Batch 270 | Loss: 1.3324 | Correct: 63/128 | Elapsed Time: 13.09s
2026-02-09 07:58:06,233 | INFO | Batch 280 | Loss: 1.3914 | Correct: 65/128 | Elapsed Time: 13.42s
2026-02-09 07:58:19,402 | INFO | Batch 290 | Loss: 1.2218 | Correct: 73/128 | Elapsed Time: 13.17s
2026-02-09 07:58:32,525 | INFO | Batch 300 | Loss: 1.2968 | Correct: 74/128 | Elapsed Time: 13.12s
2026-02-09 07:58:45,801 | INFO | Batch 310 | Loss: 1.3181 | Correct: 72/128 | Elapsed Time: 13.28s
2026-02-09 07:58:59,103 | INFO | Batch 320 | Loss: 1.4609 | Correct: 55/128 | Elapsed Time: 13.30s
2026-02-09 07:59:12,329 | INFO | Batch 330 | Loss: 1.5010 | Correct: 65/128 | Elapsed Time: 13.23s
2026-02-09 07:59:25,561 | INFO | Batch 340 | Loss: 1.5256 | Correct: 62/128 | Elapsed Time: 13.23s
2026-02-09 07:59:38,909 | INFO | Batch 350 | Loss: 1.4219 | Correct: 58/128 | Elapsed Time: 13.35s
2026-02-09 07:59:52,091 | INFO | Batch 360 | Loss: 1.2554 | Correct: 67/128 | Elapsed Time: 13.18s
2026-02-09 08:00:05,916 | INFO | Batch 370 | Loss: 1.3839 | Correct: 73/128 | Elapsed Time: 13.82s
2026-02-09 08:00:19,241 | INFO | Batch 380 | Loss: 1.3252 | Correct: 66/128 | Elapsed Time: 13.32s
2026-02-09 08:00:32,435 | INFO | Batch 390 | Loss: 1.2622 | Correct: 69/128 | Elapsed Time: 13.19s
2026-02-09 08:00:33,509 | INFO | Epoch [50/100] - Loss: 1.3862 | Correct: 25255/50000 (50.51%, 519.93s)
2026-02-09 08:01:20,830 | INFO | Validation - Loss: 1.3630 | Correct: 5111/10000 (51.11%) (47.32s)
2026-02-09 08:01:34,025 | INFO | Batch 10 | Loss: 1.3616 | Correct: 64/128 | Elapsed Time: 13.19s
2026-02-09 08:01:47,475 | INFO | Batch 20 | Loss: 1.3181 | Correct: 73/128 | Elapsed Time: 13.45s
2026-02-09 08:02:00,845 | INFO | Batch 30 | Loss: 1.2898 | Correct: 70/128 | Elapsed Time: 13.37s
2026-02-09 08:02:14,107 | INFO | Batch 40 | Loss: 1.3990 | Correct: 65/128 | Elapsed Time: 13.26s
2026-02-09 08:02:27,439 | INFO | Batch 50 | Loss: 1.2691 | Correct: 73/128 | Elapsed Time: 13.33s
2026-02-09 08:02:40,761 | INFO | Batch 60 | Loss: 1.1204 | Correct: 79/128 | Elapsed Time: 13.32s
2026-02-09 08:02:54,021 | INFO | Batch 70 | Loss: 1.2829 | Correct: 69/128 | Elapsed Time: 13.26s
2026-02-09 08:03:07,386 | INFO | Batch 80 | Loss: 1.3397 | Correct: 64/128 | Elapsed Time: 13.36s
2026-02-09 08:03:20,626 | INFO | Batch 90 | Loss: 1.3039 | Correct: 71/128 | Elapsed Time: 13.24s
2026-02-09 08:03:33,770 | INFO | Batch 100 | Loss: 1.2968 | Correct: 68/128 | Elapsed Time: 13.14s
2026-02-09 08:03:47,045 | INFO | Batch 110 | Loss: 1.1828 | Correct: 75/128 | Elapsed Time: 13.27s
2026-02-09 08:04:00,416 | INFO | Batch 120 | Loss: 1.3914 | Correct: 63/128 | Elapsed Time: 13.37s
2026-02-09 08:04:13,656 | INFO | Batch 130 | Loss: 1.1204 | Correct: 73/128 | Elapsed Time: 13.24s
2026-02-09 08:04:26,943 | INFO | Batch 140 | Loss: 1.2352 | Correct: 72/128 | Elapsed Time: 13.29s
2026-02-09 08:04:40,247 | INFO | Batch 150 | Loss: 1.2691 | Correct: 66/128 | Elapsed Time: 13.30s
2026-02-09 08:04:53,573 | INFO | Batch 160 | Loss: 1.3110 | Correct: 63/128 | Elapsed Time: 13.33s
2026-02-09 08:05:07,026 | INFO | Batch 170 | Loss: 1.2968 | Correct: 68/128 | Elapsed Time: 13.45s
2026-02-09 08:05:20,321 | INFO | Batch 180 | Loss: 1.3252 | Correct: 68/128 | Elapsed Time: 13.29s
2026-02-09 08:05:33,689 | INFO | Batch 190 | Loss: 1.2554 | Correct: 67/128 | Elapsed Time: 13.37s
2026-02-09 08:05:46,907 | INFO | Batch 200 | Loss: 1.3543 | Correct: 70/128 | Elapsed Time: 13.22s
2026-02-09 08:06:00,330 | INFO | Batch 210 | Loss: 1.2352 | Correct: 75/128 | Elapsed Time: 13.42s
2026-02-09 08:06:14,342 | INFO | Batch 220 | Loss: 1.3181 | Correct: 72/128 | Elapsed Time: 14.01s
2026-02-09 08:06:27,586 | INFO | Batch 230 | Loss: 1.2022 | Correct: 71/128 | Elapsed Time: 13.24s
2026-02-09 08:06:40,873 | INFO | Batch 240 | Loss: 1.2898 | Correct: 73/128 | Elapsed Time: 13.29s
2026-02-09 08:06:54,127 | INFO | Batch 250 | Loss: 1.2352 | Correct: 74/128 | Elapsed Time: 13.25s
2026-02-09 08:07:07,395 | INFO | Batch 260 | Loss: 1.3914 | Correct: 64/128 | Elapsed Time: 13.27s
2026-02-09 08:07:20,784 | INFO | Batch 270 | Loss: 1.4530 | Correct: 60/128 | Elapsed Time: 13.39s
2026-02-09 08:07:34,102 | INFO | Batch 280 | Loss: 1.2218 | Correct: 70/128 | Elapsed Time: 13.32s
2026-02-09 08:07:47,362 | INFO | Batch 290 | Loss: 1.3616 | Correct: 66/128 | Elapsed Time: 13.26s
2026-02-09 08:08:00,637 | INFO | Batch 300 | Loss: 1.1512 | Correct: 76/128 | Elapsed Time: 13.28s
2026-02-09 08:08:14,136 | INFO | Batch 310 | Loss: 1.3839 | Correct: 68/128 | Elapsed Time: 13.50s
2026-02-09 08:08:27,315 | INFO | Batch 320 | Loss: 1.2152 | Correct: 72/128 | Elapsed Time: 13.18s
2026-02-09 08:08:40,647 | INFO | Batch 330 | Loss: 1.2022 | Correct: 79/128 | Elapsed Time: 13.33s
2026-02-09 08:08:53,936 | INFO | Batch 340 | Loss: 1.4374 | Correct: 58/128 | Elapsed Time: 13.29s
2026-02-09 08:09:07,151 | INFO | Batch 350 | Loss: 1.2218 | Correct: 69/128 | Elapsed Time: 13.22s
2026-02-09 08:09:20,451 | INFO | Batch 360 | Loss: 1.2285 | Correct: 76/128 | Elapsed Time: 13.30s
2026-02-09 08:09:33,706 | INFO | Batch 370 | Loss: 1.1326 | Correct: 73/128 | Elapsed Time: 13.26s
2026-02-09 08:09:46,893 | INFO | Batch 380 | Loss: 1.2898 | Correct: 80/128 | Elapsed Time: 13.19s
2026-02-09 08:10:00,157 | INFO | Batch 390 | Loss: 1.2759 | Correct: 68/128 | Elapsed Time: 13.26s
2026-02-09 08:10:01,236 | INFO | Epoch [51/100] - Loss: 1.2980 | Correct: 26740/50000 (53.48%, 520.40s)
2026-02-09 08:10:48,482 | INFO | Validation - Loss: 1.2844 | Correct: 5398/10000 (53.98%) (47.25s)
2026-02-09 08:11:01,805 | INFO | Batch 10 | Loss: 1.2554 | Correct: 67/128 | Elapsed Time: 13.32s
2026-02-09 08:11:15,236 | INFO | Batch 20 | Loss: 1.3543 | Correct: 62/128 | Elapsed Time: 13.43s
2026-02-09 08:11:28,439 | INFO | Batch 30 | Loss: 1.3690 | Correct: 60/128 | Elapsed Time: 13.20s
2026-02-09 08:11:41,726 | INFO | Batch 40 | Loss: 1.3543 | Correct: 61/128 | Elapsed Time: 13.29s
2026-02-09 08:11:55,139 | INFO | Batch 50 | Loss: 1.1828 | Correct: 74/128 | Elapsed Time: 13.41s
2026-02-09 08:12:08,310 | INFO | Batch 60 | Loss: 1.2898 | Correct: 60/128 | Elapsed Time: 13.17s
2026-02-09 08:12:21,709 | INFO | Batch 70 | Loss: 1.2152 | Correct: 77/128 | Elapsed Time: 13.40s
2026-02-09 08:12:35,050 | INFO | Batch 80 | Loss: 1.2285 | Correct: 75/128 | Elapsed Time: 13.34s
2026-02-09 08:12:48,266 | INFO | Batch 90 | Loss: 1.2022 | Correct: 71/128 | Elapsed Time: 13.22s
2026-02-09 08:13:01,729 | INFO | Batch 100 | Loss: 1.1574 | Correct: 82/128 | Elapsed Time: 13.46s
2026-02-09 08:13:15,103 | INFO | Batch 110 | Loss: 1.0729 | Correct: 78/128 | Elapsed Time: 13.37s
2026-02-09 08:13:28,218 | INFO | Batch 120 | Loss: 1.2352 | Correct: 70/128 | Elapsed Time: 13.11s
2026-02-09 08:13:41,639 | INFO | Batch 130 | Loss: 1.2829 | Correct: 67/128 | Elapsed Time: 13.42s
2026-02-09 08:13:54,548 | INFO | Batch 140 | Loss: 1.2022 | Correct: 72/128 | Elapsed Time: 12.91s
2026-02-09 08:14:07,285 | INFO | Batch 150 | Loss: 1.1326 | Correct: 78/128 | Elapsed Time: 12.74s
2026-02-09 08:14:20,193 | INFO | Batch 160 | Loss: 1.2759 | Correct: 66/128 | Elapsed Time: 12.91s
2026-02-09 08:14:33,518 | INFO | Batch 170 | Loss: 1.4296 | Correct: 66/128 | Elapsed Time: 13.32s
2026-02-09 08:14:46,721 | INFO | Batch 180 | Loss: 1.0964 | Correct: 79/128 | Elapsed Time: 13.20s
2026-02-09 08:14:59,991 | INFO | Batch 190 | Loss: 1.1637 | Correct: 72/128 | Elapsed Time: 13.27s
2026-02-09 08:15:13,346 | INFO | Batch 200 | Loss: 1.1637 | Correct: 72/128 | Elapsed Time: 13.35s
2026-02-09 08:15:26,596 | INFO | Batch 210 | Loss: 1.0905 | Correct: 80/128 | Elapsed Time: 13.25s
2026-02-09 08:15:39,949 | INFO | Batch 220 | Loss: 1.2022 | Correct: 60/128 | Elapsed Time: 13.35s
2026-02-09 08:15:53,283 | INFO | Batch 230 | Loss: 1.3764 | Correct: 61/128 | Elapsed Time: 13.33s
2026-02-09 08:16:07,338 | INFO | Batch 240 | Loss: 1.1892 | Correct: 66/128 | Elapsed Time: 14.05s
2026-02-09 08:16:20,743 | INFO | Batch 250 | Loss: 1.3324 | Correct: 68/128 | Elapsed Time: 13.40s
2026-02-09 08:16:34,282 | INFO | Batch 260 | Loss: 1.3039 | Correct: 66/128 | Elapsed Time: 13.54s
2026-02-09 08:16:47,619 | INFO | Batch 270 | Loss: 1.3039 | Correct: 64/128 | Elapsed Time: 13.34s
2026-02-09 08:17:00,877 | INFO | Batch 280 | Loss: 1.3690 | Correct: 61/128 | Elapsed Time: 13.26s
2026-02-09 08:17:14,255 | INFO | Batch 290 | Loss: 1.4219 | Correct: 60/128 | Elapsed Time: 13.38s
2026-02-09 08:17:27,592 | INFO | Batch 300 | Loss: 1.3181 | Correct: 66/128 | Elapsed Time: 13.34s
2026-02-09 08:17:40,693 | INFO | Batch 310 | Loss: 1.2352 | Correct: 70/128 | Elapsed Time: 13.10s
2026-02-09 08:17:54,035 | INFO | Batch 320 | Loss: 1.2352 | Correct: 69/128 | Elapsed Time: 13.34s
2026-02-09 08:18:07,515 | INFO | Batch 330 | Loss: 1.2759 | Correct: 68/128 | Elapsed Time: 13.48s
2026-02-09 08:18:20,817 | INFO | Batch 340 | Loss: 1.2622 | Correct: 73/128 | Elapsed Time: 13.30s
2026-02-09 08:18:34,122 | INFO | Batch 350 | Loss: 1.2968 | Correct: 71/128 | Elapsed Time: 13.31s
2026-02-09 08:18:47,486 | INFO | Batch 360 | Loss: 1.2691 | Correct: 73/128 | Elapsed Time: 13.36s
2026-02-09 08:19:00,797 | INFO | Batch 370 | Loss: 1.2759 | Correct: 69/128 | Elapsed Time: 13.31s
2026-02-09 08:19:14,083 | INFO | Batch 380 | Loss: 1.2218 | Correct: 78/128 | Elapsed Time: 13.29s
2026-02-09 08:19:27,423 | INFO | Batch 390 | Loss: 1.2759 | Correct: 64/128 | Elapsed Time: 13.34s
2026-02-09 08:19:28,468 | INFO | Epoch [52/100] - Loss: 1.2779 | Correct: 27143/50000 (54.29%, 519.98s)
2026-02-09 08:20:15,788 | INFO | Validation - Loss: 1.2545 | Correct: 5515/10000 (55.15%) (47.32s)
2026-02-09 08:20:28,925 | INFO | Batch 10 | Loss: 1.2691 | Correct: 69/128 | Elapsed Time: 13.13s
2026-02-09 08:20:42,163 | INFO | Batch 20 | Loss: 1.3110 | Correct: 72/128 | Elapsed Time: 13.24s
2026-02-09 08:20:55,451 | INFO | Batch 30 | Loss: 1.2218 | Correct: 74/128 | Elapsed Time: 13.29s
2026-02-09 08:21:08,926 | INFO | Batch 40 | Loss: 1.2218 | Correct: 71/128 | Elapsed Time: 13.47s
2026-02-09 08:21:22,107 | INFO | Batch 50 | Loss: 1.3324 | Correct: 71/128 | Elapsed Time: 13.18s
2026-02-09 08:21:35,459 | INFO | Batch 60 | Loss: 1.1450 | Correct: 76/128 | Elapsed Time: 13.35s
2026-02-09 08:21:48,762 | INFO | Batch 70 | Loss: 1.3039 | Correct: 72/128 | Elapsed Time: 13.30s
2026-02-09 08:22:02,057 | INFO | Batch 80 | Loss: 1.2968 | Correct: 69/128 | Elapsed Time: 13.29s
2026-02-09 08:22:15,452 | INFO | Batch 90 | Loss: 1.3110 | Correct: 64/128 | Elapsed Time: 13.39s
2026-02-09 08:22:28,731 | INFO | Batch 100 | Loss: 1.1764 | Correct: 72/128 | Elapsed Time: 13.28s
2026-02-09 08:22:42,015 | INFO | Batch 110 | Loss: 1.1764 | Correct: 74/128 | Elapsed Time: 13.28s
2026-02-09 08:22:55,344 | INFO | Batch 120 | Loss: 1.2829 | Correct: 69/128 | Elapsed Time: 13.33s
2026-02-09 08:23:08,614 | INFO | Batch 130 | Loss: 1.2152 | Correct: 78/128 | Elapsed Time: 13.27s
2026-02-09 08:23:21,855 | INFO | Batch 140 | Loss: 1.3324 | Correct: 68/128 | Elapsed Time: 13.24s
2026-02-09 08:23:35,050 | INFO | Batch 150 | Loss: 1.1574 | Correct: 75/128 | Elapsed Time: 13.19s
2026-02-09 08:23:48,310 | INFO | Batch 160 | Loss: 1.1024 | Correct: 84/128 | Elapsed Time: 13.26s
2026-02-09 08:24:01,459 | INFO | Batch 170 | Loss: 1.2285 | Correct: 72/128 | Elapsed Time: 13.15s
2026-02-09 08:24:14,908 | INFO | Batch 180 | Loss: 1.1326 | Correct: 81/128 | Elapsed Time: 13.45s
2026-02-09 08:24:28,275 | INFO | Batch 190 | Loss: 1.1892 | Correct: 75/128 | Elapsed Time: 13.37s
2026-02-09 08:24:41,552 | INFO | Batch 200 | Loss: 1.2691 | Correct: 70/128 | Elapsed Time: 13.28s
2026-02-09 08:24:54,807 | INFO | Batch 210 | Loss: 1.3839 | Correct: 67/128 | Elapsed Time: 13.25s
2026-02-09 08:25:08,084 | INFO | Batch 220 | Loss: 1.2829 | Correct: 71/128 | Elapsed Time: 13.28s
2026-02-09 08:25:21,241 | INFO | Batch 230 | Loss: 1.2554 | Correct: 73/128 | Elapsed Time: 13.16s
2026-02-09 08:25:34,435 | INFO | Batch 240 | Loss: 1.2554 | Correct: 74/128 | Elapsed Time: 13.19s
2026-02-09 08:25:47,894 | INFO | Batch 250 | Loss: 1.2419 | Correct: 70/128 | Elapsed Time: 13.46s
2026-02-09 08:26:01,195 | INFO | Batch 260 | Loss: 1.2898 | Correct: 69/128 | Elapsed Time: 13.30s
2026-02-09 08:26:15,329 | INFO | Batch 270 | Loss: 1.3039 | Correct: 75/128 | Elapsed Time: 14.13s
2026-02-09 08:26:28,696 | INFO | Batch 280 | Loss: 1.1204 | Correct: 81/128 | Elapsed Time: 13.37s
2026-02-09 08:26:41,993 | INFO | Batch 290 | Loss: 1.3764 | Correct: 66/128 | Elapsed Time: 13.30s
2026-02-09 08:26:55,375 | INFO | Batch 300 | Loss: 1.2829 | Correct: 65/128 | Elapsed Time: 13.38s
2026-02-09 08:27:08,574 | INFO | Batch 310 | Loss: 1.1764 | Correct: 73/128 | Elapsed Time: 13.20s
2026-02-09 08:27:21,855 | INFO | Batch 320 | Loss: 1.3914 | Correct: 65/128 | Elapsed Time: 13.28s
2026-02-09 08:27:35,127 | INFO | Batch 330 | Loss: 1.1637 | Correct: 77/128 | Elapsed Time: 13.27s
2026-02-09 08:27:48,374 | INFO | Batch 340 | Loss: 1.1892 | Correct: 75/128 | Elapsed Time: 13.25s
2026-02-09 08:28:01,730 | INFO | Batch 350 | Loss: 1.2285 | Correct: 70/128 | Elapsed Time: 13.36s
2026-02-09 08:28:15,004 | INFO | Batch 360 | Loss: 1.3397 | Correct: 65/128 | Elapsed Time: 13.27s
2026-02-09 08:28:28,266 | INFO | Batch 370 | Loss: 1.3469 | Correct: 66/128 | Elapsed Time: 13.26s
2026-02-09 08:28:41,568 | INFO | Batch 380 | Loss: 1.4848 | Correct: 62/128 | Elapsed Time: 13.30s
2026-02-09 08:28:54,841 | INFO | Batch 390 | Loss: 1.2554 | Correct: 68/128 | Elapsed Time: 13.27s
2026-02-09 08:28:55,910 | INFO | Epoch [53/100] - Loss: 1.2673 | Correct: 27336/50000 (54.67%, 520.12s)
2026-02-09 08:29:43,618 | INFO | Validation - Loss: 1.2605 | Correct: 5456/10000 (54.56%) (47.71s)
2026-02-09 08:29:56,997 | INFO | Batch 10 | Loss: 1.2898 | Correct: 69/128 | Elapsed Time: 13.38s
2026-02-09 08:30:10,303 | INFO | Batch 20 | Loss: 1.3839 | Correct: 75/128 | Elapsed Time: 13.31s
2026-02-09 08:30:23,532 | INFO | Batch 30 | Loss: 1.4066 | Correct: 65/128 | Elapsed Time: 13.23s
2026-02-09 08:30:36,855 | INFO | Batch 40 | Loss: 1.0614 | Correct: 81/128 | Elapsed Time: 13.32s
2026-02-09 08:30:50,127 | INFO | Batch 50 | Loss: 1.3397 | Correct: 57/128 | Elapsed Time: 13.27s
2026-02-09 08:31:03,636 | INFO | Batch 60 | Loss: 1.1957 | Correct: 71/128 | Elapsed Time: 13.51s
2026-02-09 08:31:17,001 | INFO | Batch 70 | Loss: 1.2152 | Correct: 69/128 | Elapsed Time: 13.36s
2026-02-09 08:31:30,350 | INFO | Batch 80 | Loss: 1.2622 | Correct: 56/128 | Elapsed Time: 13.35s
2026-02-09 08:31:43,801 | INFO | Batch 90 | Loss: 1.2022 | Correct: 76/128 | Elapsed Time: 13.45s
2026-02-09 08:31:57,056 | INFO | Batch 100 | Loss: 1.1957 | Correct: 71/128 | Elapsed Time: 13.26s
2026-02-09 08:32:10,430 | INFO | Batch 110 | Loss: 1.2486 | Correct: 65/128 | Elapsed Time: 13.37s
2026-02-09 08:32:23,820 | INFO | Batch 120 | Loss: 1.4374 | Correct: 54/128 | Elapsed Time: 13.39s
2026-02-09 08:32:37,082 | INFO | Batch 130 | Loss: 1.1892 | Correct: 76/128 | Elapsed Time: 13.26s
2026-02-09 08:32:50,464 | INFO | Batch 140 | Loss: 1.1512 | Correct: 81/128 | Elapsed Time: 13.38s
2026-02-09 08:33:03,888 | INFO | Batch 150 | Loss: 1.2486 | Correct: 70/128 | Elapsed Time: 13.42s
2026-02-09 08:33:17,128 | INFO | Batch 160 | Loss: 1.1828 | Correct: 75/128 | Elapsed Time: 13.24s
2026-02-09 08:33:30,616 | INFO | Batch 170 | Loss: 1.3324 | Correct: 65/128 | Elapsed Time: 13.49s
2026-02-09 08:33:43,929 | INFO | Batch 180 | Loss: 1.3181 | Correct: 65/128 | Elapsed Time: 13.31s
2026-02-09 08:33:57,263 | INFO | Batch 190 | Loss: 1.0964 | Correct: 79/128 | Elapsed Time: 13.33s
2026-02-09 08:34:10,617 | INFO | Batch 200 | Loss: 1.1892 | Correct: 75/128 | Elapsed Time: 13.35s
2026-02-09 08:34:24,034 | INFO | Batch 210 | Loss: 1.2218 | Correct: 74/128 | Elapsed Time: 13.42s
2026-02-09 08:34:37,201 | INFO | Batch 220 | Loss: 1.2419 | Correct: 73/128 | Elapsed Time: 13.17s
2026-02-09 08:34:50,630 | INFO | Batch 230 | Loss: 1.2285 | Correct: 81/128 | Elapsed Time: 13.43s
2026-02-09 08:35:04,004 | INFO | Batch 240 | Loss: 1.1326 | Correct: 78/128 | Elapsed Time: 13.37s
2026-02-09 08:35:17,297 | INFO | Batch 250 | Loss: 1.0614 | Correct: 82/128 | Elapsed Time: 13.29s
2026-02-09 08:35:30,504 | INFO | Batch 260 | Loss: 1.2829 | Correct: 66/128 | Elapsed Time: 13.21s
2026-02-09 08:35:43,859 | INFO | Batch 270 | Loss: 1.4530 | Correct: 64/128 | Elapsed Time: 13.36s
2026-02-09 08:35:57,152 | INFO | Batch 280 | Loss: 1.1388 | Correct: 83/128 | Elapsed Time: 13.29s
2026-02-09 08:36:11,219 | INFO | Batch 290 | Loss: 1.3252 | Correct: 61/128 | Elapsed Time: 14.07s
2026-02-09 08:36:24,573 | INFO | Batch 300 | Loss: 1.3469 | Correct: 72/128 | Elapsed Time: 13.35s
2026-02-09 08:36:37,933 | INFO | Batch 310 | Loss: 1.2285 | Correct: 71/128 | Elapsed Time: 13.36s
2026-02-09 08:36:51,196 | INFO | Batch 320 | Loss: 1.4066 | Correct: 65/128 | Elapsed Time: 13.26s
2026-02-09 08:37:04,565 | INFO | Batch 330 | Loss: 1.4609 | Correct: 70/128 | Elapsed Time: 13.37s
2026-02-09 08:37:17,900 | INFO | Batch 340 | Loss: 1.3252 | Correct: 72/128 | Elapsed Time: 13.34s
2026-02-09 08:37:31,118 | INFO | Batch 350 | Loss: 1.2022 | Correct: 77/128 | Elapsed Time: 13.22s
2026-02-09 08:37:44,424 | INFO | Batch 360 | Loss: 1.2554 | Correct: 68/128 | Elapsed Time: 13.31s
2026-02-09 08:37:57,750 | INFO | Batch 370 | Loss: 1.3324 | Correct: 69/128 | Elapsed Time: 13.33s
2026-02-09 08:38:10,956 | INFO | Batch 380 | Loss: 1.2419 | Correct: 74/128 | Elapsed Time: 13.21s
2026-02-09 08:38:24,280 | INFO | Batch 390 | Loss: 1.2968 | Correct: 66/128 | Elapsed Time: 13.32s
2026-02-09 08:38:25,343 | INFO | Epoch [54/100] - Loss: 1.2610 | Correct: 27466/50000 (54.93%, 521.72s)
2026-02-09 08:39:12,607 | INFO | Validation - Loss: 1.2610 | Correct: 5482/10000 (54.82%) (47.26s)
2026-02-09 08:39:25,892 | INFO | Batch 10 | Loss: 1.3690 | Correct: 62/128 | Elapsed Time: 13.28s
2026-02-09 08:39:39,078 | INFO | Batch 20 | Loss: 1.3543 | Correct: 59/128 | Elapsed Time: 13.19s
2026-02-09 08:39:52,422 | INFO | Batch 30 | Loss: 1.1700 | Correct: 82/128 | Elapsed Time: 13.34s
2026-02-09 08:40:05,795 | INFO | Batch 40 | Loss: 1.1326 | Correct: 73/128 | Elapsed Time: 13.37s
2026-02-09 08:40:19,046 | INFO | Batch 50 | Loss: 1.1084 | Correct: 78/128 | Elapsed Time: 13.25s
2026-02-09 08:40:32,371 | INFO | Batch 60 | Loss: 1.4219 | Correct: 68/128 | Elapsed Time: 13.32s
2026-02-09 08:40:45,647 | INFO | Batch 70 | Loss: 1.3252 | Correct: 55/128 | Elapsed Time: 13.28s
2026-02-09 08:40:58,788 | INFO | Batch 80 | Loss: 1.1764 | Correct: 78/128 | Elapsed Time: 13.14s
2026-02-09 08:41:12,141 | INFO | Batch 90 | Loss: 1.3990 | Correct: 56/128 | Elapsed Time: 13.35s
2026-02-09 08:41:25,514 | INFO | Batch 100 | Loss: 1.1700 | Correct: 74/128 | Elapsed Time: 13.37s
2026-02-09 08:41:38,825 | INFO | Batch 110 | Loss: 1.4296 | Correct: 66/128 | Elapsed Time: 13.31s
2026-02-09 08:41:52,151 | INFO | Batch 120 | Loss: 1.3039 | Correct: 73/128 | Elapsed Time: 13.33s
2026-02-09 08:42:05,525 | INFO | Batch 130 | Loss: 1.2152 | Correct: 73/128 | Elapsed Time: 13.37s
2026-02-09 08:42:18,882 | INFO | Batch 140 | Loss: 1.2829 | Correct: 71/128 | Elapsed Time: 13.36s
2026-02-09 08:42:32,058 | INFO | Batch 150 | Loss: 1.1637 | Correct: 76/128 | Elapsed Time: 13.18s
2026-02-09 08:42:45,510 | INFO | Batch 160 | Loss: 1.2087 | Correct: 79/128 | Elapsed Time: 13.45s
2026-02-09 08:42:58,792 | INFO | Batch 170 | Loss: 1.0556 | Correct: 80/128 | Elapsed Time: 13.28s
2026-02-09 08:43:12,117 | INFO | Batch 180 | Loss: 1.1144 | Correct: 77/128 | Elapsed Time: 13.32s
2026-02-09 08:43:25,397 | INFO | Batch 190 | Loss: 1.2087 | Correct: 71/128 | Elapsed Time: 13.28s
2026-02-09 08:43:38,719 | INFO | Batch 200 | Loss: 1.3252 | Correct: 68/128 | Elapsed Time: 13.32s
2026-02-09 08:43:51,841 | INFO | Batch 210 | Loss: 1.3543 | Correct: 68/128 | Elapsed Time: 13.12s
2026-02-09 08:44:05,195 | INFO | Batch 220 | Loss: 1.2759 | Correct: 74/128 | Elapsed Time: 13.35s
2026-02-09 08:44:18,410 | INFO | Batch 230 | Loss: 1.2622 | Correct: 69/128 | Elapsed Time: 13.22s
2026-02-09 08:44:31,487 | INFO | Batch 240 | Loss: 1.3469 | Correct: 70/128 | Elapsed Time: 13.08s
2026-02-09 08:44:44,538 | INFO | Batch 250 | Loss: 1.2419 | Correct: 69/128 | Elapsed Time: 13.05s
2026-02-09 08:44:57,744 | INFO | Batch 260 | Loss: 1.2554 | Correct: 74/128 | Elapsed Time: 13.21s
2026-02-09 08:45:10,966 | INFO | Batch 270 | Loss: 1.3324 | Correct: 69/128 | Elapsed Time: 13.22s
2026-02-09 08:45:24,246 | INFO | Batch 280 | Loss: 1.3543 | Correct: 60/128 | Elapsed Time: 13.28s
2026-02-09 08:45:37,521 | INFO | Batch 290 | Loss: 1.4374 | Correct: 64/128 | Elapsed Time: 13.27s
2026-02-09 08:45:50,719 | INFO | Batch 300 | Loss: 1.2554 | Correct: 64/128 | Elapsed Time: 13.20s
2026-02-09 08:46:04,515 | INFO | Batch 310 | Loss: 1.4689 | Correct: 67/128 | Elapsed Time: 13.80s
2026-02-09 08:46:18,003 | INFO | Batch 320 | Loss: 1.2759 | Correct: 66/128 | Elapsed Time: 13.49s
2026-02-09 08:46:31,323 | INFO | Batch 330 | Loss: 1.2352 | Correct: 73/128 | Elapsed Time: 13.32s
2026-02-09 08:46:44,512 | INFO | Batch 340 | Loss: 1.3616 | Correct: 67/128 | Elapsed Time: 13.19s
2026-02-09 08:46:57,885 | INFO | Batch 350 | Loss: 1.2554 | Correct: 72/128 | Elapsed Time: 13.37s
2026-02-09 08:47:11,256 | INFO | Batch 360 | Loss: 1.1265 | Correct: 75/128 | Elapsed Time: 13.37s
2026-02-09 08:47:24,559 | INFO | Batch 370 | Loss: 1.3110 | Correct: 63/128 | Elapsed Time: 13.30s
2026-02-09 08:47:37,820 | INFO | Batch 380 | Loss: 1.2087 | Correct: 65/128 | Elapsed Time: 13.26s
2026-02-09 08:47:51,098 | INFO | Batch 390 | Loss: 1.2759 | Correct: 68/128 | Elapsed Time: 13.28s
2026-02-09 08:47:52,154 | INFO | Epoch [55/100] - Loss: 1.2583 | Correct: 27429/50000 (54.86%, 519.54s)
2026-02-09 08:48:38,959 | INFO | Validation - Loss: 1.2557 | Correct: 5515/10000 (55.15%) (46.80s)
2026-02-09 08:48:52,107 | INFO | Batch 10 | Loss: 1.3543 | Correct: 64/128 | Elapsed Time: 13.15s
2026-02-09 08:49:05,474 | INFO | Batch 20 | Loss: 1.1388 | Correct: 72/128 | Elapsed Time: 13.37s
2026-02-09 08:49:18,772 | INFO | Batch 30 | Loss: 1.2759 | Correct: 77/128 | Elapsed Time: 13.30s
2026-02-09 08:49:31,926 | INFO | Batch 40 | Loss: 1.3039 | Correct: 66/128 | Elapsed Time: 13.15s
2026-02-09 08:49:45,194 | INFO | Batch 50 | Loss: 1.1637 | Correct: 74/128 | Elapsed Time: 13.27s
2026-02-09 08:49:58,520 | INFO | Batch 60 | Loss: 1.1892 | Correct: 65/128 | Elapsed Time: 13.33s
2026-02-09 08:50:11,616 | INFO | Batch 70 | Loss: 1.2691 | Correct: 70/128 | Elapsed Time: 13.10s
2026-02-09 08:50:24,927 | INFO | Batch 80 | Loss: 1.1828 | Correct: 77/128 | Elapsed Time: 13.31s
2026-02-09 08:50:38,225 | INFO | Batch 90 | Loss: 1.1957 | Correct: 76/128 | Elapsed Time: 13.30s
2026-02-09 08:50:51,393 | INFO | Batch 100 | Loss: 1.1637 | Correct: 78/128 | Elapsed Time: 13.17s
2026-02-09 08:51:04,790 | INFO | Batch 110 | Loss: 1.1388 | Correct: 79/128 | Elapsed Time: 13.40s
2026-02-09 08:51:18,002 | INFO | Batch 120 | Loss: 1.2419 | Correct: 71/128 | Elapsed Time: 13.21s
2026-02-09 08:51:31,179 | INFO | Batch 130 | Loss: 1.2486 | Correct: 73/128 | Elapsed Time: 13.18s
2026-02-09 08:51:44,472 | INFO | Batch 140 | Loss: 1.2622 | Correct: 70/128 | Elapsed Time: 13.29s
2026-02-09 08:51:57,659 | INFO | Batch 150 | Loss: 1.4066 | Correct: 62/128 | Elapsed Time: 13.19s
2026-02-09 08:52:10,877 | INFO | Batch 160 | Loss: 1.2554 | Correct: 63/128 | Elapsed Time: 13.22s
2026-02-09 08:52:24,191 | INFO | Batch 170 | Loss: 1.3616 | Correct: 60/128 | Elapsed Time: 13.31s
2026-02-09 08:52:37,542 | INFO | Batch 180 | Loss: 1.1326 | Correct: 77/128 | Elapsed Time: 13.35s
2026-02-09 08:52:50,759 | INFO | Batch 190 | Loss: 1.3324 | Correct: 63/128 | Elapsed Time: 13.22s
2026-02-09 08:53:04,098 | INFO | Batch 200 | Loss: 1.2152 | Correct: 72/128 | Elapsed Time: 13.34s
2026-02-09 08:53:17,323 | INFO | Batch 210 | Loss: 1.1700 | Correct: 77/128 | Elapsed Time: 13.22s
2026-02-09 08:53:30,626 | INFO | Batch 220 | Loss: 1.2622 | Correct: 78/128 | Elapsed Time: 13.30s
2026-02-09 08:53:43,924 | INFO | Batch 230 | Loss: 1.2486 | Correct: 66/128 | Elapsed Time: 13.30s
2026-02-09 08:53:57,129 | INFO | Batch 240 | Loss: 1.3839 | Correct: 64/128 | Elapsed Time: 13.21s
2026-02-09 08:54:10,505 | INFO | Batch 250 | Loss: 1.2898 | Correct: 66/128 | Elapsed Time: 13.38s
2026-02-09 08:54:23,757 | INFO | Batch 260 | Loss: 1.2285 | Correct: 71/128 | Elapsed Time: 13.25s
2026-02-09 08:54:36,997 | INFO | Batch 270 | Loss: 1.2622 | Correct: 70/128 | Elapsed Time: 13.24s
2026-02-09 08:54:50,208 | INFO | Batch 280 | Loss: 1.1892 | Correct: 69/128 | Elapsed Time: 13.21s
2026-02-09 08:55:03,385 | INFO | Batch 290 | Loss: 1.1764 | Correct: 72/128 | Elapsed Time: 13.18s
2026-02-09 08:55:16,785 | INFO | Batch 300 | Loss: 1.3990 | Correct: 62/128 | Elapsed Time: 13.40s
2026-02-09 08:55:29,983 | INFO | Batch 310 | Loss: 1.3181 | Correct: 55/128 | Elapsed Time: 13.20s
2026-02-09 08:55:43,145 | INFO | Batch 320 | Loss: 1.2087 | Correct: 77/128 | Elapsed Time: 13.16s
2026-02-09 08:55:56,387 | INFO | Batch 330 | Loss: 1.3690 | Correct: 62/128 | Elapsed Time: 13.24s
2026-02-09 08:56:10,240 | INFO | Batch 340 | Loss: 1.2152 | Correct: 70/128 | Elapsed Time: 13.85s
2026-02-09 08:56:23,319 | INFO | Batch 350 | Loss: 1.1957 | Correct: 75/128 | Elapsed Time: 13.08s
2026-02-09 08:56:36,582 | INFO | Batch 360 | Loss: 1.3397 | Correct: 62/128 | Elapsed Time: 13.26s
2026-02-09 08:56:49,803 | INFO | Batch 370 | Loss: 1.2285 | Correct: 69/128 | Elapsed Time: 13.22s
2026-02-09 08:57:02,953 | INFO | Batch 380 | Loss: 1.1450 | Correct: 78/128 | Elapsed Time: 13.15s
2026-02-09 08:57:16,411 | INFO | Batch 390 | Loss: 1.1764 | Correct: 78/128 | Elapsed Time: 13.46s
2026-02-09 08:57:17,456 | INFO | Epoch [56/100] - Loss: 1.2468 | Correct: 27615/50000 (55.23%, 518.49s)
2026-02-09 08:58:04,610 | INFO | Validation - Loss: 1.2520 | Correct: 5535/10000 (55.35%) (47.15s)
2026-02-09 08:58:17,911 | INFO | Batch 10 | Loss: 1.1574 | Correct: 77/128 | Elapsed Time: 13.30s
2026-02-09 08:58:31,198 | INFO | Batch 20 | Loss: 1.0729 | Correct: 78/128 | Elapsed Time: 13.29s
2026-02-09 08:58:44,247 | INFO | Batch 30 | Loss: 1.0671 | Correct: 78/128 | Elapsed Time: 13.05s
2026-02-09 08:58:57,534 | INFO | Batch 40 | Loss: 1.3039 | Correct: 70/128 | Elapsed Time: 13.29s
2026-02-09 08:59:10,832 | INFO | Batch 50 | Loss: 1.2352 | Correct: 71/128 | Elapsed Time: 13.30s
2026-02-09 08:59:24,020 | INFO | Batch 60 | Loss: 1.1892 | Correct: 71/128 | Elapsed Time: 13.19s
2026-02-09 08:59:37,268 | INFO | Batch 70 | Loss: 1.3397 | Correct: 70/128 | Elapsed Time: 13.25s
2026-02-09 08:59:50,603 | INFO | Batch 80 | Loss: 1.1084 | Correct: 79/128 | Elapsed Time: 13.34s
2026-02-09 09:00:03,740 | INFO | Batch 90 | Loss: 1.0556 | Correct: 82/128 | Elapsed Time: 13.14s
2026-02-09 09:00:16,933 | INFO | Batch 100 | Loss: 1.2352 | Correct: 71/128 | Elapsed Time: 13.19s
2026-02-09 09:00:30,346 | INFO | Batch 110 | Loss: 1.0000 | Correct: 85/128 | Elapsed Time: 13.41s
2026-02-09 09:00:43,566 | INFO | Batch 120 | Loss: 1.2829 | Correct: 69/128 | Elapsed Time: 13.22s
2026-02-09 09:00:56,908 | INFO | Batch 130 | Loss: 1.1204 | Correct: 86/128 | Elapsed Time: 13.34s
2026-02-09 09:01:10,344 | INFO | Batch 140 | Loss: 1.1450 | Correct: 79/128 | Elapsed Time: 13.44s
2026-02-09 09:01:23,516 | INFO | Batch 150 | Loss: 1.1512 | Correct: 73/128 | Elapsed Time: 13.17s
2026-02-09 09:01:36,774 | INFO | Batch 160 | Loss: 1.2898 | Correct: 72/128 | Elapsed Time: 13.26s
2026-02-09 09:01:50,193 | INFO | Batch 170 | Loss: 1.1957 | Correct: 77/128 | Elapsed Time: 13.42s
2026-02-09 09:02:03,407 | INFO | Batch 180 | Loss: 1.0274 | Correct: 80/128 | Elapsed Time: 13.21s
2026-02-09 09:02:16,702 | INFO | Batch 190 | Loss: 1.2968 | Correct: 71/128 | Elapsed Time: 13.29s
2026-02-09 09:02:30,112 | INFO | Batch 200 | Loss: 1.2022 | Correct: 74/128 | Elapsed Time: 13.41s
2026-02-09 09:02:43,351 | INFO | Batch 210 | Loss: 1.2691 | Correct: 71/128 | Elapsed Time: 13.24s
2026-02-09 09:02:56,659 | INFO | Batch 220 | Loss: 1.1512 | Correct: 79/128 | Elapsed Time: 13.31s
2026-02-09 09:03:10,200 | INFO | Batch 230 | Loss: 1.1892 | Correct: 74/128 | Elapsed Time: 13.54s
2026-02-09 09:03:23,436 | INFO | Batch 240 | Loss: 1.0905 | Correct: 79/128 | Elapsed Time: 13.24s
2026-02-09 09:03:36,732 | INFO | Batch 250 | Loss: 1.2486 | Correct: 74/128 | Elapsed Time: 13.30s
2026-02-09 09:03:49,935 | INFO | Batch 260 | Loss: 1.2759 | Correct: 73/128 | Elapsed Time: 13.20s
2026-02-09 09:04:03,206 | INFO | Batch 270 | Loss: 1.0964 | Correct: 83/128 | Elapsed Time: 13.27s
2026-02-09 09:04:16,514 | INFO | Batch 280 | Loss: 1.1957 | Correct: 75/128 | Elapsed Time: 13.31s
2026-02-09 09:04:29,850 | INFO | Batch 290 | Loss: 1.3110 | Correct: 59/128 | Elapsed Time: 13.34s
2026-02-09 09:04:43,246 | INFO | Batch 300 | Loss: 1.2285 | Correct: 67/128 | Elapsed Time: 13.40s
2026-02-09 09:04:56,301 | INFO | Batch 310 | Loss: 1.2759 | Correct: 74/128 | Elapsed Time: 13.06s
2026-02-09 09:05:09,682 | INFO | Batch 320 | Loss: 1.1512 | Correct: 72/128 | Elapsed Time: 13.38s
2026-02-09 09:05:22,997 | INFO | Batch 330 | Loss: 1.1828 | Correct: 76/128 | Elapsed Time: 13.31s
2026-02-09 09:05:36,255 | INFO | Batch 340 | Loss: 1.1204 | Correct: 74/128 | Elapsed Time: 13.26s
2026-02-09 09:05:49,494 | INFO | Batch 350 | Loss: 1.3616 | Correct: 70/128 | Elapsed Time: 13.24s
2026-02-09 09:06:03,082 | INFO | Batch 360 | Loss: 1.3110 | Correct: 71/128 | Elapsed Time: 13.59s
2026-02-09 09:06:16,762 | INFO | Batch 370 | Loss: 1.1637 | Correct: 75/128 | Elapsed Time: 13.68s
2026-02-09 09:06:30,108 | INFO | Batch 380 | Loss: 1.2829 | Correct: 73/128 | Elapsed Time: 13.35s
2026-02-09 09:06:43,311 | INFO | Batch 390 | Loss: 1.1957 | Correct: 73/128 | Elapsed Time: 13.20s
2026-02-09 09:06:44,366 | INFO | Epoch [57/100] - Loss: 1.2439 | Correct: 27751/50000 (55.50%, 519.75s)
2026-02-09 09:07:31,271 | INFO | Validation - Loss: 1.2410 | Correct: 5563/10000 (55.63%) (46.90s)
2026-02-09 09:07:44,724 | INFO | Batch 10 | Loss: 1.1512 | Correct: 74/128 | Elapsed Time: 13.45s
2026-02-09 09:07:57,921 | INFO | Batch 20 | Loss: 1.2087 | Correct: 68/128 | Elapsed Time: 13.20s
2026-02-09 09:08:11,382 | INFO | Batch 30 | Loss: 1.0905 | Correct: 76/128 | Elapsed Time: 13.46s
2026-02-09 09:08:24,796 | INFO | Batch 40 | Loss: 1.3324 | Correct: 69/128 | Elapsed Time: 13.41s
2026-02-09 09:08:37,982 | INFO | Batch 50 | Loss: 1.3252 | Correct: 71/128 | Elapsed Time: 13.19s
2026-02-09 09:08:51,335 | INFO | Batch 60 | Loss: 1.3543 | Correct: 62/128 | Elapsed Time: 13.35s
2026-02-09 09:09:04,645 | INFO | Batch 70 | Loss: 1.2829 | Correct: 63/128 | Elapsed Time: 13.31s
2026-02-09 09:09:17,924 | INFO | Batch 80 | Loss: 1.2419 | Correct: 76/128 | Elapsed Time: 13.28s
2026-02-09 09:09:31,237 | INFO | Batch 90 | Loss: 1.2554 | Correct: 62/128 | Elapsed Time: 13.31s
2026-02-09 09:09:44,637 | INFO | Batch 100 | Loss: 1.3397 | Correct: 65/128 | Elapsed Time: 13.40s
2026-02-09 09:09:57,913 | INFO | Batch 110 | Loss: 1.2352 | Correct: 66/128 | Elapsed Time: 13.28s
2026-02-09 09:10:11,431 | INFO | Batch 120 | Loss: 1.2218 | Correct: 76/128 | Elapsed Time: 13.52s
2026-02-09 09:10:24,720 | INFO | Batch 130 | Loss: 1.4609 | Correct: 64/128 | Elapsed Time: 13.29s
2026-02-09 09:10:37,956 | INFO | Batch 140 | Loss: 1.1957 | Correct: 67/128 | Elapsed Time: 13.24s
2026-02-09 09:10:51,301 | INFO | Batch 150 | Loss: 1.2285 | Correct: 74/128 | Elapsed Time: 13.34s
2026-02-09 09:11:04,684 | INFO | Batch 160 | Loss: 1.2829 | Correct: 71/128 | Elapsed Time: 13.38s
2026-02-09 09:11:17,716 | INFO | Batch 170 | Loss: 1.1957 | Correct: 72/128 | Elapsed Time: 13.03s
2026-02-09 09:11:30,948 | INFO | Batch 180 | Loss: 1.1084 | Correct: 77/128 | Elapsed Time: 13.23s
2026-02-09 09:11:44,164 | INFO | Batch 190 | Loss: 1.2554 | Correct: 70/128 | Elapsed Time: 13.22s
2026-02-09 09:11:57,303 | INFO | Batch 200 | Loss: 1.0729 | Correct: 79/128 | Elapsed Time: 13.14s
2026-02-09 09:12:10,710 | INFO | Batch 210 | Loss: 1.0788 | Correct: 76/128 | Elapsed Time: 13.41s
2026-02-09 09:12:24,052 | INFO | Batch 220 | Loss: 1.2419 | Correct: 78/128 | Elapsed Time: 13.34s
2026-02-09 09:12:37,242 | INFO | Batch 230 | Loss: 1.2554 | Correct: 67/128 | Elapsed Time: 13.19s
2026-02-09 09:12:50,639 | INFO | Batch 240 | Loss: 1.2898 | Correct: 69/128 | Elapsed Time: 13.40s
2026-02-09 09:13:03,982 | INFO | Batch 250 | Loss: 1.1892 | Correct: 69/128 | Elapsed Time: 13.34s
2026-02-09 09:13:17,266 | INFO | Batch 260 | Loss: 1.2285 | Correct: 84/128 | Elapsed Time: 13.28s
2026-02-09 09:13:30,403 | INFO | Batch 270 | Loss: 1.1512 | Correct: 78/128 | Elapsed Time: 13.14s
2026-02-09 09:13:43,740 | INFO | Batch 280 | Loss: 1.3252 | Correct: 76/128 | Elapsed Time: 13.34s
2026-02-09 09:13:57,113 | INFO | Batch 290 | Loss: 1.0846 | Correct: 76/128 | Elapsed Time: 13.37s
2026-02-09 09:14:10,284 | INFO | Batch 300 | Loss: 1.3252 | Correct: 68/128 | Elapsed Time: 13.17s
2026-02-09 09:14:23,593 | INFO | Batch 310 | Loss: 1.4066 | Correct: 57/128 | Elapsed Time: 13.31s
2026-02-09 09:14:36,847 | INFO | Batch 320 | Loss: 1.1828 | Correct: 72/128 | Elapsed Time: 13.25s
2026-02-09 09:14:50,104 | INFO | Batch 330 | Loss: 1.3764 | Correct: 68/128 | Elapsed Time: 13.26s
2026-02-09 09:15:03,435 | INFO | Batch 340 | Loss: 1.1764 | Correct: 71/128 | Elapsed Time: 13.33s
2026-02-09 09:15:16,729 | INFO | Batch 350 | Loss: 1.2691 | Correct: 70/128 | Elapsed Time: 13.29s
2026-02-09 09:15:29,836 | INFO | Batch 360 | Loss: 1.2152 | Correct: 71/128 | Elapsed Time: 13.11s
2026-02-09 09:15:43,100 | INFO | Batch 370 | Loss: 1.2152 | Correct: 74/128 | Elapsed Time: 13.26s
2026-02-09 09:15:56,493 | INFO | Batch 380 | Loss: 1.1637 | Correct: 76/128 | Elapsed Time: 13.39s
2026-02-09 09:16:10,535 | INFO | Batch 390 | Loss: 1.1512 | Correct: 73/128 | Elapsed Time: 14.04s
2026-02-09 09:16:11,617 | INFO | Epoch [58/100] - Loss: 1.2438 | Correct: 27743/50000 (55.49%, 520.34s)
2026-02-09 09:16:57,557 | INFO | Validation - Loss: 1.2369 | Correct: 5605/10000 (56.05%) (45.94s)
2026-02-09 09:17:10,913 | INFO | Batch 10 | Loss: 1.1024 | Correct: 78/128 | Elapsed Time: 13.35s
2026-02-09 09:17:24,181 | INFO | Batch 20 | Loss: 1.1892 | Correct: 75/128 | Elapsed Time: 13.27s
2026-02-09 09:17:37,586 | INFO | Batch 30 | Loss: 1.2152 | Correct: 73/128 | Elapsed Time: 13.41s
2026-02-09 09:17:50,767 | INFO | Batch 40 | Loss: 1.2218 | Correct: 70/128 | Elapsed Time: 13.18s
2026-02-09 09:18:04,104 | INFO | Batch 50 | Loss: 1.0905 | Correct: 72/128 | Elapsed Time: 13.34s
2026-02-09 09:18:17,295 | INFO | Batch 60 | Loss: 1.1828 | Correct: 67/128 | Elapsed Time: 13.19s
2026-02-09 09:18:30,459 | INFO | Batch 70 | Loss: 1.2968 | Correct: 72/128 | Elapsed Time: 13.16s
2026-02-09 09:18:43,883 | INFO | Batch 80 | Loss: 1.1764 | Correct: 73/128 | Elapsed Time: 13.42s
2026-02-09 09:18:57,306 | INFO | Batch 90 | Loss: 1.3397 | Correct: 69/128 | Elapsed Time: 13.42s
2026-02-09 09:19:10,609 | INFO | Batch 100 | Loss: 1.1450 | Correct: 82/128 | Elapsed Time: 13.30s
2026-02-09 09:19:23,813 | INFO | Batch 110 | Loss: 1.3110 | Correct: 61/128 | Elapsed Time: 13.20s
2026-02-09 09:19:37,071 | INFO | Batch 120 | Loss: 1.2622 | Correct: 74/128 | Elapsed Time: 13.26s
2026-02-09 09:19:50,337 | INFO | Batch 130 | Loss: 1.1892 | Correct: 73/128 | Elapsed Time: 13.27s
2026-02-09 09:20:03,732 | INFO | Batch 140 | Loss: 1.1892 | Correct: 82/128 | Elapsed Time: 13.40s
2026-02-09 09:20:17,019 | INFO | Batch 150 | Loss: 1.4142 | Correct: 65/128 | Elapsed Time: 13.29s
2026-02-09 09:20:30,309 | INFO | Batch 160 | Loss: 1.2829 | Correct: 72/128 | Elapsed Time: 13.29s
2026-02-09 09:20:43,613 | INFO | Batch 170 | Loss: 1.2968 | Correct: 60/128 | Elapsed Time: 13.30s
2026-02-09 09:20:56,997 | INFO | Batch 180 | Loss: 0.9892 | Correct: 85/128 | Elapsed Time: 13.38s
2026-02-09 09:21:10,424 | INFO | Batch 190 | Loss: 1.1700 | Correct: 71/128 | Elapsed Time: 13.43s
2026-02-09 09:21:23,685 | INFO | Batch 200 | Loss: 1.2554 | Correct: 62/128 | Elapsed Time: 13.26s
2026-02-09 09:21:37,088 | INFO | Batch 210 | Loss: 1.1700 | Correct: 72/128 | Elapsed Time: 13.40s
2026-02-09 09:21:50,506 | INFO | Batch 220 | Loss: 1.5174 | Correct: 60/128 | Elapsed Time: 13.42s
2026-02-09 09:22:03,874 | INFO | Batch 230 | Loss: 1.4066 | Correct: 68/128 | Elapsed Time: 13.37s
2026-02-09 09:22:17,173 | INFO | Batch 240 | Loss: 1.1574 | Correct: 81/128 | Elapsed Time: 13.30s
2026-02-09 09:22:30,442 | INFO | Batch 250 | Loss: 1.2087 | Correct: 68/128 | Elapsed Time: 13.27s
2026-02-09 09:22:43,601 | INFO | Batch 260 | Loss: 1.2087 | Correct: 70/128 | Elapsed Time: 13.16s
2026-02-09 09:22:56,938 | INFO | Batch 270 | Loss: 1.2087 | Correct: 69/128 | Elapsed Time: 13.34s
2026-02-09 09:23:10,409 | INFO | Batch 280 | Loss: 1.2554 | Correct: 70/128 | Elapsed Time: 13.47s
2026-02-09 09:23:23,828 | INFO | Batch 290 | Loss: 1.2218 | Correct: 78/128 | Elapsed Time: 13.42s
2026-02-09 09:23:37,143 | INFO | Batch 300 | Loss: 1.2622 | Correct: 65/128 | Elapsed Time: 13.31s
2026-02-09 09:23:50,570 | INFO | Batch 310 | Loss: 1.4848 | Correct: 56/128 | Elapsed Time: 13.43s
2026-02-09 09:24:03,863 | INFO | Batch 320 | Loss: 1.2968 | Correct: 70/128 | Elapsed Time: 13.29s
2026-02-09 09:24:17,149 | INFO | Batch 330 | Loss: 1.3252 | Correct: 66/128 | Elapsed Time: 13.29s
2026-02-09 09:24:30,536 | INFO | Batch 340 | Loss: 1.3039 | Correct: 65/128 | Elapsed Time: 13.39s
2026-02-09 09:24:43,680 | INFO | Batch 350 | Loss: 1.2419 | Correct: 75/128 | Elapsed Time: 13.14s
2026-02-09 09:24:57,084 | INFO | Batch 360 | Loss: 1.2285 | Correct: 76/128 | Elapsed Time: 13.40s
2026-02-09 09:25:10,403 | INFO | Batch 370 | Loss: 1.1388 | Correct: 71/128 | Elapsed Time: 13.32s
2026-02-09 09:25:23,623 | INFO | Batch 380 | Loss: 1.3324 | Correct: 64/128 | Elapsed Time: 13.22s
2026-02-09 09:25:36,961 | INFO | Batch 390 | Loss: 1.2759 | Correct: 73/128 | Elapsed Time: 13.34s
2026-02-09 09:25:38,037 | INFO | Epoch [59/100] - Loss: 1.2410 | Correct: 27752/50000 (55.50%, 520.48s)
2026-02-09 09:26:26,112 | INFO | Validation - Loss: 1.2383 | Correct: 5548/10000 (55.48%) (48.07s)
2026-02-09 09:26:39,475 | INFO | Batch 10 | Loss: 1.2554 | Correct: 73/128 | Elapsed Time: 13.36s
2026-02-09 09:26:52,749 | INFO | Batch 20 | Loss: 1.1637 | Correct: 74/128 | Elapsed Time: 13.27s
2026-02-09 09:27:06,021 | INFO | Batch 30 | Loss: 1.3690 | Correct: 69/128 | Elapsed Time: 13.27s
2026-02-09 09:27:19,348 | INFO | Batch 40 | Loss: 1.3252 | Correct: 69/128 | Elapsed Time: 13.33s
2026-02-09 09:27:32,575 | INFO | Batch 50 | Loss: 1.3110 | Correct: 60/128 | Elapsed Time: 13.23s
2026-02-09 09:27:45,705 | INFO | Batch 60 | Loss: 1.1892 | Correct: 72/128 | Elapsed Time: 13.13s
2026-02-09 09:27:59,075 | INFO | Batch 70 | Loss: 1.2759 | Correct: 77/128 | Elapsed Time: 13.37s
2026-02-09 09:28:12,338 | INFO | Batch 80 | Loss: 1.3324 | Correct: 64/128 | Elapsed Time: 13.26s
2026-02-09 09:28:25,487 | INFO | Batch 90 | Loss: 1.2087 | Correct: 72/128 | Elapsed Time: 13.15s
2026-02-09 09:28:38,784 | INFO | Batch 100 | Loss: 1.2087 | Correct: 72/128 | Elapsed Time: 13.30s
2026-02-09 09:28:52,035 | INFO | Batch 110 | Loss: 1.1024 | Correct: 77/128 | Elapsed Time: 13.25s
2026-02-09 09:29:05,222 | INFO | Batch 120 | Loss: 1.0788 | Correct: 79/128 | Elapsed Time: 13.19s
2026-02-09 09:29:18,620 | INFO | Batch 130 | Loss: 1.2622 | Correct: 64/128 | Elapsed Time: 13.40s
2026-02-09 09:29:32,040 | INFO | Batch 140 | Loss: 1.2218 | Correct: 79/128 | Elapsed Time: 13.42s
2026-02-09 09:29:45,309 | INFO | Batch 150 | Loss: 1.2218 | Correct: 67/128 | Elapsed Time: 13.27s
2026-02-09 09:29:58,585 | INFO | Batch 160 | Loss: 1.3039 | Correct: 68/128 | Elapsed Time: 13.28s
2026-02-09 09:30:11,924 | INFO | Batch 170 | Loss: 1.1892 | Correct: 70/128 | Elapsed Time: 13.34s
2026-02-09 09:30:25,029 | INFO | Batch 180 | Loss: 1.1892 | Correct: 70/128 | Elapsed Time: 13.10s
2026-02-09 09:30:38,408 | INFO | Batch 190 | Loss: 1.3039 | Correct: 64/128 | Elapsed Time: 13.38s
2026-02-09 09:30:51,827 | INFO | Batch 200 | Loss: 1.1892 | Correct: 76/128 | Elapsed Time: 13.42s
2026-02-09 09:31:05,096 | INFO | Batch 210 | Loss: 1.1326 | Correct: 77/128 | Elapsed Time: 13.27s
2026-02-09 09:31:18,414 | INFO | Batch 220 | Loss: 1.3764 | Correct: 72/128 | Elapsed Time: 13.32s
2026-02-09 09:31:31,770 | INFO | Batch 230 | Loss: 1.2829 | Correct: 64/128 | Elapsed Time: 13.36s
2026-02-09 09:31:45,041 | INFO | Batch 240 | Loss: 1.0729 | Correct: 75/128 | Elapsed Time: 13.27s
2026-02-09 09:31:58,240 | INFO | Batch 250 | Loss: 1.2759 | Correct: 71/128 | Elapsed Time: 13.20s
2026-02-09 09:32:11,616 | INFO | Batch 260 | Loss: 1.1084 | Correct: 83/128 | Elapsed Time: 13.38s
2026-02-09 09:32:24,897 | INFO | Batch 270 | Loss: 1.2968 | Correct: 69/128 | Elapsed Time: 13.28s
2026-02-09 09:32:38,141 | INFO | Batch 280 | Loss: 1.2691 | Correct: 74/128 | Elapsed Time: 13.24s
2026-02-09 09:32:51,427 | INFO | Batch 290 | Loss: 1.0219 | Correct: 83/128 | Elapsed Time: 13.29s
2026-02-09 09:33:04,797 | INFO | Batch 300 | Loss: 1.3543 | Correct: 71/128 | Elapsed Time: 13.37s
2026-02-09 09:33:18,152 | INFO | Batch 310 | Loss: 1.3397 | Correct: 72/128 | Elapsed Time: 13.35s
2026-02-09 09:33:31,501 | INFO | Batch 320 | Loss: 1.2022 | Correct: 73/128 | Elapsed Time: 13.35s
2026-02-09 09:33:44,818 | INFO | Batch 330 | Loss: 1.0499 | Correct: 83/128 | Elapsed Time: 13.32s
2026-02-09 09:33:57,962 | INFO | Batch 340 | Loss: 1.2022 | Correct: 77/128 | Elapsed Time: 13.14s
2026-02-09 09:34:11,391 | INFO | Batch 350 | Loss: 1.4848 | Correct: 68/128 | Elapsed Time: 13.43s
2026-02-09 09:34:24,812 | INFO | Batch 360 | Loss: 1.2554 | Correct: 72/128 | Elapsed Time: 13.42s
2026-02-09 09:34:37,980 | INFO | Batch 370 | Loss: 1.0788 | Correct: 76/128 | Elapsed Time: 13.17s
2026-02-09 09:34:51,325 | INFO | Batch 380 | Loss: 1.1084 | Correct: 74/128 | Elapsed Time: 13.34s
2026-02-09 09:35:04,741 | INFO | Batch 390 | Loss: 1.3324 | Correct: 66/128 | Elapsed Time: 13.42s
2026-02-09 09:35:05,800 | INFO | Epoch [60/100] - Loss: 1.2331 | Correct: 27964/50000 (55.93%, 519.69s)
2026-02-09 09:35:52,781 | INFO | Validation - Loss: 1.2368 | Correct: 5604/10000 (56.04%) (46.98s)
2026-02-09 09:36:06,943 | INFO | Batch 10 | Loss: 1.2486 | Correct: 72/128 | Elapsed Time: 14.16s
2026-02-09 09:36:20,359 | INFO | Batch 20 | Loss: 1.1574 | Correct: 72/128 | Elapsed Time: 13.42s
2026-02-09 09:36:33,709 | INFO | Batch 30 | Loss: 1.2691 | Correct: 68/128 | Elapsed Time: 13.35s
2026-02-09 09:36:47,040 | INFO | Batch 40 | Loss: 1.2152 | Correct: 74/128 | Elapsed Time: 13.33s
2026-02-09 09:37:00,242 | INFO | Batch 50 | Loss: 1.3110 | Correct: 69/128 | Elapsed Time: 13.20s
2026-02-09 09:37:13,786 | INFO | Batch 60 | Loss: 1.2622 | Correct: 71/128 | Elapsed Time: 13.54s
2026-02-09 09:37:27,232 | INFO | Batch 70 | Loss: 1.2022 | Correct: 69/128 | Elapsed Time: 13.45s
2026-02-09 09:37:40,490 | INFO | Batch 80 | Loss: 1.0846 | Correct: 78/128 | Elapsed Time: 13.26s
2026-02-09 09:37:53,799 | INFO | Batch 90 | Loss: 1.2218 | Correct: 69/128 | Elapsed Time: 13.31s
2026-02-09 09:38:07,069 | INFO | Batch 100 | Loss: 1.2759 | Correct: 66/128 | Elapsed Time: 13.27s
2026-02-09 09:38:20,240 | INFO | Batch 110 | Loss: 1.3110 | Correct: 73/128 | Elapsed Time: 13.17s
2026-02-09 09:38:33,615 | INFO | Batch 120 | Loss: 1.2218 | Correct: 72/128 | Elapsed Time: 13.37s
2026-02-09 09:38:46,957 | INFO | Batch 130 | Loss: 1.3764 | Correct: 67/128 | Elapsed Time: 13.34s
2026-02-09 09:39:00,185 | INFO | Batch 140 | Loss: 1.1326 | Correct: 76/128 | Elapsed Time: 13.23s
2026-02-09 09:39:13,658 | INFO | Batch 150 | Loss: 1.0671 | Correct: 79/128 | Elapsed Time: 13.47s
2026-02-09 09:39:26,921 | INFO | Batch 160 | Loss: 1.1828 | Correct: 76/128 | Elapsed Time: 13.26s
2026-02-09 09:39:40,223 | INFO | Batch 170 | Loss: 1.2087 | Correct: 72/128 | Elapsed Time: 13.30s
2026-02-09 09:39:53,405 | INFO | Batch 180 | Loss: 1.3181 | Correct: 65/128 | Elapsed Time: 13.18s
2026-02-09 09:40:06,765 | INFO | Batch 190 | Loss: 1.3839 | Correct: 61/128 | Elapsed Time: 13.36s
2026-02-09 09:40:19,961 | INFO | Batch 200 | Loss: 1.1700 | Correct: 75/128 | Elapsed Time: 13.20s
2026-02-09 09:40:33,366 | INFO | Batch 210 | Loss: 1.4689 | Correct: 60/128 | Elapsed Time: 13.40s
2026-02-09 09:40:46,589 | INFO | Batch 220 | Loss: 1.1326 | Correct: 72/128 | Elapsed Time: 13.22s
2026-02-09 09:40:59,726 | INFO | Batch 230 | Loss: 1.1828 | Correct: 73/128 | Elapsed Time: 13.14s
2026-02-09 09:41:13,099 | INFO | Batch 240 | Loss: 1.3181 | Correct: 66/128 | Elapsed Time: 13.37s
2026-02-09 09:41:26,364 | INFO | Batch 250 | Loss: 1.2622 | Correct: 69/128 | Elapsed Time: 13.26s
2026-02-09 09:41:39,516 | INFO | Batch 260 | Loss: 1.1144 | Correct: 84/128 | Elapsed Time: 13.15s
2026-02-09 09:41:52,800 | INFO | Batch 270 | Loss: 1.3616 | Correct: 66/128 | Elapsed Time: 13.28s
2026-02-09 09:42:06,112 | INFO | Batch 280 | Loss: 1.2759 | Correct: 72/128 | Elapsed Time: 13.31s
2026-02-09 09:42:19,323 | INFO | Batch 290 | Loss: 1.1024 | Correct: 82/128 | Elapsed Time: 13.21s
2026-02-09 09:42:32,695 | INFO | Batch 300 | Loss: 1.2152 | Correct: 69/128 | Elapsed Time: 13.37s
2026-02-09 09:42:46,045 | INFO | Batch 310 | Loss: 1.2759 | Correct: 67/128 | Elapsed Time: 13.35s
2026-02-09 09:42:59,358 | INFO | Batch 320 | Loss: 1.3543 | Correct: 67/128 | Elapsed Time: 13.31s
2026-02-09 09:43:12,560 | INFO | Batch 330 | Loss: 1.0788 | Correct: 79/128 | Elapsed Time: 13.20s
2026-02-09 09:43:25,947 | INFO | Batch 340 | Loss: 1.1388 | Correct: 80/128 | Elapsed Time: 13.39s
2026-02-09 09:43:39,112 | INFO | Batch 350 | Loss: 1.2554 | Correct: 68/128 | Elapsed Time: 13.16s
2026-02-09 09:43:52,289 | INFO | Batch 360 | Loss: 1.3397 | Correct: 67/128 | Elapsed Time: 13.18s
2026-02-09 09:44:05,644 | INFO | Batch 370 | Loss: 1.1024 | Correct: 81/128 | Elapsed Time: 13.36s
2026-02-09 09:44:18,894 | INFO | Batch 380 | Loss: 1.1326 | Correct: 76/128 | Elapsed Time: 13.25s
2026-02-09 09:44:32,000 | INFO | Batch 390 | Loss: 1.2152 | Correct: 75/128 | Elapsed Time: 13.11s
2026-02-09 09:44:33,093 | INFO | Epoch [61/100] - Loss: 1.2327 | Correct: 27915/50000 (55.83%, 520.31s)
2026-02-09 09:45:20,062 | INFO | Validation - Loss: 1.2370 | Correct: 5596/10000 (55.96%) (46.97s)
2026-02-09 09:45:33,426 | INFO | Batch 10 | Loss: 1.0905 | Correct: 76/128 | Elapsed Time: 13.36s
2026-02-09 09:45:46,795 | INFO | Batch 20 | Loss: 1.3764 | Correct: 65/128 | Elapsed Time: 13.37s
2026-02-09 09:46:00,004 | INFO | Batch 30 | Loss: 1.1388 | Correct: 78/128 | Elapsed Time: 13.21s
2026-02-09 09:46:13,924 | INFO | Batch 40 | Loss: 1.4530 | Correct: 55/128 | Elapsed Time: 13.92s
2026-02-09 09:46:27,216 | INFO | Batch 50 | Loss: 1.1892 | Correct: 70/128 | Elapsed Time: 13.29s
2026-02-09 09:46:40,493 | INFO | Batch 60 | Loss: 1.2285 | Correct: 72/128 | Elapsed Time: 13.28s
2026-02-09 09:46:53,588 | INFO | Batch 70 | Loss: 1.0274 | Correct: 80/128 | Elapsed Time: 13.10s
2026-02-09 09:47:07,029 | INFO | Batch 80 | Loss: 1.1637 | Correct: 75/128 | Elapsed Time: 13.44s
2026-02-09 09:47:20,307 | INFO | Batch 90 | Loss: 1.2622 | Correct: 68/128 | Elapsed Time: 13.28s
2026-02-09 09:47:33,540 | INFO | Batch 100 | Loss: 1.2218 | Correct: 66/128 | Elapsed Time: 13.23s
2026-02-09 09:47:46,870 | INFO | Batch 110 | Loss: 1.3616 | Correct: 69/128 | Elapsed Time: 13.33s
2026-02-09 09:48:00,149 | INFO | Batch 120 | Loss: 1.1388 | Correct: 75/128 | Elapsed Time: 13.28s
2026-02-09 09:48:13,444 | INFO | Batch 130 | Loss: 1.1512 | Correct: 77/128 | Elapsed Time: 13.29s
2026-02-09 09:48:26,779 | INFO | Batch 140 | Loss: 1.1764 | Correct: 75/128 | Elapsed Time: 13.33s
2026-02-09 09:48:40,180 | INFO | Batch 150 | Loss: 1.0556 | Correct: 81/128 | Elapsed Time: 13.40s
2026-02-09 09:48:53,300 | INFO | Batch 160 | Loss: 1.2759 | Correct: 70/128 | Elapsed Time: 13.12s
2026-02-09 09:49:06,554 | INFO | Batch 170 | Loss: 1.2554 | Correct: 72/128 | Elapsed Time: 13.25s
2026-02-09 09:49:19,802 | INFO | Batch 180 | Loss: 1.1450 | Correct: 72/128 | Elapsed Time: 13.25s
2026-02-09 09:49:32,810 | INFO | Batch 190 | Loss: 1.2554 | Correct: 72/128 | Elapsed Time: 13.01s
2026-02-09 09:49:46,049 | INFO | Batch 200 | Loss: 1.2486 | Correct: 72/128 | Elapsed Time: 13.24s
2026-02-09 09:49:59,264 | INFO | Batch 210 | Loss: 1.3469 | Correct: 68/128 | Elapsed Time: 13.21s
2026-02-09 09:50:12,452 | INFO | Batch 220 | Loss: 1.3914 | Correct: 69/128 | Elapsed Time: 13.19s
2026-02-09 09:50:25,643 | INFO | Batch 230 | Loss: 1.1265 | Correct: 74/128 | Elapsed Time: 13.19s
2026-02-09 09:50:38,974 | INFO | Batch 240 | Loss: 1.2022 | Correct: 71/128 | Elapsed Time: 13.33s
2026-02-09 09:50:52,209 | INFO | Batch 250 | Loss: 1.1574 | Correct: 76/128 | Elapsed Time: 13.24s
2026-02-09 09:51:05,481 | INFO | Batch 260 | Loss: 1.2022 | Correct: 68/128 | Elapsed Time: 13.27s
2026-02-09 09:51:18,704 | INFO | Batch 270 | Loss: 1.2285 | Correct: 74/128 | Elapsed Time: 13.22s
2026-02-09 09:51:31,920 | INFO | Batch 280 | Loss: 1.1700 | Correct: 74/128 | Elapsed Time: 13.22s
2026-02-09 09:51:45,028 | INFO | Batch 290 | Loss: 1.1512 | Correct: 71/128 | Elapsed Time: 13.11s
2026-02-09 09:51:58,329 | INFO | Batch 300 | Loss: 1.2419 | Correct: 69/128 | Elapsed Time: 13.30s
2026-02-09 09:52:11,664 | INFO | Batch 310 | Loss: 1.2691 | Correct: 72/128 | Elapsed Time: 13.33s
2026-02-09 09:52:25,003 | INFO | Batch 320 | Loss: 1.2759 | Correct: 66/128 | Elapsed Time: 13.34s
2026-02-09 09:52:38,250 | INFO | Batch 330 | Loss: 1.0964 | Correct: 79/128 | Elapsed Time: 13.25s
2026-02-09 09:52:51,610 | INFO | Batch 340 | Loss: 1.2352 | Correct: 75/128 | Elapsed Time: 13.36s
2026-02-09 09:53:04,832 | INFO | Batch 350 | Loss: 1.1828 | Correct: 77/128 | Elapsed Time: 13.22s
2026-02-09 09:53:18,071 | INFO | Batch 360 | Loss: 1.2691 | Correct: 71/128 | Elapsed Time: 13.24s
2026-02-09 09:53:31,235 | INFO | Batch 370 | Loss: 1.3990 | Correct: 62/128 | Elapsed Time: 13.16s
2026-02-09 09:53:44,220 | INFO | Batch 380 | Loss: 1.1204 | Correct: 80/128 | Elapsed Time: 12.99s
2026-02-09 09:53:57,358 | INFO | Batch 390 | Loss: 1.2968 | Correct: 67/128 | Elapsed Time: 13.14s
2026-02-09 09:53:58,380 | INFO | Epoch [62/100] - Loss: 1.2279 | Correct: 28057/50000 (56.11%, 518.32s)
2026-02-09 09:54:45,419 | INFO | Validation - Loss: 1.2185 | Correct: 5662/10000 (56.62%) (47.04s)
2026-02-09 09:54:58,668 | INFO | Batch 10 | Loss: 1.4219 | Correct: 58/128 | Elapsed Time: 13.25s
2026-02-09 09:55:11,946 | INFO | Batch 20 | Loss: 1.2968 | Correct: 78/128 | Elapsed Time: 13.28s
2026-02-09 09:55:25,223 | INFO | Batch 30 | Loss: 1.1892 | Correct: 73/128 | Elapsed Time: 13.28s
2026-02-09 09:55:38,417 | INFO | Batch 40 | Loss: 1.1326 | Correct: 80/128 | Elapsed Time: 13.19s
2026-02-09 09:55:51,577 | INFO | Batch 50 | Loss: 1.4452 | Correct: 60/128 | Elapsed Time: 13.16s
2026-02-09 09:56:05,893 | INFO | Batch 60 | Loss: 1.2622 | Correct: 68/128 | Elapsed Time: 14.32s
2026-02-09 09:56:19,222 | INFO | Batch 70 | Loss: 1.1892 | Correct: 83/128 | Elapsed Time: 13.33s
2026-02-09 09:56:32,267 | INFO | Batch 80 | Loss: 1.3469 | Correct: 66/128 | Elapsed Time: 13.04s
2026-02-09 09:56:45,488 | INFO | Batch 90 | Loss: 1.2622 | Correct: 71/128 | Elapsed Time: 13.22s
2026-02-09 09:56:58,658 | INFO | Batch 100 | Loss: 1.1957 | Correct: 78/128 | Elapsed Time: 13.17s
2026-02-09 09:57:11,978 | INFO | Batch 110 | Loss: 1.4066 | Correct: 64/128 | Elapsed Time: 13.32s
2026-02-09 09:57:25,143 | INFO | Batch 120 | Loss: 1.1764 | Correct: 79/128 | Elapsed Time: 13.16s
2026-02-09 09:57:38,416 | INFO | Batch 130 | Loss: 1.1144 | Correct: 83/128 | Elapsed Time: 13.27s
2026-02-09 09:57:51,706 | INFO | Batch 140 | Loss: 1.0846 | Correct: 76/128 | Elapsed Time: 13.29s
2026-02-09 09:58:05,012 | INFO | Batch 150 | Loss: 1.3543 | Correct: 62/128 | Elapsed Time: 13.31s
2026-02-09 09:58:18,396 | INFO | Batch 160 | Loss: 1.0729 | Correct: 80/128 | Elapsed Time: 13.38s
2026-02-09 09:58:31,691 | INFO | Batch 170 | Loss: 1.1144 | Correct: 78/128 | Elapsed Time: 13.30s
2026-02-09 09:58:44,871 | INFO | Batch 180 | Loss: 1.2152 | Correct: 72/128 | Elapsed Time: 13.18s
2026-02-09 09:58:58,146 | INFO | Batch 190 | Loss: 1.4142 | Correct: 59/128 | Elapsed Time: 13.28s
2026-02-09 09:59:11,429 | INFO | Batch 200 | Loss: 1.1637 | Correct: 74/128 | Elapsed Time: 13.28s
2026-02-09 09:59:24,540 | INFO | Batch 210 | Loss: 1.2218 | Correct: 67/128 | Elapsed Time: 13.11s
2026-02-09 09:59:37,669 | INFO | Batch 220 | Loss: 1.1326 | Correct: 73/128 | Elapsed Time: 13.13s
2026-02-09 09:59:50,761 | INFO | Batch 230 | Loss: 1.3764 | Correct: 63/128 | Elapsed Time: 13.09s
2026-02-09 10:00:03,960 | INFO | Batch 240 | Loss: 1.3543 | Correct: 68/128 | Elapsed Time: 13.20s
2026-02-09 10:00:17,288 | INFO | Batch 250 | Loss: 1.1637 | Correct: 70/128 | Elapsed Time: 13.33s
2026-02-09 10:00:30,576 | INFO | Batch 260 | Loss: 1.2087 | Correct: 71/128 | Elapsed Time: 13.29s
2026-02-09 10:00:43,710 | INFO | Batch 270 | Loss: 1.2285 | Correct: 73/128 | Elapsed Time: 13.13s
2026-02-09 10:00:57,005 | INFO | Batch 280 | Loss: 1.2152 | Correct: 78/128 | Elapsed Time: 13.29s
2026-02-09 10:01:10,480 | INFO | Batch 290 | Loss: 1.1892 | Correct: 73/128 | Elapsed Time: 13.48s
2026-02-09 10:01:23,702 | INFO | Batch 300 | Loss: 1.2218 | Correct: 85/128 | Elapsed Time: 13.22s
2026-02-09 10:01:37,056 | INFO | Batch 310 | Loss: 1.2898 | Correct: 67/128 | Elapsed Time: 13.35s
2026-02-09 10:01:50,316 | INFO | Batch 320 | Loss: 1.0846 | Correct: 82/128 | Elapsed Time: 13.26s
2026-02-09 10:02:03,636 | INFO | Batch 330 | Loss: 1.0671 | Correct: 80/128 | Elapsed Time: 13.32s
2026-02-09 10:02:16,789 | INFO | Batch 340 | Loss: 1.1265 | Correct: 78/128 | Elapsed Time: 13.15s
2026-02-09 10:02:30,124 | INFO | Batch 350 | Loss: 1.4768 | Correct: 66/128 | Elapsed Time: 13.33s
2026-02-09 10:02:43,362 | INFO | Batch 360 | Loss: 1.1892 | Correct: 73/128 | Elapsed Time: 13.24s
2026-02-09 10:02:56,599 | INFO | Batch 370 | Loss: 1.0109 | Correct: 84/128 | Elapsed Time: 13.24s
2026-02-09 10:03:09,982 | INFO | Batch 380 | Loss: 1.3252 | Correct: 70/128 | Elapsed Time: 13.38s
2026-02-09 10:03:23,352 | INFO | Batch 390 | Loss: 1.2352 | Correct: 67/128 | Elapsed Time: 13.37s
2026-02-09 10:03:24,429 | INFO | Epoch [63/100] - Loss: 1.2277 | Correct: 28043/50000 (56.09%, 519.01s)
2026-02-09 10:04:11,427 | INFO | Validation - Loss: 1.2258 | Correct: 5651/10000 (56.51%) (47.00s)
2026-02-09 10:04:24,596 | INFO | Batch 10 | Loss: 1.0614 | Correct: 82/128 | Elapsed Time: 13.17s
2026-02-09 10:04:37,919 | INFO | Batch 20 | Loss: 1.3252 | Correct: 66/128 | Elapsed Time: 13.32s
2026-02-09 10:04:51,215 | INFO | Batch 30 | Loss: 1.3110 | Correct: 70/128 | Elapsed Time: 13.30s
2026-02-09 10:05:04,451 | INFO | Batch 40 | Loss: 1.3181 | Correct: 64/128 | Elapsed Time: 13.24s
2026-02-09 10:05:17,740 | INFO | Batch 50 | Loss: 1.0846 | Correct: 80/128 | Elapsed Time: 13.29s
2026-02-09 10:05:30,970 | INFO | Batch 60 | Loss: 1.2087 | Correct: 74/128 | Elapsed Time: 13.23s
2026-02-09 10:05:44,135 | INFO | Batch 70 | Loss: 1.1204 | Correct: 79/128 | Elapsed Time: 13.17s
2026-02-09 10:05:57,448 | INFO | Batch 80 | Loss: 1.2218 | Correct: 72/128 | Elapsed Time: 13.31s
2026-02-09 10:06:11,638 | INFO | Batch 90 | Loss: 1.3764 | Correct: 59/128 | Elapsed Time: 14.19s
2026-02-09 10:06:24,817 | INFO | Batch 100 | Loss: 1.2352 | Correct: 72/128 | Elapsed Time: 13.18s
2026-02-09 10:06:38,134 | INFO | Batch 110 | Loss: 1.2898 | Correct: 69/128 | Elapsed Time: 13.32s
2026-02-09 10:06:51,394 | INFO | Batch 120 | Loss: 1.1828 | Correct: 72/128 | Elapsed Time: 13.26s
2026-02-09 10:07:04,598 | INFO | Batch 130 | Loss: 1.3324 | Correct: 69/128 | Elapsed Time: 13.20s
2026-02-09 10:07:17,951 | INFO | Batch 140 | Loss: 1.2152 | Correct: 72/128 | Elapsed Time: 13.35s
2026-02-09 10:07:31,212 | INFO | Batch 150 | Loss: 1.2087 | Correct: 69/128 | Elapsed Time: 13.26s
2026-02-09 10:07:44,322 | INFO | Batch 160 | Loss: 1.1388 | Correct: 74/128 | Elapsed Time: 13.11s
2026-02-09 10:07:57,620 | INFO | Batch 170 | Loss: 1.2554 | Correct: 75/128 | Elapsed Time: 13.30s
2026-02-09 10:08:10,997 | INFO | Batch 180 | Loss: 1.1700 | Correct: 71/128 | Elapsed Time: 13.38s
2026-02-09 10:08:24,154 | INFO | Batch 190 | Loss: 1.1764 | Correct: 77/128 | Elapsed Time: 13.16s
2026-02-09 10:08:37,434 | INFO | Batch 200 | Loss: 1.1024 | Correct: 72/128 | Elapsed Time: 13.28s
2026-02-09 10:08:50,768 | INFO | Batch 210 | Loss: 1.0274 | Correct: 82/128 | Elapsed Time: 13.33s
2026-02-09 10:09:04,125 | INFO | Batch 220 | Loss: 1.2352 | Correct: 85/128 | Elapsed Time: 13.36s
2026-02-09 10:09:17,282 | INFO | Batch 230 | Loss: 1.2419 | Correct: 67/128 | Elapsed Time: 13.16s
2026-02-09 10:09:30,442 | INFO | Batch 240 | Loss: 1.1512 | Correct: 76/128 | Elapsed Time: 13.16s
2026-02-09 10:09:43,702 | INFO | Batch 250 | Loss: 1.0330 | Correct: 77/128 | Elapsed Time: 13.26s
2026-02-09 10:09:56,974 | INFO | Batch 260 | Loss: 1.1892 | Correct: 78/128 | Elapsed Time: 13.27s
2026-02-09 10:10:10,318 | INFO | Batch 270 | Loss: 1.1084 | Correct: 82/128 | Elapsed Time: 13.34s
2026-02-09 10:10:23,644 | INFO | Batch 280 | Loss: 1.1700 | Correct: 74/128 | Elapsed Time: 13.33s
2026-02-09 10:10:36,904 | INFO | Batch 290 | Loss: 1.0846 | Correct: 83/128 | Elapsed Time: 13.26s
2026-02-09 10:10:50,277 | INFO | Batch 300 | Loss: 1.1204 | Correct: 76/128 | Elapsed Time: 13.37s
2026-02-09 10:11:03,770 | INFO | Batch 310 | Loss: 1.2898 | Correct: 66/128 | Elapsed Time: 13.49s
2026-02-09 10:11:17,034 | INFO | Batch 320 | Loss: 1.1204 | Correct: 85/128 | Elapsed Time: 13.26s
2026-02-09 10:11:30,316 | INFO | Batch 330 | Loss: 1.2829 | Correct: 68/128 | Elapsed Time: 13.28s
2026-02-09 10:11:43,700 | INFO | Batch 340 | Loss: 1.0788 | Correct: 77/128 | Elapsed Time: 13.38s
2026-02-09 10:11:56,914 | INFO | Batch 350 | Loss: 1.3324 | Correct: 69/128 | Elapsed Time: 13.21s
2026-02-09 10:12:10,348 | INFO | Batch 360 | Loss: 1.1764 | Correct: 72/128 | Elapsed Time: 13.43s
2026-02-09 10:12:23,705 | INFO | Batch 370 | Loss: 1.2285 | Correct: 74/128 | Elapsed Time: 13.36s
2026-02-09 10:12:36,902 | INFO | Batch 380 | Loss: 1.2554 | Correct: 65/128 | Elapsed Time: 13.20s
2026-02-09 10:12:50,238 | INFO | Batch 390 | Loss: 1.2622 | Correct: 72/128 | Elapsed Time: 13.34s
2026-02-09 10:12:51,275 | INFO | Epoch [64/100] - Loss: 1.2244 | Correct: 28096/50000 (56.19%, 519.85s)
2026-02-09 10:13:38,605 | INFO | Validation - Loss: 1.2180 | Correct: 5655/10000 (56.55%) (47.33s)
2026-02-09 10:13:51,927 | INFO | Batch 10 | Loss: 1.2285 | Correct: 69/128 | Elapsed Time: 13.32s
2026-02-09 10:14:05,531 | INFO | Batch 20 | Loss: 1.2022 | Correct: 74/128 | Elapsed Time: 13.60s
2026-02-09 10:14:18,799 | INFO | Batch 30 | Loss: 1.2285 | Correct: 71/128 | Elapsed Time: 13.27s
2026-02-09 10:14:32,160 | INFO | Batch 40 | Loss: 1.2968 | Correct: 60/128 | Elapsed Time: 13.36s
2026-02-09 10:14:45,435 | INFO | Batch 50 | Loss: 1.1388 | Correct: 75/128 | Elapsed Time: 13.28s
2026-02-09 10:14:58,709 | INFO | Batch 60 | Loss: 1.3110 | Correct: 68/128 | Elapsed Time: 13.27s
2026-02-09 10:15:12,226 | INFO | Batch 70 | Loss: 1.2285 | Correct: 76/128 | Elapsed Time: 13.52s
2026-02-09 10:15:25,602 | INFO | Batch 80 | Loss: 1.1764 | Correct: 76/128 | Elapsed Time: 13.38s
2026-02-09 10:15:38,864 | INFO | Batch 90 | Loss: 1.2691 | Correct: 69/128 | Elapsed Time: 13.26s
2026-02-09 10:15:52,192 | INFO | Batch 100 | Loss: 1.0846 | Correct: 80/128 | Elapsed Time: 13.33s
2026-02-09 10:16:06,290 | INFO | Batch 110 | Loss: 1.2486 | Correct: 72/128 | Elapsed Time: 14.10s
2026-02-09 10:16:19,496 | INFO | Batch 120 | Loss: 1.1764 | Correct: 73/128 | Elapsed Time: 13.21s
2026-02-09 10:16:32,774 | INFO | Batch 130 | Loss: 1.0499 | Correct: 85/128 | Elapsed Time: 13.28s
2026-02-09 10:16:46,110 | INFO | Batch 140 | Loss: 1.1764 | Correct: 79/128 | Elapsed Time: 13.34s
2026-02-09 10:16:59,246 | INFO | Batch 150 | Loss: 1.2218 | Correct: 75/128 | Elapsed Time: 13.14s
2026-02-09 10:17:12,736 | INFO | Batch 160 | Loss: 1.1024 | Correct: 75/128 | Elapsed Time: 13.49s
2026-02-09 10:17:26,018 | INFO | Batch 170 | Loss: 1.4142 | Correct: 60/128 | Elapsed Time: 13.28s
2026-02-09 10:17:39,260 | INFO | Batch 180 | Loss: 1.1450 | Correct: 71/128 | Elapsed Time: 13.24s
2026-02-09 10:17:52,570 | INFO | Batch 190 | Loss: 1.3181 | Correct: 73/128 | Elapsed Time: 13.31s
2026-02-09 10:18:05,930 | INFO | Batch 200 | Loss: 1.3252 | Correct: 66/128 | Elapsed Time: 13.36s
2026-02-09 10:18:19,153 | INFO | Batch 210 | Loss: 1.3181 | Correct: 65/128 | Elapsed Time: 13.22s
2026-02-09 10:18:32,626 | INFO | Batch 220 | Loss: 1.0729 | Correct: 74/128 | Elapsed Time: 13.47s
2026-02-09 10:18:45,829 | INFO | Batch 230 | Loss: 1.2691 | Correct: 76/128 | Elapsed Time: 13.20s
2026-02-09 10:18:58,529 | INFO | Batch 240 | Loss: 1.3469 | Correct: 66/128 | Elapsed Time: 12.70s
2026-02-09 10:19:11,380 | INFO | Batch 250 | Loss: 1.1512 | Correct: 79/128 | Elapsed Time: 12.85s
2026-02-09 10:19:24,535 | INFO | Batch 260 | Loss: 1.2898 | Correct: 75/128 | Elapsed Time: 13.15s
2026-02-09 10:19:37,705 | INFO | Batch 270 | Loss: 1.2285 | Correct: 76/128 | Elapsed Time: 13.17s
2026-02-09 10:19:50,960 | INFO | Batch 280 | Loss: 1.3616 | Correct: 62/128 | Elapsed Time: 13.26s
2026-02-09 10:20:04,313 | INFO | Batch 290 | Loss: 1.2218 | Correct: 73/128 | Elapsed Time: 13.35s
2026-02-09 10:20:17,780 | INFO | Batch 300 | Loss: 1.2419 | Correct: 65/128 | Elapsed Time: 13.47s
2026-02-09 10:20:31,122 | INFO | Batch 310 | Loss: 1.3110 | Correct: 69/128 | Elapsed Time: 13.34s
2026-02-09 10:20:44,485 | INFO | Batch 320 | Loss: 1.2622 | Correct: 61/128 | Elapsed Time: 13.36s
2026-02-09 10:20:57,838 | INFO | Batch 330 | Loss: 1.3764 | Correct: 63/128 | Elapsed Time: 13.35s
2026-02-09 10:21:11,137 | INFO | Batch 340 | Loss: 1.3110 | Correct: 71/128 | Elapsed Time: 13.30s
2026-02-09 10:21:24,677 | INFO | Batch 350 | Loss: 1.2152 | Correct: 78/128 | Elapsed Time: 13.54s
2026-02-09 10:21:38,041 | INFO | Batch 360 | Loss: 1.2218 | Correct: 79/128 | Elapsed Time: 13.36s
2026-02-09 10:21:51,344 | INFO | Batch 370 | Loss: 1.2022 | Correct: 71/128 | Elapsed Time: 13.30s
2026-02-09 10:22:04,819 | INFO | Batch 380 | Loss: 1.0788 | Correct: 75/128 | Elapsed Time: 13.47s
2026-02-09 10:22:18,203 | INFO | Batch 390 | Loss: 1.2759 | Correct: 62/128 | Elapsed Time: 13.38s
2026-02-09 10:22:19,256 | INFO | Epoch [65/100] - Loss: 1.2269 | Correct: 28045/50000 (56.09%, 520.65s)
2026-02-09 10:23:06,590 | INFO | Validation - Loss: 1.2211 | Correct: 5617/10000 (56.17%) (47.33s)
2026-02-09 10:23:19,961 | INFO | Batch 10 | Loss: 1.3469 | Correct: 69/128 | Elapsed Time: 13.37s
2026-02-09 10:23:33,227 | INFO | Batch 20 | Loss: 1.3469 | Correct: 69/128 | Elapsed Time: 13.27s
2026-02-09 10:23:46,596 | INFO | Batch 30 | Loss: 1.1700 | Correct: 79/128 | Elapsed Time: 13.37s
2026-02-09 10:23:59,843 | INFO | Batch 40 | Loss: 1.1450 | Correct: 78/128 | Elapsed Time: 13.25s
2026-02-09 10:24:13,149 | INFO | Batch 50 | Loss: 1.2087 | Correct: 76/128 | Elapsed Time: 13.31s
2026-02-09 10:24:26,478 | INFO | Batch 60 | Loss: 1.2554 | Correct: 69/128 | Elapsed Time: 13.33s
2026-02-09 10:24:39,862 | INFO | Batch 70 | Loss: 1.1892 | Correct: 71/128 | Elapsed Time: 13.38s
2026-02-09 10:24:53,079 | INFO | Batch 80 | Loss: 1.1388 | Correct: 82/128 | Elapsed Time: 13.22s
2026-02-09 10:25:06,494 | INFO | Batch 90 | Loss: 1.2352 | Correct: 68/128 | Elapsed Time: 13.41s
2026-02-09 10:25:20,036 | INFO | Batch 100 | Loss: 1.1700 | Correct: 80/128 | Elapsed Time: 13.54s
2026-02-09 10:25:33,358 | INFO | Batch 110 | Loss: 1.2285 | Correct: 72/128 | Elapsed Time: 13.32s
2026-02-09 10:25:46,904 | INFO | Batch 120 | Loss: 1.1828 | Correct: 73/128 | Elapsed Time: 13.55s
2026-02-09 10:26:00,481 | INFO | Batch 130 | Loss: 1.1574 | Correct: 77/128 | Elapsed Time: 13.58s
2026-02-09 10:26:14,659 | INFO | Batch 140 | Loss: 1.2087 | Correct: 73/128 | Elapsed Time: 14.18s
2026-02-09 10:26:28,033 | INFO | Batch 150 | Loss: 1.1700 | Correct: 74/128 | Elapsed Time: 13.37s
2026-02-09 10:26:41,398 | INFO | Batch 160 | Loss: 1.2352 | Correct: 75/128 | Elapsed Time: 13.37s
2026-02-09 10:26:54,698 | INFO | Batch 170 | Loss: 1.2759 | Correct: 71/128 | Elapsed Time: 13.30s
2026-02-09 10:27:08,090 | INFO | Batch 180 | Loss: 1.1637 | Correct: 75/128 | Elapsed Time: 13.39s
2026-02-09 10:27:21,507 | INFO | Batch 190 | Loss: 1.1204 | Correct: 75/128 | Elapsed Time: 13.42s
2026-02-09 10:27:34,957 | INFO | Batch 200 | Loss: 1.2486 | Correct: 69/128 | Elapsed Time: 13.45s
2026-02-09 10:27:48,370 | INFO | Batch 210 | Loss: 1.1388 | Correct: 73/128 | Elapsed Time: 13.41s
2026-02-09 10:28:01,974 | INFO | Batch 220 | Loss: 1.4219 | Correct: 57/128 | Elapsed Time: 13.60s
2026-02-09 10:28:15,299 | INFO | Batch 230 | Loss: 1.3181 | Correct: 65/128 | Elapsed Time: 13.32s
2026-02-09 10:28:28,698 | INFO | Batch 240 | Loss: 1.0905 | Correct: 78/128 | Elapsed Time: 13.40s
2026-02-09 10:28:42,088 | INFO | Batch 250 | Loss: 1.2022 | Correct: 76/128 | Elapsed Time: 13.39s
2026-02-09 10:28:55,537 | INFO | Batch 260 | Loss: 1.1892 | Correct: 67/128 | Elapsed Time: 13.45s
2026-02-09 10:29:08,853 | INFO | Batch 270 | Loss: 1.3181 | Correct: 70/128 | Elapsed Time: 13.32s
2026-02-09 10:29:22,355 | INFO | Batch 280 | Loss: 1.2087 | Correct: 72/128 | Elapsed Time: 13.50s
2026-02-09 10:29:35,827 | INFO | Batch 290 | Loss: 1.1957 | Correct: 72/128 | Elapsed Time: 13.47s
2026-02-09 10:29:49,056 | INFO | Batch 300 | Loss: 1.2898 | Correct: 71/128 | Elapsed Time: 13.23s
2026-02-09 10:30:02,513 | INFO | Batch 310 | Loss: 1.3324 | Correct: 68/128 | Elapsed Time: 13.46s
2026-02-09 10:30:16,078 | INFO | Batch 320 | Loss: 1.1512 | Correct: 74/128 | Elapsed Time: 13.57s
2026-02-09 10:30:29,392 | INFO | Batch 330 | Loss: 1.0499 | Correct: 80/128 | Elapsed Time: 13.31s
2026-02-09 10:30:42,903 | INFO | Batch 340 | Loss: 1.1388 | Correct: 77/128 | Elapsed Time: 13.51s
2026-02-09 10:30:56,348 | INFO | Batch 350 | Loss: 1.2218 | Correct: 68/128 | Elapsed Time: 13.45s
2026-02-09 10:31:09,760 | INFO | Batch 360 | Loss: 1.2352 | Correct: 79/128 | Elapsed Time: 13.41s
2026-02-09 10:31:23,197 | INFO | Batch 370 | Loss: 1.2218 | Correct: 75/128 | Elapsed Time: 13.44s
2026-02-09 10:31:36,652 | INFO | Batch 380 | Loss: 1.2691 | Correct: 71/128 | Elapsed Time: 13.46s
2026-02-09 10:31:49,854 | INFO | Batch 390 | Loss: 1.1892 | Correct: 72/128 | Elapsed Time: 13.20s
2026-02-09 10:31:50,932 | INFO | Epoch [66/100] - Loss: 1.2272 | Correct: 28003/50000 (56.01%, 524.34s)
2026-02-09 10:32:38,450 | INFO | Validation - Loss: 1.2237 | Correct: 5626/10000 (56.26%) (47.52s)
2026-02-09 10:32:51,741 | INFO | Batch 10 | Loss: 1.1512 | Correct: 74/128 | Elapsed Time: 13.29s
2026-02-09 10:33:05,207 | INFO | Batch 20 | Loss: 1.1637 | Correct: 75/128 | Elapsed Time: 13.47s
2026-02-09 10:33:18,662 | INFO | Batch 30 | Loss: 1.1637 | Correct: 75/128 | Elapsed Time: 13.45s
2026-02-09 10:33:31,946 | INFO | Batch 40 | Loss: 1.1700 | Correct: 79/128 | Elapsed Time: 13.28s
2026-02-09 10:33:45,319 | INFO | Batch 50 | Loss: 1.0109 | Correct: 85/128 | Elapsed Time: 13.37s
2026-02-09 10:33:58,653 | INFO | Batch 60 | Loss: 1.0219 | Correct: 82/128 | Elapsed Time: 13.33s
2026-02-09 10:34:11,908 | INFO | Batch 70 | Loss: 1.2352 | Correct: 76/128 | Elapsed Time: 13.25s
2026-02-09 10:34:25,308 | INFO | Batch 80 | Loss: 1.2285 | Correct: 72/128 | Elapsed Time: 13.40s
2026-02-09 10:34:38,664 | INFO | Batch 90 | Loss: 1.2285 | Correct: 65/128 | Elapsed Time: 13.36s
2026-02-09 10:34:51,918 | INFO | Batch 100 | Loss: 1.4374 | Correct: 57/128 | Elapsed Time: 13.25s
2026-02-09 10:35:05,290 | INFO | Batch 110 | Loss: 1.4296 | Correct: 63/128 | Elapsed Time: 13.37s
2026-02-09 10:35:18,579 | INFO | Batch 120 | Loss: 1.1388 | Correct: 75/128 | Elapsed Time: 13.29s
2026-02-09 10:35:31,879 | INFO | Batch 130 | Loss: 1.1450 | Correct: 70/128 | Elapsed Time: 13.30s
2026-02-09 10:35:45,380 | INFO | Batch 140 | Loss: 0.9946 | Correct: 81/128 | Elapsed Time: 13.50s
2026-02-09 10:35:58,839 | INFO | Batch 150 | Loss: 1.2285 | Correct: 70/128 | Elapsed Time: 13.46s
2026-02-09 10:36:12,851 | INFO | Batch 160 | Loss: 1.2691 | Correct: 74/128 | Elapsed Time: 14.01s
2026-02-09 10:36:26,177 | INFO | Batch 170 | Loss: 1.2486 | Correct: 66/128 | Elapsed Time: 13.33s
2026-02-09 10:36:39,568 | INFO | Batch 180 | Loss: 1.2554 | Correct: 75/128 | Elapsed Time: 13.39s
2026-02-09 10:36:53,065 | INFO | Batch 190 | Loss: 1.1957 | Correct: 70/128 | Elapsed Time: 13.50s
2026-02-09 10:37:06,377 | INFO | Batch 200 | Loss: 1.3616 | Correct: 69/128 | Elapsed Time: 13.31s
2026-02-09 10:37:19,801 | INFO | Batch 210 | Loss: 1.4452 | Correct: 56/128 | Elapsed Time: 13.42s
2026-02-09 10:37:33,252 | INFO | Batch 220 | Loss: 1.0964 | Correct: 76/128 | Elapsed Time: 13.45s
2026-02-09 10:37:46,613 | INFO | Batch 230 | Loss: 1.2898 | Correct: 71/128 | Elapsed Time: 13.36s
2026-02-09 10:37:59,982 | INFO | Batch 240 | Loss: 1.3397 | Correct: 61/128 | Elapsed Time: 13.37s
2026-02-09 10:38:13,464 | INFO | Batch 250 | Loss: 1.2352 | Correct: 74/128 | Elapsed Time: 13.48s
2026-02-09 10:38:26,827 | INFO | Batch 260 | Loss: 1.2022 | Correct: 76/128 | Elapsed Time: 13.36s
2026-02-09 10:38:40,241 | INFO | Batch 270 | Loss: 1.2968 | Correct: 61/128 | Elapsed Time: 13.41s
2026-02-09 10:38:53,526 | INFO | Batch 280 | Loss: 1.3110 | Correct: 70/128 | Elapsed Time: 13.28s
2026-02-09 10:39:06,814 | INFO | Batch 290 | Loss: 1.0499 | Correct: 77/128 | Elapsed Time: 13.29s
2026-02-09 10:39:20,281 | INFO | Batch 300 | Loss: 1.3181 | Correct: 65/128 | Elapsed Time: 13.47s
2026-02-09 10:39:33,674 | INFO | Batch 310 | Loss: 1.4296 | Correct: 55/128 | Elapsed Time: 13.39s
2026-02-09 10:39:46,940 | INFO | Batch 320 | Loss: 1.1326 | Correct: 78/128 | Elapsed Time: 13.27s
2026-02-09 10:40:00,322 | INFO | Batch 330 | Loss: 1.2622 | Correct: 67/128 | Elapsed Time: 13.38s
2026-02-09 10:40:13,699 | INFO | Batch 340 | Loss: 1.2419 | Correct: 73/128 | Elapsed Time: 13.38s
2026-02-09 10:40:26,877 | INFO | Batch 350 | Loss: 1.2285 | Correct: 75/128 | Elapsed Time: 13.18s
2026-02-09 10:40:40,217 | INFO | Batch 360 | Loss: 1.1204 | Correct: 75/128 | Elapsed Time: 13.34s
2026-02-09 10:40:53,605 | INFO | Batch 370 | Loss: 1.1892 | Correct: 70/128 | Elapsed Time: 13.39s
2026-02-09 10:41:06,837 | INFO | Batch 380 | Loss: 1.2759 | Correct: 72/128 | Elapsed Time: 13.23s
2026-02-09 10:41:20,216 | INFO | Batch 390 | Loss: 1.0499 | Correct: 82/128 | Elapsed Time: 13.38s
2026-02-09 10:41:21,276 | INFO | Epoch [67/100] - Loss: 1.2215 | Correct: 28221/50000 (56.44%, 522.82s)
2026-02-09 10:42:08,830 | INFO | Validation - Loss: 1.2227 | Correct: 5627/10000 (56.27%) (47.55s)
2026-02-09 10:42:22,160 | INFO | Batch 10 | Loss: 1.3181 | Correct: 66/128 | Elapsed Time: 13.33s
2026-02-09 10:42:35,399 | INFO | Batch 20 | Loss: 1.1084 | Correct: 83/128 | Elapsed Time: 13.24s
2026-02-09 10:42:48,647 | INFO | Batch 30 | Loss: 1.2419 | Correct: 73/128 | Elapsed Time: 13.25s
2026-02-09 10:43:02,089 | INFO | Batch 40 | Loss: 1.3181 | Correct: 62/128 | Elapsed Time: 13.44s
2026-02-09 10:43:15,428 | INFO | Batch 50 | Loss: 1.0846 | Correct: 81/128 | Elapsed Time: 13.34s
2026-02-09 10:43:28,674 | INFO | Batch 60 | Loss: 1.2087 | Correct: 74/128 | Elapsed Time: 13.25s
2026-02-09 10:43:42,103 | INFO | Batch 70 | Loss: 1.1764 | Correct: 77/128 | Elapsed Time: 13.43s
2026-02-09 10:43:55,451 | INFO | Batch 80 | Loss: 1.2152 | Correct: 77/128 | Elapsed Time: 13.35s
2026-02-09 10:44:08,797 | INFO | Batch 90 | Loss: 1.1764 | Correct: 75/128 | Elapsed Time: 13.35s
2026-02-09 10:44:22,132 | INFO | Batch 100 | Loss: 1.1892 | Correct: 75/128 | Elapsed Time: 13.34s
2026-02-09 10:44:35,476 | INFO | Batch 110 | Loss: 1.2622 | Correct: 69/128 | Elapsed Time: 13.34s
2026-02-09 10:44:48,695 | INFO | Batch 120 | Loss: 1.1574 | Correct: 78/128 | Elapsed Time: 13.22s
2026-02-09 10:45:01,989 | INFO | Batch 130 | Loss: 1.0054 | Correct: 84/128 | Elapsed Time: 13.29s
2026-02-09 10:45:15,437 | INFO | Batch 140 | Loss: 1.0729 | Correct: 81/128 | Elapsed Time: 13.45s
2026-02-09 10:45:28,713 | INFO | Batch 150 | Loss: 1.2622 | Correct: 69/128 | Elapsed Time: 13.28s
2026-02-09 10:45:42,104 | INFO | Batch 160 | Loss: 1.1265 | Correct: 81/128 | Elapsed Time: 13.39s
2026-02-09 10:45:55,587 | INFO | Batch 170 | Loss: 1.1512 | Correct: 70/128 | Elapsed Time: 13.48s
2026-02-09 10:46:09,531 | INFO | Batch 180 | Loss: 1.3324 | Correct: 68/128 | Elapsed Time: 13.94s
2026-02-09 10:46:22,910 | INFO | Batch 190 | Loss: 1.3397 | Correct: 71/128 | Elapsed Time: 13.38s
2026-02-09 10:46:36,405 | INFO | Batch 200 | Loss: 1.2152 | Correct: 80/128 | Elapsed Time: 13.49s
2026-02-09 10:46:49,739 | INFO | Batch 210 | Loss: 1.3690 | Correct: 65/128 | Elapsed Time: 13.33s
2026-02-09 10:47:03,198 | INFO | Batch 220 | Loss: 1.1828 | Correct: 75/128 | Elapsed Time: 13.46s
2026-02-09 10:47:16,559 | INFO | Batch 230 | Loss: 1.2087 | Correct: 73/128 | Elapsed Time: 13.36s
2026-02-09 10:47:29,957 | INFO | Batch 240 | Loss: 1.2218 | Correct: 71/128 | Elapsed Time: 13.40s
2026-02-09 10:47:43,335 | INFO | Batch 250 | Loss: 1.2152 | Correct: 74/128 | Elapsed Time: 13.38s
2026-02-09 10:47:56,737 | INFO | Batch 260 | Loss: 1.2759 | Correct: 69/128 | Elapsed Time: 13.40s
2026-02-09 10:48:10,208 | INFO | Batch 270 | Loss: 1.3324 | Correct: 68/128 | Elapsed Time: 13.47s
2026-02-09 10:48:23,429 | INFO | Batch 280 | Loss: 1.2968 | Correct: 71/128 | Elapsed Time: 13.22s
2026-02-09 10:48:36,668 | INFO | Batch 290 | Loss: 1.3252 | Correct: 58/128 | Elapsed Time: 13.24s
2026-02-09 10:48:50,070 | INFO | Batch 300 | Loss: 1.2898 | Correct: 72/128 | Elapsed Time: 13.40s
2026-02-09 10:49:03,282 | INFO | Batch 310 | Loss: 1.1144 | Correct: 83/128 | Elapsed Time: 13.21s
2026-02-09 10:49:16,631 | INFO | Batch 320 | Loss: 1.2218 | Correct: 75/128 | Elapsed Time: 13.35s
2026-02-09 10:49:30,156 | INFO | Batch 330 | Loss: 1.2622 | Correct: 72/128 | Elapsed Time: 13.53s
2026-02-09 10:49:43,308 | INFO | Batch 340 | Loss: 1.3543 | Correct: 72/128 | Elapsed Time: 13.15s
2026-02-09 10:49:56,699 | INFO | Batch 350 | Loss: 1.2486 | Correct: 64/128 | Elapsed Time: 13.39s
2026-02-09 10:50:10,082 | INFO | Batch 360 | Loss: 1.2087 | Correct: 77/128 | Elapsed Time: 13.38s
2026-02-09 10:50:23,294 | INFO | Batch 370 | Loss: 1.2352 | Correct: 75/128 | Elapsed Time: 13.21s
2026-02-09 10:50:36,797 | INFO | Batch 380 | Loss: 1.1764 | Correct: 77/128 | Elapsed Time: 13.50s
2026-02-09 10:50:50,150 | INFO | Batch 390 | Loss: 1.1892 | Correct: 67/128 | Elapsed Time: 13.35s
2026-02-09 10:50:51,196 | INFO | Epoch [68/100] - Loss: 1.2133 | Correct: 28471/50000 (56.94%, 522.36s)
2026-02-09 10:51:38,626 | INFO | Validation - Loss: 1.2230 | Correct: 5593/10000 (55.93%) (47.43s)
2026-02-09 10:51:51,917 | INFO | Batch 10 | Loss: 1.1637 | Correct: 76/128 | Elapsed Time: 13.29s
2026-02-09 10:52:05,277 | INFO | Batch 20 | Loss: 1.1700 | Correct: 80/128 | Elapsed Time: 13.36s
2026-02-09 10:52:18,601 | INFO | Batch 30 | Loss: 1.4219 | Correct: 60/128 | Elapsed Time: 13.32s
2026-02-09 10:52:31,938 | INFO | Batch 40 | Loss: 1.2898 | Correct: 67/128 | Elapsed Time: 13.34s
2026-02-09 10:52:45,128 | INFO | Batch 50 | Loss: 1.1637 | Correct: 76/128 | Elapsed Time: 13.19s
2026-02-09 10:52:58,430 | INFO | Batch 60 | Loss: 1.1450 | Correct: 78/128 | Elapsed Time: 13.30s
2026-02-09 10:53:11,843 | INFO | Batch 70 | Loss: 1.3039 | Correct: 73/128 | Elapsed Time: 13.41s
2026-02-09 10:53:25,101 | INFO | Batch 80 | Loss: 1.1892 | Correct: 75/128 | Elapsed Time: 13.26s
2026-02-09 10:53:38,500 | INFO | Batch 90 | Loss: 1.2352 | Correct: 76/128 | Elapsed Time: 13.40s
2026-02-09 10:53:51,815 | INFO | Batch 100 | Loss: 1.3039 | Correct: 72/128 | Elapsed Time: 13.31s
2026-02-09 10:54:05,094 | INFO | Batch 110 | Loss: 1.1764 | Correct: 74/128 | Elapsed Time: 13.28s
2026-02-09 10:54:18,493 | INFO | Batch 120 | Loss: 1.0964 | Correct: 75/128 | Elapsed Time: 13.40s
2026-02-09 10:54:31,812 | INFO | Batch 130 | Loss: 1.1265 | Correct: 73/128 | Elapsed Time: 13.32s
2026-02-09 10:54:45,059 | INFO | Batch 140 | Loss: 1.0846 | Correct: 77/128 | Elapsed Time: 13.25s
2026-02-09 10:54:58,362 | INFO | Batch 150 | Loss: 1.3397 | Correct: 67/128 | Elapsed Time: 13.30s
2026-02-09 10:55:11,800 | INFO | Batch 160 | Loss: 1.1637 | Correct: 79/128 | Elapsed Time: 13.44s
2026-02-09 10:55:25,065 | INFO | Batch 170 | Loss: 1.0274 | Correct: 82/128 | Elapsed Time: 13.26s
2026-02-09 10:55:38,497 | INFO | Batch 180 | Loss: 1.2218 | Correct: 73/128 | Elapsed Time: 13.43s
2026-02-09 10:55:51,811 | INFO | Batch 190 | Loss: 1.1957 | Correct: 72/128 | Elapsed Time: 13.31s
2026-02-09 10:56:05,638 | INFO | Batch 200 | Loss: 1.2352 | Correct: 71/128 | Elapsed Time: 13.83s
2026-02-09 10:56:19,060 | INFO | Batch 210 | Loss: 1.1574 | Correct: 76/128 | Elapsed Time: 13.42s
2026-02-09 10:56:32,322 | INFO | Batch 220 | Loss: 1.3690 | Correct: 66/128 | Elapsed Time: 13.26s
2026-02-09 10:56:45,538 | INFO | Batch 230 | Loss: 1.3616 | Correct: 63/128 | Elapsed Time: 13.22s
2026-02-09 10:56:58,797 | INFO | Batch 240 | Loss: 1.3039 | Correct: 69/128 | Elapsed Time: 13.26s
2026-02-09 10:57:12,112 | INFO | Batch 250 | Loss: 1.2759 | Correct: 69/128 | Elapsed Time: 13.32s
2026-02-09 10:57:25,201 | INFO | Batch 260 | Loss: 1.2968 | Correct: 71/128 | Elapsed Time: 13.09s
2026-02-09 10:57:38,474 | INFO | Batch 270 | Loss: 1.3764 | Correct: 66/128 | Elapsed Time: 13.27s
2026-02-09 10:57:51,839 | INFO | Batch 280 | Loss: 1.1574 | Correct: 70/128 | Elapsed Time: 13.36s
2026-02-09 10:58:05,113 | INFO | Batch 290 | Loss: 1.1512 | Correct: 76/128 | Elapsed Time: 13.27s
2026-02-09 10:58:18,376 | INFO | Batch 300 | Loss: 1.0964 | Correct: 84/128 | Elapsed Time: 13.26s
2026-02-09 10:58:31,786 | INFO | Batch 310 | Loss: 0.9422 | Correct: 87/128 | Elapsed Time: 13.41s
2026-02-09 10:58:45,118 | INFO | Batch 320 | Loss: 1.0846 | Correct: 85/128 | Elapsed Time: 13.33s
2026-02-09 10:58:58,421 | INFO | Batch 330 | Loss: 1.0164 | Correct: 90/128 | Elapsed Time: 13.30s
2026-02-09 10:59:11,788 | INFO | Batch 340 | Loss: 1.0788 | Correct: 77/128 | Elapsed Time: 13.37s
2026-02-09 10:59:25,089 | INFO | Batch 350 | Loss: 1.2691 | Correct: 74/128 | Elapsed Time: 13.30s
2026-02-09 10:59:38,240 | INFO | Batch 360 | Loss: 1.1084 | Correct: 75/128 | Elapsed Time: 13.15s
2026-02-09 10:59:51,506 | INFO | Batch 370 | Loss: 1.4066 | Correct: 68/128 | Elapsed Time: 13.27s
2026-02-09 11:00:04,901 | INFO | Batch 380 | Loss: 1.1700 | Correct: 74/128 | Elapsed Time: 13.40s
2026-02-09 11:00:18,115 | INFO | Batch 390 | Loss: 1.3039 | Correct: 67/128 | Elapsed Time: 13.21s
2026-02-09 11:00:19,188 | INFO | Epoch [69/100] - Loss: 1.2156 | Correct: 28386/50000 (56.77%, 520.56s)
2026-02-09 11:01:06,613 | INFO | Validation - Loss: 1.2323 | Correct: 5589/10000 (55.89%) (47.42s)
2026-02-09 11:01:19,931 | INFO | Batch 10 | Loss: 1.3616 | Correct: 66/128 | Elapsed Time: 13.32s
2026-02-09 11:01:33,277 | INFO | Batch 20 | Loss: 1.1204 | Correct: 79/128 | Elapsed Time: 13.35s
2026-02-09 11:01:46,500 | INFO | Batch 30 | Loss: 1.1637 | Correct: 81/128 | Elapsed Time: 13.22s
2026-02-09 11:01:59,825 | INFO | Batch 40 | Loss: 1.2691 | Correct: 69/128 | Elapsed Time: 13.32s
2026-02-09 11:02:13,126 | INFO | Batch 50 | Loss: 1.1764 | Correct: 70/128 | Elapsed Time: 13.30s
2026-02-09 11:02:26,415 | INFO | Batch 60 | Loss: 1.1512 | Correct: 70/128 | Elapsed Time: 13.29s
2026-02-09 11:02:39,706 | INFO | Batch 70 | Loss: 1.0054 | Correct: 81/128 | Elapsed Time: 13.29s
2026-02-09 11:02:53,186 | INFO | Batch 80 | Loss: 1.1388 | Correct: 79/128 | Elapsed Time: 13.48s
2026-02-09 11:03:06,613 | INFO | Batch 90 | Loss: 1.1326 | Correct: 75/128 | Elapsed Time: 13.43s
2026-02-09 11:03:19,892 | INFO | Batch 100 | Loss: 1.2087 | Correct: 78/128 | Elapsed Time: 13.28s
2026-02-09 11:03:33,218 | INFO | Batch 110 | Loss: 1.5760 | Correct: 59/128 | Elapsed Time: 13.33s
2026-02-09 11:03:46,713 | INFO | Batch 120 | Loss: 1.2691 | Correct: 69/128 | Elapsed Time: 13.50s
2026-02-09 11:03:59,901 | INFO | Batch 130 | Loss: 1.2152 | Correct: 74/128 | Elapsed Time: 13.19s
2026-02-09 11:04:13,273 | INFO | Batch 140 | Loss: 1.2554 | Correct: 71/128 | Elapsed Time: 13.37s
2026-02-09 11:04:26,655 | INFO | Batch 150 | Loss: 1.2829 | Correct: 65/128 | Elapsed Time: 13.38s
2026-02-09 11:04:40,013 | INFO | Batch 160 | Loss: 1.0000 | Correct: 85/128 | Elapsed Time: 13.36s
2026-02-09 11:04:53,424 | INFO | Batch 170 | Loss: 1.3690 | Correct: 64/128 | Elapsed Time: 13.41s
2026-02-09 11:05:06,926 | INFO | Batch 180 | Loss: 1.1764 | Correct: 68/128 | Elapsed Time: 13.50s
2026-02-09 11:05:20,173 | INFO | Batch 190 | Loss: 1.1084 | Correct: 81/128 | Elapsed Time: 13.25s
2026-02-09 11:05:33,621 | INFO | Batch 200 | Loss: 1.0330 | Correct: 89/128 | Elapsed Time: 13.45s
2026-02-09 11:05:46,922 | INFO | Batch 210 | Loss: 1.1637 | Correct: 79/128 | Elapsed Time: 13.30s
2026-02-09 11:06:00,224 | INFO | Batch 220 | Loss: 1.2087 | Correct: 72/128 | Elapsed Time: 13.30s
2026-02-09 11:06:14,283 | INFO | Batch 230 | Loss: 1.2285 | Correct: 71/128 | Elapsed Time: 14.06s
2026-02-09 11:06:27,774 | INFO | Batch 240 | Loss: 1.1957 | Correct: 77/128 | Elapsed Time: 13.49s
2026-02-09 11:06:40,993 | INFO | Batch 250 | Loss: 1.1512 | Correct: 73/128 | Elapsed Time: 13.22s
2026-02-09 11:06:54,315 | INFO | Batch 260 | Loss: 1.1764 | Correct: 73/128 | Elapsed Time: 13.32s
2026-02-09 11:07:07,735 | INFO | Batch 270 | Loss: 1.2352 | Correct: 73/128 | Elapsed Time: 13.42s
2026-02-09 11:07:21,112 | INFO | Batch 280 | Loss: 1.2218 | Correct: 74/128 | Elapsed Time: 13.38s
2026-02-09 11:07:34,331 | INFO | Batch 290 | Loss: 1.1637 | Correct: 74/128 | Elapsed Time: 13.22s
2026-02-09 11:07:47,511 | INFO | Batch 300 | Loss: 1.2486 | Correct: 70/128 | Elapsed Time: 13.18s
2026-02-09 11:08:00,771 | INFO | Batch 310 | Loss: 1.2486 | Correct: 68/128 | Elapsed Time: 13.26s
2026-02-09 11:08:13,916 | INFO | Batch 320 | Loss: 1.1892 | Correct: 76/128 | Elapsed Time: 13.14s
2026-02-09 11:08:27,149 | INFO | Batch 330 | Loss: 1.1512 | Correct: 78/128 | Elapsed Time: 13.23s
2026-02-09 11:08:40,448 | INFO | Batch 340 | Loss: 1.2087 | Correct: 67/128 | Elapsed Time: 13.30s
2026-02-09 11:08:53,588 | INFO | Batch 350 | Loss: 1.0729 | Correct: 78/128 | Elapsed Time: 13.14s
2026-02-09 11:09:06,945 | INFO | Batch 360 | Loss: 1.1637 | Correct: 82/128 | Elapsed Time: 13.36s
2026-02-09 11:09:20,191 | INFO | Batch 370 | Loss: 1.2087 | Correct: 76/128 | Elapsed Time: 13.25s
2026-02-09 11:09:33,302 | INFO | Batch 380 | Loss: 1.2486 | Correct: 71/128 | Elapsed Time: 13.11s
2026-02-09 11:09:46,508 | INFO | Batch 390 | Loss: 1.2218 | Correct: 67/128 | Elapsed Time: 13.21s
2026-02-09 11:09:47,576 | INFO | Epoch [70/100] - Loss: 1.2172 | Correct: 28187/50000 (56.37%, 520.96s)
2026-02-09 11:10:34,787 | INFO | Validation - Loss: 1.2416 | Correct: 5569/10000 (55.69%) (47.21s)
2026-02-09 11:10:48,132 | INFO | Batch 10 | Loss: 1.2829 | Correct: 68/128 | Elapsed Time: 13.34s
2026-02-09 11:11:01,224 | INFO | Batch 20 | Loss: 1.1892 | Correct: 74/128 | Elapsed Time: 13.09s
2026-02-09 11:11:14,600 | INFO | Batch 30 | Loss: 1.2554 | Correct: 71/128 | Elapsed Time: 13.38s
2026-02-09 11:11:27,825 | INFO | Batch 40 | Loss: 1.1637 | Correct: 76/128 | Elapsed Time: 13.22s
2026-02-09 11:11:40,980 | INFO | Batch 50 | Loss: 1.2968 | Correct: 72/128 | Elapsed Time: 13.16s
2026-02-09 11:11:54,288 | INFO | Batch 60 | Loss: 1.0219 | Correct: 81/128 | Elapsed Time: 13.31s
2026-02-09 11:12:07,607 | INFO | Batch 70 | Loss: 1.0905 | Correct: 78/128 | Elapsed Time: 13.32s
2026-02-09 11:12:20,707 | INFO | Batch 80 | Loss: 1.1637 | Correct: 75/128 | Elapsed Time: 13.10s
2026-02-09 11:12:33,997 | INFO | Batch 90 | Loss: 1.0905 | Correct: 73/128 | Elapsed Time: 13.29s
2026-02-09 11:12:47,306 | INFO | Batch 100 | Loss: 1.2419 | Correct: 71/128 | Elapsed Time: 13.31s
2026-02-09 11:13:00,568 | INFO | Batch 110 | Loss: 1.1450 | Correct: 74/128 | Elapsed Time: 13.26s
2026-02-09 11:13:13,791 | INFO | Batch 120 | Loss: 1.1828 | Correct: 75/128 | Elapsed Time: 13.22s
2026-02-09 11:13:27,003 | INFO | Batch 130 | Loss: 1.3039 | Correct: 70/128 | Elapsed Time: 13.21s
2026-02-09 11:13:40,323 | INFO | Batch 140 | Loss: 1.2759 | Correct: 68/128 | Elapsed Time: 13.32s
2026-02-09 11:13:53,416 | INFO | Batch 150 | Loss: 1.1574 | Correct: 72/128 | Elapsed Time: 13.09s
2026-02-09 11:14:06,724 | INFO | Batch 160 | Loss: 1.2022 | Correct: 70/128 | Elapsed Time: 13.31s
2026-02-09 11:14:19,960 | INFO | Batch 170 | Loss: 1.3397 | Correct: 69/128 | Elapsed Time: 13.24s
2026-02-09 11:14:33,191 | INFO | Batch 180 | Loss: 1.3324 | Correct: 67/128 | Elapsed Time: 13.23s
2026-02-09 11:14:46,532 | INFO | Batch 190 | Loss: 0.9680 | Correct: 80/128 | Elapsed Time: 13.34s
2026-02-09 11:14:59,868 | INFO | Batch 200 | Loss: 1.3469 | Correct: 63/128 | Elapsed Time: 13.34s
2026-02-09 11:15:13,140 | INFO | Batch 210 | Loss: 1.1084 | Correct: 76/128 | Elapsed Time: 13.27s
2026-02-09 11:15:26,432 | INFO | Batch 220 | Loss: 1.1388 | Correct: 77/128 | Elapsed Time: 13.29s
2026-02-09 11:15:39,757 | INFO | Batch 230 | Loss: 1.2087 | Correct: 70/128 | Elapsed Time: 13.33s
2026-02-09 11:15:52,998 | INFO | Batch 240 | Loss: 1.3397 | Correct: 70/128 | Elapsed Time: 13.24s
2026-02-09 11:16:06,967 | INFO | Batch 250 | Loss: 1.1764 | Correct: 79/128 | Elapsed Time: 13.97s
2026-02-09 11:16:20,216 | INFO | Batch 260 | Loss: 1.2419 | Correct: 72/128 | Elapsed Time: 13.25s
2026-02-09 11:16:33,394 | INFO | Batch 270 | Loss: 1.2218 | Correct: 69/128 | Elapsed Time: 13.18s
2026-02-09 11:16:46,722 | INFO | Batch 280 | Loss: 1.0729 | Correct: 75/128 | Elapsed Time: 13.33s
2026-02-09 11:17:00,024 | INFO | Batch 290 | Loss: 1.2285 | Correct: 70/128 | Elapsed Time: 13.30s
2026-02-09 11:17:13,188 | INFO | Batch 300 | Loss: 1.1764 | Correct: 82/128 | Elapsed Time: 13.16s
2026-02-09 11:17:26,525 | INFO | Batch 310 | Loss: 1.0729 | Correct: 82/128 | Elapsed Time: 13.34s
2026-02-09 11:17:39,799 | INFO | Batch 320 | Loss: 1.1450 | Correct: 74/128 | Elapsed Time: 13.27s
2026-02-09 11:17:53,088 | INFO | Batch 330 | Loss: 1.1574 | Correct: 76/128 | Elapsed Time: 13.29s
2026-02-09 11:18:06,349 | INFO | Batch 340 | Loss: 1.1957 | Correct: 78/128 | Elapsed Time: 13.26s
2026-02-09 11:18:19,709 | INFO | Batch 350 | Loss: 1.1450 | Correct: 74/128 | Elapsed Time: 13.36s
2026-02-09 11:18:32,952 | INFO | Batch 360 | Loss: 1.1892 | Correct: 72/128 | Elapsed Time: 13.24s
2026-02-09 11:18:46,109 | INFO | Batch 370 | Loss: 1.4848 | Correct: 61/128 | Elapsed Time: 13.16s
2026-02-09 11:18:59,336 | INFO | Batch 380 | Loss: 1.3252 | Correct: 74/128 | Elapsed Time: 13.23s
2026-02-09 11:19:12,619 | INFO | Batch 390 | Loss: 1.1828 | Correct: 73/128 | Elapsed Time: 13.28s
2026-02-09 11:19:13,701 | INFO | Epoch [71/100] - Loss: 1.2157 | Correct: 28213/50000 (56.43%, 518.91s)
2026-02-09 11:20:00,907 | INFO | Validation - Loss: 1.2272 | Correct: 5631/10000 (56.31%) (47.20s)
2026-02-09 11:20:14,143 | INFO | Batch 10 | Loss: 1.1144 | Correct: 78/128 | Elapsed Time: 13.23s
2026-02-09 11:20:27,412 | INFO | Batch 20 | Loss: 1.3039 | Correct: 73/128 | Elapsed Time: 13.27s
2026-02-09 11:20:40,610 | INFO | Batch 30 | Loss: 1.2152 | Correct: 69/128 | Elapsed Time: 13.20s
2026-02-09 11:20:53,848 | INFO | Batch 40 | Loss: 1.2087 | Correct: 80/128 | Elapsed Time: 13.24s
2026-02-09 11:21:07,220 | INFO | Batch 50 | Loss: 1.1326 | Correct: 74/128 | Elapsed Time: 13.37s
2026-02-09 11:21:20,029 | INFO | Batch 60 | Loss: 1.1828 | Correct: 78/128 | Elapsed Time: 12.81s
2026-02-09 11:21:32,651 | INFO | Batch 70 | Loss: 1.1892 | Correct: 69/128 | Elapsed Time: 12.62s
2026-02-09 11:21:45,521 | INFO | Batch 80 | Loss: 1.2419 | Correct: 71/128 | Elapsed Time: 12.87s
2026-02-09 11:21:58,791 | INFO | Batch 90 | Loss: 1.1764 | Correct: 79/128 | Elapsed Time: 13.27s
2026-02-09 11:22:11,976 | INFO | Batch 100 | Loss: 1.3252 | Correct: 66/128 | Elapsed Time: 13.18s
2026-02-09 11:22:25,234 | INFO | Batch 110 | Loss: 1.2285 | Correct: 70/128 | Elapsed Time: 13.26s
2026-02-09 11:22:38,427 | INFO | Batch 120 | Loss: 1.1764 | Correct: 77/128 | Elapsed Time: 13.19s
2026-02-09 11:22:51,701 | INFO | Batch 130 | Loss: 1.0964 | Correct: 74/128 | Elapsed Time: 13.27s
2026-02-09 11:23:04,981 | INFO | Batch 140 | Loss: 1.2285 | Correct: 73/128 | Elapsed Time: 13.28s
2026-02-09 11:23:18,261 | INFO | Batch 150 | Loss: 1.1512 | Correct: 74/128 | Elapsed Time: 13.28s
2026-02-09 11:23:31,375 | INFO | Batch 160 | Loss: 1.1700 | Correct: 75/128 | Elapsed Time: 13.11s
2026-02-09 11:23:44,592 | INFO | Batch 170 | Loss: 1.2285 | Correct: 66/128 | Elapsed Time: 13.22s
2026-02-09 11:23:57,896 | INFO | Batch 180 | Loss: 1.2352 | Correct: 68/128 | Elapsed Time: 13.30s
2026-02-09 11:24:11,227 | INFO | Batch 190 | Loss: 1.2898 | Correct: 68/128 | Elapsed Time: 13.33s
2026-02-09 11:24:24,525 | INFO | Batch 200 | Loss: 1.2352 | Correct: 72/128 | Elapsed Time: 13.30s
2026-02-09 11:24:37,779 | INFO | Batch 210 | Loss: 1.0614 | Correct: 83/128 | Elapsed Time: 13.25s
2026-02-09 11:24:51,080 | INFO | Batch 220 | Loss: 1.1892 | Correct: 71/128 | Elapsed Time: 13.30s
2026-02-09 11:25:04,418 | INFO | Batch 230 | Loss: 1.1450 | Correct: 75/128 | Elapsed Time: 13.34s
2026-02-09 11:25:17,719 | INFO | Batch 240 | Loss: 1.1204 | Correct: 82/128 | Elapsed Time: 13.30s
2026-02-09 11:25:31,139 | INFO | Batch 250 | Loss: 1.3039 | Correct: 73/128 | Elapsed Time: 13.42s
2026-02-09 11:25:44,301 | INFO | Batch 260 | Loss: 1.3397 | Correct: 64/128 | Elapsed Time: 13.16s
2026-02-09 11:25:57,599 | INFO | Batch 270 | Loss: 1.1450 | Correct: 70/128 | Elapsed Time: 13.30s
2026-02-09 11:26:11,566 | INFO | Batch 280 | Loss: 1.0846 | Correct: 76/128 | Elapsed Time: 13.97s
2026-02-09 11:26:24,716 | INFO | Batch 290 | Loss: 1.2087 | Correct: 75/128 | Elapsed Time: 13.15s
2026-02-09 11:26:37,944 | INFO | Batch 300 | Loss: 1.1892 | Correct: 70/128 | Elapsed Time: 13.23s
2026-02-09 11:26:51,233 | INFO | Batch 310 | Loss: 1.1957 | Correct: 65/128 | Elapsed Time: 13.29s
2026-02-09 11:27:04,402 | INFO | Batch 320 | Loss: 1.1957 | Correct: 74/128 | Elapsed Time: 13.17s
2026-02-09 11:27:17,719 | INFO | Batch 330 | Loss: 1.1764 | Correct: 74/128 | Elapsed Time: 13.32s
2026-02-09 11:27:31,019 | INFO | Batch 340 | Loss: 1.2419 | Correct: 68/128 | Elapsed Time: 13.30s
2026-02-09 11:27:44,194 | INFO | Batch 350 | Loss: 1.3181 | Correct: 65/128 | Elapsed Time: 13.17s
2026-02-09 11:27:57,506 | INFO | Batch 360 | Loss: 1.2759 | Correct: 68/128 | Elapsed Time: 13.31s
2026-02-09 11:28:10,875 | INFO | Batch 370 | Loss: 1.1892 | Correct: 72/128 | Elapsed Time: 13.37s
2026-02-09 11:28:24,062 | INFO | Batch 380 | Loss: 1.3914 | Correct: 57/128 | Elapsed Time: 13.19s
2026-02-09 11:28:37,453 | INFO | Batch 390 | Loss: 1.2759 | Correct: 71/128 | Elapsed Time: 13.39s
2026-02-09 11:28:38,519 | INFO | Epoch [72/100] - Loss: 1.2152 | Correct: 28252/50000 (56.50%, 517.61s)
2026-02-09 11:29:25,511 | INFO | Validation - Loss: 1.2220 | Correct: 5661/10000 (56.61%) (46.99s)
2026-02-09 11:29:38,720 | INFO | Batch 10 | Loss: 1.2968 | Correct: 68/128 | Elapsed Time: 13.21s
2026-02-09 11:29:52,018 | INFO | Batch 20 | Loss: 1.2087 | Correct: 68/128 | Elapsed Time: 13.30s
2026-02-09 11:30:05,163 | INFO | Batch 30 | Loss: 1.1265 | Correct: 74/128 | Elapsed Time: 13.15s
2026-02-09 11:30:18,488 | INFO | Batch 40 | Loss: 1.0964 | Correct: 75/128 | Elapsed Time: 13.33s
2026-02-09 11:30:31,735 | INFO | Batch 50 | Loss: 1.2622 | Correct: 70/128 | Elapsed Time: 13.25s
2026-02-09 11:30:44,880 | INFO | Batch 60 | Loss: 1.0905 | Correct: 76/128 | Elapsed Time: 13.15s
2026-02-09 11:30:58,250 | INFO | Batch 70 | Loss: 1.3252 | Correct: 63/128 | Elapsed Time: 13.37s
2026-02-09 11:31:11,761 | INFO | Batch 80 | Loss: 0.9422 | Correct: 86/128 | Elapsed Time: 13.51s
2026-02-09 11:31:24,945 | INFO | Batch 90 | Loss: 1.3324 | Correct: 68/128 | Elapsed Time: 13.18s
2026-02-09 11:31:38,205 | INFO | Batch 100 | Loss: 1.1957 | Correct: 75/128 | Elapsed Time: 13.26s
2026-02-09 11:31:51,494 | INFO | Batch 110 | Loss: 1.1265 | Correct: 73/128 | Elapsed Time: 13.29s
2026-02-09 11:32:04,760 | INFO | Batch 120 | Loss: 1.4142 | Correct: 62/128 | Elapsed Time: 13.27s
2026-02-09 11:32:17,961 | INFO | Batch 130 | Loss: 1.1574 | Correct: 75/128 | Elapsed Time: 13.20s
2026-02-09 11:32:31,295 | INFO | Batch 140 | Loss: 1.1957 | Correct: 69/128 | Elapsed Time: 13.33s
2026-02-09 11:32:44,581 | INFO | Batch 150 | Loss: 1.0846 | Correct: 80/128 | Elapsed Time: 13.29s
2026-02-09 11:32:57,928 | INFO | Batch 160 | Loss: 1.1326 | Correct: 77/128 | Elapsed Time: 13.35s
2026-02-09 11:33:11,180 | INFO | Batch 170 | Loss: 1.0729 | Correct: 75/128 | Elapsed Time: 13.25s
2026-02-09 11:33:24,317 | INFO | Batch 180 | Loss: 1.2087 | Correct: 77/128 | Elapsed Time: 13.14s
2026-02-09 11:33:37,518 | INFO | Batch 190 | Loss: 1.2829 | Correct: 64/128 | Elapsed Time: 13.20s
2026-02-09 11:33:50,810 | INFO | Batch 200 | Loss: 1.2554 | Correct: 72/128 | Elapsed Time: 13.29s
2026-02-09 11:34:04,039 | INFO | Batch 210 | Loss: 1.2152 | Correct: 76/128 | Elapsed Time: 13.23s
2026-02-09 11:34:17,291 | INFO | Batch 220 | Loss: 1.1764 | Correct: 78/128 | Elapsed Time: 13.25s
2026-02-09 11:34:30,602 | INFO | Batch 230 | Loss: 1.3039 | Correct: 70/128 | Elapsed Time: 13.31s
2026-02-09 11:34:43,754 | INFO | Batch 240 | Loss: 1.2968 | Correct: 68/128 | Elapsed Time: 13.15s
2026-02-09 11:34:56,974 | INFO | Batch 250 | Loss: 1.0964 | Correct: 77/128 | Elapsed Time: 13.22s
2026-02-09 11:35:10,270 | INFO | Batch 260 | Loss: 1.2554 | Correct: 69/128 | Elapsed Time: 13.30s
2026-02-09 11:35:23,389 | INFO | Batch 270 | Loss: 1.1892 | Correct: 74/128 | Elapsed Time: 13.12s
2026-02-09 11:35:36,622 | INFO | Batch 280 | Loss: 1.2554 | Correct: 69/128 | Elapsed Time: 13.23s
2026-02-09 11:35:49,866 | INFO | Batch 290 | Loss: 1.1828 | Correct: 76/128 | Elapsed Time: 13.24s
2026-02-09 11:36:03,350 | INFO | Batch 300 | Loss: 1.1574 | Correct: 81/128 | Elapsed Time: 13.48s
2026-02-09 11:36:16,756 | INFO | Batch 310 | Loss: 1.2486 | Correct: 71/128 | Elapsed Time: 13.41s
2026-02-09 11:36:30,040 | INFO | Batch 320 | Loss: 1.1084 | Correct: 76/128 | Elapsed Time: 13.28s
2026-02-09 11:36:43,202 | INFO | Batch 330 | Loss: 1.2285 | Correct: 71/128 | Elapsed Time: 13.16s
2026-02-09 11:36:56,385 | INFO | Batch 340 | Loss: 1.2554 | Correct: 70/128 | Elapsed Time: 13.18s
2026-02-09 11:37:09,604 | INFO | Batch 350 | Loss: 1.0846 | Correct: 73/128 | Elapsed Time: 13.22s
2026-02-09 11:37:22,789 | INFO | Batch 360 | Loss: 1.1326 | Correct: 75/128 | Elapsed Time: 13.18s
2026-02-09 11:37:36,011 | INFO | Batch 370 | Loss: 1.1204 | Correct: 77/128 | Elapsed Time: 13.22s
2026-02-09 11:37:49,286 | INFO | Batch 380 | Loss: 1.2152 | Correct: 72/128 | Elapsed Time: 13.28s
2026-02-09 11:38:02,643 | INFO | Batch 390 | Loss: 1.2968 | Correct: 72/128 | Elapsed Time: 13.36s
2026-02-09 11:38:03,746 | INFO | Epoch [73/100] - Loss: 1.2108 | Correct: 28329/50000 (56.66%, 518.23s)
2026-02-09 11:38:50,628 | INFO | Validation - Loss: 1.2202 | Correct: 5635/10000 (56.35%) (46.88s)
2026-02-09 11:39:03,870 | INFO | Batch 10 | Loss: 1.1512 | Correct: 73/128 | Elapsed Time: 13.24s
2026-02-09 11:39:17,089 | INFO | Batch 20 | Loss: 1.2968 | Correct: 66/128 | Elapsed Time: 13.22s
2026-02-09 11:39:30,376 | INFO | Batch 30 | Loss: 1.1828 | Correct: 71/128 | Elapsed Time: 13.29s
2026-02-09 11:39:43,694 | INFO | Batch 40 | Loss: 1.1892 | Correct: 72/128 | Elapsed Time: 13.32s
2026-02-09 11:39:56,917 | INFO | Batch 50 | Loss: 1.2022 | Correct: 69/128 | Elapsed Time: 13.22s
2026-02-09 11:40:10,166 | INFO | Batch 60 | Loss: 1.3616 | Correct: 61/128 | Elapsed Time: 13.25s
2026-02-09 11:40:23,529 | INFO | Batch 70 | Loss: 1.3397 | Correct: 64/128 | Elapsed Time: 13.36s
2026-02-09 11:40:36,582 | INFO | Batch 80 | Loss: 1.2218 | Correct: 73/128 | Elapsed Time: 13.05s
2026-02-09 11:40:49,768 | INFO | Batch 90 | Loss: 1.3324 | Correct: 72/128 | Elapsed Time: 13.19s
2026-02-09 11:41:02,987 | INFO | Batch 100 | Loss: 1.1892 | Correct: 73/128 | Elapsed Time: 13.22s
2026-02-09 11:41:16,214 | INFO | Batch 110 | Loss: 1.1326 | Correct: 72/128 | Elapsed Time: 13.23s
2026-02-09 11:41:29,630 | INFO | Batch 120 | Loss: 1.1828 | Correct: 77/128 | Elapsed Time: 13.42s
2026-02-09 11:41:42,957 | INFO | Batch 130 | Loss: 1.3616 | Correct: 74/128 | Elapsed Time: 13.33s
2026-02-09 11:41:56,104 | INFO | Batch 140 | Loss: 1.2352 | Correct: 75/128 | Elapsed Time: 13.15s
2026-02-09 11:42:09,291 | INFO | Batch 150 | Loss: 1.2554 | Correct: 64/128 | Elapsed Time: 13.19s
2026-02-09 11:42:22,408 | INFO | Batch 160 | Loss: 1.2554 | Correct: 70/128 | Elapsed Time: 13.12s
2026-02-09 11:42:35,564 | INFO | Batch 170 | Loss: 1.0556 | Correct: 79/128 | Elapsed Time: 13.16s
2026-02-09 11:42:48,819 | INFO | Batch 180 | Loss: 1.0788 | Correct: 78/128 | Elapsed Time: 13.26s
2026-02-09 11:43:02,041 | INFO | Batch 190 | Loss: 1.4609 | Correct: 61/128 | Elapsed Time: 13.22s
2026-02-09 11:43:15,264 | INFO | Batch 200 | Loss: 1.0846 | Correct: 79/128 | Elapsed Time: 13.22s
2026-02-09 11:43:28,517 | INFO | Batch 210 | Loss: 1.1574 | Correct: 70/128 | Elapsed Time: 13.25s
2026-02-09 11:43:41,864 | INFO | Batch 220 | Loss: 1.2152 | Correct: 78/128 | Elapsed Time: 13.35s
2026-02-09 11:43:55,085 | INFO | Batch 230 | Loss: 1.2285 | Correct: 74/128 | Elapsed Time: 13.22s
2026-02-09 11:44:08,420 | INFO | Batch 240 | Loss: 1.2898 | Correct: 69/128 | Elapsed Time: 13.34s
2026-02-09 11:44:21,772 | INFO | Batch 250 | Loss: 1.1326 | Correct: 79/128 | Elapsed Time: 13.35s
2026-02-09 11:44:35,064 | INFO | Batch 260 | Loss: 1.3039 | Correct: 72/128 | Elapsed Time: 13.29s
2026-02-09 11:44:48,246 | INFO | Batch 270 | Loss: 1.1764 | Correct: 82/128 | Elapsed Time: 13.18s
2026-02-09 11:45:01,494 | INFO | Batch 280 | Loss: 1.3039 | Correct: 69/128 | Elapsed Time: 13.25s
2026-02-09 11:45:14,788 | INFO | Batch 290 | Loss: 1.3469 | Correct: 62/128 | Elapsed Time: 13.29s
2026-02-09 11:45:27,968 | INFO | Batch 300 | Loss: 1.4296 | Correct: 66/128 | Elapsed Time: 13.18s
2026-02-09 11:45:41,243 | INFO | Batch 310 | Loss: 1.3324 | Correct: 68/128 | Elapsed Time: 13.28s
2026-02-09 11:45:54,554 | INFO | Batch 320 | Loss: 1.4296 | Correct: 63/128 | Elapsed Time: 13.31s
2026-02-09 11:46:08,593 | INFO | Batch 330 | Loss: 1.3990 | Correct: 69/128 | Elapsed Time: 14.04s
2026-02-09 11:46:21,873 | INFO | Batch 340 | Loss: 1.3690 | Correct: 65/128 | Elapsed Time: 13.28s
2026-02-09 11:46:35,177 | INFO | Batch 350 | Loss: 1.2759 | Correct: 71/128 | Elapsed Time: 13.30s
2026-02-09 11:46:48,447 | INFO | Batch 360 | Loss: 1.2691 | Correct: 65/128 | Elapsed Time: 13.27s
2026-02-09 11:47:01,916 | INFO | Batch 370 | Loss: 1.3110 | Correct: 64/128 | Elapsed Time: 13.47s
2026-02-09 11:47:15,253 | INFO | Batch 380 | Loss: 1.3397 | Correct: 76/128 | Elapsed Time: 13.34s
2026-02-09 11:47:28,465 | INFO | Batch 390 | Loss: 1.1084 | Correct: 77/128 | Elapsed Time: 13.21s
2026-02-09 11:47:29,534 | INFO | Epoch [74/100] - Loss: 1.2095 | Correct: 28312/50000 (56.62%, 518.90s)
2026-02-09 11:48:16,654 | INFO | Validation - Loss: 1.2099 | Correct: 5654/10000 (56.54%) (47.12s)
2026-02-09 11:48:29,844 | INFO | Batch 10 | Loss: 1.2968 | Correct: 68/128 | Elapsed Time: 13.19s
2026-02-09 11:48:43,141 | INFO | Batch 20 | Loss: 1.2022 | Correct: 72/128 | Elapsed Time: 13.30s
2026-02-09 11:48:56,461 | INFO | Batch 30 | Loss: 1.1326 | Correct: 78/128 | Elapsed Time: 13.32s
2026-02-09 11:49:09,687 | INFO | Batch 40 | Loss: 1.2419 | Correct: 69/128 | Elapsed Time: 13.23s
2026-02-09 11:49:22,969 | INFO | Batch 50 | Loss: 1.0905 | Correct: 82/128 | Elapsed Time: 13.28s
2026-02-09 11:49:36,172 | INFO | Batch 60 | Loss: 1.1574 | Correct: 79/128 | Elapsed Time: 13.20s
2026-02-09 11:49:49,285 | INFO | Batch 70 | Loss: 1.0905 | Correct: 80/128 | Elapsed Time: 13.11s
2026-02-09 11:50:02,593 | INFO | Batch 80 | Loss: 1.0729 | Correct: 71/128 | Elapsed Time: 13.31s
2026-02-09 11:50:15,932 | INFO | Batch 90 | Loss: 1.1084 | Correct: 79/128 | Elapsed Time: 13.34s
2026-02-09 11:50:29,132 | INFO | Batch 100 | Loss: 1.2285 | Correct: 72/128 | Elapsed Time: 13.20s
2026-02-09 11:50:42,430 | INFO | Batch 110 | Loss: 1.1892 | Correct: 71/128 | Elapsed Time: 13.30s
2026-02-09 11:50:55,562 | INFO | Batch 120 | Loss: 1.1084 | Correct: 72/128 | Elapsed Time: 13.13s
2026-02-09 11:51:08,827 | INFO | Batch 130 | Loss: 1.2152 | Correct: 78/128 | Elapsed Time: 13.27s
2026-02-09 11:51:22,088 | INFO | Batch 140 | Loss: 1.2022 | Correct: 75/128 | Elapsed Time: 13.26s
2026-02-09 11:51:35,285 | INFO | Batch 150 | Loss: 1.2898 | Correct: 67/128 | Elapsed Time: 13.20s
2026-02-09 11:51:48,505 | INFO | Batch 160 | Loss: 1.2218 | Correct: 75/128 | Elapsed Time: 13.22s
2026-02-09 11:52:01,705 | INFO | Batch 170 | Loss: 1.2691 | Correct: 67/128 | Elapsed Time: 13.20s
2026-02-09 11:52:15,101 | INFO | Batch 180 | Loss: 1.2352 | Correct: 70/128 | Elapsed Time: 13.40s
2026-02-09 11:52:28,360 | INFO | Batch 190 | Loss: 1.3252 | Correct: 73/128 | Elapsed Time: 13.26s
2026-02-09 11:52:41,514 | INFO | Batch 200 | Loss: 1.1637 | Correct: 78/128 | Elapsed Time: 13.15s
2026-02-09 11:52:54,788 | INFO | Batch 210 | Loss: 1.1450 | Correct: 79/128 | Elapsed Time: 13.27s
2026-02-09 11:53:08,122 | INFO | Batch 220 | Loss: 1.2554 | Correct: 73/128 | Elapsed Time: 13.33s
2026-02-09 11:53:21,315 | INFO | Batch 230 | Loss: 1.1204 | Correct: 77/128 | Elapsed Time: 13.19s
2026-02-09 11:53:34,640 | INFO | Batch 240 | Loss: 1.2352 | Correct: 70/128 | Elapsed Time: 13.33s
2026-02-09 11:53:47,905 | INFO | Batch 250 | Loss: 1.1892 | Correct: 76/128 | Elapsed Time: 13.26s
2026-02-09 11:54:01,083 | INFO | Batch 260 | Loss: 1.2022 | Correct: 71/128 | Elapsed Time: 13.18s
2026-02-09 11:54:14,524 | INFO | Batch 270 | Loss: 1.2968 | Correct: 58/128 | Elapsed Time: 13.44s
2026-02-09 11:54:27,812 | INFO | Batch 280 | Loss: 1.2022 | Correct: 71/128 | Elapsed Time: 13.29s
2026-02-09 11:54:40,942 | INFO | Batch 290 | Loss: 1.2691 | Correct: 72/128 | Elapsed Time: 13.13s
2026-02-09 11:54:54,176 | INFO | Batch 300 | Loss: 1.2622 | Correct: 64/128 | Elapsed Time: 13.23s
2026-02-09 11:55:07,492 | INFO | Batch 310 | Loss: 1.3252 | Correct: 63/128 | Elapsed Time: 13.32s
2026-02-09 11:55:20,660 | INFO | Batch 320 | Loss: 1.1637 | Correct: 69/128 | Elapsed Time: 13.17s
2026-02-09 11:55:33,930 | INFO | Batch 330 | Loss: 1.2898 | Correct: 68/128 | Elapsed Time: 13.27s
2026-02-09 11:55:47,247 | INFO | Batch 340 | Loss: 1.1764 | Correct: 72/128 | Elapsed Time: 13.32s
2026-02-09 11:56:00,640 | INFO | Batch 350 | Loss: 1.1450 | Correct: 79/128 | Elapsed Time: 13.39s
2026-02-09 11:56:14,556 | INFO | Batch 360 | Loss: 1.0614 | Correct: 78/128 | Elapsed Time: 13.92s
2026-02-09 11:56:27,848 | INFO | Batch 370 | Loss: 1.1828 | Correct: 71/128 | Elapsed Time: 13.29s
2026-02-09 11:56:41,179 | INFO | Batch 380 | Loss: 1.2218 | Correct: 77/128 | Elapsed Time: 13.33s
2026-02-09 11:56:54,455 | INFO | Batch 390 | Loss: 1.1957 | Correct: 76/128 | Elapsed Time: 13.28s
2026-02-09 11:56:55,528 | INFO | Epoch [75/100] - Loss: 1.2153 | Correct: 28236/50000 (56.47%, 518.87s)
2026-02-09 11:57:42,374 | INFO | Validation - Loss: 1.2150 | Correct: 5635/10000 (56.35%) (46.84s)
2026-02-09 11:57:55,666 | INFO | Batch 10 | Loss: 1.1892 | Correct: 74/128 | Elapsed Time: 13.29s
2026-02-09 11:58:09,044 | INFO | Batch 20 | Loss: 0.9839 | Correct: 83/128 | Elapsed Time: 13.38s
2026-02-09 11:58:22,111 | INFO | Batch 30 | Loss: 1.3324 | Correct: 62/128 | Elapsed Time: 13.07s
2026-02-09 11:58:35,365 | INFO | Batch 40 | Loss: 1.1204 | Correct: 77/128 | Elapsed Time: 13.25s
2026-02-09 11:58:48,559 | INFO | Batch 50 | Loss: 1.2419 | Correct: 74/128 | Elapsed Time: 13.19s
2026-02-09 11:59:01,592 | INFO | Batch 60 | Loss: 1.2829 | Correct: 70/128 | Elapsed Time: 13.03s
2026-02-09 11:59:14,889 | INFO | Batch 70 | Loss: 1.2898 | Correct: 63/128 | Elapsed Time: 13.30s
2026-02-09 11:59:28,219 | INFO | Batch 80 | Loss: 1.1574 | Correct: 77/128 | Elapsed Time: 13.33s
2026-02-09 11:59:41,458 | INFO | Batch 90 | Loss: 1.3039 | Correct: 68/128 | Elapsed Time: 13.24s
2026-02-09 11:59:54,809 | INFO | Batch 100 | Loss: 1.1512 | Correct: 72/128 | Elapsed Time: 13.35s
2026-02-09 12:00:08,197 | INFO | Batch 110 | Loss: 1.2622 | Correct: 66/128 | Elapsed Time: 13.39s
2026-02-09 12:00:21,307 | INFO | Batch 120 | Loss: 1.2622 | Correct: 68/128 | Elapsed Time: 13.11s
2026-02-09 12:00:34,616 | INFO | Batch 130 | Loss: 1.2352 | Correct: 68/128 | Elapsed Time: 13.31s
2026-02-09 12:00:47,856 | INFO | Batch 140 | Loss: 1.3039 | Correct: 76/128 | Elapsed Time: 13.24s
2026-02-09 12:01:00,982 | INFO | Batch 150 | Loss: 1.2352 | Correct: 75/128 | Elapsed Time: 13.13s
2026-02-09 12:01:14,287 | INFO | Batch 160 | Loss: 1.3839 | Correct: 63/128 | Elapsed Time: 13.31s
2026-02-09 12:01:27,555 | INFO | Batch 170 | Loss: 1.2691 | Correct: 74/128 | Elapsed Time: 13.27s
2026-02-09 12:01:40,687 | INFO | Batch 180 | Loss: 1.1388 | Correct: 76/128 | Elapsed Time: 13.13s
2026-02-09 12:01:53,952 | INFO | Batch 190 | Loss: 1.3764 | Correct: 63/128 | Elapsed Time: 13.27s
2026-02-09 12:02:07,356 | INFO | Batch 200 | Loss: 1.1024 | Correct: 80/128 | Elapsed Time: 13.40s
2026-02-09 12:02:20,536 | INFO | Batch 210 | Loss: 1.0964 | Correct: 81/128 | Elapsed Time: 13.18s
2026-02-09 12:02:33,728 | INFO | Batch 220 | Loss: 1.1574 | Correct: 73/128 | Elapsed Time: 13.19s
2026-02-09 12:02:47,075 | INFO | Batch 230 | Loss: 1.2898 | Correct: 68/128 | Elapsed Time: 13.35s
2026-02-09 12:03:00,253 | INFO | Batch 240 | Loss: 0.9022 | Correct: 88/128 | Elapsed Time: 13.18s
2026-02-09 12:03:13,516 | INFO | Batch 250 | Loss: 1.1326 | Correct: 77/128 | Elapsed Time: 13.26s
2026-02-09 12:03:26,893 | INFO | Batch 260 | Loss: 1.3990 | Correct: 65/128 | Elapsed Time: 13.38s
2026-02-09 12:03:40,219 | INFO | Batch 270 | Loss: 1.2087 | Correct: 75/128 | Elapsed Time: 13.33s
2026-02-09 12:03:53,396 | INFO | Batch 280 | Loss: 1.1892 | Correct: 72/128 | Elapsed Time: 13.18s
2026-02-09 12:04:06,645 | INFO | Batch 290 | Loss: 1.1892 | Correct: 69/128 | Elapsed Time: 13.25s
2026-02-09 12:04:19,832 | INFO | Batch 300 | Loss: 1.0905 | Correct: 80/128 | Elapsed Time: 13.19s
2026-02-09 12:04:33,040 | INFO | Batch 310 | Loss: 1.1892 | Correct: 69/128 | Elapsed Time: 13.21s
2026-02-09 12:04:46,208 | INFO | Batch 320 | Loss: 1.1144 | Correct: 73/128 | Elapsed Time: 13.17s
2026-02-09 12:04:59,370 | INFO | Batch 330 | Loss: 1.4066 | Correct: 64/128 | Elapsed Time: 13.16s
2026-02-09 12:05:12,561 | INFO | Batch 340 | Loss: 1.1700 | Correct: 73/128 | Elapsed Time: 13.19s
2026-02-09 12:05:25,820 | INFO | Batch 350 | Loss: 1.3252 | Correct: 67/128 | Elapsed Time: 13.26s
2026-02-09 12:05:39,172 | INFO | Batch 360 | Loss: 1.3181 | Correct: 70/128 | Elapsed Time: 13.35s
2026-02-09 12:05:52,403 | INFO | Batch 370 | Loss: 1.0964 | Correct: 84/128 | Elapsed Time: 13.23s
2026-02-09 12:06:06,357 | INFO | Batch 380 | Loss: 1.1024 | Correct: 75/128 | Elapsed Time: 13.95s
2026-02-09 12:06:19,660 | INFO | Batch 390 | Loss: 1.1700 | Correct: 75/128 | Elapsed Time: 13.30s
2026-02-09 12:06:20,732 | INFO | Epoch [76/100] - Loss: 1.2035 | Correct: 28512/50000 (57.02%, 518.35s)
2026-02-09 12:07:07,848 | INFO | Validation - Loss: 1.2021 | Correct: 5685/10000 (56.85%) (47.11s)
2026-02-09 12:07:21,024 | INFO | Batch 10 | Loss: 1.2968 | Correct: 70/128 | Elapsed Time: 13.17s
2026-02-09 12:07:34,301 | INFO | Batch 20 | Loss: 1.2691 | Correct: 66/128 | Elapsed Time: 13.28s
2026-02-09 12:07:47,686 | INFO | Batch 30 | Loss: 1.3039 | Correct: 64/128 | Elapsed Time: 13.38s
2026-02-09 12:08:00,888 | INFO | Batch 40 | Loss: 1.3690 | Correct: 67/128 | Elapsed Time: 13.20s
2026-02-09 12:08:14,027 | INFO | Batch 50 | Loss: 1.2285 | Correct: 72/128 | Elapsed Time: 13.14s
2026-02-09 12:08:27,382 | INFO | Batch 60 | Loss: 1.2759 | Correct: 67/128 | Elapsed Time: 13.35s
2026-02-09 12:08:40,622 | INFO | Batch 70 | Loss: 1.3914 | Correct: 61/128 | Elapsed Time: 13.24s
2026-02-09 12:08:53,880 | INFO | Batch 80 | Loss: 1.1450 | Correct: 76/128 | Elapsed Time: 13.26s
2026-02-09 12:09:07,172 | INFO | Batch 90 | Loss: 1.0846 | Correct: 77/128 | Elapsed Time: 13.29s
2026-02-09 12:09:20,462 | INFO | Batch 100 | Loss: 1.1700 | Correct: 74/128 | Elapsed Time: 13.29s
2026-02-09 12:09:33,738 | INFO | Batch 110 | Loss: 1.0846 | Correct: 78/128 | Elapsed Time: 13.28s
2026-02-09 12:09:47,056 | INFO | Batch 120 | Loss: 1.1265 | Correct: 77/128 | Elapsed Time: 13.32s
2026-02-09 12:10:00,255 | INFO | Batch 130 | Loss: 1.2691 | Correct: 74/128 | Elapsed Time: 13.20s
2026-02-09 12:10:13,514 | INFO | Batch 140 | Loss: 1.4142 | Correct: 62/128 | Elapsed Time: 13.26s
2026-02-09 12:10:26,835 | INFO | Batch 150 | Loss: 1.3324 | Correct: 68/128 | Elapsed Time: 13.32s
2026-02-09 12:10:40,251 | INFO | Batch 160 | Loss: 1.2285 | Correct: 76/128 | Elapsed Time: 13.42s
2026-02-09 12:10:53,487 | INFO | Batch 170 | Loss: 1.2087 | Correct: 66/128 | Elapsed Time: 13.24s
2026-02-09 12:11:06,855 | INFO | Batch 180 | Loss: 1.1764 | Correct: 82/128 | Elapsed Time: 13.37s
2026-02-09 12:11:20,155 | INFO | Batch 190 | Loss: 1.2691 | Correct: 73/128 | Elapsed Time: 13.30s
2026-02-09 12:11:33,384 | INFO | Batch 200 | Loss: 1.2968 | Correct: 67/128 | Elapsed Time: 13.23s
2026-02-09 12:11:46,679 | INFO | Batch 210 | Loss: 1.2759 | Correct: 70/128 | Elapsed Time: 13.30s
2026-02-09 12:12:00,037 | INFO | Batch 220 | Loss: 1.4452 | Correct: 59/128 | Elapsed Time: 13.36s
2026-02-09 12:12:13,258 | INFO | Batch 230 | Loss: 1.1957 | Correct: 75/128 | Elapsed Time: 13.22s
2026-02-09 12:12:26,538 | INFO | Batch 240 | Loss: 1.2352 | Correct: 76/128 | Elapsed Time: 13.28s
2026-02-09 12:12:39,871 | INFO | Batch 250 | Loss: 1.2759 | Correct: 70/128 | Elapsed Time: 13.33s
2026-02-09 12:12:53,054 | INFO | Batch 260 | Loss: 1.2759 | Correct: 75/128 | Elapsed Time: 13.18s
2026-02-09 12:13:06,355 | INFO | Batch 270 | Loss: 1.2352 | Correct: 76/128 | Elapsed Time: 13.30s
2026-02-09 12:13:19,621 | INFO | Batch 280 | Loss: 1.1764 | Correct: 75/128 | Elapsed Time: 13.27s
2026-02-09 12:13:32,749 | INFO | Batch 290 | Loss: 1.2622 | Correct: 70/128 | Elapsed Time: 13.13s
2026-02-09 12:13:46,039 | INFO | Batch 300 | Loss: 1.1084 | Correct: 75/128 | Elapsed Time: 13.29s
2026-02-09 12:13:59,313 | INFO | Batch 310 | Loss: 1.1957 | Correct: 78/128 | Elapsed Time: 13.27s
2026-02-09 12:14:12,526 | INFO | Batch 320 | Loss: 1.1764 | Correct: 73/128 | Elapsed Time: 13.21s
2026-02-09 12:14:25,743 | INFO | Batch 330 | Loss: 1.2087 | Correct: 70/128 | Elapsed Time: 13.22s
2026-02-09 12:14:38,962 | INFO | Batch 340 | Loss: 1.0964 | Correct: 80/128 | Elapsed Time: 13.22s
2026-02-09 12:14:52,212 | INFO | Batch 350 | Loss: 1.2691 | Correct: 66/128 | Elapsed Time: 13.25s
2026-02-09 12:15:05,557 | INFO | Batch 360 | Loss: 1.0443 | Correct: 81/128 | Elapsed Time: 13.35s
2026-02-09 12:15:18,693 | INFO | Batch 370 | Loss: 1.3690 | Correct: 72/128 | Elapsed Time: 13.14s
2026-02-09 12:15:31,889 | INFO | Batch 380 | Loss: 1.0000 | Correct: 83/128 | Elapsed Time: 13.20s
2026-02-09 12:15:45,100 | INFO | Batch 390 | Loss: 1.2419 | Correct: 77/128 | Elapsed Time: 13.21s
2026-02-09 12:15:46,162 | INFO | Epoch [77/100] - Loss: 1.2057 | Correct: 28413/50000 (56.83%, 518.31s)
2026-02-09 12:16:34,091 | INFO | Validation - Loss: 1.2187 | Correct: 5647/10000 (56.47%) (47.93s)
2026-02-09 12:16:47,331 | INFO | Batch 10 | Loss: 1.3469 | Correct: 66/128 | Elapsed Time: 13.24s
2026-02-09 12:17:00,598 | INFO | Batch 20 | Loss: 1.1204 | Correct: 75/128 | Elapsed Time: 13.27s
2026-02-09 12:17:13,715 | INFO | Batch 30 | Loss: 1.3252 | Correct: 70/128 | Elapsed Time: 13.12s
2026-02-09 12:17:27,000 | INFO | Batch 40 | Loss: 1.3181 | Correct: 71/128 | Elapsed Time: 13.29s
2026-02-09 12:17:40,250 | INFO | Batch 50 | Loss: 1.2352 | Correct: 78/128 | Elapsed Time: 13.25s
2026-02-09 12:17:53,521 | INFO | Batch 60 | Loss: 1.2218 | Correct: 73/128 | Elapsed Time: 13.27s
2026-02-09 12:18:06,724 | INFO | Batch 70 | Loss: 1.3252 | Correct: 68/128 | Elapsed Time: 13.20s
2026-02-09 12:18:20,050 | INFO | Batch 80 | Loss: 1.2087 | Correct: 72/128 | Elapsed Time: 13.33s
2026-02-09 12:18:33,489 | INFO | Batch 90 | Loss: 1.2554 | Correct: 72/128 | Elapsed Time: 13.44s
2026-02-09 12:18:46,640 | INFO | Batch 100 | Loss: 1.0905 | Correct: 76/128 | Elapsed Time: 13.15s
2026-02-09 12:18:59,886 | INFO | Batch 110 | Loss: 1.0671 | Correct: 76/128 | Elapsed Time: 13.25s
2026-02-09 12:19:13,236 | INFO | Batch 120 | Loss: 1.1637 | Correct: 74/128 | Elapsed Time: 13.35s
2026-02-09 12:19:26,307 | INFO | Batch 130 | Loss: 1.2554 | Correct: 70/128 | Elapsed Time: 13.07s
2026-02-09 12:19:39,621 | INFO | Batch 140 | Loss: 1.3616 | Correct: 65/128 | Elapsed Time: 13.31s
2026-02-09 12:19:52,852 | INFO | Batch 150 | Loss: 1.3110 | Correct: 61/128 | Elapsed Time: 13.23s
2026-02-09 12:20:06,110 | INFO | Batch 160 | Loss: 1.2152 | Correct: 71/128 | Elapsed Time: 13.26s
2026-02-09 12:20:19,332 | INFO | Batch 170 | Loss: 1.3397 | Correct: 65/128 | Elapsed Time: 13.22s
2026-02-09 12:20:32,599 | INFO | Batch 180 | Loss: 1.2419 | Correct: 71/128 | Elapsed Time: 13.27s
2026-02-09 12:20:45,779 | INFO | Batch 190 | Loss: 1.3039 | Correct: 62/128 | Elapsed Time: 13.18s
2026-02-09 12:20:59,054 | INFO | Batch 200 | Loss: 1.2759 | Correct: 73/128 | Elapsed Time: 13.27s
2026-02-09 12:21:12,333 | INFO | Batch 210 | Loss: 1.3469 | Correct: 61/128 | Elapsed Time: 13.28s
2026-02-09 12:21:25,392 | INFO | Batch 220 | Loss: 1.0671 | Correct: 77/128 | Elapsed Time: 13.06s
2026-02-09 12:21:38,518 | INFO | Batch 230 | Loss: 1.1574 | Correct: 80/128 | Elapsed Time: 13.13s
2026-02-09 12:21:51,717 | INFO | Batch 240 | Loss: 1.0788 | Correct: 82/128 | Elapsed Time: 13.20s
2026-02-09 12:22:04,839 | INFO | Batch 250 | Loss: 1.0846 | Correct: 84/128 | Elapsed Time: 13.12s
2026-02-09 12:22:18,119 | INFO | Batch 260 | Loss: 1.0671 | Correct: 79/128 | Elapsed Time: 13.28s
2026-02-09 12:22:31,350 | INFO | Batch 270 | Loss: 1.3039 | Correct: 66/128 | Elapsed Time: 13.23s
2026-02-09 12:22:44,535 | INFO | Batch 280 | Loss: 1.3616 | Correct: 64/128 | Elapsed Time: 13.19s
2026-02-09 12:22:57,595 | INFO | Batch 290 | Loss: 1.2419 | Correct: 72/128 | Elapsed Time: 13.06s
2026-02-09 12:23:10,859 | INFO | Batch 300 | Loss: 1.0499 | Correct: 75/128 | Elapsed Time: 13.26s
2026-02-09 12:23:24,054 | INFO | Batch 310 | Loss: 1.3181 | Correct: 59/128 | Elapsed Time: 13.20s
2026-02-09 12:23:37,142 | INFO | Batch 320 | Loss: 1.1265 | Correct: 70/128 | Elapsed Time: 13.09s
2026-02-09 12:23:50,291 | INFO | Batch 330 | Loss: 1.2486 | Correct: 72/128 | Elapsed Time: 13.15s
2026-02-09 12:24:03,204 | INFO | Batch 340 | Loss: 1.1892 | Correct: 72/128 | Elapsed Time: 12.91s
2026-02-09 12:24:15,881 | INFO | Batch 350 | Loss: 1.1450 | Correct: 70/128 | Elapsed Time: 12.68s
2026-02-09 12:24:28,705 | INFO | Batch 360 | Loss: 1.3039 | Correct: 67/128 | Elapsed Time: 12.82s
2026-02-09 12:24:41,899 | INFO | Batch 370 | Loss: 1.2759 | Correct: 72/128 | Elapsed Time: 13.19s
2026-02-09 12:24:55,134 | INFO | Batch 380 | Loss: 1.1388 | Correct: 78/128 | Elapsed Time: 13.23s
2026-02-09 12:25:08,538 | INFO | Batch 390 | Loss: 1.1957 | Correct: 73/128 | Elapsed Time: 13.40s
2026-02-09 12:25:09,632 | INFO | Epoch [78/100] - Loss: 1.2123 | Correct: 28349/50000 (56.70%, 515.54s)
2026-02-09 12:25:56,546 | INFO | Validation - Loss: 1.2254 | Correct: 5598/10000 (55.98%) (46.91s)
2026-02-09 12:26:10,488 | INFO | Batch 10 | Loss: 1.3469 | Correct: 74/128 | Elapsed Time: 13.94s
2026-02-09 12:26:23,586 | INFO | Batch 20 | Loss: 1.0964 | Correct: 82/128 | Elapsed Time: 13.10s
2026-02-09 12:26:36,837 | INFO | Batch 30 | Loss: 1.2087 | Correct: 73/128 | Elapsed Time: 13.25s
2026-02-09 12:26:50,245 | INFO | Batch 40 | Loss: 1.2691 | Correct: 62/128 | Elapsed Time: 13.41s
2026-02-09 12:27:03,457 | INFO | Batch 50 | Loss: 1.2022 | Correct: 78/128 | Elapsed Time: 13.21s
2026-02-09 12:27:16,794 | INFO | Batch 60 | Loss: 1.2022 | Correct: 71/128 | Elapsed Time: 13.34s
2026-02-09 12:27:30,131 | INFO | Batch 70 | Loss: 1.0330 | Correct: 82/128 | Elapsed Time: 13.34s
2026-02-09 12:27:43,172 | INFO | Batch 80 | Loss: 1.2968 | Correct: 66/128 | Elapsed Time: 13.04s
2026-02-09 12:27:56,383 | INFO | Batch 90 | Loss: 1.1326 | Correct: 75/128 | Elapsed Time: 13.21s
2026-02-09 12:28:09,631 | INFO | Batch 100 | Loss: 1.2419 | Correct: 73/128 | Elapsed Time: 13.25s
2026-02-09 12:28:22,952 | INFO | Batch 110 | Loss: 1.1828 | Correct: 71/128 | Elapsed Time: 13.32s
2026-02-09 12:28:36,072 | INFO | Batch 120 | Loss: 0.9473 | Correct: 80/128 | Elapsed Time: 13.12s
2026-02-09 12:28:49,306 | INFO | Batch 130 | Loss: 1.2419 | Correct: 70/128 | Elapsed Time: 13.23s
2026-02-09 12:29:02,696 | INFO | Batch 140 | Loss: 1.2622 | Correct: 70/128 | Elapsed Time: 13.39s
2026-02-09 12:29:15,951 | INFO | Batch 150 | Loss: 1.1450 | Correct: 73/128 | Elapsed Time: 13.26s
2026-02-09 12:29:29,192 | INFO | Batch 160 | Loss: 1.2968 | Correct: 64/128 | Elapsed Time: 13.24s
2026-02-09 12:29:42,470 | INFO | Batch 170 | Loss: 1.2486 | Correct: 67/128 | Elapsed Time: 13.28s
2026-02-09 12:29:55,607 | INFO | Batch 180 | Loss: 1.2087 | Correct: 74/128 | Elapsed Time: 13.14s
2026-02-09 12:30:08,855 | INFO | Batch 190 | Loss: 1.3039 | Correct: 60/128 | Elapsed Time: 13.25s
2026-02-09 12:30:22,134 | INFO | Batch 200 | Loss: 1.1388 | Correct: 74/128 | Elapsed Time: 13.28s
2026-02-09 12:30:35,342 | INFO | Batch 210 | Loss: 1.1892 | Correct: 77/128 | Elapsed Time: 13.21s
2026-02-09 12:30:48,685 | INFO | Batch 220 | Loss: 1.0964 | Correct: 69/128 | Elapsed Time: 13.34s
2026-02-09 12:31:02,064 | INFO | Batch 230 | Loss: 1.1892 | Correct: 75/128 | Elapsed Time: 13.38s
2026-02-09 12:31:15,314 | INFO | Batch 240 | Loss: 1.1892 | Correct: 75/128 | Elapsed Time: 13.25s
2026-02-09 12:31:28,449 | INFO | Batch 250 | Loss: 1.3252 | Correct: 67/128 | Elapsed Time: 13.14s
2026-02-09 12:31:41,703 | INFO | Batch 260 | Loss: 1.3181 | Correct: 69/128 | Elapsed Time: 13.25s
2026-02-09 12:31:54,873 | INFO | Batch 270 | Loss: 1.2218 | Correct: 73/128 | Elapsed Time: 13.17s
2026-02-09 12:32:08,154 | INFO | Batch 280 | Loss: 1.2554 | Correct: 73/128 | Elapsed Time: 13.28s
2026-02-09 12:32:21,554 | INFO | Batch 290 | Loss: 1.3110 | Correct: 66/128 | Elapsed Time: 13.40s
2026-02-09 12:32:34,751 | INFO | Batch 300 | Loss: 1.1828 | Correct: 72/128 | Elapsed Time: 13.20s
2026-02-09 12:32:48,041 | INFO | Batch 310 | Loss: 1.2022 | Correct: 67/128 | Elapsed Time: 13.29s
2026-02-09 12:33:01,283 | INFO | Batch 320 | Loss: 1.1637 | Correct: 73/128 | Elapsed Time: 13.24s
2026-02-09 12:33:14,584 | INFO | Batch 330 | Loss: 1.1450 | Correct: 78/128 | Elapsed Time: 13.30s
2026-02-09 12:33:27,817 | INFO | Batch 340 | Loss: 1.2691 | Correct: 75/128 | Elapsed Time: 13.23s
2026-02-09 12:33:41,092 | INFO | Batch 350 | Loss: 1.1450 | Correct: 72/128 | Elapsed Time: 13.28s
2026-02-09 12:33:54,265 | INFO | Batch 360 | Loss: 1.1892 | Correct: 69/128 | Elapsed Time: 13.17s
2026-02-09 12:34:07,479 | INFO | Batch 370 | Loss: 1.1957 | Correct: 75/128 | Elapsed Time: 13.21s
2026-02-09 12:34:20,841 | INFO | Batch 380 | Loss: 1.1512 | Correct: 73/128 | Elapsed Time: 13.36s
2026-02-09 12:34:34,149 | INFO | Batch 390 | Loss: 1.0964 | Correct: 78/128 | Elapsed Time: 13.31s
2026-02-09 12:34:35,209 | INFO | Epoch [79/100] - Loss: 1.2036 | Correct: 28381/50000 (56.76%, 518.66s)
2026-02-09 12:35:22,675 | INFO | Validation - Loss: 1.2179 | Correct: 5670/10000 (56.70%) (47.46s)
2026-02-09 12:35:36,014 | INFO | Batch 10 | Loss: 1.2691 | Correct: 65/128 | Elapsed Time: 13.34s
2026-02-09 12:35:49,280 | INFO | Batch 20 | Loss: 1.1204 | Correct: 76/128 | Elapsed Time: 13.27s
2026-02-09 12:36:02,935 | INFO | Batch 30 | Loss: 1.3543 | Correct: 72/128 | Elapsed Time: 13.65s
2026-02-09 12:36:16,556 | INFO | Batch 40 | Loss: 1.0905 | Correct: 81/128 | Elapsed Time: 13.62s
2026-02-09 12:36:29,684 | INFO | Batch 50 | Loss: 1.2759 | Correct: 69/128 | Elapsed Time: 13.13s
2026-02-09 12:36:42,878 | INFO | Batch 60 | Loss: 1.0846 | Correct: 75/128 | Elapsed Time: 13.19s
2026-02-09 12:36:55,983 | INFO | Batch 70 | Loss: 1.1326 | Correct: 80/128 | Elapsed Time: 13.10s
2026-02-09 12:37:09,370 | INFO | Batch 80 | Loss: 1.2486 | Correct: 75/128 | Elapsed Time: 13.39s
2026-02-09 12:37:22,656 | INFO | Batch 90 | Loss: 1.3690 | Correct: 70/128 | Elapsed Time: 13.29s
2026-02-09 12:37:35,804 | INFO | Batch 100 | Loss: 1.1084 | Correct: 78/128 | Elapsed Time: 13.15s
2026-02-09 12:37:49,133 | INFO | Batch 110 | Loss: 1.3181 | Correct: 69/128 | Elapsed Time: 13.33s
2026-02-09 12:38:02,477 | INFO | Batch 120 | Loss: 1.1637 | Correct: 77/128 | Elapsed Time: 13.34s
2026-02-09 12:38:15,663 | INFO | Batch 130 | Loss: 1.1265 | Correct: 76/128 | Elapsed Time: 13.19s
2026-02-09 12:38:29,033 | INFO | Batch 140 | Loss: 1.3252 | Correct: 74/128 | Elapsed Time: 13.37s
2026-02-09 12:38:42,423 | INFO | Batch 150 | Loss: 1.2218 | Correct: 75/128 | Elapsed Time: 13.39s
2026-02-09 12:38:55,769 | INFO | Batch 160 | Loss: 1.2554 | Correct: 74/128 | Elapsed Time: 13.35s
2026-02-09 12:39:09,174 | INFO | Batch 170 | Loss: 1.1450 | Correct: 78/128 | Elapsed Time: 13.41s
2026-02-09 12:39:22,382 | INFO | Batch 180 | Loss: 1.1700 | Correct: 82/128 | Elapsed Time: 13.21s
2026-02-09 12:39:35,615 | INFO | Batch 190 | Loss: 1.2554 | Correct: 78/128 | Elapsed Time: 13.23s
2026-02-09 12:39:48,898 | INFO | Batch 200 | Loss: 1.2352 | Correct: 69/128 | Elapsed Time: 13.28s
2026-02-09 12:40:02,283 | INFO | Batch 210 | Loss: 1.1144 | Correct: 74/128 | Elapsed Time: 13.39s
2026-02-09 12:40:15,647 | INFO | Batch 220 | Loss: 0.9786 | Correct: 86/128 | Elapsed Time: 13.36s
2026-02-09 12:40:28,849 | INFO | Batch 230 | Loss: 1.2554 | Correct: 61/128 | Elapsed Time: 13.20s
2026-02-09 12:40:42,192 | INFO | Batch 240 | Loss: 1.2152 | Correct: 68/128 | Elapsed Time: 13.34s
2026-02-09 12:40:55,385 | INFO | Batch 250 | Loss: 1.1265 | Correct: 77/128 | Elapsed Time: 13.19s
2026-02-09 12:41:08,609 | INFO | Batch 260 | Loss: 1.1574 | Correct: 76/128 | Elapsed Time: 13.22s
2026-02-09 12:41:21,794 | INFO | Batch 270 | Loss: 1.3543 | Correct: 63/128 | Elapsed Time: 13.18s
2026-02-09 12:41:35,078 | INFO | Batch 280 | Loss: 1.2285 | Correct: 72/128 | Elapsed Time: 13.28s
2026-02-09 12:41:48,286 | INFO | Batch 290 | Loss: 1.2022 | Correct: 65/128 | Elapsed Time: 13.21s
2026-02-09 12:42:01,580 | INFO | Batch 300 | Loss: 1.0729 | Correct: 77/128 | Elapsed Time: 13.29s
2026-02-09 12:42:14,916 | INFO | Batch 310 | Loss: 1.3616 | Correct: 63/128 | Elapsed Time: 13.34s
2026-02-09 12:42:28,053 | INFO | Batch 320 | Loss: 1.1828 | Correct: 72/128 | Elapsed Time: 13.14s
2026-02-09 12:42:41,203 | INFO | Batch 330 | Loss: 1.2898 | Correct: 68/128 | Elapsed Time: 13.15s
2026-02-09 12:42:54,485 | INFO | Batch 340 | Loss: 1.2087 | Correct: 76/128 | Elapsed Time: 13.28s
2026-02-09 12:43:07,641 | INFO | Batch 350 | Loss: 1.1957 | Correct: 75/128 | Elapsed Time: 13.16s
2026-02-09 12:43:20,961 | INFO | Batch 360 | Loss: 1.1450 | Correct: 70/128 | Elapsed Time: 13.32s
2026-02-09 12:43:34,278 | INFO | Batch 370 | Loss: 1.3543 | Correct: 73/128 | Elapsed Time: 13.32s
2026-02-09 12:43:47,505 | INFO | Batch 380 | Loss: 1.1764 | Correct: 73/128 | Elapsed Time: 13.23s
2026-02-09 12:44:00,857 | INFO | Batch 390 | Loss: 1.3990 | Correct: 65/128 | Elapsed Time: 13.35s
2026-02-09 12:44:01,916 | INFO | Epoch [80/100] - Loss: 1.2126 | Correct: 28441/50000 (56.88%, 519.24s)
2026-02-09 12:44:49,134 | INFO | Validation - Loss: 1.2062 | Correct: 5698/10000 (56.98%) (47.21s)
2026-02-09 12:45:02,443 | INFO | Batch 10 | Loss: 1.1700 | Correct: 75/128 | Elapsed Time: 13.31s
2026-02-09 12:45:15,851 | INFO | Batch 20 | Loss: 1.2419 | Correct: 75/128 | Elapsed Time: 13.41s
2026-02-09 12:45:29,089 | INFO | Batch 30 | Loss: 1.1764 | Correct: 69/128 | Elapsed Time: 13.24s
2026-02-09 12:45:42,451 | INFO | Batch 40 | Loss: 1.3110 | Correct: 71/128 | Elapsed Time: 13.36s
2026-02-09 12:45:55,747 | INFO | Batch 50 | Loss: 1.3839 | Correct: 67/128 | Elapsed Time: 13.30s
2026-02-09 12:46:09,747 | INFO | Batch 60 | Loss: 1.0964 | Correct: 81/128 | Elapsed Time: 14.00s
2026-02-09 12:46:22,961 | INFO | Batch 70 | Loss: 1.3039 | Correct: 68/128 | Elapsed Time: 13.21s
2026-02-09 12:46:36,244 | INFO | Batch 80 | Loss: 1.2968 | Correct: 69/128 | Elapsed Time: 13.28s
2026-02-09 12:46:49,414 | INFO | Batch 90 | Loss: 1.2829 | Correct: 70/128 | Elapsed Time: 13.17s
2026-02-09 12:47:02,717 | INFO | Batch 100 | Loss: 1.3469 | Correct: 67/128 | Elapsed Time: 13.30s
2026-02-09 12:47:16,047 | INFO | Batch 110 | Loss: 1.1512 | Correct: 78/128 | Elapsed Time: 13.33s
2026-02-09 12:47:29,240 | INFO | Batch 120 | Loss: 1.0964 | Correct: 79/128 | Elapsed Time: 13.19s
2026-02-09 12:47:42,516 | INFO | Batch 130 | Loss: 1.0905 | Correct: 79/128 | Elapsed Time: 13.28s
2026-02-09 12:47:55,904 | INFO | Batch 140 | Loss: 1.1144 | Correct: 81/128 | Elapsed Time: 13.39s
2026-02-09 12:48:09,117 | INFO | Batch 150 | Loss: 1.1388 | Correct: 77/128 | Elapsed Time: 13.21s
2026-02-09 12:48:22,248 | INFO | Batch 160 | Loss: 1.0905 | Correct: 83/128 | Elapsed Time: 13.13s
2026-02-09 12:48:35,454 | INFO | Batch 170 | Loss: 1.3690 | Correct: 66/128 | Elapsed Time: 13.21s
2026-02-09 12:48:48,498 | INFO | Batch 180 | Loss: 1.2759 | Correct: 69/128 | Elapsed Time: 13.04s
2026-02-09 12:49:01,729 | INFO | Batch 190 | Loss: 1.1388 | Correct: 78/128 | Elapsed Time: 13.23s
2026-02-09 12:49:15,012 | INFO | Batch 200 | Loss: 1.2759 | Correct: 64/128 | Elapsed Time: 13.28s
2026-02-09 12:49:28,254 | INFO | Batch 210 | Loss: 1.0109 | Correct: 82/128 | Elapsed Time: 13.24s
2026-02-09 12:49:41,495 | INFO | Batch 220 | Loss: 1.1957 | Correct: 66/128 | Elapsed Time: 13.24s
2026-02-09 12:49:54,695 | INFO | Batch 230 | Loss: 1.4374 | Correct: 70/128 | Elapsed Time: 13.20s
2026-02-09 12:50:07,997 | INFO | Batch 240 | Loss: 1.2285 | Correct: 77/128 | Elapsed Time: 13.30s
2026-02-09 12:50:21,171 | INFO | Batch 250 | Loss: 1.2152 | Correct: 69/128 | Elapsed Time: 13.17s
2026-02-09 12:50:34,312 | INFO | Batch 260 | Loss: 1.0109 | Correct: 80/128 | Elapsed Time: 13.14s
2026-02-09 12:50:47,532 | INFO | Batch 270 | Loss: 1.4066 | Correct: 66/128 | Elapsed Time: 13.22s
2026-02-09 12:51:00,849 | INFO | Batch 280 | Loss: 1.1637 | Correct: 76/128 | Elapsed Time: 13.32s
2026-02-09 12:51:14,152 | INFO | Batch 290 | Loss: 1.1144 | Correct: 78/128 | Elapsed Time: 13.30s
2026-02-09 12:51:27,423 | INFO | Batch 300 | Loss: 1.2285 | Correct: 71/128 | Elapsed Time: 13.27s
2026-02-09 12:51:40,560 | INFO | Batch 310 | Loss: 1.1957 | Correct: 77/128 | Elapsed Time: 13.14s
2026-02-09 12:51:53,726 | INFO | Batch 320 | Loss: 1.2419 | Correct: 69/128 | Elapsed Time: 13.17s
2026-02-09 12:52:07,086 | INFO | Batch 330 | Loss: 1.1512 | Correct: 80/128 | Elapsed Time: 13.36s
2026-02-09 12:52:20,240 | INFO | Batch 340 | Loss: 0.9946 | Correct: 83/128 | Elapsed Time: 13.15s
2026-02-09 12:52:33,525 | INFO | Batch 350 | Loss: 1.0964 | Correct: 79/128 | Elapsed Time: 13.28s
2026-02-09 12:52:46,849 | INFO | Batch 360 | Loss: 1.0788 | Correct: 77/128 | Elapsed Time: 13.32s
2026-02-09 12:53:00,011 | INFO | Batch 370 | Loss: 1.2352 | Correct: 67/128 | Elapsed Time: 13.16s
2026-02-09 12:53:13,295 | INFO | Batch 380 | Loss: 1.2898 | Correct: 70/128 | Elapsed Time: 13.28s
2026-02-09 12:53:26,361 | INFO | Batch 390 | Loss: 1.2419 | Correct: 73/128 | Elapsed Time: 13.07s
2026-02-09 12:53:27,427 | INFO | Epoch [81/100] - Loss: 1.2060 | Correct: 28335/50000 (56.67%, 518.29s)
2026-02-09 12:54:14,168 | INFO | Validation - Loss: 1.2191 | Correct: 5646/10000 (56.46%) (46.74s)
2026-02-09 12:54:27,451 | INFO | Batch 10 | Loss: 1.1265 | Correct: 70/128 | Elapsed Time: 13.28s
2026-02-09 12:54:40,658 | INFO | Batch 20 | Loss: 1.1828 | Correct: 77/128 | Elapsed Time: 13.21s
2026-02-09 12:54:53,684 | INFO | Batch 30 | Loss: 1.1892 | Correct: 75/128 | Elapsed Time: 13.03s
2026-02-09 12:55:07,100 | INFO | Batch 40 | Loss: 1.1700 | Correct: 77/128 | Elapsed Time: 13.42s
2026-02-09 12:55:20,284 | INFO | Batch 50 | Loss: 1.2486 | Correct: 73/128 | Elapsed Time: 13.18s
2026-02-09 12:55:33,533 | INFO | Batch 60 | Loss: 1.2087 | Correct: 79/128 | Elapsed Time: 13.25s
2026-02-09 12:55:46,736 | INFO | Batch 70 | Loss: 1.3039 | Correct: 67/128 | Elapsed Time: 13.20s
2026-02-09 12:56:00,067 | INFO | Batch 80 | Loss: 1.1326 | Correct: 73/128 | Elapsed Time: 13.33s
2026-02-09 12:56:13,980 | INFO | Batch 90 | Loss: 1.4066 | Correct: 61/128 | Elapsed Time: 13.91s
2026-02-09 12:56:27,365 | INFO | Batch 100 | Loss: 1.1957 | Correct: 69/128 | Elapsed Time: 13.38s
2026-02-09 12:56:40,550 | INFO | Batch 110 | Loss: 1.2829 | Correct: 73/128 | Elapsed Time: 13.18s
2026-02-09 12:56:53,832 | INFO | Batch 120 | Loss: 1.3764 | Correct: 68/128 | Elapsed Time: 13.28s
2026-02-09 12:57:07,168 | INFO | Batch 130 | Loss: 1.2898 | Correct: 70/128 | Elapsed Time: 13.34s
2026-02-09 12:57:20,320 | INFO | Batch 140 | Loss: 1.0164 | Correct: 86/128 | Elapsed Time: 13.15s
2026-02-09 12:57:33,638 | INFO | Batch 150 | Loss: 1.1764 | Correct: 70/128 | Elapsed Time: 13.32s
2026-02-09 12:57:46,928 | INFO | Batch 160 | Loss: 1.3469 | Correct: 68/128 | Elapsed Time: 13.29s
2026-02-09 12:58:00,181 | INFO | Batch 170 | Loss: 1.1700 | Correct: 72/128 | Elapsed Time: 13.25s
2026-02-09 12:58:13,445 | INFO | Batch 180 | Loss: 1.3764 | Correct: 58/128 | Elapsed Time: 13.26s
2026-02-09 12:58:26,705 | INFO | Batch 190 | Loss: 1.0330 | Correct: 75/128 | Elapsed Time: 13.26s
2026-02-09 12:58:39,847 | INFO | Batch 200 | Loss: 1.1024 | Correct: 77/128 | Elapsed Time: 13.14s
2026-02-09 12:58:53,000 | INFO | Batch 210 | Loss: 1.0905 | Correct: 76/128 | Elapsed Time: 13.15s
2026-02-09 12:59:06,130 | INFO | Batch 220 | Loss: 1.1700 | Correct: 75/128 | Elapsed Time: 13.13s
2026-02-09 12:59:19,296 | INFO | Batch 230 | Loss: 1.1828 | Correct: 76/128 | Elapsed Time: 13.17s
2026-02-09 12:59:32,506 | INFO | Batch 240 | Loss: 1.1957 | Correct: 67/128 | Elapsed Time: 13.21s
2026-02-09 12:59:45,728 | INFO | Batch 250 | Loss: 1.1512 | Correct: 73/128 | Elapsed Time: 13.22s
2026-02-09 12:59:58,994 | INFO | Batch 260 | Loss: 1.1084 | Correct: 79/128 | Elapsed Time: 13.27s
2026-02-09 13:00:12,171 | INFO | Batch 270 | Loss: 1.1892 | Correct: 70/128 | Elapsed Time: 13.18s
2026-02-09 13:00:25,399 | INFO | Batch 280 | Loss: 1.3181 | Correct: 62/128 | Elapsed Time: 13.23s
2026-02-09 13:00:38,693 | INFO | Batch 290 | Loss: 1.2554 | Correct: 74/128 | Elapsed Time: 13.29s
2026-02-09 13:00:51,885 | INFO | Batch 300 | Loss: 1.2829 | Correct: 71/128 | Elapsed Time: 13.19s
2026-02-09 13:01:05,204 | INFO | Batch 310 | Loss: 1.0964 | Correct: 72/128 | Elapsed Time: 13.32s
2026-02-09 13:01:18,521 | INFO | Batch 320 | Loss: 1.3252 | Correct: 64/128 | Elapsed Time: 13.32s
2026-02-09 13:01:31,665 | INFO | Batch 330 | Loss: 1.0614 | Correct: 79/128 | Elapsed Time: 13.14s
2026-02-09 13:01:44,952 | INFO | Batch 340 | Loss: 1.1700 | Correct: 76/128 | Elapsed Time: 13.29s
2026-02-09 13:01:58,224 | INFO | Batch 350 | Loss: 1.2486 | Correct: 70/128 | Elapsed Time: 13.27s
2026-02-09 13:02:11,453 | INFO | Batch 360 | Loss: 1.2419 | Correct: 71/128 | Elapsed Time: 13.23s
2026-02-09 13:02:24,852 | INFO | Batch 370 | Loss: 1.1265 | Correct: 74/128 | Elapsed Time: 13.40s
2026-02-09 13:02:38,105 | INFO | Batch 380 | Loss: 1.1512 | Correct: 75/128 | Elapsed Time: 13.25s
2026-02-09 13:02:51,390 | INFO | Batch 390 | Loss: 1.2419 | Correct: 77/128 | Elapsed Time: 13.28s
2026-02-09 13:02:52,447 | INFO | Epoch [82/100] - Loss: 1.2062 | Correct: 28323/50000 (56.65%, 518.28s)
2026-02-09 13:03:39,695 | INFO | Validation - Loss: 1.2135 | Correct: 5667/10000 (56.67%) (47.25s)
2026-02-09 13:03:52,942 | INFO | Batch 10 | Loss: 1.0386 | Correct: 80/128 | Elapsed Time: 13.24s
2026-02-09 13:04:06,272 | INFO | Batch 20 | Loss: 1.1892 | Correct: 77/128 | Elapsed Time: 13.33s
2026-02-09 13:04:19,499 | INFO | Batch 30 | Loss: 1.2022 | Correct: 69/128 | Elapsed Time: 13.23s
2026-02-09 13:04:32,670 | INFO | Batch 40 | Loss: 1.3324 | Correct: 63/128 | Elapsed Time: 13.17s
2026-02-09 13:04:45,839 | INFO | Batch 50 | Loss: 1.3616 | Correct: 65/128 | Elapsed Time: 13.17s
2026-02-09 13:04:59,152 | INFO | Batch 60 | Loss: 1.1388 | Correct: 78/128 | Elapsed Time: 13.31s
2026-02-09 13:05:12,321 | INFO | Batch 70 | Loss: 1.2968 | Correct: 67/128 | Elapsed Time: 13.17s
2026-02-09 13:05:25,547 | INFO | Batch 80 | Loss: 1.1265 | Correct: 75/128 | Elapsed Time: 13.23s
2026-02-09 13:05:38,730 | INFO | Batch 90 | Loss: 1.3252 | Correct: 70/128 | Elapsed Time: 13.18s
2026-02-09 13:05:52,323 | INFO | Batch 100 | Loss: 1.2022 | Correct: 73/128 | Elapsed Time: 13.59s
2026-02-09 13:06:06,666 | INFO | Batch 110 | Loss: 1.3324 | Correct: 69/128 | Elapsed Time: 14.34s
2026-02-09 13:06:20,133 | INFO | Batch 120 | Loss: 1.3616 | Correct: 65/128 | Elapsed Time: 13.47s
2026-02-09 13:06:33,292 | INFO | Batch 130 | Loss: 1.2554 | Correct: 73/128 | Elapsed Time: 13.16s
2026-02-09 13:06:46,572 | INFO | Batch 140 | Loss: 1.4219 | Correct: 63/128 | Elapsed Time: 13.28s
2026-02-09 13:06:59,783 | INFO | Batch 150 | Loss: 1.3616 | Correct: 63/128 | Elapsed Time: 13.21s
2026-02-09 13:07:13,083 | INFO | Batch 160 | Loss: 1.2554 | Correct: 66/128 | Elapsed Time: 13.30s
2026-02-09 13:07:26,217 | INFO | Batch 170 | Loss: 1.3397 | Correct: 63/128 | Elapsed Time: 13.13s
2026-02-09 13:07:39,468 | INFO | Batch 180 | Loss: 1.1512 | Correct: 71/128 | Elapsed Time: 13.25s
2026-02-09 13:07:52,708 | INFO | Batch 190 | Loss: 1.2829 | Correct: 64/128 | Elapsed Time: 13.24s
2026-02-09 13:08:05,996 | INFO | Batch 200 | Loss: 1.1957 | Correct: 74/128 | Elapsed Time: 13.29s
2026-02-09 13:08:19,313 | INFO | Batch 210 | Loss: 1.2218 | Correct: 68/128 | Elapsed Time: 13.32s
2026-02-09 13:08:32,579 | INFO | Batch 220 | Loss: 1.2022 | Correct: 78/128 | Elapsed Time: 13.27s
2026-02-09 13:08:45,757 | INFO | Batch 230 | Loss: 1.2218 | Correct: 73/128 | Elapsed Time: 13.18s
2026-02-09 13:08:59,018 | INFO | Batch 240 | Loss: 1.2152 | Correct: 70/128 | Elapsed Time: 13.26s
2026-02-09 13:09:12,287 | INFO | Batch 250 | Loss: 1.1637 | Correct: 74/128 | Elapsed Time: 13.27s
2026-02-09 13:09:25,368 | INFO | Batch 260 | Loss: 1.1084 | Correct: 78/128 | Elapsed Time: 13.08s
2026-02-09 13:09:38,664 | INFO | Batch 270 | Loss: 1.1512 | Correct: 77/128 | Elapsed Time: 13.30s
2026-02-09 13:09:51,981 | INFO | Batch 280 | Loss: 1.1326 | Correct: 78/128 | Elapsed Time: 13.32s
2026-02-09 13:10:05,222 | INFO | Batch 290 | Loss: 1.2285 | Correct: 71/128 | Elapsed Time: 13.24s
2026-02-09 13:10:18,354 | INFO | Batch 300 | Loss: 1.1265 | Correct: 79/128 | Elapsed Time: 13.13s
2026-02-09 13:10:31,628 | INFO | Batch 310 | Loss: 1.1024 | Correct: 78/128 | Elapsed Time: 13.27s
2026-02-09 13:10:44,897 | INFO | Batch 320 | Loss: 1.1388 | Correct: 74/128 | Elapsed Time: 13.27s
2026-02-09 13:10:58,121 | INFO | Batch 330 | Loss: 1.3469 | Correct: 67/128 | Elapsed Time: 13.22s
2026-02-09 13:11:11,533 | INFO | Batch 340 | Loss: 1.0905 | Correct: 81/128 | Elapsed Time: 13.41s
2026-02-09 13:11:24,769 | INFO | Batch 350 | Loss: 1.2554 | Correct: 74/128 | Elapsed Time: 13.24s
2026-02-09 13:11:38,095 | INFO | Batch 360 | Loss: 1.3616 | Correct: 66/128 | Elapsed Time: 13.33s
2026-02-09 13:11:51,359 | INFO | Batch 370 | Loss: 1.2419 | Correct: 71/128 | Elapsed Time: 13.26s
2026-02-09 13:12:04,514 | INFO | Batch 380 | Loss: 1.1024 | Correct: 74/128 | Elapsed Time: 13.16s
2026-02-09 13:12:17,655 | INFO | Batch 390 | Loss: 1.1764 | Correct: 71/128 | Elapsed Time: 13.14s
2026-02-09 13:12:18,727 | INFO | Epoch [83/100] - Loss: 1.2056 | Correct: 28393/50000 (56.79%, 519.03s)
2026-02-09 13:13:05,597 | INFO | Validation - Loss: 1.2176 | Correct: 5634/10000 (56.34%) (46.87s)
2026-02-09 13:13:18,741 | INFO | Batch 10 | Loss: 1.1144 | Correct: 84/128 | Elapsed Time: 13.14s
2026-02-09 13:13:31,926 | INFO | Batch 20 | Loss: 1.1450 | Correct: 76/128 | Elapsed Time: 13.18s
2026-02-09 13:13:44,978 | INFO | Batch 30 | Loss: 1.1204 | Correct: 75/128 | Elapsed Time: 13.05s
2026-02-09 13:13:58,221 | INFO | Batch 40 | Loss: 1.3039 | Correct: 67/128 | Elapsed Time: 13.24s
2026-02-09 13:14:11,551 | INFO | Batch 50 | Loss: 1.1764 | Correct: 74/128 | Elapsed Time: 13.33s
2026-02-09 13:14:24,559 | INFO | Batch 60 | Loss: 1.2352 | Correct: 74/128 | Elapsed Time: 13.01s
2026-02-09 13:14:37,775 | INFO | Batch 70 | Loss: 1.2968 | Correct: 68/128 | Elapsed Time: 13.22s
2026-02-09 13:14:50,983 | INFO | Batch 80 | Loss: 1.0386 | Correct: 79/128 | Elapsed Time: 13.21s
2026-02-09 13:15:04,138 | INFO | Batch 90 | Loss: 1.2087 | Correct: 70/128 | Elapsed Time: 13.16s
2026-02-09 13:15:17,363 | INFO | Batch 100 | Loss: 1.1144 | Correct: 77/128 | Elapsed Time: 13.22s
2026-02-09 13:15:30,643 | INFO | Batch 110 | Loss: 1.3110 | Correct: 66/128 | Elapsed Time: 13.28s
2026-02-09 13:15:43,724 | INFO | Batch 120 | Loss: 1.3543 | Correct: 68/128 | Elapsed Time: 13.08s
2026-02-09 13:15:56,944 | INFO | Batch 130 | Loss: 1.2622 | Correct: 70/128 | Elapsed Time: 13.22s
2026-02-09 13:16:10,695 | INFO | Batch 140 | Loss: 1.2486 | Correct: 70/128 | Elapsed Time: 13.75s
2026-02-09 13:16:23,808 | INFO | Batch 150 | Loss: 1.3324 | Correct: 67/128 | Elapsed Time: 13.11s
2026-02-09 13:16:37,059 | INFO | Batch 160 | Loss: 1.1512 | Correct: 72/128 | Elapsed Time: 13.25s
2026-02-09 13:16:50,337 | INFO | Batch 170 | Loss: 1.1957 | Correct: 74/128 | Elapsed Time: 13.28s
2026-02-09 13:17:03,582 | INFO | Batch 180 | Loss: 1.1326 | Correct: 75/128 | Elapsed Time: 13.24s
2026-02-09 13:17:16,903 | INFO | Batch 190 | Loss: 1.2152 | Correct: 66/128 | Elapsed Time: 13.32s
2026-02-09 13:17:29,665 | INFO | Batch 200 | Loss: 1.2218 | Correct: 78/128 | Elapsed Time: 12.76s
2026-02-09 13:17:42,366 | INFO | Batch 210 | Loss: 1.0964 | Correct: 76/128 | Elapsed Time: 12.70s
2026-02-09 13:17:55,137 | INFO | Batch 220 | Loss: 1.1828 | Correct: 75/128 | Elapsed Time: 12.77s
2026-02-09 13:18:07,914 | INFO | Batch 230 | Loss: 1.1326 | Correct: 72/128 | Elapsed Time: 12.78s
2026-02-09 13:18:20,642 | INFO | Batch 240 | Loss: 1.2622 | Correct: 72/128 | Elapsed Time: 12.73s
2026-02-09 13:18:33,338 | INFO | Batch 250 | Loss: 1.1828 | Correct: 76/128 | Elapsed Time: 12.70s
2026-02-09 13:18:46,128 | INFO | Batch 260 | Loss: 1.1828 | Correct: 66/128 | Elapsed Time: 12.79s
2026-02-09 13:18:58,945 | INFO | Batch 270 | Loss: 1.2898 | Correct: 67/128 | Elapsed Time: 12.82s
2026-02-09 13:19:11,687 | INFO | Batch 280 | Loss: 1.1512 | Correct: 75/128 | Elapsed Time: 12.74s
2026-02-09 13:19:24,399 | INFO | Batch 290 | Loss: 1.1957 | Correct: 76/128 | Elapsed Time: 12.71s
2026-02-09 13:19:37,199 | INFO | Batch 300 | Loss: 1.2087 | Correct: 73/128 | Elapsed Time: 12.80s
2026-02-09 13:19:49,877 | INFO | Batch 310 | Loss: 1.3690 | Correct: 69/128 | Elapsed Time: 12.68s
2026-02-09 13:20:02,641 | INFO | Batch 320 | Loss: 1.2218 | Correct: 76/128 | Elapsed Time: 12.76s
2026-02-09 13:20:15,357 | INFO | Batch 330 | Loss: 1.3616 | Correct: 72/128 | Elapsed Time: 12.72s
2026-02-09 13:20:27,995 | INFO | Batch 340 | Loss: 1.2285 | Correct: 69/128 | Elapsed Time: 12.64s
2026-02-09 13:20:40,680 | INFO | Batch 350 | Loss: 1.2486 | Correct: 71/128 | Elapsed Time: 12.69s
2026-02-09 13:20:53,416 | INFO | Batch 360 | Loss: 1.1512 | Correct: 69/128 | Elapsed Time: 12.74s
2026-02-09 13:21:06,117 | INFO | Batch 370 | Loss: 1.1326 | Correct: 76/128 | Elapsed Time: 12.70s
2026-02-09 13:21:18,879 | INFO | Batch 380 | Loss: 1.3397 | Correct: 63/128 | Elapsed Time: 12.76s
2026-02-09 13:21:31,622 | INFO | Batch 390 | Loss: 1.2759 | Correct: 68/128 | Elapsed Time: 12.74s
2026-02-09 13:21:32,641 | INFO | Epoch [84/100] - Loss: 1.2115 | Correct: 28229/50000 (56.46%, 507.04s)
2026-02-09 13:22:17,992 | INFO | Validation - Loss: 1.2192 | Correct: 5648/10000 (56.48%) (45.35s)
2026-02-09 13:22:30,645 | INFO | Batch 10 | Loss: 1.4296 | Correct: 63/128 | Elapsed Time: 12.65s
2026-02-09 13:22:43,378 | INFO | Batch 20 | Loss: 1.2486 | Correct: 70/128 | Elapsed Time: 12.73s
2026-02-09 13:22:56,135 | INFO | Batch 30 | Loss: 1.2759 | Correct: 65/128 | Elapsed Time: 12.76s
2026-02-09 13:23:08,990 | INFO | Batch 40 | Loss: 1.2419 | Correct: 71/128 | Elapsed Time: 12.85s
2026-02-09 13:23:21,629 | INFO | Batch 50 | Loss: 1.3110 | Correct: 68/128 | Elapsed Time: 12.64s
2026-02-09 13:23:34,407 | INFO | Batch 60 | Loss: 1.4219 | Correct: 62/128 | Elapsed Time: 12.78s
2026-02-09 13:23:47,171 | INFO | Batch 70 | Loss: 1.2691 | Correct: 69/128 | Elapsed Time: 12.76s
2026-02-09 13:23:59,837 | INFO | Batch 80 | Loss: 1.3914 | Correct: 64/128 | Elapsed Time: 12.67s
2026-02-09 13:24:12,579 | INFO | Batch 90 | Loss: 1.0671 | Correct: 84/128 | Elapsed Time: 12.74s
2026-02-09 13:24:25,318 | INFO | Batch 100 | Loss: 1.2152 | Correct: 73/128 | Elapsed Time: 12.74s
2026-02-09 13:24:37,976 | INFO | Batch 110 | Loss: 1.2419 | Correct: 70/128 | Elapsed Time: 12.66s
2026-02-09 13:24:50,745 | INFO | Batch 120 | Loss: 1.1512 | Correct: 75/128 | Elapsed Time: 12.77s
2026-02-09 13:25:03,554 | INFO | Batch 130 | Loss: 1.1204 | Correct: 70/128 | Elapsed Time: 12.81s
2026-02-09 13:25:16,195 | INFO | Batch 140 | Loss: 1.2554 | Correct: 74/128 | Elapsed Time: 12.64s
2026-02-09 13:25:28,996 | INFO | Batch 150 | Loss: 1.1957 | Correct: 77/128 | Elapsed Time: 12.80s
2026-02-09 13:25:41,811 | INFO | Batch 160 | Loss: 1.2486 | Correct: 69/128 | Elapsed Time: 12.81s
2026-02-09 13:25:54,492 | INFO | Batch 170 | Loss: 1.2352 | Correct: 79/128 | Elapsed Time: 12.68s
2026-02-09 13:26:08,208 | INFO | Batch 180 | Loss: 1.2087 | Correct: 74/128 | Elapsed Time: 13.72s
2026-02-09 13:26:21,056 | INFO | Batch 190 | Loss: 1.0671 | Correct: 80/128 | Elapsed Time: 12.85s
2026-02-09 13:26:33,770 | INFO | Batch 200 | Loss: 1.1512 | Correct: 77/128 | Elapsed Time: 12.71s
2026-02-09 13:26:46,547 | INFO | Batch 210 | Loss: 1.0846 | Correct: 77/128 | Elapsed Time: 12.78s
2026-02-09 13:26:59,325 | INFO | Batch 220 | Loss: 1.2691 | Correct: 75/128 | Elapsed Time: 12.78s
2026-02-09 13:27:12,057 | INFO | Batch 230 | Loss: 1.3181 | Correct: 71/128 | Elapsed Time: 12.73s
2026-02-09 13:27:24,887 | INFO | Batch 240 | Loss: 1.1764 | Correct: 75/128 | Elapsed Time: 12.83s
2026-02-09 13:27:37,642 | INFO | Batch 250 | Loss: 1.1637 | Correct: 76/128 | Elapsed Time: 12.75s
2026-02-09 13:27:50,311 | INFO | Batch 260 | Loss: 1.3181 | Correct: 70/128 | Elapsed Time: 12.67s
2026-02-09 13:28:03,121 | INFO | Batch 270 | Loss: 1.2022 | Correct: 69/128 | Elapsed Time: 12.81s
2026-02-09 13:28:16,013 | INFO | Batch 280 | Loss: 1.3616 | Correct: 70/128 | Elapsed Time: 12.89s
2026-02-09 13:28:28,702 | INFO | Batch 290 | Loss: 1.0443 | Correct: 79/128 | Elapsed Time: 12.69s
2026-02-09 13:28:41,481 | INFO | Batch 300 | Loss: 1.2486 | Correct: 66/128 | Elapsed Time: 12.78s
2026-02-09 13:28:54,263 | INFO | Batch 310 | Loss: 1.2622 | Correct: 74/128 | Elapsed Time: 12.78s
2026-02-09 13:29:07,050 | INFO | Batch 320 | Loss: 1.2087 | Correct: 72/128 | Elapsed Time: 12.79s
2026-02-09 13:29:19,735 | INFO | Batch 330 | Loss: 1.3397 | Correct: 73/128 | Elapsed Time: 12.69s
2026-02-09 13:29:32,516 | INFO | Batch 340 | Loss: 1.1764 | Correct: 71/128 | Elapsed Time: 12.78s
2026-02-09 13:29:45,335 | INFO | Batch 350 | Loss: 0.9628 | Correct: 85/128 | Elapsed Time: 12.82s
2026-02-09 13:29:58,013 | INFO | Batch 360 | Loss: 1.1892 | Correct: 74/128 | Elapsed Time: 12.68s
2026-02-09 13:30:10,849 | INFO | Batch 370 | Loss: 1.1204 | Correct: 74/128 | Elapsed Time: 12.84s
2026-02-09 13:30:23,573 | INFO | Batch 380 | Loss: 1.1957 | Correct: 72/128 | Elapsed Time: 12.72s
2026-02-09 13:30:36,255 | INFO | Batch 390 | Loss: 1.0443 | Correct: 79/128 | Elapsed Time: 12.68s
2026-02-09 13:30:37,267 | INFO | Epoch [85/100] - Loss: 1.2131 | Correct: 28229/50000 (56.46%, 499.27s)
2026-02-09 13:31:22,598 | INFO | Validation - Loss: 1.2138 | Correct: 5670/10000 (56.70%) (45.33s)
2026-02-09 13:31:35,423 | INFO | Batch 10 | Loss: 1.1828 | Correct: 72/128 | Elapsed Time: 12.82s
2026-02-09 13:31:48,209 | INFO | Batch 20 | Loss: 1.1764 | Correct: 79/128 | Elapsed Time: 12.79s
2026-02-09 13:32:00,867 | INFO | Batch 30 | Loss: 1.2486 | Correct: 67/128 | Elapsed Time: 12.66s
2026-02-09 13:32:13,596 | INFO | Batch 40 | Loss: 1.3181 | Correct: 69/128 | Elapsed Time: 12.73s
2026-02-09 13:32:26,407 | INFO | Batch 50 | Loss: 1.2968 | Correct: 63/128 | Elapsed Time: 12.81s
2026-02-09 13:32:39,242 | INFO | Batch 60 | Loss: 1.2829 | Correct: 72/128 | Elapsed Time: 12.84s
2026-02-09 13:32:51,920 | INFO | Batch 70 | Loss: 1.2829 | Correct: 68/128 | Elapsed Time: 12.68s
2026-02-09 13:33:04,716 | INFO | Batch 80 | Loss: 1.1892 | Correct: 74/128 | Elapsed Time: 12.80s
2026-02-09 13:33:17,479 | INFO | Batch 90 | Loss: 1.1828 | Correct: 75/128 | Elapsed Time: 12.76s
2026-02-09 13:33:30,170 | INFO | Batch 100 | Loss: 1.0729 | Correct: 76/128 | Elapsed Time: 12.69s
2026-02-09 13:33:42,934 | INFO | Batch 110 | Loss: 1.1084 | Correct: 81/128 | Elapsed Time: 12.76s
2026-02-09 13:33:55,724 | INFO | Batch 120 | Loss: 1.0054 | Correct: 78/128 | Elapsed Time: 12.79s
2026-02-09 13:34:08,462 | INFO | Batch 130 | Loss: 1.1512 | Correct: 78/128 | Elapsed Time: 12.74s
2026-02-09 13:34:21,194 | INFO | Batch 140 | Loss: 1.2352 | Correct: 74/128 | Elapsed Time: 12.73s
2026-02-09 13:34:33,983 | INFO | Batch 150 | Loss: 1.2691 | Correct: 67/128 | Elapsed Time: 12.79s
2026-02-09 13:34:46,685 | INFO | Batch 160 | Loss: 1.1450 | Correct: 75/128 | Elapsed Time: 12.70s
2026-02-09 13:34:59,495 | INFO | Batch 170 | Loss: 1.2022 | Correct: 69/128 | Elapsed Time: 12.81s
2026-02-09 13:35:12,331 | INFO | Batch 180 | Loss: 1.2691 | Correct: 73/128 | Elapsed Time: 12.84s
2026-02-09 13:35:25,075 | INFO | Batch 190 | Loss: 1.1957 | Correct: 72/128 | Elapsed Time: 12.74s
2026-02-09 13:35:37,829 | INFO | Batch 200 | Loss: 1.2554 | Correct: 73/128 | Elapsed Time: 12.75s
2026-02-09 13:35:50,631 | INFO | Batch 210 | Loss: 1.3181 | Correct: 67/128 | Elapsed Time: 12.80s
2026-02-09 13:36:03,799 | INFO | Batch 220 | Loss: 1.1700 | Correct: 80/128 | Elapsed Time: 13.17s
2026-02-09 13:36:16,951 | INFO | Batch 230 | Loss: 1.2352 | Correct: 70/128 | Elapsed Time: 13.15s
2026-02-09 13:36:29,736 | INFO | Batch 240 | Loss: 1.1764 | Correct: 70/128 | Elapsed Time: 12.78s
2026-02-09 13:36:42,437 | INFO | Batch 250 | Loss: 1.2829 | Correct: 71/128 | Elapsed Time: 12.70s
2026-02-09 13:36:55,217 | INFO | Batch 260 | Loss: 1.3324 | Correct: 69/128 | Elapsed Time: 12.78s
2026-02-09 13:37:08,044 | INFO | Batch 270 | Loss: 1.2285 | Correct: 70/128 | Elapsed Time: 12.83s
2026-02-09 13:37:20,788 | INFO | Batch 280 | Loss: 1.3543 | Correct: 71/128 | Elapsed Time: 12.74s
2026-02-09 13:37:33,440 | INFO | Batch 290 | Loss: 1.3324 | Correct: 67/128 | Elapsed Time: 12.65s
2026-02-09 13:37:46,288 | INFO | Batch 300 | Loss: 1.3914 | Correct: 64/128 | Elapsed Time: 12.85s
2026-02-09 13:37:59,080 | INFO | Batch 310 | Loss: 1.2352 | Correct: 77/128 | Elapsed Time: 12.79s
2026-02-09 13:38:11,782 | INFO | Batch 320 | Loss: 1.1512 | Correct: 73/128 | Elapsed Time: 12.70s
2026-02-09 13:38:24,566 | INFO | Batch 330 | Loss: 1.1204 | Correct: 82/128 | Elapsed Time: 12.78s
2026-02-09 13:38:37,390 | INFO | Batch 340 | Loss: 1.2152 | Correct: 74/128 | Elapsed Time: 12.82s
2026-02-09 13:38:50,136 | INFO | Batch 350 | Loss: 1.2554 | Correct: 68/128 | Elapsed Time: 12.75s
2026-02-09 13:39:02,957 | INFO | Batch 360 | Loss: 1.1265 | Correct: 70/128 | Elapsed Time: 12.82s
2026-02-09 13:39:15,816 | INFO | Batch 370 | Loss: 1.1700 | Correct: 76/128 | Elapsed Time: 12.86s
2026-02-09 13:39:28,446 | INFO | Batch 380 | Loss: 1.2152 | Correct: 74/128 | Elapsed Time: 12.63s
2026-02-09 13:39:41,212 | INFO | Batch 390 | Loss: 1.3110 | Correct: 70/128 | Elapsed Time: 12.77s
2026-02-09 13:39:42,223 | INFO | Epoch [86/100] - Loss: 1.2054 | Correct: 28472/50000 (56.94%, 499.62s)
2026-02-09 13:40:27,548 | INFO | Validation - Loss: 1.2133 | Correct: 5683/10000 (56.83%) (45.32s)
2026-02-09 13:40:40,296 | INFO | Batch 10 | Loss: 1.1574 | Correct: 72/128 | Elapsed Time: 12.75s
2026-02-09 13:40:52,958 | INFO | Batch 20 | Loss: 1.2691 | Correct: 73/128 | Elapsed Time: 12.66s
2026-02-09 13:41:05,862 | INFO | Batch 30 | Loss: 1.2486 | Correct: 69/128 | Elapsed Time: 12.90s
2026-02-09 13:41:18,624 | INFO | Batch 40 | Loss: 1.2352 | Correct: 76/128 | Elapsed Time: 12.76s
2026-02-09 13:41:31,285 | INFO | Batch 50 | Loss: 1.1892 | Correct: 73/128 | Elapsed Time: 12.66s
2026-02-09 13:41:44,080 | INFO | Batch 60 | Loss: 1.1512 | Correct: 81/128 | Elapsed Time: 12.80s
2026-02-09 13:41:56,850 | INFO | Batch 70 | Loss: 1.2829 | Correct: 74/128 | Elapsed Time: 12.77s
2026-02-09 13:42:09,544 | INFO | Batch 80 | Loss: 1.2087 | Correct: 82/128 | Elapsed Time: 12.69s
2026-02-09 13:42:22,311 | INFO | Batch 90 | Loss: 1.1024 | Correct: 76/128 | Elapsed Time: 12.77s
2026-02-09 13:42:35,056 | INFO | Batch 100 | Loss: 1.3252 | Correct: 69/128 | Elapsed Time: 12.75s
2026-02-09 13:42:47,860 | INFO | Batch 110 | Loss: 1.2022 | Correct: 69/128 | Elapsed Time: 12.80s
2026-02-09 13:43:00,543 | INFO | Batch 120 | Loss: 1.3839 | Correct: 70/128 | Elapsed Time: 12.68s
2026-02-09 13:43:13,376 | INFO | Batch 130 | Loss: 1.1828 | Correct: 73/128 | Elapsed Time: 12.83s
2026-02-09 13:43:26,091 | INFO | Batch 140 | Loss: 1.3764 | Correct: 61/128 | Elapsed Time: 12.71s
2026-02-09 13:43:38,773 | INFO | Batch 150 | Loss: 1.0729 | Correct: 76/128 | Elapsed Time: 12.68s
2026-02-09 13:43:51,567 | INFO | Batch 160 | Loss: 1.2691 | Correct: 71/128 | Elapsed Time: 12.79s
2026-02-09 13:44:04,395 | INFO | Batch 170 | Loss: 1.0386 | Correct: 83/128 | Elapsed Time: 12.83s
2026-02-09 13:44:17,017 | INFO | Batch 180 | Loss: 1.2968 | Correct: 77/128 | Elapsed Time: 12.62s
2026-02-09 13:44:29,807 | INFO | Batch 190 | Loss: 1.0905 | Correct: 78/128 | Elapsed Time: 12.79s
2026-02-09 13:44:42,553 | INFO | Batch 200 | Loss: 1.2829 | Correct: 67/128 | Elapsed Time: 12.75s
2026-02-09 13:44:55,237 | INFO | Batch 210 | Loss: 1.2554 | Correct: 72/128 | Elapsed Time: 12.68s
2026-02-09 13:45:08,037 | INFO | Batch 220 | Loss: 1.1764 | Correct: 69/128 | Elapsed Time: 12.80s
2026-02-09 13:45:20,717 | INFO | Batch 230 | Loss: 1.1512 | Correct: 71/128 | Elapsed Time: 12.68s
2026-02-09 13:45:33,369 | INFO | Batch 240 | Loss: 1.1700 | Correct: 74/128 | Elapsed Time: 12.65s
2026-02-09 13:45:46,083 | INFO | Batch 250 | Loss: 1.2622 | Correct: 71/128 | Elapsed Time: 12.71s
2026-02-09 13:45:58,952 | INFO | Batch 260 | Loss: 1.2829 | Correct: 60/128 | Elapsed Time: 12.87s
2026-02-09 13:46:12,238 | INFO | Batch 270 | Loss: 1.1388 | Correct: 75/128 | Elapsed Time: 13.29s
2026-02-09 13:46:24,963 | INFO | Batch 280 | Loss: 1.3252 | Correct: 68/128 | Elapsed Time: 12.72s
2026-02-09 13:46:37,615 | INFO | Batch 290 | Loss: 1.1637 | Correct: 74/128 | Elapsed Time: 12.65s
2026-02-09 13:46:50,230 | INFO | Batch 300 | Loss: 1.2554 | Correct: 69/128 | Elapsed Time: 12.61s
2026-02-09 13:47:02,876 | INFO | Batch 310 | Loss: 1.1892 | Correct: 75/128 | Elapsed Time: 12.65s
2026-02-09 13:47:15,691 | INFO | Batch 320 | Loss: 1.2691 | Correct: 69/128 | Elapsed Time: 12.81s
2026-02-09 13:47:28,432 | INFO | Batch 330 | Loss: 1.1450 | Correct: 73/128 | Elapsed Time: 12.74s
2026-02-09 13:47:41,049 | INFO | Batch 340 | Loss: 1.1450 | Correct: 69/128 | Elapsed Time: 12.62s
2026-02-09 13:47:53,861 | INFO | Batch 350 | Loss: 1.2622 | Correct: 65/128 | Elapsed Time: 12.81s
2026-02-09 13:48:06,573 | INFO | Batch 360 | Loss: 1.2419 | Correct: 66/128 | Elapsed Time: 12.71s
2026-02-09 13:48:19,234 | INFO | Batch 370 | Loss: 1.2691 | Correct: 68/128 | Elapsed Time: 12.66s
2026-02-09 13:48:32,027 | INFO | Batch 380 | Loss: 1.1574 | Correct: 78/128 | Elapsed Time: 12.79s
2026-02-09 13:48:44,769 | INFO | Batch 390 | Loss: 1.2622 | Correct: 69/128 | Elapsed Time: 12.74s
2026-02-09 13:48:45,773 | INFO | Epoch [87/100] - Loss: 1.2082 | Correct: 28398/50000 (56.80%, 498.22s)
2026-02-09 13:49:30,953 | INFO | Validation - Loss: 1.2207 | Correct: 5597/10000 (55.97%) (45.18s)
2026-02-09 13:49:43,538 | INFO | Batch 10 | Loss: 1.3324 | Correct: 65/128 | Elapsed Time: 12.58s
2026-02-09 13:49:56,281 | INFO | Batch 20 | Loss: 1.1204 | Correct: 70/128 | Elapsed Time: 12.74s
2026-02-09 13:50:09,033 | INFO | Batch 30 | Loss: 1.1700 | Correct: 69/128 | Elapsed Time: 12.75s
2026-02-09 13:50:21,638 | INFO | Batch 40 | Loss: 1.2352 | Correct: 72/128 | Elapsed Time: 12.60s
2026-02-09 13:50:34,343 | INFO | Batch 50 | Loss: 1.4066 | Correct: 62/128 | Elapsed Time: 12.71s
2026-02-09 13:50:47,065 | INFO | Batch 60 | Loss: 1.3914 | Correct: 62/128 | Elapsed Time: 12.72s
2026-02-09 13:50:59,722 | INFO | Batch 70 | Loss: 1.3543 | Correct: 65/128 | Elapsed Time: 12.66s
2026-02-09 13:51:12,504 | INFO | Batch 80 | Loss: 1.1204 | Correct: 78/128 | Elapsed Time: 12.78s
2026-02-09 13:51:25,275 | INFO | Batch 90 | Loss: 1.3181 | Correct: 71/128 | Elapsed Time: 12.77s
2026-02-09 13:51:37,885 | INFO | Batch 100 | Loss: 1.2285 | Correct: 79/128 | Elapsed Time: 12.61s
2026-02-09 13:51:50,600 | INFO | Batch 110 | Loss: 1.3839 | Correct: 65/128 | Elapsed Time: 12.72s
2026-02-09 13:52:03,334 | INFO | Batch 120 | Loss: 1.0671 | Correct: 77/128 | Elapsed Time: 12.73s
2026-02-09 13:52:15,973 | INFO | Batch 130 | Loss: 1.2352 | Correct: 72/128 | Elapsed Time: 12.64s
2026-02-09 13:52:28,714 | INFO | Batch 140 | Loss: 1.1957 | Correct: 78/128 | Elapsed Time: 12.74s
2026-02-09 13:52:41,499 | INFO | Batch 150 | Loss: 1.2152 | Correct: 67/128 | Elapsed Time: 12.78s
2026-02-09 13:52:54,096 | INFO | Batch 160 | Loss: 1.1637 | Correct: 76/128 | Elapsed Time: 12.60s
2026-02-09 13:53:06,850 | INFO | Batch 170 | Loss: 1.3039 | Correct: 68/128 | Elapsed Time: 12.75s
2026-02-09 13:53:19,539 | INFO | Batch 180 | Loss: 1.1144 | Correct: 82/128 | Elapsed Time: 12.69s
2026-02-09 13:53:32,084 | INFO | Batch 190 | Loss: 1.1700 | Correct: 73/128 | Elapsed Time: 12.55s
2026-02-09 13:53:44,762 | INFO | Batch 200 | Loss: 1.3690 | Correct: 60/128 | Elapsed Time: 12.68s
2026-02-09 13:53:57,389 | INFO | Batch 210 | Loss: 1.0729 | Correct: 78/128 | Elapsed Time: 12.63s
2026-02-09 13:54:10,144 | INFO | Batch 220 | Loss: 1.1204 | Correct: 69/128 | Elapsed Time: 12.76s
2026-02-09 13:54:22,812 | INFO | Batch 230 | Loss: 1.4219 | Correct: 68/128 | Elapsed Time: 12.67s
2026-02-09 13:54:35,550 | INFO | Batch 240 | Loss: 1.1764 | Correct: 76/128 | Elapsed Time: 12.74s
2026-02-09 13:54:48,275 | INFO | Batch 250 | Loss: 1.1764 | Correct: 71/128 | Elapsed Time: 12.73s
2026-02-09 13:55:00,903 | INFO | Batch 260 | Loss: 1.1326 | Correct: 79/128 | Elapsed Time: 12.63s
2026-02-09 13:55:13,721 | INFO | Batch 270 | Loss: 1.2486 | Correct: 68/128 | Elapsed Time: 12.82s
2026-02-09 13:55:26,485 | INFO | Batch 280 | Loss: 1.3110 | Correct: 77/128 | Elapsed Time: 12.76s
2026-02-09 13:55:39,117 | INFO | Batch 290 | Loss: 1.2622 | Correct: 69/128 | Elapsed Time: 12.63s
2026-02-09 13:55:51,852 | INFO | Batch 300 | Loss: 1.1144 | Correct: 66/128 | Elapsed Time: 12.73s
2026-02-09 13:56:05,423 | INFO | Batch 310 | Loss: 1.0556 | Correct: 86/128 | Elapsed Time: 13.57s
2026-02-09 13:56:18,127 | INFO | Batch 320 | Loss: 1.1450 | Correct: 76/128 | Elapsed Time: 12.70s
2026-02-09 13:56:30,868 | INFO | Batch 330 | Loss: 1.1828 | Correct: 72/128 | Elapsed Time: 12.74s
2026-02-09 13:56:43,555 | INFO | Batch 340 | Loss: 1.4768 | Correct: 55/128 | Elapsed Time: 12.69s
2026-02-09 13:56:56,210 | INFO | Batch 350 | Loss: 1.2759 | Correct: 73/128 | Elapsed Time: 12.65s
2026-02-09 13:57:09,039 | INFO | Batch 360 | Loss: 1.1084 | Correct: 77/128 | Elapsed Time: 12.83s
2026-02-09 13:57:21,839 | INFO | Batch 370 | Loss: 1.1957 | Correct: 76/128 | Elapsed Time: 12.80s
2026-02-09 13:57:34,507 | INFO | Batch 380 | Loss: 1.3110 | Correct: 69/128 | Elapsed Time: 12.67s
2026-02-09 13:57:47,186 | INFO | Batch 390 | Loss: 1.0164 | Correct: 84/128 | Elapsed Time: 12.68s
2026-02-09 13:57:48,194 | INFO | Epoch [88/100] - Loss: 1.2032 | Correct: 28424/50000 (56.85%, 497.24s)
2026-02-09 13:58:33,367 | INFO | Validation - Loss: 1.2123 | Correct: 5646/10000 (56.46%) (45.17s)
2026-02-09 13:58:46,177 | INFO | Batch 10 | Loss: 1.3039 | Correct: 68/128 | Elapsed Time: 12.81s
2026-02-09 13:58:58,926 | INFO | Batch 20 | Loss: 1.0443 | Correct: 80/128 | Elapsed Time: 12.75s
2026-02-09 13:59:11,612 | INFO | Batch 30 | Loss: 1.2829 | Correct: 72/128 | Elapsed Time: 12.69s
2026-02-09 13:59:24,311 | INFO | Batch 40 | Loss: 1.2152 | Correct: 70/128 | Elapsed Time: 12.70s
2026-02-09 13:59:37,045 | INFO | Batch 50 | Loss: 1.1326 | Correct: 79/128 | Elapsed Time: 12.73s
2026-02-09 13:59:49,690 | INFO | Batch 60 | Loss: 1.0671 | Correct: 80/128 | Elapsed Time: 12.64s
2026-02-09 14:00:02,508 | INFO | Batch 70 | Loss: 1.1637 | Correct: 77/128 | Elapsed Time: 12.82s
2026-02-09 14:00:15,277 | INFO | Batch 80 | Loss: 1.2829 | Correct: 70/128 | Elapsed Time: 12.77s
2026-02-09 14:00:27,909 | INFO | Batch 90 | Loss: 1.2968 | Correct: 74/128 | Elapsed Time: 12.63s
2026-02-09 14:00:40,634 | INFO | Batch 100 | Loss: 1.1204 | Correct: 75/128 | Elapsed Time: 12.72s
2026-02-09 14:00:53,369 | INFO | Batch 110 | Loss: 1.2486 | Correct: 78/128 | Elapsed Time: 12.74s
2026-02-09 14:01:06,039 | INFO | Batch 120 | Loss: 1.2152 | Correct: 77/128 | Elapsed Time: 12.67s
2026-02-09 14:01:18,737 | INFO | Batch 130 | Loss: 0.9628 | Correct: 81/128 | Elapsed Time: 12.70s
2026-02-09 14:01:31,433 | INFO | Batch 140 | Loss: 1.1764 | Correct: 74/128 | Elapsed Time: 12.70s
2026-02-09 14:01:44,082 | INFO | Batch 150 | Loss: 1.3181 | Correct: 72/128 | Elapsed Time: 12.65s
2026-02-09 14:01:56,832 | INFO | Batch 160 | Loss: 1.1388 | Correct: 77/128 | Elapsed Time: 12.75s
2026-02-09 14:02:09,660 | INFO | Batch 170 | Loss: 1.1892 | Correct: 74/128 | Elapsed Time: 12.83s
2026-02-09 14:02:22,239 | INFO | Batch 180 | Loss: 1.2968 | Correct: 71/128 | Elapsed Time: 12.58s
2026-02-09 14:02:34,909 | INFO | Batch 190 | Loss: 1.1512 | Correct: 76/128 | Elapsed Time: 12.67s
2026-02-09 14:02:47,661 | INFO | Batch 200 | Loss: 1.1388 | Correct: 72/128 | Elapsed Time: 12.75s
2026-02-09 14:03:00,302 | INFO | Batch 210 | Loss: 1.2829 | Correct: 67/128 | Elapsed Time: 12.64s
2026-02-09 14:03:13,153 | INFO | Batch 220 | Loss: 1.2898 | Correct: 63/128 | Elapsed Time: 12.85s
2026-02-09 14:03:25,826 | INFO | Batch 230 | Loss: 1.3543 | Correct: 68/128 | Elapsed Time: 12.67s
2026-02-09 14:03:38,414 | INFO | Batch 240 | Loss: 1.4219 | Correct: 57/128 | Elapsed Time: 12.59s
2026-02-09 14:03:51,164 | INFO | Batch 250 | Loss: 1.2554 | Correct: 71/128 | Elapsed Time: 12.75s
2026-02-09 14:04:03,952 | INFO | Batch 260 | Loss: 1.1512 | Correct: 71/128 | Elapsed Time: 12.79s
2026-02-09 14:04:16,594 | INFO | Batch 270 | Loss: 1.0614 | Correct: 84/128 | Elapsed Time: 12.64s
2026-02-09 14:04:29,356 | INFO | Batch 280 | Loss: 1.2759 | Correct: 71/128 | Elapsed Time: 12.76s
2026-02-09 14:04:42,125 | INFO | Batch 290 | Loss: 1.1326 | Correct: 71/128 | Elapsed Time: 12.77s
2026-02-09 14:04:54,845 | INFO | Batch 300 | Loss: 1.2898 | Correct: 75/128 | Elapsed Time: 12.72s
2026-02-09 14:05:07,518 | INFO | Batch 310 | Loss: 0.9524 | Correct: 84/128 | Elapsed Time: 12.67s
2026-02-09 14:05:20,294 | INFO | Batch 320 | Loss: 1.3469 | Correct: 67/128 | Elapsed Time: 12.78s
2026-02-09 14:05:33,062 | INFO | Batch 330 | Loss: 1.3469 | Correct: 69/128 | Elapsed Time: 12.77s
2026-02-09 14:05:45,700 | INFO | Batch 340 | Loss: 1.3110 | Correct: 72/128 | Elapsed Time: 12.64s
2026-02-09 14:05:58,464 | INFO | Batch 350 | Loss: 1.1957 | Correct: 73/128 | Elapsed Time: 12.76s
2026-02-09 14:06:11,915 | INFO | Batch 360 | Loss: 1.2968 | Correct: 74/128 | Elapsed Time: 13.45s
2026-02-09 14:06:24,548 | INFO | Batch 370 | Loss: 1.1700 | Correct: 68/128 | Elapsed Time: 12.63s
2026-02-09 14:06:37,324 | INFO | Batch 380 | Loss: 1.3110 | Correct: 65/128 | Elapsed Time: 12.78s
2026-02-09 14:06:50,077 | INFO | Batch 390 | Loss: 1.2968 | Correct: 72/128 | Elapsed Time: 12.75s
2026-02-09 14:06:51,079 | INFO | Epoch [89/100] - Loss: 1.2074 | Correct: 28562/50000 (57.12%, 497.71s)
2026-02-09 14:07:36,255 | INFO | Validation - Loss: 1.2126 | Correct: 5654/10000 (56.54%) (45.17s)
2026-02-09 14:07:48,975 | INFO | Batch 10 | Loss: 1.2152 | Correct: 73/128 | Elapsed Time: 12.72s
2026-02-09 14:08:01,676 | INFO | Batch 20 | Loss: 1.0729 | Correct: 79/128 | Elapsed Time: 12.70s
2026-02-09 14:08:14,489 | INFO | Batch 30 | Loss: 1.1024 | Correct: 79/128 | Elapsed Time: 12.81s
2026-02-09 14:08:27,250 | INFO | Batch 40 | Loss: 1.1024 | Correct: 74/128 | Elapsed Time: 12.76s
2026-02-09 14:08:39,925 | INFO | Batch 50 | Loss: 1.2218 | Correct: 74/128 | Elapsed Time: 12.68s
2026-02-09 14:08:52,647 | INFO | Batch 60 | Loss: 1.2152 | Correct: 73/128 | Elapsed Time: 12.72s
2026-02-09 14:09:05,449 | INFO | Batch 70 | Loss: 1.1388 | Correct: 75/128 | Elapsed Time: 12.80s
2026-02-09 14:09:18,089 | INFO | Batch 80 | Loss: 1.3110 | Correct: 67/128 | Elapsed Time: 12.64s
2026-02-09 14:09:30,916 | INFO | Batch 90 | Loss: 1.1512 | Correct: 75/128 | Elapsed Time: 12.83s
2026-02-09 14:09:43,769 | INFO | Batch 100 | Loss: 1.1450 | Correct: 74/128 | Elapsed Time: 12.85s
2026-02-09 14:09:56,467 | INFO | Batch 110 | Loss: 1.0788 | Correct: 80/128 | Elapsed Time: 12.70s
2026-02-09 14:10:09,278 | INFO | Batch 120 | Loss: 1.2829 | Correct: 68/128 | Elapsed Time: 12.81s
2026-02-09 14:10:22,058 | INFO | Batch 130 | Loss: 1.0671 | Correct: 80/128 | Elapsed Time: 12.78s
2026-02-09 14:10:34,729 | INFO | Batch 140 | Loss: 1.2285 | Correct: 81/128 | Elapsed Time: 12.67s
2026-02-09 14:10:47,459 | INFO | Batch 150 | Loss: 1.0499 | Correct: 79/128 | Elapsed Time: 12.73s
2026-02-09 14:11:00,273 | INFO | Batch 160 | Loss: 1.1828 | Correct: 77/128 | Elapsed Time: 12.81s
2026-02-09 14:11:12,960 | INFO | Batch 170 | Loss: 1.2152 | Correct: 78/128 | Elapsed Time: 12.69s
2026-02-09 14:11:25,713 | INFO | Batch 180 | Loss: 1.0671 | Correct: 81/128 | Elapsed Time: 12.75s
2026-02-09 14:11:38,397 | INFO | Batch 190 | Loss: 1.0614 | Correct: 75/128 | Elapsed Time: 12.68s
2026-02-09 14:11:51,039 | INFO | Batch 200 | Loss: 1.0671 | Correct: 84/128 | Elapsed Time: 12.64s
2026-02-09 14:12:03,851 | INFO | Batch 210 | Loss: 1.0614 | Correct: 79/128 | Elapsed Time: 12.81s
2026-02-09 14:12:16,559 | INFO | Batch 220 | Loss: 1.1700 | Correct: 73/128 | Elapsed Time: 12.71s
2026-02-09 14:12:29,204 | INFO | Batch 230 | Loss: 1.2622 | Correct: 64/128 | Elapsed Time: 12.64s
2026-02-09 14:12:42,016 | INFO | Batch 240 | Loss: 1.2968 | Correct: 67/128 | Elapsed Time: 12.81s
2026-02-09 14:12:54,727 | INFO | Batch 250 | Loss: 1.0443 | Correct: 77/128 | Elapsed Time: 12.71s
2026-02-09 14:13:07,539 | INFO | Batch 260 | Loss: 1.1388 | Correct: 73/128 | Elapsed Time: 12.81s
2026-02-09 14:13:20,263 | INFO | Batch 270 | Loss: 1.0788 | Correct: 80/128 | Elapsed Time: 12.72s
2026-02-09 14:13:33,004 | INFO | Batch 280 | Loss: 1.0274 | Correct: 75/128 | Elapsed Time: 12.74s
2026-02-09 14:13:45,710 | INFO | Batch 290 | Loss: 1.1024 | Correct: 80/128 | Elapsed Time: 12.71s
2026-02-09 14:13:58,289 | INFO | Batch 300 | Loss: 1.2554 | Correct: 67/128 | Elapsed Time: 12.58s
2026-02-09 14:14:11,049 | INFO | Batch 310 | Loss: 1.2218 | Correct: 75/128 | Elapsed Time: 12.76s
2026-02-09 14:14:23,778 | INFO | Batch 320 | Loss: 1.2352 | Correct: 76/128 | Elapsed Time: 12.73s
2026-02-09 14:14:36,472 | INFO | Batch 330 | Loss: 1.0614 | Correct: 81/128 | Elapsed Time: 12.69s
2026-02-09 14:14:49,233 | INFO | Batch 340 | Loss: 1.1637 | Correct: 73/128 | Elapsed Time: 12.76s
2026-02-09 14:15:01,988 | INFO | Batch 350 | Loss: 1.3252 | Correct: 69/128 | Elapsed Time: 12.75s
2026-02-09 14:15:14,733 | INFO | Batch 360 | Loss: 1.2554 | Correct: 64/128 | Elapsed Time: 12.75s
2026-02-09 14:15:27,478 | INFO | Batch 370 | Loss: 1.3039 | Correct: 65/128 | Elapsed Time: 12.75s
2026-02-09 14:15:40,217 | INFO | Batch 380 | Loss: 1.2087 | Correct: 66/128 | Elapsed Time: 12.74s
2026-02-09 14:15:52,844 | INFO | Batch 390 | Loss: 1.1764 | Correct: 71/128 | Elapsed Time: 12.63s
2026-02-09 14:15:53,888 | INFO | Epoch [90/100] - Loss: 1.2059 | Correct: 28435/50000 (56.87%, 497.63s)
2026-02-09 14:16:39,579 | INFO | Validation - Loss: 1.2124 | Correct: 5651/10000 (56.51%) (45.69s)
2026-02-09 14:16:52,243 | INFO | Batch 10 | Loss: 1.1574 | Correct: 80/128 | Elapsed Time: 12.66s
2026-02-09 14:17:04,997 | INFO | Batch 20 | Loss: 1.1764 | Correct: 73/128 | Elapsed Time: 12.75s
2026-02-09 14:17:17,753 | INFO | Batch 30 | Loss: 1.0556 | Correct: 77/128 | Elapsed Time: 12.76s
2026-02-09 14:17:30,375 | INFO | Batch 40 | Loss: 1.2218 | Correct: 74/128 | Elapsed Time: 12.62s
2026-02-09 14:17:43,111 | INFO | Batch 50 | Loss: 1.1388 | Correct: 76/128 | Elapsed Time: 12.74s
2026-02-09 14:17:55,873 | INFO | Batch 60 | Loss: 1.2218 | Correct: 70/128 | Elapsed Time: 12.76s
2026-02-09 14:18:08,662 | INFO | Batch 70 | Loss: 1.0054 | Correct: 80/128 | Elapsed Time: 12.79s
2026-02-09 14:18:21,447 | INFO | Batch 80 | Loss: 1.2218 | Correct: 77/128 | Elapsed Time: 12.79s
2026-02-09 14:18:34,239 | INFO | Batch 90 | Loss: 1.2829 | Correct: 76/128 | Elapsed Time: 12.79s
2026-02-09 14:18:46,905 | INFO | Batch 100 | Loss: 1.2352 | Correct: 73/128 | Elapsed Time: 12.67s
2026-02-09 14:18:59,650 | INFO | Batch 110 | Loss: 1.1388 | Correct: 69/128 | Elapsed Time: 12.75s
2026-02-09 14:19:12,387 | INFO | Batch 120 | Loss: 1.2087 | Correct: 69/128 | Elapsed Time: 12.74s
2026-02-09 14:19:25,026 | INFO | Batch 130 | Loss: 1.2898 | Correct: 65/128 | Elapsed Time: 12.64s
2026-02-09 14:19:37,757 | INFO | Batch 140 | Loss: 1.2486 | Correct: 74/128 | Elapsed Time: 12.73s
2026-02-09 14:19:50,488 | INFO | Batch 150 | Loss: 1.1204 | Correct: 76/128 | Elapsed Time: 12.73s
2026-02-09 14:20:03,280 | INFO | Batch 160 | Loss: 1.2554 | Correct: 72/128 | Elapsed Time: 12.79s
2026-02-09 14:20:15,962 | INFO | Batch 170 | Loss: 1.2022 | Correct: 74/128 | Elapsed Time: 12.68s
2026-02-09 14:20:28,684 | INFO | Batch 180 | Loss: 1.2087 | Correct: 78/128 | Elapsed Time: 12.72s
2026-02-09 14:20:41,464 | INFO | Batch 190 | Loss: 1.3616 | Correct: 71/128 | Elapsed Time: 12.78s
2026-02-09 14:20:54,142 | INFO | Batch 200 | Loss: 1.2554 | Correct: 78/128 | Elapsed Time: 12.68s
2026-02-09 14:21:06,874 | INFO | Batch 210 | Loss: 1.2419 | Correct: 75/128 | Elapsed Time: 12.73s
2026-02-09 14:21:19,601 | INFO | Batch 220 | Loss: 1.0964 | Correct: 74/128 | Elapsed Time: 12.73s
2026-02-09 14:21:32,254 | INFO | Batch 230 | Loss: 1.3690 | Correct: 64/128 | Elapsed Time: 12.65s
2026-02-09 14:21:45,003 | INFO | Batch 240 | Loss: 1.3252 | Correct: 67/128 | Elapsed Time: 12.75s
2026-02-09 14:21:57,733 | INFO | Batch 250 | Loss: 1.3397 | Correct: 67/128 | Elapsed Time: 12.73s
2026-02-09 14:22:10,402 | INFO | Batch 260 | Loss: 1.2218 | Correct: 72/128 | Elapsed Time: 12.67s
2026-02-09 14:22:23,116 | INFO | Batch 270 | Loss: 1.2419 | Correct: 78/128 | Elapsed Time: 12.71s
2026-02-09 14:22:35,844 | INFO | Batch 280 | Loss: 1.0729 | Correct: 78/128 | Elapsed Time: 12.73s
2026-02-09 14:22:48,454 | INFO | Batch 290 | Loss: 1.1265 | Correct: 82/128 | Elapsed Time: 12.61s
2026-02-09 14:23:01,154 | INFO | Batch 300 | Loss: 1.1204 | Correct: 84/128 | Elapsed Time: 12.70s
2026-02-09 14:23:13,973 | INFO | Batch 310 | Loss: 1.1764 | Correct: 77/128 | Elapsed Time: 12.82s
2026-02-09 14:23:26,602 | INFO | Batch 320 | Loss: 1.2898 | Correct: 69/128 | Elapsed Time: 12.63s
2026-02-09 14:23:39,319 | INFO | Batch 330 | Loss: 1.3469 | Correct: 62/128 | Elapsed Time: 12.72s
2026-02-09 14:23:52,067 | INFO | Batch 340 | Loss: 1.3181 | Correct: 68/128 | Elapsed Time: 12.75s
2026-02-09 14:24:04,780 | INFO | Batch 350 | Loss: 1.1265 | Correct: 78/128 | Elapsed Time: 12.71s
2026-02-09 14:24:17,544 | INFO | Batch 360 | Loss: 1.3616 | Correct: 69/128 | Elapsed Time: 12.76s
2026-02-09 14:24:30,264 | INFO | Batch 370 | Loss: 1.3397 | Correct: 75/128 | Elapsed Time: 12.72s
2026-02-09 14:24:42,882 | INFO | Batch 380 | Loss: 1.1265 | Correct: 77/128 | Elapsed Time: 12.62s
2026-02-09 14:24:55,594 | INFO | Batch 390 | Loss: 1.3110 | Correct: 68/128 | Elapsed Time: 12.71s
2026-02-09 14:24:56,601 | INFO | Epoch [91/100] - Loss: 1.2056 | Correct: 28447/50000 (56.89%, 497.02s)
2026-02-09 14:25:41,812 | INFO | Validation - Loss: 1.2069 | Correct: 5665/10000 (56.65%) (45.21s)
2026-02-09 14:25:54,539 | INFO | Batch 10 | Loss: 1.2218 | Correct: 72/128 | Elapsed Time: 12.72s
2026-02-09 14:26:08,100 | INFO | Batch 20 | Loss: 1.2691 | Correct: 62/128 | Elapsed Time: 13.56s
2026-02-09 14:26:20,743 | INFO | Batch 30 | Loss: 1.0671 | Correct: 78/128 | Elapsed Time: 12.64s
2026-02-09 14:26:33,482 | INFO | Batch 40 | Loss: 1.1637 | Correct: 78/128 | Elapsed Time: 12.74s
2026-02-09 14:26:46,214 | INFO | Batch 50 | Loss: 1.2285 | Correct: 72/128 | Elapsed Time: 12.73s
2026-02-09 14:26:58,819 | INFO | Batch 60 | Loss: 1.1204 | Correct: 70/128 | Elapsed Time: 12.61s
2026-02-09 14:27:11,556 | INFO | Batch 70 | Loss: 1.1024 | Correct: 82/128 | Elapsed Time: 12.74s
2026-02-09 14:27:24,294 | INFO | Batch 80 | Loss: 1.2554 | Correct: 70/128 | Elapsed Time: 12.74s
2026-02-09 14:27:36,971 | INFO | Batch 90 | Loss: 1.3110 | Correct: 58/128 | Elapsed Time: 12.68s
2026-02-09 14:27:49,714 | INFO | Batch 100 | Loss: 1.3110 | Correct: 67/128 | Elapsed Time: 12.74s
2026-02-09 14:28:02,506 | INFO | Batch 110 | Loss: 1.2486 | Correct: 71/128 | Elapsed Time: 12.79s
2026-02-09 14:28:15,190 | INFO | Batch 120 | Loss: 1.0614 | Correct: 77/128 | Elapsed Time: 12.68s
2026-02-09 14:28:27,931 | INFO | Batch 130 | Loss: 1.1450 | Correct: 79/128 | Elapsed Time: 12.74s
2026-02-09 14:28:40,668 | INFO | Batch 140 | Loss: 1.1957 | Correct: 74/128 | Elapsed Time: 12.74s
2026-02-09 14:28:53,340 | INFO | Batch 150 | Loss: 1.2218 | Correct: 74/128 | Elapsed Time: 12.67s
2026-02-09 14:29:06,133 | INFO | Batch 160 | Loss: 1.2419 | Correct: 76/128 | Elapsed Time: 12.79s
2026-02-09 14:29:18,886 | INFO | Batch 170 | Loss: 1.2022 | Correct: 74/128 | Elapsed Time: 12.75s
2026-02-09 14:29:31,546 | INFO | Batch 180 | Loss: 1.3110 | Correct: 74/128 | Elapsed Time: 12.66s
2026-02-09 14:29:44,245 | INFO | Batch 190 | Loss: 1.2152 | Correct: 68/128 | Elapsed Time: 12.70s
2026-02-09 14:29:56,966 | INFO | Batch 200 | Loss: 1.1450 | Correct: 76/128 | Elapsed Time: 12.72s
2026-02-09 14:30:09,674 | INFO | Batch 210 | Loss: 1.0556 | Correct: 80/128 | Elapsed Time: 12.71s
2026-02-09 14:30:22,445 | INFO | Batch 220 | Loss: 1.4066 | Correct: 61/128 | Elapsed Time: 12.77s
2026-02-09 14:30:35,183 | INFO | Batch 230 | Loss: 1.1957 | Correct: 72/128 | Elapsed Time: 12.74s
2026-02-09 14:30:47,867 | INFO | Batch 240 | Loss: 1.1764 | Correct: 76/128 | Elapsed Time: 12.68s
2026-02-09 14:31:00,506 | INFO | Batch 250 | Loss: 1.1450 | Correct: 70/128 | Elapsed Time: 12.64s
2026-02-09 14:31:13,257 | INFO | Batch 260 | Loss: 1.2022 | Correct: 65/128 | Elapsed Time: 12.75s
2026-02-09 14:31:25,984 | INFO | Batch 270 | Loss: 1.2554 | Correct: 72/128 | Elapsed Time: 12.73s
2026-02-09 14:31:38,553 | INFO | Batch 280 | Loss: 1.1450 | Correct: 76/128 | Elapsed Time: 12.57s
2026-02-09 14:31:51,303 | INFO | Batch 290 | Loss: 1.3181 | Correct: 74/128 | Elapsed Time: 12.75s
2026-02-09 14:32:04,100 | INFO | Batch 300 | Loss: 1.1265 | Correct: 76/128 | Elapsed Time: 12.80s
2026-02-09 14:32:16,698 | INFO | Batch 310 | Loss: 1.3690 | Correct: 62/128 | Elapsed Time: 12.60s
2026-02-09 14:32:29,467 | INFO | Batch 320 | Loss: 1.2759 | Correct: 70/128 | Elapsed Time: 12.77s
2026-02-09 14:32:42,169 | INFO | Batch 330 | Loss: 1.2486 | Correct: 70/128 | Elapsed Time: 12.70s
2026-02-09 14:32:54,854 | INFO | Batch 340 | Loss: 1.1637 | Correct: 76/128 | Elapsed Time: 12.68s
2026-02-09 14:33:07,586 | INFO | Batch 350 | Loss: 1.2898 | Correct: 69/128 | Elapsed Time: 12.73s
2026-02-09 14:33:20,294 | INFO | Batch 360 | Loss: 1.3252 | Correct: 75/128 | Elapsed Time: 12.71s
2026-02-09 14:33:32,878 | INFO | Batch 370 | Loss: 1.3914 | Correct: 67/128 | Elapsed Time: 12.58s
2026-02-09 14:33:45,578 | INFO | Batch 380 | Loss: 1.2285 | Correct: 74/128 | Elapsed Time: 12.70s
2026-02-09 14:33:58,303 | INFO | Batch 390 | Loss: 1.2829 | Correct: 67/128 | Elapsed Time: 12.73s
2026-02-09 14:33:59,307 | INFO | Epoch [92/100] - Loss: 1.2050 | Correct: 28452/50000 (56.90%, 497.49s)
2026-02-09 14:34:44,487 | INFO | Validation - Loss: 1.2129 | Correct: 5631/10000 (56.31%) (45.18s)
2026-02-09 14:34:57,143 | INFO | Batch 10 | Loss: 1.1084 | Correct: 82/128 | Elapsed Time: 12.65s
2026-02-09 14:35:09,961 | INFO | Batch 20 | Loss: 1.1700 | Correct: 69/128 | Elapsed Time: 12.82s
2026-02-09 14:35:22,724 | INFO | Batch 30 | Loss: 1.2419 | Correct: 65/128 | Elapsed Time: 12.76s
2026-02-09 14:35:35,457 | INFO | Batch 40 | Loss: 1.1957 | Correct: 65/128 | Elapsed Time: 12.73s
2026-02-09 14:35:48,111 | INFO | Batch 50 | Loss: 1.3764 | Correct: 67/128 | Elapsed Time: 12.65s
2026-02-09 14:36:00,984 | INFO | Batch 60 | Loss: 0.9733 | Correct: 84/128 | Elapsed Time: 12.87s
2026-02-09 14:36:14,179 | INFO | Batch 70 | Loss: 1.1828 | Correct: 75/128 | Elapsed Time: 13.20s
2026-02-09 14:36:26,721 | INFO | Batch 80 | Loss: 1.0671 | Correct: 79/128 | Elapsed Time: 12.54s
2026-02-09 14:36:39,401 | INFO | Batch 90 | Loss: 1.1700 | Correct: 76/128 | Elapsed Time: 12.68s
2026-02-09 14:36:52,056 | INFO | Batch 100 | Loss: 1.1326 | Correct: 79/128 | Elapsed Time: 12.65s
2026-02-09 14:37:04,692 | INFO | Batch 110 | Loss: 1.0274 | Correct: 82/128 | Elapsed Time: 12.64s
2026-02-09 14:37:17,379 | INFO | Batch 120 | Loss: 1.2554 | Correct: 67/128 | Elapsed Time: 12.69s
2026-02-09 14:37:30,070 | INFO | Batch 130 | Loss: 1.1326 | Correct: 70/128 | Elapsed Time: 12.69s
2026-02-09 14:37:42,639 | INFO | Batch 140 | Loss: 1.3252 | Correct: 66/128 | Elapsed Time: 12.57s
2026-02-09 14:37:55,369 | INFO | Batch 150 | Loss: 1.1574 | Correct: 72/128 | Elapsed Time: 12.73s
2026-02-09 14:38:08,197 | INFO | Batch 160 | Loss: 1.1637 | Correct: 81/128 | Elapsed Time: 12.83s
2026-02-09 14:38:20,828 | INFO | Batch 170 | Loss: 1.2829 | Correct: 68/128 | Elapsed Time: 12.63s
2026-02-09 14:38:33,627 | INFO | Batch 180 | Loss: 1.1828 | Correct: 69/128 | Elapsed Time: 12.80s
2026-02-09 14:38:46,405 | INFO | Batch 190 | Loss: 1.1892 | Correct: 76/128 | Elapsed Time: 12.78s
2026-02-09 14:38:59,012 | INFO | Batch 200 | Loss: 1.1024 | Correct: 78/128 | Elapsed Time: 12.61s
2026-02-09 14:39:11,729 | INFO | Batch 210 | Loss: 1.1144 | Correct: 79/128 | Elapsed Time: 12.72s
2026-02-09 14:39:24,446 | INFO | Batch 220 | Loss: 1.3181 | Correct: 66/128 | Elapsed Time: 12.72s
2026-02-09 14:39:37,079 | INFO | Batch 230 | Loss: 1.1450 | Correct: 78/128 | Elapsed Time: 12.63s
2026-02-09 14:39:49,854 | INFO | Batch 240 | Loss: 1.2829 | Correct: 63/128 | Elapsed Time: 12.77s
2026-02-09 14:40:02,609 | INFO | Batch 250 | Loss: 1.1265 | Correct: 81/128 | Elapsed Time: 12.75s
2026-02-09 14:40:15,275 | INFO | Batch 260 | Loss: 1.1764 | Correct: 76/128 | Elapsed Time: 12.67s
2026-02-09 14:40:28,004 | INFO | Batch 270 | Loss: 1.2968 | Correct: 71/128 | Elapsed Time: 12.73s
2026-02-09 14:40:40,706 | INFO | Batch 280 | Loss: 1.1326 | Correct: 82/128 | Elapsed Time: 12.70s
2026-02-09 14:40:53,323 | INFO | Batch 290 | Loss: 1.2218 | Correct: 78/128 | Elapsed Time: 12.62s
2026-02-09 14:41:06,175 | INFO | Batch 300 | Loss: 1.3990 | Correct: 62/128 | Elapsed Time: 12.85s
2026-02-09 14:41:18,905 | INFO | Batch 310 | Loss: 1.1204 | Correct: 84/128 | Elapsed Time: 12.73s
2026-02-09 14:41:31,640 | INFO | Batch 320 | Loss: 1.2285 | Correct: 72/128 | Elapsed Time: 12.73s
2026-02-09 14:41:44,335 | INFO | Batch 330 | Loss: 1.2087 | Correct: 77/128 | Elapsed Time: 12.69s
2026-02-09 14:41:57,144 | INFO | Batch 340 | Loss: 1.3469 | Correct: 64/128 | Elapsed Time: 12.81s
2026-02-09 14:42:09,925 | INFO | Batch 350 | Loss: 1.0846 | Correct: 76/128 | Elapsed Time: 12.78s
2026-02-09 14:42:22,594 | INFO | Batch 360 | Loss: 1.1388 | Correct: 83/128 | Elapsed Time: 12.67s
2026-02-09 14:42:35,347 | INFO | Batch 370 | Loss: 1.4066 | Correct: 68/128 | Elapsed Time: 12.75s
2026-02-09 14:42:48,042 | INFO | Batch 380 | Loss: 1.2352 | Correct: 75/128 | Elapsed Time: 12.70s
2026-02-09 14:43:00,641 | INFO | Batch 390 | Loss: 1.0671 | Correct: 83/128 | Elapsed Time: 12.60s
2026-02-09 14:43:01,646 | INFO | Epoch [93/100] - Loss: 1.2060 | Correct: 28443/50000 (56.89%, 497.16s)
2026-02-09 14:43:46,767 | INFO | Validation - Loss: 1.2249 | Correct: 5628/10000 (56.28%) (45.12s)
2026-02-09 14:43:59,526 | INFO | Batch 10 | Loss: 1.1144 | Correct: 79/128 | Elapsed Time: 12.75s
2026-02-09 14:44:12,267 | INFO | Batch 20 | Loss: 1.0905 | Correct: 73/128 | Elapsed Time: 12.74s
2026-02-09 14:44:24,857 | INFO | Batch 30 | Loss: 1.3039 | Correct: 63/128 | Elapsed Time: 12.59s
2026-02-09 14:44:37,594 | INFO | Batch 40 | Loss: 1.0671 | Correct: 82/128 | Elapsed Time: 12.74s
2026-02-09 14:44:50,368 | INFO | Batch 50 | Loss: 1.1512 | Correct: 77/128 | Elapsed Time: 12.77s
2026-02-09 14:45:03,108 | INFO | Batch 60 | Loss: 1.1450 | Correct: 75/128 | Elapsed Time: 12.74s
2026-02-09 14:45:15,735 | INFO | Batch 70 | Loss: 1.1700 | Correct: 75/128 | Elapsed Time: 12.63s
2026-02-09 14:45:28,445 | INFO | Batch 80 | Loss: 1.1084 | Correct: 79/128 | Elapsed Time: 12.71s
2026-02-09 14:45:41,228 | INFO | Batch 90 | Loss: 1.1957 | Correct: 70/128 | Elapsed Time: 12.78s
2026-02-09 14:45:53,870 | INFO | Batch 100 | Loss: 1.2152 | Correct: 75/128 | Elapsed Time: 12.64s
2026-02-09 14:46:07,384 | INFO | Batch 110 | Loss: 1.3690 | Correct: 66/128 | Elapsed Time: 13.51s
2026-02-09 14:46:20,088 | INFO | Batch 120 | Loss: 1.2087 | Correct: 78/128 | Elapsed Time: 12.70s
2026-02-09 14:46:32,764 | INFO | Batch 130 | Loss: 1.1024 | Correct: 75/128 | Elapsed Time: 12.68s
2026-02-09 14:46:45,520 | INFO | Batch 140 | Loss: 1.1828 | Correct: 62/128 | Elapsed Time: 12.76s
2026-02-09 14:46:58,266 | INFO | Batch 150 | Loss: 1.1764 | Correct: 73/128 | Elapsed Time: 12.75s
2026-02-09 14:47:10,923 | INFO | Batch 160 | Loss: 1.1828 | Correct: 77/128 | Elapsed Time: 12.66s
2026-02-09 14:47:23,657 | INFO | Batch 170 | Loss: 1.2152 | Correct: 76/128 | Elapsed Time: 12.73s
2026-02-09 14:47:36,496 | INFO | Batch 180 | Loss: 1.0499 | Correct: 82/128 | Elapsed Time: 12.84s
2026-02-09 14:47:49,152 | INFO | Batch 190 | Loss: 1.2691 | Correct: 72/128 | Elapsed Time: 12.66s
2026-02-09 14:48:01,931 | INFO | Batch 200 | Loss: 1.1084 | Correct: 79/128 | Elapsed Time: 12.78s
2026-02-09 14:48:14,718 | INFO | Batch 210 | Loss: 1.2218 | Correct: 74/128 | Elapsed Time: 12.79s
2026-02-09 14:48:27,352 | INFO | Batch 220 | Loss: 1.2554 | Correct: 72/128 | Elapsed Time: 12.63s
2026-02-09 14:48:40,080 | INFO | Batch 230 | Loss: 1.1957 | Correct: 76/128 | Elapsed Time: 12.73s
2026-02-09 14:48:52,825 | INFO | Batch 240 | Loss: 1.1764 | Correct: 78/128 | Elapsed Time: 12.75s
2026-02-09 14:49:05,510 | INFO | Batch 250 | Loss: 1.1892 | Correct: 65/128 | Elapsed Time: 12.68s
2026-02-09 14:49:18,222 | INFO | Batch 260 | Loss: 1.2759 | Correct: 70/128 | Elapsed Time: 12.71s
2026-02-09 14:49:30,919 | INFO | Batch 270 | Loss: 1.1764 | Correct: 79/128 | Elapsed Time: 12.70s
2026-02-09 14:49:43,720 | INFO | Batch 280 | Loss: 1.2285 | Correct: 71/128 | Elapsed Time: 12.80s
2026-02-09 14:49:56,383 | INFO | Batch 290 | Loss: 1.2829 | Correct: 71/128 | Elapsed Time: 12.66s
2026-02-09 14:50:09,155 | INFO | Batch 300 | Loss: 1.1204 | Correct: 75/128 | Elapsed Time: 12.77s
2026-02-09 14:50:21,861 | INFO | Batch 310 | Loss: 1.1084 | Correct: 78/128 | Elapsed Time: 12.71s
2026-02-09 14:50:34,524 | INFO | Batch 320 | Loss: 1.1024 | Correct: 84/128 | Elapsed Time: 12.66s
2026-02-09 14:50:47,314 | INFO | Batch 330 | Loss: 1.0109 | Correct: 87/128 | Elapsed Time: 12.79s
2026-02-09 14:51:00,017 | INFO | Batch 340 | Loss: 1.0499 | Correct: 79/128 | Elapsed Time: 12.70s
2026-02-09 14:51:12,721 | INFO | Batch 350 | Loss: 1.2829 | Correct: 62/128 | Elapsed Time: 12.70s
2026-02-09 14:51:25,424 | INFO | Batch 360 | Loss: 1.2622 | Correct: 71/128 | Elapsed Time: 12.70s
2026-02-09 14:51:38,088 | INFO | Batch 370 | Loss: 1.3543 | Correct: 75/128 | Elapsed Time: 12.66s
2026-02-09 14:51:50,773 | INFO | Batch 380 | Loss: 1.2691 | Correct: 68/128 | Elapsed Time: 12.69s
2026-02-09 14:52:03,549 | INFO | Batch 390 | Loss: 1.0846 | Correct: 78/128 | Elapsed Time: 12.78s
2026-02-09 14:52:04,571 | INFO | Epoch [94/100] - Loss: 1.2045 | Correct: 28457/50000 (56.91%, 497.80s)
2026-02-09 14:52:49,601 | INFO | Validation - Loss: 1.2154 | Correct: 5639/10000 (56.39%) (45.03s)
2026-02-09 14:53:02,323 | INFO | Batch 10 | Loss: 1.1326 | Correct: 74/128 | Elapsed Time: 12.72s
2026-02-09 14:53:14,974 | INFO | Batch 20 | Loss: 1.2087 | Correct: 76/128 | Elapsed Time: 12.65s
2026-02-09 14:53:27,623 | INFO | Batch 30 | Loss: 1.3543 | Correct: 71/128 | Elapsed Time: 12.65s
2026-02-09 14:53:40,298 | INFO | Batch 40 | Loss: 1.1512 | Correct: 72/128 | Elapsed Time: 12.67s
2026-02-09 14:53:52,962 | INFO | Batch 50 | Loss: 1.2759 | Correct: 64/128 | Elapsed Time: 12.66s
2026-02-09 14:54:05,723 | INFO | Batch 60 | Loss: 1.1084 | Correct: 79/128 | Elapsed Time: 12.76s
2026-02-09 14:54:18,369 | INFO | Batch 70 | Loss: 1.1024 | Correct: 80/128 | Elapsed Time: 12.65s
2026-02-09 14:54:31,015 | INFO | Batch 80 | Loss: 1.1957 | Correct: 74/128 | Elapsed Time: 12.65s
2026-02-09 14:54:43,740 | INFO | Batch 90 | Loss: 1.2898 | Correct: 73/128 | Elapsed Time: 12.72s
2026-02-09 14:54:56,394 | INFO | Batch 100 | Loss: 1.2087 | Correct: 75/128 | Elapsed Time: 12.65s
2026-02-09 14:55:09,164 | INFO | Batch 110 | Loss: 1.2218 | Correct: 75/128 | Elapsed Time: 12.77s
2026-02-09 14:55:21,842 | INFO | Batch 120 | Loss: 1.1144 | Correct: 77/128 | Elapsed Time: 12.68s
2026-02-09 14:55:34,564 | INFO | Batch 130 | Loss: 1.1450 | Correct: 74/128 | Elapsed Time: 12.72s
2026-02-09 14:55:47,316 | INFO | Batch 140 | Loss: 1.1574 | Correct: 75/128 | Elapsed Time: 12.75s
2026-02-09 14:56:00,125 | INFO | Batch 150 | Loss: 1.2218 | Correct: 71/128 | Elapsed Time: 12.81s
2026-02-09 14:56:13,607 | INFO | Batch 160 | Loss: 1.2554 | Correct: 78/128 | Elapsed Time: 13.48s
2026-02-09 14:56:26,357 | INFO | Batch 170 | Loss: 1.1512 | Correct: 73/128 | Elapsed Time: 12.75s
2026-02-09 14:56:38,998 | INFO | Batch 180 | Loss: 1.2419 | Correct: 72/128 | Elapsed Time: 12.64s
2026-02-09 14:56:51,720 | INFO | Batch 190 | Loss: 1.2152 | Correct: 69/128 | Elapsed Time: 12.72s
2026-02-09 14:57:04,601 | INFO | Batch 200 | Loss: 1.1326 | Correct: 71/128 | Elapsed Time: 12.88s
2026-02-09 14:57:17,233 | INFO | Batch 210 | Loss: 1.1512 | Correct: 72/128 | Elapsed Time: 12.63s
2026-02-09 14:57:29,893 | INFO | Batch 220 | Loss: 1.0556 | Correct: 76/128 | Elapsed Time: 12.66s
2026-02-09 14:57:42,579 | INFO | Batch 230 | Loss: 0.9839 | Correct: 79/128 | Elapsed Time: 12.69s
2026-02-09 14:57:55,188 | INFO | Batch 240 | Loss: 1.1892 | Correct: 67/128 | Elapsed Time: 12.61s
2026-02-09 14:58:07,948 | INFO | Batch 250 | Loss: 1.2691 | Correct: 73/128 | Elapsed Time: 12.76s
2026-02-09 14:58:20,663 | INFO | Batch 260 | Loss: 1.2419 | Correct: 76/128 | Elapsed Time: 12.72s
2026-02-09 14:58:33,360 | INFO | Batch 270 | Loss: 1.1957 | Correct: 73/128 | Elapsed Time: 12.70s
2026-02-09 14:58:46,119 | INFO | Batch 280 | Loss: 1.1700 | Correct: 76/128 | Elapsed Time: 12.76s
2026-02-09 14:58:58,931 | INFO | Batch 290 | Loss: 1.2968 | Correct: 66/128 | Elapsed Time: 12.81s
2026-02-09 14:59:11,648 | INFO | Batch 300 | Loss: 1.2622 | Correct: 73/128 | Elapsed Time: 12.72s
2026-02-09 14:59:24,419 | INFO | Batch 310 | Loss: 1.2691 | Correct: 71/128 | Elapsed Time: 12.77s
2026-02-09 14:59:37,135 | INFO | Batch 320 | Loss: 1.1892 | Correct: 72/128 | Elapsed Time: 12.72s
2026-02-09 14:59:49,849 | INFO | Batch 330 | Loss: 1.0964 | Correct: 79/128 | Elapsed Time: 12.71s
2026-02-09 15:00:02,480 | INFO | Batch 340 | Loss: 1.2218 | Correct: 73/128 | Elapsed Time: 12.63s
2026-02-09 15:00:15,173 | INFO | Batch 350 | Loss: 1.1388 | Correct: 76/128 | Elapsed Time: 12.69s
2026-02-09 15:00:27,868 | INFO | Batch 360 | Loss: 1.1700 | Correct: 70/128 | Elapsed Time: 12.69s
2026-02-09 15:00:40,454 | INFO | Batch 370 | Loss: 1.1828 | Correct: 75/128 | Elapsed Time: 12.59s
2026-02-09 15:00:53,136 | INFO | Batch 380 | Loss: 1.3181 | Correct: 71/128 | Elapsed Time: 12.68s
2026-02-09 15:01:05,827 | INFO | Batch 390 | Loss: 1.0729 | Correct: 85/128 | Elapsed Time: 12.69s
2026-02-09 15:01:06,845 | INFO | Epoch [95/100] - Loss: 1.2081 | Correct: 28388/50000 (56.78%, 497.24s)
2026-02-09 15:01:52,044 | INFO | Validation - Loss: 1.2215 | Correct: 5627/10000 (56.27%) (45.20s)
2026-02-09 15:02:04,710 | INFO | Batch 10 | Loss: 1.2898 | Correct: 60/128 | Elapsed Time: 12.66s
2026-02-09 15:02:17,388 | INFO | Batch 20 | Loss: 1.2087 | Correct: 73/128 | Elapsed Time: 12.68s
2026-02-09 15:02:30,053 | INFO | Batch 30 | Loss: 1.1828 | Correct: 74/128 | Elapsed Time: 12.66s
2026-02-09 15:02:42,693 | INFO | Batch 40 | Loss: 1.2486 | Correct: 68/128 | Elapsed Time: 12.64s
2026-02-09 15:02:55,477 | INFO | Batch 50 | Loss: 1.0556 | Correct: 86/128 | Elapsed Time: 12.78s
2026-02-09 15:03:08,226 | INFO | Batch 60 | Loss: 1.1450 | Correct: 69/128 | Elapsed Time: 12.75s
2026-02-09 15:03:20,833 | INFO | Batch 70 | Loss: 1.2968 | Correct: 72/128 | Elapsed Time: 12.61s
2026-02-09 15:03:33,560 | INFO | Batch 80 | Loss: 1.2691 | Correct: 73/128 | Elapsed Time: 12.73s
2026-02-09 15:03:46,377 | INFO | Batch 90 | Loss: 1.2352 | Correct: 72/128 | Elapsed Time: 12.82s
2026-02-09 15:03:59,060 | INFO | Batch 100 | Loss: 1.3039 | Correct: 68/128 | Elapsed Time: 12.68s
2026-02-09 15:04:11,880 | INFO | Batch 110 | Loss: 1.1828 | Correct: 78/128 | Elapsed Time: 12.82s
2026-02-09 15:04:24,584 | INFO | Batch 120 | Loss: 1.0964 | Correct: 75/128 | Elapsed Time: 12.70s
2026-02-09 15:04:37,271 | INFO | Batch 130 | Loss: 1.0443 | Correct: 80/128 | Elapsed Time: 12.69s
2026-02-09 15:04:50,001 | INFO | Batch 140 | Loss: 1.0274 | Correct: 80/128 | Elapsed Time: 12.73s
2026-02-09 15:05:02,713 | INFO | Batch 150 | Loss: 1.2419 | Correct: 73/128 | Elapsed Time: 12.71s
2026-02-09 15:05:15,295 | INFO | Batch 160 | Loss: 1.2554 | Correct: 68/128 | Elapsed Time: 12.58s
2026-02-09 15:05:28,042 | INFO | Batch 170 | Loss: 1.2285 | Correct: 72/128 | Elapsed Time: 12.75s
2026-02-09 15:05:40,811 | INFO | Batch 180 | Loss: 1.2419 | Correct: 79/128 | Elapsed Time: 12.77s
2026-02-09 15:05:53,544 | INFO | Batch 190 | Loss: 1.1265 | Correct: 77/128 | Elapsed Time: 12.73s
2026-02-09 15:06:06,855 | INFO | Batch 200 | Loss: 1.2419 | Correct: 78/128 | Elapsed Time: 13.31s
2026-02-09 15:06:19,631 | INFO | Batch 210 | Loss: 1.3110 | Correct: 67/128 | Elapsed Time: 12.78s
2026-02-09 15:06:32,349 | INFO | Batch 220 | Loss: 1.0556 | Correct: 79/128 | Elapsed Time: 12.72s
2026-02-09 15:06:45,019 | INFO | Batch 230 | Loss: 1.1084 | Correct: 79/128 | Elapsed Time: 12.67s
2026-02-09 15:06:57,769 | INFO | Batch 240 | Loss: 1.0964 | Correct: 72/128 | Elapsed Time: 12.75s
2026-02-09 15:07:10,575 | INFO | Batch 250 | Loss: 1.0905 | Correct: 77/128 | Elapsed Time: 12.81s
2026-02-09 15:07:23,173 | INFO | Batch 260 | Loss: 1.0905 | Correct: 79/128 | Elapsed Time: 12.60s
2026-02-09 15:07:35,840 | INFO | Batch 270 | Loss: 1.3252 | Correct: 71/128 | Elapsed Time: 12.67s
2026-02-09 15:07:48,544 | INFO | Batch 280 | Loss: 1.0729 | Correct: 73/128 | Elapsed Time: 12.70s
2026-02-09 15:08:01,186 | INFO | Batch 290 | Loss: 1.2419 | Correct: 69/128 | Elapsed Time: 12.64s
2026-02-09 15:08:13,947 | INFO | Batch 300 | Loss: 1.1326 | Correct: 78/128 | Elapsed Time: 12.76s
2026-02-09 15:08:26,693 | INFO | Batch 310 | Loss: 1.1892 | Correct: 80/128 | Elapsed Time: 12.75s
2026-02-09 15:08:39,368 | INFO | Batch 320 | Loss: 1.1828 | Correct: 72/128 | Elapsed Time: 12.68s
2026-02-09 15:08:52,122 | INFO | Batch 330 | Loss: 1.1388 | Correct: 75/128 | Elapsed Time: 12.75s
2026-02-09 15:09:04,915 | INFO | Batch 340 | Loss: 1.2898 | Correct: 67/128 | Elapsed Time: 12.79s
2026-02-09 15:09:17,537 | INFO | Batch 350 | Loss: 1.2087 | Correct: 71/128 | Elapsed Time: 12.62s
2026-02-09 15:09:30,272 | INFO | Batch 360 | Loss: 1.2218 | Correct: 72/128 | Elapsed Time: 12.73s
2026-02-09 15:09:43,028 | INFO | Batch 370 | Loss: 1.1024 | Correct: 81/128 | Elapsed Time: 12.76s
2026-02-09 15:09:55,659 | INFO | Batch 380 | Loss: 1.1388 | Correct: 73/128 | Elapsed Time: 12.63s
2026-02-09 15:10:08,412 | INFO | Batch 390 | Loss: 1.1265 | Correct: 74/128 | Elapsed Time: 12.75s
2026-02-09 15:10:09,412 | INFO | Epoch [96/100] - Loss: 1.2068 | Correct: 28496/50000 (56.99%, 497.36s)
2026-02-09 15:10:54,598 | INFO | Validation - Loss: 1.2134 | Correct: 5688/10000 (56.88%) (45.18s)
2026-02-09 15:11:07,380 | INFO | Batch 10 | Loss: 1.0905 | Correct: 83/128 | Elapsed Time: 12.78s
2026-02-09 15:11:20,093 | INFO | Batch 20 | Loss: 1.0964 | Correct: 74/128 | Elapsed Time: 12.71s
2026-02-09 15:11:32,647 | INFO | Batch 30 | Loss: 1.2829 | Correct: 65/128 | Elapsed Time: 12.55s
2026-02-09 15:11:45,330 | INFO | Batch 40 | Loss: 1.2759 | Correct: 67/128 | Elapsed Time: 12.68s
2026-02-09 15:11:58,087 | INFO | Batch 50 | Loss: 1.2022 | Correct: 72/128 | Elapsed Time: 12.76s
2026-02-09 15:12:10,768 | INFO | Batch 60 | Loss: 1.2087 | Correct: 71/128 | Elapsed Time: 12.68s
2026-02-09 15:12:23,517 | INFO | Batch 70 | Loss: 1.2152 | Correct: 72/128 | Elapsed Time: 12.75s
2026-02-09 15:12:36,271 | INFO | Batch 80 | Loss: 1.0964 | Correct: 85/128 | Elapsed Time: 12.75s
2026-02-09 15:12:48,863 | INFO | Batch 90 | Loss: 1.2285 | Correct: 68/128 | Elapsed Time: 12.59s
2026-02-09 15:13:01,580 | INFO | Batch 100 | Loss: 1.3616 | Correct: 66/128 | Elapsed Time: 12.72s
2026-02-09 15:13:14,347 | INFO | Batch 110 | Loss: 1.1828 | Correct: 75/128 | Elapsed Time: 12.77s
2026-02-09 15:13:27,058 | INFO | Batch 120 | Loss: 1.3181 | Correct: 72/128 | Elapsed Time: 12.71s
2026-02-09 15:13:39,785 | INFO | Batch 130 | Loss: 1.4066 | Correct: 60/128 | Elapsed Time: 12.73s
2026-02-09 15:13:52,464 | INFO | Batch 140 | Loss: 1.1637 | Correct: 75/128 | Elapsed Time: 12.68s
2026-02-09 15:14:05,143 | INFO | Batch 150 | Loss: 1.1574 | Correct: 77/128 | Elapsed Time: 12.68s
2026-02-09 15:14:17,906 | INFO | Batch 160 | Loss: 1.5590 | Correct: 53/128 | Elapsed Time: 12.76s
2026-02-09 15:14:30,649 | INFO | Batch 170 | Loss: 1.3543 | Correct: 69/128 | Elapsed Time: 12.74s
2026-02-09 15:14:43,283 | INFO | Batch 180 | Loss: 1.1637 | Correct: 73/128 | Elapsed Time: 12.63s
2026-02-09 15:14:56,006 | INFO | Batch 190 | Loss: 1.2022 | Correct: 71/128 | Elapsed Time: 12.72s
2026-02-09 15:15:08,740 | INFO | Batch 200 | Loss: 1.2554 | Correct: 71/128 | Elapsed Time: 12.73s
2026-02-09 15:15:21,339 | INFO | Batch 210 | Loss: 1.1024 | Correct: 76/128 | Elapsed Time: 12.60s
2026-02-09 15:15:34,127 | INFO | Batch 220 | Loss: 1.1450 | Correct: 76/128 | Elapsed Time: 12.79s
2026-02-09 15:15:46,915 | INFO | Batch 230 | Loss: 0.9839 | Correct: 83/128 | Elapsed Time: 12.79s
2026-02-09 15:15:59,671 | INFO | Batch 240 | Loss: 1.3039 | Correct: 66/128 | Elapsed Time: 12.76s
2026-02-09 15:16:13,165 | INFO | Batch 250 | Loss: 1.1512 | Correct: 71/128 | Elapsed Time: 13.49s
2026-02-09 15:16:25,959 | INFO | Batch 260 | Loss: 1.1450 | Correct: 77/128 | Elapsed Time: 12.79s
2026-02-09 15:16:38,539 | INFO | Batch 270 | Loss: 1.0905 | Correct: 79/128 | Elapsed Time: 12.58s
2026-02-09 15:16:51,286 | INFO | Batch 280 | Loss: 1.2898 | Correct: 65/128 | Elapsed Time: 12.75s
2026-02-09 15:17:04,010 | INFO | Batch 290 | Loss: 1.1957 | Correct: 75/128 | Elapsed Time: 12.72s
2026-02-09 15:17:16,737 | INFO | Batch 300 | Loss: 1.0443 | Correct: 74/128 | Elapsed Time: 12.73s
2026-02-09 15:17:29,384 | INFO | Batch 310 | Loss: 1.1764 | Correct: 79/128 | Elapsed Time: 12.65s
2026-02-09 15:17:42,103 | INFO | Batch 320 | Loss: 1.1637 | Correct: 73/128 | Elapsed Time: 12.72s
2026-02-09 15:17:54,828 | INFO | Batch 330 | Loss: 1.2087 | Correct: 76/128 | Elapsed Time: 12.72s
2026-02-09 15:18:07,481 | INFO | Batch 340 | Loss: 1.2419 | Correct: 74/128 | Elapsed Time: 12.65s
2026-02-09 15:18:20,205 | INFO | Batch 350 | Loss: 1.0964 | Correct: 82/128 | Elapsed Time: 12.72s
2026-02-09 15:18:32,959 | INFO | Batch 360 | Loss: 1.2152 | Correct: 76/128 | Elapsed Time: 12.75s
2026-02-09 15:18:45,596 | INFO | Batch 370 | Loss: 1.2022 | Correct: 65/128 | Elapsed Time: 12.64s
2026-02-09 15:18:58,344 | INFO | Batch 380 | Loss: 1.3324 | Correct: 63/128 | Elapsed Time: 12.75s
2026-02-09 15:19:11,083 | INFO | Batch 390 | Loss: 1.2152 | Correct: 70/128 | Elapsed Time: 12.74s
2026-02-09 15:19:12,090 | INFO | Epoch [97/100] - Loss: 1.2109 | Correct: 28162/50000 (56.32%, 497.49s)
2026-02-09 15:19:57,157 | INFO | Validation - Loss: 1.2262 | Correct: 5638/10000 (56.38%) (45.07s)
2026-02-09 15:20:09,928 | INFO | Batch 10 | Loss: 1.1144 | Correct: 69/128 | Elapsed Time: 12.77s
2026-02-09 15:20:22,584 | INFO | Batch 20 | Loss: 1.1957 | Correct: 71/128 | Elapsed Time: 12.66s
2026-02-09 15:20:35,355 | INFO | Batch 30 | Loss: 1.2285 | Correct: 68/128 | Elapsed Time: 12.77s
2026-02-09 15:20:48,023 | INFO | Batch 40 | Loss: 1.2022 | Correct: 72/128 | Elapsed Time: 12.67s
2026-02-09 15:21:00,617 | INFO | Batch 50 | Loss: 1.2898 | Correct: 74/128 | Elapsed Time: 12.59s
2026-02-09 15:21:13,381 | INFO | Batch 60 | Loss: 1.0386 | Correct: 75/128 | Elapsed Time: 12.76s
2026-02-09 15:21:26,109 | INFO | Batch 70 | Loss: 1.3990 | Correct: 64/128 | Elapsed Time: 12.73s
2026-02-09 15:21:38,758 | INFO | Batch 80 | Loss: 0.9733 | Correct: 84/128 | Elapsed Time: 12.65s
2026-02-09 15:21:51,493 | INFO | Batch 90 | Loss: 1.2087 | Correct: 70/128 | Elapsed Time: 12.73s
2026-02-09 15:22:04,350 | INFO | Batch 100 | Loss: 0.9473 | Correct: 89/128 | Elapsed Time: 12.86s
2026-02-09 15:22:16,898 | INFO | Batch 110 | Loss: 1.2285 | Correct: 68/128 | Elapsed Time: 12.55s
2026-02-09 15:22:29,544 | INFO | Batch 120 | Loss: 1.2087 | Correct: 67/128 | Elapsed Time: 12.65s
2026-02-09 15:22:42,225 | INFO | Batch 130 | Loss: 1.1144 | Correct: 80/128 | Elapsed Time: 12.68s
2026-02-09 15:22:54,814 | INFO | Batch 140 | Loss: 1.2759 | Correct: 67/128 | Elapsed Time: 12.59s
2026-02-09 15:23:07,683 | INFO | Batch 150 | Loss: 1.0964 | Correct: 78/128 | Elapsed Time: 12.87s
2026-02-09 15:23:20,442 | INFO | Batch 160 | Loss: 1.3397 | Correct: 66/128 | Elapsed Time: 12.76s
2026-02-09 15:23:33,071 | INFO | Batch 170 | Loss: 1.0330 | Correct: 77/128 | Elapsed Time: 12.63s
2026-02-09 15:23:45,766 | INFO | Batch 180 | Loss: 1.0556 | Correct: 77/128 | Elapsed Time: 12.70s
2026-02-09 15:23:58,517 | INFO | Batch 190 | Loss: 1.2218 | Correct: 67/128 | Elapsed Time: 12.75s
2026-02-09 15:24:11,149 | INFO | Batch 200 | Loss: 1.1512 | Correct: 75/128 | Elapsed Time: 12.63s
2026-02-09 15:24:23,858 | INFO | Batch 210 | Loss: 1.0846 | Correct: 75/128 | Elapsed Time: 12.71s
2026-02-09 15:24:36,563 | INFO | Batch 220 | Loss: 1.2087 | Correct: 74/128 | Elapsed Time: 12.70s
2026-02-09 15:24:49,258 | INFO | Batch 230 | Loss: 1.2829 | Correct: 75/128 | Elapsed Time: 12.70s
2026-02-09 15:25:02,028 | INFO | Batch 240 | Loss: 1.2691 | Correct: 66/128 | Elapsed Time: 12.77s
2026-02-09 15:25:14,789 | INFO | Batch 250 | Loss: 1.3252 | Correct: 67/128 | Elapsed Time: 12.76s
2026-02-09 15:25:27,566 | INFO | Batch 260 | Loss: 1.1892 | Correct: 71/128 | Elapsed Time: 12.78s
2026-02-09 15:25:40,239 | INFO | Batch 270 | Loss: 1.3181 | Correct: 68/128 | Elapsed Time: 12.67s
2026-02-09 15:25:53,012 | INFO | Batch 280 | Loss: 1.1084 | Correct: 75/128 | Elapsed Time: 12.77s
2026-02-09 15:26:06,572 | INFO | Batch 290 | Loss: 1.3181 | Correct: 69/128 | Elapsed Time: 13.56s
2026-02-09 15:26:19,275 | INFO | Batch 300 | Loss: 1.3252 | Correct: 69/128 | Elapsed Time: 12.70s
2026-02-09 15:26:32,104 | INFO | Batch 310 | Loss: 1.1892 | Correct: 74/128 | Elapsed Time: 12.83s
2026-02-09 15:26:44,840 | INFO | Batch 320 | Loss: 1.0274 | Correct: 77/128 | Elapsed Time: 12.74s
2026-02-09 15:26:57,453 | INFO | Batch 330 | Loss: 1.1144 | Correct: 78/128 | Elapsed Time: 12.61s
2026-02-09 15:27:10,236 | INFO | Batch 340 | Loss: 1.1637 | Correct: 71/128 | Elapsed Time: 12.78s
2026-02-09 15:27:23,004 | INFO | Batch 350 | Loss: 1.0614 | Correct: 67/128 | Elapsed Time: 12.77s
2026-02-09 15:27:35,685 | INFO | Batch 360 | Loss: 1.1388 | Correct: 77/128 | Elapsed Time: 12.68s
2026-02-09 15:27:48,504 | INFO | Batch 370 | Loss: 1.3990 | Correct: 63/128 | Elapsed Time: 12.82s
2026-02-09 15:28:01,271 | INFO | Batch 380 | Loss: 1.3324 | Correct: 72/128 | Elapsed Time: 12.77s
2026-02-09 15:28:13,949 | INFO | Batch 390 | Loss: 1.1574 | Correct: 76/128 | Elapsed Time: 12.68s
2026-02-09 15:28:14,962 | INFO | Epoch [98/100] - Loss: 1.2075 | Correct: 28324/50000 (56.65%, 497.80s)
2026-02-09 15:29:00,211 | INFO | Validation - Loss: 1.2145 | Correct: 5660/10000 (56.60%) (45.25s)
2026-02-09 15:29:12,951 | INFO | Batch 10 | Loss: 1.1637 | Correct: 74/128 | Elapsed Time: 12.74s
2026-02-09 15:29:25,711 | INFO | Batch 20 | Loss: 1.2022 | Correct: 75/128 | Elapsed Time: 12.76s
2026-02-09 15:29:38,436 | INFO | Batch 30 | Loss: 1.1892 | Correct: 76/128 | Elapsed Time: 12.72s
2026-02-09 15:29:51,058 | INFO | Batch 40 | Loss: 1.1084 | Correct: 81/128 | Elapsed Time: 12.62s
2026-02-09 15:30:03,817 | INFO | Batch 50 | Loss: 1.2352 | Correct: 64/128 | Elapsed Time: 12.76s
2026-02-09 15:30:16,573 | INFO | Batch 60 | Loss: 1.0386 | Correct: 81/128 | Elapsed Time: 12.76s
2026-02-09 15:30:29,227 | INFO | Batch 70 | Loss: 1.2622 | Correct: 64/128 | Elapsed Time: 12.65s
2026-02-09 15:30:41,969 | INFO | Batch 80 | Loss: 1.3397 | Correct: 62/128 | Elapsed Time: 12.74s
2026-02-09 15:30:54,689 | INFO | Batch 90 | Loss: 1.2898 | Correct: 73/128 | Elapsed Time: 12.72s
2026-02-09 15:31:07,285 | INFO | Batch 100 | Loss: 1.3839 | Correct: 66/128 | Elapsed Time: 12.60s
2026-02-09 15:31:20,010 | INFO | Batch 110 | Loss: 1.2022 | Correct: 74/128 | Elapsed Time: 12.72s
2026-02-09 15:31:32,750 | INFO | Batch 120 | Loss: 1.0330 | Correct: 83/128 | Elapsed Time: 12.74s
2026-02-09 15:31:45,409 | INFO | Batch 130 | Loss: 1.1084 | Correct: 77/128 | Elapsed Time: 12.66s
2026-02-09 15:31:58,179 | INFO | Batch 140 | Loss: 1.1957 | Correct: 75/128 | Elapsed Time: 12.77s
2026-02-09 15:32:10,920 | INFO | Batch 150 | Loss: 1.2968 | Correct: 65/128 | Elapsed Time: 12.74s
2026-02-09 15:32:23,583 | INFO | Batch 160 | Loss: 1.2486 | Correct: 73/128 | Elapsed Time: 12.66s
2026-02-09 15:32:36,203 | INFO | Batch 170 | Loss: 1.2285 | Correct: 67/128 | Elapsed Time: 12.62s
2026-02-09 15:32:48,924 | INFO | Batch 180 | Loss: 1.2486 | Correct: 75/128 | Elapsed Time: 12.72s
2026-02-09 15:33:01,639 | INFO | Batch 190 | Loss: 1.2622 | Correct: 75/128 | Elapsed Time: 12.71s
2026-02-09 15:33:14,329 | INFO | Batch 200 | Loss: 1.2285 | Correct: 72/128 | Elapsed Time: 12.69s
2026-02-09 15:33:27,083 | INFO | Batch 210 | Loss: 1.1388 | Correct: 75/128 | Elapsed Time: 12.75s
2026-02-09 15:33:39,803 | INFO | Batch 220 | Loss: 1.1828 | Correct: 77/128 | Elapsed Time: 12.72s
2026-02-09 15:33:52,449 | INFO | Batch 230 | Loss: 1.1700 | Correct: 78/128 | Elapsed Time: 12.65s
2026-02-09 15:34:05,233 | INFO | Batch 240 | Loss: 1.0729 | Correct: 75/128 | Elapsed Time: 12.78s
2026-02-09 15:34:17,884 | INFO | Batch 250 | Loss: 1.1892 | Correct: 70/128 | Elapsed Time: 12.65s
2026-02-09 15:34:30,527 | INFO | Batch 260 | Loss: 1.2087 | Correct: 74/128 | Elapsed Time: 12.64s
2026-02-09 15:34:43,252 | INFO | Batch 270 | Loss: 1.1828 | Correct: 74/128 | Elapsed Time: 12.72s
2026-02-09 15:34:55,915 | INFO | Batch 280 | Loss: 1.2829 | Correct: 71/128 | Elapsed Time: 12.66s
2026-02-09 15:35:08,602 | INFO | Batch 290 | Loss: 1.1450 | Correct: 80/128 | Elapsed Time: 12.69s
2026-02-09 15:35:21,349 | INFO | Batch 300 | Loss: 1.2285 | Correct: 79/128 | Elapsed Time: 12.75s
2026-02-09 15:35:34,135 | INFO | Batch 310 | Loss: 1.1204 | Correct: 75/128 | Elapsed Time: 12.79s
2026-02-09 15:35:46,808 | INFO | Batch 320 | Loss: 1.2152 | Correct: 70/128 | Elapsed Time: 12.67s
2026-02-09 15:35:59,633 | INFO | Batch 330 | Loss: 1.2419 | Correct: 73/128 | Elapsed Time: 12.83s
2026-02-09 15:36:13,252 | INFO | Batch 340 | Loss: 1.3039 | Correct: 67/128 | Elapsed Time: 13.62s
2026-02-09 15:36:25,910 | INFO | Batch 350 | Loss: 1.2486 | Correct: 68/128 | Elapsed Time: 12.66s
2026-02-09 15:36:38,706 | INFO | Batch 360 | Loss: 1.0614 | Correct: 85/128 | Elapsed Time: 12.80s
2026-02-09 15:36:51,509 | INFO | Batch 370 | Loss: 1.1450 | Correct: 71/128 | Elapsed Time: 12.80s
2026-02-09 15:37:04,164 | INFO | Batch 380 | Loss: 1.2554 | Correct: 69/128 | Elapsed Time: 12.66s
2026-02-09 15:37:16,912 | INFO | Batch 390 | Loss: 1.2486 | Correct: 71/128 | Elapsed Time: 12.75s
2026-02-09 15:37:17,909 | INFO | Epoch [99/100] - Loss: 1.2030 | Correct: 28397/50000 (56.79%, 497.70s)
2026-02-09 15:38:02,909 | INFO | Validation - Loss: 1.2326 | Correct: 5618/10000 (56.18%) (45.00s)
2026-02-09 15:38:15,740 | INFO | Batch 10 | Loss: 1.2691 | Correct: 70/128 | Elapsed Time: 12.83s
2026-02-09 15:38:28,450 | INFO | Batch 20 | Loss: 1.1450 | Correct: 71/128 | Elapsed Time: 12.71s
2026-02-09 15:38:41,141 | INFO | Batch 30 | Loss: 1.2087 | Correct: 78/128 | Elapsed Time: 12.69s
2026-02-09 15:38:53,841 | INFO | Batch 40 | Loss: 1.2152 | Correct: 70/128 | Elapsed Time: 12.70s
2026-02-09 15:39:06,625 | INFO | Batch 50 | Loss: 1.2691 | Correct: 75/128 | Elapsed Time: 12.78s
2026-02-09 15:39:19,209 | INFO | Batch 60 | Loss: 1.1892 | Correct: 82/128 | Elapsed Time: 12.58s
2026-02-09 15:39:31,926 | INFO | Batch 70 | Loss: 1.2218 | Correct: 77/128 | Elapsed Time: 12.72s
2026-02-09 15:39:44,657 | INFO | Batch 80 | Loss: 0.9680 | Correct: 90/128 | Elapsed Time: 12.73s
2026-02-09 15:39:57,298 | INFO | Batch 90 | Loss: 1.2419 | Correct: 62/128 | Elapsed Time: 12.64s
2026-02-09 15:40:10,053 | INFO | Batch 100 | Loss: 1.2419 | Correct: 69/128 | Elapsed Time: 12.76s
2026-02-09 15:40:22,741 | INFO | Batch 110 | Loss: 1.4296 | Correct: 63/128 | Elapsed Time: 12.69s
2026-02-09 15:40:35,371 | INFO | Batch 120 | Loss: 1.2554 | Correct: 76/128 | Elapsed Time: 12.63s
2026-02-09 15:40:48,105 | INFO | Batch 130 | Loss: 1.2152 | Correct: 68/128 | Elapsed Time: 12.73s
2026-02-09 15:41:00,821 | INFO | Batch 140 | Loss: 1.3252 | Correct: 68/128 | Elapsed Time: 12.72s
2026-02-09 15:41:13,484 | INFO | Batch 150 | Loss: 1.1450 | Correct: 77/128 | Elapsed Time: 12.66s
2026-02-09 15:41:26,275 | INFO | Batch 160 | Loss: 1.1388 | Correct: 80/128 | Elapsed Time: 12.79s
2026-02-09 15:41:39,007 | INFO | Batch 170 | Loss: 1.0499 | Correct: 80/128 | Elapsed Time: 12.73s
2026-02-09 15:41:51,648 | INFO | Batch 180 | Loss: 1.1637 | Correct: 73/128 | Elapsed Time: 12.64s
2026-02-09 15:42:04,458 | INFO | Batch 190 | Loss: 1.2152 | Correct: 68/128 | Elapsed Time: 12.81s
2026-02-09 15:42:17,253 | INFO | Batch 200 | Loss: 1.1574 | Correct: 71/128 | Elapsed Time: 12.80s
2026-02-09 15:42:29,998 | INFO | Batch 210 | Loss: 1.3324 | Correct: 67/128 | Elapsed Time: 12.75s
2026-02-09 15:42:42,795 | INFO | Batch 220 | Loss: 1.2285 | Correct: 72/128 | Elapsed Time: 12.80s
2026-02-09 15:42:55,502 | INFO | Batch 230 | Loss: 1.1326 | Correct: 79/128 | Elapsed Time: 12.71s
2026-02-09 15:43:08,252 | INFO | Batch 240 | Loss: 1.1764 | Correct: 74/128 | Elapsed Time: 12.75s
2026-02-09 15:43:20,912 | INFO | Batch 250 | Loss: 1.2022 | Correct: 76/128 | Elapsed Time: 12.66s
2026-02-09 15:43:33,630 | INFO | Batch 260 | Loss: 1.1388 | Correct: 71/128 | Elapsed Time: 12.72s
2026-02-09 15:43:46,350 | INFO | Batch 270 | Loss: 1.1957 | Correct: 75/128 | Elapsed Time: 12.72s
2026-02-09 15:43:59,022 | INFO | Batch 280 | Loss: 1.0729 | Correct: 77/128 | Elapsed Time: 12.67s
2026-02-09 15:44:11,883 | INFO | Batch 290 | Loss: 1.3039 | Correct: 66/128 | Elapsed Time: 12.86s
2026-02-09 15:44:24,617 | INFO | Batch 300 | Loss: 1.1084 | Correct: 74/128 | Elapsed Time: 12.73s
2026-02-09 15:44:37,226 | INFO | Batch 310 | Loss: 1.1512 | Correct: 77/128 | Elapsed Time: 12.61s
2026-02-09 15:44:49,913 | INFO | Batch 320 | Loss: 1.2829 | Correct: 66/128 | Elapsed Time: 12.69s
2026-02-09 15:45:02,706 | INFO | Batch 330 | Loss: 1.2829 | Correct: 67/128 | Elapsed Time: 12.79s
2026-02-09 15:45:15,318 | INFO | Batch 340 | Loss: 1.1764 | Correct: 73/128 | Elapsed Time: 12.61s
2026-02-09 15:45:27,972 | INFO | Batch 350 | Loss: 1.0964 | Correct: 79/128 | Elapsed Time: 12.65s
2026-02-09 15:45:40,595 | INFO | Batch 360 | Loss: 1.3252 | Correct: 75/128 | Elapsed Time: 12.62s
2026-02-09 15:45:53,128 | INFO | Batch 370 | Loss: 1.2554 | Correct: 70/128 | Elapsed Time: 12.53s
2026-02-09 15:46:06,536 | INFO | Batch 380 | Loss: 1.1574 | Correct: 74/128 | Elapsed Time: 13.41s
2026-02-09 15:46:19,306 | INFO | Batch 390 | Loss: 1.1700 | Correct: 68/128 | Elapsed Time: 12.77s
2026-02-09 15:46:20,319 | INFO | Epoch [100/100] - Loss: 1.1998 | Correct: 28586/50000 (57.17%, 497.41s)
2026-02-09 15:47:05,396 | INFO | Validation - Loss: 1.2181 | Correct: 5641/10000 (56.41%) (45.08s)
2026-02-09 15:47:05,400 | INFO | Training complete.
2026-02-09 15:47:05,476 | INFO | Final model saved to ./checkpoints/shufflenetv2_lns_final_20260209_001134.pt
