2026-02-11 22:54:47,799 | INFO | Training MobileNetV1 on CIFAR-10 with LNS64 (f=9, lookup table=True) on device cuda:0
2026-02-11 22:54:47,799 | INFO | Hyperparameters: epochs=100, batch_size=128, lr=0.01, beta=0.995
2026-02-11 22:58:12,616 | INFO | Batch 10 | Loss: 2.2776 | Correct: 15/128 | Elapsed Time: 204.82s
2026-02-11 22:58:39,294 | INFO | Batch 20 | Loss: 2.2167 | Correct: 21/128 | Elapsed Time: 26.68s
2026-02-11 22:59:10,558 | INFO | Batch 30 | Loss: 2.2500 | Correct: 16/128 | Elapsed Time: 31.26s
2026-02-11 22:59:38,109 | INFO | Batch 40 | Loss: 2.2622 | Correct: 15/128 | Elapsed Time: 27.55s
2026-02-11 23:00:05,420 | INFO | Batch 50 | Loss: 2.1488 | Correct: 23/128 | Elapsed Time: 27.31s
2026-02-11 23:00:30,181 | INFO | Batch 60 | Loss: 2.1810 | Correct: 21/128 | Elapsed Time: 24.76s
2026-02-11 23:00:54,241 | INFO | Batch 70 | Loss: 2.0633 | Correct: 23/128 | Elapsed Time: 24.06s
2026-02-11 23:01:18,196 | INFO | Batch 80 | Loss: 2.0493 | Correct: 30/128 | Elapsed Time: 23.96s
2026-02-11 23:01:42,105 | INFO | Batch 90 | Loss: 2.0633 | Correct: 26/128 | Elapsed Time: 23.91s
2026-02-11 23:02:06,043 | INFO | Batch 100 | Loss: 1.9946 | Correct: 27/128 | Elapsed Time: 23.94s
2026-02-11 23:02:29,981 | INFO | Batch 110 | Loss: 1.9785 | Correct: 35/128 | Elapsed Time: 23.94s
2026-02-11 23:02:53,926 | INFO | Batch 120 | Loss: 2.0410 | Correct: 25/128 | Elapsed Time: 23.94s
2026-02-11 23:03:17,952 | INFO | Batch 130 | Loss: 1.9361 | Correct: 34/128 | Elapsed Time: 24.03s
2026-02-11 23:03:41,853 | INFO | Batch 140 | Loss: 1.8515 | Correct: 34/128 | Elapsed Time: 23.90s
2026-02-11 23:04:05,801 | INFO | Batch 150 | Loss: 1.9387 | Correct: 31/128 | Elapsed Time: 23.95s
2026-02-11 23:04:29,714 | INFO | Batch 160 | Loss: 1.9126 | Correct: 35/128 | Elapsed Time: 23.91s
2026-02-11 23:04:53,584 | INFO | Batch 170 | Loss: 1.8290 | Correct: 33/128 | Elapsed Time: 23.87s
2026-02-11 23:05:17,532 | INFO | Batch 180 | Loss: 1.7754 | Correct: 39/128 | Elapsed Time: 23.95s
2026-02-11 23:05:41,584 | INFO | Batch 190 | Loss: 1.9100 | Correct: 32/128 | Elapsed Time: 24.05s
2026-02-11 23:06:05,448 | INFO | Batch 200 | Loss: 1.8465 | Correct: 31/128 | Elapsed Time: 23.86s
2026-02-11 23:06:29,243 | INFO | Batch 210 | Loss: 1.8167 | Correct: 45/128 | Elapsed Time: 23.80s
2026-02-11 23:06:53,080 | INFO | Batch 220 | Loss: 1.8266 | Correct: 39/128 | Elapsed Time: 23.84s
2026-02-11 23:07:16,969 | INFO | Batch 230 | Loss: 1.9811 | Correct: 35/128 | Elapsed Time: 23.89s
2026-02-11 23:07:40,717 | INFO | Batch 240 | Loss: 1.8390 | Correct: 36/128 | Elapsed Time: 23.75s
2026-02-11 23:08:04,636 | INFO | Batch 250 | Loss: 1.7658 | Correct: 42/128 | Elapsed Time: 23.92s
2026-02-11 23:08:28,405 | INFO | Batch 260 | Loss: 1.9204 | Correct: 33/128 | Elapsed Time: 23.77s
2026-02-11 23:08:52,195 | INFO | Batch 270 | Loss: 1.6324 | Correct: 49/128 | Elapsed Time: 23.79s
2026-02-11 23:09:16,286 | INFO | Batch 280 | Loss: 1.8640 | Correct: 38/128 | Elapsed Time: 24.09s
2026-02-11 23:09:40,005 | INFO | Batch 290 | Loss: 1.7256 | Correct: 41/128 | Elapsed Time: 23.72s
2026-02-11 23:10:03,720 | INFO | Batch 300 | Loss: 1.8045 | Correct: 37/128 | Elapsed Time: 23.71s
2026-02-11 23:10:27,509 | INFO | Batch 310 | Loss: 1.7001 | Correct: 37/128 | Elapsed Time: 23.79s
2026-02-11 23:10:51,144 | INFO | Batch 320 | Loss: 1.6127 | Correct: 59/128 | Elapsed Time: 23.64s
2026-02-11 23:11:14,859 | INFO | Batch 330 | Loss: 1.8118 | Correct: 38/128 | Elapsed Time: 23.71s
2026-02-11 23:11:38,471 | INFO | Batch 340 | Loss: 1.6637 | Correct: 52/128 | Elapsed Time: 23.61s
2026-02-11 23:12:02,021 | INFO | Batch 350 | Loss: 1.5931 | Correct: 48/128 | Elapsed Time: 23.55s
2026-02-11 23:12:25,576 | INFO | Batch 360 | Loss: 1.7491 | Correct: 46/128 | Elapsed Time: 23.56s
2026-02-11 23:12:49,183 | INFO | Batch 370 | Loss: 1.6818 | Correct: 51/128 | Elapsed Time: 23.61s
2026-02-11 23:13:12,810 | INFO | Batch 380 | Loss: 1.6170 | Correct: 52/128 | Elapsed Time: 23.63s
2026-02-11 23:13:36,365 | INFO | Batch 390 | Loss: 1.7373 | Correct: 37/128 | Elapsed Time: 23.56s
2026-02-11 23:13:43,049 | INFO | Epoch [1/100] - Loss: 1.8986 | Correct: 13875/50000 (27.75%, 1135.25s)
2026-02-11 23:14:57,772 | INFO | Validation - Loss: 1.6771 | Correct: 3714/10000 (37.14%) (74.72s)
2026-02-11 23:14:57,907 | INFO | New best model saved at epoch 1 with Top1 Acc: 37.14%
2026-02-11 23:15:21,480 | INFO | Batch 10 | Loss: 1.7326 | Correct: 48/128 | Elapsed Time: 23.57s
2026-02-11 23:15:44,998 | INFO | Batch 20 | Loss: 1.7826 | Correct: 45/128 | Elapsed Time: 23.52s
2026-02-11 23:16:08,518 | INFO | Batch 30 | Loss: 1.6592 | Correct: 57/128 | Elapsed Time: 23.52s
2026-02-11 23:16:31,946 | INFO | Batch 40 | Loss: 1.6192 | Correct: 55/128 | Elapsed Time: 23.43s
2026-02-11 23:16:55,362 | INFO | Batch 50 | Loss: 1.6391 | Correct: 51/128 | Elapsed Time: 23.42s
2026-02-11 23:17:18,874 | INFO | Batch 60 | Loss: 1.6105 | Correct: 50/128 | Elapsed Time: 23.51s
2026-02-11 23:17:42,365 | INFO | Batch 70 | Loss: 1.5953 | Correct: 57/128 | Elapsed Time: 23.49s
2026-02-11 23:18:05,857 | INFO | Batch 80 | Loss: 1.5888 | Correct: 54/128 | Elapsed Time: 23.49s
2026-02-11 23:18:29,436 | INFO | Batch 90 | Loss: 1.5867 | Correct: 52/128 | Elapsed Time: 23.58s
2026-02-11 23:18:52,909 | INFO | Batch 100 | Loss: 1.5071 | Correct: 53/128 | Elapsed Time: 23.47s
2026-02-11 23:19:16,743 | INFO | Batch 110 | Loss: 1.6569 | Correct: 46/128 | Elapsed Time: 23.83s
2026-02-11 23:19:40,230 | INFO | Batch 120 | Loss: 1.5760 | Correct: 58/128 | Elapsed Time: 23.49s
2026-02-11 23:20:03,730 | INFO | Batch 130 | Loss: 1.5653 | Correct: 55/128 | Elapsed Time: 23.50s
2026-02-11 23:20:27,194 | INFO | Batch 140 | Loss: 1.7778 | Correct: 51/128 | Elapsed Time: 23.46s
2026-02-11 23:20:50,652 | INFO | Batch 150 | Loss: 1.7373 | Correct: 56/128 | Elapsed Time: 23.46s
2026-02-11 23:21:14,233 | INFO | Batch 160 | Loss: 1.6569 | Correct: 55/128 | Elapsed Time: 23.58s
2026-02-11 23:21:37,679 | INFO | Batch 170 | Loss: 1.6061 | Correct: 50/128 | Elapsed Time: 23.45s
2026-02-11 23:22:01,126 | INFO | Batch 180 | Loss: 1.5845 | Correct: 56/128 | Elapsed Time: 23.45s
2026-02-11 23:22:24,633 | INFO | Batch 190 | Loss: 1.6886 | Correct: 46/128 | Elapsed Time: 23.51s
2026-02-11 23:22:48,127 | INFO | Batch 200 | Loss: 1.5010 | Correct: 52/128 | Elapsed Time: 23.49s
2026-02-11 23:23:11,622 | INFO | Batch 210 | Loss: 1.4869 | Correct: 56/128 | Elapsed Time: 23.50s
2026-02-11 23:23:35,164 | INFO | Batch 220 | Loss: 1.6302 | Correct: 58/128 | Elapsed Time: 23.54s
2026-02-11 23:23:58,623 | INFO | Batch 230 | Loss: 1.6040 | Correct: 52/128 | Elapsed Time: 23.46s
2026-02-11 23:24:22,081 | INFO | Batch 240 | Loss: 1.6018 | Correct: 48/128 | Elapsed Time: 23.46s
2026-02-11 23:24:45,535 | INFO | Batch 250 | Loss: 1.6347 | Correct: 50/128 | Elapsed Time: 23.45s
2026-02-11 23:25:09,072 | INFO | Batch 260 | Loss: 1.6704 | Correct: 46/128 | Elapsed Time: 23.54s
2026-02-11 23:25:32,537 | INFO | Batch 270 | Loss: 1.4589 | Correct: 56/128 | Elapsed Time: 23.46s
2026-02-11 23:25:56,070 | INFO | Batch 280 | Loss: 1.4589 | Correct: 61/128 | Elapsed Time: 23.53s
2026-02-11 23:26:19,547 | INFO | Batch 290 | Loss: 1.3653 | Correct: 56/128 | Elapsed Time: 23.48s
2026-02-11 23:26:42,970 | INFO | Batch 300 | Loss: 1.6105 | Correct: 46/128 | Elapsed Time: 23.42s
2026-02-11 23:27:06,363 | INFO | Batch 310 | Loss: 1.4909 | Correct: 59/128 | Elapsed Time: 23.39s
2026-02-11 23:27:29,764 | INFO | Batch 320 | Loss: 1.5339 | Correct: 54/128 | Elapsed Time: 23.40s
2026-02-11 23:27:53,213 | INFO | Batch 330 | Loss: 1.7233 | Correct: 48/128 | Elapsed Time: 23.45s
2026-02-11 23:28:16,721 | INFO | Batch 340 | Loss: 1.5653 | Correct: 53/128 | Elapsed Time: 23.51s
2026-02-11 23:28:40,257 | INFO | Batch 350 | Loss: 1.7303 | Correct: 46/128 | Elapsed Time: 23.54s
2026-02-11 23:29:03,758 | INFO | Batch 360 | Loss: 1.5464 | Correct: 57/128 | Elapsed Time: 23.50s
2026-02-11 23:29:27,302 | INFO | Batch 370 | Loss: 1.5464 | Correct: 57/128 | Elapsed Time: 23.54s
2026-02-11 23:29:50,710 | INFO | Batch 380 | Loss: 1.4393 | Correct: 56/128 | Elapsed Time: 23.41s
2026-02-11 23:30:14,134 | INFO | Batch 390 | Loss: 1.7070 | Correct: 49/128 | Elapsed Time: 23.42s
2026-02-11 23:30:15,719 | INFO | Epoch [2/100] - Loss: 1.5863 | Correct: 20541/50000 (41.08%, 917.81s)
2026-02-11 23:31:26,859 | INFO | Validation - Loss: 1.4549 | Correct: 4557/10000 (45.57%) (71.14s)
2026-02-11 23:31:27,133 | INFO | New best model saved at epoch 2 with Top1 Acc: 45.57%
2026-02-11 23:31:50,738 | INFO | Batch 10 | Loss: 1.3895 | Correct: 61/128 | Elapsed Time: 23.60s
2026-02-11 23:32:14,244 | INFO | Batch 20 | Loss: 1.4649 | Correct: 53/128 | Elapsed Time: 23.51s
2026-02-11 23:32:37,687 | INFO | Batch 30 | Loss: 1.5092 | Correct: 55/128 | Elapsed Time: 23.44s
2026-02-11 23:33:01,187 | INFO | Batch 40 | Loss: 1.4990 | Correct: 52/128 | Elapsed Time: 23.50s
2026-02-11 23:33:24,704 | INFO | Batch 50 | Loss: 1.6302 | Correct: 46/128 | Elapsed Time: 23.52s
2026-02-11 23:33:48,174 | INFO | Batch 60 | Loss: 1.5071 | Correct: 53/128 | Elapsed Time: 23.47s
2026-02-11 23:34:11,786 | INFO | Batch 70 | Loss: 1.4296 | Correct: 53/128 | Elapsed Time: 23.61s
2026-02-11 23:34:35,262 | INFO | Batch 80 | Loss: 1.4649 | Correct: 55/128 | Elapsed Time: 23.48s
2026-02-11 23:34:58,749 | INFO | Batch 90 | Loss: 1.3217 | Correct: 66/128 | Elapsed Time: 23.49s
2026-02-11 23:35:22,253 | INFO | Batch 100 | Loss: 1.3727 | Correct: 72/128 | Elapsed Time: 23.50s
2026-02-11 23:35:45,680 | INFO | Batch 110 | Loss: 1.3990 | Correct: 62/128 | Elapsed Time: 23.43s
2026-02-11 23:36:09,117 | INFO | Batch 120 | Loss: 1.4104 | Correct: 67/128 | Elapsed Time: 23.44s
2026-02-11 23:36:32,629 | INFO | Batch 130 | Loss: 1.4161 | Correct: 61/128 | Elapsed Time: 23.51s
2026-02-11 23:36:56,103 | INFO | Batch 140 | Loss: 1.3092 | Correct: 70/128 | Elapsed Time: 23.47s
2026-02-11 23:37:19,547 | INFO | Batch 150 | Loss: 1.5010 | Correct: 54/128 | Elapsed Time: 23.44s
2026-02-11 23:37:43,019 | INFO | Batch 160 | Loss: 1.5845 | Correct: 55/128 | Elapsed Time: 23.47s
2026-02-11 23:38:06,514 | INFO | Batch 170 | Loss: 1.5010 | Correct: 55/128 | Elapsed Time: 23.49s
2026-02-11 23:38:29,993 | INFO | Batch 180 | Loss: 1.4354 | Correct: 64/128 | Elapsed Time: 23.48s
2026-02-11 23:38:53,469 | INFO | Batch 190 | Loss: 1.2742 | Correct: 69/128 | Elapsed Time: 23.48s
2026-02-11 23:39:17,391 | INFO | Batch 200 | Loss: 1.5380 | Correct: 58/128 | Elapsed Time: 23.92s
2026-02-11 23:39:40,861 | INFO | Batch 210 | Loss: 1.4028 | Correct: 55/128 | Elapsed Time: 23.47s
2026-02-11 23:40:04,368 | INFO | Batch 220 | Loss: 1.3802 | Correct: 65/128 | Elapsed Time: 23.51s
2026-02-11 23:40:27,819 | INFO | Batch 230 | Loss: 1.4047 | Correct: 62/128 | Elapsed Time: 23.45s
2026-02-11 23:40:51,303 | INFO | Batch 240 | Loss: 1.4296 | Correct: 67/128 | Elapsed Time: 23.48s
2026-02-11 23:41:14,790 | INFO | Batch 250 | Loss: 1.1764 | Correct: 72/128 | Elapsed Time: 23.49s
2026-02-11 23:41:38,298 | INFO | Batch 260 | Loss: 1.4689 | Correct: 67/128 | Elapsed Time: 23.51s
2026-02-11 23:42:01,737 | INFO | Batch 270 | Loss: 1.2352 | Correct: 69/128 | Elapsed Time: 23.44s
2026-02-11 23:42:25,353 | INFO | Batch 280 | Loss: 1.3360 | Correct: 64/128 | Elapsed Time: 23.62s
2026-02-11 23:42:48,829 | INFO | Batch 290 | Loss: 1.3858 | Correct: 61/128 | Elapsed Time: 23.48s
2026-02-11 23:43:12,373 | INFO | Batch 300 | Loss: 1.2435 | Correct: 71/128 | Elapsed Time: 23.54s
2026-02-11 23:43:35,798 | INFO | Batch 310 | Loss: 1.3616 | Correct: 66/128 | Elapsed Time: 23.43s
2026-02-11 23:43:59,320 | INFO | Batch 320 | Loss: 1.4374 | Correct: 57/128 | Elapsed Time: 23.52s
2026-02-11 23:44:22,788 | INFO | Batch 330 | Loss: 1.3802 | Correct: 66/128 | Elapsed Time: 23.47s
2026-02-11 23:44:46,253 | INFO | Batch 340 | Loss: 1.2571 | Correct: 66/128 | Elapsed Time: 23.46s
2026-02-11 23:45:09,749 | INFO | Batch 350 | Loss: 1.2622 | Correct: 69/128 | Elapsed Time: 23.50s
2026-02-11 23:45:33,158 | INFO | Batch 360 | Loss: 1.4161 | Correct: 57/128 | Elapsed Time: 23.41s
2026-02-11 23:45:56,583 | INFO | Batch 370 | Loss: 1.3764 | Correct: 60/128 | Elapsed Time: 23.43s
2026-02-11 23:46:20,191 | INFO | Batch 380 | Loss: 1.2136 | Correct: 69/128 | Elapsed Time: 23.61s
2026-02-11 23:46:43,648 | INFO | Batch 390 | Loss: 1.3635 | Correct: 66/128 | Elapsed Time: 23.46s
2026-02-11 23:46:45,237 | INFO | Epoch [3/100] - Loss: 1.4068 | Correct: 24219/50000 (48.44%, 918.10s)
2026-02-11 23:47:56,357 | INFO | Validation - Loss: 1.3276 | Correct: 5164/10000 (51.64%) (71.12s)
2026-02-11 23:47:56,634 | INFO | New best model saved at epoch 3 with Top1 Acc: 51.64%
2026-02-11 23:48:20,150 | INFO | Batch 10 | Loss: 1.3451 | Correct: 62/128 | Elapsed Time: 23.52s
2026-02-11 23:48:43,606 | INFO | Batch 20 | Loss: 1.2811 | Correct: 62/128 | Elapsed Time: 23.46s
2026-02-11 23:49:07,364 | INFO | Batch 30 | Loss: 1.3451 | Correct: 68/128 | Elapsed Time: 23.76s
2026-02-11 23:49:30,829 | INFO | Batch 40 | Loss: 1.2554 | Correct: 75/128 | Elapsed Time: 23.46s
2026-02-11 23:49:54,408 | INFO | Batch 50 | Loss: 1.3561 | Correct: 57/128 | Elapsed Time: 23.58s
2026-02-11 23:50:17,907 | INFO | Batch 60 | Loss: 1.1892 | Correct: 84/128 | Elapsed Time: 23.50s
2026-02-11 23:50:41,318 | INFO | Batch 70 | Loss: 1.1700 | Correct: 70/128 | Elapsed Time: 23.41s
2026-02-11 23:51:04,778 | INFO | Batch 80 | Loss: 1.2673 | Correct: 75/128 | Elapsed Time: 23.46s
2026-02-11 23:51:28,174 | INFO | Batch 90 | Loss: 1.4219 | Correct: 70/128 | Elapsed Time: 23.40s
2026-02-11 23:51:51,588 | INFO | Batch 100 | Loss: 1.2419 | Correct: 72/128 | Elapsed Time: 23.41s
2026-02-11 23:52:15,134 | INFO | Batch 110 | Loss: 1.2520 | Correct: 64/128 | Elapsed Time: 23.55s
2026-02-11 23:52:38,546 | INFO | Batch 120 | Loss: 1.1748 | Correct: 73/128 | Elapsed Time: 23.41s
2026-02-11 23:53:02,059 | INFO | Batch 130 | Loss: 1.3990 | Correct: 61/128 | Elapsed Time: 23.51s
2026-02-11 23:53:25,536 | INFO | Batch 140 | Loss: 1.2811 | Correct: 65/128 | Elapsed Time: 23.48s
2026-02-11 23:53:48,992 | INFO | Batch 150 | Loss: 1.2054 | Correct: 72/128 | Elapsed Time: 23.46s
2026-02-11 23:54:12,459 | INFO | Batch 160 | Loss: 1.2087 | Correct: 74/128 | Elapsed Time: 23.47s
2026-02-11 23:54:36,027 | INFO | Batch 170 | Loss: 1.1828 | Correct: 70/128 | Elapsed Time: 23.57s
2026-02-11 23:54:59,455 | INFO | Batch 180 | Loss: 1.1342 | Correct: 74/128 | Elapsed Time: 23.43s
2026-02-11 23:55:22,958 | INFO | Batch 190 | Loss: 1.3252 | Correct: 62/128 | Elapsed Time: 23.50s
2026-02-11 23:55:46,405 | INFO | Batch 200 | Loss: 1.2588 | Correct: 67/128 | Elapsed Time: 23.45s
2026-02-11 23:56:09,884 | INFO | Batch 210 | Loss: 1.0979 | Correct: 81/128 | Elapsed Time: 23.48s
2026-02-11 23:56:33,377 | INFO | Batch 220 | Loss: 1.2622 | Correct: 67/128 | Elapsed Time: 23.49s
2026-02-11 23:56:56,909 | INFO | Batch 230 | Loss: 1.1590 | Correct: 76/128 | Elapsed Time: 23.53s
2026-02-11 23:57:20,419 | INFO | Batch 240 | Loss: 1.2846 | Correct: 71/128 | Elapsed Time: 23.51s
2026-02-11 23:57:43,810 | INFO | Batch 250 | Loss: 1.2846 | Correct: 67/128 | Elapsed Time: 23.39s
2026-02-11 23:58:07,245 | INFO | Batch 260 | Loss: 1.2352 | Correct: 66/128 | Elapsed Time: 23.43s
2026-02-11 23:58:30,637 | INFO | Batch 270 | Loss: 1.2916 | Correct: 68/128 | Elapsed Time: 23.39s
2026-02-11 23:58:54,055 | INFO | Batch 280 | Loss: 1.2673 | Correct: 71/128 | Elapsed Time: 23.42s
2026-02-11 23:59:17,730 | INFO | Batch 290 | Loss: 1.2656 | Correct: 69/128 | Elapsed Time: 23.67s
2026-02-11 23:59:41,153 | INFO | Batch 300 | Loss: 1.0773 | Correct: 74/128 | Elapsed Time: 23.42s
2026-02-12 00:00:04,722 | INFO | Batch 310 | Loss: 1.1796 | Correct: 79/128 | Elapsed Time: 23.57s
2026-02-12 00:00:28,231 | INFO | Batch 320 | Loss: 1.4629 | Correct: 58/128 | Elapsed Time: 23.51s
2026-02-12 00:00:51,737 | INFO | Batch 330 | Loss: 1.3858 | Correct: 69/128 | Elapsed Time: 23.51s
2026-02-12 00:01:15,287 | INFO | Batch 340 | Loss: 1.3234 | Correct: 67/128 | Elapsed Time: 23.55s
2026-02-12 00:01:38,802 | INFO | Batch 350 | Loss: 1.2120 | Correct: 72/128 | Elapsed Time: 23.51s
2026-02-12 00:02:02,363 | INFO | Batch 360 | Loss: 1.1204 | Correct: 74/128 | Elapsed Time: 23.56s
2026-02-12 00:02:25,884 | INFO | Batch 370 | Loss: 1.1940 | Correct: 73/128 | Elapsed Time: 23.52s
2026-02-12 00:02:49,404 | INFO | Batch 380 | Loss: 1.3199 | Correct: 68/128 | Elapsed Time: 23.52s
2026-02-12 00:03:12,861 | INFO | Batch 390 | Loss: 1.2691 | Correct: 72/128 | Elapsed Time: 23.46s
2026-02-12 00:03:14,450 | INFO | Epoch [4/100] - Loss: 1.2734 | Correct: 26944/50000 (53.89%, 917.81s)
2026-02-12 00:04:25,672 | INFO | Validation - Loss: 1.2264 | Correct: 5598/10000 (55.98%) (71.22s)
2026-02-12 00:04:25,957 | INFO | New best model saved at epoch 4 with Top1 Acc: 55.98%
2026-02-12 00:04:49,399 | INFO | Batch 10 | Loss: 1.1748 | Correct: 72/128 | Elapsed Time: 23.44s
2026-02-12 00:05:12,854 | INFO | Batch 20 | Loss: 1.2054 | Correct: 75/128 | Elapsed Time: 23.45s
2026-02-12 00:05:36,406 | INFO | Batch 30 | Loss: 1.2486 | Correct: 70/128 | Elapsed Time: 23.55s
2026-02-12 00:05:59,861 | INFO | Batch 40 | Loss: 1.2005 | Correct: 78/128 | Elapsed Time: 23.45s
2026-02-12 00:06:23,349 | INFO | Batch 50 | Loss: 1.2469 | Correct: 71/128 | Elapsed Time: 23.49s
2026-02-12 00:06:46,767 | INFO | Batch 60 | Loss: 1.1144 | Correct: 76/128 | Elapsed Time: 23.42s
2026-02-12 00:07:10,245 | INFO | Batch 70 | Loss: 1.0979 | Correct: 80/128 | Elapsed Time: 23.48s
2026-02-12 00:07:33,687 | INFO | Batch 80 | Loss: 1.2916 | Correct: 74/128 | Elapsed Time: 23.44s
2026-02-12 00:07:57,238 | INFO | Batch 90 | Loss: 1.1434 | Correct: 77/128 | Elapsed Time: 23.55s
2026-02-12 00:08:20,693 | INFO | Batch 100 | Loss: 1.3433 | Correct: 65/128 | Elapsed Time: 23.45s
2026-02-12 00:08:44,181 | INFO | Batch 110 | Loss: 1.2352 | Correct: 70/128 | Elapsed Time: 23.49s
2026-02-12 00:09:07,895 | INFO | Batch 120 | Loss: 1.4609 | Correct: 62/128 | Elapsed Time: 23.71s
2026-02-12 00:09:31,349 | INFO | Batch 130 | Loss: 1.0302 | Correct: 84/128 | Elapsed Time: 23.45s
2026-02-12 00:09:54,800 | INFO | Batch 140 | Loss: 1.0191 | Correct: 82/128 | Elapsed Time: 23.45s
2026-02-12 00:10:18,343 | INFO | Batch 150 | Loss: 1.0372 | Correct: 77/128 | Elapsed Time: 23.54s
2026-02-12 00:10:41,747 | INFO | Batch 160 | Loss: 1.2691 | Correct: 62/128 | Elapsed Time: 23.40s
2026-02-12 00:11:05,258 | INFO | Batch 170 | Loss: 1.2777 | Correct: 65/128 | Elapsed Time: 23.51s
2026-02-12 00:11:28,711 | INFO | Batch 180 | Loss: 1.0964 | Correct: 66/128 | Elapsed Time: 23.45s
2026-02-12 00:11:52,117 | INFO | Batch 190 | Loss: 1.1908 | Correct: 73/128 | Elapsed Time: 23.41s
2026-02-12 00:12:15,562 | INFO | Batch 200 | Loss: 1.2038 | Correct: 76/128 | Elapsed Time: 23.44s
2026-02-12 00:12:39,106 | INFO | Batch 210 | Loss: 1.2285 | Correct: 68/128 | Elapsed Time: 23.54s
2026-02-12 00:13:02,566 | INFO | Batch 220 | Loss: 1.1144 | Correct: 76/128 | Elapsed Time: 23.46s
2026-02-12 00:13:25,977 | INFO | Batch 230 | Loss: 1.2520 | Correct: 70/128 | Elapsed Time: 23.41s
2026-02-12 00:13:49,425 | INFO | Batch 240 | Loss: 1.2605 | Correct: 70/128 | Elapsed Time: 23.45s
2026-02-12 00:14:12,828 | INFO | Batch 250 | Loss: 1.1434 | Correct: 79/128 | Elapsed Time: 23.40s
2026-02-12 00:14:36,233 | INFO | Batch 260 | Loss: 1.3342 | Correct: 70/128 | Elapsed Time: 23.41s
2026-02-12 00:14:59,640 | INFO | Batch 270 | Loss: 1.2252 | Correct: 71/128 | Elapsed Time: 23.41s
2026-02-12 00:15:23,213 | INFO | Batch 280 | Loss: 1.1764 | Correct: 71/128 | Elapsed Time: 23.57s
2026-02-12 00:15:46,635 | INFO | Batch 290 | Loss: 1.1989 | Correct: 78/128 | Elapsed Time: 23.42s
2026-02-12 00:16:10,097 | INFO | Batch 300 | Loss: 1.0571 | Correct: 78/128 | Elapsed Time: 23.46s
2026-02-12 00:16:33,559 | INFO | Batch 310 | Loss: 0.9906 | Correct: 78/128 | Elapsed Time: 23.46s
2026-02-12 00:16:57,061 | INFO | Batch 320 | Loss: 1.3199 | Correct: 67/128 | Elapsed Time: 23.50s
2026-02-12 00:17:20,519 | INFO | Batch 330 | Loss: 1.2318 | Correct: 73/128 | Elapsed Time: 23.46s
2026-02-12 00:17:44,072 | INFO | Batch 340 | Loss: 1.1989 | Correct: 77/128 | Elapsed Time: 23.55s
2026-02-12 00:18:07,519 | INFO | Batch 350 | Loss: 1.0082 | Correct: 83/128 | Elapsed Time: 23.45s
2026-02-12 00:18:30,953 | INFO | Batch 360 | Loss: 1.0817 | Correct: 77/128 | Elapsed Time: 23.43s
2026-02-12 00:18:54,389 | INFO | Batch 370 | Loss: 0.9576 | Correct: 80/128 | Elapsed Time: 23.44s
2026-02-12 00:19:18,222 | INFO | Batch 380 | Loss: 1.0905 | Correct: 74/128 | Elapsed Time: 23.83s
2026-02-12 00:19:41,729 | INFO | Batch 390 | Loss: 1.1280 | Correct: 75/128 | Elapsed Time: 23.51s
2026-02-12 00:19:43,316 | INFO | Epoch [5/100] - Loss: 1.1637 | Correct: 28988/50000 (57.98%, 917.36s)
2026-02-12 00:20:54,507 | INFO | Validation - Loss: 1.1968 | Correct: 5607/10000 (56.07%) (71.19s)
2026-02-12 00:20:54,784 | INFO | New best model saved at epoch 5 with Top1 Acc: 56.07%
2026-02-12 00:21:18,432 | INFO | Batch 10 | Loss: 0.9946 | Correct: 81/128 | Elapsed Time: 23.65s
2026-02-12 00:21:41,931 | INFO | Batch 20 | Loss: 1.0817 | Correct: 79/128 | Elapsed Time: 23.50s
2026-02-12 00:22:05,450 | INFO | Batch 30 | Loss: 1.1732 | Correct: 70/128 | Elapsed Time: 23.52s
2026-02-12 00:22:28,958 | INFO | Batch 40 | Loss: 1.0758 | Correct: 86/128 | Elapsed Time: 23.51s
2026-02-12 00:22:52,492 | INFO | Batch 50 | Loss: 1.0643 | Correct: 75/128 | Elapsed Time: 23.53s
2026-02-12 00:23:16,026 | INFO | Batch 60 | Loss: 0.9333 | Correct: 87/128 | Elapsed Time: 23.53s
2026-02-12 00:23:39,628 | INFO | Batch 70 | Loss: 1.1235 | Correct: 76/128 | Elapsed Time: 23.60s
2026-02-12 00:24:03,155 | INFO | Batch 80 | Loss: 1.1606 | Correct: 78/128 | Elapsed Time: 23.53s
2026-02-12 00:24:26,606 | INFO | Batch 90 | Loss: 0.8817 | Correct: 85/128 | Elapsed Time: 23.45s
2026-02-12 00:24:50,033 | INFO | Batch 100 | Loss: 1.0964 | Correct: 78/128 | Elapsed Time: 23.43s
2026-02-12 00:25:13,490 | INFO | Batch 110 | Loss: 1.0457 | Correct: 79/128 | Elapsed Time: 23.46s
2026-02-12 00:25:36,922 | INFO | Batch 120 | Loss: 1.0643 | Correct: 75/128 | Elapsed Time: 23.43s
2026-02-12 00:26:00,468 | INFO | Batch 130 | Loss: 1.1024 | Correct: 78/128 | Elapsed Time: 23.55s
2026-02-12 00:26:23,950 | INFO | Batch 140 | Loss: 1.2103 | Correct: 71/128 | Elapsed Time: 23.48s
2026-02-12 00:26:47,414 | INFO | Batch 150 | Loss: 1.2252 | Correct: 73/128 | Elapsed Time: 23.46s
2026-02-12 00:27:10,964 | INFO | Batch 160 | Loss: 1.1924 | Correct: 72/128 | Elapsed Time: 23.55s
2026-02-12 00:27:34,399 | INFO | Batch 170 | Loss: 1.1326 | Correct: 71/128 | Elapsed Time: 23.43s
2026-02-12 00:27:57,810 | INFO | Batch 180 | Loss: 1.1796 | Correct: 74/128 | Elapsed Time: 23.41s
2026-02-12 00:28:21,319 | INFO | Batch 190 | Loss: 1.0643 | Correct: 76/128 | Elapsed Time: 23.51s
2026-02-12 00:28:44,715 | INFO | Batch 200 | Loss: 1.2152 | Correct: 69/128 | Elapsed Time: 23.40s
2026-02-12 00:29:08,467 | INFO | Batch 210 | Loss: 0.9145 | Correct: 82/128 | Elapsed Time: 23.75s
2026-02-12 00:29:31,917 | INFO | Batch 220 | Loss: 1.0614 | Correct: 74/128 | Elapsed Time: 23.45s
2026-02-12 00:29:55,314 | INFO | Batch 230 | Loss: 1.0274 | Correct: 83/128 | Elapsed Time: 23.40s
2026-02-12 00:30:18,728 | INFO | Batch 240 | Loss: 0.9973 | Correct: 82/128 | Elapsed Time: 23.41s
2026-02-12 00:30:42,118 | INFO | Batch 250 | Loss: 0.9602 | Correct: 80/128 | Elapsed Time: 23.39s
2026-02-12 00:31:05,625 | INFO | Batch 260 | Loss: 1.0788 | Correct: 79/128 | Elapsed Time: 23.51s
2026-02-12 00:31:29,064 | INFO | Batch 270 | Loss: 1.0528 | Correct: 82/128 | Elapsed Time: 23.44s
2026-02-12 00:31:52,516 | INFO | Batch 280 | Loss: 1.0014 | Correct: 81/128 | Elapsed Time: 23.45s
2026-02-12 00:32:15,988 | INFO | Batch 290 | Loss: 1.0949 | Correct: 81/128 | Elapsed Time: 23.47s
2026-02-12 00:32:39,402 | INFO | Batch 300 | Loss: 1.2103 | Correct: 72/128 | Elapsed Time: 23.41s
2026-02-12 00:33:02,804 | INFO | Batch 310 | Loss: 1.1342 | Correct: 78/128 | Elapsed Time: 23.40s
2026-02-12 00:33:26,367 | INFO | Batch 320 | Loss: 0.9071 | Correct: 83/128 | Elapsed Time: 23.56s
2026-02-12 00:33:49,857 | INFO | Batch 330 | Loss: 1.0136 | Correct: 77/128 | Elapsed Time: 23.49s
2026-02-12 00:34:13,332 | INFO | Batch 340 | Loss: 1.1653 | Correct: 79/128 | Elapsed Time: 23.47s
2026-02-12 00:34:36,744 | INFO | Batch 350 | Loss: 1.0316 | Correct: 79/128 | Elapsed Time: 23.41s
2026-02-12 00:35:00,195 | INFO | Batch 360 | Loss: 1.1144 | Correct: 72/128 | Elapsed Time: 23.45s
2026-02-12 00:35:23,632 | INFO | Batch 370 | Loss: 1.2136 | Correct: 74/128 | Elapsed Time: 23.44s
2026-02-12 00:35:47,187 | INFO | Batch 380 | Loss: 1.0095 | Correct: 73/128 | Elapsed Time: 23.55s
2026-02-12 00:36:10,658 | INFO | Batch 390 | Loss: 0.9959 | Correct: 84/128 | Elapsed Time: 23.47s
2026-02-12 00:36:12,241 | INFO | Epoch [6/100] - Loss: 1.0720 | Correct: 30667/50000 (61.33%, 917.46s)
2026-02-12 00:37:23,462 | INFO | Validation - Loss: 1.0434 | Correct: 6335/10000 (63.35%) (71.22s)
2026-02-12 00:37:23,754 | INFO | New best model saved at epoch 6 with Top1 Acc: 63.35%
2026-02-12 00:37:47,225 | INFO | Batch 10 | Loss: 0.8961 | Correct: 86/128 | Elapsed Time: 23.47s
2026-02-12 00:38:10,677 | INFO | Batch 20 | Loss: 1.0542 | Correct: 80/128 | Elapsed Time: 23.45s
2026-02-12 00:38:34,116 | INFO | Batch 30 | Loss: 1.0671 | Correct: 79/128 | Elapsed Time: 23.44s
2026-02-12 00:38:57,588 | INFO | Batch 40 | Loss: 0.9879 | Correct: 88/128 | Elapsed Time: 23.47s
2026-02-12 00:39:21,551 | INFO | Batch 50 | Loss: 0.9158 | Correct: 89/128 | Elapsed Time: 23.96s
2026-02-12 00:39:45,027 | INFO | Batch 60 | Loss: 0.9667 | Correct: 83/128 | Elapsed Time: 23.48s
2026-02-12 00:40:08,521 | INFO | Batch 70 | Loss: 1.1311 | Correct: 74/128 | Elapsed Time: 23.49s
2026-02-12 00:40:31,968 | INFO | Batch 80 | Loss: 0.9371 | Correct: 88/128 | Elapsed Time: 23.45s
2026-02-12 00:40:55,480 | INFO | Batch 90 | Loss: 0.9680 | Correct: 83/128 | Elapsed Time: 23.51s
2026-02-12 00:41:19,002 | INFO | Batch 100 | Loss: 1.1189 | Correct: 75/128 | Elapsed Time: 23.52s
2026-02-12 00:41:42,528 | INFO | Batch 110 | Loss: 1.0014 | Correct: 82/128 | Elapsed Time: 23.53s
2026-02-12 00:42:06,014 | INFO | Batch 120 | Loss: 0.7901 | Correct: 93/128 | Elapsed Time: 23.49s
2026-02-12 00:42:29,495 | INFO | Batch 130 | Loss: 1.0614 | Correct: 84/128 | Elapsed Time: 23.48s
2026-02-12 00:42:53,047 | INFO | Batch 140 | Loss: 0.9746 | Correct: 87/128 | Elapsed Time: 23.55s
2026-02-12 00:43:16,555 | INFO | Batch 150 | Loss: 1.1543 | Correct: 69/128 | Elapsed Time: 23.51s
2026-02-12 00:43:40,051 | INFO | Batch 160 | Loss: 0.8129 | Correct: 91/128 | Elapsed Time: 23.50s
2026-02-12 00:44:03,699 | INFO | Batch 170 | Loss: 1.0095 | Correct: 88/128 | Elapsed Time: 23.65s
2026-02-12 00:44:27,240 | INFO | Batch 180 | Loss: 1.0817 | Correct: 73/128 | Elapsed Time: 23.54s
2026-02-12 00:44:50,791 | INFO | Batch 190 | Loss: 0.8651 | Correct: 86/128 | Elapsed Time: 23.55s
2026-02-12 00:45:14,325 | INFO | Batch 200 | Loss: 0.8581 | Correct: 93/128 | Elapsed Time: 23.53s
2026-02-12 00:45:37,842 | INFO | Batch 210 | Loss: 0.9145 | Correct: 91/128 | Elapsed Time: 23.52s
2026-02-12 00:46:01,409 | INFO | Batch 220 | Loss: 0.9693 | Correct: 81/128 | Elapsed Time: 23.57s
2026-02-12 00:46:25,066 | INFO | Batch 230 | Loss: 0.9628 | Correct: 85/128 | Elapsed Time: 23.66s
2026-02-12 00:46:48,538 | INFO | Batch 240 | Loss: 0.9602 | Correct: 79/128 | Elapsed Time: 23.47s
2026-02-12 00:47:12,044 | INFO | Batch 250 | Loss: 0.9071 | Correct: 94/128 | Elapsed Time: 23.51s
2026-02-12 00:47:35,571 | INFO | Batch 260 | Loss: 0.9602 | Correct: 80/128 | Elapsed Time: 23.53s
2026-02-12 00:47:59,014 | INFO | Batch 270 | Loss: 0.9257 | Correct: 84/128 | Elapsed Time: 23.44s
2026-02-12 00:48:22,579 | INFO | Batch 280 | Loss: 0.9145 | Correct: 83/128 | Elapsed Time: 23.57s
2026-02-12 00:48:46,175 | INFO | Batch 290 | Loss: 0.9345 | Correct: 89/128 | Elapsed Time: 23.60s
2026-02-12 00:49:10,213 | INFO | Batch 300 | Loss: 0.9010 | Correct: 83/128 | Elapsed Time: 24.04s
2026-02-12 00:49:33,699 | INFO | Batch 310 | Loss: 1.0330 | Correct: 77/128 | Elapsed Time: 23.49s
2026-02-12 00:49:57,190 | INFO | Batch 320 | Loss: 0.9693 | Correct: 85/128 | Elapsed Time: 23.49s
2026-02-12 00:50:20,781 | INFO | Batch 330 | Loss: 1.0443 | Correct: 81/128 | Elapsed Time: 23.59s
2026-02-12 00:50:44,274 | INFO | Batch 340 | Loss: 0.9563 | Correct: 83/128 | Elapsed Time: 23.49s
2026-02-12 00:51:07,760 | INFO | Batch 350 | Loss: 0.9499 | Correct: 80/128 | Elapsed Time: 23.49s
2026-02-12 00:51:31,302 | INFO | Batch 360 | Loss: 1.0715 | Correct: 87/128 | Elapsed Time: 23.54s
2026-02-12 00:51:54,795 | INFO | Batch 370 | Loss: 1.0817 | Correct: 77/128 | Elapsed Time: 23.49s
2026-02-12 00:52:18,330 | INFO | Batch 380 | Loss: 0.9986 | Correct: 83/128 | Elapsed Time: 23.54s
2026-02-12 00:52:41,773 | INFO | Batch 390 | Loss: 0.9986 | Correct: 82/128 | Elapsed Time: 23.44s
2026-02-12 00:52:43,357 | INFO | Epoch [7/100] - Loss: 0.9865 | Correct: 32379/50000 (64.76%, 919.60s)
2026-02-12 00:53:54,569 | INFO | Validation - Loss: 1.1949 | Correct: 6069/10000 (60.69%) (71.21s)
2026-02-12 00:54:18,131 | INFO | Batch 10 | Loss: 1.0700 | Correct: 72/128 | Elapsed Time: 23.56s
2026-02-12 00:54:41,598 | INFO | Batch 20 | Loss: 0.9047 | Correct: 78/128 | Elapsed Time: 23.47s
2026-02-12 00:55:05,220 | INFO | Batch 30 | Loss: 0.9022 | Correct: 83/128 | Elapsed Time: 23.62s
2026-02-12 00:55:28,669 | INFO | Batch 40 | Loss: 0.8420 | Correct: 92/128 | Elapsed Time: 23.45s
2026-02-12 00:55:52,092 | INFO | Batch 50 | Loss: 1.0054 | Correct: 76/128 | Elapsed Time: 23.42s
2026-02-12 00:56:15,546 | INFO | Batch 60 | Loss: 0.9422 | Correct: 82/128 | Elapsed Time: 23.45s
2026-02-12 00:56:38,939 | INFO | Batch 70 | Loss: 0.7042 | Correct: 98/128 | Elapsed Time: 23.39s
2026-02-12 00:57:02,365 | INFO | Batch 80 | Loss: 0.9524 | Correct: 89/128 | Elapsed Time: 23.43s
2026-02-12 00:57:25,904 | INFO | Batch 90 | Loss: 0.9602 | Correct: 89/128 | Elapsed Time: 23.54s
2026-02-12 00:57:49,305 | INFO | Batch 100 | Loss: 0.9733 | Correct: 88/128 | Elapsed Time: 23.40s
2026-02-12 00:58:12,705 | INFO | Batch 110 | Loss: 1.0014 | Correct: 81/128 | Elapsed Time: 23.40s
2026-02-12 00:58:36,104 | INFO | Batch 120 | Loss: 0.9308 | Correct: 86/128 | Elapsed Time: 23.40s
2026-02-12 00:58:59,515 | INFO | Batch 130 | Loss: 0.8949 | Correct: 89/128 | Elapsed Time: 23.41s
2026-02-12 00:59:23,496 | INFO | Batch 140 | Loss: 0.9345 | Correct: 84/128 | Elapsed Time: 23.98s
2026-02-12 00:59:47,098 | INFO | Batch 150 | Loss: 0.8512 | Correct: 92/128 | Elapsed Time: 23.60s
2026-02-12 01:00:10,575 | INFO | Batch 160 | Loss: 0.8901 | Correct: 84/128 | Elapsed Time: 23.48s
2026-02-12 01:00:34,066 | INFO | Batch 170 | Loss: 0.9641 | Correct: 86/128 | Elapsed Time: 23.49s
2026-02-12 01:00:57,496 | INFO | Batch 180 | Loss: 0.8207 | Correct: 92/128 | Elapsed Time: 23.43s
2026-02-12 01:01:21,008 | INFO | Batch 190 | Loss: 0.8489 | Correct: 83/128 | Elapsed Time: 23.51s
2026-02-12 01:01:44,402 | INFO | Batch 200 | Loss: 1.1543 | Correct: 73/128 | Elapsed Time: 23.39s
2026-02-12 01:02:07,910 | INFO | Batch 210 | Loss: 0.8501 | Correct: 88/128 | Elapsed Time: 23.51s
2026-02-12 01:02:31,327 | INFO | Batch 220 | Loss: 1.0457 | Correct: 83/128 | Elapsed Time: 23.42s
2026-02-12 01:02:54,754 | INFO | Batch 230 | Loss: 0.9371 | Correct: 92/128 | Elapsed Time: 23.43s
2026-02-12 01:03:18,227 | INFO | Batch 240 | Loss: 0.7816 | Correct: 90/128 | Elapsed Time: 23.47s
2026-02-12 01:03:41,665 | INFO | Batch 250 | Loss: 0.9799 | Correct: 83/128 | Elapsed Time: 23.44s
2026-02-12 01:04:05,133 | INFO | Batch 260 | Loss: 0.8386 | Correct: 89/128 | Elapsed Time: 23.47s
2026-02-12 01:04:28,673 | INFO | Batch 270 | Loss: 1.0386 | Correct: 80/128 | Elapsed Time: 23.54s
2026-02-12 01:04:52,106 | INFO | Batch 280 | Loss: 0.8734 | Correct: 87/128 | Elapsed Time: 23.43s
2026-02-12 01:05:15,483 | INFO | Batch 290 | Loss: 0.8432 | Correct: 87/128 | Elapsed Time: 23.38s
2026-02-12 01:05:38,871 | INFO | Batch 300 | Loss: 0.7295 | Correct: 91/128 | Elapsed Time: 23.39s
2026-02-12 01:06:02,316 | INFO | Batch 310 | Loss: 1.0123 | Correct: 84/128 | Elapsed Time: 23.45s
2026-02-12 01:06:25,777 | INFO | Batch 320 | Loss: 0.8817 | Correct: 92/128 | Elapsed Time: 23.46s
2026-02-12 01:06:49,245 | INFO | Batch 330 | Loss: 1.0700 | Correct: 76/128 | Elapsed Time: 23.47s
2026-02-12 01:07:12,815 | INFO | Batch 340 | Loss: 0.8746 | Correct: 81/128 | Elapsed Time: 23.57s
2026-02-12 01:07:36,262 | INFO | Batch 350 | Loss: 0.9220 | Correct: 91/128 | Elapsed Time: 23.45s
2026-02-12 01:07:59,703 | INFO | Batch 360 | Loss: 0.7774 | Correct: 97/128 | Elapsed Time: 23.44s
2026-02-12 01:08:23,152 | INFO | Batch 370 | Loss: 0.8865 | Correct: 81/128 | Elapsed Time: 23.45s
2026-02-12 01:08:46,542 | INFO | Batch 380 | Loss: 1.0000 | Correct: 78/128 | Elapsed Time: 23.39s
2026-02-12 01:09:10,153 | INFO | Batch 390 | Loss: 0.9071 | Correct: 92/128 | Elapsed Time: 23.61s
2026-02-12 01:09:11,745 | INFO | Epoch [8/100] - Loss: 0.9154 | Correct: 33683/50000 (67.37%, 917.17s)
2026-02-12 01:10:23,038 | INFO | Validation - Loss: 0.9141 | Correct: 6754/10000 (67.54%) (71.29s)
2026-02-12 01:10:23,319 | INFO | New best model saved at epoch 8 with Top1 Acc: 67.54%
2026-02-12 01:10:46,726 | INFO | Batch 10 | Loss: 0.9133 | Correct: 83/128 | Elapsed Time: 23.41s
2026-02-12 01:11:10,143 | INFO | Batch 20 | Loss: 0.6864 | Correct: 97/128 | Elapsed Time: 23.42s
2026-02-12 01:11:33,570 | INFO | Batch 30 | Loss: 0.6458 | Correct: 101/128 | Elapsed Time: 23.43s
2026-02-12 01:11:56,965 | INFO | Batch 40 | Loss: 0.8877 | Correct: 85/128 | Elapsed Time: 23.40s
2026-02-12 01:12:20,372 | INFO | Batch 50 | Loss: 0.8229 | Correct: 90/128 | Elapsed Time: 23.41s
2026-02-12 01:12:43,784 | INFO | Batch 60 | Loss: 0.9511 | Correct: 85/128 | Elapsed Time: 23.41s
2026-02-12 01:13:07,386 | INFO | Batch 70 | Loss: 0.9473 | Correct: 84/128 | Elapsed Time: 23.60s
2026-02-12 01:13:30,814 | INFO | Batch 80 | Loss: 0.8663 | Correct: 92/128 | Elapsed Time: 23.43s
2026-02-12 01:13:54,245 | INFO | Batch 90 | Loss: 0.9071 | Correct: 83/128 | Elapsed Time: 23.43s
2026-02-12 01:14:17,686 | INFO | Batch 100 | Loss: 0.8986 | Correct: 87/128 | Elapsed Time: 23.44s
2026-02-12 01:14:41,111 | INFO | Batch 110 | Loss: 0.8817 | Correct: 90/128 | Elapsed Time: 23.42s
2026-02-12 01:15:04,544 | INFO | Batch 120 | Loss: 0.9257 | Correct: 84/128 | Elapsed Time: 23.43s
2026-02-12 01:15:28,043 | INFO | Batch 130 | Loss: 1.1054 | Correct: 79/128 | Elapsed Time: 23.50s
2026-02-12 01:15:51,470 | INFO | Batch 140 | Loss: 0.8273 | Correct: 90/128 | Elapsed Time: 23.43s
2026-02-12 01:16:14,915 | INFO | Batch 150 | Loss: 0.8961 | Correct: 84/128 | Elapsed Time: 23.44s
2026-02-12 01:16:38,330 | INFO | Batch 160 | Loss: 0.7236 | Correct: 96/128 | Elapsed Time: 23.42s
2026-02-12 01:17:01,726 | INFO | Batch 170 | Loss: 0.8865 | Correct: 85/128 | Elapsed Time: 23.40s
2026-02-12 01:17:25,138 | INFO | Batch 180 | Loss: 0.9959 | Correct: 85/128 | Elapsed Time: 23.41s
2026-02-12 01:17:48,735 | INFO | Batch 190 | Loss: 0.7742 | Correct: 99/128 | Elapsed Time: 23.60s
2026-02-12 01:18:12,246 | INFO | Batch 200 | Loss: 0.7795 | Correct: 93/128 | Elapsed Time: 23.51s
2026-02-12 01:18:35,676 | INFO | Batch 210 | Loss: 0.7216 | Correct: 96/128 | Elapsed Time: 23.43s
2026-02-12 01:18:59,104 | INFO | Batch 220 | Loss: 0.7618 | Correct: 99/128 | Elapsed Time: 23.43s
2026-02-12 01:19:22,902 | INFO | Batch 230 | Loss: 0.8478 | Correct: 93/128 | Elapsed Time: 23.80s
2026-02-12 01:19:46,300 | INFO | Batch 240 | Loss: 0.9563 | Correct: 84/128 | Elapsed Time: 23.40s
2026-02-12 01:20:09,844 | INFO | Batch 250 | Loss: 0.7998 | Correct: 88/128 | Elapsed Time: 23.54s
2026-02-12 01:20:33,272 | INFO | Batch 260 | Loss: 0.7177 | Correct: 96/128 | Elapsed Time: 23.43s
2026-02-12 01:20:56,708 | INFO | Batch 270 | Loss: 0.6976 | Correct: 96/128 | Elapsed Time: 23.44s
2026-02-12 01:21:20,225 | INFO | Batch 280 | Loss: 0.8375 | Correct: 90/128 | Elapsed Time: 23.52s
2026-02-12 01:21:43,632 | INFO | Batch 290 | Loss: 0.8386 | Correct: 94/128 | Elapsed Time: 23.41s
2026-02-12 01:22:07,093 | INFO | Batch 300 | Loss: 0.8042 | Correct: 87/128 | Elapsed Time: 23.46s
2026-02-12 01:22:30,502 | INFO | Batch 310 | Loss: 0.9096 | Correct: 92/128 | Elapsed Time: 23.41s
2026-02-12 01:22:53,992 | INFO | Batch 320 | Loss: 0.7187 | Correct: 98/128 | Elapsed Time: 23.49s
2026-02-12 01:23:17,405 | INFO | Batch 330 | Loss: 0.8129 | Correct: 90/128 | Elapsed Time: 23.41s
2026-02-12 01:23:40,817 | INFO | Batch 340 | Loss: 1.0316 | Correct: 85/128 | Elapsed Time: 23.41s
2026-02-12 01:24:04,223 | INFO | Batch 350 | Loss: 0.9022 | Correct: 84/128 | Elapsed Time: 23.41s
2026-02-12 01:24:27,658 | INFO | Batch 360 | Loss: 0.9358 | Correct: 84/128 | Elapsed Time: 23.43s
2026-02-12 01:24:51,094 | INFO | Batch 370 | Loss: 0.8195 | Correct: 85/128 | Elapsed Time: 23.44s
2026-02-12 01:25:14,724 | INFO | Batch 380 | Loss: 0.7690 | Correct: 90/128 | Elapsed Time: 23.63s
2026-02-12 01:25:38,223 | INFO | Batch 390 | Loss: 0.9071 | Correct: 83/128 | Elapsed Time: 23.50s
2026-02-12 01:25:39,814 | INFO | Epoch [9/100] - Loss: 0.8551 | Correct: 34879/50000 (69.76%, 916.49s)
2026-02-12 01:26:51,084 | INFO | Validation - Loss: 0.9500 | Correct: 6699/10000 (66.99%) (71.27s)
2026-02-12 01:27:14,689 | INFO | Batch 10 | Loss: 0.7628 | Correct: 87/128 | Elapsed Time: 23.60s
2026-02-12 01:27:38,144 | INFO | Batch 20 | Loss: 0.7414 | Correct: 94/128 | Elapsed Time: 23.46s
2026-02-12 01:28:01,533 | INFO | Batch 30 | Loss: 0.6836 | Correct: 98/128 | Elapsed Time: 23.39s
2026-02-12 01:28:24,946 | INFO | Batch 40 | Loss: 0.8501 | Correct: 94/128 | Elapsed Time: 23.41s
2026-02-12 01:28:48,419 | INFO | Batch 50 | Loss: 0.7669 | Correct: 93/128 | Elapsed Time: 23.47s
2026-02-12 01:29:12,058 | INFO | Batch 60 | Loss: 0.8865 | Correct: 87/128 | Elapsed Time: 23.64s
2026-02-12 01:29:35,512 | INFO | Batch 70 | Loss: 0.6873 | Correct: 102/128 | Elapsed Time: 23.45s
2026-02-12 01:29:58,917 | INFO | Batch 80 | Loss: 0.7305 | Correct: 91/128 | Elapsed Time: 23.41s
2026-02-12 01:30:22,309 | INFO | Batch 90 | Loss: 0.8296 | Correct: 95/128 | Elapsed Time: 23.39s
2026-02-12 01:30:45,680 | INFO | Batch 100 | Loss: 0.8262 | Correct: 92/128 | Elapsed Time: 23.37s
2026-02-12 01:31:09,189 | INFO | Batch 110 | Loss: 1.0150 | Correct: 80/128 | Elapsed Time: 23.51s
2026-02-12 01:31:32,584 | INFO | Batch 120 | Loss: 0.7444 | Correct: 100/128 | Elapsed Time: 23.39s
2026-02-12 01:31:55,978 | INFO | Batch 130 | Loss: 0.7265 | Correct: 94/128 | Elapsed Time: 23.39s
2026-02-12 01:32:19,454 | INFO | Batch 140 | Loss: 0.7722 | Correct: 89/128 | Elapsed Time: 23.48s
2026-02-12 01:32:42,969 | INFO | Batch 150 | Loss: 0.6060 | Correct: 100/128 | Elapsed Time: 23.51s
2026-02-12 01:33:06,397 | INFO | Batch 160 | Loss: 0.7424 | Correct: 96/128 | Elapsed Time: 23.43s
2026-02-12 01:33:29,932 | INFO | Batch 170 | Loss: 0.8640 | Correct: 84/128 | Elapsed Time: 23.53s
2026-02-12 01:33:53,416 | INFO | Batch 180 | Loss: 0.7891 | Correct: 91/128 | Elapsed Time: 23.48s
2026-02-12 01:34:16,869 | INFO | Batch 190 | Loss: 1.0150 | Correct: 83/128 | Elapsed Time: 23.45s
2026-02-12 01:34:40,267 | INFO | Batch 200 | Loss: 0.6929 | Correct: 99/128 | Elapsed Time: 23.40s
2026-02-12 01:35:03,690 | INFO | Batch 210 | Loss: 0.6864 | Correct: 98/128 | Elapsed Time: 23.42s
2026-02-12 01:35:27,239 | INFO | Batch 220 | Loss: 0.6209 | Correct: 100/128 | Elapsed Time: 23.55s
2026-02-12 01:35:50,808 | INFO | Batch 230 | Loss: 0.7265 | Correct: 92/128 | Elapsed Time: 23.57s
2026-02-12 01:36:14,454 | INFO | Batch 240 | Loss: 0.6235 | Correct: 99/128 | Elapsed Time: 23.65s
2026-02-12 01:36:37,972 | INFO | Batch 250 | Loss: 0.7129 | Correct: 97/128 | Elapsed Time: 23.52s
2026-02-12 01:37:01,507 | INFO | Batch 260 | Loss: 0.8240 | Correct: 89/128 | Elapsed Time: 23.53s
2026-02-12 01:37:25,077 | INFO | Batch 270 | Loss: 0.6753 | Correct: 99/128 | Elapsed Time: 23.57s
2026-02-12 01:37:48,688 | INFO | Batch 280 | Loss: 0.7816 | Correct: 92/128 | Elapsed Time: 23.61s
2026-02-12 01:38:12,357 | INFO | Batch 290 | Loss: 0.8558 | Correct: 85/128 | Elapsed Time: 23.67s
2026-02-12 01:38:35,954 | INFO | Batch 300 | Loss: 0.7444 | Correct: 94/128 | Elapsed Time: 23.60s
2026-02-12 01:38:59,520 | INFO | Batch 310 | Loss: 0.8096 | Correct: 92/128 | Elapsed Time: 23.57s
2026-02-12 01:39:23,679 | INFO | Batch 320 | Loss: 0.6126 | Correct: 103/128 | Elapsed Time: 24.16s
2026-02-12 01:39:47,313 | INFO | Batch 330 | Loss: 0.8074 | Correct: 93/128 | Elapsed Time: 23.63s
2026-02-12 01:40:10,975 | INFO | Batch 340 | Loss: 0.6985 | Correct: 96/128 | Elapsed Time: 23.66s
2026-02-12 01:40:34,676 | INFO | Batch 350 | Loss: 0.5779 | Correct: 97/128 | Elapsed Time: 23.70s
2026-02-12 01:40:58,429 | INFO | Batch 360 | Loss: 0.7454 | Correct: 98/128 | Elapsed Time: 23.75s
2026-02-12 01:41:22,083 | INFO | Batch 370 | Loss: 0.8273 | Correct: 96/128 | Elapsed Time: 23.65s
2026-02-12 01:41:45,692 | INFO | Batch 380 | Loss: 0.8042 | Correct: 96/128 | Elapsed Time: 23.61s
2026-02-12 01:42:09,325 | INFO | Batch 390 | Loss: 0.8386 | Correct: 90/128 | Elapsed Time: 23.63s
2026-02-12 01:42:10,909 | INFO | Epoch [10/100] - Loss: 0.7964 | Correct: 36020/50000 (72.04%, 919.82s)
2026-02-12 01:43:22,618 | INFO | Validation - Loss: 1.2325 | Correct: 6238/10000 (62.38%) (71.71s)
2026-02-12 01:43:46,196 | INFO | Batch 10 | Loss: 0.7525 | Correct: 89/128 | Elapsed Time: 23.58s
2026-02-12 01:44:09,933 | INFO | Batch 20 | Loss: 0.6564 | Correct: 98/128 | Elapsed Time: 23.74s
2026-02-12 01:44:33,515 | INFO | Batch 30 | Loss: 0.7628 | Correct: 91/128 | Elapsed Time: 23.58s
2026-02-12 01:44:57,137 | INFO | Batch 40 | Loss: 0.7827 | Correct: 90/128 | Elapsed Time: 23.62s
2026-02-12 01:45:20,727 | INFO | Batch 50 | Loss: 0.7944 | Correct: 91/128 | Elapsed Time: 23.59s
2026-02-12 01:45:44,302 | INFO | Batch 60 | Loss: 0.7556 | Correct: 92/128 | Elapsed Time: 23.58s
2026-02-12 01:46:07,927 | INFO | Batch 70 | Loss: 0.7998 | Correct: 94/128 | Elapsed Time: 23.62s
2026-02-12 01:46:31,541 | INFO | Batch 80 | Loss: 0.7414 | Correct: 91/128 | Elapsed Time: 23.61s
2026-02-12 01:46:55,187 | INFO | Batch 90 | Loss: 0.7158 | Correct: 97/128 | Elapsed Time: 23.65s
2026-02-12 01:47:18,711 | INFO | Batch 100 | Loss: 0.7305 | Correct: 91/128 | Elapsed Time: 23.52s
2026-02-12 01:47:42,275 | INFO | Batch 110 | Loss: 0.7394 | Correct: 99/128 | Elapsed Time: 23.56s
2026-02-12 01:48:05,868 | INFO | Batch 120 | Loss: 0.8375 | Correct: 90/128 | Elapsed Time: 23.59s
2026-02-12 01:48:29,510 | INFO | Batch 130 | Loss: 0.6716 | Correct: 92/128 | Elapsed Time: 23.64s
2026-02-12 01:48:53,139 | INFO | Batch 140 | Loss: 0.6011 | Correct: 97/128 | Elapsed Time: 23.63s
2026-02-12 01:49:17,194 | INFO | Batch 150 | Loss: 0.6511 | Correct: 97/128 | Elapsed Time: 24.06s
2026-02-12 01:49:40,793 | INFO | Batch 160 | Loss: 0.8063 | Correct: 94/128 | Elapsed Time: 23.60s
2026-02-12 01:50:04,432 | INFO | Batch 170 | Loss: 0.7454 | Correct: 95/128 | Elapsed Time: 23.64s
2026-02-12 01:50:28,024 | INFO | Batch 180 | Loss: 0.8698 | Correct: 84/128 | Elapsed Time: 23.59s
2026-02-12 01:50:51,631 | INFO | Batch 190 | Loss: 0.8651 | Correct: 94/128 | Elapsed Time: 23.61s
2026-02-12 01:51:15,232 | INFO | Batch 200 | Loss: 0.7434 | Correct: 94/128 | Elapsed Time: 23.60s
2026-02-12 01:51:38,967 | INFO | Batch 210 | Loss: 0.7848 | Correct: 91/128 | Elapsed Time: 23.73s
2026-02-12 01:52:02,602 | INFO | Batch 220 | Loss: 0.7226 | Correct: 95/128 | Elapsed Time: 23.64s
2026-02-12 01:52:26,188 | INFO | Batch 230 | Loss: 0.7859 | Correct: 88/128 | Elapsed Time: 23.59s
2026-02-12 01:52:49,714 | INFO | Batch 240 | Loss: 0.7977 | Correct: 89/128 | Elapsed Time: 23.53s
2026-02-12 01:53:13,295 | INFO | Batch 250 | Loss: 0.7129 | Correct: 93/128 | Elapsed Time: 23.58s
2026-02-12 01:53:36,884 | INFO | Batch 260 | Loss: 0.8829 | Correct: 91/128 | Elapsed Time: 23.59s
2026-02-12 01:54:00,443 | INFO | Batch 270 | Loss: 0.7859 | Correct: 92/128 | Elapsed Time: 23.56s
2026-02-12 01:54:24,128 | INFO | Batch 280 | Loss: 0.7977 | Correct: 97/128 | Elapsed Time: 23.68s
2026-02-12 01:54:47,692 | INFO | Batch 290 | Loss: 0.7701 | Correct: 95/128 | Elapsed Time: 23.56s
2026-02-12 01:55:11,331 | INFO | Batch 300 | Loss: 0.8443 | Correct: 88/128 | Elapsed Time: 23.64s
2026-02-12 01:55:34,896 | INFO | Batch 310 | Loss: 0.7354 | Correct: 95/128 | Elapsed Time: 23.56s
2026-02-12 01:55:58,432 | INFO | Batch 320 | Loss: 0.8698 | Correct: 90/128 | Elapsed Time: 23.54s
2026-02-12 01:56:22,039 | INFO | Batch 330 | Loss: 0.8663 | Correct: 90/128 | Elapsed Time: 23.61s
2026-02-12 01:56:45,537 | INFO | Batch 340 | Loss: 0.5717 | Correct: 105/128 | Elapsed Time: 23.50s
2026-02-12 01:57:09,111 | INFO | Batch 350 | Loss: 0.8195 | Correct: 93/128 | Elapsed Time: 23.57s
2026-02-12 01:57:32,531 | INFO | Batch 360 | Loss: 0.7566 | Correct: 94/128 | Elapsed Time: 23.42s
2026-02-12 01:57:56,081 | INFO | Batch 370 | Loss: 0.8663 | Correct: 91/128 | Elapsed Time: 23.55s
2026-02-12 01:58:19,744 | INFO | Batch 380 | Loss: 0.8285 | Correct: 94/128 | Elapsed Time: 23.66s
2026-02-12 01:58:43,404 | INFO | Batch 390 | Loss: 0.6243 | Correct: 99/128 | Elapsed Time: 23.66s
2026-02-12 01:58:45,004 | INFO | Epoch [11/100] - Loss: 0.7576 | Correct: 36558/50000 (73.12%, 922.39s)
2026-02-12 01:59:57,259 | INFO | Validation - Loss: 0.7924 | Correct: 7313/10000 (73.13%) (72.25s)
2026-02-12 01:59:57,529 | INFO | New best model saved at epoch 11 with Top1 Acc: 73.13%
2026-02-12 02:00:21,275 | INFO | Batch 10 | Loss: 0.5394 | Correct: 105/128 | Elapsed Time: 23.75s
2026-02-12 02:00:44,866 | INFO | Batch 20 | Loss: 0.7062 | Correct: 94/128 | Elapsed Time: 23.59s
2026-02-12 02:01:08,432 | INFO | Batch 30 | Loss: 0.9047 | Correct: 83/128 | Elapsed Time: 23.57s
2026-02-12 02:01:32,032 | INFO | Batch 40 | Loss: 0.7236 | Correct: 94/128 | Elapsed Time: 23.60s
2026-02-12 02:01:55,669 | INFO | Batch 50 | Loss: 0.6662 | Correct: 99/128 | Elapsed Time: 23.64s
2026-02-12 02:02:19,368 | INFO | Batch 60 | Loss: 0.8352 | Correct: 91/128 | Elapsed Time: 23.70s
2026-02-12 02:02:42,951 | INFO | Batch 70 | Loss: 0.6910 | Correct: 92/128 | Elapsed Time: 23.58s
2026-02-12 02:03:06,583 | INFO | Batch 80 | Loss: 0.7525 | Correct: 93/128 | Elapsed Time: 23.63s
2026-02-12 02:03:30,137 | INFO | Batch 90 | Loss: 0.7275 | Correct: 96/128 | Elapsed Time: 23.55s
2026-02-12 02:03:53,747 | INFO | Batch 100 | Loss: 0.7577 | Correct: 95/128 | Elapsed Time: 23.61s
2026-02-12 02:04:17,398 | INFO | Batch 110 | Loss: 0.7265 | Correct: 98/128 | Elapsed Time: 23.65s
2026-02-12 02:04:41,152 | INFO | Batch 120 | Loss: 0.8386 | Correct: 90/128 | Elapsed Time: 23.75s
2026-02-12 02:05:04,697 | INFO | Batch 130 | Loss: 0.5221 | Correct: 102/128 | Elapsed Time: 23.55s
2026-02-12 02:05:28,267 | INFO | Batch 140 | Loss: 0.8129 | Correct: 92/128 | Elapsed Time: 23.57s
2026-02-12 02:05:51,882 | INFO | Batch 150 | Loss: 0.7285 | Correct: 97/128 | Elapsed Time: 23.62s
2026-02-12 02:06:15,581 | INFO | Batch 160 | Loss: 0.8398 | Correct: 87/128 | Elapsed Time: 23.70s
2026-02-12 02:06:39,215 | INFO | Batch 170 | Loss: 0.8085 | Correct: 87/128 | Elapsed Time: 23.63s
2026-02-12 02:07:02,826 | INFO | Batch 180 | Loss: 0.7404 | Correct: 92/128 | Elapsed Time: 23.61s
2026-02-12 02:07:26,533 | INFO | Batch 190 | Loss: 0.5467 | Correct: 104/128 | Elapsed Time: 23.71s
2026-02-12 02:07:50,133 | INFO | Batch 200 | Loss: 0.6882 | Correct: 97/128 | Elapsed Time: 23.60s
2026-02-12 02:08:13,794 | INFO | Batch 210 | Loss: 0.8420 | Correct: 89/128 | Elapsed Time: 23.66s
2026-02-12 02:08:37,414 | INFO | Batch 220 | Loss: 0.6362 | Correct: 100/128 | Elapsed Time: 23.62s
2026-02-12 02:09:00,986 | INFO | Batch 230 | Loss: 0.7859 | Correct: 96/128 | Elapsed Time: 23.57s
2026-02-12 02:09:24,846 | INFO | Batch 240 | Loss: 0.6201 | Correct: 102/128 | Elapsed Time: 23.86s
2026-02-12 02:09:48,576 | INFO | Batch 250 | Loss: 0.6590 | Correct: 96/128 | Elapsed Time: 23.73s
2026-02-12 02:10:12,203 | INFO | Batch 260 | Loss: 0.7753 | Correct: 91/128 | Elapsed Time: 23.63s
2026-02-12 02:10:35,758 | INFO | Batch 270 | Loss: 0.6662 | Correct: 98/128 | Elapsed Time: 23.55s
2026-02-12 02:10:59,329 | INFO | Batch 280 | Loss: 0.6929 | Correct: 101/128 | Elapsed Time: 23.57s
2026-02-12 02:11:22,912 | INFO | Batch 290 | Loss: 0.8817 | Correct: 87/128 | Elapsed Time: 23.58s
2026-02-12 02:11:46,516 | INFO | Batch 300 | Loss: 0.6328 | Correct: 95/128 | Elapsed Time: 23.60s
2026-02-12 02:12:10,198 | INFO | Batch 310 | Loss: 0.7848 | Correct: 94/128 | Elapsed Time: 23.68s
2026-02-12 02:12:33,717 | INFO | Batch 320 | Loss: 0.6671 | Correct: 98/128 | Elapsed Time: 23.52s
2026-02-12 02:12:57,261 | INFO | Batch 330 | Loss: 0.6337 | Correct: 99/128 | Elapsed Time: 23.54s
2026-02-12 02:13:20,869 | INFO | Batch 340 | Loss: 0.6268 | Correct: 106/128 | Elapsed Time: 23.61s
2026-02-12 02:13:44,438 | INFO | Batch 350 | Loss: 0.6003 | Correct: 103/128 | Elapsed Time: 23.57s
2026-02-12 02:14:08,050 | INFO | Batch 360 | Loss: 0.6985 | Correct: 101/128 | Elapsed Time: 23.61s
2026-02-12 02:14:31,682 | INFO | Batch 370 | Loss: 0.7701 | Correct: 95/128 | Elapsed Time: 23.63s
2026-02-12 02:14:55,268 | INFO | Batch 380 | Loss: 0.5490 | Correct: 105/128 | Elapsed Time: 23.59s
2026-02-12 02:15:18,950 | INFO | Batch 390 | Loss: 0.6726 | Correct: 101/128 | Elapsed Time: 23.68s
2026-02-12 02:15:20,548 | INFO | Epoch [12/100] - Loss: 0.7122 | Correct: 37423/50000 (74.85%, 923.02s)
2026-02-12 02:16:32,177 | INFO | Validation - Loss: 0.7615 | Correct: 7383/10000 (73.83%) (71.63s)
2026-02-12 02:16:32,479 | INFO | New best model saved at epoch 12 with Top1 Acc: 73.83%
2026-02-12 02:16:56,148 | INFO | Batch 10 | Loss: 0.6423 | Correct: 99/128 | Elapsed Time: 23.67s
2026-02-12 02:17:19,687 | INFO | Batch 20 | Loss: 0.6260 | Correct: 100/128 | Elapsed Time: 23.54s
2026-02-12 02:17:43,243 | INFO | Batch 30 | Loss: 0.7014 | Correct: 94/128 | Elapsed Time: 23.56s
2026-02-12 02:18:06,995 | INFO | Batch 40 | Loss: 0.6345 | Correct: 100/128 | Elapsed Time: 23.75s
2026-02-12 02:18:30,490 | INFO | Batch 50 | Loss: 0.7167 | Correct: 92/128 | Elapsed Time: 23.50s
2026-02-12 02:18:53,942 | INFO | Batch 60 | Loss: 0.8107 | Correct: 91/128 | Elapsed Time: 23.45s
2026-02-12 02:19:17,825 | INFO | Batch 70 | Loss: 0.6502 | Correct: 98/128 | Elapsed Time: 23.88s
2026-02-12 02:19:41,391 | INFO | Batch 80 | Loss: 0.6882 | Correct: 95/128 | Elapsed Time: 23.57s
2026-02-12 02:20:04,981 | INFO | Batch 90 | Loss: 0.7062 | Correct: 98/128 | Elapsed Time: 23.59s
2026-02-12 02:20:28,694 | INFO | Batch 100 | Loss: 0.6864 | Correct: 94/128 | Elapsed Time: 23.71s
2026-02-12 02:20:52,275 | INFO | Batch 110 | Loss: 0.7618 | Correct: 95/128 | Elapsed Time: 23.58s
2026-02-12 02:21:15,961 | INFO | Batch 120 | Loss: 0.7649 | Correct: 97/128 | Elapsed Time: 23.69s
2026-02-12 02:21:39,502 | INFO | Batch 130 | Loss: 0.8547 | Correct: 90/128 | Elapsed Time: 23.54s
2026-02-12 02:22:03,045 | INFO | Batch 140 | Loss: 0.7187 | Correct: 94/128 | Elapsed Time: 23.54s
2026-02-12 02:22:26,647 | INFO | Batch 150 | Loss: 0.6910 | Correct: 100/128 | Elapsed Time: 23.60s
2026-02-12 02:22:50,385 | INFO | Batch 160 | Loss: 0.6035 | Correct: 97/128 | Elapsed Time: 23.74s
2026-02-12 02:23:13,953 | INFO | Batch 170 | Loss: 0.6432 | Correct: 98/128 | Elapsed Time: 23.57s
2026-02-12 02:23:37,466 | INFO | Batch 180 | Loss: 0.6285 | Correct: 98/128 | Elapsed Time: 23.51s
2026-02-12 02:24:01,045 | INFO | Batch 190 | Loss: 0.6388 | Correct: 101/128 | Elapsed Time: 23.58s
2026-02-12 02:24:24,656 | INFO | Batch 200 | Loss: 0.5179 | Correct: 104/128 | Elapsed Time: 23.61s
2026-02-12 02:24:48,320 | INFO | Batch 210 | Loss: 0.6345 | Correct: 98/128 | Elapsed Time: 23.66s
2026-02-12 02:25:12,022 | INFO | Batch 220 | Loss: 0.4801 | Correct: 106/128 | Elapsed Time: 23.70s
2026-02-12 02:25:35,547 | INFO | Batch 230 | Loss: 0.6780 | Correct: 101/128 | Elapsed Time: 23.52s
2026-02-12 02:25:59,110 | INFO | Batch 240 | Loss: 0.6406 | Correct: 100/128 | Elapsed Time: 23.56s
2026-02-12 02:26:22,781 | INFO | Batch 250 | Loss: 0.6432 | Correct: 100/128 | Elapsed Time: 23.67s
2026-02-12 02:26:46,284 | INFO | Batch 260 | Loss: 0.7690 | Correct: 91/128 | Elapsed Time: 23.50s
2026-02-12 02:27:09,876 | INFO | Batch 270 | Loss: 0.7618 | Correct: 92/128 | Elapsed Time: 23.59s
2026-02-12 02:27:33,531 | INFO | Batch 280 | Loss: 0.6345 | Correct: 97/128 | Elapsed Time: 23.66s
2026-02-12 02:27:57,247 | INFO | Batch 290 | Loss: 0.5970 | Correct: 97/128 | Elapsed Time: 23.72s
2026-02-12 02:28:20,869 | INFO | Batch 300 | Loss: 0.7314 | Correct: 97/128 | Elapsed Time: 23.62s
2026-02-12 02:28:44,429 | INFO | Batch 310 | Loss: 0.6817 | Correct: 95/128 | Elapsed Time: 23.56s
2026-02-12 02:29:08,282 | INFO | Batch 320 | Loss: 0.5748 | Correct: 105/128 | Elapsed Time: 23.85s
2026-02-12 02:29:31,853 | INFO | Batch 330 | Loss: 0.7638 | Correct: 95/128 | Elapsed Time: 23.57s
2026-02-12 02:29:55,461 | INFO | Batch 340 | Loss: 0.6771 | Correct: 97/128 | Elapsed Time: 23.61s
2026-02-12 02:30:19,234 | INFO | Batch 350 | Loss: 0.8605 | Correct: 89/128 | Elapsed Time: 23.77s
2026-02-12 02:30:42,789 | INFO | Batch 360 | Loss: 0.8195 | Correct: 91/128 | Elapsed Time: 23.56s
2026-02-12 02:31:06,367 | INFO | Batch 370 | Loss: 0.6134 | Correct: 101/128 | Elapsed Time: 23.58s
2026-02-12 02:31:29,919 | INFO | Batch 380 | Loss: 0.7587 | Correct: 89/128 | Elapsed Time: 23.55s
2026-02-12 02:31:53,506 | INFO | Batch 390 | Loss: 0.6882 | Correct: 94/128 | Elapsed Time: 23.59s
2026-02-12 02:31:55,099 | INFO | Epoch [13/100] - Loss: 0.6756 | Correct: 38013/50000 (76.03%, 922.62s)
2026-02-12 02:33:06,839 | INFO | Validation - Loss: 0.7896 | Correct: 7329/10000 (73.29%) (71.74s)
2026-02-12 02:33:30,414 | INFO | Batch 10 | Loss: 0.6440 | Correct: 95/128 | Elapsed Time: 23.57s
2026-02-12 02:33:54,087 | INFO | Batch 20 | Loss: 0.5709 | Correct: 97/128 | Elapsed Time: 23.67s
2026-02-12 02:34:17,637 | INFO | Batch 30 | Loss: 0.6762 | Correct: 95/128 | Elapsed Time: 23.55s
2026-02-12 02:34:41,270 | INFO | Batch 40 | Loss: 0.7129 | Correct: 96/128 | Elapsed Time: 23.63s
2026-02-12 02:35:04,877 | INFO | Batch 50 | Loss: 0.6827 | Correct: 102/128 | Elapsed Time: 23.61s
2026-02-12 02:35:28,440 | INFO | Batch 60 | Loss: 0.5978 | Correct: 101/128 | Elapsed Time: 23.56s
2026-02-12 02:35:52,034 | INFO | Batch 70 | Loss: 0.4450 | Correct: 107/128 | Elapsed Time: 23.59s
2026-02-12 02:36:15,780 | INFO | Batch 80 | Loss: 0.7334 | Correct: 96/128 | Elapsed Time: 23.75s
2026-02-12 02:36:39,360 | INFO | Batch 90 | Loss: 0.6910 | Correct: 100/128 | Elapsed Time: 23.58s
2026-02-12 02:37:02,974 | INFO | Batch 100 | Loss: 0.5034 | Correct: 109/128 | Elapsed Time: 23.61s
2026-02-12 02:37:26,597 | INFO | Batch 110 | Loss: 0.7404 | Correct: 95/128 | Elapsed Time: 23.62s
2026-02-12 02:37:50,159 | INFO | Batch 120 | Loss: 0.6698 | Correct: 100/128 | Elapsed Time: 23.56s
2026-02-12 02:38:13,774 | INFO | Batch 130 | Loss: 0.6537 | Correct: 96/128 | Elapsed Time: 23.61s
2026-02-12 02:38:37,472 | INFO | Batch 140 | Loss: 0.6564 | Correct: 98/128 | Elapsed Time: 23.70s
2026-02-12 02:39:01,040 | INFO | Batch 150 | Loss: 0.7324 | Correct: 90/128 | Elapsed Time: 23.57s
2026-02-12 02:39:24,762 | INFO | Batch 160 | Loss: 0.5549 | Correct: 104/128 | Elapsed Time: 23.72s
2026-02-12 02:39:48,318 | INFO | Batch 170 | Loss: 0.5827 | Correct: 105/128 | Elapsed Time: 23.56s
2026-02-12 02:40:11,854 | INFO | Batch 180 | Loss: 0.5151 | Correct: 111/128 | Elapsed Time: 23.54s
2026-02-12 02:40:35,420 | INFO | Batch 190 | Loss: 0.6167 | Correct: 95/128 | Elapsed Time: 23.57s
2026-02-12 02:40:59,151 | INFO | Batch 200 | Loss: 0.6328 | Correct: 100/128 | Elapsed Time: 23.73s
2026-02-12 02:41:22,744 | INFO | Batch 210 | Loss: 0.7334 | Correct: 94/128 | Elapsed Time: 23.59s
2026-02-12 02:41:46,316 | INFO | Batch 220 | Loss: 0.7285 | Correct: 100/128 | Elapsed Time: 23.57s
2026-02-12 02:42:09,933 | INFO | Batch 230 | Loss: 0.6967 | Correct: 96/128 | Elapsed Time: 23.62s
2026-02-12 02:42:33,501 | INFO | Batch 240 | Loss: 0.5557 | Correct: 102/128 | Elapsed Time: 23.57s
2026-02-12 02:42:57,057 | INFO | Batch 250 | Loss: 0.7090 | Correct: 92/128 | Elapsed Time: 23.56s
2026-02-12 02:43:20,752 | INFO | Batch 260 | Loss: 0.7848 | Correct: 91/128 | Elapsed Time: 23.70s
2026-02-12 02:43:44,342 | INFO | Batch 270 | Loss: 0.5717 | Correct: 103/128 | Elapsed Time: 23.59s
2026-02-12 02:44:08,000 | INFO | Batch 280 | Loss: 0.7912 | Correct: 89/128 | Elapsed Time: 23.66s
2026-02-12 02:44:31,589 | INFO | Batch 290 | Loss: 0.6076 | Correct: 97/128 | Elapsed Time: 23.59s
2026-02-12 02:44:55,123 | INFO | Batch 300 | Loss: 0.5343 | Correct: 104/128 | Elapsed Time: 23.53s
2026-02-12 02:45:18,722 | INFO | Batch 310 | Loss: 0.4170 | Correct: 109/128 | Elapsed Time: 23.60s
2026-02-12 02:45:42,302 | INFO | Batch 320 | Loss: 0.5679 | Correct: 104/128 | Elapsed Time: 23.58s
2026-02-12 02:46:05,999 | INFO | Batch 330 | Loss: 0.7434 | Correct: 98/128 | Elapsed Time: 23.70s
2026-02-12 02:46:29,527 | INFO | Batch 340 | Loss: 0.6068 | Correct: 95/128 | Elapsed Time: 23.53s
2026-02-12 02:46:53,021 | INFO | Batch 350 | Loss: 0.8085 | Correct: 95/128 | Elapsed Time: 23.49s
2026-02-12 02:47:16,594 | INFO | Batch 360 | Loss: 0.5930 | Correct: 99/128 | Elapsed Time: 23.57s
2026-02-12 02:47:40,143 | INFO | Batch 370 | Loss: 0.5874 | Correct: 102/128 | Elapsed Time: 23.55s
2026-02-12 02:48:03,678 | INFO | Batch 380 | Loss: 0.6285 | Correct: 100/128 | Elapsed Time: 23.53s
2026-02-12 02:48:27,366 | INFO | Batch 390 | Loss: 0.5803 | Correct: 106/128 | Elapsed Time: 23.69s
2026-02-12 02:48:28,954 | INFO | Epoch [14/100] - Loss: 0.6502 | Correct: 38620/50000 (77.24%, 922.11s)
2026-02-12 02:49:41,143 | INFO | Validation - Loss: 0.7222 | Correct: 7492/10000 (74.92%) (72.19s)
2026-02-12 02:49:41,447 | INFO | New best model saved at epoch 14 with Top1 Acc: 74.92%
2026-02-12 02:50:05,076 | INFO | Batch 10 | Loss: 0.5137 | Correct: 103/128 | Elapsed Time: 23.63s
2026-02-12 02:50:28,659 | INFO | Batch 20 | Loss: 0.4873 | Correct: 103/128 | Elapsed Time: 23.58s
2026-02-12 02:50:52,178 | INFO | Batch 30 | Loss: 0.8581 | Correct: 90/128 | Elapsed Time: 23.52s
2026-02-12 02:51:15,784 | INFO | Batch 40 | Loss: 0.6519 | Correct: 96/128 | Elapsed Time: 23.61s
2026-02-12 02:51:39,390 | INFO | Batch 50 | Loss: 0.5054 | Correct: 101/128 | Elapsed Time: 23.61s
2026-02-12 02:52:03,171 | INFO | Batch 60 | Loss: 0.7004 | Correct: 98/128 | Elapsed Time: 23.78s
2026-02-12 02:52:26,782 | INFO | Batch 70 | Loss: 0.6126 | Correct: 103/128 | Elapsed Time: 23.61s
2026-02-12 02:52:50,415 | INFO | Batch 80 | Loss: 0.6707 | Correct: 100/128 | Elapsed Time: 23.63s
2026-02-12 02:53:14,094 | INFO | Batch 90 | Loss: 0.4853 | Correct: 109/128 | Elapsed Time: 23.68s
2026-02-12 02:53:37,670 | INFO | Batch 100 | Loss: 0.5350 | Correct: 102/128 | Elapsed Time: 23.58s
2026-02-12 02:54:01,179 | INFO | Batch 110 | Loss: 0.6698 | Correct: 103/128 | Elapsed Time: 23.51s
2026-02-12 02:54:24,832 | INFO | Batch 120 | Loss: 0.7690 | Correct: 90/128 | Elapsed Time: 23.65s
2026-02-12 02:54:48,306 | INFO | Batch 130 | Loss: 0.6432 | Correct: 103/128 | Elapsed Time: 23.47s
2026-02-12 02:55:11,886 | INFO | Batch 140 | Loss: 0.6581 | Correct: 94/128 | Elapsed Time: 23.58s
2026-02-12 02:55:35,509 | INFO | Batch 150 | Loss: 0.7795 | Correct: 94/128 | Elapsed Time: 23.62s
2026-02-12 02:55:59,042 | INFO | Batch 160 | Loss: 0.5000 | Correct: 103/128 | Elapsed Time: 23.53s
2026-02-12 02:56:22,592 | INFO | Batch 170 | Loss: 0.4616 | Correct: 106/128 | Elapsed Time: 23.55s
2026-02-12 02:56:46,283 | INFO | Batch 180 | Loss: 0.5116 | Correct: 102/128 | Elapsed Time: 23.69s
2026-02-12 02:57:09,865 | INFO | Batch 190 | Loss: 0.7109 | Correct: 96/128 | Elapsed Time: 23.58s
2026-02-12 02:57:33,420 | INFO | Batch 200 | Loss: 0.5595 | Correct: 104/128 | Elapsed Time: 23.56s
2026-02-12 02:57:57,047 | INFO | Batch 210 | Loss: 0.6320 | Correct: 97/128 | Elapsed Time: 23.63s
2026-02-12 02:58:20,616 | INFO | Batch 220 | Loss: 0.6142 | Correct: 98/128 | Elapsed Time: 23.57s
2026-02-12 02:58:44,151 | INFO | Batch 230 | Loss: 0.5257 | Correct: 101/128 | Elapsed Time: 23.53s
2026-02-12 02:59:07,929 | INFO | Batch 240 | Loss: 0.5725 | Correct: 103/128 | Elapsed Time: 23.78s
2026-02-12 02:59:31,585 | INFO | Batch 250 | Loss: 0.5717 | Correct: 96/128 | Elapsed Time: 23.66s
2026-02-12 02:59:55,126 | INFO | Batch 260 | Loss: 0.6285 | Correct: 100/128 | Elapsed Time: 23.54s
2026-02-12 03:00:18,730 | INFO | Batch 270 | Loss: 0.6167 | Correct: 98/128 | Elapsed Time: 23.60s
2026-02-12 03:00:42,284 | INFO | Batch 280 | Loss: 0.6653 | Correct: 102/128 | Elapsed Time: 23.55s
2026-02-12 03:01:05,801 | INFO | Batch 290 | Loss: 0.6328 | Correct: 99/128 | Elapsed Time: 23.52s
2026-02-12 03:01:29,421 | INFO | Batch 300 | Loss: 0.6753 | Correct: 100/128 | Elapsed Time: 23.62s
2026-02-12 03:01:52,968 | INFO | Batch 310 | Loss: 0.5772 | Correct: 102/128 | Elapsed Time: 23.55s
2026-02-12 03:02:16,594 | INFO | Batch 320 | Loss: 0.4749 | Correct: 108/128 | Elapsed Time: 23.63s
2026-02-12 03:02:40,240 | INFO | Batch 330 | Loss: 0.5882 | Correct: 101/128 | Elapsed Time: 23.65s
2026-02-12 03:03:03,895 | INFO | Batch 340 | Loss: 0.6864 | Correct: 100/128 | Elapsed Time: 23.65s
2026-02-12 03:03:27,539 | INFO | Batch 350 | Loss: 0.7374 | Correct: 96/128 | Elapsed Time: 23.64s
2026-02-12 03:03:51,105 | INFO | Batch 360 | Loss: 0.6302 | Correct: 97/128 | Elapsed Time: 23.57s
2026-02-12 03:04:14,786 | INFO | Batch 370 | Loss: 0.5602 | Correct: 105/128 | Elapsed Time: 23.68s
2026-02-12 03:04:38,355 | INFO | Batch 380 | Loss: 0.6635 | Correct: 102/128 | Elapsed Time: 23.57s
2026-02-12 03:05:01,988 | INFO | Batch 390 | Loss: 0.5350 | Correct: 102/128 | Elapsed Time: 23.63s
2026-02-12 03:05:03,599 | INFO | Epoch [15/100] - Loss: 0.6278 | Correct: 38854/50000 (77.71%, 922.15s)
2026-02-12 03:06:15,324 | INFO | Validation - Loss: 0.7499 | Correct: 7479/10000 (74.79%) (71.72s)
2026-02-12 03:06:38,908 | INFO | Batch 10 | Loss: 0.4893 | Correct: 104/128 | Elapsed Time: 23.58s
2026-02-12 03:07:02,522 | INFO | Batch 20 | Loss: 0.4379 | Correct: 109/128 | Elapsed Time: 23.61s
2026-02-12 03:07:26,241 | INFO | Batch 30 | Loss: 0.6268 | Correct: 99/128 | Elapsed Time: 23.72s
2026-02-12 03:07:49,809 | INFO | Batch 40 | Loss: 0.6546 | Correct: 102/128 | Elapsed Time: 23.57s
2026-02-12 03:08:13,344 | INFO | Batch 50 | Loss: 0.5756 | Correct: 101/128 | Elapsed Time: 23.53s
2026-02-12 03:08:36,960 | INFO | Batch 60 | Loss: 0.4711 | Correct: 102/128 | Elapsed Time: 23.62s
2026-02-12 03:09:00,512 | INFO | Batch 70 | Loss: 0.4933 | Correct: 104/128 | Elapsed Time: 23.55s
2026-02-12 03:09:24,378 | INFO | Batch 80 | Loss: 0.6836 | Correct: 97/128 | Elapsed Time: 23.87s
2026-02-12 03:09:48,057 | INFO | Batch 90 | Loss: 0.6449 | Correct: 100/128 | Elapsed Time: 23.68s
2026-02-12 03:10:11,688 | INFO | Batch 100 | Loss: 0.5922 | Correct: 107/128 | Elapsed Time: 23.63s
2026-02-12 03:10:35,198 | INFO | Batch 110 | Loss: 0.6003 | Correct: 99/128 | Elapsed Time: 23.51s
2026-02-12 03:10:58,804 | INFO | Batch 120 | Loss: 0.4536 | Correct: 102/128 | Elapsed Time: 23.61s
2026-02-12 03:11:22,429 | INFO | Batch 130 | Loss: 0.5293 | Correct: 104/128 | Elapsed Time: 23.62s
2026-02-12 03:11:46,057 | INFO | Batch 140 | Loss: 0.5214 | Correct: 101/128 | Elapsed Time: 23.63s
2026-02-12 03:12:09,606 | INFO | Batch 150 | Loss: 0.5365 | Correct: 103/128 | Elapsed Time: 23.55s
2026-02-12 03:12:33,313 | INFO | Batch 160 | Loss: 0.6827 | Correct: 98/128 | Elapsed Time: 23.71s
2026-02-12 03:12:56,853 | INFO | Batch 170 | Loss: 0.5264 | Correct: 104/128 | Elapsed Time: 23.54s
2026-02-12 03:13:20,447 | INFO | Batch 180 | Loss: 0.5193 | Correct: 107/128 | Elapsed Time: 23.59s
2026-02-12 03:13:44,030 | INFO | Batch 190 | Loss: 0.6167 | Correct: 102/128 | Elapsed Time: 23.58s
2026-02-12 03:14:07,649 | INFO | Batch 200 | Loss: 0.5430 | Correct: 104/128 | Elapsed Time: 23.62s
2026-02-12 03:14:31,182 | INFO | Batch 210 | Loss: 0.7444 | Correct: 100/128 | Elapsed Time: 23.53s
2026-02-12 03:14:54,864 | INFO | Batch 220 | Loss: 0.6406 | Correct: 98/128 | Elapsed Time: 23.68s
2026-02-12 03:15:18,630 | INFO | Batch 230 | Loss: 0.5109 | Correct: 102/128 | Elapsed Time: 23.77s
2026-02-12 03:15:42,246 | INFO | Batch 240 | Loss: 0.6011 | Correct: 102/128 | Elapsed Time: 23.62s
2026-02-12 03:16:05,916 | INFO | Batch 250 | Loss: 0.8628 | Correct: 94/128 | Elapsed Time: 23.67s
2026-02-12 03:16:29,545 | INFO | Batch 260 | Loss: 0.4542 | Correct: 110/128 | Elapsed Time: 23.63s
2026-02-12 03:16:53,078 | INFO | Batch 270 | Loss: 0.5068 | Correct: 104/128 | Elapsed Time: 23.53s
2026-02-12 03:17:16,761 | INFO | Batch 280 | Loss: 0.7690 | Correct: 91/128 | Elapsed Time: 23.68s
2026-02-12 03:17:40,333 | INFO | Batch 290 | Loss: 0.6744 | Correct: 98/128 | Elapsed Time: 23.57s
2026-02-12 03:18:03,949 | INFO | Batch 300 | Loss: 0.5314 | Correct: 106/128 | Elapsed Time: 23.62s
2026-02-12 03:18:27,550 | INFO | Batch 310 | Loss: 0.9133 | Correct: 85/128 | Elapsed Time: 23.60s
2026-02-12 03:18:51,101 | INFO | Batch 320 | Loss: 0.7014 | Correct: 96/128 | Elapsed Time: 23.55s
2026-02-12 03:19:15,073 | INFO | Batch 330 | Loss: 0.6744 | Correct: 102/128 | Elapsed Time: 23.97s
2026-02-12 03:19:38,667 | INFO | Batch 340 | Loss: 0.4450 | Correct: 106/128 | Elapsed Time: 23.59s
2026-02-12 03:20:02,363 | INFO | Batch 350 | Loss: 0.5357 | Correct: 110/128 | Elapsed Time: 23.70s
2026-02-12 03:20:25,966 | INFO | Batch 360 | Loss: 0.5633 | Correct: 103/128 | Elapsed Time: 23.60s
2026-02-12 03:20:49,508 | INFO | Batch 370 | Loss: 0.5512 | Correct: 103/128 | Elapsed Time: 23.54s
2026-02-12 03:21:13,086 | INFO | Batch 380 | Loss: 0.5542 | Correct: 104/128 | Elapsed Time: 23.58s
2026-02-12 03:21:36,706 | INFO | Batch 390 | Loss: 0.6519 | Correct: 103/128 | Elapsed Time: 23.62s
2026-02-12 03:21:38,302 | INFO | Epoch [16/100] - Loss: 0.6062 | Correct: 39395/50000 (78.79%, 922.98s)
2026-02-12 03:22:49,727 | INFO | Validation - Loss: 0.6330 | Correct: 7802/10000 (78.02%) (71.42s)
2026-02-12 03:22:50,034 | INFO | New best model saved at epoch 16 with Top1 Acc: 78.02%
2026-02-12 03:23:13,785 | INFO | Batch 10 | Loss: 0.5663 | Correct: 98/128 | Elapsed Time: 23.75s
2026-02-12 03:23:37,348 | INFO | Batch 20 | Loss: 0.4899 | Correct: 108/128 | Elapsed Time: 23.56s
2026-02-12 03:24:00,902 | INFO | Batch 30 | Loss: 0.5922 | Correct: 104/128 | Elapsed Time: 23.55s
2026-02-12 03:24:24,522 | INFO | Batch 40 | Loss: 0.6226 | Correct: 95/128 | Elapsed Time: 23.62s
2026-02-12 03:24:48,135 | INFO | Batch 50 | Loss: 0.5250 | Correct: 103/128 | Elapsed Time: 23.61s
2026-02-12 03:25:11,721 | INFO | Batch 60 | Loss: 0.6449 | Correct: 100/128 | Elapsed Time: 23.59s
2026-02-12 03:25:35,349 | INFO | Batch 70 | Loss: 0.5542 | Correct: 108/128 | Elapsed Time: 23.63s
2026-02-12 03:25:58,924 | INFO | Batch 80 | Loss: 0.6126 | Correct: 98/128 | Elapsed Time: 23.57s
2026-02-12 03:26:22,541 | INFO | Batch 90 | Loss: 0.5633 | Correct: 99/128 | Elapsed Time: 23.62s
2026-02-12 03:26:46,070 | INFO | Batch 100 | Loss: 0.6176 | Correct: 102/128 | Elapsed Time: 23.53s
2026-02-12 03:27:09,707 | INFO | Batch 110 | Loss: 0.7226 | Correct: 95/128 | Elapsed Time: 23.64s
2026-02-12 03:27:33,270 | INFO | Batch 120 | Loss: 0.5343 | Correct: 102/128 | Elapsed Time: 23.56s
2026-02-12 03:27:56,910 | INFO | Batch 130 | Loss: 0.5172 | Correct: 104/128 | Elapsed Time: 23.64s
2026-02-12 03:28:20,524 | INFO | Batch 140 | Loss: 0.5834 | Correct: 99/128 | Elapsed Time: 23.61s
2026-02-12 03:28:44,132 | INFO | Batch 150 | Loss: 0.5236 | Correct: 106/128 | Elapsed Time: 23.61s
2026-02-12 03:29:07,877 | INFO | Batch 160 | Loss: 0.5293 | Correct: 103/128 | Elapsed Time: 23.74s
2026-02-12 03:29:31,497 | INFO | Batch 170 | Loss: 0.6423 | Correct: 104/128 | Elapsed Time: 23.62s
2026-02-12 03:29:55,050 | INFO | Batch 180 | Loss: 0.5811 | Correct: 96/128 | Elapsed Time: 23.55s
2026-02-12 03:30:18,649 | INFO | Batch 190 | Loss: 0.4743 | Correct: 106/128 | Elapsed Time: 23.60s
2026-02-12 03:30:42,373 | INFO | Batch 200 | Loss: 0.6167 | Correct: 101/128 | Elapsed Time: 23.72s
2026-02-12 03:31:05,985 | INFO | Batch 210 | Loss: 0.5656 | Correct: 98/128 | Elapsed Time: 23.61s
2026-02-12 03:31:29,542 | INFO | Batch 220 | Loss: 0.6573 | Correct: 102/128 | Elapsed Time: 23.56s
2026-02-12 03:31:53,152 | INFO | Batch 230 | Loss: 0.6337 | Correct: 98/128 | Elapsed Time: 23.61s
2026-02-12 03:32:16,793 | INFO | Batch 240 | Loss: 0.7187 | Correct: 93/128 | Elapsed Time: 23.64s
2026-02-12 03:32:40,355 | INFO | Batch 250 | Loss: 0.4980 | Correct: 105/128 | Elapsed Time: 23.56s
2026-02-12 03:33:04,116 | INFO | Batch 260 | Loss: 0.4939 | Correct: 108/128 | Elapsed Time: 23.76s
2026-02-12 03:33:27,679 | INFO | Batch 270 | Loss: 0.6528 | Correct: 100/128 | Elapsed Time: 23.56s
2026-02-12 03:33:51,250 | INFO | Batch 280 | Loss: 0.6134 | Correct: 101/128 | Elapsed Time: 23.57s
2026-02-12 03:34:14,929 | INFO | Batch 290 | Loss: 0.6176 | Correct: 95/128 | Elapsed Time: 23.68s
2026-02-12 03:34:38,520 | INFO | Batch 300 | Loss: 0.6920 | Correct: 98/128 | Elapsed Time: 23.59s
2026-02-12 03:35:02,195 | INFO | Batch 310 | Loss: 0.7187 | Correct: 98/128 | Elapsed Time: 23.68s
2026-02-12 03:35:25,911 | INFO | Batch 320 | Loss: 0.5564 | Correct: 103/128 | Elapsed Time: 23.72s
2026-02-12 03:35:49,563 | INFO | Batch 330 | Loss: 0.6511 | Correct: 102/128 | Elapsed Time: 23.65s
2026-02-12 03:36:13,221 | INFO | Batch 340 | Loss: 0.5564 | Correct: 102/128 | Elapsed Time: 23.66s
2026-02-12 03:36:36,910 | INFO | Batch 350 | Loss: 0.5034 | Correct: 106/128 | Elapsed Time: 23.69s
2026-02-12 03:37:00,538 | INFO | Batch 360 | Loss: 0.5293 | Correct: 110/128 | Elapsed Time: 23.63s
2026-02-12 03:37:24,251 | INFO | Batch 370 | Loss: 0.3845 | Correct: 110/128 | Elapsed Time: 23.71s
2026-02-12 03:37:47,960 | INFO | Batch 380 | Loss: 0.5061 | Correct: 107/128 | Elapsed Time: 23.71s
2026-02-12 03:38:11,619 | INFO | Batch 390 | Loss: 0.6201 | Correct: 100/128 | Elapsed Time: 23.66s
2026-02-12 03:38:13,226 | INFO | Epoch [17/100] - Loss: 0.5840 | Correct: 39748/50000 (79.50%, 923.19s)
2026-02-12 03:39:25,293 | INFO | Validation - Loss: 0.6731 | Correct: 7683/10000 (76.83%) (72.07s)
2026-02-12 03:39:49,029 | INFO | Batch 10 | Loss: 0.6414 | Correct: 98/128 | Elapsed Time: 23.74s
2026-02-12 03:40:12,672 | INFO | Batch 20 | Loss: 0.6043 | Correct: 97/128 | Elapsed Time: 23.64s
2026-02-12 03:40:36,291 | INFO | Batch 30 | Loss: 0.4032 | Correct: 108/128 | Elapsed Time: 23.62s
2026-02-12 03:40:59,872 | INFO | Batch 40 | Loss: 0.5572 | Correct: 102/128 | Elapsed Time: 23.58s
2026-02-12 03:41:23,591 | INFO | Batch 50 | Loss: 0.7109 | Correct: 102/128 | Elapsed Time: 23.72s
2026-02-12 03:41:47,206 | INFO | Batch 60 | Loss: 0.5648 | Correct: 99/128 | Elapsed Time: 23.62s
2026-02-12 03:42:10,815 | INFO | Batch 70 | Loss: 0.5020 | Correct: 108/128 | Elapsed Time: 23.61s
2026-02-12 03:42:34,374 | INFO | Batch 80 | Loss: 0.6118 | Correct: 99/128 | Elapsed Time: 23.56s
2026-02-12 03:42:57,963 | INFO | Batch 90 | Loss: 0.6320 | Correct: 101/128 | Elapsed Time: 23.59s
2026-02-12 03:43:21,546 | INFO | Batch 100 | Loss: 0.5663 | Correct: 101/128 | Elapsed Time: 23.58s
2026-02-12 03:43:45,169 | INFO | Batch 110 | Loss: 0.5640 | Correct: 106/128 | Elapsed Time: 23.62s
2026-02-12 03:44:08,708 | INFO | Batch 120 | Loss: 0.5082 | Correct: 101/128 | Elapsed Time: 23.54s
2026-02-12 03:44:32,332 | INFO | Batch 130 | Loss: 0.4616 | Correct: 105/128 | Elapsed Time: 23.62s
2026-02-12 03:44:55,899 | INFO | Batch 140 | Loss: 0.5172 | Correct: 108/128 | Elapsed Time: 23.57s
2026-02-12 03:45:19,518 | INFO | Batch 150 | Loss: 0.5811 | Correct: 107/128 | Elapsed Time: 23.62s
2026-02-12 03:45:43,149 | INFO | Batch 160 | Loss: 0.7607 | Correct: 100/128 | Elapsed Time: 23.63s
2026-02-12 03:46:06,915 | INFO | Batch 170 | Loss: 0.6027 | Correct: 101/128 | Elapsed Time: 23.77s
2026-02-12 03:46:30,501 | INFO | Batch 180 | Loss: 0.6744 | Correct: 95/128 | Elapsed Time: 23.59s
2026-02-12 03:46:54,174 | INFO | Batch 190 | Loss: 0.7556 | Correct: 94/128 | Elapsed Time: 23.67s
2026-02-12 03:47:17,920 | INFO | Batch 200 | Loss: 0.5534 | Correct: 102/128 | Elapsed Time: 23.75s
2026-02-12 03:47:41,512 | INFO | Batch 210 | Loss: 0.5438 | Correct: 104/128 | Elapsed Time: 23.59s
2026-02-12 03:48:05,264 | INFO | Batch 220 | Loss: 0.5172 | Correct: 101/128 | Elapsed Time: 23.75s
2026-02-12 03:48:28,871 | INFO | Batch 230 | Loss: 0.5519 | Correct: 104/128 | Elapsed Time: 23.61s
2026-02-12 03:48:52,568 | INFO | Batch 240 | Loss: 0.6458 | Correct: 99/128 | Elapsed Time: 23.70s
2026-02-12 03:49:16,679 | INFO | Batch 250 | Loss: 0.6864 | Correct: 95/128 | Elapsed Time: 24.11s
2026-02-12 03:49:40,343 | INFO | Batch 260 | Loss: 0.5504 | Correct: 99/128 | Elapsed Time: 23.66s
2026-02-12 03:50:04,036 | INFO | Batch 270 | Loss: 0.5640 | Correct: 102/128 | Elapsed Time: 23.69s
2026-02-12 03:50:27,658 | INFO | Batch 280 | Loss: 0.6134 | Correct: 99/128 | Elapsed Time: 23.62s
2026-02-12 03:50:51,231 | INFO | Batch 290 | Loss: 0.5610 | Correct: 102/128 | Elapsed Time: 23.57s
2026-02-12 03:51:14,986 | INFO | Batch 300 | Loss: 0.6176 | Correct: 98/128 | Elapsed Time: 23.75s
2026-02-12 03:51:38,612 | INFO | Batch 310 | Loss: 0.5779 | Correct: 101/128 | Elapsed Time: 23.63s
2026-02-12 03:52:02,272 | INFO | Batch 320 | Loss: 0.5702 | Correct: 104/128 | Elapsed Time: 23.66s
2026-02-12 03:52:25,908 | INFO | Batch 330 | Loss: 0.5811 | Correct: 106/128 | Elapsed Time: 23.64s
2026-02-12 03:52:49,495 | INFO | Batch 340 | Loss: 0.4517 | Correct: 111/128 | Elapsed Time: 23.59s
2026-02-12 03:53:13,119 | INFO | Batch 350 | Loss: 0.5663 | Correct: 105/128 | Elapsed Time: 23.62s
2026-02-12 03:53:36,772 | INFO | Batch 360 | Loss: 0.6151 | Correct: 100/128 | Elapsed Time: 23.65s
2026-02-12 03:54:00,419 | INFO | Batch 370 | Loss: 0.5328 | Correct: 105/128 | Elapsed Time: 23.65s
2026-02-12 03:54:24,018 | INFO | Batch 380 | Loss: 0.5686 | Correct: 99/128 | Elapsed Time: 23.60s
2026-02-12 03:54:47,598 | INFO | Batch 390 | Loss: 0.6260 | Correct: 100/128 | Elapsed Time: 23.58s
2026-02-12 03:54:49,198 | INFO | Epoch [18/100] - Loss: 0.5647 | Correct: 40158/50000 (80.32%, 923.90s)
2026-02-12 03:56:00,902 | INFO | Validation - Loss: 0.6432 | Correct: 7798/10000 (77.98%) (71.70s)
2026-02-12 03:56:24,535 | INFO | Batch 10 | Loss: 0.7505 | Correct: 91/128 | Elapsed Time: 23.63s
2026-02-12 03:56:48,228 | INFO | Batch 20 | Loss: 0.6235 | Correct: 98/128 | Elapsed Time: 23.69s
2026-02-12 03:57:11,832 | INFO | Batch 30 | Loss: 0.4966 | Correct: 105/128 | Elapsed Time: 23.60s
2026-02-12 03:57:35,398 | INFO | Batch 40 | Loss: 0.5874 | Correct: 101/128 | Elapsed Time: 23.57s
2026-02-12 03:57:59,014 | INFO | Batch 50 | Loss: 0.5717 | Correct: 105/128 | Elapsed Time: 23.62s
2026-02-12 03:58:22,607 | INFO | Batch 60 | Loss: 0.4834 | Correct: 103/128 | Elapsed Time: 23.59s
2026-02-12 03:58:46,229 | INFO | Batch 70 | Loss: 0.5834 | Correct: 101/128 | Elapsed Time: 23.62s
2026-02-12 03:59:10,182 | INFO | Batch 80 | Loss: 0.6635 | Correct: 94/128 | Elapsed Time: 23.95s
2026-02-12 03:59:33,972 | INFO | Batch 90 | Loss: 0.4899 | Correct: 106/128 | Elapsed Time: 23.79s
2026-02-12 03:59:57,669 | INFO | Batch 100 | Loss: 0.6011 | Correct: 103/128 | Elapsed Time: 23.70s
2026-02-12 04:00:21,263 | INFO | Batch 110 | Loss: 0.5962 | Correct: 95/128 | Elapsed Time: 23.59s
2026-02-12 04:00:44,910 | INFO | Batch 120 | Loss: 0.6167 | Correct: 103/128 | Elapsed Time: 23.65s
2026-02-12 04:01:08,504 | INFO | Batch 130 | Loss: 0.6449 | Correct: 102/128 | Elapsed Time: 23.59s
2026-02-12 04:01:32,103 | INFO | Batch 140 | Loss: 0.5221 | Correct: 103/128 | Elapsed Time: 23.60s
2026-02-12 04:01:55,836 | INFO | Batch 150 | Loss: 0.4250 | Correct: 114/128 | Elapsed Time: 23.73s
2026-02-12 04:02:19,432 | INFO | Batch 160 | Loss: 0.6159 | Correct: 103/128 | Elapsed Time: 23.60s
2026-02-12 04:02:43,049 | INFO | Batch 170 | Loss: 0.5834 | Correct: 103/128 | Elapsed Time: 23.62s
2026-02-12 04:03:06,668 | INFO | Batch 180 | Loss: 0.5779 | Correct: 101/128 | Elapsed Time: 23.62s
2026-02-12 04:03:30,284 | INFO | Batch 190 | Loss: 0.4622 | Correct: 106/128 | Elapsed Time: 23.62s
2026-02-12 04:03:53,860 | INFO | Batch 200 | Loss: 0.8501 | Correct: 95/128 | Elapsed Time: 23.58s
2026-02-12 04:04:17,592 | INFO | Batch 210 | Loss: 0.7052 | Correct: 97/128 | Elapsed Time: 23.73s
2026-02-12 04:04:41,185 | INFO | Batch 220 | Loss: 0.5795 | Correct: 100/128 | Elapsed Time: 23.59s
2026-02-12 04:05:04,827 | INFO | Batch 230 | Loss: 0.5285 | Correct: 107/128 | Elapsed Time: 23.64s
2026-02-12 04:05:28,320 | INFO | Batch 240 | Loss: 0.6345 | Correct: 101/128 | Elapsed Time: 23.49s
2026-02-12 04:05:51,974 | INFO | Batch 250 | Loss: 0.6406 | Correct: 97/128 | Elapsed Time: 23.65s
2026-02-12 04:06:15,646 | INFO | Batch 260 | Loss: 0.4120 | Correct: 108/128 | Elapsed Time: 23.67s
2026-02-12 04:06:39,247 | INFO | Batch 270 | Loss: 0.6035 | Correct: 101/128 | Elapsed Time: 23.60s
2026-02-12 04:07:02,979 | INFO | Batch 280 | Loss: 0.5733 | Correct: 104/128 | Elapsed Time: 23.73s
2026-02-12 04:07:26,574 | INFO | Batch 290 | Loss: 0.5587 | Correct: 102/128 | Elapsed Time: 23.59s
2026-02-12 04:07:50,147 | INFO | Batch 300 | Loss: 0.6235 | Correct: 100/128 | Elapsed Time: 23.57s
2026-02-12 04:08:13,800 | INFO | Batch 310 | Loss: 0.6251 | Correct: 102/128 | Elapsed Time: 23.65s
2026-02-12 04:08:37,392 | INFO | Batch 320 | Loss: 0.6167 | Correct: 98/128 | Elapsed Time: 23.59s
2026-02-12 04:09:00,990 | INFO | Batch 330 | Loss: 0.4450 | Correct: 106/128 | Elapsed Time: 23.60s
2026-02-12 04:09:24,926 | INFO | Batch 340 | Loss: 0.7774 | Correct: 96/128 | Elapsed Time: 23.94s
2026-02-12 04:09:48,425 | INFO | Batch 350 | Loss: 0.5061 | Correct: 108/128 | Elapsed Time: 23.50s
2026-02-12 04:10:12,060 | INFO | Batch 360 | Loss: 0.5874 | Correct: 104/128 | Elapsed Time: 23.63s
2026-02-12 04:10:35,680 | INFO | Batch 370 | Loss: 0.4182 | Correct: 113/128 | Elapsed Time: 23.62s
2026-02-12 04:10:59,265 | INFO | Batch 380 | Loss: 0.5336 | Correct: 101/128 | Elapsed Time: 23.58s
2026-02-12 04:11:22,897 | INFO | Batch 390 | Loss: 0.3845 | Correct: 112/128 | Elapsed Time: 23.63s
2026-02-12 04:11:24,490 | INFO | Epoch [19/100] - Loss: 0.5529 | Correct: 40300/50000 (80.60%, 923.59s)
2026-02-12 04:12:36,364 | INFO | Validation - Loss: 0.6047 | Correct: 7916/10000 (79.16%) (71.87s)
2026-02-12 04:12:36,670 | INFO | New best model saved at epoch 19 with Top1 Acc: 79.16%
2026-02-12 04:13:00,285 | INFO | Batch 10 | Loss: 0.5803 | Correct: 101/128 | Elapsed Time: 23.61s
2026-02-12 04:13:23,974 | INFO | Batch 20 | Loss: 0.7062 | Correct: 96/128 | Elapsed Time: 23.69s
2026-02-12 04:13:47,502 | INFO | Batch 30 | Loss: 0.5048 | Correct: 107/128 | Elapsed Time: 23.53s
2026-02-12 04:14:11,153 | INFO | Batch 40 | Loss: 0.4379 | Correct: 108/128 | Elapsed Time: 23.65s
2026-02-12 04:14:34,729 | INFO | Batch 50 | Loss: 0.6901 | Correct: 94/128 | Elapsed Time: 23.58s
2026-02-12 04:14:58,406 | INFO | Batch 60 | Loss: 0.5930 | Correct: 105/128 | Elapsed Time: 23.68s
2026-02-12 04:15:21,980 | INFO | Batch 70 | Loss: 0.4475 | Correct: 108/128 | Elapsed Time: 23.57s
2026-02-12 04:15:45,568 | INFO | Batch 80 | Loss: 0.5041 | Correct: 108/128 | Elapsed Time: 23.59s
2026-02-12 04:16:09,182 | INFO | Batch 90 | Loss: 0.6608 | Correct: 97/128 | Elapsed Time: 23.61s
2026-02-12 04:16:32,711 | INFO | Batch 100 | Loss: 0.5534 | Correct: 104/128 | Elapsed Time: 23.53s
2026-02-12 04:16:56,301 | INFO | Batch 110 | Loss: 0.5512 | Correct: 102/128 | Elapsed Time: 23.59s
2026-02-12 04:17:20,027 | INFO | Batch 120 | Loss: 0.5438 | Correct: 103/128 | Elapsed Time: 23.73s
2026-02-12 04:17:43,582 | INFO | Batch 130 | Loss: 0.5103 | Correct: 103/128 | Elapsed Time: 23.55s
2026-02-12 04:18:07,187 | INFO | Batch 140 | Loss: 0.5054 | Correct: 102/128 | Elapsed Time: 23.60s
2026-02-12 04:18:30,769 | INFO | Batch 150 | Loss: 0.4408 | Correct: 108/128 | Elapsed Time: 23.58s
2026-02-12 04:18:54,349 | INFO | Batch 160 | Loss: 0.6845 | Correct: 98/128 | Elapsed Time: 23.58s
2026-02-12 04:19:18,358 | INFO | Batch 170 | Loss: 0.5214 | Correct: 104/128 | Elapsed Time: 24.01s
2026-02-12 04:19:41,978 | INFO | Batch 180 | Loss: 0.4711 | Correct: 103/128 | Elapsed Time: 23.62s
2026-02-12 04:20:05,728 | INFO | Batch 190 | Loss: 0.5186 | Correct: 103/128 | Elapsed Time: 23.75s
2026-02-12 04:20:29,370 | INFO | Batch 200 | Loss: 0.4635 | Correct: 108/128 | Elapsed Time: 23.64s
2026-02-12 04:20:53,009 | INFO | Batch 210 | Loss: 0.4397 | Correct: 109/128 | Elapsed Time: 23.64s
2026-02-12 04:21:16,724 | INFO | Batch 220 | Loss: 0.6948 | Correct: 97/128 | Elapsed Time: 23.72s
2026-02-12 04:21:40,336 | INFO | Batch 230 | Loss: 0.5314 | Correct: 103/128 | Elapsed Time: 23.61s
2026-02-12 04:22:03,929 | INFO | Batch 240 | Loss: 0.5379 | Correct: 102/128 | Elapsed Time: 23.59s
2026-02-12 04:22:27,643 | INFO | Batch 250 | Loss: 0.5214 | Correct: 104/128 | Elapsed Time: 23.71s
2026-02-12 04:22:51,264 | INFO | Batch 260 | Loss: 0.4866 | Correct: 103/128 | Elapsed Time: 23.62s
2026-02-12 04:23:14,809 | INFO | Batch 270 | Loss: 0.5482 | Correct: 104/128 | Elapsed Time: 23.55s
2026-02-12 04:23:38,372 | INFO | Batch 280 | Loss: 0.5946 | Correct: 101/128 | Elapsed Time: 23.56s
2026-02-12 04:24:01,890 | INFO | Batch 290 | Loss: 0.6771 | Correct: 100/128 | Elapsed Time: 23.52s
2026-02-12 04:24:25,500 | INFO | Batch 300 | Loss: 0.4866 | Correct: 108/128 | Elapsed Time: 23.61s
2026-02-12 04:24:49,218 | INFO | Batch 310 | Loss: 0.5986 | Correct: 98/128 | Elapsed Time: 23.72s
2026-02-12 04:25:12,823 | INFO | Batch 320 | Loss: 0.5089 | Correct: 107/128 | Elapsed Time: 23.60s
2026-02-12 04:25:36,418 | INFO | Batch 330 | Loss: 0.6555 | Correct: 99/128 | Elapsed Time: 23.60s
2026-02-12 04:25:59,988 | INFO | Batch 340 | Loss: 0.4834 | Correct: 106/128 | Elapsed Time: 23.57s
2026-02-12 04:26:23,605 | INFO | Batch 350 | Loss: 0.6328 | Correct: 93/128 | Elapsed Time: 23.62s
2026-02-12 04:26:47,094 | INFO | Batch 360 | Loss: 0.5656 | Correct: 99/128 | Elapsed Time: 23.49s
2026-02-12 04:27:10,765 | INFO | Batch 370 | Loss: 0.5497 | Correct: 105/128 | Elapsed Time: 23.67s
2026-02-12 04:27:34,309 | INFO | Batch 380 | Loss: 0.4980 | Correct: 104/128 | Elapsed Time: 23.54s
2026-02-12 04:27:57,814 | INFO | Batch 390 | Loss: 0.4933 | Correct: 110/128 | Elapsed Time: 23.50s
2026-02-12 04:27:59,404 | INFO | Epoch [20/100] - Loss: 0.5336 | Correct: 40558/50000 (81.12%, 922.73s)
2026-02-12 04:29:11,265 | INFO | Validation - Loss: 0.6082 | Correct: 7929/10000 (79.29%) (71.86s)
2026-02-12 04:29:11,394 | INFO | New best model saved at epoch 20 with Top1 Acc: 79.29%
2026-02-12 04:29:35,061 | INFO | Batch 10 | Loss: 0.5930 | Correct: 103/128 | Elapsed Time: 23.67s
2026-02-12 04:29:58,674 | INFO | Batch 20 | Loss: 0.6397 | Correct: 101/128 | Elapsed Time: 23.61s
2026-02-12 04:30:22,265 | INFO | Batch 30 | Loss: 0.5343 | Correct: 105/128 | Elapsed Time: 23.59s
2026-02-12 04:30:45,886 | INFO | Batch 40 | Loss: 0.5221 | Correct: 111/128 | Elapsed Time: 23.62s
2026-02-12 04:31:09,560 | INFO | Batch 50 | Loss: 0.5482 | Correct: 111/128 | Elapsed Time: 23.67s
2026-02-12 04:31:33,242 | INFO | Batch 60 | Loss: 0.3603 | Correct: 111/128 | Elapsed Time: 23.68s
2026-02-12 04:31:56,838 | INFO | Batch 70 | Loss: 0.4821 | Correct: 107/128 | Elapsed Time: 23.60s
2026-02-12 04:32:20,461 | INFO | Batch 80 | Loss: 0.5914 | Correct: 99/128 | Elapsed Time: 23.62s
2026-02-12 04:32:44,108 | INFO | Batch 90 | Loss: 0.4795 | Correct: 104/128 | Elapsed Time: 23.65s
2026-02-12 04:33:07,808 | INFO | Batch 100 | Loss: 0.6354 | Correct: 103/128 | Elapsed Time: 23.70s
2026-02-12 04:33:31,384 | INFO | Batch 110 | Loss: 0.4081 | Correct: 113/128 | Elapsed Time: 23.58s
2026-02-12 04:33:55,014 | INFO | Batch 120 | Loss: 0.5321 | Correct: 101/128 | Elapsed Time: 23.63s
2026-02-12 04:34:18,680 | INFO | Batch 130 | Loss: 0.4037 | Correct: 109/128 | Elapsed Time: 23.67s
2026-02-12 04:34:42,264 | INFO | Batch 140 | Loss: 0.5061 | Correct: 106/128 | Elapsed Time: 23.58s
2026-02-12 04:35:05,866 | INFO | Batch 150 | Loss: 0.5534 | Correct: 107/128 | Elapsed Time: 23.60s
2026-02-12 04:35:29,587 | INFO | Batch 160 | Loss: 0.4032 | Correct: 114/128 | Elapsed Time: 23.72s
2026-02-12 04:35:53,128 | INFO | Batch 170 | Loss: 0.6440 | Correct: 98/128 | Elapsed Time: 23.54s
2026-02-12 04:36:16,714 | INFO | Batch 180 | Loss: 0.7265 | Correct: 90/128 | Elapsed Time: 23.59s
2026-02-12 04:36:40,324 | INFO | Batch 190 | Loss: 0.4886 | Correct: 105/128 | Elapsed Time: 23.61s
2026-02-12 04:37:03,907 | INFO | Batch 200 | Loss: 0.4517 | Correct: 106/128 | Elapsed Time: 23.58s
2026-02-12 04:37:27,471 | INFO | Batch 210 | Loss: 0.6716 | Correct: 98/128 | Elapsed Time: 23.56s
2026-02-12 04:37:51,139 | INFO | Batch 220 | Loss: 0.5656 | Correct: 103/128 | Elapsed Time: 23.67s
2026-02-12 04:38:14,728 | INFO | Batch 230 | Loss: 0.5214 | Correct: 107/128 | Elapsed Time: 23.59s
2026-02-12 04:38:38,308 | INFO | Batch 240 | Loss: 0.4673 | Correct: 105/128 | Elapsed Time: 23.58s
2026-02-12 04:39:02,069 | INFO | Batch 250 | Loss: 0.5278 | Correct: 104/128 | Elapsed Time: 23.76s
2026-02-12 04:39:25,956 | INFO | Batch 260 | Loss: 0.5497 | Correct: 106/128 | Elapsed Time: 23.89s
2026-02-12 04:39:49,544 | INFO | Batch 270 | Loss: 0.4444 | Correct: 110/128 | Elapsed Time: 23.59s
2026-02-12 04:40:13,198 | INFO | Batch 280 | Loss: 0.4432 | Correct: 108/128 | Elapsed Time: 23.65s
2026-02-12 04:40:36,886 | INFO | Batch 290 | Loss: 0.5075 | Correct: 103/128 | Elapsed Time: 23.69s
2026-02-12 04:41:00,444 | INFO | Batch 300 | Loss: 0.6142 | Correct: 96/128 | Elapsed Time: 23.56s
2026-02-12 04:41:24,014 | INFO | Batch 310 | Loss: 0.7138 | Correct: 95/128 | Elapsed Time: 23.57s
2026-02-12 04:41:47,546 | INFO | Batch 320 | Loss: 0.3692 | Correct: 115/128 | Elapsed Time: 23.53s
2026-02-12 04:42:11,213 | INFO | Batch 330 | Loss: 0.6118 | Correct: 104/128 | Elapsed Time: 23.67s
2026-02-12 04:42:34,728 | INFO | Batch 340 | Loss: 0.6744 | Correct: 97/128 | Elapsed Time: 23.52s
2026-02-12 04:42:58,358 | INFO | Batch 350 | Loss: 0.5054 | Correct: 108/128 | Elapsed Time: 23.63s
2026-02-12 04:43:21,955 | INFO | Batch 360 | Loss: 0.5772 | Correct: 106/128 | Elapsed Time: 23.60s
2026-02-12 04:43:45,567 | INFO | Batch 370 | Loss: 0.6209 | Correct: 103/128 | Elapsed Time: 23.61s
2026-02-12 04:44:09,218 | INFO | Batch 380 | Loss: 0.6101 | Correct: 102/128 | Elapsed Time: 23.65s
2026-02-12 04:44:32,758 | INFO | Batch 390 | Loss: 0.5014 | Correct: 102/128 | Elapsed Time: 23.54s
2026-02-12 04:44:34,355 | INFO | Epoch [21/100] - Loss: 0.5238 | Correct: 40886/50000 (81.77%, 922.96s)
2026-02-12 04:45:46,023 | INFO | Validation - Loss: 0.5739 | Correct: 8035/10000 (80.35%) (71.67s)
2026-02-12 04:45:46,295 | INFO | New best model saved at epoch 21 with Top1 Acc: 80.35%
2026-02-12 04:46:09,979 | INFO | Batch 10 | Loss: 0.4622 | Correct: 107/128 | Elapsed Time: 23.68s
2026-02-12 04:46:33,548 | INFO | Batch 20 | Loss: 0.4426 | Correct: 108/128 | Elapsed Time: 23.57s
2026-02-12 04:46:57,142 | INFO | Batch 30 | Loss: 0.5243 | Correct: 105/128 | Elapsed Time: 23.59s
2026-02-12 04:47:20,714 | INFO | Batch 40 | Loss: 0.4692 | Correct: 111/128 | Elapsed Time: 23.57s
2026-02-12 04:47:44,235 | INFO | Batch 50 | Loss: 0.5460 | Correct: 104/128 | Elapsed Time: 23.52s
2026-02-12 04:48:07,870 | INFO | Batch 60 | Loss: 0.5179 | Correct: 104/128 | Elapsed Time: 23.64s
2026-02-12 04:48:31,493 | INFO | Batch 70 | Loss: 0.5020 | Correct: 109/128 | Elapsed Time: 23.62s
2026-02-12 04:48:55,025 | INFO | Batch 80 | Loss: 0.3876 | Correct: 111/128 | Elapsed Time: 23.53s
2026-02-12 04:49:19,120 | INFO | Batch 90 | Loss: 0.5572 | Correct: 106/128 | Elapsed Time: 24.10s
2026-02-12 04:49:42,730 | INFO | Batch 100 | Loss: 0.5453 | Correct: 103/128 | Elapsed Time: 23.61s
2026-02-12 04:50:06,336 | INFO | Batch 110 | Loss: 0.4629 | Correct: 100/128 | Elapsed Time: 23.61s
2026-02-12 04:50:29,995 | INFO | Batch 120 | Loss: 0.5285 | Correct: 100/128 | Elapsed Time: 23.66s
2026-02-12 04:50:53,522 | INFO | Batch 130 | Loss: 0.5350 | Correct: 102/128 | Elapsed Time: 23.53s
2026-02-12 04:51:17,121 | INFO | Batch 140 | Loss: 0.6406 | Correct: 101/128 | Elapsed Time: 23.60s
2026-02-12 04:51:40,651 | INFO | Batch 150 | Loss: 0.4114 | Correct: 106/128 | Elapsed Time: 23.53s
2026-02-12 04:52:04,208 | INFO | Batch 160 | Loss: 0.4679 | Correct: 104/128 | Elapsed Time: 23.56s
2026-02-12 04:52:27,801 | INFO | Batch 170 | Loss: 0.5236 | Correct: 103/128 | Elapsed Time: 23.59s
2026-02-12 04:52:51,271 | INFO | Batch 180 | Loss: 0.5890 | Correct: 102/128 | Elapsed Time: 23.47s
2026-02-12 04:53:14,849 | INFO | Batch 190 | Loss: 0.5082 | Correct: 104/128 | Elapsed Time: 23.58s
2026-02-12 04:53:38,555 | INFO | Batch 200 | Loss: 0.5430 | Correct: 104/128 | Elapsed Time: 23.71s
2026-02-12 04:54:02,169 | INFO | Batch 210 | Loss: 0.5109 | Correct: 103/128 | Elapsed Time: 23.61s
2026-02-12 04:54:25,842 | INFO | Batch 220 | Loss: 0.4385 | Correct: 107/128 | Elapsed Time: 23.67s
2026-02-12 04:54:49,373 | INFO | Batch 230 | Loss: 0.4444 | Correct: 110/128 | Elapsed Time: 23.53s
2026-02-12 04:55:12,920 | INFO | Batch 240 | Loss: 0.4966 | Correct: 107/128 | Elapsed Time: 23.55s
2026-02-12 04:55:36,441 | INFO | Batch 250 | Loss: 0.5068 | Correct: 108/128 | Elapsed Time: 23.52s
2026-02-12 04:56:00,109 | INFO | Batch 260 | Loss: 0.6003 | Correct: 96/128 | Elapsed Time: 23.67s
2026-02-12 04:56:23,668 | INFO | Batch 270 | Loss: 0.5365 | Correct: 106/128 | Elapsed Time: 23.56s
2026-02-12 04:56:47,262 | INFO | Batch 280 | Loss: 0.5007 | Correct: 106/128 | Elapsed Time: 23.59s
2026-02-12 04:57:10,857 | INFO | Batch 290 | Loss: 0.5014 | Correct: 102/128 | Elapsed Time: 23.60s
2026-02-12 04:57:34,439 | INFO | Batch 300 | Loss: 0.5350 | Correct: 104/128 | Elapsed Time: 23.58s
2026-02-12 04:57:58,033 | INFO | Batch 310 | Loss: 0.5207 | Correct: 109/128 | Elapsed Time: 23.59s
2026-02-12 04:58:21,687 | INFO | Batch 320 | Loss: 0.4397 | Correct: 106/128 | Elapsed Time: 23.65s
2026-02-12 04:58:45,379 | INFO | Batch 330 | Loss: 0.5075 | Correct: 105/128 | Elapsed Time: 23.69s
2026-02-12 04:59:09,241 | INFO | Batch 340 | Loss: 0.5898 | Correct: 100/128 | Elapsed Time: 23.86s
2026-02-12 04:59:32,844 | INFO | Batch 350 | Loss: 0.5595 | Correct: 103/128 | Elapsed Time: 23.60s
2026-02-12 04:59:56,409 | INFO | Batch 360 | Loss: 0.5089 | Correct: 104/128 | Elapsed Time: 23.57s
2026-02-12 05:00:20,096 | INFO | Batch 370 | Loss: 0.5020 | Correct: 102/128 | Elapsed Time: 23.69s
2026-02-12 05:00:43,697 | INFO | Batch 380 | Loss: 0.4853 | Correct: 103/128 | Elapsed Time: 23.60s
2026-02-12 05:01:07,367 | INFO | Batch 390 | Loss: 0.3983 | Correct: 106/128 | Elapsed Time: 23.67s
2026-02-12 05:01:08,965 | INFO | Epoch [22/100] - Loss: 0.5052 | Correct: 41134/50000 (82.27%, 922.67s)
2026-02-12 05:02:20,658 | INFO | Validation - Loss: 0.5856 | Correct: 8036/10000 (80.36%) (71.69s)
2026-02-12 05:02:20,932 | INFO | New best model saved at epoch 22 with Top1 Acc: 80.36%
2026-02-12 05:02:44,558 | INFO | Batch 10 | Loss: 0.4919 | Correct: 106/128 | Elapsed Time: 23.62s
2026-02-12 05:03:08,171 | INFO | Batch 20 | Loss: 0.7014 | Correct: 96/128 | Elapsed Time: 23.61s
2026-02-12 05:03:31,746 | INFO | Batch 30 | Loss: 0.4314 | Correct: 109/128 | Elapsed Time: 23.58s
2026-02-12 05:03:55,356 | INFO | Batch 40 | Loss: 0.4239 | Correct: 108/128 | Elapsed Time: 23.61s
2026-02-12 05:04:19,028 | INFO | Batch 50 | Loss: 0.3999 | Correct: 110/128 | Elapsed Time: 23.67s
2026-02-12 05:04:42,581 | INFO | Batch 60 | Loss: 0.5186 | Correct: 103/128 | Elapsed Time: 23.55s
2026-02-12 05:05:06,179 | INFO | Batch 70 | Loss: 0.6101 | Correct: 96/128 | Elapsed Time: 23.60s
2026-02-12 05:05:29,746 | INFO | Batch 80 | Loss: 0.5497 | Correct: 105/128 | Elapsed Time: 23.57s
2026-02-12 05:05:53,322 | INFO | Batch 90 | Loss: 0.6493 | Correct: 102/128 | Elapsed Time: 23.58s
2026-02-12 05:06:16,910 | INFO | Batch 100 | Loss: 0.5250 | Correct: 104/128 | Elapsed Time: 23.59s
2026-02-12 05:06:40,572 | INFO | Batch 110 | Loss: 0.6311 | Correct: 98/128 | Elapsed Time: 23.66s
2026-02-12 05:07:04,252 | INFO | Batch 120 | Loss: 0.4059 | Correct: 107/128 | Elapsed Time: 23.68s
2026-02-12 05:07:27,847 | INFO | Batch 130 | Loss: 0.4560 | Correct: 106/128 | Elapsed Time: 23.59s
2026-02-12 05:07:51,455 | INFO | Batch 140 | Loss: 0.4853 | Correct: 103/128 | Elapsed Time: 23.61s
2026-02-12 05:08:15,034 | INFO | Batch 150 | Loss: 0.5527 | Correct: 104/128 | Elapsed Time: 23.58s
2026-02-12 05:08:38,628 | INFO | Batch 160 | Loss: 0.5321 | Correct: 102/128 | Elapsed Time: 23.59s
2026-02-12 05:09:02,351 | INFO | Batch 170 | Loss: 0.5834 | Correct: 101/128 | Elapsed Time: 23.72s
2026-02-12 05:09:26,212 | INFO | Batch 180 | Loss: 0.5898 | Correct: 104/128 | Elapsed Time: 23.86s
2026-02-12 05:09:49,801 | INFO | Batch 190 | Loss: 0.5946 | Correct: 105/128 | Elapsed Time: 23.59s
2026-02-12 05:10:13,417 | INFO | Batch 200 | Loss: 0.4493 | Correct: 107/128 | Elapsed Time: 23.62s
2026-02-12 05:10:36,984 | INFO | Batch 210 | Loss: 0.4933 | Correct: 103/128 | Elapsed Time: 23.57s
2026-02-12 05:11:00,527 | INFO | Batch 220 | Loss: 0.3850 | Correct: 109/128 | Elapsed Time: 23.54s
2026-02-12 05:11:24,163 | INFO | Batch 230 | Loss: 0.6052 | Correct: 103/128 | Elapsed Time: 23.64s
2026-02-12 05:11:47,728 | INFO | Batch 240 | Loss: 0.5610 | Correct: 109/128 | Elapsed Time: 23.57s
2026-02-12 05:12:11,289 | INFO | Batch 250 | Loss: 0.3814 | Correct: 110/128 | Elapsed Time: 23.56s
2026-02-12 05:12:34,827 | INFO | Batch 260 | Loss: 0.4076 | Correct: 111/128 | Elapsed Time: 23.54s
2026-02-12 05:12:58,430 | INFO | Batch 270 | Loss: 0.4743 | Correct: 104/128 | Elapsed Time: 23.60s
2026-02-12 05:13:22,038 | INFO | Batch 280 | Loss: 0.3242 | Correct: 115/128 | Elapsed Time: 23.61s
2026-02-12 05:13:45,625 | INFO | Batch 290 | Loss: 0.4076 | Correct: 110/128 | Elapsed Time: 23.59s
2026-02-12 05:14:09,369 | INFO | Batch 300 | Loss: 0.6726 | Correct: 96/128 | Elapsed Time: 23.74s
2026-02-12 05:14:32,991 | INFO | Batch 310 | Loss: 0.4367 | Correct: 106/128 | Elapsed Time: 23.62s
2026-02-12 05:14:56,587 | INFO | Batch 320 | Loss: 0.5123 | Correct: 106/128 | Elapsed Time: 23.60s
2026-02-12 05:15:20,318 | INFO | Batch 330 | Loss: 0.5772 | Correct: 102/128 | Elapsed Time: 23.73s
2026-02-12 05:15:43,889 | INFO | Batch 340 | Loss: 0.4585 | Correct: 109/128 | Elapsed Time: 23.57s
2026-02-12 05:16:07,544 | INFO | Batch 350 | Loss: 0.4355 | Correct: 111/128 | Elapsed Time: 23.66s
2026-02-12 05:16:31,285 | INFO | Batch 360 | Loss: 0.4827 | Correct: 113/128 | Elapsed Time: 23.74s
2026-02-12 05:16:54,830 | INFO | Batch 370 | Loss: 0.4585 | Correct: 108/128 | Elapsed Time: 23.54s
2026-02-12 05:17:18,457 | INFO | Batch 380 | Loss: 0.4847 | Correct: 104/128 | Elapsed Time: 23.63s
2026-02-12 05:17:42,040 | INFO | Batch 390 | Loss: 0.5534 | Correct: 104/128 | Elapsed Time: 23.58s
2026-02-12 05:17:43,643 | INFO | Epoch [23/100] - Loss: 0.4990 | Correct: 41231/50000 (82.46%, 922.71s)
2026-02-12 05:18:55,444 | INFO | Validation - Loss: 0.5799 | Correct: 8029/10000 (80.29%) (71.80s)
2026-02-12 05:19:19,361 | INFO | Batch 10 | Loss: 0.5007 | Correct: 110/128 | Elapsed Time: 23.91s
2026-02-12 05:19:42,961 | INFO | Batch 20 | Loss: 0.4906 | Correct: 102/128 | Elapsed Time: 23.60s
2026-02-12 05:20:06,696 | INFO | Batch 30 | Loss: 0.4361 | Correct: 112/128 | Elapsed Time: 23.74s
2026-02-12 05:20:30,281 | INFO | Batch 40 | Loss: 0.4120 | Correct: 109/128 | Elapsed Time: 23.59s
2026-02-12 05:20:53,869 | INFO | Batch 50 | Loss: 0.3840 | Correct: 110/128 | Elapsed Time: 23.59s
2026-02-12 05:21:17,465 | INFO | Batch 60 | Loss: 0.5842 | Correct: 96/128 | Elapsed Time: 23.60s
2026-02-12 05:21:41,072 | INFO | Batch 70 | Loss: 0.4487 | Correct: 110/128 | Elapsed Time: 23.61s
2026-02-12 05:22:04,647 | INFO | Batch 80 | Loss: 0.4573 | Correct: 110/128 | Elapsed Time: 23.57s
2026-02-12 05:22:28,317 | INFO | Batch 90 | Loss: 0.4536 | Correct: 107/128 | Elapsed Time: 23.67s
2026-02-12 05:22:51,914 | INFO | Batch 100 | Loss: 0.4426 | Correct: 106/128 | Elapsed Time: 23.60s
2026-02-12 05:23:15,506 | INFO | Batch 110 | Loss: 0.4250 | Correct: 110/128 | Elapsed Time: 23.59s
2026-02-12 05:23:39,099 | INFO | Batch 120 | Loss: 0.4285 | Correct: 109/128 | Elapsed Time: 23.59s
2026-02-12 05:24:02,704 | INFO | Batch 130 | Loss: 0.4834 | Correct: 100/128 | Elapsed Time: 23.60s
2026-02-12 05:24:26,267 | INFO | Batch 140 | Loss: 0.4853 | Correct: 109/128 | Elapsed Time: 23.56s
2026-02-12 05:24:49,953 | INFO | Batch 150 | Loss: 0.5314 | Correct: 106/128 | Elapsed Time: 23.69s
2026-02-12 05:25:13,569 | INFO | Batch 160 | Loss: 0.4131 | Correct: 113/128 | Elapsed Time: 23.62s
2026-02-12 05:25:37,158 | INFO | Batch 170 | Loss: 0.4847 | Correct: 99/128 | Elapsed Time: 23.59s
2026-02-12 05:26:00,710 | INFO | Batch 180 | Loss: 0.5686 | Correct: 102/128 | Elapsed Time: 23.55s
2026-02-12 05:26:24,313 | INFO | Batch 190 | Loss: 0.5401 | Correct: 104/128 | Elapsed Time: 23.60s
2026-02-12 05:26:47,858 | INFO | Batch 200 | Loss: 0.4337 | Correct: 108/128 | Elapsed Time: 23.55s
2026-02-12 05:27:11,451 | INFO | Batch 210 | Loss: 0.5795 | Correct: 100/128 | Elapsed Time: 23.59s
2026-02-12 05:27:35,140 | INFO | Batch 220 | Loss: 0.5179 | Correct: 108/128 | Elapsed Time: 23.69s
2026-02-12 05:27:58,655 | INFO | Batch 230 | Loss: 0.4698 | Correct: 104/128 | Elapsed Time: 23.51s
2026-02-12 05:28:22,283 | INFO | Batch 240 | Loss: 0.4724 | Correct: 103/128 | Elapsed Time: 23.63s
2026-02-12 05:28:45,809 | INFO | Batch 250 | Loss: 0.3598 | Correct: 114/128 | Elapsed Time: 23.53s
2026-02-12 05:29:09,734 | INFO | Batch 260 | Loss: 0.5633 | Correct: 103/128 | Elapsed Time: 23.92s
2026-02-12 05:29:33,439 | INFO | Batch 270 | Loss: 0.4834 | Correct: 106/128 | Elapsed Time: 23.71s
2026-02-12 05:29:57,161 | INFO | Batch 280 | Loss: 0.5938 | Correct: 102/128 | Elapsed Time: 23.72s
2026-02-12 05:30:20,780 | INFO | Batch 290 | Loss: 0.4469 | Correct: 105/128 | Elapsed Time: 23.62s
2026-02-12 05:30:44,312 | INFO | Batch 300 | Loss: 0.4775 | Correct: 108/128 | Elapsed Time: 23.53s
2026-02-12 05:31:07,917 | INFO | Batch 310 | Loss: 0.4487 | Correct: 108/128 | Elapsed Time: 23.60s
2026-02-12 05:31:31,484 | INFO | Batch 320 | Loss: 0.6817 | Correct: 96/128 | Elapsed Time: 23.57s
2026-02-12 05:31:55,098 | INFO | Batch 330 | Loss: 0.5564 | Correct: 99/128 | Elapsed Time: 23.61s
2026-02-12 05:32:18,793 | INFO | Batch 340 | Loss: 0.5075 | Correct: 107/128 | Elapsed Time: 23.69s
2026-02-12 05:32:42,370 | INFO | Batch 350 | Loss: 0.5890 | Correct: 102/128 | Elapsed Time: 23.58s
2026-02-12 05:33:05,938 | INFO | Batch 360 | Loss: 0.4109 | Correct: 110/128 | Elapsed Time: 23.57s
2026-02-12 05:33:29,504 | INFO | Batch 370 | Loss: 0.3598 | Correct: 110/128 | Elapsed Time: 23.57s
2026-02-12 05:33:53,053 | INFO | Batch 380 | Loss: 0.5179 | Correct: 105/128 | Elapsed Time: 23.55s
2026-02-12 05:34:16,653 | INFO | Batch 390 | Loss: 0.4847 | Correct: 109/128 | Elapsed Time: 23.60s
2026-02-12 05:34:18,241 | INFO | Epoch [24/100] - Loss: 0.4862 | Correct: 41476/50000 (82.95%, 922.80s)
2026-02-12 05:35:29,828 | INFO | Validation - Loss: 0.5608 | Correct: 8072/10000 (80.72%) (71.58s)
2026-02-12 05:35:30,104 | INFO | New best model saved at epoch 24 with Top1 Acc: 80.72%
2026-02-12 05:35:53,704 | INFO | Batch 10 | Loss: 0.4762 | Correct: 108/128 | Elapsed Time: 23.60s
2026-02-12 05:36:17,309 | INFO | Batch 20 | Loss: 0.4654 | Correct: 109/128 | Elapsed Time: 23.61s
2026-02-12 05:36:40,829 | INFO | Batch 30 | Loss: 0.4566 | Correct: 108/128 | Elapsed Time: 23.52s
2026-02-12 05:37:04,414 | INFO | Batch 40 | Loss: 0.4801 | Correct: 105/128 | Elapsed Time: 23.58s
2026-02-12 05:37:28,033 | INFO | Batch 50 | Loss: 0.4573 | Correct: 106/128 | Elapsed Time: 23.62s
2026-02-12 05:37:51,562 | INFO | Batch 60 | Loss: 0.4926 | Correct: 100/128 | Elapsed Time: 23.53s
2026-02-12 05:38:15,318 | INFO | Batch 70 | Loss: 0.3824 | Correct: 109/128 | Elapsed Time: 23.76s
2026-02-12 05:38:38,927 | INFO | Batch 80 | Loss: 0.4505 | Correct: 107/128 | Elapsed Time: 23.61s
2026-02-12 05:39:02,604 | INFO | Batch 90 | Loss: 0.5193 | Correct: 103/128 | Elapsed Time: 23.68s
2026-02-12 05:39:26,575 | INFO | Batch 100 | Loss: 0.4210 | Correct: 106/128 | Elapsed Time: 23.97s
2026-02-12 05:39:50,082 | INFO | Batch 110 | Loss: 0.5617 | Correct: 102/128 | Elapsed Time: 23.51s
2026-02-12 05:40:13,697 | INFO | Batch 120 | Loss: 0.3773 | Correct: 108/128 | Elapsed Time: 23.62s
2026-02-12 05:40:37,371 | INFO | Batch 130 | Loss: 0.5179 | Correct: 108/128 | Elapsed Time: 23.67s
2026-02-12 05:41:00,921 | INFO | Batch 140 | Loss: 0.6126 | Correct: 96/128 | Elapsed Time: 23.55s
2026-02-12 05:41:24,491 | INFO | Batch 150 | Loss: 0.3550 | Correct: 113/128 | Elapsed Time: 23.57s
2026-02-12 05:41:48,067 | INFO | Batch 160 | Loss: 0.5278 | Correct: 103/128 | Elapsed Time: 23.58s
2026-02-12 05:42:11,682 | INFO | Batch 170 | Loss: 0.4314 | Correct: 106/128 | Elapsed Time: 23.62s
2026-02-12 05:42:35,267 | INFO | Batch 180 | Loss: 0.3773 | Correct: 110/128 | Elapsed Time: 23.58s
2026-02-12 05:42:58,908 | INFO | Batch 190 | Loss: 0.5787 | Correct: 104/128 | Elapsed Time: 23.64s
2026-02-12 05:43:22,603 | INFO | Batch 200 | Loss: 0.5293 | Correct: 102/128 | Elapsed Time: 23.70s
2026-02-12 05:43:46,187 | INFO | Batch 210 | Loss: 0.4660 | Correct: 109/128 | Elapsed Time: 23.58s
2026-02-12 05:44:09,819 | INFO | Batch 220 | Loss: 0.3967 | Correct: 111/128 | Elapsed Time: 23.63s
2026-02-12 05:44:33,371 | INFO | Batch 230 | Loss: 0.4666 | Correct: 106/128 | Elapsed Time: 23.55s
2026-02-12 05:44:56,964 | INFO | Batch 240 | Loss: 0.4385 | Correct: 110/128 | Elapsed Time: 23.59s
2026-02-12 05:45:20,727 | INFO | Batch 250 | Loss: 0.7354 | Correct: 93/128 | Elapsed Time: 23.76s
2026-02-12 05:45:44,350 | INFO | Batch 260 | Loss: 0.3126 | Correct: 113/128 | Elapsed Time: 23.62s
2026-02-12 05:46:07,901 | INFO | Batch 270 | Loss: 0.6043 | Correct: 96/128 | Elapsed Time: 23.55s
2026-02-12 05:46:31,446 | INFO | Batch 280 | Loss: 0.4373 | Correct: 107/128 | Elapsed Time: 23.54s
2026-02-12 05:46:55,012 | INFO | Batch 290 | Loss: 0.4032 | Correct: 110/128 | Elapsed Time: 23.57s
2026-02-12 05:47:18,647 | INFO | Batch 300 | Loss: 0.4736 | Correct: 106/128 | Elapsed Time: 23.63s
2026-02-12 05:47:42,351 | INFO | Batch 310 | Loss: 0.4648 | Correct: 106/128 | Elapsed Time: 23.70s
2026-02-12 05:48:05,982 | INFO | Batch 320 | Loss: 0.2712 | Correct: 115/128 | Elapsed Time: 23.63s
2026-02-12 05:48:29,585 | INFO | Batch 330 | Loss: 0.4629 | Correct: 106/128 | Elapsed Time: 23.60s
2026-02-12 05:48:53,207 | INFO | Batch 340 | Loss: 0.5725 | Correct: 98/128 | Elapsed Time: 23.62s
2026-02-12 05:49:17,355 | INFO | Batch 350 | Loss: 0.5228 | Correct: 108/128 | Elapsed Time: 24.15s
2026-02-12 05:49:40,923 | INFO | Batch 360 | Loss: 0.5819 | Correct: 108/128 | Elapsed Time: 23.57s
2026-02-12 05:50:04,514 | INFO | Batch 370 | Loss: 0.4919 | Correct: 107/128 | Elapsed Time: 23.59s
2026-02-12 05:50:28,203 | INFO | Batch 380 | Loss: 0.5930 | Correct: 102/128 | Elapsed Time: 23.69s
2026-02-12 05:50:51,738 | INFO | Batch 390 | Loss: 0.3423 | Correct: 114/128 | Elapsed Time: 23.53s
2026-02-12 05:50:53,331 | INFO | Epoch [25/100] - Loss: 0.4731 | Correct: 41764/50000 (83.53%, 923.23s)
2026-02-12 05:52:04,782 | INFO | Validation - Loss: 0.5762 | Correct: 8031/10000 (80.31%) (71.45s)
2026-02-12 05:52:28,336 | INFO | Batch 10 | Loss: 0.5787 | Correct: 106/128 | Elapsed Time: 23.55s
2026-02-12 05:52:51,950 | INFO | Batch 20 | Loss: 0.3845 | Correct: 114/128 | Elapsed Time: 23.61s
2026-02-12 05:53:15,466 | INFO | Batch 30 | Loss: 0.4736 | Correct: 106/128 | Elapsed Time: 23.52s
2026-02-12 05:53:39,158 | INFO | Batch 40 | Loss: 0.5365 | Correct: 104/128 | Elapsed Time: 23.69s
2026-02-12 05:54:02,741 | INFO | Batch 50 | Loss: 0.4361 | Correct: 112/128 | Elapsed Time: 23.58s
2026-02-12 05:54:26,339 | INFO | Batch 60 | Loss: 0.4114 | Correct: 107/128 | Elapsed Time: 23.60s
2026-02-12 05:54:49,836 | INFO | Batch 70 | Loss: 0.6118 | Correct: 101/128 | Elapsed Time: 23.50s
2026-02-12 05:55:13,409 | INFO | Batch 80 | Loss: 0.4597 | Correct: 103/128 | Elapsed Time: 23.57s
2026-02-12 05:55:37,001 | INFO | Batch 90 | Loss: 0.3309 | Correct: 115/128 | Elapsed Time: 23.59s
2026-02-12 05:56:00,622 | INFO | Batch 100 | Loss: 0.4548 | Correct: 109/128 | Elapsed Time: 23.62s
2026-02-12 05:56:24,142 | INFO | Batch 110 | Loss: 0.4756 | Correct: 110/128 | Elapsed Time: 23.52s
2026-02-12 05:56:47,636 | INFO | Batch 120 | Loss: 0.5027 | Correct: 110/128 | Elapsed Time: 23.49s
2026-02-12 05:57:11,257 | INFO | Batch 130 | Loss: 0.5882 | Correct: 101/128 | Elapsed Time: 23.62s
2026-02-12 05:57:34,792 | INFO | Batch 140 | Loss: 0.4629 | Correct: 108/128 | Elapsed Time: 23.54s
2026-02-12 05:57:58,356 | INFO | Batch 150 | Loss: 0.3291 | Correct: 112/128 | Elapsed Time: 23.56s
2026-02-12 05:58:21,967 | INFO | Batch 160 | Loss: 0.4808 | Correct: 107/128 | Elapsed Time: 23.61s
2026-02-12 05:58:45,654 | INFO | Batch 170 | Loss: 0.5512 | Correct: 103/128 | Elapsed Time: 23.69s
2026-02-12 05:59:09,660 | INFO | Batch 180 | Loss: 0.3742 | Correct: 111/128 | Elapsed Time: 24.01s
2026-02-12 05:59:33,270 | INFO | Batch 190 | Loss: 0.3030 | Correct: 118/128 | Elapsed Time: 23.61s
2026-02-12 05:59:56,838 | INFO | Batch 200 | Loss: 0.5027 | Correct: 110/128 | Elapsed Time: 23.57s
2026-02-12 06:00:20,529 | INFO | Batch 210 | Loss: 0.4268 | Correct: 109/128 | Elapsed Time: 23.69s
2026-02-12 06:00:44,039 | INFO | Batch 220 | Loss: 0.3722 | Correct: 106/128 | Elapsed Time: 23.51s
2026-02-12 06:01:07,737 | INFO | Batch 230 | Loss: 0.4170 | Correct: 111/128 | Elapsed Time: 23.70s
2026-02-12 06:01:31,309 | INFO | Batch 240 | Loss: 0.4065 | Correct: 110/128 | Elapsed Time: 23.57s
2026-02-12 06:01:54,797 | INFO | Batch 250 | Loss: 0.4679 | Correct: 103/128 | Elapsed Time: 23.49s
2026-02-12 06:02:18,399 | INFO | Batch 260 | Loss: 0.4216 | Correct: 102/128 | Elapsed Time: 23.60s
2026-02-12 06:02:42,004 | INFO | Batch 270 | Loss: 0.4379 | Correct: 108/128 | Elapsed Time: 23.61s
2026-02-12 06:03:05,604 | INFO | Batch 280 | Loss: 0.4597 | Correct: 105/128 | Elapsed Time: 23.60s
2026-02-12 06:03:29,346 | INFO | Batch 290 | Loss: 0.5137 | Correct: 101/128 | Elapsed Time: 23.74s
2026-02-12 06:03:52,886 | INFO | Batch 300 | Loss: 0.4993 | Correct: 103/128 | Elapsed Time: 23.54s
2026-02-12 06:04:16,455 | INFO | Batch 310 | Loss: 0.5314 | Correct: 109/128 | Elapsed Time: 23.57s
2026-02-12 06:04:40,089 | INFO | Batch 320 | Loss: 0.5034 | Correct: 106/128 | Elapsed Time: 23.63s
2026-02-12 06:05:03,686 | INFO | Batch 330 | Loss: 0.3105 | Correct: 115/128 | Elapsed Time: 23.60s
2026-02-12 06:05:27,281 | INFO | Batch 340 | Loss: 0.2851 | Correct: 118/128 | Elapsed Time: 23.59s
2026-02-12 06:05:50,980 | INFO | Batch 350 | Loss: 0.5475 | Correct: 103/128 | Elapsed Time: 23.70s
2026-02-12 06:06:14,556 | INFO | Batch 360 | Loss: 0.5401 | Correct: 103/128 | Elapsed Time: 23.58s
2026-02-12 06:06:38,111 | INFO | Batch 370 | Loss: 0.6277 | Correct: 100/128 | Elapsed Time: 23.56s
2026-02-12 06:07:01,649 | INFO | Batch 380 | Loss: 0.4893 | Correct: 104/128 | Elapsed Time: 23.54s
2026-02-12 06:07:25,316 | INFO | Batch 390 | Loss: 0.4463 | Correct: 107/128 | Elapsed Time: 23.67s
2026-02-12 06:07:26,919 | INFO | Epoch [26/100] - Loss: 0.4662 | Correct: 41793/50000 (83.59%, 922.14s)
2026-02-12 06:08:38,701 | INFO | Validation - Loss: 0.5787 | Correct: 8080/10000 (80.80%) (71.78s)
2026-02-12 06:08:38,924 | INFO | New best model saved at epoch 26 with Top1 Acc: 80.80%
2026-02-12 06:09:02,569 | INFO | Batch 10 | Loss: 0.5504 | Correct: 106/128 | Elapsed Time: 23.64s
2026-02-12 06:09:26,721 | INFO | Batch 20 | Loss: 0.4457 | Correct: 107/128 | Elapsed Time: 24.15s
2026-02-12 06:09:50,292 | INFO | Batch 30 | Loss: 0.4679 | Correct: 107/128 | Elapsed Time: 23.57s
2026-02-12 06:10:13,865 | INFO | Batch 40 | Loss: 0.3168 | Correct: 117/128 | Elapsed Time: 23.57s
2026-02-12 06:10:37,444 | INFO | Batch 50 | Loss: 0.3850 | Correct: 110/128 | Elapsed Time: 23.58s
2026-02-12 06:11:00,939 | INFO | Batch 60 | Loss: 0.4554 | Correct: 108/128 | Elapsed Time: 23.49s
2026-02-12 06:11:24,532 | INFO | Batch 70 | Loss: 0.4827 | Correct: 105/128 | Elapsed Time: 23.59s
2026-02-12 06:11:48,189 | INFO | Batch 80 | Loss: 0.4373 | Correct: 107/128 | Elapsed Time: 23.66s
2026-02-12 06:12:11,788 | INFO | Batch 90 | Loss: 0.3697 | Correct: 112/128 | Elapsed Time: 23.60s
2026-02-12 06:12:35,359 | INFO | Batch 100 | Loss: 0.4268 | Correct: 107/128 | Elapsed Time: 23.57s
2026-02-12 06:12:58,904 | INFO | Batch 110 | Loss: 0.4367 | Correct: 108/128 | Elapsed Time: 23.54s
2026-02-12 06:13:22,433 | INFO | Batch 120 | Loss: 0.4939 | Correct: 109/128 | Elapsed Time: 23.53s
2026-02-12 06:13:45,924 | INFO | Batch 130 | Loss: 0.5236 | Correct: 106/128 | Elapsed Time: 23.49s
2026-02-12 06:14:09,683 | INFO | Batch 140 | Loss: 0.4986 | Correct: 102/128 | Elapsed Time: 23.76s
2026-02-12 06:14:33,255 | INFO | Batch 150 | Loss: 0.5438 | Correct: 101/128 | Elapsed Time: 23.57s
2026-02-12 06:14:56,854 | INFO | Batch 160 | Loss: 0.3809 | Correct: 111/128 | Elapsed Time: 23.60s
2026-02-12 06:15:20,475 | INFO | Batch 170 | Loss: 0.4736 | Correct: 108/128 | Elapsed Time: 23.62s
2026-02-12 06:15:44,000 | INFO | Batch 180 | Loss: 0.5430 | Correct: 107/128 | Elapsed Time: 23.52s
2026-02-12 06:16:07,568 | INFO | Batch 190 | Loss: 0.4463 | Correct: 108/128 | Elapsed Time: 23.57s
2026-02-12 06:16:31,151 | INFO | Batch 200 | Loss: 0.4165 | Correct: 104/128 | Elapsed Time: 23.58s
2026-02-12 06:16:54,778 | INFO | Batch 210 | Loss: 0.5054 | Correct: 105/128 | Elapsed Time: 23.63s
2026-02-12 06:17:18,410 | INFO | Batch 220 | Loss: 0.5764 | Correct: 101/128 | Elapsed Time: 23.63s
2026-02-12 06:17:41,964 | INFO | Batch 230 | Loss: 0.4966 | Correct: 111/128 | Elapsed Time: 23.55s
2026-02-12 06:18:05,535 | INFO | Batch 240 | Loss: 0.4032 | Correct: 111/128 | Elapsed Time: 23.57s
2026-02-12 06:18:29,130 | INFO | Batch 250 | Loss: 0.4015 | Correct: 111/128 | Elapsed Time: 23.60s
2026-02-12 06:18:52,710 | INFO | Batch 260 | Loss: 0.4821 | Correct: 110/128 | Elapsed Time: 23.58s
2026-02-12 06:19:16,891 | INFO | Batch 270 | Loss: 0.3999 | Correct: 111/128 | Elapsed Time: 24.18s
2026-02-12 06:19:40,450 | INFO | Batch 280 | Loss: 0.4216 | Correct: 110/128 | Elapsed Time: 23.56s
2026-02-12 06:20:04,032 | INFO | Batch 290 | Loss: 0.4092 | Correct: 108/128 | Elapsed Time: 23.58s
2026-02-12 06:20:27,605 | INFO | Batch 300 | Loss: 0.3677 | Correct: 113/128 | Elapsed Time: 23.57s
2026-02-12 06:20:51,213 | INFO | Batch 310 | Loss: 0.4782 | Correct: 106/128 | Elapsed Time: 23.61s
2026-02-12 06:21:14,753 | INFO | Batch 320 | Loss: 0.4291 | Correct: 109/128 | Elapsed Time: 23.54s
2026-02-12 06:21:38,445 | INFO | Batch 330 | Loss: 0.5579 | Correct: 101/128 | Elapsed Time: 23.69s
2026-02-12 06:22:01,946 | INFO | Batch 340 | Loss: 0.4591 | Correct: 102/128 | Elapsed Time: 23.50s
2026-02-12 06:22:25,563 | INFO | Batch 350 | Loss: 0.3783 | Correct: 109/128 | Elapsed Time: 23.62s
2026-02-12 06:22:49,230 | INFO | Batch 360 | Loss: 0.5165 | Correct: 99/128 | Elapsed Time: 23.67s
2026-02-12 06:23:12,832 | INFO | Batch 370 | Loss: 0.4853 | Correct: 106/128 | Elapsed Time: 23.60s
2026-02-12 06:23:36,414 | INFO | Batch 380 | Loss: 0.4032 | Correct: 110/128 | Elapsed Time: 23.58s
2026-02-12 06:24:00,118 | INFO | Batch 390 | Loss: 0.4233 | Correct: 105/128 | Elapsed Time: 23.70s
2026-02-12 06:24:01,703 | INFO | Epoch [27/100] - Loss: 0.4509 | Correct: 42037/50000 (84.07%, 922.78s)
2026-02-12 06:25:13,705 | INFO | Validation - Loss: 0.7474 | Correct: 7566/10000 (75.66%) (72.00s)
2026-02-12 06:25:37,342 | INFO | Batch 10 | Loss: 0.4233 | Correct: 111/128 | Elapsed Time: 23.64s
2026-02-12 06:26:00,905 | INFO | Batch 20 | Loss: 0.4960 | Correct: 103/128 | Elapsed Time: 23.56s
2026-02-12 06:26:24,642 | INFO | Batch 30 | Loss: 0.5787 | Correct: 102/128 | Elapsed Time: 23.74s
2026-02-12 06:26:48,178 | INFO | Batch 40 | Loss: 0.4308 | Correct: 109/128 | Elapsed Time: 23.54s
2026-02-12 06:27:11,869 | INFO | Batch 50 | Loss: 0.4126 | Correct: 109/128 | Elapsed Time: 23.69s
2026-02-12 06:27:35,578 | INFO | Batch 60 | Loss: 0.5264 | Correct: 105/128 | Elapsed Time: 23.71s
2026-02-12 06:27:59,117 | INFO | Batch 70 | Loss: 0.3887 | Correct: 114/128 | Elapsed Time: 23.54s
2026-02-12 06:28:22,708 | INFO | Batch 80 | Loss: 0.4704 | Correct: 108/128 | Elapsed Time: 23.59s
2026-02-12 06:28:46,312 | INFO | Batch 90 | Loss: 0.5497 | Correct: 102/128 | Elapsed Time: 23.60s
2026-02-12 06:29:10,384 | INFO | Batch 100 | Loss: 0.4126 | Correct: 113/128 | Elapsed Time: 24.07s
2026-02-12 06:29:33,965 | INFO | Batch 110 | Loss: 0.5109 | Correct: 104/128 | Elapsed Time: 23.58s
2026-02-12 06:29:57,641 | INFO | Batch 120 | Loss: 0.3464 | Correct: 110/128 | Elapsed Time: 23.68s
2026-02-12 06:30:21,254 | INFO | Batch 130 | Loss: 0.4814 | Correct: 105/128 | Elapsed Time: 23.61s
2026-02-12 06:30:44,823 | INFO | Batch 140 | Loss: 0.3804 | Correct: 113/128 | Elapsed Time: 23.57s
2026-02-12 06:31:08,424 | INFO | Batch 150 | Loss: 0.5475 | Correct: 106/128 | Elapsed Time: 23.60s
2026-02-12 06:31:32,051 | INFO | Batch 160 | Loss: 0.3372 | Correct: 113/128 | Elapsed Time: 23.63s
2026-02-12 06:31:55,586 | INFO | Batch 170 | Loss: 0.3050 | Correct: 117/128 | Elapsed Time: 23.54s
2026-02-12 06:32:19,278 | INFO | Batch 180 | Loss: 0.4993 | Correct: 108/128 | Elapsed Time: 23.69s
2026-02-12 06:32:42,864 | INFO | Batch 190 | Loss: 0.4450 | Correct: 111/128 | Elapsed Time: 23.59s
2026-02-12 06:33:06,421 | INFO | Batch 200 | Loss: 0.4457 | Correct: 108/128 | Elapsed Time: 23.56s
2026-02-12 06:33:30,060 | INFO | Batch 210 | Loss: 0.4860 | Correct: 102/128 | Elapsed Time: 23.64s
2026-02-12 06:33:53,707 | INFO | Batch 220 | Loss: 0.3913 | Correct: 113/128 | Elapsed Time: 23.65s
2026-02-12 06:34:17,338 | INFO | Batch 230 | Loss: 0.3840 | Correct: 110/128 | Elapsed Time: 23.63s
2026-02-12 06:34:40,975 | INFO | Batch 240 | Loss: 0.3521 | Correct: 108/128 | Elapsed Time: 23.64s
2026-02-12 06:35:04,507 | INFO | Batch 250 | Loss: 0.3903 | Correct: 113/128 | Elapsed Time: 23.53s
2026-02-12 06:35:28,119 | INFO | Batch 260 | Loss: 0.4426 | Correct: 109/128 | Elapsed Time: 23.61s
2026-02-12 06:35:51,714 | INFO | Batch 270 | Loss: 0.5048 | Correct: 107/128 | Elapsed Time: 23.60s
2026-02-12 06:36:15,349 | INFO | Batch 280 | Loss: 0.4654 | Correct: 106/128 | Elapsed Time: 23.63s
2026-02-12 06:36:38,889 | INFO | Batch 290 | Loss: 0.4808 | Correct: 107/128 | Elapsed Time: 23.54s
2026-02-12 06:37:02,655 | INFO | Batch 300 | Loss: 0.4114 | Correct: 110/128 | Elapsed Time: 23.77s
2026-02-12 06:37:26,334 | INFO | Batch 310 | Loss: 0.3732 | Correct: 114/128 | Elapsed Time: 23.68s
2026-02-12 06:37:49,889 | INFO | Batch 320 | Loss: 0.4137 | Correct: 106/128 | Elapsed Time: 23.55s
2026-02-12 06:38:13,437 | INFO | Batch 330 | Loss: 0.4573 | Correct: 106/128 | Elapsed Time: 23.55s
2026-02-12 06:38:37,000 | INFO | Batch 340 | Loss: 0.4308 | Correct: 107/128 | Elapsed Time: 23.56s
2026-02-12 06:39:00,499 | INFO | Batch 350 | Loss: 0.3550 | Correct: 112/128 | Elapsed Time: 23.50s
2026-02-12 06:39:24,243 | INFO | Batch 360 | Loss: 0.4814 | Correct: 104/128 | Elapsed Time: 23.74s
2026-02-12 06:39:47,965 | INFO | Batch 370 | Loss: 0.4391 | Correct: 108/128 | Elapsed Time: 23.72s
2026-02-12 06:40:11,562 | INFO | Batch 380 | Loss: 0.4391 | Correct: 105/128 | Elapsed Time: 23.60s
2026-02-12 06:40:35,076 | INFO | Batch 390 | Loss: 0.4604 | Correct: 104/128 | Elapsed Time: 23.51s
2026-02-12 06:40:36,664 | INFO | Epoch [28/100] - Loss: 0.4453 | Correct: 42231/50000 (84.46%, 922.96s)
2026-02-12 06:41:48,330 | INFO | Validation - Loss: 0.5978 | Correct: 8036/10000 (80.36%) (71.66s)
2026-02-12 06:42:11,988 | INFO | Batch 10 | Loss: 0.4273 | Correct: 109/128 | Elapsed Time: 23.65s
2026-02-12 06:42:35,537 | INFO | Batch 20 | Loss: 0.4698 | Correct: 108/128 | Elapsed Time: 23.55s
2026-02-12 06:42:59,095 | INFO | Batch 30 | Loss: 0.6337 | Correct: 103/128 | Elapsed Time: 23.56s
2026-02-12 06:43:22,766 | INFO | Batch 40 | Loss: 0.3628 | Correct: 111/128 | Elapsed Time: 23.67s
2026-02-12 06:43:46,326 | INFO | Batch 50 | Loss: 0.3331 | Correct: 109/128 | Elapsed Time: 23.56s
2026-02-12 06:44:09,923 | INFO | Batch 60 | Loss: 0.4591 | Correct: 114/128 | Elapsed Time: 23.60s
2026-02-12 06:44:33,459 | INFO | Batch 70 | Loss: 0.5000 | Correct: 112/128 | Elapsed Time: 23.54s
2026-02-12 06:44:56,994 | INFO | Batch 80 | Loss: 0.4821 | Correct: 107/128 | Elapsed Time: 23.54s
2026-02-12 06:45:20,647 | INFO | Batch 90 | Loss: 0.3882 | Correct: 112/128 | Elapsed Time: 23.65s
2026-02-12 06:45:44,317 | INFO | Batch 100 | Loss: 0.4154 | Correct: 112/128 | Elapsed Time: 23.67s
2026-02-12 06:46:07,973 | INFO | Batch 110 | Loss: 0.3892 | Correct: 106/128 | Elapsed Time: 23.66s
2026-02-12 06:46:31,541 | INFO | Batch 120 | Loss: 0.3255 | Correct: 112/128 | Elapsed Time: 23.57s
2026-02-12 06:46:55,114 | INFO | Batch 130 | Loss: 0.3977 | Correct: 108/128 | Elapsed Time: 23.57s
2026-02-12 06:47:18,721 | INFO | Batch 140 | Loss: 0.4542 | Correct: 108/128 | Elapsed Time: 23.61s
2026-02-12 06:47:42,277 | INFO | Batch 150 | Loss: 0.3063 | Correct: 118/128 | Elapsed Time: 23.56s
2026-02-12 06:48:05,984 | INFO | Batch 160 | Loss: 0.3677 | Correct: 108/128 | Elapsed Time: 23.71s
2026-02-12 06:48:29,580 | INFO | Batch 170 | Loss: 0.4622 | Correct: 106/128 | Elapsed Time: 23.60s
2026-02-12 06:48:53,092 | INFO | Batch 180 | Loss: 0.5307 | Correct: 103/128 | Elapsed Time: 23.51s
2026-02-12 06:49:17,330 | INFO | Batch 190 | Loss: 0.4408 | Correct: 106/128 | Elapsed Time: 24.24s
2026-02-12 06:49:40,982 | INFO | Batch 200 | Loss: 0.3399 | Correct: 113/128 | Elapsed Time: 23.65s
2026-02-12 06:50:04,773 | INFO | Batch 210 | Loss: 0.4554 | Correct: 109/128 | Elapsed Time: 23.79s
2026-02-12 06:50:28,469 | INFO | Batch 220 | Loss: 0.5663 | Correct: 103/128 | Elapsed Time: 23.70s
2026-02-12 06:50:52,122 | INFO | Batch 230 | Loss: 0.4361 | Correct: 108/128 | Elapsed Time: 23.65s
2026-02-12 06:51:15,798 | INFO | Batch 240 | Loss: 0.3999 | Correct: 108/128 | Elapsed Time: 23.68s
2026-02-12 06:51:39,469 | INFO | Batch 250 | Loss: 0.3747 | Correct: 109/128 | Elapsed Time: 23.67s
2026-02-12 06:52:03,059 | INFO | Batch 260 | Loss: 0.4279 | Correct: 107/128 | Elapsed Time: 23.59s
2026-02-12 06:52:26,645 | INFO | Batch 270 | Loss: 0.3940 | Correct: 107/128 | Elapsed Time: 23.59s
2026-02-12 06:52:50,276 | INFO | Batch 280 | Loss: 0.4216 | Correct: 109/128 | Elapsed Time: 23.63s
2026-02-12 06:53:13,919 | INFO | Batch 290 | Loss: 0.5717 | Correct: 104/128 | Elapsed Time: 23.64s
2026-02-12 06:53:37,523 | INFO | Batch 300 | Loss: 0.3088 | Correct: 113/128 | Elapsed Time: 23.60s
2026-02-12 06:54:01,118 | INFO | Batch 310 | Loss: 0.5946 | Correct: 108/128 | Elapsed Time: 23.59s
2026-02-12 06:54:24,802 | INFO | Batch 320 | Loss: 0.4204 | Correct: 104/128 | Elapsed Time: 23.68s
2026-02-12 06:54:48,464 | INFO | Batch 330 | Loss: 0.4187 | Correct: 110/128 | Elapsed Time: 23.66s
2026-02-12 06:55:12,153 | INFO | Batch 340 | Loss: 0.4548 | Correct: 110/128 | Elapsed Time: 23.69s
2026-02-12 06:55:35,855 | INFO | Batch 350 | Loss: 0.4159 | Correct: 112/128 | Elapsed Time: 23.70s
2026-02-12 06:55:59,493 | INFO | Batch 360 | Loss: 0.4159 | Correct: 107/128 | Elapsed Time: 23.64s
2026-02-12 06:56:23,214 | INFO | Batch 370 | Loss: 0.4262 | Correct: 108/128 | Elapsed Time: 23.72s
2026-02-12 06:56:46,880 | INFO | Batch 380 | Loss: 0.4795 | Correct: 108/128 | Elapsed Time: 23.67s
2026-02-12 06:57:10,502 | INFO | Batch 390 | Loss: 0.5054 | Correct: 102/128 | Elapsed Time: 23.62s
2026-02-12 06:57:12,114 | INFO | Epoch [29/100] - Loss: 0.4395 | Correct: 42288/50000 (84.58%, 923.78s)
2026-02-12 06:58:23,929 | INFO | Validation - Loss: 0.5621 | Correct: 8113/10000 (81.13%) (71.81s)
2026-02-12 06:58:24,240 | INFO | New best model saved at epoch 29 with Top1 Acc: 81.13%
2026-02-12 06:58:48,062 | INFO | Batch 10 | Loss: 0.3229 | Correct: 112/128 | Elapsed Time: 23.82s
2026-02-12 06:59:12,094 | INFO | Batch 20 | Loss: 0.3747 | Correct: 105/128 | Elapsed Time: 24.03s
2026-02-12 06:59:35,721 | INFO | Batch 30 | Loss: 0.4239 | Correct: 106/128 | Elapsed Time: 23.63s
2026-02-12 06:59:59,466 | INFO | Batch 40 | Loss: 0.5617 | Correct: 104/128 | Elapsed Time: 23.75s
2026-02-12 07:00:23,207 | INFO | Batch 50 | Loss: 0.5061 | Correct: 103/128 | Elapsed Time: 23.74s
2026-02-12 07:00:46,904 | INFO | Batch 60 | Loss: 0.3856 | Correct: 112/128 | Elapsed Time: 23.70s
2026-02-12 07:01:10,626 | INFO | Batch 70 | Loss: 0.3737 | Correct: 110/128 | Elapsed Time: 23.72s
2026-02-12 07:01:34,433 | INFO | Batch 80 | Loss: 0.3687 | Correct: 112/128 | Elapsed Time: 23.81s
2026-02-12 07:01:58,127 | INFO | Batch 90 | Loss: 0.3436 | Correct: 116/128 | Elapsed Time: 23.69s
2026-02-12 07:02:21,827 | INFO | Batch 100 | Loss: 0.4250 | Correct: 109/128 | Elapsed Time: 23.70s
2026-02-12 07:02:45,478 | INFO | Batch 110 | Loss: 0.3799 | Correct: 112/128 | Elapsed Time: 23.65s
2026-02-12 07:03:09,194 | INFO | Batch 120 | Loss: 0.3507 | Correct: 114/128 | Elapsed Time: 23.72s
2026-02-12 07:03:32,863 | INFO | Batch 130 | Loss: 0.5285 | Correct: 107/128 | Elapsed Time: 23.67s
2026-02-12 07:03:56,664 | INFO | Batch 140 | Loss: 0.3589 | Correct: 115/128 | Elapsed Time: 23.80s
2026-02-12 07:04:20,355 | INFO | Batch 150 | Loss: 0.4273 | Correct: 112/128 | Elapsed Time: 23.69s
2026-02-12 07:04:44,058 | INFO | Batch 160 | Loss: 0.3479 | Correct: 112/128 | Elapsed Time: 23.70s
2026-02-12 07:05:07,792 | INFO | Batch 170 | Loss: 0.5504 | Correct: 107/128 | Elapsed Time: 23.73s
2026-02-12 07:05:31,483 | INFO | Batch 180 | Loss: 0.3804 | Correct: 110/128 | Elapsed Time: 23.69s
2026-02-12 07:05:55,218 | INFO | Batch 190 | Loss: 0.6192 | Correct: 101/128 | Elapsed Time: 23.74s
2026-02-12 07:06:19,070 | INFO | Batch 200 | Loss: 0.4349 | Correct: 106/128 | Elapsed Time: 23.85s
2026-02-12 07:06:42,764 | INFO | Batch 210 | Loss: 0.5000 | Correct: 108/128 | Elapsed Time: 23.69s
2026-02-12 07:07:06,478 | INFO | Batch 220 | Loss: 0.4775 | Correct: 110/128 | Elapsed Time: 23.71s
2026-02-12 07:07:30,162 | INFO | Batch 230 | Loss: 0.4946 | Correct: 108/128 | Elapsed Time: 23.68s
2026-02-12 07:07:53,861 | INFO | Batch 240 | Loss: 0.4913 | Correct: 104/128 | Elapsed Time: 23.70s
2026-02-12 07:08:17,576 | INFO | Batch 250 | Loss: 0.5733 | Correct: 103/128 | Elapsed Time: 23.71s
2026-02-12 07:08:41,382 | INFO | Batch 260 | Loss: 0.3260 | Correct: 114/128 | Elapsed Time: 23.81s
2026-02-12 07:09:05,386 | INFO | Batch 270 | Loss: 0.3186 | Correct: 114/128 | Elapsed Time: 24.00s
2026-02-12 07:09:29,156 | INFO | Batch 280 | Loss: 0.4438 | Correct: 111/128 | Elapsed Time: 23.77s
2026-02-12 07:09:52,871 | INFO | Batch 290 | Loss: 0.4604 | Correct: 109/128 | Elapsed Time: 23.72s
2026-02-12 07:10:16,511 | INFO | Batch 300 | Loss: 0.4616 | Correct: 106/128 | Elapsed Time: 23.64s
2026-02-12 07:10:40,177 | INFO | Batch 310 | Loss: 0.5165 | Correct: 108/128 | Elapsed Time: 23.67s
2026-02-12 07:11:04,001 | INFO | Batch 320 | Loss: 0.5519 | Correct: 101/128 | Elapsed Time: 23.82s
2026-02-12 07:11:27,669 | INFO | Batch 330 | Loss: 0.2965 | Correct: 112/128 | Elapsed Time: 23.67s
2026-02-12 07:11:51,322 | INFO | Batch 340 | Loss: 0.3404 | Correct: 114/128 | Elapsed Time: 23.65s
2026-02-12 07:12:15,033 | INFO | Batch 350 | Loss: 0.3413 | Correct: 118/128 | Elapsed Time: 23.71s
2026-02-12 07:12:38,673 | INFO | Batch 360 | Loss: 0.3584 | Correct: 113/128 | Elapsed Time: 23.64s
2026-02-12 07:13:02,354 | INFO | Batch 370 | Loss: 0.5221 | Correct: 105/128 | Elapsed Time: 23.68s
2026-02-12 07:13:26,097 | INFO | Batch 380 | Loss: 0.4114 | Correct: 110/128 | Elapsed Time: 23.74s
2026-02-12 07:13:49,917 | INFO | Batch 390 | Loss: 0.4285 | Correct: 109/128 | Elapsed Time: 23.82s
2026-02-12 07:13:51,517 | INFO | Epoch [30/100] - Loss: 0.4315 | Correct: 42381/50000 (84.76%, 927.28s)
2026-02-12 07:15:03,350 | INFO | Validation - Loss: 0.5693 | Correct: 8139/10000 (81.39%) (71.83s)
2026-02-12 07:15:03,632 | INFO | New best model saved at epoch 30 with Top1 Acc: 81.39%
2026-02-12 07:15:27,411 | INFO | Batch 10 | Loss: 0.3999 | Correct: 108/128 | Elapsed Time: 23.78s
2026-02-12 07:15:51,123 | INFO | Batch 20 | Loss: 0.4966 | Correct: 105/128 | Elapsed Time: 23.71s
2026-02-12 07:16:14,797 | INFO | Batch 30 | Loss: 0.2679 | Correct: 120/128 | Elapsed Time: 23.67s
2026-02-12 07:16:38,402 | INFO | Batch 40 | Loss: 0.2824 | Correct: 114/128 | Elapsed Time: 23.60s
2026-02-12 07:17:02,091 | INFO | Batch 50 | Loss: 0.4499 | Correct: 110/128 | Elapsed Time: 23.69s
2026-02-12 07:17:25,743 | INFO | Batch 60 | Loss: 0.3835 | Correct: 109/128 | Elapsed Time: 23.65s
2026-02-12 07:17:49,322 | INFO | Batch 70 | Loss: 0.4210 | Correct: 108/128 | Elapsed Time: 23.58s
2026-02-12 07:18:12,905 | INFO | Batch 80 | Loss: 0.3584 | Correct: 107/128 | Elapsed Time: 23.58s
2026-02-12 07:18:36,454 | INFO | Batch 90 | Loss: 0.3134 | Correct: 115/128 | Elapsed Time: 23.55s
2026-02-12 07:19:00,083 | INFO | Batch 100 | Loss: 0.4499 | Correct: 105/128 | Elapsed Time: 23.63s
2026-02-12 07:19:24,240 | INFO | Batch 110 | Loss: 0.5089 | Correct: 102/128 | Elapsed Time: 24.16s
2026-02-12 07:19:47,935 | INFO | Batch 120 | Loss: 0.5300 | Correct: 107/128 | Elapsed Time: 23.70s
2026-02-12 07:20:11,690 | INFO | Batch 130 | Loss: 0.4749 | Correct: 108/128 | Elapsed Time: 23.75s
2026-02-12 07:20:35,410 | INFO | Batch 140 | Loss: 0.4245 | Correct: 110/128 | Elapsed Time: 23.72s
2026-02-12 07:20:59,016 | INFO | Batch 150 | Loss: 0.6076 | Correct: 104/128 | Elapsed Time: 23.61s
2026-02-12 07:21:22,700 | INFO | Batch 160 | Loss: 0.5610 | Correct: 103/128 | Elapsed Time: 23.68s
2026-02-12 07:21:46,463 | INFO | Batch 170 | Loss: 0.3778 | Correct: 114/128 | Elapsed Time: 23.76s
2026-02-12 07:22:10,297 | INFO | Batch 180 | Loss: 0.3830 | Correct: 110/128 | Elapsed Time: 23.83s
2026-02-12 07:22:34,025 | INFO | Batch 190 | Loss: 0.4788 | Correct: 110/128 | Elapsed Time: 23.73s
2026-02-12 07:22:57,815 | INFO | Batch 200 | Loss: 0.4326 | Correct: 108/128 | Elapsed Time: 23.79s
2026-02-12 07:23:21,588 | INFO | Batch 210 | Loss: 0.4021 | Correct: 107/128 | Elapsed Time: 23.77s
2026-02-12 07:23:45,190 | INFO | Batch 220 | Loss: 0.3030 | Correct: 115/128 | Elapsed Time: 23.60s
2026-02-12 07:24:08,922 | INFO | Batch 230 | Loss: 0.3130 | Correct: 116/128 | Elapsed Time: 23.73s
2026-02-12 07:24:32,653 | INFO | Batch 240 | Loss: 0.6035 | Correct: 105/128 | Elapsed Time: 23.73s
2026-02-12 07:24:56,263 | INFO | Batch 250 | Loss: 0.5172 | Correct: 106/128 | Elapsed Time: 23.61s
2026-02-12 07:25:19,957 | INFO | Batch 260 | Loss: 0.4367 | Correct: 106/128 | Elapsed Time: 23.69s
2026-02-12 07:25:43,623 | INFO | Batch 270 | Loss: 0.4840 | Correct: 106/128 | Elapsed Time: 23.67s
2026-02-12 07:26:07,274 | INFO | Batch 280 | Loss: 0.5379 | Correct: 103/128 | Elapsed Time: 23.65s
2026-02-12 07:26:30,956 | INFO | Batch 290 | Loss: 0.4048 | Correct: 110/128 | Elapsed Time: 23.68s
2026-02-12 07:26:54,729 | INFO | Batch 300 | Loss: 0.3584 | Correct: 116/128 | Elapsed Time: 23.77s
2026-02-12 07:27:18,497 | INFO | Batch 310 | Loss: 0.3569 | Correct: 109/128 | Elapsed Time: 23.77s
2026-02-12 07:27:42,181 | INFO | Batch 320 | Loss: 0.4873 | Correct: 107/128 | Elapsed Time: 23.68s
2026-02-12 07:28:05,885 | INFO | Batch 330 | Loss: 0.3460 | Correct: 111/128 | Elapsed Time: 23.70s
2026-02-12 07:28:29,669 | INFO | Batch 340 | Loss: 0.3251 | Correct: 111/128 | Elapsed Time: 23.78s
2026-02-12 07:28:53,381 | INFO | Batch 350 | Loss: 0.4769 | Correct: 109/128 | Elapsed Time: 23.71s
2026-02-12 07:29:17,463 | INFO | Batch 360 | Loss: 0.4273 | Correct: 106/128 | Elapsed Time: 24.08s
2026-02-12 07:29:41,123 | INFO | Batch 370 | Loss: 0.2985 | Correct: 115/128 | Elapsed Time: 23.66s
2026-02-12 07:30:04,820 | INFO | Batch 380 | Loss: 0.5610 | Correct: 108/128 | Elapsed Time: 23.70s
2026-02-12 07:30:28,482 | INFO | Batch 390 | Loss: 0.3732 | Correct: 113/128 | Elapsed Time: 23.66s
2026-02-12 07:30:30,089 | INFO | Epoch [31/100] - Loss: 0.4196 | Correct: 42659/50000 (85.32%, 926.46s)
2026-02-12 07:31:42,170 | INFO | Validation - Loss: 0.5324 | Correct: 8243/10000 (82.43%) (72.08s)
2026-02-12 07:31:42,441 | INFO | New best model saved at epoch 31 with Top1 Acc: 82.43%
2026-02-12 07:32:06,217 | INFO | Batch 10 | Loss: 0.4554 | Correct: 113/128 | Elapsed Time: 23.78s
2026-02-12 07:32:29,948 | INFO | Batch 20 | Loss: 0.3009 | Correct: 116/128 | Elapsed Time: 23.73s
2026-02-12 07:32:53,789 | INFO | Batch 30 | Loss: 0.3727 | Correct: 111/128 | Elapsed Time: 23.84s
2026-02-12 07:33:17,462 | INFO | Batch 40 | Loss: 0.3613 | Correct: 113/128 | Elapsed Time: 23.67s
2026-02-12 07:33:41,119 | INFO | Batch 50 | Loss: 0.3109 | Correct: 113/128 | Elapsed Time: 23.66s
2026-02-12 07:34:04,815 | INFO | Batch 60 | Loss: 0.4048 | Correct: 111/128 | Elapsed Time: 23.70s
2026-02-12 07:34:28,488 | INFO | Batch 70 | Loss: 0.5321 | Correct: 106/128 | Elapsed Time: 23.67s
2026-02-12 07:34:52,293 | INFO | Batch 80 | Loss: 0.3994 | Correct: 110/128 | Elapsed Time: 23.81s
2026-02-12 07:35:16,286 | INFO | Batch 90 | Loss: 0.3961 | Correct: 107/128 | Elapsed Time: 23.99s
2026-02-12 07:35:40,061 | INFO | Batch 100 | Loss: 0.6511 | Correct: 94/128 | Elapsed Time: 23.78s
2026-02-12 07:36:03,815 | INFO | Batch 110 | Loss: 0.3608 | Correct: 116/128 | Elapsed Time: 23.75s
2026-02-12 07:36:27,598 | INFO | Batch 120 | Loss: 0.2794 | Correct: 116/128 | Elapsed Time: 23.78s
2026-02-12 07:36:51,410 | INFO | Batch 130 | Loss: 0.5617 | Correct: 101/128 | Elapsed Time: 23.81s
2026-02-12 07:37:15,345 | INFO | Batch 140 | Loss: 0.3327 | Correct: 111/128 | Elapsed Time: 23.94s
2026-02-12 07:37:39,338 | INFO | Batch 150 | Loss: 0.3331 | Correct: 112/128 | Elapsed Time: 23.99s
2026-02-12 07:38:03,081 | INFO | Batch 160 | Loss: 0.4749 | Correct: 109/128 | Elapsed Time: 23.74s
2026-02-12 07:38:26,853 | INFO | Batch 170 | Loss: 0.3399 | Correct: 116/128 | Elapsed Time: 23.77s
2026-02-12 07:38:50,621 | INFO | Batch 180 | Loss: 0.4481 | Correct: 111/128 | Elapsed Time: 23.77s
2026-02-12 07:39:14,597 | INFO | Batch 190 | Loss: 0.4414 | Correct: 102/128 | Elapsed Time: 23.98s
2026-02-12 07:39:38,395 | INFO | Batch 200 | Loss: 0.3747 | Correct: 108/128 | Elapsed Time: 23.80s
2026-02-12 07:40:02,338 | INFO | Batch 210 | Loss: 0.4457 | Correct: 108/128 | Elapsed Time: 23.94s
2026-02-12 07:40:26,250 | INFO | Batch 220 | Loss: 0.5587 | Correct: 104/128 | Elapsed Time: 23.91s
2026-02-12 07:40:50,088 | INFO | Batch 230 | Loss: 0.5014 | Correct: 105/128 | Elapsed Time: 23.84s
2026-02-12 07:41:14,029 | INFO | Batch 240 | Loss: 0.4070 | Correct: 107/128 | Elapsed Time: 23.94s
2026-02-12 07:41:37,934 | INFO | Batch 250 | Loss: 0.4775 | Correct: 112/128 | Elapsed Time: 23.90s
2026-02-12 07:42:01,812 | INFO | Batch 260 | Loss: 0.4120 | Correct: 109/128 | Elapsed Time: 23.88s
2026-02-12 07:42:25,684 | INFO | Batch 270 | Loss: 0.3233 | Correct: 114/128 | Elapsed Time: 23.87s
2026-02-12 07:42:49,672 | INFO | Batch 280 | Loss: 0.5285 | Correct: 107/128 | Elapsed Time: 23.99s
2026-02-12 07:43:13,641 | INFO | Batch 290 | Loss: 0.3667 | Correct: 114/128 | Elapsed Time: 23.97s
2026-02-12 07:43:37,490 | INFO | Batch 300 | Loss: 0.6354 | Correct: 101/128 | Elapsed Time: 23.85s
2026-02-12 07:44:01,293 | INFO | Batch 310 | Loss: 0.4273 | Correct: 109/128 | Elapsed Time: 23.80s
2026-02-12 07:44:25,190 | INFO | Batch 320 | Loss: 0.4893 | Correct: 107/128 | Elapsed Time: 23.90s
2026-02-12 07:44:49,076 | INFO | Batch 330 | Loss: 0.4285 | Correct: 101/128 | Elapsed Time: 23.89s
2026-02-12 07:45:13,068 | INFO | Batch 340 | Loss: 0.2749 | Correct: 114/128 | Elapsed Time: 23.99s
2026-02-12 07:45:36,906 | INFO | Batch 350 | Loss: 0.3464 | Correct: 110/128 | Elapsed Time: 23.84s
2026-02-12 07:46:00,582 | INFO | Batch 360 | Loss: 0.3042 | Correct: 118/128 | Elapsed Time: 23.68s
2026-02-12 07:46:24,415 | INFO | Batch 370 | Loss: 0.3945 | Correct: 110/128 | Elapsed Time: 23.83s
2026-02-12 07:46:48,086 | INFO | Batch 380 | Loss: 0.5020 | Correct: 105/128 | Elapsed Time: 23.67s
2026-02-12 07:47:11,759 | INFO | Batch 390 | Loss: 0.3260 | Correct: 116/128 | Elapsed Time: 23.67s
2026-02-12 07:47:13,370 | INFO | Epoch [32/100] - Loss: 0.4135 | Correct: 42727/50000 (85.45%, 930.93s)
2026-02-12 07:48:25,636 | INFO | Validation - Loss: 0.5445 | Correct: 8177/10000 (81.77%) (72.27s)
2026-02-12 07:48:49,481 | INFO | Batch 10 | Loss: 0.4081 | Correct: 109/128 | Elapsed Time: 23.84s
2026-02-12 07:49:13,388 | INFO | Batch 20 | Loss: 0.3055 | Correct: 116/128 | Elapsed Time: 23.91s
2026-02-12 07:49:37,138 | INFO | Batch 30 | Loss: 0.5186 | Correct: 105/128 | Elapsed Time: 23.75s
2026-02-12 07:50:00,930 | INFO | Batch 40 | Loss: 0.3469 | Correct: 111/128 | Elapsed Time: 23.79s
2026-02-12 07:50:24,713 | INFO | Batch 50 | Loss: 0.2816 | Correct: 112/128 | Elapsed Time: 23.78s
2026-02-12 07:50:48,457 | INFO | Batch 60 | Loss: 0.4059 | Correct: 106/128 | Elapsed Time: 23.74s
2026-02-12 07:51:12,377 | INFO | Batch 70 | Loss: 0.3138 | Correct: 116/128 | Elapsed Time: 23.92s
2026-02-12 07:51:36,104 | INFO | Batch 80 | Loss: 0.4673 | Correct: 109/128 | Elapsed Time: 23.73s
2026-02-12 07:51:59,789 | INFO | Batch 90 | Loss: 0.6003 | Correct: 106/128 | Elapsed Time: 23.69s
2026-02-12 07:52:23,570 | INFO | Batch 100 | Loss: 0.3598 | Correct: 111/128 | Elapsed Time: 23.78s
2026-02-12 07:52:47,298 | INFO | Batch 110 | Loss: 0.3579 | Correct: 112/128 | Elapsed Time: 23.73s
2026-02-12 07:53:11,032 | INFO | Batch 120 | Loss: 0.3667 | Correct: 112/128 | Elapsed Time: 23.73s
2026-02-12 07:53:34,903 | INFO | Batch 130 | Loss: 0.4285 | Correct: 108/128 | Elapsed Time: 23.87s
2026-02-12 07:53:58,723 | INFO | Batch 140 | Loss: 0.4616 | Correct: 109/128 | Elapsed Time: 23.82s
2026-02-12 07:54:22,501 | INFO | Batch 150 | Loss: 0.4853 | Correct: 108/128 | Elapsed Time: 23.78s
2026-02-12 07:54:46,319 | INFO | Batch 160 | Loss: 0.5293 | Correct: 107/128 | Elapsed Time: 23.82s
2026-02-12 07:55:10,099 | INFO | Batch 170 | Loss: 0.4666 | Correct: 104/128 | Elapsed Time: 23.78s
2026-02-12 07:55:33,823 | INFO | Batch 180 | Loss: 0.4775 | Correct: 107/128 | Elapsed Time: 23.72s
2026-02-12 07:55:57,530 | INFO | Batch 190 | Loss: 0.4070 | Correct: 109/128 | Elapsed Time: 23.71s
2026-02-12 07:56:21,428 | INFO | Batch 200 | Loss: 0.4137 | Correct: 106/128 | Elapsed Time: 23.90s
2026-02-12 07:56:45,134 | INFO | Batch 210 | Loss: 0.4379 | Correct: 106/128 | Elapsed Time: 23.71s
2026-02-12 07:57:08,814 | INFO | Batch 220 | Loss: 0.2870 | Correct: 118/128 | Elapsed Time: 23.68s
2026-02-12 07:57:32,478 | INFO | Batch 230 | Loss: 0.4037 | Correct: 108/128 | Elapsed Time: 23.66s
2026-02-12 07:57:56,152 | INFO | Batch 240 | Loss: 0.4131 | Correct: 111/128 | Elapsed Time: 23.67s
2026-02-12 07:58:19,845 | INFO | Batch 250 | Loss: 0.3173 | Correct: 114/128 | Elapsed Time: 23.69s
2026-02-12 07:58:43,654 | INFO | Batch 260 | Loss: 0.4337 | Correct: 109/128 | Elapsed Time: 23.81s
2026-02-12 07:59:07,492 | INFO | Batch 270 | Loss: 0.3919 | Correct: 109/128 | Elapsed Time: 23.84s
2026-02-12 07:59:31,240 | INFO | Batch 280 | Loss: 0.5151 | Correct: 104/128 | Elapsed Time: 23.75s
2026-02-12 07:59:55,005 | INFO | Batch 290 | Loss: 0.3677 | Correct: 111/128 | Elapsed Time: 23.76s
2026-02-12 08:00:18,809 | INFO | Batch 300 | Loss: 0.4349 | Correct: 104/128 | Elapsed Time: 23.80s
2026-02-12 08:00:42,497 | INFO | Batch 310 | Loss: 0.5497 | Correct: 106/128 | Elapsed Time: 23.69s
2026-02-12 08:01:06,436 | INFO | Batch 320 | Loss: 0.3662 | Correct: 113/128 | Elapsed Time: 23.94s
2026-02-12 08:01:30,145 | INFO | Batch 330 | Loss: 0.3255 | Correct: 114/128 | Elapsed Time: 23.71s
2026-02-12 08:01:53,839 | INFO | Batch 340 | Loss: 0.3652 | Correct: 113/128 | Elapsed Time: 23.69s
2026-02-12 08:02:17,531 | INFO | Batch 350 | Loss: 0.3117 | Correct: 112/128 | Elapsed Time: 23.69s
2026-02-12 08:02:41,173 | INFO | Batch 360 | Loss: 0.3564 | Correct: 110/128 | Elapsed Time: 23.64s
2026-02-12 08:03:04,870 | INFO | Batch 370 | Loss: 0.4026 | Correct: 109/128 | Elapsed Time: 23.70s
2026-02-12 08:03:28,644 | INFO | Batch 380 | Loss: 0.5328 | Correct: 105/128 | Elapsed Time: 23.77s
2026-02-12 08:03:52,381 | INFO | Batch 390 | Loss: 0.4880 | Correct: 106/128 | Elapsed Time: 23.74s
2026-02-12 08:03:53,992 | INFO | Epoch [33/100] - Loss: 0.4080 | Correct: 42818/50000 (85.64%, 928.35s)
2026-02-12 08:05:06,473 | INFO | Validation - Loss: 0.5604 | Correct: 8127/10000 (81.27%) (72.48s)
2026-02-12 08:05:30,267 | INFO | Batch 10 | Loss: 0.3737 | Correct: 111/128 | Elapsed Time: 23.79s
2026-02-12 08:05:54,044 | INFO | Batch 20 | Loss: 0.3526 | Correct: 114/128 | Elapsed Time: 23.78s
2026-02-12 08:06:17,773 | INFO | Batch 30 | Loss: 0.3871 | Correct: 112/128 | Elapsed Time: 23.73s
2026-02-12 08:06:41,499 | INFO | Batch 40 | Loss: 0.4165 | Correct: 108/128 | Elapsed Time: 23.73s
2026-02-12 08:07:05,413 | INFO | Batch 50 | Loss: 0.4250 | Correct: 108/128 | Elapsed Time: 23.91s
2026-02-12 08:07:29,159 | INFO | Batch 60 | Loss: 0.4222 | Correct: 108/128 | Elapsed Time: 23.75s
2026-02-12 08:07:52,894 | INFO | Batch 70 | Loss: 0.3409 | Correct: 113/128 | Elapsed Time: 23.74s
2026-02-12 08:08:16,670 | INFO | Batch 80 | Loss: 0.2576 | Correct: 114/128 | Elapsed Time: 23.78s
2026-02-12 08:08:40,423 | INFO | Batch 90 | Loss: 0.4426 | Correct: 109/128 | Elapsed Time: 23.75s
2026-02-12 08:09:04,434 | INFO | Batch 100 | Loss: 0.3856 | Correct: 107/128 | Elapsed Time: 24.01s
2026-02-12 08:09:28,454 | INFO | Batch 110 | Loss: 0.4332 | Correct: 111/128 | Elapsed Time: 24.02s
2026-02-12 08:09:52,169 | INFO | Batch 120 | Loss: 0.5445 | Correct: 102/128 | Elapsed Time: 23.72s
2026-02-12 08:10:15,934 | INFO | Batch 130 | Loss: 0.4736 | Correct: 107/128 | Elapsed Time: 23.77s
2026-02-12 08:10:39,657 | INFO | Batch 140 | Loss: 0.4059 | Correct: 107/128 | Elapsed Time: 23.72s
2026-02-12 08:11:03,405 | INFO | Batch 150 | Loss: 0.3560 | Correct: 113/128 | Elapsed Time: 23.75s
2026-02-12 08:11:27,169 | INFO | Batch 160 | Loss: 0.4432 | Correct: 107/128 | Elapsed Time: 23.76s
2026-02-12 08:11:51,034 | INFO | Batch 170 | Loss: 0.3793 | Correct: 107/128 | Elapsed Time: 23.86s
2026-02-12 08:12:14,824 | INFO | Batch 180 | Loss: 0.5430 | Correct: 106/128 | Elapsed Time: 23.79s
2026-02-12 08:12:38,586 | INFO | Batch 190 | Loss: 0.4291 | Correct: 109/128 | Elapsed Time: 23.76s
2026-02-12 08:13:02,293 | INFO | Batch 200 | Loss: 0.4457 | Correct: 107/128 | Elapsed Time: 23.71s
2026-02-12 08:13:26,041 | INFO | Batch 210 | Loss: 0.5733 | Correct: 104/128 | Elapsed Time: 23.75s
2026-02-12 08:13:49,777 | INFO | Batch 220 | Loss: 0.3898 | Correct: 109/128 | Elapsed Time: 23.74s
2026-02-12 08:14:13,569 | INFO | Batch 230 | Loss: 0.5602 | Correct: 105/128 | Elapsed Time: 23.79s
2026-02-12 08:14:37,370 | INFO | Batch 240 | Loss: 0.3850 | Correct: 110/128 | Elapsed Time: 23.80s
2026-02-12 08:15:01,080 | INFO | Batch 250 | Loss: 0.6653 | Correct: 96/128 | Elapsed Time: 23.71s
2026-02-12 08:15:24,836 | INFO | Batch 260 | Loss: 0.2355 | Correct: 118/128 | Elapsed Time: 23.76s
2026-02-12 08:15:48,601 | INFO | Batch 270 | Loss: 0.3075 | Correct: 112/128 | Elapsed Time: 23.77s
2026-02-12 08:16:12,299 | INFO | Batch 280 | Loss: 0.4795 | Correct: 109/128 | Elapsed Time: 23.70s
2026-02-12 08:16:35,965 | INFO | Batch 290 | Loss: 0.4291 | Correct: 107/128 | Elapsed Time: 23.67s
2026-02-12 08:16:59,821 | INFO | Batch 300 | Loss: 0.3432 | Correct: 112/128 | Elapsed Time: 23.86s
2026-02-12 08:17:23,675 | INFO | Batch 310 | Loss: 0.4698 | Correct: 106/128 | Elapsed Time: 23.85s
2026-02-12 08:17:47,328 | INFO | Batch 320 | Loss: 0.5207 | Correct: 101/128 | Elapsed Time: 23.65s
2026-02-12 08:18:11,028 | INFO | Batch 330 | Loss: 0.3799 | Correct: 111/128 | Elapsed Time: 23.70s
2026-02-12 08:18:34,735 | INFO | Batch 340 | Loss: 0.3763 | Correct: 113/128 | Elapsed Time: 23.71s
2026-02-12 08:18:58,402 | INFO | Batch 350 | Loss: 0.4635 | Correct: 111/128 | Elapsed Time: 23.67s
2026-02-12 08:19:22,597 | INFO | Batch 360 | Loss: 0.2997 | Correct: 116/128 | Elapsed Time: 24.19s
2026-02-12 08:19:46,356 | INFO | Batch 370 | Loss: 0.3908 | Correct: 112/128 | Elapsed Time: 23.76s
2026-02-12 08:20:10,142 | INFO | Batch 380 | Loss: 0.4654 | Correct: 110/128 | Elapsed Time: 23.79s
2026-02-12 08:20:33,831 | INFO | Batch 390 | Loss: 0.4233 | Correct: 108/128 | Elapsed Time: 23.69s
2026-02-12 08:20:35,442 | INFO | Epoch [34/100] - Loss: 0.3986 | Correct: 42917/50000 (85.83%, 928.97s)
2026-02-12 08:21:47,699 | INFO | Validation - Loss: 0.5205 | Correct: 8301/10000 (83.01%) (72.26s)
2026-02-12 08:21:47,973 | INFO | New best model saved at epoch 34 with Top1 Acc: 83.01%
2026-02-12 08:22:11,877 | INFO | Batch 10 | Loss: 0.4414 | Correct: 104/128 | Elapsed Time: 23.90s
2026-02-12 08:22:35,603 | INFO | Batch 20 | Loss: 0.3242 | Correct: 111/128 | Elapsed Time: 23.73s
2026-02-12 08:22:59,431 | INFO | Batch 30 | Loss: 0.4154 | Correct: 108/128 | Elapsed Time: 23.83s
2026-02-12 08:23:23,152 | INFO | Batch 40 | Loss: 0.4326 | Correct: 111/128 | Elapsed Time: 23.72s
2026-02-12 08:23:46,877 | INFO | Batch 50 | Loss: 0.4511 | Correct: 110/128 | Elapsed Time: 23.73s
2026-02-12 08:24:10,683 | INFO | Batch 60 | Loss: 0.3550 | Correct: 110/128 | Elapsed Time: 23.81s
2026-02-12 08:24:34,418 | INFO | Batch 70 | Loss: 0.4749 | Correct: 104/128 | Elapsed Time: 23.74s
2026-02-12 08:24:58,045 | INFO | Batch 80 | Loss: 0.4840 | Correct: 102/128 | Elapsed Time: 23.63s
2026-02-12 08:25:21,763 | INFO | Batch 90 | Loss: 0.4821 | Correct: 107/128 | Elapsed Time: 23.72s
2026-02-12 08:25:45,449 | INFO | Batch 100 | Loss: 0.3919 | Correct: 110/128 | Elapsed Time: 23.69s
2026-02-12 08:26:09,165 | INFO | Batch 110 | Loss: 0.3349 | Correct: 116/128 | Elapsed Time: 23.72s
2026-02-12 08:26:32,876 | INFO | Batch 120 | Loss: 0.4560 | Correct: 105/128 | Elapsed Time: 23.71s
2026-02-12 08:26:56,545 | INFO | Batch 130 | Loss: 0.3109 | Correct: 112/128 | Elapsed Time: 23.67s
2026-02-12 08:27:20,300 | INFO | Batch 140 | Loss: 0.5579 | Correct: 101/128 | Elapsed Time: 23.76s
2026-02-12 08:27:44,183 | INFO | Batch 150 | Loss: 0.3633 | Correct: 111/128 | Elapsed Time: 23.88s
2026-02-12 08:28:07,870 | INFO | Batch 160 | Loss: 0.2843 | Correct: 113/128 | Elapsed Time: 23.69s
2026-02-12 08:28:31,559 | INFO | Batch 170 | Loss: 0.3628 | Correct: 110/128 | Elapsed Time: 23.69s
2026-02-12 08:28:55,261 | INFO | Batch 180 | Loss: 0.4420 | Correct: 107/128 | Elapsed Time: 23.70s
2026-02-12 08:29:19,642 | INFO | Batch 190 | Loss: 0.3282 | Correct: 113/128 | Elapsed Time: 24.38s
2026-02-12 08:29:43,359 | INFO | Batch 200 | Loss: 0.3092 | Correct: 114/128 | Elapsed Time: 23.72s
2026-02-12 08:30:07,073 | INFO | Batch 210 | Loss: 0.3737 | Correct: 110/128 | Elapsed Time: 23.71s
2026-02-12 08:30:30,889 | INFO | Batch 220 | Loss: 0.3929 | Correct: 112/128 | Elapsed Time: 23.82s
2026-02-12 08:30:54,607 | INFO | Batch 230 | Loss: 0.3474 | Correct: 113/128 | Elapsed Time: 23.72s
2026-02-12 08:31:18,344 | INFO | Batch 240 | Loss: 0.2965 | Correct: 114/128 | Elapsed Time: 23.74s
2026-02-12 08:31:42,127 | INFO | Batch 250 | Loss: 0.4769 | Correct: 105/128 | Elapsed Time: 23.78s
2026-02-12 08:32:05,874 | INFO | Batch 260 | Loss: 0.3662 | Correct: 111/128 | Elapsed Time: 23.75s
2026-02-12 08:32:29,612 | INFO | Batch 270 | Loss: 0.3876 | Correct: 112/128 | Elapsed Time: 23.74s
2026-02-12 08:32:53,489 | INFO | Batch 280 | Loss: 0.4159 | Correct: 109/128 | Elapsed Time: 23.88s
2026-02-12 08:33:17,351 | INFO | Batch 290 | Loss: 0.2749 | Correct: 115/128 | Elapsed Time: 23.86s
2026-02-12 08:33:41,009 | INFO | Batch 300 | Loss: 0.5336 | Correct: 104/128 | Elapsed Time: 23.66s
2026-02-12 08:34:04,699 | INFO | Batch 310 | Loss: 0.4635 | Correct: 109/128 | Elapsed Time: 23.69s
2026-02-12 08:34:28,438 | INFO | Batch 320 | Loss: 0.3613 | Correct: 112/128 | Elapsed Time: 23.74s
2026-02-12 08:34:52,145 | INFO | Batch 330 | Loss: 0.3983 | Correct: 109/128 | Elapsed Time: 23.71s
2026-02-12 08:35:16,081 | INFO | Batch 340 | Loss: 0.3300 | Correct: 116/128 | Elapsed Time: 23.94s
2026-02-12 08:35:39,749 | INFO | Batch 350 | Loss: 0.2890 | Correct: 117/128 | Elapsed Time: 23.67s
2026-02-12 08:36:03,513 | INFO | Batch 360 | Loss: 0.4332 | Correct: 107/128 | Elapsed Time: 23.76s
2026-02-12 08:36:27,197 | INFO | Batch 370 | Loss: 0.4054 | Correct: 114/128 | Elapsed Time: 23.68s
2026-02-12 08:36:50,898 | INFO | Batch 380 | Loss: 0.4886 | Correct: 109/128 | Elapsed Time: 23.70s
2026-02-12 08:37:14,702 | INFO | Batch 390 | Loss: 0.3882 | Correct: 110/128 | Elapsed Time: 23.80s
2026-02-12 08:37:16,317 | INFO | Epoch [35/100] - Loss: 0.3946 | Correct: 43085/50000 (86.17%, 928.34s)
2026-02-12 08:38:28,389 | INFO | Validation - Loss: 0.5301 | Correct: 8229/10000 (82.29%) (72.07s)
2026-02-12 08:38:52,217 | INFO | Batch 10 | Loss: 0.2945 | Correct: 114/128 | Elapsed Time: 23.83s
2026-02-12 08:39:16,178 | INFO | Batch 20 | Loss: 0.3569 | Correct: 112/128 | Elapsed Time: 23.96s
2026-02-12 08:39:39,921 | INFO | Batch 30 | Loss: 0.2476 | Correct: 118/128 | Elapsed Time: 23.74s
2026-02-12 08:40:03,628 | INFO | Batch 40 | Loss: 0.2905 | Correct: 114/128 | Elapsed Time: 23.71s
2026-02-12 08:40:27,347 | INFO | Batch 50 | Loss: 0.5137 | Correct: 106/128 | Elapsed Time: 23.72s
2026-02-12 08:40:51,076 | INFO | Batch 60 | Loss: 0.3737 | Correct: 113/128 | Elapsed Time: 23.73s
2026-02-12 08:41:14,919 | INFO | Batch 70 | Loss: 0.2572 | Correct: 116/128 | Elapsed Time: 23.84s
2026-02-12 08:41:38,643 | INFO | Batch 80 | Loss: 0.4250 | Correct: 108/128 | Elapsed Time: 23.72s
2026-02-12 08:42:02,341 | INFO | Batch 90 | Loss: 0.4239 | Correct: 109/128 | Elapsed Time: 23.70s
2026-02-12 08:42:26,070 | INFO | Batch 100 | Loss: 0.3929 | Correct: 109/128 | Elapsed Time: 23.73s
2026-02-12 08:42:49,748 | INFO | Batch 110 | Loss: 0.3642 | Correct: 112/128 | Elapsed Time: 23.68s
2026-02-12 08:43:13,459 | INFO | Batch 120 | Loss: 0.4165 | Correct: 109/128 | Elapsed Time: 23.71s
2026-02-12 08:43:37,289 | INFO | Batch 130 | Loss: 0.3994 | Correct: 108/128 | Elapsed Time: 23.83s
2026-02-12 08:44:00,974 | INFO | Batch 140 | Loss: 0.3190 | Correct: 113/128 | Elapsed Time: 23.68s
2026-02-12 08:44:24,677 | INFO | Batch 150 | Loss: 0.3722 | Correct: 109/128 | Elapsed Time: 23.70s
2026-02-12 08:44:48,429 | INFO | Batch 160 | Loss: 0.5137 | Correct: 105/128 | Elapsed Time: 23.75s
2026-02-12 08:45:12,319 | INFO | Batch 170 | Loss: 0.4109 | Correct: 108/128 | Elapsed Time: 23.89s
2026-02-12 08:45:36,120 | INFO | Batch 180 | Loss: 0.4591 | Correct: 107/128 | Elapsed Time: 23.80s
2026-02-12 08:45:59,951 | INFO | Batch 190 | Loss: 0.2913 | Correct: 116/128 | Elapsed Time: 23.83s
2026-02-12 08:46:23,786 | INFO | Batch 200 | Loss: 0.5709 | Correct: 103/128 | Elapsed Time: 23.84s
2026-02-12 08:46:47,450 | INFO | Batch 210 | Loss: 0.4641 | Correct: 106/128 | Elapsed Time: 23.66s
2026-02-12 08:47:11,136 | INFO | Batch 220 | Loss: 0.3516 | Correct: 117/128 | Elapsed Time: 23.69s
2026-02-12 08:47:34,762 | INFO | Batch 230 | Loss: 0.4021 | Correct: 113/128 | Elapsed Time: 23.63s
2026-02-12 08:47:58,465 | INFO | Batch 240 | Loss: 0.4801 | Correct: 107/128 | Elapsed Time: 23.70s
2026-02-12 08:48:22,323 | INFO | Batch 250 | Loss: 0.2921 | Correct: 114/128 | Elapsed Time: 23.86s
2026-02-12 08:48:46,030 | INFO | Batch 260 | Loss: 0.3126 | Correct: 117/128 | Elapsed Time: 23.71s
2026-02-12 08:49:10,097 | INFO | Batch 270 | Loss: 0.3423 | Correct: 111/128 | Elapsed Time: 24.07s
2026-02-12 08:49:33,893 | INFO | Batch 280 | Loss: 0.3450 | Correct: 113/128 | Elapsed Time: 23.80s
2026-02-12 08:49:57,592 | INFO | Batch 290 | Loss: 0.2824 | Correct: 117/128 | Elapsed Time: 23.70s
2026-02-12 08:50:21,320 | INFO | Batch 300 | Loss: 0.4585 | Correct: 107/128 | Elapsed Time: 23.73s
2026-02-12 08:50:45,125 | INFO | Batch 310 | Loss: 0.3194 | Correct: 116/128 | Elapsed Time: 23.81s
2026-02-12 08:51:08,858 | INFO | Batch 320 | Loss: 0.4120 | Correct: 110/128 | Elapsed Time: 23.73s
2026-02-12 08:51:32,571 | INFO | Batch 330 | Loss: 0.3783 | Correct: 110/128 | Elapsed Time: 23.71s
2026-02-12 08:51:56,289 | INFO | Batch 340 | Loss: 0.4403 | Correct: 106/128 | Elapsed Time: 23.72s
2026-02-12 08:52:20,010 | INFO | Batch 350 | Loss: 0.5109 | Correct: 105/128 | Elapsed Time: 23.72s
2026-02-12 08:52:43,729 | INFO | Batch 360 | Loss: 0.4268 | Correct: 107/128 | Elapsed Time: 23.72s
2026-02-12 08:53:07,492 | INFO | Batch 370 | Loss: 0.4635 | Correct: 107/128 | Elapsed Time: 23.76s
2026-02-12 08:53:31,260 | INFO | Batch 380 | Loss: 0.4573 | Correct: 104/128 | Elapsed Time: 23.77s
2026-02-12 08:53:54,907 | INFO | Batch 390 | Loss: 0.4326 | Correct: 106/128 | Elapsed Time: 23.65s
2026-02-12 08:53:56,506 | INFO | Epoch [36/100] - Loss: 0.3907 | Correct: 43144/50000 (86.29%, 928.12s)
2026-02-12 08:55:08,699 | INFO | Validation - Loss: 0.6650 | Correct: 7862/10000 (78.62%) (72.19s)
2026-02-12 08:55:32,381 | INFO | Batch 10 | Loss: 0.3177 | Correct: 114/128 | Elapsed Time: 23.68s
2026-02-12 08:55:56,085 | INFO | Batch 20 | Loss: 0.3109 | Correct: 113/128 | Elapsed Time: 23.70s
2026-02-12 08:56:19,782 | INFO | Batch 30 | Loss: 0.5379 | Correct: 103/128 | Elapsed Time: 23.70s
2026-02-12 08:56:43,574 | INFO | Batch 40 | Loss: 0.3075 | Correct: 112/128 | Elapsed Time: 23.79s
2026-02-12 08:57:07,245 | INFO | Batch 50 | Loss: 0.3951 | Correct: 109/128 | Elapsed Time: 23.67s
2026-02-12 08:57:30,850 | INFO | Batch 60 | Loss: 0.3160 | Correct: 112/128 | Elapsed Time: 23.60s
2026-02-12 08:57:54,533 | INFO | Batch 70 | Loss: 0.3913 | Correct: 108/128 | Elapsed Time: 23.68s
2026-02-12 08:58:18,178 | INFO | Batch 80 | Loss: 0.2551 | Correct: 116/128 | Elapsed Time: 23.64s
2026-02-12 08:58:41,792 | INFO | Batch 90 | Loss: 0.3409 | Correct: 110/128 | Elapsed Time: 23.61s
2026-02-12 08:59:05,805 | INFO | Batch 100 | Loss: 0.3737 | Correct: 114/128 | Elapsed Time: 24.01s
2026-02-12 08:59:29,506 | INFO | Batch 110 | Loss: 0.5014 | Correct: 101/128 | Elapsed Time: 23.70s
2026-02-12 08:59:53,141 | INFO | Batch 120 | Loss: 0.3961 | Correct: 113/128 | Elapsed Time: 23.64s
2026-02-12 09:00:16,851 | INFO | Batch 130 | Loss: 0.2816 | Correct: 116/128 | Elapsed Time: 23.71s
2026-02-12 09:00:40,544 | INFO | Batch 140 | Loss: 0.3951 | Correct: 110/128 | Elapsed Time: 23.69s
2026-02-12 09:01:04,260 | INFO | Batch 150 | Loss: 0.3768 | Correct: 113/128 | Elapsed Time: 23.72s
2026-02-12 09:01:27,964 | INFO | Batch 160 | Loss: 0.4529 | Correct: 112/128 | Elapsed Time: 23.70s
2026-02-12 09:01:51,786 | INFO | Batch 170 | Loss: 0.4573 | Correct: 112/128 | Elapsed Time: 23.82s
2026-02-12 09:02:15,511 | INFO | Batch 180 | Loss: 0.3727 | Correct: 113/128 | Elapsed Time: 23.73s
2026-02-12 09:02:39,226 | INFO | Batch 190 | Loss: 0.4076 | Correct: 110/128 | Elapsed Time: 23.71s
2026-02-12 09:03:02,959 | INFO | Batch 200 | Loss: 0.3876 | Correct: 112/128 | Elapsed Time: 23.73s
2026-02-12 09:03:26,669 | INFO | Batch 210 | Loss: 0.4349 | Correct: 108/128 | Elapsed Time: 23.71s
2026-02-12 09:03:50,378 | INFO | Batch 220 | Loss: 0.3722 | Correct: 113/128 | Elapsed Time: 23.71s
2026-02-12 09:04:14,312 | INFO | Batch 230 | Loss: 0.6167 | Correct: 107/128 | Elapsed Time: 23.93s
2026-02-12 09:04:38,065 | INFO | Batch 240 | Loss: 0.3151 | Correct: 115/128 | Elapsed Time: 23.75s
2026-02-12 09:05:01,723 | INFO | Batch 250 | Loss: 0.2917 | Correct: 115/128 | Elapsed Time: 23.66s
2026-02-12 09:05:25,469 | INFO | Batch 260 | Loss: 0.3972 | Correct: 108/128 | Elapsed Time: 23.75s
2026-02-12 09:05:49,180 | INFO | Batch 270 | Loss: 0.3220 | Correct: 112/128 | Elapsed Time: 23.71s
2026-02-12 09:06:12,919 | INFO | Batch 280 | Loss: 0.4349 | Correct: 108/128 | Elapsed Time: 23.74s
2026-02-12 09:06:36,754 | INFO | Batch 290 | Loss: 0.4373 | Correct: 106/128 | Elapsed Time: 23.83s
2026-02-12 09:07:00,437 | INFO | Batch 300 | Loss: 0.4126 | Correct: 109/128 | Elapsed Time: 23.68s
2026-02-12 09:07:24,127 | INFO | Batch 310 | Loss: 0.4291 | Correct: 108/128 | Elapsed Time: 23.69s
2026-02-12 09:07:47,817 | INFO | Batch 320 | Loss: 0.2797 | Correct: 111/128 | Elapsed Time: 23.69s
2026-02-12 09:08:11,605 | INFO | Batch 330 | Loss: 0.3574 | Correct: 114/128 | Elapsed Time: 23.79s
2026-02-12 09:08:35,289 | INFO | Batch 340 | Loss: 0.2937 | Correct: 114/128 | Elapsed Time: 23.68s
2026-02-12 09:08:59,067 | INFO | Batch 350 | Loss: 0.4320 | Correct: 114/128 | Elapsed Time: 23.78s
2026-02-12 09:09:22,944 | INFO | Batch 360 | Loss: 0.2949 | Correct: 112/128 | Elapsed Time: 23.88s
2026-02-12 09:09:46,647 | INFO | Batch 370 | Loss: 0.3999 | Correct: 109/128 | Elapsed Time: 23.70s
2026-02-12 09:10:10,422 | INFO | Batch 380 | Loss: 0.3919 | Correct: 108/128 | Elapsed Time: 23.77s
2026-02-12 09:10:34,165 | INFO | Batch 390 | Loss: 0.3753 | Correct: 112/128 | Elapsed Time: 23.74s
2026-02-12 09:10:35,774 | INFO | Epoch [37/100] - Loss: 0.3813 | Correct: 43319/50000 (86.64%, 927.07s)
2026-02-12 09:11:47,780 | INFO | Validation - Loss: 0.5728 | Correct: 8096/10000 (80.96%) (72.00s)
2026-02-12 09:12:11,458 | INFO | Batch 10 | Loss: 0.2259 | Correct: 118/128 | Elapsed Time: 23.68s
2026-02-12 09:12:35,230 | INFO | Batch 20 | Loss: 0.3030 | Correct: 117/128 | Elapsed Time: 23.77s
2026-02-12 09:12:58,900 | INFO | Batch 30 | Loss: 0.3824 | Correct: 111/128 | Elapsed Time: 23.67s
2026-02-12 09:13:22,550 | INFO | Batch 40 | Loss: 0.3589 | Correct: 113/128 | Elapsed Time: 23.65s
2026-02-12 09:13:46,211 | INFO | Batch 50 | Loss: 0.3677 | Correct: 110/128 | Elapsed Time: 23.66s
2026-02-12 09:14:09,910 | INFO | Batch 60 | Loss: 0.2969 | Correct: 114/128 | Elapsed Time: 23.70s
2026-02-12 09:14:33,679 | INFO | Batch 70 | Loss: 0.4297 | Correct: 106/128 | Elapsed Time: 23.77s
2026-02-12 09:14:57,545 | INFO | Batch 80 | Loss: 0.3824 | Correct: 110/128 | Elapsed Time: 23.87s
2026-02-12 09:15:21,230 | INFO | Batch 90 | Loss: 0.3318 | Correct: 110/128 | Elapsed Time: 23.69s
2026-02-12 09:15:44,929 | INFO | Batch 100 | Loss: 0.4860 | Correct: 108/128 | Elapsed Time: 23.70s
2026-02-12 09:16:08,644 | INFO | Batch 110 | Loss: 0.3983 | Correct: 111/128 | Elapsed Time: 23.71s
2026-02-12 09:16:32,326 | INFO | Batch 120 | Loss: 0.2997 | Correct: 117/128 | Elapsed Time: 23.68s
2026-02-12 09:16:56,008 | INFO | Batch 130 | Loss: 0.3309 | Correct: 109/128 | Elapsed Time: 23.68s
2026-02-12 09:17:19,817 | INFO | Batch 140 | Loss: 0.4821 | Correct: 107/128 | Elapsed Time: 23.81s
2026-02-12 09:17:43,476 | INFO | Batch 150 | Loss: 0.3516 | Correct: 110/128 | Elapsed Time: 23.66s
2026-02-12 09:18:07,204 | INFO | Batch 160 | Loss: 0.2483 | Correct: 118/128 | Elapsed Time: 23.73s
2026-02-12 09:18:30,916 | INFO | Batch 170 | Loss: 0.2476 | Correct: 118/128 | Elapsed Time: 23.71s
2026-02-12 09:18:54,574 | INFO | Batch 180 | Loss: 0.3712 | Correct: 117/128 | Elapsed Time: 23.66s
2026-02-12 09:19:18,736 | INFO | Batch 190 | Loss: 0.4444 | Correct: 108/128 | Elapsed Time: 24.16s
2026-02-12 09:19:42,470 | INFO | Batch 200 | Loss: 0.4523 | Correct: 108/128 | Elapsed Time: 23.73s
2026-02-12 09:20:06,306 | INFO | Batch 210 | Loss: 0.4314 | Correct: 116/128 | Elapsed Time: 23.84s
2026-02-12 09:20:30,041 | INFO | Batch 220 | Loss: 0.3584 | Correct: 115/128 | Elapsed Time: 23.73s
2026-02-12 09:20:53,758 | INFO | Batch 230 | Loss: 0.3177 | Correct: 112/128 | Elapsed Time: 23.72s
2026-02-12 09:21:17,488 | INFO | Batch 240 | Loss: 0.4666 | Correct: 105/128 | Elapsed Time: 23.73s
2026-02-12 09:21:41,195 | INFO | Batch 250 | Loss: 0.5109 | Correct: 104/128 | Elapsed Time: 23.71s
2026-02-12 09:22:04,902 | INFO | Batch 260 | Loss: 0.3835 | Correct: 109/128 | Elapsed Time: 23.71s
2026-02-12 09:22:28,709 | INFO | Batch 270 | Loss: 0.4420 | Correct: 109/128 | Elapsed Time: 23.81s
2026-02-12 09:22:52,408 | INFO | Batch 280 | Loss: 0.3300 | Correct: 116/128 | Elapsed Time: 23.70s
2026-02-12 09:23:16,121 | INFO | Batch 290 | Loss: 0.4273 | Correct: 106/128 | Elapsed Time: 23.71s
2026-02-12 09:23:39,803 | INFO | Batch 300 | Loss: 0.5416 | Correct: 106/128 | Elapsed Time: 23.68s
2026-02-12 09:24:03,482 | INFO | Batch 310 | Loss: 0.3264 | Correct: 118/128 | Elapsed Time: 23.68s
2026-02-12 09:24:27,158 | INFO | Batch 320 | Loss: 0.3526 | Correct: 109/128 | Elapsed Time: 23.68s
2026-02-12 09:24:50,970 | INFO | Batch 330 | Loss: 0.3173 | Correct: 115/128 | Elapsed Time: 23.81s
2026-02-12 09:25:14,751 | INFO | Batch 340 | Loss: 0.5314 | Correct: 105/128 | Elapsed Time: 23.78s
2026-02-12 09:25:38,433 | INFO | Batch 350 | Loss: 0.4015 | Correct: 107/128 | Elapsed Time: 23.68s
2026-02-12 09:26:02,090 | INFO | Batch 360 | Loss: 0.2945 | Correct: 112/128 | Elapsed Time: 23.66s
2026-02-12 09:26:25,801 | INFO | Batch 370 | Loss: 0.4641 | Correct: 108/128 | Elapsed Time: 23.71s
2026-02-12 09:26:49,580 | INFO | Batch 380 | Loss: 0.3707 | Correct: 109/128 | Elapsed Time: 23.78s
2026-02-12 09:27:13,489 | INFO | Batch 390 | Loss: 0.6109 | Correct: 102/128 | Elapsed Time: 23.91s
2026-02-12 09:27:15,214 | INFO | Epoch [38/100] - Loss: 0.3794 | Correct: 43291/50000 (86.58%, 927.43s)
2026-02-12 09:28:27,300 | INFO | Validation - Loss: 0.5875 | Correct: 8063/10000 (80.63%) (72.09s)
2026-02-12 09:28:50,978 | INFO | Batch 10 | Loss: 0.3717 | Correct: 112/128 | Elapsed Time: 23.68s
2026-02-12 09:29:15,073 | INFO | Batch 20 | Loss: 0.4193 | Correct: 111/128 | Elapsed Time: 24.09s
2026-02-12 09:29:38,769 | INFO | Batch 30 | Loss: 0.3143 | Correct: 114/128 | Elapsed Time: 23.70s
2026-02-12 09:30:02,473 | INFO | Batch 40 | Loss: 0.4349 | Correct: 107/128 | Elapsed Time: 23.70s
2026-02-12 09:30:26,141 | INFO | Batch 50 | Loss: 0.3113 | Correct: 114/128 | Elapsed Time: 23.67s
2026-02-12 09:30:49,959 | INFO | Batch 60 | Loss: 0.4137 | Correct: 108/128 | Elapsed Time: 23.82s
2026-02-12 09:31:13,619 | INFO | Batch 70 | Loss: 0.2855 | Correct: 115/128 | Elapsed Time: 23.66s
2026-02-12 09:31:37,282 | INFO | Batch 80 | Loss: 0.2343 | Correct: 119/128 | Elapsed Time: 23.66s
2026-02-12 09:32:00,997 | INFO | Batch 90 | Loss: 0.4475 | Correct: 105/128 | Elapsed Time: 23.71s
2026-02-12 09:32:24,776 | INFO | Batch 100 | Loss: 0.4043 | Correct: 114/128 | Elapsed Time: 23.78s
2026-02-12 09:32:48,487 | INFO | Batch 110 | Loss: 0.3295 | Correct: 110/128 | Elapsed Time: 23.71s
2026-02-12 09:33:12,133 | INFO | Batch 120 | Loss: 0.3574 | Correct: 108/128 | Elapsed Time: 23.65s
2026-02-12 09:33:35,850 | INFO | Batch 130 | Loss: 0.2032 | Correct: 122/128 | Elapsed Time: 23.72s
2026-02-12 09:33:59,469 | INFO | Batch 140 | Loss: 0.4730 | Correct: 112/128 | Elapsed Time: 23.62s
2026-02-12 09:34:23,155 | INFO | Batch 150 | Loss: 0.4438 | Correct: 111/128 | Elapsed Time: 23.69s
2026-02-12 09:34:46,787 | INFO | Batch 160 | Loss: 0.4154 | Correct: 107/128 | Elapsed Time: 23.63s
2026-02-12 09:35:10,438 | INFO | Batch 170 | Loss: 0.4103 | Correct: 114/128 | Elapsed Time: 23.65s
2026-02-12 09:35:34,064 | INFO | Batch 180 | Loss: 0.3216 | Correct: 115/128 | Elapsed Time: 23.63s
2026-02-12 09:35:57,812 | INFO | Batch 190 | Loss: 0.3186 | Correct: 114/128 | Elapsed Time: 23.75s
2026-02-12 09:36:21,506 | INFO | Batch 200 | Loss: 0.4860 | Correct: 104/128 | Elapsed Time: 23.69s
2026-02-12 09:36:45,190 | INFO | Batch 210 | Loss: 0.3155 | Correct: 112/128 | Elapsed Time: 23.68s
2026-02-12 09:37:08,930 | INFO | Batch 220 | Loss: 0.3783 | Correct: 110/128 | Elapsed Time: 23.74s
2026-02-12 09:37:32,691 | INFO | Batch 230 | Loss: 0.3313 | Correct: 112/128 | Elapsed Time: 23.76s
2026-02-12 09:37:56,390 | INFO | Batch 240 | Loss: 0.3460 | Correct: 112/128 | Elapsed Time: 23.70s
2026-02-12 09:38:20,269 | INFO | Batch 250 | Loss: 0.4426 | Correct: 106/128 | Elapsed Time: 23.88s
2026-02-12 09:38:44,059 | INFO | Batch 260 | Loss: 0.3824 | Correct: 113/128 | Elapsed Time: 23.79s
2026-02-12 09:39:08,301 | INFO | Batch 270 | Loss: 0.3018 | Correct: 117/128 | Elapsed Time: 24.24s
2026-02-12 09:39:32,198 | INFO | Batch 280 | Loss: 0.3488 | Correct: 115/128 | Elapsed Time: 23.90s
2026-02-12 09:39:56,155 | INFO | Batch 290 | Loss: 0.3778 | Correct: 120/128 | Elapsed Time: 23.96s
2026-02-12 09:40:20,093 | INFO | Batch 300 | Loss: 0.3531 | Correct: 110/128 | Elapsed Time: 23.94s
2026-02-12 09:40:43,895 | INFO | Batch 310 | Loss: 0.3286 | Correct: 116/128 | Elapsed Time: 23.80s
2026-02-12 09:41:07,798 | INFO | Batch 320 | Loss: 0.3697 | Correct: 110/128 | Elapsed Time: 23.90s
2026-02-12 09:41:31,579 | INFO | Batch 330 | Loss: 0.2517 | Correct: 116/128 | Elapsed Time: 23.78s
2026-02-12 09:41:55,290 | INFO | Batch 340 | Loss: 0.3014 | Correct: 113/128 | Elapsed Time: 23.71s
2026-02-12 09:42:19,105 | INFO | Batch 350 | Loss: 0.2283 | Correct: 116/128 | Elapsed Time: 23.81s
2026-02-12 09:42:42,941 | INFO | Batch 360 | Loss: 0.2921 | Correct: 113/128 | Elapsed Time: 23.84s
2026-02-12 09:43:06,931 | INFO | Batch 370 | Loss: 0.3988 | Correct: 115/128 | Elapsed Time: 23.99s
2026-02-12 09:43:30,719 | INFO | Batch 380 | Loss: 0.4070 | Correct: 107/128 | Elapsed Time: 23.79s
2026-02-12 09:43:54,455 | INFO | Batch 390 | Loss: 0.3441 | Correct: 114/128 | Elapsed Time: 23.74s
2026-02-12 09:43:56,062 | INFO | Epoch [39/100] - Loss: 0.3721 | Correct: 43429/50000 (86.86%, 928.76s)
2026-02-12 09:45:08,341 | INFO | Validation - Loss: 0.5222 | Correct: 8317/10000 (83.17%) (72.28s)
2026-02-12 09:45:08,641 | INFO | New best model saved at epoch 39 with Top1 Acc: 83.17%
2026-02-12 09:45:32,304 | INFO | Batch 10 | Loss: 0.3147 | Correct: 112/128 | Elapsed Time: 23.66s
2026-02-12 09:45:56,021 | INFO | Batch 20 | Loss: 0.2929 | Correct: 115/128 | Elapsed Time: 23.72s
2026-02-12 09:46:19,789 | INFO | Batch 30 | Loss: 0.2708 | Correct: 112/128 | Elapsed Time: 23.77s
2026-02-12 09:46:43,575 | INFO | Batch 40 | Loss: 0.3768 | Correct: 112/128 | Elapsed Time: 23.79s
2026-02-12 09:47:07,282 | INFO | Batch 50 | Loss: 0.3255 | Correct: 109/128 | Elapsed Time: 23.71s
2026-02-12 09:47:30,933 | INFO | Batch 60 | Loss: 0.4367 | Correct: 107/128 | Elapsed Time: 23.65s
2026-02-12 09:47:54,619 | INFO | Batch 70 | Loss: 0.3692 | Correct: 112/128 | Elapsed Time: 23.69s
2026-02-12 09:48:18,402 | INFO | Batch 80 | Loss: 0.3113 | Correct: 115/128 | Elapsed Time: 23.78s
2026-02-12 09:48:42,060 | INFO | Batch 90 | Loss: 0.4736 | Correct: 108/128 | Elapsed Time: 23.66s
2026-02-12 09:49:06,074 | INFO | Batch 100 | Loss: 0.4560 | Correct: 110/128 | Elapsed Time: 24.01s
2026-02-12 09:49:29,846 | INFO | Batch 110 | Loss: 0.3203 | Correct: 106/128 | Elapsed Time: 23.77s
2026-02-12 09:49:53,557 | INFO | Batch 120 | Loss: 0.4853 | Correct: 108/128 | Elapsed Time: 23.71s
2026-02-12 09:50:17,259 | INFO | Batch 130 | Loss: 0.4159 | Correct: 110/128 | Elapsed Time: 23.70s
2026-02-12 09:50:40,948 | INFO | Batch 140 | Loss: 0.4065 | Correct: 110/128 | Elapsed Time: 23.69s
2026-02-12 09:51:04,681 | INFO | Batch 150 | Loss: 0.3151 | Correct: 112/128 | Elapsed Time: 23.73s
2026-02-12 09:51:28,362 | INFO | Batch 160 | Loss: 0.4426 | Correct: 109/128 | Elapsed Time: 23.68s
2026-02-12 09:51:52,101 | INFO | Batch 170 | Loss: 0.3898 | Correct: 103/128 | Elapsed Time: 23.74s
2026-02-12 09:52:15,818 | INFO | Batch 180 | Loss: 0.4114 | Correct: 108/128 | Elapsed Time: 23.72s
2026-02-12 09:52:39,531 | INFO | Batch 190 | Loss: 0.3768 | Correct: 107/128 | Elapsed Time: 23.71s
2026-02-12 09:53:03,167 | INFO | Batch 200 | Loss: 0.4788 | Correct: 107/128 | Elapsed Time: 23.64s
2026-02-12 09:53:26,844 | INFO | Batch 210 | Loss: 0.3216 | Correct: 115/128 | Elapsed Time: 23.68s
2026-02-12 09:53:50,347 | INFO | Batch 220 | Loss: 0.2437 | Correct: 118/128 | Elapsed Time: 23.50s
2026-02-12 09:54:14,056 | INFO | Batch 230 | Loss: 0.3105 | Correct: 112/128 | Elapsed Time: 23.71s
2026-02-12 09:54:37,702 | INFO | Batch 240 | Loss: 0.2565 | Correct: 118/128 | Elapsed Time: 23.65s
2026-02-12 09:55:01,271 | INFO | Batch 250 | Loss: 0.3545 | Correct: 110/128 | Elapsed Time: 23.57s
2026-02-12 09:55:24,821 | INFO | Batch 260 | Loss: 0.4986 | Correct: 105/128 | Elapsed Time: 23.55s
2026-02-12 09:55:48,352 | INFO | Batch 270 | Loss: 0.3830 | Correct: 108/128 | Elapsed Time: 23.53s
2026-02-12 09:56:11,964 | INFO | Batch 280 | Loss: 0.3304 | Correct: 114/128 | Elapsed Time: 23.61s
2026-02-12 09:56:35,601 | INFO | Batch 290 | Loss: 0.3977 | Correct: 110/128 | Elapsed Time: 23.64s
2026-02-12 09:56:59,149 | INFO | Batch 300 | Loss: 0.3349 | Correct: 111/128 | Elapsed Time: 23.55s
2026-02-12 09:57:22,760 | INFO | Batch 310 | Loss: 0.4573 | Correct: 107/128 | Elapsed Time: 23.61s
2026-02-12 09:57:46,308 | INFO | Batch 320 | Loss: 0.3194 | Correct: 113/128 | Elapsed Time: 23.55s
2026-02-12 09:58:09,887 | INFO | Batch 330 | Loss: 0.3423 | Correct: 108/128 | Elapsed Time: 23.58s
2026-02-12 09:58:33,434 | INFO | Batch 340 | Loss: 0.3269 | Correct: 111/128 | Elapsed Time: 23.55s
2026-02-12 09:58:57,134 | INFO | Batch 350 | Loss: 0.2763 | Correct: 115/128 | Elapsed Time: 23.70s
2026-02-12 09:59:21,251 | INFO | Batch 360 | Loss: 0.3540 | Correct: 114/128 | Elapsed Time: 24.12s
2026-02-12 09:59:44,819 | INFO | Batch 370 | Loss: 0.3866 | Correct: 108/128 | Elapsed Time: 23.57s
2026-02-12 10:00:08,371 | INFO | Batch 380 | Loss: 0.4059 | Correct: 108/128 | Elapsed Time: 23.55s
2026-02-12 10:00:31,948 | INFO | Batch 390 | Loss: 0.3758 | Correct: 113/128 | Elapsed Time: 23.58s
2026-02-12 10:00:33,543 | INFO | Epoch [40/100] - Loss: 0.3692 | Correct: 43379/50000 (86.76%, 924.90s)
2026-02-12 10:01:45,340 | INFO | Validation - Loss: 0.5881 | Correct: 8099/10000 (80.99%) (71.80s)
2026-02-12 10:02:09,018 | INFO | Batch 10 | Loss: 0.3507 | Correct: 111/128 | Elapsed Time: 23.68s
2026-02-12 10:02:32,709 | INFO | Batch 20 | Loss: 0.3804 | Correct: 112/128 | Elapsed Time: 23.69s
2026-02-12 10:02:56,240 | INFO | Batch 30 | Loss: 0.3009 | Correct: 117/128 | Elapsed Time: 23.53s
2026-02-12 10:03:20,020 | INFO | Batch 40 | Loss: 0.2420 | Correct: 115/128 | Elapsed Time: 23.78s
2026-02-12 10:03:43,879 | INFO | Batch 50 | Loss: 0.5278 | Correct: 103/128 | Elapsed Time: 23.86s
2026-02-12 10:04:07,730 | INFO | Batch 60 | Loss: 0.2693 | Correct: 117/128 | Elapsed Time: 23.85s
2026-02-12 10:04:31,470 | INFO | Batch 70 | Loss: 0.3579 | Correct: 114/128 | Elapsed Time: 23.74s
2026-02-12 10:04:55,336 | INFO | Batch 80 | Loss: 0.3109 | Correct: 115/128 | Elapsed Time: 23.87s
2026-02-12 10:05:19,126 | INFO | Batch 90 | Loss: 0.4210 | Correct: 109/128 | Elapsed Time: 23.79s
2026-02-12 10:05:42,907 | INFO | Batch 100 | Loss: 0.3892 | Correct: 112/128 | Elapsed Time: 23.78s
2026-02-12 10:06:06,669 | INFO | Batch 110 | Loss: 0.3190 | Correct: 113/128 | Elapsed Time: 23.76s
2026-02-12 10:06:30,421 | INFO | Batch 120 | Loss: 0.2997 | Correct: 113/128 | Elapsed Time: 23.75s
2026-02-12 10:06:54,142 | INFO | Batch 130 | Loss: 0.3589 | Correct: 111/128 | Elapsed Time: 23.72s
2026-02-12 10:07:18,053 | INFO | Batch 140 | Loss: 0.3967 | Correct: 110/128 | Elapsed Time: 23.91s
2026-02-12 10:07:41,831 | INFO | Batch 150 | Loss: 0.3336 | Correct: 110/128 | Elapsed Time: 23.78s
2026-02-12 10:08:05,613 | INFO | Batch 160 | Loss: 0.2890 | Correct: 117/128 | Elapsed Time: 23.78s
2026-02-12 10:08:29,366 | INFO | Batch 170 | Loss: 0.4021 | Correct: 112/128 | Elapsed Time: 23.75s
2026-02-12 10:08:53,130 | INFO | Batch 180 | Loss: 0.4906 | Correct: 107/128 | Elapsed Time: 23.76s
2026-02-12 10:09:17,228 | INFO | Batch 190 | Loss: 0.4092 | Correct: 109/128 | Elapsed Time: 24.10s
2026-02-12 10:09:41,011 | INFO | Batch 200 | Loss: 0.4087 | Correct: 108/128 | Elapsed Time: 23.78s
2026-02-12 10:10:04,945 | INFO | Batch 210 | Loss: 0.4499 | Correct: 107/128 | Elapsed Time: 23.93s
2026-02-12 10:10:28,742 | INFO | Batch 220 | Loss: 0.4847 | Correct: 107/128 | Elapsed Time: 23.80s
2026-02-12 10:10:52,600 | INFO | Batch 230 | Loss: 0.3340 | Correct: 109/128 | Elapsed Time: 23.86s
2026-02-12 10:11:16,555 | INFO | Batch 240 | Loss: 0.3940 | Correct: 110/128 | Elapsed Time: 23.96s
2026-02-12 10:11:40,381 | INFO | Batch 250 | Loss: 0.3692 | Correct: 113/128 | Elapsed Time: 23.83s
2026-02-12 10:12:04,218 | INFO | Batch 260 | Loss: 0.3589 | Correct: 111/128 | Elapsed Time: 23.84s
2026-02-12 10:12:28,155 | INFO | Batch 270 | Loss: 0.2490 | Correct: 119/128 | Elapsed Time: 23.94s
2026-02-12 10:12:52,039 | INFO | Batch 280 | Loss: 0.2894 | Correct: 115/128 | Elapsed Time: 23.88s
2026-02-12 10:13:15,950 | INFO | Batch 290 | Loss: 0.4736 | Correct: 103/128 | Elapsed Time: 23.91s
2026-02-12 10:13:39,710 | INFO | Batch 300 | Loss: 0.3677 | Correct: 111/128 | Elapsed Time: 23.76s
2026-02-12 10:14:03,396 | INFO | Batch 310 | Loss: 0.3181 | Correct: 114/128 | Elapsed Time: 23.69s
2026-02-12 10:14:27,101 | INFO | Batch 320 | Loss: 0.5089 | Correct: 106/128 | Elapsed Time: 23.71s
2026-02-12 10:14:50,900 | INFO | Batch 330 | Loss: 0.3507 | Correct: 113/128 | Elapsed Time: 23.80s
2026-02-12 10:15:14,668 | INFO | Batch 340 | Loss: 0.3105 | Correct: 114/128 | Elapsed Time: 23.77s
2026-02-12 10:15:38,355 | INFO | Batch 350 | Loss: 0.3564 | Correct: 112/128 | Elapsed Time: 23.69s
2026-02-12 10:16:02,188 | INFO | Batch 360 | Loss: 0.4536 | Correct: 106/128 | Elapsed Time: 23.83s
2026-02-12 10:16:26,001 | INFO | Batch 370 | Loss: 0.4037 | Correct: 113/128 | Elapsed Time: 23.81s
2026-02-12 10:16:49,826 | INFO | Batch 380 | Loss: 0.3376 | Correct: 115/128 | Elapsed Time: 23.82s
2026-02-12 10:17:13,742 | INFO | Batch 390 | Loss: 0.2969 | Correct: 113/128 | Elapsed Time: 23.92s
2026-02-12 10:17:15,359 | INFO | Epoch [41/100] - Loss: 0.3607 | Correct: 43562/50000 (87.12%, 930.02s)
2026-02-12 10:18:27,740 | INFO | Validation - Loss: 0.5145 | Correct: 8248/10000 (82.48%) (72.38s)
2026-02-12 10:18:51,578 | INFO | Batch 10 | Loss: 0.3199 | Correct: 109/128 | Elapsed Time: 23.84s
2026-02-12 10:19:15,860 | INFO | Batch 20 | Loss: 0.3238 | Correct: 114/128 | Elapsed Time: 24.28s
2026-02-12 10:19:39,661 | INFO | Batch 30 | Loss: 0.3972 | Correct: 111/128 | Elapsed Time: 23.80s
2026-02-12 10:20:03,369 | INFO | Batch 40 | Loss: 0.3758 | Correct: 110/128 | Elapsed Time: 23.71s
2026-02-12 10:20:27,022 | INFO | Batch 50 | Loss: 0.3216 | Correct: 115/128 | Elapsed Time: 23.65s
2026-02-12 10:20:50,791 | INFO | Batch 60 | Loss: 0.4946 | Correct: 105/128 | Elapsed Time: 23.77s
2026-02-12 10:21:14,518 | INFO | Batch 70 | Loss: 0.2639 | Correct: 111/128 | Elapsed Time: 23.73s
2026-02-12 10:21:38,196 | INFO | Batch 80 | Loss: 0.3313 | Correct: 110/128 | Elapsed Time: 23.68s
2026-02-12 10:22:01,872 | INFO | Batch 90 | Loss: 0.3824 | Correct: 111/128 | Elapsed Time: 23.68s
2026-02-12 10:22:25,501 | INFO | Batch 100 | Loss: 0.2741 | Correct: 118/128 | Elapsed Time: 23.63s
2026-02-12 10:22:49,170 | INFO | Batch 110 | Loss: 0.3652 | Correct: 114/128 | Elapsed Time: 23.67s
2026-02-12 10:23:13,008 | INFO | Batch 120 | Loss: 0.2981 | Correct: 114/128 | Elapsed Time: 23.84s
2026-02-12 10:23:36,709 | INFO | Batch 130 | Loss: 0.3845 | Correct: 109/128 | Elapsed Time: 23.70s
2026-02-12 10:24:00,385 | INFO | Batch 140 | Loss: 0.3526 | Correct: 106/128 | Elapsed Time: 23.68s
2026-02-12 10:24:24,046 | INFO | Batch 150 | Loss: 0.3075 | Correct: 114/128 | Elapsed Time: 23.66s
2026-02-12 10:24:47,752 | INFO | Batch 160 | Loss: 0.4403 | Correct: 109/128 | Elapsed Time: 23.71s
2026-02-12 10:25:11,433 | INFO | Batch 170 | Loss: 0.3682 | Correct: 109/128 | Elapsed Time: 23.68s
2026-02-12 10:25:35,244 | INFO | Batch 180 | Loss: 0.3717 | Correct: 112/128 | Elapsed Time: 23.81s
2026-02-12 10:25:58,956 | INFO | Batch 190 | Loss: 0.4953 | Correct: 106/128 | Elapsed Time: 23.71s
2026-02-12 10:26:22,637 | INFO | Batch 200 | Loss: 0.3633 | Correct: 108/128 | Elapsed Time: 23.68s
2026-02-12 10:26:46,261 | INFO | Batch 210 | Loss: 0.4648 | Correct: 110/128 | Elapsed Time: 23.62s
2026-02-12 10:27:09,990 | INFO | Batch 220 | Loss: 0.3038 | Correct: 117/128 | Elapsed Time: 23.73s
2026-02-12 10:27:33,712 | INFO | Batch 230 | Loss: 0.2929 | Correct: 117/128 | Elapsed Time: 23.72s
2026-02-12 10:27:57,450 | INFO | Batch 240 | Loss: 0.3677 | Correct: 113/128 | Elapsed Time: 23.74s
2026-02-12 10:28:21,422 | INFO | Batch 250 | Loss: 0.3309 | Correct: 118/128 | Elapsed Time: 23.97s
2026-02-12 10:28:45,166 | INFO | Batch 260 | Loss: 0.3446 | Correct: 112/128 | Elapsed Time: 23.74s
2026-02-12 10:29:09,324 | INFO | Batch 270 | Loss: 0.2756 | Correct: 117/128 | Elapsed Time: 24.16s
2026-02-12 10:29:33,068 | INFO | Batch 280 | Loss: 0.2901 | Correct: 116/128 | Elapsed Time: 23.74s
2026-02-12 10:29:56,788 | INFO | Batch 290 | Loss: 0.3464 | Correct: 116/128 | Elapsed Time: 23.72s
2026-02-12 10:30:20,567 | INFO | Batch 300 | Loss: 0.4610 | Correct: 110/128 | Elapsed Time: 23.78s
2026-02-12 10:30:44,392 | INFO | Batch 310 | Loss: 0.2909 | Correct: 115/128 | Elapsed Time: 23.83s
2026-02-12 10:31:08,153 | INFO | Batch 320 | Loss: 0.2775 | Correct: 115/128 | Elapsed Time: 23.76s
2026-02-12 10:31:31,867 | INFO | Batch 330 | Loss: 0.4795 | Correct: 103/128 | Elapsed Time: 23.71s
2026-02-12 10:31:55,568 | INFO | Batch 340 | Loss: 0.5430 | Correct: 106/128 | Elapsed Time: 23.70s
2026-02-12 10:32:19,370 | INFO | Batch 350 | Loss: 0.3887 | Correct: 110/128 | Elapsed Time: 23.80s
2026-02-12 10:32:43,132 | INFO | Batch 360 | Loss: 0.4199 | Correct: 107/128 | Elapsed Time: 23.76s
2026-02-12 10:33:07,123 | INFO | Batch 370 | Loss: 0.3014 | Correct: 117/128 | Elapsed Time: 23.99s
2026-02-12 10:33:30,846 | INFO | Batch 380 | Loss: 0.3233 | Correct: 110/128 | Elapsed Time: 23.72s
2026-02-12 10:33:54,621 | INFO | Batch 390 | Loss: 0.3014 | Correct: 115/128 | Elapsed Time: 23.78s
2026-02-12 10:33:56,239 | INFO | Epoch [42/100] - Loss: 0.3552 | Correct: 43721/50000 (87.44%, 928.50s)
2026-02-12 10:35:08,453 | INFO | Validation - Loss: 0.6694 | Correct: 7878/10000 (78.78%) (72.21s)
2026-02-12 10:35:32,151 | INFO | Batch 10 | Loss: 0.3809 | Correct: 112/128 | Elapsed Time: 23.70s
2026-02-12 10:35:55,855 | INFO | Batch 20 | Loss: 0.3092 | Correct: 114/128 | Elapsed Time: 23.70s
2026-02-12 10:36:19,654 | INFO | Batch 30 | Loss: 0.4821 | Correct: 107/128 | Elapsed Time: 23.80s
2026-02-12 10:36:43,406 | INFO | Batch 40 | Loss: 0.3516 | Correct: 112/128 | Elapsed Time: 23.75s
2026-02-12 10:37:07,101 | INFO | Batch 50 | Loss: 0.4032 | Correct: 108/128 | Elapsed Time: 23.69s
2026-02-12 10:37:30,750 | INFO | Batch 60 | Loss: 0.3540 | Correct: 114/128 | Elapsed Time: 23.65s
2026-02-12 10:37:54,328 | INFO | Batch 70 | Loss: 0.3712 | Correct: 109/128 | Elapsed Time: 23.58s
2026-02-12 10:38:18,037 | INFO | Batch 80 | Loss: 0.3742 | Correct: 110/128 | Elapsed Time: 23.71s
2026-02-12 10:38:41,754 | INFO | Batch 90 | Loss: 0.2565 | Correct: 120/128 | Elapsed Time: 23.72s
2026-02-12 10:39:05,722 | INFO | Batch 100 | Loss: 0.3773 | Correct: 114/128 | Elapsed Time: 23.97s
2026-02-12 10:39:29,532 | INFO | Batch 110 | Loss: 0.3242 | Correct: 112/128 | Elapsed Time: 23.81s
2026-02-12 10:39:53,253 | INFO | Batch 120 | Loss: 0.3460 | Correct: 114/128 | Elapsed Time: 23.72s
2026-02-12 10:40:16,979 | INFO | Batch 130 | Loss: 0.2782 | Correct: 116/128 | Elapsed Time: 23.73s
2026-02-12 10:40:40,685 | INFO | Batch 140 | Loss: 0.4256 | Correct: 107/128 | Elapsed Time: 23.71s
2026-02-12 10:41:04,555 | INFO | Batch 150 | Loss: 0.4529 | Correct: 107/128 | Elapsed Time: 23.87s
2026-02-12 10:41:28,226 | INFO | Batch 160 | Loss: 0.4021 | Correct: 109/128 | Elapsed Time: 23.67s
2026-02-12 10:41:52,110 | INFO | Batch 170 | Loss: 0.4873 | Correct: 103/128 | Elapsed Time: 23.88s
2026-02-12 10:42:15,871 | INFO | Batch 180 | Loss: 0.3381 | Correct: 111/128 | Elapsed Time: 23.76s
2026-02-12 10:42:39,574 | INFO | Batch 190 | Loss: 0.2243 | Correct: 116/128 | Elapsed Time: 23.70s
2026-02-12 10:43:03,332 | INFO | Batch 200 | Loss: 0.3887 | Correct: 112/128 | Elapsed Time: 23.76s
2026-02-12 10:43:27,055 | INFO | Batch 210 | Loss: 0.3647 | Correct: 116/128 | Elapsed Time: 23.72s
2026-02-12 10:43:50,769 | INFO | Batch 220 | Loss: 0.3682 | Correct: 109/128 | Elapsed Time: 23.71s
2026-02-12 10:44:14,578 | INFO | Batch 230 | Loss: 0.3322 | Correct: 113/128 | Elapsed Time: 23.81s
2026-02-12 10:44:38,318 | INFO | Batch 240 | Loss: 0.3637 | Correct: 110/128 | Elapsed Time: 23.74s
2026-02-12 10:45:02,033 | INFO | Batch 250 | Loss: 0.5898 | Correct: 99/128 | Elapsed Time: 23.72s
2026-02-12 10:45:25,790 | INFO | Batch 260 | Loss: 0.3845 | Correct: 113/128 | Elapsed Time: 23.76s
2026-02-12 10:45:49,546 | INFO | Batch 270 | Loss: 0.4015 | Correct: 109/128 | Elapsed Time: 23.76s
2026-02-12 10:46:13,256 | INFO | Batch 280 | Loss: 0.2368 | Correct: 119/128 | Elapsed Time: 23.71s
2026-02-12 10:46:37,123 | INFO | Batch 290 | Loss: 0.4536 | Correct: 111/128 | Elapsed Time: 23.87s
2026-02-12 10:47:00,827 | INFO | Batch 300 | Loss: 0.4337 | Correct: 109/128 | Elapsed Time: 23.70s
2026-02-12 10:47:24,561 | INFO | Batch 310 | Loss: 0.3046 | Correct: 115/128 | Elapsed Time: 23.73s
2026-02-12 10:47:48,274 | INFO | Batch 320 | Loss: 0.3628 | Correct: 113/128 | Elapsed Time: 23.71s
2026-02-12 10:48:11,998 | INFO | Batch 330 | Loss: 0.2664 | Correct: 117/128 | Elapsed Time: 23.72s
2026-02-12 10:48:35,768 | INFO | Batch 340 | Loss: 0.3531 | Correct: 105/128 | Elapsed Time: 23.77s
2026-02-12 10:48:59,655 | INFO | Batch 350 | Loss: 0.3677 | Correct: 108/128 | Elapsed Time: 23.89s
2026-02-12 10:49:23,956 | INFO | Batch 360 | Loss: 0.3845 | Correct: 113/128 | Elapsed Time: 24.30s
2026-02-12 10:49:47,677 | INFO | Batch 370 | Loss: 0.3381 | Correct: 114/128 | Elapsed Time: 23.72s
2026-02-12 10:50:11,456 | INFO | Batch 380 | Loss: 0.3173 | Correct: 114/128 | Elapsed Time: 23.78s
2026-02-12 10:50:35,167 | INFO | Batch 390 | Loss: 0.3550 | Correct: 112/128 | Elapsed Time: 23.71s
2026-02-12 10:50:36,785 | INFO | Epoch [43/100] - Loss: 0.3556 | Correct: 43699/50000 (87.40%, 928.33s)
2026-02-12 10:51:48,955 | INFO | Validation - Loss: 0.5404 | Correct: 8173/10000 (81.73%) (72.17s)
2026-02-12 10:52:12,662 | INFO | Batch 10 | Loss: 0.3732 | Correct: 108/128 | Elapsed Time: 23.70s
2026-02-12 10:52:36,493 | INFO | Batch 20 | Loss: 0.2737 | Correct: 117/128 | Elapsed Time: 23.83s
2026-02-12 10:53:00,218 | INFO | Batch 30 | Loss: 0.3143 | Correct: 115/128 | Elapsed Time: 23.72s
2026-02-12 10:53:23,976 | INFO | Batch 40 | Loss: 0.4210 | Correct: 111/128 | Elapsed Time: 23.76s
2026-02-12 10:53:47,721 | INFO | Batch 50 | Loss: 0.3830 | Correct: 111/128 | Elapsed Time: 23.74s
2026-02-12 10:54:11,482 | INFO | Batch 60 | Loss: 0.3642 | Correct: 114/128 | Elapsed Time: 23.76s
2026-02-12 10:54:35,221 | INFO | Batch 70 | Loss: 0.4054 | Correct: 110/128 | Elapsed Time: 23.74s
2026-02-12 10:54:59,038 | INFO | Batch 80 | Loss: 0.3589 | Correct: 110/128 | Elapsed Time: 23.82s
2026-02-12 10:55:22,867 | INFO | Batch 90 | Loss: 0.3413 | Correct: 110/128 | Elapsed Time: 23.83s
2026-02-12 10:55:46,528 | INFO | Batch 100 | Loss: 0.3050 | Correct: 111/128 | Elapsed Time: 23.66s
2026-02-12 10:56:10,221 | INFO | Batch 110 | Loss: 0.4126 | Correct: 108/128 | Elapsed Time: 23.69s
2026-02-12 10:56:33,869 | INFO | Batch 120 | Loss: 0.4114 | Correct: 105/128 | Elapsed Time: 23.65s
2026-02-12 10:56:57,507 | INFO | Batch 130 | Loss: 0.2862 | Correct: 116/128 | Elapsed Time: 23.64s
2026-02-12 10:57:21,287 | INFO | Batch 140 | Loss: 0.4654 | Correct: 109/128 | Elapsed Time: 23.78s
2026-02-12 10:57:44,930 | INFO | Batch 150 | Loss: 0.3483 | Correct: 109/128 | Elapsed Time: 23.64s
2026-02-12 10:58:08,642 | INFO | Batch 160 | Loss: 0.3637 | Correct: 112/128 | Elapsed Time: 23.71s
2026-02-12 10:58:32,310 | INFO | Batch 170 | Loss: 0.3999 | Correct: 109/128 | Elapsed Time: 23.67s
2026-02-12 10:58:55,973 | INFO | Batch 180 | Loss: 0.3363 | Correct: 118/128 | Elapsed Time: 23.66s
2026-02-12 10:59:19,834 | INFO | Batch 190 | Loss: 0.2548 | Correct: 114/128 | Elapsed Time: 23.86s
2026-02-12 10:59:43,468 | INFO | Batch 200 | Loss: 0.3793 | Correct: 115/128 | Elapsed Time: 23.63s
2026-02-12 11:00:07,194 | INFO | Batch 210 | Loss: 0.3647 | Correct: 115/128 | Elapsed Time: 23.73s
2026-02-12 11:00:30,785 | INFO | Batch 220 | Loss: 0.2832 | Correct: 113/128 | Elapsed Time: 23.59s
2026-02-12 11:00:54,377 | INFO | Batch 230 | Loss: 0.2527 | Correct: 117/128 | Elapsed Time: 23.59s
2026-02-12 11:01:17,955 | INFO | Batch 240 | Loss: 0.3084 | Correct: 115/128 | Elapsed Time: 23.58s
2026-02-12 11:01:41,613 | INFO | Batch 250 | Loss: 0.3469 | Correct: 113/128 | Elapsed Time: 23.66s
2026-02-12 11:02:05,325 | INFO | Batch 260 | Loss: 0.2771 | Correct: 115/128 | Elapsed Time: 23.71s
2026-02-12 11:02:29,092 | INFO | Batch 270 | Loss: 0.3042 | Correct: 114/128 | Elapsed Time: 23.77s
2026-02-12 11:02:52,781 | INFO | Batch 280 | Loss: 0.3850 | Correct: 113/128 | Elapsed Time: 23.69s
2026-02-12 11:03:16,468 | INFO | Batch 290 | Loss: 0.3469 | Correct: 111/128 | Elapsed Time: 23.69s
2026-02-12 11:03:40,131 | INFO | Batch 300 | Loss: 0.4585 | Correct: 107/128 | Elapsed Time: 23.66s
2026-02-12 11:04:03,853 | INFO | Batch 310 | Loss: 0.3067 | Correct: 116/128 | Elapsed Time: 23.72s
2026-02-12 11:04:27,541 | INFO | Batch 320 | Loss: 0.2541 | Correct: 116/128 | Elapsed Time: 23.69s
2026-02-12 11:04:51,355 | INFO | Batch 330 | Loss: 0.3446 | Correct: 111/128 | Elapsed Time: 23.81s
2026-02-12 11:05:15,116 | INFO | Batch 340 | Loss: 0.4015 | Correct: 107/128 | Elapsed Time: 23.76s
2026-02-12 11:05:38,814 | INFO | Batch 350 | Loss: 0.2693 | Correct: 116/128 | Elapsed Time: 23.70s
2026-02-12 11:06:02,534 | INFO | Batch 360 | Loss: 0.4273 | Correct: 109/128 | Elapsed Time: 23.72s
2026-02-12 11:06:26,225 | INFO | Batch 370 | Loss: 0.4367 | Correct: 113/128 | Elapsed Time: 23.69s
2026-02-12 11:06:49,877 | INFO | Batch 380 | Loss: 0.2628 | Correct: 114/128 | Elapsed Time: 23.65s
2026-02-12 11:07:13,746 | INFO | Batch 390 | Loss: 0.4597 | Correct: 112/128 | Elapsed Time: 23.87s
2026-02-12 11:07:15,355 | INFO | Epoch [44/100] - Loss: 0.3525 | Correct: 43784/50000 (87.57%, 926.40s)
2026-02-12 11:08:27,298 | INFO | Validation - Loss: 0.5286 | Correct: 8281/10000 (82.81%) (71.94s)
2026-02-12 11:08:51,040 | INFO | Batch 10 | Loss: 0.4635 | Correct: 107/128 | Elapsed Time: 23.74s
2026-02-12 11:09:14,952 | INFO | Batch 20 | Loss: 0.3042 | Correct: 115/128 | Elapsed Time: 23.91s
2026-02-12 11:09:38,623 | INFO | Batch 30 | Loss: 0.2859 | Correct: 119/128 | Elapsed Time: 23.67s
2026-02-12 11:10:02,283 | INFO | Batch 40 | Loss: 0.2977 | Correct: 110/128 | Elapsed Time: 23.66s
2026-02-12 11:10:25,952 | INFO | Batch 50 | Loss: 0.3220 | Correct: 113/128 | Elapsed Time: 23.67s
2026-02-12 11:10:49,741 | INFO | Batch 60 | Loss: 0.2851 | Correct: 113/128 | Elapsed Time: 23.79s
2026-02-12 11:11:13,486 | INFO | Batch 70 | Loss: 0.3712 | Correct: 110/128 | Elapsed Time: 23.74s
2026-02-12 11:11:37,115 | INFO | Batch 80 | Loss: 0.2874 | Correct: 114/128 | Elapsed Time: 23.63s
2026-02-12 11:12:00,857 | INFO | Batch 90 | Loss: 0.3536 | Correct: 111/128 | Elapsed Time: 23.74s
2026-02-12 11:12:24,570 | INFO | Batch 100 | Loss: 0.4893 | Correct: 105/128 | Elapsed Time: 23.71s
2026-02-12 11:12:48,257 | INFO | Batch 110 | Loss: 0.3951 | Correct: 112/128 | Elapsed Time: 23.69s
2026-02-12 11:13:12,081 | INFO | Batch 120 | Loss: 0.2981 | Correct: 112/128 | Elapsed Time: 23.82s
2026-02-12 11:13:35,812 | INFO | Batch 130 | Loss: 0.2985 | Correct: 112/128 | Elapsed Time: 23.73s
2026-02-12 11:13:59,491 | INFO | Batch 140 | Loss: 0.3598 | Correct: 115/128 | Elapsed Time: 23.68s
2026-02-12 11:14:23,333 | INFO | Batch 150 | Loss: 0.2760 | Correct: 114/128 | Elapsed Time: 23.84s
2026-02-12 11:14:47,032 | INFO | Batch 160 | Loss: 0.4616 | Correct: 111/128 | Elapsed Time: 23.70s
2026-02-12 11:15:10,692 | INFO | Batch 170 | Loss: 0.4505 | Correct: 110/128 | Elapsed Time: 23.66s
2026-02-12 11:15:34,490 | INFO | Batch 180 | Loss: 0.3014 | Correct: 116/128 | Elapsed Time: 23.80s
2026-02-12 11:15:58,229 | INFO | Batch 190 | Loss: 0.3455 | Correct: 109/128 | Elapsed Time: 23.74s
2026-02-12 11:16:22,048 | INFO | Batch 200 | Loss: 0.4233 | Correct: 110/128 | Elapsed Time: 23.82s
2026-02-12 11:16:45,728 | INFO | Batch 210 | Loss: 0.3824 | Correct: 109/128 | Elapsed Time: 23.68s
2026-02-12 11:17:09,495 | INFO | Batch 220 | Loss: 0.5504 | Correct: 104/128 | Elapsed Time: 23.77s
2026-02-12 11:17:33,097 | INFO | Batch 230 | Loss: 0.3682 | Correct: 107/128 | Elapsed Time: 23.60s
2026-02-12 11:17:56,845 | INFO | Batch 240 | Loss: 0.4314 | Correct: 107/128 | Elapsed Time: 23.75s
2026-02-12 11:18:20,629 | INFO | Batch 250 | Loss: 0.4692 | Correct: 103/128 | Elapsed Time: 23.78s
2026-02-12 11:18:44,316 | INFO | Batch 260 | Loss: 0.3399 | Correct: 112/128 | Elapsed Time: 23.69s
2026-02-12 11:19:08,195 | INFO | Batch 270 | Loss: 0.3967 | Correct: 109/128 | Elapsed Time: 23.88s
2026-02-12 11:19:31,896 | INFO | Batch 280 | Loss: 0.3318 | Correct: 114/128 | Elapsed Time: 23.70s
2026-02-12 11:19:55,632 | INFO | Batch 290 | Loss: 0.3662 | Correct: 112/128 | Elapsed Time: 23.74s
2026-02-12 11:20:19,393 | INFO | Batch 300 | Loss: 0.3536 | Correct: 111/128 | Elapsed Time: 23.76s
2026-02-12 11:20:43,227 | INFO | Batch 310 | Loss: 0.3096 | Correct: 111/128 | Elapsed Time: 23.83s
2026-02-12 11:21:06,900 | INFO | Batch 320 | Loss: 0.3105 | Correct: 114/128 | Elapsed Time: 23.67s
2026-02-12 11:21:30,524 | INFO | Batch 330 | Loss: 0.3804 | Correct: 110/128 | Elapsed Time: 23.62s
2026-02-12 11:21:54,117 | INFO | Batch 340 | Loss: 0.3474 | Correct: 111/128 | Elapsed Time: 23.59s
2026-02-12 11:22:17,920 | INFO | Batch 350 | Loss: 0.4326 | Correct: 109/128 | Elapsed Time: 23.80s
2026-02-12 11:22:41,604 | INFO | Batch 360 | Loss: 0.4314 | Correct: 106/128 | Elapsed Time: 23.68s
2026-02-12 11:23:05,487 | INFO | Batch 370 | Loss: 0.3737 | Correct: 111/128 | Elapsed Time: 23.88s
2026-02-12 11:23:29,183 | INFO | Batch 380 | Loss: 0.4043 | Correct: 109/128 | Elapsed Time: 23.70s
2026-02-12 11:23:52,848 | INFO | Batch 390 | Loss: 0.3717 | Correct: 111/128 | Elapsed Time: 23.67s
2026-02-12 11:23:54,452 | INFO | Epoch [45/100] - Loss: 0.3476 | Correct: 43881/50000 (87.76%, 927.15s)
2026-02-12 11:25:06,676 | INFO | Validation - Loss: 0.5603 | Correct: 8173/10000 (81.73%) (72.22s)
2026-02-12 11:25:30,470 | INFO | Batch 10 | Loss: 0.2456 | Correct: 117/128 | Elapsed Time: 23.79s
2026-02-12 11:25:54,338 | INFO | Batch 20 | Loss: 0.2480 | Correct: 120/128 | Elapsed Time: 23.87s
2026-02-12 11:26:18,251 | INFO | Batch 30 | Loss: 0.3367 | Correct: 111/128 | Elapsed Time: 23.91s
2026-02-12 11:26:42,210 | INFO | Batch 40 | Loss: 0.2679 | Correct: 116/128 | Elapsed Time: 23.96s
2026-02-12 11:27:06,017 | INFO | Batch 50 | Loss: 0.3956 | Correct: 108/128 | Elapsed Time: 23.81s
2026-02-12 11:27:29,812 | INFO | Batch 60 | Loss: 0.3376 | Correct: 114/128 | Elapsed Time: 23.80s
2026-02-12 11:27:53,464 | INFO | Batch 70 | Loss: 0.3300 | Correct: 111/128 | Elapsed Time: 23.65s
2026-02-12 11:28:17,233 | INFO | Batch 80 | Loss: 0.3469 | Correct: 113/128 | Elapsed Time: 23.77s
2026-02-12 11:28:40,874 | INFO | Batch 90 | Loss: 0.3155 | Correct: 109/128 | Elapsed Time: 23.64s
2026-02-12 11:29:05,030 | INFO | Batch 100 | Loss: 0.4585 | Correct: 108/128 | Elapsed Time: 24.16s
2026-02-12 11:29:28,763 | INFO | Batch 110 | Loss: 0.5733 | Correct: 106/128 | Elapsed Time: 23.73s
2026-02-12 11:29:52,434 | INFO | Batch 120 | Loss: 0.3034 | Correct: 114/128 | Elapsed Time: 23.67s
2026-02-12 11:30:16,116 | INFO | Batch 130 | Loss: 0.3809 | Correct: 106/128 | Elapsed Time: 23.68s
2026-02-12 11:30:39,847 | INFO | Batch 140 | Loss: 0.3212 | Correct: 114/128 | Elapsed Time: 23.73s
2026-02-12 11:31:03,590 | INFO | Batch 150 | Loss: 0.4120 | Correct: 110/128 | Elapsed Time: 23.74s
2026-02-12 11:31:27,432 | INFO | Batch 160 | Loss: 0.3574 | Correct: 114/128 | Elapsed Time: 23.84s
2026-02-12 11:31:51,177 | INFO | Batch 170 | Loss: 0.4629 | Correct: 105/128 | Elapsed Time: 23.74s
2026-02-12 11:32:14,854 | INFO | Batch 180 | Loss: 0.3768 | Correct: 114/128 | Elapsed Time: 23.68s
2026-02-12 11:32:38,592 | INFO | Batch 190 | Loss: 0.4654 | Correct: 107/128 | Elapsed Time: 23.74s
2026-02-12 11:33:02,296 | INFO | Batch 200 | Loss: 0.2828 | Correct: 115/128 | Elapsed Time: 23.70s
2026-02-12 11:33:26,123 | INFO | Batch 210 | Loss: 0.2741 | Correct: 116/128 | Elapsed Time: 23.83s
2026-02-12 11:33:49,990 | INFO | Batch 220 | Loss: 0.2719 | Correct: 115/128 | Elapsed Time: 23.87s
2026-02-12 11:34:13,734 | INFO | Batch 230 | Loss: 0.4385 | Correct: 105/128 | Elapsed Time: 23.74s
2026-02-12 11:34:37,501 | INFO | Batch 240 | Loss: 0.4081 | Correct: 109/128 | Elapsed Time: 23.77s
2026-02-12 11:35:01,214 | INFO | Batch 250 | Loss: 0.2583 | Correct: 120/128 | Elapsed Time: 23.71s
2026-02-12 11:35:25,008 | INFO | Batch 260 | Loss: 0.3929 | Correct: 109/128 | Elapsed Time: 23.79s
2026-02-12 11:35:48,819 | INFO | Batch 270 | Loss: 0.3246 | Correct: 114/128 | Elapsed Time: 23.81s
2026-02-12 11:36:12,657 | INFO | Batch 280 | Loss: 0.3850 | Correct: 108/128 | Elapsed Time: 23.84s
2026-02-12 11:36:36,382 | INFO | Batch 290 | Loss: 0.3269 | Correct: 116/128 | Elapsed Time: 23.72s
2026-02-12 11:37:00,114 | INFO | Batch 300 | Loss: 0.2741 | Correct: 118/128 | Elapsed Time: 23.73s
2026-02-12 11:37:23,858 | INFO | Batch 310 | Loss: 0.3778 | Correct: 106/128 | Elapsed Time: 23.74s
2026-02-12 11:37:47,587 | INFO | Batch 320 | Loss: 0.3042 | Correct: 116/128 | Elapsed Time: 23.73s
2026-02-12 11:38:11,287 | INFO | Batch 330 | Loss: 0.5130 | Correct: 105/128 | Elapsed Time: 23.70s
2026-02-12 11:38:35,101 | INFO | Batch 340 | Loss: 0.3584 | Correct: 113/128 | Elapsed Time: 23.81s
2026-02-12 11:38:58,830 | INFO | Batch 350 | Loss: 0.3903 | Correct: 109/128 | Elapsed Time: 23.73s
2026-02-12 11:39:22,876 | INFO | Batch 360 | Loss: 0.3464 | Correct: 111/128 | Elapsed Time: 24.05s
2026-02-12 11:39:46,659 | INFO | Batch 370 | Loss: 0.3732 | Correct: 112/128 | Elapsed Time: 23.78s
2026-02-12 11:40:10,361 | INFO | Batch 380 | Loss: 0.4986 | Correct: 103/128 | Elapsed Time: 23.70s
2026-02-12 11:40:34,004 | INFO | Batch 390 | Loss: 0.3345 | Correct: 116/128 | Elapsed Time: 23.64s
2026-02-12 11:40:35,612 | INFO | Epoch [46/100] - Loss: 0.3415 | Correct: 43963/50000 (87.93%, 928.93s)
2026-02-12 11:41:47,667 | INFO | Validation - Loss: 0.6216 | Correct: 7962/10000 (79.62%) (72.05s)
2026-02-12 11:42:11,472 | INFO | Batch 10 | Loss: 0.3835 | Correct: 109/128 | Elapsed Time: 23.80s
2026-02-12 11:42:35,165 | INFO | Batch 20 | Loss: 0.2909 | Correct: 117/128 | Elapsed Time: 23.69s
2026-02-12 11:42:58,864 | INFO | Batch 30 | Loss: 0.2437 | Correct: 115/128 | Elapsed Time: 23.70s
2026-02-12 11:43:22,551 | INFO | Batch 40 | Loss: 0.4204 | Correct: 110/128 | Elapsed Time: 23.69s
2026-02-12 11:43:46,225 | INFO | Batch 50 | Loss: 0.2961 | Correct: 112/128 | Elapsed Time: 23.67s
2026-02-12 11:44:10,012 | INFO | Batch 60 | Loss: 0.2019 | Correct: 120/128 | Elapsed Time: 23.79s
2026-02-12 11:44:33,766 | INFO | Batch 70 | Loss: 0.2476 | Correct: 117/128 | Elapsed Time: 23.75s
2026-02-12 11:44:57,563 | INFO | Batch 80 | Loss: 0.2664 | Correct: 118/128 | Elapsed Time: 23.80s
2026-02-12 11:45:21,267 | INFO | Batch 90 | Loss: 0.2527 | Correct: 116/128 | Elapsed Time: 23.70s
2026-02-12 11:45:44,901 | INFO | Batch 100 | Loss: 0.3255 | Correct: 112/128 | Elapsed Time: 23.63s
2026-02-12 11:46:08,585 | INFO | Batch 110 | Loss: 0.2607 | Correct: 117/128 | Elapsed Time: 23.68s
2026-02-12 11:46:32,232 | INFO | Batch 120 | Loss: 0.1941 | Correct: 121/128 | Elapsed Time: 23.65s
2026-02-12 11:46:55,920 | INFO | Batch 130 | Loss: 0.2832 | Correct: 114/128 | Elapsed Time: 23.69s
2026-02-12 11:47:19,693 | INFO | Batch 140 | Loss: 0.2767 | Correct: 117/128 | Elapsed Time: 23.77s
2026-02-12 11:47:43,317 | INFO | Batch 150 | Loss: 0.3623 | Correct: 112/128 | Elapsed Time: 23.62s
2026-02-12 11:48:06,905 | INFO | Batch 160 | Loss: 0.2293 | Correct: 118/128 | Elapsed Time: 23.59s
2026-02-12 11:48:30,484 | INFO | Batch 170 | Loss: 0.2719 | Correct: 119/128 | Elapsed Time: 23.58s
2026-02-12 11:48:54,117 | INFO | Batch 180 | Loss: 0.2618 | Correct: 114/128 | Elapsed Time: 23.63s
2026-02-12 11:49:18,094 | INFO | Batch 190 | Loss: 0.2894 | Correct: 116/128 | Elapsed Time: 23.98s
2026-02-12 11:49:41,909 | INFO | Batch 200 | Loss: 0.3088 | Correct: 115/128 | Elapsed Time: 23.82s
2026-02-12 11:50:05,690 | INFO | Batch 210 | Loss: 0.3479 | Correct: 110/128 | Elapsed Time: 23.78s
2026-02-12 11:50:29,407 | INFO | Batch 220 | Loss: 0.3856 | Correct: 111/128 | Elapsed Time: 23.72s
2026-02-12 11:50:53,083 | INFO | Batch 230 | Loss: 0.3071 | Correct: 115/128 | Elapsed Time: 23.68s
2026-02-12 11:51:16,951 | INFO | Batch 240 | Loss: 0.3642 | Correct: 108/128 | Elapsed Time: 23.87s
2026-02-12 11:51:40,635 | INFO | Batch 250 | Loss: 0.2359 | Correct: 116/128 | Elapsed Time: 23.68s
2026-02-12 11:52:04,525 | INFO | Batch 260 | Loss: 0.3264 | Correct: 113/128 | Elapsed Time: 23.89s
2026-02-12 11:52:28,232 | INFO | Batch 270 | Loss: 0.2941 | Correct: 114/128 | Elapsed Time: 23.71s
2026-02-12 11:52:51,903 | INFO | Batch 280 | Loss: 0.3497 | Correct: 111/128 | Elapsed Time: 23.67s
2026-02-12 11:53:15,628 | INFO | Batch 290 | Loss: 0.2661 | Correct: 117/128 | Elapsed Time: 23.72s
2026-02-12 11:53:39,267 | INFO | Batch 300 | Loss: 0.3331 | Correct: 113/128 | Elapsed Time: 23.64s
2026-02-12 11:54:02,968 | INFO | Batch 310 | Loss: 0.4326 | Correct: 114/128 | Elapsed Time: 23.70s
2026-02-12 11:54:26,733 | INFO | Batch 320 | Loss: 0.3623 | Correct: 112/128 | Elapsed Time: 23.76s
2026-02-12 11:54:50,481 | INFO | Batch 330 | Loss: 0.2420 | Correct: 117/128 | Elapsed Time: 23.75s
2026-02-12 11:55:14,243 | INFO | Batch 340 | Loss: 0.3203 | Correct: 117/128 | Elapsed Time: 23.76s
2026-02-12 11:55:37,888 | INFO | Batch 350 | Loss: 0.2737 | Correct: 114/128 | Elapsed Time: 23.64s
2026-02-12 11:56:01,583 | INFO | Batch 360 | Loss: 0.2551 | Correct: 118/128 | Elapsed Time: 23.70s
2026-02-12 11:56:25,269 | INFO | Batch 370 | Loss: 0.4385 | Correct: 107/128 | Elapsed Time: 23.69s
2026-02-12 11:56:48,935 | INFO | Batch 380 | Loss: 0.3220 | Correct: 114/128 | Elapsed Time: 23.67s
2026-02-12 11:57:12,738 | INFO | Batch 390 | Loss: 0.2723 | Correct: 114/128 | Elapsed Time: 23.80s
2026-02-12 11:57:14,341 | INFO | Epoch [47/100] - Loss: 0.3306 | Correct: 44131/50000 (88.26%, 926.67s)
2026-02-12 11:58:26,337 | INFO | Validation - Loss: 0.6041 | Correct: 8089/10000 (80.89%) (71.99s)
2026-02-12 11:58:50,054 | INFO | Batch 10 | Loss: 0.2397 | Correct: 117/128 | Elapsed Time: 23.71s
2026-02-12 11:59:14,186 | INFO | Batch 20 | Loss: 0.3164 | Correct: 111/128 | Elapsed Time: 24.13s
2026-02-12 11:59:37,812 | INFO | Batch 30 | Loss: 0.4426 | Correct: 107/128 | Elapsed Time: 23.63s
2026-02-12 12:00:01,462 | INFO | Batch 40 | Loss: 0.3173 | Correct: 114/128 | Elapsed Time: 23.65s
2026-02-12 12:00:25,254 | INFO | Batch 50 | Loss: 0.5165 | Correct: 105/128 | Elapsed Time: 23.79s
2026-02-12 12:00:49,081 | INFO | Batch 60 | Loss: 0.3637 | Correct: 115/128 | Elapsed Time: 23.83s
2026-02-12 12:01:12,883 | INFO | Batch 70 | Loss: 0.3264 | Correct: 112/128 | Elapsed Time: 23.80s
2026-02-12 12:01:36,575 | INFO | Batch 80 | Loss: 0.3977 | Correct: 110/128 | Elapsed Time: 23.69s
2026-02-12 12:02:00,226 | INFO | Batch 90 | Loss: 0.3273 | Correct: 112/128 | Elapsed Time: 23.65s
2026-02-12 12:02:23,904 | INFO | Batch 100 | Loss: 0.3608 | Correct: 112/128 | Elapsed Time: 23.68s
2026-02-12 12:02:47,594 | INFO | Batch 110 | Loss: 0.3667 | Correct: 112/128 | Elapsed Time: 23.69s
2026-02-12 12:03:11,460 | INFO | Batch 120 | Loss: 0.3967 | Correct: 112/128 | Elapsed Time: 23.87s
2026-02-12 12:03:35,165 | INFO | Batch 130 | Loss: 0.3747 | Correct: 113/128 | Elapsed Time: 23.70s
2026-02-12 12:03:58,829 | INFO | Batch 140 | Loss: 0.3046 | Correct: 117/128 | Elapsed Time: 23.66s
2026-02-12 12:04:22,581 | INFO | Batch 150 | Loss: 0.4262 | Correct: 109/128 | Elapsed Time: 23.75s
2026-02-12 12:04:46,235 | INFO | Batch 160 | Loss: 0.2925 | Correct: 113/128 | Elapsed Time: 23.65s
2026-02-12 12:05:10,044 | INFO | Batch 170 | Loss: 0.2957 | Correct: 112/128 | Elapsed Time: 23.81s
2026-02-12 12:05:33,682 | INFO | Batch 180 | Loss: 0.3919 | Correct: 111/128 | Elapsed Time: 23.64s
2026-02-12 12:05:57,249 | INFO | Batch 190 | Loss: 0.3531 | Correct: 112/128 | Elapsed Time: 23.57s
2026-02-12 12:06:20,949 | INFO | Batch 200 | Loss: 0.4886 | Correct: 107/128 | Elapsed Time: 23.70s
2026-02-12 12:06:44,557 | INFO | Batch 210 | Loss: 0.3768 | Correct: 108/128 | Elapsed Time: 23.61s
2026-02-12 12:07:08,174 | INFO | Batch 220 | Loss: 0.2973 | Correct: 114/128 | Elapsed Time: 23.62s
2026-02-12 12:07:31,908 | INFO | Batch 230 | Loss: 0.1965 | Correct: 118/128 | Elapsed Time: 23.73s
2026-02-12 12:07:55,838 | INFO | Batch 240 | Loss: 0.3309 | Correct: 114/128 | Elapsed Time: 23.93s
2026-02-12 12:08:19,577 | INFO | Batch 250 | Loss: 0.4505 | Correct: 110/128 | Elapsed Time: 23.74s
2026-02-12 12:08:43,274 | INFO | Batch 260 | Loss: 0.3677 | Correct: 114/128 | Elapsed Time: 23.70s
2026-02-12 12:09:07,440 | INFO | Batch 270 | Loss: 0.2847 | Correct: 118/128 | Elapsed Time: 24.17s
2026-02-12 12:09:31,330 | INFO | Batch 280 | Loss: 0.4308 | Correct: 110/128 | Elapsed Time: 23.89s
2026-02-12 12:09:55,353 | INFO | Batch 290 | Loss: 0.4059 | Correct: 109/128 | Elapsed Time: 24.02s
2026-02-12 12:10:19,533 | INFO | Batch 300 | Loss: 0.3130 | Correct: 115/128 | Elapsed Time: 24.18s
2026-02-12 12:10:43,409 | INFO | Batch 310 | Loss: 0.3702 | Correct: 113/128 | Elapsed Time: 23.88s
2026-02-12 12:11:07,326 | INFO | Batch 320 | Loss: 0.2456 | Correct: 118/128 | Elapsed Time: 23.92s
2026-02-12 12:11:31,202 | INFO | Batch 330 | Loss: 0.3835 | Correct: 112/128 | Elapsed Time: 23.88s
2026-02-12 12:11:55,040 | INFO | Batch 340 | Loss: 0.3255 | Correct: 117/128 | Elapsed Time: 23.84s
2026-02-12 12:12:18,882 | INFO | Batch 350 | Loss: 0.4015 | Correct: 109/128 | Elapsed Time: 23.84s
2026-02-12 12:12:42,852 | INFO | Batch 360 | Loss: 0.3682 | Correct: 112/128 | Elapsed Time: 23.97s
2026-02-12 12:13:06,639 | INFO | Batch 370 | Loss: 0.3722 | Correct: 113/128 | Elapsed Time: 23.79s
2026-02-12 12:13:30,467 | INFO | Batch 380 | Loss: 0.2690 | Correct: 116/128 | Elapsed Time: 23.83s
2026-02-12 12:13:54,318 | INFO | Batch 390 | Loss: 0.2973 | Correct: 110/128 | Elapsed Time: 23.85s
2026-02-12 12:13:55,942 | INFO | Epoch [48/100] - Loss: 0.3308 | Correct: 44070/50000 (88.14%, 929.60s)
2026-02-12 12:15:08,991 | INFO | Validation - Loss: 0.5277 | Correct: 8289/10000 (82.89%) (73.05s)
2026-02-12 12:15:32,859 | INFO | Batch 10 | Loss: 0.3574 | Correct: 110/128 | Elapsed Time: 23.87s
2026-02-12 12:15:56,653 | INFO | Batch 20 | Loss: 0.3092 | Correct: 115/128 | Elapsed Time: 23.79s
2026-02-12 12:16:20,664 | INFO | Batch 30 | Loss: 0.3560 | Correct: 112/128 | Elapsed Time: 24.01s
2026-02-12 12:16:44,493 | INFO | Batch 40 | Loss: 0.3618 | Correct: 115/128 | Elapsed Time: 23.83s
2026-02-12 12:17:08,393 | INFO | Batch 50 | Loss: 0.3168 | Correct: 112/128 | Elapsed Time: 23.90s
2026-02-12 12:17:32,249 | INFO | Batch 60 | Loss: 0.2937 | Correct: 110/128 | Elapsed Time: 23.86s
2026-02-12 12:17:56,075 | INFO | Batch 70 | Loss: 0.2855 | Correct: 118/128 | Elapsed Time: 23.83s
2026-02-12 12:18:19,879 | INFO | Batch 80 | Loss: 0.4291 | Correct: 112/128 | Elapsed Time: 23.80s
2026-02-12 12:18:43,789 | INFO | Batch 90 | Loss: 0.4629 | Correct: 112/128 | Elapsed Time: 23.91s
2026-02-12 12:19:08,160 | INFO | Batch 100 | Loss: 0.3354 | Correct: 111/128 | Elapsed Time: 24.37s
2026-02-12 12:19:32,044 | INFO | Batch 110 | Loss: 0.3181 | Correct: 116/128 | Elapsed Time: 23.88s
2026-02-12 12:19:56,017 | INFO | Batch 120 | Loss: 0.3464 | Correct: 112/128 | Elapsed Time: 23.97s
2026-02-12 12:20:19,911 | INFO | Batch 130 | Loss: 0.3168 | Correct: 115/128 | Elapsed Time: 23.89s
2026-02-12 12:20:43,757 | INFO | Batch 140 | Loss: 0.2682 | Correct: 116/128 | Elapsed Time: 23.85s
2026-02-12 12:21:07,568 | INFO | Batch 150 | Loss: 0.2340 | Correct: 117/128 | Elapsed Time: 23.81s
2026-02-12 12:21:31,501 | INFO | Batch 160 | Loss: 0.4043 | Correct: 110/128 | Elapsed Time: 23.93s
2026-02-12 12:21:55,311 | INFO | Batch 170 | Loss: 0.4098 | Correct: 110/128 | Elapsed Time: 23.81s
2026-02-12 12:22:19,084 | INFO | Batch 180 | Loss: 0.3545 | Correct: 114/128 | Elapsed Time: 23.77s
2026-02-12 12:22:42,792 | INFO | Batch 190 | Loss: 0.3793 | Correct: 111/128 | Elapsed Time: 23.71s
2026-02-12 12:23:06,576 | INFO | Batch 200 | Loss: 0.3233 | Correct: 112/128 | Elapsed Time: 23.78s
2026-02-12 12:23:30,291 | INFO | Batch 210 | Loss: 0.3856 | Correct: 112/128 | Elapsed Time: 23.72s
2026-02-12 12:23:54,129 | INFO | Batch 220 | Loss: 0.2993 | Correct: 113/128 | Elapsed Time: 23.84s
2026-02-12 12:24:17,867 | INFO | Batch 230 | Loss: 0.3722 | Correct: 108/128 | Elapsed Time: 23.74s
2026-02-12 12:24:41,610 | INFO | Batch 240 | Loss: 0.1836 | Correct: 118/128 | Elapsed Time: 23.74s
2026-02-12 12:25:05,271 | INFO | Batch 250 | Loss: 0.2265 | Correct: 117/128 | Elapsed Time: 23.66s
2026-02-12 12:25:28,912 | INFO | Batch 260 | Loss: 0.2400 | Correct: 120/128 | Elapsed Time: 23.64s
2026-02-12 12:25:52,542 | INFO | Batch 270 | Loss: 0.3390 | Correct: 113/128 | Elapsed Time: 23.63s
2026-02-12 12:26:16,288 | INFO | Batch 280 | Loss: 0.3273 | Correct: 115/128 | Elapsed Time: 23.75s
2026-02-12 12:26:39,937 | INFO | Batch 290 | Loss: 0.3212 | Correct: 114/128 | Elapsed Time: 23.65s
2026-02-12 12:27:03,658 | INFO | Batch 300 | Loss: 0.3589 | Correct: 116/128 | Elapsed Time: 23.72s
2026-02-12 12:27:27,345 | INFO | Batch 310 | Loss: 0.2534 | Correct: 116/128 | Elapsed Time: 23.69s
2026-02-12 12:27:50,973 | INFO | Batch 320 | Loss: 0.4137 | Correct: 108/128 | Elapsed Time: 23.63s
2026-02-12 12:28:14,700 | INFO | Batch 330 | Loss: 0.3840 | Correct: 115/128 | Elapsed Time: 23.73s
2026-02-12 12:28:38,538 | INFO | Batch 340 | Loss: 0.3667 | Correct: 112/128 | Elapsed Time: 23.84s
2026-02-12 12:29:02,295 | INFO | Batch 350 | Loss: 0.3903 | Correct: 109/128 | Elapsed Time: 23.76s
2026-02-12 12:29:26,203 | INFO | Batch 360 | Loss: 0.3203 | Correct: 110/128 | Elapsed Time: 23.91s
2026-02-12 12:29:49,918 | INFO | Batch 370 | Loss: 0.3255 | Correct: 109/128 | Elapsed Time: 23.71s
2026-02-12 12:30:13,627 | INFO | Batch 380 | Loss: 0.3327 | Correct: 112/128 | Elapsed Time: 23.71s
2026-02-12 12:30:37,336 | INFO | Batch 390 | Loss: 0.4081 | Correct: 107/128 | Elapsed Time: 23.71s
2026-02-12 12:30:38,939 | INFO | Epoch [49/100] - Loss: 0.3312 | Correct: 44104/50000 (88.21%, 929.95s)
2026-02-12 12:31:51,097 | INFO | Validation - Loss: 0.5693 | Correct: 8180/10000 (81.80%) (72.16s)
2026-02-12 12:32:14,933 | INFO | Batch 10 | Loss: 0.2913 | Correct: 113/128 | Elapsed Time: 23.83s
2026-02-12 12:32:38,645 | INFO | Batch 20 | Loss: 0.3732 | Correct: 110/128 | Elapsed Time: 23.71s
2026-02-12 12:33:02,420 | INFO | Batch 30 | Loss: 0.2476 | Correct: 117/128 | Elapsed Time: 23.78s
2026-02-12 12:33:26,154 | INFO | Batch 40 | Loss: 0.3126 | Correct: 112/128 | Elapsed Time: 23.73s
2026-02-12 12:33:49,855 | INFO | Batch 50 | Loss: 0.2985 | Correct: 117/128 | Elapsed Time: 23.70s
2026-02-12 12:34:13,550 | INFO | Batch 60 | Loss: 0.2878 | Correct: 114/128 | Elapsed Time: 23.69s
2026-02-12 12:34:37,321 | INFO | Batch 70 | Loss: 0.2650 | Correct: 117/128 | Elapsed Time: 23.77s
2026-02-12 12:35:00,976 | INFO | Batch 80 | Loss: 0.3850 | Correct: 112/128 | Elapsed Time: 23.65s
2026-02-12 12:35:24,757 | INFO | Batch 90 | Loss: 0.2643 | Correct: 115/128 | Elapsed Time: 23.78s
2026-02-12 12:35:48,389 | INFO | Batch 100 | Loss: 0.2686 | Correct: 118/128 | Elapsed Time: 23.63s
2026-02-12 12:36:12,048 | INFO | Batch 110 | Loss: 0.3618 | Correct: 110/128 | Elapsed Time: 23.66s
2026-02-12 12:36:35,774 | INFO | Batch 120 | Loss: 0.3304 | Correct: 114/128 | Elapsed Time: 23.73s
2026-02-12 12:36:59,591 | INFO | Batch 130 | Loss: 0.2643 | Correct: 113/128 | Elapsed Time: 23.82s
2026-02-12 12:37:23,266 | INFO | Batch 140 | Loss: 0.3882 | Correct: 116/128 | Elapsed Time: 23.68s
2026-02-12 12:37:46,905 | INFO | Batch 150 | Loss: 0.3138 | Correct: 112/128 | Elapsed Time: 23.64s
2026-02-12 12:38:10,506 | INFO | Batch 160 | Loss: 0.5328 | Correct: 103/128 | Elapsed Time: 23.60s
2026-02-12 12:38:34,116 | INFO | Batch 170 | Loss: 0.3436 | Correct: 110/128 | Elapsed Time: 23.61s
2026-02-12 12:38:57,729 | INFO | Batch 180 | Loss: 0.2782 | Correct: 115/128 | Elapsed Time: 23.61s
2026-02-12 12:39:21,883 | INFO | Batch 190 | Loss: 0.3657 | Correct: 115/128 | Elapsed Time: 24.15s
2026-02-12 12:39:45,459 | INFO | Batch 200 | Loss: 0.2201 | Correct: 119/128 | Elapsed Time: 23.58s
2026-02-12 12:40:09,071 | INFO | Batch 210 | Loss: 0.4193 | Correct: 105/128 | Elapsed Time: 23.61s
2026-02-12 12:40:32,681 | INFO | Batch 220 | Loss: 0.3251 | Correct: 115/128 | Elapsed Time: 23.61s
2026-02-12 12:40:56,292 | INFO | Batch 230 | Loss: 0.3030 | Correct: 110/128 | Elapsed Time: 23.61s
2026-02-12 12:41:19,863 | INFO | Batch 240 | Loss: 0.3550 | Correct: 110/128 | Elapsed Time: 23.57s
2026-02-12 12:41:43,521 | INFO | Batch 250 | Loss: 0.3295 | Correct: 110/128 | Elapsed Time: 23.66s
2026-02-12 12:42:07,219 | INFO | Batch 260 | Loss: 0.2835 | Correct: 118/128 | Elapsed Time: 23.70s
2026-02-12 12:42:30,831 | INFO | Batch 270 | Loss: 0.3022 | Correct: 112/128 | Elapsed Time: 23.61s
2026-02-12 12:42:54,454 | INFO | Batch 280 | Loss: 0.4026 | Correct: 110/128 | Elapsed Time: 23.62s
2026-02-12 12:43:18,025 | INFO | Batch 290 | Loss: 0.2794 | Correct: 117/128 | Elapsed Time: 23.57s
2026-02-12 12:43:41,671 | INFO | Batch 300 | Loss: 0.2797 | Correct: 114/128 | Elapsed Time: 23.65s
2026-02-12 12:44:05,370 | INFO | Batch 310 | Loss: 0.3216 | Correct: 118/128 | Elapsed Time: 23.70s
2026-02-12 12:44:29,124 | INFO | Batch 320 | Loss: 0.3212 | Correct: 114/128 | Elapsed Time: 23.75s
2026-02-12 12:44:52,756 | INFO | Batch 330 | Loss: 0.3113 | Correct: 115/128 | Elapsed Time: 23.63s
2026-02-12 12:45:16,532 | INFO | Batch 340 | Loss: 0.2734 | Correct: 117/128 | Elapsed Time: 23.78s
2026-02-12 12:45:40,194 | INFO | Batch 350 | Loss: 0.3702 | Correct: 109/128 | Elapsed Time: 23.66s
2026-02-12 12:46:03,901 | INFO | Batch 360 | Loss: 0.2410 | Correct: 116/128 | Elapsed Time: 23.71s
2026-02-12 12:46:27,592 | INFO | Batch 370 | Loss: 0.4285 | Correct: 107/128 | Elapsed Time: 23.69s
2026-02-12 12:46:51,331 | INFO | Batch 380 | Loss: 0.4769 | Correct: 106/128 | Elapsed Time: 23.74s
2026-02-12 12:47:15,258 | INFO | Batch 390 | Loss: 0.2417 | Correct: 118/128 | Elapsed Time: 23.93s
2026-02-12 12:47:16,868 | INFO | Epoch [50/100] - Loss: 0.3188 | Correct: 44301/50000 (88.60%, 925.77s)
2026-02-12 12:48:29,072 | INFO | Validation - Loss: 0.5511 | Correct: 8275/10000 (82.75%) (72.20s)
2026-02-12 12:48:52,862 | INFO | Batch 10 | Loss: 0.3584 | Correct: 111/128 | Elapsed Time: 23.79s
2026-02-12 12:49:17,227 | INFO | Batch 20 | Loss: 0.3450 | Correct: 113/128 | Elapsed Time: 24.37s
2026-02-12 12:49:40,852 | INFO | Batch 30 | Loss: 0.3046 | Correct: 116/128 | Elapsed Time: 23.63s
2026-02-12 12:50:04,654 | INFO | Batch 40 | Loss: 0.2544 | Correct: 114/128 | Elapsed Time: 23.80s
2026-02-12 12:50:28,399 | INFO | Batch 50 | Loss: 0.3225 | Correct: 113/128 | Elapsed Time: 23.75s
2026-02-12 12:50:52,151 | INFO | Batch 60 | Loss: 0.2646 | Correct: 115/128 | Elapsed Time: 23.75s
2026-02-12 12:51:15,882 | INFO | Batch 70 | Loss: 0.2186 | Correct: 116/128 | Elapsed Time: 23.73s
2026-02-12 12:51:39,607 | INFO | Batch 80 | Loss: 0.1531 | Correct: 123/128 | Elapsed Time: 23.73s
2026-02-12 12:52:03,334 | INFO | Batch 90 | Loss: 0.3354 | Correct: 113/128 | Elapsed Time: 23.73s
2026-02-12 12:52:27,039 | INFO | Batch 100 | Loss: 0.1946 | Correct: 119/128 | Elapsed Time: 23.70s
2026-02-12 12:52:50,857 | INFO | Batch 110 | Loss: 0.2349 | Correct: 115/128 | Elapsed Time: 23.82s
2026-02-12 12:53:14,675 | INFO | Batch 120 | Loss: 0.2534 | Correct: 114/128 | Elapsed Time: 23.82s
2026-02-12 12:53:38,338 | INFO | Batch 130 | Loss: 0.2277 | Correct: 119/128 | Elapsed Time: 23.66s
2026-02-12 12:54:02,048 | INFO | Batch 140 | Loss: 0.2195 | Correct: 119/128 | Elapsed Time: 23.71s
2026-02-12 12:54:25,778 | INFO | Batch 150 | Loss: 0.3488 | Correct: 113/128 | Elapsed Time: 23.73s
2026-02-12 12:54:49,489 | INFO | Batch 160 | Loss: 0.2314 | Correct: 116/128 | Elapsed Time: 23.71s
2026-02-12 12:55:13,409 | INFO | Batch 170 | Loss: 0.3390 | Correct: 110/128 | Elapsed Time: 23.92s
2026-02-12 12:55:37,128 | INFO | Batch 180 | Loss: 0.2192 | Correct: 118/128 | Elapsed Time: 23.72s
2026-02-12 12:56:00,890 | INFO | Batch 190 | Loss: 0.2063 | Correct: 116/128 | Elapsed Time: 23.76s
2026-02-12 12:56:24,621 | INFO | Batch 200 | Loss: 0.2708 | Correct: 116/128 | Elapsed Time: 23.73s
2026-02-12 12:56:48,337 | INFO | Batch 210 | Loss: 0.1195 | Correct: 123/128 | Elapsed Time: 23.72s
2026-02-12 12:57:12,079 | INFO | Batch 220 | Loss: 0.1737 | Correct: 121/128 | Elapsed Time: 23.74s
2026-02-12 12:57:35,890 | INFO | Batch 230 | Loss: 0.2105 | Correct: 119/128 | Elapsed Time: 23.81s
2026-02-12 12:57:59,571 | INFO | Batch 240 | Loss: 0.2551 | Correct: 115/128 | Elapsed Time: 23.68s
2026-02-12 12:58:23,280 | INFO | Batch 250 | Loss: 0.2343 | Correct: 117/128 | Elapsed Time: 23.71s
2026-02-12 12:58:46,889 | INFO | Batch 260 | Loss: 0.1829 | Correct: 119/128 | Elapsed Time: 23.61s
2026-02-12 12:59:10,903 | INFO | Batch 270 | Loss: 0.2579 | Correct: 117/128 | Elapsed Time: 24.01s
2026-02-12 12:59:34,624 | INFO | Batch 280 | Loss: 0.2503 | Correct: 116/128 | Elapsed Time: 23.72s
2026-02-12 12:59:58,512 | INFO | Batch 290 | Loss: 0.3593 | Correct: 114/128 | Elapsed Time: 23.89s
2026-02-12 13:00:22,343 | INFO | Batch 300 | Loss: 0.2625 | Correct: 117/128 | Elapsed Time: 23.83s
2026-02-12 13:00:46,111 | INFO | Batch 310 | Loss: 0.2611 | Correct: 118/128 | Elapsed Time: 23.77s
2026-02-12 13:01:09,944 | INFO | Batch 320 | Loss: 0.2016 | Correct: 121/128 | Elapsed Time: 23.83s
2026-02-12 13:01:33,741 | INFO | Batch 330 | Loss: 0.2195 | Correct: 115/128 | Elapsed Time: 23.80s
2026-02-12 13:01:57,538 | INFO | Batch 340 | Loss: 0.1753 | Correct: 121/128 | Elapsed Time: 23.80s
2026-02-12 13:02:21,396 | INFO | Batch 350 | Loss: 0.2555 | Correct: 120/128 | Elapsed Time: 23.86s
2026-02-12 13:02:45,002 | INFO | Batch 360 | Loss: 0.2901 | Correct: 117/128 | Elapsed Time: 23.61s
2026-02-12 13:03:08,686 | INFO | Batch 370 | Loss: 0.2917 | Correct: 114/128 | Elapsed Time: 23.68s
2026-02-12 13:03:32,324 | INFO | Batch 380 | Loss: 0.1938 | Correct: 121/128 | Elapsed Time: 23.64s
2026-02-12 13:03:55,928 | INFO | Batch 390 | Loss: 0.2021 | Correct: 118/128 | Elapsed Time: 23.60s
2026-02-12 13:03:57,533 | INFO | Epoch [51/100] - Loss: 0.2494 | Correct: 45559/50000 (91.12%, 928.46s)
2026-02-12 13:05:09,380 | INFO | Validation - Loss: 0.4284 | Correct: 8652/10000 (86.52%) (71.85s)
2026-02-12 13:05:09,687 | INFO | New best model saved at epoch 51 with Top1 Acc: 86.52%
2026-02-12 13:05:33,310 | INFO | Batch 10 | Loss: 0.2855 | Correct: 115/128 | Elapsed Time: 23.62s
2026-02-12 13:05:57,054 | INFO | Batch 20 | Loss: 0.2878 | Correct: 117/128 | Elapsed Time: 23.74s
2026-02-12 13:06:20,692 | INFO | Batch 30 | Loss: 0.2293 | Correct: 119/128 | Elapsed Time: 23.64s
2026-02-12 13:06:44,294 | INFO | Batch 40 | Loss: 0.2704 | Correct: 113/128 | Elapsed Time: 23.60s
2026-02-12 13:07:08,006 | INFO | Batch 50 | Loss: 0.3282 | Correct: 112/128 | Elapsed Time: 23.71s
2026-02-12 13:07:31,724 | INFO | Batch 60 | Loss: 0.2771 | Correct: 114/128 | Elapsed Time: 23.72s
2026-02-12 13:07:55,379 | INFO | Batch 70 | Loss: 0.1697 | Correct: 123/128 | Elapsed Time: 23.66s
2026-02-12 13:08:19,165 | INFO | Batch 80 | Loss: 0.2693 | Correct: 117/128 | Elapsed Time: 23.79s
2026-02-12 13:08:42,740 | INFO | Batch 90 | Loss: 0.2675 | Correct: 114/128 | Elapsed Time: 23.57s
2026-02-12 13:09:06,623 | INFO | Batch 100 | Loss: 0.2450 | Correct: 115/128 | Elapsed Time: 23.88s
2026-02-12 13:09:30,337 | INFO | Batch 110 | Loss: 0.2470 | Correct: 116/128 | Elapsed Time: 23.71s
2026-02-12 13:09:53,988 | INFO | Batch 120 | Loss: 0.2466 | Correct: 119/128 | Elapsed Time: 23.65s
2026-02-12 13:10:17,683 | INFO | Batch 130 | Loss: 0.2169 | Correct: 117/128 | Elapsed Time: 23.69s
2026-02-12 13:10:41,427 | INFO | Batch 140 | Loss: 0.2246 | Correct: 117/128 | Elapsed Time: 23.74s
2026-02-12 13:11:05,128 | INFO | Batch 150 | Loss: 0.1610 | Correct: 120/128 | Elapsed Time: 23.70s
2026-02-12 13:11:28,783 | INFO | Batch 160 | Loss: 0.2690 | Correct: 112/128 | Elapsed Time: 23.65s
2026-02-12 13:11:52,312 | INFO | Batch 170 | Loss: 0.2005 | Correct: 118/128 | Elapsed Time: 23.53s
2026-02-12 13:12:15,943 | INFO | Batch 180 | Loss: 0.1661 | Correct: 119/128 | Elapsed Time: 23.63s
2026-02-12 13:12:39,393 | INFO | Batch 190 | Loss: 0.1463 | Correct: 122/128 | Elapsed Time: 23.45s
2026-02-12 13:13:02,842 | INFO | Batch 200 | Loss: 0.1721 | Correct: 120/128 | Elapsed Time: 23.45s
2026-02-12 13:13:26,402 | INFO | Batch 210 | Loss: 0.1621 | Correct: 121/128 | Elapsed Time: 23.56s
2026-02-12 13:13:49,839 | INFO | Batch 220 | Loss: 0.3441 | Correct: 110/128 | Elapsed Time: 23.44s
2026-02-12 13:14:13,346 | INFO | Batch 230 | Loss: 0.2246 | Correct: 118/128 | Elapsed Time: 23.51s
2026-02-12 13:14:36,729 | INFO | Batch 240 | Loss: 0.2052 | Correct: 119/128 | Elapsed Time: 23.38s
2026-02-12 13:15:00,128 | INFO | Batch 250 | Loss: 0.0924 | Correct: 125/128 | Elapsed Time: 23.40s
2026-02-12 13:15:23,545 | INFO | Batch 260 | Loss: 0.2207 | Correct: 117/128 | Elapsed Time: 23.42s
2026-02-12 13:15:47,036 | INFO | Batch 270 | Loss: 0.2775 | Correct: 118/128 | Elapsed Time: 23.49s
2026-02-12 13:16:10,448 | INFO | Batch 280 | Loss: 0.2977 | Correct: 114/128 | Elapsed Time: 23.41s
2026-02-12 13:16:33,818 | INFO | Batch 290 | Loss: 0.2866 | Correct: 116/128 | Elapsed Time: 23.37s
2026-02-12 13:16:57,215 | INFO | Batch 300 | Loss: 0.3173 | Correct: 118/128 | Elapsed Time: 23.40s
2026-02-12 13:17:20,647 | INFO | Batch 310 | Loss: 0.2114 | Correct: 119/128 | Elapsed Time: 23.43s
2026-02-12 13:17:44,080 | INFO | Batch 320 | Loss: 0.2163 | Correct: 119/128 | Elapsed Time: 23.43s
2026-02-12 13:18:07,652 | INFO | Batch 330 | Loss: 0.3460 | Correct: 113/128 | Elapsed Time: 23.57s
2026-02-12 13:18:31,122 | INFO | Batch 340 | Loss: 0.1854 | Correct: 120/128 | Elapsed Time: 23.47s
2026-02-12 13:18:54,576 | INFO | Batch 350 | Loss: 0.1839 | Correct: 122/128 | Elapsed Time: 23.45s
2026-02-12 13:19:18,467 | INFO | Batch 360 | Loss: 0.1983 | Correct: 119/128 | Elapsed Time: 23.89s
2026-02-12 13:19:41,923 | INFO | Batch 370 | Loss: 0.2874 | Correct: 119/128 | Elapsed Time: 23.46s
2026-02-12 13:20:05,393 | INFO | Batch 380 | Loss: 0.2355 | Correct: 119/128 | Elapsed Time: 23.47s
2026-02-12 13:20:28,948 | INFO | Batch 390 | Loss: 0.3001 | Correct: 112/128 | Elapsed Time: 23.55s
2026-02-12 13:20:30,539 | INFO | Epoch [52/100] - Loss: 0.2231 | Correct: 46032/50000 (92.06%, 920.85s)
2026-02-12 13:21:42,083 | INFO | Validation - Loss: 0.4236 | Correct: 8673/10000 (86.73%) (71.54s)
2026-02-12 13:21:42,357 | INFO | New best model saved at epoch 52 with Top1 Acc: 86.73%
2026-02-12 13:22:05,920 | INFO | Batch 10 | Loss: 0.2082 | Correct: 117/128 | Elapsed Time: 23.56s
2026-02-12 13:22:29,487 | INFO | Batch 20 | Loss: 0.1721 | Correct: 120/128 | Elapsed Time: 23.57s
2026-02-12 13:22:53,010 | INFO | Batch 30 | Loss: 0.1437 | Correct: 124/128 | Elapsed Time: 23.52s
2026-02-12 13:23:16,631 | INFO | Batch 40 | Loss: 0.1245 | Correct: 122/128 | Elapsed Time: 23.62s
2026-02-12 13:23:40,129 | INFO | Batch 50 | Loss: 0.1967 | Correct: 114/128 | Elapsed Time: 23.50s
2026-02-12 13:24:03,768 | INFO | Batch 60 | Loss: 0.1839 | Correct: 120/128 | Elapsed Time: 23.64s
2026-02-12 13:24:27,311 | INFO | Batch 70 | Loss: 0.2311 | Correct: 116/128 | Elapsed Time: 23.54s
2026-02-12 13:24:50,761 | INFO | Batch 80 | Loss: 0.1846 | Correct: 117/128 | Elapsed Time: 23.45s
2026-02-12 13:25:14,264 | INFO | Batch 90 | Loss: 0.1723 | Correct: 120/128 | Elapsed Time: 23.50s
2026-02-12 13:25:37,678 | INFO | Batch 100 | Loss: 0.2463 | Correct: 116/128 | Elapsed Time: 23.41s
2026-02-12 13:26:01,181 | INFO | Batch 110 | Loss: 0.1617 | Correct: 119/128 | Elapsed Time: 23.50s
2026-02-12 13:26:24,765 | INFO | Batch 120 | Loss: 0.2388 | Correct: 117/128 | Elapsed Time: 23.58s
2026-02-12 13:26:48,224 | INFO | Batch 130 | Loss: 0.2317 | Correct: 118/128 | Elapsed Time: 23.46s
2026-02-12 13:27:11,757 | INFO | Batch 140 | Loss: 0.2117 | Correct: 117/128 | Elapsed Time: 23.53s
2026-02-12 13:27:35,209 | INFO | Batch 150 | Loss: 0.1311 | Correct: 125/128 | Elapsed Time: 23.45s
2026-02-12 13:27:58,621 | INFO | Batch 160 | Loss: 0.1484 | Correct: 121/128 | Elapsed Time: 23.41s
2026-02-12 13:28:22,113 | INFO | Batch 170 | Loss: 0.2122 | Correct: 118/128 | Elapsed Time: 23.49s
2026-02-12 13:28:45,665 | INFO | Batch 180 | Loss: 0.3737 | Correct: 111/128 | Elapsed Time: 23.55s
2026-02-12 13:29:09,427 | INFO | Batch 190 | Loss: 0.2225 | Correct: 117/128 | Elapsed Time: 23.76s
2026-02-12 13:29:32,914 | INFO | Batch 200 | Loss: 0.1604 | Correct: 122/128 | Elapsed Time: 23.49s
2026-02-12 13:29:56,344 | INFO | Batch 210 | Loss: 0.1639 | Correct: 118/128 | Elapsed Time: 23.43s
2026-02-12 13:30:19,844 | INFO | Batch 220 | Loss: 0.2213 | Correct: 118/128 | Elapsed Time: 23.50s
2026-02-12 13:30:43,333 | INFO | Batch 230 | Loss: 0.1874 | Correct: 118/128 | Elapsed Time: 23.49s
2026-02-12 13:31:06,966 | INFO | Batch 240 | Loss: 0.2041 | Correct: 120/128 | Elapsed Time: 23.63s
2026-02-12 13:31:30,374 | INFO | Batch 250 | Loss: 0.2600 | Correct: 113/128 | Elapsed Time: 23.41s
2026-02-12 13:31:53,807 | INFO | Batch 260 | Loss: 0.1989 | Correct: 120/128 | Elapsed Time: 23.43s
2026-02-12 13:32:17,278 | INFO | Batch 270 | Loss: 0.1912 | Correct: 118/128 | Elapsed Time: 23.47s
2026-02-12 13:32:40,731 | INFO | Batch 280 | Loss: 0.1668 | Correct: 122/128 | Elapsed Time: 23.45s
2026-02-12 13:33:04,176 | INFO | Batch 290 | Loss: 0.1892 | Correct: 119/128 | Elapsed Time: 23.44s
2026-02-12 13:33:27,816 | INFO | Batch 300 | Loss: 0.2030 | Correct: 115/128 | Elapsed Time: 23.64s
2026-02-12 13:33:51,312 | INFO | Batch 310 | Loss: 0.1272 | Correct: 125/128 | Elapsed Time: 23.50s
2026-02-12 13:34:14,852 | INFO | Batch 320 | Loss: 0.2359 | Correct: 115/128 | Elapsed Time: 23.54s
2026-02-12 13:34:38,314 | INFO | Batch 330 | Loss: 0.1804 | Correct: 117/128 | Elapsed Time: 23.46s
2026-02-12 13:35:01,795 | INFO | Batch 340 | Loss: 0.1816 | Correct: 121/128 | Elapsed Time: 23.48s
2026-02-12 13:35:25,276 | INFO | Batch 350 | Loss: 0.1991 | Correct: 118/128 | Elapsed Time: 23.48s
2026-02-12 13:35:48,721 | INFO | Batch 360 | Loss: 0.2778 | Correct: 118/128 | Elapsed Time: 23.45s
2026-02-12 13:36:12,365 | INFO | Batch 370 | Loss: 0.2524 | Correct: 117/128 | Elapsed Time: 23.64s
2026-02-12 13:36:35,855 | INFO | Batch 380 | Loss: 0.2002 | Correct: 120/128 | Elapsed Time: 23.49s
2026-02-12 13:36:59,338 | INFO | Batch 390 | Loss: 0.1933 | Correct: 120/128 | Elapsed Time: 23.48s
2026-02-12 13:37:00,923 | INFO | Epoch [53/100] - Loss: 0.2087 | Correct: 46295/50000 (92.59%, 918.57s)
2026-02-12 13:38:11,954 | INFO | Validation - Loss: 0.4237 | Correct: 8684/10000 (86.84%) (71.03s)
2026-02-12 13:38:12,235 | INFO | New best model saved at epoch 53 with Top1 Acc: 86.84%
2026-02-12 13:38:35,682 | INFO | Batch 10 | Loss: 0.2874 | Correct: 113/128 | Elapsed Time: 23.45s
2026-02-12 13:38:59,091 | INFO | Batch 20 | Loss: 0.3892 | Correct: 116/128 | Elapsed Time: 23.41s
2026-02-12 13:39:22,921 | INFO | Batch 30 | Loss: 0.1621 | Correct: 121/128 | Elapsed Time: 23.83s
2026-02-12 13:39:46,334 | INFO | Batch 40 | Loss: 0.2368 | Correct: 119/128 | Elapsed Time: 23.41s
2026-02-12 13:40:09,765 | INFO | Batch 50 | Loss: 0.1233 | Correct: 122/128 | Elapsed Time: 23.43s
2026-02-12 13:40:33,200 | INFO | Batch 60 | Loss: 0.1876 | Correct: 121/128 | Elapsed Time: 23.43s
2026-02-12 13:40:56,672 | INFO | Batch 70 | Loss: 0.2463 | Correct: 119/128 | Elapsed Time: 23.47s
2026-02-12 13:41:20,108 | INFO | Batch 80 | Loss: 0.2541 | Correct: 115/128 | Elapsed Time: 23.44s
2026-02-12 13:41:43,673 | INFO | Batch 90 | Loss: 0.2222 | Correct: 118/128 | Elapsed Time: 23.57s
2026-02-12 13:42:07,130 | INFO | Batch 100 | Loss: 0.1871 | Correct: 120/128 | Elapsed Time: 23.46s
2026-02-12 13:42:30,542 | INFO | Batch 110 | Loss: 0.1070 | Correct: 123/128 | Elapsed Time: 23.41s
2026-02-12 13:42:54,000 | INFO | Batch 120 | Loss: 0.1641 | Correct: 123/128 | Elapsed Time: 23.46s
2026-02-12 13:43:17,485 | INFO | Batch 130 | Loss: 0.2391 | Correct: 119/128 | Elapsed Time: 23.48s
2026-02-12 13:43:40,939 | INFO | Batch 140 | Loss: 0.1775 | Correct: 121/128 | Elapsed Time: 23.45s
2026-02-12 13:44:04,379 | INFO | Batch 150 | Loss: 0.1352 | Correct: 121/128 | Elapsed Time: 23.44s
2026-02-12 13:44:27,921 | INFO | Batch 160 | Loss: 0.2057 | Correct: 117/128 | Elapsed Time: 23.54s
2026-02-12 13:44:51,320 | INFO | Batch 170 | Loss: 0.1668 | Correct: 119/128 | Elapsed Time: 23.40s
2026-02-12 13:45:14,797 | INFO | Batch 180 | Loss: 0.1981 | Correct: 119/128 | Elapsed Time: 23.48s
2026-02-12 13:45:38,223 | INFO | Batch 190 | Loss: 0.1482 | Correct: 121/128 | Elapsed Time: 23.43s
2026-02-12 13:46:01,664 | INFO | Batch 200 | Loss: 0.2500 | Correct: 120/128 | Elapsed Time: 23.44s
2026-02-12 13:46:25,186 | INFO | Batch 210 | Loss: 0.1943 | Correct: 119/128 | Elapsed Time: 23.52s
2026-02-12 13:46:48,697 | INFO | Batch 220 | Loss: 0.1247 | Correct: 121/128 | Elapsed Time: 23.51s
2026-02-12 13:47:12,132 | INFO | Batch 230 | Loss: 0.2905 | Correct: 116/128 | Elapsed Time: 23.43s
2026-02-12 13:47:35,522 | INFO | Batch 240 | Loss: 0.1657 | Correct: 121/128 | Elapsed Time: 23.39s
2026-02-12 13:47:58,917 | INFO | Batch 250 | Loss: 0.1550 | Correct: 121/128 | Elapsed Time: 23.40s
2026-02-12 13:48:22,348 | INFO | Batch 260 | Loss: 0.2661 | Correct: 113/128 | Elapsed Time: 23.43s
2026-02-12 13:48:45,747 | INFO | Batch 270 | Loss: 0.2178 | Correct: 118/128 | Elapsed Time: 23.40s
2026-02-12 13:49:09,677 | INFO | Batch 280 | Loss: 0.2355 | Correct: 116/128 | Elapsed Time: 23.93s
2026-02-12 13:49:33,185 | INFO | Batch 290 | Loss: 0.1946 | Correct: 119/128 | Elapsed Time: 23.51s
2026-02-12 13:49:56,663 | INFO | Batch 300 | Loss: 0.2077 | Correct: 117/128 | Elapsed Time: 23.48s
2026-02-12 13:50:20,150 | INFO | Batch 310 | Loss: 0.1449 | Correct: 123/128 | Elapsed Time: 23.49s
2026-02-12 13:50:43,646 | INFO | Batch 320 | Loss: 0.1402 | Correct: 122/128 | Elapsed Time: 23.50s
2026-02-12 13:51:07,263 | INFO | Batch 330 | Loss: 0.1923 | Correct: 120/128 | Elapsed Time: 23.62s
2026-02-12 13:51:30,917 | INFO | Batch 340 | Loss: 0.1628 | Correct: 123/128 | Elapsed Time: 23.65s
2026-02-12 13:51:54,484 | INFO | Batch 350 | Loss: 0.2690 | Correct: 117/128 | Elapsed Time: 23.57s
2026-02-12 13:52:18,032 | INFO | Batch 360 | Loss: 0.1684 | Correct: 122/128 | Elapsed Time: 23.55s
2026-02-12 13:52:41,552 | INFO | Batch 370 | Loss: 0.1350 | Correct: 122/128 | Elapsed Time: 23.52s
2026-02-12 13:53:05,057 | INFO | Batch 380 | Loss: 0.1406 | Correct: 123/128 | Elapsed Time: 23.51s
2026-02-12 13:53:28,574 | INFO | Batch 390 | Loss: 0.1232 | Correct: 124/128 | Elapsed Time: 23.52s
2026-02-12 13:53:30,169 | INFO | Epoch [54/100] - Loss: 0.2005 | Correct: 46420/50000 (92.84%, 917.93s)
2026-02-12 13:54:42,369 | INFO | Validation - Loss: 0.4263 | Correct: 8695/10000 (86.95%) (72.20s)
2026-02-12 13:54:42,644 | INFO | New best model saved at epoch 54 with Top1 Acc: 86.95%
2026-02-12 13:55:06,575 | INFO | Batch 10 | Loss: 0.1770 | Correct: 117/128 | Elapsed Time: 23.93s
2026-02-12 13:55:30,330 | INFO | Batch 20 | Loss: 0.1154 | Correct: 124/128 | Elapsed Time: 23.76s
2026-02-12 13:55:54,094 | INFO | Batch 30 | Loss: 0.1907 | Correct: 118/128 | Elapsed Time: 23.76s
2026-02-12 13:56:17,844 | INFO | Batch 40 | Loss: 0.1831 | Correct: 118/128 | Elapsed Time: 23.75s
2026-02-12 13:56:41,635 | INFO | Batch 50 | Loss: 0.1819 | Correct: 120/128 | Elapsed Time: 23.79s
2026-02-12 13:57:05,412 | INFO | Batch 60 | Loss: 0.1836 | Correct: 121/128 | Elapsed Time: 23.78s
2026-02-12 13:57:29,267 | INFO | Batch 70 | Loss: 0.2024 | Correct: 119/128 | Elapsed Time: 23.86s
2026-02-12 13:57:53,040 | INFO | Batch 80 | Loss: 0.2450 | Correct: 116/128 | Elapsed Time: 23.77s
2026-02-12 13:58:16,830 | INFO | Batch 90 | Loss: 0.2268 | Correct: 119/128 | Elapsed Time: 23.79s
2026-02-12 13:58:40,582 | INFO | Batch 100 | Loss: 0.1632 | Correct: 123/128 | Elapsed Time: 23.75s
2026-02-12 13:59:04,607 | INFO | Batch 110 | Loss: 0.1707 | Correct: 118/128 | Elapsed Time: 24.02s
2026-02-12 13:59:28,467 | INFO | Batch 120 | Loss: 0.1938 | Correct: 118/128 | Elapsed Time: 23.86s
2026-02-12 13:59:52,391 | INFO | Batch 130 | Loss: 0.2569 | Correct: 118/128 | Elapsed Time: 23.92s
2026-02-12 14:00:16,146 | INFO | Batch 140 | Loss: 0.1523 | Correct: 120/128 | Elapsed Time: 23.75s
2026-02-12 14:00:39,724 | INFO | Batch 150 | Loss: 0.2346 | Correct: 116/128 | Elapsed Time: 23.58s
2026-02-12 14:01:03,335 | INFO | Batch 160 | Loss: 0.1930 | Correct: 121/128 | Elapsed Time: 23.61s
2026-02-12 14:01:26,817 | INFO | Batch 170 | Loss: 0.2142 | Correct: 121/128 | Elapsed Time: 23.48s
2026-02-12 14:01:50,427 | INFO | Batch 180 | Loss: 0.1697 | Correct: 120/128 | Elapsed Time: 23.61s
2026-02-12 14:02:14,254 | INFO | Batch 190 | Loss: 0.0968 | Correct: 124/128 | Elapsed Time: 23.83s
2026-02-12 14:02:37,731 | INFO | Batch 200 | Loss: 0.1904 | Correct: 121/128 | Elapsed Time: 23.48s
2026-02-12 14:03:01,126 | INFO | Batch 210 | Loss: 0.1001 | Correct: 124/128 | Elapsed Time: 23.39s
2026-02-12 14:03:24,722 | INFO | Batch 220 | Loss: 0.1542 | Correct: 120/128 | Elapsed Time: 23.60s
2026-02-12 14:03:48,356 | INFO | Batch 230 | Loss: 0.1604 | Correct: 118/128 | Elapsed Time: 23.63s
2026-02-12 14:04:11,957 | INFO | Batch 240 | Loss: 0.2054 | Correct: 119/128 | Elapsed Time: 23.60s
2026-02-12 14:04:35,370 | INFO | Batch 250 | Loss: 0.2437 | Correct: 118/128 | Elapsed Time: 23.41s
2026-02-12 14:04:58,740 | INFO | Batch 260 | Loss: 0.2330 | Correct: 115/128 | Elapsed Time: 23.37s
2026-02-12 14:05:22,154 | INFO | Batch 270 | Loss: 0.1938 | Correct: 121/128 | Elapsed Time: 23.41s
2026-02-12 14:05:45,640 | INFO | Batch 280 | Loss: 0.1614 | Correct: 121/128 | Elapsed Time: 23.49s
2026-02-12 14:06:09,224 | INFO | Batch 290 | Loss: 0.1232 | Correct: 122/128 | Elapsed Time: 23.58s
2026-02-12 14:06:32,778 | INFO | Batch 300 | Loss: 0.1721 | Correct: 119/128 | Elapsed Time: 23.55s
2026-02-12 14:06:56,297 | INFO | Batch 310 | Loss: 0.2611 | Correct: 113/128 | Elapsed Time: 23.52s
2026-02-12 14:07:19,950 | INFO | Batch 320 | Loss: 0.1894 | Correct: 117/128 | Elapsed Time: 23.65s
2026-02-12 14:07:43,479 | INFO | Batch 330 | Loss: 0.1959 | Correct: 119/128 | Elapsed Time: 23.53s
2026-02-12 14:08:07,053 | INFO | Batch 340 | Loss: 0.2583 | Correct: 119/128 | Elapsed Time: 23.57s
2026-02-12 14:08:30,626 | INFO | Batch 350 | Loss: 0.2041 | Correct: 119/128 | Elapsed Time: 23.57s
2026-02-12 14:08:54,173 | INFO | Batch 360 | Loss: 0.1886 | Correct: 121/128 | Elapsed Time: 23.55s
2026-02-12 14:09:17,893 | INFO | Batch 370 | Loss: 0.2551 | Correct: 118/128 | Elapsed Time: 23.72s
2026-02-12 14:09:41,619 | INFO | Batch 380 | Loss: 0.1435 | Correct: 122/128 | Elapsed Time: 23.73s
2026-02-12 14:10:05,323 | INFO | Batch 390 | Loss: 0.1521 | Correct: 119/128 | Elapsed Time: 23.70s
2026-02-12 14:10:06,912 | INFO | Epoch [55/100] - Loss: 0.1942 | Correct: 46522/50000 (93.04%, 924.27s)
2026-02-12 14:11:18,552 | INFO | Validation - Loss: 0.4299 | Correct: 8702/10000 (87.02%) (71.64s)
2026-02-12 14:11:18,833 | INFO | New best model saved at epoch 55 with Top1 Acc: 87.02%
2026-02-12 14:11:42,430 | INFO | Batch 10 | Loss: 0.2105 | Correct: 119/128 | Elapsed Time: 23.60s
2026-02-12 14:12:06,013 | INFO | Batch 20 | Loss: 0.1670 | Correct: 120/128 | Elapsed Time: 23.58s
2026-02-12 14:12:29,563 | INFO | Batch 30 | Loss: 0.1702 | Correct: 123/128 | Elapsed Time: 23.55s
2026-02-12 14:12:53,128 | INFO | Batch 40 | Loss: 0.2119 | Correct: 119/128 | Elapsed Time: 23.57s
2026-02-12 14:13:16,871 | INFO | Batch 50 | Loss: 0.2119 | Correct: 117/128 | Elapsed Time: 23.74s
2026-02-12 14:13:40,492 | INFO | Batch 60 | Loss: 0.1347 | Correct: 122/128 | Elapsed Time: 23.62s
2026-02-12 14:14:04,124 | INFO | Batch 70 | Loss: 0.2105 | Correct: 119/128 | Elapsed Time: 23.63s
2026-02-12 14:14:27,756 | INFO | Batch 80 | Loss: 0.1915 | Correct: 117/128 | Elapsed Time: 23.63s
2026-02-12 14:14:51,361 | INFO | Batch 90 | Loss: 0.1117 | Correct: 122/128 | Elapsed Time: 23.61s
2026-02-12 14:15:14,956 | INFO | Batch 100 | Loss: 0.1497 | Correct: 121/128 | Elapsed Time: 23.59s
2026-02-12 14:15:38,645 | INFO | Batch 110 | Loss: 0.1933 | Correct: 118/128 | Elapsed Time: 23.69s
2026-02-12 14:16:02,255 | INFO | Batch 120 | Loss: 0.1732 | Correct: 117/128 | Elapsed Time: 23.61s
2026-02-12 14:16:25,863 | INFO | Batch 130 | Loss: 0.2099 | Correct: 117/128 | Elapsed Time: 23.61s
2026-02-12 14:16:49,476 | INFO | Batch 140 | Loss: 0.1420 | Correct: 119/128 | Elapsed Time: 23.61s
2026-02-12 14:17:13,018 | INFO | Batch 150 | Loss: 0.1569 | Correct: 117/128 | Elapsed Time: 23.54s
2026-02-12 14:17:36,588 | INFO | Batch 160 | Loss: 0.1856 | Correct: 120/128 | Elapsed Time: 23.57s
2026-02-12 14:18:00,304 | INFO | Batch 170 | Loss: 0.1841 | Correct: 120/128 | Elapsed Time: 23.72s
2026-02-12 14:18:23,895 | INFO | Batch 180 | Loss: 0.1327 | Correct: 121/128 | Elapsed Time: 23.59s
2026-02-12 14:18:47,521 | INFO | Batch 190 | Loss: 0.1725 | Correct: 121/128 | Elapsed Time: 23.63s
2026-02-12 14:19:11,538 | INFO | Batch 200 | Loss: 0.1550 | Correct: 121/128 | Elapsed Time: 24.02s
2026-02-12 14:19:35,045 | INFO | Batch 210 | Loss: 0.2204 | Correct: 118/128 | Elapsed Time: 23.51s
2026-02-12 14:19:58,557 | INFO | Batch 220 | Loss: 0.1902 | Correct: 118/128 | Elapsed Time: 23.51s
2026-02-12 14:20:22,220 | INFO | Batch 230 | Loss: 0.2169 | Correct: 120/128 | Elapsed Time: 23.66s
2026-02-12 14:20:45,848 | INFO | Batch 240 | Loss: 0.2134 | Correct: 121/128 | Elapsed Time: 23.63s
2026-02-12 14:21:09,459 | INFO | Batch 250 | Loss: 0.1604 | Correct: 121/128 | Elapsed Time: 23.61s
2026-02-12 14:21:33,080 | INFO | Batch 260 | Loss: 0.1240 | Correct: 120/128 | Elapsed Time: 23.62s
2026-02-12 14:21:56,706 | INFO | Batch 270 | Loss: 0.3034 | Correct: 113/128 | Elapsed Time: 23.63s
2026-02-12 14:22:20,376 | INFO | Batch 280 | Loss: 0.1305 | Correct: 121/128 | Elapsed Time: 23.67s
2026-02-12 14:22:44,157 | INFO | Batch 290 | Loss: 0.1777 | Correct: 120/128 | Elapsed Time: 23.78s
2026-02-12 14:23:07,803 | INFO | Batch 300 | Loss: 0.1380 | Correct: 122/128 | Elapsed Time: 23.65s
2026-02-12 14:23:31,384 | INFO | Batch 310 | Loss: 0.2082 | Correct: 118/128 | Elapsed Time: 23.58s
2026-02-12 14:23:54,906 | INFO | Batch 320 | Loss: 0.1058 | Correct: 123/128 | Elapsed Time: 23.52s
2026-02-12 14:24:18,502 | INFO | Batch 330 | Loss: 0.2314 | Correct: 118/128 | Elapsed Time: 23.60s
2026-02-12 14:24:42,075 | INFO | Batch 340 | Loss: 0.1255 | Correct: 123/128 | Elapsed Time: 23.57s
2026-02-12 14:25:05,643 | INFO | Batch 350 | Loss: 0.1513 | Correct: 118/128 | Elapsed Time: 23.57s
2026-02-12 14:25:29,314 | INFO | Batch 360 | Loss: 0.1437 | Correct: 121/128 | Elapsed Time: 23.67s
2026-02-12 14:25:52,908 | INFO | Batch 370 | Loss: 0.1410 | Correct: 124/128 | Elapsed Time: 23.59s
2026-02-12 14:26:16,539 | INFO | Batch 380 | Loss: 0.1930 | Correct: 118/128 | Elapsed Time: 23.63s
2026-02-12 14:26:40,120 | INFO | Batch 390 | Loss: 0.2054 | Correct: 120/128 | Elapsed Time: 23.58s
2026-02-12 14:26:41,720 | INFO | Epoch [56/100] - Loss: 0.1829 | Correct: 46739/50000 (93.48%, 922.89s)
2026-02-12 14:27:53,750 | INFO | Validation - Loss: 0.4337 | Correct: 8709/10000 (87.09%) (72.03s)
2026-02-12 14:27:53,998 | INFO | New best model saved at epoch 56 with Top1 Acc: 87.09%
2026-02-12 14:28:17,744 | INFO | Batch 10 | Loss: 0.1406 | Correct: 123/128 | Elapsed Time: 23.75s
2026-02-12 14:28:41,600 | INFO | Batch 20 | Loss: 0.1131 | Correct: 122/128 | Elapsed Time: 23.86s
2026-02-12 14:29:05,408 | INFO | Batch 30 | Loss: 0.1276 | Correct: 121/128 | Elapsed Time: 23.81s
2026-02-12 14:29:29,179 | INFO | Batch 40 | Loss: 0.1314 | Correct: 122/128 | Elapsed Time: 23.77s
2026-02-12 14:29:52,834 | INFO | Batch 50 | Loss: 0.1785 | Correct: 120/128 | Elapsed Time: 23.66s
2026-02-12 14:30:16,506 | INFO | Batch 60 | Loss: 0.1879 | Correct: 117/128 | Elapsed Time: 23.67s
2026-02-12 14:30:40,104 | INFO | Batch 70 | Loss: 0.1861 | Correct: 118/128 | Elapsed Time: 23.60s
2026-02-12 14:31:03,689 | INFO | Batch 80 | Loss: 0.1854 | Correct: 121/128 | Elapsed Time: 23.59s
2026-02-12 14:31:27,343 | INFO | Batch 90 | Loss: 0.2128 | Correct: 120/128 | Elapsed Time: 23.65s
2026-02-12 14:31:50,942 | INFO | Batch 100 | Loss: 0.1981 | Correct: 117/128 | Elapsed Time: 23.60s
2026-02-12 14:32:14,598 | INFO | Batch 110 | Loss: 0.1628 | Correct: 120/128 | Elapsed Time: 23.66s
2026-02-12 14:32:38,177 | INFO | Batch 120 | Loss: 0.2262 | Correct: 118/128 | Elapsed Time: 23.58s
2026-02-12 14:33:01,819 | INFO | Batch 130 | Loss: 0.2324 | Correct: 119/128 | Elapsed Time: 23.64s
2026-02-12 14:33:25,478 | INFO | Batch 140 | Loss: 0.1588 | Correct: 124/128 | Elapsed Time: 23.66s
2026-02-12 14:33:49,238 | INFO | Batch 150 | Loss: 0.2148 | Correct: 116/128 | Elapsed Time: 23.76s
2026-02-12 14:34:12,937 | INFO | Batch 160 | Loss: 0.1376 | Correct: 123/128 | Elapsed Time: 23.70s
2026-02-12 14:34:36,599 | INFO | Batch 170 | Loss: 0.1632 | Correct: 123/128 | Elapsed Time: 23.66s
2026-02-12 14:35:00,194 | INFO | Batch 180 | Loss: 0.2650 | Correct: 117/128 | Elapsed Time: 23.59s
2026-02-12 14:35:23,809 | INFO | Batch 190 | Loss: 0.1076 | Correct: 122/128 | Elapsed Time: 23.62s
2026-02-12 14:35:47,421 | INFO | Batch 200 | Loss: 0.2520 | Correct: 116/128 | Elapsed Time: 23.61s
2026-02-12 14:36:11,253 | INFO | Batch 210 | Loss: 0.2097 | Correct: 118/128 | Elapsed Time: 23.83s
2026-02-12 14:36:34,877 | INFO | Batch 220 | Loss: 0.1899 | Correct: 121/128 | Elapsed Time: 23.62s
2026-02-12 14:36:58,524 | INFO | Batch 230 | Loss: 0.1079 | Correct: 122/128 | Elapsed Time: 23.65s
2026-02-12 14:37:22,214 | INFO | Batch 240 | Loss: 0.1841 | Correct: 119/128 | Elapsed Time: 23.69s
2026-02-12 14:37:45,844 | INFO | Batch 250 | Loss: 0.1789 | Correct: 117/128 | Elapsed Time: 23.63s
2026-02-12 14:38:09,552 | INFO | Batch 260 | Loss: 0.2621 | Correct: 115/128 | Elapsed Time: 23.71s
2026-02-12 14:38:33,328 | INFO | Batch 270 | Loss: 0.1258 | Correct: 123/128 | Elapsed Time: 23.78s
2026-02-12 14:38:57,001 | INFO | Batch 280 | Loss: 0.2280 | Correct: 115/128 | Elapsed Time: 23.67s
2026-02-12 14:39:21,075 | INFO | Batch 290 | Loss: 0.1321 | Correct: 122/128 | Elapsed Time: 24.07s
2026-02-12 14:39:44,748 | INFO | Batch 300 | Loss: 0.2091 | Correct: 119/128 | Elapsed Time: 23.67s
2026-02-12 14:40:08,508 | INFO | Batch 310 | Loss: 0.1359 | Correct: 123/128 | Elapsed Time: 23.76s
2026-02-12 14:40:32,189 | INFO | Batch 320 | Loss: 0.1343 | Correct: 122/128 | Elapsed Time: 23.68s
2026-02-12 14:40:55,935 | INFO | Batch 330 | Loss: 0.2032 | Correct: 118/128 | Elapsed Time: 23.75s
2026-02-12 14:41:19,618 | INFO | Batch 340 | Loss: 0.1970 | Correct: 120/128 | Elapsed Time: 23.68s
2026-02-12 14:41:43,164 | INFO | Batch 350 | Loss: 0.1707 | Correct: 120/128 | Elapsed Time: 23.55s
2026-02-12 14:42:06,727 | INFO | Batch 360 | Loss: 0.1675 | Correct: 120/128 | Elapsed Time: 23.56s
2026-02-12 14:42:30,169 | INFO | Batch 370 | Loss: 0.2054 | Correct: 117/128 | Elapsed Time: 23.44s
2026-02-12 14:42:53,742 | INFO | Batch 380 | Loss: 0.1749 | Correct: 120/128 | Elapsed Time: 23.57s
2026-02-12 14:43:17,382 | INFO | Batch 390 | Loss: 0.1350 | Correct: 123/128 | Elapsed Time: 23.64s
2026-02-12 14:43:18,980 | INFO | Epoch [57/100] - Loss: 0.1822 | Correct: 46731/50000 (93.46%, 924.98s)
2026-02-12 14:44:30,977 | INFO | Validation - Loss: 0.4286 | Correct: 8736/10000 (87.36%) (72.00s)
2026-02-12 14:44:31,248 | INFO | New best model saved at epoch 57 with Top1 Acc: 87.36%
2026-02-12 14:44:54,903 | INFO | Batch 10 | Loss: 0.1459 | Correct: 124/128 | Elapsed Time: 23.65s
2026-02-12 14:45:18,622 | INFO | Batch 20 | Loss: 0.1554 | Correct: 119/128 | Elapsed Time: 23.72s
2026-02-12 14:45:42,269 | INFO | Batch 30 | Loss: 0.1910 | Correct: 119/128 | Elapsed Time: 23.65s
2026-02-12 14:46:05,929 | INFO | Batch 40 | Loss: 0.2317 | Correct: 120/128 | Elapsed Time: 23.66s
2026-02-12 14:46:29,596 | INFO | Batch 50 | Loss: 0.2049 | Correct: 118/128 | Elapsed Time: 23.67s
2026-02-12 14:46:53,429 | INFO | Batch 60 | Loss: 0.1204 | Correct: 122/128 | Elapsed Time: 23.83s
2026-02-12 14:47:17,082 | INFO | Batch 70 | Loss: 0.2730 | Correct: 116/128 | Elapsed Time: 23.65s
2026-02-12 14:47:40,736 | INFO | Batch 80 | Loss: 0.1040 | Correct: 125/128 | Elapsed Time: 23.65s
2026-02-12 14:48:04,433 | INFO | Batch 90 | Loss: 0.1836 | Correct: 119/128 | Elapsed Time: 23.70s
2026-02-12 14:48:28,086 | INFO | Batch 100 | Loss: 0.1563 | Correct: 120/128 | Elapsed Time: 23.65s
2026-02-12 14:48:51,730 | INFO | Batch 110 | Loss: 0.1986 | Correct: 116/128 | Elapsed Time: 23.64s
2026-02-12 14:49:15,892 | INFO | Batch 120 | Loss: 0.2597 | Correct: 119/128 | Elapsed Time: 24.16s
2026-02-12 14:49:39,593 | INFO | Batch 130 | Loss: 0.0993 | Correct: 124/128 | Elapsed Time: 23.70s
2026-02-12 14:50:03,244 | INFO | Batch 140 | Loss: 0.1061 | Correct: 122/128 | Elapsed Time: 23.65s
2026-02-12 14:50:26,898 | INFO | Batch 150 | Loss: 0.1536 | Correct: 123/128 | Elapsed Time: 23.65s
2026-02-12 14:50:50,574 | INFO | Batch 160 | Loss: 0.2041 | Correct: 119/128 | Elapsed Time: 23.68s
2026-02-12 14:51:14,223 | INFO | Batch 170 | Loss: 0.1688 | Correct: 119/128 | Elapsed Time: 23.65s
2026-02-12 14:51:37,875 | INFO | Batch 180 | Loss: 0.2562 | Correct: 116/128 | Elapsed Time: 23.65s
2026-02-12 14:52:01,759 | INFO | Batch 190 | Loss: 0.1260 | Correct: 123/128 | Elapsed Time: 23.88s
2026-02-12 14:52:25,504 | INFO | Batch 200 | Loss: 0.1064 | Correct: 123/128 | Elapsed Time: 23.75s
2026-02-12 14:52:49,070 | INFO | Batch 210 | Loss: 0.1645 | Correct: 119/128 | Elapsed Time: 23.57s
2026-02-12 14:53:12,634 | INFO | Batch 220 | Loss: 0.1814 | Correct: 119/128 | Elapsed Time: 23.56s
2026-02-12 14:53:36,212 | INFO | Batch 230 | Loss: 0.1546 | Correct: 122/128 | Elapsed Time: 23.58s
2026-02-12 14:53:59,878 | INFO | Batch 240 | Loss: 0.2327 | Correct: 118/128 | Elapsed Time: 23.67s
2026-02-12 14:54:23,734 | INFO | Batch 250 | Loss: 0.1836 | Correct: 119/128 | Elapsed Time: 23.86s
2026-02-12 14:54:47,376 | INFO | Batch 260 | Loss: 0.1437 | Correct: 122/128 | Elapsed Time: 23.64s
2026-02-12 14:55:11,152 | INFO | Batch 270 | Loss: 0.1382 | Correct: 124/128 | Elapsed Time: 23.78s
2026-02-12 14:55:34,820 | INFO | Batch 280 | Loss: 0.1962 | Correct: 119/128 | Elapsed Time: 23.67s
2026-02-12 14:55:58,391 | INFO | Batch 290 | Loss: 0.1414 | Correct: 123/128 | Elapsed Time: 23.57s
2026-02-12 14:56:22,002 | INFO | Batch 300 | Loss: 0.1578 | Correct: 121/128 | Elapsed Time: 23.61s
2026-02-12 14:56:45,739 | INFO | Batch 310 | Loss: 0.2074 | Correct: 117/128 | Elapsed Time: 23.74s
2026-02-12 14:57:09,371 | INFO | Batch 320 | Loss: 0.1511 | Correct: 121/128 | Elapsed Time: 23.63s
2026-02-12 14:57:33,049 | INFO | Batch 330 | Loss: 0.1619 | Correct: 121/128 | Elapsed Time: 23.68s
2026-02-12 14:57:56,675 | INFO | Batch 340 | Loss: 0.2204 | Correct: 119/128 | Elapsed Time: 23.63s
2026-02-12 14:58:20,374 | INFO | Batch 350 | Loss: 0.1385 | Correct: 121/128 | Elapsed Time: 23.70s
2026-02-12 14:58:44,026 | INFO | Batch 360 | Loss: 0.0993 | Correct: 125/128 | Elapsed Time: 23.65s
2026-02-12 14:59:07,861 | INFO | Batch 370 | Loss: 0.1237 | Correct: 122/128 | Elapsed Time: 23.83s
2026-02-12 14:59:31,560 | INFO | Batch 380 | Loss: 0.1586 | Correct: 120/128 | Elapsed Time: 23.70s
2026-02-12 14:59:55,254 | INFO | Batch 390 | Loss: 0.1892 | Correct: 121/128 | Elapsed Time: 23.69s
2026-02-12 14:59:56,859 | INFO | Epoch [58/100] - Loss: 0.1769 | Correct: 46818/50000 (93.64%, 925.61s)
2026-02-12 15:01:08,793 | INFO | Validation - Loss: 0.4362 | Correct: 8721/10000 (87.21%) (71.93s)
2026-02-12 15:01:32,405 | INFO | Batch 10 | Loss: 0.1728 | Correct: 120/128 | Elapsed Time: 23.61s
2026-02-12 15:01:56,057 | INFO | Batch 20 | Loss: 0.2453 | Correct: 118/128 | Elapsed Time: 23.65s
2026-02-12 15:02:19,668 | INFO | Batch 30 | Loss: 0.2632 | Correct: 113/128 | Elapsed Time: 23.61s
2026-02-12 15:02:43,378 | INFO | Batch 40 | Loss: 0.1621 | Correct: 124/128 | Elapsed Time: 23.71s
2026-02-12 15:03:06,968 | INFO | Batch 50 | Loss: 0.1487 | Correct: 120/128 | Elapsed Time: 23.59s
2026-02-12 15:03:30,538 | INFO | Batch 60 | Loss: 0.1445 | Correct: 123/128 | Elapsed Time: 23.57s
2026-02-12 15:03:54,016 | INFO | Batch 70 | Loss: 0.1318 | Correct: 124/128 | Elapsed Time: 23.48s
2026-02-12 15:04:17,611 | INFO | Batch 80 | Loss: 0.1941 | Correct: 115/128 | Elapsed Time: 23.60s
2026-02-12 15:04:41,184 | INFO | Batch 90 | Loss: 0.1704 | Correct: 120/128 | Elapsed Time: 23.57s
2026-02-12 15:05:04,909 | INFO | Batch 100 | Loss: 0.2317 | Correct: 116/128 | Elapsed Time: 23.72s
2026-02-12 15:05:28,481 | INFO | Batch 110 | Loss: 0.1480 | Correct: 119/128 | Elapsed Time: 23.57s
2026-02-12 15:05:52,082 | INFO | Batch 120 | Loss: 0.1686 | Correct: 122/128 | Elapsed Time: 23.60s
2026-02-12 15:06:15,712 | INFO | Batch 130 | Loss: 0.1099 | Correct: 124/128 | Elapsed Time: 23.63s
2026-02-12 15:06:39,306 | INFO | Batch 140 | Loss: 0.1915 | Correct: 116/128 | Elapsed Time: 23.59s
2026-02-12 15:07:02,917 | INFO | Batch 150 | Loss: 0.1284 | Correct: 124/128 | Elapsed Time: 23.61s
2026-02-12 15:07:26,558 | INFO | Batch 160 | Loss: 0.1455 | Correct: 122/128 | Elapsed Time: 23.64s
2026-02-12 15:07:50,094 | INFO | Batch 170 | Loss: 0.1178 | Correct: 124/128 | Elapsed Time: 23.54s
2026-02-12 15:08:13,629 | INFO | Batch 180 | Loss: 0.1917 | Correct: 119/128 | Elapsed Time: 23.53s
2026-02-12 15:08:37,122 | INFO | Batch 190 | Loss: 0.0938 | Correct: 123/128 | Elapsed Time: 23.49s
2026-02-12 15:09:00,656 | INFO | Batch 200 | Loss: 0.2013 | Correct: 117/128 | Elapsed Time: 23.53s
2026-02-12 15:09:24,471 | INFO | Batch 210 | Loss: 0.1839 | Correct: 122/128 | Elapsed Time: 23.81s
2026-02-12 15:09:48,064 | INFO | Batch 220 | Loss: 0.1770 | Correct: 117/128 | Elapsed Time: 23.59s
2026-02-12 15:10:11,758 | INFO | Batch 230 | Loss: 0.1846 | Correct: 121/128 | Elapsed Time: 23.69s
2026-02-12 15:10:35,352 | INFO | Batch 240 | Loss: 0.1595 | Correct: 122/128 | Elapsed Time: 23.59s
2026-02-12 15:10:58,993 | INFO | Batch 250 | Loss: 0.1235 | Correct: 122/128 | Elapsed Time: 23.64s
2026-02-12 15:11:22,668 | INFO | Batch 260 | Loss: 0.0784 | Correct: 126/128 | Elapsed Time: 23.67s
2026-02-12 15:11:46,280 | INFO | Batch 270 | Loss: 0.2204 | Correct: 118/128 | Elapsed Time: 23.61s
2026-02-12 15:12:09,923 | INFO | Batch 280 | Loss: 0.1691 | Correct: 119/128 | Elapsed Time: 23.64s
2026-02-12 15:12:33,635 | INFO | Batch 290 | Loss: 0.2453 | Correct: 117/128 | Elapsed Time: 23.71s
2026-02-12 15:12:57,268 | INFO | Batch 300 | Loss: 0.1461 | Correct: 120/128 | Elapsed Time: 23.63s
2026-02-12 15:13:20,903 | INFO | Batch 310 | Loss: 0.1814 | Correct: 121/128 | Elapsed Time: 23.63s
2026-02-12 15:13:44,550 | INFO | Batch 320 | Loss: 0.1399 | Correct: 120/128 | Elapsed Time: 23.65s
2026-02-12 15:14:08,258 | INFO | Batch 330 | Loss: 0.1725 | Correct: 119/128 | Elapsed Time: 23.71s
2026-02-12 15:14:31,810 | INFO | Batch 340 | Loss: 0.1132 | Correct: 122/128 | Elapsed Time: 23.55s
2026-02-12 15:14:55,461 | INFO | Batch 350 | Loss: 0.1899 | Correct: 118/128 | Elapsed Time: 23.65s
2026-02-12 15:15:19,113 | INFO | Batch 360 | Loss: 0.2080 | Correct: 120/128 | Elapsed Time: 23.65s
2026-02-12 15:15:42,715 | INFO | Batch 370 | Loss: 0.1101 | Correct: 122/128 | Elapsed Time: 23.60s
2026-02-12 15:16:06,384 | INFO | Batch 380 | Loss: 0.2151 | Correct: 121/128 | Elapsed Time: 23.67s
2026-02-12 15:16:29,992 | INFO | Batch 390 | Loss: 0.2507 | Correct: 116/128 | Elapsed Time: 23.61s
2026-02-12 15:16:31,599 | INFO | Epoch [59/100] - Loss: 0.1704 | Correct: 46937/50000 (93.87%, 922.80s)
2026-02-12 15:17:43,391 | INFO | Validation - Loss: 0.4345 | Correct: 8709/10000 (87.09%) (71.79s)
2026-02-12 15:18:07,068 | INFO | Batch 10 | Loss: 0.1677 | Correct: 119/128 | Elapsed Time: 23.67s
2026-02-12 15:18:30,820 | INFO | Batch 20 | Loss: 0.1586 | Correct: 121/128 | Elapsed Time: 23.75s
2026-02-12 15:18:54,449 | INFO | Batch 30 | Loss: 0.1416 | Correct: 123/128 | Elapsed Time: 23.63s
2026-02-12 15:19:18,550 | INFO | Batch 40 | Loss: 0.1839 | Correct: 119/128 | Elapsed Time: 24.10s
2026-02-12 15:19:42,217 | INFO | Batch 50 | Loss: 0.1753 | Correct: 120/128 | Elapsed Time: 23.67s
2026-02-12 15:20:05,887 | INFO | Batch 60 | Loss: 0.1441 | Correct: 123/128 | Elapsed Time: 23.67s
2026-02-12 15:20:29,521 | INFO | Batch 70 | Loss: 0.3022 | Correct: 115/128 | Elapsed Time: 23.63s
2026-02-12 15:20:53,279 | INFO | Batch 80 | Loss: 0.1780 | Correct: 118/128 | Elapsed Time: 23.76s
2026-02-12 15:21:16,967 | INFO | Batch 90 | Loss: 0.2207 | Correct: 119/128 | Elapsed Time: 23.69s
2026-02-12 15:21:40,557 | INFO | Batch 100 | Loss: 0.1423 | Correct: 121/128 | Elapsed Time: 23.59s
2026-02-12 15:22:04,213 | INFO | Batch 110 | Loss: 0.2099 | Correct: 117/128 | Elapsed Time: 23.66s
2026-02-12 15:22:27,819 | INFO | Batch 120 | Loss: 0.2057 | Correct: 121/128 | Elapsed Time: 23.61s
2026-02-12 15:22:51,414 | INFO | Batch 130 | Loss: 0.1763 | Correct: 119/128 | Elapsed Time: 23.59s
2026-02-12 15:23:15,125 | INFO | Batch 140 | Loss: 0.1283 | Correct: 122/128 | Elapsed Time: 23.71s
2026-02-12 15:23:38,715 | INFO | Batch 150 | Loss: 0.1826 | Correct: 120/128 | Elapsed Time: 23.59s
2026-02-12 15:24:02,353 | INFO | Batch 160 | Loss: 0.1614 | Correct: 120/128 | Elapsed Time: 23.64s
2026-02-12 15:24:26,004 | INFO | Batch 170 | Loss: 0.1120 | Correct: 122/128 | Elapsed Time: 23.65s
2026-02-12 15:24:49,616 | INFO | Batch 180 | Loss: 0.1933 | Correct: 120/128 | Elapsed Time: 23.61s
2026-02-12 15:25:13,205 | INFO | Batch 190 | Loss: 0.1325 | Correct: 121/128 | Elapsed Time: 23.59s
2026-02-12 15:25:36,815 | INFO | Batch 200 | Loss: 0.1782 | Correct: 119/128 | Elapsed Time: 23.61s
2026-02-12 15:26:00,362 | INFO | Batch 210 | Loss: 0.1675 | Correct: 122/128 | Elapsed Time: 23.55s
2026-02-12 15:26:23,963 | INFO | Batch 220 | Loss: 0.1559 | Correct: 120/128 | Elapsed Time: 23.60s
2026-02-12 15:26:47,574 | INFO | Batch 230 | Loss: 0.1688 | Correct: 118/128 | Elapsed Time: 23.61s
2026-02-12 15:27:11,280 | INFO | Batch 240 | Loss: 0.2063 | Correct: 118/128 | Elapsed Time: 23.71s
2026-02-12 15:27:34,909 | INFO | Batch 250 | Loss: 0.1599 | Correct: 119/128 | Elapsed Time: 23.63s
2026-02-12 15:27:58,622 | INFO | Batch 260 | Loss: 0.2082 | Correct: 121/128 | Elapsed Time: 23.71s
2026-02-12 15:28:22,249 | INFO | Batch 270 | Loss: 0.1217 | Correct: 123/128 | Elapsed Time: 23.63s
2026-02-12 15:28:45,914 | INFO | Batch 280 | Loss: 0.1065 | Correct: 122/128 | Elapsed Time: 23.66s
2026-02-12 15:29:10,008 | INFO | Batch 290 | Loss: 0.1930 | Correct: 120/128 | Elapsed Time: 24.09s
2026-02-12 15:29:33,645 | INFO | Batch 300 | Loss: 0.1826 | Correct: 122/128 | Elapsed Time: 23.64s
2026-02-12 15:29:57,243 | INFO | Batch 310 | Loss: 0.1037 | Correct: 121/128 | Elapsed Time: 23.60s
2026-02-12 15:30:20,969 | INFO | Batch 320 | Loss: 0.1272 | Correct: 119/128 | Elapsed Time: 23.73s
2026-02-12 15:30:44,703 | INFO | Batch 330 | Loss: 0.2446 | Correct: 118/128 | Elapsed Time: 23.73s
2026-02-12 15:31:08,340 | INFO | Batch 340 | Loss: 0.1463 | Correct: 122/128 | Elapsed Time: 23.64s
2026-02-12 15:31:31,968 | INFO | Batch 350 | Loss: 0.2327 | Correct: 115/128 | Elapsed Time: 23.63s
2026-02-12 15:31:55,604 | INFO | Batch 360 | Loss: 0.1487 | Correct: 117/128 | Elapsed Time: 23.64s
2026-02-12 15:32:19,213 | INFO | Batch 370 | Loss: 0.1478 | Correct: 123/128 | Elapsed Time: 23.61s
2026-02-12 15:32:42,829 | INFO | Batch 380 | Loss: 0.1197 | Correct: 123/128 | Elapsed Time: 23.62s
2026-02-12 15:33:06,634 | INFO | Batch 390 | Loss: 0.1443 | Correct: 123/128 | Elapsed Time: 23.80s
2026-02-12 15:33:08,236 | INFO | Epoch [60/100] - Loss: 0.1693 | Correct: 46967/50000 (93.93%, 924.84s)
2026-02-12 15:34:20,133 | INFO | Validation - Loss: 0.4360 | Correct: 8734/10000 (87.34%) (71.90s)
2026-02-12 15:34:43,743 | INFO | Batch 10 | Loss: 0.1859 | Correct: 120/128 | Elapsed Time: 23.61s
2026-02-12 15:35:07,422 | INFO | Batch 20 | Loss: 0.2388 | Correct: 117/128 | Elapsed Time: 23.68s
2026-02-12 15:35:31,106 | INFO | Batch 30 | Loss: 0.0843 | Correct: 124/128 | Elapsed Time: 23.68s
2026-02-12 15:35:54,740 | INFO | Batch 40 | Loss: 0.1359 | Correct: 121/128 | Elapsed Time: 23.63s
2026-02-12 15:36:18,329 | INFO | Batch 50 | Loss: 0.1770 | Correct: 121/128 | Elapsed Time: 23.59s
2026-02-12 15:36:42,048 | INFO | Batch 60 | Loss: 0.1225 | Correct: 122/128 | Elapsed Time: 23.72s
2026-02-12 15:37:05,787 | INFO | Batch 70 | Loss: 0.1295 | Correct: 120/128 | Elapsed Time: 23.74s
2026-02-12 15:37:29,530 | INFO | Batch 80 | Loss: 0.0992 | Correct: 124/128 | Elapsed Time: 23.74s
2026-02-12 15:37:53,293 | INFO | Batch 90 | Loss: 0.1179 | Correct: 123/128 | Elapsed Time: 23.76s
2026-02-12 15:38:17,083 | INFO | Batch 100 | Loss: 0.1399 | Correct: 123/128 | Elapsed Time: 23.79s
2026-02-12 15:38:40,880 | INFO | Batch 110 | Loss: 0.1384 | Correct: 123/128 | Elapsed Time: 23.80s
2026-02-12 15:39:05,095 | INFO | Batch 120 | Loss: 0.3009 | Correct: 114/128 | Elapsed Time: 24.22s
2026-02-12 15:39:28,989 | INFO | Batch 130 | Loss: 0.1255 | Correct: 124/128 | Elapsed Time: 23.89s
2026-02-12 15:39:52,739 | INFO | Batch 140 | Loss: 0.2493 | Correct: 118/128 | Elapsed Time: 23.75s
2026-02-12 15:40:16,382 | INFO | Batch 150 | Loss: 0.1304 | Correct: 120/128 | Elapsed Time: 23.64s
2026-02-12 15:40:39,983 | INFO | Batch 160 | Loss: 0.0992 | Correct: 125/128 | Elapsed Time: 23.60s
2026-02-12 15:41:03,576 | INFO | Batch 170 | Loss: 0.1053 | Correct: 124/128 | Elapsed Time: 23.59s
2026-02-12 15:41:27,313 | INFO | Batch 180 | Loss: 0.1599 | Correct: 122/128 | Elapsed Time: 23.74s
2026-02-12 15:41:50,923 | INFO | Batch 190 | Loss: 0.1588 | Correct: 120/128 | Elapsed Time: 23.61s
2026-02-12 15:42:14,582 | INFO | Batch 200 | Loss: 0.1856 | Correct: 119/128 | Elapsed Time: 23.66s
2026-02-12 15:42:38,215 | INFO | Batch 210 | Loss: 0.1445 | Correct: 123/128 | Elapsed Time: 23.63s
2026-02-12 15:43:01,877 | INFO | Batch 220 | Loss: 0.1284 | Correct: 120/128 | Elapsed Time: 23.66s
2026-02-12 15:43:25,559 | INFO | Batch 230 | Loss: 0.1374 | Correct: 121/128 | Elapsed Time: 23.68s
2026-02-12 15:43:49,329 | INFO | Batch 240 | Loss: 0.1542 | Correct: 121/128 | Elapsed Time: 23.77s
2026-02-12 15:44:12,997 | INFO | Batch 250 | Loss: 0.1809 | Correct: 119/128 | Elapsed Time: 23.67s
2026-02-12 15:44:36,698 | INFO | Batch 260 | Loss: 0.2775 | Correct: 115/128 | Elapsed Time: 23.70s
2026-02-12 15:45:00,387 | INFO | Batch 270 | Loss: 0.1044 | Correct: 122/128 | Elapsed Time: 23.69s
2026-02-12 15:45:24,060 | INFO | Batch 280 | Loss: 0.2000 | Correct: 120/128 | Elapsed Time: 23.67s
2026-02-12 15:45:47,698 | INFO | Batch 290 | Loss: 0.1787 | Correct: 120/128 | Elapsed Time: 23.64s
2026-02-12 15:46:11,343 | INFO | Batch 300 | Loss: 0.2327 | Correct: 116/128 | Elapsed Time: 23.65s
2026-02-12 15:46:35,098 | INFO | Batch 310 | Loss: 0.1933 | Correct: 119/128 | Elapsed Time: 23.75s
2026-02-12 15:46:58,640 | INFO | Batch 320 | Loss: 0.2030 | Correct: 119/128 | Elapsed Time: 23.54s
2026-02-12 15:47:22,212 | INFO | Batch 330 | Loss: 0.1499 | Correct: 120/128 | Elapsed Time: 23.57s
2026-02-12 15:47:45,823 | INFO | Batch 340 | Loss: 0.1648 | Correct: 119/128 | Elapsed Time: 23.61s
2026-02-12 15:48:09,486 | INFO | Batch 350 | Loss: 0.1925 | Correct: 119/128 | Elapsed Time: 23.66s
2026-02-12 15:48:33,113 | INFO | Batch 360 | Loss: 0.0923 | Correct: 125/128 | Elapsed Time: 23.63s
2026-02-12 15:48:56,845 | INFO | Batch 370 | Loss: 0.0840 | Correct: 126/128 | Elapsed Time: 23.73s
2026-02-12 15:49:20,776 | INFO | Batch 380 | Loss: 0.1433 | Correct: 123/128 | Elapsed Time: 23.93s
2026-02-12 15:49:44,340 | INFO | Batch 390 | Loss: 0.1343 | Correct: 123/128 | Elapsed Time: 23.56s
2026-02-12 15:49:45,950 | INFO | Epoch [61/100] - Loss: 0.1655 | Correct: 47033/50000 (94.07%, 925.81s)
2026-02-12 15:50:57,853 | INFO | Validation - Loss: 0.4419 | Correct: 8703/10000 (87.03%) (71.90s)
2026-02-12 15:51:21,588 | INFO | Batch 10 | Loss: 0.1550 | Correct: 122/128 | Elapsed Time: 23.73s
2026-02-12 15:51:45,262 | INFO | Batch 20 | Loss: 0.1356 | Correct: 120/128 | Elapsed Time: 23.67s
2026-02-12 15:52:08,916 | INFO | Batch 30 | Loss: 0.2551 | Correct: 118/128 | Elapsed Time: 23.65s
2026-02-12 15:52:32,629 | INFO | Batch 40 | Loss: 0.1123 | Correct: 124/128 | Elapsed Time: 23.71s
2026-02-12 15:52:56,238 | INFO | Batch 50 | Loss: 0.2400 | Correct: 118/128 | Elapsed Time: 23.61s
2026-02-12 15:53:19,931 | INFO | Batch 60 | Loss: 0.1645 | Correct: 118/128 | Elapsed Time: 23.69s
2026-02-12 15:53:43,583 | INFO | Batch 70 | Loss: 0.2131 | Correct: 118/128 | Elapsed Time: 23.65s
2026-02-12 15:54:07,252 | INFO | Batch 80 | Loss: 0.1965 | Correct: 119/128 | Elapsed Time: 23.67s
2026-02-12 15:54:30,927 | INFO | Batch 90 | Loss: 0.1487 | Correct: 121/128 | Elapsed Time: 23.68s
2026-02-12 15:54:54,616 | INFO | Batch 100 | Loss: 0.1749 | Correct: 120/128 | Elapsed Time: 23.69s
2026-02-12 15:55:18,286 | INFO | Batch 110 | Loss: 0.1497 | Correct: 121/128 | Elapsed Time: 23.67s
2026-02-12 15:55:41,885 | INFO | Batch 120 | Loss: 0.2134 | Correct: 118/128 | Elapsed Time: 23.60s
2026-02-12 15:56:05,548 | INFO | Batch 130 | Loss: 0.1584 | Correct: 122/128 | Elapsed Time: 23.66s
2026-02-12 15:56:29,275 | INFO | Batch 140 | Loss: 0.1065 | Correct: 123/128 | Elapsed Time: 23.73s
2026-02-12 15:56:52,960 | INFO | Batch 150 | Loss: 0.0952 | Correct: 124/128 | Elapsed Time: 23.68s
2026-02-12 15:57:16,796 | INFO | Batch 160 | Loss: 0.1782 | Correct: 118/128 | Elapsed Time: 23.84s
2026-02-12 15:57:40,358 | INFO | Batch 170 | Loss: 0.0914 | Correct: 126/128 | Elapsed Time: 23.56s
2026-02-12 15:58:03,989 | INFO | Batch 180 | Loss: 0.1697 | Correct: 120/128 | Elapsed Time: 23.63s
2026-02-12 15:58:27,546 | INFO | Batch 190 | Loss: 0.2371 | Correct: 117/128 | Elapsed Time: 23.56s
2026-02-12 15:58:51,113 | INFO | Batch 200 | Loss: 0.2343 | Correct: 118/128 | Elapsed Time: 23.57s
2026-02-12 15:59:15,175 | INFO | Batch 210 | Loss: 0.1423 | Correct: 120/128 | Elapsed Time: 24.06s
2026-02-12 15:59:38,846 | INFO | Batch 220 | Loss: 0.2237 | Correct: 115/128 | Elapsed Time: 23.67s
2026-02-12 16:00:02,455 | INFO | Batch 230 | Loss: 0.2544 | Correct: 118/128 | Elapsed Time: 23.61s
2026-02-12 16:00:26,031 | INFO | Batch 240 | Loss: 0.1178 | Correct: 122/128 | Elapsed Time: 23.58s
2026-02-12 16:00:49,621 | INFO | Batch 250 | Loss: 0.2030 | Correct: 117/128 | Elapsed Time: 23.59s
2026-02-12 16:01:13,230 | INFO | Batch 260 | Loss: 0.1365 | Correct: 123/128 | Elapsed Time: 23.61s
2026-02-12 16:01:36,827 | INFO | Batch 270 | Loss: 0.1691 | Correct: 119/128 | Elapsed Time: 23.60s
2026-02-12 16:02:00,399 | INFO | Batch 280 | Loss: 0.1780 | Correct: 119/128 | Elapsed Time: 23.57s
2026-02-12 16:02:24,127 | INFO | Batch 290 | Loss: 0.2324 | Correct: 116/128 | Elapsed Time: 23.73s
2026-02-12 16:02:47,678 | INFO | Batch 300 | Loss: 0.1228 | Correct: 120/128 | Elapsed Time: 23.55s
2026-02-12 16:03:11,283 | INFO | Batch 310 | Loss: 0.2400 | Correct: 114/128 | Elapsed Time: 23.60s
2026-02-12 16:03:34,866 | INFO | Batch 320 | Loss: 0.2618 | Correct: 117/128 | Elapsed Time: 23.58s
2026-02-12 16:03:58,451 | INFO | Batch 330 | Loss: 0.1272 | Correct: 123/128 | Elapsed Time: 23.58s
2026-02-12 16:04:22,032 | INFO | Batch 340 | Loss: 0.2378 | Correct: 118/128 | Elapsed Time: 23.58s
2026-02-12 16:04:45,751 | INFO | Batch 350 | Loss: 0.1288 | Correct: 122/128 | Elapsed Time: 23.72s
2026-02-12 16:05:09,375 | INFO | Batch 360 | Loss: 0.2094 | Correct: 115/128 | Elapsed Time: 23.62s
2026-02-12 16:05:32,969 | INFO | Batch 370 | Loss: 0.1008 | Correct: 123/128 | Elapsed Time: 23.59s
2026-02-12 16:05:56,564 | INFO | Batch 380 | Loss: 0.1617 | Correct: 123/128 | Elapsed Time: 23.59s
2026-02-12 16:06:20,297 | INFO | Batch 390 | Loss: 0.2105 | Correct: 117/128 | Elapsed Time: 23.73s
2026-02-12 16:06:21,900 | INFO | Epoch [62/100] - Loss: 0.1616 | Correct: 47138/50000 (94.28%, 924.04s)
2026-02-12 16:07:34,252 | INFO | Validation - Loss: 0.4416 | Correct: 8707/10000 (87.07%) (72.35s)
2026-02-12 16:07:58,147 | INFO | Batch 10 | Loss: 0.1824 | Correct: 122/128 | Elapsed Time: 23.89s
2026-02-12 16:08:21,816 | INFO | Batch 20 | Loss: 0.1114 | Correct: 121/128 | Elapsed Time: 23.67s
2026-02-12 16:08:45,420 | INFO | Batch 30 | Loss: 0.1742 | Correct: 121/128 | Elapsed Time: 23.60s
2026-02-12 16:09:09,620 | INFO | Batch 40 | Loss: 0.1291 | Correct: 123/128 | Elapsed Time: 24.20s
2026-02-12 16:09:33,315 | INFO | Batch 50 | Loss: 0.1737 | Correct: 122/128 | Elapsed Time: 23.70s
2026-02-12 16:09:57,012 | INFO | Batch 60 | Loss: 0.1300 | Correct: 119/128 | Elapsed Time: 23.70s
2026-02-12 16:10:20,827 | INFO | Batch 70 | Loss: 0.1495 | Correct: 122/128 | Elapsed Time: 23.81s
2026-02-12 16:10:44,479 | INFO | Batch 80 | Loss: 0.1593 | Correct: 122/128 | Elapsed Time: 23.65s
2026-02-12 16:11:08,223 | INFO | Batch 90 | Loss: 0.1414 | Correct: 124/128 | Elapsed Time: 23.74s
2026-02-12 16:11:31,875 | INFO | Batch 100 | Loss: 0.1119 | Correct: 124/128 | Elapsed Time: 23.65s
2026-02-12 16:11:55,567 | INFO | Batch 110 | Loss: 0.1087 | Correct: 124/128 | Elapsed Time: 23.69s
2026-02-12 16:12:19,277 | INFO | Batch 120 | Loss: 0.1519 | Correct: 122/128 | Elapsed Time: 23.71s
2026-02-12 16:12:42,918 | INFO | Batch 130 | Loss: 0.1804 | Correct: 117/128 | Elapsed Time: 23.64s
2026-02-12 16:13:06,725 | INFO | Batch 140 | Loss: 0.1276 | Correct: 121/128 | Elapsed Time: 23.81s
2026-02-12 16:13:30,416 | INFO | Batch 150 | Loss: 0.1876 | Correct: 119/128 | Elapsed Time: 23.69s
2026-02-12 16:13:54,138 | INFO | Batch 160 | Loss: 0.1802 | Correct: 120/128 | Elapsed Time: 23.72s
2026-02-12 16:14:17,865 | INFO | Batch 170 | Loss: 0.1019 | Correct: 125/128 | Elapsed Time: 23.73s
2026-02-12 16:14:41,576 | INFO | Batch 180 | Loss: 0.1009 | Correct: 125/128 | Elapsed Time: 23.71s
2026-02-12 16:15:05,258 | INFO | Batch 190 | Loss: 0.2534 | Correct: 117/128 | Elapsed Time: 23.68s
2026-02-12 16:15:29,087 | INFO | Batch 200 | Loss: 0.1538 | Correct: 123/128 | Elapsed Time: 23.83s
2026-02-12 16:15:52,790 | INFO | Batch 210 | Loss: 0.1232 | Correct: 121/128 | Elapsed Time: 23.70s
2026-02-12 16:16:16,365 | INFO | Batch 220 | Loss: 0.1023 | Correct: 123/128 | Elapsed Time: 23.58s
2026-02-12 16:16:39,981 | INFO | Batch 230 | Loss: 0.1659 | Correct: 120/128 | Elapsed Time: 23.62s
2026-02-12 16:17:03,670 | INFO | Batch 240 | Loss: 0.0653 | Correct: 127/128 | Elapsed Time: 23.69s
2026-02-12 16:17:27,339 | INFO | Batch 250 | Loss: 0.1404 | Correct: 122/128 | Elapsed Time: 23.67s
2026-02-12 16:17:51,097 | INFO | Batch 260 | Loss: 0.1569 | Correct: 121/128 | Elapsed Time: 23.76s
2026-02-12 16:18:14,847 | INFO | Batch 270 | Loss: 0.1756 | Correct: 120/128 | Elapsed Time: 23.75s
2026-02-12 16:18:38,534 | INFO | Batch 280 | Loss: 0.1619 | Correct: 121/128 | Elapsed Time: 23.69s
2026-02-12 16:19:02,248 | INFO | Batch 290 | Loss: 0.1453 | Correct: 120/128 | Elapsed Time: 23.71s
2026-02-12 16:19:26,216 | INFO | Batch 300 | Loss: 0.1634 | Correct: 120/128 | Elapsed Time: 23.97s
2026-02-12 16:19:49,837 | INFO | Batch 310 | Loss: 0.1859 | Correct: 119/128 | Elapsed Time: 23.62s
2026-02-12 16:20:13,609 | INFO | Batch 320 | Loss: 0.0932 | Correct: 123/128 | Elapsed Time: 23.77s
2026-02-12 16:20:37,301 | INFO | Batch 330 | Loss: 0.1240 | Correct: 124/128 | Elapsed Time: 23.69s
2026-02-12 16:21:01,002 | INFO | Batch 340 | Loss: 0.1567 | Correct: 120/128 | Elapsed Time: 23.70s
2026-02-12 16:21:24,706 | INFO | Batch 350 | Loss: 0.1874 | Correct: 120/128 | Elapsed Time: 23.70s
2026-02-12 16:21:48,368 | INFO | Batch 360 | Loss: 0.1482 | Correct: 122/128 | Elapsed Time: 23.66s
2026-02-12 16:22:12,046 | INFO | Batch 370 | Loss: 0.0961 | Correct: 125/128 | Elapsed Time: 23.68s
2026-02-12 16:22:35,709 | INFO | Batch 380 | Loss: 0.1859 | Correct: 120/128 | Elapsed Time: 23.66s
2026-02-12 16:22:59,538 | INFO | Batch 390 | Loss: 0.2381 | Correct: 117/128 | Elapsed Time: 23.83s
2026-02-12 16:23:01,140 | INFO | Epoch [63/100] - Loss: 0.1582 | Correct: 47185/50000 (94.37%, 926.88s)
2026-02-12 16:24:13,415 | INFO | Validation - Loss: 0.4490 | Correct: 8719/10000 (87.19%) (72.27s)
2026-02-12 16:24:37,125 | INFO | Batch 10 | Loss: 0.0908 | Correct: 126/128 | Elapsed Time: 23.71s
2026-02-12 16:25:00,735 | INFO | Batch 20 | Loss: 0.1742 | Correct: 120/128 | Elapsed Time: 23.61s
2026-02-12 16:25:24,483 | INFO | Batch 30 | Loss: 0.3399 | Correct: 117/128 | Elapsed Time: 23.75s
2026-02-12 16:25:48,235 | INFO | Batch 40 | Loss: 0.1183 | Correct: 120/128 | Elapsed Time: 23.75s
2026-02-12 16:26:12,078 | INFO | Batch 50 | Loss: 0.1576 | Correct: 120/128 | Elapsed Time: 23.84s
2026-02-12 16:26:35,840 | INFO | Batch 60 | Loss: 0.1584 | Correct: 119/128 | Elapsed Time: 23.76s
2026-02-12 16:26:59,585 | INFO | Batch 70 | Loss: 0.1451 | Correct: 121/128 | Elapsed Time: 23.75s
2026-02-12 16:27:23,365 | INFO | Batch 80 | Loss: 0.1540 | Correct: 121/128 | Elapsed Time: 23.78s
2026-02-12 16:27:47,126 | INFO | Batch 90 | Loss: 0.1623 | Correct: 121/128 | Elapsed Time: 23.76s
2026-02-12 16:28:10,877 | INFO | Batch 100 | Loss: 0.1970 | Correct: 117/128 | Elapsed Time: 23.75s
2026-02-12 16:28:34,597 | INFO | Batch 110 | Loss: 0.1382 | Correct: 122/128 | Elapsed Time: 23.72s
2026-02-12 16:28:58,525 | INFO | Batch 120 | Loss: 0.1973 | Correct: 117/128 | Elapsed Time: 23.93s
2026-02-12 16:29:22,411 | INFO | Batch 130 | Loss: 0.1401 | Correct: 121/128 | Elapsed Time: 23.89s
2026-02-12 16:29:45,898 | INFO | Batch 140 | Loss: 0.1482 | Correct: 120/128 | Elapsed Time: 23.49s
2026-02-12 16:30:09,452 | INFO | Batch 150 | Loss: 0.1453 | Correct: 120/128 | Elapsed Time: 23.55s
2026-02-12 16:30:33,054 | INFO | Batch 160 | Loss: 0.1501 | Correct: 122/128 | Elapsed Time: 23.60s
2026-02-12 16:30:56,725 | INFO | Batch 170 | Loss: 0.1612 | Correct: 122/128 | Elapsed Time: 23.67s
2026-02-12 16:31:20,600 | INFO | Batch 180 | Loss: 0.2368 | Correct: 116/128 | Elapsed Time: 23.87s
2026-02-12 16:31:44,315 | INFO | Batch 190 | Loss: 0.1330 | Correct: 121/128 | Elapsed Time: 23.72s
2026-02-12 16:32:08,089 | INFO | Batch 200 | Loss: 0.2225 | Correct: 118/128 | Elapsed Time: 23.77s
2026-02-12 16:32:31,787 | INFO | Batch 210 | Loss: 0.1339 | Correct: 125/128 | Elapsed Time: 23.70s
2026-02-12 16:32:55,485 | INFO | Batch 220 | Loss: 0.1617 | Correct: 121/128 | Elapsed Time: 23.70s
2026-02-12 16:33:19,162 | INFO | Batch 230 | Loss: 0.0825 | Correct: 123/128 | Elapsed Time: 23.68s
2026-02-12 16:33:42,967 | INFO | Batch 240 | Loss: 0.0956 | Correct: 125/128 | Elapsed Time: 23.81s
2026-02-12 16:34:06,729 | INFO | Batch 250 | Loss: 0.0853 | Correct: 123/128 | Elapsed Time: 23.76s
2026-02-12 16:34:30,410 | INFO | Batch 260 | Loss: 0.1677 | Correct: 119/128 | Elapsed Time: 23.68s
2026-02-12 16:34:54,087 | INFO | Batch 270 | Loss: 0.1380 | Correct: 123/128 | Elapsed Time: 23.68s
2026-02-12 16:35:17,799 | INFO | Batch 280 | Loss: 0.1785 | Correct: 120/128 | Elapsed Time: 23.71s
2026-02-12 16:35:41,529 | INFO | Batch 290 | Loss: 0.1578 | Correct: 119/128 | Elapsed Time: 23.73s
2026-02-12 16:36:05,402 | INFO | Batch 300 | Loss: 0.1363 | Correct: 122/128 | Elapsed Time: 23.87s
2026-02-12 16:36:29,098 | INFO | Batch 310 | Loss: 0.1544 | Correct: 122/128 | Elapsed Time: 23.70s
2026-02-12 16:36:52,858 | INFO | Batch 320 | Loss: 0.1697 | Correct: 121/128 | Elapsed Time: 23.76s
2026-02-12 16:37:16,534 | INFO | Batch 330 | Loss: 0.1826 | Correct: 119/128 | Elapsed Time: 23.68s
2026-02-12 16:37:40,257 | INFO | Batch 340 | Loss: 0.1957 | Correct: 118/128 | Elapsed Time: 23.72s
2026-02-12 16:38:04,083 | INFO | Batch 350 | Loss: 0.1889 | Correct: 120/128 | Elapsed Time: 23.83s
2026-02-12 16:38:27,896 | INFO | Batch 360 | Loss: 0.2520 | Correct: 117/128 | Elapsed Time: 23.81s
2026-02-12 16:38:51,610 | INFO | Batch 370 | Loss: 0.1154 | Correct: 123/128 | Elapsed Time: 23.71s
2026-02-12 16:39:15,660 | INFO | Batch 380 | Loss: 0.2066 | Correct: 119/128 | Elapsed Time: 24.05s
2026-02-12 16:39:39,354 | INFO | Batch 390 | Loss: 0.1723 | Correct: 120/128 | Elapsed Time: 23.69s
2026-02-12 16:39:40,961 | INFO | Epoch [64/100] - Loss: 0.1542 | Correct: 47244/50000 (94.49%, 927.54s)
2026-02-12 16:40:54,807 | INFO | Validation - Loss: 0.4453 | Correct: 8691/10000 (86.91%) (73.85s)
2026-02-12 16:41:19,271 | INFO | Batch 10 | Loss: 0.1119 | Correct: 122/128 | Elapsed Time: 24.46s
2026-02-12 16:41:43,806 | INFO | Batch 20 | Loss: 0.1632 | Correct: 119/128 | Elapsed Time: 24.54s
2026-02-12 16:42:08,567 | INFO | Batch 30 | Loss: 0.0994 | Correct: 123/128 | Elapsed Time: 24.76s
2026-02-12 16:42:33,136 | INFO | Batch 40 | Loss: 0.1291 | Correct: 123/128 | Elapsed Time: 24.57s
2026-02-12 16:42:57,582 | INFO | Batch 50 | Loss: 0.1941 | Correct: 120/128 | Elapsed Time: 24.45s
2026-02-12 16:43:21,989 | INFO | Batch 60 | Loss: 0.1365 | Correct: 122/128 | Elapsed Time: 24.41s
2026-02-12 16:43:45,879 | INFO | Batch 70 | Loss: 0.1129 | Correct: 124/128 | Elapsed Time: 23.89s
2026-02-12 16:44:09,564 | INFO | Batch 80 | Loss: 0.2016 | Correct: 120/128 | Elapsed Time: 23.68s
2026-02-12 16:44:33,203 | INFO | Batch 90 | Loss: 0.1869 | Correct: 119/128 | Elapsed Time: 23.64s
2026-02-12 16:44:57,018 | INFO | Batch 100 | Loss: 0.0970 | Correct: 125/128 | Elapsed Time: 23.81s
2026-02-12 16:45:20,774 | INFO | Batch 110 | Loss: 0.1000 | Correct: 124/128 | Elapsed Time: 23.76s
2026-02-12 16:45:44,414 | INFO | Batch 120 | Loss: 0.1461 | Correct: 122/128 | Elapsed Time: 23.64s
2026-02-12 16:46:08,052 | INFO | Batch 130 | Loss: 0.2237 | Correct: 115/128 | Elapsed Time: 23.64s
2026-02-12 16:46:31,702 | INFO | Batch 140 | Loss: 0.1672 | Correct: 120/128 | Elapsed Time: 23.65s
2026-02-12 16:46:55,466 | INFO | Batch 150 | Loss: 0.1509 | Correct: 121/128 | Elapsed Time: 23.76s
2026-02-12 16:47:19,295 | INFO | Batch 160 | Loss: 0.1975 | Correct: 122/128 | Elapsed Time: 23.83s
2026-02-12 16:47:43,047 | INFO | Batch 170 | Loss: 0.1973 | Correct: 121/128 | Elapsed Time: 23.75s
2026-02-12 16:48:06,837 | INFO | Batch 180 | Loss: 0.2172 | Correct: 118/128 | Elapsed Time: 23.79s
2026-02-12 16:48:30,572 | INFO | Batch 190 | Loss: 0.0878 | Correct: 125/128 | Elapsed Time: 23.73s
2026-02-12 16:48:54,342 | INFO | Batch 200 | Loss: 0.1871 | Correct: 122/128 | Elapsed Time: 23.77s
2026-02-12 16:49:18,472 | INFO | Batch 210 | Loss: 0.1728 | Correct: 123/128 | Elapsed Time: 24.13s
2026-02-12 16:49:42,348 | INFO | Batch 220 | Loss: 0.1095 | Correct: 124/128 | Elapsed Time: 23.88s
2026-02-12 16:50:06,080 | INFO | Batch 230 | Loss: 0.1534 | Correct: 121/128 | Elapsed Time: 23.73s
2026-02-12 16:50:29,756 | INFO | Batch 240 | Loss: 0.1886 | Correct: 121/128 | Elapsed Time: 23.68s
2026-02-12 16:50:53,335 | INFO | Batch 250 | Loss: 0.1920 | Correct: 119/128 | Elapsed Time: 23.58s
2026-02-12 16:51:16,860 | INFO | Batch 260 | Loss: 0.0739 | Correct: 124/128 | Elapsed Time: 23.52s
2026-02-12 16:51:40,413 | INFO | Batch 270 | Loss: 0.1777 | Correct: 122/128 | Elapsed Time: 23.55s
2026-02-12 16:52:04,126 | INFO | Batch 280 | Loss: 0.1345 | Correct: 123/128 | Elapsed Time: 23.71s
2026-02-12 16:52:27,755 | INFO | Batch 290 | Loss: 0.1467 | Correct: 122/128 | Elapsed Time: 23.63s
2026-02-12 16:52:51,376 | INFO | Batch 300 | Loss: 0.1770 | Correct: 121/128 | Elapsed Time: 23.62s
2026-02-12 16:53:14,995 | INFO | Batch 310 | Loss: 0.1565 | Correct: 121/128 | Elapsed Time: 23.62s
2026-02-12 16:53:38,592 | INFO | Batch 320 | Loss: 0.1826 | Correct: 122/128 | Elapsed Time: 23.60s
2026-02-12 16:54:02,243 | INFO | Batch 330 | Loss: 0.1245 | Correct: 124/128 | Elapsed Time: 23.65s
2026-02-12 16:54:25,975 | INFO | Batch 340 | Loss: 0.1493 | Correct: 120/128 | Elapsed Time: 23.73s
2026-02-12 16:54:49,611 | INFO | Batch 350 | Loss: 0.1332 | Correct: 123/128 | Elapsed Time: 23.64s
2026-02-12 16:55:13,289 | INFO | Batch 360 | Loss: 0.0996 | Correct: 122/128 | Elapsed Time: 23.68s
2026-02-12 16:55:36,906 | INFO | Batch 370 | Loss: 0.1348 | Correct: 121/128 | Elapsed Time: 23.62s
2026-02-12 16:56:00,504 | INFO | Batch 380 | Loss: 0.1965 | Correct: 119/128 | Elapsed Time: 23.60s
2026-02-12 16:56:24,043 | INFO | Batch 390 | Loss: 0.1679 | Correct: 121/128 | Elapsed Time: 23.54s
2026-02-12 16:56:25,622 | INFO | Epoch [65/100] - Loss: 0.1522 | Correct: 47309/50000 (94.62%, 930.81s)
2026-02-12 16:57:37,092 | INFO | Validation - Loss: 0.4481 | Correct: 8696/10000 (86.96%) (71.47s)
2026-02-12 16:58:00,691 | INFO | Batch 10 | Loss: 0.1242 | Correct: 122/128 | Elapsed Time: 23.60s
2026-02-12 16:58:24,268 | INFO | Batch 20 | Loss: 0.1387 | Correct: 122/128 | Elapsed Time: 23.58s
2026-02-12 16:58:47,845 | INFO | Batch 30 | Loss: 0.1045 | Correct: 123/128 | Elapsed Time: 23.58s
2026-02-12 16:59:11,993 | INFO | Batch 40 | Loss: 0.0894 | Correct: 122/128 | Elapsed Time: 24.15s
2026-02-12 16:59:35,605 | INFO | Batch 50 | Loss: 0.1943 | Correct: 118/128 | Elapsed Time: 23.61s
2026-02-12 16:59:59,245 | INFO | Batch 60 | Loss: 0.1416 | Correct: 121/128 | Elapsed Time: 23.64s
2026-02-12 17:00:23,075 | INFO | Batch 70 | Loss: 0.1283 | Correct: 122/128 | Elapsed Time: 23.83s
2026-02-12 17:00:46,685 | INFO | Batch 80 | Loss: 0.1586 | Correct: 121/128 | Elapsed Time: 23.61s
2026-02-12 17:01:10,335 | INFO | Batch 90 | Loss: 0.1787 | Correct: 119/128 | Elapsed Time: 23.65s
2026-02-12 17:01:33,870 | INFO | Batch 100 | Loss: 0.2005 | Correct: 117/128 | Elapsed Time: 23.54s
2026-02-12 17:01:57,416 | INFO | Batch 110 | Loss: 0.0947 | Correct: 122/128 | Elapsed Time: 23.55s
2026-02-12 17:02:21,022 | INFO | Batch 120 | Loss: 0.1659 | Correct: 119/128 | Elapsed Time: 23.61s
2026-02-12 17:02:44,773 | INFO | Batch 130 | Loss: 0.1304 | Correct: 122/128 | Elapsed Time: 23.75s
2026-02-12 17:03:08,383 | INFO | Batch 140 | Loss: 0.2091 | Correct: 117/128 | Elapsed Time: 23.61s
2026-02-12 17:03:31,977 | INFO | Batch 150 | Loss: 0.1787 | Correct: 118/128 | Elapsed Time: 23.59s
2026-02-12 17:03:55,568 | INFO | Batch 160 | Loss: 0.0423 | Correct: 127/128 | Elapsed Time: 23.59s
2026-02-12 17:04:19,219 | INFO | Batch 170 | Loss: 0.1117 | Correct: 121/128 | Elapsed Time: 23.65s
2026-02-12 17:04:42,850 | INFO | Batch 180 | Loss: 0.1851 | Correct: 119/128 | Elapsed Time: 23.63s
2026-02-12 17:05:06,590 | INFO | Batch 190 | Loss: 0.1295 | Correct: 122/128 | Elapsed Time: 23.74s
2026-02-12 17:05:30,254 | INFO | Batch 200 | Loss: 0.0968 | Correct: 124/128 | Elapsed Time: 23.66s
2026-02-12 17:05:53,884 | INFO | Batch 210 | Loss: 0.0812 | Correct: 124/128 | Elapsed Time: 23.63s
2026-02-12 17:06:17,542 | INFO | Batch 220 | Loss: 0.2000 | Correct: 118/128 | Elapsed Time: 23.66s
2026-02-12 17:06:41,236 | INFO | Batch 230 | Loss: 0.1476 | Correct: 121/128 | Elapsed Time: 23.69s
2026-02-12 17:07:04,990 | INFO | Batch 240 | Loss: 0.1538 | Correct: 118/128 | Elapsed Time: 23.75s
2026-02-12 17:07:28,843 | INFO | Batch 250 | Loss: 0.1302 | Correct: 123/128 | Elapsed Time: 23.85s
2026-02-12 17:07:53,346 | INFO | Batch 260 | Loss: 0.1202 | Correct: 124/128 | Elapsed Time: 24.50s
2026-02-12 17:08:17,505 | INFO | Batch 270 | Loss: 0.1519 | Correct: 122/128 | Elapsed Time: 24.16s
2026-02-12 17:08:42,003 | INFO | Batch 280 | Loss: 0.1347 | Correct: 124/128 | Elapsed Time: 24.50s
2026-02-12 17:09:06,551 | INFO | Batch 290 | Loss: 0.2099 | Correct: 118/128 | Elapsed Time: 24.55s
2026-02-12 17:09:30,878 | INFO | Batch 300 | Loss: 0.1871 | Correct: 117/128 | Elapsed Time: 24.33s
2026-02-12 17:09:55,034 | INFO | Batch 310 | Loss: 0.0972 | Correct: 124/128 | Elapsed Time: 24.16s
2026-02-12 17:10:19,308 | INFO | Batch 320 | Loss: 0.1548 | Correct: 122/128 | Elapsed Time: 24.27s
2026-02-12 17:10:43,414 | INFO | Batch 330 | Loss: 0.1576 | Correct: 119/128 | Elapsed Time: 24.11s
2026-02-12 17:11:07,764 | INFO | Batch 340 | Loss: 0.0996 | Correct: 126/128 | Elapsed Time: 24.35s
2026-02-12 17:11:32,103 | INFO | Batch 350 | Loss: 0.1033 | Correct: 124/128 | Elapsed Time: 24.34s
2026-02-12 17:11:56,463 | INFO | Batch 360 | Loss: 0.0966 | Correct: 123/128 | Elapsed Time: 24.36s
2026-02-12 17:12:20,745 | INFO | Batch 370 | Loss: 0.1799 | Correct: 121/128 | Elapsed Time: 24.28s
2026-02-12 17:12:44,910 | INFO | Batch 380 | Loss: 0.1648 | Correct: 119/128 | Elapsed Time: 24.17s
2026-02-12 17:13:09,362 | INFO | Batch 390 | Loss: 0.0963 | Correct: 124/128 | Elapsed Time: 24.45s
2026-02-12 17:13:10,982 | INFO | Epoch [66/100] - Loss: 0.1508 | Correct: 47283/50000 (94.57%, 933.89s)
2026-02-12 17:14:26,392 | INFO | Validation - Loss: 0.4478 | Correct: 8732/10000 (87.32%) (75.41s)
2026-02-12 17:14:50,551 | INFO | Batch 10 | Loss: 0.0959 | Correct: 125/128 | Elapsed Time: 24.16s
2026-02-12 17:15:15,052 | INFO | Batch 20 | Loss: 0.1894 | Correct: 117/128 | Elapsed Time: 24.50s
2026-02-12 17:15:39,265 | INFO | Batch 30 | Loss: 0.1557 | Correct: 119/128 | Elapsed Time: 24.21s
2026-02-12 17:16:03,585 | INFO | Batch 40 | Loss: 0.1864 | Correct: 119/128 | Elapsed Time: 24.32s
2026-02-12 17:16:28,194 | INFO | Batch 50 | Loss: 0.1323 | Correct: 122/128 | Elapsed Time: 24.61s
2026-02-12 17:16:52,605 | INFO | Batch 60 | Loss: 0.0679 | Correct: 125/128 | Elapsed Time: 24.41s
2026-02-12 17:17:17,158 | INFO | Batch 70 | Loss: 0.0353 | Correct: 127/128 | Elapsed Time: 24.55s
2026-02-12 17:17:41,223 | INFO | Batch 80 | Loss: 0.1679 | Correct: 119/128 | Elapsed Time: 24.07s
2026-02-12 17:18:05,585 | INFO | Batch 90 | Loss: 0.0891 | Correct: 125/128 | Elapsed Time: 24.36s
2026-02-12 17:18:29,734 | INFO | Batch 100 | Loss: 0.2466 | Correct: 117/128 | Elapsed Time: 24.15s
2026-02-12 17:18:54,065 | INFO | Batch 110 | Loss: 0.0924 | Correct: 124/128 | Elapsed Time: 24.33s
2026-02-12 17:19:18,934 | INFO | Batch 120 | Loss: 0.1255 | Correct: 122/128 | Elapsed Time: 24.87s
2026-02-12 17:19:43,508 | INFO | Batch 130 | Loss: 0.1053 | Correct: 120/128 | Elapsed Time: 24.57s
2026-02-12 17:20:08,023 | INFO | Batch 140 | Loss: 0.1142 | Correct: 122/128 | Elapsed Time: 24.52s
2026-02-12 17:20:32,414 | INFO | Batch 150 | Loss: 0.1854 | Correct: 119/128 | Elapsed Time: 24.39s
2026-02-12 17:20:56,812 | INFO | Batch 160 | Loss: 0.1217 | Correct: 125/128 | Elapsed Time: 24.40s
2026-02-12 17:21:21,284 | INFO | Batch 170 | Loss: 0.1700 | Correct: 120/128 | Elapsed Time: 24.47s
2026-02-12 17:21:45,697 | INFO | Batch 180 | Loss: 0.1329 | Correct: 120/128 | Elapsed Time: 24.41s
2026-02-12 17:22:10,151 | INFO | Batch 190 | Loss: 0.0807 | Correct: 127/128 | Elapsed Time: 24.45s
2026-02-12 17:22:34,374 | INFO | Batch 200 | Loss: 0.1404 | Correct: 122/128 | Elapsed Time: 24.22s
2026-02-12 17:22:58,566 | INFO | Batch 210 | Loss: 0.2611 | Correct: 117/128 | Elapsed Time: 24.19s
2026-02-12 17:23:22,690 | INFO | Batch 220 | Loss: 0.1076 | Correct: 122/128 | Elapsed Time: 24.12s
2026-02-12 17:23:47,181 | INFO | Batch 230 | Loss: 0.2154 | Correct: 120/128 | Elapsed Time: 24.49s
2026-02-12 17:24:11,439 | INFO | Batch 240 | Loss: 0.1397 | Correct: 122/128 | Elapsed Time: 24.26s
2026-02-12 17:24:35,706 | INFO | Batch 250 | Loss: 0.2137 | Correct: 117/128 | Elapsed Time: 24.27s
2026-02-12 17:24:59,917 | INFO | Batch 260 | Loss: 0.1329 | Correct: 122/128 | Elapsed Time: 24.21s
2026-02-12 17:25:24,220 | INFO | Batch 270 | Loss: 0.1235 | Correct: 123/128 | Elapsed Time: 24.30s
2026-02-12 17:25:48,520 | INFO | Batch 280 | Loss: 0.1470 | Correct: 121/128 | Elapsed Time: 24.30s
2026-02-12 17:26:13,116 | INFO | Batch 290 | Loss: 0.1986 | Correct: 120/128 | Elapsed Time: 24.60s
2026-02-12 17:26:37,353 | INFO | Batch 300 | Loss: 0.1565 | Correct: 122/128 | Elapsed Time: 24.24s
2026-02-12 17:27:01,547 | INFO | Batch 310 | Loss: 0.1487 | Correct: 121/128 | Elapsed Time: 24.19s
2026-02-12 17:27:26,010 | INFO | Batch 320 | Loss: 0.1228 | Correct: 123/128 | Elapsed Time: 24.46s
2026-02-12 17:27:50,253 | INFO | Batch 330 | Loss: 0.1557 | Correct: 120/128 | Elapsed Time: 24.24s
2026-02-12 17:28:14,303 | INFO | Batch 340 | Loss: 0.1412 | Correct: 121/128 | Elapsed Time: 24.05s
2026-02-12 17:28:38,356 | INFO | Batch 350 | Loss: 0.1792 | Correct: 119/128 | Elapsed Time: 24.05s
2026-02-12 17:29:02,966 | INFO | Batch 360 | Loss: 0.1408 | Correct: 122/128 | Elapsed Time: 24.61s
2026-02-12 17:29:27,311 | INFO | Batch 370 | Loss: 0.1131 | Correct: 125/128 | Elapsed Time: 24.34s
2026-02-12 17:29:51,557 | INFO | Batch 380 | Loss: 0.1525 | Correct: 119/128 | Elapsed Time: 24.25s
2026-02-12 17:30:15,884 | INFO | Batch 390 | Loss: 0.1499 | Correct: 121/128 | Elapsed Time: 24.33s
2026-02-12 17:30:17,569 | INFO | Epoch [67/100] - Loss: 0.1442 | Correct: 47423/50000 (94.85%, 951.17s)
2026-02-12 17:31:32,319 | INFO | Validation - Loss: 0.4496 | Correct: 8698/10000 (86.98%) (74.75s)
2026-02-12 17:31:56,632 | INFO | Batch 10 | Loss: 0.1189 | Correct: 123/128 | Elapsed Time: 24.31s
2026-02-12 17:32:21,101 | INFO | Batch 20 | Loss: 0.0950 | Correct: 125/128 | Elapsed Time: 24.47s
2026-02-12 17:32:45,460 | INFO | Batch 30 | Loss: 0.0757 | Correct: 124/128 | Elapsed Time: 24.36s
2026-02-12 17:33:09,764 | INFO | Batch 40 | Loss: 0.1093 | Correct: 124/128 | Elapsed Time: 24.30s
2026-02-12 17:33:34,237 | INFO | Batch 50 | Loss: 0.1019 | Correct: 124/128 | Elapsed Time: 24.47s
2026-02-12 17:33:58,479 | INFO | Batch 60 | Loss: 0.1463 | Correct: 121/128 | Elapsed Time: 24.24s
2026-02-12 17:34:22,620 | INFO | Batch 70 | Loss: 0.2088 | Correct: 117/128 | Elapsed Time: 24.14s
2026-02-12 17:34:46,809 | INFO | Batch 80 | Loss: 0.0873 | Correct: 125/128 | Elapsed Time: 24.19s
2026-02-12 17:35:11,001 | INFO | Batch 90 | Loss: 0.1148 | Correct: 123/128 | Elapsed Time: 24.19s
2026-02-12 17:35:35,219 | INFO | Batch 100 | Loss: 0.2074 | Correct: 117/128 | Elapsed Time: 24.22s
2026-02-12 17:35:59,389 | INFO | Batch 110 | Loss: 0.1899 | Correct: 121/128 | Elapsed Time: 24.17s
2026-02-12 17:36:23,754 | INFO | Batch 120 | Loss: 0.0696 | Correct: 126/128 | Elapsed Time: 24.37s
2026-02-12 17:36:47,983 | INFO | Batch 130 | Loss: 0.0831 | Correct: 125/128 | Elapsed Time: 24.23s
2026-02-12 17:37:12,235 | INFO | Batch 140 | Loss: 0.1339 | Correct: 119/128 | Elapsed Time: 24.25s
2026-02-12 17:37:36,675 | INFO | Batch 150 | Loss: 0.1854 | Correct: 121/128 | Elapsed Time: 24.44s
2026-02-12 17:38:00,937 | INFO | Batch 160 | Loss: 0.1693 | Correct: 119/128 | Elapsed Time: 24.26s
2026-02-12 17:38:25,190 | INFO | Batch 170 | Loss: 0.1912 | Correct: 121/128 | Elapsed Time: 24.25s
2026-02-12 17:38:49,444 | INFO | Batch 180 | Loss: 0.1742 | Correct: 119/128 | Elapsed Time: 24.25s
2026-02-12 17:39:14,042 | INFO | Batch 190 | Loss: 0.1131 | Correct: 121/128 | Elapsed Time: 24.60s
2026-02-12 17:39:38,436 | INFO | Batch 200 | Loss: 0.1499 | Correct: 123/128 | Elapsed Time: 24.39s
2026-02-12 17:40:02,813 | INFO | Batch 210 | Loss: 0.1083 | Correct: 123/128 | Elapsed Time: 24.38s
2026-02-12 17:40:27,088 | INFO | Batch 220 | Loss: 0.1787 | Correct: 122/128 | Elapsed Time: 24.28s
2026-02-12 17:40:51,450 | INFO | Batch 230 | Loss: 0.0961 | Correct: 124/128 | Elapsed Time: 24.36s
2026-02-12 17:41:15,960 | INFO | Batch 240 | Loss: 0.1276 | Correct: 121/128 | Elapsed Time: 24.51s
2026-02-12 17:41:40,257 | INFO | Batch 250 | Loss: 0.0724 | Correct: 125/128 | Elapsed Time: 24.30s
2026-02-12 17:42:04,598 | INFO | Batch 260 | Loss: 0.1298 | Correct: 122/128 | Elapsed Time: 24.34s
2026-02-12 17:42:29,030 | INFO | Batch 270 | Loss: 0.1365 | Correct: 121/128 | Elapsed Time: 24.43s
2026-02-12 17:42:53,441 | INFO | Batch 280 | Loss: 0.2172 | Correct: 116/128 | Elapsed Time: 24.41s
2026-02-12 17:43:17,817 | INFO | Batch 290 | Loss: 0.1994 | Correct: 120/128 | Elapsed Time: 24.38s
2026-02-12 17:43:42,030 | INFO | Batch 300 | Loss: 0.1604 | Correct: 121/128 | Elapsed Time: 24.21s
2026-02-12 17:44:06,411 | INFO | Batch 310 | Loss: 0.1548 | Correct: 121/128 | Elapsed Time: 24.38s
2026-02-12 17:44:30,584 | INFO | Batch 320 | Loss: 0.2117 | Correct: 120/128 | Elapsed Time: 24.17s
2026-02-12 17:44:54,883 | INFO | Batch 330 | Loss: 0.1563 | Correct: 119/128 | Elapsed Time: 24.30s
2026-02-12 17:45:19,523 | INFO | Batch 340 | Loss: 0.0942 | Correct: 122/128 | Elapsed Time: 24.64s
2026-02-12 17:45:43,919 | INFO | Batch 350 | Loss: 0.0820 | Correct: 126/128 | Elapsed Time: 24.40s
2026-02-12 17:46:08,267 | INFO | Batch 360 | Loss: 0.1501 | Correct: 122/128 | Elapsed Time: 24.35s
2026-02-12 17:46:32,629 | INFO | Batch 370 | Loss: 0.1563 | Correct: 122/128 | Elapsed Time: 24.36s
2026-02-12 17:46:57,006 | INFO | Batch 380 | Loss: 0.1425 | Correct: 122/128 | Elapsed Time: 24.38s
2026-02-12 17:47:21,471 | INFO | Batch 390 | Loss: 0.1183 | Correct: 121/128 | Elapsed Time: 24.47s
2026-02-12 17:47:23,163 | INFO | Epoch [68/100] - Loss: 0.1418 | Correct: 47467/50000 (94.93%, 950.84s)
2026-02-12 17:48:38,227 | INFO | Validation - Loss: 0.4624 | Correct: 8699/10000 (86.99%) (75.06s)
2026-02-12 17:49:02,359 | INFO | Batch 10 | Loss: 0.1126 | Correct: 124/128 | Elapsed Time: 24.13s
2026-02-12 17:49:26,669 | INFO | Batch 20 | Loss: 0.0914 | Correct: 125/128 | Elapsed Time: 24.31s
2026-02-12 17:49:50,896 | INFO | Batch 30 | Loss: 0.1232 | Correct: 125/128 | Elapsed Time: 24.23s
2026-02-12 17:50:14,947 | INFO | Batch 40 | Loss: 0.1688 | Correct: 119/128 | Elapsed Time: 24.05s
2026-02-12 17:50:38,724 | INFO | Batch 50 | Loss: 0.1721 | Correct: 122/128 | Elapsed Time: 23.78s
2026-02-12 17:51:02,262 | INFO | Batch 60 | Loss: 0.1080 | Correct: 121/128 | Elapsed Time: 23.54s
2026-02-12 17:51:25,919 | INFO | Batch 70 | Loss: 0.0806 | Correct: 122/128 | Elapsed Time: 23.66s
2026-02-12 17:51:49,447 | INFO | Batch 80 | Loss: 0.1447 | Correct: 122/128 | Elapsed Time: 23.53s
2026-02-12 17:52:12,930 | INFO | Batch 90 | Loss: 0.1321 | Correct: 123/128 | Elapsed Time: 23.48s
2026-02-12 17:52:36,465 | INFO | Batch 100 | Loss: 0.1345 | Correct: 124/128 | Elapsed Time: 23.53s
2026-02-12 17:52:59,967 | INFO | Batch 110 | Loss: 0.0822 | Correct: 123/128 | Elapsed Time: 23.50s
2026-02-12 17:53:23,571 | INFO | Batch 120 | Loss: 0.1250 | Correct: 125/128 | Elapsed Time: 23.60s
2026-02-12 17:53:47,271 | INFO | Batch 130 | Loss: 0.1096 | Correct: 125/128 | Elapsed Time: 23.70s
2026-02-12 17:54:10,879 | INFO | Batch 140 | Loss: 0.1599 | Correct: 121/128 | Elapsed Time: 23.61s
2026-02-12 17:54:34,491 | INFO | Batch 150 | Loss: 0.1151 | Correct: 124/128 | Elapsed Time: 23.61s
2026-02-12 17:54:58,106 | INFO | Batch 160 | Loss: 0.1107 | Correct: 122/128 | Elapsed Time: 23.62s
2026-02-12 17:55:21,710 | INFO | Batch 170 | Loss: 0.1749 | Correct: 117/128 | Elapsed Time: 23.60s
2026-02-12 17:55:45,319 | INFO | Batch 180 | Loss: 0.1899 | Correct: 118/128 | Elapsed Time: 23.61s
2026-02-12 17:56:09,033 | INFO | Batch 190 | Loss: 0.1045 | Correct: 123/128 | Elapsed Time: 23.71s
2026-02-12 17:56:32,655 | INFO | Batch 200 | Loss: 0.1195 | Correct: 122/128 | Elapsed Time: 23.62s
2026-02-12 17:56:56,202 | INFO | Batch 210 | Loss: 0.2333 | Correct: 119/128 | Elapsed Time: 23.55s
2026-02-12 17:57:19,771 | INFO | Batch 220 | Loss: 0.2154 | Correct: 118/128 | Elapsed Time: 23.57s
2026-02-12 17:57:43,363 | INFO | Batch 230 | Loss: 0.1588 | Correct: 123/128 | Elapsed Time: 23.59s
2026-02-12 17:58:07,008 | INFO | Batch 240 | Loss: 0.0897 | Correct: 123/128 | Elapsed Time: 23.65s
2026-02-12 17:58:30,689 | INFO | Batch 250 | Loss: 0.0774 | Correct: 125/128 | Elapsed Time: 23.68s
2026-02-12 17:58:54,222 | INFO | Batch 260 | Loss: 0.0628 | Correct: 124/128 | Elapsed Time: 23.53s
2026-02-12 17:59:18,078 | INFO | Batch 270 | Loss: 0.0982 | Correct: 126/128 | Elapsed Time: 23.86s
2026-02-12 17:59:41,673 | INFO | Batch 280 | Loss: 0.1643 | Correct: 120/128 | Elapsed Time: 23.60s
2026-02-12 18:00:05,321 | INFO | Batch 290 | Loss: 0.3071 | Correct: 118/128 | Elapsed Time: 23.65s
2026-02-12 18:00:28,870 | INFO | Batch 300 | Loss: 0.2414 | Correct: 113/128 | Elapsed Time: 23.55s
2026-02-12 18:00:52,530 | INFO | Batch 310 | Loss: 0.1437 | Correct: 122/128 | Elapsed Time: 23.66s
2026-02-12 18:01:16,061 | INFO | Batch 320 | Loss: 0.1681 | Correct: 123/128 | Elapsed Time: 23.53s
2026-02-12 18:01:39,679 | INFO | Batch 330 | Loss: 0.1597 | Correct: 120/128 | Elapsed Time: 23.62s
2026-02-12 18:02:03,270 | INFO | Batch 340 | Loss: 0.0906 | Correct: 125/128 | Elapsed Time: 23.59s
2026-02-12 18:02:26,875 | INFO | Batch 350 | Loss: 0.1746 | Correct: 120/128 | Elapsed Time: 23.61s
2026-02-12 18:02:50,389 | INFO | Batch 360 | Loss: 0.2388 | Correct: 118/128 | Elapsed Time: 23.51s
2026-02-12 18:03:13,921 | INFO | Batch 370 | Loss: 0.1923 | Correct: 119/128 | Elapsed Time: 23.53s
2026-02-12 18:03:37,618 | INFO | Batch 380 | Loss: 0.1192 | Correct: 124/128 | Elapsed Time: 23.70s
2026-02-12 18:04:01,203 | INFO | Batch 390 | Loss: 0.0754 | Correct: 126/128 | Elapsed Time: 23.59s
2026-02-12 18:04:02,810 | INFO | Epoch [69/100] - Loss: 0.1411 | Correct: 47472/50000 (94.94%, 924.58s)
2026-02-12 18:05:14,665 | INFO | Validation - Loss: 0.4604 | Correct: 8703/10000 (87.03%) (71.85s)
2026-02-12 18:05:38,238 | INFO | Batch 10 | Loss: 0.1363 | Correct: 122/128 | Elapsed Time: 23.57s
2026-02-12 18:06:01,815 | INFO | Batch 20 | Loss: 0.1894 | Correct: 119/128 | Elapsed Time: 23.58s
2026-02-12 18:06:25,399 | INFO | Batch 30 | Loss: 0.1871 | Correct: 123/128 | Elapsed Time: 23.58s
2026-02-12 18:06:49,069 | INFO | Batch 40 | Loss: 0.1237 | Correct: 123/128 | Elapsed Time: 23.67s
2026-02-12 18:07:12,681 | INFO | Batch 50 | Loss: 0.1323 | Correct: 122/128 | Elapsed Time: 23.61s
2026-02-12 18:07:36,279 | INFO | Batch 60 | Loss: 0.1402 | Correct: 124/128 | Elapsed Time: 23.60s
2026-02-12 18:07:59,830 | INFO | Batch 70 | Loss: 0.1711 | Correct: 120/128 | Elapsed Time: 23.55s
2026-02-12 18:08:23,419 | INFO | Batch 80 | Loss: 0.1022 | Correct: 123/128 | Elapsed Time: 23.59s
2026-02-12 18:08:47,013 | INFO | Batch 90 | Loss: 0.2723 | Correct: 112/128 | Elapsed Time: 23.59s
2026-02-12 18:09:10,997 | INFO | Batch 100 | Loss: 0.1316 | Correct: 123/128 | Elapsed Time: 23.98s
2026-02-12 18:09:34,623 | INFO | Batch 110 | Loss: 0.0891 | Correct: 125/128 | Elapsed Time: 23.63s
2026-02-12 18:09:58,344 | INFO | Batch 120 | Loss: 0.1652 | Correct: 120/128 | Elapsed Time: 23.72s
2026-02-12 18:10:22,090 | INFO | Batch 130 | Loss: 0.2210 | Correct: 119/128 | Elapsed Time: 23.75s
2026-02-12 18:10:45,771 | INFO | Batch 140 | Loss: 0.1191 | Correct: 123/128 | Elapsed Time: 23.68s
2026-02-12 18:11:09,495 | INFO | Batch 150 | Loss: 0.0775 | Correct: 125/128 | Elapsed Time: 23.72s
2026-02-12 18:11:33,165 | INFO | Batch 160 | Loss: 0.0960 | Correct: 123/128 | Elapsed Time: 23.67s
2026-02-12 18:11:57,070 | INFO | Batch 170 | Loss: 0.0812 | Correct: 125/128 | Elapsed Time: 23.90s
2026-02-12 18:12:20,808 | INFO | Batch 180 | Loss: 0.2268 | Correct: 118/128 | Elapsed Time: 23.74s
2026-02-12 18:12:44,433 | INFO | Batch 190 | Loss: 0.1742 | Correct: 119/128 | Elapsed Time: 23.63s
2026-02-12 18:13:08,094 | INFO | Batch 200 | Loss: 0.1395 | Correct: 122/128 | Elapsed Time: 23.66s
2026-02-12 18:13:31,704 | INFO | Batch 210 | Loss: 0.2016 | Correct: 121/128 | Elapsed Time: 23.61s
2026-02-12 18:13:55,294 | INFO | Batch 220 | Loss: 0.1175 | Correct: 122/128 | Elapsed Time: 23.59s
2026-02-12 18:14:19,027 | INFO | Batch 230 | Loss: 0.1497 | Correct: 122/128 | Elapsed Time: 23.73s
2026-02-12 18:14:42,618 | INFO | Batch 240 | Loss: 0.1513 | Correct: 121/128 | Elapsed Time: 23.59s
2026-02-12 18:15:06,271 | INFO | Batch 250 | Loss: 0.1338 | Correct: 122/128 | Elapsed Time: 23.65s
2026-02-12 18:15:29,803 | INFO | Batch 260 | Loss: 0.1297 | Correct: 120/128 | Elapsed Time: 23.53s
2026-02-12 18:15:53,293 | INFO | Batch 270 | Loss: 0.1050 | Correct: 123/128 | Elapsed Time: 23.49s
2026-02-12 18:16:16,849 | INFO | Batch 280 | Loss: 0.1548 | Correct: 119/128 | Elapsed Time: 23.56s
2026-02-12 18:16:40,492 | INFO | Batch 290 | Loss: 0.1780 | Correct: 120/128 | Elapsed Time: 23.64s
2026-02-12 18:17:04,013 | INFO | Batch 300 | Loss: 0.1978 | Correct: 122/128 | Elapsed Time: 23.52s
2026-02-12 18:17:27,488 | INFO | Batch 310 | Loss: 0.1356 | Correct: 121/128 | Elapsed Time: 23.48s
2026-02-12 18:17:51,039 | INFO | Batch 320 | Loss: 0.1484 | Correct: 119/128 | Elapsed Time: 23.55s
2026-02-12 18:18:14,606 | INFO | Batch 330 | Loss: 0.1318 | Correct: 121/128 | Elapsed Time: 23.57s
2026-02-12 18:18:38,205 | INFO | Batch 340 | Loss: 0.1034 | Correct: 122/128 | Elapsed Time: 23.60s
2026-02-12 18:19:01,904 | INFO | Batch 350 | Loss: 0.1199 | Correct: 121/128 | Elapsed Time: 23.70s
2026-02-12 18:19:25,810 | INFO | Batch 360 | Loss: 0.1505 | Correct: 123/128 | Elapsed Time: 23.91s
2026-02-12 18:19:49,360 | INFO | Batch 370 | Loss: 0.0605 | Correct: 126/128 | Elapsed Time: 23.55s
2026-02-12 18:20:12,975 | INFO | Batch 380 | Loss: 0.1257 | Correct: 124/128 | Elapsed Time: 23.62s
2026-02-12 18:20:36,520 | INFO | Batch 390 | Loss: 0.1550 | Correct: 119/128 | Elapsed Time: 23.54s
2026-02-12 18:20:38,112 | INFO | Epoch [70/100] - Loss: 0.1394 | Correct: 47489/50000 (94.98%, 923.44s)
2026-02-12 18:21:49,763 | INFO | Validation - Loss: 0.4681 | Correct: 8701/10000 (87.01%) (71.65s)
2026-02-12 18:22:13,293 | INFO | Batch 10 | Loss: 0.0574 | Correct: 125/128 | Elapsed Time: 23.53s
2026-02-12 18:22:36,943 | INFO | Batch 20 | Loss: 0.1751 | Correct: 122/128 | Elapsed Time: 23.65s
2026-02-12 18:23:00,534 | INFO | Batch 30 | Loss: 0.2327 | Correct: 116/128 | Elapsed Time: 23.59s
2026-02-12 18:23:24,066 | INFO | Batch 40 | Loss: 0.1580 | Correct: 121/128 | Elapsed Time: 23.53s
2026-02-12 18:23:47,599 | INFO | Batch 50 | Loss: 0.1061 | Correct: 124/128 | Elapsed Time: 23.53s
2026-02-12 18:24:11,266 | INFO | Batch 60 | Loss: 0.1965 | Correct: 117/128 | Elapsed Time: 23.67s
2026-02-12 18:24:34,797 | INFO | Batch 70 | Loss: 0.0733 | Correct: 125/128 | Elapsed Time: 23.53s
2026-02-12 18:24:58,465 | INFO | Batch 80 | Loss: 0.0898 | Correct: 123/128 | Elapsed Time: 23.67s
2026-02-12 18:25:22,021 | INFO | Batch 90 | Loss: 0.0961 | Correct: 123/128 | Elapsed Time: 23.56s
2026-02-12 18:25:45,590 | INFO | Batch 100 | Loss: 0.1410 | Correct: 120/128 | Elapsed Time: 23.57s
2026-02-12 18:26:09,140 | INFO | Batch 110 | Loss: 0.1829 | Correct: 122/128 | Elapsed Time: 23.55s
2026-02-12 18:26:32,688 | INFO | Batch 120 | Loss: 0.1716 | Correct: 120/128 | Elapsed Time: 23.55s
2026-02-12 18:26:56,257 | INFO | Batch 130 | Loss: 0.1645 | Correct: 123/128 | Elapsed Time: 23.57s
2026-02-12 18:27:19,968 | INFO | Batch 140 | Loss: 0.1140 | Correct: 123/128 | Elapsed Time: 23.71s
2026-02-12 18:27:43,550 | INFO | Batch 150 | Loss: 0.0951 | Correct: 123/128 | Elapsed Time: 23.58s
2026-02-12 18:28:07,103 | INFO | Batch 160 | Loss: 0.0712 | Correct: 126/128 | Elapsed Time: 23.55s
2026-02-12 18:28:30,633 | INFO | Batch 170 | Loss: 0.0870 | Correct: 125/128 | Elapsed Time: 23.53s
2026-02-12 18:28:54,125 | INFO | Batch 180 | Loss: 0.1751 | Correct: 121/128 | Elapsed Time: 23.49s
2026-02-12 18:29:17,984 | INFO | Batch 190 | Loss: 0.0964 | Correct: 123/128 | Elapsed Time: 23.86s
2026-02-12 18:29:41,478 | INFO | Batch 200 | Loss: 0.1742 | Correct: 119/128 | Elapsed Time: 23.49s
2026-02-12 18:30:05,108 | INFO | Batch 210 | Loss: 0.1554 | Correct: 123/128 | Elapsed Time: 23.63s
2026-02-12 18:30:28,632 | INFO | Batch 220 | Loss: 0.1073 | Correct: 123/128 | Elapsed Time: 23.52s
2026-02-12 18:30:52,212 | INFO | Batch 230 | Loss: 0.0729 | Correct: 125/128 | Elapsed Time: 23.58s
2026-02-12 18:31:15,775 | INFO | Batch 240 | Loss: 0.0976 | Correct: 123/128 | Elapsed Time: 23.56s
2026-02-12 18:31:39,364 | INFO | Batch 250 | Loss: 0.1499 | Correct: 124/128 | Elapsed Time: 23.59s
2026-02-12 18:32:03,008 | INFO | Batch 260 | Loss: 0.0790 | Correct: 124/128 | Elapsed Time: 23.64s
2026-02-12 18:32:26,829 | INFO | Batch 270 | Loss: 0.1265 | Correct: 121/128 | Elapsed Time: 23.82s
2026-02-12 18:32:50,924 | INFO | Batch 280 | Loss: 0.1237 | Correct: 120/128 | Elapsed Time: 24.10s
2026-02-12 18:33:15,614 | INFO | Batch 290 | Loss: 0.1063 | Correct: 121/128 | Elapsed Time: 24.69s
2026-02-12 18:33:39,759 | INFO | Batch 300 | Loss: 0.1137 | Correct: 122/128 | Elapsed Time: 24.14s
2026-02-12 18:34:04,144 | INFO | Batch 310 | Loss: 0.1595 | Correct: 118/128 | Elapsed Time: 24.39s
2026-02-12 18:34:28,425 | INFO | Batch 320 | Loss: 0.1751 | Correct: 120/128 | Elapsed Time: 24.28s
2026-02-12 18:34:52,556 | INFO | Batch 330 | Loss: 0.0755 | Correct: 124/128 | Elapsed Time: 24.13s
2026-02-12 18:35:16,865 | INFO | Batch 340 | Loss: 0.0898 | Correct: 123/128 | Elapsed Time: 24.31s
2026-02-12 18:35:41,096 | INFO | Batch 350 | Loss: 0.2091 | Correct: 121/128 | Elapsed Time: 24.23s
2026-02-12 18:36:05,196 | INFO | Batch 360 | Loss: 0.1252 | Correct: 122/128 | Elapsed Time: 24.10s
2026-02-12 18:36:29,373 | INFO | Batch 370 | Loss: 0.0939 | Correct: 124/128 | Elapsed Time: 24.18s
2026-02-12 18:36:53,597 | INFO | Batch 380 | Loss: 0.1552 | Correct: 121/128 | Elapsed Time: 24.22s
2026-02-12 18:37:17,947 | INFO | Batch 390 | Loss: 0.1679 | Correct: 120/128 | Elapsed Time: 24.35s
2026-02-12 18:37:19,612 | INFO | Epoch [71/100] - Loss: 0.1358 | Correct: 47554/50000 (95.11%, 929.85s)
2026-02-12 18:38:33,920 | INFO | Validation - Loss: 0.4684 | Correct: 8700/10000 (87.00%) (74.31s)
2026-02-12 18:38:58,125 | INFO | Batch 10 | Loss: 0.1260 | Correct: 122/128 | Elapsed Time: 24.20s
2026-02-12 18:39:22,526 | INFO | Batch 20 | Loss: 0.1341 | Correct: 121/128 | Elapsed Time: 24.40s
2026-02-12 18:39:46,753 | INFO | Batch 30 | Loss: 0.1659 | Correct: 122/128 | Elapsed Time: 24.23s
2026-02-12 18:40:10,820 | INFO | Batch 40 | Loss: 0.2091 | Correct: 118/128 | Elapsed Time: 24.07s
2026-02-12 18:40:34,984 | INFO | Batch 50 | Loss: 0.1053 | Correct: 124/128 | Elapsed Time: 24.16s
2026-02-12 18:40:59,172 | INFO | Batch 60 | Loss: 0.1071 | Correct: 123/128 | Elapsed Time: 24.19s
2026-02-12 18:41:23,380 | INFO | Batch 70 | Loss: 0.1250 | Correct: 122/128 | Elapsed Time: 24.21s
2026-02-12 18:41:47,465 | INFO | Batch 80 | Loss: 0.1686 | Correct: 118/128 | Elapsed Time: 24.08s
2026-02-12 18:42:11,538 | INFO | Batch 90 | Loss: 0.2099 | Correct: 114/128 | Elapsed Time: 24.07s
2026-02-12 18:42:35,581 | INFO | Batch 100 | Loss: 0.1235 | Correct: 125/128 | Elapsed Time: 24.04s
2026-02-12 18:42:59,550 | INFO | Batch 110 | Loss: 0.1970 | Correct: 117/128 | Elapsed Time: 23.97s
2026-02-12 18:43:23,517 | INFO | Batch 120 | Loss: 0.1552 | Correct: 122/128 | Elapsed Time: 23.97s
2026-02-12 18:43:47,421 | INFO | Batch 130 | Loss: 0.1476 | Correct: 122/128 | Elapsed Time: 23.90s
2026-02-12 18:44:11,644 | INFO | Batch 140 | Loss: 0.1385 | Correct: 121/128 | Elapsed Time: 24.22s
2026-02-12 18:44:35,733 | INFO | Batch 150 | Loss: 0.2063 | Correct: 119/128 | Elapsed Time: 24.09s
2026-02-12 18:44:59,775 | INFO | Batch 160 | Loss: 0.1321 | Correct: 124/128 | Elapsed Time: 24.04s
2026-02-12 18:45:23,840 | INFO | Batch 170 | Loss: 0.1327 | Correct: 121/128 | Elapsed Time: 24.07s
2026-02-12 18:45:48,216 | INFO | Batch 180 | Loss: 0.1137 | Correct: 123/128 | Elapsed Time: 24.38s
2026-02-12 18:46:12,340 | INFO | Batch 190 | Loss: 0.0706 | Correct: 126/128 | Elapsed Time: 24.12s
2026-02-12 18:46:36,284 | INFO | Batch 200 | Loss: 0.0771 | Correct: 125/128 | Elapsed Time: 23.94s
2026-02-12 18:47:00,513 | INFO | Batch 210 | Loss: 0.1675 | Correct: 122/128 | Elapsed Time: 24.23s
2026-02-12 18:47:24,853 | INFO | Batch 220 | Loss: 0.1385 | Correct: 122/128 | Elapsed Time: 24.34s
2026-02-12 18:47:48,819 | INFO | Batch 230 | Loss: 0.1491 | Correct: 121/128 | Elapsed Time: 23.97s
2026-02-12 18:48:13,048 | INFO | Batch 240 | Loss: 0.1208 | Correct: 121/128 | Elapsed Time: 24.23s
2026-02-12 18:48:37,088 | INFO | Batch 250 | Loss: 0.1578 | Correct: 121/128 | Elapsed Time: 24.04s
2026-02-12 18:49:01,071 | INFO | Batch 260 | Loss: 0.1068 | Correct: 123/128 | Elapsed Time: 23.98s
2026-02-12 18:49:25,532 | INFO | Batch 270 | Loss: 0.1536 | Correct: 124/128 | Elapsed Time: 24.46s
2026-02-12 18:49:49,639 | INFO | Batch 280 | Loss: 0.1513 | Correct: 120/128 | Elapsed Time: 24.11s
2026-02-12 18:50:13,843 | INFO | Batch 290 | Loss: 0.1797 | Correct: 117/128 | Elapsed Time: 24.20s
2026-02-12 18:50:37,932 | INFO | Batch 300 | Loss: 0.0876 | Correct: 124/128 | Elapsed Time: 24.09s
2026-02-12 18:51:01,872 | INFO | Batch 310 | Loss: 0.1189 | Correct: 123/128 | Elapsed Time: 23.94s
2026-02-12 18:51:25,957 | INFO | Batch 320 | Loss: 0.1159 | Correct: 123/128 | Elapsed Time: 24.09s
2026-02-12 18:51:49,962 | INFO | Batch 330 | Loss: 0.1902 | Correct: 122/128 | Elapsed Time: 24.00s
2026-02-12 18:52:14,026 | INFO | Batch 340 | Loss: 0.1036 | Correct: 122/128 | Elapsed Time: 24.06s
2026-02-12 18:52:38,047 | INFO | Batch 350 | Loss: 0.1499 | Correct: 121/128 | Elapsed Time: 24.02s
2026-02-12 18:53:01,702 | INFO | Batch 360 | Loss: 0.1936 | Correct: 119/128 | Elapsed Time: 23.66s
2026-02-12 18:53:25,253 | INFO | Batch 370 | Loss: 0.0761 | Correct: 125/128 | Elapsed Time: 23.55s
2026-02-12 18:53:49,312 | INFO | Batch 380 | Loss: 0.0909 | Correct: 123/128 | Elapsed Time: 24.06s
2026-02-12 18:54:13,460 | INFO | Batch 390 | Loss: 0.1363 | Correct: 122/128 | Elapsed Time: 24.15s
2026-02-12 18:54:15,118 | INFO | Epoch [72/100] - Loss: 0.1332 | Correct: 47626/50000 (95.25%, 941.20s)
2026-02-12 18:55:28,788 | INFO | Validation - Loss: 0.4758 | Correct: 8691/10000 (86.91%) (73.67s)
2026-02-12 18:55:52,600 | INFO | Batch 10 | Loss: 0.1957 | Correct: 119/128 | Elapsed Time: 23.81s
2026-02-12 18:56:16,665 | INFO | Batch 20 | Loss: 0.0835 | Correct: 122/128 | Elapsed Time: 24.06s
2026-02-12 18:56:40,746 | INFO | Batch 30 | Loss: 0.1569 | Correct: 122/128 | Elapsed Time: 24.08s
2026-02-12 18:57:04,912 | INFO | Batch 40 | Loss: 0.2503 | Correct: 116/128 | Elapsed Time: 24.17s
2026-02-12 18:57:29,100 | INFO | Batch 50 | Loss: 0.1623 | Correct: 120/128 | Elapsed Time: 24.19s
2026-02-12 18:57:53,399 | INFO | Batch 60 | Loss: 0.1305 | Correct: 122/128 | Elapsed Time: 24.30s
2026-02-12 18:58:17,651 | INFO | Batch 70 | Loss: 0.0519 | Correct: 126/128 | Elapsed Time: 24.25s
2026-02-12 18:58:41,667 | INFO | Batch 80 | Loss: 0.1487 | Correct: 120/128 | Elapsed Time: 24.02s
2026-02-12 18:59:06,009 | INFO | Batch 90 | Loss: 0.1652 | Correct: 121/128 | Elapsed Time: 24.34s
2026-02-12 18:59:30,319 | INFO | Batch 100 | Loss: 0.0924 | Correct: 123/128 | Elapsed Time: 24.31s
2026-02-12 18:59:54,509 | INFO | Batch 110 | Loss: 0.0751 | Correct: 126/128 | Elapsed Time: 24.19s
2026-02-12 19:00:18,786 | INFO | Batch 120 | Loss: 0.1245 | Correct: 121/128 | Elapsed Time: 24.28s
2026-02-12 19:00:42,691 | INFO | Batch 130 | Loss: 0.1480 | Correct: 121/128 | Elapsed Time: 23.91s
2026-02-12 19:01:06,750 | INFO | Batch 140 | Loss: 0.1288 | Correct: 121/128 | Elapsed Time: 24.06s
2026-02-12 19:01:30,188 | INFO | Batch 150 | Loss: 0.1092 | Correct: 123/128 | Elapsed Time: 23.44s
2026-02-12 19:01:53,700 | INFO | Batch 160 | Loss: 0.2639 | Correct: 111/128 | Elapsed Time: 23.51s
2026-02-12 19:02:17,096 | INFO | Batch 170 | Loss: 0.1372 | Correct: 121/128 | Elapsed Time: 23.40s
2026-02-12 19:02:40,466 | INFO | Batch 180 | Loss: 0.1489 | Correct: 121/128 | Elapsed Time: 23.37s
2026-02-12 19:03:03,882 | INFO | Batch 190 | Loss: 0.2066 | Correct: 120/128 | Elapsed Time: 23.42s
2026-02-12 19:03:27,267 | INFO | Batch 200 | Loss: 0.0688 | Correct: 126/128 | Elapsed Time: 23.38s
2026-02-12 19:03:50,665 | INFO | Batch 210 | Loss: 0.1321 | Correct: 123/128 | Elapsed Time: 23.40s
2026-02-12 19:04:14,176 | INFO | Batch 220 | Loss: 0.0976 | Correct: 124/128 | Elapsed Time: 23.51s
2026-02-12 19:04:37,559 | INFO | Batch 230 | Loss: 0.1787 | Correct: 118/128 | Elapsed Time: 23.38s
2026-02-12 19:05:01,046 | INFO | Batch 240 | Loss: 0.1580 | Correct: 120/128 | Elapsed Time: 23.49s
2026-02-12 19:05:24,541 | INFO | Batch 250 | Loss: 0.1441 | Correct: 122/128 | Elapsed Time: 23.49s
2026-02-12 19:05:48,011 | INFO | Batch 260 | Loss: 0.0963 | Correct: 122/128 | Elapsed Time: 23.47s
2026-02-12 19:06:11,523 | INFO | Batch 270 | Loss: 0.1826 | Correct: 116/128 | Elapsed Time: 23.51s
2026-02-12 19:06:35,081 | INFO | Batch 280 | Loss: 0.1083 | Correct: 123/128 | Elapsed Time: 23.56s
2026-02-12 19:06:58,527 | INFO | Batch 290 | Loss: 0.1120 | Correct: 123/128 | Elapsed Time: 23.45s
2026-02-12 19:07:22,022 | INFO | Batch 300 | Loss: 0.0964 | Correct: 124/128 | Elapsed Time: 23.49s
2026-02-12 19:07:45,438 | INFO | Batch 310 | Loss: 0.1632 | Correct: 118/128 | Elapsed Time: 23.42s
2026-02-12 19:08:08,882 | INFO | Batch 320 | Loss: 0.1134 | Correct: 121/128 | Elapsed Time: 23.44s
2026-02-12 19:08:32,245 | INFO | Batch 330 | Loss: 0.0894 | Correct: 125/128 | Elapsed Time: 23.36s
2026-02-12 19:08:55,586 | INFO | Batch 340 | Loss: 0.0953 | Correct: 124/128 | Elapsed Time: 23.34s
2026-02-12 19:09:19,382 | INFO | Batch 350 | Loss: 0.1354 | Correct: 118/128 | Elapsed Time: 23.80s
2026-02-12 19:09:42,741 | INFO | Batch 360 | Loss: 0.1899 | Correct: 120/128 | Elapsed Time: 23.36s
2026-02-12 19:10:06,069 | INFO | Batch 370 | Loss: 0.1314 | Correct: 124/128 | Elapsed Time: 23.33s
2026-02-12 19:10:29,429 | INFO | Batch 380 | Loss: 0.0841 | Correct: 126/128 | Elapsed Time: 23.36s
2026-02-12 19:10:52,773 | INFO | Batch 390 | Loss: 0.1650 | Correct: 121/128 | Elapsed Time: 23.34s
2026-02-12 19:10:54,348 | INFO | Epoch [73/100] - Loss: 0.1299 | Correct: 47658/50000 (95.32%, 925.56s)
2026-02-12 19:12:05,201 | INFO | Validation - Loss: 0.4754 | Correct: 8700/10000 (87.00%) (70.85s)
2026-02-12 19:12:28,654 | INFO | Batch 10 | Loss: 0.2005 | Correct: 118/128 | Elapsed Time: 23.45s
2026-02-12 19:12:52,020 | INFO | Batch 20 | Loss: 0.1330 | Correct: 123/128 | Elapsed Time: 23.37s
2026-02-12 19:13:15,401 | INFO | Batch 30 | Loss: 0.1395 | Correct: 121/128 | Elapsed Time: 23.38s
2026-02-12 19:13:38,746 | INFO | Batch 40 | Loss: 0.1162 | Correct: 122/128 | Elapsed Time: 23.34s
2026-02-12 19:14:02,069 | INFO | Batch 50 | Loss: 0.1128 | Correct: 123/128 | Elapsed Time: 23.32s
2026-02-12 19:14:25,443 | INFO | Batch 60 | Loss: 0.0849 | Correct: 124/128 | Elapsed Time: 23.37s
2026-02-12 19:14:48,783 | INFO | Batch 70 | Loss: 0.1040 | Correct: 124/128 | Elapsed Time: 23.34s
2026-02-12 19:15:12,201 | INFO | Batch 80 | Loss: 0.1507 | Correct: 122/128 | Elapsed Time: 23.42s
2026-02-12 19:15:35,547 | INFO | Batch 90 | Loss: 0.1218 | Correct: 123/128 | Elapsed Time: 23.35s
2026-02-12 19:15:58,860 | INFO | Batch 100 | Loss: 0.1521 | Correct: 121/128 | Elapsed Time: 23.31s
2026-02-12 19:16:22,228 | INFO | Batch 110 | Loss: 0.1080 | Correct: 121/128 | Elapsed Time: 23.37s
2026-02-12 19:16:45,554 | INFO | Batch 120 | Loss: 0.0831 | Correct: 124/128 | Elapsed Time: 23.33s
2026-02-12 19:17:08,930 | INFO | Batch 130 | Loss: 0.1527 | Correct: 120/128 | Elapsed Time: 23.38s
2026-02-12 19:17:32,357 | INFO | Batch 140 | Loss: 0.0970 | Correct: 125/128 | Elapsed Time: 23.43s
2026-02-12 19:17:55,703 | INFO | Batch 150 | Loss: 0.1290 | Correct: 123/128 | Elapsed Time: 23.35s
2026-02-12 19:18:19,086 | INFO | Batch 160 | Loss: 0.1222 | Correct: 123/128 | Elapsed Time: 23.38s
2026-02-12 19:18:42,460 | INFO | Batch 170 | Loss: 0.1217 | Correct: 121/128 | Elapsed Time: 23.37s
2026-02-12 19:19:06,119 | INFO | Batch 180 | Loss: 0.0886 | Correct: 123/128 | Elapsed Time: 23.66s
2026-02-12 19:19:29,644 | INFO | Batch 190 | Loss: 0.0808 | Correct: 125/128 | Elapsed Time: 23.53s
2026-02-12 19:19:53,232 | INFO | Batch 200 | Loss: 0.0854 | Correct: 124/128 | Elapsed Time: 23.59s
2026-02-12 19:20:16,749 | INFO | Batch 210 | Loss: 0.1484 | Correct: 122/128 | Elapsed Time: 23.52s
2026-02-12 19:20:40,161 | INFO | Batch 220 | Loss: 0.1238 | Correct: 122/128 | Elapsed Time: 23.41s
2026-02-12 19:21:03,613 | INFO | Batch 230 | Loss: 0.1451 | Correct: 123/128 | Elapsed Time: 23.45s
2026-02-12 19:21:27,072 | INFO | Batch 240 | Loss: 0.1204 | Correct: 122/128 | Elapsed Time: 23.46s
2026-02-12 19:21:50,577 | INFO | Batch 250 | Loss: 0.1571 | Correct: 120/128 | Elapsed Time: 23.51s
2026-02-12 19:22:14,209 | INFO | Batch 260 | Loss: 0.1854 | Correct: 120/128 | Elapsed Time: 23.63s
2026-02-12 19:22:37,685 | INFO | Batch 270 | Loss: 0.1243 | Correct: 121/128 | Elapsed Time: 23.48s
2026-02-12 19:23:01,098 | INFO | Batch 280 | Loss: 0.1051 | Correct: 123/128 | Elapsed Time: 23.41s
2026-02-12 19:23:24,609 | INFO | Batch 290 | Loss: 0.1540 | Correct: 119/128 | Elapsed Time: 23.51s
2026-02-12 19:23:48,180 | INFO | Batch 300 | Loss: 0.1418 | Correct: 121/128 | Elapsed Time: 23.57s
2026-02-12 19:24:11,761 | INFO | Batch 310 | Loss: 0.0936 | Correct: 123/128 | Elapsed Time: 23.58s
2026-02-12 19:24:35,313 | INFO | Batch 320 | Loss: 0.0612 | Correct: 127/128 | Elapsed Time: 23.55s
2026-02-12 19:24:58,968 | INFO | Batch 330 | Loss: 0.1081 | Correct: 121/128 | Elapsed Time: 23.66s
2026-02-12 19:25:22,472 | INFO | Batch 340 | Loss: 0.0919 | Correct: 125/128 | Elapsed Time: 23.50s
2026-02-12 19:25:46,087 | INFO | Batch 350 | Loss: 0.1617 | Correct: 123/128 | Elapsed Time: 23.61s
2026-02-12 19:26:09,830 | INFO | Batch 360 | Loss: 0.1610 | Correct: 122/128 | Elapsed Time: 23.74s
2026-02-12 19:26:33,439 | INFO | Batch 370 | Loss: 0.1534 | Correct: 122/128 | Elapsed Time: 23.61s
2026-02-12 19:26:57,108 | INFO | Batch 380 | Loss: 0.1429 | Correct: 122/128 | Elapsed Time: 23.67s
2026-02-12 19:27:20,905 | INFO | Batch 390 | Loss: 0.0960 | Correct: 124/128 | Elapsed Time: 23.80s
2026-02-12 19:27:22,511 | INFO | Epoch [74/100] - Loss: 0.1325 | Correct: 47663/50000 (95.33%, 917.31s)
2026-02-12 19:28:34,195 | INFO | Validation - Loss: 0.4710 | Correct: 8700/10000 (87.00%) (71.68s)
2026-02-12 19:28:57,619 | INFO | Batch 10 | Loss: 0.1763 | Correct: 122/128 | Elapsed Time: 23.42s
2026-02-12 19:29:21,449 | INFO | Batch 20 | Loss: 0.2384 | Correct: 114/128 | Elapsed Time: 23.83s
2026-02-12 19:29:44,846 | INFO | Batch 30 | Loss: 0.0769 | Correct: 126/128 | Elapsed Time: 23.40s
2026-02-12 19:30:08,360 | INFO | Batch 40 | Loss: 0.1283 | Correct: 120/128 | Elapsed Time: 23.51s
2026-02-12 19:30:31,730 | INFO | Batch 50 | Loss: 0.0634 | Correct: 126/128 | Elapsed Time: 23.37s
2026-02-12 19:30:55,226 | INFO | Batch 60 | Loss: 0.1451 | Correct: 121/128 | Elapsed Time: 23.50s
2026-02-12 19:31:18,722 | INFO | Batch 70 | Loss: 0.1401 | Correct: 122/128 | Elapsed Time: 23.50s
2026-02-12 19:31:42,195 | INFO | Batch 80 | Loss: 0.0671 | Correct: 125/128 | Elapsed Time: 23.47s
2026-02-12 19:32:05,671 | INFO | Batch 90 | Loss: 0.1110 | Correct: 122/128 | Elapsed Time: 23.48s
2026-02-12 19:32:29,172 | INFO | Batch 100 | Loss: 0.1350 | Correct: 120/128 | Elapsed Time: 23.50s
2026-02-12 19:32:52,674 | INFO | Batch 110 | Loss: 0.1227 | Correct: 123/128 | Elapsed Time: 23.50s
2026-02-12 19:33:16,128 | INFO | Batch 120 | Loss: 0.1184 | Correct: 122/128 | Elapsed Time: 23.45s
2026-02-12 19:33:39,471 | INFO | Batch 130 | Loss: 0.0790 | Correct: 126/128 | Elapsed Time: 23.34s
2026-02-12 19:34:02,879 | INFO | Batch 140 | Loss: 0.1569 | Correct: 122/128 | Elapsed Time: 23.41s
2026-02-12 19:34:26,273 | INFO | Batch 150 | Loss: 0.1811 | Correct: 118/128 | Elapsed Time: 23.39s
2026-02-12 19:34:49,639 | INFO | Batch 160 | Loss: 0.0932 | Correct: 123/128 | Elapsed Time: 23.37s
2026-02-12 19:35:13,065 | INFO | Batch 170 | Loss: 0.0741 | Correct: 125/128 | Elapsed Time: 23.43s
2026-02-12 19:35:36,525 | INFO | Batch 180 | Loss: 0.1008 | Correct: 121/128 | Elapsed Time: 23.46s
2026-02-12 19:35:59,926 | INFO | Batch 190 | Loss: 0.1277 | Correct: 121/128 | Elapsed Time: 23.40s
2026-02-12 19:36:23,336 | INFO | Batch 200 | Loss: 0.2108 | Correct: 116/128 | Elapsed Time: 23.41s
2026-02-12 19:36:46,685 | INFO | Batch 210 | Loss: 0.1187 | Correct: 121/128 | Elapsed Time: 23.35s
2026-02-12 19:37:10,080 | INFO | Batch 220 | Loss: 0.0990 | Correct: 123/128 | Elapsed Time: 23.40s
2026-02-12 19:37:33,469 | INFO | Batch 230 | Loss: 0.1243 | Correct: 124/128 | Elapsed Time: 23.39s
2026-02-12 19:37:57,004 | INFO | Batch 240 | Loss: 0.1348 | Correct: 121/128 | Elapsed Time: 23.53s
2026-02-12 19:38:20,417 | INFO | Batch 250 | Loss: 0.1367 | Correct: 122/128 | Elapsed Time: 23.41s
2026-02-12 19:38:43,814 | INFO | Batch 260 | Loss: 0.0800 | Correct: 125/128 | Elapsed Time: 23.40s
2026-02-12 19:39:07,374 | INFO | Batch 270 | Loss: 0.1076 | Correct: 121/128 | Elapsed Time: 23.56s
2026-02-12 19:39:30,841 | INFO | Batch 280 | Loss: 0.1780 | Correct: 122/128 | Elapsed Time: 23.47s
2026-02-12 19:39:54,261 | INFO | Batch 290 | Loss: 0.1119 | Correct: 125/128 | Elapsed Time: 23.42s
2026-02-12 19:40:17,739 | INFO | Batch 300 | Loss: 0.1341 | Correct: 120/128 | Elapsed Time: 23.48s
2026-02-12 19:40:41,114 | INFO | Batch 310 | Loss: 0.1311 | Correct: 123/128 | Elapsed Time: 23.37s
2026-02-12 19:41:04,570 | INFO | Batch 320 | Loss: 0.1015 | Correct: 122/128 | Elapsed Time: 23.46s
2026-02-12 19:41:27,982 | INFO | Batch 330 | Loss: 0.0919 | Correct: 124/128 | Elapsed Time: 23.41s
2026-02-12 19:41:51,335 | INFO | Batch 340 | Loss: 0.1159 | Correct: 121/128 | Elapsed Time: 23.35s
2026-02-12 19:42:14,732 | INFO | Batch 350 | Loss: 0.0901 | Correct: 123/128 | Elapsed Time: 23.40s
2026-02-12 19:42:38,089 | INFO | Batch 360 | Loss: 0.1197 | Correct: 123/128 | Elapsed Time: 23.36s
2026-02-12 19:43:01,519 | INFO | Batch 370 | Loss: 0.0876 | Correct: 124/128 | Elapsed Time: 23.43s
2026-02-12 19:43:24,889 | INFO | Batch 380 | Loss: 0.1031 | Correct: 125/128 | Elapsed Time: 23.37s
2026-02-12 19:43:48,232 | INFO | Batch 390 | Loss: 0.1907 | Correct: 120/128 | Elapsed Time: 23.34s
2026-02-12 19:43:49,808 | INFO | Epoch [75/100] - Loss: 0.1271 | Correct: 47690/50000 (95.38%, 915.61s)
2026-02-12 19:45:00,667 | INFO | Validation - Loss: 0.4640 | Correct: 8704/10000 (87.04%) (70.86s)
2026-02-12 19:45:24,044 | INFO | Batch 10 | Loss: 0.1304 | Correct: 122/128 | Elapsed Time: 23.37s
2026-02-12 19:45:47,359 | INFO | Batch 20 | Loss: 0.1780 | Correct: 122/128 | Elapsed Time: 23.31s
2026-02-12 19:46:10,706 | INFO | Batch 30 | Loss: 0.0945 | Correct: 123/128 | Elapsed Time: 23.35s
2026-02-12 19:46:34,081 | INFO | Batch 40 | Loss: 0.1397 | Correct: 120/128 | Elapsed Time: 23.37s
2026-02-12 19:46:57,383 | INFO | Batch 50 | Loss: 0.0451 | Correct: 127/128 | Elapsed Time: 23.30s
2026-02-12 19:47:20,752 | INFO | Batch 60 | Loss: 0.0726 | Correct: 124/128 | Elapsed Time: 23.37s
2026-02-12 19:47:44,048 | INFO | Batch 70 | Loss: 0.1517 | Correct: 121/128 | Elapsed Time: 23.30s
2026-02-12 19:48:07,416 | INFO | Batch 80 | Loss: 0.1222 | Correct: 121/128 | Elapsed Time: 23.37s
2026-02-12 19:48:30,807 | INFO | Batch 90 | Loss: 0.1525 | Correct: 122/128 | Elapsed Time: 23.39s
2026-02-12 19:48:54,254 | INFO | Batch 100 | Loss: 0.0895 | Correct: 124/128 | Elapsed Time: 23.45s
2026-02-12 19:49:17,859 | INFO | Batch 110 | Loss: 0.1114 | Correct: 122/128 | Elapsed Time: 23.60s
2026-02-12 19:49:41,238 | INFO | Batch 120 | Loss: 0.1272 | Correct: 121/128 | Elapsed Time: 23.38s
2026-02-12 19:50:04,656 | INFO | Batch 130 | Loss: 0.1054 | Correct: 124/128 | Elapsed Time: 23.42s
2026-02-12 19:50:27,993 | INFO | Batch 140 | Loss: 0.1175 | Correct: 120/128 | Elapsed Time: 23.34s
2026-02-12 19:50:51,354 | INFO | Batch 150 | Loss: 0.2148 | Correct: 120/128 | Elapsed Time: 23.36s
2026-02-12 19:51:14,849 | INFO | Batch 160 | Loss: 0.1258 | Correct: 122/128 | Elapsed Time: 23.49s
2026-02-12 19:51:38,171 | INFO | Batch 170 | Loss: 0.2063 | Correct: 117/128 | Elapsed Time: 23.32s
2026-02-12 19:52:01,519 | INFO | Batch 180 | Loss: 0.1907 | Correct: 118/128 | Elapsed Time: 23.35s
2026-02-12 19:52:24,887 | INFO | Batch 190 | Loss: 0.0970 | Correct: 125/128 | Elapsed Time: 23.37s
2026-02-12 19:52:48,241 | INFO | Batch 200 | Loss: 0.1350 | Correct: 122/128 | Elapsed Time: 23.35s
2026-02-12 19:53:11,651 | INFO | Batch 210 | Loss: 0.1429 | Correct: 121/128 | Elapsed Time: 23.41s
2026-02-12 19:53:35,139 | INFO | Batch 220 | Loss: 0.0797 | Correct: 125/128 | Elapsed Time: 23.49s
2026-02-12 19:53:58,477 | INFO | Batch 230 | Loss: 0.0976 | Correct: 125/128 | Elapsed Time: 23.34s
2026-02-12 19:54:21,838 | INFO | Batch 240 | Loss: 0.1237 | Correct: 123/128 | Elapsed Time: 23.36s
2026-02-12 19:54:45,192 | INFO | Batch 250 | Loss: 0.1869 | Correct: 119/128 | Elapsed Time: 23.35s
2026-02-12 19:55:08,530 | INFO | Batch 260 | Loss: 0.1975 | Correct: 119/128 | Elapsed Time: 23.34s
2026-02-12 19:55:31,826 | INFO | Batch 270 | Loss: 0.0964 | Correct: 123/128 | Elapsed Time: 23.30s
2026-02-12 19:55:55,218 | INFO | Batch 280 | Loss: 0.1095 | Correct: 122/128 | Elapsed Time: 23.39s
2026-02-12 19:56:18,683 | INFO | Batch 290 | Loss: 0.1250 | Correct: 123/128 | Elapsed Time: 23.47s
2026-02-12 19:56:41,980 | INFO | Batch 300 | Loss: 0.1281 | Correct: 122/128 | Elapsed Time: 23.30s
2026-02-12 19:57:05,317 | INFO | Batch 310 | Loss: 0.1542 | Correct: 120/128 | Elapsed Time: 23.34s
2026-02-12 19:57:28,650 | INFO | Batch 320 | Loss: 0.1145 | Correct: 122/128 | Elapsed Time: 23.33s
2026-02-12 19:57:51,969 | INFO | Batch 330 | Loss: 0.0673 | Correct: 123/128 | Elapsed Time: 23.32s
2026-02-12 19:58:15,346 | INFO | Batch 340 | Loss: 0.1933 | Correct: 120/128 | Elapsed Time: 23.38s
2026-02-12 19:58:38,793 | INFO | Batch 350 | Loss: 0.0851 | Correct: 123/128 | Elapsed Time: 23.45s
2026-02-12 19:59:02,157 | INFO | Batch 360 | Loss: 0.1359 | Correct: 124/128 | Elapsed Time: 23.36s
2026-02-12 19:59:25,669 | INFO | Batch 370 | Loss: 0.1060 | Correct: 123/128 | Elapsed Time: 23.51s
2026-02-12 19:59:49,048 | INFO | Batch 380 | Loss: 0.1697 | Correct: 119/128 | Elapsed Time: 23.38s
2026-02-12 20:00:12,413 | INFO | Batch 390 | Loss: 0.0768 | Correct: 124/128 | Elapsed Time: 23.36s
2026-02-12 20:00:13,987 | INFO | Epoch [76/100] - Loss: 0.1255 | Correct: 47745/50000 (95.49%, 913.32s)
2026-02-12 20:01:24,862 | INFO | Validation - Loss: 0.4635 | Correct: 8706/10000 (87.06%) (70.87s)
2026-02-12 20:01:48,315 | INFO | Batch 10 | Loss: 0.1675 | Correct: 120/128 | Elapsed Time: 23.45s
2026-02-12 20:02:11,697 | INFO | Batch 20 | Loss: 0.1102 | Correct: 122/128 | Elapsed Time: 23.38s
2026-02-12 20:02:35,069 | INFO | Batch 30 | Loss: 0.1070 | Correct: 123/128 | Elapsed Time: 23.37s
2026-02-12 20:02:58,430 | INFO | Batch 40 | Loss: 0.1272 | Correct: 124/128 | Elapsed Time: 23.36s
2026-02-12 20:03:21,798 | INFO | Batch 50 | Loss: 0.1012 | Correct: 122/128 | Elapsed Time: 23.37s
2026-02-12 20:03:45,169 | INFO | Batch 60 | Loss: 0.2094 | Correct: 119/128 | Elapsed Time: 23.37s
2026-02-12 20:04:08,543 | INFO | Batch 70 | Loss: 0.1262 | Correct: 123/128 | Elapsed Time: 23.37s
2026-02-12 20:04:32,031 | INFO | Batch 80 | Loss: 0.1187 | Correct: 123/128 | Elapsed Time: 23.49s
2026-02-12 20:04:55,380 | INFO | Batch 90 | Loss: 0.0896 | Correct: 125/128 | Elapsed Time: 23.35s
2026-02-12 20:05:18,777 | INFO | Batch 100 | Loss: 0.1284 | Correct: 123/128 | Elapsed Time: 23.40s
2026-02-12 20:05:42,154 | INFO | Batch 110 | Loss: 0.1721 | Correct: 120/128 | Elapsed Time: 23.38s
2026-02-12 20:06:05,549 | INFO | Batch 120 | Loss: 0.1650 | Correct: 121/128 | Elapsed Time: 23.39s
2026-02-12 20:06:28,899 | INFO | Batch 130 | Loss: 0.1270 | Correct: 122/128 | Elapsed Time: 23.35s
2026-02-12 20:06:52,347 | INFO | Batch 140 | Loss: 0.1119 | Correct: 123/128 | Elapsed Time: 23.45s
2026-02-12 20:07:15,743 | INFO | Batch 150 | Loss: 0.1067 | Correct: 123/128 | Elapsed Time: 23.40s
2026-02-12 20:07:39,075 | INFO | Batch 160 | Loss: 0.1167 | Correct: 122/128 | Elapsed Time: 23.33s
2026-02-12 20:08:02,443 | INFO | Batch 170 | Loss: 0.1688 | Correct: 121/128 | Elapsed Time: 23.37s
2026-02-12 20:08:25,792 | INFO | Batch 180 | Loss: 0.1449 | Correct: 120/128 | Elapsed Time: 23.35s
2026-02-12 20:08:49,145 | INFO | Batch 190 | Loss: 0.1347 | Correct: 119/128 | Elapsed Time: 23.35s
2026-02-12 20:09:12,781 | INFO | Batch 200 | Loss: 0.1714 | Correct: 123/128 | Elapsed Time: 23.64s
2026-02-12 20:09:36,168 | INFO | Batch 210 | Loss: 0.0994 | Correct: 123/128 | Elapsed Time: 23.39s
2026-02-12 20:09:59,490 | INFO | Batch 220 | Loss: 0.0884 | Correct: 125/128 | Elapsed Time: 23.32s
2026-02-12 20:10:22,868 | INFO | Batch 230 | Loss: 0.1304 | Correct: 122/128 | Elapsed Time: 23.38s
2026-02-12 20:10:46,214 | INFO | Batch 240 | Loss: 0.2142 | Correct: 117/128 | Elapsed Time: 23.35s
2026-02-12 20:11:09,652 | INFO | Batch 250 | Loss: 0.1137 | Correct: 122/128 | Elapsed Time: 23.44s
2026-02-12 20:11:33,098 | INFO | Batch 260 | Loss: 0.0977 | Correct: 127/128 | Elapsed Time: 23.45s
2026-02-12 20:11:56,435 | INFO | Batch 270 | Loss: 0.0774 | Correct: 125/128 | Elapsed Time: 23.34s
2026-02-12 20:12:19,711 | INFO | Batch 280 | Loss: 0.0579 | Correct: 126/128 | Elapsed Time: 23.28s
2026-02-12 20:12:43,036 | INFO | Batch 290 | Loss: 0.0696 | Correct: 124/128 | Elapsed Time: 23.33s
2026-02-12 20:13:06,369 | INFO | Batch 300 | Loss: 0.1359 | Correct: 121/128 | Elapsed Time: 23.33s
2026-02-12 20:13:29,679 | INFO | Batch 310 | Loss: 0.1030 | Correct: 121/128 | Elapsed Time: 23.31s
2026-02-12 20:13:53,036 | INFO | Batch 320 | Loss: 0.1582 | Correct: 120/128 | Elapsed Time: 23.36s
2026-02-12 20:14:16,511 | INFO | Batch 330 | Loss: 0.1625 | Correct: 120/128 | Elapsed Time: 23.48s
2026-02-12 20:14:39,850 | INFO | Batch 340 | Loss: 0.1684 | Correct: 122/128 | Elapsed Time: 23.34s
2026-02-12 20:15:03,201 | INFO | Batch 350 | Loss: 0.1382 | Correct: 122/128 | Elapsed Time: 23.35s
2026-02-12 20:15:26,581 | INFO | Batch 360 | Loss: 0.1527 | Correct: 120/128 | Elapsed Time: 23.38s
2026-02-12 20:15:49,913 | INFO | Batch 370 | Loss: 0.0998 | Correct: 122/128 | Elapsed Time: 23.33s
2026-02-12 20:16:13,269 | INFO | Batch 380 | Loss: 0.1636 | Correct: 121/128 | Elapsed Time: 23.36s
2026-02-12 20:16:36,720 | INFO | Batch 390 | Loss: 0.1012 | Correct: 121/128 | Elapsed Time: 23.45s
2026-02-12 20:16:38,296 | INFO | Epoch [77/100] - Loss: 0.1196 | Correct: 47857/50000 (95.71%, 913.43s)
2026-02-12 20:17:49,227 | INFO | Validation - Loss: 0.4666 | Correct: 8720/10000 (87.20%) (70.93s)
2026-02-12 20:18:12,638 | INFO | Batch 10 | Loss: 0.0894 | Correct: 124/128 | Elapsed Time: 23.41s
2026-02-12 20:18:35,970 | INFO | Batch 20 | Loss: 0.1237 | Correct: 120/128 | Elapsed Time: 23.33s
2026-02-12 20:18:59,318 | INFO | Batch 30 | Loss: 0.1686 | Correct: 121/128 | Elapsed Time: 23.35s
2026-02-12 20:19:22,991 | INFO | Batch 40 | Loss: 0.1034 | Correct: 121/128 | Elapsed Time: 23.67s
2026-02-12 20:19:46,360 | INFO | Batch 50 | Loss: 0.1630 | Correct: 121/128 | Elapsed Time: 23.37s
2026-02-12 20:20:09,850 | INFO | Batch 60 | Loss: 0.1192 | Correct: 122/128 | Elapsed Time: 23.49s
2026-02-12 20:20:33,206 | INFO | Batch 70 | Loss: 0.1102 | Correct: 124/128 | Elapsed Time: 23.36s
2026-02-12 20:20:56,533 | INFO | Batch 80 | Loss: 0.1140 | Correct: 121/128 | Elapsed Time: 23.33s
2026-02-12 20:21:19,915 | INFO | Batch 90 | Loss: 0.0982 | Correct: 123/128 | Elapsed Time: 23.38s
2026-02-12 20:21:43,279 | INFO | Batch 100 | Loss: 0.0606 | Correct: 125/128 | Elapsed Time: 23.36s
2026-02-12 20:22:06,673 | INFO | Batch 110 | Loss: 0.1487 | Correct: 120/128 | Elapsed Time: 23.39s
2026-02-12 20:22:30,069 | INFO | Batch 120 | Loss: 0.1110 | Correct: 123/128 | Elapsed Time: 23.40s
2026-02-12 20:22:53,393 | INFO | Batch 130 | Loss: 0.0911 | Correct: 123/128 | Elapsed Time: 23.32s
2026-02-12 20:23:16,746 | INFO | Batch 140 | Loss: 0.1329 | Correct: 121/128 | Elapsed Time: 23.35s
2026-02-12 20:23:40,108 | INFO | Batch 150 | Loss: 0.1899 | Correct: 122/128 | Elapsed Time: 23.36s
2026-02-12 20:24:03,480 | INFO | Batch 160 | Loss: 0.1309 | Correct: 122/128 | Elapsed Time: 23.37s
2026-02-12 20:24:26,790 | INFO | Batch 170 | Loss: 0.0726 | Correct: 124/128 | Elapsed Time: 23.31s
2026-02-12 20:24:50,202 | INFO | Batch 180 | Loss: 0.1217 | Correct: 122/128 | Elapsed Time: 23.41s
2026-02-12 20:25:13,475 | INFO | Batch 190 | Loss: 0.1245 | Correct: 123/128 | Elapsed Time: 23.27s
2026-02-12 20:25:36,750 | INFO | Batch 200 | Loss: 0.2166 | Correct: 119/128 | Elapsed Time: 23.28s
2026-02-12 20:26:00,065 | INFO | Batch 210 | Loss: 0.1802 | Correct: 119/128 | Elapsed Time: 23.31s
2026-02-12 20:26:23,411 | INFO | Batch 220 | Loss: 0.0760 | Correct: 124/128 | Elapsed Time: 23.35s
2026-02-12 20:26:46,726 | INFO | Batch 230 | Loss: 0.1487 | Correct: 122/128 | Elapsed Time: 23.32s
2026-02-12 20:27:10,185 | INFO | Batch 240 | Loss: 0.1217 | Correct: 122/128 | Elapsed Time: 23.46s
2026-02-12 20:27:33,555 | INFO | Batch 250 | Loss: 0.1258 | Correct: 124/128 | Elapsed Time: 23.37s
2026-02-12 20:27:56,939 | INFO | Batch 260 | Loss: 0.0976 | Correct: 124/128 | Elapsed Time: 23.38s
2026-02-12 20:28:20,336 | INFO | Batch 270 | Loss: 0.1267 | Correct: 120/128 | Elapsed Time: 23.40s
2026-02-12 20:28:43,712 | INFO | Batch 280 | Loss: 0.1093 | Correct: 124/128 | Elapsed Time: 23.38s
2026-02-12 20:29:07,380 | INFO | Batch 290 | Loss: 0.1179 | Correct: 124/128 | Elapsed Time: 23.67s
2026-02-12 20:29:30,858 | INFO | Batch 300 | Loss: 0.1702 | Correct: 120/128 | Elapsed Time: 23.48s
2026-02-12 20:29:54,204 | INFO | Batch 310 | Loss: 0.1378 | Correct: 122/128 | Elapsed Time: 23.35s
2026-02-12 20:30:17,538 | INFO | Batch 320 | Loss: 0.0872 | Correct: 124/128 | Elapsed Time: 23.33s
2026-02-12 20:30:40,888 | INFO | Batch 330 | Loss: 0.1012 | Correct: 120/128 | Elapsed Time: 23.35s
2026-02-12 20:31:04,226 | INFO | Batch 340 | Loss: 0.0804 | Correct: 125/128 | Elapsed Time: 23.34s
2026-02-12 20:31:27,566 | INFO | Batch 350 | Loss: 0.1213 | Correct: 122/128 | Elapsed Time: 23.34s
2026-02-12 20:31:50,883 | INFO | Batch 360 | Loss: 0.1599 | Correct: 122/128 | Elapsed Time: 23.32s
2026-02-12 20:32:14,318 | INFO | Batch 370 | Loss: 0.0814 | Correct: 124/128 | Elapsed Time: 23.43s
2026-02-12 20:32:37,634 | INFO | Batch 380 | Loss: 0.1176 | Correct: 121/128 | Elapsed Time: 23.32s
2026-02-12 20:33:00,947 | INFO | Batch 390 | Loss: 0.1079 | Correct: 122/128 | Elapsed Time: 23.31s
2026-02-12 20:33:02,522 | INFO | Epoch [78/100] - Loss: 0.1262 | Correct: 47741/50000 (95.48%, 913.29s)
2026-02-12 20:34:13,390 | INFO | Validation - Loss: 0.4646 | Correct: 8717/10000 (87.17%) (70.87s)
2026-02-12 20:34:36,728 | INFO | Batch 10 | Loss: 0.1288 | Correct: 123/128 | Elapsed Time: 23.33s
2026-02-12 20:35:00,083 | INFO | Batch 20 | Loss: 0.1770 | Correct: 120/128 | Elapsed Time: 23.35s
2026-02-12 20:35:23,440 | INFO | Batch 30 | Loss: 0.1245 | Correct: 125/128 | Elapsed Time: 23.36s
2026-02-12 20:35:46,875 | INFO | Batch 40 | Loss: 0.0677 | Correct: 126/128 | Elapsed Time: 23.43s
2026-02-12 20:36:10,222 | INFO | Batch 50 | Loss: 0.0583 | Correct: 127/128 | Elapsed Time: 23.35s
2026-02-12 20:36:33,570 | INFO | Batch 60 | Loss: 0.1482 | Correct: 120/128 | Elapsed Time: 23.35s
2026-02-12 20:36:56,904 | INFO | Batch 70 | Loss: 0.1435 | Correct: 120/128 | Elapsed Time: 23.33s
2026-02-12 20:37:20,318 | INFO | Batch 80 | Loss: 0.1227 | Correct: 122/128 | Elapsed Time: 23.41s
2026-02-12 20:37:43,663 | INFO | Batch 90 | Loss: 0.1213 | Correct: 124/128 | Elapsed Time: 23.34s
2026-02-12 20:38:07,004 | INFO | Batch 100 | Loss: 0.0724 | Correct: 124/128 | Elapsed Time: 23.34s
2026-02-12 20:38:30,306 | INFO | Batch 110 | Loss: 0.1561 | Correct: 120/128 | Elapsed Time: 23.30s
2026-02-12 20:38:53,613 | INFO | Batch 120 | Loss: 0.1291 | Correct: 121/128 | Elapsed Time: 23.31s
2026-02-12 20:39:17,246 | INFO | Batch 130 | Loss: 0.1367 | Correct: 123/128 | Elapsed Time: 23.63s
2026-02-12 20:39:40,601 | INFO | Batch 140 | Loss: 0.1679 | Correct: 120/128 | Elapsed Time: 23.36s
2026-02-12 20:40:03,935 | INFO | Batch 150 | Loss: 0.0986 | Correct: 125/128 | Elapsed Time: 23.33s
2026-02-12 20:40:27,356 | INFO | Batch 160 | Loss: 0.0848 | Correct: 125/128 | Elapsed Time: 23.42s
2026-02-12 20:40:50,702 | INFO | Batch 170 | Loss: 0.1591 | Correct: 118/128 | Elapsed Time: 23.35s
2026-02-12 20:41:14,106 | INFO | Batch 180 | Loss: 0.1083 | Correct: 122/128 | Elapsed Time: 23.40s
2026-02-12 20:41:37,397 | INFO | Batch 190 | Loss: 0.1034 | Correct: 123/128 | Elapsed Time: 23.29s
2026-02-12 20:42:00,714 | INFO | Batch 200 | Loss: 0.1879 | Correct: 122/128 | Elapsed Time: 23.32s
2026-02-12 20:42:24,088 | INFO | Batch 210 | Loss: 0.1250 | Correct: 123/128 | Elapsed Time: 23.37s
2026-02-12 20:42:47,512 | INFO | Batch 220 | Loss: 0.1053 | Correct: 124/128 | Elapsed Time: 23.42s
2026-02-12 20:43:10,855 | INFO | Batch 230 | Loss: 0.0990 | Correct: 123/128 | Elapsed Time: 23.34s
2026-02-12 20:43:34,189 | INFO | Batch 240 | Loss: 0.2437 | Correct: 118/128 | Elapsed Time: 23.33s
2026-02-12 20:43:57,502 | INFO | Batch 250 | Loss: 0.1582 | Correct: 120/128 | Elapsed Time: 23.31s
2026-02-12 20:44:20,795 | INFO | Batch 260 | Loss: 0.0850 | Correct: 124/128 | Elapsed Time: 23.29s
2026-02-12 20:44:44,118 | INFO | Batch 270 | Loss: 0.0974 | Correct: 124/128 | Elapsed Time: 23.32s
2026-02-12 20:45:07,524 | INFO | Batch 280 | Loss: 0.1348 | Correct: 121/128 | Elapsed Time: 23.41s
2026-02-12 20:45:30,861 | INFO | Batch 290 | Loss: 0.0952 | Correct: 123/128 | Elapsed Time: 23.34s
2026-02-12 20:45:54,216 | INFO | Batch 300 | Loss: 0.0619 | Correct: 125/128 | Elapsed Time: 23.36s
2026-02-12 20:46:17,584 | INFO | Batch 310 | Loss: 0.1170 | Correct: 123/128 | Elapsed Time: 23.37s
2026-02-12 20:46:40,929 | INFO | Batch 320 | Loss: 0.0729 | Correct: 125/128 | Elapsed Time: 23.34s
2026-02-12 20:47:04,329 | INFO | Batch 330 | Loss: 0.1941 | Correct: 117/128 | Elapsed Time: 23.40s
2026-02-12 20:47:27,666 | INFO | Batch 340 | Loss: 0.0677 | Correct: 124/128 | Elapsed Time: 23.34s
2026-02-12 20:47:51,079 | INFO | Batch 350 | Loss: 0.1257 | Correct: 122/128 | Elapsed Time: 23.41s
2026-02-12 20:48:14,455 | INFO | Batch 360 | Loss: 0.1295 | Correct: 120/128 | Elapsed Time: 23.38s
2026-02-12 20:48:37,790 | INFO | Batch 370 | Loss: 0.0859 | Correct: 122/128 | Elapsed Time: 23.33s
2026-02-12 20:49:01,121 | INFO | Batch 380 | Loss: 0.0947 | Correct: 124/128 | Elapsed Time: 23.33s
2026-02-12 20:49:24,870 | INFO | Batch 390 | Loss: 0.1737 | Correct: 121/128 | Elapsed Time: 23.75s
2026-02-12 20:49:26,449 | INFO | Epoch [79/100] - Loss: 0.1219 | Correct: 47833/50000 (95.67%, 913.06s)
2026-02-12 20:50:37,249 | INFO | Validation - Loss: 0.4630 | Correct: 8715/10000 (87.15%) (70.80s)
2026-02-12 20:51:00,632 | INFO | Batch 10 | Loss: 0.1074 | Correct: 122/128 | Elapsed Time: 23.38s
2026-02-12 20:51:23,924 | INFO | Batch 20 | Loss: 0.1371 | Correct: 121/128 | Elapsed Time: 23.29s
2026-02-12 20:51:47,198 | INFO | Batch 30 | Loss: 0.1031 | Correct: 125/128 | Elapsed Time: 23.27s
2026-02-12 20:52:10,463 | INFO | Batch 40 | Loss: 0.0559 | Correct: 127/128 | Elapsed Time: 23.26s
2026-02-12 20:52:33,788 | INFO | Batch 50 | Loss: 0.1469 | Correct: 120/128 | Elapsed Time: 23.33s
2026-02-12 20:52:57,096 | INFO | Batch 60 | Loss: 0.0795 | Correct: 123/128 | Elapsed Time: 23.31s
2026-02-12 20:53:20,471 | INFO | Batch 70 | Loss: 0.0574 | Correct: 127/128 | Elapsed Time: 23.38s
2026-02-12 20:53:43,911 | INFO | Batch 80 | Loss: 0.1309 | Correct: 121/128 | Elapsed Time: 23.44s
2026-02-12 20:54:07,319 | INFO | Batch 90 | Loss: 0.1199 | Correct: 124/128 | Elapsed Time: 23.41s
2026-02-12 20:54:30,679 | INFO | Batch 100 | Loss: 0.1382 | Correct: 123/128 | Elapsed Time: 23.36s
2026-02-12 20:54:54,001 | INFO | Batch 110 | Loss: 0.1250 | Correct: 122/128 | Elapsed Time: 23.32s
2026-02-12 20:55:17,405 | INFO | Batch 120 | Loss: 0.0826 | Correct: 123/128 | Elapsed Time: 23.40s
2026-02-12 20:55:40,759 | INFO | Batch 130 | Loss: 0.0557 | Correct: 127/128 | Elapsed Time: 23.35s
2026-02-12 20:56:04,245 | INFO | Batch 140 | Loss: 0.1178 | Correct: 123/128 | Elapsed Time: 23.49s
2026-02-12 20:56:27,598 | INFO | Batch 150 | Loss: 0.1030 | Correct: 123/128 | Elapsed Time: 23.35s
2026-02-12 20:56:50,913 | INFO | Batch 160 | Loss: 0.1253 | Correct: 122/128 | Elapsed Time: 23.32s
2026-02-12 20:57:14,261 | INFO | Batch 170 | Loss: 0.2080 | Correct: 119/128 | Elapsed Time: 23.35s
2026-02-12 20:57:37,593 | INFO | Batch 180 | Loss: 0.1307 | Correct: 123/128 | Elapsed Time: 23.33s
2026-02-12 20:58:00,916 | INFO | Batch 190 | Loss: 0.0990 | Correct: 125/128 | Elapsed Time: 23.32s
2026-02-12 20:58:24,396 | INFO | Batch 200 | Loss: 0.1695 | Correct: 116/128 | Elapsed Time: 23.48s
2026-02-12 20:58:47,760 | INFO | Batch 210 | Loss: 0.1160 | Correct: 124/128 | Elapsed Time: 23.36s
2026-02-12 20:59:11,331 | INFO | Batch 220 | Loss: 0.0679 | Correct: 127/128 | Elapsed Time: 23.57s
2026-02-12 20:59:34,768 | INFO | Batch 230 | Loss: 0.1861 | Correct: 120/128 | Elapsed Time: 23.44s
2026-02-12 20:59:58,147 | INFO | Batch 240 | Loss: 0.0968 | Correct: 124/128 | Elapsed Time: 23.38s
2026-02-12 21:00:21,553 | INFO | Batch 250 | Loss: 0.0805 | Correct: 125/128 | Elapsed Time: 23.41s
2026-02-12 21:00:45,020 | INFO | Batch 260 | Loss: 0.1453 | Correct: 118/128 | Elapsed Time: 23.47s
2026-02-12 21:01:08,397 | INFO | Batch 270 | Loss: 0.0946 | Correct: 125/128 | Elapsed Time: 23.38s
2026-02-12 21:01:31,729 | INFO | Batch 280 | Loss: 0.0976 | Correct: 124/128 | Elapsed Time: 23.33s
2026-02-12 21:01:55,049 | INFO | Batch 290 | Loss: 0.1978 | Correct: 117/128 | Elapsed Time: 23.32s
2026-02-12 21:02:18,437 | INFO | Batch 300 | Loss: 0.1439 | Correct: 121/128 | Elapsed Time: 23.39s
2026-02-12 21:02:41,759 | INFO | Batch 310 | Loss: 0.1348 | Correct: 119/128 | Elapsed Time: 23.32s
2026-02-12 21:03:05,072 | INFO | Batch 320 | Loss: 0.0998 | Correct: 124/128 | Elapsed Time: 23.31s
2026-02-12 21:03:28,460 | INFO | Batch 330 | Loss: 0.1131 | Correct: 123/128 | Elapsed Time: 23.39s
2026-02-12 21:03:51,711 | INFO | Batch 340 | Loss: 0.1307 | Correct: 123/128 | Elapsed Time: 23.25s
2026-02-12 21:04:15,028 | INFO | Batch 350 | Loss: 0.1597 | Correct: 120/128 | Elapsed Time: 23.32s
2026-02-12 21:04:38,293 | INFO | Batch 360 | Loss: 0.1965 | Correct: 119/128 | Elapsed Time: 23.26s
2026-02-12 21:05:01,581 | INFO | Batch 370 | Loss: 0.0694 | Correct: 125/128 | Elapsed Time: 23.29s
2026-02-12 21:05:24,922 | INFO | Batch 380 | Loss: 0.0957 | Correct: 125/128 | Elapsed Time: 23.34s
2026-02-12 21:05:48,351 | INFO | Batch 390 | Loss: 0.1011 | Correct: 125/128 | Elapsed Time: 23.43s
2026-02-12 21:05:49,929 | INFO | Epoch [80/100] - Loss: 0.1238 | Correct: 47792/50000 (95.58%, 912.68s)
2026-02-12 21:07:00,691 | INFO | Validation - Loss: 0.4650 | Correct: 8698/10000 (86.98%) (70.76s)
2026-02-12 21:07:24,060 | INFO | Batch 10 | Loss: 0.0664 | Correct: 127/128 | Elapsed Time: 23.37s
2026-02-12 21:07:47,382 | INFO | Batch 20 | Loss: 0.1116 | Correct: 121/128 | Elapsed Time: 23.32s
2026-02-12 21:08:10,885 | INFO | Batch 30 | Loss: 0.1125 | Correct: 121/128 | Elapsed Time: 23.50s
2026-02-12 21:08:34,254 | INFO | Batch 40 | Loss: 0.1816 | Correct: 122/128 | Elapsed Time: 23.37s
2026-02-12 21:08:57,582 | INFO | Batch 50 | Loss: 0.1194 | Correct: 120/128 | Elapsed Time: 23.33s
2026-02-12 21:09:21,287 | INFO | Batch 60 | Loss: 0.1864 | Correct: 120/128 | Elapsed Time: 23.71s
2026-02-12 21:09:44,611 | INFO | Batch 70 | Loss: 0.1043 | Correct: 123/128 | Elapsed Time: 23.32s
2026-02-12 21:10:07,952 | INFO | Batch 80 | Loss: 0.0788 | Correct: 124/128 | Elapsed Time: 23.34s
2026-02-12 21:10:31,269 | INFO | Batch 90 | Loss: 0.1329 | Correct: 120/128 | Elapsed Time: 23.32s
2026-02-12 21:10:54,595 | INFO | Batch 100 | Loss: 0.0752 | Correct: 125/128 | Elapsed Time: 23.33s
2026-02-12 21:11:17,975 | INFO | Batch 110 | Loss: 0.1022 | Correct: 125/128 | Elapsed Time: 23.38s
2026-02-12 21:11:41,395 | INFO | Batch 120 | Loss: 0.0822 | Correct: 123/128 | Elapsed Time: 23.42s
2026-02-12 21:12:04,751 | INFO | Batch 130 | Loss: 0.2060 | Correct: 121/128 | Elapsed Time: 23.36s
2026-02-12 21:12:28,040 | INFO | Batch 140 | Loss: 0.1628 | Correct: 121/128 | Elapsed Time: 23.29s
2026-02-12 21:12:51,299 | INFO | Batch 150 | Loss: 0.1387 | Correct: 123/128 | Elapsed Time: 23.26s
2026-02-12 21:13:14,663 | INFO | Batch 160 | Loss: 0.1000 | Correct: 122/128 | Elapsed Time: 23.36s
2026-02-12 21:13:38,014 | INFO | Batch 170 | Loss: 0.1311 | Correct: 123/128 | Elapsed Time: 23.35s
2026-02-12 21:14:01,459 | INFO | Batch 180 | Loss: 0.1026 | Correct: 121/128 | Elapsed Time: 23.44s
2026-02-12 21:14:24,812 | INFO | Batch 190 | Loss: 0.1061 | Correct: 123/128 | Elapsed Time: 23.35s
2026-02-12 21:14:48,142 | INFO | Batch 200 | Loss: 0.1189 | Correct: 121/128 | Elapsed Time: 23.33s
2026-02-12 21:15:11,479 | INFO | Batch 210 | Loss: 0.0918 | Correct: 125/128 | Elapsed Time: 23.34s
2026-02-12 21:15:34,770 | INFO | Batch 220 | Loss: 0.1561 | Correct: 120/128 | Elapsed Time: 23.29s
2026-02-12 21:15:58,066 | INFO | Batch 230 | Loss: 0.0959 | Correct: 122/128 | Elapsed Time: 23.30s
2026-02-12 21:16:21,551 | INFO | Batch 240 | Loss: 0.0784 | Correct: 125/128 | Elapsed Time: 23.49s
2026-02-12 21:16:44,843 | INFO | Batch 250 | Loss: 0.0662 | Correct: 125/128 | Elapsed Time: 23.29s
2026-02-12 21:17:08,079 | INFO | Batch 260 | Loss: 0.1704 | Correct: 119/128 | Elapsed Time: 23.24s
2026-02-12 21:17:31,372 | INFO | Batch 270 | Loss: 0.1178 | Correct: 123/128 | Elapsed Time: 23.29s
2026-02-12 21:17:54,664 | INFO | Batch 280 | Loss: 0.0535 | Correct: 127/128 | Elapsed Time: 23.29s
2026-02-12 21:18:18,000 | INFO | Batch 290 | Loss: 0.1879 | Correct: 119/128 | Elapsed Time: 23.34s
2026-02-12 21:18:41,387 | INFO | Batch 300 | Loss: 0.1794 | Correct: 121/128 | Elapsed Time: 23.39s
2026-02-12 21:19:05,090 | INFO | Batch 310 | Loss: 0.1220 | Correct: 123/128 | Elapsed Time: 23.70s
2026-02-12 21:19:28,592 | INFO | Batch 320 | Loss: 0.1020 | Correct: 124/128 | Elapsed Time: 23.50s
2026-02-12 21:19:51,933 | INFO | Batch 330 | Loss: 0.1162 | Correct: 123/128 | Elapsed Time: 23.34s
2026-02-12 21:20:15,259 | INFO | Batch 340 | Loss: 0.0737 | Correct: 126/128 | Elapsed Time: 23.33s
2026-02-12 21:20:38,592 | INFO | Batch 350 | Loss: 0.1286 | Correct: 122/128 | Elapsed Time: 23.33s
2026-02-12 21:21:01,942 | INFO | Batch 360 | Loss: 0.1702 | Correct: 119/128 | Elapsed Time: 23.35s
2026-02-12 21:21:25,403 | INFO | Batch 370 | Loss: 0.1612 | Correct: 119/128 | Elapsed Time: 23.46s
2026-02-12 21:21:48,744 | INFO | Batch 380 | Loss: 0.0645 | Correct: 125/128 | Elapsed Time: 23.34s
2026-02-12 21:22:12,100 | INFO | Batch 390 | Loss: 0.1359 | Correct: 120/128 | Elapsed Time: 23.36s
2026-02-12 21:22:13,678 | INFO | Epoch [81/100] - Loss: 0.1220 | Correct: 47804/50000 (95.61%, 912.98s)
2026-02-12 21:23:24,465 | INFO | Validation - Loss: 0.4629 | Correct: 8691/10000 (86.91%) (70.79s)
2026-02-12 21:23:47,836 | INFO | Batch 10 | Loss: 0.1569 | Correct: 121/128 | Elapsed Time: 23.37s
2026-02-12 21:24:11,200 | INFO | Batch 20 | Loss: 0.1586 | Correct: 122/128 | Elapsed Time: 23.36s
2026-02-12 21:24:34,494 | INFO | Batch 30 | Loss: 0.0909 | Correct: 124/128 | Elapsed Time: 23.29s
2026-02-12 21:24:57,884 | INFO | Batch 40 | Loss: 0.2122 | Correct: 115/128 | Elapsed Time: 23.39s
2026-02-12 21:25:21,335 | INFO | Batch 50 | Loss: 0.1433 | Correct: 119/128 | Elapsed Time: 23.45s
2026-02-12 21:25:44,754 | INFO | Batch 60 | Loss: 0.1365 | Correct: 119/128 | Elapsed Time: 23.42s
2026-02-12 21:26:08,286 | INFO | Batch 70 | Loss: 0.0924 | Correct: 124/128 | Elapsed Time: 23.53s
2026-02-12 21:26:31,807 | INFO | Batch 80 | Loss: 0.1001 | Correct: 122/128 | Elapsed Time: 23.52s
2026-02-12 21:26:55,313 | INFO | Batch 90 | Loss: 0.1068 | Correct: 123/128 | Elapsed Time: 23.51s
2026-02-12 21:27:18,928 | INFO | Batch 100 | Loss: 0.1023 | Correct: 125/128 | Elapsed Time: 23.62s
2026-02-12 21:27:42,459 | INFO | Batch 110 | Loss: 0.1215 | Correct: 122/128 | Elapsed Time: 23.53s
2026-02-12 21:28:05,942 | INFO | Batch 120 | Loss: 0.1274 | Correct: 122/128 | Elapsed Time: 23.48s
2026-02-12 21:28:29,363 | INFO | Batch 130 | Loss: 0.0618 | Correct: 125/128 | Elapsed Time: 23.42s
2026-02-12 21:28:52,793 | INFO | Batch 140 | Loss: 0.1096 | Correct: 125/128 | Elapsed Time: 23.43s
2026-02-12 21:29:16,766 | INFO | Batch 150 | Loss: 0.0764 | Correct: 125/128 | Elapsed Time: 23.97s
2026-02-12 21:29:40,278 | INFO | Batch 160 | Loss: 0.0864 | Correct: 124/128 | Elapsed Time: 23.51s
2026-02-12 21:30:03,653 | INFO | Batch 170 | Loss: 0.1309 | Correct: 121/128 | Elapsed Time: 23.37s
2026-02-12 21:30:27,040 | INFO | Batch 180 | Loss: 0.0887 | Correct: 125/128 | Elapsed Time: 23.39s
2026-02-12 21:30:50,476 | INFO | Batch 190 | Loss: 0.1199 | Correct: 124/128 | Elapsed Time: 23.44s
2026-02-12 21:31:13,907 | INFO | Batch 200 | Loss: 0.1243 | Correct: 120/128 | Elapsed Time: 23.43s
2026-02-12 21:31:37,412 | INFO | Batch 210 | Loss: 0.0786 | Correct: 126/128 | Elapsed Time: 23.50s
2026-02-12 21:32:01,028 | INFO | Batch 220 | Loss: 0.2074 | Correct: 117/128 | Elapsed Time: 23.62s
2026-02-12 21:32:24,467 | INFO | Batch 230 | Loss: 0.1135 | Correct: 121/128 | Elapsed Time: 23.44s
2026-02-12 21:32:47,938 | INFO | Batch 240 | Loss: 0.1554 | Correct: 121/128 | Elapsed Time: 23.47s
2026-02-12 21:33:11,386 | INFO | Batch 250 | Loss: 0.1749 | Correct: 122/128 | Elapsed Time: 23.45s
2026-02-12 21:33:34,782 | INFO | Batch 260 | Loss: 0.1008 | Correct: 122/128 | Elapsed Time: 23.40s
2026-02-12 21:33:58,153 | INFO | Batch 270 | Loss: 0.1907 | Correct: 122/128 | Elapsed Time: 23.37s
2026-02-12 21:34:21,688 | INFO | Batch 280 | Loss: 0.1519 | Correct: 121/128 | Elapsed Time: 23.53s
2026-02-12 21:34:45,083 | INFO | Batch 290 | Loss: 0.1704 | Correct: 121/128 | Elapsed Time: 23.40s
2026-02-12 21:35:08,767 | INFO | Batch 300 | Loss: 0.1187 | Correct: 123/128 | Elapsed Time: 23.68s
2026-02-12 21:35:32,376 | INFO | Batch 310 | Loss: 0.2246 | Correct: 119/128 | Elapsed Time: 23.61s
2026-02-12 21:35:55,853 | INFO | Batch 320 | Loss: 0.0891 | Correct: 124/128 | Elapsed Time: 23.48s
2026-02-12 21:36:19,282 | INFO | Batch 330 | Loss: 0.1024 | Correct: 124/128 | Elapsed Time: 23.43s
2026-02-12 21:36:42,738 | INFO | Batch 340 | Loss: 0.0655 | Correct: 125/128 | Elapsed Time: 23.46s
2026-02-12 21:37:06,297 | INFO | Batch 350 | Loss: 0.0759 | Correct: 124/128 | Elapsed Time: 23.56s
2026-02-12 21:37:29,668 | INFO | Batch 360 | Loss: 0.0964 | Correct: 121/128 | Elapsed Time: 23.37s
2026-02-12 21:37:53,050 | INFO | Batch 370 | Loss: 0.1068 | Correct: 122/128 | Elapsed Time: 23.38s
2026-02-12 21:38:16,430 | INFO | Batch 380 | Loss: 0.1098 | Correct: 123/128 | Elapsed Time: 23.38s
2026-02-12 21:38:39,805 | INFO | Batch 390 | Loss: 0.1437 | Correct: 122/128 | Elapsed Time: 23.38s
2026-02-12 21:38:41,376 | INFO | Epoch [82/100] - Loss: 0.1274 | Correct: 47685/50000 (95.37%, 916.91s)
2026-02-12 21:39:52,682 | INFO | Validation - Loss: 0.4623 | Correct: 8703/10000 (87.03%) (71.31s)
2026-02-12 21:40:16,156 | INFO | Batch 10 | Loss: 0.1714 | Correct: 116/128 | Elapsed Time: 23.47s
2026-02-12 21:40:39,484 | INFO | Batch 20 | Loss: 0.1179 | Correct: 123/128 | Elapsed Time: 23.33s
2026-02-12 21:41:02,882 | INFO | Batch 30 | Loss: 0.0771 | Correct: 124/128 | Elapsed Time: 23.40s
2026-02-12 21:41:26,283 | INFO | Batch 40 | Loss: 0.1761 | Correct: 119/128 | Elapsed Time: 23.40s
2026-02-12 21:41:49,666 | INFO | Batch 50 | Loss: 0.1225 | Correct: 122/128 | Elapsed Time: 23.38s
2026-02-12 21:42:13,060 | INFO | Batch 60 | Loss: 0.0575 | Correct: 127/128 | Elapsed Time: 23.39s
2026-02-12 21:42:36,361 | INFO | Batch 70 | Loss: 0.2142 | Correct: 119/128 | Elapsed Time: 23.30s
2026-02-12 21:42:59,716 | INFO | Batch 80 | Loss: 0.1093 | Correct: 124/128 | Elapsed Time: 23.35s
2026-02-12 21:43:23,077 | INFO | Batch 90 | Loss: 0.1302 | Correct: 123/128 | Elapsed Time: 23.36s
2026-02-12 21:43:46,360 | INFO | Batch 100 | Loss: 0.1027 | Correct: 122/128 | Elapsed Time: 23.28s
2026-02-12 21:44:09,736 | INFO | Batch 110 | Loss: 0.0900 | Correct: 124/128 | Elapsed Time: 23.38s
2026-02-12 21:44:33,077 | INFO | Batch 120 | Loss: 0.0610 | Correct: 127/128 | Elapsed Time: 23.34s
2026-02-12 21:44:56,432 | INFO | Batch 130 | Loss: 0.1038 | Correct: 124/128 | Elapsed Time: 23.35s
2026-02-12 21:45:19,837 | INFO | Batch 140 | Loss: 0.0575 | Correct: 126/128 | Elapsed Time: 23.40s
2026-02-12 21:45:43,182 | INFO | Batch 150 | Loss: 0.1276 | Correct: 121/128 | Elapsed Time: 23.34s
2026-02-12 21:46:06,550 | INFO | Batch 160 | Loss: 0.1108 | Correct: 124/128 | Elapsed Time: 23.37s
2026-02-12 21:46:29,888 | INFO | Batch 170 | Loss: 0.1179 | Correct: 122/128 | Elapsed Time: 23.34s
2026-02-12 21:46:53,263 | INFO | Batch 180 | Loss: 0.1641 | Correct: 119/128 | Elapsed Time: 23.37s
2026-02-12 21:47:16,714 | INFO | Batch 190 | Loss: 0.0921 | Correct: 122/128 | Elapsed Time: 23.45s
2026-02-12 21:47:40,204 | INFO | Batch 200 | Loss: 0.0825 | Correct: 125/128 | Elapsed Time: 23.49s
2026-02-12 21:48:03,594 | INFO | Batch 210 | Loss: 0.1123 | Correct: 125/128 | Elapsed Time: 23.39s
2026-02-12 21:48:26,972 | INFO | Batch 220 | Loss: 0.0756 | Correct: 125/128 | Elapsed Time: 23.38s
2026-02-12 21:48:50,389 | INFO | Batch 230 | Loss: 0.1773 | Correct: 120/128 | Elapsed Time: 23.42s
2026-02-12 21:49:14,319 | INFO | Batch 240 | Loss: 0.1836 | Correct: 121/128 | Elapsed Time: 23.93s
2026-02-12 21:49:38,058 | INFO | Batch 250 | Loss: 0.0675 | Correct: 126/128 | Elapsed Time: 23.74s
2026-02-12 21:50:02,295 | INFO | Batch 260 | Loss: 0.0919 | Correct: 125/128 | Elapsed Time: 24.24s
2026-02-12 21:50:26,351 | INFO | Batch 270 | Loss: 0.1277 | Correct: 121/128 | Elapsed Time: 24.06s
2026-02-12 21:50:50,407 | INFO | Batch 280 | Loss: 0.1739 | Correct: 120/128 | Elapsed Time: 24.06s
2026-02-12 21:51:14,615 | INFO | Batch 290 | Loss: 0.1064 | Correct: 122/128 | Elapsed Time: 24.21s
2026-02-12 21:51:38,665 | INFO | Batch 300 | Loss: 0.1441 | Correct: 121/128 | Elapsed Time: 24.05s
2026-02-12 21:52:02,711 | INFO | Batch 310 | Loss: 0.1659 | Correct: 119/128 | Elapsed Time: 24.05s
2026-02-12 21:52:26,803 | INFO | Batch 320 | Loss: 0.1797 | Correct: 119/128 | Elapsed Time: 24.09s
2026-02-12 21:52:50,729 | INFO | Batch 330 | Loss: 0.0666 | Correct: 127/128 | Elapsed Time: 23.93s
2026-02-12 21:53:14,777 | INFO | Batch 340 | Loss: 0.1531 | Correct: 122/128 | Elapsed Time: 24.05s
2026-02-12 21:53:38,823 | INFO | Batch 350 | Loss: 0.1076 | Correct: 124/128 | Elapsed Time: 24.05s
2026-02-12 21:54:02,900 | INFO | Batch 360 | Loss: 0.1264 | Correct: 122/128 | Elapsed Time: 24.08s
2026-02-12 21:54:26,718 | INFO | Batch 370 | Loss: 0.1107 | Correct: 124/128 | Elapsed Time: 23.82s
2026-02-12 21:54:50,810 | INFO | Batch 380 | Loss: 0.0846 | Correct: 124/128 | Elapsed Time: 24.09s
2026-02-12 21:55:14,959 | INFO | Batch 390 | Loss: 0.1057 | Correct: 125/128 | Elapsed Time: 24.15s
2026-02-12 21:55:16,605 | INFO | Epoch [83/100] - Loss: 0.1206 | Correct: 47821/50000 (95.64%, 923.92s)
2026-02-12 21:56:30,502 | INFO | Validation - Loss: 0.4653 | Correct: 8713/10000 (87.13%) (73.90s)
2026-02-12 21:56:54,371 | INFO | Batch 10 | Loss: 0.0651 | Correct: 126/128 | Elapsed Time: 23.87s
2026-02-12 21:57:18,363 | INFO | Batch 20 | Loss: 0.0947 | Correct: 125/128 | Elapsed Time: 23.99s
2026-02-12 21:57:42,371 | INFO | Batch 30 | Loss: 0.1973 | Correct: 123/128 | Elapsed Time: 24.01s
2026-02-12 21:58:06,622 | INFO | Batch 40 | Loss: 0.1580 | Correct: 119/128 | Elapsed Time: 24.25s
2026-02-12 21:58:30,599 | INFO | Batch 50 | Loss: 0.2228 | Correct: 120/128 | Elapsed Time: 23.98s
2026-02-12 21:58:54,730 | INFO | Batch 60 | Loss: 0.2005 | Correct: 119/128 | Elapsed Time: 24.13s
2026-02-12 21:59:19,159 | INFO | Batch 70 | Loss: 0.1295 | Correct: 120/128 | Elapsed Time: 24.43s
2026-02-12 21:59:43,061 | INFO | Batch 80 | Loss: 0.0880 | Correct: 123/128 | Elapsed Time: 23.90s
2026-02-12 22:00:06,979 | INFO | Batch 90 | Loss: 0.1258 | Correct: 123/128 | Elapsed Time: 23.92s
2026-02-12 22:00:31,150 | INFO | Batch 100 | Loss: 0.0735 | Correct: 125/128 | Elapsed Time: 24.17s
2026-02-12 22:00:55,145 | INFO | Batch 110 | Loss: 0.0765 | Correct: 126/128 | Elapsed Time: 23.99s
2026-02-12 22:01:19,275 | INFO | Batch 120 | Loss: 0.1079 | Correct: 123/128 | Elapsed Time: 24.13s
2026-02-12 22:01:43,304 | INFO | Batch 130 | Loss: 0.0934 | Correct: 126/128 | Elapsed Time: 24.03s
2026-02-12 22:02:07,285 | INFO | Batch 140 | Loss: 0.1218 | Correct: 123/128 | Elapsed Time: 23.98s
2026-02-12 22:02:31,200 | INFO | Batch 150 | Loss: 0.0702 | Correct: 124/128 | Elapsed Time: 23.91s
2026-02-12 22:02:55,136 | INFO | Batch 160 | Loss: 0.0867 | Correct: 125/128 | Elapsed Time: 23.94s
2026-02-12 22:03:19,175 | INFO | Batch 170 | Loss: 0.1323 | Correct: 123/128 | Elapsed Time: 24.04s
2026-02-12 22:03:43,163 | INFO | Batch 180 | Loss: 0.1593 | Correct: 121/128 | Elapsed Time: 23.99s
2026-02-12 22:04:07,208 | INFO | Batch 190 | Loss: 0.2262 | Correct: 116/128 | Elapsed Time: 24.05s
2026-02-12 22:04:31,022 | INFO | Batch 200 | Loss: 0.1414 | Correct: 121/128 | Elapsed Time: 23.81s
2026-02-12 22:04:55,082 | INFO | Batch 210 | Loss: 0.1557 | Correct: 122/128 | Elapsed Time: 24.06s
2026-02-12 22:05:19,262 | INFO | Batch 220 | Loss: 0.1780 | Correct: 118/128 | Elapsed Time: 24.18s
2026-02-12 22:05:43,314 | INFO | Batch 230 | Loss: 0.0726 | Correct: 125/128 | Elapsed Time: 24.05s
2026-02-12 22:06:07,416 | INFO | Batch 240 | Loss: 0.1270 | Correct: 121/128 | Elapsed Time: 24.10s
2026-02-12 22:06:31,429 | INFO | Batch 250 | Loss: 0.0767 | Correct: 125/128 | Elapsed Time: 24.01s
2026-02-12 22:06:55,471 | INFO | Batch 260 | Loss: 0.1465 | Correct: 123/128 | Elapsed Time: 24.04s
2026-02-12 22:07:19,487 | INFO | Batch 270 | Loss: 0.1930 | Correct: 120/128 | Elapsed Time: 24.02s
2026-02-12 22:07:43,595 | INFO | Batch 280 | Loss: 0.1264 | Correct: 121/128 | Elapsed Time: 24.11s
2026-02-12 22:08:07,621 | INFO | Batch 290 | Loss: 0.1864 | Correct: 122/128 | Elapsed Time: 24.03s
2026-02-12 22:08:31,690 | INFO | Batch 300 | Loss: 0.1904 | Correct: 120/128 | Elapsed Time: 24.07s
2026-02-12 22:08:55,716 | INFO | Batch 310 | Loss: 0.1525 | Correct: 119/128 | Elapsed Time: 24.03s
2026-02-12 22:09:20,091 | INFO | Batch 320 | Loss: 0.0738 | Correct: 125/128 | Elapsed Time: 24.38s
2026-02-12 22:09:44,131 | INFO | Batch 330 | Loss: 0.1156 | Correct: 124/128 | Elapsed Time: 24.04s
2026-02-12 22:10:08,190 | INFO | Batch 340 | Loss: 0.1217 | Correct: 122/128 | Elapsed Time: 24.06s
2026-02-12 22:10:32,051 | INFO | Batch 350 | Loss: 0.1487 | Correct: 120/128 | Elapsed Time: 23.86s
2026-02-12 22:10:55,493 | INFO | Batch 360 | Loss: 0.1846 | Correct: 117/128 | Elapsed Time: 23.44s
2026-02-12 22:11:19,608 | INFO | Batch 370 | Loss: 0.1055 | Correct: 123/128 | Elapsed Time: 24.11s
2026-02-12 22:11:43,720 | INFO | Batch 380 | Loss: 0.1517 | Correct: 120/128 | Elapsed Time: 24.11s
2026-02-12 22:12:07,813 | INFO | Batch 390 | Loss: 0.0602 | Correct: 127/128 | Elapsed Time: 24.09s
2026-02-12 22:12:09,486 | INFO | Epoch [84/100] - Loss: 0.1245 | Correct: 47805/50000 (95.61%, 938.98s)
2026-02-12 22:13:23,222 | INFO | Validation - Loss: 0.4647 | Correct: 8715/10000 (87.15%) (73.73s)
2026-02-12 22:13:47,238 | INFO | Batch 10 | Loss: 0.1604 | Correct: 122/128 | Elapsed Time: 24.01s
2026-02-12 22:14:11,395 | INFO | Batch 20 | Loss: 0.1084 | Correct: 124/128 | Elapsed Time: 24.16s
2026-02-12 22:14:35,374 | INFO | Batch 30 | Loss: 0.1595 | Correct: 119/128 | Elapsed Time: 23.98s
2026-02-12 22:14:59,509 | INFO | Batch 40 | Loss: 0.2207 | Correct: 117/128 | Elapsed Time: 24.13s
2026-02-12 22:15:23,658 | INFO | Batch 50 | Loss: 0.0849 | Correct: 125/128 | Elapsed Time: 24.15s
2026-02-12 22:15:47,724 | INFO | Batch 60 | Loss: 0.1469 | Correct: 122/128 | Elapsed Time: 24.07s
2026-02-12 22:16:11,709 | INFO | Batch 70 | Loss: 0.1397 | Correct: 122/128 | Elapsed Time: 23.98s
2026-02-12 22:16:35,681 | INFO | Batch 80 | Loss: 0.1087 | Correct: 125/128 | Elapsed Time: 23.97s
2026-02-12 22:16:59,781 | INFO | Batch 90 | Loss: 0.2293 | Correct: 116/128 | Elapsed Time: 24.10s
2026-02-12 22:17:23,941 | INFO | Batch 100 | Loss: 0.1255 | Correct: 123/128 | Elapsed Time: 24.16s
2026-02-12 22:17:48,071 | INFO | Batch 110 | Loss: 0.0667 | Correct: 127/128 | Elapsed Time: 24.13s
2026-02-12 22:18:12,062 | INFO | Batch 120 | Loss: 0.1235 | Correct: 124/128 | Elapsed Time: 23.99s
2026-02-12 22:18:36,179 | INFO | Batch 130 | Loss: 0.1067 | Correct: 123/128 | Elapsed Time: 24.12s
2026-02-12 22:19:00,238 | INFO | Batch 140 | Loss: 0.0827 | Correct: 125/128 | Elapsed Time: 24.06s
2026-02-12 22:19:24,692 | INFO | Batch 150 | Loss: 0.0887 | Correct: 124/128 | Elapsed Time: 24.45s
2026-02-12 22:19:48,884 | INFO | Batch 160 | Loss: 0.1768 | Correct: 119/128 | Elapsed Time: 24.19s
2026-02-12 22:20:13,037 | INFO | Batch 170 | Loss: 0.0712 | Correct: 125/128 | Elapsed Time: 24.15s
2026-02-12 22:20:37,014 | INFO | Batch 180 | Loss: 0.1186 | Correct: 123/128 | Elapsed Time: 23.98s
2026-02-12 22:21:01,127 | INFO | Batch 190 | Loss: 0.0946 | Correct: 124/128 | Elapsed Time: 24.11s
2026-02-12 22:21:24,840 | INFO | Batch 200 | Loss: 0.0671 | Correct: 126/128 | Elapsed Time: 23.71s
2026-02-12 22:21:48,849 | INFO | Batch 210 | Loss: 0.1889 | Correct: 119/128 | Elapsed Time: 24.01s
2026-02-12 22:22:12,952 | INFO | Batch 220 | Loss: 0.0903 | Correct: 125/128 | Elapsed Time: 24.10s
2026-02-12 22:22:36,814 | INFO | Batch 230 | Loss: 0.2483 | Correct: 116/128 | Elapsed Time: 23.86s
2026-02-12 22:23:00,956 | INFO | Batch 240 | Loss: 0.1277 | Correct: 122/128 | Elapsed Time: 24.14s
2026-02-12 22:23:24,923 | INFO | Batch 250 | Loss: 0.1063 | Correct: 124/128 | Elapsed Time: 23.97s
2026-02-12 22:23:49,044 | INFO | Batch 260 | Loss: 0.1283 | Correct: 120/128 | Elapsed Time: 24.12s
2026-02-12 22:24:13,043 | INFO | Batch 270 | Loss: 0.1423 | Correct: 122/128 | Elapsed Time: 24.00s
2026-02-12 22:24:37,114 | INFO | Batch 280 | Loss: 0.0651 | Correct: 125/128 | Elapsed Time: 24.07s
2026-02-12 22:25:01,190 | INFO | Batch 290 | Loss: 0.1989 | Correct: 119/128 | Elapsed Time: 24.08s
2026-02-12 22:25:25,175 | INFO | Batch 300 | Loss: 0.1079 | Correct: 123/128 | Elapsed Time: 23.99s
2026-02-12 22:25:49,158 | INFO | Batch 310 | Loss: 0.2280 | Correct: 118/128 | Elapsed Time: 23.98s
2026-02-12 22:26:13,261 | INFO | Batch 320 | Loss: 0.1677 | Correct: 119/128 | Elapsed Time: 24.10s
2026-02-12 22:26:37,177 | INFO | Batch 330 | Loss: 0.1601 | Correct: 121/128 | Elapsed Time: 23.92s
2026-02-12 22:27:00,964 | INFO | Batch 340 | Loss: 0.1632 | Correct: 119/128 | Elapsed Time: 23.79s
2026-02-12 22:27:25,093 | INFO | Batch 350 | Loss: 0.1401 | Correct: 119/128 | Elapsed Time: 24.13s
2026-02-12 22:27:49,210 | INFO | Batch 360 | Loss: 0.1098 | Correct: 122/128 | Elapsed Time: 24.12s
2026-02-12 22:28:13,272 | INFO | Batch 370 | Loss: 0.0998 | Correct: 125/128 | Elapsed Time: 24.06s
2026-02-12 22:28:37,100 | INFO | Batch 380 | Loss: 0.1634 | Correct: 123/128 | Elapsed Time: 23.83s
2026-02-12 22:29:01,092 | INFO | Batch 390 | Loss: 0.1183 | Correct: 120/128 | Elapsed Time: 23.99s
2026-02-12 22:29:02,787 | INFO | Epoch [85/100] - Loss: 0.1232 | Correct: 47779/50000 (95.56%, 939.56s)
2026-02-12 22:30:17,060 | INFO | Validation - Loss: 0.4645 | Correct: 8697/10000 (86.97%) (74.27s)
2026-02-12 22:30:41,146 | INFO | Batch 10 | Loss: 0.1695 | Correct: 118/128 | Elapsed Time: 24.08s
2026-02-12 22:31:05,190 | INFO | Batch 20 | Loss: 0.1250 | Correct: 120/128 | Elapsed Time: 24.04s
2026-02-12 22:31:29,214 | INFO | Batch 30 | Loss: 0.1149 | Correct: 122/128 | Elapsed Time: 24.02s
2026-02-12 22:31:53,173 | INFO | Batch 40 | Loss: 0.1242 | Correct: 125/128 | Elapsed Time: 23.96s
2026-02-12 22:32:16,731 | INFO | Batch 50 | Loss: 0.1567 | Correct: 119/128 | Elapsed Time: 23.56s
2026-02-12 22:32:40,756 | INFO | Batch 60 | Loss: 0.1780 | Correct: 119/128 | Elapsed Time: 24.03s
2026-02-12 22:33:04,775 | INFO | Batch 70 | Loss: 0.1024 | Correct: 123/128 | Elapsed Time: 24.02s
2026-02-12 22:33:28,942 | INFO | Batch 80 | Loss: 0.0807 | Correct: 126/128 | Elapsed Time: 24.17s
2026-02-12 22:33:52,911 | INFO | Batch 90 | Loss: 0.1055 | Correct: 125/128 | Elapsed Time: 23.97s
2026-02-12 22:34:16,862 | INFO | Batch 100 | Loss: 0.0937 | Correct: 126/128 | Elapsed Time: 23.95s
2026-02-12 22:34:40,785 | INFO | Batch 110 | Loss: 0.0772 | Correct: 125/128 | Elapsed Time: 23.92s
2026-02-12 22:35:04,825 | INFO | Batch 120 | Loss: 0.1751 | Correct: 119/128 | Elapsed Time: 24.04s
2026-02-12 22:35:28,847 | INFO | Batch 130 | Loss: 0.1902 | Correct: 118/128 | Elapsed Time: 24.02s
2026-02-12 22:35:52,823 | INFO | Batch 140 | Loss: 0.0831 | Correct: 127/128 | Elapsed Time: 23.98s
2026-02-12 22:36:16,858 | INFO | Batch 150 | Loss: 0.1688 | Correct: 122/128 | Elapsed Time: 24.04s
2026-02-12 22:36:40,964 | INFO | Batch 160 | Loss: 0.1247 | Correct: 121/128 | Elapsed Time: 24.11s
2026-02-12 22:37:05,034 | INFO | Batch 170 | Loss: 0.1684 | Correct: 123/128 | Elapsed Time: 24.07s
2026-02-12 22:37:29,037 | INFO | Batch 180 | Loss: 0.1348 | Correct: 119/128 | Elapsed Time: 24.00s
2026-02-12 22:37:52,972 | INFO | Batch 190 | Loss: 0.1171 | Correct: 123/128 | Elapsed Time: 23.93s
2026-02-12 22:38:17,175 | INFO | Batch 200 | Loss: 0.1293 | Correct: 123/128 | Elapsed Time: 24.20s
2026-02-12 22:38:41,125 | INFO | Batch 210 | Loss: 0.0885 | Correct: 124/128 | Elapsed Time: 23.95s
2026-02-12 22:39:05,497 | INFO | Batch 220 | Loss: 0.1959 | Correct: 118/128 | Elapsed Time: 24.37s
2026-02-12 22:39:29,590 | INFO | Batch 230 | Loss: 0.0396 | Correct: 127/128 | Elapsed Time: 24.09s
2026-02-12 22:39:53,570 | INFO | Batch 240 | Loss: 0.0804 | Correct: 125/128 | Elapsed Time: 23.98s
2026-02-12 22:40:17,610 | INFO | Batch 250 | Loss: 0.0804 | Correct: 125/128 | Elapsed Time: 24.04s
2026-02-12 22:40:41,905 | INFO | Batch 260 | Loss: 0.0928 | Correct: 123/128 | Elapsed Time: 24.30s
2026-02-12 22:41:05,863 | INFO | Batch 270 | Loss: 0.1175 | Correct: 124/128 | Elapsed Time: 23.96s
2026-02-12 22:41:30,033 | INFO | Batch 280 | Loss: 0.1099 | Correct: 125/128 | Elapsed Time: 24.17s
2026-02-12 22:41:54,095 | INFO | Batch 290 | Loss: 0.0746 | Correct: 126/128 | Elapsed Time: 24.06s
2026-02-12 22:42:18,248 | INFO | Batch 300 | Loss: 0.1702 | Correct: 121/128 | Elapsed Time: 24.15s
2026-02-12 22:42:42,011 | INFO | Batch 310 | Loss: 0.1228 | Correct: 123/128 | Elapsed Time: 23.76s
2026-02-12 22:43:06,011 | INFO | Batch 320 | Loss: 0.0759 | Correct: 125/128 | Elapsed Time: 24.00s
2026-02-12 22:43:29,963 | INFO | Batch 330 | Loss: 0.1565 | Correct: 121/128 | Elapsed Time: 23.95s
2026-02-12 22:43:53,327 | INFO | Batch 340 | Loss: 0.1043 | Correct: 122/128 | Elapsed Time: 23.36s
2026-02-12 22:44:16,702 | INFO | Batch 350 | Loss: 0.2296 | Correct: 119/128 | Elapsed Time: 23.37s
2026-02-12 22:44:40,051 | INFO | Batch 360 | Loss: 0.1137 | Correct: 123/128 | Elapsed Time: 23.35s
2026-02-12 22:45:03,454 | INFO | Batch 370 | Loss: 0.1092 | Correct: 123/128 | Elapsed Time: 23.40s
2026-02-12 22:45:26,813 | INFO | Batch 380 | Loss: 0.1369 | Correct: 122/128 | Elapsed Time: 23.36s
2026-02-12 22:45:50,282 | INFO | Batch 390 | Loss: 0.0923 | Correct: 123/128 | Elapsed Time: 23.47s
2026-02-12 22:45:51,855 | INFO | Epoch [86/100] - Loss: 0.1242 | Correct: 47802/50000 (95.60%, 934.79s)
2026-02-12 22:47:02,853 | INFO | Validation - Loss: 0.4649 | Correct: 8712/10000 (87.12%) (71.00s)
2026-02-12 22:47:26,153 | INFO | Batch 10 | Loss: 0.0811 | Correct: 124/128 | Elapsed Time: 23.30s
2026-02-12 22:47:49,502 | INFO | Batch 20 | Loss: 0.0976 | Correct: 122/128 | Elapsed Time: 23.35s
2026-02-12 22:48:12,808 | INFO | Batch 30 | Loss: 0.0845 | Correct: 127/128 | Elapsed Time: 23.31s
2026-02-12 22:48:36,131 | INFO | Batch 40 | Loss: 0.1491 | Correct: 119/128 | Elapsed Time: 23.32s
2026-02-12 22:48:59,429 | INFO | Batch 50 | Loss: 0.0812 | Correct: 124/128 | Elapsed Time: 23.30s
2026-02-12 22:49:23,463 | INFO | Batch 60 | Loss: 0.0817 | Correct: 123/128 | Elapsed Time: 24.03s
2026-02-12 22:49:46,786 | INFO | Batch 70 | Loss: 0.1277 | Correct: 122/128 | Elapsed Time: 23.32s
2026-02-12 22:50:10,184 | INFO | Batch 80 | Loss: 0.1083 | Correct: 124/128 | Elapsed Time: 23.40s
2026-02-12 22:50:33,532 | INFO | Batch 90 | Loss: 0.1323 | Correct: 120/128 | Elapsed Time: 23.35s
2026-02-12 22:50:56,905 | INFO | Batch 100 | Loss: 0.0629 | Correct: 126/128 | Elapsed Time: 23.37s
2026-02-12 22:51:20,304 | INFO | Batch 110 | Loss: 0.2213 | Correct: 117/128 | Elapsed Time: 23.40s
2026-02-12 22:51:43,745 | INFO | Batch 120 | Loss: 0.1253 | Correct: 122/128 | Elapsed Time: 23.44s
2026-02-12 22:52:07,075 | INFO | Batch 130 | Loss: 0.0953 | Correct: 123/128 | Elapsed Time: 23.33s
2026-02-12 22:52:30,380 | INFO | Batch 140 | Loss: 0.1688 | Correct: 118/128 | Elapsed Time: 23.31s
2026-02-12 22:52:53,795 | INFO | Batch 150 | Loss: 0.0852 | Correct: 125/128 | Elapsed Time: 23.41s
2026-02-12 22:53:17,238 | INFO | Batch 160 | Loss: 0.0947 | Correct: 123/128 | Elapsed Time: 23.44s
2026-02-12 22:53:40,596 | INFO | Batch 170 | Loss: 0.2105 | Correct: 119/128 | Elapsed Time: 23.36s
2026-02-12 22:54:04,056 | INFO | Batch 180 | Loss: 0.0673 | Correct: 126/128 | Elapsed Time: 23.46s
2026-02-12 22:54:27,444 | INFO | Batch 190 | Loss: 0.1338 | Correct: 121/128 | Elapsed Time: 23.39s
2026-02-12 22:54:50,830 | INFO | Batch 200 | Loss: 0.0914 | Correct: 125/128 | Elapsed Time: 23.39s
2026-02-12 22:55:14,183 | INFO | Batch 210 | Loss: 0.0764 | Correct: 126/128 | Elapsed Time: 23.35s
2026-02-12 22:55:37,605 | INFO | Batch 220 | Loss: 0.0731 | Correct: 126/128 | Elapsed Time: 23.42s
2026-02-12 22:56:01,159 | INFO | Batch 230 | Loss: 0.1546 | Correct: 122/128 | Elapsed Time: 23.55s
2026-02-12 22:56:24,773 | INFO | Batch 240 | Loss: 0.0654 | Correct: 126/128 | Elapsed Time: 23.61s
2026-02-12 22:56:48,299 | INFO | Batch 250 | Loss: 0.1455 | Correct: 122/128 | Elapsed Time: 23.53s
2026-02-12 22:57:11,814 | INFO | Batch 260 | Loss: 0.1707 | Correct: 120/128 | Elapsed Time: 23.51s
2026-02-12 22:57:35,246 | INFO | Batch 270 | Loss: 0.0969 | Correct: 122/128 | Elapsed Time: 23.43s
2026-02-12 22:57:58,673 | INFO | Batch 280 | Loss: 0.1414 | Correct: 122/128 | Elapsed Time: 23.43s
2026-02-12 22:58:22,187 | INFO | Batch 290 | Loss: 0.1321 | Correct: 123/128 | Elapsed Time: 23.51s
2026-02-12 22:58:45,828 | INFO | Batch 300 | Loss: 0.0911 | Correct: 123/128 | Elapsed Time: 23.64s
2026-02-12 22:59:09,699 | INFO | Batch 310 | Loss: 0.1601 | Correct: 121/128 | Elapsed Time: 23.87s
2026-02-12 22:59:33,201 | INFO | Batch 320 | Loss: 0.0818 | Correct: 125/128 | Elapsed Time: 23.50s
2026-02-12 22:59:56,663 | INFO | Batch 330 | Loss: 0.1777 | Correct: 119/128 | Elapsed Time: 23.46s
2026-02-12 23:00:20,001 | INFO | Batch 340 | Loss: 0.1055 | Correct: 124/128 | Elapsed Time: 23.34s
2026-02-12 23:00:43,359 | INFO | Batch 350 | Loss: 0.1437 | Correct: 121/128 | Elapsed Time: 23.36s
2026-02-12 23:01:06,759 | INFO | Batch 360 | Loss: 0.1619 | Correct: 121/128 | Elapsed Time: 23.40s
2026-02-12 23:01:30,227 | INFO | Batch 370 | Loss: 0.0976 | Correct: 124/128 | Elapsed Time: 23.47s
2026-02-12 23:01:53,618 | INFO | Batch 380 | Loss: 0.0907 | Correct: 123/128 | Elapsed Time: 23.39s
2026-02-12 23:02:17,089 | INFO | Batch 390 | Loss: 0.1534 | Correct: 119/128 | Elapsed Time: 23.47s
2026-02-12 23:02:18,670 | INFO | Epoch [87/100] - Loss: 0.1218 | Correct: 47787/50000 (95.57%, 915.81s)
2026-02-12 23:03:29,659 | INFO | Validation - Loss: 0.4598 | Correct: 8710/10000 (87.10%) (70.99s)
2026-02-12 23:03:53,075 | INFO | Batch 10 | Loss: 0.1395 | Correct: 122/128 | Elapsed Time: 23.41s
2026-02-12 23:04:16,471 | INFO | Batch 20 | Loss: 0.1380 | Correct: 120/128 | Elapsed Time: 23.40s
2026-02-12 23:04:39,844 | INFO | Batch 30 | Loss: 0.0649 | Correct: 125/128 | Elapsed Time: 23.37s
2026-02-12 23:05:03,326 | INFO | Batch 40 | Loss: 0.0701 | Correct: 125/128 | Elapsed Time: 23.48s
2026-02-12 23:05:26,654 | INFO | Batch 50 | Loss: 0.1173 | Correct: 122/128 | Elapsed Time: 23.33s
2026-02-12 23:05:50,002 | INFO | Batch 60 | Loss: 0.1414 | Correct: 120/128 | Elapsed Time: 23.35s
2026-02-12 23:06:13,348 | INFO | Batch 70 | Loss: 0.1055 | Correct: 121/128 | Elapsed Time: 23.35s
2026-02-12 23:06:36,719 | INFO | Batch 80 | Loss: 0.1168 | Correct: 122/128 | Elapsed Time: 23.37s
2026-02-12 23:07:00,097 | INFO | Batch 90 | Loss: 0.1162 | Correct: 121/128 | Elapsed Time: 23.38s
2026-02-12 23:07:23,558 | INFO | Batch 100 | Loss: 0.1041 | Correct: 124/128 | Elapsed Time: 23.46s
2026-02-12 23:07:46,904 | INFO | Batch 110 | Loss: 0.1412 | Correct: 124/128 | Elapsed Time: 23.35s
2026-02-12 23:08:10,284 | INFO | Batch 120 | Loss: 0.1352 | Correct: 122/128 | Elapsed Time: 23.38s
2026-02-12 23:08:33,656 | INFO | Batch 130 | Loss: 0.1327 | Correct: 121/128 | Elapsed Time: 23.37s
2026-02-12 23:08:57,034 | INFO | Batch 140 | Loss: 0.0879 | Correct: 125/128 | Elapsed Time: 23.38s
2026-02-12 23:09:20,631 | INFO | Batch 150 | Loss: 0.1630 | Correct: 121/128 | Elapsed Time: 23.60s
2026-02-12 23:09:44,083 | INFO | Batch 160 | Loss: 0.0710 | Correct: 123/128 | Elapsed Time: 23.45s
2026-02-12 23:10:07,499 | INFO | Batch 170 | Loss: 0.1179 | Correct: 123/128 | Elapsed Time: 23.42s
2026-02-12 23:10:30,854 | INFO | Batch 180 | Loss: 0.0539 | Correct: 127/128 | Elapsed Time: 23.35s
2026-02-12 23:10:54,211 | INFO | Batch 190 | Loss: 0.1031 | Correct: 124/128 | Elapsed Time: 23.36s
2026-02-12 23:11:17,583 | INFO | Batch 200 | Loss: 0.1107 | Correct: 123/128 | Elapsed Time: 23.37s
2026-02-12 23:11:40,909 | INFO | Batch 210 | Loss: 0.1554 | Correct: 122/128 | Elapsed Time: 23.33s
2026-02-12 23:12:04,419 | INFO | Batch 220 | Loss: 0.0848 | Correct: 124/128 | Elapsed Time: 23.51s
2026-02-12 23:12:27,796 | INFO | Batch 230 | Loss: 0.1154 | Correct: 124/128 | Elapsed Time: 23.38s
2026-02-12 23:12:51,175 | INFO | Batch 240 | Loss: 0.1382 | Correct: 121/128 | Elapsed Time: 23.38s
2026-02-12 23:13:14,535 | INFO | Batch 250 | Loss: 0.0755 | Correct: 124/128 | Elapsed Time: 23.36s
2026-02-12 23:13:37,799 | INFO | Batch 260 | Loss: 0.0857 | Correct: 125/128 | Elapsed Time: 23.26s
2026-02-12 23:14:01,113 | INFO | Batch 270 | Loss: 0.1345 | Correct: 123/128 | Elapsed Time: 23.31s
2026-02-12 23:14:24,546 | INFO | Batch 280 | Loss: 0.0696 | Correct: 125/128 | Elapsed Time: 23.43s
2026-02-12 23:14:47,865 | INFO | Batch 290 | Loss: 0.1148 | Correct: 123/128 | Elapsed Time: 23.32s
2026-02-12 23:15:11,216 | INFO | Batch 300 | Loss: 0.1089 | Correct: 125/128 | Elapsed Time: 23.35s
2026-02-12 23:15:34,572 | INFO | Batch 310 | Loss: 0.1007 | Correct: 123/128 | Elapsed Time: 23.36s
2026-02-12 23:15:57,926 | INFO | Batch 320 | Loss: 0.1612 | Correct: 117/128 | Elapsed Time: 23.35s
2026-02-12 23:16:21,297 | INFO | Batch 330 | Loss: 0.0769 | Correct: 125/128 | Elapsed Time: 23.37s
2026-02-12 23:16:44,623 | INFO | Batch 340 | Loss: 0.1433 | Correct: 121/128 | Elapsed Time: 23.33s
2026-02-12 23:17:08,089 | INFO | Batch 350 | Loss: 0.1459 | Correct: 121/128 | Elapsed Time: 23.47s
2026-02-12 23:17:31,444 | INFO | Batch 360 | Loss: 0.1523 | Correct: 118/128 | Elapsed Time: 23.35s
2026-02-12 23:17:54,789 | INFO | Batch 370 | Loss: 0.0449 | Correct: 126/128 | Elapsed Time: 23.35s
2026-02-12 23:18:18,173 | INFO | Batch 380 | Loss: 0.1856 | Correct: 117/128 | Elapsed Time: 23.38s
2026-02-12 23:18:41,511 | INFO | Batch 390 | Loss: 0.1087 | Correct: 123/128 | Elapsed Time: 23.34s
2026-02-12 23:18:43,086 | INFO | Epoch [88/100] - Loss: 0.1228 | Correct: 47807/50000 (95.61%, 913.42s)
2026-02-12 23:19:54,316 | INFO | Validation - Loss: 0.4570 | Correct: 8727/10000 (87.27%) (71.23s)
2026-02-12 23:20:17,730 | INFO | Batch 10 | Loss: 0.0765 | Correct: 125/128 | Elapsed Time: 23.41s
2026-02-12 23:20:41,085 | INFO | Batch 20 | Loss: 0.2636 | Correct: 114/128 | Elapsed Time: 23.36s
2026-02-12 23:21:04,415 | INFO | Batch 30 | Loss: 0.0633 | Correct: 126/128 | Elapsed Time: 23.33s
2026-02-12 23:21:27,771 | INFO | Batch 40 | Loss: 0.0688 | Correct: 125/128 | Elapsed Time: 23.36s
2026-02-12 23:21:51,095 | INFO | Batch 50 | Loss: 0.0945 | Correct: 123/128 | Elapsed Time: 23.32s
2026-02-12 23:22:14,494 | INFO | Batch 60 | Loss: 0.0678 | Correct: 127/128 | Elapsed Time: 23.40s
2026-02-12 23:22:37,809 | INFO | Batch 70 | Loss: 0.1397 | Correct: 122/128 | Elapsed Time: 23.31s
2026-02-12 23:23:01,237 | INFO | Batch 80 | Loss: 0.1358 | Correct: 121/128 | Elapsed Time: 23.43s
2026-02-12 23:23:24,579 | INFO | Batch 90 | Loss: 0.0743 | Correct: 126/128 | Elapsed Time: 23.34s
2026-02-12 23:23:47,898 | INFO | Batch 100 | Loss: 0.0841 | Correct: 124/128 | Elapsed Time: 23.32s
2026-02-12 23:24:11,331 | INFO | Batch 110 | Loss: 0.0728 | Correct: 124/128 | Elapsed Time: 23.43s
2026-02-12 23:24:34,743 | INFO | Batch 120 | Loss: 0.0777 | Correct: 124/128 | Elapsed Time: 23.41s
2026-02-12 23:24:58,155 | INFO | Batch 130 | Loss: 0.2417 | Correct: 118/128 | Elapsed Time: 23.41s
2026-02-12 23:25:21,666 | INFO | Batch 140 | Loss: 0.1497 | Correct: 120/128 | Elapsed Time: 23.51s
2026-02-12 23:25:45,054 | INFO | Batch 150 | Loss: 0.1255 | Correct: 121/128 | Elapsed Time: 23.39s
2026-02-12 23:26:08,336 | INFO | Batch 160 | Loss: 0.1168 | Correct: 122/128 | Elapsed Time: 23.28s
2026-02-12 23:26:31,639 | INFO | Batch 170 | Loss: 0.2352 | Correct: 121/128 | Elapsed Time: 23.30s
2026-02-12 23:26:54,976 | INFO | Batch 180 | Loss: 0.1210 | Correct: 124/128 | Elapsed Time: 23.34s
2026-02-12 23:27:18,322 | INFO | Batch 190 | Loss: 0.0951 | Correct: 123/128 | Elapsed Time: 23.35s
2026-02-12 23:27:41,746 | INFO | Batch 200 | Loss: 0.1821 | Correct: 119/128 | Elapsed Time: 23.42s
2026-02-12 23:28:05,178 | INFO | Batch 210 | Loss: 0.1902 | Correct: 120/128 | Elapsed Time: 23.43s
2026-02-12 23:28:28,556 | INFO | Batch 220 | Loss: 0.1632 | Correct: 118/128 | Elapsed Time: 23.38s
2026-02-12 23:28:51,912 | INFO | Batch 230 | Loss: 0.1509 | Correct: 119/128 | Elapsed Time: 23.36s
2026-02-12 23:29:15,630 | INFO | Batch 240 | Loss: 0.1295 | Correct: 122/128 | Elapsed Time: 23.72s
2026-02-12 23:29:39,013 | INFO | Batch 250 | Loss: 0.1024 | Correct: 123/128 | Elapsed Time: 23.38s
2026-02-12 23:30:02,520 | INFO | Batch 260 | Loss: 0.0623 | Correct: 125/128 | Elapsed Time: 23.51s
2026-02-12 23:30:25,869 | INFO | Batch 270 | Loss: 0.0829 | Correct: 125/128 | Elapsed Time: 23.35s
2026-02-12 23:30:49,262 | INFO | Batch 280 | Loss: 0.1217 | Correct: 124/128 | Elapsed Time: 23.39s
2026-02-12 23:31:12,678 | INFO | Batch 290 | Loss: 0.0936 | Correct: 124/128 | Elapsed Time: 23.42s
2026-02-12 23:31:36,048 | INFO | Batch 300 | Loss: 0.0831 | Correct: 124/128 | Elapsed Time: 23.37s
2026-02-12 23:31:59,459 | INFO | Batch 310 | Loss: 0.1220 | Correct: 122/128 | Elapsed Time: 23.41s
2026-02-12 23:32:22,937 | INFO | Batch 320 | Loss: 0.1954 | Correct: 121/128 | Elapsed Time: 23.48s
2026-02-12 23:32:46,449 | INFO | Batch 330 | Loss: 0.1252 | Correct: 124/128 | Elapsed Time: 23.51s
2026-02-12 23:33:09,930 | INFO | Batch 340 | Loss: 0.1323 | Correct: 122/128 | Elapsed Time: 23.48s
2026-02-12 23:33:33,390 | INFO | Batch 350 | Loss: 0.1027 | Correct: 122/128 | Elapsed Time: 23.46s
2026-02-12 23:33:56,853 | INFO | Batch 360 | Loss: 0.0566 | Correct: 127/128 | Elapsed Time: 23.46s
2026-02-12 23:34:20,344 | INFO | Batch 370 | Loss: 0.0990 | Correct: 121/128 | Elapsed Time: 23.49s
2026-02-12 23:34:43,808 | INFO | Batch 380 | Loss: 0.1013 | Correct: 125/128 | Elapsed Time: 23.46s
2026-02-12 23:35:07,385 | INFO | Batch 390 | Loss: 0.1376 | Correct: 119/128 | Elapsed Time: 23.58s
2026-02-12 23:35:08,973 | INFO | Epoch [89/100] - Loss: 0.1225 | Correct: 47809/50000 (95.62%, 914.65s)
2026-02-12 23:36:20,311 | INFO | Validation - Loss: 0.4648 | Correct: 8701/10000 (87.01%) (71.34s)
2026-02-12 23:36:43,790 | INFO | Batch 10 | Loss: 0.1604 | Correct: 116/128 | Elapsed Time: 23.48s
2026-02-12 23:37:07,197 | INFO | Batch 20 | Loss: 0.1841 | Correct: 118/128 | Elapsed Time: 23.41s
2026-02-12 23:37:30,596 | INFO | Batch 30 | Loss: 0.0952 | Correct: 124/128 | Elapsed Time: 23.40s
2026-02-12 23:37:54,008 | INFO | Batch 40 | Loss: 0.1223 | Correct: 122/128 | Elapsed Time: 23.41s
2026-02-12 23:38:17,462 | INFO | Batch 50 | Loss: 0.0966 | Correct: 124/128 | Elapsed Time: 23.45s
2026-02-12 23:38:40,967 | INFO | Batch 60 | Loss: 0.0912 | Correct: 122/128 | Elapsed Time: 23.51s
2026-02-12 23:39:04,517 | INFO | Batch 70 | Loss: 0.1279 | Correct: 123/128 | Elapsed Time: 23.55s
2026-02-12 23:39:27,977 | INFO | Batch 80 | Loss: 0.0898 | Correct: 125/128 | Elapsed Time: 23.46s
2026-02-12 23:39:51,390 | INFO | Batch 90 | Loss: 0.1554 | Correct: 120/128 | Elapsed Time: 23.41s
2026-02-12 23:40:14,802 | INFO | Batch 100 | Loss: 0.0923 | Correct: 123/128 | Elapsed Time: 23.41s
2026-02-12 23:40:38,233 | INFO | Batch 110 | Loss: 0.1208 | Correct: 124/128 | Elapsed Time: 23.43s
2026-02-12 23:41:01,751 | INFO | Batch 120 | Loss: 0.1175 | Correct: 123/128 | Elapsed Time: 23.52s
2026-02-12 23:41:25,163 | INFO | Batch 130 | Loss: 0.1584 | Correct: 119/128 | Elapsed Time: 23.41s
2026-02-12 23:41:48,531 | INFO | Batch 140 | Loss: 0.1255 | Correct: 122/128 | Elapsed Time: 23.37s
2026-02-12 23:42:11,941 | INFO | Batch 150 | Loss: 0.1228 | Correct: 121/128 | Elapsed Time: 23.41s
2026-02-12 23:42:35,382 | INFO | Batch 160 | Loss: 0.2355 | Correct: 118/128 | Elapsed Time: 23.44s
2026-02-12 23:42:58,803 | INFO | Batch 170 | Loss: 0.0947 | Correct: 123/128 | Elapsed Time: 23.42s
2026-02-12 23:43:22,342 | INFO | Batch 180 | Loss: 0.1149 | Correct: 121/128 | Elapsed Time: 23.54s
2026-02-12 23:43:45,757 | INFO | Batch 190 | Loss: 0.1018 | Correct: 124/128 | Elapsed Time: 23.42s
2026-02-12 23:44:09,209 | INFO | Batch 200 | Loss: 0.0716 | Correct: 125/128 | Elapsed Time: 23.45s
2026-02-12 23:44:32,614 | INFO | Batch 210 | Loss: 0.1092 | Correct: 122/128 | Elapsed Time: 23.41s
2026-02-12 23:44:56,057 | INFO | Batch 220 | Loss: 0.1876 | Correct: 117/128 | Elapsed Time: 23.44s
2026-02-12 23:45:19,504 | INFO | Batch 230 | Loss: 0.1009 | Correct: 124/128 | Elapsed Time: 23.45s
2026-02-12 23:45:43,035 | INFO | Batch 240 | Loss: 0.1257 | Correct: 121/128 | Elapsed Time: 23.53s
2026-02-12 23:46:06,448 | INFO | Batch 250 | Loss: 0.1135 | Correct: 124/128 | Elapsed Time: 23.41s
2026-02-12 23:46:29,851 | INFO | Batch 260 | Loss: 0.1491 | Correct: 120/128 | Elapsed Time: 23.40s
2026-02-12 23:46:53,251 | INFO | Batch 270 | Loss: 0.0980 | Correct: 125/128 | Elapsed Time: 23.40s
2026-02-12 23:47:16,689 | INFO | Batch 280 | Loss: 0.1586 | Correct: 122/128 | Elapsed Time: 23.44s
2026-02-12 23:47:40,129 | INFO | Batch 290 | Loss: 0.1119 | Correct: 124/128 | Elapsed Time: 23.44s
2026-02-12 23:48:03,809 | INFO | Batch 300 | Loss: 0.1643 | Correct: 121/128 | Elapsed Time: 23.68s
2026-02-12 23:48:27,442 | INFO | Batch 310 | Loss: 0.1829 | Correct: 121/128 | Elapsed Time: 23.63s
2026-02-12 23:48:51,320 | INFO | Batch 320 | Loss: 0.1248 | Correct: 120/128 | Elapsed Time: 23.88s
2026-02-12 23:49:15,975 | INFO | Batch 330 | Loss: 0.1122 | Correct: 122/128 | Elapsed Time: 24.65s
2026-02-12 23:49:40,378 | INFO | Batch 340 | Loss: 0.1043 | Correct: 122/128 | Elapsed Time: 24.40s
2026-02-12 23:50:04,799 | INFO | Batch 350 | Loss: 0.1192 | Correct: 119/128 | Elapsed Time: 24.42s
2026-02-12 23:50:29,120 | INFO | Batch 360 | Loss: 0.1365 | Correct: 121/128 | Elapsed Time: 24.32s
2026-02-12 23:50:53,572 | INFO | Batch 370 | Loss: 0.1102 | Correct: 123/128 | Elapsed Time: 24.45s
2026-02-12 23:51:17,811 | INFO | Batch 380 | Loss: 0.1304 | Correct: 122/128 | Elapsed Time: 24.24s
2026-02-12 23:51:42,069 | INFO | Batch 390 | Loss: 0.0914 | Correct: 126/128 | Elapsed Time: 24.26s
2026-02-12 23:51:43,739 | INFO | Epoch [90/100] - Loss: 0.1235 | Correct: 47740/50000 (95.48%, 923.42s)
2026-02-12 23:52:58,222 | INFO | Validation - Loss: 0.4656 | Correct: 8706/10000 (87.06%) (74.48s)
2026-02-12 23:53:22,421 | INFO | Batch 10 | Loss: 0.1090 | Correct: 123/128 | Elapsed Time: 24.19s
2026-02-12 23:53:46,648 | INFO | Batch 20 | Loss: 0.1397 | Correct: 121/128 | Elapsed Time: 24.23s
2026-02-12 23:54:10,957 | INFO | Batch 30 | Loss: 0.1350 | Correct: 121/128 | Elapsed Time: 24.31s
2026-02-12 23:54:35,294 | INFO | Batch 40 | Loss: 0.0964 | Correct: 124/128 | Elapsed Time: 24.34s
2026-02-12 23:54:59,475 | INFO | Batch 50 | Loss: 0.1011 | Correct: 123/128 | Elapsed Time: 24.18s
2026-02-12 23:55:23,831 | INFO | Batch 60 | Loss: 0.1576 | Correct: 122/128 | Elapsed Time: 24.36s
2026-02-12 23:55:48,045 | INFO | Batch 70 | Loss: 0.1253 | Correct: 124/128 | Elapsed Time: 24.21s
2026-02-12 23:56:12,054 | INFO | Batch 80 | Loss: 0.0771 | Correct: 125/128 | Elapsed Time: 24.01s
2026-02-12 23:56:36,130 | INFO | Batch 90 | Loss: 0.1178 | Correct: 124/128 | Elapsed Time: 24.08s
2026-02-12 23:57:00,399 | INFO | Batch 100 | Loss: 0.1489 | Correct: 121/128 | Elapsed Time: 24.27s
2026-02-12 23:57:24,667 | INFO | Batch 110 | Loss: 0.0686 | Correct: 126/128 | Elapsed Time: 24.27s
2026-02-12 23:57:48,739 | INFO | Batch 120 | Loss: 0.0994 | Correct: 123/128 | Elapsed Time: 24.07s
2026-02-12 23:58:13,016 | INFO | Batch 130 | Loss: 0.1684 | Correct: 123/128 | Elapsed Time: 24.28s
2026-02-12 23:58:37,248 | INFO | Batch 140 | Loss: 0.1495 | Correct: 121/128 | Elapsed Time: 24.23s
2026-02-12 23:59:01,487 | INFO | Batch 150 | Loss: 0.0898 | Correct: 123/128 | Elapsed Time: 24.24s
2026-02-12 23:59:26,271 | INFO | Batch 160 | Loss: 0.0812 | Correct: 125/128 | Elapsed Time: 24.78s
2026-02-12 23:59:50,470 | INFO | Batch 170 | Loss: 0.1114 | Correct: 121/128 | Elapsed Time: 24.20s
2026-02-13 00:00:14,739 | INFO | Batch 180 | Loss: 0.0809 | Correct: 125/128 | Elapsed Time: 24.27s
2026-02-13 00:00:38,846 | INFO | Batch 190 | Loss: 0.1304 | Correct: 121/128 | Elapsed Time: 24.11s
2026-02-13 00:01:03,031 | INFO | Batch 200 | Loss: 0.2466 | Correct: 118/128 | Elapsed Time: 24.19s
2026-02-13 00:01:27,195 | INFO | Batch 210 | Loss: 0.1011 | Correct: 123/128 | Elapsed Time: 24.16s
2026-02-13 00:01:51,511 | INFO | Batch 220 | Loss: 0.1433 | Correct: 122/128 | Elapsed Time: 24.32s
2026-02-13 00:02:15,710 | INFO | Batch 230 | Loss: 0.1501 | Correct: 120/128 | Elapsed Time: 24.20s
2026-02-13 00:02:39,841 | INFO | Batch 240 | Loss: 0.1586 | Correct: 120/128 | Elapsed Time: 24.13s
2026-02-13 00:03:04,017 | INFO | Batch 250 | Loss: 0.1291 | Correct: 121/128 | Elapsed Time: 24.18s
2026-02-13 00:03:28,247 | INFO | Batch 260 | Loss: 0.0801 | Correct: 124/128 | Elapsed Time: 24.23s
2026-02-13 00:03:52,286 | INFO | Batch 270 | Loss: 0.1688 | Correct: 120/128 | Elapsed Time: 24.04s
2026-02-13 00:04:16,416 | INFO | Batch 280 | Loss: 0.0877 | Correct: 124/128 | Elapsed Time: 24.13s
2026-02-13 00:04:40,442 | INFO | Batch 290 | Loss: 0.1168 | Correct: 123/128 | Elapsed Time: 24.03s
2026-02-13 00:05:04,433 | INFO | Batch 300 | Loss: 0.1260 | Correct: 123/128 | Elapsed Time: 23.99s
2026-02-13 00:05:28,455 | INFO | Batch 310 | Loss: 0.1045 | Correct: 125/128 | Elapsed Time: 24.02s
2026-02-13 00:05:52,467 | INFO | Batch 320 | Loss: 0.0957 | Correct: 123/128 | Elapsed Time: 24.01s
2026-02-13 00:06:16,580 | INFO | Batch 330 | Loss: 0.1363 | Correct: 121/128 | Elapsed Time: 24.11s
2026-02-13 00:06:40,712 | INFO | Batch 340 | Loss: 0.1225 | Correct: 122/128 | Elapsed Time: 24.13s
2026-02-13 00:07:04,980 | INFO | Batch 350 | Loss: 0.1578 | Correct: 120/128 | Elapsed Time: 24.27s
2026-02-13 00:07:29,063 | INFO | Batch 360 | Loss: 0.1758 | Correct: 120/128 | Elapsed Time: 24.08s
2026-02-13 00:07:53,155 | INFO | Batch 370 | Loss: 0.0729 | Correct: 127/128 | Elapsed Time: 24.09s
2026-02-13 00:08:17,352 | INFO | Batch 380 | Loss: 0.0715 | Correct: 125/128 | Elapsed Time: 24.20s
2026-02-13 00:08:41,507 | INFO | Batch 390 | Loss: 0.0833 | Correct: 125/128 | Elapsed Time: 24.16s
2026-02-13 00:08:43,146 | INFO | Epoch [91/100] - Loss: 0.1238 | Correct: 47805/50000 (95.61%, 944.92s)
2026-02-13 00:09:57,714 | INFO | Validation - Loss: 0.4636 | Correct: 8718/10000 (87.18%) (74.57s)
2026-02-13 00:10:22,091 | INFO | Batch 10 | Loss: 0.0762 | Correct: 124/128 | Elapsed Time: 24.37s
2026-02-13 00:10:46,342 | INFO | Batch 20 | Loss: 0.1363 | Correct: 124/128 | Elapsed Time: 24.25s
2026-02-13 00:11:10,557 | INFO | Batch 30 | Loss: 0.1027 | Correct: 125/128 | Elapsed Time: 24.21s
2026-02-13 00:11:34,330 | INFO | Batch 40 | Loss: 0.1140 | Correct: 125/128 | Elapsed Time: 23.77s
2026-02-13 00:11:58,130 | INFO | Batch 50 | Loss: 0.0872 | Correct: 124/128 | Elapsed Time: 23.80s
2026-02-13 00:12:22,321 | INFO | Batch 60 | Loss: 0.1260 | Correct: 122/128 | Elapsed Time: 24.19s
2026-02-13 00:12:46,500 | INFO | Batch 70 | Loss: 0.2071 | Correct: 120/128 | Elapsed Time: 24.18s
2026-02-13 00:13:10,750 | INFO | Batch 80 | Loss: 0.1376 | Correct: 119/128 | Elapsed Time: 24.25s
2026-02-13 00:13:34,929 | INFO | Batch 90 | Loss: 0.1356 | Correct: 122/128 | Elapsed Time: 24.18s
2026-02-13 00:13:59,031 | INFO | Batch 100 | Loss: 0.0719 | Correct: 125/128 | Elapsed Time: 24.10s
2026-02-13 00:14:23,279 | INFO | Batch 110 | Loss: 0.0906 | Correct: 124/128 | Elapsed Time: 24.25s
2026-02-13 00:14:47,397 | INFO | Batch 120 | Loss: 0.1098 | Correct: 123/128 | Elapsed Time: 24.12s
2026-02-13 00:15:11,632 | INFO | Batch 130 | Loss: 0.1225 | Correct: 122/128 | Elapsed Time: 24.24s
2026-02-13 00:15:35,989 | INFO | Batch 140 | Loss: 0.0990 | Correct: 123/128 | Elapsed Time: 24.36s
2026-02-13 00:16:00,202 | INFO | Batch 150 | Loss: 0.0577 | Correct: 125/128 | Elapsed Time: 24.21s
2026-02-13 00:16:24,485 | INFO | Batch 160 | Loss: 0.1785 | Correct: 118/128 | Elapsed Time: 24.28s
2026-02-13 00:16:48,581 | INFO | Batch 170 | Loss: 0.0939 | Correct: 123/128 | Elapsed Time: 24.10s
2026-02-13 00:17:12,715 | INFO | Batch 180 | Loss: 0.0653 | Correct: 126/128 | Elapsed Time: 24.13s
2026-02-13 00:17:36,847 | INFO | Batch 190 | Loss: 0.0883 | Correct: 124/128 | Elapsed Time: 24.13s
2026-02-13 00:18:00,998 | INFO | Batch 200 | Loss: 0.0680 | Correct: 125/128 | Elapsed Time: 24.15s
2026-02-13 00:18:25,227 | INFO | Batch 210 | Loss: 0.1132 | Correct: 122/128 | Elapsed Time: 24.23s
2026-02-13 00:18:49,299 | INFO | Batch 220 | Loss: 0.2128 | Correct: 117/128 | Elapsed Time: 24.07s
2026-02-13 00:19:13,710 | INFO | Batch 230 | Loss: 0.1582 | Correct: 120/128 | Elapsed Time: 24.41s
2026-02-13 00:19:37,879 | INFO | Batch 240 | Loss: 0.1058 | Correct: 125/128 | Elapsed Time: 24.17s
2026-02-13 00:20:02,030 | INFO | Batch 250 | Loss: 0.0595 | Correct: 126/128 | Elapsed Time: 24.15s
2026-02-13 00:20:26,284 | INFO | Batch 260 | Loss: 0.1348 | Correct: 124/128 | Elapsed Time: 24.25s
2026-02-13 00:20:50,477 | INFO | Batch 270 | Loss: 0.1625 | Correct: 123/128 | Elapsed Time: 24.19s
2026-02-13 00:21:14,767 | INFO | Batch 280 | Loss: 0.1363 | Correct: 120/128 | Elapsed Time: 24.29s
2026-02-13 00:21:38,902 | INFO | Batch 290 | Loss: 0.1619 | Correct: 122/128 | Elapsed Time: 24.13s
2026-02-13 00:22:03,174 | INFO | Batch 300 | Loss: 0.1350 | Correct: 121/128 | Elapsed Time: 24.27s
2026-02-13 00:22:27,340 | INFO | Batch 310 | Loss: 0.2016 | Correct: 121/128 | Elapsed Time: 24.17s
2026-02-13 00:22:51,469 | INFO | Batch 320 | Loss: 0.1024 | Correct: 125/128 | Elapsed Time: 24.13s
2026-02-13 00:23:15,784 | INFO | Batch 330 | Loss: 0.1354 | Correct: 121/128 | Elapsed Time: 24.32s
2026-02-13 00:23:40,010 | INFO | Batch 340 | Loss: 0.1751 | Correct: 119/128 | Elapsed Time: 24.23s
2026-02-13 00:24:04,289 | INFO | Batch 350 | Loss: 0.0549 | Correct: 127/128 | Elapsed Time: 24.28s
2026-02-13 00:24:28,499 | INFO | Batch 360 | Loss: 0.2336 | Correct: 117/128 | Elapsed Time: 24.21s
2026-02-13 00:24:52,725 | INFO | Batch 370 | Loss: 0.1831 | Correct: 121/128 | Elapsed Time: 24.23s
2026-02-13 00:25:16,946 | INFO | Batch 380 | Loss: 0.0872 | Correct: 126/128 | Elapsed Time: 24.22s
2026-02-13 00:25:41,185 | INFO | Batch 390 | Loss: 0.0997 | Correct: 123/128 | Elapsed Time: 24.24s
2026-02-13 00:25:42,839 | INFO | Epoch [92/100] - Loss: 0.1229 | Correct: 47835/50000 (95.67%, 945.12s)
2026-02-13 00:26:56,580 | INFO | Validation - Loss: 0.4637 | Correct: 8695/10000 (86.95%) (73.74s)
2026-02-13 00:27:20,859 | INFO | Batch 10 | Loss: 0.1232 | Correct: 122/128 | Elapsed Time: 24.27s
2026-02-13 00:27:45,072 | INFO | Batch 20 | Loss: 0.0879 | Correct: 123/128 | Elapsed Time: 24.21s
2026-02-13 00:28:09,269 | INFO | Batch 30 | Loss: 0.1610 | Correct: 119/128 | Elapsed Time: 24.20s
2026-02-13 00:28:33,451 | INFO | Batch 40 | Loss: 0.1205 | Correct: 122/128 | Elapsed Time: 24.18s
2026-02-13 00:28:57,659 | INFO | Batch 50 | Loss: 0.1571 | Correct: 121/128 | Elapsed Time: 24.21s
2026-02-13 00:29:22,240 | INFO | Batch 60 | Loss: 0.1173 | Correct: 124/128 | Elapsed Time: 24.58s
2026-02-13 00:29:46,492 | INFO | Batch 70 | Loss: 0.1270 | Correct: 120/128 | Elapsed Time: 24.25s
2026-02-13 00:30:10,673 | INFO | Batch 80 | Loss: 0.0932 | Correct: 125/128 | Elapsed Time: 24.18s
2026-02-13 00:30:34,826 | INFO | Batch 90 | Loss: 0.0808 | Correct: 126/128 | Elapsed Time: 24.15s
2026-02-13 00:30:58,946 | INFO | Batch 100 | Loss: 0.0804 | Correct: 124/128 | Elapsed Time: 24.12s
2026-02-13 00:31:23,078 | INFO | Batch 110 | Loss: 0.1495 | Correct: 121/128 | Elapsed Time: 24.13s
2026-02-13 00:31:47,308 | INFO | Batch 120 | Loss: 0.1181 | Correct: 121/128 | Elapsed Time: 24.23s
2026-02-13 00:32:11,499 | INFO | Batch 130 | Loss: 0.1628 | Correct: 120/128 | Elapsed Time: 24.19s
2026-02-13 00:32:35,758 | INFO | Batch 140 | Loss: 0.0842 | Correct: 125/128 | Elapsed Time: 24.26s
2026-02-13 00:32:59,931 | INFO | Batch 150 | Loss: 0.1839 | Correct: 118/128 | Elapsed Time: 24.17s
2026-02-13 00:33:24,142 | INFO | Batch 160 | Loss: 0.0829 | Correct: 125/128 | Elapsed Time: 24.21s
2026-02-13 00:33:48,390 | INFO | Batch 170 | Loss: 0.1137 | Correct: 123/128 | Elapsed Time: 24.25s
2026-02-13 00:34:12,678 | INFO | Batch 180 | Loss: 0.2397 | Correct: 119/128 | Elapsed Time: 24.29s
2026-02-13 00:34:36,648 | INFO | Batch 190 | Loss: 0.0687 | Correct: 126/128 | Elapsed Time: 23.97s
2026-02-13 00:35:00,747 | INFO | Batch 200 | Loss: 0.1356 | Correct: 120/128 | Elapsed Time: 24.10s
2026-02-13 00:35:24,962 | INFO | Batch 210 | Loss: 0.0968 | Correct: 124/128 | Elapsed Time: 24.21s
2026-02-13 00:35:49,310 | INFO | Batch 220 | Loss: 0.0578 | Correct: 126/128 | Elapsed Time: 24.35s
2026-02-13 00:36:13,574 | INFO | Batch 230 | Loss: 0.1288 | Correct: 121/128 | Elapsed Time: 24.26s
2026-02-13 00:36:37,885 | INFO | Batch 240 | Loss: 0.1034 | Correct: 123/128 | Elapsed Time: 24.31s
2026-02-13 00:37:02,106 | INFO | Batch 250 | Loss: 0.1067 | Correct: 121/128 | Elapsed Time: 24.22s
2026-02-13 00:37:26,380 | INFO | Batch 260 | Loss: 0.1162 | Correct: 123/128 | Elapsed Time: 24.27s
2026-02-13 00:37:50,653 | INFO | Batch 270 | Loss: 0.1389 | Correct: 123/128 | Elapsed Time: 24.27s
2026-02-13 00:38:14,950 | INFO | Batch 280 | Loss: 0.2102 | Correct: 117/128 | Elapsed Time: 24.30s
2026-02-13 00:38:39,210 | INFO | Batch 290 | Loss: 0.1022 | Correct: 124/128 | Elapsed Time: 24.26s
2026-02-13 00:39:03,692 | INFO | Batch 300 | Loss: 0.1260 | Correct: 120/128 | Elapsed Time: 24.48s
2026-02-13 00:39:28,122 | INFO | Batch 310 | Loss: 0.1037 | Correct: 122/128 | Elapsed Time: 24.43s
2026-02-13 00:39:52,404 | INFO | Batch 320 | Loss: 0.1192 | Correct: 121/128 | Elapsed Time: 24.28s
2026-02-13 00:40:16,642 | INFO | Batch 330 | Loss: 0.0694 | Correct: 126/128 | Elapsed Time: 24.24s
2026-02-13 00:40:40,840 | INFO | Batch 340 | Loss: 0.1000 | Correct: 123/128 | Elapsed Time: 24.20s
2026-02-13 00:41:05,092 | INFO | Batch 350 | Loss: 0.1350 | Correct: 122/128 | Elapsed Time: 24.25s
2026-02-13 00:41:29,365 | INFO | Batch 360 | Loss: 0.1047 | Correct: 122/128 | Elapsed Time: 24.27s
2026-02-13 00:41:53,711 | INFO | Batch 370 | Loss: 0.1217 | Correct: 121/128 | Elapsed Time: 24.35s
2026-02-13 00:42:17,610 | INFO | Batch 380 | Loss: 0.1792 | Correct: 120/128 | Elapsed Time: 23.90s
2026-02-13 00:42:41,801 | INFO | Batch 390 | Loss: 0.1997 | Correct: 118/128 | Elapsed Time: 24.19s
2026-02-13 00:42:43,487 | INFO | Epoch [93/100] - Loss: 0.1200 | Correct: 47857/50000 (95.71%, 946.90s)
2026-02-13 00:43:57,902 | INFO | Validation - Loss: 0.4633 | Correct: 8704/10000 (87.04%) (74.41s)
2026-02-13 00:44:22,322 | INFO | Batch 10 | Loss: 0.0965 | Correct: 125/128 | Elapsed Time: 24.42s
2026-02-13 00:44:46,631 | INFO | Batch 20 | Loss: 0.1441 | Correct: 119/128 | Elapsed Time: 24.31s
2026-02-13 00:45:10,842 | INFO | Batch 30 | Loss: 0.0941 | Correct: 122/128 | Elapsed Time: 24.21s
2026-02-13 00:45:35,214 | INFO | Batch 40 | Loss: 0.0791 | Correct: 125/128 | Elapsed Time: 24.37s
2026-02-13 00:45:59,385 | INFO | Batch 50 | Loss: 0.1393 | Correct: 121/128 | Elapsed Time: 24.17s
2026-02-13 00:46:23,701 | INFO | Batch 60 | Loss: 0.1143 | Correct: 125/128 | Elapsed Time: 24.32s
2026-02-13 00:46:47,960 | INFO | Batch 70 | Loss: 0.1128 | Correct: 125/128 | Elapsed Time: 24.26s
2026-02-13 00:47:12,091 | INFO | Batch 80 | Loss: 0.1148 | Correct: 123/128 | Elapsed Time: 24.13s
2026-02-13 00:47:36,290 | INFO | Batch 90 | Loss: 0.1420 | Correct: 122/128 | Elapsed Time: 24.20s
2026-02-13 00:48:00,591 | INFO | Batch 100 | Loss: 0.1763 | Correct: 120/128 | Elapsed Time: 24.30s
2026-02-13 00:48:24,865 | INFO | Batch 110 | Loss: 0.1019 | Correct: 122/128 | Elapsed Time: 24.27s
2026-02-13 00:48:49,094 | INFO | Batch 120 | Loss: 0.1716 | Correct: 121/128 | Elapsed Time: 24.23s
2026-02-13 00:49:13,773 | INFO | Batch 130 | Loss: 0.1300 | Correct: 121/128 | Elapsed Time: 24.68s
2026-02-13 00:49:38,009 | INFO | Batch 140 | Loss: 0.0857 | Correct: 124/128 | Elapsed Time: 24.24s
2026-02-13 00:50:01,887 | INFO | Batch 150 | Loss: 0.1080 | Correct: 124/128 | Elapsed Time: 23.88s
2026-02-13 00:50:25,687 | INFO | Batch 160 | Loss: 0.0714 | Correct: 126/128 | Elapsed Time: 23.80s
2026-02-13 00:50:49,062 | INFO | Batch 170 | Loss: 0.1404 | Correct: 121/128 | Elapsed Time: 23.38s
2026-02-13 00:51:12,443 | INFO | Batch 180 | Loss: 0.1739 | Correct: 124/128 | Elapsed Time: 23.38s
2026-02-13 00:51:36,244 | INFO | Batch 190 | Loss: 0.1997 | Correct: 117/128 | Elapsed Time: 23.80s
2026-02-13 00:52:00,415 | INFO | Batch 200 | Loss: 0.0630 | Correct: 125/128 | Elapsed Time: 24.17s
2026-02-13 00:52:24,640 | INFO | Batch 210 | Loss: 0.1376 | Correct: 119/128 | Elapsed Time: 24.22s
2026-02-13 00:52:48,957 | INFO | Batch 220 | Loss: 0.1031 | Correct: 124/128 | Elapsed Time: 24.32s
2026-02-13 00:53:13,199 | INFO | Batch 230 | Loss: 0.1083 | Correct: 123/128 | Elapsed Time: 24.24s
2026-02-13 00:53:37,559 | INFO | Batch 240 | Loss: 0.1777 | Correct: 121/128 | Elapsed Time: 24.36s
2026-02-13 00:54:01,712 | INFO | Batch 250 | Loss: 0.1632 | Correct: 121/128 | Elapsed Time: 24.15s
2026-02-13 00:54:25,895 | INFO | Batch 260 | Loss: 0.2565 | Correct: 116/128 | Elapsed Time: 24.18s
2026-02-13 00:54:50,196 | INFO | Batch 270 | Loss: 0.1250 | Correct: 123/128 | Elapsed Time: 24.30s
2026-02-13 00:55:14,549 | INFO | Batch 280 | Loss: 0.1614 | Correct: 121/128 | Elapsed Time: 24.35s
2026-02-13 00:55:38,673 | INFO | Batch 290 | Loss: 0.0838 | Correct: 124/128 | Elapsed Time: 24.12s
2026-02-13 00:56:02,847 | INFO | Batch 300 | Loss: 0.0692 | Correct: 125/128 | Elapsed Time: 24.17s
2026-02-13 00:56:27,126 | INFO | Batch 310 | Loss: 0.0822 | Correct: 125/128 | Elapsed Time: 24.28s
2026-02-13 00:56:51,224 | INFO | Batch 320 | Loss: 0.1321 | Correct: 121/128 | Elapsed Time: 24.10s
2026-02-13 00:57:15,408 | INFO | Batch 330 | Loss: 0.1186 | Correct: 120/128 | Elapsed Time: 24.18s
2026-02-13 00:57:39,479 | INFO | Batch 340 | Loss: 0.1087 | Correct: 124/128 | Elapsed Time: 24.07s
2026-02-13 00:58:03,772 | INFO | Batch 350 | Loss: 0.0740 | Correct: 126/128 | Elapsed Time: 24.29s
2026-02-13 00:58:27,958 | INFO | Batch 360 | Loss: 0.1387 | Correct: 123/128 | Elapsed Time: 24.19s
2026-02-13 00:58:51,970 | INFO | Batch 370 | Loss: 0.0877 | Correct: 124/128 | Elapsed Time: 24.01s
2026-02-13 00:59:16,620 | INFO | Batch 380 | Loss: 0.1742 | Correct: 120/128 | Elapsed Time: 24.65s
2026-02-13 00:59:40,967 | INFO | Batch 390 | Loss: 0.1013 | Correct: 124/128 | Elapsed Time: 24.35s
2026-02-13 00:59:42,646 | INFO | Epoch [94/100] - Loss: 0.1252 | Correct: 47800/50000 (95.60%, 944.74s)
2026-02-13 01:00:56,854 | INFO | Validation - Loss: 0.4636 | Correct: 8700/10000 (87.00%) (74.21s)
2026-02-13 01:01:21,144 | INFO | Batch 10 | Loss: 0.1546 | Correct: 121/128 | Elapsed Time: 24.29s
2026-02-13 01:01:45,279 | INFO | Batch 20 | Loss: 0.1834 | Correct: 119/128 | Elapsed Time: 24.13s
2026-02-13 01:02:09,468 | INFO | Batch 30 | Loss: 0.1410 | Correct: 120/128 | Elapsed Time: 24.19s
2026-02-13 01:02:33,748 | INFO | Batch 40 | Loss: 0.1621 | Correct: 124/128 | Elapsed Time: 24.28s
2026-02-13 01:02:58,022 | INFO | Batch 50 | Loss: 0.0989 | Correct: 122/128 | Elapsed Time: 24.27s
2026-02-13 01:03:22,248 | INFO | Batch 60 | Loss: 0.1418 | Correct: 121/128 | Elapsed Time: 24.23s
2026-02-13 01:03:46,452 | INFO | Batch 70 | Loss: 0.1142 | Correct: 122/128 | Elapsed Time: 24.20s
2026-02-13 01:04:10,770 | INFO | Batch 80 | Loss: 0.1359 | Correct: 123/128 | Elapsed Time: 24.32s
2026-02-13 01:04:35,044 | INFO | Batch 90 | Loss: 0.0966 | Correct: 125/128 | Elapsed Time: 24.27s
2026-02-13 01:04:59,182 | INFO | Batch 100 | Loss: 0.0719 | Correct: 124/128 | Elapsed Time: 24.14s
2026-02-13 01:05:23,442 | INFO | Batch 110 | Loss: 0.0843 | Correct: 123/128 | Elapsed Time: 24.26s
2026-02-13 01:05:47,649 | INFO | Batch 120 | Loss: 0.1728 | Correct: 118/128 | Elapsed Time: 24.21s
2026-02-13 01:06:11,509 | INFO | Batch 130 | Loss: 0.0483 | Correct: 127/128 | Elapsed Time: 23.86s
2026-02-13 01:06:35,855 | INFO | Batch 140 | Loss: 0.0617 | Correct: 127/128 | Elapsed Time: 24.35s
2026-02-13 01:07:00,068 | INFO | Batch 150 | Loss: 0.0992 | Correct: 122/128 | Elapsed Time: 24.21s
2026-02-13 01:07:24,323 | INFO | Batch 160 | Loss: 0.0969 | Correct: 122/128 | Elapsed Time: 24.25s
2026-02-13 01:07:48,610 | INFO | Batch 170 | Loss: 0.0743 | Correct: 127/128 | Elapsed Time: 24.29s
2026-02-13 01:08:12,875 | INFO | Batch 180 | Loss: 0.0877 | Correct: 123/128 | Elapsed Time: 24.27s
2026-02-13 01:08:36,993 | INFO | Batch 190 | Loss: 0.0823 | Correct: 124/128 | Elapsed Time: 24.12s
2026-02-13 01:09:01,228 | INFO | Batch 200 | Loss: 0.1707 | Correct: 121/128 | Elapsed Time: 24.23s
2026-02-13 01:09:25,677 | INFO | Batch 210 | Loss: 0.1384 | Correct: 123/128 | Elapsed Time: 24.45s
2026-02-13 01:09:49,812 | INFO | Batch 220 | Loss: 0.0723 | Correct: 127/128 | Elapsed Time: 24.14s
2026-02-13 01:10:13,953 | INFO | Batch 230 | Loss: 0.1307 | Correct: 120/128 | Elapsed Time: 24.14s
2026-02-13 01:10:38,114 | INFO | Batch 240 | Loss: 0.1173 | Correct: 123/128 | Elapsed Time: 24.16s
2026-02-13 01:11:02,273 | INFO | Batch 250 | Loss: 0.1061 | Correct: 125/128 | Elapsed Time: 24.16s
2026-02-13 01:11:26,614 | INFO | Batch 260 | Loss: 0.1192 | Correct: 124/128 | Elapsed Time: 24.34s
2026-02-13 01:11:50,940 | INFO | Batch 270 | Loss: 0.0960 | Correct: 125/128 | Elapsed Time: 24.33s
2026-02-13 01:12:15,214 | INFO | Batch 280 | Loss: 0.1408 | Correct: 122/128 | Elapsed Time: 24.27s
2026-02-13 01:12:39,393 | INFO | Batch 290 | Loss: 0.1606 | Correct: 122/128 | Elapsed Time: 24.18s
2026-02-13 01:13:03,588 | INFO | Batch 300 | Loss: 0.0966 | Correct: 123/128 | Elapsed Time: 24.20s
2026-02-13 01:13:27,678 | INFO | Batch 310 | Loss: 0.1382 | Correct: 122/128 | Elapsed Time: 24.09s
2026-02-13 01:13:51,416 | INFO | Batch 320 | Loss: 0.0849 | Correct: 124/128 | Elapsed Time: 23.74s
2026-02-13 01:14:15,750 | INFO | Batch 330 | Loss: 0.0579 | Correct: 125/128 | Elapsed Time: 24.33s
2026-02-13 01:14:39,949 | INFO | Batch 340 | Loss: 0.1393 | Correct: 121/128 | Elapsed Time: 24.20s
2026-02-13 01:15:04,219 | INFO | Batch 350 | Loss: 0.1114 | Correct: 123/128 | Elapsed Time: 24.27s
2026-02-13 01:15:28,434 | INFO | Batch 360 | Loss: 0.0738 | Correct: 124/128 | Elapsed Time: 24.22s
2026-02-13 01:15:52,739 | INFO | Batch 370 | Loss: 0.0480 | Correct: 126/128 | Elapsed Time: 24.30s
2026-02-13 01:16:16,947 | INFO | Batch 380 | Loss: 0.1248 | Correct: 123/128 | Elapsed Time: 24.21s
2026-02-13 01:16:41,224 | INFO | Batch 390 | Loss: 0.1395 | Correct: 121/128 | Elapsed Time: 24.28s
2026-02-13 01:16:42,898 | INFO | Epoch [95/100] - Loss: 0.1202 | Correct: 47875/50000 (95.75%, 946.04s)
2026-02-13 01:17:57,276 | INFO | Validation - Loss: 0.4620 | Correct: 8699/10000 (86.99%) (74.38s)
2026-02-13 01:18:21,537 | INFO | Batch 10 | Loss: 0.0829 | Correct: 125/128 | Elapsed Time: 24.26s
2026-02-13 01:18:45,751 | INFO | Batch 20 | Loss: 0.1318 | Correct: 122/128 | Elapsed Time: 24.21s
2026-02-13 01:19:10,588 | INFO | Batch 30 | Loss: 0.1501 | Correct: 121/128 | Elapsed Time: 24.84s
2026-02-13 01:19:34,997 | INFO | Batch 40 | Loss: 0.1941 | Correct: 121/128 | Elapsed Time: 24.41s
2026-02-13 01:19:59,298 | INFO | Batch 50 | Loss: 0.0756 | Correct: 126/128 | Elapsed Time: 24.30s
2026-02-13 01:20:23,660 | INFO | Batch 60 | Loss: 0.1389 | Correct: 124/128 | Elapsed Time: 24.36s
2026-02-13 01:20:48,011 | INFO | Batch 70 | Loss: 0.1707 | Correct: 122/128 | Elapsed Time: 24.35s
2026-02-13 01:21:12,398 | INFO | Batch 80 | Loss: 0.0996 | Correct: 124/128 | Elapsed Time: 24.39s
2026-02-13 01:21:36,322 | INFO | Batch 90 | Loss: 0.0921 | Correct: 126/128 | Elapsed Time: 23.92s
2026-02-13 01:22:00,454 | INFO | Batch 100 | Loss: 0.0926 | Correct: 125/128 | Elapsed Time: 24.13s
2026-02-13 01:22:24,767 | INFO | Batch 110 | Loss: 0.1230 | Correct: 122/128 | Elapsed Time: 24.31s
2026-02-13 01:22:49,047 | INFO | Batch 120 | Loss: 0.1730 | Correct: 120/128 | Elapsed Time: 24.28s
2026-02-13 01:23:13,162 | INFO | Batch 130 | Loss: 0.1067 | Correct: 124/128 | Elapsed Time: 24.12s
2026-02-13 01:23:37,283 | INFO | Batch 140 | Loss: 0.1343 | Correct: 122/128 | Elapsed Time: 24.12s
2026-02-13 01:24:01,426 | INFO | Batch 150 | Loss: 0.1123 | Correct: 123/128 | Elapsed Time: 24.14s
2026-02-13 01:24:25,597 | INFO | Batch 160 | Loss: 0.0868 | Correct: 124/128 | Elapsed Time: 24.17s
2026-02-13 01:24:49,721 | INFO | Batch 170 | Loss: 0.1954 | Correct: 120/128 | Elapsed Time: 24.12s
2026-02-13 01:25:13,967 | INFO | Batch 180 | Loss: 0.1597 | Correct: 119/128 | Elapsed Time: 24.25s
2026-02-13 01:25:38,166 | INFO | Batch 190 | Loss: 0.1135 | Correct: 123/128 | Elapsed Time: 24.20s
2026-02-13 01:26:02,410 | INFO | Batch 200 | Loss: 0.0563 | Correct: 127/128 | Elapsed Time: 24.24s
2026-02-13 01:26:26,690 | INFO | Batch 210 | Loss: 0.1625 | Correct: 121/128 | Elapsed Time: 24.28s
2026-02-13 01:26:50,717 | INFO | Batch 220 | Loss: 0.1372 | Correct: 123/128 | Elapsed Time: 24.03s
2026-02-13 01:27:14,991 | INFO | Batch 230 | Loss: 0.1176 | Correct: 122/128 | Elapsed Time: 24.27s
2026-02-13 01:27:39,313 | INFO | Batch 240 | Loss: 0.0965 | Correct: 125/128 | Elapsed Time: 24.32s
2026-02-13 01:28:03,539 | INFO | Batch 250 | Loss: 0.1297 | Correct: 124/128 | Elapsed Time: 24.23s
2026-02-13 01:28:27,819 | INFO | Batch 260 | Loss: 0.0757 | Correct: 124/128 | Elapsed Time: 24.28s
2026-02-13 01:28:51,976 | INFO | Batch 270 | Loss: 0.1222 | Correct: 122/128 | Elapsed Time: 24.16s
2026-02-13 01:29:16,281 | INFO | Batch 280 | Loss: 0.0671 | Correct: 124/128 | Elapsed Time: 24.30s
2026-02-13 01:29:40,553 | INFO | Batch 290 | Loss: 0.0709 | Correct: 124/128 | Elapsed Time: 24.27s
2026-02-13 01:30:04,796 | INFO | Batch 300 | Loss: 0.0902 | Correct: 123/128 | Elapsed Time: 24.24s
2026-02-13 01:30:29,044 | INFO | Batch 310 | Loss: 0.0797 | Correct: 125/128 | Elapsed Time: 24.25s
2026-02-13 01:30:53,210 | INFO | Batch 320 | Loss: 0.1250 | Correct: 122/128 | Elapsed Time: 24.17s
2026-02-13 01:31:17,649 | INFO | Batch 330 | Loss: 0.2346 | Correct: 117/128 | Elapsed Time: 24.44s
2026-02-13 01:31:41,859 | INFO | Batch 340 | Loss: 0.1704 | Correct: 121/128 | Elapsed Time: 24.21s
2026-02-13 01:32:05,997 | INFO | Batch 350 | Loss: 0.0959 | Correct: 124/128 | Elapsed Time: 24.14s
2026-02-13 01:32:30,122 | INFO | Batch 360 | Loss: 0.0952 | Correct: 124/128 | Elapsed Time: 24.13s
2026-02-13 01:32:54,297 | INFO | Batch 370 | Loss: 0.1123 | Correct: 124/128 | Elapsed Time: 24.17s
2026-02-13 01:33:18,487 | INFO | Batch 380 | Loss: 0.1435 | Correct: 121/128 | Elapsed Time: 24.19s
2026-02-13 01:33:42,648 | INFO | Batch 390 | Loss: 0.1443 | Correct: 122/128 | Elapsed Time: 24.16s
2026-02-13 01:33:44,287 | INFO | Epoch [96/100] - Loss: 0.1238 | Correct: 47794/50000 (95.59%, 947.01s)
2026-02-13 01:34:58,315 | INFO | Validation - Loss: 0.4647 | Correct: 8701/10000 (87.01%) (74.03s)
2026-02-13 01:35:22,551 | INFO | Batch 10 | Loss: 0.0868 | Correct: 126/128 | Elapsed Time: 24.23s
2026-02-13 01:35:46,722 | INFO | Batch 20 | Loss: 0.0968 | Correct: 124/128 | Elapsed Time: 24.17s
2026-02-13 01:36:10,851 | INFO | Batch 30 | Loss: 0.1247 | Correct: 121/128 | Elapsed Time: 24.13s
2026-02-13 01:36:35,042 | INFO | Batch 40 | Loss: 0.1073 | Correct: 124/128 | Elapsed Time: 24.19s
2026-02-13 01:36:58,835 | INFO | Batch 50 | Loss: 0.1020 | Correct: 123/128 | Elapsed Time: 23.79s
2026-02-13 01:37:22,977 | INFO | Batch 60 | Loss: 0.1684 | Correct: 120/128 | Elapsed Time: 24.14s
2026-02-13 01:37:47,159 | INFO | Batch 70 | Loss: 0.0726 | Correct: 124/128 | Elapsed Time: 24.18s
2026-02-13 01:38:11,368 | INFO | Batch 80 | Loss: 0.0765 | Correct: 124/128 | Elapsed Time: 24.21s
2026-02-13 01:38:35,487 | INFO | Batch 90 | Loss: 0.0865 | Correct: 124/128 | Elapsed Time: 24.12s
2026-02-13 01:38:59,583 | INFO | Batch 100 | Loss: 0.1621 | Correct: 122/128 | Elapsed Time: 24.10s
2026-02-13 01:39:24,032 | INFO | Batch 110 | Loss: 0.1248 | Correct: 122/128 | Elapsed Time: 24.45s
2026-02-13 01:39:48,094 | INFO | Batch 120 | Loss: 0.0891 | Correct: 124/128 | Elapsed Time: 24.06s
2026-02-13 01:40:12,402 | INFO | Batch 130 | Loss: 0.0968 | Correct: 125/128 | Elapsed Time: 24.31s
2026-02-13 01:40:36,614 | INFO | Batch 140 | Loss: 0.1019 | Correct: 123/128 | Elapsed Time: 24.21s
2026-02-13 01:41:00,778 | INFO | Batch 150 | Loss: 0.1441 | Correct: 122/128 | Elapsed Time: 24.16s
2026-02-13 01:41:25,071 | INFO | Batch 160 | Loss: 0.1142 | Correct: 121/128 | Elapsed Time: 24.29s
2026-02-13 01:41:49,283 | INFO | Batch 170 | Loss: 0.1220 | Correct: 124/128 | Elapsed Time: 24.21s
2026-02-13 01:42:13,456 | INFO | Batch 180 | Loss: 0.1230 | Correct: 120/128 | Elapsed Time: 24.17s
2026-02-13 01:42:37,537 | INFO | Batch 190 | Loss: 0.1217 | Correct: 123/128 | Elapsed Time: 24.08s
2026-02-13 01:43:01,582 | INFO | Batch 200 | Loss: 0.1323 | Correct: 120/128 | Elapsed Time: 24.04s
2026-02-13 01:43:25,835 | INFO | Batch 210 | Loss: 0.1199 | Correct: 124/128 | Elapsed Time: 24.25s
2026-02-13 01:43:50,192 | INFO | Batch 220 | Loss: 0.0728 | Correct: 125/128 | Elapsed Time: 24.36s
2026-02-13 01:44:14,397 | INFO | Batch 230 | Loss: 0.1191 | Correct: 123/128 | Elapsed Time: 24.20s
2026-02-13 01:44:38,384 | INFO | Batch 240 | Loss: 0.1139 | Correct: 122/128 | Elapsed Time: 23.99s
2026-02-13 01:45:02,618 | INFO | Batch 250 | Loss: 0.1092 | Correct: 123/128 | Elapsed Time: 24.23s
2026-02-13 01:45:26,793 | INFO | Batch 260 | Loss: 0.1083 | Correct: 122/128 | Elapsed Time: 24.17s
2026-02-13 01:45:50,929 | INFO | Batch 270 | Loss: 0.1501 | Correct: 121/128 | Elapsed Time: 24.14s
2026-02-13 01:46:15,079 | INFO | Batch 280 | Loss: 0.0897 | Correct: 125/128 | Elapsed Time: 24.15s
2026-02-13 01:46:39,190 | INFO | Batch 290 | Loss: 0.0722 | Correct: 126/128 | Elapsed Time: 24.11s
2026-02-13 01:47:03,352 | INFO | Batch 300 | Loss: 0.1050 | Correct: 124/128 | Elapsed Time: 24.16s
2026-02-13 01:47:27,484 | INFO | Batch 310 | Loss: 0.1941 | Correct: 119/128 | Elapsed Time: 24.13s
2026-02-13 01:47:51,622 | INFO | Batch 320 | Loss: 0.0734 | Correct: 123/128 | Elapsed Time: 24.14s
2026-02-13 01:48:15,814 | INFO | Batch 330 | Loss: 0.0720 | Correct: 125/128 | Elapsed Time: 24.19s
2026-02-13 01:48:39,884 | INFO | Batch 340 | Loss: 0.1055 | Correct: 121/128 | Elapsed Time: 24.07s
2026-02-13 01:49:04,262 | INFO | Batch 350 | Loss: 0.0802 | Correct: 125/128 | Elapsed Time: 24.38s
2026-02-13 01:49:28,630 | INFO | Batch 360 | Loss: 0.1202 | Correct: 121/128 | Elapsed Time: 24.37s
2026-02-13 01:49:52,795 | INFO | Batch 370 | Loss: 0.1311 | Correct: 121/128 | Elapsed Time: 24.17s
2026-02-13 01:50:16,867 | INFO | Batch 380 | Loss: 0.1686 | Correct: 120/128 | Elapsed Time: 24.07s
2026-02-13 01:50:40,935 | INFO | Batch 390 | Loss: 0.1648 | Correct: 119/128 | Elapsed Time: 24.07s
2026-02-13 01:50:42,596 | INFO | Epoch [97/100] - Loss: 0.1224 | Correct: 47807/50000 (95.61%, 944.28s)
2026-02-13 01:51:56,709 | INFO | Validation - Loss: 0.4612 | Correct: 8691/10000 (86.91%) (74.11s)
2026-02-13 01:52:21,036 | INFO | Batch 10 | Loss: 0.2333 | Correct: 115/128 | Elapsed Time: 24.32s
2026-02-13 01:52:44,861 | INFO | Batch 20 | Loss: 0.1612 | Correct: 122/128 | Elapsed Time: 23.82s
2026-02-13 01:53:08,833 | INFO | Batch 30 | Loss: 0.1336 | Correct: 122/128 | Elapsed Time: 23.97s
2026-02-13 01:53:32,191 | INFO | Batch 40 | Loss: 0.0556 | Correct: 125/128 | Elapsed Time: 23.36s
2026-02-13 01:53:55,560 | INFO | Batch 50 | Loss: 0.1237 | Correct: 121/128 | Elapsed Time: 23.37s
2026-02-13 01:54:18,927 | INFO | Batch 60 | Loss: 0.1420 | Correct: 122/128 | Elapsed Time: 23.37s
2026-02-13 01:54:42,359 | INFO | Batch 70 | Loss: 0.1245 | Correct: 125/128 | Elapsed Time: 23.43s
2026-02-13 01:55:06,463 | INFO | Batch 80 | Loss: 0.0740 | Correct: 126/128 | Elapsed Time: 24.10s
2026-02-13 01:55:30,809 | INFO | Batch 90 | Loss: 0.0988 | Correct: 124/128 | Elapsed Time: 24.35s
2026-02-13 01:55:54,997 | INFO | Batch 100 | Loss: 0.1768 | Correct: 119/128 | Elapsed Time: 24.19s
2026-02-13 01:56:19,142 | INFO | Batch 110 | Loss: 0.0968 | Correct: 122/128 | Elapsed Time: 24.14s
2026-02-13 01:56:43,336 | INFO | Batch 120 | Loss: 0.1050 | Correct: 124/128 | Elapsed Time: 24.19s
2026-02-13 01:57:07,478 | INFO | Batch 130 | Loss: 0.0836 | Correct: 122/128 | Elapsed Time: 24.14s
2026-02-13 01:57:31,649 | INFO | Batch 140 | Loss: 0.0729 | Correct: 125/128 | Elapsed Time: 24.17s
2026-02-13 01:57:55,808 | INFO | Batch 150 | Loss: 0.0581 | Correct: 126/128 | Elapsed Time: 24.16s
2026-02-13 01:58:20,006 | INFO | Batch 160 | Loss: 0.0972 | Correct: 124/128 | Elapsed Time: 24.20s
2026-02-13 01:58:44,130 | INFO | Batch 170 | Loss: 0.0823 | Correct: 124/128 | Elapsed Time: 24.12s
2026-02-13 01:59:08,571 | INFO | Batch 180 | Loss: 0.1305 | Correct: 121/128 | Elapsed Time: 24.44s
2026-02-13 01:59:32,704 | INFO | Batch 190 | Loss: 0.0674 | Correct: 125/128 | Elapsed Time: 24.13s
2026-02-13 01:59:57,015 | INFO | Batch 200 | Loss: 0.0992 | Correct: 124/128 | Elapsed Time: 24.31s
2026-02-13 02:00:21,278 | INFO | Batch 210 | Loss: 0.1248 | Correct: 123/128 | Elapsed Time: 24.26s
2026-02-13 02:00:45,456 | INFO | Batch 220 | Loss: 0.1222 | Correct: 122/128 | Elapsed Time: 24.18s
2026-02-13 02:01:09,646 | INFO | Batch 230 | Loss: 0.1070 | Correct: 123/128 | Elapsed Time: 24.19s
2026-02-13 02:01:33,791 | INFO | Batch 240 | Loss: 0.1257 | Correct: 120/128 | Elapsed Time: 24.14s
2026-02-13 02:01:57,945 | INFO | Batch 250 | Loss: 0.1675 | Correct: 118/128 | Elapsed Time: 24.15s
2026-02-13 02:02:21,777 | INFO | Batch 260 | Loss: 0.1399 | Correct: 123/128 | Elapsed Time: 23.83s
2026-02-13 02:02:45,873 | INFO | Batch 270 | Loss: 0.1517 | Correct: 123/128 | Elapsed Time: 24.10s
2026-02-13 02:03:10,099 | INFO | Batch 280 | Loss: 0.1235 | Correct: 122/128 | Elapsed Time: 24.23s
2026-02-13 02:03:34,237 | INFO | Batch 290 | Loss: 0.0601 | Correct: 125/128 | Elapsed Time: 24.14s
2026-02-13 02:03:58,399 | INFO | Batch 300 | Loss: 0.0934 | Correct: 124/128 | Elapsed Time: 24.16s
2026-02-13 02:04:22,667 | INFO | Batch 310 | Loss: 0.0981 | Correct: 125/128 | Elapsed Time: 24.27s
2026-02-13 02:04:46,892 | INFO | Batch 320 | Loss: 0.0671 | Correct: 125/128 | Elapsed Time: 24.22s
2026-02-13 02:05:11,270 | INFO | Batch 330 | Loss: 0.1884 | Correct: 119/128 | Elapsed Time: 24.38s
2026-02-13 02:05:35,446 | INFO | Batch 340 | Loss: 0.1135 | Correct: 124/128 | Elapsed Time: 24.18s
2026-02-13 02:05:59,611 | INFO | Batch 350 | Loss: 0.2169 | Correct: 118/128 | Elapsed Time: 24.17s
2026-02-13 02:06:23,880 | INFO | Batch 360 | Loss: 0.0800 | Correct: 125/128 | Elapsed Time: 24.27s
2026-02-13 02:06:48,059 | INFO | Batch 370 | Loss: 0.0953 | Correct: 124/128 | Elapsed Time: 24.18s
2026-02-13 02:07:12,288 | INFO | Batch 380 | Loss: 0.1907 | Correct: 121/128 | Elapsed Time: 24.23s
2026-02-13 02:07:36,578 | INFO | Batch 390 | Loss: 0.2195 | Correct: 119/128 | Elapsed Time: 24.29s
2026-02-13 02:07:38,219 | INFO | Epoch [98/100] - Loss: 0.1243 | Correct: 47777/50000 (95.55%, 941.51s)
2026-02-13 02:08:52,533 | INFO | Validation - Loss: 0.4607 | Correct: 8717/10000 (87.17%) (74.31s)
2026-02-13 02:09:17,156 | INFO | Batch 10 | Loss: 0.1614 | Correct: 119/128 | Elapsed Time: 24.62s
2026-02-13 02:09:41,058 | INFO | Batch 20 | Loss: 0.1716 | Correct: 120/128 | Elapsed Time: 23.90s
2026-02-13 02:10:05,162 | INFO | Batch 30 | Loss: 0.1770 | Correct: 121/128 | Elapsed Time: 24.10s
2026-02-13 02:10:29,313 | INFO | Batch 40 | Loss: 0.1140 | Correct: 122/128 | Elapsed Time: 24.15s
2026-02-13 02:10:53,446 | INFO | Batch 50 | Loss: 0.0997 | Correct: 123/128 | Elapsed Time: 24.13s
2026-02-13 02:11:17,689 | INFO | Batch 60 | Loss: 0.0969 | Correct: 123/128 | Elapsed Time: 24.24s
2026-02-13 02:11:41,839 | INFO | Batch 70 | Loss: 0.1427 | Correct: 122/128 | Elapsed Time: 24.15s
2026-02-13 02:12:05,899 | INFO | Batch 80 | Loss: 0.0534 | Correct: 127/128 | Elapsed Time: 24.06s
2026-02-13 02:12:30,087 | INFO | Batch 90 | Loss: 0.1195 | Correct: 121/128 | Elapsed Time: 24.19s
2026-02-13 02:12:54,272 | INFO | Batch 100 | Loss: 0.0443 | Correct: 127/128 | Elapsed Time: 24.18s
2026-02-13 02:13:18,614 | INFO | Batch 110 | Loss: 0.0948 | Correct: 123/128 | Elapsed Time: 24.34s
2026-02-13 02:13:42,939 | INFO | Batch 120 | Loss: 0.1288 | Correct: 123/128 | Elapsed Time: 24.33s
2026-02-13 02:14:07,216 | INFO | Batch 130 | Loss: 0.0922 | Correct: 123/128 | Elapsed Time: 24.28s
2026-02-13 02:14:31,499 | INFO | Batch 140 | Loss: 0.1429 | Correct: 121/128 | Elapsed Time: 24.28s
2026-02-13 02:14:55,720 | INFO | Batch 150 | Loss: 0.1104 | Correct: 121/128 | Elapsed Time: 24.22s
2026-02-13 02:15:19,851 | INFO | Batch 160 | Loss: 0.1569 | Correct: 120/128 | Elapsed Time: 24.13s
2026-02-13 02:15:43,972 | INFO | Batch 170 | Loss: 0.1255 | Correct: 121/128 | Elapsed Time: 24.12s
2026-02-13 02:16:08,324 | INFO | Batch 180 | Loss: 0.1639 | Correct: 120/128 | Elapsed Time: 24.35s
2026-02-13 02:16:32,582 | INFO | Batch 190 | Loss: 0.1470 | Correct: 121/128 | Elapsed Time: 24.26s
2026-02-13 02:16:56,830 | INFO | Batch 200 | Loss: 0.1055 | Correct: 123/128 | Elapsed Time: 24.25s
2026-02-13 02:17:20,792 | INFO | Batch 210 | Loss: 0.1250 | Correct: 123/128 | Elapsed Time: 23.96s
2026-02-13 02:17:44,684 | INFO | Batch 220 | Loss: 0.0928 | Correct: 123/128 | Elapsed Time: 23.89s
2026-02-13 02:18:08,851 | INFO | Batch 230 | Loss: 0.1401 | Correct: 121/128 | Elapsed Time: 24.17s
2026-02-13 02:18:33,159 | INFO | Batch 240 | Loss: 0.0719 | Correct: 126/128 | Elapsed Time: 24.31s
2026-02-13 02:18:57,384 | INFO | Batch 250 | Loss: 0.0926 | Correct: 123/128 | Elapsed Time: 24.22s
2026-02-13 02:19:22,173 | INFO | Batch 260 | Loss: 0.0989 | Correct: 122/128 | Elapsed Time: 24.79s
2026-02-13 02:19:46,349 | INFO | Batch 270 | Loss: 0.1619 | Correct: 122/128 | Elapsed Time: 24.18s
2026-02-13 02:20:10,516 | INFO | Batch 280 | Loss: 0.1418 | Correct: 120/128 | Elapsed Time: 24.17s
2026-02-13 02:20:34,739 | INFO | Batch 290 | Loss: 0.0877 | Correct: 124/128 | Elapsed Time: 24.22s
2026-02-13 02:20:58,960 | INFO | Batch 300 | Loss: 0.1525 | Correct: 120/128 | Elapsed Time: 24.22s
2026-02-13 02:21:23,135 | INFO | Batch 310 | Loss: 0.1834 | Correct: 120/128 | Elapsed Time: 24.17s
2026-02-13 02:21:47,226 | INFO | Batch 320 | Loss: 0.1599 | Correct: 119/128 | Elapsed Time: 24.09s
2026-02-13 02:22:11,533 | INFO | Batch 330 | Loss: 0.0777 | Correct: 124/128 | Elapsed Time: 24.31s
2026-02-13 02:22:35,724 | INFO | Batch 340 | Loss: 0.0874 | Correct: 125/128 | Elapsed Time: 24.19s
2026-02-13 02:22:59,928 | INFO | Batch 350 | Loss: 0.1480 | Correct: 119/128 | Elapsed Time: 24.20s
2026-02-13 02:23:24,154 | INFO | Batch 360 | Loss: 0.1425 | Correct: 122/128 | Elapsed Time: 24.23s
2026-02-13 02:23:48,343 | INFO | Batch 370 | Loss: 0.1557 | Correct: 122/128 | Elapsed Time: 24.19s
2026-02-13 02:24:12,516 | INFO | Batch 380 | Loss: 0.1834 | Correct: 119/128 | Elapsed Time: 24.17s
2026-02-13 02:24:36,641 | INFO | Batch 390 | Loss: 0.1538 | Correct: 123/128 | Elapsed Time: 24.12s
2026-02-13 02:24:38,307 | INFO | Epoch [99/100] - Loss: 0.1213 | Correct: 47845/50000 (95.69%, 945.77s)
2026-02-13 02:25:51,765 | INFO | Validation - Loss: 0.4621 | Correct: 8715/10000 (87.15%) (73.46s)
2026-02-13 02:26:16,063 | INFO | Batch 10 | Loss: 0.1277 | Correct: 122/128 | Elapsed Time: 24.29s
2026-02-13 02:26:40,299 | INFO | Batch 20 | Loss: 0.1785 | Correct: 115/128 | Elapsed Time: 24.24s
2026-02-13 02:27:04,472 | INFO | Batch 30 | Loss: 0.1548 | Correct: 121/128 | Elapsed Time: 24.17s
2026-02-13 02:27:28,696 | INFO | Batch 40 | Loss: 0.0751 | Correct: 124/128 | Elapsed Time: 24.22s
2026-02-13 02:27:52,742 | INFO | Batch 50 | Loss: 0.0749 | Correct: 124/128 | Elapsed Time: 24.05s
2026-02-13 02:28:16,757 | INFO | Batch 60 | Loss: 0.0724 | Correct: 125/128 | Elapsed Time: 24.01s
2026-02-13 02:28:40,747 | INFO | Batch 70 | Loss: 0.1295 | Correct: 121/128 | Elapsed Time: 23.99s
2026-02-13 02:29:05,307 | INFO | Batch 80 | Loss: 0.1584 | Correct: 120/128 | Elapsed Time: 24.56s
2026-02-13 02:29:29,442 | INFO | Batch 90 | Loss: 0.2572 | Correct: 120/128 | Elapsed Time: 24.14s
2026-02-13 02:29:53,708 | INFO | Batch 100 | Loss: 0.1343 | Correct: 125/128 | Elapsed Time: 24.27s
2026-02-13 02:30:17,945 | INFO | Batch 110 | Loss: 0.1170 | Correct: 124/128 | Elapsed Time: 24.24s
2026-02-13 02:30:42,259 | INFO | Batch 120 | Loss: 0.1449 | Correct: 121/128 | Elapsed Time: 24.31s
2026-02-13 02:31:06,491 | INFO | Batch 130 | Loss: 0.1101 | Correct: 125/128 | Elapsed Time: 24.23s
2026-02-13 02:31:30,482 | INFO | Batch 140 | Loss: 0.0768 | Correct: 123/128 | Elapsed Time: 23.99s
2026-02-13 02:31:54,570 | INFO | Batch 150 | Loss: 0.2597 | Correct: 116/128 | Elapsed Time: 24.09s
2026-02-13 02:32:18,881 | INFO | Batch 160 | Loss: 0.1156 | Correct: 124/128 | Elapsed Time: 24.31s
2026-02-13 02:32:43,139 | INFO | Batch 170 | Loss: 0.1540 | Correct: 122/128 | Elapsed Time: 24.26s
2026-02-13 02:33:07,205 | INFO | Batch 180 | Loss: 0.1925 | Correct: 120/128 | Elapsed Time: 24.07s
2026-02-13 02:33:31,410 | INFO | Batch 190 | Loss: 0.1412 | Correct: 121/128 | Elapsed Time: 24.20s
2026-02-13 02:33:55,601 | INFO | Batch 200 | Loss: 0.1707 | Correct: 121/128 | Elapsed Time: 24.19s
2026-02-13 02:34:19,844 | INFO | Batch 210 | Loss: 0.1314 | Correct: 122/128 | Elapsed Time: 24.24s
2026-02-13 02:34:44,085 | INFO | Batch 220 | Loss: 0.0858 | Correct: 126/128 | Elapsed Time: 24.24s
2026-02-13 02:35:08,392 | INFO | Batch 230 | Loss: 0.1237 | Correct: 120/128 | Elapsed Time: 24.31s
2026-02-13 02:35:32,480 | INFO | Batch 240 | Loss: 0.1152 | Correct: 121/128 | Elapsed Time: 24.09s
2026-02-13 02:35:56,638 | INFO | Batch 250 | Loss: 0.0844 | Correct: 123/128 | Elapsed Time: 24.16s
2026-02-13 02:36:20,849 | INFO | Batch 260 | Loss: 0.1704 | Correct: 119/128 | Elapsed Time: 24.21s
2026-02-13 02:36:45,032 | INFO | Batch 270 | Loss: 0.0914 | Correct: 125/128 | Elapsed Time: 24.18s
2026-02-13 02:37:09,358 | INFO | Batch 280 | Loss: 0.0904 | Correct: 125/128 | Elapsed Time: 24.33s
2026-02-13 02:37:33,572 | INFO | Batch 290 | Loss: 0.1213 | Correct: 124/128 | Elapsed Time: 24.21s
2026-02-13 02:37:57,711 | INFO | Batch 300 | Loss: 0.1276 | Correct: 121/128 | Elapsed Time: 24.14s
2026-02-13 02:38:21,950 | INFO | Batch 310 | Loss: 0.0945 | Correct: 125/128 | Elapsed Time: 24.24s
2026-02-13 02:38:45,996 | INFO | Batch 320 | Loss: 0.1546 | Correct: 122/128 | Elapsed Time: 24.05s
2026-02-13 02:39:10,499 | INFO | Batch 330 | Loss: 0.1404 | Correct: 122/128 | Elapsed Time: 24.50s
2026-02-13 02:39:34,805 | INFO | Batch 340 | Loss: 0.1105 | Correct: 123/128 | Elapsed Time: 24.31s
2026-02-13 02:39:59,106 | INFO | Batch 350 | Loss: 0.1145 | Correct: 121/128 | Elapsed Time: 24.30s
2026-02-13 02:40:23,268 | INFO | Batch 360 | Loss: 0.1070 | Correct: 125/128 | Elapsed Time: 24.16s
2026-02-13 02:40:47,180 | INFO | Batch 370 | Loss: 0.1092 | Correct: 124/128 | Elapsed Time: 23.91s
2026-02-13 02:41:11,415 | INFO | Batch 380 | Loss: 0.1643 | Correct: 121/128 | Elapsed Time: 24.23s
2026-02-13 02:41:35,466 | INFO | Batch 390 | Loss: 0.0896 | Correct: 123/128 | Elapsed Time: 24.05s
2026-02-13 02:41:37,105 | INFO | Epoch [100/100] - Loss: 0.1227 | Correct: 47784/50000 (95.57%, 945.34s)
2026-02-13 02:42:50,860 | INFO | Validation - Loss: 0.4627 | Correct: 8714/10000 (87.14%) (73.75s)
2026-02-13 02:42:50,863 | INFO | Training complete.
2026-02-13 02:42:50,975 | INFO | Final model saved to ./checkpoints/mobilenetv1_lns_final_20260211_225442.pt
