2026-02-09 23:20:21,169 | INFO | Training ShuffleNetV2 on CIFAR-10 with LNS64 (f=7, lookup table=True) on device cuda:0
2026-02-09 23:20:21,169 | INFO | Hyperparameters: epochs=100, batch_size=128, lr=0.05, momentum=0.9, weight_decay=0.0001
2026-02-09 23:22:51,575 | INFO | Batch 10 | Loss: 2.5657 | Correct: 11/128 | Elapsed Time: 150.41s
2026-02-09 23:23:05,831 | INFO | Batch 20 | Loss: 2.3913 | Correct: 22/128 | Elapsed Time: 14.26s
2026-02-09 23:23:19,523 | INFO | Batch 30 | Loss: 2.6649 | Correct: 21/128 | Elapsed Time: 13.69s
2026-02-09 23:23:33,176 | INFO | Batch 40 | Loss: 2.5244 | Correct: 22/128 | Elapsed Time: 13.65s
2026-02-09 23:23:46,769 | INFO | Batch 50 | Loss: 2.6362 | Correct: 26/128 | Elapsed Time: 13.59s
2026-02-09 23:24:00,382 | INFO | Batch 60 | Loss: 2.8284 | Correct: 15/128 | Elapsed Time: 13.61s
2026-02-09 23:24:14,015 | INFO | Batch 70 | Loss: 2.6649 | Correct: 16/128 | Elapsed Time: 13.63s
2026-02-09 23:24:27,645 | INFO | Batch 80 | Loss: 2.4305 | Correct: 24/128 | Elapsed Time: 13.63s
2026-02-09 23:24:41,225 | INFO | Batch 90 | Loss: 2.4043 | Correct: 28/128 | Elapsed Time: 13.58s
2026-02-09 23:24:54,895 | INFO | Batch 100 | Loss: 3.4747 | Correct: 19/128 | Elapsed Time: 13.67s
2026-02-09 23:25:08,510 | INFO | Batch 110 | Loss: 2.4174 | Correct: 33/128 | Elapsed Time: 13.62s
2026-02-09 23:25:22,130 | INFO | Batch 120 | Loss: 2.2530 | Correct: 34/128 | Elapsed Time: 13.62s
2026-02-09 23:25:35,912 | INFO | Batch 130 | Loss: 1.9152 | Correct: 35/128 | Elapsed Time: 13.78s
2026-02-09 23:25:49,531 | INFO | Batch 140 | Loss: 2.4570 | Correct: 32/128 | Elapsed Time: 13.62s
2026-02-09 23:26:03,303 | INFO | Batch 150 | Loss: 2.7085 | Correct: 31/128 | Elapsed Time: 13.77s
2026-02-09 23:26:17,068 | INFO | Batch 160 | Loss: 2.2409 | Correct: 34/128 | Elapsed Time: 13.77s
2026-02-09 23:26:30,558 | INFO | Batch 170 | Loss: 2.3401 | Correct: 32/128 | Elapsed Time: 13.49s
2026-02-09 23:26:44,287 | INFO | Batch 180 | Loss: 2.9061 | Correct: 33/128 | Elapsed Time: 13.73s
2026-02-09 23:26:58,052 | INFO | Batch 190 | Loss: 2.6078 | Correct: 29/128 | Elapsed Time: 13.76s
2026-02-09 23:27:11,768 | INFO | Batch 200 | Loss: 2.8438 | Correct: 27/128 | Elapsed Time: 13.72s
2026-02-09 23:27:25,428 | INFO | Batch 210 | Loss: 2.7232 | Correct: 40/128 | Elapsed Time: 13.66s
2026-02-09 23:27:39,115 | INFO | Batch 220 | Loss: 2.1575 | Correct: 44/128 | Elapsed Time: 13.69s
2026-02-09 23:27:52,883 | INFO | Batch 230 | Loss: 2.1228 | Correct: 33/128 | Elapsed Time: 13.77s
2026-02-09 23:28:06,459 | INFO | Batch 240 | Loss: 2.2409 | Correct: 23/128 | Elapsed Time: 13.58s
2026-02-09 23:28:20,199 | INFO | Batch 250 | Loss: 2.2409 | Correct: 47/128 | Elapsed Time: 13.74s
2026-02-09 23:28:33,910 | INFO | Batch 260 | Loss: 1.9571 | Correct: 38/128 | Elapsed Time: 13.71s
2026-02-09 23:28:47,404 | INFO | Batch 270 | Loss: 1.9892 | Correct: 41/128 | Elapsed Time: 13.49s
2026-02-09 23:29:01,101 | INFO | Batch 280 | Loss: 2.4043 | Correct: 40/128 | Elapsed Time: 13.70s
2026-02-09 23:29:14,734 | INFO | Batch 290 | Loss: 2.1343 | Correct: 37/128 | Elapsed Time: 13.63s
2026-02-09 23:29:28,234 | INFO | Batch 300 | Loss: 2.2530 | Correct: 42/128 | Elapsed Time: 13.50s
2026-02-09 23:29:41,848 | INFO | Batch 310 | Loss: 1.7754 | Correct: 44/128 | Elapsed Time: 13.61s
2026-02-09 23:29:55,266 | INFO | Batch 320 | Loss: 1.9256 | Correct: 42/128 | Elapsed Time: 13.42s
2026-02-09 23:30:08,915 | INFO | Batch 330 | Loss: 2.9858 | Correct: 41/128 | Elapsed Time: 13.65s
2026-02-09 23:30:22,265 | INFO | Batch 340 | Loss: 1.9466 | Correct: 35/128 | Elapsed Time: 13.35s
2026-02-09 23:30:35,671 | INFO | Batch 350 | Loss: 2.1343 | Correct: 32/128 | Elapsed Time: 13.41s
2026-02-09 23:30:49,157 | INFO | Batch 360 | Loss: 2.1929 | Correct: 42/128 | Elapsed Time: 13.49s
2026-02-09 23:31:02,500 | INFO | Batch 370 | Loss: 2.0328 | Correct: 35/128 | Elapsed Time: 13.34s
2026-02-09 23:31:16,009 | INFO | Batch 380 | Loss: 1.8340 | Correct: 44/128 | Elapsed Time: 13.51s
2026-02-09 23:31:29,510 | INFO | Batch 390 | Loss: 2.1575 | Correct: 37/128 | Elapsed Time: 13.50s
2026-02-09 23:31:35,957 | INFO | Epoch [1/100] - Loss: 2.3190 | Correct: 12563/50000 (25.13%, 674.79s)
2026-02-09 23:32:26,492 | INFO | Validation - Loss: 2.5128 | Correct: 3405/10000 (34.05%) (50.53s)
2026-02-09 23:32:26,601 | INFO | New best model saved at epoch 1 with Top1 Acc: 34.05%
2026-02-09 23:32:40,150 | INFO | Batch 10 | Loss: 2.4174 | Correct: 33/128 | Elapsed Time: 13.55s
2026-02-09 23:32:53,477 | INFO | Batch 20 | Loss: 2.6649 | Correct: 37/128 | Elapsed Time: 13.33s
2026-02-09 23:33:07,472 | INFO | Batch 30 | Loss: 1.7850 | Correct: 44/128 | Elapsed Time: 14.00s
2026-02-09 23:33:20,878 | INFO | Batch 40 | Loss: 2.0109 | Correct: 39/128 | Elapsed Time: 13.41s
2026-02-09 23:33:34,203 | INFO | Batch 50 | Loss: 1.8440 | Correct: 45/128 | Elapsed Time: 13.33s
2026-02-09 23:33:47,573 | INFO | Batch 60 | Loss: 1.8946 | Correct: 37/128 | Elapsed Time: 13.37s
2026-02-09 23:34:00,836 | INFO | Batch 70 | Loss: 1.9152 | Correct: 38/128 | Elapsed Time: 13.26s
2026-02-09 23:34:14,058 | INFO | Batch 80 | Loss: 1.9361 | Correct: 46/128 | Elapsed Time: 13.22s
2026-02-09 23:34:27,319 | INFO | Batch 90 | Loss: 1.7947 | Correct: 41/128 | Elapsed Time: 13.26s
2026-02-09 23:34:40,490 | INFO | Batch 100 | Loss: 1.7001 | Correct: 48/128 | Elapsed Time: 13.17s
2026-02-09 23:34:53,784 | INFO | Batch 110 | Loss: 1.9361 | Correct: 33/128 | Elapsed Time: 13.29s
2026-02-09 23:35:07,051 | INFO | Batch 120 | Loss: 1.7093 | Correct: 55/128 | Elapsed Time: 13.27s
2026-02-09 23:35:20,245 | INFO | Batch 130 | Loss: 1.6280 | Correct: 48/128 | Elapsed Time: 13.19s
2026-02-09 23:35:33,504 | INFO | Batch 140 | Loss: 1.8340 | Correct: 45/128 | Elapsed Time: 13.26s
2026-02-09 23:35:46,696 | INFO | Batch 150 | Loss: 1.7754 | Correct: 45/128 | Elapsed Time: 13.19s
2026-02-09 23:35:59,915 | INFO | Batch 160 | Loss: 1.8440 | Correct: 47/128 | Elapsed Time: 13.22s
2026-02-09 23:36:13,214 | INFO | Batch 170 | Loss: 1.6637 | Correct: 47/128 | Elapsed Time: 13.30s
2026-02-09 23:36:26,328 | INFO | Batch 180 | Loss: 1.8440 | Correct: 42/128 | Elapsed Time: 13.11s
2026-02-09 23:36:39,588 | INFO | Batch 190 | Loss: 1.6818 | Correct: 49/128 | Elapsed Time: 13.26s
2026-02-09 23:36:52,852 | INFO | Batch 200 | Loss: 1.5931 | Correct: 57/128 | Elapsed Time: 13.26s
2026-02-09 23:37:05,940 | INFO | Batch 210 | Loss: 1.5760 | Correct: 48/128 | Elapsed Time: 13.09s
2026-02-09 23:37:19,171 | INFO | Batch 220 | Loss: 1.7373 | Correct: 51/128 | Elapsed Time: 13.23s
2026-02-09 23:37:32,377 | INFO | Batch 230 | Loss: 1.6280 | Correct: 52/128 | Elapsed Time: 13.21s
2026-02-09 23:37:45,429 | INFO | Batch 240 | Loss: 1.7001 | Correct: 43/128 | Elapsed Time: 13.05s
2026-02-09 23:37:58,631 | INFO | Batch 250 | Loss: 1.7280 | Correct: 43/128 | Elapsed Time: 13.20s
2026-02-09 23:38:11,956 | INFO | Batch 260 | Loss: 1.7186 | Correct: 53/128 | Elapsed Time: 13.33s
2026-02-09 23:38:24,993 | INFO | Batch 270 | Loss: 1.5845 | Correct: 58/128 | Elapsed Time: 13.04s
2026-02-09 23:38:38,149 | INFO | Batch 280 | Loss: 1.5339 | Correct: 57/128 | Elapsed Time: 13.16s
2026-02-09 23:38:51,202 | INFO | Batch 290 | Loss: 1.4929 | Correct: 54/128 | Elapsed Time: 13.05s
2026-02-09 23:39:04,253 | INFO | Batch 300 | Loss: 1.7280 | Correct: 47/128 | Elapsed Time: 13.05s
2026-02-09 23:39:17,330 | INFO | Batch 310 | Loss: 1.5506 | Correct: 53/128 | Elapsed Time: 13.08s
2026-02-09 23:39:30,332 | INFO | Batch 320 | Loss: 1.5590 | Correct: 52/128 | Elapsed Time: 13.00s
2026-02-09 23:39:43,348 | INFO | Batch 330 | Loss: 1.7563 | Correct: 46/128 | Elapsed Time: 13.02s
2026-02-09 23:39:56,411 | INFO | Batch 340 | Loss: 1.6280 | Correct: 55/128 | Elapsed Time: 13.06s
2026-02-09 23:40:09,474 | INFO | Batch 350 | Loss: 1.7754 | Correct: 47/128 | Elapsed Time: 13.06s
2026-02-09 23:40:22,406 | INFO | Batch 360 | Loss: 1.5506 | Correct: 58/128 | Elapsed Time: 12.93s
2026-02-09 23:40:35,485 | INFO | Batch 370 | Loss: 1.6105 | Correct: 47/128 | Elapsed Time: 13.08s
2026-02-09 23:40:48,399 | INFO | Batch 380 | Loss: 1.5590 | Correct: 48/128 | Elapsed Time: 12.91s
2026-02-09 23:41:01,424 | INFO | Batch 390 | Loss: 1.8143 | Correct: 48/128 | Elapsed Time: 13.02s
2026-02-09 23:41:02,504 | INFO | Epoch [2/100] - Loss: 1.7581 | Correct: 18778/50000 (37.56%, 515.90s)
2026-02-09 23:41:48,679 | INFO | Validation - Loss: 1.5380 | Correct: 4442/10000 (44.42%) (46.17s)
2026-02-09 23:41:48,814 | INFO | New best model saved at epoch 2 with Top1 Acc: 44.42%
2026-02-09 23:42:01,698 | INFO | Batch 10 | Loss: 1.6369 | Correct: 54/128 | Elapsed Time: 12.88s
2026-02-09 23:42:14,887 | INFO | Batch 20 | Loss: 1.5675 | Correct: 51/128 | Elapsed Time: 13.19s
2026-02-09 23:42:27,924 | INFO | Batch 30 | Loss: 1.6458 | Correct: 60/128 | Elapsed Time: 13.04s
2026-02-09 23:42:40,834 | INFO | Batch 40 | Loss: 1.3990 | Correct: 61/128 | Elapsed Time: 12.91s
2026-02-09 23:42:53,923 | INFO | Batch 50 | Loss: 1.5931 | Correct: 48/128 | Elapsed Time: 13.09s
2026-02-09 23:43:07,627 | INFO | Batch 60 | Loss: 1.6727 | Correct: 57/128 | Elapsed Time: 13.70s
2026-02-09 23:43:20,743 | INFO | Batch 70 | Loss: 1.5256 | Correct: 53/128 | Elapsed Time: 13.12s
2026-02-09 23:43:33,727 | INFO | Batch 80 | Loss: 1.6105 | Correct: 56/128 | Elapsed Time: 12.98s
2026-02-09 23:43:46,702 | INFO | Batch 90 | Loss: 1.5010 | Correct: 60/128 | Elapsed Time: 12.97s
2026-02-09 23:43:59,803 | INFO | Batch 100 | Loss: 1.4374 | Correct: 63/128 | Elapsed Time: 13.10s
2026-02-09 23:44:12,774 | INFO | Batch 110 | Loss: 1.5092 | Correct: 56/128 | Elapsed Time: 12.97s
2026-02-09 23:44:25,794 | INFO | Batch 120 | Loss: 1.3469 | Correct: 69/128 | Elapsed Time: 13.02s
2026-02-09 23:44:38,852 | INFO | Batch 130 | Loss: 1.4848 | Correct: 57/128 | Elapsed Time: 13.06s
2026-02-09 23:44:51,737 | INFO | Batch 140 | Loss: 1.4609 | Correct: 60/128 | Elapsed Time: 12.88s
2026-02-09 23:45:04,829 | INFO | Batch 150 | Loss: 1.6547 | Correct: 54/128 | Elapsed Time: 13.09s
2026-02-09 23:45:17,929 | INFO | Batch 160 | Loss: 1.6105 | Correct: 51/128 | Elapsed Time: 13.10s
2026-02-09 23:45:30,898 | INFO | Batch 170 | Loss: 1.5174 | Correct: 55/128 | Elapsed Time: 12.97s
2026-02-09 23:45:43,971 | INFO | Batch 180 | Loss: 1.5339 | Correct: 57/128 | Elapsed Time: 13.07s
2026-02-09 23:45:57,004 | INFO | Batch 190 | Loss: 1.4142 | Correct: 74/128 | Elapsed Time: 13.03s
2026-02-09 23:46:09,866 | INFO | Batch 200 | Loss: 1.5760 | Correct: 59/128 | Elapsed Time: 12.86s
2026-02-09 23:46:22,891 | INFO | Batch 210 | Loss: 1.4296 | Correct: 63/128 | Elapsed Time: 13.03s
2026-02-09 23:46:35,951 | INFO | Batch 220 | Loss: 1.4609 | Correct: 55/128 | Elapsed Time: 13.06s
2026-02-09 23:46:48,846 | INFO | Batch 230 | Loss: 1.5506 | Correct: 58/128 | Elapsed Time: 12.89s
2026-02-09 23:47:01,946 | INFO | Batch 240 | Loss: 1.5422 | Correct: 52/128 | Elapsed Time: 13.10s
2026-02-09 23:47:15,005 | INFO | Batch 250 | Loss: 1.3324 | Correct: 61/128 | Elapsed Time: 13.06s
2026-02-09 23:47:27,962 | INFO | Batch 260 | Loss: 1.5506 | Correct: 58/128 | Elapsed Time: 12.96s
2026-02-09 23:47:41,038 | INFO | Batch 270 | Loss: 1.3690 | Correct: 67/128 | Elapsed Time: 13.08s
2026-02-09 23:47:54,045 | INFO | Batch 280 | Loss: 1.4066 | Correct: 63/128 | Elapsed Time: 13.01s
2026-02-09 23:48:07,105 | INFO | Batch 290 | Loss: 1.4929 | Correct: 55/128 | Elapsed Time: 13.06s
2026-02-09 23:48:19,937 | INFO | Batch 300 | Loss: 1.2419 | Correct: 74/128 | Elapsed Time: 12.83s
2026-02-09 23:48:32,902 | INFO | Batch 310 | Loss: 1.6105 | Correct: 53/128 | Elapsed Time: 12.97s
2026-02-09 23:48:45,975 | INFO | Batch 320 | Loss: 1.5422 | Correct: 55/128 | Elapsed Time: 13.07s
2026-02-09 23:48:58,906 | INFO | Batch 330 | Loss: 1.5092 | Correct: 59/128 | Elapsed Time: 12.93s
2026-02-09 23:49:12,003 | INFO | Batch 340 | Loss: 1.4219 | Correct: 60/128 | Elapsed Time: 13.10s
2026-02-09 23:49:25,095 | INFO | Batch 350 | Loss: 1.4219 | Correct: 65/128 | Elapsed Time: 13.09s
2026-02-09 23:49:38,043 | INFO | Batch 360 | Loss: 1.5506 | Correct: 54/128 | Elapsed Time: 12.95s
2026-02-09 23:49:51,058 | INFO | Batch 370 | Loss: 1.3839 | Correct: 67/128 | Elapsed Time: 13.01s
2026-02-09 23:50:04,239 | INFO | Batch 380 | Loss: 1.3324 | Correct: 65/128 | Elapsed Time: 13.18s
2026-02-09 23:50:17,270 | INFO | Batch 390 | Loss: 1.4689 | Correct: 58/128 | Elapsed Time: 13.03s
2026-02-09 23:50:18,315 | INFO | Epoch [3/100] - Loss: 1.5035 | Correct: 22661/50000 (45.32%, 509.50s)
2026-02-09 23:51:04,341 | INFO | Validation - Loss: 1.4444 | Correct: 4787/10000 (47.87%) (46.02s)
2026-02-09 23:51:04,475 | INFO | New best model saved at epoch 3 with Top1 Acc: 47.87%
2026-02-09 23:51:17,566 | INFO | Batch 10 | Loss: 1.4689 | Correct: 60/128 | Elapsed Time: 13.09s
2026-02-09 23:51:30,569 | INFO | Batch 20 | Loss: 1.4929 | Correct: 55/128 | Elapsed Time: 13.00s
2026-02-09 23:51:43,812 | INFO | Batch 30 | Loss: 1.4142 | Correct: 63/128 | Elapsed Time: 13.24s
2026-02-09 23:51:56,852 | INFO | Batch 40 | Loss: 1.3324 | Correct: 67/128 | Elapsed Time: 13.04s
2026-02-09 23:52:10,021 | INFO | Batch 50 | Loss: 1.5256 | Correct: 60/128 | Elapsed Time: 13.17s
2026-02-09 23:52:22,943 | INFO | Batch 60 | Loss: 1.3397 | Correct: 69/128 | Elapsed Time: 12.92s
2026-02-09 23:52:35,959 | INFO | Batch 70 | Loss: 1.2898 | Correct: 70/128 | Elapsed Time: 13.02s
2026-02-09 23:52:48,980 | INFO | Batch 80 | Loss: 1.4609 | Correct: 57/128 | Elapsed Time: 13.02s
2026-02-09 23:53:02,143 | INFO | Batch 90 | Loss: 1.5092 | Correct: 62/128 | Elapsed Time: 13.16s
2026-02-09 23:53:15,494 | INFO | Batch 100 | Loss: 1.4848 | Correct: 55/128 | Elapsed Time: 13.35s
2026-02-09 23:53:28,564 | INFO | Batch 110 | Loss: 1.3914 | Correct: 63/128 | Elapsed Time: 13.07s
2026-02-09 23:53:41,536 | INFO | Batch 120 | Loss: 1.3839 | Correct: 65/128 | Elapsed Time: 12.97s
2026-02-09 23:53:54,440 | INFO | Batch 130 | Loss: 1.4374 | Correct: 60/128 | Elapsed Time: 12.90s
2026-02-09 23:54:07,527 | INFO | Batch 140 | Loss: 1.4452 | Correct: 59/128 | Elapsed Time: 13.09s
2026-02-09 23:54:20,525 | INFO | Batch 150 | Loss: 1.3181 | Correct: 59/128 | Elapsed Time: 13.00s
2026-02-09 23:54:33,462 | INFO | Batch 160 | Loss: 1.3764 | Correct: 61/128 | Elapsed Time: 12.94s
2026-02-09 23:54:46,399 | INFO | Batch 170 | Loss: 1.3690 | Correct: 68/128 | Elapsed Time: 12.94s
2026-02-09 23:54:59,322 | INFO | Batch 180 | Loss: 1.1957 | Correct: 70/128 | Elapsed Time: 12.92s
2026-02-09 23:55:12,254 | INFO | Batch 190 | Loss: 1.4219 | Correct: 59/128 | Elapsed Time: 12.93s
2026-02-09 23:55:25,350 | INFO | Batch 200 | Loss: 1.4848 | Correct: 57/128 | Elapsed Time: 13.10s
2026-02-09 23:55:38,320 | INFO | Batch 210 | Loss: 1.3397 | Correct: 66/128 | Elapsed Time: 12.97s
2026-02-09 23:55:51,276 | INFO | Batch 220 | Loss: 1.4066 | Correct: 64/128 | Elapsed Time: 12.96s
2026-02-09 23:56:04,383 | INFO | Batch 230 | Loss: 1.3397 | Correct: 55/128 | Elapsed Time: 13.11s
2026-02-09 23:56:17,381 | INFO | Batch 240 | Loss: 1.3397 | Correct: 68/128 | Elapsed Time: 13.00s
2026-02-09 23:56:30,303 | INFO | Batch 250 | Loss: 1.4929 | Correct: 54/128 | Elapsed Time: 12.92s
2026-02-09 23:56:43,298 | INFO | Batch 260 | Loss: 1.4219 | Correct: 58/128 | Elapsed Time: 12.99s
2026-02-09 23:56:56,302 | INFO | Batch 270 | Loss: 1.4689 | Correct: 61/128 | Elapsed Time: 13.00s
2026-02-09 23:57:09,311 | INFO | Batch 280 | Loss: 1.4142 | Correct: 59/128 | Elapsed Time: 13.01s
2026-02-09 23:57:22,271 | INFO | Batch 290 | Loss: 1.4452 | Correct: 55/128 | Elapsed Time: 12.96s
2026-02-09 23:57:35,286 | INFO | Batch 300 | Loss: 1.4296 | Correct: 62/128 | Elapsed Time: 13.01s
2026-02-09 23:57:48,317 | INFO | Batch 310 | Loss: 1.3543 | Correct: 63/128 | Elapsed Time: 13.03s
2026-02-09 23:58:01,156 | INFO | Batch 320 | Loss: 1.5256 | Correct: 59/128 | Elapsed Time: 12.84s
2026-02-09 23:58:14,186 | INFO | Batch 330 | Loss: 1.6369 | Correct: 52/128 | Elapsed Time: 13.03s
2026-02-09 23:58:27,228 | INFO | Batch 340 | Loss: 1.3543 | Correct: 61/128 | Elapsed Time: 13.04s
2026-02-09 23:58:40,106 | INFO | Batch 350 | Loss: 1.2622 | Correct: 65/128 | Elapsed Time: 12.88s
2026-02-09 23:58:53,119 | INFO | Batch 360 | Loss: 1.2554 | Correct: 70/128 | Elapsed Time: 13.01s
2026-02-09 23:59:06,215 | INFO | Batch 370 | Loss: 1.3616 | Correct: 72/128 | Elapsed Time: 13.10s
2026-02-09 23:59:19,087 | INFO | Batch 380 | Loss: 1.5339 | Correct: 62/128 | Elapsed Time: 12.87s
2026-02-09 23:59:32,125 | INFO | Batch 390 | Loss: 1.4296 | Correct: 63/128 | Elapsed Time: 13.04s
2026-02-09 23:59:33,165 | INFO | Epoch [4/100] - Loss: 1.4110 | Correct: 24424/50000 (48.85%, 508.69s)
2026-02-10 00:00:19,172 | INFO | Validation - Loss: 1.3765 | Correct: 5082/10000 (50.82%) (46.01s)
2026-02-10 00:00:19,311 | INFO | New best model saved at epoch 4 with Top1 Acc: 50.82%
2026-02-10 00:00:32,258 | INFO | Batch 10 | Loss: 1.3543 | Correct: 69/128 | Elapsed Time: 12.95s
2026-02-10 00:00:45,213 | INFO | Batch 20 | Loss: 1.3616 | Correct: 63/128 | Elapsed Time: 12.95s
2026-02-10 00:00:58,240 | INFO | Batch 30 | Loss: 1.4452 | Correct: 58/128 | Elapsed Time: 13.03s
2026-02-10 00:01:11,236 | INFO | Batch 40 | Loss: 1.2968 | Correct: 63/128 | Elapsed Time: 13.00s
2026-02-10 00:01:24,231 | INFO | Batch 50 | Loss: 1.4530 | Correct: 66/128 | Elapsed Time: 13.00s
2026-02-10 00:01:37,049 | INFO | Batch 60 | Loss: 1.2218 | Correct: 71/128 | Elapsed Time: 12.82s
2026-02-10 00:01:50,056 | INFO | Batch 70 | Loss: 1.3397 | Correct: 66/128 | Elapsed Time: 13.01s
2026-02-10 00:02:03,049 | INFO | Batch 80 | Loss: 1.5422 | Correct: 60/128 | Elapsed Time: 12.99s
2026-02-10 00:02:15,936 | INFO | Batch 90 | Loss: 1.3616 | Correct: 67/128 | Elapsed Time: 12.89s
2026-02-10 00:02:29,019 | INFO | Batch 100 | Loss: 1.5675 | Correct: 61/128 | Elapsed Time: 13.08s
2026-02-10 00:02:41,983 | INFO | Batch 110 | Loss: 1.4848 | Correct: 59/128 | Elapsed Time: 12.96s
2026-02-10 00:02:55,027 | INFO | Batch 120 | Loss: 1.4768 | Correct: 68/128 | Elapsed Time: 13.04s
2026-02-10 00:03:08,612 | INFO | Batch 130 | Loss: 1.2829 | Correct: 70/128 | Elapsed Time: 13.59s
2026-02-10 00:03:21,668 | INFO | Batch 140 | Loss: 1.1574 | Correct: 73/128 | Elapsed Time: 13.06s
2026-02-10 00:03:34,585 | INFO | Batch 150 | Loss: 1.3764 | Correct: 64/128 | Elapsed Time: 12.92s
2026-02-10 00:03:47,547 | INFO | Batch 160 | Loss: 1.3914 | Correct: 66/128 | Elapsed Time: 12.96s
2026-02-10 00:04:00,596 | INFO | Batch 170 | Loss: 1.4219 | Correct: 63/128 | Elapsed Time: 13.05s
2026-02-10 00:04:13,615 | INFO | Batch 180 | Loss: 1.2419 | Correct: 73/128 | Elapsed Time: 13.02s
2026-02-10 00:04:26,556 | INFO | Batch 190 | Loss: 1.3469 | Correct: 65/128 | Elapsed Time: 12.94s
2026-02-10 00:04:39,638 | INFO | Batch 200 | Loss: 1.3324 | Correct: 59/128 | Elapsed Time: 13.08s
2026-02-10 00:04:52,561 | INFO | Batch 210 | Loss: 1.3764 | Correct: 54/128 | Elapsed Time: 12.92s
2026-02-10 00:05:05,602 | INFO | Batch 220 | Loss: 1.2968 | Correct: 67/128 | Elapsed Time: 13.04s
2026-02-10 00:05:18,652 | INFO | Batch 230 | Loss: 1.2554 | Correct: 71/128 | Elapsed Time: 13.05s
2026-02-10 00:05:31,530 | INFO | Batch 240 | Loss: 1.4929 | Correct: 58/128 | Elapsed Time: 12.88s
2026-02-10 00:05:44,682 | INFO | Batch 250 | Loss: 1.2829 | Correct: 69/128 | Elapsed Time: 13.15s
2026-02-10 00:05:57,686 | INFO | Batch 260 | Loss: 1.4609 | Correct: 65/128 | Elapsed Time: 13.00s
2026-02-10 00:06:10,759 | INFO | Batch 270 | Loss: 1.4848 | Correct: 66/128 | Elapsed Time: 13.07s
2026-02-10 00:06:23,653 | INFO | Batch 280 | Loss: 1.3914 | Correct: 66/128 | Elapsed Time: 12.89s
2026-02-10 00:06:36,638 | INFO | Batch 290 | Loss: 1.3397 | Correct: 71/128 | Elapsed Time: 12.99s
2026-02-10 00:06:49,661 | INFO | Batch 300 | Loss: 1.2898 | Correct: 73/128 | Elapsed Time: 13.02s
2026-02-10 00:07:02,523 | INFO | Batch 310 | Loss: 1.2352 | Correct: 69/128 | Elapsed Time: 12.86s
2026-02-10 00:07:15,526 | INFO | Batch 320 | Loss: 1.5931 | Correct: 62/128 | Elapsed Time: 13.00s
2026-02-10 00:07:28,620 | INFO | Batch 330 | Loss: 1.3914 | Correct: 60/128 | Elapsed Time: 13.09s
2026-02-10 00:07:41,461 | INFO | Batch 340 | Loss: 1.3469 | Correct: 70/128 | Elapsed Time: 12.84s
2026-02-10 00:07:54,535 | INFO | Batch 350 | Loss: 1.2419 | Correct: 71/128 | Elapsed Time: 13.07s
2026-02-10 00:08:07,683 | INFO | Batch 360 | Loss: 1.2419 | Correct: 73/128 | Elapsed Time: 13.15s
2026-02-10 00:08:20,547 | INFO | Batch 370 | Loss: 1.1574 | Correct: 71/128 | Elapsed Time: 12.86s
2026-02-10 00:08:33,570 | INFO | Batch 380 | Loss: 1.3110 | Correct: 65/128 | Elapsed Time: 13.02s
2026-02-10 00:08:46,617 | INFO | Batch 390 | Loss: 1.3324 | Correct: 65/128 | Elapsed Time: 13.05s
2026-02-10 00:08:47,635 | INFO | Epoch [5/100] - Loss: 1.3451 | Correct: 25690/50000 (51.38%, 508.32s)
2026-02-10 00:09:33,414 | INFO | Validation - Loss: 1.3273 | Correct: 5211/10000 (52.11%) (45.78s)
2026-02-10 00:09:33,549 | INFO | New best model saved at epoch 5 with Top1 Acc: 52.11%
2026-02-10 00:09:46,563 | INFO | Batch 10 | Loss: 1.1326 | Correct: 79/128 | Elapsed Time: 13.01s
2026-02-10 00:09:59,381 | INFO | Batch 20 | Loss: 1.2554 | Correct: 75/128 | Elapsed Time: 12.82s
2026-02-10 00:10:12,394 | INFO | Batch 30 | Loss: 1.1828 | Correct: 69/128 | Elapsed Time: 13.01s
2026-02-10 00:10:25,390 | INFO | Batch 40 | Loss: 1.2759 | Correct: 71/128 | Elapsed Time: 13.00s
2026-02-10 00:10:38,198 | INFO | Batch 50 | Loss: 1.2691 | Correct: 65/128 | Elapsed Time: 12.81s
2026-02-10 00:10:51,248 | INFO | Batch 60 | Loss: 1.2285 | Correct: 72/128 | Elapsed Time: 13.05s
2026-02-10 00:11:04,427 | INFO | Batch 70 | Loss: 1.3914 | Correct: 62/128 | Elapsed Time: 13.18s
2026-02-10 00:11:17,330 | INFO | Batch 80 | Loss: 1.4609 | Correct: 59/128 | Elapsed Time: 12.90s
2026-02-10 00:11:30,347 | INFO | Batch 90 | Loss: 1.1144 | Correct: 76/128 | Elapsed Time: 13.02s
2026-02-10 00:11:43,286 | INFO | Batch 100 | Loss: 1.3324 | Correct: 70/128 | Elapsed Time: 12.94s
2026-02-10 00:11:56,107 | INFO | Batch 110 | Loss: 1.3110 | Correct: 73/128 | Elapsed Time: 12.82s
2026-02-10 00:12:09,191 | INFO | Batch 120 | Loss: 1.2968 | Correct: 60/128 | Elapsed Time: 13.08s
2026-02-10 00:12:22,126 | INFO | Batch 130 | Loss: 1.2829 | Correct: 69/128 | Elapsed Time: 12.94s
2026-02-10 00:12:35,074 | INFO | Batch 140 | Loss: 1.4296 | Correct: 68/128 | Elapsed Time: 12.95s
2026-02-10 00:12:48,222 | INFO | Batch 150 | Loss: 1.4848 | Correct: 68/128 | Elapsed Time: 13.15s
2026-02-10 00:13:01,438 | INFO | Batch 160 | Loss: 1.3324 | Correct: 71/128 | Elapsed Time: 13.22s
2026-02-10 00:13:15,038 | INFO | Batch 170 | Loss: 1.3039 | Correct: 70/128 | Elapsed Time: 13.60s
2026-02-10 00:13:28,046 | INFO | Batch 180 | Loss: 1.3181 | Correct: 64/128 | Elapsed Time: 13.01s
2026-02-10 00:13:41,114 | INFO | Batch 190 | Loss: 1.2691 | Correct: 67/128 | Elapsed Time: 13.07s
2026-02-10 00:13:54,090 | INFO | Batch 200 | Loss: 1.3397 | Correct: 62/128 | Elapsed Time: 12.98s
2026-02-10 00:14:07,182 | INFO | Batch 210 | Loss: 1.1764 | Correct: 69/128 | Elapsed Time: 13.09s
2026-02-10 00:14:20,194 | INFO | Batch 220 | Loss: 1.2419 | Correct: 66/128 | Elapsed Time: 13.01s
2026-02-10 00:14:33,107 | INFO | Batch 230 | Loss: 1.2285 | Correct: 76/128 | Elapsed Time: 12.91s
2026-02-10 00:14:46,046 | INFO | Batch 240 | Loss: 1.2554 | Correct: 67/128 | Elapsed Time: 12.94s
2026-02-10 00:14:59,069 | INFO | Batch 250 | Loss: 1.1512 | Correct: 74/128 | Elapsed Time: 13.02s
2026-02-10 00:15:12,047 | INFO | Batch 260 | Loss: 1.2152 | Correct: 67/128 | Elapsed Time: 12.98s
2026-02-10 00:15:25,032 | INFO | Batch 270 | Loss: 1.3324 | Correct: 70/128 | Elapsed Time: 12.98s
2026-02-10 00:15:38,094 | INFO | Batch 280 | Loss: 1.2022 | Correct: 76/128 | Elapsed Time: 13.06s
2026-02-10 00:15:51,045 | INFO | Batch 290 | Loss: 1.3110 | Correct: 70/128 | Elapsed Time: 12.95s
2026-02-10 00:16:03,942 | INFO | Batch 300 | Loss: 1.4219 | Correct: 56/128 | Elapsed Time: 12.90s
2026-02-10 00:16:16,988 | INFO | Batch 310 | Loss: 1.3690 | Correct: 66/128 | Elapsed Time: 13.05s
2026-02-10 00:16:29,948 | INFO | Batch 320 | Loss: 1.1204 | Correct: 74/128 | Elapsed Time: 12.96s
2026-02-10 00:16:42,860 | INFO | Batch 330 | Loss: 1.3039 | Correct: 68/128 | Elapsed Time: 12.91s
2026-02-10 00:16:55,900 | INFO | Batch 340 | Loss: 1.3397 | Correct: 62/128 | Elapsed Time: 13.04s
2026-02-10 00:17:08,964 | INFO | Batch 350 | Loss: 1.2622 | Correct: 71/128 | Elapsed Time: 13.06s
2026-02-10 00:17:21,866 | INFO | Batch 360 | Loss: 1.3110 | Correct: 63/128 | Elapsed Time: 12.90s
2026-02-10 00:17:34,916 | INFO | Batch 370 | Loss: 1.3543 | Correct: 71/128 | Elapsed Time: 13.05s
2026-02-10 00:17:47,912 | INFO | Batch 380 | Loss: 1.3181 | Correct: 61/128 | Elapsed Time: 13.00s
2026-02-10 00:18:00,896 | INFO | Batch 390 | Loss: 1.2218 | Correct: 77/128 | Elapsed Time: 12.98s
2026-02-10 00:18:02,056 | INFO | Epoch [6/100] - Loss: 1.3005 | Correct: 26521/50000 (53.04%, 508.51s)
2026-02-10 00:18:48,037 | INFO | Validation - Loss: 1.2119 | Correct: 5651/10000 (56.51%) (45.98s)
2026-02-10 00:18:48,186 | INFO | New best model saved at epoch 6 with Top1 Acc: 56.51%
2026-02-10 00:19:01,070 | INFO | Batch 10 | Loss: 1.3990 | Correct: 58/128 | Elapsed Time: 12.88s
2026-02-10 00:19:14,168 | INFO | Batch 20 | Loss: 1.2829 | Correct: 67/128 | Elapsed Time: 13.10s
2026-02-10 00:19:27,096 | INFO | Batch 30 | Loss: 1.1450 | Correct: 72/128 | Elapsed Time: 12.93s
2026-02-10 00:19:40,080 | INFO | Batch 40 | Loss: 1.2218 | Correct: 65/128 | Elapsed Time: 12.98s
2026-02-10 00:19:53,035 | INFO | Batch 50 | Loss: 1.1957 | Correct: 73/128 | Elapsed Time: 12.96s
2026-02-10 00:20:06,141 | INFO | Batch 60 | Loss: 1.3252 | Correct: 69/128 | Elapsed Time: 13.11s
2026-02-10 00:20:19,017 | INFO | Batch 70 | Loss: 1.3616 | Correct: 61/128 | Elapsed Time: 12.88s
2026-02-10 00:20:32,028 | INFO | Batch 80 | Loss: 1.1828 | Correct: 79/128 | Elapsed Time: 13.01s
2026-02-10 00:20:45,048 | INFO | Batch 90 | Loss: 1.2152 | Correct: 78/128 | Elapsed Time: 13.02s
2026-02-10 00:20:57,912 | INFO | Batch 100 | Loss: 1.2352 | Correct: 66/128 | Elapsed Time: 12.86s
2026-02-10 00:21:11,032 | INFO | Batch 110 | Loss: 1.1828 | Correct: 77/128 | Elapsed Time: 13.12s
2026-02-10 00:21:24,006 | INFO | Batch 120 | Loss: 1.0330 | Correct: 78/128 | Elapsed Time: 12.97s
2026-02-10 00:21:37,003 | INFO | Batch 130 | Loss: 1.4374 | Correct: 64/128 | Elapsed Time: 13.00s
2026-02-10 00:21:49,889 | INFO | Batch 140 | Loss: 1.2022 | Correct: 67/128 | Elapsed Time: 12.89s
2026-02-10 00:22:02,890 | INFO | Batch 150 | Loss: 1.4066 | Correct: 64/128 | Elapsed Time: 13.00s
2026-02-10 00:22:15,927 | INFO | Batch 160 | Loss: 1.1764 | Correct: 77/128 | Elapsed Time: 13.04s
2026-02-10 00:22:28,831 | INFO | Batch 170 | Loss: 1.3839 | Correct: 68/128 | Elapsed Time: 12.90s
2026-02-10 00:22:41,802 | INFO | Batch 180 | Loss: 1.3324 | Correct: 67/128 | Elapsed Time: 12.97s
2026-02-10 00:22:54,876 | INFO | Batch 190 | Loss: 1.1450 | Correct: 78/128 | Elapsed Time: 13.07s
2026-02-10 00:23:08,561 | INFO | Batch 200 | Loss: 1.2691 | Correct: 74/128 | Elapsed Time: 13.68s
2026-02-10 00:23:21,580 | INFO | Batch 210 | Loss: 1.2352 | Correct: 73/128 | Elapsed Time: 13.02s
2026-02-10 00:23:34,640 | INFO | Batch 220 | Loss: 1.2486 | Correct: 72/128 | Elapsed Time: 13.06s
2026-02-10 00:23:47,478 | INFO | Batch 230 | Loss: 1.1024 | Correct: 79/128 | Elapsed Time: 12.84s
2026-02-10 00:24:00,513 | INFO | Batch 240 | Loss: 1.1326 | Correct: 75/128 | Elapsed Time: 13.03s
2026-02-10 00:24:13,618 | INFO | Batch 250 | Loss: 1.1326 | Correct: 76/128 | Elapsed Time: 13.11s
2026-02-10 00:24:26,483 | INFO | Batch 260 | Loss: 1.2285 | Correct: 68/128 | Elapsed Time: 12.87s
2026-02-10 00:24:39,531 | INFO | Batch 270 | Loss: 1.2968 | Correct: 68/128 | Elapsed Time: 13.05s
2026-02-10 00:24:52,591 | INFO | Batch 280 | Loss: 1.2691 | Correct: 70/128 | Elapsed Time: 13.06s
2026-02-10 00:25:05,527 | INFO | Batch 290 | Loss: 1.2691 | Correct: 74/128 | Elapsed Time: 12.94s
2026-02-10 00:25:18,615 | INFO | Batch 300 | Loss: 1.0729 | Correct: 81/128 | Elapsed Time: 13.09s
2026-02-10 00:25:31,621 | INFO | Batch 310 | Loss: 1.2622 | Correct: 75/128 | Elapsed Time: 13.01s
2026-02-10 00:25:44,507 | INFO | Batch 320 | Loss: 1.2622 | Correct: 68/128 | Elapsed Time: 12.89s
2026-02-10 00:25:57,558 | INFO | Batch 330 | Loss: 1.3252 | Correct: 65/128 | Elapsed Time: 13.05s
2026-02-10 00:26:10,588 | INFO | Batch 340 | Loss: 1.2022 | Correct: 70/128 | Elapsed Time: 13.03s
2026-02-10 00:26:23,465 | INFO | Batch 350 | Loss: 1.3110 | Correct: 72/128 | Elapsed Time: 12.88s
2026-02-10 00:26:36,530 | INFO | Batch 360 | Loss: 1.2022 | Correct: 72/128 | Elapsed Time: 13.07s
2026-02-10 00:26:49,537 | INFO | Batch 370 | Loss: 1.3110 | Correct: 67/128 | Elapsed Time: 13.01s
2026-02-10 00:27:02,492 | INFO | Batch 380 | Loss: 1.2486 | Correct: 70/128 | Elapsed Time: 12.96s
2026-02-10 00:27:15,585 | INFO | Batch 390 | Loss: 1.3397 | Correct: 68/128 | Elapsed Time: 13.09s
2026-02-10 00:27:16,603 | INFO | Epoch [7/100] - Loss: 1.2600 | Correct: 27352/50000 (54.70%, 508.42s)
2026-02-10 00:28:02,617 | INFO | Validation - Loss: 1.2134 | Correct: 5699/10000 (56.99%) (46.01s)
2026-02-10 00:28:02,758 | INFO | New best model saved at epoch 7 with Top1 Acc: 56.99%
2026-02-10 00:28:15,804 | INFO | Batch 10 | Loss: 1.2554 | Correct: 76/128 | Elapsed Time: 13.05s
2026-02-10 00:28:28,821 | INFO | Batch 20 | Loss: 1.1700 | Correct: 71/128 | Elapsed Time: 13.02s
2026-02-10 00:28:41,779 | INFO | Batch 30 | Loss: 1.2829 | Correct: 72/128 | Elapsed Time: 12.96s
2026-02-10 00:28:54,766 | INFO | Batch 40 | Loss: 1.1084 | Correct: 84/128 | Elapsed Time: 12.99s
2026-02-10 00:29:07,975 | INFO | Batch 50 | Loss: 1.2486 | Correct: 73/128 | Elapsed Time: 13.21s
2026-02-10 00:29:20,823 | INFO | Batch 60 | Loss: 1.1388 | Correct: 80/128 | Elapsed Time: 12.85s
2026-02-10 00:29:33,839 | INFO | Batch 70 | Loss: 0.9576 | Correct: 85/128 | Elapsed Time: 13.02s
2026-02-10 00:29:46,881 | INFO | Batch 80 | Loss: 1.2622 | Correct: 67/128 | Elapsed Time: 13.04s
2026-02-10 00:29:59,734 | INFO | Batch 90 | Loss: 1.3469 | Correct: 68/128 | Elapsed Time: 12.85s
2026-02-10 00:30:12,845 | INFO | Batch 100 | Loss: 1.2419 | Correct: 72/128 | Elapsed Time: 13.11s
2026-02-10 00:30:25,860 | INFO | Batch 110 | Loss: 1.2554 | Correct: 61/128 | Elapsed Time: 13.01s
2026-02-10 00:30:38,699 | INFO | Batch 120 | Loss: 1.1828 | Correct: 75/128 | Elapsed Time: 12.84s
2026-02-10 00:30:51,788 | INFO | Batch 130 | Loss: 1.1084 | Correct: 79/128 | Elapsed Time: 13.09s
2026-02-10 00:31:04,789 | INFO | Batch 140 | Loss: 1.1828 | Correct: 72/128 | Elapsed Time: 13.00s
2026-02-10 00:31:17,845 | INFO | Batch 150 | Loss: 1.2218 | Correct: 72/128 | Elapsed Time: 13.06s
2026-02-10 00:31:30,830 | INFO | Batch 160 | Loss: 1.0614 | Correct: 78/128 | Elapsed Time: 12.99s
2026-02-10 00:31:43,789 | INFO | Batch 170 | Loss: 1.3397 | Correct: 71/128 | Elapsed Time: 12.96s
2026-02-10 00:31:56,849 | INFO | Batch 180 | Loss: 1.1388 | Correct: 80/128 | Elapsed Time: 13.06s
2026-02-10 00:32:09,806 | INFO | Batch 190 | Loss: 1.0905 | Correct: 78/128 | Elapsed Time: 12.96s
2026-02-10 00:32:22,815 | INFO | Batch 200 | Loss: 1.4219 | Correct: 69/128 | Elapsed Time: 13.01s
2026-02-10 00:32:35,832 | INFO | Batch 210 | Loss: 1.3616 | Correct: 62/128 | Elapsed Time: 13.02s
2026-02-10 00:32:48,740 | INFO | Batch 220 | Loss: 1.2419 | Correct: 71/128 | Elapsed Time: 12.91s
2026-02-10 00:33:01,833 | INFO | Batch 230 | Loss: 1.3324 | Correct: 69/128 | Elapsed Time: 13.09s
2026-02-10 00:33:15,170 | INFO | Batch 240 | Loss: 1.0386 | Correct: 80/128 | Elapsed Time: 13.34s
2026-02-10 00:33:28,094 | INFO | Batch 250 | Loss: 1.3543 | Correct: 60/128 | Elapsed Time: 12.92s
2026-02-10 00:33:41,083 | INFO | Batch 260 | Loss: 1.3252 | Correct: 73/128 | Elapsed Time: 12.99s
2026-02-10 00:33:54,148 | INFO | Batch 270 | Loss: 1.2218 | Correct: 73/128 | Elapsed Time: 13.07s
2026-02-10 00:34:07,110 | INFO | Batch 280 | Loss: 1.2554 | Correct: 70/128 | Elapsed Time: 12.96s
2026-02-10 00:34:20,134 | INFO | Batch 290 | Loss: 1.2218 | Correct: 68/128 | Elapsed Time: 13.02s
2026-02-10 00:34:33,223 | INFO | Batch 300 | Loss: 1.1450 | Correct: 73/128 | Elapsed Time: 13.09s
2026-02-10 00:34:46,078 | INFO | Batch 310 | Loss: 1.3181 | Correct: 73/128 | Elapsed Time: 12.85s
2026-02-10 00:34:59,089 | INFO | Batch 320 | Loss: 1.1764 | Correct: 72/128 | Elapsed Time: 13.01s
2026-02-10 00:35:12,226 | INFO | Batch 330 | Loss: 1.4219 | Correct: 62/128 | Elapsed Time: 13.14s
2026-02-10 00:35:25,079 | INFO | Batch 340 | Loss: 1.1764 | Correct: 70/128 | Elapsed Time: 12.85s
2026-02-10 00:35:38,106 | INFO | Batch 350 | Loss: 1.2419 | Correct: 72/128 | Elapsed Time: 13.03s
2026-02-10 00:35:51,168 | INFO | Batch 360 | Loss: 1.2419 | Correct: 70/128 | Elapsed Time: 13.06s
2026-02-10 00:36:04,028 | INFO | Batch 370 | Loss: 1.1764 | Correct: 71/128 | Elapsed Time: 12.86s
2026-02-10 00:36:17,114 | INFO | Batch 380 | Loss: 1.3616 | Correct: 62/128 | Elapsed Time: 13.09s
2026-02-10 00:36:30,191 | INFO | Batch 390 | Loss: 1.0729 | Correct: 74/128 | Elapsed Time: 13.08s
2026-02-10 00:36:31,202 | INFO | Epoch [8/100] - Loss: 1.2197 | Correct: 28273/50000 (56.55%, 508.44s)
2026-02-10 00:37:17,114 | INFO | Validation - Loss: 1.2183 | Correct: 5680/10000 (56.80%) (45.91s)
2026-02-10 00:37:30,176 | INFO | Batch 10 | Loss: 1.2218 | Correct: 67/128 | Elapsed Time: 13.06s
2026-02-10 00:37:43,069 | INFO | Batch 20 | Loss: 0.9071 | Correct: 84/128 | Elapsed Time: 12.89s
2026-02-10 00:37:56,066 | INFO | Batch 30 | Loss: 1.1892 | Correct: 67/128 | Elapsed Time: 13.00s
2026-02-10 00:38:09,198 | INFO | Batch 40 | Loss: 1.0443 | Correct: 82/128 | Elapsed Time: 13.13s
2026-02-10 00:38:22,029 | INFO | Batch 50 | Loss: 1.0164 | Correct: 81/128 | Elapsed Time: 12.83s
2026-02-10 00:38:35,052 | INFO | Batch 60 | Loss: 1.3252 | Correct: 60/128 | Elapsed Time: 13.02s
2026-02-10 00:38:48,067 | INFO | Batch 70 | Loss: 1.3252 | Correct: 74/128 | Elapsed Time: 13.01s
2026-02-10 00:39:00,859 | INFO | Batch 80 | Loss: 1.1326 | Correct: 79/128 | Elapsed Time: 12.79s
2026-02-10 00:39:14,048 | INFO | Batch 90 | Loss: 1.2691 | Correct: 73/128 | Elapsed Time: 13.19s
2026-02-10 00:39:27,105 | INFO | Batch 100 | Loss: 1.1637 | Correct: 72/128 | Elapsed Time: 13.06s
2026-02-10 00:39:39,992 | INFO | Batch 110 | Loss: 1.1326 | Correct: 78/128 | Elapsed Time: 12.89s
2026-02-10 00:39:52,989 | INFO | Batch 120 | Loss: 1.3252 | Correct: 73/128 | Elapsed Time: 13.00s
2026-02-10 00:40:05,937 | INFO | Batch 130 | Loss: 1.4142 | Correct: 62/128 | Elapsed Time: 12.95s
2026-02-10 00:40:18,886 | INFO | Batch 140 | Loss: 1.1892 | Correct: 66/128 | Elapsed Time: 12.95s
2026-02-10 00:40:31,944 | INFO | Batch 150 | Loss: 1.1144 | Correct: 80/128 | Elapsed Time: 13.06s
2026-02-10 00:40:44,999 | INFO | Batch 160 | Loss: 1.2352 | Correct: 70/128 | Elapsed Time: 13.05s
2026-02-10 00:40:58,040 | INFO | Batch 170 | Loss: 1.3252 | Correct: 66/128 | Elapsed Time: 13.04s
2026-02-10 00:41:11,043 | INFO | Batch 180 | Loss: 1.4689 | Correct: 56/128 | Elapsed Time: 13.00s
2026-02-10 00:41:24,083 | INFO | Batch 190 | Loss: 1.1204 | Correct: 74/128 | Elapsed Time: 13.04s
2026-02-10 00:41:37,142 | INFO | Batch 200 | Loss: 1.2352 | Correct: 75/128 | Elapsed Time: 13.06s
2026-02-10 00:41:50,041 | INFO | Batch 210 | Loss: 1.0729 | Correct: 78/128 | Elapsed Time: 12.90s
2026-02-10 00:42:03,126 | INFO | Batch 220 | Loss: 1.0499 | Correct: 77/128 | Elapsed Time: 13.08s
2026-02-10 00:42:16,194 | INFO | Batch 230 | Loss: 1.1326 | Correct: 76/128 | Elapsed Time: 13.07s
2026-02-10 00:42:29,098 | INFO | Batch 240 | Loss: 1.2285 | Correct: 62/128 | Elapsed Time: 12.90s
2026-02-10 00:42:42,175 | INFO | Batch 250 | Loss: 1.1892 | Correct: 71/128 | Elapsed Time: 13.08s
2026-02-10 00:42:55,249 | INFO | Batch 260 | Loss: 1.0274 | Correct: 83/128 | Elapsed Time: 13.07s
2026-02-10 00:43:08,787 | INFO | Batch 270 | Loss: 1.1326 | Correct: 75/128 | Elapsed Time: 13.54s
2026-02-10 00:43:21,835 | INFO | Batch 280 | Loss: 1.3469 | Correct: 71/128 | Elapsed Time: 13.05s
2026-02-10 00:43:34,962 | INFO | Batch 290 | Loss: 1.0788 | Correct: 88/128 | Elapsed Time: 13.13s
2026-02-10 00:43:47,889 | INFO | Batch 300 | Loss: 1.1957 | Correct: 71/128 | Elapsed Time: 12.93s
2026-02-10 00:44:00,964 | INFO | Batch 310 | Loss: 1.2691 | Correct: 69/128 | Elapsed Time: 13.07s
2026-02-10 00:44:14,138 | INFO | Batch 320 | Loss: 1.2022 | Correct: 73/128 | Elapsed Time: 13.17s
2026-02-10 00:44:27,012 | INFO | Batch 330 | Loss: 1.1828 | Correct: 74/128 | Elapsed Time: 12.87s
2026-02-10 00:44:40,113 | INFO | Batch 340 | Loss: 1.3252 | Correct: 67/128 | Elapsed Time: 13.10s
2026-02-10 00:44:53,160 | INFO | Batch 350 | Loss: 1.3690 | Correct: 64/128 | Elapsed Time: 13.05s
2026-02-10 00:45:06,128 | INFO | Batch 360 | Loss: 1.2152 | Correct: 65/128 | Elapsed Time: 12.97s
2026-02-10 00:45:19,203 | INFO | Batch 370 | Loss: 1.0556 | Correct: 80/128 | Elapsed Time: 13.08s
2026-02-10 00:45:32,179 | INFO | Batch 380 | Loss: 1.1084 | Correct: 77/128 | Elapsed Time: 12.98s
2026-02-10 00:45:45,112 | INFO | Batch 390 | Loss: 1.1828 | Correct: 69/128 | Elapsed Time: 12.93s
2026-02-10 00:45:46,269 | INFO | Epoch [9/100] - Loss: 1.1903 | Correct: 28746/50000 (57.49%, 509.15s)
2026-02-10 00:46:32,259 | INFO | Validation - Loss: 1.1470 | Correct: 5877/10000 (58.77%) (45.99s)
2026-02-10 00:46:32,394 | INFO | New best model saved at epoch 9 with Top1 Acc: 58.77%
2026-02-10 00:46:45,304 | INFO | Batch 10 | Loss: 1.2087 | Correct: 74/128 | Elapsed Time: 12.91s
2026-02-10 00:46:58,298 | INFO | Batch 20 | Loss: 1.1828 | Correct: 74/128 | Elapsed Time: 12.99s
2026-02-10 00:47:11,444 | INFO | Batch 30 | Loss: 0.9320 | Correct: 83/128 | Elapsed Time: 13.15s
2026-02-10 00:47:24,343 | INFO | Batch 40 | Loss: 1.3543 | Correct: 69/128 | Elapsed Time: 12.90s
2026-02-10 00:47:37,377 | INFO | Batch 50 | Loss: 1.1700 | Correct: 69/128 | Elapsed Time: 13.03s
2026-02-10 00:47:50,414 | INFO | Batch 60 | Loss: 1.1892 | Correct: 72/128 | Elapsed Time: 13.04s
2026-02-10 00:48:03,307 | INFO | Batch 70 | Loss: 1.1892 | Correct: 78/128 | Elapsed Time: 12.89s
2026-02-10 00:48:16,366 | INFO | Batch 80 | Loss: 1.1764 | Correct: 74/128 | Elapsed Time: 13.06s
2026-02-10 00:48:29,427 | INFO | Batch 90 | Loss: 1.2352 | Correct: 71/128 | Elapsed Time: 13.06s
2026-02-10 00:48:42,285 | INFO | Batch 100 | Loss: 1.1265 | Correct: 79/128 | Elapsed Time: 12.86s
2026-02-10 00:48:55,312 | INFO | Batch 110 | Loss: 1.2691 | Correct: 62/128 | Elapsed Time: 13.03s
2026-02-10 00:49:08,384 | INFO | Batch 120 | Loss: 1.1764 | Correct: 73/128 | Elapsed Time: 13.07s
2026-02-10 00:49:21,305 | INFO | Batch 130 | Loss: 1.1204 | Correct: 78/128 | Elapsed Time: 12.92s
2026-02-10 00:49:34,169 | INFO | Batch 140 | Loss: 0.9628 | Correct: 82/128 | Elapsed Time: 12.86s
2026-02-10 00:49:47,161 | INFO | Batch 150 | Loss: 0.8877 | Correct: 95/128 | Elapsed Time: 12.99s
2026-02-10 00:50:00,185 | INFO | Batch 160 | Loss: 1.1892 | Correct: 78/128 | Elapsed Time: 13.02s
2026-02-10 00:50:13,190 | INFO | Batch 170 | Loss: 1.3110 | Correct: 71/128 | Elapsed Time: 13.00s
2026-02-10 00:50:26,221 | INFO | Batch 180 | Loss: 1.0556 | Correct: 79/128 | Elapsed Time: 13.03s
2026-02-10 00:50:39,342 | INFO | Batch 190 | Loss: 1.3324 | Correct: 71/128 | Elapsed Time: 13.12s
2026-02-10 00:50:52,409 | INFO | Batch 200 | Loss: 1.0499 | Correct: 82/128 | Elapsed Time: 13.07s
2026-02-10 00:51:05,588 | INFO | Batch 210 | Loss: 1.2022 | Correct: 72/128 | Elapsed Time: 13.18s
2026-02-10 00:51:18,643 | INFO | Batch 220 | Loss: 1.1326 | Correct: 70/128 | Elapsed Time: 13.05s
2026-02-10 00:51:31,575 | INFO | Batch 230 | Loss: 1.2152 | Correct: 66/128 | Elapsed Time: 12.93s
2026-02-10 00:51:44,673 | INFO | Batch 240 | Loss: 0.9473 | Correct: 88/128 | Elapsed Time: 13.10s
2026-02-10 00:51:57,665 | INFO | Batch 250 | Loss: 1.0109 | Correct: 87/128 | Elapsed Time: 12.99s
2026-02-10 00:52:10,662 | INFO | Batch 260 | Loss: 1.1828 | Correct: 78/128 | Elapsed Time: 13.00s
2026-02-10 00:52:23,753 | INFO | Batch 270 | Loss: 1.0614 | Correct: 74/128 | Elapsed Time: 13.09s
2026-02-10 00:52:36,733 | INFO | Batch 280 | Loss: 1.2152 | Correct: 70/128 | Elapsed Time: 12.98s
2026-02-10 00:52:49,659 | INFO | Batch 290 | Loss: 1.1144 | Correct: 74/128 | Elapsed Time: 12.93s
2026-02-10 00:53:03,196 | INFO | Batch 300 | Loss: 1.1574 | Correct: 83/128 | Elapsed Time: 13.54s
2026-02-10 00:53:16,360 | INFO | Batch 310 | Loss: 1.1512 | Correct: 77/128 | Elapsed Time: 13.16s
2026-02-10 00:53:29,284 | INFO | Batch 320 | Loss: 1.1326 | Correct: 81/128 | Elapsed Time: 12.92s
2026-02-10 00:53:42,278 | INFO | Batch 330 | Loss: 1.2022 | Correct: 76/128 | Elapsed Time: 12.99s
2026-02-10 00:53:55,319 | INFO | Batch 340 | Loss: 1.0109 | Correct: 81/128 | Elapsed Time: 13.04s
2026-02-10 00:54:08,336 | INFO | Batch 350 | Loss: 1.0109 | Correct: 86/128 | Elapsed Time: 13.02s
2026-02-10 00:54:21,361 | INFO | Batch 360 | Loss: 1.2285 | Correct: 72/128 | Elapsed Time: 13.02s
2026-02-10 00:54:34,400 | INFO | Batch 370 | Loss: 1.2152 | Correct: 71/128 | Elapsed Time: 13.04s
2026-02-10 00:54:47,280 | INFO | Batch 380 | Loss: 1.1326 | Correct: 76/128 | Elapsed Time: 12.88s
2026-02-10 00:55:00,304 | INFO | Batch 390 | Loss: 1.3181 | Correct: 67/128 | Elapsed Time: 13.02s
2026-02-10 00:55:01,350 | INFO | Epoch [10/100] - Loss: 1.1605 | Correct: 29233/50000 (58.47%, 508.96s)
2026-02-10 00:55:47,257 | INFO | Validation - Loss: 1.1496 | Correct: 5926/10000 (59.26%) (45.91s)
2026-02-10 00:55:47,398 | INFO | New best model saved at epoch 10 with Top1 Acc: 59.26%
2026-02-10 00:56:00,351 | INFO | Batch 10 | Loss: 1.2829 | Correct: 72/128 | Elapsed Time: 12.95s
2026-02-10 00:56:13,476 | INFO | Batch 20 | Loss: 1.1637 | Correct: 70/128 | Elapsed Time: 13.12s
2026-02-10 00:56:26,353 | INFO | Batch 30 | Loss: 1.1024 | Correct: 80/128 | Elapsed Time: 12.88s
2026-02-10 00:56:39,426 | INFO | Batch 40 | Loss: 1.0671 | Correct: 78/128 | Elapsed Time: 13.07s
2026-02-10 00:56:52,485 | INFO | Batch 50 | Loss: 1.1144 | Correct: 77/128 | Elapsed Time: 13.06s
2026-02-10 00:57:05,442 | INFO | Batch 60 | Loss: 1.1024 | Correct: 80/128 | Elapsed Time: 12.96s
2026-02-10 00:57:18,521 | INFO | Batch 70 | Loss: 1.2285 | Correct: 73/128 | Elapsed Time: 13.08s
2026-02-10 00:57:31,530 | INFO | Batch 80 | Loss: 1.0614 | Correct: 83/128 | Elapsed Time: 13.01s
2026-02-10 00:57:44,331 | INFO | Batch 90 | Loss: 1.0330 | Correct: 73/128 | Elapsed Time: 12.80s
2026-02-10 00:57:57,361 | INFO | Batch 100 | Loss: 1.0905 | Correct: 80/128 | Elapsed Time: 13.03s
2026-02-10 00:58:10,447 | INFO | Batch 110 | Loss: 1.1828 | Correct: 70/128 | Elapsed Time: 13.09s
2026-02-10 00:58:23,289 | INFO | Batch 120 | Loss: 1.2285 | Correct: 74/128 | Elapsed Time: 12.84s
2026-02-10 00:58:36,311 | INFO | Batch 130 | Loss: 1.0846 | Correct: 68/128 | Elapsed Time: 13.02s
2026-02-10 00:58:49,264 | INFO | Batch 140 | Loss: 1.0671 | Correct: 81/128 | Elapsed Time: 12.95s
2026-02-10 00:59:02,297 | INFO | Batch 150 | Loss: 1.0729 | Correct: 81/128 | Elapsed Time: 13.03s
2026-02-10 00:59:15,229 | INFO | Batch 160 | Loss: 1.1450 | Correct: 68/128 | Elapsed Time: 12.93s
2026-02-10 00:59:28,179 | INFO | Batch 170 | Loss: 1.0499 | Correct: 74/128 | Elapsed Time: 12.95s
2026-02-10 00:59:41,185 | INFO | Batch 180 | Loss: 1.1326 | Correct: 76/128 | Elapsed Time: 13.01s
2026-02-10 00:59:54,090 | INFO | Batch 190 | Loss: 1.1828 | Correct: 80/128 | Elapsed Time: 12.91s
2026-02-10 01:00:07,132 | INFO | Batch 200 | Loss: 1.1764 | Correct: 67/128 | Elapsed Time: 13.04s
2026-02-10 01:00:20,165 | INFO | Batch 210 | Loss: 1.2691 | Correct: 68/128 | Elapsed Time: 13.03s
2026-02-10 01:00:33,090 | INFO | Batch 220 | Loss: 1.0164 | Correct: 86/128 | Elapsed Time: 12.92s
2026-02-10 01:00:46,017 | INFO | Batch 230 | Loss: 1.2152 | Correct: 73/128 | Elapsed Time: 12.93s
2026-02-10 01:00:59,016 | INFO | Batch 240 | Loss: 1.1574 | Correct: 75/128 | Elapsed Time: 13.00s
2026-02-10 01:01:11,926 | INFO | Batch 250 | Loss: 1.1828 | Correct: 77/128 | Elapsed Time: 12.91s
2026-02-10 01:01:24,888 | INFO | Batch 260 | Loss: 1.1892 | Correct: 82/128 | Elapsed Time: 12.96s
2026-02-10 01:01:37,876 | INFO | Batch 270 | Loss: 1.1388 | Correct: 76/128 | Elapsed Time: 12.99s
2026-02-10 01:01:50,729 | INFO | Batch 280 | Loss: 1.1957 | Correct: 77/128 | Elapsed Time: 12.85s
2026-02-10 01:02:03,852 | INFO | Batch 290 | Loss: 1.2419 | Correct: 64/128 | Elapsed Time: 13.12s
2026-02-10 01:02:16,897 | INFO | Batch 300 | Loss: 1.1764 | Correct: 77/128 | Elapsed Time: 13.05s
2026-02-10 01:02:29,704 | INFO | Batch 310 | Loss: 1.1084 | Correct: 73/128 | Elapsed Time: 12.81s
2026-02-10 01:02:42,750 | INFO | Batch 320 | Loss: 1.2152 | Correct: 70/128 | Elapsed Time: 13.05s
2026-02-10 01:02:55,815 | INFO | Batch 330 | Loss: 1.1388 | Correct: 80/128 | Elapsed Time: 13.07s
2026-02-10 01:03:09,182 | INFO | Batch 340 | Loss: 1.0846 | Correct: 78/128 | Elapsed Time: 13.37s
2026-02-10 01:03:22,261 | INFO | Batch 350 | Loss: 1.1764 | Correct: 77/128 | Elapsed Time: 13.08s
2026-02-10 01:03:35,208 | INFO | Batch 360 | Loss: 1.1764 | Correct: 80/128 | Elapsed Time: 12.95s
2026-02-10 01:03:48,094 | INFO | Batch 370 | Loss: 0.9733 | Correct: 87/128 | Elapsed Time: 12.89s
2026-02-10 01:04:01,018 | INFO | Batch 380 | Loss: 1.2554 | Correct: 64/128 | Elapsed Time: 12.92s
2026-02-10 01:04:14,035 | INFO | Batch 390 | Loss: 1.0846 | Correct: 83/128 | Elapsed Time: 13.02s
2026-02-10 01:04:15,071 | INFO | Epoch [11/100] - Loss: 1.1441 | Correct: 29637/50000 (59.27%, 507.67s)
2026-02-10 01:05:00,944 | INFO | Validation - Loss: 1.1629 | Correct: 5862/10000 (58.62%) (45.87s)
2026-02-10 01:05:13,938 | INFO | Batch 10 | Loss: 1.0499 | Correct: 83/128 | Elapsed Time: 12.99s
2026-02-10 01:05:26,870 | INFO | Batch 20 | Loss: 1.1637 | Correct: 70/128 | Elapsed Time: 12.93s
2026-02-10 01:05:39,907 | INFO | Batch 30 | Loss: 1.2152 | Correct: 76/128 | Elapsed Time: 13.04s
2026-02-10 01:05:52,835 | INFO | Batch 40 | Loss: 1.1637 | Correct: 78/128 | Elapsed Time: 12.93s
2026-02-10 01:06:05,869 | INFO | Batch 50 | Loss: 0.9733 | Correct: 88/128 | Elapsed Time: 13.03s
2026-02-10 01:06:18,940 | INFO | Batch 60 | Loss: 1.1388 | Correct: 75/128 | Elapsed Time: 13.07s
2026-02-10 01:06:31,813 | INFO | Batch 70 | Loss: 1.1637 | Correct: 73/128 | Elapsed Time: 12.87s
2026-02-10 01:06:44,675 | INFO | Batch 80 | Loss: 1.0386 | Correct: 86/128 | Elapsed Time: 12.86s
2026-02-10 01:06:57,674 | INFO | Batch 90 | Loss: 1.1265 | Correct: 80/128 | Elapsed Time: 13.00s
2026-02-10 01:07:10,673 | INFO | Batch 100 | Loss: 1.3039 | Correct: 72/128 | Elapsed Time: 13.00s
2026-02-10 01:07:23,627 | INFO | Batch 110 | Loss: 1.0964 | Correct: 74/128 | Elapsed Time: 12.95s
2026-02-10 01:07:36,563 | INFO | Batch 120 | Loss: 1.1700 | Correct: 71/128 | Elapsed Time: 12.94s
2026-02-10 01:07:49,532 | INFO | Batch 130 | Loss: 1.0788 | Correct: 76/128 | Elapsed Time: 12.97s
2026-02-10 01:08:02,450 | INFO | Batch 140 | Loss: 1.1764 | Correct: 74/128 | Elapsed Time: 12.92s
2026-02-10 01:08:15,474 | INFO | Batch 150 | Loss: 1.1144 | Correct: 74/128 | Elapsed Time: 13.02s
2026-02-10 01:08:28,450 | INFO | Batch 160 | Loss: 1.0556 | Correct: 76/128 | Elapsed Time: 12.98s
2026-02-10 01:08:41,457 | INFO | Batch 170 | Loss: 1.2285 | Correct: 76/128 | Elapsed Time: 13.01s
2026-02-10 01:08:54,374 | INFO | Batch 180 | Loss: 1.0556 | Correct: 83/128 | Elapsed Time: 12.92s
2026-02-10 01:09:07,478 | INFO | Batch 190 | Loss: 1.0788 | Correct: 76/128 | Elapsed Time: 13.10s
2026-02-10 01:09:20,494 | INFO | Batch 200 | Loss: 1.1388 | Correct: 75/128 | Elapsed Time: 13.02s
2026-02-10 01:09:33,315 | INFO | Batch 210 | Loss: 1.1450 | Correct: 75/128 | Elapsed Time: 12.82s
2026-02-10 01:09:46,331 | INFO | Batch 220 | Loss: 1.0499 | Correct: 79/128 | Elapsed Time: 13.02s
2026-02-10 01:09:59,382 | INFO | Batch 230 | Loss: 1.2419 | Correct: 81/128 | Elapsed Time: 13.05s
2026-02-10 01:10:12,292 | INFO | Batch 240 | Loss: 1.0964 | Correct: 71/128 | Elapsed Time: 12.91s
2026-02-10 01:10:25,342 | INFO | Batch 250 | Loss: 0.9892 | Correct: 84/128 | Elapsed Time: 13.05s
2026-02-10 01:10:38,266 | INFO | Batch 260 | Loss: 1.1265 | Correct: 71/128 | Elapsed Time: 12.92s
2026-02-10 01:10:51,103 | INFO | Batch 270 | Loss: 0.9170 | Correct: 86/128 | Elapsed Time: 12.84s
2026-02-10 01:11:04,173 | INFO | Batch 280 | Loss: 1.1084 | Correct: 80/128 | Elapsed Time: 13.07s
2026-02-10 01:11:17,136 | INFO | Batch 290 | Loss: 1.3039 | Correct: 75/128 | Elapsed Time: 12.96s
2026-02-10 01:11:30,072 | INFO | Batch 300 | Loss: 1.1084 | Correct: 76/128 | Elapsed Time: 12.94s
2026-02-10 01:11:43,126 | INFO | Batch 310 | Loss: 1.0330 | Correct: 81/128 | Elapsed Time: 13.05s
2026-02-10 01:11:56,046 | INFO | Batch 320 | Loss: 1.1084 | Correct: 80/128 | Elapsed Time: 12.92s
2026-02-10 01:12:09,024 | INFO | Batch 330 | Loss: 1.1828 | Correct: 68/128 | Elapsed Time: 12.98s
2026-02-10 01:12:22,021 | INFO | Batch 340 | Loss: 1.1892 | Correct: 77/128 | Elapsed Time: 13.00s
2026-02-10 01:12:34,981 | INFO | Batch 350 | Loss: 1.0729 | Correct: 82/128 | Elapsed Time: 12.96s
2026-02-10 01:12:47,893 | INFO | Batch 360 | Loss: 1.0729 | Correct: 82/128 | Elapsed Time: 12.91s
2026-02-10 01:13:01,049 | INFO | Batch 370 | Loss: 1.2419 | Correct: 74/128 | Elapsed Time: 13.16s
2026-02-10 01:13:14,442 | INFO | Batch 380 | Loss: 0.9892 | Correct: 81/128 | Elapsed Time: 13.39s
2026-02-10 01:13:27,330 | INFO | Batch 390 | Loss: 1.1637 | Correct: 75/128 | Elapsed Time: 12.89s
2026-02-10 01:13:28,474 | INFO | Epoch [12/100] - Loss: 1.1285 | Correct: 29950/50000 (59.90%, 507.53s)
2026-02-10 01:14:14,473 | INFO | Validation - Loss: 1.1527 | Correct: 5894/10000 (58.94%) (46.00s)
2026-02-10 01:14:27,388 | INFO | Batch 10 | Loss: 1.1892 | Correct: 72/128 | Elapsed Time: 12.91s
2026-02-10 01:14:40,381 | INFO | Batch 20 | Loss: 1.0846 | Correct: 82/128 | Elapsed Time: 12.99s
2026-02-10 01:14:53,353 | INFO | Batch 30 | Loss: 1.1957 | Correct: 72/128 | Elapsed Time: 12.97s
2026-02-10 01:15:06,355 | INFO | Batch 40 | Loss: 1.1512 | Correct: 74/128 | Elapsed Time: 13.00s
2026-02-10 01:15:19,315 | INFO | Batch 50 | Loss: 1.1024 | Correct: 80/128 | Elapsed Time: 12.96s
2026-02-10 01:15:32,307 | INFO | Batch 60 | Loss: 1.1084 | Correct: 75/128 | Elapsed Time: 12.99s
2026-02-10 01:15:45,232 | INFO | Batch 70 | Loss: 1.1084 | Correct: 78/128 | Elapsed Time: 12.93s
2026-02-10 01:15:58,179 | INFO | Batch 80 | Loss: 1.0614 | Correct: 79/128 | Elapsed Time: 12.95s
2026-02-10 01:16:11,240 | INFO | Batch 90 | Loss: 1.0964 | Correct: 73/128 | Elapsed Time: 13.06s
2026-02-10 01:16:24,137 | INFO | Batch 100 | Loss: 1.1204 | Correct: 77/128 | Elapsed Time: 12.90s
2026-02-10 01:16:37,074 | INFO | Batch 110 | Loss: 1.1892 | Correct: 65/128 | Elapsed Time: 12.94s
2026-02-10 01:16:50,077 | INFO | Batch 120 | Loss: 1.1957 | Correct: 76/128 | Elapsed Time: 13.00s
2026-02-10 01:17:03,017 | INFO | Batch 130 | Loss: 1.2691 | Correct: 74/128 | Elapsed Time: 12.94s
2026-02-10 01:17:15,959 | INFO | Batch 140 | Loss: 1.1828 | Correct: 72/128 | Elapsed Time: 12.94s
2026-02-10 01:17:28,972 | INFO | Batch 150 | Loss: 1.2087 | Correct: 70/128 | Elapsed Time: 13.01s
2026-02-10 01:17:41,809 | INFO | Batch 160 | Loss: 1.0556 | Correct: 73/128 | Elapsed Time: 12.84s
2026-02-10 01:17:54,868 | INFO | Batch 170 | Loss: 1.1700 | Correct: 69/128 | Elapsed Time: 13.06s
2026-02-10 01:18:07,946 | INFO | Batch 180 | Loss: 1.0274 | Correct: 83/128 | Elapsed Time: 13.08s
2026-02-10 01:18:20,779 | INFO | Batch 190 | Loss: 1.1204 | Correct: 80/128 | Elapsed Time: 12.83s
2026-02-10 01:18:33,797 | INFO | Batch 200 | Loss: 0.9786 | Correct: 87/128 | Elapsed Time: 13.02s
2026-02-10 01:18:46,834 | INFO | Batch 210 | Loss: 0.9576 | Correct: 84/128 | Elapsed Time: 13.04s
2026-02-10 01:18:59,730 | INFO | Batch 220 | Loss: 0.9576 | Correct: 83/128 | Elapsed Time: 12.90s
2026-02-10 01:19:12,703 | INFO | Batch 230 | Loss: 1.1450 | Correct: 85/128 | Elapsed Time: 12.97s
2026-02-10 01:19:25,730 | INFO | Batch 240 | Loss: 1.0000 | Correct: 78/128 | Elapsed Time: 13.03s
2026-02-10 01:19:38,669 | INFO | Batch 250 | Loss: 1.1144 | Correct: 80/128 | Elapsed Time: 12.94s
2026-02-10 01:19:51,564 | INFO | Batch 260 | Loss: 1.1957 | Correct: 76/128 | Elapsed Time: 12.90s
2026-02-10 01:20:04,622 | INFO | Batch 270 | Loss: 1.2759 | Correct: 68/128 | Elapsed Time: 13.06s
2026-02-10 01:20:17,615 | INFO | Batch 280 | Loss: 0.9680 | Correct: 80/128 | Elapsed Time: 12.99s
2026-02-10 01:20:30,522 | INFO | Batch 290 | Loss: 1.2352 | Correct: 70/128 | Elapsed Time: 12.91s
2026-02-10 01:20:43,491 | INFO | Batch 300 | Loss: 1.0499 | Correct: 85/128 | Elapsed Time: 12.97s
2026-02-10 01:20:56,529 | INFO | Batch 310 | Loss: 1.2419 | Correct: 76/128 | Elapsed Time: 13.04s
2026-02-10 01:21:09,524 | INFO | Batch 320 | Loss: 1.2554 | Correct: 70/128 | Elapsed Time: 12.99s
2026-02-10 01:21:22,412 | INFO | Batch 330 | Loss: 1.2486 | Correct: 72/128 | Elapsed Time: 12.89s
2026-02-10 01:21:35,400 | INFO | Batch 340 | Loss: 0.9946 | Correct: 83/128 | Elapsed Time: 12.99s
2026-02-10 01:21:48,323 | INFO | Batch 350 | Loss: 1.2759 | Correct: 66/128 | Elapsed Time: 12.92s
2026-02-10 01:22:01,261 | INFO | Batch 360 | Loss: 1.0274 | Correct: 80/128 | Elapsed Time: 12.94s
2026-02-10 01:22:14,375 | INFO | Batch 370 | Loss: 1.1144 | Correct: 76/128 | Elapsed Time: 13.11s
2026-02-10 01:22:27,324 | INFO | Batch 380 | Loss: 1.2898 | Correct: 71/128 | Elapsed Time: 12.95s
2026-02-10 01:22:40,272 | INFO | Batch 390 | Loss: 1.3990 | Correct: 62/128 | Elapsed Time: 12.95s
2026-02-10 01:22:41,301 | INFO | Epoch [13/100] - Loss: 1.1347 | Correct: 29714/50000 (59.43%, 506.83s)
2026-02-10 01:23:27,548 | INFO | Validation - Loss: 1.1703 | Correct: 5836/10000 (58.36%) (46.25s)
2026-02-10 01:23:40,543 | INFO | Batch 10 | Loss: 1.1450 | Correct: 73/128 | Elapsed Time: 12.99s
2026-02-10 01:23:53,399 | INFO | Batch 20 | Loss: 1.1892 | Correct: 68/128 | Elapsed Time: 12.86s
2026-02-10 01:24:06,483 | INFO | Batch 30 | Loss: 1.3181 | Correct: 64/128 | Elapsed Time: 13.08s
2026-02-10 01:24:19,531 | INFO | Batch 40 | Loss: 1.1637 | Correct: 74/128 | Elapsed Time: 13.05s
2026-02-10 01:24:32,366 | INFO | Batch 50 | Loss: 1.1512 | Correct: 75/128 | Elapsed Time: 12.84s
2026-02-10 01:24:45,402 | INFO | Batch 60 | Loss: 1.2087 | Correct: 67/128 | Elapsed Time: 13.04s
2026-02-10 01:24:58,405 | INFO | Batch 70 | Loss: 0.9946 | Correct: 85/128 | Elapsed Time: 13.00s
2026-02-10 01:25:11,485 | INFO | Batch 80 | Loss: 1.2022 | Correct: 79/128 | Elapsed Time: 13.08s
2026-02-10 01:25:24,412 | INFO | Batch 90 | Loss: 1.3616 | Correct: 61/128 | Elapsed Time: 12.93s
2026-02-10 01:25:37,363 | INFO | Batch 100 | Loss: 1.0274 | Correct: 79/128 | Elapsed Time: 12.95s
2026-02-10 01:25:50,356 | INFO | Batch 110 | Loss: 1.2622 | Correct: 74/128 | Elapsed Time: 12.99s
2026-02-10 01:26:03,338 | INFO | Batch 120 | Loss: 1.2759 | Correct: 63/128 | Elapsed Time: 12.98s
2026-02-10 01:26:16,285 | INFO | Batch 130 | Loss: 1.2691 | Correct: 73/128 | Elapsed Time: 12.95s
2026-02-10 01:26:29,331 | INFO | Batch 140 | Loss: 1.0330 | Correct: 81/128 | Elapsed Time: 13.05s
2026-02-10 01:26:42,223 | INFO | Batch 150 | Loss: 1.1957 | Correct: 79/128 | Elapsed Time: 12.89s
2026-02-10 01:26:55,210 | INFO | Batch 160 | Loss: 1.0109 | Correct: 79/128 | Elapsed Time: 12.99s
2026-02-10 01:27:08,330 | INFO | Batch 170 | Loss: 1.1574 | Correct: 76/128 | Elapsed Time: 13.12s
2026-02-10 01:27:21,190 | INFO | Batch 180 | Loss: 1.1450 | Correct: 76/128 | Elapsed Time: 12.86s
2026-02-10 01:27:34,233 | INFO | Batch 190 | Loss: 1.0964 | Correct: 76/128 | Elapsed Time: 13.04s
2026-02-10 01:27:47,263 | INFO | Batch 200 | Loss: 1.2352 | Correct: 76/128 | Elapsed Time: 13.03s
2026-02-10 01:28:00,198 | INFO | Batch 210 | Loss: 1.2554 | Correct: 74/128 | Elapsed Time: 12.94s
2026-02-10 01:28:13,265 | INFO | Batch 220 | Loss: 1.3469 | Correct: 64/128 | Elapsed Time: 13.07s
2026-02-10 01:28:26,224 | INFO | Batch 230 | Loss: 1.0164 | Correct: 84/128 | Elapsed Time: 12.96s
2026-02-10 01:28:39,119 | INFO | Batch 240 | Loss: 1.2087 | Correct: 69/128 | Elapsed Time: 12.90s
2026-02-10 01:28:52,153 | INFO | Batch 250 | Loss: 1.0274 | Correct: 80/128 | Elapsed Time: 13.03s
2026-02-10 01:29:05,109 | INFO | Batch 260 | Loss: 1.1957 | Correct: 79/128 | Elapsed Time: 12.96s
2026-02-10 01:29:18,046 | INFO | Batch 270 | Loss: 0.9170 | Correct: 91/128 | Elapsed Time: 12.94s
2026-02-10 01:29:31,041 | INFO | Batch 280 | Loss: 1.2419 | Correct: 76/128 | Elapsed Time: 13.00s
2026-02-10 01:29:44,025 | INFO | Batch 290 | Loss: 1.1084 | Correct: 76/128 | Elapsed Time: 12.98s
2026-02-10 01:29:57,080 | INFO | Batch 300 | Loss: 0.8829 | Correct: 86/128 | Elapsed Time: 13.05s
2026-02-10 01:30:09,991 | INFO | Batch 310 | Loss: 1.0556 | Correct: 80/128 | Elapsed Time: 12.91s
2026-02-10 01:30:22,976 | INFO | Batch 320 | Loss: 1.1204 | Correct: 77/128 | Elapsed Time: 12.99s
2026-02-10 01:30:35,982 | INFO | Batch 330 | Loss: 1.1144 | Correct: 80/128 | Elapsed Time: 13.01s
2026-02-10 01:30:48,797 | INFO | Batch 340 | Loss: 1.0788 | Correct: 77/128 | Elapsed Time: 12.81s
2026-02-10 01:31:01,795 | INFO | Batch 350 | Loss: 1.1326 | Correct: 79/128 | Elapsed Time: 13.00s
2026-02-10 01:31:14,928 | INFO | Batch 360 | Loss: 1.1828 | Correct: 79/128 | Elapsed Time: 13.13s
2026-02-10 01:31:27,755 | INFO | Batch 370 | Loss: 1.1574 | Correct: 74/128 | Elapsed Time: 12.83s
2026-02-10 01:31:40,760 | INFO | Batch 380 | Loss: 1.1265 | Correct: 74/128 | Elapsed Time: 13.01s
2026-02-10 01:31:53,776 | INFO | Batch 390 | Loss: 0.9628 | Correct: 82/128 | Elapsed Time: 13.02s
2026-02-10 01:31:54,793 | INFO | Epoch [14/100] - Loss: 1.1191 | Correct: 29997/50000 (59.99%, 507.24s)
2026-02-10 01:32:40,724 | INFO | Validation - Loss: 1.0509 | Correct: 6276/10000 (62.76%) (45.93s)
2026-02-10 01:32:40,863 | INFO | New best model saved at epoch 14 with Top1 Acc: 62.76%
2026-02-10 01:32:53,747 | INFO | Batch 10 | Loss: 1.0274 | Correct: 78/128 | Elapsed Time: 12.88s
2026-02-10 01:33:07,298 | INFO | Batch 20 | Loss: 1.0729 | Correct: 73/128 | Elapsed Time: 13.55s
2026-02-10 01:33:20,233 | INFO | Batch 30 | Loss: 1.1574 | Correct: 73/128 | Elapsed Time: 12.93s
2026-02-10 01:33:33,159 | INFO | Batch 40 | Loss: 1.1450 | Correct: 82/128 | Elapsed Time: 12.93s
2026-02-10 01:33:46,121 | INFO | Batch 50 | Loss: 1.0556 | Correct: 81/128 | Elapsed Time: 12.96s
2026-02-10 01:33:59,086 | INFO | Batch 60 | Loss: 1.1828 | Correct: 71/128 | Elapsed Time: 12.96s
2026-02-10 01:34:11,985 | INFO | Batch 70 | Loss: 1.1084 | Correct: 81/128 | Elapsed Time: 12.90s
2026-02-10 01:34:24,908 | INFO | Batch 80 | Loss: 1.0556 | Correct: 76/128 | Elapsed Time: 12.92s
2026-02-10 01:34:37,899 | INFO | Batch 90 | Loss: 1.0274 | Correct: 91/128 | Elapsed Time: 12.99s
2026-02-10 01:34:50,773 | INFO | Batch 100 | Loss: 0.9946 | Correct: 86/128 | Elapsed Time: 12.87s
2026-02-10 01:35:03,730 | INFO | Batch 110 | Loss: 1.2419 | Correct: 66/128 | Elapsed Time: 12.96s
2026-02-10 01:35:16,691 | INFO | Batch 120 | Loss: 1.2218 | Correct: 73/128 | Elapsed Time: 12.96s
2026-02-10 01:35:29,564 | INFO | Batch 130 | Loss: 1.0054 | Correct: 85/128 | Elapsed Time: 12.87s
2026-02-10 01:35:42,445 | INFO | Batch 140 | Loss: 1.1024 | Correct: 77/128 | Elapsed Time: 12.88s
2026-02-10 01:35:55,467 | INFO | Batch 150 | Loss: 1.0788 | Correct: 83/128 | Elapsed Time: 13.02s
2026-02-10 01:36:08,431 | INFO | Batch 160 | Loss: 1.2352 | Correct: 73/128 | Elapsed Time: 12.96s
2026-02-10 01:36:21,340 | INFO | Batch 170 | Loss: 1.0846 | Correct: 79/128 | Elapsed Time: 12.91s
2026-02-10 01:36:34,312 | INFO | Batch 180 | Loss: 1.0788 | Correct: 79/128 | Elapsed Time: 12.97s
2026-02-10 01:36:47,306 | INFO | Batch 190 | Loss: 1.1512 | Correct: 78/128 | Elapsed Time: 12.99s
2026-02-10 01:37:00,225 | INFO | Batch 200 | Loss: 1.1892 | Correct: 78/128 | Elapsed Time: 12.92s
2026-02-10 01:37:13,253 | INFO | Batch 210 | Loss: 1.0846 | Correct: 80/128 | Elapsed Time: 13.03s
2026-02-10 01:37:26,232 | INFO | Batch 220 | Loss: 1.0054 | Correct: 82/128 | Elapsed Time: 12.98s
2026-02-10 01:37:39,046 | INFO | Batch 230 | Loss: 1.0905 | Correct: 76/128 | Elapsed Time: 12.81s
2026-02-10 01:37:51,944 | INFO | Batch 240 | Loss: 1.1144 | Correct: 78/128 | Elapsed Time: 12.90s
2026-02-10 01:38:04,914 | INFO | Batch 250 | Loss: 0.9576 | Correct: 89/128 | Elapsed Time: 12.97s
2026-02-10 01:38:17,766 | INFO | Batch 260 | Loss: 1.0000 | Correct: 82/128 | Elapsed Time: 12.85s
2026-02-10 01:38:30,714 | INFO | Batch 270 | Loss: 1.1700 | Correct: 73/128 | Elapsed Time: 12.95s
2026-02-10 01:38:43,735 | INFO | Batch 280 | Loss: 1.1450 | Correct: 79/128 | Elapsed Time: 13.02s
2026-02-10 01:38:56,536 | INFO | Batch 290 | Loss: 1.0219 | Correct: 80/128 | Elapsed Time: 12.80s
2026-02-10 01:39:09,544 | INFO | Batch 300 | Loss: 1.0164 | Correct: 75/128 | Elapsed Time: 13.01s
2026-02-10 01:39:22,524 | INFO | Batch 310 | Loss: 0.9628 | Correct: 81/128 | Elapsed Time: 12.98s
2026-02-10 01:39:35,383 | INFO | Batch 320 | Loss: 1.0729 | Correct: 79/128 | Elapsed Time: 12.86s
2026-02-10 01:39:48,368 | INFO | Batch 330 | Loss: 1.0274 | Correct: 86/128 | Elapsed Time: 12.98s
2026-02-10 01:40:01,315 | INFO | Batch 340 | Loss: 0.9680 | Correct: 87/128 | Elapsed Time: 12.95s
2026-02-10 01:40:14,340 | INFO | Batch 350 | Loss: 1.1637 | Correct: 74/128 | Elapsed Time: 13.02s
2026-02-10 01:40:27,229 | INFO | Batch 360 | Loss: 0.9839 | Correct: 86/128 | Elapsed Time: 12.89s
2026-02-10 01:40:40,135 | INFO | Batch 370 | Loss: 1.0788 | Correct: 78/128 | Elapsed Time: 12.91s
2026-02-10 01:40:53,202 | INFO | Batch 380 | Loss: 1.1265 | Correct: 73/128 | Elapsed Time: 13.07s
2026-02-10 01:41:06,179 | INFO | Batch 390 | Loss: 0.9524 | Correct: 87/128 | Elapsed Time: 12.98s
2026-02-10 01:41:07,200 | INFO | Epoch [15/100] - Loss: 1.0970 | Correct: 30448/50000 (60.90%, 506.34s)
2026-02-10 01:41:53,250 | INFO | Validation - Loss: 1.0589 | Correct: 6281/10000 (62.81%) (46.05s)
2026-02-10 01:41:53,388 | INFO | New best model saved at epoch 15 with Top1 Acc: 62.81%
2026-02-10 01:42:06,569 | INFO | Batch 10 | Loss: 1.0905 | Correct: 79/128 | Elapsed Time: 13.18s
2026-02-10 01:42:19,536 | INFO | Batch 20 | Loss: 1.0219 | Correct: 81/128 | Elapsed Time: 12.97s
2026-02-10 01:42:32,551 | INFO | Batch 30 | Loss: 1.0219 | Correct: 82/128 | Elapsed Time: 13.02s
2026-02-10 01:42:45,469 | INFO | Batch 40 | Loss: 1.1388 | Correct: 79/128 | Elapsed Time: 12.92s
2026-02-10 01:42:58,500 | INFO | Batch 50 | Loss: 1.1204 | Correct: 77/128 | Elapsed Time: 13.03s
2026-02-10 01:43:11,831 | INFO | Batch 60 | Loss: 1.0274 | Correct: 84/128 | Elapsed Time: 13.33s
2026-02-10 01:43:24,775 | INFO | Batch 70 | Loss: 0.8877 | Correct: 82/128 | Elapsed Time: 12.94s
2026-02-10 01:43:37,810 | INFO | Batch 80 | Loss: 1.0164 | Correct: 79/128 | Elapsed Time: 13.03s
2026-02-10 01:43:50,898 | INFO | Batch 90 | Loss: 1.1084 | Correct: 72/128 | Elapsed Time: 13.09s
2026-02-10 01:44:03,855 | INFO | Batch 100 | Loss: 1.0274 | Correct: 83/128 | Elapsed Time: 12.96s
2026-02-10 01:44:16,887 | INFO | Batch 110 | Loss: 1.1204 | Correct: 79/128 | Elapsed Time: 13.03s
2026-02-10 01:44:29,910 | INFO | Batch 120 | Loss: 0.8925 | Correct: 82/128 | Elapsed Time: 13.02s
2026-02-10 01:44:42,750 | INFO | Batch 130 | Loss: 1.0109 | Correct: 80/128 | Elapsed Time: 12.84s
2026-02-10 01:44:55,771 | INFO | Batch 140 | Loss: 1.1204 | Correct: 79/128 | Elapsed Time: 13.02s
2026-02-10 01:45:08,918 | INFO | Batch 150 | Loss: 1.0671 | Correct: 76/128 | Elapsed Time: 13.15s
2026-02-10 01:45:21,794 | INFO | Batch 160 | Loss: 1.2419 | Correct: 70/128 | Elapsed Time: 12.88s
2026-02-10 01:45:34,823 | INFO | Batch 170 | Loss: 1.0054 | Correct: 83/128 | Elapsed Time: 13.03s
2026-02-10 01:45:47,824 | INFO | Batch 180 | Loss: 1.0054 | Correct: 88/128 | Elapsed Time: 13.00s
2026-02-10 01:46:00,686 | INFO | Batch 190 | Loss: 1.1764 | Correct: 71/128 | Elapsed Time: 12.86s
2026-02-10 01:46:13,835 | INFO | Batch 200 | Loss: 1.0000 | Correct: 82/128 | Elapsed Time: 13.15s
2026-02-10 01:46:26,942 | INFO | Batch 210 | Loss: 1.2285 | Correct: 81/128 | Elapsed Time: 13.11s
2026-02-10 01:46:39,896 | INFO | Batch 220 | Loss: 1.1204 | Correct: 78/128 | Elapsed Time: 12.95s
2026-02-10 01:46:52,989 | INFO | Batch 230 | Loss: 1.1204 | Correct: 71/128 | Elapsed Time: 13.09s
2026-02-10 01:47:06,055 | INFO | Batch 240 | Loss: 0.9680 | Correct: 84/128 | Elapsed Time: 13.07s
2026-02-10 01:47:19,019 | INFO | Batch 250 | Loss: 1.2759 | Correct: 70/128 | Elapsed Time: 12.96s
2026-02-10 01:47:32,082 | INFO | Batch 260 | Loss: 0.9022 | Correct: 80/128 | Elapsed Time: 13.06s
2026-02-10 01:47:45,162 | INFO | Batch 270 | Loss: 1.0788 | Correct: 76/128 | Elapsed Time: 13.08s
2026-02-10 01:47:58,111 | INFO | Batch 280 | Loss: 1.0614 | Correct: 78/128 | Elapsed Time: 12.95s
2026-02-10 01:48:11,144 | INFO | Batch 290 | Loss: 1.2152 | Correct: 71/128 | Elapsed Time: 13.03s
2026-02-10 01:48:24,296 | INFO | Batch 300 | Loss: 1.1265 | Correct: 79/128 | Elapsed Time: 13.15s
2026-02-10 01:48:37,232 | INFO | Batch 310 | Loss: 1.0729 | Correct: 73/128 | Elapsed Time: 12.94s
2026-02-10 01:48:50,216 | INFO | Batch 320 | Loss: 1.4609 | Correct: 61/128 | Elapsed Time: 12.98s
2026-02-10 01:49:03,433 | INFO | Batch 330 | Loss: 1.2829 | Correct: 71/128 | Elapsed Time: 13.22s
2026-02-10 01:49:16,557 | INFO | Batch 340 | Loss: 1.1700 | Correct: 74/128 | Elapsed Time: 13.12s
2026-02-10 01:49:29,570 | INFO | Batch 350 | Loss: 1.1828 | Correct: 66/128 | Elapsed Time: 13.01s
2026-02-10 01:49:42,705 | INFO | Batch 360 | Loss: 1.1828 | Correct: 72/128 | Elapsed Time: 13.13s
2026-02-10 01:49:55,772 | INFO | Batch 370 | Loss: 1.1326 | Correct: 74/128 | Elapsed Time: 13.07s
2026-02-10 01:50:08,913 | INFO | Batch 380 | Loss: 1.0556 | Correct: 84/128 | Elapsed Time: 13.14s
2026-02-10 01:50:22,074 | INFO | Batch 390 | Loss: 1.1084 | Correct: 73/128 | Elapsed Time: 13.16s
2026-02-10 01:50:23,114 | INFO | Epoch [16/100] - Loss: 1.0801 | Correct: 30639/50000 (61.28%, 509.73s)
2026-02-10 01:51:09,232 | INFO | Validation - Loss: 1.0683 | Correct: 6222/10000 (62.22%) (46.12s)
2026-02-10 01:51:22,389 | INFO | Batch 10 | Loss: 1.0556 | Correct: 80/128 | Elapsed Time: 13.15s
2026-02-10 01:51:35,375 | INFO | Batch 20 | Loss: 0.9422 | Correct: 87/128 | Elapsed Time: 12.99s
2026-02-10 01:51:48,333 | INFO | Batch 30 | Loss: 1.1574 | Correct: 76/128 | Elapsed Time: 12.96s
2026-02-10 01:52:01,500 | INFO | Batch 40 | Loss: 1.0788 | Correct: 83/128 | Elapsed Time: 13.17s
2026-02-10 01:52:14,630 | INFO | Batch 50 | Loss: 1.1024 | Correct: 87/128 | Elapsed Time: 13.13s
2026-02-10 01:52:27,681 | INFO | Batch 60 | Loss: 1.0614 | Correct: 79/128 | Elapsed Time: 13.05s
2026-02-10 01:52:40,829 | INFO | Batch 70 | Loss: 1.0846 | Correct: 79/128 | Elapsed Time: 13.15s
2026-02-10 01:52:53,893 | INFO | Batch 80 | Loss: 1.2218 | Correct: 69/128 | Elapsed Time: 13.06s
2026-02-10 01:53:07,512 | INFO | Batch 90 | Loss: 1.0000 | Correct: 84/128 | Elapsed Time: 13.62s
2026-02-10 01:53:20,638 | INFO | Batch 100 | Loss: 1.0614 | Correct: 76/128 | Elapsed Time: 13.13s
2026-02-10 01:53:33,678 | INFO | Batch 110 | Loss: 1.1265 | Correct: 82/128 | Elapsed Time: 13.04s
2026-02-10 01:53:46,579 | INFO | Batch 120 | Loss: 0.9473 | Correct: 77/128 | Elapsed Time: 12.90s
2026-02-10 01:53:59,709 | INFO | Batch 130 | Loss: 1.0000 | Correct: 86/128 | Elapsed Time: 13.13s
2026-02-10 01:54:12,802 | INFO | Batch 140 | Loss: 1.0499 | Correct: 79/128 | Elapsed Time: 13.09s
2026-02-10 01:54:25,711 | INFO | Batch 150 | Loss: 1.1700 | Correct: 79/128 | Elapsed Time: 12.91s
2026-02-10 01:54:38,762 | INFO | Batch 160 | Loss: 0.9320 | Correct: 84/128 | Elapsed Time: 13.05s
2026-02-10 01:54:51,714 | INFO | Batch 170 | Loss: 0.9422 | Correct: 80/128 | Elapsed Time: 12.95s
2026-02-10 01:55:04,674 | INFO | Batch 180 | Loss: 0.9422 | Correct: 82/128 | Elapsed Time: 12.96s
2026-02-10 01:55:17,708 | INFO | Batch 190 | Loss: 0.9576 | Correct: 84/128 | Elapsed Time: 13.03s
2026-02-10 01:55:30,733 | INFO | Batch 200 | Loss: 1.0788 | Correct: 80/128 | Elapsed Time: 13.03s
2026-02-10 01:55:43,673 | INFO | Batch 210 | Loss: 1.0729 | Correct: 78/128 | Elapsed Time: 12.94s
2026-02-10 01:55:56,713 | INFO | Batch 220 | Loss: 1.2554 | Correct: 71/128 | Elapsed Time: 13.04s
2026-02-10 01:56:09,762 | INFO | Batch 230 | Loss: 1.1764 | Correct: 76/128 | Elapsed Time: 13.05s
2026-02-10 01:56:22,689 | INFO | Batch 240 | Loss: 1.1144 | Correct: 73/128 | Elapsed Time: 12.93s
2026-02-10 01:56:35,703 | INFO | Batch 250 | Loss: 0.9473 | Correct: 91/128 | Elapsed Time: 13.01s
2026-02-10 01:56:48,711 | INFO | Batch 260 | Loss: 0.9320 | Correct: 87/128 | Elapsed Time: 13.01s
2026-02-10 01:57:01,705 | INFO | Batch 270 | Loss: 1.0054 | Correct: 84/128 | Elapsed Time: 12.99s
2026-02-10 01:57:14,768 | INFO | Batch 280 | Loss: 1.1700 | Correct: 73/128 | Elapsed Time: 13.06s
2026-02-10 01:57:27,824 | INFO | Batch 290 | Loss: 1.0846 | Correct: 80/128 | Elapsed Time: 13.06s
2026-02-10 01:57:40,725 | INFO | Batch 300 | Loss: 1.1388 | Correct: 74/128 | Elapsed Time: 12.90s
2026-02-10 01:57:53,801 | INFO | Batch 310 | Loss: 1.2486 | Correct: 70/128 | Elapsed Time: 13.08s
2026-02-10 01:58:06,827 | INFO | Batch 320 | Loss: 0.9786 | Correct: 83/128 | Elapsed Time: 13.03s
2026-02-10 01:58:19,785 | INFO | Batch 330 | Loss: 1.0614 | Correct: 81/128 | Elapsed Time: 12.96s
2026-02-10 01:58:32,857 | INFO | Batch 340 | Loss: 1.5422 | Correct: 66/128 | Elapsed Time: 13.07s
2026-02-10 01:58:45,786 | INFO | Batch 350 | Loss: 1.5931 | Correct: 58/128 | Elapsed Time: 12.93s
2026-02-10 01:58:58,750 | INFO | Batch 360 | Loss: 1.3181 | Correct: 73/128 | Elapsed Time: 12.96s
2026-02-10 01:59:11,854 | INFO | Batch 370 | Loss: 1.3039 | Correct: 64/128 | Elapsed Time: 13.10s
2026-02-10 01:59:24,892 | INFO | Batch 380 | Loss: 1.2691 | Correct: 71/128 | Elapsed Time: 13.04s
2026-02-10 01:59:37,983 | INFO | Batch 390 | Loss: 1.3990 | Correct: 69/128 | Elapsed Time: 13.09s
2026-02-10 01:59:39,024 | INFO | Epoch [17/100] - Loss: 1.1148 | Correct: 30118/50000 (60.24%, 509.79s)
2026-02-10 02:00:24,937 | INFO | Validation - Loss: 1.3019 | Correct: 5392/10000 (53.92%) (45.91s)
2026-02-10 02:00:37,912 | INFO | Batch 10 | Loss: 1.1512 | Correct: 82/128 | Elapsed Time: 12.97s
2026-02-10 02:00:50,998 | INFO | Batch 20 | Loss: 1.3110 | Correct: 63/128 | Elapsed Time: 13.09s
2026-02-10 02:01:04,077 | INFO | Batch 30 | Loss: 1.2898 | Correct: 66/128 | Elapsed Time: 13.08s
2026-02-10 02:01:17,185 | INFO | Batch 40 | Loss: 1.4452 | Correct: 73/128 | Elapsed Time: 13.11s
2026-02-10 02:01:30,123 | INFO | Batch 50 | Loss: 1.1574 | Correct: 81/128 | Elapsed Time: 12.94s
2026-02-10 02:01:43,174 | INFO | Batch 60 | Loss: 1.1265 | Correct: 72/128 | Elapsed Time: 13.05s
2026-02-10 02:01:56,256 | INFO | Batch 70 | Loss: 1.2152 | Correct: 71/128 | Elapsed Time: 13.08s
2026-02-10 02:02:09,236 | INFO | Batch 80 | Loss: 1.2218 | Correct: 72/128 | Elapsed Time: 12.98s
2026-02-10 02:02:22,297 | INFO | Batch 90 | Loss: 1.2691 | Correct: 74/128 | Elapsed Time: 13.06s
2026-02-10 02:02:35,279 | INFO | Batch 100 | Loss: 1.3039 | Correct: 69/128 | Elapsed Time: 12.98s
2026-02-10 02:02:48,223 | INFO | Batch 110 | Loss: 1.1637 | Correct: 79/128 | Elapsed Time: 12.94s
2026-02-10 02:03:01,476 | INFO | Batch 120 | Loss: 1.0614 | Correct: 79/128 | Elapsed Time: 13.25s
2026-02-10 02:03:14,983 | INFO | Batch 130 | Loss: 1.2218 | Correct: 75/128 | Elapsed Time: 13.51s
2026-02-10 02:03:27,972 | INFO | Batch 140 | Loss: 1.1204 | Correct: 79/128 | Elapsed Time: 12.99s
2026-02-10 02:03:41,004 | INFO | Batch 150 | Loss: 1.2087 | Correct: 72/128 | Elapsed Time: 13.03s
2026-02-10 02:03:54,105 | INFO | Batch 160 | Loss: 1.2152 | Correct: 77/128 | Elapsed Time: 13.10s
2026-02-10 02:04:07,109 | INFO | Batch 170 | Loss: 1.2419 | Correct: 75/128 | Elapsed Time: 13.00s
2026-02-10 02:04:20,057 | INFO | Batch 180 | Loss: 1.1326 | Correct: 74/128 | Elapsed Time: 12.95s
2026-02-10 02:04:33,140 | INFO | Batch 190 | Loss: 1.1637 | Correct: 77/128 | Elapsed Time: 13.08s
2026-02-10 02:04:46,004 | INFO | Batch 200 | Loss: 1.1828 | Correct: 70/128 | Elapsed Time: 12.86s
2026-02-10 02:04:58,983 | INFO | Batch 210 | Loss: 1.0330 | Correct: 84/128 | Elapsed Time: 12.98s
2026-02-10 02:05:12,129 | INFO | Batch 220 | Loss: 1.2087 | Correct: 71/128 | Elapsed Time: 13.15s
2026-02-10 02:05:25,049 | INFO | Batch 230 | Loss: 1.0556 | Correct: 77/128 | Elapsed Time: 12.92s
2026-02-10 02:05:38,015 | INFO | Batch 240 | Loss: 1.1450 | Correct: 77/128 | Elapsed Time: 12.97s
2026-02-10 02:05:51,058 | INFO | Batch 250 | Loss: 1.0614 | Correct: 76/128 | Elapsed Time: 13.04s
2026-02-10 02:06:04,047 | INFO | Batch 260 | Loss: 1.1828 | Correct: 73/128 | Elapsed Time: 12.99s
2026-02-10 02:06:17,081 | INFO | Batch 270 | Loss: 1.1764 | Correct: 75/128 | Elapsed Time: 13.03s
2026-02-10 02:06:30,158 | INFO | Batch 280 | Loss: 1.2087 | Correct: 72/128 | Elapsed Time: 13.08s
2026-02-10 02:06:42,968 | INFO | Batch 290 | Loss: 1.0556 | Correct: 82/128 | Elapsed Time: 12.81s
2026-02-10 02:06:56,053 | INFO | Batch 300 | Loss: 1.0443 | Correct: 81/128 | Elapsed Time: 13.08s
2026-02-10 02:07:09,149 | INFO | Batch 310 | Loss: 1.0905 | Correct: 80/128 | Elapsed Time: 13.10s
2026-02-10 02:07:21,975 | INFO | Batch 320 | Loss: 1.0846 | Correct: 78/128 | Elapsed Time: 12.83s
2026-02-10 02:07:35,025 | INFO | Batch 330 | Loss: 1.0219 | Correct: 80/128 | Elapsed Time: 13.05s
2026-02-10 02:07:48,067 | INFO | Batch 340 | Loss: 1.0443 | Correct: 82/128 | Elapsed Time: 13.04s
2026-02-10 02:08:01,012 | INFO | Batch 350 | Loss: 0.9786 | Correct: 85/128 | Elapsed Time: 12.95s
2026-02-10 02:08:14,040 | INFO | Batch 360 | Loss: 1.1700 | Correct: 73/128 | Elapsed Time: 13.03s
2026-02-10 02:08:27,010 | INFO | Batch 370 | Loss: 1.0274 | Correct: 85/128 | Elapsed Time: 12.97s
2026-02-10 02:08:39,941 | INFO | Batch 380 | Loss: 1.2419 | Correct: 70/128 | Elapsed Time: 12.93s
2026-02-10 02:08:52,814 | INFO | Batch 390 | Loss: 1.0219 | Correct: 83/128 | Elapsed Time: 12.87s
2026-02-10 02:08:53,845 | INFO | Epoch [18/100] - Loss: 1.1514 | Correct: 29520/50000 (59.04%, 508.91s)
2026-02-10 02:09:39,852 | INFO | Validation - Loss: 1.1128 | Correct: 6079/10000 (60.79%) (46.01s)
2026-02-10 02:09:52,856 | INFO | Batch 10 | Loss: 1.2554 | Correct: 68/128 | Elapsed Time: 13.00s
2026-02-10 02:10:05,868 | INFO | Batch 20 | Loss: 1.2554 | Correct: 71/128 | Elapsed Time: 13.01s
2026-02-10 02:10:18,644 | INFO | Batch 30 | Loss: 1.0905 | Correct: 83/128 | Elapsed Time: 12.78s
2026-02-10 02:10:31,641 | INFO | Batch 40 | Loss: 1.0000 | Correct: 88/128 | Elapsed Time: 13.00s
2026-02-10 02:10:44,707 | INFO | Batch 50 | Loss: 1.0330 | Correct: 76/128 | Elapsed Time: 13.07s
2026-02-10 02:10:57,562 | INFO | Batch 60 | Loss: 0.9576 | Correct: 81/128 | Elapsed Time: 12.85s
2026-02-10 02:11:10,584 | INFO | Batch 70 | Loss: 1.2152 | Correct: 73/128 | Elapsed Time: 13.02s
2026-02-10 02:11:23,540 | INFO | Batch 80 | Loss: 1.2087 | Correct: 65/128 | Elapsed Time: 12.96s
2026-02-10 02:11:36,364 | INFO | Batch 90 | Loss: 1.0219 | Correct: 79/128 | Elapsed Time: 12.82s
2026-02-10 02:11:49,391 | INFO | Batch 100 | Loss: 1.0054 | Correct: 78/128 | Elapsed Time: 13.03s
2026-02-10 02:12:02,491 | INFO | Batch 110 | Loss: 1.0788 | Correct: 77/128 | Elapsed Time: 13.10s
2026-02-10 02:12:15,522 | INFO | Batch 120 | Loss: 1.1024 | Correct: 79/128 | Elapsed Time: 13.03s
2026-02-10 02:12:28,452 | INFO | Batch 130 | Loss: 1.0964 | Correct: 75/128 | Elapsed Time: 12.93s
2026-02-10 02:12:41,441 | INFO | Batch 140 | Loss: 1.0274 | Correct: 85/128 | Elapsed Time: 12.99s
2026-02-10 02:12:54,603 | INFO | Batch 150 | Loss: 1.0614 | Correct: 80/128 | Elapsed Time: 13.16s
2026-02-10 02:13:07,976 | INFO | Batch 160 | Loss: 1.0164 | Correct: 79/128 | Elapsed Time: 13.37s
2026-02-10 02:13:21,010 | INFO | Batch 170 | Loss: 1.1204 | Correct: 85/128 | Elapsed Time: 13.03s
2026-02-10 02:13:34,146 | INFO | Batch 180 | Loss: 0.9473 | Correct: 81/128 | Elapsed Time: 13.14s
2026-02-10 02:13:47,051 | INFO | Batch 190 | Loss: 0.8877 | Correct: 90/128 | Elapsed Time: 12.90s
2026-02-10 02:14:00,090 | INFO | Batch 200 | Loss: 1.2759 | Correct: 69/128 | Elapsed Time: 13.04s
2026-02-10 02:14:13,583 | INFO | Batch 210 | Loss: 1.0054 | Correct: 79/128 | Elapsed Time: 13.49s
2026-02-10 02:14:26,448 | INFO | Batch 220 | Loss: 1.0499 | Correct: 82/128 | Elapsed Time: 12.86s
2026-02-10 02:14:39,477 | INFO | Batch 230 | Loss: 1.1764 | Correct: 75/128 | Elapsed Time: 13.03s
2026-02-10 02:14:52,519 | INFO | Batch 240 | Loss: 1.1512 | Correct: 78/128 | Elapsed Time: 13.04s
2026-02-10 02:15:05,428 | INFO | Batch 250 | Loss: 0.9892 | Correct: 81/128 | Elapsed Time: 12.91s
2026-02-10 02:15:18,467 | INFO | Batch 260 | Loss: 0.9422 | Correct: 78/128 | Elapsed Time: 13.04s
2026-02-10 02:15:31,499 | INFO | Batch 270 | Loss: 0.9473 | Correct: 86/128 | Elapsed Time: 13.03s
2026-02-10 02:15:44,373 | INFO | Batch 280 | Loss: 1.0274 | Correct: 77/128 | Elapsed Time: 12.87s
2026-02-10 02:15:57,409 | INFO | Batch 290 | Loss: 0.9422 | Correct: 88/128 | Elapsed Time: 13.04s
2026-02-10 02:16:10,414 | INFO | Batch 300 | Loss: 1.1144 | Correct: 75/128 | Elapsed Time: 13.00s
2026-02-10 02:16:23,345 | INFO | Batch 310 | Loss: 1.1084 | Correct: 80/128 | Elapsed Time: 12.93s
2026-02-10 02:16:36,469 | INFO | Batch 320 | Loss: 1.1637 | Correct: 77/128 | Elapsed Time: 13.12s
2026-02-10 02:16:49,436 | INFO | Batch 330 | Loss: 0.9071 | Correct: 92/128 | Elapsed Time: 12.97s
2026-02-10 02:17:02,423 | INFO | Batch 340 | Loss: 1.1388 | Correct: 80/128 | Elapsed Time: 12.99s
2026-02-10 02:17:15,453 | INFO | Batch 350 | Loss: 0.8974 | Correct: 89/128 | Elapsed Time: 13.03s
2026-02-10 02:17:28,449 | INFO | Batch 360 | Loss: 1.1204 | Correct: 81/128 | Elapsed Time: 13.00s
2026-02-10 02:17:41,444 | INFO | Batch 370 | Loss: 0.9946 | Correct: 80/128 | Elapsed Time: 13.00s
2026-02-10 02:17:54,481 | INFO | Batch 380 | Loss: 1.0846 | Correct: 84/128 | Elapsed Time: 13.04s
2026-02-10 02:18:07,559 | INFO | Batch 390 | Loss: 0.9839 | Correct: 79/128 | Elapsed Time: 13.08s
2026-02-10 02:18:08,602 | INFO | Epoch [19/100] - Loss: 1.0713 | Correct: 30968/50000 (61.94%, 508.75s)
2026-02-10 02:18:54,637 | INFO | Validation - Loss: 1.0832 | Correct: 6105/10000 (61.05%) (46.03s)
2026-02-10 02:19:07,728 | INFO | Batch 10 | Loss: 1.0846 | Correct: 81/128 | Elapsed Time: 13.09s
2026-02-10 02:19:20,685 | INFO | Batch 20 | Loss: 1.0964 | Correct: 79/128 | Elapsed Time: 12.96s
2026-02-10 02:19:33,843 | INFO | Batch 30 | Loss: 0.8409 | Correct: 88/128 | Elapsed Time: 13.16s
2026-02-10 02:19:46,866 | INFO | Batch 40 | Loss: 0.9680 | Correct: 86/128 | Elapsed Time: 13.02s
2026-02-10 02:19:59,963 | INFO | Batch 50 | Loss: 1.2554 | Correct: 72/128 | Elapsed Time: 13.10s
2026-02-10 02:20:13,130 | INFO | Batch 60 | Loss: 0.9839 | Correct: 82/128 | Elapsed Time: 13.17s
2026-02-10 02:20:26,087 | INFO | Batch 70 | Loss: 0.9320 | Correct: 90/128 | Elapsed Time: 12.96s
2026-02-10 02:20:39,024 | INFO | Batch 80 | Loss: 0.9628 | Correct: 84/128 | Elapsed Time: 12.94s
2026-02-10 02:20:52,107 | INFO | Batch 90 | Loss: 1.1700 | Correct: 77/128 | Elapsed Time: 13.08s
2026-02-10 02:21:05,195 | INFO | Batch 100 | Loss: 1.1144 | Correct: 80/128 | Elapsed Time: 13.09s
2026-02-10 02:21:18,124 | INFO | Batch 110 | Loss: 1.0964 | Correct: 77/128 | Elapsed Time: 12.93s
2026-02-10 02:21:31,188 | INFO | Batch 120 | Loss: 0.9786 | Correct: 90/128 | Elapsed Time: 13.06s
2026-02-10 02:21:44,248 | INFO | Batch 130 | Loss: 0.9170 | Correct: 87/128 | Elapsed Time: 13.06s
2026-02-10 02:21:57,223 | INFO | Batch 140 | Loss: 1.1892 | Correct: 69/128 | Elapsed Time: 12.97s
2026-02-10 02:22:10,256 | INFO | Batch 150 | Loss: 0.8640 | Correct: 84/128 | Elapsed Time: 13.03s
2026-02-10 02:22:23,333 | INFO | Batch 160 | Loss: 1.1828 | Correct: 70/128 | Elapsed Time: 13.08s
2026-02-10 02:22:36,343 | INFO | Batch 170 | Loss: 1.1764 | Correct: 76/128 | Elapsed Time: 13.01s
2026-02-10 02:22:49,319 | INFO | Batch 180 | Loss: 0.9371 | Correct: 83/128 | Elapsed Time: 12.98s
2026-02-10 02:23:02,683 | INFO | Batch 190 | Loss: 1.0000 | Correct: 86/128 | Elapsed Time: 13.36s
2026-02-10 02:23:15,930 | INFO | Batch 200 | Loss: 1.1204 | Correct: 82/128 | Elapsed Time: 13.25s
2026-02-10 02:23:28,878 | INFO | Batch 210 | Loss: 0.9422 | Correct: 88/128 | Elapsed Time: 12.95s
2026-02-10 02:23:41,889 | INFO | Batch 220 | Loss: 1.2352 | Correct: 75/128 | Elapsed Time: 13.01s
2026-02-10 02:23:54,897 | INFO | Batch 230 | Loss: 1.0330 | Correct: 74/128 | Elapsed Time: 13.01s
2026-02-10 02:24:07,894 | INFO | Batch 240 | Loss: 1.2352 | Correct: 71/128 | Elapsed Time: 13.00s
2026-02-10 02:24:20,837 | INFO | Batch 250 | Loss: 0.9270 | Correct: 89/128 | Elapsed Time: 12.94s
2026-02-10 02:24:33,794 | INFO | Batch 260 | Loss: 1.1700 | Correct: 72/128 | Elapsed Time: 12.96s
2026-02-10 02:24:46,682 | INFO | Batch 270 | Loss: 1.1084 | Correct: 82/128 | Elapsed Time: 12.89s
2026-02-10 02:24:59,643 | INFO | Batch 280 | Loss: 0.9628 | Correct: 81/128 | Elapsed Time: 12.96s
2026-02-10 02:25:12,691 | INFO | Batch 290 | Loss: 0.9786 | Correct: 86/128 | Elapsed Time: 13.05s
2026-02-10 02:25:25,536 | INFO | Batch 300 | Loss: 0.9839 | Correct: 81/128 | Elapsed Time: 12.84s
2026-02-10 02:25:38,492 | INFO | Batch 310 | Loss: 1.0905 | Correct: 81/128 | Elapsed Time: 12.96s
2026-02-10 02:25:51,476 | INFO | Batch 320 | Loss: 1.0964 | Correct: 81/128 | Elapsed Time: 12.98s
2026-02-10 02:26:04,431 | INFO | Batch 330 | Loss: 1.2352 | Correct: 73/128 | Elapsed Time: 12.95s
2026-02-10 02:26:17,326 | INFO | Batch 340 | Loss: 0.9524 | Correct: 81/128 | Elapsed Time: 12.89s
2026-02-10 02:26:30,320 | INFO | Batch 350 | Loss: 1.1512 | Correct: 81/128 | Elapsed Time: 12.99s
2026-02-10 02:26:43,201 | INFO | Batch 360 | Loss: 1.0788 | Correct: 77/128 | Elapsed Time: 12.88s
2026-02-10 02:26:56,171 | INFO | Batch 370 | Loss: 1.1450 | Correct: 79/128 | Elapsed Time: 12.97s
2026-02-10 02:27:09,208 | INFO | Batch 380 | Loss: 1.0164 | Correct: 85/128 | Elapsed Time: 13.04s
2026-02-10 02:27:22,091 | INFO | Batch 390 | Loss: 1.0614 | Correct: 85/128 | Elapsed Time: 12.88s
2026-02-10 02:27:23,240 | INFO | Epoch [20/100] - Loss: 1.0403 | Correct: 31494/50000 (62.99%, 508.60s)
2026-02-10 02:28:09,250 | INFO | Validation - Loss: 1.0195 | Correct: 6425/10000 (64.25%) (46.01s)
2026-02-10 02:28:09,387 | INFO | New best model saved at epoch 20 with Top1 Acc: 64.25%
2026-02-10 02:28:22,262 | INFO | Batch 10 | Loss: 1.1892 | Correct: 72/128 | Elapsed Time: 12.87s
2026-02-10 02:28:35,252 | INFO | Batch 20 | Loss: 1.1637 | Correct: 73/128 | Elapsed Time: 12.99s
2026-02-10 02:28:48,287 | INFO | Batch 30 | Loss: 0.9422 | Correct: 89/128 | Elapsed Time: 13.04s
2026-02-10 02:29:01,152 | INFO | Batch 40 | Loss: 1.1828 | Correct: 81/128 | Elapsed Time: 12.86s
2026-02-10 02:29:14,199 | INFO | Batch 50 | Loss: 1.1144 | Correct: 75/128 | Elapsed Time: 13.05s
2026-02-10 02:29:27,251 | INFO | Batch 60 | Loss: 0.9680 | Correct: 85/128 | Elapsed Time: 13.05s
2026-02-10 02:29:40,094 | INFO | Batch 70 | Loss: 0.8925 | Correct: 89/128 | Elapsed Time: 12.84s
2026-02-10 02:29:53,147 | INFO | Batch 80 | Loss: 1.0905 | Correct: 84/128 | Elapsed Time: 13.05s
2026-02-10 02:30:06,299 | INFO | Batch 90 | Loss: 0.9839 | Correct: 88/128 | Elapsed Time: 13.15s
2026-02-10 02:30:19,081 | INFO | Batch 100 | Loss: 1.1892 | Correct: 71/128 | Elapsed Time: 12.78s
2026-02-10 02:30:32,136 | INFO | Batch 110 | Loss: 1.0000 | Correct: 76/128 | Elapsed Time: 13.05s
2026-02-10 02:30:45,171 | INFO | Batch 120 | Loss: 1.0614 | Correct: 79/128 | Elapsed Time: 13.04s
2026-02-10 02:30:57,999 | INFO | Batch 130 | Loss: 0.8925 | Correct: 90/128 | Elapsed Time: 12.83s
2026-02-10 02:31:11,147 | INFO | Batch 140 | Loss: 1.1144 | Correct: 74/128 | Elapsed Time: 13.15s
2026-02-10 02:31:24,183 | INFO | Batch 150 | Loss: 1.0164 | Correct: 81/128 | Elapsed Time: 13.04s
2026-02-10 02:31:37,047 | INFO | Batch 160 | Loss: 1.0330 | Correct: 82/128 | Elapsed Time: 12.86s
2026-02-10 02:31:50,174 | INFO | Batch 170 | Loss: 1.0964 | Correct: 84/128 | Elapsed Time: 13.13s
2026-02-10 02:32:03,254 | INFO | Batch 180 | Loss: 1.0330 | Correct: 80/128 | Elapsed Time: 13.08s
2026-02-10 02:32:16,245 | INFO | Batch 190 | Loss: 1.0614 | Correct: 79/128 | Elapsed Time: 12.99s
2026-02-10 02:32:29,389 | INFO | Batch 200 | Loss: 0.9628 | Correct: 88/128 | Elapsed Time: 13.14s
2026-02-10 02:32:42,389 | INFO | Batch 210 | Loss: 1.0000 | Correct: 78/128 | Elapsed Time: 13.00s
2026-02-10 02:32:55,574 | INFO | Batch 220 | Loss: 1.0556 | Correct: 78/128 | Elapsed Time: 13.19s
2026-02-10 02:33:09,134 | INFO | Batch 230 | Loss: 1.0846 | Correct: 76/128 | Elapsed Time: 13.56s
2026-02-10 02:33:22,238 | INFO | Batch 240 | Loss: 0.8925 | Correct: 88/128 | Elapsed Time: 13.10s
2026-02-10 02:33:35,350 | INFO | Batch 250 | Loss: 0.9680 | Correct: 87/128 | Elapsed Time: 13.11s
2026-02-10 02:33:48,315 | INFO | Batch 260 | Loss: 0.9733 | Correct: 75/128 | Elapsed Time: 12.97s
2026-02-10 02:34:01,456 | INFO | Batch 270 | Loss: 0.8974 | Correct: 86/128 | Elapsed Time: 13.14s
2026-02-10 02:34:14,598 | INFO | Batch 280 | Loss: 0.8593 | Correct: 91/128 | Elapsed Time: 13.14s
2026-02-10 02:34:27,549 | INFO | Batch 290 | Loss: 1.0274 | Correct: 84/128 | Elapsed Time: 12.95s
2026-02-10 02:34:40,635 | INFO | Batch 300 | Loss: 1.0443 | Correct: 79/128 | Elapsed Time: 13.09s
2026-02-10 02:34:53,649 | INFO | Batch 310 | Loss: 1.0671 | Correct: 80/128 | Elapsed Time: 13.01s
2026-02-10 02:35:06,621 | INFO | Batch 320 | Loss: 0.8273 | Correct: 89/128 | Elapsed Time: 12.97s
2026-02-10 02:35:19,678 | INFO | Batch 330 | Loss: 1.0729 | Correct: 85/128 | Elapsed Time: 13.06s
2026-02-10 02:35:32,673 | INFO | Batch 340 | Loss: 1.1326 | Correct: 80/128 | Elapsed Time: 12.99s
2026-02-10 02:35:45,625 | INFO | Batch 350 | Loss: 0.9892 | Correct: 87/128 | Elapsed Time: 12.95s
2026-02-10 02:35:58,605 | INFO | Batch 360 | Loss: 1.0000 | Correct: 80/128 | Elapsed Time: 12.98s
2026-02-10 02:36:11,700 | INFO | Batch 370 | Loss: 1.0443 | Correct: 80/128 | Elapsed Time: 13.10s
2026-02-10 02:36:24,614 | INFO | Batch 380 | Loss: 0.8455 | Correct: 90/128 | Elapsed Time: 12.91s
2026-02-10 02:36:37,626 | INFO | Batch 390 | Loss: 1.0499 | Correct: 76/128 | Elapsed Time: 13.01s
2026-02-10 02:36:38,648 | INFO | Epoch [21/100] - Loss: 1.0154 | Correct: 31920/50000 (63.84%, 509.26s)
2026-02-10 02:37:24,603 | INFO | Validation - Loss: 1.0008 | Correct: 6445/10000 (64.45%) (45.95s)
2026-02-10 02:37:24,746 | INFO | New best model saved at epoch 21 with Top1 Acc: 64.45%
2026-02-10 02:37:37,801 | INFO | Batch 10 | Loss: 1.0614 | Correct: 83/128 | Elapsed Time: 13.05s
2026-02-10 02:37:50,774 | INFO | Batch 20 | Loss: 1.0054 | Correct: 79/128 | Elapsed Time: 12.97s
2026-02-10 02:38:03,767 | INFO | Batch 30 | Loss: 1.0000 | Correct: 75/128 | Elapsed Time: 12.99s
2026-02-10 02:38:16,809 | INFO | Batch 40 | Loss: 0.9320 | Correct: 84/128 | Elapsed Time: 13.04s
2026-02-10 02:38:29,762 | INFO | Batch 50 | Loss: 1.0499 | Correct: 80/128 | Elapsed Time: 12.95s
2026-02-10 02:38:42,719 | INFO | Batch 60 | Loss: 0.9371 | Correct: 89/128 | Elapsed Time: 12.96s
2026-02-10 02:38:55,744 | INFO | Batch 70 | Loss: 0.9121 | Correct: 90/128 | Elapsed Time: 13.03s
2026-02-10 02:39:08,818 | INFO | Batch 80 | Loss: 0.8364 | Correct: 91/128 | Elapsed Time: 13.07s
2026-02-10 02:39:21,754 | INFO | Batch 90 | Loss: 1.0330 | Correct: 80/128 | Elapsed Time: 12.94s
2026-02-10 02:39:34,733 | INFO | Batch 100 | Loss: 1.0964 | Correct: 81/128 | Elapsed Time: 12.98s
2026-02-10 02:39:47,785 | INFO | Batch 110 | Loss: 1.0000 | Correct: 81/128 | Elapsed Time: 13.05s
2026-02-10 02:40:00,714 | INFO | Batch 120 | Loss: 0.9946 | Correct: 78/128 | Elapsed Time: 12.93s
2026-02-10 02:40:13,855 | INFO | Batch 130 | Loss: 1.0219 | Correct: 81/128 | Elapsed Time: 13.14s
2026-02-10 02:40:26,960 | INFO | Batch 140 | Loss: 1.1574 | Correct: 80/128 | Elapsed Time: 13.11s
2026-02-10 02:40:39,913 | INFO | Batch 150 | Loss: 0.8455 | Correct: 92/128 | Elapsed Time: 12.95s
2026-02-10 02:40:52,950 | INFO | Batch 160 | Loss: 0.9892 | Correct: 83/128 | Elapsed Time: 13.04s
2026-02-10 02:41:06,197 | INFO | Batch 170 | Loss: 1.1204 | Correct: 80/128 | Elapsed Time: 13.25s
2026-02-10 02:41:19,137 | INFO | Batch 180 | Loss: 1.0729 | Correct: 79/128 | Elapsed Time: 12.94s
2026-02-10 02:41:32,222 | INFO | Batch 190 | Loss: 0.9733 | Correct: 86/128 | Elapsed Time: 13.08s
2026-02-10 02:41:45,293 | INFO | Batch 200 | Loss: 0.9946 | Correct: 86/128 | Elapsed Time: 13.07s
2026-02-10 02:41:58,210 | INFO | Batch 210 | Loss: 1.0274 | Correct: 81/128 | Elapsed Time: 12.92s
2026-02-10 02:42:11,320 | INFO | Batch 220 | Loss: 1.0164 | Correct: 80/128 | Elapsed Time: 13.11s
2026-02-10 02:42:24,331 | INFO | Batch 230 | Loss: 1.0499 | Correct: 82/128 | Elapsed Time: 13.01s
2026-02-10 02:42:37,424 | INFO | Batch 240 | Loss: 1.0614 | Correct: 82/128 | Elapsed Time: 13.09s
2026-02-10 02:42:50,404 | INFO | Batch 250 | Loss: 1.1828 | Correct: 81/128 | Elapsed Time: 12.98s
2026-02-10 02:43:03,811 | INFO | Batch 260 | Loss: 1.0443 | Correct: 78/128 | Elapsed Time: 13.41s
2026-02-10 02:43:16,944 | INFO | Batch 270 | Loss: 1.0905 | Correct: 76/128 | Elapsed Time: 13.13s
2026-02-10 02:43:29,890 | INFO | Batch 280 | Loss: 1.0109 | Correct: 77/128 | Elapsed Time: 12.95s
2026-02-10 02:43:43,050 | INFO | Batch 290 | Loss: 1.2285 | Correct: 69/128 | Elapsed Time: 13.16s
2026-02-10 02:43:56,073 | INFO | Batch 300 | Loss: 1.1024 | Correct: 78/128 | Elapsed Time: 13.02s
2026-02-10 02:44:08,993 | INFO | Batch 310 | Loss: 0.9121 | Correct: 89/128 | Elapsed Time: 12.92s
2026-02-10 02:44:22,062 | INFO | Batch 320 | Loss: 1.0443 | Correct: 84/128 | Elapsed Time: 13.07s
2026-02-10 02:44:35,123 | INFO | Batch 330 | Loss: 1.0274 | Correct: 79/128 | Elapsed Time: 13.06s
2026-02-10 02:44:48,033 | INFO | Batch 340 | Loss: 0.9371 | Correct: 90/128 | Elapsed Time: 12.91s
2026-02-10 02:45:01,115 | INFO | Batch 350 | Loss: 0.9839 | Correct: 87/128 | Elapsed Time: 13.08s
2026-02-10 02:45:14,270 | INFO | Batch 360 | Loss: 1.1326 | Correct: 77/128 | Elapsed Time: 13.16s
2026-02-10 02:45:27,215 | INFO | Batch 370 | Loss: 0.9220 | Correct: 85/128 | Elapsed Time: 12.94s
2026-02-10 02:45:40,303 | INFO | Batch 380 | Loss: 0.8364 | Correct: 92/128 | Elapsed Time: 13.09s
2026-02-10 02:45:53,307 | INFO | Batch 390 | Loss: 0.7344 | Correct: 97/128 | Elapsed Time: 13.00s
2026-02-10 02:45:54,330 | INFO | Epoch [22/100] - Loss: 0.9960 | Correct: 32348/50000 (64.70%, 509.58s)
2026-02-10 02:46:40,416 | INFO | Validation - Loss: 1.0257 | Correct: 6389/10000 (63.89%) (46.09s)
2026-02-10 02:46:53,492 | INFO | Batch 10 | Loss: 1.0671 | Correct: 79/128 | Elapsed Time: 13.07s
2026-02-10 02:47:06,573 | INFO | Batch 20 | Loss: 1.1512 | Correct: 79/128 | Elapsed Time: 13.08s
2026-02-10 02:47:19,585 | INFO | Batch 30 | Loss: 0.9473 | Correct: 78/128 | Elapsed Time: 13.01s
2026-02-10 02:47:32,765 | INFO | Batch 40 | Loss: 0.8096 | Correct: 92/128 | Elapsed Time: 13.18s
2026-02-10 02:47:45,701 | INFO | Batch 50 | Loss: 1.0788 | Correct: 73/128 | Elapsed Time: 12.94s
2026-02-10 02:47:58,758 | INFO | Batch 60 | Loss: 0.9680 | Correct: 85/128 | Elapsed Time: 13.06s
2026-02-10 02:48:11,889 | INFO | Batch 70 | Loss: 0.9892 | Correct: 77/128 | Elapsed Time: 13.13s
2026-02-10 02:48:24,752 | INFO | Batch 80 | Loss: 0.9680 | Correct: 82/128 | Elapsed Time: 12.86s
2026-02-10 02:48:37,834 | INFO | Batch 90 | Loss: 1.1512 | Correct: 78/128 | Elapsed Time: 13.08s
2026-02-10 02:48:50,825 | INFO | Batch 100 | Loss: 1.0164 | Correct: 77/128 | Elapsed Time: 12.99s
2026-02-10 02:49:03,778 | INFO | Batch 110 | Loss: 1.1828 | Correct: 71/128 | Elapsed Time: 12.95s
2026-02-10 02:49:16,909 | INFO | Batch 120 | Loss: 0.9680 | Correct: 83/128 | Elapsed Time: 13.13s
2026-02-10 02:49:29,931 | INFO | Batch 130 | Loss: 0.8781 | Correct: 90/128 | Elapsed Time: 13.02s
2026-02-10 02:49:42,850 | INFO | Batch 140 | Loss: 1.0274 | Correct: 83/128 | Elapsed Time: 12.92s
2026-02-10 02:49:55,909 | INFO | Batch 150 | Loss: 1.0556 | Correct: 76/128 | Elapsed Time: 13.06s
2026-02-10 02:50:08,892 | INFO | Batch 160 | Loss: 1.0330 | Correct: 82/128 | Elapsed Time: 12.98s
2026-02-10 02:50:21,781 | INFO | Batch 170 | Loss: 0.9121 | Correct: 87/128 | Elapsed Time: 12.89s
2026-02-10 02:50:34,861 | INFO | Batch 180 | Loss: 1.0671 | Correct: 82/128 | Elapsed Time: 13.08s
2026-02-10 02:50:47,857 | INFO | Batch 190 | Loss: 1.1144 | Correct: 75/128 | Elapsed Time: 13.00s
2026-02-10 02:51:00,781 | INFO | Batch 200 | Loss: 0.9733 | Correct: 82/128 | Elapsed Time: 12.92s
2026-02-10 02:51:13,950 | INFO | Batch 210 | Loss: 0.8877 | Correct: 85/128 | Elapsed Time: 13.17s
2026-02-10 02:51:26,985 | INFO | Batch 220 | Loss: 0.8184 | Correct: 93/128 | Elapsed Time: 13.04s
2026-02-10 02:51:40,073 | INFO | Batch 230 | Loss: 0.9892 | Correct: 87/128 | Elapsed Time: 13.09s
2026-02-10 02:51:53,044 | INFO | Batch 240 | Loss: 0.9220 | Correct: 85/128 | Elapsed Time: 12.97s
2026-02-10 02:52:06,077 | INFO | Batch 250 | Loss: 0.8409 | Correct: 91/128 | Elapsed Time: 13.03s
2026-02-10 02:52:19,082 | INFO | Batch 260 | Loss: 1.0614 | Correct: 80/128 | Elapsed Time: 13.00s
2026-02-10 02:52:32,020 | INFO | Batch 270 | Loss: 0.9733 | Correct: 86/128 | Elapsed Time: 12.94s
2026-02-10 02:52:45,034 | INFO | Batch 280 | Loss: 0.8009 | Correct: 93/128 | Elapsed Time: 13.01s
2026-02-10 02:52:58,250 | INFO | Batch 290 | Loss: 1.0000 | Correct: 80/128 | Elapsed Time: 13.22s
2026-02-10 02:53:11,653 | INFO | Batch 300 | Loss: 1.0556 | Correct: 85/128 | Elapsed Time: 13.40s
2026-02-10 02:53:24,827 | INFO | Batch 310 | Loss: 0.8829 | Correct: 91/128 | Elapsed Time: 13.17s
2026-02-10 02:53:38,009 | INFO | Batch 320 | Loss: 1.0330 | Correct: 81/128 | Elapsed Time: 13.18s
2026-02-10 02:53:50,885 | INFO | Batch 330 | Loss: 0.9220 | Correct: 82/128 | Elapsed Time: 12.88s
2026-02-10 02:54:04,129 | INFO | Batch 340 | Loss: 1.0499 | Correct: 83/128 | Elapsed Time: 13.24s
2026-02-10 02:54:17,066 | INFO | Batch 350 | Loss: 1.0729 | Correct: 77/128 | Elapsed Time: 12.94s
2026-02-10 02:54:30,051 | INFO | Batch 360 | Loss: 0.9371 | Correct: 89/128 | Elapsed Time: 12.98s
2026-02-10 02:54:43,093 | INFO | Batch 370 | Loss: 0.9892 | Correct: 85/128 | Elapsed Time: 13.04s
2026-02-10 02:54:56,059 | INFO | Batch 380 | Loss: 0.9170 | Correct: 86/128 | Elapsed Time: 12.97s
2026-02-10 02:55:09,127 | INFO | Batch 390 | Loss: 1.0499 | Correct: 75/128 | Elapsed Time: 13.07s
2026-02-10 02:55:10,165 | INFO | Epoch [23/100] - Loss: 0.9818 | Correct: 32543/50000 (65.09%, 509.75s)
2026-02-10 02:55:56,145 | INFO | Validation - Loss: 1.0052 | Correct: 6467/10000 (64.67%) (45.98s)
2026-02-10 02:55:56,285 | INFO | New best model saved at epoch 23 with Top1 Acc: 64.67%
2026-02-10 02:56:09,179 | INFO | Batch 10 | Loss: 0.9371 | Correct: 81/128 | Elapsed Time: 12.89s
2026-02-10 02:56:22,199 | INFO | Batch 20 | Loss: 1.1512 | Correct: 74/128 | Elapsed Time: 13.02s
2026-02-10 02:56:35,160 | INFO | Batch 30 | Loss: 1.0614 | Correct: 85/128 | Elapsed Time: 12.96s
2026-02-10 02:56:48,071 | INFO | Batch 40 | Loss: 1.0054 | Correct: 83/128 | Elapsed Time: 12.91s
2026-02-10 02:57:01,126 | INFO | Batch 50 | Loss: 0.7669 | Correct: 93/128 | Elapsed Time: 13.06s
2026-02-10 02:57:14,133 | INFO | Batch 60 | Loss: 1.0274 | Correct: 79/128 | Elapsed Time: 13.01s
2026-02-10 02:57:27,005 | INFO | Batch 70 | Loss: 0.9473 | Correct: 86/128 | Elapsed Time: 12.87s
2026-02-10 02:57:39,999 | INFO | Batch 80 | Loss: 0.9371 | Correct: 89/128 | Elapsed Time: 12.99s
2026-02-10 02:57:53,022 | INFO | Batch 90 | Loss: 0.8273 | Correct: 89/128 | Elapsed Time: 13.02s
2026-02-10 02:58:05,973 | INFO | Batch 100 | Loss: 1.0054 | Correct: 77/128 | Elapsed Time: 12.95s
2026-02-10 02:58:18,902 | INFO | Batch 110 | Loss: 0.9946 | Correct: 86/128 | Elapsed Time: 12.93s
2026-02-10 02:58:31,928 | INFO | Batch 120 | Loss: 1.0054 | Correct: 84/128 | Elapsed Time: 13.03s
2026-02-10 02:58:44,802 | INFO | Batch 130 | Loss: 0.9071 | Correct: 83/128 | Elapsed Time: 12.87s
2026-02-10 02:58:57,776 | INFO | Batch 140 | Loss: 0.9170 | Correct: 83/128 | Elapsed Time: 12.97s
2026-02-10 02:59:10,907 | INFO | Batch 150 | Loss: 1.0054 | Correct: 86/128 | Elapsed Time: 13.13s
2026-02-10 02:59:23,728 | INFO | Batch 160 | Loss: 0.9071 | Correct: 83/128 | Elapsed Time: 12.82s
2026-02-10 02:59:36,691 | INFO | Batch 170 | Loss: 0.9121 | Correct: 88/128 | Elapsed Time: 12.96s
2026-02-10 02:59:49,709 | INFO | Batch 180 | Loss: 1.0788 | Correct: 76/128 | Elapsed Time: 13.02s
2026-02-10 03:00:02,735 | INFO | Batch 190 | Loss: 0.8096 | Correct: 90/128 | Elapsed Time: 13.03s
2026-02-10 03:00:15,694 | INFO | Batch 200 | Loss: 1.0499 | Correct: 82/128 | Elapsed Time: 12.96s
2026-02-10 03:00:28,676 | INFO | Batch 210 | Loss: 1.0109 | Correct: 76/128 | Elapsed Time: 12.98s
2026-02-10 03:00:41,701 | INFO | Batch 220 | Loss: 0.9524 | Correct: 92/128 | Elapsed Time: 13.02s
2026-02-10 03:00:54,632 | INFO | Batch 230 | Loss: 1.0219 | Correct: 80/128 | Elapsed Time: 12.93s
2026-02-10 03:01:07,604 | INFO | Batch 240 | Loss: 0.9680 | Correct: 82/128 | Elapsed Time: 12.97s
2026-02-10 03:01:20,646 | INFO | Batch 250 | Loss: 0.9839 | Correct: 79/128 | Elapsed Time: 13.04s
2026-02-10 03:01:33,563 | INFO | Batch 260 | Loss: 0.9576 | Correct: 80/128 | Elapsed Time: 12.92s
2026-02-10 03:01:46,534 | INFO | Batch 270 | Loss: 0.8781 | Correct: 89/128 | Elapsed Time: 12.97s
2026-02-10 03:01:59,595 | INFO | Batch 280 | Loss: 1.0499 | Correct: 81/128 | Elapsed Time: 13.06s
2026-02-10 03:02:12,521 | INFO | Batch 290 | Loss: 0.8501 | Correct: 92/128 | Elapsed Time: 12.93s
2026-02-10 03:02:25,423 | INFO | Batch 300 | Loss: 0.9170 | Correct: 88/128 | Elapsed Time: 12.90s
2026-02-10 03:02:38,420 | INFO | Batch 310 | Loss: 0.9628 | Correct: 86/128 | Elapsed Time: 13.00s
2026-02-10 03:02:51,243 | INFO | Batch 320 | Loss: 1.1388 | Correct: 78/128 | Elapsed Time: 12.82s
2026-02-10 03:03:05,047 | INFO | Batch 330 | Loss: 1.0164 | Correct: 87/128 | Elapsed Time: 13.80s
2026-02-10 03:03:18,035 | INFO | Batch 340 | Loss: 1.0671 | Correct: 81/128 | Elapsed Time: 12.99s
2026-02-10 03:03:30,861 | INFO | Batch 350 | Loss: 1.0729 | Correct: 77/128 | Elapsed Time: 12.83s
2026-02-10 03:03:43,891 | INFO | Batch 360 | Loss: 0.7505 | Correct: 98/128 | Elapsed Time: 13.03s
2026-02-10 03:03:56,905 | INFO | Batch 370 | Loss: 0.8593 | Correct: 85/128 | Elapsed Time: 13.01s
2026-02-10 03:04:09,891 | INFO | Batch 380 | Loss: 0.8140 | Correct: 95/128 | Elapsed Time: 12.99s
2026-02-10 03:04:22,900 | INFO | Batch 390 | Loss: 0.8974 | Correct: 92/128 | Elapsed Time: 13.01s
2026-02-10 03:04:23,934 | INFO | Epoch [24/100] - Loss: 0.9804 | Correct: 32545/50000 (65.09%, 507.65s)
2026-02-10 03:05:09,816 | INFO | Validation - Loss: 0.9982 | Correct: 6455/10000 (64.55%) (45.88s)
2026-02-10 03:05:22,793 | INFO | Batch 10 | Loss: 0.8877 | Correct: 90/128 | Elapsed Time: 12.97s
2026-02-10 03:05:35,811 | INFO | Batch 20 | Loss: 0.9733 | Correct: 84/128 | Elapsed Time: 13.02s
2026-02-10 03:05:48,585 | INFO | Batch 30 | Loss: 0.8364 | Correct: 92/128 | Elapsed Time: 12.77s
2026-02-10 03:06:01,629 | INFO | Batch 40 | Loss: 1.0556 | Correct: 77/128 | Elapsed Time: 13.04s
2026-02-10 03:06:14,775 | INFO | Batch 50 | Loss: 0.9946 | Correct: 81/128 | Elapsed Time: 13.15s
2026-02-10 03:06:27,656 | INFO | Batch 60 | Loss: 1.2218 | Correct: 80/128 | Elapsed Time: 12.88s
2026-02-10 03:06:40,713 | INFO | Batch 70 | Loss: 0.9371 | Correct: 87/128 | Elapsed Time: 13.06s
2026-02-10 03:06:53,669 | INFO | Batch 80 | Loss: 1.0729 | Correct: 81/128 | Elapsed Time: 12.96s
2026-02-10 03:07:06,577 | INFO | Batch 90 | Loss: 0.8925 | Correct: 83/128 | Elapsed Time: 12.91s
2026-02-10 03:07:19,538 | INFO | Batch 100 | Loss: 1.0000 | Correct: 83/128 | Elapsed Time: 12.96s
2026-02-10 03:07:32,474 | INFO | Batch 110 | Loss: 0.9628 | Correct: 88/128 | Elapsed Time: 12.94s
2026-02-10 03:07:45,410 | INFO | Batch 120 | Loss: 0.7628 | Correct: 94/128 | Elapsed Time: 12.94s
2026-02-10 03:07:58,436 | INFO | Batch 130 | Loss: 1.0729 | Correct: 77/128 | Elapsed Time: 13.03s
2026-02-10 03:08:11,419 | INFO | Batch 140 | Loss: 0.9892 | Correct: 88/128 | Elapsed Time: 12.98s
2026-02-10 03:08:24,342 | INFO | Batch 150 | Loss: 0.8229 | Correct: 89/128 | Elapsed Time: 12.92s
2026-02-10 03:08:37,354 | INFO | Batch 160 | Loss: 0.9022 | Correct: 86/128 | Elapsed Time: 13.01s
2026-02-10 03:08:50,323 | INFO | Batch 170 | Loss: 0.9786 | Correct: 81/128 | Elapsed Time: 12.97s
2026-02-10 03:09:03,317 | INFO | Batch 180 | Loss: 0.8501 | Correct: 88/128 | Elapsed Time: 12.99s
2026-02-10 03:09:16,254 | INFO | Batch 190 | Loss: 1.2022 | Correct: 77/128 | Elapsed Time: 12.94s
2026-02-10 03:09:29,258 | INFO | Batch 200 | Loss: 1.0729 | Correct: 81/128 | Elapsed Time: 13.00s
2026-02-10 03:09:42,295 | INFO | Batch 210 | Loss: 0.8501 | Correct: 93/128 | Elapsed Time: 13.04s
2026-02-10 03:09:55,084 | INFO | Batch 220 | Loss: 0.8009 | Correct: 88/128 | Elapsed Time: 12.79s
2026-02-10 03:10:08,069 | INFO | Batch 230 | Loss: 0.8925 | Correct: 87/128 | Elapsed Time: 12.99s
2026-02-10 03:10:20,990 | INFO | Batch 240 | Loss: 0.9220 | Correct: 86/128 | Elapsed Time: 12.92s
2026-02-10 03:10:33,854 | INFO | Batch 250 | Loss: 1.1957 | Correct: 76/128 | Elapsed Time: 12.86s
2026-02-10 03:10:46,763 | INFO | Batch 260 | Loss: 0.8364 | Correct: 91/128 | Elapsed Time: 12.91s
2026-02-10 03:10:59,755 | INFO | Batch 270 | Loss: 1.1574 | Correct: 79/128 | Elapsed Time: 12.99s
2026-02-10 03:11:12,681 | INFO | Batch 280 | Loss: 0.9892 | Correct: 80/128 | Elapsed Time: 12.93s
2026-02-10 03:11:25,591 | INFO | Batch 290 | Loss: 0.9022 | Correct: 89/128 | Elapsed Time: 12.91s
2026-02-10 03:11:38,648 | INFO | Batch 300 | Loss: 1.1084 | Correct: 77/128 | Elapsed Time: 13.06s
2026-02-10 03:11:51,442 | INFO | Batch 310 | Loss: 1.0330 | Correct: 79/128 | Elapsed Time: 12.79s
2026-02-10 03:12:04,433 | INFO | Batch 320 | Loss: 0.8877 | Correct: 84/128 | Elapsed Time: 12.99s
2026-02-10 03:12:17,480 | INFO | Batch 330 | Loss: 0.9733 | Correct: 84/128 | Elapsed Time: 13.05s
2026-02-10 03:12:30,293 | INFO | Batch 340 | Loss: 0.9220 | Correct: 88/128 | Elapsed Time: 12.81s
2026-02-10 03:12:43,267 | INFO | Batch 350 | Loss: 1.0274 | Correct: 77/128 | Elapsed Time: 12.97s
2026-02-10 03:12:56,425 | INFO | Batch 360 | Loss: 0.9371 | Correct: 83/128 | Elapsed Time: 13.16s
2026-02-10 03:13:09,785 | INFO | Batch 370 | Loss: 0.8364 | Correct: 93/128 | Elapsed Time: 13.36s
2026-02-10 03:13:22,817 | INFO | Batch 380 | Loss: 1.0671 | Correct: 80/128 | Elapsed Time: 13.03s
2026-02-10 03:13:35,878 | INFO | Batch 390 | Loss: 0.9839 | Correct: 84/128 | Elapsed Time: 13.06s
2026-02-10 03:13:36,896 | INFO | Epoch [25/100] - Loss: 0.9666 | Correct: 32881/50000 (65.76%, 507.08s)
2026-02-10 03:14:22,821 | INFO | Validation - Loss: 0.9745 | Correct: 6570/10000 (65.70%) (45.92s)
2026-02-10 03:14:22,961 | INFO | New best model saved at epoch 25 with Top1 Acc: 65.70%
2026-02-10 03:14:36,050 | INFO | Batch 10 | Loss: 1.0671 | Correct: 82/128 | Elapsed Time: 13.09s
2026-02-10 03:14:48,969 | INFO | Batch 20 | Loss: 0.7837 | Correct: 90/128 | Elapsed Time: 12.92s
2026-02-10 03:15:02,014 | INFO | Batch 30 | Loss: 0.8547 | Correct: 85/128 | Elapsed Time: 13.05s
2026-02-10 03:15:15,132 | INFO | Batch 40 | Loss: 1.1144 | Correct: 84/128 | Elapsed Time: 13.12s
2026-02-10 03:15:28,024 | INFO | Batch 50 | Loss: 0.9576 | Correct: 86/128 | Elapsed Time: 12.89s
2026-02-10 03:15:40,945 | INFO | Batch 60 | Loss: 0.9628 | Correct: 86/128 | Elapsed Time: 12.92s
2026-02-10 03:15:53,989 | INFO | Batch 70 | Loss: 0.9022 | Correct: 89/128 | Elapsed Time: 13.04s
2026-02-10 03:16:06,883 | INFO | Batch 80 | Loss: 0.9220 | Correct: 79/128 | Elapsed Time: 12.89s
2026-02-10 03:16:19,892 | INFO | Batch 90 | Loss: 0.8052 | Correct: 94/128 | Elapsed Time: 13.01s
2026-02-10 03:16:32,890 | INFO | Batch 100 | Loss: 0.9220 | Correct: 87/128 | Elapsed Time: 13.00s
2026-02-10 03:16:45,679 | INFO | Batch 110 | Loss: 0.9270 | Correct: 85/128 | Elapsed Time: 12.79s
2026-02-10 03:16:58,713 | INFO | Batch 120 | Loss: 1.1388 | Correct: 79/128 | Elapsed Time: 13.03s
2026-02-10 03:17:11,820 | INFO | Batch 130 | Loss: 1.0905 | Correct: 80/128 | Elapsed Time: 13.11s
2026-02-10 03:17:24,664 | INFO | Batch 140 | Loss: 0.8547 | Correct: 92/128 | Elapsed Time: 12.84s
2026-02-10 03:17:37,743 | INFO | Batch 150 | Loss: 0.8009 | Correct: 90/128 | Elapsed Time: 13.08s
2026-02-10 03:17:50,777 | INFO | Batch 160 | Loss: 1.0000 | Correct: 85/128 | Elapsed Time: 13.03s
2026-02-10 03:18:03,760 | INFO | Batch 170 | Loss: 1.0499 | Correct: 80/128 | Elapsed Time: 12.98s
2026-02-10 03:18:16,830 | INFO | Batch 180 | Loss: 0.8547 | Correct: 89/128 | Elapsed Time: 13.07s
2026-02-10 03:18:29,816 | INFO | Batch 190 | Loss: 0.9576 | Correct: 86/128 | Elapsed Time: 12.99s
2026-02-10 03:18:42,713 | INFO | Batch 200 | Loss: 0.9170 | Correct: 89/128 | Elapsed Time: 12.90s
2026-02-10 03:18:55,704 | INFO | Batch 210 | Loss: 0.8829 | Correct: 88/128 | Elapsed Time: 12.99s
2026-02-10 03:19:08,710 | INFO | Batch 220 | Loss: 0.7711 | Correct: 96/128 | Elapsed Time: 13.01s
2026-02-10 03:19:21,601 | INFO | Batch 230 | Loss: 0.9680 | Correct: 95/128 | Elapsed Time: 12.89s
2026-02-10 03:19:34,655 | INFO | Batch 240 | Loss: 0.7880 | Correct: 97/128 | Elapsed Time: 13.05s
2026-02-10 03:19:47,614 | INFO | Batch 250 | Loss: 0.9839 | Correct: 77/128 | Elapsed Time: 12.96s
2026-02-10 03:20:00,502 | INFO | Batch 260 | Loss: 0.8273 | Correct: 89/128 | Elapsed Time: 12.89s
2026-02-10 03:20:13,550 | INFO | Batch 270 | Loss: 0.8318 | Correct: 90/128 | Elapsed Time: 13.05s
2026-02-10 03:20:26,506 | INFO | Batch 280 | Loss: 0.9839 | Correct: 81/128 | Elapsed Time: 12.96s
2026-02-10 03:20:39,386 | INFO | Batch 290 | Loss: 0.8877 | Correct: 83/128 | Elapsed Time: 12.88s
2026-02-10 03:20:52,385 | INFO | Batch 300 | Loss: 1.1204 | Correct: 80/128 | Elapsed Time: 13.00s
2026-02-10 03:21:05,524 | INFO | Batch 310 | Loss: 0.9270 | Correct: 91/128 | Elapsed Time: 13.14s
2026-02-10 03:21:18,441 | INFO | Batch 320 | Loss: 1.0443 | Correct: 84/128 | Elapsed Time: 12.92s
2026-02-10 03:21:31,344 | INFO | Batch 330 | Loss: 0.7880 | Correct: 94/128 | Elapsed Time: 12.90s
2026-02-10 03:21:44,344 | INFO | Batch 340 | Loss: 0.7923 | Correct: 91/128 | Elapsed Time: 13.00s
2026-02-10 03:21:57,313 | INFO | Batch 350 | Loss: 1.1084 | Correct: 72/128 | Elapsed Time: 12.97s
2026-02-10 03:22:10,313 | INFO | Batch 360 | Loss: 0.9839 | Correct: 84/128 | Elapsed Time: 13.00s
2026-02-10 03:22:23,305 | INFO | Batch 370 | Loss: 0.9839 | Correct: 88/128 | Elapsed Time: 12.99s
2026-02-10 03:22:36,288 | INFO | Batch 380 | Loss: 0.9680 | Correct: 90/128 | Elapsed Time: 12.98s
2026-02-10 03:22:49,189 | INFO | Batch 390 | Loss: 0.9270 | Correct: 88/128 | Elapsed Time: 12.90s
2026-02-10 03:22:50,223 | INFO | Epoch [26/100] - Loss: 0.9494 | Correct: 33104/50000 (66.21%, 507.26s)
2026-02-10 03:23:36,510 | INFO | Validation - Loss: 0.9604 | Correct: 6570/10000 (65.70%) (46.29s)
2026-02-10 03:23:49,478 | INFO | Batch 10 | Loss: 0.9170 | Correct: 85/128 | Elapsed Time: 12.97s
2026-02-10 03:24:02,506 | INFO | Batch 20 | Loss: 0.7880 | Correct: 91/128 | Elapsed Time: 13.03s
2026-02-10 03:24:15,529 | INFO | Batch 30 | Loss: 0.9270 | Correct: 89/128 | Elapsed Time: 13.02s
2026-02-10 03:24:28,614 | INFO | Batch 40 | Loss: 0.9946 | Correct: 85/128 | Elapsed Time: 13.08s
2026-02-10 03:24:41,653 | INFO | Batch 50 | Loss: 0.8052 | Correct: 89/128 | Elapsed Time: 13.04s
2026-02-10 03:24:54,700 | INFO | Batch 60 | Loss: 0.9628 | Correct: 81/128 | Elapsed Time: 13.05s
2026-02-10 03:25:07,655 | INFO | Batch 70 | Loss: 0.9628 | Correct: 87/128 | Elapsed Time: 12.96s
2026-02-10 03:25:20,614 | INFO | Batch 80 | Loss: 0.9628 | Correct: 86/128 | Elapsed Time: 12.96s
2026-02-10 03:25:33,630 | INFO | Batch 90 | Loss: 0.9022 | Correct: 89/128 | Elapsed Time: 13.02s
2026-02-10 03:25:46,505 | INFO | Batch 100 | Loss: 0.8734 | Correct: 88/128 | Elapsed Time: 12.87s
2026-02-10 03:25:59,477 | INFO | Batch 110 | Loss: 1.0109 | Correct: 83/128 | Elapsed Time: 12.97s
2026-02-10 03:26:12,433 | INFO | Batch 120 | Loss: 1.0000 | Correct: 80/128 | Elapsed Time: 12.96s
2026-02-10 03:26:25,315 | INFO | Batch 130 | Loss: 1.1144 | Correct: 79/128 | Elapsed Time: 12.88s
2026-02-10 03:26:38,366 | INFO | Batch 140 | Loss: 0.9733 | Correct: 85/128 | Elapsed Time: 13.05s
2026-02-10 03:26:51,324 | INFO | Batch 150 | Loss: 0.9839 | Correct: 89/128 | Elapsed Time: 12.96s
2026-02-10 03:27:04,298 | INFO | Batch 160 | Loss: 0.9071 | Correct: 89/128 | Elapsed Time: 12.97s
2026-02-10 03:27:17,354 | INFO | Batch 170 | Loss: 0.9071 | Correct: 89/128 | Elapsed Time: 13.06s
2026-02-10 03:27:30,288 | INFO | Batch 180 | Loss: 1.0274 | Correct: 72/128 | Elapsed Time: 12.93s
2026-02-10 03:27:43,203 | INFO | Batch 190 | Loss: 0.9320 | Correct: 84/128 | Elapsed Time: 12.91s
2026-02-10 03:27:56,128 | INFO | Batch 200 | Loss: 0.9628 | Correct: 87/128 | Elapsed Time: 12.93s
2026-02-10 03:28:09,233 | INFO | Batch 210 | Loss: 0.9320 | Correct: 85/128 | Elapsed Time: 13.10s
2026-02-10 03:28:22,173 | INFO | Batch 220 | Loss: 1.0964 | Correct: 77/128 | Elapsed Time: 12.94s
2026-02-10 03:28:35,153 | INFO | Batch 230 | Loss: 0.9220 | Correct: 81/128 | Elapsed Time: 12.98s
2026-02-10 03:28:48,184 | INFO | Batch 240 | Loss: 1.0499 | Correct: 80/128 | Elapsed Time: 13.03s
2026-02-10 03:29:01,090 | INFO | Batch 250 | Loss: 0.8687 | Correct: 83/128 | Elapsed Time: 12.91s
2026-02-10 03:29:14,196 | INFO | Batch 260 | Loss: 1.0499 | Correct: 82/128 | Elapsed Time: 13.11s
2026-02-10 03:29:27,228 | INFO | Batch 270 | Loss: 0.8974 | Correct: 84/128 | Elapsed Time: 13.03s
2026-02-10 03:29:40,200 | INFO | Batch 280 | Loss: 0.8229 | Correct: 89/128 | Elapsed Time: 12.97s
2026-02-10 03:29:53,134 | INFO | Batch 290 | Loss: 1.0556 | Correct: 80/128 | Elapsed Time: 12.93s
2026-02-10 03:30:06,287 | INFO | Batch 300 | Loss: 0.7071 | Correct: 99/128 | Elapsed Time: 13.15s
2026-02-10 03:30:19,176 | INFO | Batch 310 | Loss: 0.9576 | Correct: 83/128 | Elapsed Time: 12.89s
2026-02-10 03:30:32,163 | INFO | Batch 320 | Loss: 0.8229 | Correct: 91/128 | Elapsed Time: 12.99s
2026-02-10 03:30:45,181 | INFO | Batch 330 | Loss: 0.9786 | Correct: 79/128 | Elapsed Time: 13.02s
2026-02-10 03:30:58,064 | INFO | Batch 340 | Loss: 0.9576 | Correct: 79/128 | Elapsed Time: 12.88s
2026-02-10 03:31:11,027 | INFO | Batch 350 | Loss: 0.9524 | Correct: 84/128 | Elapsed Time: 12.96s
2026-02-10 03:31:24,011 | INFO | Batch 360 | Loss: 0.9022 | Correct: 88/128 | Elapsed Time: 12.98s
2026-02-10 03:31:36,974 | INFO | Batch 370 | Loss: 0.9576 | Correct: 88/128 | Elapsed Time: 12.96s
2026-02-10 03:31:49,883 | INFO | Batch 380 | Loss: 0.9422 | Correct: 87/128 | Elapsed Time: 12.91s
2026-02-10 03:32:02,851 | INFO | Batch 390 | Loss: 0.9628 | Correct: 88/128 | Elapsed Time: 12.97s
2026-02-10 03:32:03,899 | INFO | Epoch [27/100] - Loss: 0.9367 | Correct: 33248/50000 (66.50%, 507.39s)
2026-02-10 03:32:49,814 | INFO | Validation - Loss: 0.9864 | Correct: 6512/10000 (65.12%) (45.91s)
2026-02-10 03:33:03,506 | INFO | Batch 10 | Loss: 0.9473 | Correct: 89/128 | Elapsed Time: 13.69s
2026-02-10 03:33:16,570 | INFO | Batch 20 | Loss: 0.8229 | Correct: 92/128 | Elapsed Time: 13.06s
2026-02-10 03:33:29,588 | INFO | Batch 30 | Loss: 0.9733 | Correct: 85/128 | Elapsed Time: 13.02s
2026-02-10 03:33:42,655 | INFO | Batch 40 | Loss: 0.9524 | Correct: 86/128 | Elapsed Time: 13.07s
2026-02-10 03:33:55,511 | INFO | Batch 50 | Loss: 0.8140 | Correct: 93/128 | Elapsed Time: 12.86s
2026-02-10 03:34:08,629 | INFO | Batch 60 | Loss: 0.9022 | Correct: 84/128 | Elapsed Time: 13.12s
2026-02-10 03:34:21,576 | INFO | Batch 70 | Loss: 0.8877 | Correct: 83/128 | Elapsed Time: 12.95s
2026-02-10 03:34:34,527 | INFO | Batch 80 | Loss: 0.9473 | Correct: 85/128 | Elapsed Time: 12.95s
2026-02-10 03:34:47,604 | INFO | Batch 90 | Loss: 0.8640 | Correct: 88/128 | Elapsed Time: 13.08s
2026-02-10 03:35:00,531 | INFO | Batch 100 | Loss: 0.9022 | Correct: 84/128 | Elapsed Time: 12.93s
2026-02-10 03:35:13,682 | INFO | Batch 110 | Loss: 0.9121 | Correct: 84/128 | Elapsed Time: 13.15s
2026-02-10 03:35:26,470 | INFO | Batch 120 | Loss: 0.7628 | Correct: 89/128 | Elapsed Time: 12.79s
2026-02-10 03:35:39,472 | INFO | Batch 130 | Loss: 1.1024 | Correct: 75/128 | Elapsed Time: 13.00s
2026-02-10 03:35:52,488 | INFO | Batch 140 | Loss: 0.9022 | Correct: 88/128 | Elapsed Time: 13.02s
2026-02-10 03:36:05,413 | INFO | Batch 150 | Loss: 1.0000 | Correct: 84/128 | Elapsed Time: 12.93s
2026-02-10 03:36:18,443 | INFO | Batch 160 | Loss: 0.8734 | Correct: 93/128 | Elapsed Time: 13.03s
2026-02-10 03:36:31,416 | INFO | Batch 170 | Loss: 0.8096 | Correct: 89/128 | Elapsed Time: 12.97s
2026-02-10 03:36:44,343 | INFO | Batch 180 | Loss: 0.9121 | Correct: 84/128 | Elapsed Time: 12.93s
2026-02-10 03:36:57,411 | INFO | Batch 190 | Loss: 0.8640 | Correct: 88/128 | Elapsed Time: 13.07s
2026-02-10 03:37:10,456 | INFO | Batch 200 | Loss: 1.0000 | Correct: 84/128 | Elapsed Time: 13.04s
2026-02-10 03:37:23,381 | INFO | Batch 210 | Loss: 0.9786 | Correct: 82/128 | Elapsed Time: 12.92s
2026-02-10 03:37:36,482 | INFO | Batch 220 | Loss: 1.0164 | Correct: 77/128 | Elapsed Time: 13.10s
2026-02-10 03:37:49,457 | INFO | Batch 230 | Loss: 0.9422 | Correct: 84/128 | Elapsed Time: 12.98s
2026-02-10 03:38:02,452 | INFO | Batch 240 | Loss: 0.9371 | Correct: 88/128 | Elapsed Time: 12.99s
2026-02-10 03:38:15,502 | INFO | Batch 250 | Loss: 0.7795 | Correct: 88/128 | Elapsed Time: 13.05s
2026-02-10 03:38:28,455 | INFO | Batch 260 | Loss: 0.9946 | Correct: 79/128 | Elapsed Time: 12.95s
2026-02-10 03:38:41,439 | INFO | Batch 270 | Loss: 0.8052 | Correct: 90/128 | Elapsed Time: 12.98s
2026-02-10 03:38:54,535 | INFO | Batch 280 | Loss: 1.0219 | Correct: 80/128 | Elapsed Time: 13.10s
2026-02-10 03:39:07,618 | INFO | Batch 290 | Loss: 1.0499 | Correct: 79/128 | Elapsed Time: 13.08s
2026-02-10 03:39:20,570 | INFO | Batch 300 | Loss: 1.0614 | Correct: 78/128 | Elapsed Time: 12.95s
2026-02-10 03:39:33,556 | INFO | Batch 310 | Loss: 0.8640 | Correct: 88/128 | Elapsed Time: 12.99s
2026-02-10 03:39:46,573 | INFO | Batch 320 | Loss: 1.0219 | Correct: 84/128 | Elapsed Time: 13.02s
2026-02-10 03:39:59,609 | INFO | Batch 330 | Loss: 0.8734 | Correct: 88/128 | Elapsed Time: 13.04s
2026-02-10 03:40:12,472 | INFO | Batch 340 | Loss: 0.8974 | Correct: 85/128 | Elapsed Time: 12.86s
2026-02-10 03:40:25,474 | INFO | Batch 350 | Loss: 0.9524 | Correct: 79/128 | Elapsed Time: 13.00s
2026-02-10 03:40:38,568 | INFO | Batch 360 | Loss: 1.1574 | Correct: 78/128 | Elapsed Time: 13.09s
2026-02-10 03:40:51,458 | INFO | Batch 370 | Loss: 0.8687 | Correct: 91/128 | Elapsed Time: 12.89s
2026-02-10 03:41:04,601 | INFO | Batch 380 | Loss: 0.8052 | Correct: 90/128 | Elapsed Time: 13.14s
2026-02-10 03:41:17,610 | INFO | Batch 390 | Loss: 0.8925 | Correct: 83/128 | Elapsed Time: 13.01s
2026-02-10 03:41:18,646 | INFO | Epoch [28/100] - Loss: 0.9391 | Correct: 33272/50000 (66.54%, 508.83s)
2026-02-10 03:42:04,633 | INFO | Validation - Loss: 0.9615 | Correct: 6607/10000 (66.07%) (45.99s)
2026-02-10 03:42:04,769 | INFO | New best model saved at epoch 28 with Top1 Acc: 66.07%
2026-02-10 03:42:17,727 | INFO | Batch 10 | Loss: 0.9220 | Correct: 82/128 | Elapsed Time: 12.96s
2026-02-10 03:42:30,742 | INFO | Batch 20 | Loss: 1.0109 | Correct: 80/128 | Elapsed Time: 13.01s
2026-02-10 03:42:43,644 | INFO | Batch 30 | Loss: 0.9576 | Correct: 80/128 | Elapsed Time: 12.90s
2026-02-10 03:42:56,730 | INFO | Batch 40 | Loss: 0.7923 | Correct: 91/128 | Elapsed Time: 13.09s
2026-02-10 03:43:10,170 | INFO | Batch 50 | Loss: 0.7546 | Correct: 95/128 | Elapsed Time: 13.44s
2026-02-10 03:43:23,063 | INFO | Batch 60 | Loss: 0.9892 | Correct: 87/128 | Elapsed Time: 12.89s
2026-02-10 03:43:35,983 | INFO | Batch 70 | Loss: 1.0164 | Correct: 80/128 | Elapsed Time: 12.92s
2026-02-10 03:43:49,057 | INFO | Batch 80 | Loss: 0.9839 | Correct: 89/128 | Elapsed Time: 13.07s
2026-02-10 03:44:02,007 | INFO | Batch 90 | Loss: 1.0499 | Correct: 78/128 | Elapsed Time: 12.95s
2026-02-10 03:44:14,930 | INFO | Batch 100 | Loss: 0.9270 | Correct: 81/128 | Elapsed Time: 12.92s
2026-02-10 03:44:27,925 | INFO | Batch 110 | Loss: 1.1204 | Correct: 73/128 | Elapsed Time: 13.00s
2026-02-10 03:44:40,865 | INFO | Batch 120 | Loss: 0.8184 | Correct: 87/128 | Elapsed Time: 12.94s
2026-02-10 03:44:53,900 | INFO | Batch 130 | Loss: 0.9892 | Correct: 81/128 | Elapsed Time: 13.03s
2026-02-10 03:45:06,839 | INFO | Batch 140 | Loss: 1.0109 | Correct: 83/128 | Elapsed Time: 12.94s
2026-02-10 03:45:19,807 | INFO | Batch 150 | Loss: 0.8455 | Correct: 88/128 | Elapsed Time: 12.97s
2026-02-10 03:45:32,821 | INFO | Batch 160 | Loss: 0.9839 | Correct: 87/128 | Elapsed Time: 13.01s
2026-02-10 03:45:45,659 | INFO | Batch 170 | Loss: 1.0729 | Correct: 82/128 | Elapsed Time: 12.84s
2026-02-10 03:45:58,661 | INFO | Batch 180 | Loss: 0.9371 | Correct: 85/128 | Elapsed Time: 13.00s
2026-02-10 03:46:11,739 | INFO | Batch 190 | Loss: 0.8640 | Correct: 85/128 | Elapsed Time: 13.08s
2026-02-10 03:46:24,512 | INFO | Batch 200 | Loss: 0.9170 | Correct: 83/128 | Elapsed Time: 12.77s
2026-02-10 03:46:37,528 | INFO | Batch 210 | Loss: 0.7711 | Correct: 90/128 | Elapsed Time: 13.02s
2026-02-10 03:46:50,534 | INFO | Batch 220 | Loss: 1.1024 | Correct: 82/128 | Elapsed Time: 13.01s
2026-02-10 03:47:03,393 | INFO | Batch 230 | Loss: 0.8593 | Correct: 88/128 | Elapsed Time: 12.86s
2026-02-10 03:47:16,433 | INFO | Batch 240 | Loss: 0.8640 | Correct: 81/128 | Elapsed Time: 13.04s
2026-02-10 03:47:29,431 | INFO | Batch 250 | Loss: 0.8409 | Correct: 93/128 | Elapsed Time: 13.00s
2026-02-10 03:47:42,389 | INFO | Batch 260 | Loss: 0.7669 | Correct: 94/128 | Elapsed Time: 12.96s
2026-02-10 03:47:55,481 | INFO | Batch 270 | Loss: 0.7880 | Correct: 90/128 | Elapsed Time: 13.09s
2026-02-10 03:48:08,601 | INFO | Batch 280 | Loss: 0.9270 | Correct: 82/128 | Elapsed Time: 13.12s
2026-02-10 03:48:21,486 | INFO | Batch 290 | Loss: 0.9786 | Correct: 88/128 | Elapsed Time: 12.89s
2026-02-10 03:48:34,438 | INFO | Batch 300 | Loss: 0.8640 | Correct: 92/128 | Elapsed Time: 12.95s
2026-02-10 03:48:47,484 | INFO | Batch 310 | Loss: 0.8687 | Correct: 85/128 | Elapsed Time: 13.05s
2026-02-10 03:49:00,310 | INFO | Batch 320 | Loss: 0.8273 | Correct: 92/128 | Elapsed Time: 12.83s
2026-02-10 03:49:13,372 | INFO | Batch 330 | Loss: 0.8734 | Correct: 86/128 | Elapsed Time: 13.06s
2026-02-10 03:49:26,400 | INFO | Batch 340 | Loss: 0.9576 | Correct: 89/128 | Elapsed Time: 13.03s
2026-02-10 03:49:39,371 | INFO | Batch 350 | Loss: 0.8593 | Correct: 89/128 | Elapsed Time: 12.97s
2026-02-10 03:49:52,261 | INFO | Batch 360 | Loss: 0.8925 | Correct: 81/128 | Elapsed Time: 12.89s
2026-02-10 03:50:05,322 | INFO | Batch 370 | Loss: 0.9473 | Correct: 81/128 | Elapsed Time: 13.06s
2026-02-10 03:50:18,273 | INFO | Batch 380 | Loss: 1.0671 | Correct: 75/128 | Elapsed Time: 12.95s
2026-02-10 03:50:31,194 | INFO | Batch 390 | Loss: 0.9473 | Correct: 88/128 | Elapsed Time: 12.92s
2026-02-10 03:50:32,231 | INFO | Epoch [29/100] - Loss: 0.9382 | Correct: 33237/50000 (66.47%, 507.46s)
2026-02-10 03:51:18,053 | INFO | Validation - Loss: 0.9238 | Correct: 6720/10000 (67.20%) (45.82s)
2026-02-10 03:51:18,187 | INFO | New best model saved at epoch 29 with Top1 Acc: 67.20%
2026-02-10 03:51:31,215 | INFO | Batch 10 | Loss: 0.6882 | Correct: 100/128 | Elapsed Time: 13.03s
2026-02-10 03:51:44,237 | INFO | Batch 20 | Loss: 1.1144 | Correct: 81/128 | Elapsed Time: 13.02s
2026-02-10 03:51:57,110 | INFO | Batch 30 | Loss: 0.8925 | Correct: 88/128 | Elapsed Time: 12.87s
2026-02-10 03:52:10,171 | INFO | Batch 40 | Loss: 1.1144 | Correct: 76/128 | Elapsed Time: 13.06s
2026-02-10 03:52:23,099 | INFO | Batch 50 | Loss: 0.9946 | Correct: 82/128 | Elapsed Time: 12.93s
2026-02-10 03:52:36,032 | INFO | Batch 60 | Loss: 0.9473 | Correct: 85/128 | Elapsed Time: 12.93s
2026-02-10 03:52:49,062 | INFO | Batch 70 | Loss: 0.9170 | Correct: 79/128 | Elapsed Time: 13.03s
2026-02-10 03:53:02,287 | INFO | Batch 80 | Loss: 0.7226 | Correct: 93/128 | Elapsed Time: 13.22s
2026-02-10 03:53:15,404 | INFO | Batch 90 | Loss: 0.9680 | Correct: 83/128 | Elapsed Time: 13.12s
2026-02-10 03:53:28,348 | INFO | Batch 100 | Loss: 0.8364 | Correct: 96/128 | Elapsed Time: 12.94s
2026-02-10 03:53:41,356 | INFO | Batch 110 | Loss: 0.8781 | Correct: 90/128 | Elapsed Time: 13.01s
2026-02-10 03:53:54,288 | INFO | Batch 120 | Loss: 1.0000 | Correct: 81/128 | Elapsed Time: 12.93s
2026-02-10 03:54:07,296 | INFO | Batch 130 | Loss: 1.0000 | Correct: 79/128 | Elapsed Time: 13.01s
2026-02-10 03:54:20,363 | INFO | Batch 140 | Loss: 0.6957 | Correct: 97/128 | Elapsed Time: 13.07s
2026-02-10 03:54:33,374 | INFO | Batch 150 | Loss: 1.0443 | Correct: 76/128 | Elapsed Time: 13.01s
2026-02-10 03:54:46,176 | INFO | Batch 160 | Loss: 0.9576 | Correct: 86/128 | Elapsed Time: 12.80s
2026-02-10 03:54:59,171 | INFO | Batch 170 | Loss: 0.8009 | Correct: 98/128 | Elapsed Time: 12.99s
2026-02-10 03:55:12,194 | INFO | Batch 180 | Loss: 1.0386 | Correct: 81/128 | Elapsed Time: 13.02s
2026-02-10 03:55:25,030 | INFO | Batch 190 | Loss: 0.9270 | Correct: 83/128 | Elapsed Time: 12.84s
2026-02-10 03:55:38,105 | INFO | Batch 200 | Loss: 0.9270 | Correct: 86/128 | Elapsed Time: 13.07s
2026-02-10 03:55:51,067 | INFO | Batch 210 | Loss: 0.9892 | Correct: 85/128 | Elapsed Time: 12.96s
2026-02-10 03:56:04,071 | INFO | Batch 220 | Loss: 0.8501 | Correct: 88/128 | Elapsed Time: 13.00s
2026-02-10 03:56:17,105 | INFO | Batch 230 | Loss: 0.8364 | Correct: 91/128 | Elapsed Time: 13.03s
2026-02-10 03:56:30,029 | INFO | Batch 240 | Loss: 1.0556 | Correct: 77/128 | Elapsed Time: 12.92s
2026-02-10 03:56:42,929 | INFO | Batch 250 | Loss: 1.0964 | Correct: 75/128 | Elapsed Time: 12.90s
2026-02-10 03:56:55,919 | INFO | Batch 260 | Loss: 0.7711 | Correct: 90/128 | Elapsed Time: 12.99s
2026-02-10 03:57:08,852 | INFO | Batch 270 | Loss: 0.7923 | Correct: 88/128 | Elapsed Time: 12.93s
2026-02-10 03:57:21,715 | INFO | Batch 280 | Loss: 0.8974 | Correct: 89/128 | Elapsed Time: 12.86s
2026-02-10 03:57:34,669 | INFO | Batch 290 | Loss: 1.0000 | Correct: 80/128 | Elapsed Time: 12.95s
2026-02-10 03:57:47,523 | INFO | Batch 300 | Loss: 1.0330 | Correct: 82/128 | Elapsed Time: 12.85s
2026-02-10 03:58:00,331 | INFO | Batch 310 | Loss: 0.8501 | Correct: 92/128 | Elapsed Time: 12.81s
2026-02-10 03:58:13,376 | INFO | Batch 320 | Loss: 0.9892 | Correct: 85/128 | Elapsed Time: 13.04s
2026-02-10 03:58:26,293 | INFO | Batch 330 | Loss: 0.9270 | Correct: 87/128 | Elapsed Time: 12.92s
2026-02-10 03:58:39,159 | INFO | Batch 340 | Loss: 0.8974 | Correct: 88/128 | Elapsed Time: 12.87s
2026-02-10 03:58:52,196 | INFO | Batch 350 | Loss: 0.9524 | Correct: 78/128 | Elapsed Time: 13.04s
2026-02-10 03:59:05,200 | INFO | Batch 360 | Loss: 0.9786 | Correct: 89/128 | Elapsed Time: 13.00s
2026-02-10 03:59:18,216 | INFO | Batch 370 | Loss: 0.9946 | Correct: 82/128 | Elapsed Time: 13.02s
2026-02-10 03:59:31,215 | INFO | Batch 380 | Loss: 0.9422 | Correct: 86/128 | Elapsed Time: 13.00s
2026-02-10 03:59:44,188 | INFO | Batch 390 | Loss: 0.8687 | Correct: 88/128 | Elapsed Time: 12.97s
2026-02-10 03:59:45,218 | INFO | Epoch [30/100] - Loss: 0.9239 | Correct: 33478/50000 (66.96%, 507.03s)
2026-02-10 04:00:31,100 | INFO | Validation - Loss: 0.9532 | Correct: 6629/10000 (66.29%) (45.88s)
2026-02-10 04:00:44,085 | INFO | Batch 10 | Loss: 1.0109 | Correct: 76/128 | Elapsed Time: 12.98s
2026-02-10 04:00:56,896 | INFO | Batch 20 | Loss: 0.9946 | Correct: 81/128 | Elapsed Time: 12.81s
2026-02-10 04:01:09,962 | INFO | Batch 30 | Loss: 0.9371 | Correct: 88/128 | Elapsed Time: 13.07s
2026-02-10 04:01:22,934 | INFO | Batch 40 | Loss: 0.8273 | Correct: 88/128 | Elapsed Time: 12.97s
2026-02-10 04:01:35,821 | INFO | Batch 50 | Loss: 1.0000 | Correct: 88/128 | Elapsed Time: 12.89s
2026-02-10 04:01:48,882 | INFO | Batch 60 | Loss: 0.9170 | Correct: 88/128 | Elapsed Time: 13.06s
2026-02-10 04:02:01,843 | INFO | Batch 70 | Loss: 1.0109 | Correct: 82/128 | Elapsed Time: 12.96s
2026-02-10 04:02:14,844 | INFO | Batch 80 | Loss: 0.9220 | Correct: 98/128 | Elapsed Time: 13.00s
2026-02-10 04:02:27,868 | INFO | Batch 90 | Loss: 0.8318 | Correct: 91/128 | Elapsed Time: 13.02s
2026-02-10 04:02:40,810 | INFO | Batch 100 | Loss: 1.0054 | Correct: 83/128 | Elapsed Time: 12.94s
2026-02-10 04:02:53,760 | INFO | Batch 110 | Loss: 1.1700 | Correct: 84/128 | Elapsed Time: 12.95s
2026-02-10 04:03:07,179 | INFO | Batch 120 | Loss: 1.1204 | Correct: 76/128 | Elapsed Time: 13.42s
2026-02-10 04:03:20,173 | INFO | Batch 130 | Loss: 1.0000 | Correct: 83/128 | Elapsed Time: 12.99s
2026-02-10 04:03:33,134 | INFO | Batch 140 | Loss: 0.8734 | Correct: 93/128 | Elapsed Time: 12.96s
2026-02-10 04:03:46,118 | INFO | Batch 150 | Loss: 1.0729 | Correct: 82/128 | Elapsed Time: 12.98s
2026-02-10 04:03:59,165 | INFO | Batch 160 | Loss: 0.8781 | Correct: 90/128 | Elapsed Time: 13.05s
2026-02-10 04:04:12,176 | INFO | Batch 170 | Loss: 0.8318 | Correct: 89/128 | Elapsed Time: 13.01s
2026-02-10 04:04:25,137 | INFO | Batch 180 | Loss: 0.9270 | Correct: 89/128 | Elapsed Time: 12.96s
2026-02-10 04:04:38,200 | INFO | Batch 190 | Loss: 1.0219 | Correct: 80/128 | Elapsed Time: 13.06s
2026-02-10 04:04:51,212 | INFO | Batch 200 | Loss: 0.9071 | Correct: 89/128 | Elapsed Time: 13.01s
2026-02-10 04:05:04,149 | INFO | Batch 210 | Loss: 0.8318 | Correct: 84/128 | Elapsed Time: 12.94s
2026-02-10 04:05:17,183 | INFO | Batch 220 | Loss: 0.8925 | Correct: 85/128 | Elapsed Time: 13.03s
2026-02-10 04:05:30,169 | INFO | Batch 230 | Loss: 0.7880 | Correct: 86/128 | Elapsed Time: 12.99s
2026-02-10 04:05:43,088 | INFO | Batch 240 | Loss: 1.1764 | Correct: 79/128 | Elapsed Time: 12.92s
2026-02-10 04:05:56,063 | INFO | Batch 250 | Loss: 0.9524 | Correct: 82/128 | Elapsed Time: 12.98s
2026-02-10 04:06:09,151 | INFO | Batch 260 | Loss: 0.9071 | Correct: 84/128 | Elapsed Time: 13.09s
2026-02-10 04:06:22,040 | INFO | Batch 270 | Loss: 0.9320 | Correct: 85/128 | Elapsed Time: 12.89s
2026-02-10 04:06:35,074 | INFO | Batch 280 | Loss: 1.0330 | Correct: 78/128 | Elapsed Time: 13.03s
2026-02-10 04:06:48,079 | INFO | Batch 290 | Loss: 0.9839 | Correct: 81/128 | Elapsed Time: 13.01s
2026-02-10 04:07:00,947 | INFO | Batch 300 | Loss: 0.7795 | Correct: 92/128 | Elapsed Time: 12.87s
2026-02-10 04:07:13,995 | INFO | Batch 310 | Loss: 0.8593 | Correct: 87/128 | Elapsed Time: 13.05s
2026-02-10 04:07:27,027 | INFO | Batch 320 | Loss: 1.0556 | Correct: 79/128 | Elapsed Time: 13.03s
2026-02-10 04:07:39,885 | INFO | Batch 330 | Loss: 0.9786 | Correct: 79/128 | Elapsed Time: 12.86s
2026-02-10 04:07:52,914 | INFO | Batch 340 | Loss: 0.8687 | Correct: 87/128 | Elapsed Time: 13.03s
2026-02-10 04:08:06,062 | INFO | Batch 350 | Loss: 0.9680 | Correct: 82/128 | Elapsed Time: 13.15s
2026-02-10 04:08:18,922 | INFO | Batch 360 | Loss: 0.9422 | Correct: 82/128 | Elapsed Time: 12.86s
2026-02-10 04:08:31,980 | INFO | Batch 370 | Loss: 0.7384 | Correct: 93/128 | Elapsed Time: 13.06s
2026-02-10 04:08:45,036 | INFO | Batch 380 | Loss: 0.9946 | Correct: 83/128 | Elapsed Time: 13.06s
2026-02-10 04:08:57,951 | INFO | Batch 390 | Loss: 0.8501 | Correct: 90/128 | Elapsed Time: 12.92s
2026-02-10 04:08:59,096 | INFO | Epoch [31/100] - Loss: 0.9162 | Correct: 33706/50000 (67.41%, 507.99s)
2026-02-10 04:09:45,103 | INFO | Validation - Loss: 0.9638 | Correct: 6597/10000 (65.97%) (46.01s)
2026-02-10 04:09:57,966 | INFO | Batch 10 | Loss: 0.7795 | Correct: 93/128 | Elapsed Time: 12.86s
2026-02-10 04:10:11,014 | INFO | Batch 20 | Loss: 0.9022 | Correct: 87/128 | Elapsed Time: 13.05s
2026-02-10 04:10:24,059 | INFO | Batch 30 | Loss: 0.9071 | Correct: 87/128 | Elapsed Time: 13.05s
2026-02-10 04:10:36,976 | INFO | Batch 40 | Loss: 0.8734 | Correct: 85/128 | Elapsed Time: 12.92s
2026-02-10 04:10:49,999 | INFO | Batch 50 | Loss: 0.8184 | Correct: 89/128 | Elapsed Time: 13.02s
2026-02-10 04:11:02,938 | INFO | Batch 60 | Loss: 1.0000 | Correct: 84/128 | Elapsed Time: 12.94s
2026-02-10 04:11:15,940 | INFO | Batch 70 | Loss: 0.9680 | Correct: 87/128 | Elapsed Time: 13.00s
2026-02-10 04:11:28,974 | INFO | Batch 80 | Loss: 0.8547 | Correct: 92/128 | Elapsed Time: 13.03s
2026-02-10 04:11:41,933 | INFO | Batch 90 | Loss: 0.9628 | Correct: 81/128 | Elapsed Time: 12.96s
2026-02-10 04:11:54,853 | INFO | Batch 100 | Loss: 1.0499 | Correct: 82/128 | Elapsed Time: 12.92s
2026-02-10 04:12:07,853 | INFO | Batch 110 | Loss: 0.9473 | Correct: 83/128 | Elapsed Time: 13.00s
2026-02-10 04:12:20,809 | INFO | Batch 120 | Loss: 0.8229 | Correct: 88/128 | Elapsed Time: 12.96s
2026-02-10 04:12:33,824 | INFO | Batch 130 | Loss: 1.0846 | Correct: 82/128 | Elapsed Time: 13.02s
2026-02-10 04:12:46,656 | INFO | Batch 140 | Loss: 0.9170 | Correct: 82/128 | Elapsed Time: 12.83s
2026-02-10 04:12:59,736 | INFO | Batch 150 | Loss: 0.8734 | Correct: 86/128 | Elapsed Time: 13.08s
2026-02-10 04:13:13,212 | INFO | Batch 160 | Loss: 0.8734 | Correct: 87/128 | Elapsed Time: 13.48s
2026-02-10 04:13:26,037 | INFO | Batch 170 | Loss: 0.7187 | Correct: 97/128 | Elapsed Time: 12.82s
2026-02-10 04:13:39,026 | INFO | Batch 180 | Loss: 0.8829 | Correct: 85/128 | Elapsed Time: 12.99s
2026-02-10 04:13:52,107 | INFO | Batch 190 | Loss: 0.8409 | Correct: 86/128 | Elapsed Time: 13.08s
2026-02-10 04:14:04,992 | INFO | Batch 200 | Loss: 1.0164 | Correct: 89/128 | Elapsed Time: 12.88s
2026-02-10 04:14:18,017 | INFO | Batch 210 | Loss: 0.8829 | Correct: 90/128 | Elapsed Time: 13.03s
2026-02-10 04:14:31,063 | INFO | Batch 220 | Loss: 1.0054 | Correct: 78/128 | Elapsed Time: 13.05s
2026-02-10 04:14:43,903 | INFO | Batch 230 | Loss: 0.9121 | Correct: 88/128 | Elapsed Time: 12.84s
2026-02-10 04:14:56,932 | INFO | Batch 240 | Loss: 0.9576 | Correct: 82/128 | Elapsed Time: 13.03s
2026-02-10 04:15:10,135 | INFO | Batch 250 | Loss: 0.9371 | Correct: 89/128 | Elapsed Time: 13.20s
2026-02-10 04:15:22,996 | INFO | Batch 260 | Loss: 1.0109 | Correct: 81/128 | Elapsed Time: 12.86s
2026-02-10 04:15:36,049 | INFO | Batch 270 | Loss: 0.7465 | Correct: 96/128 | Elapsed Time: 13.05s
2026-02-10 04:15:49,037 | INFO | Batch 280 | Loss: 0.9320 | Correct: 93/128 | Elapsed Time: 12.99s
2026-02-10 04:16:01,855 | INFO | Batch 290 | Loss: 0.8593 | Correct: 81/128 | Elapsed Time: 12.82s
2026-02-10 04:16:14,944 | INFO | Batch 300 | Loss: 1.0443 | Correct: 77/128 | Elapsed Time: 13.09s
2026-02-10 04:16:28,008 | INFO | Batch 310 | Loss: 0.8734 | Correct: 86/128 | Elapsed Time: 13.06s
2026-02-10 04:16:40,915 | INFO | Batch 320 | Loss: 1.0729 | Correct: 74/128 | Elapsed Time: 12.91s
2026-02-10 04:16:53,886 | INFO | Batch 330 | Loss: 1.0729 | Correct: 73/128 | Elapsed Time: 12.97s
2026-02-10 04:17:06,876 | INFO | Batch 340 | Loss: 0.7033 | Correct: 94/128 | Elapsed Time: 12.99s
2026-02-10 04:17:19,788 | INFO | Batch 350 | Loss: 0.7265 | Correct: 97/128 | Elapsed Time: 12.91s
2026-02-10 04:17:32,730 | INFO | Batch 360 | Loss: 0.6662 | Correct: 96/128 | Elapsed Time: 12.94s
2026-02-10 04:17:45,752 | INFO | Batch 370 | Loss: 1.0219 | Correct: 81/128 | Elapsed Time: 13.02s
2026-02-10 04:17:58,735 | INFO | Batch 380 | Loss: 0.9524 | Correct: 83/128 | Elapsed Time: 12.98s
2026-02-10 04:18:11,749 | INFO | Batch 390 | Loss: 0.8547 | Correct: 87/128 | Elapsed Time: 13.01s
2026-02-10 04:18:12,774 | INFO | Epoch [32/100] - Loss: 0.8969 | Correct: 33934/50000 (67.87%, 507.67s)
2026-02-10 04:18:58,726 | INFO | Validation - Loss: 0.9237 | Correct: 6754/10000 (67.54%) (45.95s)
2026-02-10 04:18:58,864 | INFO | New best model saved at epoch 32 with Top1 Acc: 67.54%
2026-02-10 04:19:12,003 | INFO | Batch 10 | Loss: 0.9371 | Correct: 89/128 | Elapsed Time: 13.14s
2026-02-10 04:19:24,969 | INFO | Batch 20 | Loss: 0.8009 | Correct: 90/128 | Elapsed Time: 12.97s
2026-02-10 04:19:37,916 | INFO | Batch 30 | Loss: 0.9371 | Correct: 86/128 | Elapsed Time: 12.95s
2026-02-10 04:19:50,946 | INFO | Batch 40 | Loss: 0.9524 | Correct: 82/128 | Elapsed Time: 13.03s
2026-02-10 04:20:04,052 | INFO | Batch 50 | Loss: 0.9628 | Correct: 80/128 | Elapsed Time: 13.11s
2026-02-10 04:20:16,924 | INFO | Batch 60 | Loss: 0.8593 | Correct: 91/128 | Elapsed Time: 12.87s
2026-02-10 04:20:29,896 | INFO | Batch 70 | Loss: 0.9680 | Correct: 80/128 | Elapsed Time: 12.97s
2026-02-10 04:20:42,963 | INFO | Batch 80 | Loss: 0.8455 | Correct: 91/128 | Elapsed Time: 13.07s
2026-02-10 04:20:55,840 | INFO | Batch 90 | Loss: 0.9022 | Correct: 84/128 | Elapsed Time: 12.88s
2026-02-10 04:21:08,967 | INFO | Batch 100 | Loss: 0.9320 | Correct: 84/128 | Elapsed Time: 13.13s
2026-02-10 04:21:22,019 | INFO | Batch 110 | Loss: 0.9371 | Correct: 85/128 | Elapsed Time: 13.05s
2026-02-10 04:21:34,890 | INFO | Batch 120 | Loss: 0.7628 | Correct: 94/128 | Elapsed Time: 12.87s
2026-02-10 04:21:47,883 | INFO | Batch 130 | Loss: 0.8455 | Correct: 88/128 | Elapsed Time: 12.99s
2026-02-10 04:22:00,907 | INFO | Batch 140 | Loss: 0.9786 | Correct: 86/128 | Elapsed Time: 13.02s
2026-02-10 04:22:14,052 | INFO | Batch 150 | Loss: 1.0054 | Correct: 88/128 | Elapsed Time: 13.14s
2026-02-10 04:22:26,810 | INFO | Batch 160 | Loss: 0.9786 | Correct: 78/128 | Elapsed Time: 12.76s
2026-02-10 04:22:39,849 | INFO | Batch 170 | Loss: 0.9524 | Correct: 84/128 | Elapsed Time: 13.04s
2026-02-10 04:22:52,920 | INFO | Batch 180 | Loss: 0.8229 | Correct: 90/128 | Elapsed Time: 13.07s
2026-02-10 04:23:06,501 | INFO | Batch 190 | Loss: 0.8547 | Correct: 88/128 | Elapsed Time: 13.58s
2026-02-10 04:23:19,570 | INFO | Batch 200 | Loss: 0.8925 | Correct: 86/128 | Elapsed Time: 13.07s
2026-02-10 04:23:32,565 | INFO | Batch 210 | Loss: 0.8734 | Correct: 79/128 | Elapsed Time: 12.99s
2026-02-10 04:23:45,458 | INFO | Batch 220 | Loss: 0.7384 | Correct: 101/128 | Elapsed Time: 12.89s
2026-02-10 04:23:58,555 | INFO | Batch 230 | Loss: 0.8184 | Correct: 87/128 | Elapsed Time: 13.10s
2026-02-10 04:24:11,560 | INFO | Batch 240 | Loss: 1.0386 | Correct: 83/128 | Elapsed Time: 13.01s
2026-02-10 04:24:24,460 | INFO | Batch 250 | Loss: 0.8925 | Correct: 86/128 | Elapsed Time: 12.90s
2026-02-10 04:24:37,564 | INFO | Batch 260 | Loss: 0.7795 | Correct: 94/128 | Elapsed Time: 13.10s
2026-02-10 04:24:50,554 | INFO | Batch 270 | Loss: 0.8877 | Correct: 87/128 | Elapsed Time: 12.99s
2026-02-10 04:25:03,513 | INFO | Batch 280 | Loss: 0.9371 | Correct: 88/128 | Elapsed Time: 12.96s
2026-02-10 04:25:16,609 | INFO | Batch 290 | Loss: 0.9733 | Correct: 85/128 | Elapsed Time: 13.10s
2026-02-10 04:25:29,659 | INFO | Batch 300 | Loss: 1.0846 | Correct: 74/128 | Elapsed Time: 13.05s
2026-02-10 04:25:42,649 | INFO | Batch 310 | Loss: 0.9371 | Correct: 86/128 | Elapsed Time: 12.99s
2026-02-10 04:25:55,790 | INFO | Batch 320 | Loss: 0.8925 | Correct: 86/128 | Elapsed Time: 13.14s
2026-02-10 04:26:08,975 | INFO | Batch 330 | Loss: 0.6277 | Correct: 101/128 | Elapsed Time: 13.18s
2026-02-10 04:26:21,999 | INFO | Batch 340 | Loss: 0.8184 | Correct: 94/128 | Elapsed Time: 13.02s
2026-02-10 04:26:35,075 | INFO | Batch 350 | Loss: 0.8318 | Correct: 96/128 | Elapsed Time: 13.08s
2026-02-10 04:26:48,089 | INFO | Batch 360 | Loss: 0.8781 | Correct: 86/128 | Elapsed Time: 13.01s
2026-02-10 04:27:01,056 | INFO | Batch 370 | Loss: 0.7465 | Correct: 96/128 | Elapsed Time: 12.97s
2026-02-10 04:27:14,225 | INFO | Batch 380 | Loss: 0.9946 | Correct: 84/128 | Elapsed Time: 13.17s
2026-02-10 04:27:27,241 | INFO | Batch 390 | Loss: 0.7966 | Correct: 90/128 | Elapsed Time: 13.02s
2026-02-10 04:27:28,280 | INFO | Epoch [33/100] - Loss: 0.8907 | Correct: 34167/50000 (68.33%, 509.42s)
2026-02-10 04:28:14,394 | INFO | Validation - Loss: 0.9393 | Correct: 6667/10000 (66.67%) (46.11s)
2026-02-10 04:28:27,395 | INFO | Batch 10 | Loss: 0.8455 | Correct: 95/128 | Elapsed Time: 13.00s
2026-02-10 04:28:40,311 | INFO | Batch 20 | Loss: 0.9022 | Correct: 86/128 | Elapsed Time: 12.92s
2026-02-10 04:28:53,414 | INFO | Batch 30 | Loss: 0.8593 | Correct: 92/128 | Elapsed Time: 13.10s
2026-02-10 04:29:06,472 | INFO | Batch 40 | Loss: 1.0788 | Correct: 81/128 | Elapsed Time: 13.06s
2026-02-10 04:29:19,453 | INFO | Batch 50 | Loss: 0.7966 | Correct: 91/128 | Elapsed Time: 12.98s
2026-02-10 04:29:32,518 | INFO | Batch 60 | Loss: 0.8318 | Correct: 90/128 | Elapsed Time: 13.07s
2026-02-10 04:29:45,481 | INFO | Batch 70 | Loss: 0.8687 | Correct: 88/128 | Elapsed Time: 12.96s
2026-02-10 04:29:58,455 | INFO | Batch 80 | Loss: 0.8096 | Correct: 95/128 | Elapsed Time: 12.97s
2026-02-10 04:30:11,539 | INFO | Batch 90 | Loss: 0.7711 | Correct: 93/128 | Elapsed Time: 13.08s
2026-02-10 04:30:24,478 | INFO | Batch 100 | Loss: 0.9839 | Correct: 81/128 | Elapsed Time: 12.94s
2026-02-10 04:30:37,389 | INFO | Batch 110 | Loss: 0.9071 | Correct: 86/128 | Elapsed Time: 12.91s
2026-02-10 04:30:50,370 | INFO | Batch 120 | Loss: 0.8925 | Correct: 91/128 | Elapsed Time: 12.98s
2026-02-10 04:31:03,463 | INFO | Batch 130 | Loss: 0.8409 | Correct: 90/128 | Elapsed Time: 13.09s
2026-02-10 04:31:16,428 | INFO | Batch 140 | Loss: 0.7966 | Correct: 89/128 | Elapsed Time: 12.97s
2026-02-10 04:31:29,385 | INFO | Batch 150 | Loss: 0.8229 | Correct: 97/128 | Elapsed Time: 12.96s
2026-02-10 04:31:42,394 | INFO | Batch 160 | Loss: 0.7837 | Correct: 94/128 | Elapsed Time: 13.01s
2026-02-10 04:31:55,408 | INFO | Batch 170 | Loss: 0.8734 | Correct: 90/128 | Elapsed Time: 13.01s
2026-02-10 04:32:08,252 | INFO | Batch 180 | Loss: 1.0788 | Correct: 77/128 | Elapsed Time: 12.84s
2026-02-10 04:32:21,305 | INFO | Batch 190 | Loss: 0.9786 | Correct: 86/128 | Elapsed Time: 13.05s
2026-02-10 04:32:34,336 | INFO | Batch 200 | Loss: 1.2087 | Correct: 71/128 | Elapsed Time: 13.03s
2026-02-10 04:32:47,219 | INFO | Batch 210 | Loss: 1.0905 | Correct: 82/128 | Elapsed Time: 12.88s
2026-02-10 04:33:00,389 | INFO | Batch 220 | Loss: 0.9473 | Correct: 85/128 | Elapsed Time: 13.17s
2026-02-10 04:33:13,764 | INFO | Batch 230 | Loss: 1.0219 | Correct: 81/128 | Elapsed Time: 13.37s
2026-02-10 04:33:26,715 | INFO | Batch 240 | Loss: 0.7305 | Correct: 97/128 | Elapsed Time: 12.95s
2026-02-10 04:33:39,760 | INFO | Batch 250 | Loss: 1.1637 | Correct: 79/128 | Elapsed Time: 13.05s
2026-02-10 04:33:52,723 | INFO | Batch 260 | Loss: 0.7033 | Correct: 100/128 | Elapsed Time: 12.96s
2026-02-10 04:34:05,707 | INFO | Batch 270 | Loss: 0.6882 | Correct: 95/128 | Elapsed Time: 12.98s
2026-02-10 04:34:18,778 | INFO | Batch 280 | Loss: 1.0000 | Correct: 85/128 | Elapsed Time: 13.07s
2026-02-10 04:34:31,756 | INFO | Batch 290 | Loss: 0.8273 | Correct: 90/128 | Elapsed Time: 12.98s
2026-02-10 04:34:44,765 | INFO | Batch 300 | Loss: 0.7753 | Correct: 90/128 | Elapsed Time: 13.01s
2026-02-10 04:34:57,811 | INFO | Batch 310 | Loss: 0.9576 | Correct: 80/128 | Elapsed Time: 13.05s
2026-02-10 04:35:10,855 | INFO | Batch 320 | Loss: 0.8925 | Correct: 85/128 | Elapsed Time: 13.04s
2026-02-10 04:35:23,825 | INFO | Batch 330 | Loss: 0.9892 | Correct: 79/128 | Elapsed Time: 12.97s
2026-02-10 04:35:36,855 | INFO | Batch 340 | Loss: 0.9946 | Correct: 82/128 | Elapsed Time: 13.03s
2026-02-10 04:35:49,840 | INFO | Batch 350 | Loss: 0.8096 | Correct: 86/128 | Elapsed Time: 12.99s
2026-02-10 04:36:02,805 | INFO | Batch 360 | Loss: 0.7305 | Correct: 99/128 | Elapsed Time: 12.97s
2026-02-10 04:36:15,859 | INFO | Batch 370 | Loss: 0.9320 | Correct: 80/128 | Elapsed Time: 13.05s
2026-02-10 04:36:28,805 | INFO | Batch 380 | Loss: 0.8547 | Correct: 91/128 | Elapsed Time: 12.95s
2026-02-10 04:36:41,767 | INFO | Batch 390 | Loss: 0.8140 | Correct: 85/128 | Elapsed Time: 12.96s
2026-02-10 04:36:42,912 | INFO | Epoch [34/100] - Loss: 0.8905 | Correct: 34073/50000 (68.15%, 508.52s)
2026-02-10 04:37:29,015 | INFO | Validation - Loss: 0.9191 | Correct: 6715/10000 (67.15%) (46.10s)
2026-02-10 04:37:41,981 | INFO | Batch 10 | Loss: 0.9320 | Correct: 84/128 | Elapsed Time: 12.96s
2026-02-10 04:37:54,952 | INFO | Batch 20 | Loss: 0.8409 | Correct: 89/128 | Elapsed Time: 12.97s
2026-02-10 04:38:07,918 | INFO | Batch 30 | Loss: 0.9320 | Correct: 78/128 | Elapsed Time: 12.97s
2026-02-10 04:38:20,724 | INFO | Batch 40 | Loss: 0.9022 | Correct: 92/128 | Elapsed Time: 12.81s
2026-02-10 04:38:33,551 | INFO | Batch 50 | Loss: 0.9422 | Correct: 80/128 | Elapsed Time: 12.83s
2026-02-10 04:38:46,405 | INFO | Batch 60 | Loss: 0.9576 | Correct: 91/128 | Elapsed Time: 12.85s
2026-02-10 04:38:59,180 | INFO | Batch 70 | Loss: 1.0614 | Correct: 73/128 | Elapsed Time: 12.78s
2026-02-10 04:39:12,107 | INFO | Batch 80 | Loss: 0.9320 | Correct: 87/128 | Elapsed Time: 12.93s
2026-02-10 04:39:25,042 | INFO | Batch 90 | Loss: 0.8781 | Correct: 89/128 | Elapsed Time: 12.94s
2026-02-10 04:39:37,852 | INFO | Batch 100 | Loss: 0.7966 | Correct: 91/128 | Elapsed Time: 12.81s
2026-02-10 04:39:50,780 | INFO | Batch 110 | Loss: 0.7669 | Correct: 95/128 | Elapsed Time: 12.93s
2026-02-10 04:40:03,730 | INFO | Batch 120 | Loss: 0.9946 | Correct: 89/128 | Elapsed Time: 12.95s
2026-02-10 04:40:16,542 | INFO | Batch 130 | Loss: 0.8364 | Correct: 86/128 | Elapsed Time: 12.81s
2026-02-10 04:40:29,454 | INFO | Batch 140 | Loss: 1.0386 | Correct: 84/128 | Elapsed Time: 12.91s
2026-02-10 04:40:42,376 | INFO | Batch 150 | Loss: 0.8501 | Correct: 85/128 | Elapsed Time: 12.92s
2026-02-10 04:40:55,256 | INFO | Batch 160 | Loss: 0.8734 | Correct: 91/128 | Elapsed Time: 12.88s
2026-02-10 04:41:08,250 | INFO | Batch 170 | Loss: 0.8829 | Correct: 84/128 | Elapsed Time: 12.99s
2026-02-10 04:41:21,241 | INFO | Batch 180 | Loss: 0.8229 | Correct: 90/128 | Elapsed Time: 12.99s
2026-02-10 04:41:34,073 | INFO | Batch 190 | Loss: 0.9071 | Correct: 83/128 | Elapsed Time: 12.83s
2026-02-10 04:41:47,026 | INFO | Batch 200 | Loss: 0.7546 | Correct: 95/128 | Elapsed Time: 12.95s
2026-02-10 04:41:59,924 | INFO | Batch 210 | Loss: 0.9270 | Correct: 84/128 | Elapsed Time: 12.90s
2026-02-10 04:42:12,900 | INFO | Batch 220 | Loss: 0.8829 | Correct: 84/128 | Elapsed Time: 12.98s
2026-02-10 04:42:25,757 | INFO | Batch 230 | Loss: 0.9733 | Correct: 86/128 | Elapsed Time: 12.86s
2026-02-10 04:42:38,662 | INFO | Batch 240 | Loss: 0.7226 | Correct: 97/128 | Elapsed Time: 12.90s
2026-02-10 04:42:51,644 | INFO | Batch 250 | Loss: 0.8640 | Correct: 87/128 | Elapsed Time: 12.98s
2026-02-10 04:43:05,214 | INFO | Batch 260 | Loss: 0.7628 | Correct: 91/128 | Elapsed Time: 13.57s
2026-02-10 04:43:18,167 | INFO | Batch 270 | Loss: 0.8009 | Correct: 96/128 | Elapsed Time: 12.95s
2026-02-10 04:43:31,084 | INFO | Batch 280 | Loss: 0.8318 | Correct: 89/128 | Elapsed Time: 12.92s
2026-02-10 04:43:43,883 | INFO | Batch 290 | Loss: 0.8640 | Correct: 86/128 | Elapsed Time: 12.80s
2026-02-10 04:43:56,809 | INFO | Batch 300 | Loss: 0.9071 | Correct: 86/128 | Elapsed Time: 12.93s
2026-02-10 04:44:09,754 | INFO | Batch 310 | Loss: 0.8974 | Correct: 82/128 | Elapsed Time: 12.95s
2026-02-10 04:44:22,560 | INFO | Batch 320 | Loss: 0.8273 | Correct: 89/128 | Elapsed Time: 12.81s
2026-02-10 04:44:35,443 | INFO | Batch 330 | Loss: 0.9121 | Correct: 90/128 | Elapsed Time: 12.88s
2026-02-10 04:44:48,313 | INFO | Batch 340 | Loss: 0.8273 | Correct: 86/128 | Elapsed Time: 12.87s
2026-02-10 04:45:01,093 | INFO | Batch 350 | Loss: 1.0499 | Correct: 88/128 | Elapsed Time: 12.78s
2026-02-10 04:45:14,029 | INFO | Batch 360 | Loss: 1.0164 | Correct: 81/128 | Elapsed Time: 12.94s
2026-02-10 04:45:26,916 | INFO | Batch 370 | Loss: 0.9473 | Correct: 84/128 | Elapsed Time: 12.89s
2026-02-10 04:45:39,692 | INFO | Batch 380 | Loss: 0.8925 | Correct: 88/128 | Elapsed Time: 12.78s
2026-02-10 04:45:52,569 | INFO | Batch 390 | Loss: 0.8877 | Correct: 86/128 | Elapsed Time: 12.88s
2026-02-10 04:45:53,590 | INFO | Epoch [35/100] - Loss: 0.8794 | Correct: 34190/50000 (68.38%, 504.57s)
2026-02-10 04:46:39,110 | INFO | Validation - Loss: 0.9599 | Correct: 6617/10000 (66.17%) (45.52s)
2026-02-10 04:46:51,993 | INFO | Batch 10 | Loss: 0.7033 | Correct: 92/128 | Elapsed Time: 12.88s
2026-02-10 04:47:04,811 | INFO | Batch 20 | Loss: 0.8501 | Correct: 86/128 | Elapsed Time: 12.82s
2026-02-10 04:47:17,713 | INFO | Batch 30 | Loss: 0.8409 | Correct: 93/128 | Elapsed Time: 12.90s
2026-02-10 04:47:30,603 | INFO | Batch 40 | Loss: 0.7923 | Correct: 91/128 | Elapsed Time: 12.89s
2026-02-10 04:47:43,348 | INFO | Batch 50 | Loss: 0.8547 | Correct: 94/128 | Elapsed Time: 12.75s
2026-02-10 04:47:56,161 | INFO | Batch 60 | Loss: 0.7966 | Correct: 93/128 | Elapsed Time: 12.81s
2026-02-10 04:48:09,124 | INFO | Batch 70 | Loss: 0.7033 | Correct: 95/128 | Elapsed Time: 12.96s
2026-02-10 04:48:21,969 | INFO | Batch 80 | Loss: 0.9022 | Correct: 88/128 | Elapsed Time: 12.85s
2026-02-10 04:48:34,710 | INFO | Batch 90 | Loss: 0.9371 | Correct: 90/128 | Elapsed Time: 12.74s
2026-02-10 04:48:47,533 | INFO | Batch 100 | Loss: 0.7033 | Correct: 93/128 | Elapsed Time: 12.82s
2026-02-10 04:49:00,377 | INFO | Batch 110 | Loss: 0.8687 | Correct: 88/128 | Elapsed Time: 12.84s
2026-02-10 04:49:13,182 | INFO | Batch 120 | Loss: 1.0219 | Correct: 81/128 | Elapsed Time: 12.81s
2026-02-10 04:49:26,060 | INFO | Batch 130 | Loss: 0.9270 | Correct: 83/128 | Elapsed Time: 12.88s
2026-02-10 04:49:38,959 | INFO | Batch 140 | Loss: 0.8974 | Correct: 87/128 | Elapsed Time: 12.90s
2026-02-10 04:49:51,713 | INFO | Batch 150 | Loss: 1.0386 | Correct: 87/128 | Elapsed Time: 12.75s
2026-02-10 04:50:04,689 | INFO | Batch 160 | Loss: 0.9270 | Correct: 91/128 | Elapsed Time: 12.98s
2026-02-10 04:50:17,543 | INFO | Batch 170 | Loss: 0.9892 | Correct: 88/128 | Elapsed Time: 12.85s
2026-02-10 04:50:30,304 | INFO | Batch 180 | Loss: 0.9022 | Correct: 95/128 | Elapsed Time: 12.76s
2026-02-10 04:50:43,156 | INFO | Batch 190 | Loss: 0.8640 | Correct: 92/128 | Elapsed Time: 12.85s
2026-02-10 04:50:55,998 | INFO | Batch 200 | Loss: 1.0556 | Correct: 88/128 | Elapsed Time: 12.84s
2026-02-10 04:51:08,778 | INFO | Batch 210 | Loss: 1.0499 | Correct: 83/128 | Elapsed Time: 12.78s
2026-02-10 04:51:21,652 | INFO | Batch 220 | Loss: 0.7753 | Correct: 91/128 | Elapsed Time: 12.87s
2026-02-10 04:51:34,544 | INFO | Batch 230 | Loss: 0.8229 | Correct: 89/128 | Elapsed Time: 12.89s
2026-02-10 04:51:47,290 | INFO | Batch 240 | Loss: 0.9576 | Correct: 84/128 | Elapsed Time: 12.75s
2026-02-10 04:52:00,154 | INFO | Batch 250 | Loss: 1.0274 | Correct: 85/128 | Elapsed Time: 12.86s
2026-02-10 04:52:13,089 | INFO | Batch 260 | Loss: 0.8229 | Correct: 90/128 | Elapsed Time: 12.93s
2026-02-10 04:52:25,868 | INFO | Batch 270 | Loss: 0.8455 | Correct: 89/128 | Elapsed Time: 12.78s
2026-02-10 04:52:38,724 | INFO | Batch 280 | Loss: 0.9839 | Correct: 84/128 | Elapsed Time: 12.86s
2026-02-10 04:52:51,590 | INFO | Batch 290 | Loss: 0.8318 | Correct: 88/128 | Elapsed Time: 12.87s
2026-02-10 04:53:04,824 | INFO | Batch 300 | Loss: 0.9576 | Correct: 87/128 | Elapsed Time: 13.23s
2026-02-10 04:53:17,630 | INFO | Batch 310 | Loss: 0.9170 | Correct: 88/128 | Elapsed Time: 12.81s
2026-02-10 04:53:30,508 | INFO | Batch 320 | Loss: 0.9022 | Correct: 83/128 | Elapsed Time: 12.88s
2026-02-10 04:53:43,395 | INFO | Batch 330 | Loss: 0.9576 | Correct: 85/128 | Elapsed Time: 12.89s
2026-02-10 04:53:56,148 | INFO | Batch 340 | Loss: 0.9524 | Correct: 87/128 | Elapsed Time: 12.75s
2026-02-10 04:54:09,020 | INFO | Batch 350 | Loss: 1.0556 | Correct: 78/128 | Elapsed Time: 12.87s
2026-02-10 04:54:21,900 | INFO | Batch 360 | Loss: 1.0274 | Correct: 78/128 | Elapsed Time: 12.88s
2026-02-10 04:54:34,707 | INFO | Batch 370 | Loss: 0.9839 | Correct: 83/128 | Elapsed Time: 12.81s
2026-02-10 04:54:47,598 | INFO | Batch 380 | Loss: 0.9839 | Correct: 82/128 | Elapsed Time: 12.89s
2026-02-10 04:55:00,437 | INFO | Batch 390 | Loss: 0.8409 | Correct: 88/128 | Elapsed Time: 12.84s
2026-02-10 04:55:01,452 | INFO | Epoch [36/100] - Loss: 0.8901 | Correct: 34106/50000 (68.21%, 502.34s)
2026-02-10 04:55:46,944 | INFO | Validation - Loss: 0.9224 | Correct: 6749/10000 (67.49%) (45.49s)
2026-02-10 04:55:59,673 | INFO | Batch 10 | Loss: 0.9270 | Correct: 83/128 | Elapsed Time: 12.73s
2026-02-10 04:56:12,572 | INFO | Batch 20 | Loss: 0.7711 | Correct: 92/128 | Elapsed Time: 12.90s
2026-02-10 04:56:25,406 | INFO | Batch 30 | Loss: 1.0499 | Correct: 79/128 | Elapsed Time: 12.83s
2026-02-10 04:56:38,237 | INFO | Batch 40 | Loss: 0.8974 | Correct: 94/128 | Elapsed Time: 12.83s
2026-02-10 04:56:50,931 | INFO | Batch 50 | Loss: 0.7071 | Correct: 98/128 | Elapsed Time: 12.69s
2026-02-10 04:57:03,753 | INFO | Batch 60 | Loss: 0.7344 | Correct: 96/128 | Elapsed Time: 12.82s
2026-02-10 04:57:16,572 | INFO | Batch 70 | Loss: 0.8829 | Correct: 86/128 | Elapsed Time: 12.82s
2026-02-10 04:57:29,272 | INFO | Batch 80 | Loss: 0.9022 | Correct: 96/128 | Elapsed Time: 12.70s
2026-02-10 04:57:42,139 | INFO | Batch 90 | Loss: 0.7923 | Correct: 93/128 | Elapsed Time: 12.87s
2026-02-10 04:57:55,042 | INFO | Batch 100 | Loss: 0.8925 | Correct: 86/128 | Elapsed Time: 12.90s
2026-02-10 04:58:07,967 | INFO | Batch 110 | Loss: 0.8096 | Correct: 92/128 | Elapsed Time: 12.93s
2026-02-10 04:58:20,837 | INFO | Batch 120 | Loss: 0.9473 | Correct: 80/128 | Elapsed Time: 12.87s
2026-02-10 04:58:33,665 | INFO | Batch 130 | Loss: 0.9422 | Correct: 89/128 | Elapsed Time: 12.83s
2026-02-10 04:58:46,388 | INFO | Batch 140 | Loss: 1.0729 | Correct: 80/128 | Elapsed Time: 12.72s
2026-02-10 04:58:59,247 | INFO | Batch 150 | Loss: 1.0164 | Correct: 84/128 | Elapsed Time: 12.86s
2026-02-10 04:59:12,116 | INFO | Batch 160 | Loss: 1.0386 | Correct: 84/128 | Elapsed Time: 12.87s
2026-02-10 04:59:24,856 | INFO | Batch 170 | Loss: 1.0499 | Correct: 79/128 | Elapsed Time: 12.74s
2026-02-10 04:59:37,747 | INFO | Batch 180 | Loss: 0.9576 | Correct: 84/128 | Elapsed Time: 12.89s
2026-02-10 04:59:50,666 | INFO | Batch 190 | Loss: 0.9170 | Correct: 85/128 | Elapsed Time: 12.92s
2026-02-10 05:00:03,447 | INFO | Batch 200 | Loss: 0.9946 | Correct: 82/128 | Elapsed Time: 12.78s
2026-02-10 05:00:16,271 | INFO | Batch 210 | Loss: 0.7711 | Correct: 96/128 | Elapsed Time: 12.82s
2026-02-10 05:00:29,141 | INFO | Batch 220 | Loss: 0.8364 | Correct: 91/128 | Elapsed Time: 12.87s
2026-02-10 05:00:41,918 | INFO | Batch 230 | Loss: 0.9220 | Correct: 88/128 | Elapsed Time: 12.78s
2026-02-10 05:00:54,822 | INFO | Batch 240 | Loss: 0.7628 | Correct: 95/128 | Elapsed Time: 12.90s
2026-02-10 05:01:07,724 | INFO | Batch 250 | Loss: 0.7033 | Correct: 99/128 | Elapsed Time: 12.90s
2026-02-10 05:01:20,570 | INFO | Batch 260 | Loss: 0.8364 | Correct: 85/128 | Elapsed Time: 12.85s
2026-02-10 05:01:33,292 | INFO | Batch 270 | Loss: 0.8052 | Correct: 91/128 | Elapsed Time: 12.72s
2026-02-10 05:01:46,099 | INFO | Batch 280 | Loss: 0.8925 | Correct: 86/128 | Elapsed Time: 12.81s
2026-02-10 05:01:58,973 | INFO | Batch 290 | Loss: 0.9220 | Correct: 83/128 | Elapsed Time: 12.87s
2026-02-10 05:02:11,798 | INFO | Batch 300 | Loss: 1.0109 | Correct: 85/128 | Elapsed Time: 12.82s
2026-02-10 05:02:24,658 | INFO | Batch 310 | Loss: 0.8829 | Correct: 91/128 | Elapsed Time: 12.86s
2026-02-10 05:02:37,532 | INFO | Batch 320 | Loss: 0.7753 | Correct: 94/128 | Elapsed Time: 12.87s
2026-02-10 05:02:50,310 | INFO | Batch 330 | Loss: 0.8409 | Correct: 92/128 | Elapsed Time: 12.78s
2026-02-10 05:03:03,468 | INFO | Batch 340 | Loss: 0.8009 | Correct: 88/128 | Elapsed Time: 13.16s
2026-02-10 05:03:16,401 | INFO | Batch 350 | Loss: 0.8273 | Correct: 85/128 | Elapsed Time: 12.93s
2026-02-10 05:03:29,153 | INFO | Batch 360 | Loss: 0.8096 | Correct: 94/128 | Elapsed Time: 12.75s
2026-02-10 05:03:42,007 | INFO | Batch 370 | Loss: 0.9170 | Correct: 85/128 | Elapsed Time: 12.85s
2026-02-10 05:03:54,904 | INFO | Batch 380 | Loss: 0.7465 | Correct: 88/128 | Elapsed Time: 12.90s
2026-02-10 05:04:07,648 | INFO | Batch 390 | Loss: 0.8687 | Correct: 86/128 | Elapsed Time: 12.74s
2026-02-10 05:04:08,660 | INFO | Epoch [37/100] - Loss: 0.8675 | Correct: 34637/50000 (69.27%, 501.71s)
2026-02-10 05:04:54,020 | INFO | Validation - Loss: 0.9114 | Correct: 6801/10000 (68.01%) (45.36s)
2026-02-10 05:04:54,138 | INFO | New best model saved at epoch 37 with Top1 Acc: 68.01%
2026-02-10 05:05:07,034 | INFO | Batch 10 | Loss: 0.7148 | Correct: 95/128 | Elapsed Time: 12.90s
2026-02-10 05:05:19,857 | INFO | Batch 20 | Loss: 0.8009 | Correct: 94/128 | Elapsed Time: 12.82s
2026-02-10 05:05:32,605 | INFO | Batch 30 | Loss: 0.8052 | Correct: 88/128 | Elapsed Time: 12.75s
2026-02-10 05:05:45,443 | INFO | Batch 40 | Loss: 0.8687 | Correct: 87/128 | Elapsed Time: 12.84s
2026-02-10 05:05:58,326 | INFO | Batch 50 | Loss: 0.8687 | Correct: 92/128 | Elapsed Time: 12.88s
2026-02-10 05:06:11,100 | INFO | Batch 60 | Loss: 0.8687 | Correct: 88/128 | Elapsed Time: 12.77s
2026-02-10 05:06:23,954 | INFO | Batch 70 | Loss: 0.9786 | Correct: 81/128 | Elapsed Time: 12.85s
2026-02-10 05:06:36,747 | INFO | Batch 80 | Loss: 0.8593 | Correct: 84/128 | Elapsed Time: 12.79s
2026-02-10 05:06:49,580 | INFO | Batch 90 | Loss: 0.7837 | Correct: 87/128 | Elapsed Time: 12.83s
2026-02-10 05:07:02,302 | INFO | Batch 100 | Loss: 1.1265 | Correct: 83/128 | Elapsed Time: 12.72s
2026-02-10 05:07:15,113 | INFO | Batch 110 | Loss: 0.7546 | Correct: 87/128 | Elapsed Time: 12.81s
2026-02-10 05:07:27,935 | INFO | Batch 120 | Loss: 0.9170 | Correct: 88/128 | Elapsed Time: 12.82s
2026-02-10 05:07:40,641 | INFO | Batch 130 | Loss: 0.7753 | Correct: 90/128 | Elapsed Time: 12.71s
2026-02-10 05:07:53,527 | INFO | Batch 140 | Loss: 0.8974 | Correct: 93/128 | Elapsed Time: 12.89s
2026-02-10 05:08:06,437 | INFO | Batch 150 | Loss: 0.7187 | Correct: 93/128 | Elapsed Time: 12.91s
2026-02-10 05:08:19,161 | INFO | Batch 160 | Loss: 0.8364 | Correct: 92/128 | Elapsed Time: 12.72s
2026-02-10 05:08:31,986 | INFO | Batch 170 | Loss: 0.8409 | Correct: 89/128 | Elapsed Time: 12.82s
2026-02-10 05:08:44,809 | INFO | Batch 180 | Loss: 0.7966 | Correct: 91/128 | Elapsed Time: 12.82s
2026-02-10 05:08:57,565 | INFO | Batch 190 | Loss: 0.9170 | Correct: 86/128 | Elapsed Time: 12.76s
2026-02-10 05:09:10,474 | INFO | Batch 200 | Loss: 0.9320 | Correct: 87/128 | Elapsed Time: 12.91s
2026-02-10 05:09:23,299 | INFO | Batch 210 | Loss: 0.9892 | Correct: 77/128 | Elapsed Time: 12.83s
2026-02-10 05:09:36,052 | INFO | Batch 220 | Loss: 0.8781 | Correct: 88/128 | Elapsed Time: 12.75s
2026-02-10 05:09:48,925 | INFO | Batch 230 | Loss: 0.8734 | Correct: 80/128 | Elapsed Time: 12.87s
2026-02-10 05:10:01,772 | INFO | Batch 240 | Loss: 1.1637 | Correct: 79/128 | Elapsed Time: 12.85s
2026-02-10 05:10:14,531 | INFO | Batch 250 | Loss: 0.9680 | Correct: 86/128 | Elapsed Time: 12.76s
2026-02-10 05:10:27,359 | INFO | Batch 260 | Loss: 0.8184 | Correct: 91/128 | Elapsed Time: 12.83s
2026-02-10 05:10:40,156 | INFO | Batch 270 | Loss: 0.9946 | Correct: 80/128 | Elapsed Time: 12.80s
2026-02-10 05:10:52,889 | INFO | Batch 280 | Loss: 0.8009 | Correct: 92/128 | Elapsed Time: 12.73s
2026-02-10 05:11:05,792 | INFO | Batch 290 | Loss: 0.9733 | Correct: 82/128 | Elapsed Time: 12.90s
2026-02-10 05:11:18,607 | INFO | Batch 300 | Loss: 0.9524 | Correct: 84/128 | Elapsed Time: 12.82s
2026-02-10 05:11:31,322 | INFO | Batch 310 | Loss: 0.9422 | Correct: 83/128 | Elapsed Time: 12.72s
2026-02-10 05:11:44,118 | INFO | Batch 320 | Loss: 0.9071 | Correct: 77/128 | Elapsed Time: 12.80s
2026-02-10 05:11:56,970 | INFO | Batch 330 | Loss: 0.9786 | Correct: 85/128 | Elapsed Time: 12.85s
2026-02-10 05:12:09,722 | INFO | Batch 340 | Loss: 0.9576 | Correct: 77/128 | Elapsed Time: 12.75s
2026-02-10 05:12:22,485 | INFO | Batch 350 | Loss: 1.0054 | Correct: 86/128 | Elapsed Time: 12.76s
2026-02-10 05:12:35,252 | INFO | Batch 360 | Loss: 0.8547 | Correct: 85/128 | Elapsed Time: 12.77s
2026-02-10 05:12:47,953 | INFO | Batch 370 | Loss: 0.9786 | Correct: 86/128 | Elapsed Time: 12.70s
2026-02-10 05:13:00,926 | INFO | Batch 380 | Loss: 0.8318 | Correct: 84/128 | Elapsed Time: 12.97s
2026-02-10 05:13:14,092 | INFO | Batch 390 | Loss: 0.8455 | Correct: 88/128 | Elapsed Time: 13.17s
2026-02-10 05:13:15,117 | INFO | Epoch [38/100] - Loss: 0.8649 | Correct: 34471/50000 (68.94%, 500.98s)
2026-02-10 05:14:00,512 | INFO | Validation - Loss: 0.9252 | Correct: 6707/10000 (67.07%) (45.39s)
2026-02-10 05:14:13,541 | INFO | Batch 10 | Loss: 0.8364 | Correct: 85/128 | Elapsed Time: 13.03s
2026-02-10 05:14:26,260 | INFO | Batch 20 | Loss: 0.8009 | Correct: 90/128 | Elapsed Time: 12.72s
2026-02-10 05:14:39,073 | INFO | Batch 30 | Loss: 0.7505 | Correct: 89/128 | Elapsed Time: 12.81s
2026-02-10 05:14:51,851 | INFO | Batch 40 | Loss: 0.9220 | Correct: 83/128 | Elapsed Time: 12.78s
2026-02-10 05:15:04,636 | INFO | Batch 50 | Loss: 0.7265 | Correct: 93/128 | Elapsed Time: 12.78s
2026-02-10 05:15:17,462 | INFO | Batch 60 | Loss: 0.8974 | Correct: 88/128 | Elapsed Time: 12.83s
2026-02-10 05:15:30,300 | INFO | Batch 70 | Loss: 0.7966 | Correct: 91/128 | Elapsed Time: 12.84s
2026-02-10 05:15:43,054 | INFO | Batch 80 | Loss: 0.7753 | Correct: 101/128 | Elapsed Time: 12.75s
2026-02-10 05:15:55,960 | INFO | Batch 90 | Loss: 0.9576 | Correct: 83/128 | Elapsed Time: 12.91s
2026-02-10 05:16:08,895 | INFO | Batch 100 | Loss: 0.8781 | Correct: 91/128 | Elapsed Time: 12.94s
2026-02-10 05:16:21,603 | INFO | Batch 110 | Loss: 0.9071 | Correct: 87/128 | Elapsed Time: 12.71s
2026-02-10 05:16:34,434 | INFO | Batch 120 | Loss: 0.8734 | Correct: 85/128 | Elapsed Time: 12.83s
2026-02-10 05:16:47,226 | INFO | Batch 130 | Loss: 0.7226 | Correct: 93/128 | Elapsed Time: 12.79s
2026-02-10 05:17:00,054 | INFO | Batch 140 | Loss: 0.8640 | Correct: 87/128 | Elapsed Time: 12.83s
2026-02-10 05:17:12,884 | INFO | Batch 150 | Loss: 1.0443 | Correct: 81/128 | Elapsed Time: 12.83s
2026-02-10 05:17:25,804 | INFO | Batch 160 | Loss: 0.9220 | Correct: 90/128 | Elapsed Time: 12.92s
2026-02-10 05:17:38,680 | INFO | Batch 170 | Loss: 0.7148 | Correct: 98/128 | Elapsed Time: 12.88s
2026-02-10 05:17:51,482 | INFO | Batch 180 | Loss: 0.7923 | Correct: 89/128 | Elapsed Time: 12.80s
2026-02-10 05:18:04,354 | INFO | Batch 190 | Loss: 0.8052 | Correct: 94/128 | Elapsed Time: 12.87s
2026-02-10 05:18:17,262 | INFO | Batch 200 | Loss: 0.8687 | Correct: 91/128 | Elapsed Time: 12.91s
2026-02-10 05:18:30,069 | INFO | Batch 210 | Loss: 0.9473 | Correct: 83/128 | Elapsed Time: 12.81s
2026-02-10 05:18:42,956 | INFO | Batch 220 | Loss: 0.8640 | Correct: 90/128 | Elapsed Time: 12.89s
2026-02-10 05:18:55,827 | INFO | Batch 230 | Loss: 0.8318 | Correct: 89/128 | Elapsed Time: 12.87s
2026-02-10 05:19:08,613 | INFO | Batch 240 | Loss: 0.9473 | Correct: 88/128 | Elapsed Time: 12.79s
2026-02-10 05:19:21,400 | INFO | Batch 250 | Loss: 0.9371 | Correct: 90/128 | Elapsed Time: 12.79s
2026-02-10 05:19:34,185 | INFO | Batch 260 | Loss: 0.8640 | Correct: 87/128 | Elapsed Time: 12.79s
2026-02-10 05:19:46,842 | INFO | Batch 270 | Loss: 0.8052 | Correct: 93/128 | Elapsed Time: 12.66s
2026-02-10 05:19:59,682 | INFO | Batch 280 | Loss: 0.7711 | Correct: 97/128 | Elapsed Time: 12.84s
2026-02-10 05:20:12,634 | INFO | Batch 290 | Loss: 0.9473 | Correct: 85/128 | Elapsed Time: 12.95s
2026-02-10 05:20:25,373 | INFO | Batch 300 | Loss: 0.7587 | Correct: 89/128 | Elapsed Time: 12.74s
2026-02-10 05:20:38,233 | INFO | Batch 310 | Loss: 0.7923 | Correct: 88/128 | Elapsed Time: 12.86s
2026-02-10 05:20:51,057 | INFO | Batch 320 | Loss: 0.9071 | Correct: 89/128 | Elapsed Time: 12.82s
2026-02-10 05:21:03,799 | INFO | Batch 330 | Loss: 0.7148 | Correct: 91/128 | Elapsed Time: 12.74s
2026-02-10 05:21:16,638 | INFO | Batch 340 | Loss: 0.8501 | Correct: 94/128 | Elapsed Time: 12.84s
2026-02-10 05:21:29,492 | INFO | Batch 350 | Loss: 0.6845 | Correct: 93/128 | Elapsed Time: 12.85s
2026-02-10 05:21:42,232 | INFO | Batch 360 | Loss: 0.7033 | Correct: 94/128 | Elapsed Time: 12.74s
2026-02-10 05:21:55,123 | INFO | Batch 370 | Loss: 0.9524 | Correct: 84/128 | Elapsed Time: 12.89s
2026-02-10 05:22:08,015 | INFO | Batch 380 | Loss: 0.8877 | Correct: 89/128 | Elapsed Time: 12.89s
2026-02-10 05:22:20,793 | INFO | Batch 390 | Loss: 0.6555 | Correct: 94/128 | Elapsed Time: 12.78s
2026-02-10 05:22:21,923 | INFO | Epoch [39/100] - Loss: 0.8547 | Correct: 34781/50000 (69.56%, 501.41s)
2026-02-10 05:23:07,966 | INFO | Validation - Loss: 0.9204 | Correct: 6794/10000 (67.94%) (46.04s)
2026-02-10 05:23:20,733 | INFO | Batch 10 | Loss: 0.9170 | Correct: 86/128 | Elapsed Time: 12.76s
2026-02-10 05:23:33,584 | INFO | Batch 20 | Loss: 0.7669 | Correct: 92/128 | Elapsed Time: 12.85s
2026-02-10 05:23:46,462 | INFO | Batch 30 | Loss: 0.9022 | Correct: 90/128 | Elapsed Time: 12.88s
2026-02-10 05:23:59,232 | INFO | Batch 40 | Loss: 0.8364 | Correct: 89/128 | Elapsed Time: 12.77s
2026-02-10 05:24:12,165 | INFO | Batch 50 | Loss: 0.7966 | Correct: 97/128 | Elapsed Time: 12.93s
2026-02-10 05:24:25,084 | INFO | Batch 60 | Loss: 0.8829 | Correct: 79/128 | Elapsed Time: 12.92s
2026-02-10 05:24:37,821 | INFO | Batch 70 | Loss: 0.8364 | Correct: 86/128 | Elapsed Time: 12.74s
2026-02-10 05:24:50,689 | INFO | Batch 80 | Loss: 0.7711 | Correct: 90/128 | Elapsed Time: 12.87s
2026-02-10 05:25:03,500 | INFO | Batch 90 | Loss: 0.7669 | Correct: 95/128 | Elapsed Time: 12.81s
2026-02-10 05:25:16,195 | INFO | Batch 100 | Loss: 0.8547 | Correct: 90/128 | Elapsed Time: 12.69s
2026-02-10 05:25:29,014 | INFO | Batch 110 | Loss: 0.7587 | Correct: 91/128 | Elapsed Time: 12.82s
2026-02-10 05:25:41,859 | INFO | Batch 120 | Loss: 0.9371 | Correct: 84/128 | Elapsed Time: 12.85s
2026-02-10 05:25:54,611 | INFO | Batch 130 | Loss: 0.7669 | Correct: 93/128 | Elapsed Time: 12.75s
2026-02-10 05:26:07,463 | INFO | Batch 140 | Loss: 1.0386 | Correct: 82/128 | Elapsed Time: 12.85s
2026-02-10 05:26:20,312 | INFO | Batch 150 | Loss: 0.8734 | Correct: 87/128 | Elapsed Time: 12.85s
2026-02-10 05:26:33,231 | INFO | Batch 160 | Loss: 0.8974 | Correct: 88/128 | Elapsed Time: 12.92s
2026-02-10 05:26:45,947 | INFO | Batch 170 | Loss: 0.9946 | Correct: 83/128 | Elapsed Time: 12.72s
2026-02-10 05:26:58,754 | INFO | Batch 180 | Loss: 0.8687 | Correct: 84/128 | Elapsed Time: 12.81s
2026-02-10 05:27:11,579 | INFO | Batch 190 | Loss: 0.8318 | Correct: 87/128 | Elapsed Time: 12.82s
2026-02-10 05:27:24,374 | INFO | Batch 200 | Loss: 0.7033 | Correct: 98/128 | Elapsed Time: 12.80s
2026-02-10 05:27:37,252 | INFO | Batch 210 | Loss: 0.9270 | Correct: 85/128 | Elapsed Time: 12.88s
2026-02-10 05:27:50,029 | INFO | Batch 220 | Loss: 0.7628 | Correct: 90/128 | Elapsed Time: 12.78s
2026-02-10 05:28:02,889 | INFO | Batch 230 | Loss: 0.8184 | Correct: 90/128 | Elapsed Time: 12.86s
2026-02-10 05:28:15,741 | INFO | Batch 240 | Loss: 0.7880 | Correct: 92/128 | Elapsed Time: 12.85s
2026-02-10 05:28:28,575 | INFO | Batch 250 | Loss: 0.8734 | Correct: 94/128 | Elapsed Time: 12.83s
2026-02-10 05:28:41,343 | INFO | Batch 260 | Loss: 0.9839 | Correct: 73/128 | Elapsed Time: 12.77s
2026-02-10 05:28:54,178 | INFO | Batch 270 | Loss: 0.8455 | Correct: 88/128 | Elapsed Time: 12.84s
2026-02-10 05:29:07,060 | INFO | Batch 280 | Loss: 0.8409 | Correct: 91/128 | Elapsed Time: 12.88s
2026-02-10 05:29:19,718 | INFO | Batch 290 | Loss: 0.8501 | Correct: 86/128 | Elapsed Time: 12.66s
2026-02-10 05:29:32,528 | INFO | Batch 300 | Loss: 0.9628 | Correct: 83/128 | Elapsed Time: 12.81s
2026-02-10 05:29:45,337 | INFO | Batch 310 | Loss: 0.7711 | Correct: 95/128 | Elapsed Time: 12.81s
2026-02-10 05:29:58,041 | INFO | Batch 320 | Loss: 0.7628 | Correct: 93/128 | Elapsed Time: 12.70s
2026-02-10 05:30:10,947 | INFO | Batch 330 | Loss: 0.8455 | Correct: 91/128 | Elapsed Time: 12.91s
2026-02-10 05:30:23,787 | INFO | Batch 340 | Loss: 0.8501 | Correct: 91/128 | Elapsed Time: 12.84s
2026-02-10 05:30:36,536 | INFO | Batch 350 | Loss: 0.6519 | Correct: 98/128 | Elapsed Time: 12.75s
2026-02-10 05:30:49,393 | INFO | Batch 360 | Loss: 0.8184 | Correct: 89/128 | Elapsed Time: 12.86s
2026-02-10 05:31:02,220 | INFO | Batch 370 | Loss: 0.8052 | Correct: 95/128 | Elapsed Time: 12.83s
2026-02-10 05:31:15,016 | INFO | Batch 380 | Loss: 0.9786 | Correct: 87/128 | Elapsed Time: 12.80s
2026-02-10 05:31:27,892 | INFO | Batch 390 | Loss: 0.9839 | Correct: 88/128 | Elapsed Time: 12.88s
2026-02-10 05:31:28,912 | INFO | Epoch [40/100] - Loss: 0.8451 | Correct: 34961/50000 (69.92%, 500.94s)
2026-02-10 05:32:14,367 | INFO | Validation - Loss: 0.9129 | Correct: 6794/10000 (67.94%) (45.45s)
2026-02-10 05:32:27,211 | INFO | Batch 10 | Loss: 0.8687 | Correct: 89/128 | Elapsed Time: 12.84s
2026-02-10 05:32:40,072 | INFO | Batch 20 | Loss: 0.9371 | Correct: 88/128 | Elapsed Time: 12.86s
2026-02-10 05:32:52,863 | INFO | Batch 30 | Loss: 0.7966 | Correct: 89/128 | Elapsed Time: 12.79s
2026-02-10 05:33:06,153 | INFO | Batch 40 | Loss: 0.7465 | Correct: 95/128 | Elapsed Time: 13.29s
2026-02-10 05:33:19,048 | INFO | Batch 50 | Loss: 0.8687 | Correct: 89/128 | Elapsed Time: 12.90s
2026-02-10 05:33:31,878 | INFO | Batch 60 | Loss: 0.7109 | Correct: 95/128 | Elapsed Time: 12.83s
2026-02-10 05:33:44,772 | INFO | Batch 70 | Loss: 0.9892 | Correct: 88/128 | Elapsed Time: 12.89s
2026-02-10 05:33:57,734 | INFO | Batch 80 | Loss: 0.8877 | Correct: 86/128 | Elapsed Time: 12.96s
2026-02-10 05:34:10,609 | INFO | Batch 90 | Loss: 0.8409 | Correct: 93/128 | Elapsed Time: 12.87s
2026-02-10 05:34:23,573 | INFO | Batch 100 | Loss: 0.9946 | Correct: 81/128 | Elapsed Time: 12.96s
2026-02-10 05:34:36,546 | INFO | Batch 110 | Loss: 0.8184 | Correct: 93/128 | Elapsed Time: 12.97s
2026-02-10 05:34:49,421 | INFO | Batch 120 | Loss: 0.7109 | Correct: 94/128 | Elapsed Time: 12.87s
2026-02-10 05:35:02,427 | INFO | Batch 130 | Loss: 1.0386 | Correct: 88/128 | Elapsed Time: 13.01s
2026-02-10 05:35:15,431 | INFO | Batch 140 | Loss: 0.7880 | Correct: 92/128 | Elapsed Time: 13.00s
2026-02-10 05:35:28,321 | INFO | Batch 150 | Loss: 0.8184 | Correct: 90/128 | Elapsed Time: 12.89s
2026-02-10 05:35:41,274 | INFO | Batch 160 | Loss: 0.9371 | Correct: 84/128 | Elapsed Time: 12.95s
2026-02-10 05:35:54,170 | INFO | Batch 170 | Loss: 0.7837 | Correct: 93/128 | Elapsed Time: 12.90s
2026-02-10 05:36:07,030 | INFO | Batch 180 | Loss: 0.7923 | Correct: 88/128 | Elapsed Time: 12.86s
2026-02-10 05:36:19,944 | INFO | Batch 190 | Loss: 0.8052 | Correct: 87/128 | Elapsed Time: 12.91s
2026-02-10 05:36:32,820 | INFO | Batch 200 | Loss: 0.8640 | Correct: 88/128 | Elapsed Time: 12.88s
2026-02-10 05:36:45,696 | INFO | Batch 210 | Loss: 0.8409 | Correct: 91/128 | Elapsed Time: 12.88s
2026-02-10 05:36:58,500 | INFO | Batch 220 | Loss: 0.8318 | Correct: 93/128 | Elapsed Time: 12.80s
2026-02-10 05:37:11,420 | INFO | Batch 230 | Loss: 0.9022 | Correct: 92/128 | Elapsed Time: 12.92s
2026-02-10 05:37:24,343 | INFO | Batch 240 | Loss: 0.8009 | Correct: 86/128 | Elapsed Time: 12.92s
2026-02-10 05:37:37,162 | INFO | Batch 250 | Loss: 0.8455 | Correct: 86/128 | Elapsed Time: 12.82s
2026-02-10 05:37:50,091 | INFO | Batch 260 | Loss: 0.7033 | Correct: 94/128 | Elapsed Time: 12.93s
2026-02-10 05:38:03,010 | INFO | Batch 270 | Loss: 0.7465 | Correct: 95/128 | Elapsed Time: 12.92s
2026-02-10 05:38:15,827 | INFO | Batch 280 | Loss: 0.7505 | Correct: 93/128 | Elapsed Time: 12.82s
2026-02-10 05:38:28,720 | INFO | Batch 290 | Loss: 0.8925 | Correct: 85/128 | Elapsed Time: 12.89s
2026-02-10 05:38:41,658 | INFO | Batch 300 | Loss: 0.8547 | Correct: 85/128 | Elapsed Time: 12.94s
2026-02-10 05:38:54,431 | INFO | Batch 310 | Loss: 1.0499 | Correct: 77/128 | Elapsed Time: 12.77s
2026-02-10 05:39:07,367 | INFO | Batch 320 | Loss: 0.9170 | Correct: 88/128 | Elapsed Time: 12.94s
2026-02-10 05:39:20,252 | INFO | Batch 330 | Loss: 0.7966 | Correct: 94/128 | Elapsed Time: 12.89s
2026-02-10 05:39:33,042 | INFO | Batch 340 | Loss: 0.7795 | Correct: 91/128 | Elapsed Time: 12.79s
2026-02-10 05:39:45,911 | INFO | Batch 350 | Loss: 0.7109 | Correct: 95/128 | Elapsed Time: 12.87s
2026-02-10 05:39:58,749 | INFO | Batch 360 | Loss: 0.8640 | Correct: 88/128 | Elapsed Time: 12.84s
2026-02-10 05:40:11,531 | INFO | Batch 370 | Loss: 0.8455 | Correct: 92/128 | Elapsed Time: 12.78s
2026-02-10 05:40:24,338 | INFO | Batch 380 | Loss: 0.7226 | Correct: 97/128 | Elapsed Time: 12.81s
2026-02-10 05:40:37,181 | INFO | Batch 390 | Loss: 0.8318 | Correct: 92/128 | Elapsed Time: 12.84s
2026-02-10 05:40:38,197 | INFO | Epoch [41/100] - Loss: 0.8417 | Correct: 35010/50000 (70.02%, 503.83s)
2026-02-10 05:41:23,656 | INFO | Validation - Loss: 0.9120 | Correct: 6763/10000 (67.63%) (45.46s)
2026-02-10 05:41:36,524 | INFO | Batch 10 | Loss: 0.8974 | Correct: 88/128 | Elapsed Time: 12.87s
2026-02-10 05:41:49,252 | INFO | Batch 20 | Loss: 0.8640 | Correct: 87/128 | Elapsed Time: 12.73s
2026-02-10 05:42:02,054 | INFO | Batch 30 | Loss: 0.9371 | Correct: 88/128 | Elapsed Time: 12.80s
2026-02-10 05:42:14,935 | INFO | Batch 40 | Loss: 0.8501 | Correct: 92/128 | Elapsed Time: 12.88s
2026-02-10 05:42:27,663 | INFO | Batch 50 | Loss: 0.8318 | Correct: 91/128 | Elapsed Time: 12.73s
2026-02-10 05:42:40,507 | INFO | Batch 60 | Loss: 0.9786 | Correct: 82/128 | Elapsed Time: 12.84s
2026-02-10 05:42:53,361 | INFO | Batch 70 | Loss: 0.7344 | Correct: 93/128 | Elapsed Time: 12.85s
2026-02-10 05:43:06,688 | INFO | Batch 80 | Loss: 0.9576 | Correct: 86/128 | Elapsed Time: 13.33s
2026-02-10 05:43:19,618 | INFO | Batch 90 | Loss: 0.8829 | Correct: 83/128 | Elapsed Time: 12.93s
2026-02-10 05:43:32,503 | INFO | Batch 100 | Loss: 0.7465 | Correct: 90/128 | Elapsed Time: 12.88s
2026-02-10 05:43:45,296 | INFO | Batch 110 | Loss: 0.8877 | Correct: 89/128 | Elapsed Time: 12.79s
2026-02-10 05:43:58,107 | INFO | Batch 120 | Loss: 0.6345 | Correct: 95/128 | Elapsed Time: 12.81s
2026-02-10 05:44:10,989 | INFO | Batch 130 | Loss: 0.7344 | Correct: 92/128 | Elapsed Time: 12.88s
2026-02-10 05:44:23,766 | INFO | Batch 140 | Loss: 0.9371 | Correct: 86/128 | Elapsed Time: 12.78s
2026-02-10 05:44:36,611 | INFO | Batch 150 | Loss: 0.8009 | Correct: 90/128 | Elapsed Time: 12.84s
2026-02-10 05:44:49,416 | INFO | Batch 160 | Loss: 0.8781 | Correct: 90/128 | Elapsed Time: 12.80s
2026-02-10 05:45:02,201 | INFO | Batch 170 | Loss: 0.9786 | Correct: 88/128 | Elapsed Time: 12.79s
2026-02-10 05:45:15,027 | INFO | Batch 180 | Loss: 0.8593 | Correct: 87/128 | Elapsed Time: 12.83s
2026-02-10 05:45:27,845 | INFO | Batch 190 | Loss: 0.9839 | Correct: 88/128 | Elapsed Time: 12.82s
2026-02-10 05:45:40,562 | INFO | Batch 200 | Loss: 0.8687 | Correct: 90/128 | Elapsed Time: 12.72s
2026-02-10 05:45:53,405 | INFO | Batch 210 | Loss: 0.8273 | Correct: 89/128 | Elapsed Time: 12.84s
2026-02-10 05:46:06,292 | INFO | Batch 220 | Loss: 0.8052 | Correct: 91/128 | Elapsed Time: 12.89s
2026-02-10 05:46:19,111 | INFO | Batch 230 | Loss: 0.7711 | Correct: 91/128 | Elapsed Time: 12.82s
2026-02-10 05:46:31,833 | INFO | Batch 240 | Loss: 0.8184 | Correct: 92/128 | Elapsed Time: 12.72s
2026-02-10 05:46:44,631 | INFO | Batch 250 | Loss: 0.8925 | Correct: 89/128 | Elapsed Time: 12.80s
2026-02-10 05:46:57,435 | INFO | Batch 260 | Loss: 0.8318 | Correct: 84/128 | Elapsed Time: 12.80s
2026-02-10 05:47:10,236 | INFO | Batch 270 | Loss: 0.6808 | Correct: 93/128 | Elapsed Time: 12.80s
2026-02-10 05:47:23,084 | INFO | Batch 280 | Loss: 0.7795 | Correct: 90/128 | Elapsed Time: 12.85s
2026-02-10 05:47:35,933 | INFO | Batch 290 | Loss: 0.7880 | Correct: 97/128 | Elapsed Time: 12.85s
2026-02-10 05:47:48,674 | INFO | Batch 300 | Loss: 0.9270 | Correct: 90/128 | Elapsed Time: 12.74s
2026-02-10 05:48:01,532 | INFO | Batch 310 | Loss: 0.8140 | Correct: 91/128 | Elapsed Time: 12.86s
2026-02-10 05:48:14,462 | INFO | Batch 320 | Loss: 0.8455 | Correct: 89/128 | Elapsed Time: 12.93s
2026-02-10 05:48:27,207 | INFO | Batch 330 | Loss: 0.9371 | Correct: 80/128 | Elapsed Time: 12.74s
2026-02-10 05:48:40,020 | INFO | Batch 340 | Loss: 0.8501 | Correct: 87/128 | Elapsed Time: 12.81s
2026-02-10 05:48:52,804 | INFO | Batch 350 | Loss: 0.8184 | Correct: 91/128 | Elapsed Time: 12.78s
2026-02-10 05:49:05,637 | INFO | Batch 360 | Loss: 0.9371 | Correct: 86/128 | Elapsed Time: 12.83s
2026-02-10 05:49:18,487 | INFO | Batch 370 | Loss: 0.8974 | Correct: 86/128 | Elapsed Time: 12.85s
2026-02-10 05:49:31,347 | INFO | Batch 380 | Loss: 0.7587 | Correct: 97/128 | Elapsed Time: 12.86s
2026-02-10 05:49:44,079 | INFO | Batch 390 | Loss: 0.7837 | Correct: 93/128 | Elapsed Time: 12.73s
2026-02-10 05:49:45,102 | INFO | Epoch [42/100] - Loss: 0.8359 | Correct: 35137/50000 (70.27%, 501.44s)
2026-02-10 05:50:30,714 | INFO | Validation - Loss: 0.9309 | Correct: 6743/10000 (67.43%) (45.61s)
2026-02-10 05:50:43,404 | INFO | Batch 10 | Loss: 0.9892 | Correct: 84/128 | Elapsed Time: 12.69s
2026-02-10 05:50:56,261 | INFO | Batch 20 | Loss: 0.9320 | Correct: 83/128 | Elapsed Time: 12.86s
2026-02-10 05:51:09,150 | INFO | Batch 30 | Loss: 1.1084 | Correct: 77/128 | Elapsed Time: 12.89s
2026-02-10 05:51:21,899 | INFO | Batch 40 | Loss: 0.7587 | Correct: 94/128 | Elapsed Time: 12.75s
2026-02-10 05:51:34,763 | INFO | Batch 50 | Loss: 0.9022 | Correct: 87/128 | Elapsed Time: 12.86s
2026-02-10 05:51:47,618 | INFO | Batch 60 | Loss: 0.6698 | Correct: 100/128 | Elapsed Time: 12.85s
2026-02-10 05:52:00,402 | INFO | Batch 70 | Loss: 0.8877 | Correct: 86/128 | Elapsed Time: 12.78s
2026-02-10 05:52:13,268 | INFO | Batch 80 | Loss: 0.7226 | Correct: 99/128 | Elapsed Time: 12.87s
2026-02-10 05:52:26,068 | INFO | Batch 90 | Loss: 0.7669 | Correct: 92/128 | Elapsed Time: 12.80s
2026-02-10 05:52:38,783 | INFO | Batch 100 | Loss: 0.8273 | Correct: 92/128 | Elapsed Time: 12.72s
2026-02-10 05:52:51,579 | INFO | Batch 110 | Loss: 1.0000 | Correct: 80/128 | Elapsed Time: 12.80s
2026-02-10 05:53:04,817 | INFO | Batch 120 | Loss: 0.8052 | Correct: 92/128 | Elapsed Time: 13.24s
2026-02-10 05:53:17,524 | INFO | Batch 130 | Loss: 0.7669 | Correct: 92/128 | Elapsed Time: 12.71s
2026-02-10 05:53:30,334 | INFO | Batch 140 | Loss: 1.0671 | Correct: 83/128 | Elapsed Time: 12.81s
2026-02-10 05:53:43,162 | INFO | Batch 150 | Loss: 0.8455 | Correct: 87/128 | Elapsed Time: 12.83s
2026-02-10 05:53:55,891 | INFO | Batch 160 | Loss: 0.9270 | Correct: 84/128 | Elapsed Time: 12.73s
2026-02-10 05:54:08,751 | INFO | Batch 170 | Loss: 0.9121 | Correct: 88/128 | Elapsed Time: 12.86s
2026-02-10 05:54:21,501 | INFO | Batch 180 | Loss: 0.8184 | Correct: 95/128 | Elapsed Time: 12.75s
2026-02-10 05:54:34,252 | INFO | Batch 190 | Loss: 0.6142 | Correct: 100/128 | Elapsed Time: 12.75s
2026-02-10 05:54:47,151 | INFO | Batch 200 | Loss: 0.9576 | Correct: 85/128 | Elapsed Time: 12.90s
2026-02-10 05:55:00,062 | INFO | Batch 210 | Loss: 0.7795 | Correct: 93/128 | Elapsed Time: 12.91s
2026-02-10 05:55:13,031 | INFO | Batch 220 | Loss: 0.8364 | Correct: 91/128 | Elapsed Time: 12.97s
2026-02-10 05:55:25,754 | INFO | Batch 230 | Loss: 0.8501 | Correct: 95/128 | Elapsed Time: 12.72s
2026-02-10 05:55:38,659 | INFO | Batch 240 | Loss: 0.8318 | Correct: 89/128 | Elapsed Time: 12.91s
2026-02-10 05:55:51,530 | INFO | Batch 250 | Loss: 0.9473 | Correct: 83/128 | Elapsed Time: 12.87s
2026-02-10 05:56:04,352 | INFO | Batch 260 | Loss: 0.9220 | Correct: 90/128 | Elapsed Time: 12.82s
2026-02-10 05:56:17,223 | INFO | Batch 270 | Loss: 0.9270 | Correct: 90/128 | Elapsed Time: 12.87s
2026-02-10 05:56:30,073 | INFO | Batch 280 | Loss: 0.6662 | Correct: 94/128 | Elapsed Time: 12.85s
2026-02-10 05:56:42,861 | INFO | Batch 290 | Loss: 0.8096 | Correct: 89/128 | Elapsed Time: 12.79s
2026-02-10 05:56:55,708 | INFO | Batch 300 | Loss: 0.8501 | Correct: 91/128 | Elapsed Time: 12.85s
2026-02-10 05:57:08,709 | INFO | Batch 310 | Loss: 0.7711 | Correct: 87/128 | Elapsed Time: 13.00s
2026-02-10 05:57:21,472 | INFO | Batch 320 | Loss: 0.8318 | Correct: 89/128 | Elapsed Time: 12.76s
2026-02-10 05:57:34,301 | INFO | Batch 330 | Loss: 0.7795 | Correct: 92/128 | Elapsed Time: 12.83s
2026-02-10 05:57:47,163 | INFO | Batch 340 | Loss: 0.8877 | Correct: 89/128 | Elapsed Time: 12.86s
2026-02-10 05:57:59,913 | INFO | Batch 350 | Loss: 0.9422 | Correct: 86/128 | Elapsed Time: 12.75s
2026-02-10 05:58:12,864 | INFO | Batch 360 | Loss: 0.7711 | Correct: 89/128 | Elapsed Time: 12.95s
2026-02-10 05:58:25,722 | INFO | Batch 370 | Loss: 0.8877 | Correct: 89/128 | Elapsed Time: 12.86s
2026-02-10 05:58:38,487 | INFO | Batch 380 | Loss: 1.0499 | Correct: 82/128 | Elapsed Time: 12.77s
2026-02-10 05:58:51,322 | INFO | Batch 390 | Loss: 0.8096 | Correct: 91/128 | Elapsed Time: 12.83s
2026-02-10 05:58:52,344 | INFO | Epoch [43/100] - Loss: 0.8313 | Correct: 35228/50000 (70.46%, 501.63s)
2026-02-10 05:59:37,778 | INFO | Validation - Loss: 0.9136 | Correct: 6740/10000 (67.40%) (45.43s)
2026-02-10 05:59:50,636 | INFO | Batch 10 | Loss: 0.9121 | Correct: 95/128 | Elapsed Time: 12.86s
2026-02-10 06:00:03,590 | INFO | Batch 20 | Loss: 0.8409 | Correct: 88/128 | Elapsed Time: 12.95s
2026-02-10 06:00:16,345 | INFO | Batch 30 | Loss: 0.8009 | Correct: 93/128 | Elapsed Time: 12.75s
2026-02-10 06:00:29,221 | INFO | Batch 40 | Loss: 0.7265 | Correct: 99/128 | Elapsed Time: 12.88s
2026-02-10 06:00:42,063 | INFO | Batch 50 | Loss: 0.8140 | Correct: 94/128 | Elapsed Time: 12.84s
2026-02-10 06:00:54,810 | INFO | Batch 60 | Loss: 0.7505 | Correct: 95/128 | Elapsed Time: 12.75s
2026-02-10 06:01:07,724 | INFO | Batch 70 | Loss: 0.8318 | Correct: 89/128 | Elapsed Time: 12.91s
2026-02-10 06:01:20,572 | INFO | Batch 80 | Loss: 0.9170 | Correct: 90/128 | Elapsed Time: 12.85s
2026-02-10 06:01:33,312 | INFO | Batch 90 | Loss: 0.7628 | Correct: 85/128 | Elapsed Time: 12.74s
2026-02-10 06:01:46,172 | INFO | Batch 100 | Loss: 0.8318 | Correct: 90/128 | Elapsed Time: 12.86s
2026-02-10 06:01:59,015 | INFO | Batch 110 | Loss: 0.8273 | Correct: 93/128 | Elapsed Time: 12.84s
2026-02-10 06:02:11,768 | INFO | Batch 120 | Loss: 0.7384 | Correct: 99/128 | Elapsed Time: 12.75s
2026-02-10 06:02:24,531 | INFO | Batch 130 | Loss: 0.7669 | Correct: 90/128 | Elapsed Time: 12.76s
2026-02-10 06:02:37,376 | INFO | Batch 140 | Loss: 0.8877 | Correct: 84/128 | Elapsed Time: 12.84s
2026-02-10 06:02:50,094 | INFO | Batch 150 | Loss: 0.8829 | Correct: 87/128 | Elapsed Time: 12.72s
2026-02-10 06:03:03,429 | INFO | Batch 160 | Loss: 1.0164 | Correct: 87/128 | Elapsed Time: 13.34s
2026-02-10 06:03:16,363 | INFO | Batch 170 | Loss: 0.9022 | Correct: 88/128 | Elapsed Time: 12.93s
2026-02-10 06:03:29,115 | INFO | Batch 180 | Loss: 0.9371 | Correct: 93/128 | Elapsed Time: 12.75s
2026-02-10 06:03:41,939 | INFO | Batch 190 | Loss: 0.8687 | Correct: 88/128 | Elapsed Time: 12.82s
2026-02-10 06:03:54,763 | INFO | Batch 200 | Loss: 0.7265 | Correct: 95/128 | Elapsed Time: 12.82s
2026-02-10 06:04:07,560 | INFO | Batch 210 | Loss: 0.7505 | Correct: 86/128 | Elapsed Time: 12.80s
2026-02-10 06:04:20,472 | INFO | Batch 220 | Loss: 0.9786 | Correct: 80/128 | Elapsed Time: 12.91s
2026-02-10 06:04:33,319 | INFO | Batch 230 | Loss: 0.7384 | Correct: 91/128 | Elapsed Time: 12.85s
2026-02-10 06:04:46,025 | INFO | Batch 240 | Loss: 0.6995 | Correct: 92/128 | Elapsed Time: 12.71s
2026-02-10 06:04:58,905 | INFO | Batch 250 | Loss: 0.8593 | Correct: 88/128 | Elapsed Time: 12.88s
2026-02-10 06:05:11,895 | INFO | Batch 260 | Loss: 0.8052 | Correct: 93/128 | Elapsed Time: 12.99s
2026-02-10 06:05:24,702 | INFO | Batch 270 | Loss: 0.6662 | Correct: 96/128 | Elapsed Time: 12.81s
2026-02-10 06:05:37,607 | INFO | Batch 280 | Loss: 0.9839 | Correct: 84/128 | Elapsed Time: 12.91s
2026-02-10 06:05:50,452 | INFO | Batch 290 | Loss: 0.8096 | Correct: 94/128 | Elapsed Time: 12.84s
2026-02-10 06:06:03,436 | INFO | Batch 300 | Loss: 0.8096 | Correct: 92/128 | Elapsed Time: 12.98s
2026-02-10 06:06:16,204 | INFO | Batch 310 | Loss: 0.8547 | Correct: 85/128 | Elapsed Time: 12.77s
2026-02-10 06:06:29,063 | INFO | Batch 320 | Loss: 0.7837 | Correct: 94/128 | Elapsed Time: 12.86s
2026-02-10 06:06:41,862 | INFO | Batch 330 | Loss: 0.7880 | Correct: 92/128 | Elapsed Time: 12.80s
2026-02-10 06:06:54,630 | INFO | Batch 340 | Loss: 0.8455 | Correct: 92/128 | Elapsed Time: 12.77s
2026-02-10 06:07:07,486 | INFO | Batch 350 | Loss: 0.7265 | Correct: 97/128 | Elapsed Time: 12.86s
2026-02-10 06:07:20,327 | INFO | Batch 360 | Loss: 0.8409 | Correct: 90/128 | Elapsed Time: 12.84s
2026-02-10 06:07:33,025 | INFO | Batch 370 | Loss: 0.8593 | Correct: 85/128 | Elapsed Time: 12.70s
2026-02-10 06:07:45,891 | INFO | Batch 380 | Loss: 0.6698 | Correct: 97/128 | Elapsed Time: 12.87s
2026-02-10 06:07:58,803 | INFO | Batch 390 | Loss: 1.0443 | Correct: 81/128 | Elapsed Time: 12.91s
2026-02-10 06:07:59,827 | INFO | Epoch [44/100] - Loss: 0.8252 | Correct: 35270/50000 (70.54%, 502.05s)
2026-02-10 06:08:45,351 | INFO | Validation - Loss: 0.8809 | Correct: 6889/10000 (68.89%) (45.52s)
2026-02-10 06:08:45,483 | INFO | New best model saved at epoch 44 with Top1 Acc: 68.89%
2026-02-10 06:08:58,299 | INFO | Batch 10 | Loss: 0.8687 | Correct: 86/128 | Elapsed Time: 12.82s
2026-02-10 06:09:11,130 | INFO | Batch 20 | Loss: 0.7628 | Correct: 93/128 | Elapsed Time: 12.83s
2026-02-10 06:09:23,999 | INFO | Batch 30 | Loss: 0.9946 | Correct: 85/128 | Elapsed Time: 12.87s
2026-02-10 06:09:36,895 | INFO | Batch 40 | Loss: 0.6808 | Correct: 94/128 | Elapsed Time: 12.90s
2026-02-10 06:09:49,672 | INFO | Batch 50 | Loss: 0.7837 | Correct: 94/128 | Elapsed Time: 12.78s
2026-02-10 06:10:02,570 | INFO | Batch 60 | Loss: 1.0109 | Correct: 78/128 | Elapsed Time: 12.90s
2026-02-10 06:10:15,550 | INFO | Batch 70 | Loss: 0.8318 | Correct: 85/128 | Elapsed Time: 12.98s
2026-02-10 06:10:28,353 | INFO | Batch 80 | Loss: 0.8184 | Correct: 89/128 | Elapsed Time: 12.80s
2026-02-10 06:10:41,224 | INFO | Batch 90 | Loss: 0.7837 | Correct: 94/128 | Elapsed Time: 12.87s
2026-02-10 06:10:54,136 | INFO | Batch 100 | Loss: 0.8640 | Correct: 87/128 | Elapsed Time: 12.91s
2026-02-10 06:11:06,957 | INFO | Batch 110 | Loss: 0.9170 | Correct: 88/128 | Elapsed Time: 12.82s
2026-02-10 06:11:19,802 | INFO | Batch 120 | Loss: 0.7669 | Correct: 87/128 | Elapsed Time: 12.84s
2026-02-10 06:11:32,666 | INFO | Batch 130 | Loss: 0.7226 | Correct: 89/128 | Elapsed Time: 12.86s
2026-02-10 06:11:45,420 | INFO | Batch 140 | Loss: 0.7384 | Correct: 93/128 | Elapsed Time: 12.75s
2026-02-10 06:11:58,312 | INFO | Batch 150 | Loss: 0.9320 | Correct: 89/128 | Elapsed Time: 12.89s
2026-02-10 06:12:11,319 | INFO | Batch 160 | Loss: 0.8781 | Correct: 90/128 | Elapsed Time: 13.01s
2026-02-10 06:12:24,101 | INFO | Batch 170 | Loss: 0.7384 | Correct: 98/128 | Elapsed Time: 12.78s
2026-02-10 06:12:36,987 | INFO | Batch 180 | Loss: 0.7880 | Correct: 93/128 | Elapsed Time: 12.89s
2026-02-10 06:12:49,813 | INFO | Batch 190 | Loss: 0.9022 | Correct: 95/128 | Elapsed Time: 12.83s
2026-02-10 06:13:03,151 | INFO | Batch 200 | Loss: 0.9071 | Correct: 83/128 | Elapsed Time: 13.34s
2026-02-10 06:13:16,186 | INFO | Batch 210 | Loss: 0.9320 | Correct: 86/128 | Elapsed Time: 13.04s
2026-02-10 06:13:29,067 | INFO | Batch 220 | Loss: 1.0330 | Correct: 81/128 | Elapsed Time: 12.88s
2026-02-10 06:13:41,952 | INFO | Batch 230 | Loss: 0.7880 | Correct: 90/128 | Elapsed Time: 12.88s
2026-02-10 06:13:54,712 | INFO | Batch 240 | Loss: 1.0443 | Correct: 84/128 | Elapsed Time: 12.76s
2026-02-10 06:14:07,694 | INFO | Batch 250 | Loss: 0.8140 | Correct: 87/128 | Elapsed Time: 12.98s
2026-02-10 06:14:20,561 | INFO | Batch 260 | Loss: 0.6995 | Correct: 94/128 | Elapsed Time: 12.87s
2026-02-10 06:14:33,392 | INFO | Batch 270 | Loss: 0.8409 | Correct: 94/128 | Elapsed Time: 12.83s
2026-02-10 06:14:46,305 | INFO | Batch 280 | Loss: 0.7148 | Correct: 97/128 | Elapsed Time: 12.91s
2026-02-10 06:14:59,219 | INFO | Batch 290 | Loss: 0.7546 | Correct: 94/128 | Elapsed Time: 12.91s
2026-02-10 06:15:12,176 | INFO | Batch 300 | Loss: 0.9320 | Correct: 85/128 | Elapsed Time: 12.96s
2026-02-10 06:15:25,119 | INFO | Batch 310 | Loss: 0.7795 | Correct: 98/128 | Elapsed Time: 12.94s
2026-02-10 06:15:38,100 | INFO | Batch 320 | Loss: 0.8829 | Correct: 88/128 | Elapsed Time: 12.98s
2026-02-10 06:15:50,875 | INFO | Batch 330 | Loss: 0.8409 | Correct: 90/128 | Elapsed Time: 12.77s
2026-02-10 06:16:03,781 | INFO | Batch 340 | Loss: 0.7226 | Correct: 97/128 | Elapsed Time: 12.91s
2026-02-10 06:16:16,706 | INFO | Batch 350 | Loss: 0.7669 | Correct: 94/128 | Elapsed Time: 12.92s
2026-02-10 06:16:29,485 | INFO | Batch 360 | Loss: 0.9576 | Correct: 86/128 | Elapsed Time: 12.78s
2026-02-10 06:16:42,369 | INFO | Batch 370 | Loss: 0.7880 | Correct: 93/128 | Elapsed Time: 12.88s
2026-02-10 06:16:55,298 | INFO | Batch 380 | Loss: 0.8009 | Correct: 89/128 | Elapsed Time: 12.93s
2026-02-10 06:17:08,150 | INFO | Batch 390 | Loss: 0.8229 | Correct: 95/128 | Elapsed Time: 12.85s
2026-02-10 06:17:09,176 | INFO | Epoch [45/100] - Loss: 0.8177 | Correct: 35438/50000 (70.88%, 503.69s)
2026-02-10 06:17:54,548 | INFO | Validation - Loss: 0.8980 | Correct: 6832/10000 (68.32%) (45.37s)
2026-02-10 06:18:07,512 | INFO | Batch 10 | Loss: 0.6882 | Correct: 98/128 | Elapsed Time: 12.96s
2026-02-10 06:18:20,372 | INFO | Batch 20 | Loss: 0.8273 | Correct: 88/128 | Elapsed Time: 12.86s
2026-02-10 06:18:33,174 | INFO | Batch 30 | Loss: 0.8096 | Correct: 88/128 | Elapsed Time: 12.80s
2026-02-10 06:18:46,026 | INFO | Batch 40 | Loss: 0.7384 | Correct: 95/128 | Elapsed Time: 12.85s
2026-02-10 06:18:58,839 | INFO | Batch 50 | Loss: 0.7465 | Correct: 91/128 | Elapsed Time: 12.81s
2026-02-10 06:19:11,637 | INFO | Batch 60 | Loss: 0.7305 | Correct: 94/128 | Elapsed Time: 12.80s
2026-02-10 06:19:24,456 | INFO | Batch 70 | Loss: 0.6076 | Correct: 102/128 | Elapsed Time: 12.82s
2026-02-10 06:19:37,320 | INFO | Batch 80 | Loss: 0.8547 | Correct: 87/128 | Elapsed Time: 12.86s
2026-02-10 06:19:50,036 | INFO | Batch 90 | Loss: 0.7226 | Correct: 92/128 | Elapsed Time: 12.72s
2026-02-10 06:20:02,957 | INFO | Batch 100 | Loss: 0.7265 | Correct: 96/128 | Elapsed Time: 12.92s
2026-02-10 06:20:15,930 | INFO | Batch 110 | Loss: 1.0054 | Correct: 83/128 | Elapsed Time: 12.97s
2026-02-10 06:20:28,809 | INFO | Batch 120 | Loss: 0.7505 | Correct: 92/128 | Elapsed Time: 12.88s
2026-02-10 06:20:41,617 | INFO | Batch 130 | Loss: 0.9121 | Correct: 87/128 | Elapsed Time: 12.81s
2026-02-10 06:20:54,480 | INFO | Batch 140 | Loss: 0.7587 | Correct: 100/128 | Elapsed Time: 12.86s
2026-02-10 06:21:07,398 | INFO | Batch 150 | Loss: 0.7923 | Correct: 90/128 | Elapsed Time: 12.92s
2026-02-10 06:21:20,196 | INFO | Batch 160 | Loss: 0.8640 | Correct: 87/128 | Elapsed Time: 12.80s
2026-02-10 06:21:33,085 | INFO | Batch 170 | Loss: 1.2352 | Correct: 76/128 | Elapsed Time: 12.89s
2026-02-10 06:21:45,946 | INFO | Batch 180 | Loss: 0.7424 | Correct: 97/128 | Elapsed Time: 12.86s
2026-02-10 06:21:58,614 | INFO | Batch 190 | Loss: 0.8455 | Correct: 96/128 | Elapsed Time: 12.67s
2026-02-10 06:22:11,478 | INFO | Batch 200 | Loss: 0.7923 | Correct: 86/128 | Elapsed Time: 12.86s
2026-02-10 06:22:24,235 | INFO | Batch 210 | Loss: 0.6882 | Correct: 96/128 | Elapsed Time: 12.76s
2026-02-10 06:22:36,887 | INFO | Batch 220 | Loss: 0.6519 | Correct: 100/128 | Elapsed Time: 12.65s
2026-02-10 06:22:49,630 | INFO | Batch 230 | Loss: 0.8734 | Correct: 89/128 | Elapsed Time: 12.74s
2026-02-10 06:23:02,959 | INFO | Batch 240 | Loss: 0.7109 | Correct: 95/128 | Elapsed Time: 13.33s
2026-02-10 06:23:15,751 | INFO | Batch 250 | Loss: 0.7071 | Correct: 97/128 | Elapsed Time: 12.79s
2026-02-10 06:23:28,511 | INFO | Batch 260 | Loss: 0.8409 | Correct: 88/128 | Elapsed Time: 12.76s
2026-02-10 06:23:41,279 | INFO | Batch 270 | Loss: 0.8184 | Correct: 89/128 | Elapsed Time: 12.77s
2026-02-10 06:23:53,899 | INFO | Batch 280 | Loss: 0.9320 | Correct: 88/128 | Elapsed Time: 12.62s
2026-02-10 06:24:06,666 | INFO | Batch 290 | Loss: 0.7424 | Correct: 96/128 | Elapsed Time: 12.77s
2026-02-10 06:24:19,441 | INFO | Batch 300 | Loss: 0.8734 | Correct: 87/128 | Elapsed Time: 12.77s
2026-02-10 06:24:32,128 | INFO | Batch 310 | Loss: 0.7923 | Correct: 95/128 | Elapsed Time: 12.69s
2026-02-10 06:24:44,876 | INFO | Batch 320 | Loss: 0.8052 | Correct: 92/128 | Elapsed Time: 12.75s
2026-02-10 06:24:57,628 | INFO | Batch 330 | Loss: 1.0274 | Correct: 80/128 | Elapsed Time: 12.75s
2026-02-10 06:25:10,475 | INFO | Batch 340 | Loss: 0.7753 | Correct: 91/128 | Elapsed Time: 12.85s
2026-02-10 06:25:23,146 | INFO | Batch 350 | Loss: 1.0000 | Correct: 85/128 | Elapsed Time: 12.67s
2026-02-10 06:25:35,938 | INFO | Batch 360 | Loss: 0.7265 | Correct: 93/128 | Elapsed Time: 12.79s
2026-02-10 06:25:48,728 | INFO | Batch 370 | Loss: 0.8364 | Correct: 94/128 | Elapsed Time: 12.79s
2026-02-10 06:26:01,426 | INFO | Batch 380 | Loss: 0.7837 | Correct: 85/128 | Elapsed Time: 12.70s
2026-02-10 06:26:14,235 | INFO | Batch 390 | Loss: 0.8781 | Correct: 84/128 | Elapsed Time: 12.81s
2026-02-10 06:26:15,242 | INFO | Epoch [46/100] - Loss: 0.8099 | Correct: 35601/50000 (71.20%, 500.69s)
2026-02-10 06:27:00,326 | INFO | Validation - Loss: 0.8805 | Correct: 6871/10000 (68.71%) (45.08s)
2026-02-10 06:27:13,147 | INFO | Batch 10 | Loss: 0.9121 | Correct: 86/128 | Elapsed Time: 12.82s
2026-02-10 06:27:25,770 | INFO | Batch 20 | Loss: 0.6957 | Correct: 92/128 | Elapsed Time: 12.62s
2026-02-10 06:27:38,507 | INFO | Batch 30 | Loss: 0.8009 | Correct: 90/128 | Elapsed Time: 12.74s
2026-02-10 06:27:51,287 | INFO | Batch 40 | Loss: 0.7753 | Correct: 93/128 | Elapsed Time: 12.78s
2026-02-10 06:28:04,182 | INFO | Batch 50 | Loss: 0.7305 | Correct: 91/128 | Elapsed Time: 12.89s
2026-02-10 06:28:16,814 | INFO | Batch 60 | Loss: 0.7226 | Correct: 95/128 | Elapsed Time: 12.63s
2026-02-10 06:28:29,570 | INFO | Batch 70 | Loss: 0.7923 | Correct: 92/128 | Elapsed Time: 12.76s
2026-02-10 06:28:42,354 | INFO | Batch 80 | Loss: 0.7187 | Correct: 93/128 | Elapsed Time: 12.78s
2026-02-10 06:28:55,031 | INFO | Batch 90 | Loss: 0.7546 | Correct: 93/128 | Elapsed Time: 12.68s
2026-02-10 06:29:07,890 | INFO | Batch 100 | Loss: 0.6311 | Correct: 93/128 | Elapsed Time: 12.86s
2026-02-10 06:29:20,666 | INFO | Batch 110 | Loss: 0.7505 | Correct: 93/128 | Elapsed Time: 12.78s
2026-02-10 06:29:33,377 | INFO | Batch 120 | Loss: 0.7711 | Correct: 94/128 | Elapsed Time: 12.71s
2026-02-10 06:29:46,321 | INFO | Batch 130 | Loss: 0.8140 | Correct: 92/128 | Elapsed Time: 12.94s
2026-02-10 06:29:59,182 | INFO | Batch 140 | Loss: 0.8009 | Correct: 91/128 | Elapsed Time: 12.86s
2026-02-10 06:30:12,032 | INFO | Batch 150 | Loss: 0.7384 | Correct: 92/128 | Elapsed Time: 12.85s
2026-02-10 06:30:24,836 | INFO | Batch 160 | Loss: 0.7837 | Correct: 96/128 | Elapsed Time: 12.80s
2026-02-10 06:30:37,628 | INFO | Batch 170 | Loss: 0.8052 | Correct: 98/128 | Elapsed Time: 12.79s
2026-02-10 06:30:50,326 | INFO | Batch 180 | Loss: 0.7546 | Correct: 93/128 | Elapsed Time: 12.70s
2026-02-10 06:31:03,179 | INFO | Batch 190 | Loss: 0.6076 | Correct: 100/128 | Elapsed Time: 12.85s
2026-02-10 06:31:16,042 | INFO | Batch 200 | Loss: 0.7880 | Correct: 84/128 | Elapsed Time: 12.86s
2026-02-10 06:31:28,790 | INFO | Batch 210 | Loss: 0.7837 | Correct: 96/128 | Elapsed Time: 12.75s
2026-02-10 06:31:41,614 | INFO | Batch 220 | Loss: 0.8052 | Correct: 92/128 | Elapsed Time: 12.82s
2026-02-10 06:31:54,442 | INFO | Batch 230 | Loss: 0.7669 | Correct: 92/128 | Elapsed Time: 12.83s
2026-02-10 06:32:07,266 | INFO | Batch 240 | Loss: 0.8547 | Correct: 91/128 | Elapsed Time: 12.82s
2026-02-10 06:32:20,080 | INFO | Batch 250 | Loss: 0.7384 | Correct: 92/128 | Elapsed Time: 12.81s
2026-02-10 06:32:32,903 | INFO | Batch 260 | Loss: 0.8687 | Correct: 87/128 | Elapsed Time: 12.82s
2026-02-10 06:32:45,646 | INFO | Batch 270 | Loss: 0.8140 | Correct: 94/128 | Elapsed Time: 12.74s
2026-02-10 06:32:58,589 | INFO | Batch 280 | Loss: 0.7923 | Correct: 99/128 | Elapsed Time: 12.94s
2026-02-10 06:33:11,863 | INFO | Batch 290 | Loss: 0.7546 | Correct: 88/128 | Elapsed Time: 13.27s
2026-02-10 06:33:24,633 | INFO | Batch 300 | Loss: 0.8974 | Correct: 85/128 | Elapsed Time: 12.77s
2026-02-10 06:33:37,458 | INFO | Batch 310 | Loss: 0.8409 | Correct: 96/128 | Elapsed Time: 12.83s
2026-02-10 06:33:50,327 | INFO | Batch 320 | Loss: 0.9270 | Correct: 91/128 | Elapsed Time: 12.87s
2026-02-10 06:34:03,269 | INFO | Batch 330 | Loss: 0.7587 | Correct: 98/128 | Elapsed Time: 12.94s
2026-02-10 06:34:16,061 | INFO | Batch 340 | Loss: 0.7837 | Correct: 96/128 | Elapsed Time: 12.79s
2026-02-10 06:34:28,887 | INFO | Batch 350 | Loss: 0.9320 | Correct: 84/128 | Elapsed Time: 12.83s
2026-02-10 06:34:41,716 | INFO | Batch 360 | Loss: 0.7226 | Correct: 94/128 | Elapsed Time: 12.83s
2026-02-10 06:34:54,474 | INFO | Batch 370 | Loss: 0.7384 | Correct: 94/128 | Elapsed Time: 12.76s
2026-02-10 06:35:07,324 | INFO | Batch 380 | Loss: 0.8009 | Correct: 94/128 | Elapsed Time: 12.85s
2026-02-10 06:35:20,125 | INFO | Batch 390 | Loss: 0.8229 | Correct: 92/128 | Elapsed Time: 12.80s
2026-02-10 06:35:21,142 | INFO | Epoch [47/100] - Loss: 0.8060 | Correct: 35728/50000 (71.46%, 500.81s)
2026-02-10 06:36:06,499 | INFO | Validation - Loss: 0.8752 | Correct: 6912/10000 (69.12%) (45.36s)
2026-02-10 06:36:06,639 | INFO | New best model saved at epoch 47 with Top1 Acc: 69.12%
2026-02-10 06:36:19,383 | INFO | Batch 10 | Loss: 0.7305 | Correct: 92/128 | Elapsed Time: 12.74s
2026-02-10 06:36:32,208 | INFO | Batch 20 | Loss: 0.7753 | Correct: 93/128 | Elapsed Time: 12.83s
2026-02-10 06:36:45,012 | INFO | Batch 30 | Loss: 0.8455 | Correct: 88/128 | Elapsed Time: 12.80s
2026-02-10 06:36:57,728 | INFO | Batch 40 | Loss: 0.8877 | Correct: 88/128 | Elapsed Time: 12.72s
2026-02-10 06:37:10,623 | INFO | Batch 50 | Loss: 1.0556 | Correct: 77/128 | Elapsed Time: 12.89s
2026-02-10 06:37:23,384 | INFO | Batch 60 | Loss: 0.9170 | Correct: 86/128 | Elapsed Time: 12.76s
2026-02-10 06:37:36,138 | INFO | Batch 70 | Loss: 0.8501 | Correct: 91/128 | Elapsed Time: 12.75s
2026-02-10 06:37:49,011 | INFO | Batch 80 | Loss: 1.0905 | Correct: 83/128 | Elapsed Time: 12.87s
2026-02-10 06:38:01,797 | INFO | Batch 90 | Loss: 0.8687 | Correct: 86/128 | Elapsed Time: 12.79s
2026-02-10 06:38:14,719 | INFO | Batch 100 | Loss: 0.8687 | Correct: 94/128 | Elapsed Time: 12.92s
2026-02-10 06:38:27,445 | INFO | Batch 110 | Loss: 0.8009 | Correct: 94/128 | Elapsed Time: 12.73s
2026-02-10 06:38:40,282 | INFO | Batch 120 | Loss: 0.7795 | Correct: 95/128 | Elapsed Time: 12.84s
2026-02-10 06:38:53,119 | INFO | Batch 130 | Loss: 0.9733 | Correct: 86/128 | Elapsed Time: 12.84s
2026-02-10 06:39:05,834 | INFO | Batch 140 | Loss: 0.7711 | Correct: 90/128 | Elapsed Time: 12.72s
2026-02-10 06:39:18,604 | INFO | Batch 150 | Loss: 0.8593 | Correct: 85/128 | Elapsed Time: 12.77s
2026-02-10 06:39:31,423 | INFO | Batch 160 | Loss: 0.8687 | Correct: 86/128 | Elapsed Time: 12.82s
2026-02-10 06:39:44,154 | INFO | Batch 170 | Loss: 0.9892 | Correct: 89/128 | Elapsed Time: 12.73s
2026-02-10 06:39:56,964 | INFO | Batch 180 | Loss: 0.8184 | Correct: 98/128 | Elapsed Time: 12.81s
2026-02-10 06:40:09,819 | INFO | Batch 190 | Loss: 0.8974 | Correct: 90/128 | Elapsed Time: 12.85s
2026-02-10 06:40:22,501 | INFO | Batch 200 | Loss: 0.8877 | Correct: 90/128 | Elapsed Time: 12.68s
2026-02-10 06:40:35,280 | INFO | Batch 210 | Loss: 0.8455 | Correct: 90/128 | Elapsed Time: 12.78s
2026-02-10 06:40:48,103 | INFO | Batch 220 | Loss: 0.8640 | Correct: 86/128 | Elapsed Time: 12.82s
2026-02-10 06:41:00,783 | INFO | Batch 230 | Loss: 0.8009 | Correct: 94/128 | Elapsed Time: 12.68s
2026-02-10 06:41:13,652 | INFO | Batch 240 | Loss: 0.6662 | Correct: 98/128 | Elapsed Time: 12.87s
2026-02-10 06:41:26,430 | INFO | Batch 250 | Loss: 0.7587 | Correct: 92/128 | Elapsed Time: 12.78s
2026-02-10 06:41:39,098 | INFO | Batch 260 | Loss: 0.7628 | Correct: 91/128 | Elapsed Time: 12.67s
2026-02-10 06:41:51,891 | INFO | Batch 270 | Loss: 0.7669 | Correct: 95/128 | Elapsed Time: 12.79s
2026-02-10 06:42:04,744 | INFO | Batch 280 | Loss: 0.6995 | Correct: 91/128 | Elapsed Time: 12.85s
2026-02-10 06:42:17,423 | INFO | Batch 290 | Loss: 0.9220 | Correct: 89/128 | Elapsed Time: 12.68s
2026-02-10 06:42:30,216 | INFO | Batch 300 | Loss: 0.8640 | Correct: 94/128 | Elapsed Time: 12.79s
2026-02-10 06:42:43,013 | INFO | Batch 310 | Loss: 0.9422 | Correct: 88/128 | Elapsed Time: 12.80s
2026-02-10 06:42:55,786 | INFO | Batch 320 | Loss: 0.6920 | Correct: 94/128 | Elapsed Time: 12.77s
2026-02-10 06:43:08,878 | INFO | Batch 330 | Loss: 0.8229 | Correct: 84/128 | Elapsed Time: 13.09s
2026-02-10 06:43:21,646 | INFO | Batch 340 | Loss: 0.9320 | Correct: 85/128 | Elapsed Time: 12.77s
2026-02-10 06:43:34,408 | INFO | Batch 350 | Loss: 0.8547 | Correct: 81/128 | Elapsed Time: 12.76s
2026-02-10 06:43:47,222 | INFO | Batch 360 | Loss: 0.9022 | Correct: 89/128 | Elapsed Time: 12.81s
2026-02-10 06:44:00,021 | INFO | Batch 370 | Loss: 0.8455 | Correct: 90/128 | Elapsed Time: 12.80s
2026-02-10 06:44:12,885 | INFO | Batch 380 | Loss: 0.7711 | Correct: 94/128 | Elapsed Time: 12.86s
2026-02-10 06:44:25,583 | INFO | Batch 390 | Loss: 0.7546 | Correct: 95/128 | Elapsed Time: 12.70s
2026-02-10 06:44:26,597 | INFO | Epoch [48/100] - Loss: 0.8157 | Correct: 35466/50000 (70.93%, 499.96s)
2026-02-10 06:45:11,989 | INFO | Validation - Loss: 0.9007 | Correct: 6789/10000 (67.89%) (45.39s)
2026-02-10 06:45:24,805 | INFO | Batch 10 | Loss: 0.7628 | Correct: 92/128 | Elapsed Time: 12.81s
2026-02-10 06:45:37,605 | INFO | Batch 20 | Loss: 0.7187 | Correct: 96/128 | Elapsed Time: 12.80s
2026-02-10 06:45:50,286 | INFO | Batch 30 | Loss: 0.8318 | Correct: 88/128 | Elapsed Time: 12.68s
2026-02-10 06:46:03,099 | INFO | Batch 40 | Loss: 0.9121 | Correct: 81/128 | Elapsed Time: 12.81s
2026-02-10 06:46:15,908 | INFO | Batch 50 | Loss: 0.7265 | Correct: 98/128 | Elapsed Time: 12.81s
2026-02-10 06:46:28,602 | INFO | Batch 60 | Loss: 0.8409 | Correct: 88/128 | Elapsed Time: 12.69s
2026-02-10 06:46:41,407 | INFO | Batch 70 | Loss: 0.7226 | Correct: 93/128 | Elapsed Time: 12.81s
2026-02-10 06:46:54,196 | INFO | Batch 80 | Loss: 1.0443 | Correct: 81/128 | Elapsed Time: 12.79s
2026-02-10 06:47:06,902 | INFO | Batch 90 | Loss: 0.7711 | Correct: 92/128 | Elapsed Time: 12.71s
2026-02-10 06:47:19,736 | INFO | Batch 100 | Loss: 0.7344 | Correct: 93/128 | Elapsed Time: 12.83s
2026-02-10 06:47:32,598 | INFO | Batch 110 | Loss: 1.0000 | Correct: 84/128 | Elapsed Time: 12.86s
2026-02-10 06:47:45,492 | INFO | Batch 120 | Loss: 0.7587 | Correct: 98/128 | Elapsed Time: 12.89s
2026-02-10 06:47:58,356 | INFO | Batch 130 | Loss: 0.6882 | Correct: 94/128 | Elapsed Time: 12.86s
2026-02-10 06:48:11,328 | INFO | Batch 140 | Loss: 1.0164 | Correct: 76/128 | Elapsed Time: 12.97s
2026-02-10 06:48:24,253 | INFO | Batch 150 | Loss: 0.8781 | Correct: 93/128 | Elapsed Time: 12.93s
2026-02-10 06:48:37,131 | INFO | Batch 160 | Loss: 0.9946 | Correct: 81/128 | Elapsed Time: 12.88s
2026-02-10 06:48:50,045 | INFO | Batch 170 | Loss: 0.8925 | Correct: 86/128 | Elapsed Time: 12.91s
2026-02-10 06:49:02,998 | INFO | Batch 180 | Loss: 0.8364 | Correct: 88/128 | Elapsed Time: 12.95s
2026-02-10 06:49:15,815 | INFO | Batch 190 | Loss: 0.7465 | Correct: 90/128 | Elapsed Time: 12.82s
2026-02-10 06:49:28,661 | INFO | Batch 200 | Loss: 0.8734 | Correct: 82/128 | Elapsed Time: 12.85s
2026-02-10 06:49:41,630 | INFO | Batch 210 | Loss: 0.9121 | Correct: 84/128 | Elapsed Time: 12.97s
2026-02-10 06:49:54,408 | INFO | Batch 220 | Loss: 0.9071 | Correct: 80/128 | Elapsed Time: 12.78s
2026-02-10 06:50:07,390 | INFO | Batch 230 | Loss: 0.9022 | Correct: 84/128 | Elapsed Time: 12.98s
2026-02-10 06:50:20,300 | INFO | Batch 240 | Loss: 0.7109 | Correct: 100/128 | Elapsed Time: 12.91s
2026-02-10 06:50:33,054 | INFO | Batch 250 | Loss: 0.8640 | Correct: 92/128 | Elapsed Time: 12.75s
2026-02-10 06:50:45,908 | INFO | Batch 260 | Loss: 0.7753 | Correct: 90/128 | Elapsed Time: 12.85s
2026-02-10 06:50:58,763 | INFO | Batch 270 | Loss: 0.9320 | Correct: 90/128 | Elapsed Time: 12.86s
2026-02-10 06:51:11,570 | INFO | Batch 280 | Loss: 0.7669 | Correct: 96/128 | Elapsed Time: 12.81s
2026-02-10 06:51:24,443 | INFO | Batch 290 | Loss: 0.8829 | Correct: 88/128 | Elapsed Time: 12.87s
2026-02-10 06:51:37,290 | INFO | Batch 300 | Loss: 0.8096 | Correct: 87/128 | Elapsed Time: 12.85s
2026-02-10 06:51:50,064 | INFO | Batch 310 | Loss: 0.7226 | Correct: 99/128 | Elapsed Time: 12.77s
2026-02-10 06:52:02,945 | INFO | Batch 320 | Loss: 0.8409 | Correct: 84/128 | Elapsed Time: 12.88s
2026-02-10 06:52:15,822 | INFO | Batch 330 | Loss: 0.8829 | Correct: 81/128 | Elapsed Time: 12.88s
2026-02-10 06:52:28,692 | INFO | Batch 340 | Loss: 0.9892 | Correct: 83/128 | Elapsed Time: 12.87s
2026-02-10 06:52:41,451 | INFO | Batch 350 | Loss: 0.7033 | Correct: 98/128 | Elapsed Time: 12.76s
2026-02-10 06:52:54,354 | INFO | Batch 360 | Loss: 0.7880 | Correct: 90/128 | Elapsed Time: 12.90s
2026-02-10 06:53:07,567 | INFO | Batch 370 | Loss: 0.7187 | Correct: 97/128 | Elapsed Time: 13.21s
2026-02-10 06:53:20,290 | INFO | Batch 380 | Loss: 0.7226 | Correct: 96/128 | Elapsed Time: 12.72s
2026-02-10 06:53:33,094 | INFO | Batch 390 | Loss: 0.7384 | Correct: 94/128 | Elapsed Time: 12.80s
2026-02-10 06:53:34,104 | INFO | Epoch [49/100] - Loss: 0.8376 | Correct: 35125/50000 (70.25%, 502.11s)
2026-02-10 06:54:19,436 | INFO | Validation - Loss: 0.9036 | Correct: 6838/10000 (68.38%) (45.33s)
2026-02-10 06:54:32,292 | INFO | Batch 10 | Loss: 0.8734 | Correct: 91/128 | Elapsed Time: 12.85s
2026-02-10 06:54:45,007 | INFO | Batch 20 | Loss: 0.9270 | Correct: 78/128 | Elapsed Time: 12.71s
2026-02-10 06:54:57,804 | INFO | Batch 30 | Loss: 0.9576 | Correct: 82/128 | Elapsed Time: 12.80s
2026-02-10 06:55:10,677 | INFO | Batch 40 | Loss: 0.7923 | Correct: 92/128 | Elapsed Time: 12.87s
2026-02-10 06:55:23,431 | INFO | Batch 50 | Loss: 0.6380 | Correct: 100/128 | Elapsed Time: 12.75s
2026-02-10 06:55:36,284 | INFO | Batch 60 | Loss: 0.8318 | Correct: 90/128 | Elapsed Time: 12.85s
2026-02-10 06:55:49,097 | INFO | Batch 70 | Loss: 0.7226 | Correct: 96/128 | Elapsed Time: 12.81s
2026-02-10 06:56:01,896 | INFO | Batch 80 | Loss: 0.9371 | Correct: 83/128 | Elapsed Time: 12.80s
2026-02-10 06:56:14,785 | INFO | Batch 90 | Loss: 0.9946 | Correct: 78/128 | Elapsed Time: 12.89s
2026-02-10 06:56:27,695 | INFO | Batch 100 | Loss: 0.9628 | Correct: 85/128 | Elapsed Time: 12.91s
2026-02-10 06:56:40,478 | INFO | Batch 110 | Loss: 0.9071 | Correct: 88/128 | Elapsed Time: 12.78s
2026-02-10 06:56:53,292 | INFO | Batch 120 | Loss: 0.9320 | Correct: 85/128 | Elapsed Time: 12.81s
2026-02-10 06:57:06,237 | INFO | Batch 130 | Loss: 0.7669 | Correct: 98/128 | Elapsed Time: 12.95s
2026-02-10 06:57:19,014 | INFO | Batch 140 | Loss: 0.7880 | Correct: 97/128 | Elapsed Time: 12.78s
2026-02-10 06:57:31,854 | INFO | Batch 150 | Loss: 0.9422 | Correct: 84/128 | Elapsed Time: 12.84s
2026-02-10 06:57:44,644 | INFO | Batch 160 | Loss: 1.0556 | Correct: 84/128 | Elapsed Time: 12.79s
2026-02-10 06:57:57,447 | INFO | Batch 170 | Loss: 0.7669 | Correct: 93/128 | Elapsed Time: 12.80s
2026-02-10 06:58:10,257 | INFO | Batch 180 | Loss: 0.7344 | Correct: 98/128 | Elapsed Time: 12.81s
2026-02-10 06:58:23,104 | INFO | Batch 190 | Loss: 0.8640 | Correct: 85/128 | Elapsed Time: 12.85s
2026-02-10 06:58:36,016 | INFO | Batch 200 | Loss: 0.7465 | Correct: 93/128 | Elapsed Time: 12.91s
2026-02-10 06:58:48,781 | INFO | Batch 210 | Loss: 0.8640 | Correct: 95/128 | Elapsed Time: 12.77s
2026-02-10 06:59:01,648 | INFO | Batch 220 | Loss: 0.8734 | Correct: 91/128 | Elapsed Time: 12.87s
2026-02-10 06:59:14,567 | INFO | Batch 230 | Loss: 1.0054 | Correct: 82/128 | Elapsed Time: 12.92s
2026-02-10 06:59:27,261 | INFO | Batch 240 | Loss: 0.8501 | Correct: 89/128 | Elapsed Time: 12.69s
2026-02-10 06:59:40,052 | INFO | Batch 250 | Loss: 0.8184 | Correct: 87/128 | Elapsed Time: 12.79s
2026-02-10 06:59:52,903 | INFO | Batch 260 | Loss: 0.7546 | Correct: 94/128 | Elapsed Time: 12.85s
2026-02-10 07:00:05,651 | INFO | Batch 270 | Loss: 0.7795 | Correct: 90/128 | Elapsed Time: 12.75s
2026-02-10 07:00:18,398 | INFO | Batch 280 | Loss: 0.8140 | Correct: 89/128 | Elapsed Time: 12.75s
2026-02-10 07:00:31,179 | INFO | Batch 290 | Loss: 0.9270 | Correct: 86/128 | Elapsed Time: 12.78s
2026-02-10 07:00:43,859 | INFO | Batch 300 | Loss: 0.8273 | Correct: 89/128 | Elapsed Time: 12.68s
2026-02-10 07:00:56,730 | INFO | Batch 310 | Loss: 0.8184 | Correct: 95/128 | Elapsed Time: 12.87s
2026-02-10 07:01:09,624 | INFO | Batch 320 | Loss: 0.8593 | Correct: 84/128 | Elapsed Time: 12.89s
2026-02-10 07:01:22,307 | INFO | Batch 330 | Loss: 0.9628 | Correct: 90/128 | Elapsed Time: 12.68s
2026-02-10 07:01:35,127 | INFO | Batch 340 | Loss: 0.7966 | Correct: 88/128 | Elapsed Time: 12.82s
2026-02-10 07:01:47,958 | INFO | Batch 350 | Loss: 0.9371 | Correct: 88/128 | Elapsed Time: 12.83s
2026-02-10 07:02:00,730 | INFO | Batch 360 | Loss: 0.9170 | Correct: 92/128 | Elapsed Time: 12.77s
2026-02-10 07:02:13,602 | INFO | Batch 370 | Loss: 0.8229 | Correct: 95/128 | Elapsed Time: 12.87s
2026-02-10 07:02:26,457 | INFO | Batch 380 | Loss: 1.0556 | Correct: 79/128 | Elapsed Time: 12.85s
2026-02-10 07:02:39,280 | INFO | Batch 390 | Loss: 0.9680 | Correct: 84/128 | Elapsed Time: 12.82s
2026-02-10 07:02:40,304 | INFO | Epoch [50/100] - Loss: 0.8679 | Correct: 34532/50000 (69.06%, 500.87s)
2026-02-10 07:03:26,055 | INFO | Validation - Loss: 0.9021 | Correct: 6825/10000 (68.25%) (45.75s)
2026-02-10 07:03:38,796 | INFO | Batch 10 | Loss: 0.7505 | Correct: 92/128 | Elapsed Time: 12.74s
2026-02-10 07:03:51,653 | INFO | Batch 20 | Loss: 0.8184 | Correct: 93/128 | Elapsed Time: 12.86s
2026-02-10 07:04:04,711 | INFO | Batch 30 | Loss: 0.9071 | Correct: 87/128 | Elapsed Time: 13.06s
2026-02-10 07:04:17,423 | INFO | Batch 40 | Loss: 0.7837 | Correct: 90/128 | Elapsed Time: 12.71s
2026-02-10 07:04:30,253 | INFO | Batch 50 | Loss: 0.8409 | Correct: 84/128 | Elapsed Time: 12.83s
2026-02-10 07:04:43,086 | INFO | Batch 60 | Loss: 0.7587 | Correct: 96/128 | Elapsed Time: 12.83s
2026-02-10 07:04:55,808 | INFO | Batch 70 | Loss: 0.8640 | Correct: 89/128 | Elapsed Time: 12.72s
2026-02-10 07:05:08,706 | INFO | Batch 80 | Loss: 0.6698 | Correct: 97/128 | Elapsed Time: 12.90s
2026-02-10 07:05:21,529 | INFO | Batch 90 | Loss: 0.8455 | Correct: 91/128 | Elapsed Time: 12.82s
2026-02-10 07:05:34,240 | INFO | Batch 100 | Loss: 0.5882 | Correct: 103/128 | Elapsed Time: 12.71s
2026-02-10 07:05:47,093 | INFO | Batch 110 | Loss: 0.7226 | Correct: 96/128 | Elapsed Time: 12.85s
2026-02-10 07:05:59,902 | INFO | Batch 120 | Loss: 0.7795 | Correct: 93/128 | Elapsed Time: 12.81s
2026-02-10 07:06:12,800 | INFO | Batch 130 | Loss: 0.7837 | Correct: 93/128 | Elapsed Time: 12.90s
2026-02-10 07:06:25,502 | INFO | Batch 140 | Loss: 0.8009 | Correct: 93/128 | Elapsed Time: 12.70s
2026-02-10 07:06:38,426 | INFO | Batch 150 | Loss: 0.8687 | Correct: 86/128 | Elapsed Time: 12.92s
2026-02-10 07:06:51,248 | INFO | Batch 160 | Loss: 0.7546 | Correct: 94/128 | Elapsed Time: 12.82s
2026-02-10 07:07:04,060 | INFO | Batch 170 | Loss: 0.8640 | Correct: 83/128 | Elapsed Time: 12.81s
2026-02-10 07:07:16,913 | INFO | Batch 180 | Loss: 0.6243 | Correct: 100/128 | Elapsed Time: 12.85s
2026-02-10 07:07:29,799 | INFO | Batch 190 | Loss: 0.6882 | Correct: 91/128 | Elapsed Time: 12.89s
2026-02-10 07:07:42,537 | INFO | Batch 200 | Loss: 0.6626 | Correct: 96/128 | Elapsed Time: 12.74s
2026-02-10 07:07:55,355 | INFO | Batch 210 | Loss: 0.6957 | Correct: 95/128 | Elapsed Time: 12.82s
2026-02-10 07:08:08,209 | INFO | Batch 220 | Loss: 0.7505 | Correct: 100/128 | Elapsed Time: 12.85s
2026-02-10 07:08:20,979 | INFO | Batch 230 | Loss: 0.8009 | Correct: 89/128 | Elapsed Time: 12.77s
2026-02-10 07:08:33,807 | INFO | Batch 240 | Loss: 0.8501 | Correct: 85/128 | Elapsed Time: 12.83s
2026-02-10 07:08:46,643 | INFO | Batch 250 | Loss: 0.7587 | Correct: 97/128 | Elapsed Time: 12.84s
2026-02-10 07:08:59,379 | INFO | Batch 260 | Loss: 0.7923 | Correct: 93/128 | Elapsed Time: 12.74s
2026-02-10 07:09:12,225 | INFO | Batch 270 | Loss: 0.7384 | Correct: 97/128 | Elapsed Time: 12.85s
2026-02-10 07:09:25,063 | INFO | Batch 280 | Loss: 0.8009 | Correct: 91/128 | Elapsed Time: 12.84s
2026-02-10 07:09:37,845 | INFO | Batch 290 | Loss: 0.7795 | Correct: 93/128 | Elapsed Time: 12.78s
2026-02-10 07:09:50,698 | INFO | Batch 300 | Loss: 0.7187 | Correct: 89/128 | Elapsed Time: 12.85s
2026-02-10 07:10:03,582 | INFO | Batch 310 | Loss: 0.6662 | Correct: 99/128 | Elapsed Time: 12.88s
2026-02-10 07:10:16,352 | INFO | Batch 320 | Loss: 0.7966 | Correct: 94/128 | Elapsed Time: 12.77s
2026-02-10 07:10:29,159 | INFO | Batch 330 | Loss: 0.7465 | Correct: 93/128 | Elapsed Time: 12.81s
2026-02-10 07:10:42,002 | INFO | Batch 340 | Loss: 0.7505 | Correct: 97/128 | Elapsed Time: 12.84s
2026-02-10 07:10:54,765 | INFO | Batch 350 | Loss: 0.7753 | Correct: 97/128 | Elapsed Time: 12.76s
2026-02-10 07:11:07,682 | INFO | Batch 360 | Loss: 0.8140 | Correct: 93/128 | Elapsed Time: 12.92s
2026-02-10 07:11:20,529 | INFO | Batch 370 | Loss: 0.7384 | Correct: 95/128 | Elapsed Time: 12.85s
2026-02-10 07:11:33,248 | INFO | Batch 380 | Loss: 0.8409 | Correct: 86/128 | Elapsed Time: 12.72s
2026-02-10 07:11:46,103 | INFO | Batch 390 | Loss: 0.9270 | Correct: 80/128 | Elapsed Time: 12.85s
2026-02-10 07:11:47,122 | INFO | Epoch [51/100] - Loss: 0.7666 | Correct: 36395/50000 (72.79%, 501.06s)
2026-02-10 07:12:32,554 | INFO | Validation - Loss: 0.8246 | Correct: 7107/10000 (71.07%) (45.43s)
2026-02-10 07:12:32,695 | INFO | New best model saved at epoch 51 with Top1 Acc: 71.07%
2026-02-10 07:12:45,545 | INFO | Batch 10 | Loss: 0.7923 | Correct: 92/128 | Elapsed Time: 12.85s
2026-02-10 07:12:58,591 | INFO | Batch 20 | Loss: 0.7344 | Correct: 96/128 | Elapsed Time: 13.05s
2026-02-10 07:13:11,873 | INFO | Batch 30 | Loss: 0.6735 | Correct: 91/128 | Elapsed Time: 13.28s
2026-02-10 07:13:24,732 | INFO | Batch 40 | Loss: 0.9473 | Correct: 88/128 | Elapsed Time: 12.86s
2026-02-10 07:13:37,603 | INFO | Batch 50 | Loss: 0.8501 | Correct: 91/128 | Elapsed Time: 12.87s
2026-02-10 07:13:50,372 | INFO | Batch 60 | Loss: 0.6771 | Correct: 91/128 | Elapsed Time: 12.77s
2026-02-10 07:14:03,271 | INFO | Batch 70 | Loss: 0.6380 | Correct: 94/128 | Elapsed Time: 12.90s
2026-02-10 07:14:16,092 | INFO | Batch 80 | Loss: 0.7923 | Correct: 91/128 | Elapsed Time: 12.82s
2026-02-10 07:14:28,851 | INFO | Batch 90 | Loss: 0.8687 | Correct: 84/128 | Elapsed Time: 12.76s
2026-02-10 07:14:41,707 | INFO | Batch 100 | Loss: 0.9946 | Correct: 84/128 | Elapsed Time: 12.86s
2026-02-10 07:14:54,579 | INFO | Batch 110 | Loss: 0.8273 | Correct: 89/128 | Elapsed Time: 12.87s
2026-02-10 07:15:07,384 | INFO | Batch 120 | Loss: 0.5850 | Correct: 103/128 | Elapsed Time: 12.80s
2026-02-10 07:15:20,216 | INFO | Batch 130 | Loss: 0.9170 | Correct: 88/128 | Elapsed Time: 12.83s
2026-02-10 07:15:33,028 | INFO | Batch 140 | Loss: 0.8009 | Correct: 97/128 | Elapsed Time: 12.81s
2026-02-10 07:15:45,852 | INFO | Batch 150 | Loss: 0.6380 | Correct: 100/128 | Elapsed Time: 12.82s
2026-02-10 07:15:58,559 | INFO | Batch 160 | Loss: 0.7711 | Correct: 90/128 | Elapsed Time: 12.71s
2026-02-10 07:16:11,492 | INFO | Batch 170 | Loss: 0.7344 | Correct: 95/128 | Elapsed Time: 12.93s
2026-02-10 07:16:24,330 | INFO | Batch 180 | Loss: 0.7148 | Correct: 105/128 | Elapsed Time: 12.84s
2026-02-10 07:16:37,132 | INFO | Batch 190 | Loss: 0.6142 | Correct: 98/128 | Elapsed Time: 12.80s
2026-02-10 07:16:49,982 | INFO | Batch 200 | Loss: 0.6882 | Correct: 96/128 | Elapsed Time: 12.85s
2026-02-10 07:17:02,850 | INFO | Batch 210 | Loss: 0.6414 | Correct: 96/128 | Elapsed Time: 12.87s
2026-02-10 07:17:15,621 | INFO | Batch 220 | Loss: 0.8318 | Correct: 88/128 | Elapsed Time: 12.77s
2026-02-10 07:17:28,447 | INFO | Batch 230 | Loss: 0.6920 | Correct: 97/128 | Elapsed Time: 12.83s
2026-02-10 07:17:41,258 | INFO | Batch 240 | Loss: 0.8974 | Correct: 87/128 | Elapsed Time: 12.81s
2026-02-10 07:17:54,005 | INFO | Batch 250 | Loss: 0.7966 | Correct: 92/128 | Elapsed Time: 12.75s
2026-02-10 07:18:06,899 | INFO | Batch 260 | Loss: 0.7669 | Correct: 94/128 | Elapsed Time: 12.89s
2026-02-10 07:18:19,734 | INFO | Batch 270 | Loss: 0.7711 | Correct: 92/128 | Elapsed Time: 12.83s
2026-02-10 07:18:32,471 | INFO | Batch 280 | Loss: 0.8229 | Correct: 91/128 | Elapsed Time: 12.74s
2026-02-10 07:18:45,348 | INFO | Batch 290 | Loss: 0.7795 | Correct: 96/128 | Elapsed Time: 12.88s
2026-02-10 07:18:58,235 | INFO | Batch 300 | Loss: 0.8229 | Correct: 89/128 | Elapsed Time: 12.89s
2026-02-10 07:19:11,029 | INFO | Batch 310 | Loss: 0.8318 | Correct: 87/128 | Elapsed Time: 12.79s
2026-02-10 07:19:23,851 | INFO | Batch 320 | Loss: 0.6243 | Correct: 106/128 | Elapsed Time: 12.82s
2026-02-10 07:19:36,660 | INFO | Batch 330 | Loss: 0.8009 | Correct: 91/128 | Elapsed Time: 12.81s
2026-02-10 07:19:49,421 | INFO | Batch 340 | Loss: 0.6142 | Correct: 101/128 | Elapsed Time: 12.76s
2026-02-10 07:20:02,273 | INFO | Batch 350 | Loss: 0.7795 | Correct: 97/128 | Elapsed Time: 12.85s
2026-02-10 07:20:15,139 | INFO | Batch 360 | Loss: 0.7148 | Correct: 95/128 | Elapsed Time: 12.87s
2026-02-10 07:20:27,917 | INFO | Batch 370 | Loss: 0.7384 | Correct: 96/128 | Elapsed Time: 12.78s
2026-02-10 07:20:40,777 | INFO | Batch 380 | Loss: 0.7109 | Correct: 95/128 | Elapsed Time: 12.86s
2026-02-10 07:20:53,669 | INFO | Batch 390 | Loss: 0.7033 | Correct: 100/128 | Elapsed Time: 12.89s
2026-02-10 07:20:54,691 | INFO | Epoch [52/100] - Loss: 0.7414 | Correct: 36863/50000 (73.73%, 502.00s)
2026-02-10 07:21:40,192 | INFO | Validation - Loss: 0.8131 | Correct: 7152/10000 (71.52%) (45.50s)
2026-02-10 07:21:40,330 | INFO | New best model saved at epoch 52 with Top1 Acc: 71.52%
2026-02-10 07:21:53,242 | INFO | Batch 10 | Loss: 0.8640 | Correct: 87/128 | Elapsed Time: 12.91s
2026-02-10 07:22:06,077 | INFO | Batch 20 | Loss: 0.8140 | Correct: 89/128 | Elapsed Time: 12.84s
2026-02-10 07:22:18,914 | INFO | Batch 30 | Loss: 0.6957 | Correct: 95/128 | Elapsed Time: 12.84s
2026-02-10 07:22:31,726 | INFO | Batch 40 | Loss: 0.7265 | Correct: 94/128 | Elapsed Time: 12.81s
2026-02-10 07:22:44,502 | INFO | Batch 50 | Loss: 0.8781 | Correct: 92/128 | Elapsed Time: 12.78s
2026-02-10 07:22:57,461 | INFO | Batch 60 | Loss: 0.6011 | Correct: 102/128 | Elapsed Time: 12.96s
2026-02-10 07:23:10,659 | INFO | Batch 70 | Loss: 0.7033 | Correct: 98/128 | Elapsed Time: 13.20s
2026-02-10 07:23:23,395 | INFO | Batch 80 | Loss: 0.6771 | Correct: 90/128 | Elapsed Time: 12.74s
2026-02-10 07:23:36,208 | INFO | Batch 90 | Loss: 0.7071 | Correct: 96/128 | Elapsed Time: 12.81s
2026-02-10 07:23:49,031 | INFO | Batch 100 | Loss: 0.7880 | Correct: 95/128 | Elapsed Time: 12.82s
2026-02-10 07:24:01,725 | INFO | Batch 110 | Loss: 0.6845 | Correct: 96/128 | Elapsed Time: 12.69s
2026-02-10 07:24:14,659 | INFO | Batch 120 | Loss: 0.7344 | Correct: 96/128 | Elapsed Time: 12.93s
2026-02-10 07:24:27,503 | INFO | Batch 130 | Loss: 0.8229 | Correct: 92/128 | Elapsed Time: 12.84s
2026-02-10 07:24:40,260 | INFO | Batch 140 | Loss: 0.6957 | Correct: 96/128 | Elapsed Time: 12.76s
2026-02-10 07:24:53,113 | INFO | Batch 150 | Loss: 0.5914 | Correct: 104/128 | Elapsed Time: 12.85s
2026-02-10 07:25:06,043 | INFO | Batch 160 | Loss: 0.5850 | Correct: 100/128 | Elapsed Time: 12.93s
2026-02-10 07:25:18,782 | INFO | Batch 170 | Loss: 0.7923 | Correct: 96/128 | Elapsed Time: 12.74s
2026-02-10 07:25:31,598 | INFO | Batch 180 | Loss: 0.8364 | Correct: 92/128 | Elapsed Time: 12.82s
2026-02-10 07:25:44,399 | INFO | Batch 190 | Loss: 0.6882 | Correct: 95/128 | Elapsed Time: 12.80s
2026-02-10 07:25:57,117 | INFO | Batch 200 | Loss: 0.6380 | Correct: 99/128 | Elapsed Time: 12.72s
2026-02-10 07:26:09,967 | INFO | Batch 210 | Loss: 0.6920 | Correct: 95/128 | Elapsed Time: 12.85s
2026-02-10 07:26:22,787 | INFO | Batch 220 | Loss: 0.7546 | Correct: 97/128 | Elapsed Time: 12.82s
2026-02-10 07:26:35,576 | INFO | Batch 230 | Loss: 0.6957 | Correct: 95/128 | Elapsed Time: 12.79s
2026-02-10 07:26:48,305 | INFO | Batch 240 | Loss: 0.8096 | Correct: 88/128 | Elapsed Time: 12.73s
2026-02-10 07:27:01,113 | INFO | Batch 250 | Loss: 0.7753 | Correct: 90/128 | Elapsed Time: 12.81s
2026-02-10 07:27:14,059 | INFO | Batch 260 | Loss: 0.8734 | Correct: 89/128 | Elapsed Time: 12.95s
2026-02-10 07:27:26,773 | INFO | Batch 270 | Loss: 0.7711 | Correct: 90/128 | Elapsed Time: 12.71s
2026-02-10 07:27:39,568 | INFO | Batch 280 | Loss: 0.6414 | Correct: 102/128 | Elapsed Time: 12.79s
2026-02-10 07:27:52,382 | INFO | Batch 290 | Loss: 0.7071 | Correct: 88/128 | Elapsed Time: 12.81s
2026-02-10 07:28:05,219 | INFO | Batch 300 | Loss: 0.8877 | Correct: 88/128 | Elapsed Time: 12.84s
2026-02-10 07:28:18,061 | INFO | Batch 310 | Loss: 0.6043 | Correct: 100/128 | Elapsed Time: 12.84s
2026-02-10 07:28:30,863 | INFO | Batch 320 | Loss: 0.6808 | Correct: 91/128 | Elapsed Time: 12.80s
2026-02-10 07:28:43,549 | INFO | Batch 330 | Loss: 0.6808 | Correct: 95/128 | Elapsed Time: 12.69s
2026-02-10 07:28:56,345 | INFO | Batch 340 | Loss: 0.6449 | Correct: 99/128 | Elapsed Time: 12.80s
2026-02-10 07:29:09,193 | INFO | Batch 350 | Loss: 0.6626 | Correct: 94/128 | Elapsed Time: 12.85s
2026-02-10 07:29:21,909 | INFO | Batch 360 | Loss: 0.7187 | Correct: 95/128 | Elapsed Time: 12.72s
2026-02-10 07:29:34,656 | INFO | Batch 370 | Loss: 0.6662 | Correct: 95/128 | Elapsed Time: 12.75s
2026-02-10 07:29:47,449 | INFO | Batch 380 | Loss: 0.6380 | Correct: 96/128 | Elapsed Time: 12.79s
2026-02-10 07:30:00,143 | INFO | Batch 390 | Loss: 0.5819 | Correct: 103/128 | Elapsed Time: 12.69s
2026-02-10 07:30:01,166 | INFO | Epoch [53/100] - Loss: 0.7296 | Correct: 36988/50000 (73.98%, 500.84s)
2026-02-10 07:30:46,696 | INFO | Validation - Loss: 0.8057 | Correct: 7164/10000 (71.64%) (45.53s)
2026-02-10 07:30:46,862 | INFO | New best model saved at epoch 53 with Top1 Acc: 71.64%
2026-02-10 07:30:59,609 | INFO | Batch 10 | Loss: 0.7753 | Correct: 95/128 | Elapsed Time: 12.75s
2026-02-10 07:31:12,480 | INFO | Batch 20 | Loss: 0.9170 | Correct: 90/128 | Elapsed Time: 12.87s
2026-02-10 07:31:25,283 | INFO | Batch 30 | Loss: 0.8184 | Correct: 92/128 | Elapsed Time: 12.80s
2026-02-10 07:31:37,973 | INFO | Batch 40 | Loss: 0.8455 | Correct: 89/128 | Elapsed Time: 12.69s
2026-02-10 07:31:50,781 | INFO | Batch 50 | Loss: 0.5453 | Correct: 107/128 | Elapsed Time: 12.81s
2026-02-10 07:32:03,651 | INFO | Batch 60 | Loss: 0.6698 | Correct: 95/128 | Elapsed Time: 12.87s
2026-02-10 07:32:16,421 | INFO | Batch 70 | Loss: 0.6626 | Correct: 105/128 | Elapsed Time: 12.77s
2026-02-10 07:32:29,234 | INFO | Batch 80 | Loss: 0.8640 | Correct: 89/128 | Elapsed Time: 12.81s
2026-02-10 07:32:42,040 | INFO | Batch 90 | Loss: 0.7226 | Correct: 100/128 | Elapsed Time: 12.81s
2026-02-10 07:32:54,812 | INFO | Batch 100 | Loss: 0.6590 | Correct: 100/128 | Elapsed Time: 12.77s
2026-02-10 07:33:07,971 | INFO | Batch 110 | Loss: 0.5978 | Correct: 103/128 | Elapsed Time: 13.16s
2026-02-10 07:33:20,863 | INFO | Batch 120 | Loss: 0.6808 | Correct: 100/128 | Elapsed Time: 12.89s
2026-02-10 07:33:33,593 | INFO | Batch 130 | Loss: 0.6735 | Correct: 104/128 | Elapsed Time: 12.73s
2026-02-10 07:33:46,371 | INFO | Batch 140 | Loss: 0.7344 | Correct: 97/128 | Elapsed Time: 12.78s
2026-02-10 07:33:59,192 | INFO | Batch 150 | Loss: 0.7465 | Correct: 95/128 | Elapsed Time: 12.82s
2026-02-10 07:34:11,980 | INFO | Batch 160 | Loss: 0.7795 | Correct: 90/128 | Elapsed Time: 12.79s
2026-02-10 07:34:24,819 | INFO | Batch 170 | Loss: 0.7344 | Correct: 96/128 | Elapsed Time: 12.84s
2026-02-10 07:34:37,643 | INFO | Batch 180 | Loss: 0.7711 | Correct: 95/128 | Elapsed Time: 12.82s
2026-02-10 07:34:50,443 | INFO | Batch 190 | Loss: 0.6484 | Correct: 97/128 | Elapsed Time: 12.80s
2026-02-10 07:35:03,166 | INFO | Batch 200 | Loss: 0.7384 | Correct: 91/128 | Elapsed Time: 12.72s
2026-02-10 07:35:15,995 | INFO | Batch 210 | Loss: 0.5914 | Correct: 102/128 | Elapsed Time: 12.83s
2026-02-10 07:35:28,838 | INFO | Batch 220 | Loss: 0.7966 | Correct: 98/128 | Elapsed Time: 12.84s
2026-02-10 07:35:41,551 | INFO | Batch 230 | Loss: 1.0054 | Correct: 85/128 | Elapsed Time: 12.71s
2026-02-10 07:35:54,322 | INFO | Batch 240 | Loss: 0.5602 | Correct: 100/128 | Elapsed Time: 12.77s
2026-02-10 07:36:07,258 | INFO | Batch 250 | Loss: 0.6449 | Correct: 100/128 | Elapsed Time: 12.94s
2026-02-10 07:36:19,984 | INFO | Batch 260 | Loss: 0.7966 | Correct: 90/128 | Elapsed Time: 12.73s
2026-02-10 07:36:32,837 | INFO | Batch 270 | Loss: 0.6414 | Correct: 100/128 | Elapsed Time: 12.85s
2026-02-10 07:36:45,652 | INFO | Batch 280 | Loss: 0.7966 | Correct: 89/128 | Elapsed Time: 12.81s
2026-02-10 07:36:58,371 | INFO | Batch 290 | Loss: 0.8009 | Correct: 94/128 | Elapsed Time: 12.72s
2026-02-10 07:37:11,219 | INFO | Batch 300 | Loss: 0.6882 | Correct: 93/128 | Elapsed Time: 12.85s
2026-02-10 07:37:24,082 | INFO | Batch 310 | Loss: 0.5482 | Correct: 105/128 | Elapsed Time: 12.86s
2026-02-10 07:37:36,828 | INFO | Batch 320 | Loss: 0.6142 | Correct: 99/128 | Elapsed Time: 12.75s
2026-02-10 07:37:49,598 | INFO | Batch 330 | Loss: 0.8593 | Correct: 91/128 | Elapsed Time: 12.77s
2026-02-10 07:38:02,377 | INFO | Batch 340 | Loss: 0.6771 | Correct: 93/128 | Elapsed Time: 12.78s
2026-02-10 07:38:15,131 | INFO | Batch 350 | Loss: 0.7305 | Correct: 89/128 | Elapsed Time: 12.75s
2026-02-10 07:38:27,985 | INFO | Batch 360 | Loss: 0.6011 | Correct: 97/128 | Elapsed Time: 12.85s
2026-02-10 07:38:40,797 | INFO | Batch 370 | Loss: 0.6484 | Correct: 100/128 | Elapsed Time: 12.81s
2026-02-10 07:38:53,484 | INFO | Batch 380 | Loss: 0.6555 | Correct: 98/128 | Elapsed Time: 12.69s
2026-02-10 07:39:06,374 | INFO | Batch 390 | Loss: 0.6142 | Correct: 103/128 | Elapsed Time: 12.89s
2026-02-10 07:39:07,397 | INFO | Epoch [54/100] - Loss: 0.7209 | Correct: 37181/50000 (74.36%, 500.53s)
2026-02-10 07:39:52,701 | INFO | Validation - Loss: 0.8026 | Correct: 7203/10000 (72.03%) (45.30s)
2026-02-10 07:39:52,840 | INFO | New best model saved at epoch 54 with Top1 Acc: 72.03%
2026-02-10 07:40:05,719 | INFO | Batch 10 | Loss: 0.6109 | Correct: 100/128 | Elapsed Time: 12.88s
2026-02-10 07:40:18,518 | INFO | Batch 20 | Loss: 0.6414 | Correct: 104/128 | Elapsed Time: 12.80s
2026-02-10 07:40:31,204 | INFO | Batch 30 | Loss: 0.6735 | Correct: 96/128 | Elapsed Time: 12.69s
2026-02-10 07:40:43,995 | INFO | Batch 40 | Loss: 0.7711 | Correct: 92/128 | Elapsed Time: 12.79s
2026-02-10 07:40:56,809 | INFO | Batch 50 | Loss: 0.5787 | Correct: 102/128 | Elapsed Time: 12.81s
2026-02-10 07:41:09,581 | INFO | Batch 60 | Loss: 0.9576 | Correct: 89/128 | Elapsed Time: 12.77s
2026-02-10 07:41:22,427 | INFO | Batch 70 | Loss: 0.6662 | Correct: 101/128 | Elapsed Time: 12.85s
2026-02-10 07:41:35,266 | INFO | Batch 80 | Loss: 0.7753 | Correct: 94/128 | Elapsed Time: 12.84s
2026-02-10 07:41:47,993 | INFO | Batch 90 | Loss: 0.6380 | Correct: 97/128 | Elapsed Time: 12.73s
2026-02-10 07:42:00,797 | INFO | Batch 100 | Loss: 0.6845 | Correct: 94/128 | Elapsed Time: 12.80s
2026-02-10 07:42:13,663 | INFO | Batch 110 | Loss: 0.6590 | Correct: 96/128 | Elapsed Time: 12.87s
2026-02-10 07:42:26,385 | INFO | Batch 120 | Loss: 0.7505 | Correct: 96/128 | Elapsed Time: 12.72s
2026-02-10 07:42:39,201 | INFO | Batch 130 | Loss: 0.6662 | Correct: 100/128 | Elapsed Time: 12.82s
2026-02-10 07:42:52,008 | INFO | Batch 140 | Loss: 0.6698 | Correct: 99/128 | Elapsed Time: 12.81s
2026-02-10 07:43:05,195 | INFO | Batch 150 | Loss: 0.8096 | Correct: 92/128 | Elapsed Time: 13.19s
2026-02-10 07:43:18,057 | INFO | Batch 160 | Loss: 0.6957 | Correct: 94/128 | Elapsed Time: 12.86s
2026-02-10 07:43:30,936 | INFO | Batch 170 | Loss: 0.7546 | Correct: 94/128 | Elapsed Time: 12.88s
2026-02-10 07:43:43,699 | INFO | Batch 180 | Loss: 0.6484 | Correct: 101/128 | Elapsed Time: 12.76s
2026-02-10 07:43:56,510 | INFO | Batch 190 | Loss: 0.7265 | Correct: 96/128 | Elapsed Time: 12.81s
2026-02-10 07:44:09,446 | INFO | Batch 200 | Loss: 0.8781 | Correct: 86/128 | Elapsed Time: 12.94s
2026-02-10 07:44:22,300 | INFO | Batch 210 | Loss: 0.6662 | Correct: 98/128 | Elapsed Time: 12.85s
2026-02-10 07:44:35,048 | INFO | Batch 220 | Loss: 0.7424 | Correct: 92/128 | Elapsed Time: 12.75s
2026-02-10 07:44:47,898 | INFO | Batch 230 | Loss: 0.7966 | Correct: 90/128 | Elapsed Time: 12.85s
2026-02-10 07:45:00,729 | INFO | Batch 240 | Loss: 0.8829 | Correct: 89/128 | Elapsed Time: 12.83s
2026-02-10 07:45:13,483 | INFO | Batch 250 | Loss: 0.7669 | Correct: 96/128 | Elapsed Time: 12.75s
2026-02-10 07:45:26,301 | INFO | Batch 260 | Loss: 0.6698 | Correct: 96/128 | Elapsed Time: 12.82s
2026-02-10 07:45:39,086 | INFO | Batch 270 | Loss: 0.6698 | Correct: 96/128 | Elapsed Time: 12.78s
2026-02-10 07:45:51,792 | INFO | Batch 280 | Loss: 0.6311 | Correct: 101/128 | Elapsed Time: 12.71s
2026-02-10 07:46:04,639 | INFO | Batch 290 | Loss: 0.6449 | Correct: 104/128 | Elapsed Time: 12.85s
2026-02-10 07:46:17,451 | INFO | Batch 300 | Loss: 0.7071 | Correct: 94/128 | Elapsed Time: 12.81s
2026-02-10 07:46:30,136 | INFO | Batch 310 | Loss: 0.6590 | Correct: 96/128 | Elapsed Time: 12.68s
2026-02-10 07:46:42,939 | INFO | Batch 320 | Loss: 0.8096 | Correct: 98/128 | Elapsed Time: 12.80s
2026-02-10 07:46:55,776 | INFO | Batch 330 | Loss: 0.8052 | Correct: 94/128 | Elapsed Time: 12.84s
2026-02-10 07:47:08,521 | INFO | Batch 340 | Loss: 0.7033 | Correct: 94/128 | Elapsed Time: 12.75s
2026-02-10 07:47:21,367 | INFO | Batch 350 | Loss: 0.8501 | Correct: 85/128 | Elapsed Time: 12.85s
2026-02-10 07:47:34,172 | INFO | Batch 360 | Loss: 0.7880 | Correct: 97/128 | Elapsed Time: 12.81s
2026-02-10 07:47:46,904 | INFO | Batch 370 | Loss: 0.7505 | Correct: 91/128 | Elapsed Time: 12.73s
2026-02-10 07:47:59,728 | INFO | Batch 380 | Loss: 0.6626 | Correct: 95/128 | Elapsed Time: 12.82s
2026-02-10 07:48:12,636 | INFO | Batch 390 | Loss: 0.6380 | Correct: 96/128 | Elapsed Time: 12.91s
2026-02-10 07:48:13,653 | INFO | Epoch [55/100] - Loss: 0.7179 | Correct: 37157/50000 (74.31%, 500.81s)
2026-02-10 07:48:59,064 | INFO | Validation - Loss: 0.8001 | Correct: 7190/10000 (71.90%) (45.41s)
2026-02-10 07:49:11,948 | INFO | Batch 10 | Loss: 0.6626 | Correct: 90/128 | Elapsed Time: 12.88s
2026-02-10 07:49:24,707 | INFO | Batch 20 | Loss: 0.6277 | Correct: 100/128 | Elapsed Time: 12.76s
2026-02-10 07:49:37,556 | INFO | Batch 30 | Loss: 0.6698 | Correct: 95/128 | Elapsed Time: 12.85s
2026-02-10 07:49:50,386 | INFO | Batch 40 | Loss: 0.5193 | Correct: 107/128 | Elapsed Time: 12.83s
2026-02-10 07:50:03,177 | INFO | Batch 50 | Loss: 0.8781 | Correct: 90/128 | Elapsed Time: 12.79s
2026-02-10 07:50:15,998 | INFO | Batch 60 | Loss: 0.6380 | Correct: 99/128 | Elapsed Time: 12.82s
2026-02-10 07:50:28,791 | INFO | Batch 70 | Loss: 0.8734 | Correct: 90/128 | Elapsed Time: 12.79s
2026-02-10 07:50:41,516 | INFO | Batch 80 | Loss: 0.7265 | Correct: 103/128 | Elapsed Time: 12.72s
2026-02-10 07:50:54,352 | INFO | Batch 90 | Loss: 0.6555 | Correct: 99/128 | Elapsed Time: 12.84s
2026-02-10 07:51:07,260 | INFO | Batch 100 | Loss: 0.7148 | Correct: 94/128 | Elapsed Time: 12.91s
2026-02-10 07:51:20,018 | INFO | Batch 110 | Loss: 0.7148 | Correct: 98/128 | Elapsed Time: 12.76s
2026-02-10 07:51:32,911 | INFO | Batch 120 | Loss: 0.8409 | Correct: 94/128 | Elapsed Time: 12.89s
2026-02-10 07:51:45,775 | INFO | Batch 130 | Loss: 0.6142 | Correct: 98/128 | Elapsed Time: 12.86s
2026-02-10 07:51:58,512 | INFO | Batch 140 | Loss: 0.7837 | Correct: 93/128 | Elapsed Time: 12.74s
2026-02-10 07:52:11,368 | INFO | Batch 150 | Loss: 0.6380 | Correct: 103/128 | Elapsed Time: 12.86s
2026-02-10 07:52:24,202 | INFO | Batch 160 | Loss: 0.7546 | Correct: 94/128 | Elapsed Time: 12.83s
2026-02-10 07:52:36,921 | INFO | Batch 170 | Loss: 0.4788 | Correct: 110/128 | Elapsed Time: 12.72s
2026-02-10 07:52:49,763 | INFO | Batch 180 | Loss: 0.7628 | Correct: 93/128 | Elapsed Time: 12.84s
2026-02-10 07:53:02,875 | INFO | Batch 190 | Loss: 0.6243 | Correct: 98/128 | Elapsed Time: 13.11s
2026-02-10 07:53:15,683 | INFO | Batch 200 | Loss: 0.6076 | Correct: 99/128 | Elapsed Time: 12.81s
2026-02-10 07:53:28,545 | INFO | Batch 210 | Loss: 0.8140 | Correct: 91/128 | Elapsed Time: 12.86s
2026-02-10 07:53:41,410 | INFO | Batch 220 | Loss: 0.7669 | Correct: 90/128 | Elapsed Time: 12.87s
2026-02-10 07:53:54,210 | INFO | Batch 230 | Loss: 0.7305 | Correct: 98/128 | Elapsed Time: 12.80s
2026-02-10 07:54:07,162 | INFO | Batch 240 | Loss: 0.8229 | Correct: 82/128 | Elapsed Time: 12.95s
2026-02-10 07:54:19,999 | INFO | Batch 250 | Loss: 0.7305 | Correct: 94/128 | Elapsed Time: 12.84s
2026-02-10 07:54:32,773 | INFO | Batch 260 | Loss: 0.5572 | Correct: 102/128 | Elapsed Time: 12.77s
2026-02-10 07:54:45,598 | INFO | Batch 270 | Loss: 0.7148 | Correct: 94/128 | Elapsed Time: 12.82s
2026-02-10 07:54:58,447 | INFO | Batch 280 | Loss: 0.6698 | Correct: 95/128 | Elapsed Time: 12.85s
2026-02-10 07:55:11,204 | INFO | Batch 290 | Loss: 0.8829 | Correct: 90/128 | Elapsed Time: 12.76s
2026-02-10 07:55:24,023 | INFO | Batch 300 | Loss: 0.5694 | Correct: 99/128 | Elapsed Time: 12.82s
2026-02-10 07:55:36,854 | INFO | Batch 310 | Loss: 0.7837 | Correct: 89/128 | Elapsed Time: 12.83s
2026-02-10 07:55:49,645 | INFO | Batch 320 | Loss: 0.5000 | Correct: 105/128 | Elapsed Time: 12.79s
2026-02-10 07:56:02,390 | INFO | Batch 330 | Loss: 0.6484 | Correct: 98/128 | Elapsed Time: 12.74s
2026-02-10 07:56:15,257 | INFO | Batch 340 | Loss: 0.5725 | Correct: 100/128 | Elapsed Time: 12.87s
2026-02-10 07:56:28,102 | INFO | Batch 350 | Loss: 0.7923 | Correct: 89/128 | Elapsed Time: 12.84s
2026-02-10 07:56:40,875 | INFO | Batch 360 | Loss: 0.5946 | Correct: 101/128 | Elapsed Time: 12.77s
2026-02-10 07:56:53,670 | INFO | Batch 370 | Loss: 0.6043 | Correct: 97/128 | Elapsed Time: 12.79s
2026-02-10 07:57:06,586 | INFO | Batch 380 | Loss: 0.7465 | Correct: 84/128 | Elapsed Time: 12.92s
2026-02-10 07:57:19,291 | INFO | Batch 390 | Loss: 0.6845 | Correct: 100/128 | Elapsed Time: 12.70s
2026-02-10 07:57:20,302 | INFO | Epoch [56/100] - Loss: 0.7140 | Correct: 37248/50000 (74.50%, 501.24s)
2026-02-10 07:58:05,734 | INFO | Validation - Loss: 0.7981 | Correct: 7223/10000 (72.23%) (45.43s)
2026-02-10 07:58:05,876 | INFO | New best model saved at epoch 56 with Top1 Acc: 72.23%
2026-02-10 07:58:18,759 | INFO | Batch 10 | Loss: 0.6109 | Correct: 99/128 | Elapsed Time: 12.88s
2026-02-10 07:58:31,647 | INFO | Batch 20 | Loss: 0.5663 | Correct: 101/128 | Elapsed Time: 12.89s
2026-02-10 07:58:44,373 | INFO | Batch 30 | Loss: 0.6043 | Correct: 104/128 | Elapsed Time: 12.73s
2026-02-10 07:58:57,197 | INFO | Batch 40 | Loss: 0.8229 | Correct: 92/128 | Elapsed Time: 12.82s
2026-02-10 07:59:10,164 | INFO | Batch 50 | Loss: 0.6484 | Correct: 92/128 | Elapsed Time: 12.97s
2026-02-10 07:59:23,054 | INFO | Batch 60 | Loss: 0.6277 | Correct: 104/128 | Elapsed Time: 12.89s
2026-02-10 07:59:35,782 | INFO | Batch 70 | Loss: 0.6995 | Correct: 92/128 | Elapsed Time: 12.73s
2026-02-10 07:59:48,597 | INFO | Batch 80 | Loss: 0.7753 | Correct: 93/128 | Elapsed Time: 12.81s
2026-02-10 08:00:01,435 | INFO | Batch 90 | Loss: 0.6011 | Correct: 102/128 | Elapsed Time: 12.84s
2026-02-10 08:00:14,201 | INFO | Batch 100 | Loss: 0.5307 | Correct: 102/128 | Elapsed Time: 12.77s
2026-02-10 08:00:27,040 | INFO | Batch 110 | Loss: 0.7837 | Correct: 93/128 | Elapsed Time: 12.84s
2026-02-10 08:00:39,852 | INFO | Batch 120 | Loss: 0.6735 | Correct: 99/128 | Elapsed Time: 12.81s
2026-02-10 08:00:52,525 | INFO | Batch 130 | Loss: 0.7148 | Correct: 96/128 | Elapsed Time: 12.67s
2026-02-10 08:01:05,414 | INFO | Batch 140 | Loss: 0.6698 | Correct: 94/128 | Elapsed Time: 12.89s
2026-02-10 08:01:18,224 | INFO | Batch 150 | Loss: 0.7424 | Correct: 96/128 | Elapsed Time: 12.81s
2026-02-10 08:01:30,951 | INFO | Batch 160 | Loss: 0.6698 | Correct: 94/128 | Elapsed Time: 12.73s
2026-02-10 08:01:43,763 | INFO | Batch 170 | Loss: 0.7148 | Correct: 97/128 | Elapsed Time: 12.81s
2026-02-10 08:01:56,590 | INFO | Batch 180 | Loss: 0.7795 | Correct: 92/128 | Elapsed Time: 12.83s
2026-02-10 08:02:09,351 | INFO | Batch 190 | Loss: 0.7384 | Correct: 100/128 | Elapsed Time: 12.76s
2026-02-10 08:02:22,150 | INFO | Batch 200 | Loss: 0.7344 | Correct: 97/128 | Elapsed Time: 12.80s
2026-02-10 08:02:34,966 | INFO | Batch 210 | Loss: 0.7628 | Correct: 94/128 | Elapsed Time: 12.82s
2026-02-10 08:02:47,640 | INFO | Batch 220 | Loss: 0.6519 | Correct: 99/128 | Elapsed Time: 12.67s
2026-02-10 08:03:00,567 | INFO | Batch 230 | Loss: 0.7148 | Correct: 94/128 | Elapsed Time: 12.93s
2026-02-10 08:03:13,623 | INFO | Batch 240 | Loss: 0.7505 | Correct: 92/128 | Elapsed Time: 13.06s
2026-02-10 08:03:26,325 | INFO | Batch 250 | Loss: 0.6380 | Correct: 96/128 | Elapsed Time: 12.70s
2026-02-10 08:03:39,040 | INFO | Batch 260 | Loss: 0.7546 | Correct: 98/128 | Elapsed Time: 12.71s
2026-02-10 08:03:51,812 | INFO | Batch 270 | Loss: 0.7344 | Correct: 92/128 | Elapsed Time: 12.77s
2026-02-10 08:04:04,519 | INFO | Batch 280 | Loss: 0.8364 | Correct: 94/128 | Elapsed Time: 12.71s
2026-02-10 08:04:17,313 | INFO | Batch 290 | Loss: 0.5978 | Correct: 104/128 | Elapsed Time: 12.79s
2026-02-10 08:04:30,133 | INFO | Batch 300 | Loss: 0.7384 | Correct: 91/128 | Elapsed Time: 12.82s
2026-02-10 08:04:42,853 | INFO | Batch 310 | Loss: 0.6209 | Correct: 100/128 | Elapsed Time: 12.72s
2026-02-10 08:04:55,630 | INFO | Batch 320 | Loss: 0.6484 | Correct: 95/128 | Elapsed Time: 12.78s
2026-02-10 08:05:08,553 | INFO | Batch 330 | Loss: 0.6555 | Correct: 95/128 | Elapsed Time: 12.92s
2026-02-10 08:05:21,405 | INFO | Batch 340 | Loss: 0.7344 | Correct: 94/128 | Elapsed Time: 12.85s
2026-02-10 08:05:34,127 | INFO | Batch 350 | Loss: 0.6920 | Correct: 100/128 | Elapsed Time: 12.72s
2026-02-10 08:05:46,972 | INFO | Batch 360 | Loss: 0.7384 | Correct: 93/128 | Elapsed Time: 12.85s
2026-02-10 08:05:59,814 | INFO | Batch 370 | Loss: 0.7148 | Correct: 91/128 | Elapsed Time: 12.84s
2026-02-10 08:06:12,614 | INFO | Batch 380 | Loss: 0.6808 | Correct: 91/128 | Elapsed Time: 12.80s
2026-02-10 08:06:25,438 | INFO | Batch 390 | Loss: 0.5946 | Correct: 102/128 | Elapsed Time: 12.82s
2026-02-10 08:06:26,459 | INFO | Epoch [57/100] - Loss: 0.7112 | Correct: 37298/50000 (74.60%, 500.58s)
2026-02-10 08:07:11,786 | INFO | Validation - Loss: 0.7979 | Correct: 7205/10000 (72.05%) (45.33s)
2026-02-10 08:07:24,625 | INFO | Batch 10 | Loss: 0.6311 | Correct: 98/128 | Elapsed Time: 12.84s
2026-02-10 08:07:37,360 | INFO | Batch 20 | Loss: 0.7265 | Correct: 98/128 | Elapsed Time: 12.73s
2026-02-10 08:07:50,235 | INFO | Batch 30 | Loss: 0.7880 | Correct: 88/128 | Elapsed Time: 12.87s
2026-02-10 08:08:03,179 | INFO | Batch 40 | Loss: 0.7923 | Correct: 94/128 | Elapsed Time: 12.94s
2026-02-10 08:08:15,964 | INFO | Batch 50 | Loss: 0.6882 | Correct: 92/128 | Elapsed Time: 12.78s
2026-02-10 08:08:28,805 | INFO | Batch 60 | Loss: 0.6109 | Correct: 99/128 | Elapsed Time: 12.84s
2026-02-10 08:08:41,653 | INFO | Batch 70 | Loss: 0.9220 | Correct: 86/128 | Elapsed Time: 12.85s
2026-02-10 08:08:54,422 | INFO | Batch 80 | Loss: 0.8096 | Correct: 86/128 | Elapsed Time: 12.77s
2026-02-10 08:09:07,274 | INFO | Batch 90 | Loss: 0.6882 | Correct: 98/128 | Elapsed Time: 12.85s
2026-02-10 08:09:20,053 | INFO | Batch 100 | Loss: 0.6957 | Correct: 93/128 | Elapsed Time: 12.78s
2026-02-10 08:09:32,869 | INFO | Batch 110 | Loss: 0.7587 | Correct: 99/128 | Elapsed Time: 12.82s
2026-02-10 08:09:45,625 | INFO | Batch 120 | Loss: 0.6957 | Correct: 94/128 | Elapsed Time: 12.76s
2026-02-10 08:09:58,494 | INFO | Batch 130 | Loss: 0.5946 | Correct: 102/128 | Elapsed Time: 12.87s
2026-02-10 08:10:11,394 | INFO | Batch 140 | Loss: 0.6662 | Correct: 99/128 | Elapsed Time: 12.90s
2026-02-10 08:10:24,151 | INFO | Batch 150 | Loss: 0.9422 | Correct: 90/128 | Elapsed Time: 12.76s
2026-02-10 08:10:37,050 | INFO | Batch 160 | Loss: 0.6957 | Correct: 93/128 | Elapsed Time: 12.90s
2026-02-10 08:10:49,957 | INFO | Batch 170 | Loss: 0.5978 | Correct: 101/128 | Elapsed Time: 12.91s
2026-02-10 08:11:02,768 | INFO | Batch 180 | Loss: 0.9220 | Correct: 84/128 | Elapsed Time: 12.81s
2026-02-10 08:11:15,663 | INFO | Batch 190 | Loss: 0.5914 | Correct: 107/128 | Elapsed Time: 12.90s
2026-02-10 08:11:28,521 | INFO | Batch 200 | Loss: 0.5850 | Correct: 99/128 | Elapsed Time: 12.86s
2026-02-10 08:11:41,259 | INFO | Batch 210 | Loss: 0.6957 | Correct: 98/128 | Elapsed Time: 12.74s
2026-02-10 08:11:54,125 | INFO | Batch 220 | Loss: 0.7344 | Correct: 100/128 | Elapsed Time: 12.87s
2026-02-10 08:12:07,054 | INFO | Batch 230 | Loss: 0.6484 | Correct: 98/128 | Elapsed Time: 12.93s
2026-02-10 08:12:19,762 | INFO | Batch 240 | Loss: 0.7837 | Correct: 90/128 | Elapsed Time: 12.71s
2026-02-10 08:12:32,577 | INFO | Batch 250 | Loss: 0.7587 | Correct: 96/128 | Elapsed Time: 12.81s
2026-02-10 08:12:45,404 | INFO | Batch 260 | Loss: 0.6882 | Correct: 97/128 | Elapsed Time: 12.83s
2026-02-10 08:12:58,279 | INFO | Batch 270 | Loss: 0.8096 | Correct: 90/128 | Elapsed Time: 12.87s
2026-02-10 08:13:11,496 | INFO | Batch 280 | Loss: 0.7505 | Correct: 94/128 | Elapsed Time: 13.22s
2026-02-10 08:13:24,369 | INFO | Batch 290 | Loss: 0.6142 | Correct: 102/128 | Elapsed Time: 12.87s
2026-02-10 08:13:37,108 | INFO | Batch 300 | Loss: 0.5423 | Correct: 105/128 | Elapsed Time: 12.74s
2026-02-10 08:13:49,973 | INFO | Batch 310 | Loss: 0.7966 | Correct: 95/128 | Elapsed Time: 12.86s
2026-02-10 08:14:02,809 | INFO | Batch 320 | Loss: 0.6882 | Correct: 95/128 | Elapsed Time: 12.84s
2026-02-10 08:14:15,574 | INFO | Batch 330 | Loss: 0.6590 | Correct: 97/128 | Elapsed Time: 12.77s
2026-02-10 08:14:28,472 | INFO | Batch 340 | Loss: 0.8829 | Correct: 89/128 | Elapsed Time: 12.90s
2026-02-10 08:14:41,431 | INFO | Batch 350 | Loss: 0.7628 | Correct: 90/128 | Elapsed Time: 12.96s
2026-02-10 08:14:54,351 | INFO | Batch 360 | Loss: 0.5978 | Correct: 99/128 | Elapsed Time: 12.92s
2026-02-10 08:15:07,457 | INFO | Batch 370 | Loss: 0.6590 | Correct: 100/128 | Elapsed Time: 13.11s
2026-02-10 08:15:20,467 | INFO | Batch 380 | Loss: 0.6449 | Correct: 100/128 | Elapsed Time: 13.01s
2026-02-10 08:15:33,482 | INFO | Batch 390 | Loss: 0.6011 | Correct: 97/128 | Elapsed Time: 13.01s
2026-02-10 08:15:34,520 | INFO | Epoch [58/100] - Loss: 0.7065 | Correct: 37497/50000 (74.99%, 502.73s)
2026-02-10 08:16:20,454 | INFO | Validation - Loss: 0.7915 | Correct: 7215/10000 (72.15%) (45.93s)
2026-02-10 08:16:33,359 | INFO | Batch 10 | Loss: 0.6662 | Correct: 93/128 | Elapsed Time: 12.90s
2026-02-10 08:16:46,361 | INFO | Batch 20 | Loss: 0.6484 | Correct: 100/128 | Elapsed Time: 13.00s
2026-02-10 08:16:59,367 | INFO | Batch 30 | Loss: 0.7546 | Correct: 94/128 | Elapsed Time: 13.01s
2026-02-10 08:17:12,500 | INFO | Batch 40 | Loss: 0.4762 | Correct: 113/128 | Elapsed Time: 13.13s
2026-02-10 08:17:25,336 | INFO | Batch 50 | Loss: 0.6449 | Correct: 96/128 | Elapsed Time: 12.84s
2026-02-10 08:17:38,309 | INFO | Batch 60 | Loss: 0.7424 | Correct: 90/128 | Elapsed Time: 12.97s
2026-02-10 08:17:51,270 | INFO | Batch 70 | Loss: 0.6519 | Correct: 100/128 | Elapsed Time: 12.96s
2026-02-10 08:18:04,234 | INFO | Batch 80 | Loss: 0.7109 | Correct: 93/128 | Elapsed Time: 12.96s
2026-02-10 08:18:17,267 | INFO | Batch 90 | Loss: 0.7546 | Correct: 94/128 | Elapsed Time: 13.03s
2026-02-10 08:18:30,308 | INFO | Batch 100 | Loss: 0.8409 | Correct: 89/128 | Elapsed Time: 13.04s
2026-02-10 08:18:43,253 | INFO | Batch 110 | Loss: 0.5756 | Correct: 97/128 | Elapsed Time: 12.94s
2026-02-10 08:18:56,265 | INFO | Batch 120 | Loss: 0.6555 | Correct: 98/128 | Elapsed Time: 13.01s
2026-02-10 08:19:09,265 | INFO | Batch 130 | Loss: 0.7505 | Correct: 90/128 | Elapsed Time: 13.00s
2026-02-10 08:19:22,122 | INFO | Batch 140 | Loss: 0.7546 | Correct: 92/128 | Elapsed Time: 12.86s
2026-02-10 08:19:35,032 | INFO | Batch 150 | Loss: 0.9422 | Correct: 91/128 | Elapsed Time: 12.91s
2026-02-10 08:19:48,077 | INFO | Batch 160 | Loss: 0.8593 | Correct: 89/128 | Elapsed Time: 13.04s
2026-02-10 08:20:01,052 | INFO | Batch 170 | Loss: 0.7711 | Correct: 99/128 | Elapsed Time: 12.97s
2026-02-10 08:20:14,137 | INFO | Batch 180 | Loss: 0.6771 | Correct: 100/128 | Elapsed Time: 13.09s
2026-02-10 08:20:27,177 | INFO | Batch 190 | Loss: 0.6845 | Correct: 94/128 | Elapsed Time: 13.04s
2026-02-10 08:20:40,156 | INFO | Batch 200 | Loss: 0.7384 | Correct: 97/128 | Elapsed Time: 12.98s
2026-02-10 08:20:53,230 | INFO | Batch 210 | Loss: 0.7305 | Correct: 97/128 | Elapsed Time: 13.07s
2026-02-10 08:21:06,356 | INFO | Batch 220 | Loss: 0.7305 | Correct: 93/128 | Elapsed Time: 13.13s
2026-02-10 08:21:19,298 | INFO | Batch 230 | Loss: 0.7795 | Correct: 92/128 | Elapsed Time: 12.94s
2026-02-10 08:21:32,372 | INFO | Batch 240 | Loss: 0.7505 | Correct: 87/128 | Elapsed Time: 13.07s
2026-02-10 08:21:45,417 | INFO | Batch 250 | Loss: 0.6011 | Correct: 98/128 | Elapsed Time: 13.05s
2026-02-10 08:21:58,310 | INFO | Batch 260 | Loss: 0.6043 | Correct: 98/128 | Elapsed Time: 12.89s
2026-02-10 08:22:11,396 | INFO | Batch 270 | Loss: 0.6414 | Correct: 97/128 | Elapsed Time: 13.09s
2026-02-10 08:22:24,472 | INFO | Batch 280 | Loss: 0.6882 | Correct: 97/128 | Elapsed Time: 13.08s
2026-02-10 08:22:37,443 | INFO | Batch 290 | Loss: 0.7109 | Correct: 93/128 | Elapsed Time: 12.97s
2026-02-10 08:22:50,521 | INFO | Batch 300 | Loss: 0.7923 | Correct: 93/128 | Elapsed Time: 13.08s
2026-02-10 08:23:04,102 | INFO | Batch 310 | Loss: 0.6698 | Correct: 104/128 | Elapsed Time: 13.58s
2026-02-10 08:23:17,130 | INFO | Batch 320 | Loss: 0.6142 | Correct: 102/128 | Elapsed Time: 13.03s
2026-02-10 08:23:30,253 | INFO | Batch 330 | Loss: 0.7033 | Correct: 93/128 | Elapsed Time: 13.12s
2026-02-10 08:23:43,343 | INFO | Batch 340 | Loss: 0.7424 | Correct: 96/128 | Elapsed Time: 13.09s
2026-02-10 08:23:56,387 | INFO | Batch 350 | Loss: 0.6957 | Correct: 93/128 | Elapsed Time: 13.04s
2026-02-10 08:24:09,355 | INFO | Batch 360 | Loss: 0.6920 | Correct: 95/128 | Elapsed Time: 12.97s
2026-02-10 08:24:22,375 | INFO | Batch 370 | Loss: 0.6555 | Correct: 97/128 | Elapsed Time: 13.02s
2026-02-10 08:24:35,331 | INFO | Batch 380 | Loss: 0.7424 | Correct: 99/128 | Elapsed Time: 12.96s
2026-02-10 08:24:48,049 | INFO | Batch 390 | Loss: 0.7109 | Correct: 98/128 | Elapsed Time: 12.72s
2026-02-10 08:24:49,071 | INFO | Epoch [59/100] - Loss: 0.7012 | Correct: 37564/50000 (75.13%, 508.61s)
2026-02-10 08:25:34,740 | INFO | Validation - Loss: 0.8041 | Correct: 7196/10000 (71.96%) (45.67s)
2026-02-10 08:25:47,617 | INFO | Batch 10 | Loss: 0.6662 | Correct: 100/128 | Elapsed Time: 12.87s
2026-02-10 08:26:00,510 | INFO | Batch 20 | Loss: 0.8140 | Correct: 93/128 | Elapsed Time: 12.89s
2026-02-10 08:26:13,438 | INFO | Batch 30 | Loss: 0.6920 | Correct: 100/128 | Elapsed Time: 12.93s
2026-02-10 08:26:26,370 | INFO | Batch 40 | Loss: 0.6662 | Correct: 96/128 | Elapsed Time: 12.93s
2026-02-10 08:26:39,368 | INFO | Batch 50 | Loss: 0.7795 | Correct: 92/128 | Elapsed Time: 13.00s
2026-02-10 08:26:52,319 | INFO | Batch 60 | Loss: 0.7071 | Correct: 97/128 | Elapsed Time: 12.95s
2026-02-10 08:27:05,499 | INFO | Batch 70 | Loss: 0.7923 | Correct: 97/128 | Elapsed Time: 13.18s
2026-02-10 08:27:18,478 | INFO | Batch 80 | Loss: 0.6076 | Correct: 99/128 | Elapsed Time: 12.98s
2026-02-10 08:27:31,389 | INFO | Batch 90 | Loss: 0.6662 | Correct: 100/128 | Elapsed Time: 12.91s
2026-02-10 08:27:44,388 | INFO | Batch 100 | Loss: 0.6735 | Correct: 95/128 | Elapsed Time: 13.00s
2026-02-10 08:27:57,400 | INFO | Batch 110 | Loss: 0.7711 | Correct: 92/128 | Elapsed Time: 13.01s
2026-02-10 08:28:10,436 | INFO | Batch 120 | Loss: 0.6662 | Correct: 94/128 | Elapsed Time: 13.04s
2026-02-10 08:28:23,372 | INFO | Batch 130 | Loss: 0.5978 | Correct: 100/128 | Elapsed Time: 12.94s
2026-02-10 08:28:36,414 | INFO | Batch 140 | Loss: 0.7465 | Correct: 89/128 | Elapsed Time: 13.04s
2026-02-10 08:28:49,487 | INFO | Batch 150 | Loss: 0.7265 | Correct: 95/128 | Elapsed Time: 13.07s
2026-02-10 08:29:02,409 | INFO | Batch 160 | Loss: 0.7148 | Correct: 101/128 | Elapsed Time: 12.92s
2026-02-10 08:29:15,515 | INFO | Batch 170 | Loss: 0.5850 | Correct: 103/128 | Elapsed Time: 13.11s
2026-02-10 08:29:28,534 | INFO | Batch 180 | Loss: 0.6808 | Correct: 94/128 | Elapsed Time: 13.02s
2026-02-10 08:29:41,484 | INFO | Batch 190 | Loss: 0.6311 | Correct: 95/128 | Elapsed Time: 12.95s
2026-02-10 08:29:54,501 | INFO | Batch 200 | Loss: 0.6109 | Correct: 95/128 | Elapsed Time: 13.02s
2026-02-10 08:30:07,610 | INFO | Batch 210 | Loss: 0.7966 | Correct: 96/128 | Elapsed Time: 13.11s
2026-02-10 08:30:20,507 | INFO | Batch 220 | Loss: 0.7226 | Correct: 90/128 | Elapsed Time: 12.90s
2026-02-10 08:30:33,536 | INFO | Batch 230 | Loss: 0.6771 | Correct: 96/128 | Elapsed Time: 13.03s
2026-02-10 08:30:46,596 | INFO | Batch 240 | Loss: 0.7795 | Correct: 87/128 | Elapsed Time: 13.06s
2026-02-10 08:30:59,578 | INFO | Batch 250 | Loss: 0.5193 | Correct: 102/128 | Elapsed Time: 12.98s
2026-02-10 08:31:12,646 | INFO | Batch 260 | Loss: 0.6011 | Correct: 99/128 | Elapsed Time: 13.07s
2026-02-10 08:31:25,693 | INFO | Batch 270 | Loss: 0.7880 | Correct: 93/128 | Elapsed Time: 13.05s
2026-02-10 08:31:38,633 | INFO | Batch 280 | Loss: 0.6555 | Correct: 98/128 | Elapsed Time: 12.94s
2026-02-10 08:31:51,676 | INFO | Batch 290 | Loss: 0.7187 | Correct: 93/128 | Elapsed Time: 13.04s
2026-02-10 08:32:04,772 | INFO | Batch 300 | Loss: 0.7187 | Correct: 98/128 | Elapsed Time: 13.10s
2026-02-10 08:32:17,680 | INFO | Batch 310 | Loss: 0.5336 | Correct: 101/128 | Elapsed Time: 12.91s
2026-02-10 08:32:30,736 | INFO | Batch 320 | Loss: 0.7424 | Correct: 90/128 | Elapsed Time: 13.06s
2026-02-10 08:32:43,774 | INFO | Batch 330 | Loss: 0.7226 | Correct: 93/128 | Elapsed Time: 13.04s
2026-02-10 08:32:56,795 | INFO | Batch 340 | Loss: 0.8229 | Correct: 92/128 | Elapsed Time: 13.02s
2026-02-10 08:33:10,260 | INFO | Batch 350 | Loss: 0.6626 | Correct: 95/128 | Elapsed Time: 13.47s
2026-02-10 08:33:23,335 | INFO | Batch 360 | Loss: 0.7187 | Correct: 90/128 | Elapsed Time: 13.07s
2026-02-10 08:33:36,303 | INFO | Batch 370 | Loss: 0.5482 | Correct: 102/128 | Elapsed Time: 12.97s
2026-02-10 08:33:49,391 | INFO | Batch 380 | Loss: 0.6626 | Correct: 92/128 | Elapsed Time: 13.09s
2026-02-10 08:34:02,494 | INFO | Batch 390 | Loss: 0.6735 | Correct: 96/128 | Elapsed Time: 13.10s
2026-02-10 08:34:03,549 | INFO | Epoch [60/100] - Loss: 0.6992 | Correct: 37573/50000 (75.15%, 508.81s)
2026-02-10 08:34:49,608 | INFO | Validation - Loss: 0.8002 | Correct: 7191/10000 (71.91%) (46.06s)
2026-02-10 08:35:02,734 | INFO | Batch 10 | Loss: 0.8829 | Correct: 86/128 | Elapsed Time: 13.12s
2026-02-10 08:35:15,720 | INFO | Batch 20 | Loss: 0.6345 | Correct: 97/128 | Elapsed Time: 12.99s
2026-02-10 08:35:28,774 | INFO | Batch 30 | Loss: 0.5882 | Correct: 101/128 | Elapsed Time: 13.05s
2026-02-10 08:35:41,770 | INFO | Batch 40 | Loss: 0.6519 | Correct: 99/128 | Elapsed Time: 13.00s
2026-02-10 08:35:54,654 | INFO | Batch 50 | Loss: 0.7711 | Correct: 90/128 | Elapsed Time: 12.88s
2026-02-10 08:36:07,765 | INFO | Batch 60 | Loss: 0.6519 | Correct: 102/128 | Elapsed Time: 13.11s
2026-02-10 08:36:20,762 | INFO | Batch 70 | Loss: 0.4946 | Correct: 111/128 | Elapsed Time: 13.00s
2026-02-10 08:36:33,637 | INFO | Batch 80 | Loss: 0.5394 | Correct: 103/128 | Elapsed Time: 12.87s
2026-02-10 08:36:46,723 | INFO | Batch 90 | Loss: 0.4866 | Correct: 109/128 | Elapsed Time: 13.09s
2026-02-10 08:36:59,738 | INFO | Batch 100 | Loss: 0.7344 | Correct: 96/128 | Elapsed Time: 13.02s
2026-02-10 08:37:12,693 | INFO | Batch 110 | Loss: 0.6920 | Correct: 101/128 | Elapsed Time: 12.95s
2026-02-10 08:37:25,791 | INFO | Batch 120 | Loss: 0.8925 | Correct: 89/128 | Elapsed Time: 13.10s
2026-02-10 08:37:38,812 | INFO | Batch 130 | Loss: 0.6771 | Correct: 92/128 | Elapsed Time: 13.02s
2026-02-10 08:37:51,831 | INFO | Batch 140 | Loss: 0.6590 | Correct: 97/128 | Elapsed Time: 13.02s
2026-02-10 08:38:04,746 | INFO | Batch 150 | Loss: 0.5725 | Correct: 102/128 | Elapsed Time: 12.92s
2026-02-10 08:38:17,887 | INFO | Batch 160 | Loss: 0.6311 | Correct: 101/128 | Elapsed Time: 13.14s
2026-02-10 08:38:30,958 | INFO | Batch 170 | Loss: 0.5819 | Correct: 98/128 | Elapsed Time: 13.07s
2026-02-10 08:38:43,872 | INFO | Batch 180 | Loss: 0.6011 | Correct: 99/128 | Elapsed Time: 12.91s
2026-02-10 08:38:56,956 | INFO | Batch 190 | Loss: 0.5756 | Correct: 98/128 | Elapsed Time: 13.08s
2026-02-10 08:39:10,008 | INFO | Batch 200 | Loss: 0.5978 | Correct: 103/128 | Elapsed Time: 13.05s
2026-02-10 08:39:22,894 | INFO | Batch 210 | Loss: 0.6519 | Correct: 105/128 | Elapsed Time: 12.89s
2026-02-10 08:39:35,866 | INFO | Batch 220 | Loss: 0.7187 | Correct: 100/128 | Elapsed Time: 12.97s
2026-02-10 08:39:48,817 | INFO | Batch 230 | Loss: 0.6311 | Correct: 95/128 | Elapsed Time: 12.95s
2026-02-10 08:40:01,691 | INFO | Batch 240 | Loss: 0.7669 | Correct: 91/128 | Elapsed Time: 12.87s
2026-02-10 08:40:14,763 | INFO | Batch 250 | Loss: 0.7465 | Correct: 94/128 | Elapsed Time: 13.07s
2026-02-10 08:40:27,810 | INFO | Batch 260 | Loss: 0.8829 | Correct: 92/128 | Elapsed Time: 13.05s
2026-02-10 08:40:40,760 | INFO | Batch 270 | Loss: 0.6808 | Correct: 98/128 | Elapsed Time: 12.95s
2026-02-10 08:40:53,807 | INFO | Batch 280 | Loss: 0.8925 | Correct: 88/128 | Elapsed Time: 13.05s
2026-02-10 08:41:06,874 | INFO | Batch 290 | Loss: 0.6076 | Correct: 101/128 | Elapsed Time: 13.07s
2026-02-10 08:41:19,790 | INFO | Batch 300 | Loss: 0.7880 | Correct: 91/128 | Elapsed Time: 12.92s
2026-02-10 08:41:32,867 | INFO | Batch 310 | Loss: 0.8009 | Correct: 99/128 | Elapsed Time: 13.08s
2026-02-10 08:41:45,898 | INFO | Batch 320 | Loss: 0.7109 | Correct: 96/128 | Elapsed Time: 13.03s
2026-02-10 08:41:58,827 | INFO | Batch 330 | Loss: 0.7148 | Correct: 90/128 | Elapsed Time: 12.93s
2026-02-10 08:42:11,946 | INFO | Batch 340 | Loss: 0.6380 | Correct: 96/128 | Elapsed Time: 13.12s
2026-02-10 08:42:24,996 | INFO | Batch 350 | Loss: 0.5978 | Correct: 101/128 | Elapsed Time: 13.05s
2026-02-10 08:42:37,944 | INFO | Batch 360 | Loss: 0.6209 | Correct: 103/128 | Elapsed Time: 12.95s
2026-02-10 08:42:51,015 | INFO | Batch 370 | Loss: 0.6590 | Correct: 95/128 | Elapsed Time: 13.07s
2026-02-10 08:43:04,799 | INFO | Batch 380 | Loss: 0.7628 | Correct: 94/128 | Elapsed Time: 13.78s
2026-02-10 08:43:17,743 | INFO | Batch 390 | Loss: 0.6449 | Correct: 94/128 | Elapsed Time: 12.94s
2026-02-10 08:43:18,895 | INFO | Epoch [61/100] - Loss: 0.6939 | Correct: 37572/50000 (75.14%, 509.28s)
2026-02-10 08:44:05,190 | INFO | Validation - Loss: 0.8001 | Correct: 7213/10000 (72.13%) (46.29s)
2026-02-10 08:44:18,154 | INFO | Batch 10 | Loss: 0.7669 | Correct: 98/128 | Elapsed Time: 12.96s
2026-02-10 08:44:31,190 | INFO | Batch 20 | Loss: 0.7187 | Correct: 98/128 | Elapsed Time: 13.04s
2026-02-10 08:44:44,241 | INFO | Batch 30 | Loss: 0.8364 | Correct: 87/128 | Elapsed Time: 13.05s
2026-02-10 08:44:57,160 | INFO | Batch 40 | Loss: 0.6076 | Correct: 102/128 | Elapsed Time: 12.92s
2026-02-10 08:45:10,322 | INFO | Batch 50 | Loss: 0.7226 | Correct: 98/128 | Elapsed Time: 13.16s
2026-02-10 08:45:23,357 | INFO | Batch 60 | Loss: 0.7109 | Correct: 88/128 | Elapsed Time: 13.03s
2026-02-10 08:45:36,308 | INFO | Batch 70 | Loss: 0.8318 | Correct: 87/128 | Elapsed Time: 12.95s
2026-02-10 08:45:49,368 | INFO | Batch 80 | Loss: 0.7424 | Correct: 96/128 | Elapsed Time: 13.06s
2026-02-10 08:46:02,456 | INFO | Batch 90 | Loss: 0.5394 | Correct: 101/128 | Elapsed Time: 13.09s
2026-02-10 08:46:15,481 | INFO | Batch 100 | Loss: 0.6311 | Correct: 93/128 | Elapsed Time: 13.03s
2026-02-10 08:46:28,486 | INFO | Batch 110 | Loss: 0.7505 | Correct: 91/128 | Elapsed Time: 13.00s
2026-02-10 08:46:41,480 | INFO | Batch 120 | Loss: 0.7923 | Correct: 94/128 | Elapsed Time: 12.99s
2026-02-10 08:46:54,380 | INFO | Batch 130 | Loss: 0.7226 | Correct: 97/128 | Elapsed Time: 12.90s
2026-02-10 08:47:07,461 | INFO | Batch 140 | Loss: 0.5054 | Correct: 106/128 | Elapsed Time: 13.08s
2026-02-10 08:47:20,516 | INFO | Batch 150 | Loss: 0.6311 | Correct: 102/128 | Elapsed Time: 13.05s
2026-02-10 08:47:33,450 | INFO | Batch 160 | Loss: 0.6311 | Correct: 99/128 | Elapsed Time: 12.93s
2026-02-10 08:47:46,514 | INFO | Batch 170 | Loss: 0.5394 | Correct: 106/128 | Elapsed Time: 13.06s
2026-02-10 08:47:59,534 | INFO | Batch 180 | Loss: 0.5542 | Correct: 102/128 | Elapsed Time: 13.02s
2026-02-10 08:48:12,684 | INFO | Batch 190 | Loss: 0.7226 | Correct: 96/128 | Elapsed Time: 13.15s
2026-02-10 08:48:25,542 | INFO | Batch 200 | Loss: 0.7753 | Correct: 91/128 | Elapsed Time: 12.86s
2026-02-10 08:48:38,555 | INFO | Batch 210 | Loss: 0.7148 | Correct: 102/128 | Elapsed Time: 13.01s
2026-02-10 08:48:51,580 | INFO | Batch 220 | Loss: 0.5633 | Correct: 105/128 | Elapsed Time: 13.03s
2026-02-10 08:49:04,572 | INFO | Batch 230 | Loss: 0.6043 | Correct: 97/128 | Elapsed Time: 12.99s
2026-02-10 08:49:17,617 | INFO | Batch 240 | Loss: 0.6209 | Correct: 101/128 | Elapsed Time: 13.05s
2026-02-10 08:49:30,647 | INFO | Batch 250 | Loss: 0.7148 | Correct: 91/128 | Elapsed Time: 13.03s
2026-02-10 08:49:43,586 | INFO | Batch 260 | Loss: 0.6845 | Correct: 95/128 | Elapsed Time: 12.94s
2026-02-10 08:49:56,637 | INFO | Batch 270 | Loss: 0.8318 | Correct: 90/128 | Elapsed Time: 13.05s
2026-02-10 08:50:09,753 | INFO | Batch 280 | Loss: 0.7344 | Correct: 91/128 | Elapsed Time: 13.12s
2026-02-10 08:50:22,679 | INFO | Batch 290 | Loss: 0.7187 | Correct: 90/128 | Elapsed Time: 12.93s
2026-02-10 08:50:35,738 | INFO | Batch 300 | Loss: 0.5850 | Correct: 95/128 | Elapsed Time: 13.06s
2026-02-10 08:50:48,765 | INFO | Batch 310 | Loss: 0.6808 | Correct: 97/128 | Elapsed Time: 13.03s
2026-02-10 08:51:01,702 | INFO | Batch 320 | Loss: 0.7628 | Correct: 88/128 | Elapsed Time: 12.94s
2026-02-10 08:51:14,779 | INFO | Batch 330 | Loss: 0.7465 | Correct: 95/128 | Elapsed Time: 13.08s
2026-02-10 08:51:27,822 | INFO | Batch 340 | Loss: 0.7505 | Correct: 91/128 | Elapsed Time: 13.04s
2026-02-10 08:51:40,741 | INFO | Batch 350 | Loss: 0.8052 | Correct: 94/128 | Elapsed Time: 12.92s
2026-02-10 08:51:53,793 | INFO | Batch 360 | Loss: 0.7669 | Correct: 91/128 | Elapsed Time: 13.05s
2026-02-10 08:52:06,968 | INFO | Batch 370 | Loss: 0.5250 | Correct: 105/128 | Elapsed Time: 13.18s
2026-02-10 08:52:19,899 | INFO | Batch 380 | Loss: 0.7505 | Correct: 92/128 | Elapsed Time: 12.93s
2026-02-10 08:52:32,947 | INFO | Batch 390 | Loss: 0.7187 | Correct: 96/128 | Elapsed Time: 13.05s
2026-02-10 08:52:33,984 | INFO | Epoch [62/100] - Loss: 0.6969 | Correct: 37453/50000 (74.91%, 508.79s)
2026-02-10 08:53:20,523 | INFO | Validation - Loss: 0.8001 | Correct: 7207/10000 (72.07%) (46.54s)
2026-02-10 08:53:33,570 | INFO | Batch 10 | Loss: 0.6662 | Correct: 97/128 | Elapsed Time: 13.04s
2026-02-10 08:53:46,620 | INFO | Batch 20 | Loss: 0.7148 | Correct: 100/128 | Elapsed Time: 13.05s
2026-02-10 08:53:59,582 | INFO | Batch 30 | Loss: 0.8409 | Correct: 94/128 | Elapsed Time: 12.96s
2026-02-10 08:54:12,714 | INFO | Batch 40 | Loss: 0.6345 | Correct: 96/128 | Elapsed Time: 13.13s
2026-02-10 08:54:25,756 | INFO | Batch 50 | Loss: 0.6414 | Correct: 99/128 | Elapsed Time: 13.04s
2026-02-10 08:54:38,701 | INFO | Batch 60 | Loss: 0.6808 | Correct: 94/128 | Elapsed Time: 12.94s
2026-02-10 08:54:51,769 | INFO | Batch 70 | Loss: 0.6484 | Correct: 97/128 | Elapsed Time: 13.07s
2026-02-10 08:55:04,860 | INFO | Batch 80 | Loss: 0.7923 | Correct: 91/128 | Elapsed Time: 13.09s
2026-02-10 08:55:17,820 | INFO | Batch 90 | Loss: 0.6345 | Correct: 100/128 | Elapsed Time: 12.96s
2026-02-10 08:55:30,868 | INFO | Batch 100 | Loss: 0.7265 | Correct: 95/128 | Elapsed Time: 13.05s
2026-02-10 08:55:43,880 | INFO | Batch 110 | Loss: 0.6662 | Correct: 94/128 | Elapsed Time: 13.01s
2026-02-10 08:55:56,810 | INFO | Batch 120 | Loss: 0.9628 | Correct: 85/128 | Elapsed Time: 12.93s
2026-02-10 08:56:09,900 | INFO | Batch 130 | Loss: 0.6771 | Correct: 95/128 | Elapsed Time: 13.09s
2026-02-10 08:56:23,015 | INFO | Batch 140 | Loss: 0.7384 | Correct: 97/128 | Elapsed Time: 13.11s
2026-02-10 08:56:36,028 | INFO | Batch 150 | Loss: 0.8229 | Correct: 84/128 | Elapsed Time: 13.01s
2026-02-10 08:56:49,121 | INFO | Batch 160 | Loss: 0.5482 | Correct: 105/128 | Elapsed Time: 13.09s
2026-02-10 08:57:02,172 | INFO | Batch 170 | Loss: 0.5819 | Correct: 101/128 | Elapsed Time: 13.05s
2026-02-10 08:57:15,172 | INFO | Batch 180 | Loss: 0.6243 | Correct: 95/128 | Elapsed Time: 13.00s
2026-02-10 08:57:28,268 | INFO | Batch 190 | Loss: 0.6957 | Correct: 96/128 | Elapsed Time: 13.10s
2026-02-10 08:57:41,287 | INFO | Batch 200 | Loss: 0.8009 | Correct: 96/128 | Elapsed Time: 13.02s
2026-02-10 08:57:54,343 | INFO | Batch 210 | Loss: 0.6957 | Correct: 99/128 | Elapsed Time: 13.06s
2026-02-10 08:58:07,284 | INFO | Batch 220 | Loss: 0.6882 | Correct: 96/128 | Elapsed Time: 12.94s
2026-02-10 08:58:20,277 | INFO | Batch 230 | Loss: 0.6311 | Correct: 98/128 | Elapsed Time: 12.99s
2026-02-10 08:58:33,260 | INFO | Batch 240 | Loss: 0.6076 | Correct: 101/128 | Elapsed Time: 12.98s
2026-02-10 08:58:46,041 | INFO | Batch 250 | Loss: 0.7546 | Correct: 94/128 | Elapsed Time: 12.78s
2026-02-10 08:58:58,927 | INFO | Batch 260 | Loss: 0.7384 | Correct: 91/128 | Elapsed Time: 12.89s
2026-02-10 08:59:11,940 | INFO | Batch 270 | Loss: 0.6662 | Correct: 99/128 | Elapsed Time: 13.01s
2026-02-10 08:59:24,805 | INFO | Batch 280 | Loss: 0.7587 | Correct: 93/128 | Elapsed Time: 12.86s
2026-02-10 08:59:37,767 | INFO | Batch 290 | Loss: 0.5482 | Correct: 104/128 | Elapsed Time: 12.96s
2026-02-10 08:59:50,685 | INFO | Batch 300 | Loss: 0.7669 | Correct: 94/128 | Elapsed Time: 12.92s
2026-02-10 09:00:03,577 | INFO | Batch 310 | Loss: 0.5542 | Correct: 100/128 | Elapsed Time: 12.89s
2026-02-10 09:00:16,539 | INFO | Batch 320 | Loss: 0.6209 | Correct: 104/128 | Elapsed Time: 12.96s
2026-02-10 09:00:29,541 | INFO | Batch 330 | Loss: 0.8096 | Correct: 96/128 | Elapsed Time: 13.00s
2026-02-10 09:00:42,350 | INFO | Batch 340 | Loss: 0.6957 | Correct: 94/128 | Elapsed Time: 12.81s
2026-02-10 09:00:55,278 | INFO | Batch 350 | Loss: 0.8318 | Correct: 92/128 | Elapsed Time: 12.93s
2026-02-10 09:01:08,427 | INFO | Batch 360 | Loss: 0.7880 | Correct: 90/128 | Elapsed Time: 13.15s
2026-02-10 09:01:21,420 | INFO | Batch 370 | Loss: 0.7033 | Correct: 95/128 | Elapsed Time: 12.99s
2026-02-10 09:01:34,509 | INFO | Batch 380 | Loss: 0.7187 | Correct: 94/128 | Elapsed Time: 13.09s
2026-02-10 09:01:47,587 | INFO | Batch 390 | Loss: 0.7669 | Correct: 91/128 | Elapsed Time: 13.08s
2026-02-10 09:01:48,628 | INFO | Epoch [63/100] - Loss: 0.6976 | Correct: 37534/50000 (75.07%, 508.10s)
2026-02-10 09:02:34,779 | INFO | Validation - Loss: 0.7968 | Correct: 7210/10000 (72.10%) (46.15s)
2026-02-10 09:02:47,832 | INFO | Batch 10 | Loss: 0.7148 | Correct: 95/128 | Elapsed Time: 13.05s
2026-02-10 09:03:00,952 | INFO | Batch 20 | Loss: 0.6808 | Correct: 100/128 | Elapsed Time: 13.12s
2026-02-10 09:03:14,421 | INFO | Batch 30 | Loss: 0.8273 | Correct: 89/128 | Elapsed Time: 13.47s
2026-02-10 09:03:27,523 | INFO | Batch 40 | Loss: 0.5572 | Correct: 103/128 | Elapsed Time: 13.10s
2026-02-10 09:03:40,446 | INFO | Batch 50 | Loss: 0.6380 | Correct: 100/128 | Elapsed Time: 12.92s
2026-02-10 09:03:53,481 | INFO | Batch 60 | Loss: 0.8229 | Correct: 89/128 | Elapsed Time: 13.04s
2026-02-10 09:04:06,618 | INFO | Batch 70 | Loss: 0.7795 | Correct: 87/128 | Elapsed Time: 13.14s
2026-02-10 09:04:19,543 | INFO | Batch 80 | Loss: 0.6011 | Correct: 106/128 | Elapsed Time: 12.92s
2026-02-10 09:04:32,586 | INFO | Batch 90 | Loss: 0.7880 | Correct: 97/128 | Elapsed Time: 13.04s
2026-02-10 09:04:45,606 | INFO | Batch 100 | Loss: 0.8140 | Correct: 87/128 | Elapsed Time: 13.02s
2026-02-10 09:04:58,479 | INFO | Batch 110 | Loss: 0.6771 | Correct: 96/128 | Elapsed Time: 12.87s
2026-02-10 09:05:11,524 | INFO | Batch 120 | Loss: 0.6845 | Correct: 98/128 | Elapsed Time: 13.05s
2026-02-10 09:05:24,489 | INFO | Batch 130 | Loss: 0.7226 | Correct: 95/128 | Elapsed Time: 12.96s
2026-02-10 09:05:37,432 | INFO | Batch 140 | Loss: 0.6277 | Correct: 100/128 | Elapsed Time: 12.94s
2026-02-10 09:05:50,459 | INFO | Batch 150 | Loss: 0.7305 | Correct: 94/128 | Elapsed Time: 13.03s
2026-02-10 09:06:03,593 | INFO | Batch 160 | Loss: 0.5307 | Correct: 104/128 | Elapsed Time: 13.13s
2026-02-10 09:06:16,568 | INFO | Batch 170 | Loss: 0.5756 | Correct: 101/128 | Elapsed Time: 12.97s
2026-02-10 09:06:29,633 | INFO | Batch 180 | Loss: 0.8925 | Correct: 86/128 | Elapsed Time: 13.06s
2026-02-10 09:06:42,713 | INFO | Batch 190 | Loss: 0.5250 | Correct: 108/128 | Elapsed Time: 13.08s
2026-02-10 09:06:55,623 | INFO | Batch 200 | Loss: 0.6771 | Correct: 99/128 | Elapsed Time: 12.91s
2026-02-10 09:07:08,745 | INFO | Batch 210 | Loss: 0.6555 | Correct: 96/128 | Elapsed Time: 13.12s
2026-02-10 09:07:21,780 | INFO | Batch 220 | Loss: 0.8096 | Correct: 94/128 | Elapsed Time: 13.03s
2026-02-10 09:07:34,831 | INFO | Batch 230 | Loss: 0.8409 | Correct: 83/128 | Elapsed Time: 13.05s
2026-02-10 09:07:47,724 | INFO | Batch 240 | Loss: 0.6555 | Correct: 93/128 | Elapsed Time: 12.89s
2026-02-10 09:08:00,771 | INFO | Batch 250 | Loss: 0.5978 | Correct: 100/128 | Elapsed Time: 13.05s
2026-02-10 09:08:13,880 | INFO | Batch 260 | Loss: 0.7753 | Correct: 92/128 | Elapsed Time: 13.11s
2026-02-10 09:08:26,833 | INFO | Batch 270 | Loss: 0.6209 | Correct: 102/128 | Elapsed Time: 12.95s
2026-02-10 09:08:39,870 | INFO | Batch 280 | Loss: 0.7505 | Correct: 94/128 | Elapsed Time: 13.04s
2026-02-10 09:08:52,830 | INFO | Batch 290 | Loss: 0.6176 | Correct: 95/128 | Elapsed Time: 12.96s
2026-02-10 09:09:05,753 | INFO | Batch 300 | Loss: 0.6957 | Correct: 94/128 | Elapsed Time: 12.92s
2026-02-10 09:09:18,800 | INFO | Batch 310 | Loss: 0.7109 | Correct: 91/128 | Elapsed Time: 13.05s
2026-02-10 09:09:31,877 | INFO | Batch 320 | Loss: 0.6882 | Correct: 97/128 | Elapsed Time: 13.08s
2026-02-10 09:09:44,838 | INFO | Batch 330 | Loss: 0.7424 | Correct: 98/128 | Elapsed Time: 12.96s
2026-02-10 09:09:57,907 | INFO | Batch 340 | Loss: 0.7795 | Correct: 89/128 | Elapsed Time: 13.07s
2026-02-10 09:10:11,042 | INFO | Batch 350 | Loss: 0.7587 | Correct: 94/128 | Elapsed Time: 13.14s
2026-02-10 09:10:23,937 | INFO | Batch 360 | Loss: 0.8273 | Correct: 88/128 | Elapsed Time: 12.90s
2026-02-10 09:10:37,007 | INFO | Batch 370 | Loss: 0.5756 | Correct: 105/128 | Elapsed Time: 13.07s
2026-02-10 09:10:50,056 | INFO | Batch 380 | Loss: 0.6519 | Correct: 94/128 | Elapsed Time: 13.05s
2026-02-10 09:11:03,041 | INFO | Batch 390 | Loss: 0.7546 | Correct: 93/128 | Elapsed Time: 12.98s
2026-02-10 09:11:04,092 | INFO | Epoch [64/100] - Loss: 0.6889 | Correct: 37596/50000 (75.19%, 509.31s)
2026-02-10 09:11:50,345 | INFO | Validation - Loss: 0.7957 | Correct: 7210/10000 (72.10%) (46.25s)
2026-02-10 09:12:03,300 | INFO | Batch 10 | Loss: 0.7109 | Correct: 97/128 | Elapsed Time: 12.95s
2026-02-10 09:12:16,374 | INFO | Batch 20 | Loss: 0.8364 | Correct: 85/128 | Elapsed Time: 13.07s
2026-02-10 09:12:29,390 | INFO | Batch 30 | Loss: 0.5602 | Correct: 102/128 | Elapsed Time: 13.02s
2026-02-10 09:12:42,292 | INFO | Batch 40 | Loss: 0.6626 | Correct: 102/128 | Elapsed Time: 12.90s
2026-02-10 09:12:55,367 | INFO | Batch 50 | Loss: 0.8140 | Correct: 88/128 | Elapsed Time: 13.08s
2026-02-10 09:13:08,996 | INFO | Batch 60 | Loss: 0.6414 | Correct: 100/128 | Elapsed Time: 13.63s
2026-02-10 09:13:21,973 | INFO | Batch 70 | Loss: 0.7305 | Correct: 93/128 | Elapsed Time: 12.98s
2026-02-10 09:13:35,061 | INFO | Batch 80 | Loss: 0.7384 | Correct: 93/128 | Elapsed Time: 13.09s
2026-02-10 09:13:48,160 | INFO | Batch 90 | Loss: 0.7384 | Correct: 93/128 | Elapsed Time: 13.10s
2026-02-10 09:14:01,073 | INFO | Batch 100 | Loss: 0.5850 | Correct: 96/128 | Elapsed Time: 12.91s
2026-02-10 09:14:14,183 | INFO | Batch 110 | Loss: 0.6380 | Correct: 99/128 | Elapsed Time: 13.11s
2026-02-10 09:14:27,263 | INFO | Batch 120 | Loss: 0.7226 | Correct: 93/128 | Elapsed Time: 13.08s
2026-02-10 09:14:40,263 | INFO | Batch 130 | Loss: 0.7187 | Correct: 94/128 | Elapsed Time: 13.00s
2026-02-10 09:14:53,334 | INFO | Batch 140 | Loss: 0.7753 | Correct: 91/128 | Elapsed Time: 13.07s
2026-02-10 09:15:06,470 | INFO | Batch 150 | Loss: 0.7753 | Correct: 94/128 | Elapsed Time: 13.14s
2026-02-10 09:15:19,468 | INFO | Batch 160 | Loss: 0.6519 | Correct: 101/128 | Elapsed Time: 13.00s
2026-02-10 09:15:32,495 | INFO | Batch 170 | Loss: 0.7628 | Correct: 91/128 | Elapsed Time: 13.03s
2026-02-10 09:15:45,498 | INFO | Batch 180 | Loss: 0.7753 | Correct: 96/128 | Elapsed Time: 13.00s
2026-02-10 09:15:58,402 | INFO | Batch 190 | Loss: 0.6920 | Correct: 98/128 | Elapsed Time: 12.90s
2026-02-10 09:16:11,491 | INFO | Batch 200 | Loss: 0.7071 | Correct: 99/128 | Elapsed Time: 13.09s
2026-02-10 09:16:24,540 | INFO | Batch 210 | Loss: 0.7711 | Correct: 95/128 | Elapsed Time: 13.05s
2026-02-10 09:16:37,555 | INFO | Batch 220 | Loss: 0.6043 | Correct: 101/128 | Elapsed Time: 13.01s
2026-02-10 09:16:50,468 | INFO | Batch 230 | Loss: 0.7148 | Correct: 95/128 | Elapsed Time: 12.91s
2026-02-10 09:17:03,417 | INFO | Batch 240 | Loss: 0.7505 | Correct: 93/128 | Elapsed Time: 12.95s
2026-02-10 09:17:16,303 | INFO | Batch 250 | Loss: 0.7071 | Correct: 97/128 | Elapsed Time: 12.89s
2026-02-10 09:17:29,091 | INFO | Batch 260 | Loss: 0.5482 | Correct: 102/128 | Elapsed Time: 12.79s
2026-02-10 09:17:42,038 | INFO | Batch 270 | Loss: 0.6277 | Correct: 100/128 | Elapsed Time: 12.95s
2026-02-10 09:17:54,940 | INFO | Batch 280 | Loss: 0.6414 | Correct: 95/128 | Elapsed Time: 12.90s
2026-02-10 09:18:07,717 | INFO | Batch 290 | Loss: 0.8640 | Correct: 90/128 | Elapsed Time: 12.78s
2026-02-10 09:18:20,566 | INFO | Batch 300 | Loss: 0.6555 | Correct: 98/128 | Elapsed Time: 12.85s
2026-02-10 09:18:33,472 | INFO | Batch 310 | Loss: 0.8829 | Correct: 92/128 | Elapsed Time: 12.91s
2026-02-10 09:18:46,221 | INFO | Batch 320 | Loss: 0.7424 | Correct: 98/128 | Elapsed Time: 12.75s
2026-02-10 09:18:59,094 | INFO | Batch 330 | Loss: 0.6345 | Correct: 99/128 | Elapsed Time: 12.87s
2026-02-10 09:19:12,007 | INFO | Batch 340 | Loss: 0.8184 | Correct: 92/128 | Elapsed Time: 12.91s
2026-02-10 09:19:24,736 | INFO | Batch 350 | Loss: 0.6449 | Correct: 97/128 | Elapsed Time: 12.73s
2026-02-10 09:19:37,633 | INFO | Batch 360 | Loss: 0.5221 | Correct: 102/128 | Elapsed Time: 12.90s
2026-02-10 09:19:50,518 | INFO | Batch 370 | Loss: 0.5482 | Correct: 104/128 | Elapsed Time: 12.89s
2026-02-10 09:20:03,346 | INFO | Batch 380 | Loss: 0.6808 | Correct: 102/128 | Elapsed Time: 12.83s
2026-02-10 09:20:16,223 | INFO | Batch 390 | Loss: 0.7305 | Correct: 96/128 | Elapsed Time: 12.88s
2026-02-10 09:20:17,239 | INFO | Epoch [65/100] - Loss: 0.6888 | Correct: 37608/50000 (75.22%, 506.89s)
2026-02-10 09:21:02,880 | INFO | Validation - Loss: 0.7987 | Correct: 7240/10000 (72.40%) (45.64s)
2026-02-10 09:21:03,022 | INFO | New best model saved at epoch 65 with Top1 Acc: 72.40%
2026-02-10 09:21:16,011 | INFO | Batch 10 | Loss: 0.6735 | Correct: 101/128 | Elapsed Time: 12.99s
2026-02-10 09:21:28,969 | INFO | Batch 20 | Loss: 0.7148 | Correct: 95/128 | Elapsed Time: 12.96s
2026-02-10 09:21:41,821 | INFO | Batch 30 | Loss: 0.6995 | Correct: 92/128 | Elapsed Time: 12.85s
2026-02-10 09:21:54,829 | INFO | Batch 40 | Loss: 0.6957 | Correct: 94/128 | Elapsed Time: 13.01s
2026-02-10 09:22:07,828 | INFO | Batch 50 | Loss: 0.6043 | Correct: 97/128 | Elapsed Time: 13.00s
2026-02-10 09:22:20,676 | INFO | Batch 60 | Loss: 0.5512 | Correct: 103/128 | Elapsed Time: 12.85s
2026-02-10 09:22:33,643 | INFO | Batch 70 | Loss: 0.5819 | Correct: 106/128 | Elapsed Time: 12.97s
2026-02-10 09:22:46,622 | INFO | Batch 80 | Loss: 0.6662 | Correct: 97/128 | Elapsed Time: 12.98s
2026-02-10 09:22:59,641 | INFO | Batch 90 | Loss: 0.7424 | Correct: 93/128 | Elapsed Time: 13.02s
2026-02-10 09:23:13,057 | INFO | Batch 100 | Loss: 0.6808 | Correct: 91/128 | Elapsed Time: 13.42s
2026-02-10 09:23:26,059 | INFO | Batch 110 | Loss: 0.5914 | Correct: 100/128 | Elapsed Time: 13.00s
2026-02-10 09:23:38,982 | INFO | Batch 120 | Loss: 0.6176 | Correct: 103/128 | Elapsed Time: 12.92s
2026-02-10 09:23:51,989 | INFO | Batch 130 | Loss: 0.7465 | Correct: 95/128 | Elapsed Time: 13.01s
2026-02-10 09:24:05,054 | INFO | Batch 140 | Loss: 0.6920 | Correct: 93/128 | Elapsed Time: 13.07s
2026-02-10 09:24:17,913 | INFO | Batch 150 | Loss: 0.6995 | Correct: 97/128 | Elapsed Time: 12.86s
2026-02-10 09:24:30,949 | INFO | Batch 160 | Loss: 0.5394 | Correct: 101/128 | Elapsed Time: 13.04s
2026-02-10 09:24:43,940 | INFO | Batch 170 | Loss: 0.5756 | Correct: 104/128 | Elapsed Time: 12.99s
2026-02-10 09:24:56,860 | INFO | Batch 180 | Loss: 0.6555 | Correct: 92/128 | Elapsed Time: 12.92s
2026-02-10 09:25:09,942 | INFO | Batch 190 | Loss: 0.6920 | Correct: 98/128 | Elapsed Time: 13.08s
2026-02-10 09:25:22,915 | INFO | Batch 200 | Loss: 0.7923 | Correct: 95/128 | Elapsed Time: 12.97s
2026-02-10 09:25:35,856 | INFO | Batch 210 | Loss: 0.6011 | Correct: 104/128 | Elapsed Time: 12.94s
2026-02-10 09:25:48,820 | INFO | Batch 220 | Loss: 0.6845 | Correct: 96/128 | Elapsed Time: 12.96s
2026-02-10 09:26:01,781 | INFO | Batch 230 | Loss: 0.7880 | Correct: 94/128 | Elapsed Time: 12.96s
2026-02-10 09:26:14,749 | INFO | Batch 240 | Loss: 0.6380 | Correct: 96/128 | Elapsed Time: 12.97s
2026-02-10 09:26:27,667 | INFO | Batch 250 | Loss: 0.6277 | Correct: 98/128 | Elapsed Time: 12.92s
2026-02-10 09:26:40,700 | INFO | Batch 260 | Loss: 0.6957 | Correct: 99/128 | Elapsed Time: 13.03s
2026-02-10 09:26:53,729 | INFO | Batch 270 | Loss: 0.7880 | Correct: 88/128 | Elapsed Time: 13.03s
2026-02-10 09:27:06,785 | INFO | Batch 280 | Loss: 0.7837 | Correct: 91/128 | Elapsed Time: 13.06s
2026-02-10 09:27:19,807 | INFO | Batch 290 | Loss: 0.6771 | Correct: 93/128 | Elapsed Time: 13.02s
2026-02-10 09:27:32,790 | INFO | Batch 300 | Loss: 0.7071 | Correct: 96/128 | Elapsed Time: 12.98s
2026-02-10 09:27:45,619 | INFO | Batch 310 | Loss: 0.5946 | Correct: 106/128 | Elapsed Time: 12.83s
2026-02-10 09:27:58,600 | INFO | Batch 320 | Loss: 0.6808 | Correct: 95/128 | Elapsed Time: 12.98s
2026-02-10 09:28:11,596 | INFO | Batch 330 | Loss: 0.7148 | Correct: 98/128 | Elapsed Time: 13.00s
2026-02-10 09:28:24,422 | INFO | Batch 340 | Loss: 0.6311 | Correct: 97/128 | Elapsed Time: 12.83s
2026-02-10 09:28:37,385 | INFO | Batch 350 | Loss: 0.6043 | Correct: 102/128 | Elapsed Time: 12.96s
2026-02-10 09:28:50,329 | INFO | Batch 360 | Loss: 0.5054 | Correct: 103/128 | Elapsed Time: 12.94s
2026-02-10 09:29:03,223 | INFO | Batch 370 | Loss: 0.6957 | Correct: 94/128 | Elapsed Time: 12.89s
2026-02-10 09:29:16,149 | INFO | Batch 380 | Loss: 0.6845 | Correct: 100/128 | Elapsed Time: 12.93s
2026-02-10 09:29:29,063 | INFO | Batch 390 | Loss: 0.7226 | Correct: 96/128 | Elapsed Time: 12.91s
2026-02-10 09:29:30,088 | INFO | Epoch [66/100] - Loss: 0.6833 | Correct: 37644/50000 (75.29%, 507.07s)
2026-02-10 09:30:15,770 | INFO | Validation - Loss: 0.8101 | Correct: 7218/10000 (72.18%) (45.68s)
2026-02-10 09:30:28,716 | INFO | Batch 10 | Loss: 0.8096 | Correct: 90/128 | Elapsed Time: 12.94s
2026-02-10 09:30:41,578 | INFO | Batch 20 | Loss: 0.6109 | Correct: 96/128 | Elapsed Time: 12.86s
2026-02-10 09:30:54,551 | INFO | Batch 30 | Loss: 0.8009 | Correct: 97/128 | Elapsed Time: 12.97s
2026-02-10 09:31:07,545 | INFO | Batch 40 | Loss: 0.7587 | Correct: 96/128 | Elapsed Time: 12.99s
2026-02-10 09:31:20,379 | INFO | Batch 50 | Loss: 0.6808 | Correct: 97/128 | Elapsed Time: 12.83s
2026-02-10 09:31:33,403 | INFO | Batch 60 | Loss: 0.7109 | Correct: 92/128 | Elapsed Time: 13.02s
2026-02-10 09:31:46,498 | INFO | Batch 70 | Loss: 0.6345 | Correct: 100/128 | Elapsed Time: 13.10s
2026-02-10 09:31:59,513 | INFO | Batch 80 | Loss: 0.8009 | Correct: 94/128 | Elapsed Time: 13.01s
2026-02-10 09:32:12,781 | INFO | Batch 90 | Loss: 0.6484 | Correct: 100/128 | Elapsed Time: 13.27s
2026-02-10 09:32:25,918 | INFO | Batch 100 | Loss: 0.6414 | Correct: 98/128 | Elapsed Time: 13.14s
2026-02-10 09:32:38,950 | INFO | Batch 110 | Loss: 0.6277 | Correct: 101/128 | Elapsed Time: 13.03s
2026-02-10 09:32:52,109 | INFO | Batch 120 | Loss: 0.5633 | Correct: 105/128 | Elapsed Time: 13.16s
2026-02-10 09:33:05,664 | INFO | Batch 130 | Loss: 0.7753 | Correct: 94/128 | Elapsed Time: 13.56s
2026-02-10 09:33:18,664 | INFO | Batch 140 | Loss: 0.7344 | Correct: 95/128 | Elapsed Time: 13.00s
2026-02-10 09:33:31,790 | INFO | Batch 150 | Loss: 0.7795 | Correct: 95/128 | Elapsed Time: 13.13s
2026-02-10 09:33:44,900 | INFO | Batch 160 | Loss: 0.7711 | Correct: 94/128 | Elapsed Time: 13.11s
2026-02-10 09:33:57,907 | INFO | Batch 170 | Loss: 0.7187 | Correct: 94/128 | Elapsed Time: 13.01s
2026-02-10 09:34:11,124 | INFO | Batch 180 | Loss: 0.7148 | Correct: 91/128 | Elapsed Time: 13.22s
2026-02-10 09:34:24,244 | INFO | Batch 190 | Loss: 0.5542 | Correct: 106/128 | Elapsed Time: 13.12s
2026-02-10 09:34:37,279 | INFO | Batch 200 | Loss: 0.5602 | Correct: 106/128 | Elapsed Time: 13.03s
2026-02-10 09:34:50,413 | INFO | Batch 210 | Loss: 0.7966 | Correct: 95/128 | Elapsed Time: 13.13s
2026-02-10 09:35:03,656 | INFO | Batch 220 | Loss: 0.6277 | Correct: 100/128 | Elapsed Time: 13.24s
2026-02-10 09:35:16,812 | INFO | Batch 230 | Loss: 0.8501 | Correct: 95/128 | Elapsed Time: 13.16s
2026-02-10 09:35:29,830 | INFO | Batch 240 | Loss: 0.7424 | Correct: 95/128 | Elapsed Time: 13.02s
2026-02-10 09:35:42,898 | INFO | Batch 250 | Loss: 0.7628 | Correct: 92/128 | Elapsed Time: 13.07s
2026-02-10 09:35:56,040 | INFO | Batch 260 | Loss: 0.6414 | Correct: 95/128 | Elapsed Time: 13.14s
2026-02-10 09:36:09,169 | INFO | Batch 270 | Loss: 0.7344 | Correct: 95/128 | Elapsed Time: 13.13s
2026-02-10 09:36:22,324 | INFO | Batch 280 | Loss: 0.6735 | Correct: 98/128 | Elapsed Time: 13.16s
2026-02-10 09:36:35,417 | INFO | Batch 290 | Loss: 0.6771 | Correct: 96/128 | Elapsed Time: 13.09s
2026-02-10 09:36:48,412 | INFO | Batch 300 | Loss: 0.6243 | Correct: 95/128 | Elapsed Time: 12.99s
2026-02-10 09:37:01,654 | INFO | Batch 310 | Loss: 0.6176 | Correct: 97/128 | Elapsed Time: 13.24s
2026-02-10 09:37:14,877 | INFO | Batch 320 | Loss: 0.6771 | Correct: 99/128 | Elapsed Time: 13.22s
2026-02-10 09:37:27,953 | INFO | Batch 330 | Loss: 0.6011 | Correct: 104/128 | Elapsed Time: 13.08s
2026-02-10 09:37:41,079 | INFO | Batch 340 | Loss: 0.8409 | Correct: 89/128 | Elapsed Time: 13.13s
2026-02-10 09:37:54,231 | INFO | Batch 350 | Loss: 0.6555 | Correct: 98/128 | Elapsed Time: 13.15s
2026-02-10 09:38:07,326 | INFO | Batch 360 | Loss: 0.7071 | Correct: 97/128 | Elapsed Time: 13.09s
2026-02-10 09:38:20,473 | INFO | Batch 370 | Loss: 0.5423 | Correct: 104/128 | Elapsed Time: 13.15s
2026-02-10 09:38:33,560 | INFO | Batch 380 | Loss: 0.6142 | Correct: 101/128 | Elapsed Time: 13.09s
2026-02-10 09:38:46,568 | INFO | Batch 390 | Loss: 0.5787 | Correct: 105/128 | Elapsed Time: 13.01s
2026-02-10 09:38:47,617 | INFO | Epoch [67/100] - Loss: 0.6872 | Correct: 37800/50000 (75.60%, 511.85s)
2026-02-10 09:39:34,180 | INFO | Validation - Loss: 0.7887 | Correct: 7244/10000 (72.44%) (46.56s)
2026-02-10 09:39:34,320 | INFO | New best model saved at epoch 67 with Top1 Acc: 72.44%
2026-02-10 09:39:47,400 | INFO | Batch 10 | Loss: 0.7344 | Correct: 94/128 | Elapsed Time: 13.08s
2026-02-10 09:40:00,556 | INFO | Batch 20 | Loss: 0.7966 | Correct: 90/128 | Elapsed Time: 13.16s
2026-02-10 09:40:13,802 | INFO | Batch 30 | Loss: 0.6311 | Correct: 99/128 | Elapsed Time: 13.25s
2026-02-10 09:40:26,832 | INFO | Batch 40 | Loss: 0.5602 | Correct: 103/128 | Elapsed Time: 13.03s
2026-02-10 09:40:40,026 | INFO | Batch 50 | Loss: 0.6380 | Correct: 103/128 | Elapsed Time: 13.19s
2026-02-10 09:40:53,248 | INFO | Batch 60 | Loss: 0.5756 | Correct: 101/128 | Elapsed Time: 13.22s
2026-02-10 09:41:06,426 | INFO | Batch 70 | Loss: 0.7384 | Correct: 96/128 | Elapsed Time: 13.18s
2026-02-10 09:41:19,449 | INFO | Batch 80 | Loss: 0.5633 | Correct: 103/128 | Elapsed Time: 13.02s
2026-02-10 09:41:32,517 | INFO | Batch 90 | Loss: 0.7384 | Correct: 93/128 | Elapsed Time: 13.07s
2026-02-10 09:41:45,451 | INFO | Batch 100 | Loss: 0.6735 | Correct: 96/128 | Elapsed Time: 12.93s
2026-02-10 09:41:58,507 | INFO | Batch 110 | Loss: 0.6142 | Correct: 102/128 | Elapsed Time: 13.06s
2026-02-10 09:42:11,672 | INFO | Batch 120 | Loss: 0.6519 | Correct: 104/128 | Elapsed Time: 13.17s
2026-02-10 09:42:24,601 | INFO | Batch 130 | Loss: 0.7148 | Correct: 94/128 | Elapsed Time: 12.93s
2026-02-10 09:42:37,684 | INFO | Batch 140 | Loss: 0.7344 | Correct: 97/128 | Elapsed Time: 13.08s
2026-02-10 09:42:50,702 | INFO | Batch 150 | Loss: 0.7546 | Correct: 101/128 | Elapsed Time: 13.02s
2026-02-10 09:43:04,298 | INFO | Batch 160 | Loss: 0.6449 | Correct: 94/128 | Elapsed Time: 13.60s
2026-02-10 09:43:17,410 | INFO | Batch 170 | Loss: 0.8229 | Correct: 87/128 | Elapsed Time: 13.11s
2026-02-10 09:43:30,479 | INFO | Batch 180 | Loss: 0.6626 | Correct: 101/128 | Elapsed Time: 13.07s
2026-02-10 09:43:43,528 | INFO | Batch 190 | Loss: 0.6011 | Correct: 98/128 | Elapsed Time: 13.05s
2026-02-10 09:43:56,456 | INFO | Batch 200 | Loss: 0.7305 | Correct: 95/128 | Elapsed Time: 12.93s
2026-02-10 09:44:09,578 | INFO | Batch 210 | Loss: 0.6590 | Correct: 96/128 | Elapsed Time: 13.12s
2026-02-10 09:44:22,609 | INFO | Batch 220 | Loss: 0.6662 | Correct: 94/128 | Elapsed Time: 13.03s
2026-02-10 09:44:35,581 | INFO | Batch 230 | Loss: 0.6590 | Correct: 99/128 | Elapsed Time: 12.97s
2026-02-10 09:44:48,653 | INFO | Batch 240 | Loss: 0.7795 | Correct: 91/128 | Elapsed Time: 13.07s
2026-02-10 09:45:01,706 | INFO | Batch 250 | Loss: 0.6882 | Correct: 99/128 | Elapsed Time: 13.05s
2026-02-10 09:45:14,722 | INFO | Batch 260 | Loss: 0.6771 | Correct: 100/128 | Elapsed Time: 13.02s
2026-02-10 09:45:27,750 | INFO | Batch 270 | Loss: 0.6076 | Correct: 101/128 | Elapsed Time: 13.03s
2026-02-10 09:45:40,850 | INFO | Batch 280 | Loss: 0.6995 | Correct: 95/128 | Elapsed Time: 13.10s
2026-02-10 09:45:53,782 | INFO | Batch 290 | Loss: 0.8409 | Correct: 92/128 | Elapsed Time: 12.93s
2026-02-10 09:46:06,901 | INFO | Batch 300 | Loss: 0.7148 | Correct: 91/128 | Elapsed Time: 13.12s
2026-02-10 09:46:19,992 | INFO | Batch 310 | Loss: 0.7424 | Correct: 91/128 | Elapsed Time: 13.09s
2026-02-10 09:46:32,956 | INFO | Batch 320 | Loss: 0.6995 | Correct: 95/128 | Elapsed Time: 12.96s
2026-02-10 09:46:46,028 | INFO | Batch 330 | Loss: 0.7384 | Correct: 94/128 | Elapsed Time: 13.07s
2026-02-10 09:46:59,104 | INFO | Batch 340 | Loss: 0.8364 | Correct: 91/128 | Elapsed Time: 13.08s
2026-02-10 09:47:12,152 | INFO | Batch 350 | Loss: 0.6957 | Correct: 95/128 | Elapsed Time: 13.05s
2026-02-10 09:47:25,235 | INFO | Batch 360 | Loss: 0.6698 | Correct: 93/128 | Elapsed Time: 13.08s
2026-02-10 09:47:38,327 | INFO | Batch 370 | Loss: 0.7923 | Correct: 85/128 | Elapsed Time: 13.09s
2026-02-10 09:47:51,304 | INFO | Batch 380 | Loss: 0.5109 | Correct: 105/128 | Elapsed Time: 12.98s
2026-02-10 09:48:04,448 | INFO | Batch 390 | Loss: 0.6142 | Correct: 101/128 | Elapsed Time: 13.14s
2026-02-10 09:48:05,505 | INFO | Epoch [68/100] - Loss: 0.6851 | Correct: 37802/50000 (75.60%, 511.18s)
2026-02-10 09:48:51,141 | INFO | Validation - Loss: 0.7880 | Correct: 7251/10000 (72.51%) (45.63s)
2026-02-10 09:48:51,281 | INFO | New best model saved at epoch 68 with Top1 Acc: 72.51%
2026-02-10 09:49:04,201 | INFO | Batch 10 | Loss: 0.6698 | Correct: 99/128 | Elapsed Time: 12.92s
2026-02-10 09:49:17,114 | INFO | Batch 20 | Loss: 0.5819 | Correct: 95/128 | Elapsed Time: 12.91s
2026-02-10 09:49:29,872 | INFO | Batch 30 | Loss: 0.6771 | Correct: 100/128 | Elapsed Time: 12.76s
2026-02-10 09:49:42,794 | INFO | Batch 40 | Loss: 0.6555 | Correct: 101/128 | Elapsed Time: 12.92s
2026-02-10 09:49:55,697 | INFO | Batch 50 | Loss: 0.7226 | Correct: 92/128 | Elapsed Time: 12.90s
2026-02-10 09:50:08,631 | INFO | Batch 60 | Loss: 0.6209 | Correct: 98/128 | Elapsed Time: 12.93s
2026-02-10 09:50:21,732 | INFO | Batch 70 | Loss: 0.5394 | Correct: 103/128 | Elapsed Time: 13.10s
2026-02-10 09:50:34,805 | INFO | Batch 80 | Loss: 0.5725 | Correct: 103/128 | Elapsed Time: 13.07s
2026-02-10 09:50:47,789 | INFO | Batch 90 | Loss: 0.6011 | Correct: 102/128 | Elapsed Time: 12.98s
2026-02-10 09:51:00,775 | INFO | Batch 100 | Loss: 0.6808 | Correct: 100/128 | Elapsed Time: 12.99s
2026-02-10 09:51:13,862 | INFO | Batch 110 | Loss: 0.8140 | Correct: 92/128 | Elapsed Time: 13.09s
2026-02-10 09:51:26,783 | INFO | Batch 120 | Loss: 0.6414 | Correct: 96/128 | Elapsed Time: 12.92s
2026-02-10 09:51:39,781 | INFO | Batch 130 | Loss: 0.6142 | Correct: 101/128 | Elapsed Time: 13.00s
2026-02-10 09:51:52,757 | INFO | Batch 140 | Loss: 0.7344 | Correct: 94/128 | Elapsed Time: 12.98s
2026-02-10 09:52:05,739 | INFO | Batch 150 | Loss: 0.6662 | Correct: 100/128 | Elapsed Time: 12.98s
2026-02-10 09:52:18,794 | INFO | Batch 160 | Loss: 0.7187 | Correct: 94/128 | Elapsed Time: 13.06s
2026-02-10 09:52:31,806 | INFO | Batch 170 | Loss: 0.7753 | Correct: 93/128 | Elapsed Time: 13.01s
2026-02-10 09:52:44,729 | INFO | Batch 180 | Loss: 0.7265 | Correct: 96/128 | Elapsed Time: 12.92s
2026-02-10 09:52:57,894 | INFO | Batch 190 | Loss: 0.5914 | Correct: 105/128 | Elapsed Time: 13.17s
2026-02-10 09:53:11,588 | INFO | Batch 200 | Loss: 0.6555 | Correct: 99/128 | Elapsed Time: 13.69s
2026-02-10 09:53:24,647 | INFO | Batch 210 | Loss: 0.7753 | Correct: 93/128 | Elapsed Time: 13.06s
2026-02-10 09:53:37,633 | INFO | Batch 220 | Loss: 0.7148 | Correct: 96/128 | Elapsed Time: 12.99s
2026-02-10 09:53:50,662 | INFO | Batch 230 | Loss: 0.6449 | Correct: 95/128 | Elapsed Time: 13.03s
2026-02-10 09:54:03,692 | INFO | Batch 240 | Loss: 0.6484 | Correct: 96/128 | Elapsed Time: 13.03s
2026-02-10 09:54:16,643 | INFO | Batch 250 | Loss: 0.7109 | Correct: 99/128 | Elapsed Time: 12.95s
2026-02-10 09:54:29,714 | INFO | Batch 260 | Loss: 0.6449 | Correct: 96/128 | Elapsed Time: 13.07s
2026-02-10 09:54:42,760 | INFO | Batch 270 | Loss: 0.7628 | Correct: 93/128 | Elapsed Time: 13.05s
2026-02-10 09:54:55,673 | INFO | Batch 280 | Loss: 0.5978 | Correct: 104/128 | Elapsed Time: 12.91s
2026-02-10 09:55:08,721 | INFO | Batch 290 | Loss: 0.8273 | Correct: 91/128 | Elapsed Time: 13.05s
2026-02-10 09:55:21,689 | INFO | Batch 300 | Loss: 0.7344 | Correct: 95/128 | Elapsed Time: 12.97s
2026-02-10 09:55:34,541 | INFO | Batch 310 | Loss: 0.6957 | Correct: 98/128 | Elapsed Time: 12.85s
2026-02-10 09:55:47,552 | INFO | Batch 320 | Loss: 0.5000 | Correct: 105/128 | Elapsed Time: 13.01s
2026-02-10 09:56:00,527 | INFO | Batch 330 | Loss: 0.6995 | Correct: 98/128 | Elapsed Time: 12.97s
2026-02-10 09:56:13,464 | INFO | Batch 340 | Loss: 0.5946 | Correct: 101/128 | Elapsed Time: 12.94s
2026-02-10 09:56:26,500 | INFO | Batch 350 | Loss: 0.6957 | Correct: 93/128 | Elapsed Time: 13.04s
2026-02-10 09:56:39,452 | INFO | Batch 360 | Loss: 0.5882 | Correct: 101/128 | Elapsed Time: 12.95s
2026-02-10 09:56:52,270 | INFO | Batch 370 | Loss: 0.7148 | Correct: 94/128 | Elapsed Time: 12.82s
2026-02-10 09:57:05,336 | INFO | Batch 380 | Loss: 0.8052 | Correct: 94/128 | Elapsed Time: 13.07s
2026-02-10 09:57:18,386 | INFO | Batch 390 | Loss: 0.6277 | Correct: 97/128 | Elapsed Time: 13.05s
2026-02-10 09:57:19,434 | INFO | Epoch [69/100] - Loss: 0.6806 | Correct: 37829/50000 (75.66%, 508.15s)
2026-02-10 09:58:05,401 | INFO | Validation - Loss: 0.8049 | Correct: 7207/10000 (72.07%) (45.97s)
2026-02-10 09:58:18,454 | INFO | Batch 10 | Loss: 0.7148 | Correct: 96/128 | Elapsed Time: 13.05s
2026-02-10 09:58:31,361 | INFO | Batch 20 | Loss: 0.8593 | Correct: 84/128 | Elapsed Time: 12.91s
2026-02-10 09:58:44,432 | INFO | Batch 30 | Loss: 0.5602 | Correct: 105/128 | Elapsed Time: 13.07s
2026-02-10 09:58:57,461 | INFO | Batch 40 | Loss: 0.8184 | Correct: 90/128 | Elapsed Time: 13.03s
2026-02-10 09:59:10,421 | INFO | Batch 50 | Loss: 0.6380 | Correct: 102/128 | Elapsed Time: 12.96s
2026-02-10 09:59:23,495 | INFO | Batch 60 | Loss: 0.7711 | Correct: 97/128 | Elapsed Time: 13.07s
2026-02-10 09:59:36,516 | INFO | Batch 70 | Loss: 0.7305 | Correct: 94/128 | Elapsed Time: 13.02s
2026-02-10 09:59:49,444 | INFO | Batch 80 | Loss: 0.6209 | Correct: 101/128 | Elapsed Time: 12.93s
2026-02-10 10:00:02,496 | INFO | Batch 90 | Loss: 0.9170 | Correct: 84/128 | Elapsed Time: 13.05s
2026-02-10 10:00:15,794 | INFO | Batch 100 | Loss: 0.6920 | Correct: 95/128 | Elapsed Time: 13.30s
2026-02-10 10:00:28,654 | INFO | Batch 110 | Loss: 0.5663 | Correct: 100/128 | Elapsed Time: 12.86s
2026-02-10 10:00:41,680 | INFO | Batch 120 | Loss: 0.5978 | Correct: 105/128 | Elapsed Time: 13.03s
2026-02-10 10:00:54,723 | INFO | Batch 130 | Loss: 0.7305 | Correct: 94/128 | Elapsed Time: 13.04s
2026-02-10 10:01:07,765 | INFO | Batch 140 | Loss: 0.8501 | Correct: 88/128 | Elapsed Time: 13.04s
2026-02-10 10:01:20,820 | INFO | Batch 150 | Loss: 0.5394 | Correct: 103/128 | Elapsed Time: 13.06s
2026-02-10 10:01:33,893 | INFO | Batch 160 | Loss: 0.5819 | Correct: 102/128 | Elapsed Time: 13.07s
2026-02-10 10:01:46,848 | INFO | Batch 170 | Loss: 0.6771 | Correct: 95/128 | Elapsed Time: 12.96s
2026-02-10 10:01:59,876 | INFO | Batch 180 | Loss: 0.7587 | Correct: 89/128 | Elapsed Time: 13.03s
2026-02-10 10:02:12,963 | INFO | Batch 190 | Loss: 0.5000 | Correct: 106/128 | Elapsed Time: 13.09s
2026-02-10 10:02:25,914 | INFO | Batch 200 | Loss: 0.6882 | Correct: 98/128 | Elapsed Time: 12.95s
2026-02-10 10:02:38,974 | INFO | Batch 210 | Loss: 0.5756 | Correct: 104/128 | Elapsed Time: 13.06s
2026-02-10 10:02:52,004 | INFO | Batch 220 | Loss: 0.6808 | Correct: 97/128 | Elapsed Time: 13.03s
2026-02-10 10:03:05,381 | INFO | Batch 230 | Loss: 0.6845 | Correct: 95/128 | Elapsed Time: 13.38s
2026-02-10 10:03:18,470 | INFO | Batch 240 | Loss: 0.6957 | Correct: 94/128 | Elapsed Time: 13.09s
2026-02-10 10:03:31,602 | INFO | Batch 250 | Loss: 0.7505 | Correct: 99/128 | Elapsed Time: 13.13s
2026-02-10 10:03:44,556 | INFO | Batch 260 | Loss: 0.8318 | Correct: 97/128 | Elapsed Time: 12.95s
2026-02-10 10:03:57,623 | INFO | Batch 270 | Loss: 0.7669 | Correct: 95/128 | Elapsed Time: 13.07s
2026-02-10 10:04:10,718 | INFO | Batch 280 | Loss: 0.6043 | Correct: 103/128 | Elapsed Time: 13.09s
2026-02-10 10:04:23,648 | INFO | Batch 290 | Loss: 0.6449 | Correct: 97/128 | Elapsed Time: 12.93s
2026-02-10 10:04:36,717 | INFO | Batch 300 | Loss: 0.6957 | Correct: 94/128 | Elapsed Time: 13.07s
2026-02-10 10:04:49,787 | INFO | Batch 310 | Loss: 0.7923 | Correct: 93/128 | Elapsed Time: 13.07s
2026-02-10 10:05:02,919 | INFO | Batch 320 | Loss: 0.7148 | Correct: 94/128 | Elapsed Time: 13.13s
2026-02-10 10:05:15,874 | INFO | Batch 330 | Loss: 0.8273 | Correct: 87/128 | Elapsed Time: 12.95s
2026-02-10 10:05:28,928 | INFO | Batch 340 | Loss: 0.7187 | Correct: 95/128 | Elapsed Time: 13.05s
2026-02-10 10:05:42,010 | INFO | Batch 350 | Loss: 0.4946 | Correct: 108/128 | Elapsed Time: 13.08s
2026-02-10 10:05:54,972 | INFO | Batch 360 | Loss: 0.6590 | Correct: 99/128 | Elapsed Time: 12.96s
2026-02-10 10:06:08,065 | INFO | Batch 370 | Loss: 0.5542 | Correct: 107/128 | Elapsed Time: 13.09s
2026-02-10 10:06:21,080 | INFO | Batch 380 | Loss: 0.4866 | Correct: 109/128 | Elapsed Time: 13.02s
2026-02-10 10:06:34,030 | INFO | Batch 390 | Loss: 0.6277 | Correct: 98/128 | Elapsed Time: 12.95s
2026-02-10 10:06:35,067 | INFO | Epoch [70/100] - Loss: 0.6827 | Correct: 37769/50000 (75.54%, 509.66s)
2026-02-10 10:07:21,074 | INFO | Validation - Loss: 0.7969 | Correct: 7276/10000 (72.76%) (46.01s)
2026-02-10 10:07:21,216 | INFO | New best model saved at epoch 70 with Top1 Acc: 72.76%
2026-02-10 10:07:34,247 | INFO | Batch 10 | Loss: 0.6209 | Correct: 99/128 | Elapsed Time: 13.03s
2026-02-10 10:07:47,275 | INFO | Batch 20 | Loss: 0.6771 | Correct: 94/128 | Elapsed Time: 13.03s
2026-02-10 10:08:00,228 | INFO | Batch 30 | Loss: 1.0274 | Correct: 83/128 | Elapsed Time: 12.95s
2026-02-10 10:08:13,368 | INFO | Batch 40 | Loss: 0.6920 | Correct: 95/128 | Elapsed Time: 13.14s
2026-02-10 10:08:26,412 | INFO | Batch 50 | Loss: 0.5365 | Correct: 101/128 | Elapsed Time: 13.04s
2026-02-10 10:08:39,451 | INFO | Batch 60 | Loss: 0.6698 | Correct: 94/128 | Elapsed Time: 13.04s
2026-02-10 10:08:52,340 | INFO | Batch 70 | Loss: 0.6957 | Correct: 96/128 | Elapsed Time: 12.89s
2026-02-10 10:09:05,489 | INFO | Batch 80 | Loss: 0.6882 | Correct: 95/128 | Elapsed Time: 13.15s
2026-02-10 10:09:18,506 | INFO | Batch 90 | Loss: 0.6011 | Correct: 103/128 | Elapsed Time: 13.02s
2026-02-10 10:09:31,401 | INFO | Batch 100 | Loss: 0.8318 | Correct: 87/128 | Elapsed Time: 12.90s
2026-02-10 10:09:44,360 | INFO | Batch 110 | Loss: 0.6920 | Correct: 98/128 | Elapsed Time: 12.96s
2026-02-10 10:09:57,367 | INFO | Batch 120 | Loss: 0.7837 | Correct: 93/128 | Elapsed Time: 13.01s
2026-02-10 10:10:10,322 | INFO | Batch 130 | Loss: 0.6449 | Correct: 93/128 | Elapsed Time: 12.96s
2026-02-10 10:10:23,322 | INFO | Batch 140 | Loss: 0.6957 | Correct: 100/128 | Elapsed Time: 13.00s
2026-02-10 10:10:36,354 | INFO | Batch 150 | Loss: 0.7424 | Correct: 94/128 | Elapsed Time: 13.03s
2026-02-10 10:10:49,226 | INFO | Batch 160 | Loss: 0.8273 | Correct: 86/128 | Elapsed Time: 12.87s
2026-02-10 10:11:02,286 | INFO | Batch 170 | Loss: 0.6142 | Correct: 106/128 | Elapsed Time: 13.06s
2026-02-10 10:11:15,314 | INFO | Batch 180 | Loss: 0.5542 | Correct: 101/128 | Elapsed Time: 13.03s
2026-02-10 10:11:28,229 | INFO | Batch 190 | Loss: 0.8409 | Correct: 88/128 | Elapsed Time: 12.92s
2026-02-10 10:11:41,257 | INFO | Batch 200 | Loss: 0.6957 | Correct: 94/128 | Elapsed Time: 13.03s
2026-02-10 10:11:54,272 | INFO | Batch 210 | Loss: 0.6957 | Correct: 97/128 | Elapsed Time: 13.02s
2026-02-10 10:12:07,300 | INFO | Batch 220 | Loss: 0.6209 | Correct: 98/128 | Elapsed Time: 13.03s
2026-02-10 10:12:20,323 | INFO | Batch 230 | Loss: 0.6484 | Correct: 101/128 | Elapsed Time: 13.02s
2026-02-10 10:12:33,346 | INFO | Batch 240 | Loss: 0.6414 | Correct: 97/128 | Elapsed Time: 13.02s
2026-02-10 10:12:46,316 | INFO | Batch 250 | Loss: 0.7424 | Correct: 96/128 | Elapsed Time: 12.97s
2026-02-10 10:12:59,536 | INFO | Batch 260 | Loss: 0.4919 | Correct: 106/128 | Elapsed Time: 13.22s
2026-02-10 10:13:13,156 | INFO | Batch 270 | Loss: 0.7033 | Correct: 99/128 | Elapsed Time: 13.62s
2026-02-10 10:13:26,088 | INFO | Batch 280 | Loss: 0.6845 | Correct: 94/128 | Elapsed Time: 12.93s
2026-02-10 10:13:39,159 | INFO | Batch 290 | Loss: 0.7148 | Correct: 96/128 | Elapsed Time: 13.07s
2026-02-10 10:13:52,223 | INFO | Batch 300 | Loss: 0.6920 | Correct: 101/128 | Elapsed Time: 13.06s
2026-02-10 10:14:05,198 | INFO | Batch 310 | Loss: 0.5482 | Correct: 106/128 | Elapsed Time: 12.97s
2026-02-10 10:14:18,216 | INFO | Batch 320 | Loss: 0.7711 | Correct: 88/128 | Elapsed Time: 13.02s
2026-02-10 10:14:31,223 | INFO | Batch 330 | Loss: 0.5978 | Correct: 100/128 | Elapsed Time: 13.01s
2026-02-10 10:14:44,270 | INFO | Batch 340 | Loss: 0.7033 | Correct: 96/128 | Elapsed Time: 13.05s
2026-02-10 10:14:57,197 | INFO | Batch 350 | Loss: 0.7305 | Correct: 93/128 | Elapsed Time: 12.93s
2026-02-10 10:15:10,246 | INFO | Batch 360 | Loss: 0.5787 | Correct: 97/128 | Elapsed Time: 13.05s
2026-02-10 10:15:23,223 | INFO | Batch 370 | Loss: 0.6484 | Correct: 91/128 | Elapsed Time: 12.98s
2026-02-10 10:15:36,103 | INFO | Batch 380 | Loss: 0.6920 | Correct: 95/128 | Elapsed Time: 12.88s
2026-02-10 10:15:49,173 | INFO | Batch 390 | Loss: 0.6771 | Correct: 97/128 | Elapsed Time: 13.07s
2026-02-10 10:15:50,208 | INFO | Epoch [71/100] - Loss: 0.6799 | Correct: 37744/50000 (75.49%, 508.99s)
2026-02-10 10:16:36,288 | INFO | Validation - Loss: 0.7973 | Correct: 7241/10000 (72.41%) (46.08s)
2026-02-10 10:16:49,352 | INFO | Batch 10 | Loss: 0.6626 | Correct: 100/128 | Elapsed Time: 13.06s
2026-02-10 10:17:02,345 | INFO | Batch 20 | Loss: 0.5663 | Correct: 105/128 | Elapsed Time: 12.99s
2026-02-10 10:17:15,534 | INFO | Batch 30 | Loss: 0.7033 | Correct: 94/128 | Elapsed Time: 13.19s
2026-02-10 10:17:28,588 | INFO | Batch 40 | Loss: 0.6449 | Correct: 97/128 | Elapsed Time: 13.05s
2026-02-10 10:17:41,526 | INFO | Batch 50 | Loss: 0.6109 | Correct: 101/128 | Elapsed Time: 12.94s
2026-02-10 10:17:54,561 | INFO | Batch 60 | Loss: 0.5914 | Correct: 102/128 | Elapsed Time: 13.03s
2026-02-10 10:18:07,632 | INFO | Batch 70 | Loss: 0.7465 | Correct: 92/128 | Elapsed Time: 13.07s
2026-02-10 10:18:20,659 | INFO | Batch 80 | Loss: 0.6845 | Correct: 97/128 | Elapsed Time: 13.03s
2026-02-10 10:18:33,685 | INFO | Batch 90 | Loss: 0.6845 | Correct: 91/128 | Elapsed Time: 13.03s
2026-02-10 10:18:46,750 | INFO | Batch 100 | Loss: 0.7148 | Correct: 95/128 | Elapsed Time: 13.06s
2026-02-10 10:18:59,784 | INFO | Batch 110 | Loss: 0.5512 | Correct: 99/128 | Elapsed Time: 13.03s
2026-02-10 10:19:12,791 | INFO | Batch 120 | Loss: 0.6277 | Correct: 96/128 | Elapsed Time: 13.01s
2026-02-10 10:19:25,764 | INFO | Batch 130 | Loss: 0.7669 | Correct: 88/128 | Elapsed Time: 12.97s
2026-02-10 10:19:38,766 | INFO | Batch 140 | Loss: 0.8640 | Correct: 88/128 | Elapsed Time: 13.00s
2026-02-10 10:19:51,656 | INFO | Batch 150 | Loss: 0.7265 | Correct: 94/128 | Elapsed Time: 12.89s
2026-02-10 10:20:04,753 | INFO | Batch 160 | Loss: 0.7546 | Correct: 89/128 | Elapsed Time: 13.10s
2026-02-10 10:20:17,769 | INFO | Batch 170 | Loss: 0.6845 | Correct: 93/128 | Elapsed Time: 13.02s
2026-02-10 10:20:30,651 | INFO | Batch 180 | Loss: 0.7148 | Correct: 98/128 | Elapsed Time: 12.88s
2026-02-10 10:20:43,640 | INFO | Batch 190 | Loss: 0.7305 | Correct: 95/128 | Elapsed Time: 12.99s
2026-02-10 10:20:56,648 | INFO | Batch 200 | Loss: 0.6209 | Correct: 98/128 | Elapsed Time: 13.01s
2026-02-10 10:21:09,635 | INFO | Batch 210 | Loss: 0.7033 | Correct: 101/128 | Elapsed Time: 12.99s
2026-02-10 10:21:22,699 | INFO | Batch 220 | Loss: 0.7148 | Correct: 95/128 | Elapsed Time: 13.06s
2026-02-10 10:21:35,711 | INFO | Batch 230 | Loss: 0.7226 | Correct: 97/128 | Elapsed Time: 13.01s
2026-02-10 10:21:48,650 | INFO | Batch 240 | Loss: 0.5725 | Correct: 103/128 | Elapsed Time: 12.94s
2026-02-10 10:22:01,725 | INFO | Batch 250 | Loss: 0.6076 | Correct: 101/128 | Elapsed Time: 13.08s
2026-02-10 10:22:14,856 | INFO | Batch 260 | Loss: 0.5946 | Correct: 100/128 | Elapsed Time: 13.13s
2026-02-10 10:22:27,801 | INFO | Batch 270 | Loss: 0.8547 | Correct: 87/128 | Elapsed Time: 12.95s
2026-02-10 10:22:40,834 | INFO | Batch 280 | Loss: 0.6277 | Correct: 98/128 | Elapsed Time: 13.03s
2026-02-10 10:22:53,891 | INFO | Batch 290 | Loss: 0.7424 | Correct: 96/128 | Elapsed Time: 13.06s
2026-02-10 10:23:07,377 | INFO | Batch 300 | Loss: 0.7148 | Correct: 96/128 | Elapsed Time: 13.49s
2026-02-10 10:23:20,353 | INFO | Batch 310 | Loss: 0.6995 | Correct: 97/128 | Elapsed Time: 12.98s
2026-02-10 10:23:33,291 | INFO | Batch 320 | Loss: 0.6698 | Correct: 97/128 | Elapsed Time: 12.94s
2026-02-10 10:23:46,099 | INFO | Batch 330 | Loss: 0.6920 | Correct: 95/128 | Elapsed Time: 12.81s
2026-02-10 10:23:59,043 | INFO | Batch 340 | Loss: 0.5512 | Correct: 103/128 | Elapsed Time: 12.94s
2026-02-10 10:24:12,093 | INFO | Batch 350 | Loss: 0.6414 | Correct: 95/128 | Elapsed Time: 13.05s
2026-02-10 10:24:24,949 | INFO | Batch 360 | Loss: 0.8409 | Correct: 90/128 | Elapsed Time: 12.86s
2026-02-10 10:24:37,888 | INFO | Batch 370 | Loss: 0.5819 | Correct: 101/128 | Elapsed Time: 12.94s
2026-02-10 10:24:50,757 | INFO | Batch 380 | Loss: 0.6043 | Correct: 101/128 | Elapsed Time: 12.87s
2026-02-10 10:25:03,645 | INFO | Batch 390 | Loss: 0.6626 | Correct: 98/128 | Elapsed Time: 12.89s
2026-02-10 10:25:04,674 | INFO | Epoch [72/100] - Loss: 0.6773 | Correct: 37864/50000 (75.73%, 508.38s)
2026-02-10 10:25:50,379 | INFO | Validation - Loss: 0.7972 | Correct: 7233/10000 (72.33%) (45.70s)
2026-02-10 10:26:03,175 | INFO | Batch 10 | Loss: 0.7587 | Correct: 100/128 | Elapsed Time: 12.79s
2026-02-10 10:26:16,226 | INFO | Batch 20 | Loss: 0.5394 | Correct: 108/128 | Elapsed Time: 13.05s
2026-02-10 10:26:29,260 | INFO | Batch 30 | Loss: 0.7424 | Correct: 94/128 | Elapsed Time: 13.03s
2026-02-10 10:26:42,257 | INFO | Batch 40 | Loss: 0.6311 | Correct: 99/128 | Elapsed Time: 13.00s
2026-02-10 10:26:55,202 | INFO | Batch 50 | Loss: 0.6109 | Correct: 101/128 | Elapsed Time: 12.95s
2026-02-10 10:27:08,338 | INFO | Batch 60 | Loss: 0.7344 | Correct: 91/128 | Elapsed Time: 13.14s
2026-02-10 10:27:21,404 | INFO | Batch 70 | Loss: 0.5512 | Correct: 101/128 | Elapsed Time: 13.07s
2026-02-10 10:27:34,363 | INFO | Batch 80 | Loss: 0.6845 | Correct: 94/128 | Elapsed Time: 12.96s
2026-02-10 10:27:47,457 | INFO | Batch 90 | Loss: 0.5250 | Correct: 105/128 | Elapsed Time: 13.09s
2026-02-10 10:28:00,532 | INFO | Batch 100 | Loss: 0.7265 | Correct: 100/128 | Elapsed Time: 13.08s
2026-02-10 10:28:13,467 | INFO | Batch 110 | Loss: 0.6590 | Correct: 95/128 | Elapsed Time: 12.93s
2026-02-10 10:28:26,478 | INFO | Batch 120 | Loss: 0.7465 | Correct: 100/128 | Elapsed Time: 13.01s
2026-02-10 10:28:39,482 | INFO | Batch 130 | Loss: 0.6698 | Correct: 101/128 | Elapsed Time: 13.00s
2026-02-10 10:28:52,352 | INFO | Batch 140 | Loss: 0.5633 | Correct: 99/128 | Elapsed Time: 12.87s
2026-02-10 10:29:05,447 | INFO | Batch 150 | Loss: 0.6311 | Correct: 100/128 | Elapsed Time: 13.10s
2026-02-10 10:29:18,500 | INFO | Batch 160 | Loss: 0.7966 | Correct: 95/128 | Elapsed Time: 13.05s
2026-02-10 10:29:31,460 | INFO | Batch 170 | Loss: 0.6109 | Correct: 97/128 | Elapsed Time: 12.96s
2026-02-10 10:29:44,549 | INFO | Batch 180 | Loss: 0.5914 | Correct: 105/128 | Elapsed Time: 13.09s
2026-02-10 10:29:57,598 | INFO | Batch 190 | Loss: 0.7424 | Correct: 90/128 | Elapsed Time: 13.05s
2026-02-10 10:30:10,643 | INFO | Batch 200 | Loss: 0.6449 | Correct: 94/128 | Elapsed Time: 13.04s
2026-02-10 10:30:23,706 | INFO | Batch 210 | Loss: 0.6176 | Correct: 104/128 | Elapsed Time: 13.06s
2026-02-10 10:30:36,696 | INFO | Batch 220 | Loss: 0.5165 | Correct: 102/128 | Elapsed Time: 12.99s
2026-02-10 10:30:49,591 | INFO | Batch 230 | Loss: 0.7148 | Correct: 94/128 | Elapsed Time: 12.90s
2026-02-10 10:31:02,644 | INFO | Batch 240 | Loss: 0.7265 | Correct: 92/128 | Elapsed Time: 13.05s
2026-02-10 10:31:15,768 | INFO | Batch 250 | Loss: 0.6076 | Correct: 100/128 | Elapsed Time: 13.12s
2026-02-10 10:31:28,649 | INFO | Batch 260 | Loss: 0.6698 | Correct: 100/128 | Elapsed Time: 12.88s
2026-02-10 10:31:41,699 | INFO | Batch 270 | Loss: 0.6735 | Correct: 93/128 | Elapsed Time: 13.05s
2026-02-10 10:31:54,730 | INFO | Batch 280 | Loss: 0.6735 | Correct: 96/128 | Elapsed Time: 13.03s
2026-02-10 10:32:07,733 | INFO | Batch 290 | Loss: 0.6277 | Correct: 95/128 | Elapsed Time: 13.00s
2026-02-10 10:32:20,734 | INFO | Batch 300 | Loss: 0.5946 | Correct: 91/128 | Elapsed Time: 13.00s
2026-02-10 10:32:33,767 | INFO | Batch 310 | Loss: 0.6882 | Correct: 98/128 | Elapsed Time: 13.03s
2026-02-10 10:32:46,673 | INFO | Batch 320 | Loss: 0.6484 | Correct: 97/128 | Elapsed Time: 12.91s
2026-02-10 10:32:59,788 | INFO | Batch 330 | Loss: 0.5054 | Correct: 106/128 | Elapsed Time: 13.12s
2026-02-10 10:33:13,320 | INFO | Batch 340 | Loss: 0.6519 | Correct: 100/128 | Elapsed Time: 13.53s
2026-02-10 10:33:26,336 | INFO | Batch 350 | Loss: 0.7795 | Correct: 90/128 | Elapsed Time: 13.02s
2026-02-10 10:33:39,269 | INFO | Batch 360 | Loss: 0.6735 | Correct: 100/128 | Elapsed Time: 12.93s
2026-02-10 10:33:52,308 | INFO | Batch 370 | Loss: 0.6142 | Correct: 103/128 | Elapsed Time: 13.04s
2026-02-10 10:34:05,382 | INFO | Batch 380 | Loss: 0.6449 | Correct: 100/128 | Elapsed Time: 13.07s
2026-02-10 10:34:18,299 | INFO | Batch 390 | Loss: 0.6109 | Correct: 102/128 | Elapsed Time: 12.92s
2026-02-10 10:34:19,333 | INFO | Epoch [73/100] - Loss: 0.6765 | Correct: 37889/50000 (75.78%, 508.95s)
2026-02-10 10:35:05,259 | INFO | Validation - Loss: 0.7981 | Correct: 7219/10000 (72.19%) (45.92s)
2026-02-10 10:35:18,280 | INFO | Batch 10 | Loss: 0.6882 | Correct: 100/128 | Elapsed Time: 13.02s
2026-02-10 10:35:31,294 | INFO | Batch 20 | Loss: 0.6209 | Correct: 98/128 | Elapsed Time: 13.01s
2026-02-10 10:35:44,241 | INFO | Batch 30 | Loss: 0.6555 | Correct: 99/128 | Elapsed Time: 12.95s
2026-02-10 10:35:57,257 | INFO | Batch 40 | Loss: 0.6176 | Correct: 98/128 | Elapsed Time: 13.02s
2026-02-10 10:36:10,319 | INFO | Batch 50 | Loss: 0.6845 | Correct: 98/128 | Elapsed Time: 13.06s
2026-02-10 10:36:23,221 | INFO | Batch 60 | Loss: 0.6076 | Correct: 100/128 | Elapsed Time: 12.90s
2026-02-10 10:36:36,279 | INFO | Batch 70 | Loss: 0.8096 | Correct: 87/128 | Elapsed Time: 13.06s
2026-02-10 10:36:49,299 | INFO | Batch 80 | Loss: 0.6011 | Correct: 101/128 | Elapsed Time: 13.02s
2026-02-10 10:37:02,171 | INFO | Batch 90 | Loss: 0.5453 | Correct: 102/128 | Elapsed Time: 12.87s
2026-02-10 10:37:15,240 | INFO | Batch 100 | Loss: 0.6555 | Correct: 101/128 | Elapsed Time: 13.07s
2026-02-10 10:37:28,271 | INFO | Batch 110 | Loss: 0.7148 | Correct: 92/128 | Elapsed Time: 13.03s
2026-02-10 10:37:41,329 | INFO | Batch 120 | Loss: 0.6311 | Correct: 101/128 | Elapsed Time: 13.06s
2026-02-10 10:37:54,222 | INFO | Batch 130 | Loss: 0.7344 | Correct: 96/128 | Elapsed Time: 12.89s
2026-02-10 10:38:07,283 | INFO | Batch 140 | Loss: 0.5946 | Correct: 105/128 | Elapsed Time: 13.06s
2026-02-10 10:38:20,330 | INFO | Batch 150 | Loss: 0.8140 | Correct: 93/128 | Elapsed Time: 13.05s
2026-02-10 10:38:33,236 | INFO | Batch 160 | Loss: 0.5850 | Correct: 97/128 | Elapsed Time: 12.91s
2026-02-10 10:38:46,276 | INFO | Batch 170 | Loss: 0.6626 | Correct: 96/128 | Elapsed Time: 13.04s
2026-02-10 10:38:59,302 | INFO | Batch 180 | Loss: 0.5663 | Correct: 102/128 | Elapsed Time: 13.03s
2026-02-10 10:39:12,327 | INFO | Batch 190 | Loss: 0.5453 | Correct: 103/128 | Elapsed Time: 13.02s
2026-02-10 10:39:25,382 | INFO | Batch 200 | Loss: 0.7424 | Correct: 99/128 | Elapsed Time: 13.05s
2026-02-10 10:39:38,390 | INFO | Batch 210 | Loss: 0.7033 | Correct: 92/128 | Elapsed Time: 13.01s
2026-02-10 10:39:51,293 | INFO | Batch 220 | Loss: 0.5482 | Correct: 106/128 | Elapsed Time: 12.90s
2026-02-10 10:40:04,368 | INFO | Batch 230 | Loss: 0.6043 | Correct: 102/128 | Elapsed Time: 13.07s
2026-02-10 10:40:17,373 | INFO | Batch 240 | Loss: 0.6662 | Correct: 98/128 | Elapsed Time: 13.01s
2026-02-10 10:40:30,348 | INFO | Batch 250 | Loss: 0.6449 | Correct: 98/128 | Elapsed Time: 12.97s
2026-02-10 10:40:43,417 | INFO | Batch 260 | Loss: 0.9473 | Correct: 82/128 | Elapsed Time: 13.07s
2026-02-10 10:40:56,438 | INFO | Batch 270 | Loss: 0.6771 | Correct: 99/128 | Elapsed Time: 13.02s
2026-02-10 10:41:09,426 | INFO | Batch 280 | Loss: 0.6277 | Correct: 97/128 | Elapsed Time: 12.99s
2026-02-10 10:41:22,473 | INFO | Batch 290 | Loss: 0.6957 | Correct: 98/128 | Elapsed Time: 13.05s
2026-02-10 10:41:35,509 | INFO | Batch 300 | Loss: 0.7187 | Correct: 91/128 | Elapsed Time: 13.04s
2026-02-10 10:41:48,474 | INFO | Batch 310 | Loss: 0.6920 | Correct: 103/128 | Elapsed Time: 12.96s
2026-02-10 10:42:01,556 | INFO | Batch 320 | Loss: 0.5572 | Correct: 106/128 | Elapsed Time: 13.08s
2026-02-10 10:42:14,620 | INFO | Batch 330 | Loss: 0.6957 | Correct: 91/128 | Elapsed Time: 13.06s
2026-02-10 10:42:27,472 | INFO | Batch 340 | Loss: 0.6808 | Correct: 97/128 | Elapsed Time: 12.85s
2026-02-10 10:42:40,443 | INFO | Batch 350 | Loss: 0.6698 | Correct: 97/128 | Elapsed Time: 12.97s
2026-02-10 10:42:53,441 | INFO | Batch 360 | Loss: 0.8140 | Correct: 86/128 | Elapsed Time: 13.00s
2026-02-10 10:43:06,794 | INFO | Batch 370 | Loss: 0.8640 | Correct: 94/128 | Elapsed Time: 13.35s
2026-02-10 10:43:19,751 | INFO | Batch 380 | Loss: 0.6243 | Correct: 100/128 | Elapsed Time: 12.96s
2026-02-10 10:43:32,728 | INFO | Batch 390 | Loss: 0.7305 | Correct: 98/128 | Elapsed Time: 12.98s
2026-02-10 10:43:33,762 | INFO | Epoch [74/100] - Loss: 0.6793 | Correct: 37777/50000 (75.55%, 508.50s)
2026-02-10 10:44:19,431 | INFO | Validation - Loss: 0.8099 | Correct: 7207/10000 (72.07%) (45.67s)
2026-02-10 10:44:32,417 | INFO | Batch 10 | Loss: 0.7505 | Correct: 95/128 | Elapsed Time: 12.98s
2026-02-10 10:44:45,320 | INFO | Batch 20 | Loss: 0.7265 | Correct: 91/128 | Elapsed Time: 12.90s
2026-02-10 10:44:58,292 | INFO | Batch 30 | Loss: 0.7109 | Correct: 95/128 | Elapsed Time: 12.97s
2026-02-10 10:45:11,325 | INFO | Batch 40 | Loss: 0.8734 | Correct: 90/128 | Elapsed Time: 13.03s
2026-02-10 10:45:24,179 | INFO | Batch 50 | Loss: 0.5394 | Correct: 103/128 | Elapsed Time: 12.85s
2026-02-10 10:45:37,173 | INFO | Batch 60 | Loss: 0.6043 | Correct: 97/128 | Elapsed Time: 12.99s
2026-02-10 10:45:50,175 | INFO | Batch 70 | Loss: 0.6698 | Correct: 99/128 | Elapsed Time: 13.00s
2026-02-10 10:46:03,129 | INFO | Batch 80 | Loss: 0.7109 | Correct: 98/128 | Elapsed Time: 12.95s
2026-02-10 10:46:16,146 | INFO | Batch 90 | Loss: 0.6311 | Correct: 100/128 | Elapsed Time: 13.02s
2026-02-10 10:46:29,122 | INFO | Batch 100 | Loss: 0.6209 | Correct: 103/128 | Elapsed Time: 12.98s
2026-02-10 10:46:41,995 | INFO | Batch 110 | Loss: 0.7966 | Correct: 94/128 | Elapsed Time: 12.87s
2026-02-10 10:46:54,975 | INFO | Batch 120 | Loss: 0.5882 | Correct: 102/128 | Elapsed Time: 12.98s
2026-02-10 10:47:08,065 | INFO | Batch 130 | Loss: 0.7344 | Correct: 92/128 | Elapsed Time: 13.09s
2026-02-10 10:47:21,039 | INFO | Batch 140 | Loss: 0.7305 | Correct: 98/128 | Elapsed Time: 12.97s
2026-02-10 10:47:33,894 | INFO | Batch 150 | Loss: 0.6808 | Correct: 92/128 | Elapsed Time: 12.85s
2026-02-10 10:47:46,858 | INFO | Batch 160 | Loss: 0.7305 | Correct: 95/128 | Elapsed Time: 12.96s
2026-02-10 10:47:59,848 | INFO | Batch 170 | Loss: 0.6209 | Correct: 97/128 | Elapsed Time: 12.99s
2026-02-10 10:48:12,807 | INFO | Batch 180 | Loss: 0.6771 | Correct: 95/128 | Elapsed Time: 12.96s
2026-02-10 10:48:25,743 | INFO | Batch 190 | Loss: 0.6995 | Correct: 93/128 | Elapsed Time: 12.94s
2026-02-10 10:48:38,678 | INFO | Batch 200 | Loss: 0.8547 | Correct: 86/128 | Elapsed Time: 12.94s
2026-02-10 10:48:51,460 | INFO | Batch 210 | Loss: 0.7711 | Correct: 94/128 | Elapsed Time: 12.78s
2026-02-10 10:49:04,397 | INFO | Batch 220 | Loss: 0.5725 | Correct: 98/128 | Elapsed Time: 12.94s
2026-02-10 10:49:17,252 | INFO | Batch 230 | Loss: 0.5250 | Correct: 107/128 | Elapsed Time: 12.85s
2026-02-10 10:49:30,041 | INFO | Batch 240 | Loss: 0.6698 | Correct: 96/128 | Elapsed Time: 12.79s
2026-02-10 10:49:42,993 | INFO | Batch 250 | Loss: 0.5307 | Correct: 99/128 | Elapsed Time: 12.95s
2026-02-10 10:49:55,824 | INFO | Batch 260 | Loss: 0.7109 | Correct: 92/128 | Elapsed Time: 12.83s
2026-02-10 10:50:08,643 | INFO | Batch 270 | Loss: 0.6957 | Correct: 94/128 | Elapsed Time: 12.82s
2026-02-10 10:50:21,569 | INFO | Batch 280 | Loss: 0.7505 | Correct: 96/128 | Elapsed Time: 12.93s
2026-02-10 10:50:34,506 | INFO | Batch 290 | Loss: 0.6345 | Correct: 101/128 | Elapsed Time: 12.94s
2026-02-10 10:50:47,424 | INFO | Batch 300 | Loss: 0.8052 | Correct: 91/128 | Elapsed Time: 12.92s
2026-02-10 10:51:00,461 | INFO | Batch 310 | Loss: 0.6011 | Correct: 95/128 | Elapsed Time: 13.04s
2026-02-10 10:51:13,583 | INFO | Batch 320 | Loss: 0.6555 | Correct: 93/128 | Elapsed Time: 13.12s
2026-02-10 10:51:26,510 | INFO | Batch 330 | Loss: 0.4919 | Correct: 101/128 | Elapsed Time: 12.93s
2026-02-10 10:51:39,521 | INFO | Batch 340 | Loss: 0.8877 | Correct: 96/128 | Elapsed Time: 13.01s
2026-02-10 10:51:52,553 | INFO | Batch 350 | Loss: 0.7305 | Correct: 94/128 | Elapsed Time: 13.03s
2026-02-10 10:52:05,540 | INFO | Batch 360 | Loss: 0.6845 | Correct: 97/128 | Elapsed Time: 12.99s
2026-02-10 10:52:18,562 | INFO | Batch 370 | Loss: 0.6845 | Correct: 90/128 | Elapsed Time: 13.02s
2026-02-10 10:52:31,618 | INFO | Batch 380 | Loss: 0.6735 | Correct: 99/128 | Elapsed Time: 13.06s
2026-02-10 10:52:44,542 | INFO | Batch 390 | Loss: 0.8009 | Correct: 85/128 | Elapsed Time: 12.92s
2026-02-10 10:52:45,688 | INFO | Epoch [75/100] - Loss: 0.6768 | Correct: 37859/50000 (75.72%, 506.25s)
2026-02-10 10:53:32,180 | INFO | Validation - Loss: 0.7996 | Correct: 7212/10000 (72.12%) (46.49s)
2026-02-10 10:53:45,026 | INFO | Batch 10 | Loss: 0.6662 | Correct: 95/128 | Elapsed Time: 12.84s
2026-02-10 10:53:58,004 | INFO | Batch 20 | Loss: 0.6882 | Correct: 96/128 | Elapsed Time: 12.98s
2026-02-10 10:54:11,055 | INFO | Batch 30 | Loss: 0.6882 | Correct: 97/128 | Elapsed Time: 13.05s
2026-02-10 10:54:23,962 | INFO | Batch 40 | Loss: 0.6484 | Correct: 103/128 | Elapsed Time: 12.91s
2026-02-10 10:54:36,949 | INFO | Batch 50 | Loss: 0.6109 | Correct: 99/128 | Elapsed Time: 12.99s
2026-02-10 10:54:50,007 | INFO | Batch 60 | Loss: 0.5694 | Correct: 105/128 | Elapsed Time: 13.06s
2026-02-10 10:55:02,950 | INFO | Batch 70 | Loss: 0.6662 | Correct: 102/128 | Elapsed Time: 12.94s
2026-02-10 10:55:16,117 | INFO | Batch 80 | Loss: 0.6698 | Correct: 99/128 | Elapsed Time: 13.17s
2026-02-10 10:55:29,095 | INFO | Batch 90 | Loss: 0.7305 | Correct: 91/128 | Elapsed Time: 12.98s
2026-02-10 10:55:41,970 | INFO | Batch 100 | Loss: 0.5819 | Correct: 97/128 | Elapsed Time: 12.88s
2026-02-10 10:55:54,988 | INFO | Batch 110 | Loss: 0.6311 | Correct: 102/128 | Elapsed Time: 13.02s
2026-02-10 10:56:08,021 | INFO | Batch 120 | Loss: 0.6209 | Correct: 100/128 | Elapsed Time: 13.03s
2026-02-10 10:56:20,992 | INFO | Batch 130 | Loss: 0.8140 | Correct: 86/128 | Elapsed Time: 12.97s
2026-02-10 10:56:33,990 | INFO | Batch 140 | Loss: 0.7587 | Correct: 94/128 | Elapsed Time: 13.00s
2026-02-10 10:56:47,035 | INFO | Batch 150 | Loss: 0.7424 | Correct: 95/128 | Elapsed Time: 13.04s
2026-02-10 10:56:59,929 | INFO | Batch 160 | Loss: 0.5756 | Correct: 104/128 | Elapsed Time: 12.89s
2026-02-10 10:57:13,044 | INFO | Batch 170 | Loss: 0.7148 | Correct: 96/128 | Elapsed Time: 13.11s
2026-02-10 10:57:26,073 | INFO | Batch 180 | Loss: 0.7226 | Correct: 94/128 | Elapsed Time: 13.03s
2026-02-10 10:57:39,071 | INFO | Batch 190 | Loss: 0.6662 | Correct: 96/128 | Elapsed Time: 13.00s
2026-02-10 10:57:51,952 | INFO | Batch 200 | Loss: 0.5882 | Correct: 106/128 | Elapsed Time: 12.88s
2026-02-10 10:58:04,995 | INFO | Batch 210 | Loss: 0.6957 | Correct: 93/128 | Elapsed Time: 13.04s
2026-02-10 10:58:17,969 | INFO | Batch 220 | Loss: 0.7187 | Correct: 89/128 | Elapsed Time: 12.97s
2026-02-10 10:58:30,683 | INFO | Batch 230 | Loss: 0.6345 | Correct: 95/128 | Elapsed Time: 12.71s
2026-02-10 10:58:43,581 | INFO | Batch 240 | Loss: 0.6109 | Correct: 101/128 | Elapsed Time: 12.90s
2026-02-10 10:58:56,547 | INFO | Batch 250 | Loss: 0.7923 | Correct: 94/128 | Elapsed Time: 12.97s
2026-02-10 10:59:09,531 | INFO | Batch 260 | Loss: 0.7628 | Correct: 90/128 | Elapsed Time: 12.98s
2026-02-10 10:59:22,522 | INFO | Batch 270 | Loss: 0.6043 | Correct: 99/128 | Elapsed Time: 12.99s
2026-02-10 10:59:35,456 | INFO | Batch 280 | Loss: 0.6590 | Correct: 101/128 | Elapsed Time: 12.93s
2026-02-10 10:59:48,346 | INFO | Batch 290 | Loss: 0.5787 | Correct: 100/128 | Elapsed Time: 12.89s
2026-02-10 11:00:01,378 | INFO | Batch 300 | Loss: 0.6209 | Correct: 102/128 | Elapsed Time: 13.03s
2026-02-10 11:00:14,427 | INFO | Batch 310 | Loss: 0.6662 | Correct: 99/128 | Elapsed Time: 13.05s
2026-02-10 11:00:27,316 | INFO | Batch 320 | Loss: 0.6555 | Correct: 99/128 | Elapsed Time: 12.89s
2026-02-10 11:00:40,320 | INFO | Batch 330 | Loss: 0.6626 | Correct: 95/128 | Elapsed Time: 13.00s
2026-02-10 11:00:53,312 | INFO | Batch 340 | Loss: 0.8455 | Correct: 85/128 | Elapsed Time: 12.99s
2026-02-10 11:01:06,260 | INFO | Batch 350 | Loss: 0.5850 | Correct: 104/128 | Elapsed Time: 12.95s
2026-02-10 11:01:19,304 | INFO | Batch 360 | Loss: 0.5725 | Correct: 100/128 | Elapsed Time: 13.04s
2026-02-10 11:01:32,327 | INFO | Batch 370 | Loss: 0.7187 | Correct: 96/128 | Elapsed Time: 13.02s
2026-02-10 11:01:45,195 | INFO | Batch 380 | Loss: 0.7465 | Correct: 94/128 | Elapsed Time: 12.87s
2026-02-10 11:01:58,209 | INFO | Batch 390 | Loss: 0.7109 | Correct: 93/128 | Elapsed Time: 13.01s
2026-02-10 11:01:59,240 | INFO | Epoch [76/100] - Loss: 0.6708 | Correct: 38032/50000 (76.06%, 507.06s)
2026-02-10 11:02:44,995 | INFO | Validation - Loss: 0.7987 | Correct: 7220/10000 (72.20%) (45.75s)
2026-02-10 11:02:58,017 | INFO | Batch 10 | Loss: 0.8140 | Correct: 86/128 | Elapsed Time: 13.02s
2026-02-10 11:03:11,489 | INFO | Batch 20 | Loss: 0.6243 | Correct: 98/128 | Elapsed Time: 13.47s
2026-02-10 11:03:24,375 | INFO | Batch 30 | Loss: 0.6345 | Correct: 100/128 | Elapsed Time: 12.89s
2026-02-10 11:03:37,301 | INFO | Batch 40 | Loss: 0.6011 | Correct: 105/128 | Elapsed Time: 12.93s
2026-02-10 11:03:50,282 | INFO | Batch 50 | Loss: 0.7711 | Correct: 87/128 | Elapsed Time: 12.98s
2026-02-10 11:04:03,139 | INFO | Batch 60 | Loss: 0.7505 | Correct: 90/128 | Elapsed Time: 12.86s
2026-02-10 11:04:16,158 | INFO | Batch 70 | Loss: 0.7587 | Correct: 91/128 | Elapsed Time: 13.02s
2026-02-10 11:04:29,122 | INFO | Batch 80 | Loss: 0.5978 | Correct: 98/128 | Elapsed Time: 12.96s
2026-02-10 11:04:41,982 | INFO | Batch 90 | Loss: 0.5882 | Correct: 98/128 | Elapsed Time: 12.86s
2026-02-10 11:04:54,963 | INFO | Batch 100 | Loss: 0.6414 | Correct: 101/128 | Elapsed Time: 12.98s
2026-02-10 11:05:07,996 | INFO | Batch 110 | Loss: 0.6590 | Correct: 99/128 | Elapsed Time: 13.03s
2026-02-10 11:05:20,889 | INFO | Batch 120 | Loss: 0.7587 | Correct: 97/128 | Elapsed Time: 12.89s
2026-02-10 11:05:33,922 | INFO | Batch 130 | Loss: 0.7669 | Correct: 96/128 | Elapsed Time: 13.03s
2026-02-10 11:05:47,030 | INFO | Batch 140 | Loss: 0.6735 | Correct: 93/128 | Elapsed Time: 13.11s
2026-02-10 11:06:00,074 | INFO | Batch 150 | Loss: 0.4919 | Correct: 104/128 | Elapsed Time: 13.04s
2026-02-10 11:06:13,387 | INFO | Batch 160 | Loss: 0.6209 | Correct: 95/128 | Elapsed Time: 13.31s
2026-02-10 11:06:26,532 | INFO | Batch 170 | Loss: 0.7628 | Correct: 87/128 | Elapsed Time: 13.15s
2026-02-10 11:06:39,474 | INFO | Batch 180 | Loss: 0.6771 | Correct: 100/128 | Elapsed Time: 12.94s
2026-02-10 11:06:52,553 | INFO | Batch 190 | Loss: 0.6076 | Correct: 99/128 | Elapsed Time: 13.08s
2026-02-10 11:07:05,689 | INFO | Batch 200 | Loss: 0.7424 | Correct: 98/128 | Elapsed Time: 13.14s
2026-02-10 11:07:18,782 | INFO | Batch 210 | Loss: 0.6380 | Correct: 100/128 | Elapsed Time: 13.09s
2026-02-10 11:07:31,749 | INFO | Batch 220 | Loss: 0.6845 | Correct: 99/128 | Elapsed Time: 12.97s
2026-02-10 11:07:44,817 | INFO | Batch 230 | Loss: 0.7109 | Correct: 92/128 | Elapsed Time: 13.07s
2026-02-10 11:07:57,839 | INFO | Batch 240 | Loss: 0.7669 | Correct: 97/128 | Elapsed Time: 13.02s
2026-02-10 11:08:10,755 | INFO | Batch 250 | Loss: 0.7587 | Correct: 96/128 | Elapsed Time: 12.92s
2026-02-10 11:08:23,716 | INFO | Batch 260 | Loss: 0.4919 | Correct: 107/128 | Elapsed Time: 12.96s
2026-02-10 11:08:36,686 | INFO | Batch 270 | Loss: 0.5946 | Correct: 101/128 | Elapsed Time: 12.97s
2026-02-10 11:08:49,621 | INFO | Batch 280 | Loss: 0.5278 | Correct: 103/128 | Elapsed Time: 12.93s
2026-02-10 11:09:02,732 | INFO | Batch 290 | Loss: 0.5882 | Correct: 104/128 | Elapsed Time: 13.11s
2026-02-10 11:09:15,741 | INFO | Batch 300 | Loss: 0.7465 | Correct: 99/128 | Elapsed Time: 13.01s
2026-02-10 11:09:28,604 | INFO | Batch 310 | Loss: 0.6808 | Correct: 94/128 | Elapsed Time: 12.86s
2026-02-10 11:09:41,583 | INFO | Batch 320 | Loss: 0.6011 | Correct: 99/128 | Elapsed Time: 12.98s
2026-02-10 11:09:54,552 | INFO | Batch 330 | Loss: 0.6380 | Correct: 96/128 | Elapsed Time: 12.97s
2026-02-10 11:10:07,480 | INFO | Batch 340 | Loss: 0.6590 | Correct: 104/128 | Elapsed Time: 12.93s
2026-02-10 11:10:20,469 | INFO | Batch 350 | Loss: 0.7837 | Correct: 89/128 | Elapsed Time: 12.99s
2026-02-10 11:10:33,503 | INFO | Batch 360 | Loss: 0.7546 | Correct: 95/128 | Elapsed Time: 13.03s
2026-02-10 11:10:46,441 | INFO | Batch 370 | Loss: 0.8052 | Correct: 88/128 | Elapsed Time: 12.94s
2026-02-10 11:10:59,478 | INFO | Batch 380 | Loss: 0.7226 | Correct: 92/128 | Elapsed Time: 13.04s
2026-02-10 11:11:12,551 | INFO | Batch 390 | Loss: 0.6176 | Correct: 104/128 | Elapsed Time: 13.07s
2026-02-10 11:11:13,584 | INFO | Epoch [77/100] - Loss: 0.6687 | Correct: 37961/50000 (75.92%, 508.59s)
2026-02-10 11:11:59,395 | INFO | Validation - Loss: 0.7999 | Correct: 7236/10000 (72.36%) (45.81s)
2026-02-10 11:12:12,539 | INFO | Batch 10 | Loss: 0.6957 | Correct: 98/128 | Elapsed Time: 13.14s
2026-02-10 11:12:25,470 | INFO | Batch 20 | Loss: 0.6043 | Correct: 102/128 | Elapsed Time: 12.93s
2026-02-10 11:12:38,489 | INFO | Batch 30 | Loss: 0.6414 | Correct: 99/128 | Elapsed Time: 13.02s
2026-02-10 11:12:51,471 | INFO | Batch 40 | Loss: 0.5512 | Correct: 108/128 | Elapsed Time: 12.98s
2026-02-10 11:13:05,204 | INFO | Batch 50 | Loss: 0.7033 | Correct: 98/128 | Elapsed Time: 13.73s
2026-02-10 11:13:18,316 | INFO | Batch 60 | Loss: 0.6555 | Correct: 100/128 | Elapsed Time: 13.11s
2026-02-10 11:13:31,391 | INFO | Batch 70 | Loss: 0.7033 | Correct: 91/128 | Elapsed Time: 13.08s
2026-02-10 11:13:44,320 | INFO | Batch 80 | Loss: 0.6771 | Correct: 98/128 | Elapsed Time: 12.93s
2026-02-10 11:13:57,420 | INFO | Batch 90 | Loss: 0.6920 | Correct: 91/128 | Elapsed Time: 13.10s
2026-02-10 11:14:10,556 | INFO | Batch 100 | Loss: 0.6109 | Correct: 104/128 | Elapsed Time: 13.14s
2026-02-10 11:14:23,606 | INFO | Batch 110 | Loss: 0.6662 | Correct: 94/128 | Elapsed Time: 13.05s
2026-02-10 11:14:36,683 | INFO | Batch 120 | Loss: 0.5109 | Correct: 101/128 | Elapsed Time: 13.08s
2026-02-10 11:14:49,782 | INFO | Batch 130 | Loss: 0.5694 | Correct: 104/128 | Elapsed Time: 13.10s
2026-02-10 11:15:02,742 | INFO | Batch 140 | Loss: 0.9371 | Correct: 86/128 | Elapsed Time: 12.96s
2026-02-10 11:15:15,798 | INFO | Batch 150 | Loss: 0.7795 | Correct: 94/128 | Elapsed Time: 13.06s
2026-02-10 11:15:28,878 | INFO | Batch 160 | Loss: 0.6011 | Correct: 106/128 | Elapsed Time: 13.08s
2026-02-10 11:15:41,833 | INFO | Batch 170 | Loss: 0.5193 | Correct: 107/128 | Elapsed Time: 12.95s
2026-02-10 11:15:54,890 | INFO | Batch 180 | Loss: 0.4893 | Correct: 106/128 | Elapsed Time: 13.06s
2026-02-10 11:16:08,005 | INFO | Batch 190 | Loss: 0.6209 | Correct: 95/128 | Elapsed Time: 13.12s
2026-02-10 11:16:21,015 | INFO | Batch 200 | Loss: 0.6662 | Correct: 100/128 | Elapsed Time: 13.01s
2026-02-10 11:16:34,075 | INFO | Batch 210 | Loss: 0.6142 | Correct: 95/128 | Elapsed Time: 13.06s
2026-02-10 11:16:47,151 | INFO | Batch 220 | Loss: 0.7148 | Correct: 98/128 | Elapsed Time: 13.08s
2026-02-10 11:17:00,207 | INFO | Batch 230 | Loss: 0.6771 | Correct: 96/128 | Elapsed Time: 13.06s
2026-02-10 11:17:13,287 | INFO | Batch 240 | Loss: 0.6957 | Correct: 95/128 | Elapsed Time: 13.08s
2026-02-10 11:17:26,456 | INFO | Batch 250 | Loss: 0.6109 | Correct: 98/128 | Elapsed Time: 13.17s
2026-02-10 11:17:39,585 | INFO | Batch 260 | Loss: 0.6519 | Correct: 95/128 | Elapsed Time: 13.13s
2026-02-10 11:17:52,548 | INFO | Batch 270 | Loss: 0.6311 | Correct: 97/128 | Elapsed Time: 12.96s
2026-02-10 11:18:05,588 | INFO | Batch 280 | Loss: 0.6519 | Correct: 101/128 | Elapsed Time: 13.04s
2026-02-10 11:18:18,657 | INFO | Batch 290 | Loss: 0.6920 | Correct: 97/128 | Elapsed Time: 13.07s
2026-02-10 11:18:31,647 | INFO | Batch 300 | Loss: 0.7966 | Correct: 91/128 | Elapsed Time: 12.99s
2026-02-10 11:18:44,805 | INFO | Batch 310 | Loss: 0.6882 | Correct: 96/128 | Elapsed Time: 13.16s
2026-02-10 11:18:57,902 | INFO | Batch 320 | Loss: 0.6882 | Correct: 99/128 | Elapsed Time: 13.10s
2026-02-10 11:19:10,918 | INFO | Batch 330 | Loss: 0.6845 | Correct: 97/128 | Elapsed Time: 13.02s
2026-02-10 11:19:23,967 | INFO | Batch 340 | Loss: 0.7837 | Correct: 94/128 | Elapsed Time: 13.05s
2026-02-10 11:19:37,029 | INFO | Batch 350 | Loss: 0.5850 | Correct: 98/128 | Elapsed Time: 13.06s
2026-02-10 11:19:50,005 | INFO | Batch 360 | Loss: 0.7187 | Correct: 94/128 | Elapsed Time: 12.98s
2026-02-10 11:20:03,185 | INFO | Batch 370 | Loss: 0.5850 | Correct: 100/128 | Elapsed Time: 13.18s
2026-02-10 11:20:16,295 | INFO | Batch 380 | Loss: 0.8687 | Correct: 86/128 | Elapsed Time: 13.11s
2026-02-10 11:20:29,297 | INFO | Batch 390 | Loss: 0.7837 | Correct: 90/128 | Elapsed Time: 13.00s
2026-02-10 11:20:30,336 | INFO | Epoch [78/100] - Loss: 0.6683 | Correct: 37998/50000 (76.00%, 510.94s)
2026-02-10 11:21:16,619 | INFO | Validation - Loss: 0.7956 | Correct: 7214/10000 (72.14%) (46.28s)
2026-02-10 11:21:29,607 | INFO | Batch 10 | Loss: 0.5082 | Correct: 101/128 | Elapsed Time: 12.99s
2026-02-10 11:21:42,650 | INFO | Batch 20 | Loss: 0.6957 | Correct: 98/128 | Elapsed Time: 13.04s
2026-02-10 11:21:55,699 | INFO | Batch 30 | Loss: 0.6920 | Correct: 95/128 | Elapsed Time: 13.05s
2026-02-10 11:22:08,642 | INFO | Batch 40 | Loss: 0.8052 | Correct: 90/128 | Elapsed Time: 12.94s
2026-02-10 11:22:21,678 | INFO | Batch 50 | Loss: 0.5453 | Correct: 102/128 | Elapsed Time: 13.04s
2026-02-10 11:22:34,746 | INFO | Batch 60 | Loss: 0.7226 | Correct: 93/128 | Elapsed Time: 13.07s
2026-02-10 11:22:47,642 | INFO | Batch 70 | Loss: 0.6995 | Correct: 93/128 | Elapsed Time: 12.90s
2026-02-10 11:23:00,819 | INFO | Batch 80 | Loss: 0.7148 | Correct: 92/128 | Elapsed Time: 13.18s
2026-02-10 11:23:14,341 | INFO | Batch 90 | Loss: 0.5572 | Correct: 104/128 | Elapsed Time: 13.52s
2026-02-10 11:23:27,274 | INFO | Batch 100 | Loss: 0.5512 | Correct: 99/128 | Elapsed Time: 12.93s
2026-02-10 11:23:40,279 | INFO | Batch 110 | Loss: 0.9170 | Correct: 85/128 | Elapsed Time: 13.00s
2026-02-10 11:23:53,344 | INFO | Batch 120 | Loss: 0.5914 | Correct: 96/128 | Elapsed Time: 13.07s
2026-02-10 11:24:06,312 | INFO | Batch 130 | Loss: 0.6142 | Correct: 98/128 | Elapsed Time: 12.97s
2026-02-10 11:24:19,314 | INFO | Batch 140 | Loss: 0.6142 | Correct: 102/128 | Elapsed Time: 13.00s
2026-02-10 11:24:32,340 | INFO | Batch 150 | Loss: 0.6995 | Correct: 97/128 | Elapsed Time: 13.03s
2026-02-10 11:24:45,289 | INFO | Batch 160 | Loss: 0.6519 | Correct: 94/128 | Elapsed Time: 12.95s
2026-02-10 11:24:58,346 | INFO | Batch 170 | Loss: 0.7966 | Correct: 86/128 | Elapsed Time: 13.06s
2026-02-10 11:25:11,491 | INFO | Batch 180 | Loss: 0.6662 | Correct: 96/128 | Elapsed Time: 13.14s
2026-02-10 11:25:24,419 | INFO | Batch 190 | Loss: 0.6920 | Correct: 107/128 | Elapsed Time: 12.93s
2026-02-10 11:25:37,478 | INFO | Batch 200 | Loss: 0.5725 | Correct: 103/128 | Elapsed Time: 13.06s
2026-02-10 11:25:50,497 | INFO | Batch 210 | Loss: 0.5307 | Correct: 105/128 | Elapsed Time: 13.02s
2026-02-10 11:26:03,601 | INFO | Batch 220 | Loss: 0.7344 | Correct: 89/128 | Elapsed Time: 13.10s
2026-02-10 11:26:16,563 | INFO | Batch 230 | Loss: 0.5572 | Correct: 105/128 | Elapsed Time: 12.96s
2026-02-10 11:26:29,632 | INFO | Batch 240 | Loss: 0.7424 | Correct: 99/128 | Elapsed Time: 13.07s
2026-02-10 11:26:42,672 | INFO | Batch 250 | Loss: 0.6920 | Correct: 93/128 | Elapsed Time: 13.04s
2026-02-10 11:26:55,638 | INFO | Batch 260 | Loss: 0.7966 | Correct: 92/128 | Elapsed Time: 12.97s
2026-02-10 11:27:08,725 | INFO | Batch 270 | Loss: 0.6845 | Correct: 98/128 | Elapsed Time: 13.09s
2026-02-10 11:27:21,757 | INFO | Batch 280 | Loss: 0.6209 | Correct: 99/128 | Elapsed Time: 13.03s
2026-02-10 11:27:34,621 | INFO | Batch 290 | Loss: 0.6882 | Correct: 99/128 | Elapsed Time: 12.86s
2026-02-10 11:27:47,670 | INFO | Batch 300 | Loss: 0.6590 | Correct: 101/128 | Elapsed Time: 13.05s
2026-02-10 11:28:00,774 | INFO | Batch 310 | Loss: 0.7966 | Correct: 89/128 | Elapsed Time: 13.10s
2026-02-10 11:28:13,842 | INFO | Batch 320 | Loss: 0.5787 | Correct: 101/128 | Elapsed Time: 13.07s
2026-02-10 11:28:26,913 | INFO | Batch 330 | Loss: 0.7505 | Correct: 97/128 | Elapsed Time: 13.07s
2026-02-10 11:28:39,947 | INFO | Batch 340 | Loss: 0.6626 | Correct: 94/128 | Elapsed Time: 13.03s
2026-02-10 11:28:52,911 | INFO | Batch 350 | Loss: 0.6555 | Correct: 96/128 | Elapsed Time: 12.96s
2026-02-10 11:29:06,059 | INFO | Batch 360 | Loss: 0.6345 | Correct: 97/128 | Elapsed Time: 13.15s
2026-02-10 11:29:19,117 | INFO | Batch 370 | Loss: 0.5694 | Correct: 100/128 | Elapsed Time: 13.06s
2026-02-10 11:29:32,050 | INFO | Batch 380 | Loss: 0.7033 | Correct: 92/128 | Elapsed Time: 12.93s
2026-02-10 11:29:45,115 | INFO | Batch 390 | Loss: 0.6590 | Correct: 100/128 | Elapsed Time: 13.06s
2026-02-10 11:29:46,152 | INFO | Epoch [79/100] - Loss: 0.6701 | Correct: 37983/50000 (75.97%, 509.53s)
2026-02-10 11:30:32,211 | INFO | Validation - Loss: 0.7950 | Correct: 7228/10000 (72.28%) (46.06s)
2026-02-10 11:30:45,258 | INFO | Batch 10 | Loss: 0.5978 | Correct: 104/128 | Elapsed Time: 13.04s
2026-02-10 11:30:58,308 | INFO | Batch 20 | Loss: 0.7628 | Correct: 94/128 | Elapsed Time: 13.05s
2026-02-10 11:31:11,311 | INFO | Batch 30 | Loss: 0.7795 | Correct: 94/128 | Elapsed Time: 13.00s
2026-02-10 11:31:24,379 | INFO | Batch 40 | Loss: 0.5027 | Correct: 104/128 | Elapsed Time: 13.07s
2026-02-10 11:31:37,388 | INFO | Batch 50 | Loss: 0.6845 | Correct: 94/128 | Elapsed Time: 13.01s
2026-02-10 11:31:50,306 | INFO | Batch 60 | Loss: 0.5482 | Correct: 103/128 | Elapsed Time: 12.92s
2026-02-10 11:32:03,463 | INFO | Batch 70 | Loss: 0.6449 | Correct: 100/128 | Elapsed Time: 13.16s
2026-02-10 11:32:16,446 | INFO | Batch 80 | Loss: 0.5787 | Correct: 105/128 | Elapsed Time: 12.98s
2026-02-10 11:32:29,257 | INFO | Batch 90 | Loss: 0.5725 | Correct: 101/128 | Elapsed Time: 12.81s
2026-02-10 11:32:42,226 | INFO | Batch 100 | Loss: 0.8273 | Correct: 88/128 | Elapsed Time: 12.97s
2026-02-10 11:32:55,280 | INFO | Batch 110 | Loss: 0.7148 | Correct: 95/128 | Elapsed Time: 13.05s
2026-02-10 11:33:08,586 | INFO | Batch 120 | Loss: 0.5482 | Correct: 105/128 | Elapsed Time: 13.31s
2026-02-10 11:33:21,526 | INFO | Batch 130 | Loss: 0.6920 | Correct: 101/128 | Elapsed Time: 12.94s
2026-02-10 11:33:34,417 | INFO | Batch 140 | Loss: 0.7505 | Correct: 91/128 | Elapsed Time: 12.89s
2026-02-10 11:33:47,186 | INFO | Batch 150 | Loss: 0.7305 | Correct: 93/128 | Elapsed Time: 12.77s
2026-02-10 11:34:00,057 | INFO | Batch 160 | Loss: 0.4711 | Correct: 112/128 | Elapsed Time: 12.87s
2026-02-10 11:34:13,082 | INFO | Batch 170 | Loss: 0.7148 | Correct: 95/128 | Elapsed Time: 13.03s
2026-02-10 11:34:25,985 | INFO | Batch 180 | Loss: 0.6277 | Correct: 100/128 | Elapsed Time: 12.90s
2026-02-10 11:34:38,965 | INFO | Batch 190 | Loss: 0.6243 | Correct: 100/128 | Elapsed Time: 12.98s
2026-02-10 11:34:51,969 | INFO | Batch 200 | Loss: 0.8409 | Correct: 87/128 | Elapsed Time: 13.00s
2026-02-10 11:35:04,918 | INFO | Batch 210 | Loss: 0.5914 | Correct: 98/128 | Elapsed Time: 12.95s
2026-02-10 11:35:17,904 | INFO | Batch 220 | Loss: 0.7148 | Correct: 96/128 | Elapsed Time: 12.99s
2026-02-10 11:35:30,907 | INFO | Batch 230 | Loss: 0.7505 | Correct: 98/128 | Elapsed Time: 13.00s
2026-02-10 11:35:43,787 | INFO | Batch 240 | Loss: 0.6957 | Correct: 96/128 | Elapsed Time: 12.88s
2026-02-10 11:35:56,803 | INFO | Batch 250 | Loss: 0.6698 | Correct: 98/128 | Elapsed Time: 13.02s
2026-02-10 11:36:09,851 | INFO | Batch 260 | Loss: 0.8140 | Correct: 87/128 | Elapsed Time: 13.05s
2026-02-10 11:36:22,750 | INFO | Batch 270 | Loss: 0.5946 | Correct: 96/128 | Elapsed Time: 12.90s
2026-02-10 11:36:35,779 | INFO | Batch 280 | Loss: 0.6626 | Correct: 95/128 | Elapsed Time: 13.03s
2026-02-10 11:36:48,798 | INFO | Batch 290 | Loss: 0.7628 | Correct: 100/128 | Elapsed Time: 13.02s
2026-02-10 11:37:01,833 | INFO | Batch 300 | Loss: 0.5914 | Correct: 97/128 | Elapsed Time: 13.04s
2026-02-10 11:37:14,743 | INFO | Batch 310 | Loss: 0.9170 | Correct: 85/128 | Elapsed Time: 12.91s
2026-02-10 11:37:27,740 | INFO | Batch 320 | Loss: 0.7305 | Correct: 90/128 | Elapsed Time: 13.00s
2026-02-10 11:37:40,731 | INFO | Batch 330 | Loss: 0.6845 | Correct: 97/128 | Elapsed Time: 12.99s
2026-02-10 11:37:53,607 | INFO | Batch 340 | Loss: 0.6277 | Correct: 100/128 | Elapsed Time: 12.88s
2026-02-10 11:38:06,660 | INFO | Batch 350 | Loss: 0.6845 | Correct: 100/128 | Elapsed Time: 13.05s
2026-02-10 11:38:19,655 | INFO | Batch 360 | Loss: 0.6243 | Correct: 104/128 | Elapsed Time: 12.99s
2026-02-10 11:38:32,579 | INFO | Batch 370 | Loss: 0.5756 | Correct: 98/128 | Elapsed Time: 12.92s
2026-02-10 11:38:45,594 | INFO | Batch 380 | Loss: 0.6277 | Correct: 100/128 | Elapsed Time: 13.01s
2026-02-10 11:38:58,602 | INFO | Batch 390 | Loss: 0.6484 | Correct: 103/128 | Elapsed Time: 13.01s
2026-02-10 11:38:59,644 | INFO | Epoch [80/100] - Loss: 0.6744 | Correct: 37864/50000 (75.73%, 507.43s)
2026-02-10 11:39:45,428 | INFO | Validation - Loss: 0.7929 | Correct: 7255/10000 (72.55%) (45.78s)
2026-02-10 11:39:58,478 | INFO | Batch 10 | Loss: 0.5725 | Correct: 100/128 | Elapsed Time: 13.05s
2026-02-10 11:40:11,401 | INFO | Batch 20 | Loss: 0.6043 | Correct: 98/128 | Elapsed Time: 12.92s
2026-02-10 11:40:24,410 | INFO | Batch 30 | Loss: 0.6011 | Correct: 103/128 | Elapsed Time: 13.01s
2026-02-10 11:40:37,428 | INFO | Batch 40 | Loss: 0.8009 | Correct: 94/128 | Elapsed Time: 13.02s
2026-02-10 11:40:50,337 | INFO | Batch 50 | Loss: 0.6882 | Correct: 97/128 | Elapsed Time: 12.91s
2026-02-10 11:41:03,497 | INFO | Batch 60 | Loss: 0.8687 | Correct: 86/128 | Elapsed Time: 13.16s
2026-02-10 11:41:16,591 | INFO | Batch 70 | Loss: 0.6345 | Correct: 98/128 | Elapsed Time: 13.09s
2026-02-10 11:41:29,442 | INFO | Batch 80 | Loss: 0.6771 | Correct: 98/128 | Elapsed Time: 12.85s
2026-02-10 11:41:42,487 | INFO | Batch 90 | Loss: 0.8273 | Correct: 93/128 | Elapsed Time: 13.05s
2026-02-10 11:41:55,526 | INFO | Batch 100 | Loss: 0.6920 | Correct: 92/128 | Elapsed Time: 13.04s
2026-02-10 11:42:08,497 | INFO | Batch 110 | Loss: 0.6808 | Correct: 98/128 | Elapsed Time: 12.97s
2026-02-10 11:42:21,527 | INFO | Batch 120 | Loss: 0.6414 | Correct: 101/128 | Elapsed Time: 13.03s
2026-02-10 11:42:34,532 | INFO | Batch 130 | Loss: 0.6698 | Correct: 98/128 | Elapsed Time: 13.00s
2026-02-10 11:42:47,431 | INFO | Batch 140 | Loss: 0.5850 | Correct: 104/128 | Elapsed Time: 12.90s
2026-02-10 11:43:00,724 | INFO | Batch 150 | Loss: 0.6277 | Correct: 96/128 | Elapsed Time: 13.29s
2026-02-10 11:43:14,159 | INFO | Batch 160 | Loss: 0.7148 | Correct: 95/128 | Elapsed Time: 13.44s
2026-02-10 11:43:27,104 | INFO | Batch 170 | Loss: 0.7344 | Correct: 90/128 | Elapsed Time: 12.94s
2026-02-10 11:43:40,145 | INFO | Batch 180 | Loss: 0.4762 | Correct: 105/128 | Elapsed Time: 13.04s
2026-02-10 11:43:53,151 | INFO | Batch 190 | Loss: 0.7109 | Correct: 93/128 | Elapsed Time: 13.01s
2026-02-10 11:44:06,154 | INFO | Batch 200 | Loss: 0.5423 | Correct: 107/128 | Elapsed Time: 13.00s
2026-02-10 11:44:19,218 | INFO | Batch 210 | Loss: 0.5542 | Correct: 106/128 | Elapsed Time: 13.06s
2026-02-10 11:44:32,277 | INFO | Batch 220 | Loss: 0.6043 | Correct: 98/128 | Elapsed Time: 13.06s
2026-02-10 11:44:45,208 | INFO | Batch 230 | Loss: 0.7384 | Correct: 93/128 | Elapsed Time: 12.93s
2026-02-10 11:44:58,212 | INFO | Batch 240 | Loss: 0.7033 | Correct: 101/128 | Elapsed Time: 13.00s
2026-02-10 11:45:11,309 | INFO | Batch 250 | Loss: 0.6957 | Correct: 94/128 | Elapsed Time: 13.10s
2026-02-10 11:45:24,344 | INFO | Batch 260 | Loss: 0.7344 | Correct: 92/128 | Elapsed Time: 13.03s
2026-02-10 11:45:37,266 | INFO | Batch 270 | Loss: 0.6277 | Correct: 97/128 | Elapsed Time: 12.92s
2026-02-10 11:45:50,339 | INFO | Batch 280 | Loss: 0.7109 | Correct: 94/128 | Elapsed Time: 13.07s
2026-02-10 11:46:03,415 | INFO | Batch 290 | Loss: 0.6109 | Correct: 100/128 | Elapsed Time: 13.08s
2026-02-10 11:46:16,411 | INFO | Batch 300 | Loss: 0.7546 | Correct: 97/128 | Elapsed Time: 13.00s
2026-02-10 11:46:29,494 | INFO | Batch 310 | Loss: 0.6484 | Correct: 95/128 | Elapsed Time: 13.08s
2026-02-10 11:46:42,542 | INFO | Batch 320 | Loss: 0.6076 | Correct: 99/128 | Elapsed Time: 13.05s
2026-02-10 11:46:55,523 | INFO | Batch 330 | Loss: 0.6243 | Correct: 95/128 | Elapsed Time: 12.98s
2026-02-10 11:47:08,637 | INFO | Batch 340 | Loss: 0.6176 | Correct: 96/128 | Elapsed Time: 13.11s
2026-02-10 11:47:21,746 | INFO | Batch 350 | Loss: 0.7033 | Correct: 95/128 | Elapsed Time: 13.11s
2026-02-10 11:47:34,673 | INFO | Batch 360 | Loss: 0.7424 | Correct: 98/128 | Elapsed Time: 12.93s
2026-02-10 11:47:47,724 | INFO | Batch 370 | Loss: 0.6555 | Correct: 98/128 | Elapsed Time: 13.05s
2026-02-10 11:48:00,692 | INFO | Batch 380 | Loss: 0.5819 | Correct: 97/128 | Elapsed Time: 12.97s
2026-02-10 11:48:13,595 | INFO | Batch 390 | Loss: 0.5946 | Correct: 102/128 | Elapsed Time: 12.90s
2026-02-10 11:48:14,621 | INFO | Epoch [81/100] - Loss: 0.6693 | Correct: 37946/50000 (75.89%, 509.19s)
2026-02-10 11:49:00,554 | INFO | Validation - Loss: 0.7930 | Correct: 7256/10000 (72.56%) (45.93s)
2026-02-10 11:49:13,663 | INFO | Batch 10 | Loss: 0.7424 | Correct: 105/128 | Elapsed Time: 13.11s
2026-02-10 11:49:26,800 | INFO | Batch 20 | Loss: 0.6076 | Correct: 98/128 | Elapsed Time: 13.14s
2026-02-10 11:49:39,847 | INFO | Batch 30 | Loss: 0.6957 | Correct: 92/128 | Elapsed Time: 13.05s
2026-02-10 11:49:52,774 | INFO | Batch 40 | Loss: 0.8318 | Correct: 92/128 | Elapsed Time: 12.93s
2026-02-10 11:50:05,863 | INFO | Batch 50 | Loss: 0.6555 | Correct: 99/128 | Elapsed Time: 13.09s
2026-02-10 11:50:18,877 | INFO | Batch 60 | Loss: 0.6555 | Correct: 99/128 | Elapsed Time: 13.01s
2026-02-10 11:50:31,813 | INFO | Batch 70 | Loss: 0.5250 | Correct: 102/128 | Elapsed Time: 12.94s
2026-02-10 11:50:44,828 | INFO | Batch 80 | Loss: 0.6590 | Correct: 101/128 | Elapsed Time: 13.01s
2026-02-10 11:50:57,846 | INFO | Batch 90 | Loss: 0.6590 | Correct: 100/128 | Elapsed Time: 13.02s
2026-02-10 11:51:10,750 | INFO | Batch 100 | Loss: 0.6519 | Correct: 94/128 | Elapsed Time: 12.90s
2026-02-10 11:51:23,745 | INFO | Batch 110 | Loss: 0.8974 | Correct: 87/128 | Elapsed Time: 12.99s
2026-02-10 11:51:36,789 | INFO | Batch 120 | Loss: 0.4585 | Correct: 108/128 | Elapsed Time: 13.04s
2026-02-10 11:51:49,706 | INFO | Batch 130 | Loss: 0.7465 | Correct: 94/128 | Elapsed Time: 12.92s
2026-02-10 11:52:02,786 | INFO | Batch 140 | Loss: 0.7753 | Correct: 94/128 | Elapsed Time: 13.08s
2026-02-10 11:52:15,931 | INFO | Batch 150 | Loss: 0.6590 | Correct: 100/128 | Elapsed Time: 13.14s
2026-02-10 11:52:29,035 | INFO | Batch 160 | Loss: 0.5914 | Correct: 96/128 | Elapsed Time: 13.10s
2026-02-10 11:52:41,961 | INFO | Batch 170 | Loss: 0.6590 | Correct: 92/128 | Elapsed Time: 12.93s
2026-02-10 11:52:55,100 | INFO | Batch 180 | Loss: 0.6590 | Correct: 94/128 | Elapsed Time: 13.14s
2026-02-10 11:53:08,869 | INFO | Batch 190 | Loss: 0.7384 | Correct: 95/128 | Elapsed Time: 13.77s
2026-02-10 11:53:21,844 | INFO | Batch 200 | Loss: 0.6662 | Correct: 96/128 | Elapsed Time: 12.97s
2026-02-10 11:53:34,959 | INFO | Batch 210 | Loss: 0.6920 | Correct: 95/128 | Elapsed Time: 13.12s
2026-02-10 11:53:48,034 | INFO | Batch 220 | Loss: 0.6277 | Correct: 98/128 | Elapsed Time: 13.07s
2026-02-10 11:54:01,000 | INFO | Batch 230 | Loss: 0.7753 | Correct: 94/128 | Elapsed Time: 12.97s
2026-02-10 11:54:14,142 | INFO | Batch 240 | Loss: 0.8455 | Correct: 84/128 | Elapsed Time: 13.14s
2026-02-10 11:54:27,163 | INFO | Batch 250 | Loss: 0.7148 | Correct: 92/128 | Elapsed Time: 13.02s
2026-02-10 11:54:40,126 | INFO | Batch 260 | Loss: 0.7837 | Correct: 90/128 | Elapsed Time: 12.96s
2026-02-10 11:54:53,188 | INFO | Batch 270 | Loss: 0.7226 | Correct: 94/128 | Elapsed Time: 13.06s
2026-02-10 11:55:06,356 | INFO | Batch 280 | Loss: 0.7187 | Correct: 98/128 | Elapsed Time: 13.17s
2026-02-10 11:55:19,334 | INFO | Batch 290 | Loss: 0.7753 | Correct: 96/128 | Elapsed Time: 12.98s
2026-02-10 11:55:32,426 | INFO | Batch 300 | Loss: 0.7753 | Correct: 93/128 | Elapsed Time: 13.09s
2026-02-10 11:55:45,516 | INFO | Batch 310 | Loss: 0.5602 | Correct: 101/128 | Elapsed Time: 13.09s
2026-02-10 11:55:58,425 | INFO | Batch 320 | Loss: 0.5850 | Correct: 95/128 | Elapsed Time: 12.91s
2026-02-10 11:56:11,481 | INFO | Batch 330 | Loss: 0.6771 | Correct: 100/128 | Elapsed Time: 13.06s
2026-02-10 11:56:24,468 | INFO | Batch 340 | Loss: 0.5725 | Correct: 110/128 | Elapsed Time: 12.99s
2026-02-10 11:56:37,440 | INFO | Batch 350 | Loss: 0.5336 | Correct: 103/128 | Elapsed Time: 12.97s
2026-02-10 11:56:50,450 | INFO | Batch 360 | Loss: 0.6519 | Correct: 94/128 | Elapsed Time: 13.01s
2026-02-10 11:57:03,505 | INFO | Batch 370 | Loss: 0.8455 | Correct: 92/128 | Elapsed Time: 13.06s
2026-02-10 11:57:16,384 | INFO | Batch 380 | Loss: 0.7837 | Correct: 91/128 | Elapsed Time: 12.88s
2026-02-10 11:57:29,417 | INFO | Batch 390 | Loss: 0.7109 | Correct: 95/128 | Elapsed Time: 13.03s
2026-02-10 11:57:30,448 | INFO | Epoch [82/100] - Loss: 0.6711 | Correct: 37999/50000 (76.00%, 509.89s)
2026-02-10 11:58:16,447 | INFO | Validation - Loss: 0.7956 | Correct: 7245/10000 (72.45%) (46.00s)
2026-02-10 11:58:29,515 | INFO | Batch 10 | Loss: 0.8052 | Correct: 87/128 | Elapsed Time: 13.06s
2026-02-10 11:58:42,466 | INFO | Batch 20 | Loss: 0.6243 | Correct: 98/128 | Elapsed Time: 12.95s
2026-02-10 11:58:55,364 | INFO | Batch 30 | Loss: 0.5542 | Correct: 102/128 | Elapsed Time: 12.90s
2026-02-10 11:59:08,368 | INFO | Batch 40 | Loss: 0.5882 | Correct: 100/128 | Elapsed Time: 13.00s
2026-02-10 11:59:21,426 | INFO | Batch 50 | Loss: 0.5914 | Correct: 104/128 | Elapsed Time: 13.06s
2026-02-10 11:59:34,356 | INFO | Batch 60 | Loss: 0.5572 | Correct: 103/128 | Elapsed Time: 12.93s
2026-02-10 11:59:47,401 | INFO | Batch 70 | Loss: 0.7923 | Correct: 93/128 | Elapsed Time: 13.04s
2026-02-10 12:00:00,382 | INFO | Batch 80 | Loss: 0.5336 | Correct: 99/128 | Elapsed Time: 12.98s
2026-02-10 12:00:13,330 | INFO | Batch 90 | Loss: 0.7505 | Correct: 96/128 | Elapsed Time: 12.95s
2026-02-10 12:00:26,347 | INFO | Batch 100 | Loss: 0.7187 | Correct: 97/128 | Elapsed Time: 13.02s
2026-02-10 12:00:39,378 | INFO | Batch 110 | Loss: 0.7033 | Correct: 94/128 | Elapsed Time: 13.03s
2026-02-10 12:00:52,219 | INFO | Batch 120 | Loss: 0.5819 | Correct: 95/128 | Elapsed Time: 12.84s
2026-02-10 12:01:05,370 | INFO | Batch 130 | Loss: 0.7465 | Correct: 96/128 | Elapsed Time: 13.15s
2026-02-10 12:01:18,515 | INFO | Batch 140 | Loss: 0.5978 | Correct: 100/128 | Elapsed Time: 13.14s
2026-02-10 12:01:31,565 | INFO | Batch 150 | Loss: 0.6109 | Correct: 107/128 | Elapsed Time: 13.05s
2026-02-10 12:01:44,688 | INFO | Batch 160 | Loss: 0.6519 | Correct: 99/128 | Elapsed Time: 13.12s
2026-02-10 12:01:57,815 | INFO | Batch 170 | Loss: 0.6519 | Correct: 99/128 | Elapsed Time: 13.13s
2026-02-10 12:02:10,933 | INFO | Batch 180 | Loss: 0.7923 | Correct: 90/128 | Elapsed Time: 13.12s
2026-02-10 12:02:24,023 | INFO | Batch 190 | Loss: 0.6808 | Correct: 96/128 | Elapsed Time: 13.09s
2026-02-10 12:02:37,231 | INFO | Batch 200 | Loss: 0.6555 | Correct: 100/128 | Elapsed Time: 13.21s
2026-02-10 12:02:50,258 | INFO | Batch 210 | Loss: 0.6845 | Correct: 102/128 | Elapsed Time: 13.03s
2026-02-10 12:03:03,836 | INFO | Batch 220 | Loss: 0.7546 | Correct: 94/128 | Elapsed Time: 13.58s
2026-02-10 12:03:17,052 | INFO | Batch 230 | Loss: 0.5663 | Correct: 105/128 | Elapsed Time: 13.22s
2026-02-10 12:03:30,244 | INFO | Batch 240 | Loss: 0.6662 | Correct: 97/128 | Elapsed Time: 13.19s
2026-02-10 12:03:43,280 | INFO | Batch 250 | Loss: 0.6698 | Correct: 95/128 | Elapsed Time: 13.04s
2026-02-10 12:03:56,447 | INFO | Batch 260 | Loss: 0.7837 | Correct: 97/128 | Elapsed Time: 13.17s
2026-02-10 12:04:09,654 | INFO | Batch 270 | Loss: 0.6414 | Correct: 105/128 | Elapsed Time: 13.21s
2026-02-10 12:04:22,630 | INFO | Batch 280 | Loss: 0.5850 | Correct: 103/128 | Elapsed Time: 12.98s
2026-02-10 12:04:35,749 | INFO | Batch 290 | Loss: 0.6808 | Correct: 92/128 | Elapsed Time: 13.12s
2026-02-10 12:04:48,864 | INFO | Batch 300 | Loss: 0.5663 | Correct: 102/128 | Elapsed Time: 13.12s
2026-02-10 12:05:01,875 | INFO | Batch 310 | Loss: 0.7505 | Correct: 99/128 | Elapsed Time: 13.01s
2026-02-10 12:05:15,091 | INFO | Batch 320 | Loss: 0.6626 | Correct: 98/128 | Elapsed Time: 13.22s
2026-02-10 12:05:28,246 | INFO | Batch 330 | Loss: 0.6142 | Correct: 97/128 | Elapsed Time: 13.15s
2026-02-10 12:05:41,251 | INFO | Batch 340 | Loss: 0.6484 | Correct: 102/128 | Elapsed Time: 13.01s
2026-02-10 12:05:54,379 | INFO | Batch 350 | Loss: 0.7109 | Correct: 95/128 | Elapsed Time: 13.13s
2026-02-10 12:06:07,528 | INFO | Batch 360 | Loss: 0.5914 | Correct: 99/128 | Elapsed Time: 13.15s
2026-02-10 12:06:20,553 | INFO | Batch 370 | Loss: 0.6808 | Correct: 98/128 | Elapsed Time: 13.02s
2026-02-10 12:06:33,704 | INFO | Batch 380 | Loss: 0.6142 | Correct: 99/128 | Elapsed Time: 13.15s
2026-02-10 12:06:46,824 | INFO | Batch 390 | Loss: 0.8829 | Correct: 89/128 | Elapsed Time: 13.12s
2026-02-10 12:06:47,861 | INFO | Epoch [83/100] - Loss: 0.6709 | Correct: 38025/50000 (76.05%, 511.41s)
2026-02-10 12:07:34,362 | INFO | Validation - Loss: 0.8003 | Correct: 7211/10000 (72.11%) (46.50s)
2026-02-10 12:07:47,416 | INFO | Batch 10 | Loss: 0.6414 | Correct: 96/128 | Elapsed Time: 13.05s
2026-02-10 12:08:00,482 | INFO | Batch 20 | Loss: 0.6209 | Correct: 102/128 | Elapsed Time: 13.07s
2026-02-10 12:08:13,698 | INFO | Batch 30 | Loss: 0.7628 | Correct: 95/128 | Elapsed Time: 13.22s
2026-02-10 12:08:26,810 | INFO | Batch 40 | Loss: 0.7837 | Correct: 92/128 | Elapsed Time: 13.11s
2026-02-10 12:08:39,811 | INFO | Batch 50 | Loss: 0.8829 | Correct: 95/128 | Elapsed Time: 13.00s
2026-02-10 12:08:52,943 | INFO | Batch 60 | Loss: 0.7753 | Correct: 92/128 | Elapsed Time: 13.13s
2026-02-10 12:09:06,216 | INFO | Batch 70 | Loss: 0.7109 | Correct: 98/128 | Elapsed Time: 13.27s
2026-02-10 12:09:19,194 | INFO | Batch 80 | Loss: 0.6243 | Correct: 100/128 | Elapsed Time: 12.98s
2026-02-10 12:09:32,308 | INFO | Batch 90 | Loss: 0.6484 | Correct: 106/128 | Elapsed Time: 13.11s
2026-02-10 12:09:45,421 | INFO | Batch 100 | Loss: 0.6957 | Correct: 95/128 | Elapsed Time: 13.11s
2026-02-10 12:09:58,439 | INFO | Batch 110 | Loss: 0.6995 | Correct: 96/128 | Elapsed Time: 13.02s
2026-02-10 12:10:11,701 | INFO | Batch 120 | Loss: 0.6380 | Correct: 102/128 | Elapsed Time: 13.26s
2026-02-10 12:10:24,834 | INFO | Batch 130 | Loss: 0.8009 | Correct: 89/128 | Elapsed Time: 13.13s
2026-02-10 12:10:37,815 | INFO | Batch 140 | Loss: 0.7384 | Correct: 92/128 | Elapsed Time: 12.98s
2026-02-10 12:10:50,937 | INFO | Batch 150 | Loss: 0.6845 | Correct: 96/128 | Elapsed Time: 13.12s
2026-02-10 12:11:04,167 | INFO | Batch 160 | Loss: 0.5850 | Correct: 98/128 | Elapsed Time: 13.23s
2026-02-10 12:11:17,220 | INFO | Batch 170 | Loss: 0.6011 | Correct: 99/128 | Elapsed Time: 13.05s
2026-02-10 12:11:30,379 | INFO | Batch 180 | Loss: 0.7071 | Correct: 98/128 | Elapsed Time: 13.16s
2026-02-10 12:11:43,539 | INFO | Batch 190 | Loss: 0.8640 | Correct: 90/128 | Elapsed Time: 13.16s
2026-02-10 12:11:56,570 | INFO | Batch 200 | Loss: 0.6662 | Correct: 98/128 | Elapsed Time: 13.03s
2026-02-10 12:12:09,682 | INFO | Batch 210 | Loss: 0.5787 | Correct: 104/128 | Elapsed Time: 13.11s
2026-02-10 12:12:22,823 | INFO | Batch 220 | Loss: 0.7033 | Correct: 97/128 | Elapsed Time: 13.14s
2026-02-10 12:12:35,810 | INFO | Batch 230 | Loss: 0.7226 | Correct: 94/128 | Elapsed Time: 12.99s
2026-02-10 12:12:48,949 | INFO | Batch 240 | Loss: 0.8009 | Correct: 92/128 | Elapsed Time: 13.14s
2026-02-10 12:13:02,458 | INFO | Batch 250 | Loss: 0.6109 | Correct: 99/128 | Elapsed Time: 13.51s
2026-02-10 12:13:15,799 | INFO | Batch 260 | Loss: 0.7384 | Correct: 93/128 | Elapsed Time: 13.34s
2026-02-10 12:13:28,933 | INFO | Batch 270 | Loss: 0.7424 | Correct: 94/128 | Elapsed Time: 13.13s
2026-02-10 12:13:42,076 | INFO | Batch 280 | Loss: 0.7305 | Correct: 94/128 | Elapsed Time: 13.14s
2026-02-10 12:13:55,082 | INFO | Batch 290 | Loss: 0.7966 | Correct: 94/128 | Elapsed Time: 13.01s
2026-02-10 12:14:08,237 | INFO | Batch 300 | Loss: 0.7505 | Correct: 89/128 | Elapsed Time: 13.16s
2026-02-10 12:14:21,354 | INFO | Batch 310 | Loss: 0.6662 | Correct: 98/128 | Elapsed Time: 13.12s
2026-02-10 12:14:34,449 | INFO | Batch 320 | Loss: 0.7753 | Correct: 95/128 | Elapsed Time: 13.09s
2026-02-10 12:14:47,384 | INFO | Batch 330 | Loss: 0.6142 | Correct: 98/128 | Elapsed Time: 12.94s
2026-02-10 12:15:00,467 | INFO | Batch 340 | Loss: 0.8052 | Correct: 90/128 | Elapsed Time: 13.08s
2026-02-10 12:15:13,658 | INFO | Batch 350 | Loss: 0.6345 | Correct: 97/128 | Elapsed Time: 13.19s
2026-02-10 12:15:26,680 | INFO | Batch 360 | Loss: 0.8229 | Correct: 93/128 | Elapsed Time: 13.02s
2026-02-10 12:15:39,798 | INFO | Batch 370 | Loss: 0.5914 | Correct: 99/128 | Elapsed Time: 13.12s
2026-02-10 12:15:52,965 | INFO | Batch 380 | Loss: 0.7424 | Correct: 96/128 | Elapsed Time: 13.17s
2026-02-10 12:16:05,958 | INFO | Batch 390 | Loss: 0.6380 | Correct: 99/128 | Elapsed Time: 12.99s
2026-02-10 12:16:07,001 | INFO | Epoch [84/100] - Loss: 0.6705 | Correct: 38008/50000 (76.02%, 512.64s)
2026-02-10 12:16:53,069 | INFO | Validation - Loss: 0.7904 | Correct: 7283/10000 (72.83%) (46.07s)
2026-02-10 12:16:53,211 | INFO | New best model saved at epoch 84 with Top1 Acc: 72.83%
2026-02-10 12:17:06,409 | INFO | Batch 10 | Loss: 0.8501 | Correct: 87/128 | Elapsed Time: 13.20s
2026-02-10 12:17:19,503 | INFO | Batch 20 | Loss: 0.6882 | Correct: 92/128 | Elapsed Time: 13.09s
2026-02-10 12:17:32,472 | INFO | Batch 30 | Loss: 0.6076 | Correct: 97/128 | Elapsed Time: 12.97s
2026-02-10 12:17:45,526 | INFO | Batch 40 | Loss: 0.7109 | Correct: 94/128 | Elapsed Time: 13.05s
2026-02-10 12:17:58,655 | INFO | Batch 50 | Loss: 0.7465 | Correct: 96/128 | Elapsed Time: 13.13s
2026-02-10 12:18:11,858 | INFO | Batch 60 | Loss: 0.6735 | Correct: 97/128 | Elapsed Time: 13.20s
2026-02-10 12:18:24,837 | INFO | Batch 70 | Loss: 0.6920 | Correct: 96/128 | Elapsed Time: 12.98s
2026-02-10 12:18:37,941 | INFO | Batch 80 | Loss: 0.6076 | Correct: 100/128 | Elapsed Time: 13.10s
2026-02-10 12:18:51,034 | INFO | Batch 90 | Loss: 0.7795 | Correct: 92/128 | Elapsed Time: 13.09s
2026-02-10 12:19:04,106 | INFO | Batch 100 | Loss: 0.6845 | Correct: 90/128 | Elapsed Time: 13.07s
2026-02-10 12:19:17,294 | INFO | Batch 110 | Loss: 0.6345 | Correct: 100/128 | Elapsed Time: 13.19s
2026-02-10 12:19:30,397 | INFO | Batch 120 | Loss: 0.6076 | Correct: 101/128 | Elapsed Time: 13.10s
2026-02-10 12:19:43,379 | INFO | Batch 130 | Loss: 0.5850 | Correct: 102/128 | Elapsed Time: 12.98s
2026-02-10 12:19:56,460 | INFO | Batch 140 | Loss: 0.5633 | Correct: 105/128 | Elapsed Time: 13.08s
2026-02-10 12:20:09,599 | INFO | Batch 150 | Loss: 0.5819 | Correct: 106/128 | Elapsed Time: 13.14s
2026-02-10 12:20:22,474 | INFO | Batch 160 | Loss: 0.6414 | Correct: 97/128 | Elapsed Time: 12.87s
2026-02-10 12:20:35,493 | INFO | Batch 170 | Loss: 0.7109 | Correct: 93/128 | Elapsed Time: 13.02s
2026-02-10 12:20:48,582 | INFO | Batch 180 | Loss: 0.6882 | Correct: 93/128 | Elapsed Time: 13.09s
2026-02-10 12:21:01,605 | INFO | Batch 190 | Loss: 0.5512 | Correct: 106/128 | Elapsed Time: 13.02s
2026-02-10 12:21:14,722 | INFO | Batch 200 | Loss: 0.6209 | Correct: 98/128 | Elapsed Time: 13.12s
2026-02-10 12:21:27,839 | INFO | Batch 210 | Loss: 0.7628 | Correct: 89/128 | Elapsed Time: 13.12s
2026-02-10 12:21:40,799 | INFO | Batch 220 | Loss: 0.6311 | Correct: 93/128 | Elapsed Time: 12.96s
2026-02-10 12:21:53,868 | INFO | Batch 230 | Loss: 0.6920 | Correct: 100/128 | Elapsed Time: 13.07s
2026-02-10 12:22:07,022 | INFO | Batch 240 | Loss: 0.6380 | Correct: 102/128 | Elapsed Time: 13.15s
2026-02-10 12:22:20,019 | INFO | Batch 250 | Loss: 0.7837 | Correct: 87/128 | Elapsed Time: 13.00s
2026-02-10 12:22:33,098 | INFO | Batch 260 | Loss: 0.6662 | Correct: 98/128 | Elapsed Time: 13.08s
2026-02-10 12:22:46,222 | INFO | Batch 270 | Loss: 0.8140 | Correct: 93/128 | Elapsed Time: 13.12s
2026-02-10 12:22:59,312 | INFO | Batch 280 | Loss: 0.5572 | Correct: 104/128 | Elapsed Time: 13.09s
2026-02-10 12:23:12,889 | INFO | Batch 290 | Loss: 0.6882 | Correct: 95/128 | Elapsed Time: 13.58s
2026-02-10 12:23:25,954 | INFO | Batch 300 | Loss: 0.6808 | Correct: 97/128 | Elapsed Time: 13.07s
2026-02-10 12:23:38,957 | INFO | Batch 310 | Loss: 0.6277 | Correct: 97/128 | Elapsed Time: 13.00s
2026-02-10 12:23:52,010 | INFO | Batch 320 | Loss: 0.5453 | Correct: 109/128 | Elapsed Time: 13.05s
2026-02-10 12:24:05,138 | INFO | Batch 330 | Loss: 0.6449 | Correct: 102/128 | Elapsed Time: 13.13s
2026-02-10 12:24:18,228 | INFO | Batch 340 | Loss: 0.6995 | Correct: 95/128 | Elapsed Time: 13.09s
2026-02-10 12:24:31,181 | INFO | Batch 350 | Loss: 0.7071 | Correct: 90/128 | Elapsed Time: 12.95s
2026-02-10 12:24:44,254 | INFO | Batch 360 | Loss: 0.7305 | Correct: 91/128 | Elapsed Time: 13.07s
2026-02-10 12:24:57,370 | INFO | Batch 370 | Loss: 0.6414 | Correct: 95/128 | Elapsed Time: 13.12s
2026-02-10 12:25:10,446 | INFO | Batch 380 | Loss: 0.6277 | Correct: 98/128 | Elapsed Time: 13.08s
2026-02-10 12:25:23,550 | INFO | Batch 390 | Loss: 0.6920 | Correct: 97/128 | Elapsed Time: 13.10s
2026-02-10 12:25:24,587 | INFO | Epoch [85/100] - Loss: 0.6691 | Correct: 38070/50000 (76.14%, 511.38s)
2026-02-10 12:26:10,670 | INFO | Validation - Loss: 0.7969 | Correct: 7248/10000 (72.48%) (46.08s)
2026-02-10 12:26:23,768 | INFO | Batch 10 | Loss: 0.6519 | Correct: 103/128 | Elapsed Time: 13.09s
2026-02-10 12:26:36,716 | INFO | Batch 20 | Loss: 0.7465 | Correct: 94/128 | Elapsed Time: 12.95s
2026-02-10 12:26:49,758 | INFO | Batch 30 | Loss: 0.6414 | Correct: 95/128 | Elapsed Time: 13.04s
2026-02-10 12:27:02,823 | INFO | Batch 40 | Loss: 0.7033 | Correct: 97/128 | Elapsed Time: 13.06s
2026-02-10 12:27:15,790 | INFO | Batch 50 | Loss: 0.6735 | Correct: 93/128 | Elapsed Time: 12.97s
2026-02-10 12:27:28,850 | INFO | Batch 60 | Loss: 0.8229 | Correct: 88/128 | Elapsed Time: 13.06s
2026-02-10 12:27:41,926 | INFO | Batch 70 | Loss: 0.5946 | Correct: 104/128 | Elapsed Time: 13.08s
2026-02-10 12:27:54,914 | INFO | Batch 80 | Loss: 0.6995 | Correct: 95/128 | Elapsed Time: 12.99s
2026-02-10 12:28:08,184 | INFO | Batch 90 | Loss: 0.6109 | Correct: 102/128 | Elapsed Time: 13.27s
2026-02-10 12:28:21,269 | INFO | Batch 100 | Loss: 0.6277 | Correct: 100/128 | Elapsed Time: 13.08s
2026-02-10 12:28:34,371 | INFO | Batch 110 | Loss: 0.7109 | Correct: 97/128 | Elapsed Time: 13.10s
2026-02-10 12:28:47,334 | INFO | Batch 120 | Loss: 0.6209 | Correct: 97/128 | Elapsed Time: 12.96s
2026-02-10 12:29:00,411 | INFO | Batch 130 | Loss: 0.7880 | Correct: 89/128 | Elapsed Time: 13.08s
2026-02-10 12:29:13,571 | INFO | Batch 140 | Loss: 0.6995 | Correct: 92/128 | Elapsed Time: 13.16s
2026-02-10 12:29:26,630 | INFO | Batch 150 | Loss: 0.6519 | Correct: 101/128 | Elapsed Time: 13.06s
2026-02-10 12:29:39,723 | INFO | Batch 160 | Loss: 0.4762 | Correct: 105/128 | Elapsed Time: 13.09s
2026-02-10 12:29:52,803 | INFO | Batch 170 | Loss: 0.8640 | Correct: 94/128 | Elapsed Time: 13.08s
2026-02-10 12:30:05,907 | INFO | Batch 180 | Loss: 0.6243 | Correct: 104/128 | Elapsed Time: 13.10s
2026-02-10 12:30:19,035 | INFO | Batch 190 | Loss: 0.7265 | Correct: 99/128 | Elapsed Time: 13.13s
2026-02-10 12:30:32,092 | INFO | Batch 200 | Loss: 0.7424 | Correct: 98/128 | Elapsed Time: 13.06s
2026-02-10 12:30:45,043 | INFO | Batch 210 | Loss: 0.7505 | Correct: 95/128 | Elapsed Time: 12.95s
2026-02-10 12:30:58,155 | INFO | Batch 220 | Loss: 0.7305 | Correct: 94/128 | Elapsed Time: 13.11s
2026-02-10 12:31:11,308 | INFO | Batch 230 | Loss: 0.8140 | Correct: 91/128 | Elapsed Time: 13.15s
2026-02-10 12:31:24,303 | INFO | Batch 240 | Loss: 0.6920 | Correct: 94/128 | Elapsed Time: 13.00s
2026-02-10 12:31:37,381 | INFO | Batch 250 | Loss: 0.6277 | Correct: 96/128 | Elapsed Time: 13.08s
2026-02-10 12:31:50,487 | INFO | Batch 260 | Loss: 0.6076 | Correct: 101/128 | Elapsed Time: 13.11s
2026-02-10 12:32:03,479 | INFO | Batch 270 | Loss: 0.6345 | Correct: 103/128 | Elapsed Time: 12.99s
2026-02-10 12:32:16,658 | INFO | Batch 280 | Loss: 0.5423 | Correct: 104/128 | Elapsed Time: 13.18s
2026-02-10 12:32:29,776 | INFO | Batch 290 | Loss: 0.5633 | Correct: 100/128 | Elapsed Time: 13.12s
2026-02-10 12:32:42,780 | INFO | Batch 300 | Loss: 0.8409 | Correct: 92/128 | Elapsed Time: 13.00s
2026-02-10 12:32:55,957 | INFO | Batch 310 | Loss: 0.6882 | Correct: 92/128 | Elapsed Time: 13.18s
2026-02-10 12:33:09,654 | INFO | Batch 320 | Loss: 0.6920 | Correct: 96/128 | Elapsed Time: 13.70s
2026-02-10 12:33:22,633 | INFO | Batch 330 | Loss: 0.6735 | Correct: 95/128 | Elapsed Time: 12.98s
2026-02-10 12:33:35,785 | INFO | Batch 340 | Loss: 0.8009 | Correct: 95/128 | Elapsed Time: 13.15s
2026-02-10 12:33:48,840 | INFO | Batch 350 | Loss: 0.8184 | Correct: 97/128 | Elapsed Time: 13.06s
2026-02-10 12:34:01,782 | INFO | Batch 360 | Loss: 0.6590 | Correct: 94/128 | Elapsed Time: 12.94s
2026-02-10 12:34:14,933 | INFO | Batch 370 | Loss: 0.6449 | Correct: 98/128 | Elapsed Time: 13.15s
2026-02-10 12:34:28,085 | INFO | Batch 380 | Loss: 0.7587 | Correct: 97/128 | Elapsed Time: 13.15s
2026-02-10 12:34:41,190 | INFO | Batch 390 | Loss: 0.7384 | Correct: 90/128 | Elapsed Time: 13.10s
2026-02-10 12:34:42,231 | INFO | Epoch [86/100] - Loss: 0.6742 | Correct: 37912/50000 (75.82%, 511.56s)
2026-02-10 12:35:28,348 | INFO | Validation - Loss: 0.7889 | Correct: 7264/10000 (72.64%) (46.12s)
2026-02-10 12:35:41,318 | INFO | Batch 10 | Loss: 0.7546 | Correct: 93/128 | Elapsed Time: 12.97s
2026-02-10 12:35:54,432 | INFO | Batch 20 | Loss: 0.6380 | Correct: 100/128 | Elapsed Time: 13.11s
2026-02-10 12:36:07,615 | INFO | Batch 30 | Loss: 0.6698 | Correct: 98/128 | Elapsed Time: 13.18s
2026-02-10 12:36:20,735 | INFO | Batch 40 | Loss: 0.4893 | Correct: 106/128 | Elapsed Time: 13.12s
2026-02-10 12:36:33,729 | INFO | Batch 50 | Loss: 0.6662 | Correct: 89/128 | Elapsed Time: 12.99s
2026-02-10 12:36:46,792 | INFO | Batch 60 | Loss: 0.4711 | Correct: 107/128 | Elapsed Time: 13.06s
2026-02-10 12:36:59,926 | INFO | Batch 70 | Loss: 0.6414 | Correct: 98/128 | Elapsed Time: 13.13s
2026-02-10 12:37:13,015 | INFO | Batch 80 | Loss: 0.5572 | Correct: 105/128 | Elapsed Time: 13.09s
2026-02-10 12:37:26,136 | INFO | Batch 90 | Loss: 0.6808 | Correct: 101/128 | Elapsed Time: 13.12s
2026-02-10 12:37:39,248 | INFO | Batch 100 | Loss: 0.7226 | Correct: 95/128 | Elapsed Time: 13.11s
2026-02-10 12:37:52,223 | INFO | Batch 110 | Loss: 0.7505 | Correct: 95/128 | Elapsed Time: 12.97s
2026-02-10 12:38:05,466 | INFO | Batch 120 | Loss: 0.7187 | Correct: 91/128 | Elapsed Time: 13.24s
2026-02-10 12:38:18,636 | INFO | Batch 130 | Loss: 0.7148 | Correct: 93/128 | Elapsed Time: 13.17s
2026-02-10 12:38:31,655 | INFO | Batch 140 | Loss: 0.7880 | Correct: 95/128 | Elapsed Time: 13.02s
2026-02-10 12:38:44,787 | INFO | Batch 150 | Loss: 0.5756 | Correct: 106/128 | Elapsed Time: 13.13s
2026-02-10 12:38:57,897 | INFO | Batch 160 | Loss: 0.5542 | Correct: 101/128 | Elapsed Time: 13.11s
2026-02-10 12:39:11,063 | INFO | Batch 170 | Loss: 0.6345 | Correct: 98/128 | Elapsed Time: 13.17s
2026-02-10 12:39:24,181 | INFO | Batch 180 | Loss: 0.5946 | Correct: 100/128 | Elapsed Time: 13.12s
2026-02-10 12:39:37,306 | INFO | Batch 190 | Loss: 0.7384 | Correct: 93/128 | Elapsed Time: 13.12s
2026-02-10 12:39:50,305 | INFO | Batch 200 | Loss: 0.5694 | Correct: 100/128 | Elapsed Time: 13.00s
2026-02-10 12:40:03,449 | INFO | Batch 210 | Loss: 0.6808 | Correct: 94/128 | Elapsed Time: 13.14s
2026-02-10 12:40:16,531 | INFO | Batch 220 | Loss: 0.7109 | Correct: 102/128 | Elapsed Time: 13.08s
2026-02-10 12:40:29,517 | INFO | Batch 230 | Loss: 0.7587 | Correct: 93/128 | Elapsed Time: 12.99s
2026-02-10 12:40:42,591 | INFO | Batch 240 | Loss: 0.6626 | Correct: 100/128 | Elapsed Time: 13.07s
2026-02-10 12:40:55,682 | INFO | Batch 250 | Loss: 0.6277 | Correct: 108/128 | Elapsed Time: 13.09s
2026-02-10 12:41:08,781 | INFO | Batch 260 | Loss: 0.6845 | Correct: 102/128 | Elapsed Time: 13.10s
2026-02-10 12:41:21,868 | INFO | Batch 270 | Loss: 0.6449 | Correct: 101/128 | Elapsed Time: 13.09s
2026-02-10 12:41:34,963 | INFO | Batch 280 | Loss: 0.6277 | Correct: 99/128 | Elapsed Time: 13.09s
2026-02-10 12:41:47,922 | INFO | Batch 290 | Loss: 0.7923 | Correct: 92/128 | Elapsed Time: 12.96s
2026-02-10 12:42:01,006 | INFO | Batch 300 | Loss: 0.6882 | Correct: 94/128 | Elapsed Time: 13.08s
2026-02-10 12:42:14,129 | INFO | Batch 310 | Loss: 0.8734 | Correct: 86/128 | Elapsed Time: 13.12s
2026-02-10 12:42:27,084 | INFO | Batch 320 | Loss: 0.6555 | Correct: 92/128 | Elapsed Time: 12.96s
2026-02-10 12:42:40,202 | INFO | Batch 330 | Loss: 0.5694 | Correct: 103/128 | Elapsed Time: 13.12s
2026-02-10 12:42:53,306 | INFO | Batch 340 | Loss: 0.6662 | Correct: 101/128 | Elapsed Time: 13.10s
2026-02-10 12:43:07,017 | INFO | Batch 350 | Loss: 0.8318 | Correct: 90/128 | Elapsed Time: 13.71s
2026-02-10 12:43:19,957 | INFO | Batch 360 | Loss: 0.6698 | Correct: 100/128 | Elapsed Time: 12.94s
2026-02-10 12:43:33,060 | INFO | Batch 370 | Loss: 0.7424 | Correct: 95/128 | Elapsed Time: 13.10s
2026-02-10 12:43:46,245 | INFO | Batch 380 | Loss: 0.5756 | Correct: 100/128 | Elapsed Time: 13.18s
2026-02-10 12:43:59,227 | INFO | Batch 390 | Loss: 0.6882 | Correct: 100/128 | Elapsed Time: 12.98s
2026-02-10 12:44:00,263 | INFO | Epoch [87/100] - Loss: 0.6720 | Correct: 38000/50000 (76.00%, 511.91s)
2026-02-10 12:44:46,477 | INFO | Validation - Loss: 0.7973 | Correct: 7238/10000 (72.38%) (46.21s)
2026-02-10 12:44:59,469 | INFO | Batch 10 | Loss: 0.6109 | Correct: 103/128 | Elapsed Time: 12.99s
2026-02-10 12:45:12,579 | INFO | Batch 20 | Loss: 0.6176 | Correct: 104/128 | Elapsed Time: 13.11s
2026-02-10 12:45:25,465 | INFO | Batch 30 | Loss: 0.7711 | Correct: 96/128 | Elapsed Time: 12.89s
2026-02-10 12:45:38,476 | INFO | Batch 40 | Loss: 0.7148 | Correct: 92/128 | Elapsed Time: 13.01s
2026-02-10 12:45:51,451 | INFO | Batch 50 | Loss: 0.5850 | Correct: 101/128 | Elapsed Time: 12.98s
2026-02-10 12:46:04,430 | INFO | Batch 60 | Loss: 0.6380 | Correct: 102/128 | Elapsed Time: 12.98s
2026-02-10 12:46:17,412 | INFO | Batch 70 | Loss: 0.6011 | Correct: 102/128 | Elapsed Time: 12.98s
2026-02-10 12:46:30,375 | INFO | Batch 80 | Loss: 0.6698 | Correct: 93/128 | Elapsed Time: 12.96s
2026-02-10 12:46:43,263 | INFO | Batch 90 | Loss: 0.7265 | Correct: 90/128 | Elapsed Time: 12.89s
2026-02-10 12:46:56,232 | INFO | Batch 100 | Loss: 0.7033 | Correct: 97/128 | Elapsed Time: 12.97s
2026-02-10 12:47:09,391 | INFO | Batch 110 | Loss: 0.5914 | Correct: 101/128 | Elapsed Time: 13.16s
2026-02-10 12:47:22,417 | INFO | Batch 120 | Loss: 0.7465 | Correct: 96/128 | Elapsed Time: 13.03s
2026-02-10 12:47:35,333 | INFO | Batch 130 | Loss: 0.5978 | Correct: 98/128 | Elapsed Time: 12.92s
2026-02-10 12:47:48,350 | INFO | Batch 140 | Loss: 0.6109 | Correct: 103/128 | Elapsed Time: 13.02s
2026-02-10 12:48:01,350 | INFO | Batch 150 | Loss: 0.6920 | Correct: 95/128 | Elapsed Time: 13.00s
2026-02-10 12:48:14,413 | INFO | Batch 160 | Loss: 0.5482 | Correct: 103/128 | Elapsed Time: 13.06s
2026-02-10 12:48:27,412 | INFO | Batch 170 | Loss: 0.7226 | Correct: 100/128 | Elapsed Time: 13.00s
2026-02-10 12:48:40,447 | INFO | Batch 180 | Loss: 0.6243 | Correct: 100/128 | Elapsed Time: 13.04s
2026-02-10 12:48:53,347 | INFO | Batch 190 | Loss: 0.7711 | Correct: 95/128 | Elapsed Time: 12.90s
2026-02-10 12:49:06,422 | INFO | Batch 200 | Loss: 0.5336 | Correct: 100/128 | Elapsed Time: 13.07s
2026-02-10 12:49:19,413 | INFO | Batch 210 | Loss: 0.7033 | Correct: 94/128 | Elapsed Time: 12.99s
2026-02-10 12:49:32,328 | INFO | Batch 220 | Loss: 0.8547 | Correct: 93/128 | Elapsed Time: 12.92s
2026-02-10 12:49:45,369 | INFO | Batch 230 | Loss: 0.5882 | Correct: 103/128 | Elapsed Time: 13.04s
2026-02-10 12:49:58,385 | INFO | Batch 240 | Loss: 0.6590 | Correct: 103/128 | Elapsed Time: 13.02s
2026-02-10 12:50:11,378 | INFO | Batch 250 | Loss: 0.5027 | Correct: 106/128 | Elapsed Time: 12.99s
2026-02-10 12:50:24,359 | INFO | Batch 260 | Loss: 0.7265 | Correct: 93/128 | Elapsed Time: 12.98s
2026-02-10 12:50:37,368 | INFO | Batch 270 | Loss: 0.5663 | Correct: 102/128 | Elapsed Time: 13.01s
2026-02-10 12:50:50,243 | INFO | Batch 280 | Loss: 0.5756 | Correct: 101/128 | Elapsed Time: 12.87s
2026-02-10 12:51:03,292 | INFO | Batch 290 | Loss: 0.8501 | Correct: 97/128 | Elapsed Time: 13.05s
2026-02-10 12:51:16,324 | INFO | Batch 300 | Loss: 0.7265 | Correct: 89/128 | Elapsed Time: 13.03s
2026-02-10 12:51:29,171 | INFO | Batch 310 | Loss: 0.5394 | Correct: 100/128 | Elapsed Time: 12.85s
2026-02-10 12:51:42,111 | INFO | Batch 320 | Loss: 0.6414 | Correct: 96/128 | Elapsed Time: 12.94s
2026-02-10 12:51:55,060 | INFO | Batch 330 | Loss: 0.5602 | Correct: 101/128 | Elapsed Time: 12.95s
2026-02-10 12:52:07,861 | INFO | Batch 340 | Loss: 0.5633 | Correct: 102/128 | Elapsed Time: 12.80s
2026-02-10 12:52:20,731 | INFO | Batch 350 | Loss: 0.6011 | Correct: 103/128 | Elapsed Time: 12.87s
2026-02-10 12:52:33,639 | INFO | Batch 360 | Loss: 0.7033 | Correct: 87/128 | Elapsed Time: 12.91s
2026-02-10 12:52:46,411 | INFO | Batch 370 | Loss: 0.7226 | Correct: 91/128 | Elapsed Time: 12.77s
2026-02-10 12:52:59,448 | INFO | Batch 380 | Loss: 0.6957 | Correct: 99/128 | Elapsed Time: 13.04s
2026-02-10 12:53:12,705 | INFO | Batch 390 | Loss: 0.6243 | Correct: 98/128 | Elapsed Time: 13.26s
2026-02-10 12:53:13,731 | INFO | Epoch [88/100] - Loss: 0.6704 | Correct: 37932/50000 (75.86%, 507.25s)
2026-02-10 12:53:59,501 | INFO | Validation - Loss: 0.7958 | Correct: 7237/10000 (72.37%) (45.77s)
2026-02-10 12:54:12,517 | INFO | Batch 10 | Loss: 0.5278 | Correct: 103/128 | Elapsed Time: 13.01s
2026-02-10 12:54:25,385 | INFO | Batch 20 | Loss: 0.8593 | Correct: 85/128 | Elapsed Time: 12.87s
2026-02-10 12:54:38,427 | INFO | Batch 30 | Loss: 0.8009 | Correct: 93/128 | Elapsed Time: 13.04s
2026-02-10 12:54:51,421 | INFO | Batch 40 | Loss: 0.5423 | Correct: 99/128 | Elapsed Time: 12.99s
2026-02-10 12:55:04,438 | INFO | Batch 50 | Loss: 0.5663 | Correct: 104/128 | Elapsed Time: 13.02s
2026-02-10 12:55:17,483 | INFO | Batch 60 | Loss: 0.6519 | Correct: 97/128 | Elapsed Time: 13.04s
2026-02-10 12:55:30,591 | INFO | Batch 70 | Loss: 0.7424 | Correct: 91/128 | Elapsed Time: 13.11s
2026-02-10 12:55:43,498 | INFO | Batch 80 | Loss: 0.7923 | Correct: 92/128 | Elapsed Time: 12.91s
2026-02-10 12:55:56,542 | INFO | Batch 90 | Loss: 0.6845 | Correct: 98/128 | Elapsed Time: 13.04s
2026-02-10 12:56:09,656 | INFO | Batch 100 | Loss: 0.5946 | Correct: 101/128 | Elapsed Time: 13.11s
2026-02-10 12:56:22,553 | INFO | Batch 110 | Loss: 0.6142 | Correct: 103/128 | Elapsed Time: 12.90s
2026-02-10 12:56:35,622 | INFO | Batch 120 | Loss: 0.6590 | Correct: 101/128 | Elapsed Time: 13.07s
2026-02-10 12:56:48,659 | INFO | Batch 130 | Loss: 0.7033 | Correct: 97/128 | Elapsed Time: 13.04s
2026-02-10 12:57:01,722 | INFO | Batch 140 | Loss: 0.5819 | Correct: 102/128 | Elapsed Time: 13.06s
2026-02-10 12:57:14,650 | INFO | Batch 150 | Loss: 0.6698 | Correct: 96/128 | Elapsed Time: 12.93s
2026-02-10 12:57:27,722 | INFO | Batch 160 | Loss: 0.6414 | Correct: 100/128 | Elapsed Time: 13.07s
2026-02-10 12:57:40,773 | INFO | Batch 170 | Loss: 0.7265 | Correct: 96/128 | Elapsed Time: 13.05s
2026-02-10 12:57:53,765 | INFO | Batch 180 | Loss: 0.6735 | Correct: 94/128 | Elapsed Time: 12.99s
2026-02-10 12:58:06,858 | INFO | Batch 190 | Loss: 0.5978 | Correct: 102/128 | Elapsed Time: 13.09s
2026-02-10 12:58:19,905 | INFO | Batch 200 | Loss: 0.7305 | Correct: 95/128 | Elapsed Time: 13.05s
2026-02-10 12:58:32,854 | INFO | Batch 210 | Loss: 0.8009 | Correct: 91/128 | Elapsed Time: 12.95s
2026-02-10 12:58:45,918 | INFO | Batch 220 | Loss: 0.6345 | Correct: 98/128 | Elapsed Time: 13.06s
2026-02-10 12:58:58,936 | INFO | Batch 230 | Loss: 0.7265 | Correct: 93/128 | Elapsed Time: 13.02s
2026-02-10 12:59:11,962 | INFO | Batch 240 | Loss: 0.7587 | Correct: 97/128 | Elapsed Time: 13.03s
2026-02-10 12:59:25,005 | INFO | Batch 250 | Loss: 0.6555 | Correct: 95/128 | Elapsed Time: 13.04s
2026-02-10 12:59:38,082 | INFO | Batch 260 | Loss: 0.5850 | Correct: 106/128 | Elapsed Time: 13.08s
2026-02-10 12:59:51,066 | INFO | Batch 270 | Loss: 0.6735 | Correct: 97/128 | Elapsed Time: 12.98s
2026-02-10 13:00:04,243 | INFO | Batch 280 | Loss: 0.7628 | Correct: 87/128 | Elapsed Time: 13.18s
2026-02-10 13:00:17,293 | INFO | Batch 290 | Loss: 0.6109 | Correct: 99/128 | Elapsed Time: 13.05s
2026-02-10 13:00:30,264 | INFO | Batch 300 | Loss: 0.6011 | Correct: 99/128 | Elapsed Time: 12.97s
2026-02-10 13:00:43,349 | INFO | Batch 310 | Loss: 0.6957 | Correct: 97/128 | Elapsed Time: 13.09s
2026-02-10 13:00:56,420 | INFO | Batch 320 | Loss: 0.7424 | Correct: 101/128 | Elapsed Time: 13.07s
2026-02-10 13:01:09,419 | INFO | Batch 330 | Loss: 0.5756 | Correct: 98/128 | Elapsed Time: 13.00s
2026-02-10 13:01:22,384 | INFO | Batch 340 | Loss: 0.8096 | Correct: 94/128 | Elapsed Time: 12.96s
2026-02-10 13:01:35,364 | INFO | Batch 350 | Loss: 0.6882 | Correct: 96/128 | Elapsed Time: 12.98s
2026-02-10 13:01:48,324 | INFO | Batch 360 | Loss: 0.5602 | Correct: 105/128 | Elapsed Time: 12.96s
2026-02-10 13:02:01,338 | INFO | Batch 370 | Loss: 0.5512 | Correct: 100/128 | Elapsed Time: 13.01s
2026-02-10 13:02:14,484 | INFO | Batch 380 | Loss: 0.6043 | Correct: 95/128 | Elapsed Time: 13.15s
2026-02-10 13:02:27,362 | INFO | Batch 390 | Loss: 0.7795 | Correct: 89/128 | Elapsed Time: 12.88s
2026-02-10 13:02:28,507 | INFO | Epoch [89/100] - Loss: 0.6672 | Correct: 37996/50000 (75.99%, 509.00s)
2026-02-10 13:03:14,870 | INFO | Validation - Loss: 0.8009 | Correct: 7236/10000 (72.36%) (46.36s)
2026-02-10 13:03:27,818 | INFO | Batch 10 | Loss: 0.6698 | Correct: 96/128 | Elapsed Time: 12.94s
2026-02-10 13:03:40,910 | INFO | Batch 20 | Loss: 0.7546 | Correct: 97/128 | Elapsed Time: 13.09s
2026-02-10 13:03:53,955 | INFO | Batch 30 | Loss: 0.7265 | Correct: 95/128 | Elapsed Time: 13.05s
2026-02-10 13:04:06,913 | INFO | Batch 40 | Loss: 0.5193 | Correct: 106/128 | Elapsed Time: 12.96s
2026-02-10 13:04:19,915 | INFO | Batch 50 | Loss: 0.7424 | Correct: 90/128 | Elapsed Time: 13.00s
2026-02-10 13:04:32,907 | INFO | Batch 60 | Loss: 0.6345 | Correct: 102/128 | Elapsed Time: 12.99s
2026-02-10 13:04:45,823 | INFO | Batch 70 | Loss: 0.6043 | Correct: 102/128 | Elapsed Time: 12.92s
2026-02-10 13:04:58,833 | INFO | Batch 80 | Loss: 0.6590 | Correct: 95/128 | Elapsed Time: 13.01s
2026-02-10 13:05:11,964 | INFO | Batch 90 | Loss: 0.6243 | Correct: 100/128 | Elapsed Time: 13.13s
2026-02-10 13:05:24,879 | INFO | Batch 100 | Loss: 0.6345 | Correct: 97/128 | Elapsed Time: 12.91s
2026-02-10 13:05:37,903 | INFO | Batch 110 | Loss: 0.8096 | Correct: 94/128 | Elapsed Time: 13.02s
2026-02-10 13:05:50,952 | INFO | Batch 120 | Loss: 0.5572 | Correct: 100/128 | Elapsed Time: 13.05s
2026-02-10 13:06:03,959 | INFO | Batch 130 | Loss: 0.7226 | Correct: 95/128 | Elapsed Time: 13.01s
2026-02-10 13:06:16,953 | INFO | Batch 140 | Loss: 0.5850 | Correct: 106/128 | Elapsed Time: 12.99s
2026-02-10 13:06:29,932 | INFO | Batch 150 | Loss: 0.6519 | Correct: 97/128 | Elapsed Time: 12.98s
2026-02-10 13:06:42,833 | INFO | Batch 160 | Loss: 0.7226 | Correct: 94/128 | Elapsed Time: 12.90s
2026-02-10 13:06:55,799 | INFO | Batch 170 | Loss: 0.5109 | Correct: 104/128 | Elapsed Time: 12.97s
2026-02-10 13:07:08,897 | INFO | Batch 180 | Loss: 0.5819 | Correct: 102/128 | Elapsed Time: 13.10s
2026-02-10 13:07:21,887 | INFO | Batch 190 | Loss: 0.5663 | Correct: 98/128 | Elapsed Time: 12.99s
2026-02-10 13:07:34,763 | INFO | Batch 200 | Loss: 0.5882 | Correct: 103/128 | Elapsed Time: 12.88s
2026-02-10 13:07:47,786 | INFO | Batch 210 | Loss: 0.6380 | Correct: 101/128 | Elapsed Time: 13.02s
2026-02-10 13:08:00,778 | INFO | Batch 220 | Loss: 0.6698 | Correct: 95/128 | Elapsed Time: 12.99s
2026-02-10 13:08:13,759 | INFO | Batch 230 | Loss: 0.6698 | Correct: 92/128 | Elapsed Time: 12.98s
2026-02-10 13:08:26,763 | INFO | Batch 240 | Loss: 0.7226 | Correct: 92/128 | Elapsed Time: 13.00s
2026-02-10 13:08:39,721 | INFO | Batch 250 | Loss: 0.6662 | Correct: 102/128 | Elapsed Time: 12.96s
2026-02-10 13:08:52,605 | INFO | Batch 260 | Loss: 0.7505 | Correct: 92/128 | Elapsed Time: 12.88s
2026-02-10 13:09:05,723 | INFO | Batch 270 | Loss: 0.6845 | Correct: 97/128 | Elapsed Time: 13.12s
2026-02-10 13:09:18,685 | INFO | Batch 280 | Loss: 0.6449 | Correct: 96/128 | Elapsed Time: 12.96s
2026-02-10 13:09:31,595 | INFO | Batch 290 | Loss: 0.6176 | Correct: 98/128 | Elapsed Time: 12.91s
2026-02-10 13:09:44,649 | INFO | Batch 300 | Loss: 0.6414 | Correct: 100/128 | Elapsed Time: 13.05s
2026-02-10 13:09:57,746 | INFO | Batch 310 | Loss: 0.6484 | Correct: 98/128 | Elapsed Time: 13.10s
2026-02-10 13:10:10,774 | INFO | Batch 320 | Loss: 0.6209 | Correct: 97/128 | Elapsed Time: 13.03s
2026-02-10 13:10:23,804 | INFO | Batch 330 | Loss: 0.7628 | Correct: 90/128 | Elapsed Time: 13.03s
2026-02-10 13:10:36,800 | INFO | Batch 340 | Loss: 0.4840 | Correct: 107/128 | Elapsed Time: 13.00s
2026-02-10 13:10:49,686 | INFO | Batch 350 | Loss: 0.6845 | Correct: 98/128 | Elapsed Time: 12.89s
2026-02-10 13:11:02,659 | INFO | Batch 360 | Loss: 0.6414 | Correct: 101/128 | Elapsed Time: 12.97s
2026-02-10 13:11:15,765 | INFO | Batch 370 | Loss: 0.6735 | Correct: 100/128 | Elapsed Time: 13.11s
2026-02-10 13:11:28,722 | INFO | Batch 380 | Loss: 0.6808 | Correct: 94/128 | Elapsed Time: 12.96s
2026-02-10 13:11:41,788 | INFO | Batch 390 | Loss: 0.5365 | Correct: 97/128 | Elapsed Time: 13.07s
2026-02-10 13:11:42,829 | INFO | Epoch [90/100] - Loss: 0.6672 | Correct: 38002/50000 (76.00%, 507.96s)
2026-02-10 13:12:28,997 | INFO | Validation - Loss: 0.7936 | Correct: 7234/10000 (72.34%) (46.17s)
2026-02-10 13:12:42,038 | INFO | Batch 10 | Loss: 0.6698 | Correct: 99/128 | Elapsed Time: 13.04s
2026-02-10 13:12:55,236 | INFO | Batch 20 | Loss: 0.7265 | Correct: 96/128 | Elapsed Time: 13.20s
2026-02-10 13:13:08,792 | INFO | Batch 30 | Loss: 0.7148 | Correct: 90/128 | Elapsed Time: 13.56s
2026-02-10 13:13:21,873 | INFO | Batch 40 | Loss: 0.5694 | Correct: 105/128 | Elapsed Time: 13.08s
2026-02-10 13:13:34,981 | INFO | Batch 50 | Loss: 0.6957 | Correct: 100/128 | Elapsed Time: 13.11s
2026-02-10 13:13:47,869 | INFO | Batch 60 | Loss: 0.6311 | Correct: 99/128 | Elapsed Time: 12.89s
2026-02-10 13:14:00,913 | INFO | Batch 70 | Loss: 0.6995 | Correct: 99/128 | Elapsed Time: 13.04s
2026-02-10 13:14:14,054 | INFO | Batch 80 | Loss: 0.7148 | Correct: 94/128 | Elapsed Time: 13.14s
2026-02-10 13:14:26,984 | INFO | Batch 90 | Loss: 0.6109 | Correct: 96/128 | Elapsed Time: 12.93s
2026-02-10 13:14:40,047 | INFO | Batch 100 | Loss: 0.7148 | Correct: 95/128 | Elapsed Time: 13.06s
2026-02-10 13:14:53,082 | INFO | Batch 110 | Loss: 0.5109 | Correct: 105/128 | Elapsed Time: 13.03s
2026-02-10 13:15:06,077 | INFO | Batch 120 | Loss: 0.5278 | Correct: 107/128 | Elapsed Time: 13.00s
2026-02-10 13:15:19,119 | INFO | Batch 130 | Loss: 0.6243 | Correct: 100/128 | Elapsed Time: 13.04s
2026-02-10 13:15:32,158 | INFO | Batch 140 | Loss: 0.6957 | Correct: 98/128 | Elapsed Time: 13.04s
2026-02-10 13:15:45,128 | INFO | Batch 150 | Loss: 0.6590 | Correct: 93/128 | Elapsed Time: 12.97s
2026-02-10 13:15:58,160 | INFO | Batch 160 | Loss: 0.5633 | Correct: 102/128 | Elapsed Time: 13.03s
2026-02-10 13:16:11,279 | INFO | Batch 170 | Loss: 0.6449 | Correct: 97/128 | Elapsed Time: 13.12s
2026-02-10 13:16:24,254 | INFO | Batch 180 | Loss: 0.7148 | Correct: 94/128 | Elapsed Time: 12.97s
2026-02-10 13:16:37,279 | INFO | Batch 190 | Loss: 0.5882 | Correct: 101/128 | Elapsed Time: 13.03s
2026-02-10 13:16:50,316 | INFO | Batch 200 | Loss: 0.8140 | Correct: 89/128 | Elapsed Time: 13.04s
2026-02-10 13:17:03,362 | INFO | Batch 210 | Loss: 0.6176 | Correct: 98/128 | Elapsed Time: 13.05s
2026-02-10 13:17:16,300 | INFO | Batch 220 | Loss: 0.5725 | Correct: 99/128 | Elapsed Time: 12.94s
2026-02-10 13:17:29,381 | INFO | Batch 230 | Loss: 0.6142 | Correct: 95/128 | Elapsed Time: 13.08s
2026-02-10 13:17:42,385 | INFO | Batch 240 | Loss: 0.6808 | Correct: 95/128 | Elapsed Time: 13.00s
2026-02-10 13:17:55,312 | INFO | Batch 250 | Loss: 0.7669 | Correct: 96/128 | Elapsed Time: 12.93s
2026-02-10 13:18:08,367 | INFO | Batch 260 | Loss: 0.5165 | Correct: 101/128 | Elapsed Time: 13.06s
2026-02-10 13:18:21,409 | INFO | Batch 270 | Loss: 0.7071 | Correct: 95/128 | Elapsed Time: 13.04s
2026-02-10 13:18:34,339 | INFO | Batch 280 | Loss: 0.6808 | Correct: 101/128 | Elapsed Time: 12.93s
2026-02-10 13:18:47,393 | INFO | Batch 290 | Loss: 0.6043 | Correct: 100/128 | Elapsed Time: 13.05s
2026-02-10 13:19:00,417 | INFO | Batch 300 | Loss: 0.6277 | Correct: 100/128 | Elapsed Time: 13.02s
2026-02-10 13:19:13,373 | INFO | Batch 310 | Loss: 0.6414 | Correct: 99/128 | Elapsed Time: 12.96s
2026-02-10 13:19:26,454 | INFO | Batch 320 | Loss: 0.5978 | Correct: 98/128 | Elapsed Time: 13.08s
2026-02-10 13:19:39,487 | INFO | Batch 330 | Loss: 0.7465 | Correct: 91/128 | Elapsed Time: 13.03s
2026-02-10 13:19:52,432 | INFO | Batch 340 | Loss: 0.6109 | Correct: 95/128 | Elapsed Time: 12.95s
2026-02-10 13:20:05,494 | INFO | Batch 350 | Loss: 0.7344 | Correct: 97/128 | Elapsed Time: 13.06s
2026-02-10 13:20:18,503 | INFO | Batch 360 | Loss: 0.5978 | Correct: 102/128 | Elapsed Time: 13.01s
2026-02-10 13:20:31,441 | INFO | Batch 370 | Loss: 0.6243 | Correct: 102/128 | Elapsed Time: 12.94s
2026-02-10 13:20:44,456 | INFO | Batch 380 | Loss: 0.6519 | Correct: 99/128 | Elapsed Time: 13.01s
2026-02-10 13:20:57,453 | INFO | Batch 390 | Loss: 0.6590 | Correct: 97/128 | Elapsed Time: 13.00s
2026-02-10 13:20:58,478 | INFO | Epoch [91/100] - Loss: 0.6674 | Correct: 38088/50000 (76.18%, 509.48s)
2026-02-10 13:21:44,475 | INFO | Validation - Loss: 0.7902 | Correct: 7230/10000 (72.30%) (46.00s)
2026-02-10 13:21:57,490 | INFO | Batch 10 | Loss: 0.5250 | Correct: 102/128 | Elapsed Time: 13.01s
2026-02-10 13:22:10,447 | INFO | Batch 20 | Loss: 0.6555 | Correct: 99/128 | Elapsed Time: 12.96s
2026-02-10 13:22:23,510 | INFO | Batch 30 | Loss: 0.6311 | Correct: 100/128 | Elapsed Time: 13.06s
2026-02-10 13:22:36,552 | INFO | Batch 40 | Loss: 0.6626 | Correct: 102/128 | Elapsed Time: 13.04s
2026-02-10 13:22:49,410 | INFO | Batch 50 | Loss: 0.6449 | Correct: 95/128 | Elapsed Time: 12.86s
2026-02-10 13:23:02,770 | INFO | Batch 60 | Loss: 0.5542 | Correct: 107/128 | Elapsed Time: 13.36s
2026-02-10 13:23:16,137 | INFO | Batch 70 | Loss: 0.6449 | Correct: 98/128 | Elapsed Time: 13.37s
2026-02-10 13:23:29,121 | INFO | Batch 80 | Loss: 0.7923 | Correct: 91/128 | Elapsed Time: 12.98s
2026-02-10 13:23:42,227 | INFO | Batch 90 | Loss: 0.7711 | Correct: 95/128 | Elapsed Time: 13.11s
2026-02-10 13:23:55,280 | INFO | Batch 100 | Loss: 0.7148 | Correct: 95/128 | Elapsed Time: 13.05s
2026-02-10 13:24:08,185 | INFO | Batch 110 | Loss: 0.6043 | Correct: 101/128 | Elapsed Time: 12.90s
2026-02-10 13:24:21,245 | INFO | Batch 120 | Loss: 0.6662 | Correct: 91/128 | Elapsed Time: 13.06s
2026-02-10 13:24:34,310 | INFO | Batch 130 | Loss: 0.6845 | Correct: 96/128 | Elapsed Time: 13.06s
2026-02-10 13:24:47,256 | INFO | Batch 140 | Loss: 0.6920 | Correct: 93/128 | Elapsed Time: 12.95s
2026-02-10 13:25:00,244 | INFO | Batch 150 | Loss: 0.5572 | Correct: 103/128 | Elapsed Time: 12.99s
2026-02-10 13:25:13,331 | INFO | Batch 160 | Loss: 0.6243 | Correct: 95/128 | Elapsed Time: 13.09s
2026-02-10 13:25:26,281 | INFO | Batch 170 | Loss: 0.5054 | Correct: 100/128 | Elapsed Time: 12.95s
2026-02-10 13:25:39,358 | INFO | Batch 180 | Loss: 0.6845 | Correct: 98/128 | Elapsed Time: 13.08s
2026-02-10 13:25:52,419 | INFO | Batch 190 | Loss: 0.6142 | Correct: 102/128 | Elapsed Time: 13.06s
2026-02-10 13:26:05,401 | INFO | Batch 200 | Loss: 0.4919 | Correct: 106/128 | Elapsed Time: 12.98s
2026-02-10 13:26:18,430 | INFO | Batch 210 | Loss: 0.6380 | Correct: 103/128 | Elapsed Time: 13.03s
2026-02-10 13:26:31,557 | INFO | Batch 220 | Loss: 0.6345 | Correct: 96/128 | Elapsed Time: 13.13s
2026-02-10 13:26:44,597 | INFO | Batch 230 | Loss: 0.7880 | Correct: 95/128 | Elapsed Time: 13.04s
2026-02-10 13:26:57,479 | INFO | Batch 240 | Loss: 0.7505 | Correct: 90/128 | Elapsed Time: 12.88s
2026-02-10 13:27:10,537 | INFO | Batch 250 | Loss: 0.6808 | Correct: 99/128 | Elapsed Time: 13.06s
2026-02-10 13:27:23,561 | INFO | Batch 260 | Loss: 0.6449 | Correct: 95/128 | Elapsed Time: 13.02s
2026-02-10 13:27:36,542 | INFO | Batch 270 | Loss: 0.7226 | Correct: 91/128 | Elapsed Time: 12.98s
2026-02-10 13:27:49,577 | INFO | Batch 280 | Loss: 0.6311 | Correct: 99/128 | Elapsed Time: 13.04s
2026-02-10 13:28:02,618 | INFO | Batch 290 | Loss: 0.6957 | Correct: 97/128 | Elapsed Time: 13.04s
2026-02-10 13:28:15,577 | INFO | Batch 300 | Loss: 0.7669 | Correct: 89/128 | Elapsed Time: 12.96s
2026-02-10 13:28:28,558 | INFO | Batch 310 | Loss: 0.8734 | Correct: 88/128 | Elapsed Time: 12.98s
2026-02-10 13:28:41,505 | INFO | Batch 320 | Loss: 0.5946 | Correct: 102/128 | Elapsed Time: 12.95s
2026-02-10 13:28:54,311 | INFO | Batch 330 | Loss: 0.6243 | Correct: 101/128 | Elapsed Time: 12.81s
2026-02-10 13:29:07,347 | INFO | Batch 340 | Loss: 0.6243 | Correct: 106/128 | Elapsed Time: 13.04s
2026-02-10 13:29:20,263 | INFO | Batch 350 | Loss: 0.6698 | Correct: 100/128 | Elapsed Time: 12.92s
2026-02-10 13:29:33,031 | INFO | Batch 360 | Loss: 0.8687 | Correct: 90/128 | Elapsed Time: 12.77s
2026-02-10 13:29:45,929 | INFO | Batch 370 | Loss: 0.7265 | Correct: 96/128 | Elapsed Time: 12.90s
2026-02-10 13:29:58,919 | INFO | Batch 380 | Loss: 0.4893 | Correct: 108/128 | Elapsed Time: 12.99s
2026-02-10 13:30:11,795 | INFO | Batch 390 | Loss: 0.6845 | Correct: 97/128 | Elapsed Time: 12.88s
2026-02-10 13:30:12,834 | INFO | Epoch [92/100] - Loss: 0.6660 | Correct: 37971/50000 (75.94%, 508.35s)
2026-02-10 13:30:58,724 | INFO | Validation - Loss: 0.7927 | Correct: 7241/10000 (72.41%) (45.89s)
2026-02-10 13:31:11,577 | INFO | Batch 10 | Loss: 0.6176 | Correct: 105/128 | Elapsed Time: 12.85s
2026-02-10 13:31:24,512 | INFO | Batch 20 | Loss: 0.7148 | Correct: 90/128 | Elapsed Time: 12.94s
2026-02-10 13:31:37,464 | INFO | Batch 30 | Loss: 0.9680 | Correct: 92/128 | Elapsed Time: 12.95s
2026-02-10 13:31:50,355 | INFO | Batch 40 | Loss: 0.6590 | Correct: 99/128 | Elapsed Time: 12.89s
2026-02-10 13:32:03,452 | INFO | Batch 50 | Loss: 0.7966 | Correct: 98/128 | Elapsed Time: 13.10s
2026-02-10 13:32:16,573 | INFO | Batch 60 | Loss: 0.5756 | Correct: 101/128 | Elapsed Time: 13.12s
2026-02-10 13:32:29,579 | INFO | Batch 70 | Loss: 0.8273 | Correct: 87/128 | Elapsed Time: 13.01s
2026-02-10 13:32:42,689 | INFO | Batch 80 | Loss: 0.5082 | Correct: 106/128 | Elapsed Time: 13.11s
2026-02-10 13:32:55,860 | INFO | Batch 90 | Loss: 0.6414 | Correct: 97/128 | Elapsed Time: 13.17s
2026-02-10 13:33:09,181 | INFO | Batch 100 | Loss: 0.6484 | Correct: 101/128 | Elapsed Time: 13.32s
2026-02-10 13:33:22,216 | INFO | Batch 110 | Loss: 0.6449 | Correct: 98/128 | Elapsed Time: 13.04s
2026-02-10 13:33:35,293 | INFO | Batch 120 | Loss: 0.6311 | Correct: 99/128 | Elapsed Time: 13.08s
2026-02-10 13:33:48,280 | INFO | Batch 130 | Loss: 0.6698 | Correct: 98/128 | Elapsed Time: 12.99s
2026-02-10 13:34:01,336 | INFO | Batch 140 | Loss: 0.7923 | Correct: 93/128 | Elapsed Time: 13.06s
2026-02-10 13:34:14,477 | INFO | Batch 150 | Loss: 0.7226 | Correct: 93/128 | Elapsed Time: 13.14s
2026-02-10 13:34:27,364 | INFO | Batch 160 | Loss: 0.5250 | Correct: 103/128 | Elapsed Time: 12.89s
2026-02-10 13:34:40,438 | INFO | Batch 170 | Loss: 0.5602 | Correct: 105/128 | Elapsed Time: 13.07s
2026-02-10 13:34:53,500 | INFO | Batch 180 | Loss: 0.6243 | Correct: 102/128 | Elapsed Time: 13.06s
2026-02-10 13:35:06,504 | INFO | Batch 190 | Loss: 0.5725 | Correct: 96/128 | Elapsed Time: 13.00s
2026-02-10 13:35:19,534 | INFO | Batch 200 | Loss: 0.6845 | Correct: 98/128 | Elapsed Time: 13.03s
2026-02-10 13:35:32,613 | INFO | Batch 210 | Loss: 0.6011 | Correct: 105/128 | Elapsed Time: 13.08s
2026-02-10 13:35:45,698 | INFO | Batch 220 | Loss: 0.6209 | Correct: 103/128 | Elapsed Time: 13.08s
2026-02-10 13:35:58,674 | INFO | Batch 230 | Loss: 0.5882 | Correct: 97/128 | Elapsed Time: 12.98s
2026-02-10 13:36:11,798 | INFO | Batch 240 | Loss: 0.7587 | Correct: 91/128 | Elapsed Time: 13.12s
2026-02-10 13:36:24,777 | INFO | Batch 250 | Loss: 0.8052 | Correct: 89/128 | Elapsed Time: 12.98s
2026-02-10 13:36:37,647 | INFO | Batch 260 | Loss: 0.6735 | Correct: 95/128 | Elapsed Time: 12.87s
2026-02-10 13:36:50,692 | INFO | Batch 270 | Loss: 0.6414 | Correct: 100/128 | Elapsed Time: 13.05s
2026-02-10 13:37:03,754 | INFO | Batch 280 | Loss: 0.7587 | Correct: 93/128 | Elapsed Time: 13.06s
2026-02-10 13:37:16,690 | INFO | Batch 290 | Loss: 0.6345 | Correct: 101/128 | Elapsed Time: 12.94s
2026-02-10 13:37:29,750 | INFO | Batch 300 | Loss: 0.6277 | Correct: 101/128 | Elapsed Time: 13.06s
2026-02-10 13:37:42,849 | INFO | Batch 310 | Loss: 0.7344 | Correct: 91/128 | Elapsed Time: 13.10s
2026-02-10 13:37:55,767 | INFO | Batch 320 | Loss: 0.6555 | Correct: 94/128 | Elapsed Time: 12.92s
2026-02-10 13:38:08,857 | INFO | Batch 330 | Loss: 0.6590 | Correct: 102/128 | Elapsed Time: 13.09s
2026-02-10 13:38:21,809 | INFO | Batch 340 | Loss: 0.7344 | Correct: 91/128 | Elapsed Time: 12.95s
2026-02-10 13:38:34,660 | INFO | Batch 350 | Loss: 0.6380 | Correct: 101/128 | Elapsed Time: 12.85s
2026-02-10 13:38:47,715 | INFO | Batch 360 | Loss: 0.6142 | Correct: 103/128 | Elapsed Time: 13.05s
2026-02-10 13:39:00,749 | INFO | Batch 370 | Loss: 0.5882 | Correct: 101/128 | Elapsed Time: 13.03s
2026-02-10 13:39:13,793 | INFO | Batch 380 | Loss: 0.7546 | Correct: 91/128 | Elapsed Time: 13.04s
2026-02-10 13:39:26,833 | INFO | Batch 390 | Loss: 0.5850 | Correct: 100/128 | Elapsed Time: 13.04s
2026-02-10 13:39:27,867 | INFO | Epoch [93/100] - Loss: 0.6699 | Correct: 37907/50000 (75.81%, 509.14s)
2026-02-10 13:40:13,942 | INFO | Validation - Loss: 0.7981 | Correct: 7245/10000 (72.45%) (46.07s)
2026-02-10 13:40:26,989 | INFO | Batch 10 | Loss: 0.6345 | Correct: 98/128 | Elapsed Time: 13.04s
2026-02-10 13:40:40,121 | INFO | Batch 20 | Loss: 0.6209 | Correct: 98/128 | Elapsed Time: 13.13s
2026-02-10 13:40:53,079 | INFO | Batch 30 | Loss: 0.6311 | Correct: 100/128 | Elapsed Time: 12.96s
2026-02-10 13:41:06,197 | INFO | Batch 40 | Loss: 0.5850 | Correct: 104/128 | Elapsed Time: 13.12s
2026-02-10 13:41:19,251 | INFO | Batch 50 | Loss: 0.6345 | Correct: 92/128 | Elapsed Time: 13.05s
2026-02-10 13:41:32,165 | INFO | Batch 60 | Loss: 0.6698 | Correct: 98/128 | Elapsed Time: 12.91s
2026-02-10 13:41:45,207 | INFO | Batch 70 | Loss: 0.6209 | Correct: 100/128 | Elapsed Time: 13.04s
2026-02-10 13:41:58,334 | INFO | Batch 80 | Loss: 0.6995 | Correct: 98/128 | Elapsed Time: 13.13s
2026-02-10 13:42:11,341 | INFO | Batch 90 | Loss: 0.4660 | Correct: 106/128 | Elapsed Time: 13.01s
2026-02-10 13:42:24,430 | INFO | Batch 100 | Loss: 0.6882 | Correct: 91/128 | Elapsed Time: 13.09s
2026-02-10 13:42:37,474 | INFO | Batch 110 | Loss: 0.5725 | Correct: 102/128 | Elapsed Time: 13.04s
2026-02-10 13:42:50,386 | INFO | Batch 120 | Loss: 0.6484 | Correct: 98/128 | Elapsed Time: 12.91s
2026-02-10 13:43:04,095 | INFO | Batch 130 | Loss: 0.6380 | Correct: 98/128 | Elapsed Time: 13.71s
2026-02-10 13:43:17,201 | INFO | Batch 140 | Loss: 0.5978 | Correct: 101/128 | Elapsed Time: 13.11s
2026-02-10 13:43:30,113 | INFO | Batch 150 | Loss: 0.7753 | Correct: 82/128 | Elapsed Time: 12.91s
2026-02-10 13:43:43,157 | INFO | Batch 160 | Loss: 0.6043 | Correct: 100/128 | Elapsed Time: 13.04s
2026-02-10 13:43:56,170 | INFO | Batch 170 | Loss: 0.4973 | Correct: 102/128 | Elapsed Time: 13.01s
2026-02-10 13:44:09,197 | INFO | Batch 180 | Loss: 0.6345 | Correct: 101/128 | Elapsed Time: 13.03s
2026-02-10 13:44:22,238 | INFO | Batch 190 | Loss: 0.7384 | Correct: 96/128 | Elapsed Time: 13.04s
2026-02-10 13:44:35,289 | INFO | Batch 200 | Loss: 0.5819 | Correct: 104/128 | Elapsed Time: 13.05s
2026-02-10 13:44:48,183 | INFO | Batch 210 | Loss: 0.7669 | Correct: 92/128 | Elapsed Time: 12.89s
2026-02-10 13:45:01,165 | INFO | Batch 220 | Loss: 0.6380 | Correct: 99/128 | Elapsed Time: 12.98s
2026-02-10 13:45:14,178 | INFO | Batch 230 | Loss: 0.5453 | Correct: 101/128 | Elapsed Time: 13.01s
2026-02-10 13:45:27,085 | INFO | Batch 240 | Loss: 0.5978 | Correct: 102/128 | Elapsed Time: 12.91s
2026-02-10 13:45:40,077 | INFO | Batch 250 | Loss: 0.9170 | Correct: 83/128 | Elapsed Time: 12.99s
2026-02-10 13:45:53,045 | INFO | Batch 260 | Loss: 0.7966 | Correct: 92/128 | Elapsed Time: 12.97s
2026-02-10 13:46:06,003 | INFO | Batch 270 | Loss: 0.6995 | Correct: 96/128 | Elapsed Time: 12.96s
2026-02-10 13:46:19,057 | INFO | Batch 280 | Loss: 0.7628 | Correct: 91/128 | Elapsed Time: 13.05s
2026-02-10 13:46:32,049 | INFO | Batch 290 | Loss: 0.5336 | Correct: 104/128 | Elapsed Time: 12.99s
2026-02-10 13:46:45,042 | INFO | Batch 300 | Loss: 0.6449 | Correct: 99/128 | Elapsed Time: 12.99s
2026-02-10 13:46:57,941 | INFO | Batch 310 | Loss: 0.5978 | Correct: 100/128 | Elapsed Time: 12.90s
2026-02-10 13:47:10,971 | INFO | Batch 320 | Loss: 0.7265 | Correct: 95/128 | Elapsed Time: 13.03s
2026-02-10 13:47:23,940 | INFO | Batch 330 | Loss: 0.6995 | Correct: 91/128 | Elapsed Time: 12.97s
2026-02-10 13:47:36,848 | INFO | Batch 340 | Loss: 0.6771 | Correct: 99/128 | Elapsed Time: 12.91s
2026-02-10 13:47:49,837 | INFO | Batch 350 | Loss: 0.5137 | Correct: 103/128 | Elapsed Time: 12.99s
2026-02-10 13:48:02,879 | INFO | Batch 360 | Loss: 0.5787 | Correct: 97/128 | Elapsed Time: 13.04s
2026-02-10 13:48:15,782 | INFO | Batch 370 | Loss: 0.5482 | Correct: 107/128 | Elapsed Time: 12.90s
2026-02-10 13:48:28,753 | INFO | Batch 380 | Loss: 0.8009 | Correct: 89/128 | Elapsed Time: 12.97s
2026-02-10 13:48:41,710 | INFO | Batch 390 | Loss: 0.6043 | Correct: 97/128 | Elapsed Time: 12.96s
2026-02-10 13:48:42,744 | INFO | Epoch [94/100] - Loss: 0.6687 | Correct: 38081/50000 (76.16%, 508.80s)
2026-02-10 13:49:28,590 | INFO | Validation - Loss: 0.7977 | Correct: 7251/10000 (72.51%) (45.85s)
2026-02-10 13:49:41,421 | INFO | Batch 10 | Loss: 0.7384 | Correct: 99/128 | Elapsed Time: 12.83s
2026-02-10 13:49:54,186 | INFO | Batch 20 | Loss: 0.8318 | Correct: 88/128 | Elapsed Time: 12.77s
2026-02-10 13:50:07,167 | INFO | Batch 30 | Loss: 0.7505 | Correct: 93/128 | Elapsed Time: 12.98s
2026-02-10 13:50:20,056 | INFO | Batch 40 | Loss: 0.5512 | Correct: 100/128 | Elapsed Time: 12.89s
2026-02-10 13:50:32,904 | INFO | Batch 50 | Loss: 0.7305 | Correct: 92/128 | Elapsed Time: 12.85s
2026-02-10 13:50:45,872 | INFO | Batch 60 | Loss: 0.7587 | Correct: 100/128 | Elapsed Time: 12.97s
2026-02-10 13:50:58,811 | INFO | Batch 70 | Loss: 0.6920 | Correct: 95/128 | Elapsed Time: 12.94s
2026-02-10 13:51:11,767 | INFO | Batch 80 | Loss: 0.6626 | Correct: 103/128 | Elapsed Time: 12.96s
2026-02-10 13:51:24,724 | INFO | Batch 90 | Loss: 0.6414 | Correct: 98/128 | Elapsed Time: 12.96s
2026-02-10 13:51:37,729 | INFO | Batch 100 | Loss: 0.6109 | Correct: 102/128 | Elapsed Time: 13.01s
2026-02-10 13:51:50,616 | INFO | Batch 110 | Loss: 0.5663 | Correct: 100/128 | Elapsed Time: 12.89s
2026-02-10 13:52:03,729 | INFO | Batch 120 | Loss: 0.8229 | Correct: 90/128 | Elapsed Time: 13.11s
2026-02-10 13:52:16,687 | INFO | Batch 130 | Loss: 0.7265 | Correct: 95/128 | Elapsed Time: 12.96s
2026-02-10 13:52:29,577 | INFO | Batch 140 | Loss: 0.7305 | Correct: 94/128 | Elapsed Time: 12.89s
2026-02-10 13:52:42,587 | INFO | Batch 150 | Loss: 0.6311 | Correct: 98/128 | Elapsed Time: 13.01s
2026-02-10 13:52:55,612 | INFO | Batch 160 | Loss: 0.6555 | Correct: 97/128 | Elapsed Time: 13.02s
2026-02-10 13:53:09,150 | INFO | Batch 170 | Loss: 0.5000 | Correct: 100/128 | Elapsed Time: 13.54s
2026-02-10 13:53:22,094 | INFO | Batch 180 | Loss: 0.6209 | Correct: 105/128 | Elapsed Time: 12.94s
2026-02-10 13:53:35,083 | INFO | Batch 190 | Loss: 0.5694 | Correct: 102/128 | Elapsed Time: 12.99s
2026-02-10 13:53:47,948 | INFO | Batch 200 | Loss: 0.6555 | Correct: 100/128 | Elapsed Time: 12.87s
2026-02-10 13:54:00,952 | INFO | Batch 210 | Loss: 0.7187 | Correct: 95/128 | Elapsed Time: 13.00s
2026-02-10 13:54:13,943 | INFO | Batch 220 | Loss: 0.6995 | Correct: 95/128 | Elapsed Time: 12.99s
2026-02-10 13:54:26,739 | INFO | Batch 230 | Loss: 0.7546 | Correct: 96/128 | Elapsed Time: 12.80s
2026-02-10 13:54:39,684 | INFO | Batch 240 | Loss: 0.5482 | Correct: 104/128 | Elapsed Time: 12.94s
2026-02-10 13:54:52,709 | INFO | Batch 250 | Loss: 0.6109 | Correct: 97/128 | Elapsed Time: 13.02s
2026-02-10 13:55:05,795 | INFO | Batch 260 | Loss: 0.5394 | Correct: 106/128 | Elapsed Time: 13.09s
2026-02-10 13:55:18,745 | INFO | Batch 270 | Loss: 0.7148 | Correct: 96/128 | Elapsed Time: 12.95s
2026-02-10 13:55:31,770 | INFO | Batch 280 | Loss: 0.6808 | Correct: 92/128 | Elapsed Time: 13.03s
2026-02-10 13:55:44,820 | INFO | Batch 290 | Loss: 0.6176 | Correct: 97/128 | Elapsed Time: 13.05s
2026-02-10 13:55:57,780 | INFO | Batch 300 | Loss: 0.6142 | Correct: 96/128 | Elapsed Time: 12.96s
2026-02-10 13:56:10,960 | INFO | Batch 310 | Loss: 0.6995 | Correct: 92/128 | Elapsed Time: 13.18s
2026-02-10 13:56:23,934 | INFO | Batch 320 | Loss: 0.6845 | Correct: 97/128 | Elapsed Time: 12.97s
2026-02-10 13:56:36,867 | INFO | Batch 330 | Loss: 0.4814 | Correct: 110/128 | Elapsed Time: 12.93s
2026-02-10 13:56:49,895 | INFO | Batch 340 | Loss: 0.6109 | Correct: 100/128 | Elapsed Time: 13.03s
2026-02-10 13:57:02,958 | INFO | Batch 350 | Loss: 0.5542 | Correct: 102/128 | Elapsed Time: 13.06s
2026-02-10 13:57:15,848 | INFO | Batch 360 | Loss: 0.6735 | Correct: 97/128 | Elapsed Time: 12.89s
2026-02-10 13:57:28,863 | INFO | Batch 370 | Loss: 0.5756 | Correct: 99/128 | Elapsed Time: 13.02s
2026-02-10 13:57:41,923 | INFO | Batch 380 | Loss: 0.8009 | Correct: 90/128 | Elapsed Time: 13.06s
2026-02-10 13:57:54,833 | INFO | Batch 390 | Loss: 0.7795 | Correct: 88/128 | Elapsed Time: 12.91s
2026-02-10 13:57:55,875 | INFO | Epoch [95/100] - Loss: 0.6699 | Correct: 37968/50000 (75.94%, 507.28s)
2026-02-10 13:58:41,861 | INFO | Validation - Loss: 0.7902 | Correct: 7232/10000 (72.32%) (45.99s)
2026-02-10 13:58:54,752 | INFO | Batch 10 | Loss: 0.6142 | Correct: 99/128 | Elapsed Time: 12.89s
2026-02-10 13:59:07,802 | INFO | Batch 20 | Loss: 0.5663 | Correct: 104/128 | Elapsed Time: 13.05s
2026-02-10 13:59:20,819 | INFO | Batch 30 | Loss: 0.6209 | Correct: 98/128 | Elapsed Time: 13.02s
2026-02-10 13:59:33,676 | INFO | Batch 40 | Loss: 0.6995 | Correct: 98/128 | Elapsed Time: 12.86s
2026-02-10 13:59:46,619 | INFO | Batch 50 | Loss: 0.5542 | Correct: 105/128 | Elapsed Time: 12.94s
2026-02-10 13:59:59,569 | INFO | Batch 60 | Loss: 0.7923 | Correct: 86/128 | Elapsed Time: 12.95s
2026-02-10 14:00:12,456 | INFO | Batch 70 | Loss: 0.7071 | Correct: 96/128 | Elapsed Time: 12.89s
2026-02-10 14:00:25,414 | INFO | Batch 80 | Loss: 0.7187 | Correct: 93/128 | Elapsed Time: 12.96s
2026-02-10 14:00:38,381 | INFO | Batch 90 | Loss: 0.6176 | Correct: 98/128 | Elapsed Time: 12.97s
2026-02-10 14:00:51,234 | INFO | Batch 100 | Loss: 0.5694 | Correct: 100/128 | Elapsed Time: 12.85s
2026-02-10 14:01:04,218 | INFO | Batch 110 | Loss: 0.6414 | Correct: 99/128 | Elapsed Time: 12.98s
2026-02-10 14:01:17,298 | INFO | Batch 120 | Loss: 0.7505 | Correct: 91/128 | Elapsed Time: 13.08s
2026-02-10 14:01:30,353 | INFO | Batch 130 | Loss: 0.6519 | Correct: 99/128 | Elapsed Time: 13.05s
2026-02-10 14:01:43,505 | INFO | Batch 140 | Loss: 0.8009 | Correct: 96/128 | Elapsed Time: 13.15s
2026-02-10 14:01:56,601 | INFO | Batch 150 | Loss: 0.7071 | Correct: 92/128 | Elapsed Time: 13.10s
2026-02-10 14:02:09,820 | INFO | Batch 160 | Loss: 0.6311 | Correct: 95/128 | Elapsed Time: 13.22s
2026-02-10 14:02:22,854 | INFO | Batch 170 | Loss: 0.6698 | Correct: 98/128 | Elapsed Time: 13.03s
2026-02-10 14:02:35,987 | INFO | Batch 180 | Loss: 0.8052 | Correct: 91/128 | Elapsed Time: 13.13s
2026-02-10 14:02:49,178 | INFO | Batch 190 | Loss: 0.5633 | Correct: 102/128 | Elapsed Time: 13.19s
2026-02-10 14:03:02,406 | INFO | Batch 200 | Loss: 0.7384 | Correct: 94/128 | Elapsed Time: 13.23s
2026-02-10 14:03:15,920 | INFO | Batch 210 | Loss: 0.6311 | Correct: 103/128 | Elapsed Time: 13.51s
2026-02-10 14:03:29,120 | INFO | Batch 220 | Loss: 0.7187 | Correct: 91/128 | Elapsed Time: 13.20s
2026-02-10 14:03:42,229 | INFO | Batch 230 | Loss: 0.6380 | Correct: 99/128 | Elapsed Time: 13.11s
2026-02-10 14:03:55,353 | INFO | Batch 240 | Loss: 0.6142 | Correct: 94/128 | Elapsed Time: 13.12s
2026-02-10 14:04:08,532 | INFO | Batch 250 | Loss: 0.6920 | Correct: 95/128 | Elapsed Time: 13.18s
2026-02-10 14:04:21,521 | INFO | Batch 260 | Loss: 0.5512 | Correct: 108/128 | Elapsed Time: 12.99s
2026-02-10 14:04:34,625 | INFO | Batch 270 | Loss: 0.8409 | Correct: 85/128 | Elapsed Time: 13.10s
2026-02-10 14:04:47,710 | INFO | Batch 280 | Loss: 0.7071 | Correct: 98/128 | Elapsed Time: 13.09s
2026-02-10 14:05:00,711 | INFO | Batch 290 | Loss: 0.5633 | Correct: 104/128 | Elapsed Time: 13.00s
2026-02-10 14:05:13,867 | INFO | Batch 300 | Loss: 0.6995 | Correct: 90/128 | Elapsed Time: 13.16s
2026-02-10 14:05:27,018 | INFO | Batch 310 | Loss: 0.4893 | Correct: 107/128 | Elapsed Time: 13.15s
2026-02-10 14:05:40,077 | INFO | Batch 320 | Loss: 0.6209 | Correct: 98/128 | Elapsed Time: 13.06s
2026-02-10 14:05:53,185 | INFO | Batch 330 | Loss: 0.7187 | Correct: 91/128 | Elapsed Time: 13.11s
2026-02-10 14:06:06,370 | INFO | Batch 340 | Loss: 0.6808 | Correct: 93/128 | Elapsed Time: 13.19s
2026-02-10 14:06:19,352 | INFO | Batch 350 | Loss: 0.6920 | Correct: 95/128 | Elapsed Time: 12.98s
2026-02-10 14:06:32,455 | INFO | Batch 360 | Loss: 0.5633 | Correct: 104/128 | Elapsed Time: 13.10s
2026-02-10 14:06:45,616 | INFO | Batch 370 | Loss: 0.7265 | Correct: 92/128 | Elapsed Time: 13.16s
2026-02-10 14:06:58,650 | INFO | Batch 380 | Loss: 0.7071 | Correct: 98/128 | Elapsed Time: 13.03s
2026-02-10 14:07:11,807 | INFO | Batch 390 | Loss: 0.8096 | Correct: 94/128 | Elapsed Time: 13.16s
2026-02-10 14:07:12,868 | INFO | Epoch [96/100] - Loss: 0.6675 | Correct: 37996/50000 (75.99%, 511.00s)
2026-02-10 14:07:59,061 | INFO | Validation - Loss: 0.7985 | Correct: 7245/10000 (72.45%) (46.19s)
2026-02-10 14:08:12,018 | INFO | Batch 10 | Loss: 0.7109 | Correct: 95/128 | Elapsed Time: 12.95s
2026-02-10 14:08:24,895 | INFO | Batch 20 | Loss: 0.6043 | Correct: 102/128 | Elapsed Time: 12.88s
2026-02-10 14:08:37,700 | INFO | Batch 30 | Loss: 0.7109 | Correct: 99/128 | Elapsed Time: 12.81s
2026-02-10 14:08:50,653 | INFO | Batch 40 | Loss: 0.6808 | Correct: 95/128 | Elapsed Time: 12.95s
2026-02-10 14:09:03,646 | INFO | Batch 50 | Loss: 0.6380 | Correct: 97/128 | Elapsed Time: 12.99s
2026-02-10 14:09:16,550 | INFO | Batch 60 | Loss: 0.6345 | Correct: 94/128 | Elapsed Time: 12.90s
2026-02-10 14:09:29,526 | INFO | Batch 70 | Loss: 0.6957 | Correct: 94/128 | Elapsed Time: 12.98s
2026-02-10 14:09:42,512 | INFO | Batch 80 | Loss: 0.6243 | Correct: 103/128 | Elapsed Time: 12.99s
2026-02-10 14:09:55,459 | INFO | Batch 90 | Loss: 0.6771 | Correct: 98/128 | Elapsed Time: 12.95s
2026-02-10 14:10:08,497 | INFO | Batch 100 | Loss: 0.7384 | Correct: 95/128 | Elapsed Time: 13.04s
2026-02-10 14:10:21,580 | INFO | Batch 110 | Loss: 0.6142 | Correct: 99/128 | Elapsed Time: 13.08s
2026-02-10 14:10:34,577 | INFO | Batch 120 | Loss: 0.5336 | Correct: 100/128 | Elapsed Time: 13.00s
2026-02-10 14:10:47,659 | INFO | Batch 130 | Loss: 0.7226 | Correct: 92/128 | Elapsed Time: 13.08s
2026-02-10 14:11:00,729 | INFO | Batch 140 | Loss: 0.6626 | Correct: 98/128 | Elapsed Time: 13.07s
2026-02-10 14:11:13,691 | INFO | Batch 150 | Loss: 0.7265 | Correct: 96/128 | Elapsed Time: 12.96s
2026-02-10 14:11:26,738 | INFO | Batch 160 | Loss: 0.5725 | Correct: 99/128 | Elapsed Time: 13.05s
2026-02-10 14:11:39,732 | INFO | Batch 170 | Loss: 0.5914 | Correct: 96/128 | Elapsed Time: 12.99s
2026-02-10 14:11:52,637 | INFO | Batch 180 | Loss: 0.6277 | Correct: 103/128 | Elapsed Time: 12.90s
2026-02-10 14:12:05,763 | INFO | Batch 190 | Loss: 0.6142 | Correct: 102/128 | Elapsed Time: 13.13s
2026-02-10 14:12:18,830 | INFO | Batch 200 | Loss: 0.6209 | Correct: 104/128 | Elapsed Time: 13.07s
2026-02-10 14:12:31,757 | INFO | Batch 210 | Loss: 0.6011 | Correct: 102/128 | Elapsed Time: 12.93s
2026-02-10 14:12:44,781 | INFO | Batch 220 | Loss: 0.6735 | Correct: 98/128 | Elapsed Time: 13.02s
2026-02-10 14:12:57,974 | INFO | Batch 230 | Loss: 0.6484 | Correct: 100/128 | Elapsed Time: 13.19s
2026-02-10 14:13:11,329 | INFO | Batch 240 | Loss: 0.6176 | Correct: 95/128 | Elapsed Time: 13.36s
2026-02-10 14:13:24,276 | INFO | Batch 250 | Loss: 0.7344 | Correct: 97/128 | Elapsed Time: 12.95s
2026-02-10 14:13:37,347 | INFO | Batch 260 | Loss: 0.7033 | Correct: 95/128 | Elapsed Time: 13.07s
2026-02-10 14:13:50,398 | INFO | Batch 270 | Loss: 0.7587 | Correct: 96/128 | Elapsed Time: 13.05s
2026-02-10 14:14:03,391 | INFO | Batch 280 | Loss: 0.7226 | Correct: 89/128 | Elapsed Time: 12.99s
2026-02-10 14:14:16,446 | INFO | Batch 290 | Loss: 0.5542 | Correct: 101/128 | Elapsed Time: 13.05s
2026-02-10 14:14:29,490 | INFO | Batch 300 | Loss: 0.6449 | Correct: 101/128 | Elapsed Time: 13.04s
2026-02-10 14:14:42,390 | INFO | Batch 310 | Loss: 0.8829 | Correct: 82/128 | Elapsed Time: 12.90s
2026-02-10 14:14:55,407 | INFO | Batch 320 | Loss: 0.6662 | Correct: 96/128 | Elapsed Time: 13.02s
2026-02-10 14:15:08,481 | INFO | Batch 330 | Loss: 0.6414 | Correct: 97/128 | Elapsed Time: 13.07s
2026-02-10 14:15:21,354 | INFO | Batch 340 | Loss: 0.4610 | Correct: 108/128 | Elapsed Time: 12.87s
2026-02-10 14:15:34,361 | INFO | Batch 350 | Loss: 0.6555 | Correct: 96/128 | Elapsed Time: 13.01s
2026-02-10 14:15:47,394 | INFO | Batch 360 | Loss: 0.6345 | Correct: 99/128 | Elapsed Time: 13.03s
2026-02-10 14:16:00,245 | INFO | Batch 370 | Loss: 0.7505 | Correct: 93/128 | Elapsed Time: 12.85s
2026-02-10 14:16:13,334 | INFO | Batch 380 | Loss: 0.7226 | Correct: 93/128 | Elapsed Time: 13.09s
2026-02-10 14:16:26,374 | INFO | Batch 390 | Loss: 0.8273 | Correct: 93/128 | Elapsed Time: 13.04s
2026-02-10 14:16:27,404 | INFO | Epoch [97/100] - Loss: 0.6650 | Correct: 38098/50000 (76.20%, 508.34s)
2026-02-10 14:17:13,547 | INFO | Validation - Loss: 0.7954 | Correct: 7233/10000 (72.33%) (46.14s)
2026-02-10 14:17:26,482 | INFO | Batch 10 | Loss: 0.7711 | Correct: 94/128 | Elapsed Time: 12.93s
2026-02-10 14:17:39,551 | INFO | Batch 20 | Loss: 0.8273 | Correct: 88/128 | Elapsed Time: 13.07s
2026-02-10 14:17:52,557 | INFO | Batch 30 | Loss: 0.7837 | Correct: 91/128 | Elapsed Time: 13.01s
2026-02-10 14:18:05,677 | INFO | Batch 40 | Loss: 0.4973 | Correct: 104/128 | Elapsed Time: 13.12s
2026-02-10 14:18:18,627 | INFO | Batch 50 | Loss: 0.5882 | Correct: 101/128 | Elapsed Time: 12.95s
2026-02-10 14:18:31,704 | INFO | Batch 60 | Loss: 0.6076 | Correct: 104/128 | Elapsed Time: 13.08s
2026-02-10 14:18:44,743 | INFO | Batch 70 | Loss: 0.6920 | Correct: 94/128 | Elapsed Time: 13.04s
2026-02-10 14:18:57,694 | INFO | Batch 80 | Loss: 0.5542 | Correct: 105/128 | Elapsed Time: 12.95s
2026-02-10 14:19:10,799 | INFO | Batch 90 | Loss: 0.6243 | Correct: 100/128 | Elapsed Time: 13.10s
2026-02-10 14:19:23,917 | INFO | Batch 100 | Loss: 0.7187 | Correct: 91/128 | Elapsed Time: 13.12s
2026-02-10 14:19:36,845 | INFO | Batch 110 | Loss: 0.7837 | Correct: 92/128 | Elapsed Time: 12.93s
2026-02-10 14:19:49,949 | INFO | Batch 120 | Loss: 0.6176 | Correct: 97/128 | Elapsed Time: 13.10s
2026-02-10 14:20:02,991 | INFO | Batch 130 | Loss: 0.8455 | Correct: 90/128 | Elapsed Time: 13.04s
2026-02-10 14:20:16,044 | INFO | Batch 140 | Loss: 0.6345 | Correct: 101/128 | Elapsed Time: 13.05s
2026-02-10 14:20:29,102 | INFO | Batch 150 | Loss: 0.4973 | Correct: 101/128 | Elapsed Time: 13.06s
2026-02-10 14:20:42,193 | INFO | Batch 160 | Loss: 0.5453 | Correct: 101/128 | Elapsed Time: 13.09s
2026-02-10 14:20:55,178 | INFO | Batch 170 | Loss: 0.6808 | Correct: 98/128 | Elapsed Time: 12.99s
2026-02-10 14:21:08,299 | INFO | Batch 180 | Loss: 0.5946 | Correct: 103/128 | Elapsed Time: 13.12s
2026-02-10 14:21:21,363 | INFO | Batch 190 | Loss: 0.6957 | Correct: 97/128 | Elapsed Time: 13.06s
2026-02-10 14:21:34,348 | INFO | Batch 200 | Loss: 0.6555 | Correct: 100/128 | Elapsed Time: 12.99s
2026-02-10 14:21:47,414 | INFO | Batch 210 | Loss: 0.6209 | Correct: 97/128 | Elapsed Time: 13.07s
2026-02-10 14:22:00,462 | INFO | Batch 220 | Loss: 0.6142 | Correct: 103/128 | Elapsed Time: 13.05s
2026-02-10 14:22:13,460 | INFO | Batch 230 | Loss: 0.7880 | Correct: 93/128 | Elapsed Time: 13.00s
2026-02-10 14:22:26,538 | INFO | Batch 240 | Loss: 0.4414 | Correct: 113/128 | Elapsed Time: 13.08s
2026-02-10 14:22:39,598 | INFO | Batch 250 | Loss: 0.7265 | Correct: 94/128 | Elapsed Time: 13.06s
2026-02-10 14:22:52,511 | INFO | Batch 260 | Loss: 0.6808 | Correct: 93/128 | Elapsed Time: 12.91s
2026-02-10 14:23:06,113 | INFO | Batch 270 | Loss: 0.6484 | Correct: 100/128 | Elapsed Time: 13.60s
2026-02-10 14:23:19,160 | INFO | Batch 280 | Loss: 0.7071 | Correct: 97/128 | Elapsed Time: 13.05s
2026-02-10 14:23:32,139 | INFO | Batch 290 | Loss: 0.5946 | Correct: 106/128 | Elapsed Time: 12.98s
2026-02-10 14:23:45,196 | INFO | Batch 300 | Loss: 0.6243 | Correct: 97/128 | Elapsed Time: 13.06s
2026-02-10 14:23:58,228 | INFO | Batch 310 | Loss: 0.6484 | Correct: 97/128 | Elapsed Time: 13.03s
2026-02-10 14:24:11,327 | INFO | Batch 320 | Loss: 0.6277 | Correct: 102/128 | Elapsed Time: 13.10s
2026-02-10 14:24:24,251 | INFO | Batch 330 | Loss: 0.8009 | Correct: 89/128 | Elapsed Time: 12.92s
2026-02-10 14:24:37,238 | INFO | Batch 340 | Loss: 0.6311 | Correct: 99/128 | Elapsed Time: 12.99s
2026-02-10 14:24:50,280 | INFO | Batch 350 | Loss: 0.8547 | Correct: 92/128 | Elapsed Time: 13.04s
2026-02-10 14:25:03,259 | INFO | Batch 360 | Loss: 0.6011 | Correct: 104/128 | Elapsed Time: 12.98s
2026-02-10 14:25:16,352 | INFO | Batch 370 | Loss: 0.5725 | Correct: 100/128 | Elapsed Time: 13.09s
2026-02-10 14:25:29,442 | INFO | Batch 380 | Loss: 0.7344 | Correct: 94/128 | Elapsed Time: 13.09s
2026-02-10 14:25:42,433 | INFO | Batch 390 | Loss: 0.7305 | Correct: 98/128 | Elapsed Time: 12.99s
2026-02-10 14:25:43,483 | INFO | Epoch [98/100] - Loss: 0.6686 | Correct: 38039/50000 (76.08%, 509.93s)
2026-02-10 14:26:29,528 | INFO | Validation - Loss: 0.7888 | Correct: 7249/10000 (72.49%) (46.04s)
2026-02-10 14:26:42,551 | INFO | Batch 10 | Loss: 0.8229 | Correct: 89/128 | Elapsed Time: 13.02s
2026-02-10 14:26:55,633 | INFO | Batch 20 | Loss: 0.5137 | Correct: 103/128 | Elapsed Time: 13.08s
2026-02-10 14:27:08,634 | INFO | Batch 30 | Loss: 0.8096 | Correct: 88/128 | Elapsed Time: 13.00s
2026-02-10 14:27:21,646 | INFO | Batch 40 | Loss: 0.6957 | Correct: 96/128 | Elapsed Time: 13.01s
2026-02-10 14:27:34,708 | INFO | Batch 50 | Loss: 0.6882 | Correct: 94/128 | Elapsed Time: 13.06s
2026-02-10 14:27:47,758 | INFO | Batch 60 | Loss: 0.6662 | Correct: 96/128 | Elapsed Time: 13.05s
2026-02-10 14:28:00,646 | INFO | Batch 70 | Loss: 0.6555 | Correct: 98/128 | Elapsed Time: 12.89s
2026-02-10 14:28:13,774 | INFO | Batch 80 | Loss: 0.7071 | Correct: 97/128 | Elapsed Time: 13.13s
2026-02-10 14:28:26,796 | INFO | Batch 90 | Loss: 0.6735 | Correct: 96/128 | Elapsed Time: 13.02s
2026-02-10 14:28:39,685 | INFO | Batch 100 | Loss: 0.6519 | Correct: 102/128 | Elapsed Time: 12.89s
2026-02-10 14:28:52,734 | INFO | Batch 110 | Loss: 0.6142 | Correct: 97/128 | Elapsed Time: 13.05s
2026-02-10 14:29:05,809 | INFO | Batch 120 | Loss: 0.6109 | Correct: 94/128 | Elapsed Time: 13.07s
2026-02-10 14:29:18,768 | INFO | Batch 130 | Loss: 0.5602 | Correct: 105/128 | Elapsed Time: 12.96s
2026-02-10 14:29:31,836 | INFO | Batch 140 | Loss: 0.7795 | Correct: 96/128 | Elapsed Time: 13.07s
2026-02-10 14:29:44,883 | INFO | Batch 150 | Loss: 0.6555 | Correct: 98/128 | Elapsed Time: 13.05s
2026-02-10 14:29:57,840 | INFO | Batch 160 | Loss: 0.5978 | Correct: 97/128 | Elapsed Time: 12.96s
2026-02-10 14:30:10,963 | INFO | Batch 170 | Loss: 0.5882 | Correct: 102/128 | Elapsed Time: 13.12s
2026-02-10 14:30:24,014 | INFO | Batch 180 | Loss: 0.6957 | Correct: 93/128 | Elapsed Time: 13.05s
2026-02-10 14:30:36,986 | INFO | Batch 190 | Loss: 0.7546 | Correct: 88/128 | Elapsed Time: 12.97s
2026-02-10 14:30:50,052 | INFO | Batch 200 | Loss: 0.6735 | Correct: 93/128 | Elapsed Time: 13.07s
2026-02-10 14:31:03,151 | INFO | Batch 210 | Loss: 0.6735 | Correct: 96/128 | Elapsed Time: 13.10s
2026-02-10 14:31:16,079 | INFO | Batch 220 | Loss: 0.6626 | Correct: 99/128 | Elapsed Time: 12.93s
2026-02-10 14:31:29,196 | INFO | Batch 230 | Loss: 0.6011 | Correct: 103/128 | Elapsed Time: 13.12s
2026-02-10 14:31:42,263 | INFO | Batch 240 | Loss: 0.6845 | Correct: 96/128 | Elapsed Time: 13.07s
2026-02-10 14:31:55,230 | INFO | Batch 250 | Loss: 0.7344 | Correct: 92/128 | Elapsed Time: 12.97s
2026-02-10 14:32:08,307 | INFO | Batch 260 | Loss: 0.5250 | Correct: 106/128 | Elapsed Time: 13.08s
2026-02-10 14:32:21,330 | INFO | Batch 270 | Loss: 0.6845 | Correct: 96/128 | Elapsed Time: 13.02s
2026-02-10 14:32:34,374 | INFO | Batch 280 | Loss: 0.8184 | Correct: 91/128 | Elapsed Time: 13.04s
2026-02-10 14:32:47,335 | INFO | Batch 290 | Loss: 0.5453 | Correct: 102/128 | Elapsed Time: 12.96s
2026-02-10 14:33:00,529 | INFO | Batch 300 | Loss: 0.7226 | Correct: 93/128 | Elapsed Time: 13.19s
2026-02-10 14:33:14,039 | INFO | Batch 310 | Loss: 0.7753 | Correct: 93/128 | Elapsed Time: 13.51s
2026-02-10 14:33:26,982 | INFO | Batch 320 | Loss: 0.6882 | Correct: 96/128 | Elapsed Time: 12.94s
2026-02-10 14:33:40,038 | INFO | Batch 330 | Loss: 0.6662 | Correct: 96/128 | Elapsed Time: 13.06s
2026-02-10 14:33:53,073 | INFO | Batch 340 | Loss: 0.6590 | Correct: 93/128 | Elapsed Time: 13.03s
2026-02-10 14:34:06,049 | INFO | Batch 350 | Loss: 0.7587 | Correct: 90/128 | Elapsed Time: 12.98s
2026-02-10 14:34:19,036 | INFO | Batch 360 | Loss: 0.6484 | Correct: 97/128 | Elapsed Time: 12.99s
2026-02-10 14:34:32,024 | INFO | Batch 370 | Loss: 0.6555 | Correct: 95/128 | Elapsed Time: 12.99s
2026-02-10 14:34:44,933 | INFO | Batch 380 | Loss: 0.6920 | Correct: 93/128 | Elapsed Time: 12.91s
2026-02-10 14:34:57,981 | INFO | Batch 390 | Loss: 0.8229 | Correct: 90/128 | Elapsed Time: 13.05s
2026-02-10 14:34:59,025 | INFO | Epoch [99/100] - Loss: 0.6689 | Correct: 37936/50000 (75.87%, 509.49s)
2026-02-10 14:35:45,064 | INFO | Validation - Loss: 0.7967 | Correct: 7246/10000 (72.46%) (46.04s)
2026-02-10 14:35:58,120 | INFO | Batch 10 | Loss: 0.6043 | Correct: 105/128 | Elapsed Time: 13.05s
2026-02-10 14:36:11,161 | INFO | Batch 20 | Loss: 0.7753 | Correct: 96/128 | Elapsed Time: 13.04s
2026-02-10 14:36:24,254 | INFO | Batch 30 | Loss: 0.7795 | Correct: 88/128 | Elapsed Time: 13.09s
2026-02-10 14:36:37,300 | INFO | Batch 40 | Loss: 0.6176 | Correct: 98/128 | Elapsed Time: 13.05s
2026-02-10 14:36:50,195 | INFO | Batch 50 | Loss: 0.6345 | Correct: 99/128 | Elapsed Time: 12.89s
2026-02-10 14:37:03,273 | INFO | Batch 60 | Loss: 0.6076 | Correct: 96/128 | Elapsed Time: 13.08s
2026-02-10 14:37:16,347 | INFO | Batch 70 | Loss: 0.6626 | Correct: 97/128 | Elapsed Time: 13.07s
2026-02-10 14:37:29,315 | INFO | Batch 80 | Loss: 0.6957 | Correct: 94/128 | Elapsed Time: 12.97s
2026-02-10 14:37:42,326 | INFO | Batch 90 | Loss: 0.8734 | Correct: 90/128 | Elapsed Time: 13.01s
2026-02-10 14:37:55,384 | INFO | Batch 100 | Loss: 0.6957 | Correct: 95/128 | Elapsed Time: 13.06s
2026-02-10 14:38:08,518 | INFO | Batch 110 | Loss: 0.6176 | Correct: 106/128 | Elapsed Time: 13.13s
2026-02-10 14:38:21,389 | INFO | Batch 120 | Loss: 0.5946 | Correct: 100/128 | Elapsed Time: 12.87s
2026-02-10 14:38:34,372 | INFO | Batch 130 | Loss: 0.7587 | Correct: 97/128 | Elapsed Time: 12.98s
2026-02-10 14:38:47,389 | INFO | Batch 140 | Loss: 0.6176 | Correct: 94/128 | Elapsed Time: 13.02s
2026-02-10 14:39:00,289 | INFO | Batch 150 | Loss: 0.6109 | Correct: 104/128 | Elapsed Time: 12.90s
2026-02-10 14:39:13,446 | INFO | Batch 160 | Loss: 0.6209 | Correct: 103/128 | Elapsed Time: 13.16s
2026-02-10 14:39:26,497 | INFO | Batch 170 | Loss: 0.6698 | Correct: 98/128 | Elapsed Time: 13.05s
2026-02-10 14:39:39,386 | INFO | Batch 180 | Loss: 0.7187 | Correct: 93/128 | Elapsed Time: 12.89s
2026-02-10 14:39:52,360 | INFO | Batch 190 | Loss: 0.6519 | Correct: 101/128 | Elapsed Time: 12.97s
2026-02-10 14:40:05,312 | INFO | Batch 200 | Loss: 0.6995 | Correct: 99/128 | Elapsed Time: 12.95s
2026-02-10 14:40:18,135 | INFO | Batch 210 | Loss: 0.6808 | Correct: 93/128 | Elapsed Time: 12.82s
2026-02-10 14:40:31,104 | INFO | Batch 220 | Loss: 0.6011 | Correct: 102/128 | Elapsed Time: 12.97s
2026-02-10 14:40:44,040 | INFO | Batch 230 | Loss: 0.5882 | Correct: 104/128 | Elapsed Time: 12.94s
2026-02-10 14:40:56,864 | INFO | Batch 240 | Loss: 0.7424 | Correct: 99/128 | Elapsed Time: 12.82s
2026-02-10 14:41:09,854 | INFO | Batch 250 | Loss: 0.8229 | Correct: 90/128 | Elapsed Time: 12.99s
2026-02-10 14:41:22,816 | INFO | Batch 260 | Loss: 0.7669 | Correct: 92/128 | Elapsed Time: 12.96s
2026-02-10 14:41:35,649 | INFO | Batch 270 | Loss: 0.5082 | Correct: 104/128 | Elapsed Time: 12.83s
2026-02-10 14:41:48,643 | INFO | Batch 280 | Loss: 0.6311 | Correct: 98/128 | Elapsed Time: 12.99s
2026-02-10 14:42:01,661 | INFO | Batch 290 | Loss: 0.5193 | Correct: 107/128 | Elapsed Time: 13.02s
2026-02-10 14:42:14,666 | INFO | Batch 300 | Loss: 0.6735 | Correct: 101/128 | Elapsed Time: 13.00s
2026-02-10 14:42:27,716 | INFO | Batch 310 | Loss: 0.5572 | Correct: 100/128 | Elapsed Time: 13.05s
2026-02-10 14:42:40,754 | INFO | Batch 320 | Loss: 0.5482 | Correct: 102/128 | Elapsed Time: 13.04s
2026-02-10 14:42:53,855 | INFO | Batch 330 | Loss: 0.6449 | Correct: 98/128 | Elapsed Time: 13.10s
2026-02-10 14:43:07,483 | INFO | Batch 340 | Loss: 0.7344 | Correct: 91/128 | Elapsed Time: 13.63s
2026-02-10 14:43:20,488 | INFO | Batch 350 | Loss: 0.8273 | Correct: 88/128 | Elapsed Time: 13.01s
2026-02-10 14:43:33,487 | INFO | Batch 360 | Loss: 0.5633 | Correct: 99/128 | Elapsed Time: 13.00s
2026-02-10 14:43:46,275 | INFO | Batch 370 | Loss: 0.6626 | Correct: 100/128 | Elapsed Time: 12.79s
2026-02-10 14:43:59,224 | INFO | Batch 380 | Loss: 0.6043 | Correct: 101/128 | Elapsed Time: 12.95s
2026-02-10 14:44:12,218 | INFO | Batch 390 | Loss: 0.5137 | Correct: 108/128 | Elapsed Time: 12.99s
2026-02-10 14:44:13,247 | INFO | Epoch [100/100] - Loss: 0.6677 | Correct: 38070/50000 (76.14%, 508.18s)
2026-02-10 14:44:58,988 | INFO | Validation - Loss: 0.7980 | Correct: 7217/10000 (72.17%) (45.74s)
2026-02-10 14:44:58,992 | INFO | Training complete.
2026-02-10 14:44:59,071 | INFO | Final model saved to ./checkpoints/shufflenetv2_lns_final_20260209_232012.pt
