2026-01-29 17:42:49,561 | INFO | Training ShuffleNetV2 on CIFAR-10 with LNS64 (f=7, lookup table=True) on device cuda:0
2026-01-29 17:42:49,561 | INFO | Hyperparameters: epochs=100, batch_size=128, lr=0.1, momentum=0.9, weight_decay=0.0001
2026-01-29 17:45:15,045 | INFO | Batch 10 | Loss: 3.1180 | Correct: 20/128 | Elapsed Time: 145.48s
2026-01-29 17:45:28,106 | INFO | Batch 20 | Loss: 3.6285 | Correct: 18/128 | Elapsed Time: 13.06s
2026-01-29 17:45:41,273 | INFO | Batch 30 | Loss: 2.7232 | Correct: 20/128 | Elapsed Time: 13.17s
2026-01-29 17:45:54,456 | INFO | Batch 40 | Loss: 3.2915 | Correct: 18/128 | Elapsed Time: 13.18s
2026-01-29 17:46:07,662 | INFO | Batch 50 | Loss: 4.6549 | Correct: 28/128 | Elapsed Time: 13.21s
2026-01-29 17:46:20,704 | INFO | Batch 60 | Loss: 3.3274 | Correct: 35/128 | Elapsed Time: 13.04s
2026-01-29 17:46:33,834 | INFO | Batch 70 | Loss: 4.5552 | Correct: 28/128 | Elapsed Time: 13.13s
2026-01-29 17:46:47,087 | INFO | Batch 80 | Loss: 4.9944 | Correct: 22/128 | Elapsed Time: 13.25s
2026-01-29 17:47:00,215 | INFO | Batch 90 | Loss: 3.1180 | Correct: 41/128 | Elapsed Time: 13.13s
2026-01-29 17:47:13,506 | INFO | Batch 100 | Loss: 1.9892 | Correct: 34/128 | Elapsed Time: 13.29s
2026-01-29 17:47:26,642 | INFO | Batch 110 | Loss: 2.8904 | Correct: 16/128 | Elapsed Time: 13.14s
2026-01-29 17:47:39,739 | INFO | Batch 120 | Loss: 4.3620 | Correct: 28/128 | Elapsed Time: 13.10s
2026-01-29 17:47:52,884 | INFO | Batch 130 | Loss: 2.0773 | Correct: 25/128 | Elapsed Time: 13.14s
2026-01-29 17:48:06,092 | INFO | Batch 140 | Loss: 2.0328 | Correct: 37/128 | Elapsed Time: 13.21s
2026-01-29 17:48:19,152 | INFO | Batch 150 | Loss: 2.7678 | Correct: 24/128 | Elapsed Time: 13.06s
2026-01-29 17:48:32,269 | INFO | Batch 160 | Loss: 2.1929 | Correct: 36/128 | Elapsed Time: 13.12s
2026-01-29 17:48:45,410 | INFO | Batch 170 | Loss: 1.9892 | Correct: 37/128 | Elapsed Time: 13.14s
2026-01-29 17:48:58,430 | INFO | Batch 180 | Loss: 1.9256 | Correct: 35/128 | Elapsed Time: 13.02s
2026-01-29 17:49:11,647 | INFO | Batch 190 | Loss: 1.9678 | Correct: 42/128 | Elapsed Time: 13.22s
2026-01-29 17:49:24,772 | INFO | Batch 200 | Loss: 1.9892 | Correct: 24/128 | Elapsed Time: 13.12s
2026-01-29 17:49:37,880 | INFO | Batch 210 | Loss: 1.9678 | Correct: 28/128 | Elapsed Time: 13.11s
2026-01-29 17:49:50,932 | INFO | Batch 220 | Loss: 2.0885 | Correct: 32/128 | Elapsed Time: 13.05s
2026-01-29 17:50:04,139 | INFO | Batch 230 | Loss: 2.0218 | Correct: 31/128 | Elapsed Time: 13.21s
2026-01-29 17:50:17,378 | INFO | Batch 240 | Loss: 1.9152 | Correct: 32/128 | Elapsed Time: 13.24s
2026-01-29 17:50:30,585 | INFO | Batch 250 | Loss: 1.8045 | Correct: 40/128 | Elapsed Time: 13.21s
2026-01-29 17:50:43,729 | INFO | Batch 260 | Loss: 1.8946 | Correct: 39/128 | Elapsed Time: 13.14s
2026-01-29 17:50:56,863 | INFO | Batch 270 | Loss: 1.9049 | Correct: 33/128 | Elapsed Time: 13.13s
2026-01-29 17:51:09,955 | INFO | Batch 280 | Loss: 1.7947 | Correct: 39/128 | Elapsed Time: 13.09s
2026-01-29 17:51:23,133 | INFO | Batch 290 | Loss: 1.8241 | Correct: 47/128 | Elapsed Time: 13.18s
2026-01-29 17:51:36,257 | INFO | Batch 300 | Loss: 1.8340 | Correct: 39/128 | Elapsed Time: 13.12s
2026-01-29 17:51:49,300 | INFO | Batch 310 | Loss: 1.8241 | Correct: 39/128 | Elapsed Time: 13.04s
2026-01-29 17:52:02,482 | INFO | Batch 320 | Loss: 1.9256 | Correct: 38/128 | Elapsed Time: 13.18s
2026-01-29 17:52:15,664 | INFO | Batch 330 | Loss: 2.7380 | Correct: 12/128 | Elapsed Time: 13.18s
2026-01-29 17:52:28,819 | INFO | Batch 340 | Loss: 2.4437 | Correct: 14/128 | Elapsed Time: 13.15s
2026-01-29 17:52:41,842 | INFO | Batch 350 | Loss: 2.3528 | Correct: 9/128 | Elapsed Time: 13.02s
2026-01-29 17:52:55,002 | INFO | Batch 360 | Loss: 2.3528 | Correct: 13/128 | Elapsed Time: 13.16s
2026-01-29 17:53:08,242 | INFO | Batch 370 | Loss: 2.3274 | Correct: 18/128 | Elapsed Time: 13.24s
2026-01-29 17:53:21,281 | INFO | Batch 380 | Loss: 2.3024 | Correct: 17/128 | Elapsed Time: 13.04s
2026-01-29 17:53:34,413 | INFO | Batch 390 | Loss: 2.3528 | Correct: 10/128 | Elapsed Time: 13.13s
2026-01-29 17:53:40,791 | INFO | Epoch [1/100] - Loss: 2.4207 | Correct: 11413/50000 (22.83%, 651.23s)
2026-01-29 17:54:30,444 | INFO | Validation - Loss: inf | Correct: 987/10000 (9.87%) (49.65s)
2026-01-29 17:54:30,538 | INFO | New best model saved at epoch 1 with Top1 Acc: 9.87%
2026-01-29 17:54:43,690 | INFO | Batch 10 | Loss: 2.2288 | Correct: 20/128 | Elapsed Time: 13.15s
2026-01-29 17:54:56,806 | INFO | Batch 20 | Loss: 2.2530 | Correct: 24/128 | Elapsed Time: 13.12s
2026-01-29 17:55:09,905 | INFO | Batch 30 | Loss: 2.3401 | Correct: 16/128 | Elapsed Time: 13.10s
2026-01-29 17:55:23,051 | INFO | Batch 40 | Loss: 2.3274 | Correct: 18/128 | Elapsed Time: 13.15s
2026-01-29 17:55:36,175 | INFO | Batch 50 | Loss: 2.3274 | Correct: 23/128 | Elapsed Time: 13.12s
2026-01-29 17:55:49,245 | INFO | Batch 60 | Loss: 2.2776 | Correct: 19/128 | Elapsed Time: 13.07s
2026-01-29 17:56:02,359 | INFO | Batch 70 | Loss: 2.2653 | Correct: 21/128 | Elapsed Time: 13.11s
2026-01-29 17:56:15,619 | INFO | Batch 80 | Loss: 2.2409 | Correct: 18/128 | Elapsed Time: 13.26s
2026-01-29 17:56:28,683 | INFO | Batch 90 | Loss: 2.2653 | Correct: 24/128 | Elapsed Time: 13.06s
2026-01-29 17:56:41,758 | INFO | Batch 100 | Loss: 2.2409 | Correct: 24/128 | Elapsed Time: 13.07s
2026-01-29 17:56:54,845 | INFO | Batch 110 | Loss: 2.2776 | Correct: 21/128 | Elapsed Time: 13.09s
2026-01-29 17:57:07,956 | INFO | Batch 120 | Loss: 2.1692 | Correct: 20/128 | Elapsed Time: 13.11s
2026-01-29 17:57:21,002 | INFO | Batch 130 | Loss: 2.2653 | Correct: 21/128 | Elapsed Time: 13.05s
2026-01-29 17:57:34,045 | INFO | Batch 140 | Loss: 2.2288 | Correct: 26/128 | Elapsed Time: 13.04s
2026-01-29 17:57:47,034 | INFO | Batch 150 | Loss: 2.2288 | Correct: 22/128 | Elapsed Time: 12.99s
2026-01-29 17:57:59,881 | INFO | Batch 160 | Loss: 2.2288 | Correct: 23/128 | Elapsed Time: 12.85s
2026-01-29 17:58:12,895 | INFO | Batch 170 | Loss: 2.2899 | Correct: 21/128 | Elapsed Time: 13.01s
2026-01-29 17:58:25,879 | INFO | Batch 180 | Loss: 2.1810 | Correct: 18/128 | Elapsed Time: 12.98s
2026-01-29 17:58:38,720 | INFO | Batch 190 | Loss: 2.2409 | Correct: 14/128 | Elapsed Time: 12.84s
2026-01-29 17:58:51,671 | INFO | Batch 200 | Loss: 2.2653 | Correct: 17/128 | Elapsed Time: 12.95s
2026-01-29 17:59:04,755 | INFO | Batch 210 | Loss: 2.2530 | Correct: 22/128 | Elapsed Time: 13.08s
2026-01-29 17:59:17,606 | INFO | Batch 220 | Loss: 2.2048 | Correct: 18/128 | Elapsed Time: 12.85s
2026-01-29 17:59:30,588 | INFO | Batch 230 | Loss: 2.2530 | Correct: 20/128 | Elapsed Time: 12.98s
2026-01-29 17:59:43,536 | INFO | Batch 240 | Loss: 2.2048 | Correct: 19/128 | Elapsed Time: 12.95s
2026-01-29 17:59:56,355 | INFO | Batch 250 | Loss: 2.2048 | Correct: 22/128 | Elapsed Time: 12.82s
2026-01-29 18:00:09,362 | INFO | Batch 260 | Loss: 2.2653 | Correct: 13/128 | Elapsed Time: 13.01s
2026-01-29 18:00:22,518 | INFO | Batch 270 | Loss: 2.2653 | Correct: 14/128 | Elapsed Time: 13.16s
2026-01-29 18:00:35,441 | INFO | Batch 280 | Loss: 2.2653 | Correct: 17/128 | Elapsed Time: 12.92s
2026-01-29 18:00:48,372 | INFO | Batch 290 | Loss: 2.2653 | Correct: 15/128 | Elapsed Time: 12.93s
2026-01-29 18:01:01,305 | INFO | Batch 300 | Loss: 2.1929 | Correct: 18/128 | Elapsed Time: 12.93s
2026-01-29 18:01:14,107 | INFO | Batch 310 | Loss: 2.1929 | Correct: 18/128 | Elapsed Time: 12.80s
2026-01-29 18:01:26,910 | INFO | Batch 320 | Loss: 2.1929 | Correct: 26/128 | Elapsed Time: 12.80s
2026-01-29 18:01:39,679 | INFO | Batch 330 | Loss: 2.2409 | Correct: 21/128 | Elapsed Time: 12.77s
2026-01-29 18:01:52,369 | INFO | Batch 340 | Loss: 2.2530 | Correct: 18/128 | Elapsed Time: 12.69s
2026-01-29 18:02:05,211 | INFO | Batch 350 | Loss: 2.1575 | Correct: 21/128 | Elapsed Time: 12.84s
2026-01-29 18:02:17,983 | INFO | Batch 360 | Loss: 2.2288 | Correct: 21/128 | Elapsed Time: 12.77s
2026-01-29 18:02:30,750 | INFO | Batch 370 | Loss: 2.2653 | Correct: 20/128 | Elapsed Time: 12.77s
2026-01-29 18:02:43,384 | INFO | Batch 380 | Loss: 2.1929 | Correct: 24/128 | Elapsed Time: 12.63s
2026-01-29 18:02:56,088 | INFO | Batch 390 | Loss: 2.2899 | Correct: 18/128 | Elapsed Time: 12.70s
2026-01-29 18:02:57,102 | INFO | Epoch [2/100] - Loss: 2.2445 | Correct: 8143/50000 (16.29%, 506.56s)
2026-01-29 18:03:42,320 | INFO | Validation - Loss: 2.3276 | Correct: 1000/10000 (10.00%) (45.22s)
2026-01-29 18:03:42,460 | INFO | New best model saved at epoch 2 with Top1 Acc: 10.00%
2026-01-29 18:03:55,178 | INFO | Batch 10 | Loss: 2.2048 | Correct: 23/128 | Elapsed Time: 12.72s
2026-01-29 18:04:07,940 | INFO | Batch 20 | Loss: 2.1929 | Correct: 21/128 | Elapsed Time: 12.76s
2026-01-29 18:04:20,664 | INFO | Batch 30 | Loss: 2.2409 | Correct: 18/128 | Elapsed Time: 12.72s
2026-01-29 18:04:33,392 | INFO | Batch 40 | Loss: 2.1343 | Correct: 26/128 | Elapsed Time: 12.73s
2026-01-29 18:04:46,032 | INFO | Batch 50 | Loss: 2.2653 | Correct: 15/128 | Elapsed Time: 12.64s
2026-01-29 18:04:58,752 | INFO | Batch 60 | Loss: 2.2409 | Correct: 21/128 | Elapsed Time: 12.72s
2026-01-29 18:05:11,544 | INFO | Batch 70 | Loss: 2.2288 | Correct: 20/128 | Elapsed Time: 12.79s
2026-01-29 18:05:24,116 | INFO | Batch 80 | Loss: 2.2530 | Correct: 16/128 | Elapsed Time: 12.57s
2026-01-29 18:05:36,762 | INFO | Batch 90 | Loss: 2.3149 | Correct: 22/128 | Elapsed Time: 12.65s
2026-01-29 18:05:49,354 | INFO | Batch 100 | Loss: 2.2048 | Correct: 22/128 | Elapsed Time: 12.59s
2026-01-29 18:06:01,787 | INFO | Batch 110 | Loss: 2.1692 | Correct: 29/128 | Elapsed Time: 12.43s
2026-01-29 18:06:14,365 | INFO | Batch 120 | Loss: 2.1929 | Correct: 14/128 | Elapsed Time: 12.58s
2026-01-29 18:06:26,937 | INFO | Batch 130 | Loss: 2.2048 | Correct: 23/128 | Elapsed Time: 12.57s
2026-01-29 18:06:39,496 | INFO | Batch 140 | Loss: 2.1929 | Correct: 22/128 | Elapsed Time: 12.56s
2026-01-29 18:06:51,932 | INFO | Batch 150 | Loss: 2.2288 | Correct: 28/128 | Elapsed Time: 12.44s
2026-01-29 18:07:04,532 | INFO | Batch 160 | Loss: 2.2048 | Correct: 19/128 | Elapsed Time: 12.60s
2026-01-29 18:07:17,082 | INFO | Batch 170 | Loss: 2.1459 | Correct: 23/128 | Elapsed Time: 12.55s
2026-01-29 18:07:29,539 | INFO | Batch 180 | Loss: 2.1929 | Correct: 17/128 | Elapsed Time: 12.46s
2026-01-29 18:07:42,078 | INFO | Batch 190 | Loss: 2.2167 | Correct: 21/128 | Elapsed Time: 12.54s
2026-01-29 18:07:54,622 | INFO | Batch 200 | Loss: 2.2409 | Correct: 21/128 | Elapsed Time: 12.54s
2026-01-29 18:08:07,165 | INFO | Batch 210 | Loss: 2.2167 | Correct: 21/128 | Elapsed Time: 12.54s
2026-01-29 18:08:19,714 | INFO | Batch 220 | Loss: 2.1810 | Correct: 28/128 | Elapsed Time: 12.55s
2026-01-29 18:08:32,253 | INFO | Batch 230 | Loss: 2.1810 | Correct: 27/128 | Elapsed Time: 12.54s
2026-01-29 18:08:44,673 | INFO | Batch 240 | Loss: 2.2288 | Correct: 26/128 | Elapsed Time: 12.42s
2026-01-29 18:08:57,218 | INFO | Batch 250 | Loss: 2.2288 | Correct: 20/128 | Elapsed Time: 12.54s
2026-01-29 18:09:09,819 | INFO | Batch 260 | Loss: 2.2288 | Correct: 20/128 | Elapsed Time: 12.60s
2026-01-29 18:09:22,263 | INFO | Batch 270 | Loss: 2.1575 | Correct: 22/128 | Elapsed Time: 12.44s
2026-01-29 18:09:34,829 | INFO | Batch 280 | Loss: 2.2530 | Correct: 17/128 | Elapsed Time: 12.57s
2026-01-29 18:09:47,393 | INFO | Batch 290 | Loss: 2.1575 | Correct: 24/128 | Elapsed Time: 12.56s
2026-01-29 18:09:59,844 | INFO | Batch 300 | Loss: 2.2048 | Correct: 24/128 | Elapsed Time: 12.45s
2026-01-29 18:10:12,447 | INFO | Batch 310 | Loss: 2.2167 | Correct: 17/128 | Elapsed Time: 12.60s
2026-01-29 18:10:25,668 | INFO | Batch 320 | Loss: 2.2530 | Correct: 24/128 | Elapsed Time: 13.22s
2026-01-29 18:10:38,139 | INFO | Batch 330 | Loss: 2.2048 | Correct: 17/128 | Elapsed Time: 12.47s
2026-01-29 18:10:50,704 | INFO | Batch 340 | Loss: 2.2288 | Correct: 22/128 | Elapsed Time: 12.56s
2026-01-29 18:11:03,295 | INFO | Batch 350 | Loss: 2.2653 | Correct: 21/128 | Elapsed Time: 12.59s
2026-01-29 18:11:15,816 | INFO | Batch 360 | Loss: 2.2167 | Correct: 24/128 | Elapsed Time: 12.52s
2026-01-29 18:11:28,283 | INFO | Batch 370 | Loss: 2.1692 | Correct: 28/128 | Elapsed Time: 12.47s
2026-01-29 18:11:40,834 | INFO | Batch 380 | Loss: 2.2048 | Correct: 22/128 | Elapsed Time: 12.55s
2026-01-29 18:11:53,409 | INFO | Batch 390 | Loss: 2.2048 | Correct: 25/128 | Elapsed Time: 12.57s
2026-01-29 18:11:54,405 | INFO | Epoch [3/100] - Loss: 2.2167 | Correct: 8628/50000 (17.26%, 491.95s)
2026-01-29 18:12:39,031 | INFO | Validation - Loss: 2.3305 | Correct: 1000/10000 (10.00%) (44.62s)
2026-01-29 18:12:51,490 | INFO | Batch 10 | Loss: 2.1810 | Correct: 18/128 | Elapsed Time: 12.46s
2026-01-29 18:13:04,055 | INFO | Batch 20 | Loss: 2.2167 | Correct: 25/128 | Elapsed Time: 12.57s
2026-01-29 18:13:16,560 | INFO | Batch 30 | Loss: 2.2899 | Correct: 23/128 | Elapsed Time: 12.50s
2026-01-29 18:13:28,988 | INFO | Batch 40 | Loss: 2.2167 | Correct: 19/128 | Elapsed Time: 12.43s
2026-01-29 18:13:41,526 | INFO | Batch 50 | Loss: 2.2288 | Correct: 28/128 | Elapsed Time: 12.54s
2026-01-29 18:13:54,103 | INFO | Batch 60 | Loss: 2.2653 | Correct: 17/128 | Elapsed Time: 12.58s
2026-01-29 18:14:06,640 | INFO | Batch 70 | Loss: 2.1228 | Correct: 33/128 | Elapsed Time: 12.54s
2026-01-29 18:14:19,234 | INFO | Batch 80 | Loss: 2.2409 | Correct: 29/128 | Elapsed Time: 12.59s
2026-01-29 18:14:31,809 | INFO | Batch 90 | Loss: 2.2776 | Correct: 17/128 | Elapsed Time: 12.57s
2026-01-29 18:14:44,287 | INFO | Batch 100 | Loss: 2.2048 | Correct: 25/128 | Elapsed Time: 12.48s
2026-01-29 18:14:56,811 | INFO | Batch 110 | Loss: 2.2288 | Correct: 27/128 | Elapsed Time: 12.52s
2026-01-29 18:15:09,432 | INFO | Batch 120 | Loss: 2.1575 | Correct: 25/128 | Elapsed Time: 12.62s
2026-01-29 18:15:21,883 | INFO | Batch 130 | Loss: 2.2048 | Correct: 19/128 | Elapsed Time: 12.45s
2026-01-29 18:15:34,424 | INFO | Batch 140 | Loss: 2.3149 | Correct: 20/128 | Elapsed Time: 12.54s
2026-01-29 18:15:46,993 | INFO | Batch 150 | Loss: 2.2288 | Correct: 23/128 | Elapsed Time: 12.57s
2026-01-29 18:15:59,458 | INFO | Batch 160 | Loss: 2.2409 | Correct: 22/128 | Elapsed Time: 12.47s
2026-01-29 18:16:12,026 | INFO | Batch 170 | Loss: 2.2167 | Correct: 18/128 | Elapsed Time: 12.57s
2026-01-29 18:16:24,586 | INFO | Batch 180 | Loss: 2.2530 | Correct: 19/128 | Elapsed Time: 12.56s
2026-01-29 18:16:37,029 | INFO | Batch 190 | Loss: 2.1692 | Correct: 28/128 | Elapsed Time: 12.44s
2026-01-29 18:16:49,552 | INFO | Batch 200 | Loss: 2.1692 | Correct: 30/128 | Elapsed Time: 12.52s
2026-01-29 18:17:02,123 | INFO | Batch 210 | Loss: 2.2288 | Correct: 22/128 | Elapsed Time: 12.57s
2026-01-29 18:17:14,686 | INFO | Batch 220 | Loss: 2.0773 | Correct: 35/128 | Elapsed Time: 12.56s
2026-01-29 18:17:27,121 | INFO | Batch 230 | Loss: 2.2409 | Correct: 22/128 | Elapsed Time: 12.44s
2026-01-29 18:17:39,667 | INFO | Batch 240 | Loss: 2.1692 | Correct: 32/128 | Elapsed Time: 12.55s
2026-01-29 18:17:52,217 | INFO | Batch 250 | Loss: 2.3149 | Correct: 16/128 | Elapsed Time: 12.55s
2026-01-29 18:18:04,734 | INFO | Batch 260 | Loss: 2.1692 | Correct: 25/128 | Elapsed Time: 12.52s
2026-01-29 18:18:17,270 | INFO | Batch 270 | Loss: 2.1113 | Correct: 30/128 | Elapsed Time: 12.54s
2026-01-29 18:18:29,811 | INFO | Batch 280 | Loss: 2.1575 | Correct: 23/128 | Elapsed Time: 12.54s
2026-01-29 18:18:42,275 | INFO | Batch 290 | Loss: 2.1343 | Correct: 25/128 | Elapsed Time: 12.46s
2026-01-29 18:18:54,833 | INFO | Batch 300 | Loss: 2.1692 | Correct: 24/128 | Elapsed Time: 12.56s
2026-01-29 18:19:07,430 | INFO | Batch 310 | Loss: 2.2530 | Correct: 17/128 | Elapsed Time: 12.60s
2026-01-29 18:19:19,903 | INFO | Batch 320 | Loss: 2.1692 | Correct: 25/128 | Elapsed Time: 12.47s
2026-01-29 18:19:32,466 | INFO | Batch 330 | Loss: 2.2288 | Correct: 18/128 | Elapsed Time: 12.56s
2026-01-29 18:19:45,002 | INFO | Batch 340 | Loss: 2.1575 | Correct: 26/128 | Elapsed Time: 12.54s
2026-01-29 18:19:57,482 | INFO | Batch 350 | Loss: 2.1575 | Correct: 25/128 | Elapsed Time: 12.48s
2026-01-29 18:20:10,132 | INFO | Batch 360 | Loss: 2.2288 | Correct: 24/128 | Elapsed Time: 12.65s
2026-01-29 18:20:22,914 | INFO | Batch 370 | Loss: 2.2048 | Correct: 25/128 | Elapsed Time: 12.78s
2026-01-29 18:20:35,427 | INFO | Batch 380 | Loss: 2.1692 | Correct: 22/128 | Elapsed Time: 12.51s
2026-01-29 18:20:47,978 | INFO | Batch 390 | Loss: 2.2409 | Correct: 22/128 | Elapsed Time: 12.55s
2026-01-29 18:20:48,981 | INFO | Epoch [4/100] - Loss: 2.2088 | Correct: 8865/50000 (17.73%, 489.95s)
2026-01-29 18:21:33,476 | INFO | Validation - Loss: 2.3334 | Correct: 1000/10000 (10.00%) (44.49s)
2026-01-29 18:21:46,028 | INFO | Batch 10 | Loss: 2.1692 | Correct: 19/128 | Elapsed Time: 12.55s
2026-01-29 18:21:58,592 | INFO | Batch 20 | Loss: 2.2409 | Correct: 17/128 | Elapsed Time: 12.56s
2026-01-29 18:22:11,122 | INFO | Batch 30 | Loss: 2.1692 | Correct: 22/128 | Elapsed Time: 12.53s
2026-01-29 18:22:23,706 | INFO | Batch 40 | Loss: 2.2288 | Correct: 18/128 | Elapsed Time: 12.58s
2026-01-29 18:22:36,274 | INFO | Batch 50 | Loss: 2.1343 | Correct: 32/128 | Elapsed Time: 12.57s
2026-01-29 18:22:48,734 | INFO | Batch 60 | Loss: 2.3024 | Correct: 15/128 | Elapsed Time: 12.46s
2026-01-29 18:23:01,277 | INFO | Batch 70 | Loss: 2.1692 | Correct: 24/128 | Elapsed Time: 12.54s
2026-01-29 18:23:13,867 | INFO | Batch 80 | Loss: 2.2409 | Correct: 22/128 | Elapsed Time: 12.59s
2026-01-29 18:23:26,345 | INFO | Batch 90 | Loss: 2.1692 | Correct: 20/128 | Elapsed Time: 12.48s
2026-01-29 18:23:38,878 | INFO | Batch 100 | Loss: 2.2048 | Correct: 26/128 | Elapsed Time: 12.53s
2026-01-29 18:23:51,401 | INFO | Batch 110 | Loss: 2.2653 | Correct: 23/128 | Elapsed Time: 12.52s
2026-01-29 18:24:03,868 | INFO | Batch 120 | Loss: 2.2167 | Correct: 26/128 | Elapsed Time: 12.47s
2026-01-29 18:24:16,425 | INFO | Batch 130 | Loss: 2.1575 | Correct: 26/128 | Elapsed Time: 12.56s
2026-01-29 18:24:29,006 | INFO | Batch 140 | Loss: 2.2167 | Correct: 23/128 | Elapsed Time: 12.58s
2026-01-29 18:24:41,412 | INFO | Batch 150 | Loss: 2.2048 | Correct: 27/128 | Elapsed Time: 12.41s
2026-01-29 18:24:54,011 | INFO | Batch 160 | Loss: 2.2288 | Correct: 13/128 | Elapsed Time: 12.60s
2026-01-29 18:25:06,633 | INFO | Batch 170 | Loss: 2.1929 | Correct: 21/128 | Elapsed Time: 12.62s
2026-01-29 18:25:19,063 | INFO | Batch 180 | Loss: 2.2167 | Correct: 22/128 | Elapsed Time: 12.43s
2026-01-29 18:25:31,623 | INFO | Batch 190 | Loss: 2.2288 | Correct: 21/128 | Elapsed Time: 12.56s
2026-01-29 18:25:44,153 | INFO | Batch 200 | Loss: 2.2048 | Correct: 22/128 | Elapsed Time: 12.53s
2026-01-29 18:25:56,644 | INFO | Batch 210 | Loss: 2.2167 | Correct: 16/128 | Elapsed Time: 12.49s
2026-01-29 18:26:09,237 | INFO | Batch 220 | Loss: 2.2899 | Correct: 19/128 | Elapsed Time: 12.59s
2026-01-29 18:26:21,877 | INFO | Batch 230 | Loss: 2.2288 | Correct: 25/128 | Elapsed Time: 12.64s
2026-01-29 18:26:34,364 | INFO | Batch 240 | Loss: 2.1692 | Correct: 23/128 | Elapsed Time: 12.49s
2026-01-29 18:26:46,936 | INFO | Batch 250 | Loss: 2.2048 | Correct: 25/128 | Elapsed Time: 12.57s
2026-01-29 18:26:59,519 | INFO | Batch 260 | Loss: 2.1575 | Correct: 25/128 | Elapsed Time: 12.58s
2026-01-29 18:27:12,080 | INFO | Batch 270 | Loss: 2.1575 | Correct: 26/128 | Elapsed Time: 12.56s
2026-01-29 18:27:24,644 | INFO | Batch 280 | Loss: 2.2048 | Correct: 22/128 | Elapsed Time: 12.56s
2026-01-29 18:27:37,192 | INFO | Batch 290 | Loss: 2.2653 | Correct: 20/128 | Elapsed Time: 12.55s
2026-01-29 18:27:49,740 | INFO | Batch 300 | Loss: 2.2409 | Correct: 20/128 | Elapsed Time: 12.55s
2026-01-29 18:28:02,202 | INFO | Batch 310 | Loss: 2.2167 | Correct: 17/128 | Elapsed Time: 12.46s
2026-01-29 18:28:14,809 | INFO | Batch 320 | Loss: 2.2653 | Correct: 13/128 | Elapsed Time: 12.61s
2026-01-29 18:28:27,362 | INFO | Batch 330 | Loss: 2.2653 | Correct: 20/128 | Elapsed Time: 12.55s
2026-01-29 18:28:39,823 | INFO | Batch 340 | Loss: 2.1575 | Correct: 30/128 | Elapsed Time: 12.46s
2026-01-29 18:28:52,365 | INFO | Batch 350 | Loss: 2.2048 | Correct: 20/128 | Elapsed Time: 12.54s
2026-01-29 18:29:04,997 | INFO | Batch 360 | Loss: 2.2653 | Correct: 18/128 | Elapsed Time: 12.63s
2026-01-29 18:29:17,431 | INFO | Batch 370 | Loss: 2.1228 | Correct: 33/128 | Elapsed Time: 12.43s
2026-01-29 18:29:29,987 | INFO | Batch 380 | Loss: 2.1692 | Correct: 19/128 | Elapsed Time: 12.56s
2026-01-29 18:29:42,519 | INFO | Batch 390 | Loss: 2.1929 | Correct: 24/128 | Elapsed Time: 12.53s
2026-01-29 18:29:43,510 | INFO | Epoch [5/100] - Loss: 2.2075 | Correct: 8897/50000 (17.79%, 490.03s)
2026-01-29 18:30:28,211 | INFO | Validation - Loss: 2.3280 | Correct: 1000/10000 (10.00%) (44.70s)
2026-01-29 18:30:40,764 | INFO | Batch 10 | Loss: 2.2409 | Correct: 21/128 | Elapsed Time: 12.55s
2026-01-29 18:30:53,201 | INFO | Batch 20 | Loss: 2.1692 | Correct: 22/128 | Elapsed Time: 12.44s
2026-01-29 18:31:05,781 | INFO | Batch 30 | Loss: 2.1929 | Correct: 21/128 | Elapsed Time: 12.58s
2026-01-29 18:31:18,342 | INFO | Batch 40 | Loss: 2.2530 | Correct: 21/128 | Elapsed Time: 12.56s
2026-01-29 18:31:30,793 | INFO | Batch 50 | Loss: 2.1810 | Correct: 21/128 | Elapsed Time: 12.45s
2026-01-29 18:31:43,364 | INFO | Batch 60 | Loss: 2.1459 | Correct: 23/128 | Elapsed Time: 12.57s
2026-01-29 18:31:55,932 | INFO | Batch 70 | Loss: 2.2653 | Correct: 22/128 | Elapsed Time: 12.57s
2026-01-29 18:32:08,452 | INFO | Batch 80 | Loss: 2.2409 | Correct: 20/128 | Elapsed Time: 12.52s
2026-01-29 18:32:20,976 | INFO | Batch 90 | Loss: 2.2288 | Correct: 19/128 | Elapsed Time: 12.52s
2026-01-29 18:32:33,550 | INFO | Batch 100 | Loss: 2.1575 | Correct: 28/128 | Elapsed Time: 12.57s
2026-01-29 18:32:45,998 | INFO | Batch 110 | Loss: 2.2288 | Correct: 19/128 | Elapsed Time: 12.45s
2026-01-29 18:32:58,535 | INFO | Batch 120 | Loss: 2.2530 | Correct: 19/128 | Elapsed Time: 12.54s
2026-01-29 18:33:11,141 | INFO | Batch 130 | Loss: 2.2288 | Correct: 23/128 | Elapsed Time: 12.61s
2026-01-29 18:33:23,595 | INFO | Batch 140 | Loss: 2.1929 | Correct: 24/128 | Elapsed Time: 12.45s
2026-01-29 18:33:36,140 | INFO | Batch 150 | Loss: 2.2048 | Correct: 19/128 | Elapsed Time: 12.54s
2026-01-29 18:33:48,682 | INFO | Batch 160 | Loss: 2.2048 | Correct: 19/128 | Elapsed Time: 12.54s
2026-01-29 18:34:01,123 | INFO | Batch 170 | Loss: 2.2288 | Correct: 21/128 | Elapsed Time: 12.44s
2026-01-29 18:34:13,703 | INFO | Batch 180 | Loss: 2.2288 | Correct: 24/128 | Elapsed Time: 12.58s
2026-01-29 18:34:26,291 | INFO | Batch 190 | Loss: 2.2530 | Correct: 20/128 | Elapsed Time: 12.59s
2026-01-29 18:34:38,755 | INFO | Batch 200 | Loss: 2.2288 | Correct: 21/128 | Elapsed Time: 12.46s
2026-01-29 18:34:51,376 | INFO | Batch 210 | Loss: 2.2288 | Correct: 24/128 | Elapsed Time: 12.62s
2026-01-29 18:35:04,162 | INFO | Batch 220 | Loss: 2.1459 | Correct: 26/128 | Elapsed Time: 12.79s
2026-01-29 18:35:16,633 | INFO | Batch 230 | Loss: 2.2167 | Correct: 30/128 | Elapsed Time: 12.47s
2026-01-29 18:35:29,201 | INFO | Batch 240 | Loss: 2.2530 | Correct: 19/128 | Elapsed Time: 12.57s
2026-01-29 18:35:41,750 | INFO | Batch 250 | Loss: 2.1810 | Correct: 23/128 | Elapsed Time: 12.55s
2026-01-29 18:35:54,276 | INFO | Batch 260 | Loss: 2.2530 | Correct: 18/128 | Elapsed Time: 12.53s
2026-01-29 18:36:06,772 | INFO | Batch 270 | Loss: 2.1575 | Correct: 28/128 | Elapsed Time: 12.50s
2026-01-29 18:36:19,333 | INFO | Batch 280 | Loss: 2.1810 | Correct: 17/128 | Elapsed Time: 12.56s
2026-01-29 18:36:31,885 | INFO | Batch 290 | Loss: 2.1929 | Correct: 21/128 | Elapsed Time: 12.55s
2026-01-29 18:36:44,335 | INFO | Batch 300 | Loss: 2.1343 | Correct: 30/128 | Elapsed Time: 12.45s
2026-01-29 18:36:56,891 | INFO | Batch 310 | Loss: 2.2048 | Correct: 24/128 | Elapsed Time: 12.56s
2026-01-29 18:37:09,518 | INFO | Batch 320 | Loss: 2.1692 | Correct: 25/128 | Elapsed Time: 12.63s
2026-01-29 18:37:21,999 | INFO | Batch 330 | Loss: 2.1810 | Correct: 25/128 | Elapsed Time: 12.48s
2026-01-29 18:37:34,587 | INFO | Batch 340 | Loss: 2.2530 | Correct: 15/128 | Elapsed Time: 12.59s
2026-01-29 18:37:47,159 | INFO | Batch 350 | Loss: 2.2167 | Correct: 20/128 | Elapsed Time: 12.57s
2026-01-29 18:37:59,641 | INFO | Batch 360 | Loss: 2.2409 | Correct: 24/128 | Elapsed Time: 12.48s
2026-01-29 18:38:12,289 | INFO | Batch 370 | Loss: 2.1575 | Correct: 19/128 | Elapsed Time: 12.65s
2026-01-29 18:38:24,886 | INFO | Batch 380 | Loss: 2.1929 | Correct: 24/128 | Elapsed Time: 12.60s
2026-01-29 18:38:37,394 | INFO | Batch 390 | Loss: 2.1692 | Correct: 21/128 | Elapsed Time: 12.51s
2026-01-29 18:38:38,390 | INFO | Epoch [6/100] - Loss: 2.1987 | Correct: 9200/50000 (18.40%, 490.18s)
2026-01-29 18:39:23,106 | INFO | Validation - Loss: 2.3269 | Correct: 1000/10000 (10.00%) (44.71s)
2026-01-29 18:39:35,590 | INFO | Batch 10 | Loss: 2.2048 | Correct: 23/128 | Elapsed Time: 12.48s
2026-01-29 18:39:48,178 | INFO | Batch 20 | Loss: 2.2776 | Correct: 17/128 | Elapsed Time: 12.59s
2026-01-29 18:40:00,743 | INFO | Batch 30 | Loss: 2.2288 | Correct: 26/128 | Elapsed Time: 12.56s
2026-01-29 18:40:13,295 | INFO | Batch 40 | Loss: 2.2409 | Correct: 21/128 | Elapsed Time: 12.55s
2026-01-29 18:40:26,522 | INFO | Batch 50 | Loss: 2.1692 | Correct: 28/128 | Elapsed Time: 13.23s
2026-01-29 18:40:39,077 | INFO | Batch 60 | Loss: 2.2409 | Correct: 19/128 | Elapsed Time: 12.55s
2026-01-29 18:40:51,542 | INFO | Batch 70 | Loss: 2.2409 | Correct: 21/128 | Elapsed Time: 12.47s
2026-01-29 18:41:04,205 | INFO | Batch 80 | Loss: 2.1228 | Correct: 32/128 | Elapsed Time: 12.66s
2026-01-29 18:41:16,795 | INFO | Batch 90 | Loss: 2.2167 | Correct: 27/128 | Elapsed Time: 12.59s
2026-01-29 18:41:29,312 | INFO | Batch 100 | Loss: 2.2167 | Correct: 20/128 | Elapsed Time: 12.52s
2026-01-29 18:41:41,862 | INFO | Batch 110 | Loss: 2.1929 | Correct: 24/128 | Elapsed Time: 12.55s
2026-01-29 18:41:54,442 | INFO | Batch 120 | Loss: 2.2048 | Correct: 26/128 | Elapsed Time: 12.58s
2026-01-29 18:42:07,031 | INFO | Batch 130 | Loss: 2.2288 | Correct: 23/128 | Elapsed Time: 12.59s
2026-01-29 18:42:19,632 | INFO | Batch 140 | Loss: 2.2167 | Correct: 23/128 | Elapsed Time: 12.60s
2026-01-29 18:42:32,179 | INFO | Batch 150 | Loss: 2.2288 | Correct: 27/128 | Elapsed Time: 12.55s
2026-01-29 18:42:44,749 | INFO | Batch 160 | Loss: 2.2899 | Correct: 18/128 | Elapsed Time: 12.57s
2026-01-29 18:42:57,193 | INFO | Batch 170 | Loss: 2.1929 | Correct: 19/128 | Elapsed Time: 12.44s
2026-01-29 18:43:09,820 | INFO | Batch 180 | Loss: 2.1459 | Correct: 21/128 | Elapsed Time: 12.63s
2026-01-29 18:43:22,396 | INFO | Batch 190 | Loss: 2.2167 | Correct: 21/128 | Elapsed Time: 12.58s
2026-01-29 18:43:34,898 | INFO | Batch 200 | Loss: 2.1929 | Correct: 21/128 | Elapsed Time: 12.50s
2026-01-29 18:43:47,467 | INFO | Batch 210 | Loss: 2.1575 | Correct: 23/128 | Elapsed Time: 12.57s
2026-01-29 18:44:00,019 | INFO | Batch 220 | Loss: 2.2048 | Correct: 22/128 | Elapsed Time: 12.55s
2026-01-29 18:44:12,563 | INFO | Batch 230 | Loss: 2.1810 | Correct: 24/128 | Elapsed Time: 12.54s
2026-01-29 18:44:25,153 | INFO | Batch 240 | Loss: 2.1929 | Correct: 24/128 | Elapsed Time: 12.59s
2026-01-29 18:44:37,733 | INFO | Batch 250 | Loss: 2.1929 | Correct: 21/128 | Elapsed Time: 12.58s
2026-01-29 18:44:50,171 | INFO | Batch 260 | Loss: 2.2653 | Correct: 23/128 | Elapsed Time: 12.44s
2026-01-29 18:45:02,772 | INFO | Batch 270 | Loss: 2.2409 | Correct: 16/128 | Elapsed Time: 12.60s
2026-01-29 18:45:15,391 | INFO | Batch 280 | Loss: 2.1343 | Correct: 25/128 | Elapsed Time: 12.62s
2026-01-29 18:45:27,888 | INFO | Batch 290 | Loss: 2.2167 | Correct: 23/128 | Elapsed Time: 12.50s
2026-01-29 18:45:40,466 | INFO | Batch 300 | Loss: 2.1692 | Correct: 22/128 | Elapsed Time: 12.58s
2026-01-29 18:45:53,035 | INFO | Batch 310 | Loss: 2.1929 | Correct: 32/128 | Elapsed Time: 12.57s
2026-01-29 18:46:05,599 | INFO | Batch 320 | Loss: 2.1575 | Correct: 26/128 | Elapsed Time: 12.56s
2026-01-29 18:46:18,175 | INFO | Batch 330 | Loss: 2.1692 | Correct: 28/128 | Elapsed Time: 12.58s
2026-01-29 18:46:30,772 | INFO | Batch 340 | Loss: 2.1810 | Correct: 28/128 | Elapsed Time: 12.60s
2026-01-29 18:46:43,260 | INFO | Batch 350 | Loss: 2.2288 | Correct: 22/128 | Elapsed Time: 12.49s
2026-01-29 18:46:55,796 | INFO | Batch 360 | Loss: 2.1692 | Correct: 21/128 | Elapsed Time: 12.54s
2026-01-29 18:47:08,439 | INFO | Batch 370 | Loss: 2.2048 | Correct: 27/128 | Elapsed Time: 12.64s
2026-01-29 18:47:20,924 | INFO | Batch 380 | Loss: 2.2048 | Correct: 28/128 | Elapsed Time: 12.49s
2026-01-29 18:47:33,518 | INFO | Batch 390 | Loss: 2.1575 | Correct: 33/128 | Elapsed Time: 12.59s
2026-01-29 18:47:34,518 | INFO | Epoch [7/100] - Loss: 2.1959 | Correct: 9246/50000 (18.49%, 491.41s)
2026-01-29 18:48:19,183 | INFO | Validation - Loss: 2.3279 | Correct: 1000/10000 (10.00%) (44.66s)
2026-01-29 18:48:31,743 | INFO | Batch 10 | Loss: 2.1228 | Correct: 27/128 | Elapsed Time: 12.56s
2026-01-29 18:48:44,276 | INFO | Batch 20 | Loss: 2.2167 | Correct: 24/128 | Elapsed Time: 12.53s
2026-01-29 18:48:56,709 | INFO | Batch 30 | Loss: 2.1929 | Correct: 25/128 | Elapsed Time: 12.43s
2026-01-29 18:49:09,375 | INFO | Batch 40 | Loss: 2.1810 | Correct: 26/128 | Elapsed Time: 12.67s
2026-01-29 18:49:21,918 | INFO | Batch 50 | Loss: 2.1343 | Correct: 32/128 | Elapsed Time: 12.54s
2026-01-29 18:49:34,410 | INFO | Batch 60 | Loss: 2.2048 | Correct: 22/128 | Elapsed Time: 12.49s
2026-01-29 18:49:46,992 | INFO | Batch 70 | Loss: 2.0660 | Correct: 35/128 | Elapsed Time: 12.58s
2026-01-29 18:49:59,521 | INFO | Batch 80 | Loss: 2.2530 | Correct: 22/128 | Elapsed Time: 12.53s
2026-01-29 18:50:12,028 | INFO | Batch 90 | Loss: 2.2409 | Correct: 28/128 | Elapsed Time: 12.51s
2026-01-29 18:50:24,870 | INFO | Batch 100 | Loss: 2.1459 | Correct: 35/128 | Elapsed Time: 12.84s
2026-01-29 18:50:37,455 | INFO | Batch 110 | Loss: 2.1575 | Correct: 23/128 | Elapsed Time: 12.58s
2026-01-29 18:50:49,896 | INFO | Batch 120 | Loss: 2.2653 | Correct: 20/128 | Elapsed Time: 12.44s
2026-01-29 18:51:02,440 | INFO | Batch 130 | Loss: 2.1459 | Correct: 27/128 | Elapsed Time: 12.54s
2026-01-29 18:51:14,994 | INFO | Batch 140 | Loss: 2.2048 | Correct: 25/128 | Elapsed Time: 12.55s
2026-01-29 18:51:27,455 | INFO | Batch 150 | Loss: 2.2048 | Correct: 20/128 | Elapsed Time: 12.46s
2026-01-29 18:51:40,010 | INFO | Batch 160 | Loss: 2.1575 | Correct: 24/128 | Elapsed Time: 12.56s
2026-01-29 18:51:52,564 | INFO | Batch 170 | Loss: 2.1459 | Correct: 28/128 | Elapsed Time: 12.55s
2026-01-29 18:52:05,044 | INFO | Batch 180 | Loss: 2.2530 | Correct: 13/128 | Elapsed Time: 12.48s
2026-01-29 18:52:17,577 | INFO | Batch 190 | Loss: 2.1810 | Correct: 26/128 | Elapsed Time: 12.53s
2026-01-29 18:52:30,119 | INFO | Batch 200 | Loss: 2.1929 | Correct: 27/128 | Elapsed Time: 12.54s
2026-01-29 18:52:42,576 | INFO | Batch 210 | Loss: 2.2167 | Correct: 25/128 | Elapsed Time: 12.46s
2026-01-29 18:52:55,140 | INFO | Batch 220 | Loss: 2.2409 | Correct: 22/128 | Elapsed Time: 12.56s
2026-01-29 18:53:07,813 | INFO | Batch 230 | Loss: 2.1113 | Correct: 27/128 | Elapsed Time: 12.67s
2026-01-29 18:53:20,330 | INFO | Batch 240 | Loss: 2.1343 | Correct: 26/128 | Elapsed Time: 12.52s
2026-01-29 18:53:32,765 | INFO | Batch 250 | Loss: 2.1343 | Correct: 26/128 | Elapsed Time: 12.43s
2026-01-29 18:53:45,324 | INFO | Batch 260 | Loss: 2.1692 | Correct: 30/128 | Elapsed Time: 12.56s
2026-01-29 18:53:57,861 | INFO | Batch 270 | Loss: 2.1929 | Correct: 19/128 | Elapsed Time: 12.54s
2026-01-29 18:54:10,397 | INFO | Batch 280 | Loss: 2.1459 | Correct: 26/128 | Elapsed Time: 12.54s
2026-01-29 18:54:22,941 | INFO | Batch 290 | Loss: 2.1575 | Correct: 21/128 | Elapsed Time: 12.54s
2026-01-29 18:54:35,521 | INFO | Batch 300 | Loss: 2.2409 | Correct: 21/128 | Elapsed Time: 12.58s
2026-01-29 18:54:48,003 | INFO | Batch 310 | Loss: 2.2288 | Correct: 19/128 | Elapsed Time: 12.48s
2026-01-29 18:55:00,558 | INFO | Batch 320 | Loss: 2.2899 | Correct: 22/128 | Elapsed Time: 12.55s
2026-01-29 18:55:13,153 | INFO | Batch 330 | Loss: 2.1929 | Correct: 31/128 | Elapsed Time: 12.60s
2026-01-29 18:55:25,651 | INFO | Batch 340 | Loss: 2.2288 | Correct: 24/128 | Elapsed Time: 12.50s
2026-01-29 18:55:38,232 | INFO | Batch 350 | Loss: 2.1343 | Correct: 25/128 | Elapsed Time: 12.58s
2026-01-29 18:55:50,801 | INFO | Batch 360 | Loss: 2.1575 | Correct: 20/128 | Elapsed Time: 12.57s
2026-01-29 18:56:03,320 | INFO | Batch 370 | Loss: 2.2409 | Correct: 23/128 | Elapsed Time: 12.52s
2026-01-29 18:56:15,859 | INFO | Batch 380 | Loss: 2.1810 | Correct: 19/128 | Elapsed Time: 12.54s
2026-01-29 18:56:28,430 | INFO | Batch 390 | Loss: 2.2048 | Correct: 21/128 | Elapsed Time: 12.57s
2026-01-29 18:56:29,422 | INFO | Epoch [8/100] - Loss: 2.1944 | Correct: 9292/50000 (18.58%, 490.24s)
2026-01-29 18:57:13,895 | INFO | Validation - Loss: 2.3308 | Correct: 1000/10000 (10.00%) (44.47s)
2026-01-29 18:57:26,373 | INFO | Batch 10 | Loss: 2.2048 | Correct: 20/128 | Elapsed Time: 12.48s
2026-01-29 18:57:38,930 | INFO | Batch 20 | Loss: 2.2288 | Correct: 20/128 | Elapsed Time: 12.56s
2026-01-29 18:57:51,461 | INFO | Batch 30 | Loss: 2.2167 | Correct: 18/128 | Elapsed Time: 12.53s
2026-01-29 18:58:04,050 | INFO | Batch 40 | Loss: 2.2409 | Correct: 31/128 | Elapsed Time: 12.59s
2026-01-29 18:58:16,498 | INFO | Batch 50 | Loss: 2.2048 | Correct: 25/128 | Elapsed Time: 12.45s
2026-01-29 18:58:29,048 | INFO | Batch 60 | Loss: 2.1692 | Correct: 24/128 | Elapsed Time: 12.55s
2026-01-29 18:58:41,611 | INFO | Batch 70 | Loss: 2.1575 | Correct: 23/128 | Elapsed Time: 12.56s
2026-01-29 18:58:54,080 | INFO | Batch 80 | Loss: 2.1810 | Correct: 23/128 | Elapsed Time: 12.47s
2026-01-29 18:59:06,756 | INFO | Batch 90 | Loss: 2.1575 | Correct: 31/128 | Elapsed Time: 12.68s
2026-01-29 18:59:19,311 | INFO | Batch 100 | Loss: 2.1929 | Correct: 25/128 | Elapsed Time: 12.55s
2026-01-29 18:59:31,786 | INFO | Batch 110 | Loss: 2.1810 | Correct: 28/128 | Elapsed Time: 12.48s
2026-01-29 18:59:44,338 | INFO | Batch 120 | Loss: 2.1929 | Correct: 25/128 | Elapsed Time: 12.55s
2026-01-29 18:59:56,893 | INFO | Batch 130 | Loss: 2.1575 | Correct: 23/128 | Elapsed Time: 12.55s
2026-01-29 19:00:09,413 | INFO | Batch 140 | Loss: 2.2653 | Correct: 22/128 | Elapsed Time: 12.52s
2026-01-29 19:00:22,158 | INFO | Batch 150 | Loss: 2.1575 | Correct: 27/128 | Elapsed Time: 12.74s
2026-01-29 19:00:34,760 | INFO | Batch 160 | Loss: 2.1810 | Correct: 20/128 | Elapsed Time: 12.60s
2026-01-29 19:00:47,256 | INFO | Batch 170 | Loss: 2.1692 | Correct: 32/128 | Elapsed Time: 12.50s
2026-01-29 19:00:59,820 | INFO | Batch 180 | Loss: 2.2776 | Correct: 16/128 | Elapsed Time: 12.56s
2026-01-29 19:01:12,387 | INFO | Batch 190 | Loss: 2.1929 | Correct: 28/128 | Elapsed Time: 12.57s
2026-01-29 19:01:24,867 | INFO | Batch 200 | Loss: 2.1575 | Correct: 21/128 | Elapsed Time: 12.48s
2026-01-29 19:01:37,440 | INFO | Batch 210 | Loss: 2.2167 | Correct: 21/128 | Elapsed Time: 12.57s
2026-01-29 19:01:49,999 | INFO | Batch 220 | Loss: 2.2409 | Correct: 22/128 | Elapsed Time: 12.56s
2026-01-29 19:02:02,462 | INFO | Batch 230 | Loss: 2.2048 | Correct: 19/128 | Elapsed Time: 12.46s
2026-01-29 19:02:15,035 | INFO | Batch 240 | Loss: 2.1228 | Correct: 34/128 | Elapsed Time: 12.57s
2026-01-29 19:02:27,566 | INFO | Batch 250 | Loss: 2.2048 | Correct: 17/128 | Elapsed Time: 12.53s
2026-01-29 19:02:40,023 | INFO | Batch 260 | Loss: 2.2167 | Correct: 21/128 | Elapsed Time: 12.46s
2026-01-29 19:02:52,563 | INFO | Batch 270 | Loss: 2.2288 | Correct: 18/128 | Elapsed Time: 12.54s
2026-01-29 19:03:05,200 | INFO | Batch 280 | Loss: 2.2167 | Correct: 27/128 | Elapsed Time: 12.64s
2026-01-29 19:03:17,686 | INFO | Batch 290 | Loss: 2.2167 | Correct: 19/128 | Elapsed Time: 12.49s
2026-01-29 19:03:30,213 | INFO | Batch 300 | Loss: 2.1459 | Correct: 17/128 | Elapsed Time: 12.53s
2026-01-29 19:03:42,768 | INFO | Batch 310 | Loss: 2.1692 | Correct: 28/128 | Elapsed Time: 12.56s
2026-01-29 19:03:55,302 | INFO | Batch 320 | Loss: 2.1692 | Correct: 33/128 | Elapsed Time: 12.53s
2026-01-29 19:04:07,841 | INFO | Batch 330 | Loss: 2.1810 | Correct: 26/128 | Elapsed Time: 12.54s
2026-01-29 19:04:20,392 | INFO | Batch 340 | Loss: 2.2288 | Correct: 26/128 | Elapsed Time: 12.55s
2026-01-29 19:04:32,942 | INFO | Batch 350 | Loss: 2.2288 | Correct: 28/128 | Elapsed Time: 12.55s
2026-01-29 19:04:45,411 | INFO | Batch 360 | Loss: 2.2653 | Correct: 20/128 | Elapsed Time: 12.47s
2026-01-29 19:04:57,991 | INFO | Batch 370 | Loss: 2.1692 | Correct: 26/128 | Elapsed Time: 12.58s
2026-01-29 19:05:10,574 | INFO | Batch 380 | Loss: 2.1810 | Correct: 37/128 | Elapsed Time: 12.58s
2026-01-29 19:05:23,006 | INFO | Batch 390 | Loss: 2.1810 | Correct: 26/128 | Elapsed Time: 12.43s
2026-01-29 19:05:24,011 | INFO | Epoch [9/100] - Loss: 2.1924 | Correct: 9346/50000 (18.69%, 490.12s)
2026-01-29 19:06:08,461 | INFO | Validation - Loss: 2.3241 | Correct: 1000/10000 (10.00%) (44.45s)
2026-01-29 19:06:20,996 | INFO | Batch 10 | Loss: 2.1343 | Correct: 30/128 | Elapsed Time: 12.53s
2026-01-29 19:06:33,568 | INFO | Batch 20 | Loss: 2.1459 | Correct: 27/128 | Elapsed Time: 12.57s
2026-01-29 19:06:46,018 | INFO | Batch 30 | Loss: 2.2048 | Correct: 21/128 | Elapsed Time: 12.45s
2026-01-29 19:06:58,548 | INFO | Batch 40 | Loss: 2.1459 | Correct: 26/128 | Elapsed Time: 12.53s
2026-01-29 19:07:11,161 | INFO | Batch 50 | Loss: 2.2048 | Correct: 25/128 | Elapsed Time: 12.61s
2026-01-29 19:07:23,725 | INFO | Batch 60 | Loss: 2.2167 | Correct: 24/128 | Elapsed Time: 12.56s
2026-01-29 19:07:36,194 | INFO | Batch 70 | Loss: 2.2409 | Correct: 24/128 | Elapsed Time: 12.47s
2026-01-29 19:07:48,730 | INFO | Batch 80 | Loss: 2.1575 | Correct: 22/128 | Elapsed Time: 12.54s
2026-01-29 19:08:01,278 | INFO | Batch 90 | Loss: 2.2409 | Correct: 26/128 | Elapsed Time: 12.55s
2026-01-29 19:08:13,781 | INFO | Batch 100 | Loss: 2.1113 | Correct: 31/128 | Elapsed Time: 12.50s
2026-01-29 19:08:26,311 | INFO | Batch 110 | Loss: 2.2409 | Correct: 20/128 | Elapsed Time: 12.53s
2026-01-29 19:08:38,851 | INFO | Batch 120 | Loss: 2.1810 | Correct: 25/128 | Elapsed Time: 12.54s
2026-01-29 19:08:51,289 | INFO | Batch 130 | Loss: 2.2530 | Correct: 22/128 | Elapsed Time: 12.44s
2026-01-29 19:09:03,886 | INFO | Batch 140 | Loss: 2.1810 | Correct: 26/128 | Elapsed Time: 12.60s
2026-01-29 19:09:16,446 | INFO | Batch 150 | Loss: 2.1810 | Correct: 25/128 | Elapsed Time: 12.56s
2026-01-29 19:09:28,900 | INFO | Batch 160 | Loss: 2.2167 | Correct: 22/128 | Elapsed Time: 12.45s
2026-01-29 19:09:41,474 | INFO | Batch 170 | Loss: 2.1459 | Correct: 29/128 | Elapsed Time: 12.57s
2026-01-29 19:09:53,988 | INFO | Batch 180 | Loss: 2.2048 | Correct: 17/128 | Elapsed Time: 12.51s
2026-01-29 19:10:06,522 | INFO | Batch 190 | Loss: 2.2048 | Correct: 26/128 | Elapsed Time: 12.53s
2026-01-29 19:10:19,645 | INFO | Batch 200 | Loss: 2.2288 | Correct: 21/128 | Elapsed Time: 13.12s
2026-01-29 19:10:32,258 | INFO | Batch 210 | Loss: 2.1929 | Correct: 24/128 | Elapsed Time: 12.61s
2026-01-29 19:10:44,710 | INFO | Batch 220 | Loss: 2.1929 | Correct: 25/128 | Elapsed Time: 12.45s
2026-01-29 19:10:57,276 | INFO | Batch 230 | Loss: 2.1459 | Correct: 38/128 | Elapsed Time: 12.57s
2026-01-29 19:11:09,918 | INFO | Batch 240 | Loss: 2.1810 | Correct: 31/128 | Elapsed Time: 12.64s
2026-01-29 19:11:22,361 | INFO | Batch 250 | Loss: 2.1810 | Correct: 25/128 | Elapsed Time: 12.44s
2026-01-29 19:11:34,913 | INFO | Batch 260 | Loss: 2.1810 | Correct: 27/128 | Elapsed Time: 12.55s
2026-01-29 19:11:47,453 | INFO | Batch 270 | Loss: 2.1692 | Correct: 21/128 | Elapsed Time: 12.54s
2026-01-29 19:12:00,012 | INFO | Batch 280 | Loss: 2.2899 | Correct: 19/128 | Elapsed Time: 12.56s
2026-01-29 19:12:12,565 | INFO | Batch 290 | Loss: 2.2167 | Correct: 19/128 | Elapsed Time: 12.55s
2026-01-29 19:12:25,075 | INFO | Batch 300 | Loss: 2.1692 | Correct: 30/128 | Elapsed Time: 12.51s
2026-01-29 19:12:37,648 | INFO | Batch 310 | Loss: 2.2048 | Correct: 25/128 | Elapsed Time: 12.57s
2026-01-29 19:12:50,131 | INFO | Batch 320 | Loss: 2.2048 | Correct: 27/128 | Elapsed Time: 12.48s
2026-01-29 19:13:02,735 | INFO | Batch 330 | Loss: 2.2288 | Correct: 18/128 | Elapsed Time: 12.60s
2026-01-29 19:13:15,355 | INFO | Batch 340 | Loss: 2.3024 | Correct: 21/128 | Elapsed Time: 12.62s
2026-01-29 19:13:27,826 | INFO | Batch 350 | Loss: 2.1810 | Correct: 31/128 | Elapsed Time: 12.47s
2026-01-29 19:13:40,354 | INFO | Batch 360 | Loss: 2.1692 | Correct: 21/128 | Elapsed Time: 12.53s
2026-01-29 19:13:52,857 | INFO | Batch 370 | Loss: 2.1929 | Correct: 20/128 | Elapsed Time: 12.50s
2026-01-29 19:14:05,361 | INFO | Batch 380 | Loss: 2.1692 | Correct: 20/128 | Elapsed Time: 12.50s
2026-01-29 19:14:17,920 | INFO | Batch 390 | Loss: 2.1692 | Correct: 28/128 | Elapsed Time: 12.56s
2026-01-29 19:14:18,912 | INFO | Epoch [10/100] - Loss: 2.1917 | Correct: 9324/50000 (18.65%, 490.45s)
2026-01-29 19:15:03,362 | INFO | Validation - Loss: 2.3270 | Correct: 1000/10000 (10.00%) (44.45s)
2026-01-29 19:15:15,909 | INFO | Batch 10 | Loss: 2.2776 | Correct: 20/128 | Elapsed Time: 12.55s
2026-01-29 19:15:28,356 | INFO | Batch 20 | Loss: 2.1929 | Correct: 26/128 | Elapsed Time: 12.45s
2026-01-29 19:15:40,896 | INFO | Batch 30 | Loss: 2.1810 | Correct: 31/128 | Elapsed Time: 12.54s
2026-01-29 19:15:53,440 | INFO | Batch 40 | Loss: 2.2048 | Correct: 25/128 | Elapsed Time: 12.54s
2026-01-29 19:16:05,926 | INFO | Batch 50 | Loss: 2.1575 | Correct: 24/128 | Elapsed Time: 12.49s
2026-01-29 19:16:18,463 | INFO | Batch 60 | Loss: 2.2530 | Correct: 22/128 | Elapsed Time: 12.54s
2026-01-29 19:16:31,007 | INFO | Batch 70 | Loss: 2.1459 | Correct: 21/128 | Elapsed Time: 12.54s
2026-01-29 19:16:43,475 | INFO | Batch 80 | Loss: 2.1575 | Correct: 21/128 | Elapsed Time: 12.47s
2026-01-29 19:16:56,028 | INFO | Batch 90 | Loss: 2.2288 | Correct: 25/128 | Elapsed Time: 12.55s
2026-01-29 19:17:08,662 | INFO | Batch 100 | Loss: 2.1929 | Correct: 28/128 | Elapsed Time: 12.63s
2026-01-29 19:17:21,181 | INFO | Batch 110 | Loss: 2.2530 | Correct: 16/128 | Elapsed Time: 12.52s
2026-01-29 19:17:33,623 | INFO | Batch 120 | Loss: 1.9892 | Correct: 38/128 | Elapsed Time: 12.44s
2026-01-29 19:17:46,149 | INFO | Batch 130 | Loss: 2.0999 | Correct: 25/128 | Elapsed Time: 12.53s
2026-01-29 19:17:58,670 | INFO | Batch 140 | Loss: 2.1810 | Correct: 29/128 | Elapsed Time: 12.52s
2026-01-29 19:18:11,164 | INFO | Batch 150 | Loss: 2.1810 | Correct: 23/128 | Elapsed Time: 12.49s
2026-01-29 19:18:23,707 | INFO | Batch 160 | Loss: 2.1929 | Correct: 23/128 | Elapsed Time: 12.54s
2026-01-29 19:18:36,250 | INFO | Batch 170 | Loss: 2.0999 | Correct: 33/128 | Elapsed Time: 12.54s
2026-01-29 19:18:48,667 | INFO | Batch 180 | Loss: 2.3024 | Correct: 17/128 | Elapsed Time: 12.42s
2026-01-29 19:19:01,216 | INFO | Batch 190 | Loss: 2.2776 | Correct: 19/128 | Elapsed Time: 12.55s
2026-01-29 19:19:13,793 | INFO | Batch 200 | Loss: 2.2167 | Correct: 20/128 | Elapsed Time: 12.58s
2026-01-29 19:19:26,244 | INFO | Batch 210 | Loss: 2.1459 | Correct: 27/128 | Elapsed Time: 12.45s
2026-01-29 19:19:38,760 | INFO | Batch 220 | Loss: 2.2288 | Correct: 17/128 | Elapsed Time: 12.52s
2026-01-29 19:19:51,311 | INFO | Batch 230 | Loss: 2.1692 | Correct: 28/128 | Elapsed Time: 12.55s
2026-01-29 19:20:03,838 | INFO | Batch 240 | Loss: 2.2288 | Correct: 27/128 | Elapsed Time: 12.53s
2026-01-29 19:20:16,468 | INFO | Batch 250 | Loss: 2.1810 | Correct: 33/128 | Elapsed Time: 12.63s
2026-01-29 19:20:29,192 | INFO | Batch 260 | Loss: 2.2530 | Correct: 22/128 | Elapsed Time: 12.72s
2026-01-29 19:20:41,660 | INFO | Batch 270 | Loss: 2.1929 | Correct: 26/128 | Elapsed Time: 12.47s
2026-01-29 19:20:54,206 | INFO | Batch 280 | Loss: 2.1113 | Correct: 31/128 | Elapsed Time: 12.55s
2026-01-29 19:21:06,806 | INFO | Batch 290 | Loss: 2.1692 | Correct: 26/128 | Elapsed Time: 12.60s
2026-01-29 19:21:19,231 | INFO | Batch 300 | Loss: 2.1228 | Correct: 23/128 | Elapsed Time: 12.42s
2026-01-29 19:21:31,774 | INFO | Batch 310 | Loss: 2.2167 | Correct: 24/128 | Elapsed Time: 12.54s
2026-01-29 19:21:44,334 | INFO | Batch 320 | Loss: 2.1228 | Correct: 33/128 | Elapsed Time: 12.56s
2026-01-29 19:21:56,861 | INFO | Batch 330 | Loss: 2.1575 | Correct: 29/128 | Elapsed Time: 12.53s
2026-01-29 19:22:09,378 | INFO | Batch 340 | Loss: 2.1459 | Correct: 26/128 | Elapsed Time: 12.52s
2026-01-29 19:22:21,956 | INFO | Batch 350 | Loss: 2.1810 | Correct: 21/128 | Elapsed Time: 12.58s
2026-01-29 19:22:34,513 | INFO | Batch 360 | Loss: 2.2530 | Correct: 19/128 | Elapsed Time: 12.56s
2026-01-29 19:22:46,949 | INFO | Batch 370 | Loss: 2.2048 | Correct: 20/128 | Elapsed Time: 12.44s
2026-01-29 19:22:59,490 | INFO | Batch 380 | Loss: 2.2653 | Correct: 17/128 | Elapsed Time: 12.54s
2026-01-29 19:23:12,052 | INFO | Batch 390 | Loss: 2.1692 | Correct: 24/128 | Elapsed Time: 12.56s
2026-01-29 19:23:13,048 | INFO | Epoch [11/100] - Loss: 2.1904 | Correct: 9357/50000 (18.71%, 489.69s)
2026-01-29 19:23:57,619 | INFO | Validation - Loss: 2.3243 | Correct: 1000/10000 (10.00%) (44.57s)
2026-01-29 19:24:10,171 | INFO | Batch 10 | Loss: 2.1575 | Correct: 24/128 | Elapsed Time: 12.55s
2026-01-29 19:24:22,747 | INFO | Batch 20 | Loss: 2.2048 | Correct: 22/128 | Elapsed Time: 12.58s
2026-01-29 19:24:35,320 | INFO | Batch 30 | Loss: 2.1929 | Correct: 23/128 | Elapsed Time: 12.57s
2026-01-29 19:24:47,782 | INFO | Batch 40 | Loss: 2.2653 | Correct: 21/128 | Elapsed Time: 12.46s
2026-01-29 19:25:00,316 | INFO | Batch 50 | Loss: 2.1692 | Correct: 25/128 | Elapsed Time: 12.53s
2026-01-29 19:25:12,992 | INFO | Batch 60 | Loss: 2.2048 | Correct: 25/128 | Elapsed Time: 12.68s
2026-01-29 19:25:25,452 | INFO | Batch 70 | Loss: 2.1929 | Correct: 22/128 | Elapsed Time: 12.46s
2026-01-29 19:25:38,005 | INFO | Batch 80 | Loss: 2.1692 | Correct: 27/128 | Elapsed Time: 12.55s
2026-01-29 19:25:50,538 | INFO | Batch 90 | Loss: 2.1810 | Correct: 32/128 | Elapsed Time: 12.53s
2026-01-29 19:26:03,029 | INFO | Batch 100 | Loss: 2.2167 | Correct: 11/128 | Elapsed Time: 12.49s
2026-01-29 19:26:15,608 | INFO | Batch 110 | Loss: 2.0999 | Correct: 28/128 | Elapsed Time: 12.58s
2026-01-29 19:26:28,168 | INFO | Batch 120 | Loss: 2.1343 | Correct: 22/128 | Elapsed Time: 12.56s
2026-01-29 19:26:40,628 | INFO | Batch 130 | Loss: 2.1929 | Correct: 23/128 | Elapsed Time: 12.46s
2026-01-29 19:26:53,269 | INFO | Batch 140 | Loss: 2.1692 | Correct: 23/128 | Elapsed Time: 12.64s
2026-01-29 19:27:05,874 | INFO | Batch 150 | Loss: 2.2409 | Correct: 15/128 | Elapsed Time: 12.60s
2026-01-29 19:27:18,335 | INFO | Batch 160 | Loss: 2.1459 | Correct: 25/128 | Elapsed Time: 12.46s
2026-01-29 19:27:30,900 | INFO | Batch 170 | Loss: 2.2048 | Correct: 25/128 | Elapsed Time: 12.57s
2026-01-29 19:27:43,461 | INFO | Batch 180 | Loss: 2.2530 | Correct: 17/128 | Elapsed Time: 12.56s
2026-01-29 19:27:55,902 | INFO | Batch 190 | Loss: 2.2653 | Correct: 26/128 | Elapsed Time: 12.44s
2026-01-29 19:28:08,537 | INFO | Batch 200 | Loss: 2.1810 | Correct: 24/128 | Elapsed Time: 12.64s
2026-01-29 19:28:21,092 | INFO | Batch 210 | Loss: 2.1113 | Correct: 28/128 | Elapsed Time: 12.55s
2026-01-29 19:28:33,658 | INFO | Batch 220 | Loss: 2.1810 | Correct: 18/128 | Elapsed Time: 12.57s
2026-01-29 19:28:46,072 | INFO | Batch 230 | Loss: 2.2409 | Correct: 19/128 | Elapsed Time: 12.41s
2026-01-29 19:28:58,598 | INFO | Batch 240 | Loss: 2.2048 | Correct: 24/128 | Elapsed Time: 12.53s
2026-01-29 19:29:11,206 | INFO | Batch 250 | Loss: 2.2288 | Correct: 27/128 | Elapsed Time: 12.61s
2026-01-29 19:29:23,629 | INFO | Batch 260 | Loss: 2.1459 | Correct: 29/128 | Elapsed Time: 12.42s
2026-01-29 19:29:36,162 | INFO | Batch 270 | Loss: 2.2288 | Correct: 26/128 | Elapsed Time: 12.53s
2026-01-29 19:29:48,674 | INFO | Batch 280 | Loss: 2.1575 | Correct: 25/128 | Elapsed Time: 12.51s
2026-01-29 19:30:01,122 | INFO | Batch 290 | Loss: 2.1692 | Correct: 26/128 | Elapsed Time: 12.45s
2026-01-29 19:30:13,808 | INFO | Batch 300 | Loss: 2.0999 | Correct: 31/128 | Elapsed Time: 12.69s
2026-01-29 19:30:26,562 | INFO | Batch 310 | Loss: 2.2167 | Correct: 19/128 | Elapsed Time: 12.75s
2026-01-29 19:30:39,027 | INFO | Batch 320 | Loss: 2.1343 | Correct: 31/128 | Elapsed Time: 12.47s
2026-01-29 19:30:51,566 | INFO | Batch 330 | Loss: 2.3024 | Correct: 17/128 | Elapsed Time: 12.54s
2026-01-29 19:31:04,130 | INFO | Batch 340 | Loss: 2.1810 | Correct: 22/128 | Elapsed Time: 12.56s
2026-01-29 19:31:16,603 | INFO | Batch 350 | Loss: 2.1810 | Correct: 23/128 | Elapsed Time: 12.47s
2026-01-29 19:31:29,151 | INFO | Batch 360 | Loss: 2.2409 | Correct: 21/128 | Elapsed Time: 12.55s
2026-01-29 19:31:41,679 | INFO | Batch 370 | Loss: 2.2048 | Correct: 23/128 | Elapsed Time: 12.53s
2026-01-29 19:31:54,136 | INFO | Batch 380 | Loss: 2.1459 | Correct: 33/128 | Elapsed Time: 12.46s
2026-01-29 19:32:06,713 | INFO | Batch 390 | Loss: 2.1810 | Correct: 20/128 | Elapsed Time: 12.58s
2026-01-29 19:32:07,704 | INFO | Epoch [12/100] - Loss: 2.1862 | Correct: 9499/50000 (19.00%, 490.08s)
2026-01-29 19:32:52,322 | INFO | Validation - Loss: 2.3241 | Correct: 1000/10000 (10.00%) (44.62s)
2026-01-29 19:33:04,944 | INFO | Batch 10 | Loss: 2.1929 | Correct: 23/128 | Elapsed Time: 12.62s
2026-01-29 19:33:17,465 | INFO | Batch 20 | Loss: 2.2167 | Correct: 20/128 | Elapsed Time: 12.52s
2026-01-29 19:33:29,933 | INFO | Batch 30 | Loss: 2.1810 | Correct: 23/128 | Elapsed Time: 12.47s
2026-01-29 19:33:42,516 | INFO | Batch 40 | Loss: 2.1228 | Correct: 25/128 | Elapsed Time: 12.58s
2026-01-29 19:33:55,035 | INFO | Batch 50 | Loss: 2.1459 | Correct: 21/128 | Elapsed Time: 12.52s
2026-01-29 19:34:07,572 | INFO | Batch 60 | Loss: 2.1810 | Correct: 25/128 | Elapsed Time: 12.54s
2026-01-29 19:34:20,148 | INFO | Batch 70 | Loss: 2.2776 | Correct: 14/128 | Elapsed Time: 12.58s
2026-01-29 19:34:32,724 | INFO | Batch 80 | Loss: 2.2530 | Correct: 26/128 | Elapsed Time: 12.58s
2026-01-29 19:34:45,185 | INFO | Batch 90 | Loss: 2.1575 | Correct: 30/128 | Elapsed Time: 12.46s
2026-01-29 19:34:57,708 | INFO | Batch 100 | Loss: 2.1343 | Correct: 28/128 | Elapsed Time: 12.52s
2026-01-29 19:35:10,353 | INFO | Batch 110 | Loss: 2.1810 | Correct: 27/128 | Elapsed Time: 12.65s
2026-01-29 19:35:22,812 | INFO | Batch 120 | Loss: 2.2167 | Correct: 19/128 | Elapsed Time: 12.46s
2026-01-29 19:35:35,381 | INFO | Batch 130 | Loss: 2.1459 | Correct: 32/128 | Elapsed Time: 12.57s
2026-01-29 19:35:47,924 | INFO | Batch 140 | Loss: 2.1810 | Correct: 21/128 | Elapsed Time: 12.54s
2026-01-29 19:36:00,350 | INFO | Batch 150 | Loss: 2.1459 | Correct: 20/128 | Elapsed Time: 12.43s
2026-01-29 19:36:13,011 | INFO | Batch 160 | Loss: 2.2048 | Correct: 27/128 | Elapsed Time: 12.66s
2026-01-29 19:36:25,557 | INFO | Batch 170 | Loss: 2.1692 | Correct: 35/128 | Elapsed Time: 12.55s
2026-01-29 19:36:38,036 | INFO | Batch 180 | Loss: 2.2167 | Correct: 26/128 | Elapsed Time: 12.48s
2026-01-29 19:36:50,596 | INFO | Batch 190 | Loss: 2.2409 | Correct: 19/128 | Elapsed Time: 12.56s
2026-01-29 19:37:03,266 | INFO | Batch 200 | Loss: 2.1459 | Correct: 22/128 | Elapsed Time: 12.67s
2026-01-29 19:37:15,727 | INFO | Batch 210 | Loss: 2.1810 | Correct: 25/128 | Elapsed Time: 12.46s
2026-01-29 19:37:28,223 | INFO | Batch 220 | Loss: 2.1929 | Correct: 25/128 | Elapsed Time: 12.50s
2026-01-29 19:37:40,761 | INFO | Batch 230 | Loss: 2.1228 | Correct: 30/128 | Elapsed Time: 12.54s
2026-01-29 19:37:53,206 | INFO | Batch 240 | Loss: 2.2048 | Correct: 20/128 | Elapsed Time: 12.44s
2026-01-29 19:38:05,788 | INFO | Batch 250 | Loss: 2.2288 | Correct: 23/128 | Elapsed Time: 12.58s
2026-01-29 19:38:18,381 | INFO | Batch 260 | Loss: 2.1575 | Correct: 25/128 | Elapsed Time: 12.59s
2026-01-29 19:38:30,856 | INFO | Batch 270 | Loss: 2.2288 | Correct: 26/128 | Elapsed Time: 12.48s
2026-01-29 19:38:43,402 | INFO | Batch 280 | Loss: 2.2048 | Correct: 22/128 | Elapsed Time: 12.55s
2026-01-29 19:38:55,938 | INFO | Batch 290 | Loss: 2.2530 | Correct: 25/128 | Elapsed Time: 12.54s
2026-01-29 19:39:08,560 | INFO | Batch 300 | Loss: 2.1228 | Correct: 37/128 | Elapsed Time: 12.62s
2026-01-29 19:39:21,033 | INFO | Batch 310 | Loss: 2.2048 | Correct: 23/128 | Elapsed Time: 12.47s
2026-01-29 19:39:33,599 | INFO | Batch 320 | Loss: 2.1692 | Correct: 30/128 | Elapsed Time: 12.57s
2026-01-29 19:39:46,163 | INFO | Batch 330 | Loss: 2.0660 | Correct: 33/128 | Elapsed Time: 12.56s
2026-01-29 19:39:58,585 | INFO | Batch 340 | Loss: 2.1692 | Correct: 26/128 | Elapsed Time: 12.42s
2026-01-29 19:40:11,260 | INFO | Batch 350 | Loss: 2.1343 | Correct: 28/128 | Elapsed Time: 12.67s
2026-01-29 19:40:24,485 | INFO | Batch 360 | Loss: 2.2048 | Correct: 27/128 | Elapsed Time: 13.22s
2026-01-29 19:40:36,933 | INFO | Batch 370 | Loss: 2.2167 | Correct: 23/128 | Elapsed Time: 12.45s
2026-01-29 19:40:49,476 | INFO | Batch 380 | Loss: 2.1810 | Correct: 22/128 | Elapsed Time: 12.54s
2026-01-29 19:41:02,009 | INFO | Batch 390 | Loss: 2.1929 | Correct: 21/128 | Elapsed Time: 12.53s
2026-01-29 19:41:03,029 | INFO | Epoch [13/100] - Loss: 2.1854 | Correct: 9533/50000 (19.07%, 490.71s)
2026-01-29 19:41:47,655 | INFO | Validation - Loss: 2.3311 | Correct: 1000/10000 (10.00%) (44.62s)
2026-01-29 19:42:00,218 | INFO | Batch 10 | Loss: 2.2048 | Correct: 24/128 | Elapsed Time: 12.56s
2026-01-29 19:42:12,817 | INFO | Batch 20 | Loss: 2.1810 | Correct: 24/128 | Elapsed Time: 12.60s
2026-01-29 19:42:25,392 | INFO | Batch 30 | Loss: 2.2288 | Correct: 19/128 | Elapsed Time: 12.58s
2026-01-29 19:42:37,980 | INFO | Batch 40 | Loss: 2.1929 | Correct: 24/128 | Elapsed Time: 12.59s
2026-01-29 19:42:50,450 | INFO | Batch 50 | Loss: 2.1343 | Correct: 31/128 | Elapsed Time: 12.47s
2026-01-29 19:43:03,047 | INFO | Batch 60 | Loss: 2.2048 | Correct: 30/128 | Elapsed Time: 12.60s
2026-01-29 19:43:15,626 | INFO | Batch 70 | Loss: 2.1228 | Correct: 31/128 | Elapsed Time: 12.58s
2026-01-29 19:43:28,114 | INFO | Batch 80 | Loss: 2.1810 | Correct: 25/128 | Elapsed Time: 12.49s
2026-01-29 19:43:40,730 | INFO | Batch 90 | Loss: 2.2048 | Correct: 22/128 | Elapsed Time: 12.62s
2026-01-29 19:43:53,336 | INFO | Batch 100 | Loss: 2.1692 | Correct: 21/128 | Elapsed Time: 12.61s
2026-01-29 19:44:05,906 | INFO | Batch 110 | Loss: 2.1692 | Correct: 21/128 | Elapsed Time: 12.57s
2026-01-29 19:44:18,464 | INFO | Batch 120 | Loss: 2.2288 | Correct: 23/128 | Elapsed Time: 12.56s
2026-01-29 19:44:31,034 | INFO | Batch 130 | Loss: 2.2409 | Correct: 18/128 | Elapsed Time: 12.57s
2026-01-29 19:44:43,495 | INFO | Batch 140 | Loss: 2.2288 | Correct: 28/128 | Elapsed Time: 12.46s
2026-01-29 19:44:56,046 | INFO | Batch 150 | Loss: 2.1113 | Correct: 34/128 | Elapsed Time: 12.55s
2026-01-29 19:45:08,630 | INFO | Batch 160 | Loss: 2.1692 | Correct: 25/128 | Elapsed Time: 12.58s
2026-01-29 19:45:21,066 | INFO | Batch 170 | Loss: 2.1692 | Correct: 27/128 | Elapsed Time: 12.44s
2026-01-29 19:45:33,640 | INFO | Batch 180 | Loss: 2.1459 | Correct: 23/128 | Elapsed Time: 12.57s
2026-01-29 19:45:46,162 | INFO | Batch 190 | Loss: 2.2409 | Correct: 29/128 | Elapsed Time: 12.52s
2026-01-29 19:45:58,648 | INFO | Batch 200 | Loss: 2.1228 | Correct: 24/128 | Elapsed Time: 12.49s
2026-01-29 19:46:11,287 | INFO | Batch 210 | Loss: 2.1692 | Correct: 27/128 | Elapsed Time: 12.64s
2026-01-29 19:46:23,833 | INFO | Batch 220 | Loss: 2.2167 | Correct: 17/128 | Elapsed Time: 12.55s
2026-01-29 19:46:36,334 | INFO | Batch 230 | Loss: 2.1228 | Correct: 28/128 | Elapsed Time: 12.50s
2026-01-29 19:46:48,908 | INFO | Batch 240 | Loss: 2.2776 | Correct: 21/128 | Elapsed Time: 12.57s
2026-01-29 19:47:01,486 | INFO | Batch 250 | Loss: 2.1692 | Correct: 27/128 | Elapsed Time: 12.58s
2026-01-29 19:47:14,067 | INFO | Batch 260 | Loss: 2.1343 | Correct: 22/128 | Elapsed Time: 12.58s
2026-01-29 19:47:26,554 | INFO | Batch 270 | Loss: 2.2167 | Correct: 21/128 | Elapsed Time: 12.49s
2026-01-29 19:47:39,132 | INFO | Batch 280 | Loss: 2.2530 | Correct: 23/128 | Elapsed Time: 12.58s
2026-01-29 19:47:51,635 | INFO | Batch 290 | Loss: 2.1692 | Correct: 30/128 | Elapsed Time: 12.50s
2026-01-29 19:48:04,180 | INFO | Batch 300 | Loss: 2.2288 | Correct: 19/128 | Elapsed Time: 12.55s
2026-01-29 19:48:16,724 | INFO | Batch 310 | Loss: 2.2530 | Correct: 21/128 | Elapsed Time: 12.54s
2026-01-29 19:48:29,295 | INFO | Batch 320 | Loss: 2.1228 | Correct: 21/128 | Elapsed Time: 12.57s
2026-01-29 19:48:41,760 | INFO | Batch 330 | Loss: 2.1929 | Correct: 21/128 | Elapsed Time: 12.47s
2026-01-29 19:48:54,313 | INFO | Batch 340 | Loss: 2.1692 | Correct: 29/128 | Elapsed Time: 12.55s
2026-01-29 19:49:06,908 | INFO | Batch 350 | Loss: 2.1692 | Correct: 22/128 | Elapsed Time: 12.59s
2026-01-29 19:49:19,352 | INFO | Batch 360 | Loss: 2.1343 | Correct: 29/128 | Elapsed Time: 12.44s
2026-01-29 19:49:31,885 | INFO | Batch 370 | Loss: 2.1228 | Correct: 24/128 | Elapsed Time: 12.53s
2026-01-29 19:49:44,473 | INFO | Batch 380 | Loss: 2.2530 | Correct: 17/128 | Elapsed Time: 12.59s
2026-01-29 19:49:56,930 | INFO | Batch 390 | Loss: 2.2530 | Correct: 17/128 | Elapsed Time: 12.46s
2026-01-29 19:49:57,929 | INFO | Epoch [14/100] - Loss: 2.1821 | Correct: 9541/50000 (19.08%, 490.27s)
2026-01-29 19:50:42,801 | INFO | Validation - Loss: 2.3289 | Correct: 1000/10000 (10.00%) (44.87s)
2026-01-29 19:50:55,282 | INFO | Batch 10 | Loss: 2.1810 | Correct: 31/128 | Elapsed Time: 12.48s
2026-01-29 19:51:07,896 | INFO | Batch 20 | Loss: 2.1692 | Correct: 24/128 | Elapsed Time: 12.61s
2026-01-29 19:51:20,431 | INFO | Batch 30 | Loss: 2.2288 | Correct: 22/128 | Elapsed Time: 12.53s
2026-01-29 19:51:32,879 | INFO | Batch 40 | Loss: 2.1459 | Correct: 32/128 | Elapsed Time: 12.45s
2026-01-29 19:51:45,431 | INFO | Batch 50 | Loss: 2.1575 | Correct: 24/128 | Elapsed Time: 12.55s
2026-01-29 19:51:57,996 | INFO | Batch 60 | Loss: 2.1810 | Correct: 23/128 | Elapsed Time: 12.57s
2026-01-29 19:52:10,500 | INFO | Batch 70 | Loss: 2.1692 | Correct: 24/128 | Elapsed Time: 12.50s
2026-01-29 19:52:23,057 | INFO | Batch 80 | Loss: 2.1343 | Correct: 28/128 | Elapsed Time: 12.56s
2026-01-29 19:52:35,623 | INFO | Batch 90 | Loss: 2.1343 | Correct: 31/128 | Elapsed Time: 12.57s
2026-01-29 19:52:48,074 | INFO | Batch 100 | Loss: 2.1810 | Correct: 19/128 | Elapsed Time: 12.45s
2026-01-29 19:53:00,603 | INFO | Batch 110 | Loss: 2.2167 | Correct: 27/128 | Elapsed Time: 12.53s
2026-01-29 19:53:13,228 | INFO | Batch 120 | Loss: 2.1575 | Correct: 24/128 | Elapsed Time: 12.62s
2026-01-29 19:53:25,705 | INFO | Batch 130 | Loss: 2.2167 | Correct: 18/128 | Elapsed Time: 12.48s
2026-01-29 19:53:38,245 | INFO | Batch 140 | Loss: 2.3401 | Correct: 20/128 | Elapsed Time: 12.54s
2026-01-29 19:53:50,798 | INFO | Batch 150 | Loss: 2.1343 | Correct: 26/128 | Elapsed Time: 12.55s
2026-01-29 19:54:03,410 | INFO | Batch 160 | Loss: 2.2288 | Correct: 24/128 | Elapsed Time: 12.61s
2026-01-29 19:54:15,931 | INFO | Batch 170 | Loss: 2.1228 | Correct: 23/128 | Elapsed Time: 12.52s
2026-01-29 19:54:28,433 | INFO | Batch 180 | Loss: 2.0999 | Correct: 29/128 | Elapsed Time: 12.50s
2026-01-29 19:54:40,972 | INFO | Batch 190 | Loss: 2.1692 | Correct: 30/128 | Elapsed Time: 12.54s
2026-01-29 19:54:53,399 | INFO | Batch 200 | Loss: 2.1575 | Correct: 26/128 | Elapsed Time: 12.43s
2026-01-29 19:55:06,015 | INFO | Batch 210 | Loss: 2.0549 | Correct: 40/128 | Elapsed Time: 12.62s
2026-01-29 19:55:18,585 | INFO | Batch 220 | Loss: 2.1692 | Correct: 19/128 | Elapsed Time: 12.57s
2026-01-29 19:55:31,060 | INFO | Batch 230 | Loss: 2.2409 | Correct: 19/128 | Elapsed Time: 12.47s
2026-01-29 19:55:43,630 | INFO | Batch 240 | Loss: 2.1343 | Correct: 26/128 | Elapsed Time: 12.57s
2026-01-29 19:55:56,182 | INFO | Batch 250 | Loss: 2.1113 | Correct: 33/128 | Elapsed Time: 12.55s
2026-01-29 19:56:08,675 | INFO | Batch 260 | Loss: 2.1929 | Correct: 23/128 | Elapsed Time: 12.49s
2026-01-29 19:56:21,229 | INFO | Batch 270 | Loss: 2.1228 | Correct: 27/128 | Elapsed Time: 12.55s
2026-01-29 19:56:33,789 | INFO | Batch 280 | Loss: 2.2653 | Correct: 19/128 | Elapsed Time: 12.56s
2026-01-29 19:56:46,255 | INFO | Batch 290 | Loss: 2.0999 | Correct: 25/128 | Elapsed Time: 12.47s
2026-01-29 19:56:58,811 | INFO | Batch 300 | Loss: 2.1459 | Correct: 22/128 | Elapsed Time: 12.56s
2026-01-29 19:57:11,455 | INFO | Batch 310 | Loss: 2.1459 | Correct: 22/128 | Elapsed Time: 12.64s
2026-01-29 19:57:23,927 | INFO | Batch 320 | Loss: 2.1575 | Correct: 26/128 | Elapsed Time: 12.47s
2026-01-29 19:57:36,478 | INFO | Batch 330 | Loss: 2.2167 | Correct: 19/128 | Elapsed Time: 12.55s
2026-01-29 19:57:49,062 | INFO | Batch 340 | Loss: 2.1228 | Correct: 25/128 | Elapsed Time: 12.58s
2026-01-29 19:58:01,520 | INFO | Batch 350 | Loss: 2.2288 | Correct: 18/128 | Elapsed Time: 12.46s
2026-01-29 19:58:14,118 | INFO | Batch 360 | Loss: 2.2288 | Correct: 18/128 | Elapsed Time: 12.60s
2026-01-29 19:58:26,661 | INFO | Batch 370 | Loss: 2.1692 | Correct: 24/128 | Elapsed Time: 12.54s
2026-01-29 19:58:39,084 | INFO | Batch 380 | Loss: 2.1575 | Correct: 35/128 | Elapsed Time: 12.42s
2026-01-29 19:58:51,610 | INFO | Batch 390 | Loss: 2.1228 | Correct: 31/128 | Elapsed Time: 12.53s
2026-01-29 19:58:52,606 | INFO | Epoch [15/100] - Loss: 2.1852 | Correct: 9440/50000 (18.88%, 489.80s)
2026-01-29 19:59:37,283 | INFO | Validation - Loss: 2.3283 | Correct: 1000/10000 (10.00%) (44.68s)
2026-01-29 19:59:49,828 | INFO | Batch 10 | Loss: 2.2048 | Correct: 25/128 | Elapsed Time: 12.54s
2026-01-29 20:00:02,389 | INFO | Batch 20 | Loss: 2.1228 | Correct: 30/128 | Elapsed Time: 12.56s
2026-01-29 20:00:14,918 | INFO | Batch 30 | Loss: 2.1810 | Correct: 24/128 | Elapsed Time: 12.53s
2026-01-29 20:00:27,685 | INFO | Batch 40 | Loss: 2.1929 | Correct: 23/128 | Elapsed Time: 12.77s
2026-01-29 20:00:40,238 | INFO | Batch 50 | Loss: 2.1459 | Correct: 27/128 | Elapsed Time: 12.55s
2026-01-29 20:00:52,695 | INFO | Batch 60 | Loss: 2.2530 | Correct: 18/128 | Elapsed Time: 12.46s
2026-01-29 20:01:05,338 | INFO | Batch 70 | Loss: 2.2409 | Correct: 22/128 | Elapsed Time: 12.64s
2026-01-29 20:01:17,900 | INFO | Batch 80 | Loss: 2.3149 | Correct: 16/128 | Elapsed Time: 12.56s
2026-01-29 20:01:30,360 | INFO | Batch 90 | Loss: 2.2530 | Correct: 21/128 | Elapsed Time: 12.46s
2026-01-29 20:01:42,864 | INFO | Batch 100 | Loss: 2.2288 | Correct: 28/128 | Elapsed Time: 12.50s
2026-01-29 20:01:55,403 | INFO | Batch 110 | Loss: 2.2653 | Correct: 22/128 | Elapsed Time: 12.54s
2026-01-29 20:02:07,970 | INFO | Batch 120 | Loss: 2.2288 | Correct: 24/128 | Elapsed Time: 12.57s
2026-01-29 20:02:20,522 | INFO | Batch 130 | Loss: 2.1343 | Correct: 28/128 | Elapsed Time: 12.55s
2026-01-29 20:02:33,078 | INFO | Batch 140 | Loss: 2.1692 | Correct: 30/128 | Elapsed Time: 12.56s
2026-01-29 20:02:45,548 | INFO | Batch 150 | Loss: 2.2288 | Correct: 22/128 | Elapsed Time: 12.47s
2026-01-29 20:02:58,105 | INFO | Batch 160 | Loss: 2.1228 | Correct: 27/128 | Elapsed Time: 12.56s
2026-01-29 20:03:10,692 | INFO | Batch 170 | Loss: 2.2653 | Correct: 22/128 | Elapsed Time: 12.59s
2026-01-29 20:03:23,176 | INFO | Batch 180 | Loss: 2.2167 | Correct: 22/128 | Elapsed Time: 12.48s
2026-01-29 20:03:35,720 | INFO | Batch 190 | Loss: 2.1810 | Correct: 20/128 | Elapsed Time: 12.54s
2026-01-29 20:03:48,262 | INFO | Batch 200 | Loss: 2.2048 | Correct: 26/128 | Elapsed Time: 12.54s
2026-01-29 20:04:00,728 | INFO | Batch 210 | Loss: 2.2167 | Correct: 26/128 | Elapsed Time: 12.47s
2026-01-29 20:04:13,398 | INFO | Batch 220 | Loss: 2.1810 | Correct: 25/128 | Elapsed Time: 12.67s
2026-01-29 20:04:25,928 | INFO | Batch 230 | Loss: 2.2167 | Correct: 26/128 | Elapsed Time: 12.53s
2026-01-29 20:04:38,448 | INFO | Batch 240 | Loss: 2.1929 | Correct: 22/128 | Elapsed Time: 12.52s
2026-01-29 20:04:50,872 | INFO | Batch 250 | Loss: 2.2899 | Correct: 24/128 | Elapsed Time: 12.42s
2026-01-29 20:05:03,474 | INFO | Batch 260 | Loss: 2.1929 | Correct: 31/128 | Elapsed Time: 12.60s
2026-01-29 20:05:16,054 | INFO | Batch 270 | Loss: 2.1343 | Correct: 27/128 | Elapsed Time: 12.58s
2026-01-29 20:05:28,539 | INFO | Batch 280 | Loss: 2.1692 | Correct: 21/128 | Elapsed Time: 12.48s
2026-01-29 20:05:41,115 | INFO | Batch 290 | Loss: 2.1810 | Correct: 26/128 | Elapsed Time: 12.58s
2026-01-29 20:05:53,664 | INFO | Batch 300 | Loss: 2.1575 | Correct: 25/128 | Elapsed Time: 12.55s
2026-01-29 20:06:06,199 | INFO | Batch 310 | Loss: 2.3401 | Correct: 15/128 | Elapsed Time: 12.53s
2026-01-29 20:06:18,772 | INFO | Batch 320 | Loss: 2.1459 | Correct: 24/128 | Elapsed Time: 12.57s
2026-01-29 20:06:31,334 | INFO | Batch 330 | Loss: 2.2167 | Correct: 19/128 | Elapsed Time: 12.56s
2026-01-29 20:06:43,797 | INFO | Batch 340 | Loss: 2.1343 | Correct: 31/128 | Elapsed Time: 12.46s
2026-01-29 20:06:56,341 | INFO | Batch 350 | Loss: 2.1228 | Correct: 26/128 | Elapsed Time: 12.54s
2026-01-29 20:07:08,963 | INFO | Batch 360 | Loss: 2.1810 | Correct: 23/128 | Elapsed Time: 12.62s
2026-01-29 20:07:21,454 | INFO | Batch 370 | Loss: 2.1929 | Correct: 22/128 | Elapsed Time: 12.49s
2026-01-29 20:07:34,039 | INFO | Batch 380 | Loss: 2.1810 | Correct: 30/128 | Elapsed Time: 12.58s
2026-01-29 20:07:46,599 | INFO | Batch 390 | Loss: 2.2167 | Correct: 24/128 | Elapsed Time: 12.56s
2026-01-29 20:07:47,589 | INFO | Epoch [16/100] - Loss: 2.1822 | Correct: 9599/50000 (19.20%, 490.31s)
2026-01-29 20:08:32,218 | INFO | Validation - Loss: 2.3230 | Correct: 1000/10000 (10.00%) (44.63s)
2026-01-29 20:08:44,671 | INFO | Batch 10 | Loss: 2.1810 | Correct: 28/128 | Elapsed Time: 12.45s
2026-01-29 20:08:57,233 | INFO | Batch 20 | Loss: 2.2048 | Correct: 23/128 | Elapsed Time: 12.56s
2026-01-29 20:09:09,849 | INFO | Batch 30 | Loss: 2.2167 | Correct: 26/128 | Elapsed Time: 12.62s
2026-01-29 20:09:22,398 | INFO | Batch 40 | Loss: 2.1459 | Correct: 18/128 | Elapsed Time: 12.55s
2026-01-29 20:09:34,868 | INFO | Batch 50 | Loss: 2.2048 | Correct: 21/128 | Elapsed Time: 12.47s
2026-01-29 20:09:47,457 | INFO | Batch 60 | Loss: 2.2653 | Correct: 22/128 | Elapsed Time: 12.59s
2026-01-29 20:10:00,010 | INFO | Batch 70 | Loss: 2.1575 | Correct: 22/128 | Elapsed Time: 12.55s
2026-01-29 20:10:12,692 | INFO | Batch 80 | Loss: 2.2167 | Correct: 25/128 | Elapsed Time: 12.68s
2026-01-29 20:10:25,896 | INFO | Batch 90 | Loss: 2.2167 | Correct: 21/128 | Elapsed Time: 13.20s
2026-01-29 20:10:38,473 | INFO | Batch 100 | Loss: 2.2288 | Correct: 21/128 | Elapsed Time: 12.58s
2026-01-29 20:10:50,926 | INFO | Batch 110 | Loss: 2.2048 | Correct: 20/128 | Elapsed Time: 12.45s
2026-01-29 20:11:03,532 | INFO | Batch 120 | Loss: 2.2167 | Correct: 24/128 | Elapsed Time: 12.61s
2026-01-29 20:11:16,115 | INFO | Batch 130 | Loss: 2.2409 | Correct: 19/128 | Elapsed Time: 12.58s
2026-01-29 20:11:28,579 | INFO | Batch 140 | Loss: 2.1692 | Correct: 20/128 | Elapsed Time: 12.46s
2026-01-29 20:11:41,176 | INFO | Batch 150 | Loss: 2.0999 | Correct: 28/128 | Elapsed Time: 12.60s
2026-01-29 20:11:53,726 | INFO | Batch 160 | Loss: 2.1692 | Correct: 24/128 | Elapsed Time: 12.55s
2026-01-29 20:12:06,278 | INFO | Batch 170 | Loss: 2.2288 | Correct: 20/128 | Elapsed Time: 12.55s
2026-01-29 20:12:18,819 | INFO | Batch 180 | Loss: 2.2288 | Correct: 17/128 | Elapsed Time: 12.54s
2026-01-29 20:12:31,359 | INFO | Batch 190 | Loss: 2.1692 | Correct: 27/128 | Elapsed Time: 12.54s
2026-01-29 20:12:43,831 | INFO | Batch 200 | Loss: 2.2167 | Correct: 18/128 | Elapsed Time: 12.47s
2026-01-29 20:12:56,415 | INFO | Batch 210 | Loss: 2.2776 | Correct: 17/128 | Elapsed Time: 12.58s
2026-01-29 20:13:09,088 | INFO | Batch 220 | Loss: 2.1459 | Correct: 26/128 | Elapsed Time: 12.67s
2026-01-29 20:13:21,580 | INFO | Batch 230 | Loss: 2.1692 | Correct: 26/128 | Elapsed Time: 12.49s
2026-01-29 20:13:34,111 | INFO | Batch 240 | Loss: 2.1929 | Correct: 20/128 | Elapsed Time: 12.53s
2026-01-29 20:13:46,645 | INFO | Batch 250 | Loss: 2.0885 | Correct: 30/128 | Elapsed Time: 12.53s
2026-01-29 20:13:59,105 | INFO | Batch 260 | Loss: 2.1810 | Correct: 24/128 | Elapsed Time: 12.46s
2026-01-29 20:14:11,713 | INFO | Batch 270 | Loss: 2.1810 | Correct: 29/128 | Elapsed Time: 12.61s
2026-01-29 20:14:24,285 | INFO | Batch 280 | Loss: 2.1459 | Correct: 21/128 | Elapsed Time: 12.57s
2026-01-29 20:14:36,733 | INFO | Batch 290 | Loss: 2.2409 | Correct: 18/128 | Elapsed Time: 12.45s
2026-01-29 20:14:49,288 | INFO | Batch 300 | Loss: 2.1929 | Correct: 27/128 | Elapsed Time: 12.56s
2026-01-29 20:15:01,816 | INFO | Batch 310 | Loss: 2.1692 | Correct: 27/128 | Elapsed Time: 12.53s
2026-01-29 20:15:14,411 | INFO | Batch 320 | Loss: 2.2048 | Correct: 17/128 | Elapsed Time: 12.60s
2026-01-29 20:15:26,910 | INFO | Batch 330 | Loss: 2.1929 | Correct: 30/128 | Elapsed Time: 12.50s
2026-01-29 20:15:39,470 | INFO | Batch 340 | Loss: 2.2899 | Correct: 18/128 | Elapsed Time: 12.56s
2026-01-29 20:15:52,004 | INFO | Batch 350 | Loss: 2.1929 | Correct: 24/128 | Elapsed Time: 12.53s
2026-01-29 20:16:04,539 | INFO | Batch 360 | Loss: 2.1575 | Correct: 31/128 | Elapsed Time: 12.54s
2026-01-29 20:16:17,105 | INFO | Batch 370 | Loss: 2.2409 | Correct: 18/128 | Elapsed Time: 12.57s
2026-01-29 20:16:29,682 | INFO | Batch 380 | Loss: 2.2288 | Correct: 26/128 | Elapsed Time: 12.58s
2026-01-29 20:16:42,122 | INFO | Batch 390 | Loss: 2.2048 | Correct: 24/128 | Elapsed Time: 12.44s
2026-01-29 20:16:43,112 | INFO | Epoch [17/100] - Loss: 2.1858 | Correct: 9485/50000 (18.97%, 490.89s)
2026-01-29 20:17:27,663 | INFO | Validation - Loss: 2.3281 | Correct: 1000/10000 (10.00%) (44.55s)
2026-01-29 20:17:40,243 | INFO | Batch 10 | Loss: 2.1575 | Correct: 27/128 | Elapsed Time: 12.58s
2026-01-29 20:17:52,789 | INFO | Batch 20 | Loss: 2.1810 | Correct: 16/128 | Elapsed Time: 12.55s
2026-01-29 20:18:05,329 | INFO | Batch 30 | Loss: 2.1113 | Correct: 28/128 | Elapsed Time: 12.54s
2026-01-29 20:18:17,865 | INFO | Batch 40 | Loss: 2.0660 | Correct: 36/128 | Elapsed Time: 12.54s
2026-01-29 20:18:30,457 | INFO | Batch 50 | Loss: 2.1343 | Correct: 24/128 | Elapsed Time: 12.59s
2026-01-29 20:18:43,027 | INFO | Batch 60 | Loss: 2.1113 | Correct: 32/128 | Elapsed Time: 12.57s
2026-01-29 20:18:55,459 | INFO | Batch 70 | Loss: 2.2167 | Correct: 24/128 | Elapsed Time: 12.43s
2026-01-29 20:19:08,088 | INFO | Batch 80 | Loss: 2.1810 | Correct: 30/128 | Elapsed Time: 12.63s
2026-01-29 20:19:20,645 | INFO | Batch 90 | Loss: 2.1459 | Correct: 26/128 | Elapsed Time: 12.56s
2026-01-29 20:19:33,094 | INFO | Batch 100 | Loss: 2.1459 | Correct: 23/128 | Elapsed Time: 12.45s
2026-01-29 20:19:45,674 | INFO | Batch 110 | Loss: 2.2048 | Correct: 17/128 | Elapsed Time: 12.58s
2026-01-29 20:19:58,217 | INFO | Batch 120 | Loss: 2.1810 | Correct: 13/128 | Elapsed Time: 12.54s
2026-01-29 20:20:10,797 | INFO | Batch 130 | Loss: 2.2288 | Correct: 23/128 | Elapsed Time: 12.58s
2026-01-29 20:20:23,582 | INFO | Batch 140 | Loss: 2.1929 | Correct: 25/128 | Elapsed Time: 12.79s
2026-01-29 20:20:36,193 | INFO | Batch 150 | Loss: 2.1575 | Correct: 23/128 | Elapsed Time: 12.61s
2026-01-29 20:20:48,682 | INFO | Batch 160 | Loss: 2.2167 | Correct: 22/128 | Elapsed Time: 12.49s
2026-01-29 20:21:01,212 | INFO | Batch 170 | Loss: 2.2288 | Correct: 23/128 | Elapsed Time: 12.53s
2026-01-29 20:21:13,846 | INFO | Batch 180 | Loss: 2.1692 | Correct: 37/128 | Elapsed Time: 12.63s
2026-01-29 20:21:26,352 | INFO | Batch 190 | Loss: 2.2048 | Correct: 20/128 | Elapsed Time: 12.51s
2026-01-29 20:21:38,904 | INFO | Batch 200 | Loss: 2.1810 | Correct: 22/128 | Elapsed Time: 12.55s
2026-01-29 20:21:51,472 | INFO | Batch 210 | Loss: 2.2288 | Correct: 23/128 | Elapsed Time: 12.57s
2026-01-29 20:22:03,976 | INFO | Batch 220 | Loss: 2.1692 | Correct: 29/128 | Elapsed Time: 12.50s
2026-01-29 20:22:16,530 | INFO | Batch 230 | Loss: 2.1459 | Correct: 31/128 | Elapsed Time: 12.55s
2026-01-29 20:22:29,072 | INFO | Batch 240 | Loss: 2.2048 | Correct: 22/128 | Elapsed Time: 12.54s
2026-01-29 20:22:41,549 | INFO | Batch 250 | Loss: 2.1692 | Correct: 29/128 | Elapsed Time: 12.48s
2026-01-29 20:22:54,113 | INFO | Batch 260 | Loss: 2.1575 | Correct: 28/128 | Elapsed Time: 12.56s
2026-01-29 20:23:06,748 | INFO | Batch 270 | Loss: 2.1692 | Correct: 25/128 | Elapsed Time: 12.64s
2026-01-29 20:23:19,309 | INFO | Batch 280 | Loss: 2.2530 | Correct: 20/128 | Elapsed Time: 12.56s
2026-01-29 20:23:31,778 | INFO | Batch 290 | Loss: 2.2167 | Correct: 27/128 | Elapsed Time: 12.47s
2026-01-29 20:23:44,395 | INFO | Batch 300 | Loss: 2.1810 | Correct: 22/128 | Elapsed Time: 12.62s
2026-01-29 20:23:56,935 | INFO | Batch 310 | Loss: 2.2167 | Correct: 23/128 | Elapsed Time: 12.54s
2026-01-29 20:24:09,428 | INFO | Batch 320 | Loss: 2.2288 | Correct: 21/128 | Elapsed Time: 12.49s
2026-01-29 20:24:21,967 | INFO | Batch 330 | Loss: 2.1929 | Correct: 20/128 | Elapsed Time: 12.54s
2026-01-29 20:24:34,496 | INFO | Batch 340 | Loss: 2.2167 | Correct: 19/128 | Elapsed Time: 12.53s
2026-01-29 20:24:46,916 | INFO | Batch 350 | Loss: 2.1459 | Correct: 24/128 | Elapsed Time: 12.42s
2026-01-29 20:24:59,451 | INFO | Batch 360 | Loss: 2.2653 | Correct: 22/128 | Elapsed Time: 12.53s
2026-01-29 20:25:12,084 | INFO | Batch 370 | Loss: 2.1575 | Correct: 27/128 | Elapsed Time: 12.63s
2026-01-29 20:25:24,536 | INFO | Batch 380 | Loss: 2.1343 | Correct: 31/128 | Elapsed Time: 12.45s
2026-01-29 20:25:37,073 | INFO | Batch 390 | Loss: 2.1929 | Correct: 25/128 | Elapsed Time: 12.54s
2026-01-29 20:25:38,074 | INFO | Epoch [18/100] - Loss: 2.1826 | Correct: 9659/50000 (19.32%, 490.41s)
2026-01-29 20:26:22,628 | INFO | Validation - Loss: 2.3408 | Correct: 1000/10000 (10.00%) (44.55s)
2026-01-29 20:26:35,168 | INFO | Batch 10 | Loss: 2.2048 | Correct: 24/128 | Elapsed Time: 12.54s
2026-01-29 20:26:47,628 | INFO | Batch 20 | Loss: 2.2048 | Correct: 23/128 | Elapsed Time: 12.46s
2026-01-29 20:27:00,176 | INFO | Batch 30 | Loss: 2.2530 | Correct: 18/128 | Elapsed Time: 12.55s
2026-01-29 20:27:12,793 | INFO | Batch 40 | Loss: 2.1459 | Correct: 26/128 | Elapsed Time: 12.62s
2026-01-29 20:27:25,292 | INFO | Batch 50 | Loss: 2.1929 | Correct: 21/128 | Elapsed Time: 12.50s
2026-01-29 20:27:37,835 | INFO | Batch 60 | Loss: 2.2288 | Correct: 21/128 | Elapsed Time: 12.54s
2026-01-29 20:27:50,387 | INFO | Batch 70 | Loss: 2.2653 | Correct: 15/128 | Elapsed Time: 12.55s
2026-01-29 20:28:02,884 | INFO | Batch 80 | Loss: 2.2048 | Correct: 18/128 | Elapsed Time: 12.50s
2026-01-29 20:28:15,494 | INFO | Batch 90 | Loss: 2.1343 | Correct: 28/128 | Elapsed Time: 12.61s
2026-01-29 20:28:28,058 | INFO | Batch 100 | Loss: 2.1113 | Correct: 23/128 | Elapsed Time: 12.56s
2026-01-29 20:28:40,615 | INFO | Batch 110 | Loss: 2.2899 | Correct: 20/128 | Elapsed Time: 12.56s
2026-01-29 20:28:53,104 | INFO | Batch 120 | Loss: 2.1459 | Correct: 27/128 | Elapsed Time: 12.49s
2026-01-29 20:29:05,755 | INFO | Batch 130 | Loss: 2.1929 | Correct: 30/128 | Elapsed Time: 12.65s
2026-01-29 20:29:18,317 | INFO | Batch 140 | Loss: 2.1575 | Correct: 28/128 | Elapsed Time: 12.56s
2026-01-29 20:29:30,792 | INFO | Batch 150 | Loss: 2.2048 | Correct: 23/128 | Elapsed Time: 12.48s
2026-01-29 20:29:43,363 | INFO | Batch 160 | Loss: 2.2167 | Correct: 22/128 | Elapsed Time: 12.57s
2026-01-29 20:29:55,914 | INFO | Batch 170 | Loss: 2.2530 | Correct: 23/128 | Elapsed Time: 12.55s
2026-01-29 20:30:08,426 | INFO | Batch 180 | Loss: 2.3528 | Correct: 17/128 | Elapsed Time: 12.51s
2026-01-29 20:30:21,122 | INFO | Batch 190 | Loss: 2.2167 | Correct: 17/128 | Elapsed Time: 12.70s
2026-01-29 20:30:33,739 | INFO | Batch 200 | Loss: 2.2409 | Correct: 21/128 | Elapsed Time: 12.62s
2026-01-29 20:30:46,202 | INFO | Batch 210 | Loss: 2.3274 | Correct: 14/128 | Elapsed Time: 12.46s
2026-01-29 20:30:58,760 | INFO | Batch 220 | Loss: 2.1810 | Correct: 25/128 | Elapsed Time: 12.56s
2026-01-29 20:31:11,384 | INFO | Batch 230 | Loss: 2.1575 | Correct: 23/128 | Elapsed Time: 12.62s
2026-01-29 20:31:23,845 | INFO | Batch 240 | Loss: 2.1692 | Correct: 23/128 | Elapsed Time: 12.46s
2026-01-29 20:31:36,376 | INFO | Batch 250 | Loss: 2.1113 | Correct: 28/128 | Elapsed Time: 12.53s
2026-01-29 20:31:48,946 | INFO | Batch 260 | Loss: 2.1575 | Correct: 30/128 | Elapsed Time: 12.57s
2026-01-29 20:32:01,409 | INFO | Batch 270 | Loss: 2.1459 | Correct: 25/128 | Elapsed Time: 12.46s
2026-01-29 20:32:13,996 | INFO | Batch 280 | Loss: 2.1575 | Correct: 25/128 | Elapsed Time: 12.59s
2026-01-29 20:32:26,548 | INFO | Batch 290 | Loss: 2.1929 | Correct: 21/128 | Elapsed Time: 12.55s
2026-01-29 20:32:38,991 | INFO | Batch 300 | Loss: 2.2167 | Correct: 18/128 | Elapsed Time: 12.44s
2026-01-29 20:32:51,554 | INFO | Batch 310 | Loss: 2.1810 | Correct: 29/128 | Elapsed Time: 12.56s
2026-01-29 20:33:04,222 | INFO | Batch 320 | Loss: 2.2409 | Correct: 16/128 | Elapsed Time: 12.67s
2026-01-29 20:33:16,772 | INFO | Batch 330 | Loss: 2.1810 | Correct: 21/128 | Elapsed Time: 12.55s
2026-01-29 20:33:29,222 | INFO | Batch 340 | Loss: 2.2653 | Correct: 18/128 | Elapsed Time: 12.45s
2026-01-29 20:33:41,766 | INFO | Batch 350 | Loss: 2.1929 | Correct: 29/128 | Elapsed Time: 12.54s
2026-01-29 20:33:54,328 | INFO | Batch 360 | Loss: 2.1692 | Correct: 26/128 | Elapsed Time: 12.56s
2026-01-29 20:34:06,829 | INFO | Batch 370 | Loss: 2.1810 | Correct: 24/128 | Elapsed Time: 12.50s
2026-01-29 20:34:19,375 | INFO | Batch 380 | Loss: 2.2288 | Correct: 19/128 | Elapsed Time: 12.55s
2026-01-29 20:34:31,936 | INFO | Batch 390 | Loss: 2.1228 | Correct: 32/128 | Elapsed Time: 12.56s
2026-01-29 20:34:32,930 | INFO | Epoch [19/100] - Loss: 2.1825 | Correct: 9617/50000 (19.23%, 490.30s)
2026-01-29 20:35:17,457 | INFO | Validation - Loss: 2.3381 | Correct: 1000/10000 (10.00%) (44.53s)
2026-01-29 20:35:29,952 | INFO | Batch 10 | Loss: 2.2167 | Correct: 19/128 | Elapsed Time: 12.49s
2026-01-29 20:35:42,513 | INFO | Batch 20 | Loss: 2.2530 | Correct: 23/128 | Elapsed Time: 12.56s
2026-01-29 20:35:55,054 | INFO | Batch 30 | Loss: 2.2409 | Correct: 15/128 | Elapsed Time: 12.54s
2026-01-29 20:36:07,600 | INFO | Batch 40 | Loss: 2.1343 | Correct: 33/128 | Elapsed Time: 12.55s
2026-01-29 20:36:20,175 | INFO | Batch 50 | Loss: 2.1692 | Correct: 24/128 | Elapsed Time: 12.57s
2026-01-29 20:36:32,716 | INFO | Batch 60 | Loss: 2.1575 | Correct: 25/128 | Elapsed Time: 12.54s
2026-01-29 20:36:45,199 | INFO | Batch 70 | Loss: 2.1343 | Correct: 28/128 | Elapsed Time: 12.48s
2026-01-29 20:36:57,759 | INFO | Batch 80 | Loss: 2.1929 | Correct: 20/128 | Elapsed Time: 12.56s
2026-01-29 20:37:10,371 | INFO | Batch 90 | Loss: 2.2530 | Correct: 23/128 | Elapsed Time: 12.61s
2026-01-29 20:37:22,825 | INFO | Batch 100 | Loss: 2.1343 | Correct: 32/128 | Elapsed Time: 12.45s
2026-01-29 20:37:35,351 | INFO | Batch 110 | Loss: 2.1228 | Correct: 29/128 | Elapsed Time: 12.53s
2026-01-29 20:37:47,909 | INFO | Batch 120 | Loss: 2.1692 | Correct: 29/128 | Elapsed Time: 12.56s
2026-01-29 20:38:00,343 | INFO | Batch 130 | Loss: 2.1692 | Correct: 21/128 | Elapsed Time: 12.43s
2026-01-29 20:38:12,878 | INFO | Batch 140 | Loss: 2.2048 | Correct: 24/128 | Elapsed Time: 12.53s
2026-01-29 20:38:25,413 | INFO | Batch 150 | Loss: 2.2167 | Correct: 27/128 | Elapsed Time: 12.53s
2026-01-29 20:38:37,850 | INFO | Batch 160 | Loss: 2.1810 | Correct: 22/128 | Elapsed Time: 12.44s
2026-01-29 20:38:50,354 | INFO | Batch 170 | Loss: 2.2167 | Correct: 15/128 | Elapsed Time: 12.50s
2026-01-29 20:39:02,906 | INFO | Batch 180 | Loss: 2.3656 | Correct: 18/128 | Elapsed Time: 12.55s
2026-01-29 20:39:15,388 | INFO | Batch 190 | Loss: 2.2048 | Correct: 22/128 | Elapsed Time: 12.48s
2026-01-29 20:39:27,938 | INFO | Batch 200 | Loss: 2.1575 | Correct: 23/128 | Elapsed Time: 12.55s
2026-01-29 20:39:40,496 | INFO | Batch 210 | Loss: 2.1692 | Correct: 19/128 | Elapsed Time: 12.56s
2026-01-29 20:39:53,028 | INFO | Batch 220 | Loss: 2.1692 | Correct: 29/128 | Elapsed Time: 12.53s
2026-01-29 20:40:05,544 | INFO | Batch 230 | Loss: 2.1692 | Correct: 27/128 | Elapsed Time: 12.52s
2026-01-29 20:40:18,623 | INFO | Batch 240 | Loss: 2.1343 | Correct: 30/128 | Elapsed Time: 13.08s
2026-01-29 20:40:31,368 | INFO | Batch 250 | Loss: 2.2167 | Correct: 24/128 | Elapsed Time: 12.74s
2026-01-29 20:40:43,856 | INFO | Batch 260 | Loss: 2.2409 | Correct: 22/128 | Elapsed Time: 12.49s
2026-01-29 20:40:56,392 | INFO | Batch 270 | Loss: 2.2288 | Correct: 18/128 | Elapsed Time: 12.54s
2026-01-29 20:41:08,945 | INFO | Batch 280 | Loss: 2.2409 | Correct: 26/128 | Elapsed Time: 12.55s
2026-01-29 20:41:21,405 | INFO | Batch 290 | Loss: 2.1692 | Correct: 20/128 | Elapsed Time: 12.46s
2026-01-29 20:41:33,948 | INFO | Batch 300 | Loss: 2.0549 | Correct: 40/128 | Elapsed Time: 12.54s
2026-01-29 20:41:46,493 | INFO | Batch 310 | Loss: 2.2167 | Correct: 16/128 | Elapsed Time: 12.55s
2026-01-29 20:41:58,953 | INFO | Batch 320 | Loss: 2.3024 | Correct: 18/128 | Elapsed Time: 12.46s
2026-01-29 20:42:11,603 | INFO | Batch 330 | Loss: 2.2167 | Correct: 22/128 | Elapsed Time: 12.65s
2026-01-29 20:42:24,138 | INFO | Batch 340 | Loss: 2.2288 | Correct: 24/128 | Elapsed Time: 12.54s
2026-01-29 20:42:36,603 | INFO | Batch 350 | Loss: 2.1692 | Correct: 24/128 | Elapsed Time: 12.46s
2026-01-29 20:42:49,156 | INFO | Batch 360 | Loss: 2.2167 | Correct: 19/128 | Elapsed Time: 12.55s
2026-01-29 20:43:01,711 | INFO | Batch 370 | Loss: 2.1575 | Correct: 32/128 | Elapsed Time: 12.55s
2026-01-29 20:43:14,226 | INFO | Batch 380 | Loss: 2.1929 | Correct: 24/128 | Elapsed Time: 12.51s
2026-01-29 20:43:26,739 | INFO | Batch 390 | Loss: 2.1343 | Correct: 29/128 | Elapsed Time: 12.51s
2026-01-29 20:43:27,726 | INFO | Epoch [20/100] - Loss: 2.1826 | Correct: 9624/50000 (19.25%, 490.27s)
2026-01-29 20:44:12,163 | INFO | Validation - Loss: 2.3259 | Correct: 1000/10000 (10.00%) (44.44s)
2026-01-29 20:44:24,702 | INFO | Batch 10 | Loss: 2.1929 | Correct: 32/128 | Elapsed Time: 12.54s
2026-01-29 20:44:37,231 | INFO | Batch 20 | Loss: 2.2776 | Correct: 20/128 | Elapsed Time: 12.53s
2026-01-29 20:44:49,689 | INFO | Batch 30 | Loss: 2.1343 | Correct: 23/128 | Elapsed Time: 12.46s
2026-01-29 20:45:02,274 | INFO | Batch 40 | Loss: 2.2530 | Correct: 21/128 | Elapsed Time: 12.59s
2026-01-29 20:45:14,869 | INFO | Batch 50 | Loss: 2.2048 | Correct: 23/128 | Elapsed Time: 12.59s
2026-01-29 20:45:27,333 | INFO | Batch 60 | Loss: 2.1929 | Correct: 20/128 | Elapsed Time: 12.46s
2026-01-29 20:45:39,874 | INFO | Batch 70 | Loss: 2.1929 | Correct: 23/128 | Elapsed Time: 12.54s
2026-01-29 20:45:52,431 | INFO | Batch 80 | Loss: 2.1575 | Correct: 27/128 | Elapsed Time: 12.56s
2026-01-29 20:46:04,971 | INFO | Batch 90 | Loss: 2.1228 | Correct: 27/128 | Elapsed Time: 12.54s
2026-01-29 20:46:17,495 | INFO | Batch 100 | Loss: 2.1692 | Correct: 22/128 | Elapsed Time: 12.52s
2026-01-29 20:46:30,005 | INFO | Batch 110 | Loss: 2.1459 | Correct: 15/128 | Elapsed Time: 12.51s
2026-01-29 20:46:42,415 | INFO | Batch 120 | Loss: 2.2409 | Correct: 22/128 | Elapsed Time: 12.41s
2026-01-29 20:46:54,925 | INFO | Batch 130 | Loss: 2.1810 | Correct: 23/128 | Elapsed Time: 12.51s
2026-01-29 20:47:07,494 | INFO | Batch 140 | Loss: 2.1228 | Correct: 32/128 | Elapsed Time: 12.57s
2026-01-29 20:47:19,918 | INFO | Batch 150 | Loss: 2.1692 | Correct: 25/128 | Elapsed Time: 12.42s
2026-01-29 20:47:32,426 | INFO | Batch 160 | Loss: 2.2530 | Correct: 22/128 | Elapsed Time: 12.51s
2026-01-29 20:47:44,958 | INFO | Batch 170 | Loss: 2.1113 | Correct: 33/128 | Elapsed Time: 12.53s
2026-01-29 20:47:57,386 | INFO | Batch 180 | Loss: 2.1692 | Correct: 23/128 | Elapsed Time: 12.43s
2026-01-29 20:48:09,922 | INFO | Batch 190 | Loss: 2.2048 | Correct: 22/128 | Elapsed Time: 12.54s
2026-01-29 20:48:22,485 | INFO | Batch 200 | Loss: 2.1575 | Correct: 24/128 | Elapsed Time: 12.56s
2026-01-29 20:48:34,944 | INFO | Batch 210 | Loss: 2.0999 | Correct: 25/128 | Elapsed Time: 12.46s
2026-01-29 20:48:47,478 | INFO | Batch 220 | Loss: 2.2409 | Correct: 27/128 | Elapsed Time: 12.53s
2026-01-29 20:49:00,035 | INFO | Batch 230 | Loss: 2.0885 | Correct: 28/128 | Elapsed Time: 12.56s
2026-01-29 20:49:12,543 | INFO | Batch 240 | Loss: 2.1692 | Correct: 22/128 | Elapsed Time: 12.51s
2026-01-29 20:49:25,103 | INFO | Batch 250 | Loss: 2.2288 | Correct: 30/128 | Elapsed Time: 12.56s
2026-01-29 20:49:37,669 | INFO | Batch 260 | Loss: 2.2530 | Correct: 23/128 | Elapsed Time: 12.57s
2026-01-29 20:49:50,098 | INFO | Batch 270 | Loss: 2.1692 | Correct: 26/128 | Elapsed Time: 12.43s
2026-01-29 20:50:02,675 | INFO | Batch 280 | Loss: 2.1343 | Correct: 26/128 | Elapsed Time: 12.58s
2026-01-29 20:50:15,211 | INFO | Batch 290 | Loss: 2.2653 | Correct: 20/128 | Elapsed Time: 12.54s
2026-01-29 20:50:28,025 | INFO | Batch 300 | Loss: 2.1810 | Correct: 26/128 | Elapsed Time: 12.81s
2026-01-29 20:50:40,465 | INFO | Batch 310 | Loss: 2.1228 | Correct: 32/128 | Elapsed Time: 12.44s
2026-01-29 20:50:53,039 | INFO | Batch 320 | Loss: 2.1343 | Correct: 39/128 | Elapsed Time: 12.57s
2026-01-29 20:51:05,671 | INFO | Batch 330 | Loss: 2.2288 | Correct: 15/128 | Elapsed Time: 12.63s
2026-01-29 20:51:18,148 | INFO | Batch 340 | Loss: 2.1929 | Correct: 21/128 | Elapsed Time: 12.48s
2026-01-29 20:51:30,707 | INFO | Batch 350 | Loss: 2.1575 | Correct: 26/128 | Elapsed Time: 12.56s
2026-01-29 20:51:43,243 | INFO | Batch 360 | Loss: 2.1810 | Correct: 22/128 | Elapsed Time: 12.54s
2026-01-29 20:51:55,713 | INFO | Batch 370 | Loss: 2.3024 | Correct: 21/128 | Elapsed Time: 12.47s
2026-01-29 20:52:08,309 | INFO | Batch 380 | Loss: 2.1459 | Correct: 28/128 | Elapsed Time: 12.60s
2026-01-29 20:52:20,869 | INFO | Batch 390 | Loss: 2.1692 | Correct: 24/128 | Elapsed Time: 12.56s
2026-01-29 20:52:21,855 | INFO | Epoch [21/100] - Loss: 2.1840 | Correct: 9643/50000 (19.29%, 489.69s)
2026-01-29 20:53:06,359 | INFO | Validation - Loss: 2.3291 | Correct: 1000/10000 (10.00%) (44.50s)
2026-01-29 20:53:18,950 | INFO | Batch 10 | Loss: 2.1929 | Correct: 19/128 | Elapsed Time: 12.59s
2026-01-29 20:53:31,421 | INFO | Batch 20 | Loss: 2.2167 | Correct: 20/128 | Elapsed Time: 12.47s
2026-01-29 20:53:43,998 | INFO | Batch 30 | Loss: 2.2048 | Correct: 21/128 | Elapsed Time: 12.58s
2026-01-29 20:53:56,518 | INFO | Batch 40 | Loss: 2.1929 | Correct: 26/128 | Elapsed Time: 12.52s
2026-01-29 20:54:09,042 | INFO | Batch 50 | Loss: 2.2288 | Correct: 26/128 | Elapsed Time: 12.52s
2026-01-29 20:54:21,601 | INFO | Batch 60 | Loss: 2.2288 | Correct: 23/128 | Elapsed Time: 12.56s
2026-01-29 20:54:34,124 | INFO | Batch 70 | Loss: 2.2048 | Correct: 17/128 | Elapsed Time: 12.52s
2026-01-29 20:54:46,603 | INFO | Batch 80 | Loss: 2.1810 | Correct: 25/128 | Elapsed Time: 12.48s
2026-01-29 20:54:59,154 | INFO | Batch 90 | Loss: 2.1692 | Correct: 28/128 | Elapsed Time: 12.55s
2026-01-29 20:55:11,753 | INFO | Batch 100 | Loss: 2.1343 | Correct: 33/128 | Elapsed Time: 12.60s
2026-01-29 20:55:24,205 | INFO | Batch 110 | Loss: 2.1575 | Correct: 24/128 | Elapsed Time: 12.45s
2026-01-29 20:55:36,757 | INFO | Batch 120 | Loss: 2.2048 | Correct: 27/128 | Elapsed Time: 12.55s
2026-01-29 20:55:49,275 | INFO | Batch 130 | Loss: 2.1929 | Correct: 29/128 | Elapsed Time: 12.52s
2026-01-29 20:56:01,717 | INFO | Batch 140 | Loss: 2.1929 | Correct: 21/128 | Elapsed Time: 12.44s
2026-01-29 20:56:14,279 | INFO | Batch 150 | Loss: 2.1459 | Correct: 29/128 | Elapsed Time: 12.56s
2026-01-29 20:56:26,817 | INFO | Batch 160 | Loss: 2.2409 | Correct: 22/128 | Elapsed Time: 12.54s
2026-01-29 20:56:39,283 | INFO | Batch 170 | Loss: 2.1459 | Correct: 26/128 | Elapsed Time: 12.47s
2026-01-29 20:56:51,792 | INFO | Batch 180 | Loss: 2.1692 | Correct: 24/128 | Elapsed Time: 12.51s
2026-01-29 20:57:04,381 | INFO | Batch 190 | Loss: 2.1575 | Correct: 30/128 | Elapsed Time: 12.59s
2026-01-29 20:57:16,848 | INFO | Batch 200 | Loss: 2.1459 | Correct: 26/128 | Elapsed Time: 12.47s
2026-01-29 20:57:29,384 | INFO | Batch 210 | Loss: 2.1575 | Correct: 26/128 | Elapsed Time: 12.54s
2026-01-29 20:57:41,947 | INFO | Batch 220 | Loss: 2.1810 | Correct: 26/128 | Elapsed Time: 12.56s
2026-01-29 20:57:54,400 | INFO | Batch 230 | Loss: 2.1575 | Correct: 26/128 | Elapsed Time: 12.45s
2026-01-29 20:58:07,060 | INFO | Batch 240 | Loss: 2.2409 | Correct: 28/128 | Elapsed Time: 12.66s
2026-01-29 20:58:19,588 | INFO | Batch 250 | Loss: 2.1575 | Correct: 17/128 | Elapsed Time: 12.53s
2026-01-29 20:58:32,101 | INFO | Batch 260 | Loss: 2.2530 | Correct: 22/128 | Elapsed Time: 12.51s
2026-01-29 20:58:44,553 | INFO | Batch 270 | Loss: 2.1113 | Correct: 28/128 | Elapsed Time: 12.45s
2026-01-29 20:58:57,089 | INFO | Batch 280 | Loss: 2.1929 | Correct: 21/128 | Elapsed Time: 12.54s
2026-01-29 20:59:09,693 | INFO | Batch 290 | Loss: 2.2653 | Correct: 27/128 | Elapsed Time: 12.60s
2026-01-29 20:59:22,177 | INFO | Batch 300 | Loss: 2.1343 | Correct: 25/128 | Elapsed Time: 12.48s
2026-01-29 20:59:34,749 | INFO | Batch 310 | Loss: 2.1113 | Correct: 30/128 | Elapsed Time: 12.57s
2026-01-29 20:59:47,336 | INFO | Batch 320 | Loss: 2.2167 | Correct: 20/128 | Elapsed Time: 12.59s
2026-01-29 20:59:59,800 | INFO | Batch 330 | Loss: 2.1343 | Correct: 27/128 | Elapsed Time: 12.46s
2026-01-29 21:00:12,412 | INFO | Batch 340 | Loss: 2.2288 | Correct: 18/128 | Elapsed Time: 12.61s
2026-01-29 21:00:25,194 | INFO | Batch 350 | Loss: 2.1459 | Correct: 23/128 | Elapsed Time: 12.78s
2026-01-29 21:00:37,626 | INFO | Batch 360 | Loss: 2.1343 | Correct: 34/128 | Elapsed Time: 12.43s
2026-01-29 21:00:50,150 | INFO | Batch 370 | Loss: 2.2409 | Correct: 20/128 | Elapsed Time: 12.52s
2026-01-29 21:01:02,769 | INFO | Batch 380 | Loss: 2.1810 | Correct: 23/128 | Elapsed Time: 12.62s
2026-01-29 21:01:15,282 | INFO | Batch 390 | Loss: 2.1343 | Correct: 33/128 | Elapsed Time: 12.51s
2026-01-29 21:01:16,287 | INFO | Epoch [22/100] - Loss: 2.1846 | Correct: 9463/50000 (18.93%, 489.93s)
2026-01-29 21:02:00,920 | INFO | Validation - Loss: 2.3326 | Correct: 1000/10000 (10.00%) (44.63s)
2026-01-29 21:02:13,429 | INFO | Batch 10 | Loss: 2.1228 | Correct: 26/128 | Elapsed Time: 12.51s
2026-01-29 21:02:26,004 | INFO | Batch 20 | Loss: 2.2048 | Correct: 25/128 | Elapsed Time: 12.58s
2026-01-29 21:02:38,566 | INFO | Batch 30 | Loss: 2.2048 | Correct: 24/128 | Elapsed Time: 12.56s
2026-01-29 21:02:51,028 | INFO | Batch 40 | Loss: 2.1810 | Correct: 26/128 | Elapsed Time: 12.46s
2026-01-29 21:03:03,629 | INFO | Batch 50 | Loss: 2.1575 | Correct: 34/128 | Elapsed Time: 12.60s
2026-01-29 21:03:16,192 | INFO | Batch 60 | Loss: 2.1810 | Correct: 21/128 | Elapsed Time: 12.56s
2026-01-29 21:03:28,655 | INFO | Batch 70 | Loss: 2.1810 | Correct: 23/128 | Elapsed Time: 12.46s
2026-01-29 21:03:41,246 | INFO | Batch 80 | Loss: 2.1228 | Correct: 24/128 | Elapsed Time: 12.59s
2026-01-29 21:03:53,842 | INFO | Batch 90 | Loss: 2.1929 | Correct: 28/128 | Elapsed Time: 12.60s
2026-01-29 21:04:06,325 | INFO | Batch 100 | Loss: 2.2653 | Correct: 18/128 | Elapsed Time: 12.48s
2026-01-29 21:04:18,877 | INFO | Batch 110 | Loss: 2.1810 | Correct: 25/128 | Elapsed Time: 12.55s
2026-01-29 21:04:31,432 | INFO | Batch 120 | Loss: 2.1810 | Correct: 21/128 | Elapsed Time: 12.56s
2026-01-29 21:04:43,910 | INFO | Batch 130 | Loss: 2.1228 | Correct: 24/128 | Elapsed Time: 12.48s
2026-01-29 21:04:56,504 | INFO | Batch 140 | Loss: 2.2409 | Correct: 20/128 | Elapsed Time: 12.59s
2026-01-29 21:05:09,156 | INFO | Batch 150 | Loss: 2.1929 | Correct: 20/128 | Elapsed Time: 12.65s
2026-01-29 21:05:21,735 | INFO | Batch 160 | Loss: 2.2409 | Correct: 22/128 | Elapsed Time: 12.58s
2026-01-29 21:05:34,182 | INFO | Batch 170 | Loss: 2.2048 | Correct: 24/128 | Elapsed Time: 12.45s
2026-01-29 21:05:46,749 | INFO | Batch 180 | Loss: 2.1113 | Correct: 34/128 | Elapsed Time: 12.57s
2026-01-29 21:05:59,303 | INFO | Batch 190 | Loss: 2.1228 | Correct: 18/128 | Elapsed Time: 12.55s
2026-01-29 21:06:11,886 | INFO | Batch 200 | Loss: 2.1575 | Correct: 23/128 | Elapsed Time: 12.58s
2026-01-29 21:06:24,454 | INFO | Batch 210 | Loss: 2.1343 | Correct: 29/128 | Elapsed Time: 12.57s
2026-01-29 21:06:37,017 | INFO | Batch 220 | Loss: 2.1575 | Correct: 26/128 | Elapsed Time: 12.56s
2026-01-29 21:06:49,459 | INFO | Batch 230 | Loss: 2.1810 | Correct: 14/128 | Elapsed Time: 12.44s
2026-01-29 21:07:02,031 | INFO | Batch 240 | Loss: 2.1810 | Correct: 26/128 | Elapsed Time: 12.57s
2026-01-29 21:07:14,639 | INFO | Batch 250 | Loss: 2.1575 | Correct: 29/128 | Elapsed Time: 12.61s
2026-01-29 21:07:27,103 | INFO | Batch 260 | Loss: 2.2530 | Correct: 19/128 | Elapsed Time: 12.46s
2026-01-29 21:07:39,645 | INFO | Batch 270 | Loss: 2.2530 | Correct: 21/128 | Elapsed Time: 12.54s
2026-01-29 21:07:52,218 | INFO | Batch 280 | Loss: 2.2167 | Correct: 22/128 | Elapsed Time: 12.57s
2026-01-29 21:08:04,719 | INFO | Batch 290 | Loss: 2.1692 | Correct: 27/128 | Elapsed Time: 12.50s
2026-01-29 21:08:17,279 | INFO | Batch 300 | Loss: 2.1575 | Correct: 28/128 | Elapsed Time: 12.56s
2026-01-29 21:08:29,832 | INFO | Batch 310 | Loss: 2.2409 | Correct: 26/128 | Elapsed Time: 12.55s
2026-01-29 21:08:42,314 | INFO | Batch 320 | Loss: 2.1810 | Correct: 29/128 | Elapsed Time: 12.48s
2026-01-29 21:08:54,890 | INFO | Batch 330 | Loss: 2.2530 | Correct: 25/128 | Elapsed Time: 12.58s
2026-01-29 21:09:07,544 | INFO | Batch 340 | Loss: 2.2167 | Correct: 26/128 | Elapsed Time: 12.65s
2026-01-29 21:09:20,021 | INFO | Batch 350 | Loss: 2.1810 | Correct: 17/128 | Elapsed Time: 12.48s
2026-01-29 21:09:32,552 | INFO | Batch 360 | Loss: 2.1692 | Correct: 30/128 | Elapsed Time: 12.53s
2026-01-29 21:09:45,126 | INFO | Batch 370 | Loss: 2.2288 | Correct: 20/128 | Elapsed Time: 12.57s
2026-01-29 21:09:57,567 | INFO | Batch 380 | Loss: 2.2409 | Correct: 25/128 | Elapsed Time: 12.44s
2026-01-29 21:10:10,191 | INFO | Batch 390 | Loss: 2.2288 | Correct: 21/128 | Elapsed Time: 12.62s
2026-01-29 21:10:11,190 | INFO | Epoch [23/100] - Loss: 2.1842 | Correct: 9526/50000 (19.05%, 490.27s)
2026-01-29 21:10:56,445 | INFO | Validation - Loss: 2.3314 | Correct: 1000/10000 (10.00%) (45.25s)
2026-01-29 21:11:09,088 | INFO | Batch 10 | Loss: 2.2409 | Correct: 22/128 | Elapsed Time: 12.64s
2026-01-29 21:11:21,677 | INFO | Batch 20 | Loss: 2.1810 | Correct: 23/128 | Elapsed Time: 12.59s
2026-01-29 21:11:34,133 | INFO | Batch 30 | Loss: 2.1575 | Correct: 26/128 | Elapsed Time: 12.46s
2026-01-29 21:11:46,690 | INFO | Batch 40 | Loss: 2.2167 | Correct: 27/128 | Elapsed Time: 12.56s
2026-01-29 21:11:59,252 | INFO | Batch 50 | Loss: 2.1459 | Correct: 24/128 | Elapsed Time: 12.56s
2026-01-29 21:12:11,817 | INFO | Batch 60 | Loss: 2.1575 | Correct: 24/128 | Elapsed Time: 12.57s
2026-01-29 21:12:24,395 | INFO | Batch 70 | Loss: 2.1929 | Correct: 21/128 | Elapsed Time: 12.58s
2026-01-29 21:12:36,955 | INFO | Batch 80 | Loss: 2.1575 | Correct: 29/128 | Elapsed Time: 12.56s
2026-01-29 21:12:49,393 | INFO | Batch 90 | Loss: 2.1228 | Correct: 21/128 | Elapsed Time: 12.44s
2026-01-29 21:13:01,967 | INFO | Batch 100 | Loss: 2.2048 | Correct: 26/128 | Elapsed Time: 12.57s
2026-01-29 21:13:14,539 | INFO | Batch 110 | Loss: 2.2288 | Correct: 21/128 | Elapsed Time: 12.57s
2026-01-29 21:13:27,005 | INFO | Batch 120 | Loss: 2.2288 | Correct: 24/128 | Elapsed Time: 12.47s
2026-01-29 21:13:39,549 | INFO | Batch 130 | Loss: 2.1810 | Correct: 23/128 | Elapsed Time: 12.54s
2026-01-29 21:13:52,089 | INFO | Batch 140 | Loss: 2.1810 | Correct: 32/128 | Elapsed Time: 12.54s
2026-01-29 21:14:04,661 | INFO | Batch 150 | Loss: 2.2530 | Correct: 17/128 | Elapsed Time: 12.57s
2026-01-29 21:14:17,219 | INFO | Batch 160 | Loss: 2.2167 | Correct: 34/128 | Elapsed Time: 12.56s
2026-01-29 21:14:29,754 | INFO | Batch 170 | Loss: 2.2048 | Correct: 23/128 | Elapsed Time: 12.54s
2026-01-29 21:14:42,209 | INFO | Batch 180 | Loss: 2.1810 | Correct: 25/128 | Elapsed Time: 12.46s
2026-01-29 21:14:54,766 | INFO | Batch 190 | Loss: 2.1575 | Correct: 27/128 | Elapsed Time: 12.56s
2026-01-29 21:15:07,387 | INFO | Batch 200 | Loss: 2.2288 | Correct: 21/128 | Elapsed Time: 12.62s
2026-01-29 21:15:19,854 | INFO | Batch 210 | Loss: 2.2048 | Correct: 26/128 | Elapsed Time: 12.47s
2026-01-29 21:15:32,426 | INFO | Batch 220 | Loss: 2.3024 | Correct: 22/128 | Elapsed Time: 12.57s
2026-01-29 21:15:44,964 | INFO | Batch 230 | Loss: 2.1929 | Correct: 20/128 | Elapsed Time: 12.54s
2026-01-29 21:15:57,488 | INFO | Batch 240 | Loss: 2.1810 | Correct: 22/128 | Elapsed Time: 12.52s
2026-01-29 21:16:10,001 | INFO | Batch 250 | Loss: 2.1459 | Correct: 27/128 | Elapsed Time: 12.51s
2026-01-29 21:16:22,585 | INFO | Batch 260 | Loss: 2.1692 | Correct: 29/128 | Elapsed Time: 12.58s
2026-01-29 21:16:35,115 | INFO | Batch 270 | Loss: 2.2048 | Correct: 22/128 | Elapsed Time: 12.53s
2026-01-29 21:16:47,561 | INFO | Batch 280 | Loss: 2.2530 | Correct: 19/128 | Elapsed Time: 12.45s
2026-01-29 21:17:00,075 | INFO | Batch 290 | Loss: 2.1929 | Correct: 23/128 | Elapsed Time: 12.51s
2026-01-29 21:17:12,685 | INFO | Batch 300 | Loss: 2.1228 | Correct: 28/128 | Elapsed Time: 12.61s
2026-01-29 21:17:25,159 | INFO | Batch 310 | Loss: 2.1810 | Correct: 27/128 | Elapsed Time: 12.47s
2026-01-29 21:17:37,736 | INFO | Batch 320 | Loss: 2.1929 | Correct: 20/128 | Elapsed Time: 12.58s
2026-01-29 21:17:50,287 | INFO | Batch 330 | Loss: 2.1929 | Correct: 28/128 | Elapsed Time: 12.55s
2026-01-29 21:18:02,754 | INFO | Batch 340 | Loss: 2.1692 | Correct: 19/128 | Elapsed Time: 12.47s
2026-01-29 21:18:15,373 | INFO | Batch 350 | Loss: 2.2167 | Correct: 23/128 | Elapsed Time: 12.62s
2026-01-29 21:18:27,929 | INFO | Batch 360 | Loss: 2.2409 | Correct: 22/128 | Elapsed Time: 12.56s
2026-01-29 21:18:40,378 | INFO | Batch 370 | Loss: 2.1692 | Correct: 24/128 | Elapsed Time: 12.45s
2026-01-29 21:18:52,904 | INFO | Batch 380 | Loss: 2.1692 | Correct: 24/128 | Elapsed Time: 12.53s
2026-01-29 21:19:05,551 | INFO | Batch 390 | Loss: 2.1343 | Correct: 21/128 | Elapsed Time: 12.65s
2026-01-29 21:19:06,547 | INFO | Epoch [24/100] - Loss: 2.1900 | Correct: 9434/50000 (18.87%, 490.10s)
2026-01-29 21:19:51,138 | INFO | Validation - Loss: 2.3288 | Correct: 1000/10000 (10.00%) (44.59s)
2026-01-29 21:20:03,696 | INFO | Batch 10 | Loss: 2.2776 | Correct: 26/128 | Elapsed Time: 12.56s
2026-01-29 21:20:16,307 | INFO | Batch 20 | Loss: 2.1459 | Correct: 23/128 | Elapsed Time: 12.61s
2026-01-29 21:20:29,036 | INFO | Batch 30 | Loss: 2.1228 | Correct: 29/128 | Elapsed Time: 12.73s
2026-01-29 21:20:41,607 | INFO | Batch 40 | Loss: 2.2409 | Correct: 21/128 | Elapsed Time: 12.57s
2026-01-29 21:20:54,055 | INFO | Batch 50 | Loss: 2.3024 | Correct: 22/128 | Elapsed Time: 12.45s
2026-01-29 21:21:06,676 | INFO | Batch 60 | Loss: 2.1459 | Correct: 34/128 | Elapsed Time: 12.62s
2026-01-29 21:21:19,235 | INFO | Batch 70 | Loss: 2.2530 | Correct: 19/128 | Elapsed Time: 12.56s
2026-01-29 21:21:31,692 | INFO | Batch 80 | Loss: 2.1459 | Correct: 30/128 | Elapsed Time: 12.46s
2026-01-29 21:21:44,266 | INFO | Batch 90 | Loss: 2.1459 | Correct: 21/128 | Elapsed Time: 12.57s
2026-01-29 21:21:56,835 | INFO | Batch 100 | Loss: 2.2776 | Correct: 27/128 | Elapsed Time: 12.57s
2026-01-29 21:22:09,411 | INFO | Batch 110 | Loss: 2.1228 | Correct: 30/128 | Elapsed Time: 12.58s
2026-01-29 21:22:21,978 | INFO | Batch 120 | Loss: 2.0773 | Correct: 38/128 | Elapsed Time: 12.57s
2026-01-29 21:22:34,545 | INFO | Batch 130 | Loss: 2.1929 | Correct: 30/128 | Elapsed Time: 12.57s
2026-01-29 21:22:47,033 | INFO | Batch 140 | Loss: 2.2288 | Correct: 25/128 | Elapsed Time: 12.49s
2026-01-29 21:22:59,554 | INFO | Batch 150 | Loss: 2.2288 | Correct: 25/128 | Elapsed Time: 12.52s
2026-01-29 21:23:12,153 | INFO | Batch 160 | Loss: 2.0549 | Correct: 33/128 | Elapsed Time: 12.60s
2026-01-29 21:23:24,600 | INFO | Batch 170 | Loss: 2.1692 | Correct: 21/128 | Elapsed Time: 12.45s
2026-01-29 21:23:37,162 | INFO | Batch 180 | Loss: 2.1810 | Correct: 26/128 | Elapsed Time: 12.56s
2026-01-29 21:23:49,734 | INFO | Batch 190 | Loss: 2.2167 | Correct: 22/128 | Elapsed Time: 12.57s
2026-01-29 21:24:02,201 | INFO | Batch 200 | Loss: 2.2530 | Correct: 19/128 | Elapsed Time: 12.47s
2026-01-29 21:24:14,788 | INFO | Batch 210 | Loss: 2.2048 | Correct: 25/128 | Elapsed Time: 12.59s
2026-01-29 21:24:27,346 | INFO | Batch 220 | Loss: 2.2409 | Correct: 22/128 | Elapsed Time: 12.56s
2026-01-29 21:24:39,816 | INFO | Batch 230 | Loss: 2.1575 | Correct: 25/128 | Elapsed Time: 12.47s
2026-01-29 21:24:52,390 | INFO | Batch 240 | Loss: 2.2530 | Correct: 21/128 | Elapsed Time: 12.57s
2026-01-29 21:25:05,053 | INFO | Batch 250 | Loss: 2.2048 | Correct: 17/128 | Elapsed Time: 12.66s
2026-01-29 21:25:17,510 | INFO | Batch 260 | Loss: 2.1343 | Correct: 27/128 | Elapsed Time: 12.46s
2026-01-29 21:25:30,091 | INFO | Batch 270 | Loss: 2.2048 | Correct: 22/128 | Elapsed Time: 12.58s
2026-01-29 21:25:42,656 | INFO | Batch 280 | Loss: 2.1929 | Correct: 20/128 | Elapsed Time: 12.56s
2026-01-29 21:25:55,157 | INFO | Batch 290 | Loss: 2.2288 | Correct: 18/128 | Elapsed Time: 12.50s
2026-01-29 21:26:07,805 | INFO | Batch 300 | Loss: 2.1929 | Correct: 25/128 | Elapsed Time: 12.65s
2026-01-29 21:26:20,389 | INFO | Batch 310 | Loss: 2.1459 | Correct: 25/128 | Elapsed Time: 12.58s
2026-01-29 21:26:32,912 | INFO | Batch 320 | Loss: 2.2409 | Correct: 21/128 | Elapsed Time: 12.52s
2026-01-29 21:26:45,365 | INFO | Batch 330 | Loss: 2.0885 | Correct: 28/128 | Elapsed Time: 12.45s
2026-01-29 21:26:57,897 | INFO | Batch 340 | Loss: 2.2899 | Correct: 22/128 | Elapsed Time: 12.53s
2026-01-29 21:27:10,505 | INFO | Batch 350 | Loss: 2.2288 | Correct: 21/128 | Elapsed Time: 12.61s
2026-01-29 21:27:22,984 | INFO | Batch 360 | Loss: 2.2409 | Correct: 16/128 | Elapsed Time: 12.48s
2026-01-29 21:27:35,499 | INFO | Batch 370 | Loss: 2.1343 | Correct: 27/128 | Elapsed Time: 12.51s
2026-01-29 21:27:48,014 | INFO | Batch 380 | Loss: 2.0885 | Correct: 23/128 | Elapsed Time: 12.51s
2026-01-29 21:28:00,559 | INFO | Batch 390 | Loss: 2.1929 | Correct: 21/128 | Elapsed Time: 12.55s
2026-01-29 21:28:01,573 | INFO | Epoch [25/100] - Loss: 2.1895 | Correct: 9461/50000 (18.92%, 490.43s)
2026-01-29 21:28:46,088 | INFO | Validation - Loss: 2.3644 | Correct: 1000/10000 (10.00%) (44.51s)
2026-01-29 21:28:58,662 | INFO | Batch 10 | Loss: 2.1929 | Correct: 24/128 | Elapsed Time: 12.57s
2026-01-29 21:29:11,274 | INFO | Batch 20 | Loss: 2.1228 | Correct: 28/128 | Elapsed Time: 12.61s
2026-01-29 21:29:23,784 | INFO | Batch 30 | Loss: 2.0999 | Correct: 33/128 | Elapsed Time: 12.51s
2026-01-29 21:29:36,350 | INFO | Batch 40 | Loss: 2.1692 | Correct: 26/128 | Elapsed Time: 12.57s
2026-01-29 21:29:48,861 | INFO | Batch 50 | Loss: 2.1575 | Correct: 25/128 | Elapsed Time: 12.51s
2026-01-29 21:30:01,395 | INFO | Batch 60 | Loss: 2.1929 | Correct: 25/128 | Elapsed Time: 12.53s
2026-01-29 21:30:13,897 | INFO | Batch 70 | Loss: 2.2776 | Correct: 19/128 | Elapsed Time: 12.50s
2026-01-29 21:30:26,754 | INFO | Batch 80 | Loss: 2.2776 | Correct: 19/128 | Elapsed Time: 12.86s
2026-01-29 21:30:39,318 | INFO | Batch 90 | Loss: 2.2048 | Correct: 24/128 | Elapsed Time: 12.56s
2026-01-29 21:30:51,782 | INFO | Batch 100 | Loss: 2.2409 | Correct: 21/128 | Elapsed Time: 12.46s
2026-01-29 21:31:04,409 | INFO | Batch 110 | Loss: 2.2167 | Correct: 17/128 | Elapsed Time: 12.63s
2026-01-29 21:31:16,964 | INFO | Batch 120 | Loss: 2.0773 | Correct: 32/128 | Elapsed Time: 12.55s
2026-01-29 21:31:29,418 | INFO | Batch 130 | Loss: 2.2653 | Correct: 24/128 | Elapsed Time: 12.45s
2026-01-29 21:31:41,919 | INFO | Batch 140 | Loss: 2.1575 | Correct: 25/128 | Elapsed Time: 12.50s
2026-01-29 21:31:54,461 | INFO | Batch 150 | Loss: 2.1692 | Correct: 32/128 | Elapsed Time: 12.54s
2026-01-29 21:32:06,935 | INFO | Batch 160 | Loss: 2.2048 | Correct: 26/128 | Elapsed Time: 12.47s
2026-01-29 21:32:19,488 | INFO | Batch 170 | Loss: 2.2288 | Correct: 22/128 | Elapsed Time: 12.55s
2026-01-29 21:32:32,053 | INFO | Batch 180 | Loss: 2.2288 | Correct: 24/128 | Elapsed Time: 12.56s
2026-01-29 21:32:44,488 | INFO | Batch 190 | Loss: 2.1113 | Correct: 32/128 | Elapsed Time: 12.44s
2026-01-29 21:32:57,020 | INFO | Batch 200 | Loss: 2.1929 | Correct: 20/128 | Elapsed Time: 12.53s
2026-01-29 21:33:09,684 | INFO | Batch 210 | Loss: 2.1810 | Correct: 28/128 | Elapsed Time: 12.66s
2026-01-29 21:33:22,136 | INFO | Batch 220 | Loss: 2.3401 | Correct: 13/128 | Elapsed Time: 12.45s
2026-01-29 21:33:34,664 | INFO | Batch 230 | Loss: 2.2530 | Correct: 17/128 | Elapsed Time: 12.53s
2026-01-29 21:33:47,183 | INFO | Batch 240 | Loss: 2.1929 | Correct: 29/128 | Elapsed Time: 12.52s
2026-01-29 21:33:59,621 | INFO | Batch 250 | Loss: 2.1228 | Correct: 30/128 | Elapsed Time: 12.44s
2026-01-29 21:34:12,207 | INFO | Batch 260 | Loss: 2.1228 | Correct: 26/128 | Elapsed Time: 12.59s
2026-01-29 21:34:24,748 | INFO | Batch 270 | Loss: 2.2167 | Correct: 25/128 | Elapsed Time: 12.54s
2026-01-29 21:34:37,246 | INFO | Batch 280 | Loss: 2.1929 | Correct: 26/128 | Elapsed Time: 12.50s
2026-01-29 21:34:49,661 | INFO | Batch 290 | Loss: 2.1810 | Correct: 25/128 | Elapsed Time: 12.42s
2026-01-29 21:35:02,229 | INFO | Batch 300 | Loss: 2.2409 | Correct: 17/128 | Elapsed Time: 12.57s
2026-01-29 21:35:14,834 | INFO | Batch 310 | Loss: 2.2167 | Correct: 18/128 | Elapsed Time: 12.60s
2026-01-29 21:35:27,294 | INFO | Batch 320 | Loss: 2.1575 | Correct: 23/128 | Elapsed Time: 12.46s
2026-01-29 21:35:39,824 | INFO | Batch 330 | Loss: 2.2288 | Correct: 22/128 | Elapsed Time: 12.53s
2026-01-29 21:35:52,361 | INFO | Batch 340 | Loss: 2.2167 | Correct: 25/128 | Elapsed Time: 12.54s
2026-01-29 21:36:04,844 | INFO | Batch 350 | Loss: 2.2288 | Correct: 24/128 | Elapsed Time: 12.48s
2026-01-29 21:36:17,431 | INFO | Batch 360 | Loss: 2.1692 | Correct: 28/128 | Elapsed Time: 12.59s
2026-01-29 21:36:30,020 | INFO | Batch 370 | Loss: 2.2048 | Correct: 25/128 | Elapsed Time: 12.59s
2026-01-29 21:36:42,488 | INFO | Batch 380 | Loss: 2.1692 | Correct: 25/128 | Elapsed Time: 12.47s
2026-01-29 21:36:55,042 | INFO | Batch 390 | Loss: 2.1459 | Correct: 24/128 | Elapsed Time: 12.55s
2026-01-29 21:36:56,041 | INFO | Epoch [26/100] - Loss: 2.1899 | Correct: 9362/50000 (18.72%, 489.95s)
2026-01-29 21:37:40,737 | INFO | Validation - Loss: 2.3455 | Correct: 1000/10000 (10.00%) (44.70s)
2026-01-29 21:37:53,284 | INFO | Batch 10 | Loss: 2.1459 | Correct: 26/128 | Elapsed Time: 12.55s
2026-01-29 21:38:05,780 | INFO | Batch 20 | Loss: 2.1810 | Correct: 31/128 | Elapsed Time: 12.50s
2026-01-29 21:38:18,352 | INFO | Batch 30 | Loss: 2.3528 | Correct: 18/128 | Elapsed Time: 12.57s
2026-01-29 21:38:30,895 | INFO | Batch 40 | Loss: 2.2288 | Correct: 27/128 | Elapsed Time: 12.54s
2026-01-29 21:38:43,353 | INFO | Batch 50 | Loss: 2.2530 | Correct: 21/128 | Elapsed Time: 12.46s
2026-01-29 21:38:55,899 | INFO | Batch 60 | Loss: 2.1810 | Correct: 25/128 | Elapsed Time: 12.55s
2026-01-29 21:39:08,488 | INFO | Batch 70 | Loss: 2.2167 | Correct: 25/128 | Elapsed Time: 12.59s
2026-01-29 21:39:20,969 | INFO | Batch 80 | Loss: 2.2409 | Correct: 21/128 | Elapsed Time: 12.48s
2026-01-29 21:39:33,472 | INFO | Batch 90 | Loss: 2.1929 | Correct: 29/128 | Elapsed Time: 12.50s
2026-01-29 21:39:46,025 | INFO | Batch 100 | Loss: 2.1692 | Correct: 22/128 | Elapsed Time: 12.55s
2026-01-29 21:39:58,540 | INFO | Batch 110 | Loss: 2.1343 | Correct: 27/128 | Elapsed Time: 12.52s
2026-01-29 21:40:11,028 | INFO | Batch 120 | Loss: 2.2048 | Correct: 28/128 | Elapsed Time: 12.49s
2026-01-29 21:40:24,127 | INFO | Batch 130 | Loss: 2.2776 | Correct: 19/128 | Elapsed Time: 13.10s
2026-01-29 21:40:36,718 | INFO | Batch 140 | Loss: 2.1692 | Correct: 24/128 | Elapsed Time: 12.59s
2026-01-29 21:40:49,156 | INFO | Batch 150 | Loss: 2.2653 | Correct: 29/128 | Elapsed Time: 12.44s
2026-01-29 21:41:01,722 | INFO | Batch 160 | Loss: 2.1459 | Correct: 33/128 | Elapsed Time: 12.57s
2026-01-29 21:41:14,335 | INFO | Batch 170 | Loss: 2.1692 | Correct: 20/128 | Elapsed Time: 12.61s
2026-01-29 21:41:26,862 | INFO | Batch 180 | Loss: 2.1575 | Correct: 28/128 | Elapsed Time: 12.53s
2026-01-29 21:41:39,422 | INFO | Batch 190 | Loss: 2.2530 | Correct: 20/128 | Elapsed Time: 12.56s
2026-01-29 21:41:51,967 | INFO | Batch 200 | Loss: 2.2409 | Correct: 26/128 | Elapsed Time: 12.55s
2026-01-29 21:42:04,454 | INFO | Batch 210 | Loss: 2.1692 | Correct: 25/128 | Elapsed Time: 12.49s
2026-01-29 21:42:16,996 | INFO | Batch 220 | Loss: 2.1929 | Correct: 25/128 | Elapsed Time: 12.54s
2026-01-29 21:42:29,604 | INFO | Batch 230 | Loss: 2.2048 | Correct: 26/128 | Elapsed Time: 12.61s
2026-01-29 21:42:42,039 | INFO | Batch 240 | Loss: 2.1692 | Correct: 23/128 | Elapsed Time: 12.43s
2026-01-29 21:42:54,589 | INFO | Batch 250 | Loss: 2.2530 | Correct: 18/128 | Elapsed Time: 12.55s
2026-01-29 21:43:07,219 | INFO | Batch 260 | Loss: 2.1228 | Correct: 38/128 | Elapsed Time: 12.63s
2026-01-29 21:43:19,666 | INFO | Batch 270 | Loss: 2.3149 | Correct: 15/128 | Elapsed Time: 12.45s
2026-01-29 21:43:32,198 | INFO | Batch 280 | Loss: 2.1810 | Correct: 28/128 | Elapsed Time: 12.53s
2026-01-29 21:43:44,748 | INFO | Batch 290 | Loss: 2.2048 | Correct: 25/128 | Elapsed Time: 12.55s
2026-01-29 21:43:57,226 | INFO | Batch 300 | Loss: 2.2167 | Correct: 28/128 | Elapsed Time: 12.48s
2026-01-29 21:44:09,842 | INFO | Batch 310 | Loss: 2.2167 | Correct: 27/128 | Elapsed Time: 12.62s
2026-01-29 21:44:22,435 | INFO | Batch 320 | Loss: 2.2288 | Correct: 17/128 | Elapsed Time: 12.59s
2026-01-29 21:44:34,970 | INFO | Batch 330 | Loss: 2.2653 | Correct: 17/128 | Elapsed Time: 12.53s
2026-01-29 21:44:47,420 | INFO | Batch 340 | Loss: 2.2048 | Correct: 19/128 | Elapsed Time: 12.45s
2026-01-29 21:44:59,968 | INFO | Batch 350 | Loss: 2.1929 | Correct: 25/128 | Elapsed Time: 12.55s
2026-01-29 21:45:12,569 | INFO | Batch 360 | Loss: 2.1929 | Correct: 24/128 | Elapsed Time: 12.60s
2026-01-29 21:45:25,007 | INFO | Batch 370 | Loss: 2.2776 | Correct: 18/128 | Elapsed Time: 12.44s
2026-01-29 21:45:37,584 | INFO | Batch 380 | Loss: 2.2288 | Correct: 22/128 | Elapsed Time: 12.58s
2026-01-29 21:45:50,147 | INFO | Batch 390 | Loss: 2.1113 | Correct: 24/128 | Elapsed Time: 12.56s
2026-01-29 21:45:51,140 | INFO | Epoch [27/100] - Loss: 2.1980 | Correct: 9317/50000 (18.63%, 490.40s)
2026-01-29 21:46:35,721 | INFO | Validation - Loss: 2.3286 | Correct: 1000/10000 (10.00%) (44.58s)
2026-01-29 21:46:48,176 | INFO | Batch 10 | Loss: 2.1459 | Correct: 25/128 | Elapsed Time: 12.45s
2026-01-29 21:47:00,703 | INFO | Batch 20 | Loss: 2.2530 | Correct: 23/128 | Elapsed Time: 12.53s
2026-01-29 21:47:13,290 | INFO | Batch 30 | Loss: 2.1929 | Correct: 26/128 | Elapsed Time: 12.59s
2026-01-29 21:47:25,744 | INFO | Batch 40 | Loss: 2.2167 | Correct: 23/128 | Elapsed Time: 12.45s
2026-01-29 21:47:38,307 | INFO | Batch 50 | Loss: 2.2530 | Correct: 23/128 | Elapsed Time: 12.56s
2026-01-29 21:47:50,864 | INFO | Batch 60 | Loss: 2.2653 | Correct: 19/128 | Elapsed Time: 12.56s
2026-01-29 21:48:03,394 | INFO | Batch 70 | Loss: 2.1575 | Correct: 21/128 | Elapsed Time: 12.53s
2026-01-29 21:48:15,935 | INFO | Batch 80 | Loss: 2.1343 | Correct: 24/128 | Elapsed Time: 12.54s
2026-01-29 21:48:28,508 | INFO | Batch 90 | Loss: 2.1929 | Correct: 31/128 | Elapsed Time: 12.57s
2026-01-29 21:48:40,958 | INFO | Batch 100 | Loss: 2.1228 | Correct: 31/128 | Elapsed Time: 12.45s
2026-01-29 21:48:53,533 | INFO | Batch 110 | Loss: 2.2048 | Correct: 21/128 | Elapsed Time: 12.58s
2026-01-29 21:49:06,082 | INFO | Batch 120 | Loss: 2.2048 | Correct: 29/128 | Elapsed Time: 12.55s
2026-01-29 21:49:18,520 | INFO | Batch 130 | Loss: 2.2409 | Correct: 26/128 | Elapsed Time: 12.44s
2026-01-29 21:49:31,058 | INFO | Batch 140 | Loss: 2.2048 | Correct: 30/128 | Elapsed Time: 12.54s
2026-01-29 21:49:43,595 | INFO | Batch 150 | Loss: 2.2048 | Correct: 24/128 | Elapsed Time: 12.54s
2026-01-29 21:49:56,019 | INFO | Batch 160 | Loss: 2.2530 | Correct: 20/128 | Elapsed Time: 12.42s
2026-01-29 21:50:08,601 | INFO | Batch 170 | Loss: 2.1228 | Correct: 27/128 | Elapsed Time: 12.58s
2026-01-29 21:50:21,322 | INFO | Batch 180 | Loss: 2.1228 | Correct: 29/128 | Elapsed Time: 12.72s
2026-01-29 21:50:33,850 | INFO | Batch 190 | Loss: 2.2409 | Correct: 26/128 | Elapsed Time: 12.53s
2026-01-29 21:50:46,384 | INFO | Batch 200 | Loss: 2.1113 | Correct: 30/128 | Elapsed Time: 12.53s
2026-01-29 21:50:58,985 | INFO | Batch 210 | Loss: 2.2409 | Correct: 28/128 | Elapsed Time: 12.60s
2026-01-29 21:51:11,606 | INFO | Batch 220 | Loss: 2.2048 | Correct: 23/128 | Elapsed Time: 12.62s
2026-01-29 21:51:24,072 | INFO | Batch 230 | Loss: 2.2409 | Correct: 20/128 | Elapsed Time: 12.47s
2026-01-29 21:51:36,636 | INFO | Batch 240 | Loss: 2.1810 | Correct: 20/128 | Elapsed Time: 12.56s
2026-01-29 21:51:49,194 | INFO | Batch 250 | Loss: 2.1343 | Correct: 31/128 | Elapsed Time: 12.56s
2026-01-29 21:52:01,662 | INFO | Batch 260 | Loss: 2.1692 | Correct: 24/128 | Elapsed Time: 12.47s
2026-01-29 21:52:14,312 | INFO | Batch 270 | Loss: 2.0773 | Correct: 24/128 | Elapsed Time: 12.65s
2026-01-29 21:52:26,856 | INFO | Batch 280 | Loss: 2.2653 | Correct: 18/128 | Elapsed Time: 12.54s
2026-01-29 21:52:39,323 | INFO | Batch 290 | Loss: 2.3149 | Correct: 21/128 | Elapsed Time: 12.47s
2026-01-29 21:52:51,866 | INFO | Batch 300 | Loss: 2.2167 | Correct: 24/128 | Elapsed Time: 12.54s
2026-01-29 21:53:04,495 | INFO | Batch 310 | Loss: 2.1692 | Correct: 25/128 | Elapsed Time: 12.63s
2026-01-29 21:53:16,931 | INFO | Batch 320 | Loss: 2.2653 | Correct: 25/128 | Elapsed Time: 12.44s
2026-01-29 21:53:29,457 | INFO | Batch 330 | Loss: 2.2899 | Correct: 13/128 | Elapsed Time: 12.53s
2026-01-29 21:53:41,975 | INFO | Batch 340 | Loss: 2.2167 | Correct: 24/128 | Elapsed Time: 12.52s
2026-01-29 21:53:54,430 | INFO | Batch 350 | Loss: 2.3149 | Correct: 16/128 | Elapsed Time: 12.46s
2026-01-29 21:54:07,069 | INFO | Batch 360 | Loss: 2.2409 | Correct: 22/128 | Elapsed Time: 12.64s
2026-01-29 21:54:19,589 | INFO | Batch 370 | Loss: 2.2048 | Correct: 19/128 | Elapsed Time: 12.52s
2026-01-29 21:54:32,044 | INFO | Batch 380 | Loss: 2.2167 | Correct: 25/128 | Elapsed Time: 12.46s
2026-01-29 21:54:44,614 | INFO | Batch 390 | Loss: 2.2288 | Correct: 21/128 | Elapsed Time: 12.57s
2026-01-29 21:54:45,611 | INFO | Epoch [28/100] - Loss: 2.1971 | Correct: 9268/50000 (18.54%, 489.89s)
2026-01-29 21:55:30,334 | INFO | Validation - Loss: 2.3492 | Correct: 1000/10000 (10.00%) (44.72s)
2026-01-29 21:55:42,895 | INFO | Batch 10 | Loss: 2.1692 | Correct: 27/128 | Elapsed Time: 12.56s
2026-01-29 21:55:55,423 | INFO | Batch 20 | Loss: 2.1929 | Correct: 26/128 | Elapsed Time: 12.53s
2026-01-29 21:56:07,929 | INFO | Batch 30 | Loss: 2.1929 | Correct: 24/128 | Elapsed Time: 12.51s
2026-01-29 21:56:20,455 | INFO | Batch 40 | Loss: 2.1459 | Correct: 23/128 | Elapsed Time: 12.53s
2026-01-29 21:56:33,017 | INFO | Batch 50 | Loss: 2.2048 | Correct: 19/128 | Elapsed Time: 12.56s
2026-01-29 21:56:45,424 | INFO | Batch 60 | Loss: 2.2653 | Correct: 15/128 | Elapsed Time: 12.41s
2026-01-29 21:56:57,971 | INFO | Batch 70 | Loss: 2.2409 | Correct: 20/128 | Elapsed Time: 12.55s
2026-01-29 21:57:10,604 | INFO | Batch 80 | Loss: 2.2288 | Correct: 20/128 | Elapsed Time: 12.63s
2026-01-29 21:57:23,090 | INFO | Batch 90 | Loss: 2.1343 | Correct: 26/128 | Elapsed Time: 12.49s
2026-01-29 21:57:35,640 | INFO | Batch 100 | Loss: 2.2048 | Correct: 23/128 | Elapsed Time: 12.55s
2026-01-29 21:57:48,221 | INFO | Batch 110 | Loss: 2.2288 | Correct: 19/128 | Elapsed Time: 12.58s
2026-01-29 21:58:00,699 | INFO | Batch 120 | Loss: 2.1810 | Correct: 21/128 | Elapsed Time: 12.48s
2026-01-29 21:58:13,284 | INFO | Batch 130 | Loss: 2.1228 | Correct: 28/128 | Elapsed Time: 12.59s
2026-01-29 21:58:25,848 | INFO | Batch 140 | Loss: 2.2048 | Correct: 18/128 | Elapsed Time: 12.56s
2026-01-29 21:58:38,321 | INFO | Batch 150 | Loss: 2.2167 | Correct: 23/128 | Elapsed Time: 12.47s
2026-01-29 21:58:50,849 | INFO | Batch 160 | Loss: 2.2776 | Correct: 24/128 | Elapsed Time: 12.53s
2026-01-29 21:59:03,454 | INFO | Batch 170 | Loss: 2.2048 | Correct: 25/128 | Elapsed Time: 12.60s
2026-01-29 21:59:15,908 | INFO | Batch 180 | Loss: 2.1810 | Correct: 23/128 | Elapsed Time: 12.45s
2026-01-29 21:59:28,451 | INFO | Batch 190 | Loss: 2.1343 | Correct: 32/128 | Elapsed Time: 12.54s
2026-01-29 21:59:40,985 | INFO | Batch 200 | Loss: 2.1810 | Correct: 19/128 | Elapsed Time: 12.53s
2026-01-29 21:59:53,478 | INFO | Batch 210 | Loss: 2.2409 | Correct: 18/128 | Elapsed Time: 12.49s
2026-01-29 22:00:06,108 | INFO | Batch 220 | Loss: 2.1575 | Correct: 23/128 | Elapsed Time: 12.63s
2026-01-29 22:00:18,808 | INFO | Batch 230 | Loss: 2.2653 | Correct: 21/128 | Elapsed Time: 12.70s
2026-01-29 22:00:31,336 | INFO | Batch 240 | Loss: 2.1692 | Correct: 25/128 | Elapsed Time: 12.53s
2026-01-29 22:00:43,838 | INFO | Batch 250 | Loss: 2.1810 | Correct: 23/128 | Elapsed Time: 12.50s
2026-01-29 22:00:56,415 | INFO | Batch 260 | Loss: 2.2167 | Correct: 16/128 | Elapsed Time: 12.58s
2026-01-29 22:01:08,975 | INFO | Batch 270 | Loss: 2.2288 | Correct: 30/128 | Elapsed Time: 12.56s
2026-01-29 22:01:21,507 | INFO | Batch 280 | Loss: 2.2653 | Correct: 22/128 | Elapsed Time: 12.53s
2026-01-29 22:01:34,053 | INFO | Batch 290 | Loss: 2.2288 | Correct: 23/128 | Elapsed Time: 12.55s
2026-01-29 22:01:46,570 | INFO | Batch 300 | Loss: 2.2653 | Correct: 20/128 | Elapsed Time: 12.52s
2026-01-29 22:01:59,026 | INFO | Batch 310 | Loss: 2.1810 | Correct: 22/128 | Elapsed Time: 12.46s
2026-01-29 22:02:11,631 | INFO | Batch 320 | Loss: 2.2288 | Correct: 21/128 | Elapsed Time: 12.61s
2026-01-29 22:02:24,179 | INFO | Batch 330 | Loss: 2.2288 | Correct: 23/128 | Elapsed Time: 12.55s
2026-01-29 22:02:36,606 | INFO | Batch 340 | Loss: 2.1575 | Correct: 29/128 | Elapsed Time: 12.43s
2026-01-29 22:02:49,151 | INFO | Batch 350 | Loss: 2.1929 | Correct: 19/128 | Elapsed Time: 12.55s
2026-01-29 22:03:01,719 | INFO | Batch 360 | Loss: 2.2048 | Correct: 24/128 | Elapsed Time: 12.57s
2026-01-29 22:03:14,241 | INFO | Batch 370 | Loss: 2.2653 | Correct: 20/128 | Elapsed Time: 12.52s
2026-01-29 22:03:26,806 | INFO | Batch 380 | Loss: 2.2409 | Correct: 19/128 | Elapsed Time: 12.56s
2026-01-29 22:03:39,328 | INFO | Batch 390 | Loss: 2.1228 | Correct: 27/128 | Elapsed Time: 12.52s
2026-01-29 22:03:40,319 | INFO | Epoch [29/100] - Loss: 2.2040 | Correct: 9025/50000 (18.05%, 489.98s)
2026-01-29 22:04:24,874 | INFO | Validation - Loss: 2.3772 | Correct: 1000/10000 (10.00%) (44.55s)
2026-01-29 22:04:37,428 | INFO | Batch 10 | Loss: 2.2653 | Correct: 21/128 | Elapsed Time: 12.55s
2026-01-29 22:04:49,901 | INFO | Batch 20 | Loss: 2.2288 | Correct: 25/128 | Elapsed Time: 12.47s
2026-01-29 22:05:02,455 | INFO | Batch 30 | Loss: 2.2048 | Correct: 20/128 | Elapsed Time: 12.55s
2026-01-29 22:05:15,025 | INFO | Batch 40 | Loss: 2.2048 | Correct: 24/128 | Elapsed Time: 12.57s
2026-01-29 22:05:27,490 | INFO | Batch 50 | Loss: 2.2409 | Correct: 22/128 | Elapsed Time: 12.47s
2026-01-29 22:05:40,010 | INFO | Batch 60 | Loss: 2.2288 | Correct: 18/128 | Elapsed Time: 12.52s
2026-01-29 22:05:52,522 | INFO | Batch 70 | Loss: 2.1929 | Correct: 28/128 | Elapsed Time: 12.51s
2026-01-29 22:06:05,050 | INFO | Batch 80 | Loss: 2.3656 | Correct: 17/128 | Elapsed Time: 12.53s
2026-01-29 22:06:17,589 | INFO | Batch 90 | Loss: 2.1459 | Correct: 20/128 | Elapsed Time: 12.54s
2026-01-29 22:06:30,139 | INFO | Batch 100 | Loss: 2.2167 | Correct: 21/128 | Elapsed Time: 12.55s
2026-01-29 22:06:42,587 | INFO | Batch 110 | Loss: 2.2288 | Correct: 24/128 | Elapsed Time: 12.45s
2026-01-29 22:06:55,144 | INFO | Batch 120 | Loss: 2.1343 | Correct: 29/128 | Elapsed Time: 12.56s
2026-01-29 22:07:07,791 | INFO | Batch 130 | Loss: 2.2288 | Correct: 22/128 | Elapsed Time: 12.65s
2026-01-29 22:07:20,275 | INFO | Batch 140 | Loss: 2.2288 | Correct: 27/128 | Elapsed Time: 12.48s
2026-01-29 22:07:32,848 | INFO | Batch 150 | Loss: 2.0885 | Correct: 34/128 | Elapsed Time: 12.57s
2026-01-29 22:07:45,412 | INFO | Batch 160 | Loss: 2.2530 | Correct: 21/128 | Elapsed Time: 12.56s
2026-01-29 22:07:57,884 | INFO | Batch 170 | Loss: 2.2653 | Correct: 24/128 | Elapsed Time: 12.47s
2026-01-29 22:08:10,490 | INFO | Batch 180 | Loss: 2.2048 | Correct: 25/128 | Elapsed Time: 12.61s
2026-01-29 22:08:23,035 | INFO | Batch 190 | Loss: 2.2167 | Correct: 25/128 | Elapsed Time: 12.54s
2026-01-29 22:08:35,451 | INFO | Batch 200 | Loss: 2.1692 | Correct: 24/128 | Elapsed Time: 12.42s
2026-01-29 22:08:47,994 | INFO | Batch 210 | Loss: 2.2048 | Correct: 24/128 | Elapsed Time: 12.54s
2026-01-29 22:09:00,476 | INFO | Batch 220 | Loss: 2.2288 | Correct: 22/128 | Elapsed Time: 12.48s
2026-01-29 22:09:13,006 | INFO | Batch 230 | Loss: 2.2288 | Correct: 18/128 | Elapsed Time: 12.53s
2026-01-29 22:09:25,556 | INFO | Batch 240 | Loss: 2.2167 | Correct: 19/128 | Elapsed Time: 12.55s
2026-01-29 22:09:38,141 | INFO | Batch 250 | Loss: 2.1929 | Correct: 31/128 | Elapsed Time: 12.58s
2026-01-29 22:09:50,713 | INFO | Batch 260 | Loss: 2.1459 | Correct: 29/128 | Elapsed Time: 12.57s
2026-01-29 22:10:03,219 | INFO | Batch 270 | Loss: 2.1810 | Correct: 29/128 | Elapsed Time: 12.51s
2026-01-29 22:10:15,910 | INFO | Batch 280 | Loss: 2.2288 | Correct: 19/128 | Elapsed Time: 12.69s
2026-01-29 22:10:28,956 | INFO | Batch 290 | Loss: 2.2776 | Correct: 19/128 | Elapsed Time: 13.05s
2026-01-29 22:10:41,413 | INFO | Batch 300 | Loss: 2.1459 | Correct: 23/128 | Elapsed Time: 12.46s
2026-01-29 22:10:53,987 | INFO | Batch 310 | Loss: 2.1929 | Correct: 26/128 | Elapsed Time: 12.57s
2026-01-29 22:11:06,620 | INFO | Batch 320 | Loss: 2.2167 | Correct: 24/128 | Elapsed Time: 12.63s
2026-01-29 22:11:19,114 | INFO | Batch 330 | Loss: 2.1810 | Correct: 31/128 | Elapsed Time: 12.49s
2026-01-29 22:11:31,677 | INFO | Batch 340 | Loss: 2.3024 | Correct: 15/128 | Elapsed Time: 12.56s
2026-01-29 22:11:44,176 | INFO | Batch 350 | Loss: 2.1692 | Correct: 28/128 | Elapsed Time: 12.50s
2026-01-29 22:11:56,646 | INFO | Batch 360 | Loss: 2.2288 | Correct: 20/128 | Elapsed Time: 12.47s
2026-01-29 22:12:09,266 | INFO | Batch 370 | Loss: 2.1575 | Correct: 25/128 | Elapsed Time: 12.62s
2026-01-29 22:12:21,834 | INFO | Batch 380 | Loss: 2.1810 | Correct: 23/128 | Elapsed Time: 12.57s
2026-01-29 22:12:34,221 | INFO | Batch 390 | Loss: 2.2048 | Correct: 20/128 | Elapsed Time: 12.39s
2026-01-29 22:12:35,215 | INFO | Epoch [30/100] - Loss: 2.2070 | Correct: 9172/50000 (18.34%, 490.34s)
2026-01-29 22:13:19,822 | INFO | Validation - Loss: 2.3259 | Correct: 1000/10000 (10.00%) (44.61s)
2026-01-29 22:13:32,274 | INFO | Batch 10 | Loss: 2.1929 | Correct: 12/128 | Elapsed Time: 12.45s
2026-01-29 22:13:44,828 | INFO | Batch 20 | Loss: 2.2288 | Correct: 30/128 | Elapsed Time: 12.55s
2026-01-29 22:13:57,384 | INFO | Batch 30 | Loss: 2.1228 | Correct: 24/128 | Elapsed Time: 12.56s
2026-01-29 22:14:09,832 | INFO | Batch 40 | Loss: 2.1810 | Correct: 21/128 | Elapsed Time: 12.45s
2026-01-29 22:14:22,366 | INFO | Batch 50 | Loss: 2.2167 | Correct: 22/128 | Elapsed Time: 12.53s
2026-01-29 22:14:34,883 | INFO | Batch 60 | Loss: 2.2409 | Correct: 26/128 | Elapsed Time: 12.52s
2026-01-29 22:14:47,292 | INFO | Batch 70 | Loss: 2.2048 | Correct: 24/128 | Elapsed Time: 12.41s
2026-01-29 22:14:59,836 | INFO | Batch 80 | Loss: 2.2530 | Correct: 20/128 | Elapsed Time: 12.54s
2026-01-29 22:15:12,435 | INFO | Batch 90 | Loss: 2.1692 | Correct: 26/128 | Elapsed Time: 12.60s
2026-01-29 22:15:24,892 | INFO | Batch 100 | Loss: 2.0999 | Correct: 28/128 | Elapsed Time: 12.46s
2026-01-29 22:15:37,448 | INFO | Batch 110 | Loss: 2.2167 | Correct: 19/128 | Elapsed Time: 12.56s
2026-01-29 22:15:49,980 | INFO | Batch 120 | Loss: 2.2776 | Correct: 14/128 | Elapsed Time: 12.53s
2026-01-29 22:16:02,416 | INFO | Batch 130 | Loss: 2.1929 | Correct: 31/128 | Elapsed Time: 12.44s
2026-01-29 22:16:15,042 | INFO | Batch 140 | Loss: 2.2530 | Correct: 19/128 | Elapsed Time: 12.63s
2026-01-29 22:16:27,583 | INFO | Batch 150 | Loss: 2.1929 | Correct: 21/128 | Elapsed Time: 12.54s
2026-01-29 22:16:40,165 | INFO | Batch 160 | Loss: 2.1929 | Correct: 27/128 | Elapsed Time: 12.58s
2026-01-29 22:16:52,640 | INFO | Batch 170 | Loss: 2.0999 | Correct: 30/128 | Elapsed Time: 12.47s
2026-01-29 22:17:05,292 | INFO | Batch 180 | Loss: 2.2899 | Correct: 19/128 | Elapsed Time: 12.65s
2026-01-29 22:17:17,842 | INFO | Batch 190 | Loss: 2.2776 | Correct: 28/128 | Elapsed Time: 12.55s
2026-01-29 22:17:30,336 | INFO | Batch 200 | Loss: 2.2899 | Correct: 14/128 | Elapsed Time: 12.49s
2026-01-29 22:17:42,903 | INFO | Batch 210 | Loss: 2.2530 | Correct: 23/128 | Elapsed Time: 12.57s
2026-01-29 22:17:55,430 | INFO | Batch 220 | Loss: 2.1459 | Correct: 24/128 | Elapsed Time: 12.53s
2026-01-29 22:18:07,899 | INFO | Batch 230 | Loss: 2.2530 | Correct: 16/128 | Elapsed Time: 12.47s
2026-01-29 22:18:20,468 | INFO | Batch 240 | Loss: 2.2288 | Correct: 20/128 | Elapsed Time: 12.57s
2026-01-29 22:18:32,999 | INFO | Batch 250 | Loss: 2.1692 | Correct: 22/128 | Elapsed Time: 12.53s
2026-01-29 22:18:45,387 | INFO | Batch 260 | Loss: 2.2409 | Correct: 21/128 | Elapsed Time: 12.39s
2026-01-29 22:18:57,930 | INFO | Batch 270 | Loss: 2.2530 | Correct: 26/128 | Elapsed Time: 12.54s
2026-01-29 22:19:10,558 | INFO | Batch 280 | Loss: 2.2530 | Correct: 25/128 | Elapsed Time: 12.63s
2026-01-29 22:19:23,065 | INFO | Batch 290 | Loss: 2.2653 | Correct: 22/128 | Elapsed Time: 12.51s
2026-01-29 22:19:35,639 | INFO | Batch 300 | Loss: 2.1575 | Correct: 21/128 | Elapsed Time: 12.57s
2026-01-29 22:19:48,171 | INFO | Batch 310 | Loss: 2.2288 | Correct: 20/128 | Elapsed Time: 12.53s
2026-01-29 22:20:00,628 | INFO | Batch 320 | Loss: 2.2409 | Correct: 25/128 | Elapsed Time: 12.46s
2026-01-29 22:20:13,204 | INFO | Batch 330 | Loss: 2.2776 | Correct: 19/128 | Elapsed Time: 12.58s
2026-01-29 22:20:25,986 | INFO | Batch 340 | Loss: 2.1692 | Correct: 21/128 | Elapsed Time: 12.78s
2026-01-29 22:20:38,443 | INFO | Batch 350 | Loss: 2.2409 | Correct: 22/128 | Elapsed Time: 12.46s
2026-01-29 22:20:50,975 | INFO | Batch 360 | Loss: 2.1810 | Correct: 27/128 | Elapsed Time: 12.53s
2026-01-29 22:21:03,551 | INFO | Batch 370 | Loss: 2.2409 | Correct: 20/128 | Elapsed Time: 12.58s
2026-01-29 22:21:16,007 | INFO | Batch 380 | Loss: 2.1929 | Correct: 22/128 | Elapsed Time: 12.46s
2026-01-29 22:21:28,547 | INFO | Batch 390 | Loss: 2.2409 | Correct: 18/128 | Elapsed Time: 12.54s
2026-01-29 22:21:29,536 | INFO | Epoch [31/100] - Loss: 2.2091 | Correct: 9123/50000 (18.25%, 489.71s)
2026-01-29 22:22:14,169 | INFO | Validation - Loss: 2.3597 | Correct: 1000/10000 (10.00%) (44.63s)
2026-01-29 22:22:26,741 | INFO | Batch 10 | Loss: 2.1692 | Correct: 24/128 | Elapsed Time: 12.57s
2026-01-29 22:22:39,325 | INFO | Batch 20 | Loss: 2.2048 | Correct: 20/128 | Elapsed Time: 12.58s
2026-01-29 22:22:51,788 | INFO | Batch 30 | Loss: 2.1459 | Correct: 26/128 | Elapsed Time: 12.46s
2026-01-29 22:23:04,384 | INFO | Batch 40 | Loss: 2.2167 | Correct: 24/128 | Elapsed Time: 12.60s
2026-01-29 22:23:16,927 | INFO | Batch 50 | Loss: 2.2048 | Correct: 15/128 | Elapsed Time: 12.54s
2026-01-29 22:23:29,424 | INFO | Batch 60 | Loss: 2.2409 | Correct: 21/128 | Elapsed Time: 12.50s
2026-01-29 22:23:41,969 | INFO | Batch 70 | Loss: 2.2653 | Correct: 19/128 | Elapsed Time: 12.54s
2026-01-29 22:23:54,477 | INFO | Batch 80 | Loss: 2.1459 | Correct: 26/128 | Elapsed Time: 12.51s
2026-01-29 22:24:06,986 | INFO | Batch 90 | Loss: 2.2409 | Correct: 23/128 | Elapsed Time: 12.51s
2026-01-29 22:24:19,536 | INFO | Batch 100 | Loss: 2.2776 | Correct: 22/128 | Elapsed Time: 12.55s
2026-01-29 22:24:32,095 | INFO | Batch 110 | Loss: 2.2288 | Correct: 25/128 | Elapsed Time: 12.56s
2026-01-29 22:24:44,535 | INFO | Batch 120 | Loss: 2.1459 | Correct: 30/128 | Elapsed Time: 12.44s
2026-01-29 22:24:57,062 | INFO | Batch 130 | Loss: 2.1692 | Correct: 26/128 | Elapsed Time: 12.53s
2026-01-29 22:25:09,728 | INFO | Batch 140 | Loss: 2.2048 | Correct: 19/128 | Elapsed Time: 12.67s
2026-01-29 22:25:22,144 | INFO | Batch 150 | Loss: 2.2776 | Correct: 24/128 | Elapsed Time: 12.42s
2026-01-29 22:25:34,690 | INFO | Batch 160 | Loss: 2.2048 | Correct: 23/128 | Elapsed Time: 12.55s
2026-01-29 22:25:47,225 | INFO | Batch 170 | Loss: 2.1343 | Correct: 24/128 | Elapsed Time: 12.54s
2026-01-29 22:25:59,652 | INFO | Batch 180 | Loss: 2.1459 | Correct: 24/128 | Elapsed Time: 12.43s
2026-01-29 22:26:12,241 | INFO | Batch 190 | Loss: 2.2167 | Correct: 20/128 | Elapsed Time: 12.59s
2026-01-29 22:26:24,794 | INFO | Batch 200 | Loss: 2.1929 | Correct: 22/128 | Elapsed Time: 12.55s
2026-01-29 22:26:37,290 | INFO | Batch 210 | Loss: 2.2899 | Correct: 16/128 | Elapsed Time: 12.50s
2026-01-29 22:26:49,854 | INFO | Batch 220 | Loss: 2.2530 | Correct: 23/128 | Elapsed Time: 12.56s
2026-01-29 22:27:02,413 | INFO | Batch 230 | Loss: 2.1929 | Correct: 26/128 | Elapsed Time: 12.56s
2026-01-29 22:27:15,001 | INFO | Batch 240 | Loss: 2.1575 | Correct: 28/128 | Elapsed Time: 12.59s
2026-01-29 22:27:27,490 | INFO | Batch 250 | Loss: 2.2409 | Correct: 19/128 | Elapsed Time: 12.49s
2026-01-29 22:27:40,039 | INFO | Batch 260 | Loss: 2.2288 | Correct: 29/128 | Elapsed Time: 12.55s
2026-01-29 22:27:52,596 | INFO | Batch 270 | Loss: 2.2288 | Correct: 20/128 | Elapsed Time: 12.56s
2026-01-29 22:28:05,161 | INFO | Batch 280 | Loss: 2.1113 | Correct: 21/128 | Elapsed Time: 12.57s
2026-01-29 22:28:17,729 | INFO | Batch 290 | Loss: 2.1113 | Correct: 27/128 | Elapsed Time: 12.57s
2026-01-29 22:28:30,327 | INFO | Batch 300 | Loss: 2.2048 | Correct: 22/128 | Elapsed Time: 12.60s
2026-01-29 22:28:42,798 | INFO | Batch 310 | Loss: 2.2048 | Correct: 21/128 | Elapsed Time: 12.47s
2026-01-29 22:28:55,402 | INFO | Batch 320 | Loss: 2.2409 | Correct: 19/128 | Elapsed Time: 12.60s
2026-01-29 22:29:07,992 | INFO | Batch 330 | Loss: 2.2409 | Correct: 20/128 | Elapsed Time: 12.59s
2026-01-29 22:29:20,434 | INFO | Batch 340 | Loss: 2.1575 | Correct: 19/128 | Elapsed Time: 12.44s
2026-01-29 22:29:32,987 | INFO | Batch 350 | Loss: 2.3656 | Correct: 14/128 | Elapsed Time: 12.55s
2026-01-29 22:29:45,517 | INFO | Batch 360 | Loss: 2.3274 | Correct: 11/128 | Elapsed Time: 12.53s
2026-01-29 22:29:57,966 | INFO | Batch 370 | Loss: 2.1459 | Correct: 25/128 | Elapsed Time: 12.45s
2026-01-29 22:30:10,623 | INFO | Batch 380 | Loss: 2.1575 | Correct: 25/128 | Elapsed Time: 12.66s
2026-01-29 22:30:23,372 | INFO | Batch 390 | Loss: 2.2776 | Correct: 24/128 | Elapsed Time: 12.75s
2026-01-29 22:30:24,396 | INFO | Epoch [32/100] - Loss: 2.2125 | Correct: 9093/50000 (18.19%, 490.23s)
2026-01-29 22:31:09,135 | INFO | Validation - Loss: 2.3733 | Correct: 1000/10000 (10.00%) (44.74s)
2026-01-29 22:31:21,586 | INFO | Batch 10 | Loss: 2.2288 | Correct: 18/128 | Elapsed Time: 12.45s
2026-01-29 22:31:34,119 | INFO | Batch 20 | Loss: 2.2167 | Correct: 27/128 | Elapsed Time: 12.53s
2026-01-29 22:31:46,667 | INFO | Batch 30 | Loss: 2.2899 | Correct: 24/128 | Elapsed Time: 12.55s
2026-01-29 22:31:59,245 | INFO | Batch 40 | Loss: 2.1929 | Correct: 24/128 | Elapsed Time: 12.58s
2026-01-29 22:32:11,819 | INFO | Batch 50 | Loss: 2.3024 | Correct: 23/128 | Elapsed Time: 12.57s
2026-01-29 22:32:24,385 | INFO | Batch 60 | Loss: 2.1575 | Correct: 23/128 | Elapsed Time: 12.57s
2026-01-29 22:32:36,978 | INFO | Batch 70 | Loss: 2.3024 | Correct: 20/128 | Elapsed Time: 12.59s
2026-01-29 22:32:49,452 | INFO | Batch 80 | Loss: 2.2409 | Correct: 22/128 | Elapsed Time: 12.47s
2026-01-29 22:33:02,036 | INFO | Batch 90 | Loss: 2.3401 | Correct: 17/128 | Elapsed Time: 12.58s
2026-01-29 22:33:14,621 | INFO | Batch 100 | Loss: 2.2048 | Correct: 22/128 | Elapsed Time: 12.59s
2026-01-29 22:33:27,072 | INFO | Batch 110 | Loss: 2.2048 | Correct: 25/128 | Elapsed Time: 12.45s
2026-01-29 22:33:39,617 | INFO | Batch 120 | Loss: 2.2899 | Correct: 24/128 | Elapsed Time: 12.55s
2026-01-29 22:33:52,160 | INFO | Batch 130 | Loss: 2.1810 | Correct: 30/128 | Elapsed Time: 12.54s
2026-01-29 22:34:04,664 | INFO | Batch 140 | Loss: 2.2530 | Correct: 24/128 | Elapsed Time: 12.50s
2026-01-29 22:34:17,230 | INFO | Batch 150 | Loss: 2.3149 | Correct: 23/128 | Elapsed Time: 12.57s
2026-01-29 22:34:29,771 | INFO | Batch 160 | Loss: 2.1575 | Correct: 27/128 | Elapsed Time: 12.54s
2026-01-29 22:34:42,255 | INFO | Batch 170 | Loss: 2.1929 | Correct: 24/128 | Elapsed Time: 12.48s
2026-01-29 22:34:54,852 | INFO | Batch 180 | Loss: 2.2530 | Correct: 20/128 | Elapsed Time: 12.60s
2026-01-29 22:35:07,460 | INFO | Batch 190 | Loss: 2.0885 | Correct: 31/128 | Elapsed Time: 12.61s
2026-01-29 22:35:19,902 | INFO | Batch 200 | Loss: 2.2288 | Correct: 26/128 | Elapsed Time: 12.44s
2026-01-29 22:35:32,464 | INFO | Batch 210 | Loss: 2.1575 | Correct: 35/128 | Elapsed Time: 12.56s
2026-01-29 22:35:45,008 | INFO | Batch 220 | Loss: 2.2653 | Correct: 15/128 | Elapsed Time: 12.54s
2026-01-29 22:35:57,466 | INFO | Batch 230 | Loss: 2.2288 | Correct: 20/128 | Elapsed Time: 12.46s
2026-01-29 22:36:10,156 | INFO | Batch 240 | Loss: 2.2167 | Correct: 23/128 | Elapsed Time: 12.69s
2026-01-29 22:36:22,722 | INFO | Batch 250 | Loss: 2.2288 | Correct: 31/128 | Elapsed Time: 12.57s
2026-01-29 22:36:35,216 | INFO | Batch 260 | Loss: 2.2776 | Correct: 23/128 | Elapsed Time: 12.49s
2026-01-29 22:36:47,786 | INFO | Batch 270 | Loss: 2.2530 | Correct: 20/128 | Elapsed Time: 12.57s
2026-01-29 22:37:00,351 | INFO | Batch 280 | Loss: 2.2288 | Correct: 21/128 | Elapsed Time: 12.56s
2026-01-29 22:37:12,965 | INFO | Batch 290 | Loss: 2.2167 | Correct: 23/128 | Elapsed Time: 12.61s
2026-01-29 22:37:25,556 | INFO | Batch 300 | Loss: 2.1810 | Correct: 24/128 | Elapsed Time: 12.59s
2026-01-29 22:37:38,145 | INFO | Batch 310 | Loss: 2.1692 | Correct: 31/128 | Elapsed Time: 12.59s
2026-01-29 22:37:50,719 | INFO | Batch 320 | Loss: 2.1810 | Correct: 22/128 | Elapsed Time: 12.57s
2026-01-29 22:38:03,294 | INFO | Batch 330 | Loss: 2.2048 | Correct: 19/128 | Elapsed Time: 12.58s
2026-01-29 22:38:15,868 | INFO | Batch 340 | Loss: 2.2653 | Correct: 18/128 | Elapsed Time: 12.57s
2026-01-29 22:38:28,441 | INFO | Batch 350 | Loss: 2.2530 | Correct: 20/128 | Elapsed Time: 12.57s
2026-01-29 22:38:40,902 | INFO | Batch 360 | Loss: 2.0999 | Correct: 35/128 | Elapsed Time: 12.46s
2026-01-29 22:38:53,455 | INFO | Batch 370 | Loss: 2.1692 | Correct: 20/128 | Elapsed Time: 12.55s
2026-01-29 22:39:06,060 | INFO | Batch 380 | Loss: 2.1459 | Correct: 36/128 | Elapsed Time: 12.61s
2026-01-29 22:39:18,521 | INFO | Batch 390 | Loss: 2.3274 | Correct: 20/128 | Elapsed Time: 12.46s
2026-01-29 22:39:19,512 | INFO | Epoch [33/100] - Loss: 2.2280 | Correct: 8891/50000 (17.78%, 490.38s)
2026-01-29 22:40:04,109 | INFO | Validation - Loss: 2.3876 | Correct: 1000/10000 (10.00%) (44.60s)
2026-01-29 22:40:16,999 | INFO | Batch 10 | Loss: 2.1692 | Correct: 25/128 | Elapsed Time: 12.89s
2026-01-29 22:40:29,889 | INFO | Batch 20 | Loss: 2.2409 | Correct: 22/128 | Elapsed Time: 12.89s
2026-01-29 22:40:42,359 | INFO | Batch 30 | Loss: 2.1929 | Correct: 25/128 | Elapsed Time: 12.47s
2026-01-29 22:40:54,907 | INFO | Batch 40 | Loss: 2.2167 | Correct: 26/128 | Elapsed Time: 12.55s
2026-01-29 22:41:07,524 | INFO | Batch 50 | Loss: 2.2167 | Correct: 24/128 | Elapsed Time: 12.62s
2026-01-29 22:41:20,076 | INFO | Batch 60 | Loss: 2.3656 | Correct: 17/128 | Elapsed Time: 12.55s
2026-01-29 22:41:32,545 | INFO | Batch 70 | Loss: 2.1692 | Correct: 31/128 | Elapsed Time: 12.47s
2026-01-29 22:41:45,105 | INFO | Batch 80 | Loss: 2.1459 | Correct: 23/128 | Elapsed Time: 12.56s
2026-01-29 22:41:57,670 | INFO | Batch 90 | Loss: 2.3656 | Correct: 28/128 | Elapsed Time: 12.57s
2026-01-29 22:42:10,236 | INFO | Batch 100 | Loss: 2.3274 | Correct: 20/128 | Elapsed Time: 12.57s
2026-01-29 22:42:22,754 | INFO | Batch 110 | Loss: 2.1343 | Correct: 27/128 | Elapsed Time: 12.52s
2026-01-29 22:42:35,275 | INFO | Batch 120 | Loss: 2.1929 | Correct: 25/128 | Elapsed Time: 12.52s
2026-01-29 22:42:47,695 | INFO | Batch 130 | Loss: 2.1228 | Correct: 23/128 | Elapsed Time: 12.42s
2026-01-29 22:43:00,202 | INFO | Batch 140 | Loss: 2.2048 | Correct: 20/128 | Elapsed Time: 12.51s
2026-01-29 22:43:12,862 | INFO | Batch 150 | Loss: 2.2653 | Correct: 19/128 | Elapsed Time: 12.66s
2026-01-29 22:43:25,321 | INFO | Batch 160 | Loss: 2.1929 | Correct: 22/128 | Elapsed Time: 12.46s
2026-01-29 22:43:37,850 | INFO | Batch 170 | Loss: 2.2776 | Correct: 20/128 | Elapsed Time: 12.53s
2026-01-29 22:43:50,368 | INFO | Batch 180 | Loss: 2.2167 | Correct: 25/128 | Elapsed Time: 12.52s
2026-01-29 22:44:02,880 | INFO | Batch 190 | Loss: 2.2288 | Correct: 21/128 | Elapsed Time: 12.51s
2026-01-29 22:44:15,461 | INFO | Batch 200 | Loss: 2.2776 | Correct: 18/128 | Elapsed Time: 12.58s
2026-01-29 22:44:28,010 | INFO | Batch 210 | Loss: 2.1459 | Correct: 21/128 | Elapsed Time: 12.55s
2026-01-29 22:44:40,440 | INFO | Batch 220 | Loss: 2.1459 | Correct: 29/128 | Elapsed Time: 12.43s
2026-01-29 22:44:53,003 | INFO | Batch 230 | Loss: 2.2776 | Correct: 27/128 | Elapsed Time: 12.56s
2026-01-29 22:45:05,643 | INFO | Batch 240 | Loss: 2.2653 | Correct: 20/128 | Elapsed Time: 12.64s
2026-01-29 22:45:18,085 | INFO | Batch 250 | Loss: 2.1343 | Correct: 32/128 | Elapsed Time: 12.44s
2026-01-29 22:45:30,620 | INFO | Batch 260 | Loss: 2.1929 | Correct: 23/128 | Elapsed Time: 12.53s
2026-01-29 22:45:43,188 | INFO | Batch 270 | Loss: 2.3401 | Correct: 20/128 | Elapsed Time: 12.57s
2026-01-29 22:45:55,730 | INFO | Batch 280 | Loss: 2.0999 | Correct: 29/128 | Elapsed Time: 12.54s
2026-01-29 22:46:08,246 | INFO | Batch 290 | Loss: 2.2167 | Correct: 21/128 | Elapsed Time: 12.52s
2026-01-29 22:46:20,788 | INFO | Batch 300 | Loss: 2.2530 | Correct: 22/128 | Elapsed Time: 12.54s
2026-01-29 22:46:33,362 | INFO | Batch 310 | Loss: 2.2288 | Correct: 24/128 | Elapsed Time: 12.57s
2026-01-29 22:46:45,771 | INFO | Batch 320 | Loss: 2.1810 | Correct: 26/128 | Elapsed Time: 12.41s
2026-01-29 22:46:58,310 | INFO | Batch 330 | Loss: 2.1810 | Correct: 25/128 | Elapsed Time: 12.54s
2026-01-29 22:47:10,915 | INFO | Batch 340 | Loss: 2.2409 | Correct: 22/128 | Elapsed Time: 12.60s
2026-01-29 22:47:23,378 | INFO | Batch 350 | Loss: 2.2048 | Correct: 26/128 | Elapsed Time: 12.46s
2026-01-29 22:47:35,910 | INFO | Batch 360 | Loss: 2.1343 | Correct: 27/128 | Elapsed Time: 12.53s
2026-01-29 22:47:48,452 | INFO | Batch 370 | Loss: 2.0999 | Correct: 25/128 | Elapsed Time: 12.54s
2026-01-29 22:48:00,904 | INFO | Batch 380 | Loss: 2.2409 | Correct: 21/128 | Elapsed Time: 12.45s
2026-01-29 22:48:13,497 | INFO | Batch 390 | Loss: 2.2776 | Correct: 22/128 | Elapsed Time: 12.59s
2026-01-29 22:48:14,493 | INFO | Epoch [34/100] - Loss: 2.2232 | Correct: 8976/50000 (17.95%, 490.38s)
2026-01-29 22:48:58,977 | INFO | Validation - Loss: 2.3737 | Correct: 1000/10000 (10.00%) (44.48s)
2026-01-29 22:49:11,623 | INFO | Batch 10 | Loss: 2.1459 | Correct: 25/128 | Elapsed Time: 12.64s
2026-01-29 22:49:24,060 | INFO | Batch 20 | Loss: 2.2776 | Correct: 23/128 | Elapsed Time: 12.44s
2026-01-29 22:49:36,615 | INFO | Batch 30 | Loss: 2.1929 | Correct: 28/128 | Elapsed Time: 12.56s
2026-01-29 22:49:49,153 | INFO | Batch 40 | Loss: 2.1692 | Correct: 28/128 | Elapsed Time: 12.54s
2026-01-29 22:50:01,651 | INFO | Batch 50 | Loss: 2.2409 | Correct: 25/128 | Elapsed Time: 12.50s
2026-01-29 22:50:14,254 | INFO | Batch 60 | Loss: 2.2653 | Correct: 22/128 | Elapsed Time: 12.60s
2026-01-29 22:50:26,986 | INFO | Batch 70 | Loss: 2.3024 | Correct: 27/128 | Elapsed Time: 12.73s
2026-01-29 22:50:39,462 | INFO | Batch 80 | Loss: 2.2530 | Correct: 19/128 | Elapsed Time: 12.48s
2026-01-29 22:50:51,971 | INFO | Batch 90 | Loss: 2.1692 | Correct: 25/128 | Elapsed Time: 12.51s
2026-01-29 22:51:04,578 | INFO | Batch 100 | Loss: 2.2776 | Correct: 23/128 | Elapsed Time: 12.61s
2026-01-29 22:51:17,123 | INFO | Batch 110 | Loss: 2.1929 | Correct: 23/128 | Elapsed Time: 12.54s
2026-01-29 22:51:29,555 | INFO | Batch 120 | Loss: 2.2653 | Correct: 23/128 | Elapsed Time: 12.43s
2026-01-29 22:51:42,058 | INFO | Batch 130 | Loss: 2.2288 | Correct: 22/128 | Elapsed Time: 12.50s
2026-01-29 22:51:54,546 | INFO | Batch 140 | Loss: 2.2653 | Correct: 24/128 | Elapsed Time: 12.49s
2026-01-29 22:52:07,050 | INFO | Batch 150 | Loss: 2.3149 | Correct: 22/128 | Elapsed Time: 12.50s
2026-01-29 22:52:19,620 | INFO | Batch 160 | Loss: 2.1459 | Correct: 34/128 | Elapsed Time: 12.57s
2026-01-29 22:52:32,171 | INFO | Batch 170 | Loss: 2.0885 | Correct: 27/128 | Elapsed Time: 12.55s
2026-01-29 22:52:44,644 | INFO | Batch 180 | Loss: 2.2409 | Correct: 20/128 | Elapsed Time: 12.47s
2026-01-29 22:52:57,199 | INFO | Batch 190 | Loss: 2.1343 | Correct: 29/128 | Elapsed Time: 12.55s
2026-01-29 22:53:09,852 | INFO | Batch 200 | Loss: 2.2899 | Correct: 20/128 | Elapsed Time: 12.65s
2026-01-29 22:53:22,332 | INFO | Batch 210 | Loss: 2.3024 | Correct: 21/128 | Elapsed Time: 12.48s
2026-01-29 22:53:34,878 | INFO | Batch 220 | Loss: 2.1929 | Correct: 18/128 | Elapsed Time: 12.55s
2026-01-29 22:53:47,452 | INFO | Batch 230 | Loss: 2.2048 | Correct: 22/128 | Elapsed Time: 12.57s
2026-01-29 22:53:59,912 | INFO | Batch 240 | Loss: 2.1459 | Correct: 25/128 | Elapsed Time: 12.46s
2026-01-29 22:54:12,511 | INFO | Batch 250 | Loss: 2.1692 | Correct: 29/128 | Elapsed Time: 12.60s
2026-01-29 22:54:25,057 | INFO | Batch 260 | Loss: 2.2048 | Correct: 28/128 | Elapsed Time: 12.55s
2026-01-29 22:54:37,514 | INFO | Batch 270 | Loss: 2.2776 | Correct: 20/128 | Elapsed Time: 12.46s
2026-01-29 22:54:50,050 | INFO | Batch 280 | Loss: 2.2409 | Correct: 19/128 | Elapsed Time: 12.54s
2026-01-29 22:55:02,630 | INFO | Batch 290 | Loss: 2.2899 | Correct: 18/128 | Elapsed Time: 12.58s
2026-01-29 22:55:15,136 | INFO | Batch 300 | Loss: 2.2288 | Correct: 27/128 | Elapsed Time: 12.51s
2026-01-29 22:55:27,700 | INFO | Batch 310 | Loss: 2.2899 | Correct: 20/128 | Elapsed Time: 12.56s
2026-01-29 22:55:40,274 | INFO | Batch 320 | Loss: 2.1929 | Correct: 25/128 | Elapsed Time: 12.57s
2026-01-29 22:55:52,838 | INFO | Batch 330 | Loss: 2.2530 | Correct: 13/128 | Elapsed Time: 12.56s
2026-01-29 22:56:05,374 | INFO | Batch 340 | Loss: 2.1692 | Correct: 36/128 | Elapsed Time: 12.54s
2026-01-29 22:56:17,972 | INFO | Batch 350 | Loss: 2.1343 | Correct: 34/128 | Elapsed Time: 12.60s
2026-01-29 22:56:30,549 | INFO | Batch 360 | Loss: 2.2776 | Correct: 20/128 | Elapsed Time: 12.58s
2026-01-29 22:56:42,999 | INFO | Batch 370 | Loss: 2.3024 | Correct: 16/128 | Elapsed Time: 12.45s
2026-01-29 22:56:55,525 | INFO | Batch 380 | Loss: 2.3274 | Correct: 20/128 | Elapsed Time: 12.53s
2026-01-29 22:57:08,162 | INFO | Batch 390 | Loss: 2.1929 | Correct: 23/128 | Elapsed Time: 12.64s
2026-01-29 22:57:09,162 | INFO | Epoch [35/100] - Loss: 2.2328 | Correct: 8768/50000 (17.54%, 490.18s)
2026-01-29 22:57:53,621 | INFO | Validation - Loss: 2.3347 | Correct: 1000/10000 (10.00%) (44.46s)
2026-01-29 22:58:06,110 | INFO | Batch 10 | Loss: 2.2167 | Correct: 19/128 | Elapsed Time: 12.49s
2026-01-29 22:58:18,675 | INFO | Batch 20 | Loss: 2.1810 | Correct: 27/128 | Elapsed Time: 12.57s
2026-01-29 22:58:31,255 | INFO | Batch 30 | Loss: 2.2653 | Correct: 26/128 | Elapsed Time: 12.58s
2026-01-29 22:58:43,702 | INFO | Batch 40 | Loss: 2.2530 | Correct: 25/128 | Elapsed Time: 12.45s
2026-01-29 22:58:56,250 | INFO | Batch 50 | Loss: 2.2167 | Correct: 25/128 | Elapsed Time: 12.55s
2026-01-29 22:59:08,855 | INFO | Batch 60 | Loss: 2.2409 | Correct: 18/128 | Elapsed Time: 12.61s
2026-01-29 22:59:21,356 | INFO | Batch 70 | Loss: 2.2653 | Correct: 21/128 | Elapsed Time: 12.50s
2026-01-29 22:59:33,899 | INFO | Batch 80 | Loss: 2.2530 | Correct: 21/128 | Elapsed Time: 12.54s
2026-01-29 22:59:46,459 | INFO | Batch 90 | Loss: 2.1692 | Correct: 27/128 | Elapsed Time: 12.56s
2026-01-29 22:59:58,921 | INFO | Batch 100 | Loss: 2.2048 | Correct: 28/128 | Elapsed Time: 12.46s
2026-01-29 23:00:11,519 | INFO | Batch 110 | Loss: 2.1929 | Correct: 27/128 | Elapsed Time: 12.60s
2026-01-29 23:00:24,325 | INFO | Batch 120 | Loss: 2.2653 | Correct: 28/128 | Elapsed Time: 12.81s
2026-01-29 23:00:36,807 | INFO | Batch 130 | Loss: 2.2776 | Correct: 22/128 | Elapsed Time: 12.48s
2026-01-29 23:00:49,362 | INFO | Batch 140 | Loss: 2.2776 | Correct: 27/128 | Elapsed Time: 12.55s
2026-01-29 23:01:01,898 | INFO | Batch 150 | Loss: 2.2530 | Correct: 22/128 | Elapsed Time: 12.54s
2026-01-29 23:01:14,403 | INFO | Batch 160 | Loss: 2.2048 | Correct: 25/128 | Elapsed Time: 12.50s
2026-01-29 23:01:26,972 | INFO | Batch 170 | Loss: 2.1459 | Correct: 29/128 | Elapsed Time: 12.57s
2026-01-29 23:01:39,525 | INFO | Batch 180 | Loss: 2.2288 | Correct: 20/128 | Elapsed Time: 12.55s
2026-01-29 23:01:51,994 | INFO | Batch 190 | Loss: 2.4174 | Correct: 15/128 | Elapsed Time: 12.47s
2026-01-29 23:02:04,603 | INFO | Batch 200 | Loss: 2.2409 | Correct: 23/128 | Elapsed Time: 12.61s
2026-01-29 23:02:17,156 | INFO | Batch 210 | Loss: 2.1929 | Correct: 25/128 | Elapsed Time: 12.55s
2026-01-29 23:02:29,705 | INFO | Batch 220 | Loss: 2.2288 | Correct: 19/128 | Elapsed Time: 12.55s
2026-01-29 23:02:42,165 | INFO | Batch 230 | Loss: 2.2288 | Correct: 24/128 | Elapsed Time: 12.46s
2026-01-29 23:02:54,721 | INFO | Batch 240 | Loss: 2.1459 | Correct: 26/128 | Elapsed Time: 12.56s
2026-01-29 23:03:07,338 | INFO | Batch 250 | Loss: 2.3401 | Correct: 24/128 | Elapsed Time: 12.62s
2026-01-29 23:03:19,819 | INFO | Batch 260 | Loss: 2.2530 | Correct: 27/128 | Elapsed Time: 12.48s
2026-01-29 23:03:32,425 | INFO | Batch 270 | Loss: 2.2653 | Correct: 17/128 | Elapsed Time: 12.61s
2026-01-29 23:03:44,992 | INFO | Batch 280 | Loss: 2.2288 | Correct: 21/128 | Elapsed Time: 12.57s
2026-01-29 23:03:57,452 | INFO | Batch 290 | Loss: 2.2288 | Correct: 29/128 | Elapsed Time: 12.46s
2026-01-29 23:04:10,090 | INFO | Batch 300 | Loss: 2.3149 | Correct: 19/128 | Elapsed Time: 12.64s
2026-01-29 23:04:22,654 | INFO | Batch 310 | Loss: 2.1929 | Correct: 27/128 | Elapsed Time: 12.56s
2026-01-29 23:04:35,129 | INFO | Batch 320 | Loss: 2.2048 | Correct: 30/128 | Elapsed Time: 12.47s
2026-01-29 23:04:47,679 | INFO | Batch 330 | Loss: 2.3149 | Correct: 22/128 | Elapsed Time: 12.55s
2026-01-29 23:05:00,221 | INFO | Batch 340 | Loss: 2.2409 | Correct: 31/128 | Elapsed Time: 12.54s
2026-01-29 23:05:12,750 | INFO | Batch 350 | Loss: 2.1929 | Correct: 19/128 | Elapsed Time: 12.53s
2026-01-29 23:05:25,314 | INFO | Batch 360 | Loss: 2.3274 | Correct: 28/128 | Elapsed Time: 12.56s
2026-01-29 23:05:37,872 | INFO | Batch 370 | Loss: 2.1692 | Correct: 24/128 | Elapsed Time: 12.56s
2026-01-29 23:05:50,343 | INFO | Batch 380 | Loss: 2.2776 | Correct: 21/128 | Elapsed Time: 12.47s
2026-01-29 23:06:02,938 | INFO | Batch 390 | Loss: 2.1575 | Correct: 22/128 | Elapsed Time: 12.59s
2026-01-29 23:06:03,975 | INFO | Epoch [36/100] - Loss: 2.2441 | Correct: 8842/50000 (17.68%, 490.35s)
2026-01-29 23:06:48,482 | INFO | Validation - Loss: 2.3412 | Correct: 1000/10000 (10.00%) (44.51s)
2026-01-29 23:07:00,979 | INFO | Batch 10 | Loss: 2.1929 | Correct: 22/128 | Elapsed Time: 12.50s
2026-01-29 23:07:13,675 | INFO | Batch 20 | Loss: 2.2653 | Correct: 20/128 | Elapsed Time: 12.70s
2026-01-29 23:07:26,102 | INFO | Batch 30 | Loss: 2.2899 | Correct: 17/128 | Elapsed Time: 12.43s
2026-01-29 23:07:38,611 | INFO | Batch 40 | Loss: 2.2776 | Correct: 17/128 | Elapsed Time: 12.51s
2026-01-29 23:07:51,126 | INFO | Batch 50 | Loss: 2.3024 | Correct: 16/128 | Elapsed Time: 12.51s
2026-01-29 23:08:03,585 | INFO | Batch 60 | Loss: 2.3024 | Correct: 21/128 | Elapsed Time: 12.46s
2026-01-29 23:08:16,173 | INFO | Batch 70 | Loss: 2.1929 | Correct: 22/128 | Elapsed Time: 12.59s
2026-01-29 23:08:28,726 | INFO | Batch 80 | Loss: 2.2776 | Correct: 25/128 | Elapsed Time: 12.55s
2026-01-29 23:08:41,192 | INFO | Batch 90 | Loss: 2.2653 | Correct: 24/128 | Elapsed Time: 12.47s
2026-01-29 23:08:53,690 | INFO | Batch 100 | Loss: 2.2899 | Correct: 22/128 | Elapsed Time: 12.50s
2026-01-29 23:09:06,259 | INFO | Batch 110 | Loss: 2.2048 | Correct: 23/128 | Elapsed Time: 12.57s
2026-01-29 23:09:18,698 | INFO | Batch 120 | Loss: 2.2288 | Correct: 22/128 | Elapsed Time: 12.44s
2026-01-29 23:09:31,295 | INFO | Batch 130 | Loss: 2.3149 | Correct: 15/128 | Elapsed Time: 12.60s
2026-01-29 23:09:43,841 | INFO | Batch 140 | Loss: 2.2530 | Correct: 22/128 | Elapsed Time: 12.55s
2026-01-29 23:09:56,331 | INFO | Batch 150 | Loss: 2.2048 | Correct: 18/128 | Elapsed Time: 12.49s
2026-01-29 23:10:08,946 | INFO | Batch 160 | Loss: 2.2776 | Correct: 17/128 | Elapsed Time: 12.61s
2026-01-29 23:10:22,054 | INFO | Batch 170 | Loss: 2.1929 | Correct: 20/128 | Elapsed Time: 13.11s
2026-01-29 23:10:34,610 | INFO | Batch 180 | Loss: 2.2776 | Correct: 19/128 | Elapsed Time: 12.56s
2026-01-29 23:10:47,172 | INFO | Batch 190 | Loss: 2.1810 | Correct: 24/128 | Elapsed Time: 12.56s
2026-01-29 23:10:59,692 | INFO | Batch 200 | Loss: 2.2409 | Correct: 29/128 | Elapsed Time: 12.52s
2026-01-29 23:11:12,234 | INFO | Batch 210 | Loss: 2.2409 | Correct: 20/128 | Elapsed Time: 12.54s
2026-01-29 23:11:24,754 | INFO | Batch 220 | Loss: 2.3784 | Correct: 23/128 | Elapsed Time: 12.52s
2026-01-29 23:11:37,322 | INFO | Batch 230 | Loss: 2.3401 | Correct: 19/128 | Elapsed Time: 12.57s
2026-01-29 23:11:49,788 | INFO | Batch 240 | Loss: 2.3784 | Correct: 15/128 | Elapsed Time: 12.47s
2026-01-29 23:12:02,382 | INFO | Batch 250 | Loss: 2.2048 | Correct: 22/128 | Elapsed Time: 12.59s
2026-01-29 23:12:14,988 | INFO | Batch 260 | Loss: 2.2776 | Correct: 20/128 | Elapsed Time: 12.61s
2026-01-29 23:12:27,436 | INFO | Batch 270 | Loss: 2.2409 | Correct: 23/128 | Elapsed Time: 12.45s
2026-01-29 23:12:40,000 | INFO | Batch 280 | Loss: 2.2776 | Correct: 18/128 | Elapsed Time: 12.56s
2026-01-29 23:12:52,549 | INFO | Batch 290 | Loss: 2.3274 | Correct: 23/128 | Elapsed Time: 12.55s
2026-01-29 23:13:05,156 | INFO | Batch 300 | Loss: 2.3528 | Correct: 15/128 | Elapsed Time: 12.61s
2026-01-29 23:13:17,637 | INFO | Batch 310 | Loss: 2.2288 | Correct: 25/128 | Elapsed Time: 12.48s
2026-01-29 23:13:30,218 | INFO | Batch 320 | Loss: 2.2776 | Correct: 22/128 | Elapsed Time: 12.58s
2026-01-29 23:13:42,777 | INFO | Batch 330 | Loss: 2.3149 | Correct: 19/128 | Elapsed Time: 12.56s
2026-01-29 23:13:55,269 | INFO | Batch 340 | Loss: 2.2776 | Correct: 23/128 | Elapsed Time: 12.49s
2026-01-29 23:14:07,968 | INFO | Batch 350 | Loss: 2.3024 | Correct: 19/128 | Elapsed Time: 12.70s
2026-01-29 23:14:20,541 | INFO | Batch 360 | Loss: 2.2653 | Correct: 22/128 | Elapsed Time: 12.57s
2026-01-29 23:14:33,032 | INFO | Batch 370 | Loss: 2.1692 | Correct: 22/128 | Elapsed Time: 12.49s
2026-01-29 23:14:45,565 | INFO | Batch 380 | Loss: 2.3149 | Correct: 22/128 | Elapsed Time: 12.53s
2026-01-29 23:14:58,081 | INFO | Batch 390 | Loss: 2.3024 | Correct: 23/128 | Elapsed Time: 12.52s
2026-01-29 23:14:59,083 | INFO | Epoch [37/100] - Loss: 2.2472 | Correct: 8789/50000 (17.58%, 490.60s)
2026-01-29 23:15:43,698 | INFO | Validation - Loss: 2.4332 | Correct: 1000/10000 (10.00%) (44.61s)
2026-01-29 23:15:56,259 | INFO | Batch 10 | Loss: 2.2899 | Correct: 24/128 | Elapsed Time: 12.56s
2026-01-29 23:16:08,760 | INFO | Batch 20 | Loss: 2.1929 | Correct: 30/128 | Elapsed Time: 12.50s
2026-01-29 23:16:21,338 | INFO | Batch 30 | Loss: 2.2776 | Correct: 19/128 | Elapsed Time: 12.58s
2026-01-29 23:16:33,909 | INFO | Batch 40 | Loss: 2.3401 | Correct: 14/128 | Elapsed Time: 12.57s
2026-01-29 23:16:46,371 | INFO | Batch 50 | Loss: 2.2167 | Correct: 23/128 | Elapsed Time: 12.46s
2026-01-29 23:16:58,944 | INFO | Batch 60 | Loss: 2.2653 | Correct: 23/128 | Elapsed Time: 12.57s
2026-01-29 23:17:11,598 | INFO | Batch 70 | Loss: 2.2167 | Correct: 22/128 | Elapsed Time: 12.65s
2026-01-29 23:17:24,045 | INFO | Batch 80 | Loss: 2.3401 | Correct: 21/128 | Elapsed Time: 12.45s
2026-01-29 23:17:36,610 | INFO | Batch 90 | Loss: 2.3274 | Correct: 25/128 | Elapsed Time: 12.56s
2026-01-29 23:17:49,158 | INFO | Batch 100 | Loss: 2.2048 | Correct: 29/128 | Elapsed Time: 12.55s
2026-01-29 23:18:01,628 | INFO | Batch 110 | Loss: 2.2409 | Correct: 23/128 | Elapsed Time: 12.47s
2026-01-29 23:18:14,345 | INFO | Batch 120 | Loss: 2.3274 | Correct: 21/128 | Elapsed Time: 12.72s
2026-01-29 23:18:26,928 | INFO | Batch 130 | Loss: 2.1810 | Correct: 23/128 | Elapsed Time: 12.58s
2026-01-29 23:18:39,409 | INFO | Batch 140 | Loss: 2.2899 | Correct: 24/128 | Elapsed Time: 12.48s
2026-01-29 23:18:51,994 | INFO | Batch 150 | Loss: 2.2899 | Correct: 29/128 | Elapsed Time: 12.59s
2026-01-29 23:19:04,638 | INFO | Batch 160 | Loss: 2.2776 | Correct: 20/128 | Elapsed Time: 12.64s
2026-01-29 23:19:17,066 | INFO | Batch 170 | Loss: 2.2048 | Correct: 25/128 | Elapsed Time: 12.43s
2026-01-29 23:19:29,650 | INFO | Batch 180 | Loss: 2.2653 | Correct: 21/128 | Elapsed Time: 12.58s
2026-01-29 23:19:42,239 | INFO | Batch 190 | Loss: 2.3528 | Correct: 16/128 | Elapsed Time: 12.59s
2026-01-29 23:19:54,752 | INFO | Batch 200 | Loss: 2.3149 | Correct: 22/128 | Elapsed Time: 12.51s
2026-01-29 23:20:07,415 | INFO | Batch 210 | Loss: 2.1459 | Correct: 24/128 | Elapsed Time: 12.66s
2026-01-29 23:20:20,135 | INFO | Batch 220 | Loss: 2.2048 | Correct: 22/128 | Elapsed Time: 12.72s
2026-01-29 23:20:32,724 | INFO | Batch 230 | Loss: 2.3149 | Correct: 21/128 | Elapsed Time: 12.59s
2026-01-29 23:20:45,281 | INFO | Batch 240 | Loss: 2.2776 | Correct: 17/128 | Elapsed Time: 12.56s
2026-01-29 23:20:57,841 | INFO | Batch 250 | Loss: 2.2899 | Correct: 22/128 | Elapsed Time: 12.56s
2026-01-29 23:21:10,473 | INFO | Batch 260 | Loss: 2.3149 | Correct: 19/128 | Elapsed Time: 12.63s
2026-01-29 23:21:22,923 | INFO | Batch 270 | Loss: 2.2530 | Correct: 25/128 | Elapsed Time: 12.45s
2026-01-29 23:21:35,475 | INFO | Batch 280 | Loss: 2.1929 | Correct: 29/128 | Elapsed Time: 12.55s
2026-01-29 23:21:48,038 | INFO | Batch 290 | Loss: 2.3656 | Correct: 20/128 | Elapsed Time: 12.56s
2026-01-29 23:22:00,494 | INFO | Batch 300 | Loss: 2.1113 | Correct: 32/128 | Elapsed Time: 12.46s
2026-01-29 23:22:13,149 | INFO | Batch 310 | Loss: 2.3401 | Correct: 21/128 | Elapsed Time: 12.65s
2026-01-29 23:22:25,753 | INFO | Batch 320 | Loss: 2.2167 | Correct: 22/128 | Elapsed Time: 12.60s
2026-01-29 23:22:38,211 | INFO | Batch 330 | Loss: 2.2653 | Correct: 24/128 | Elapsed Time: 12.46s
2026-01-29 23:22:50,772 | INFO | Batch 340 | Loss: 2.2530 | Correct: 25/128 | Elapsed Time: 12.56s
2026-01-29 23:23:03,374 | INFO | Batch 350 | Loss: 2.2288 | Correct: 27/128 | Elapsed Time: 12.60s
2026-01-29 23:23:15,859 | INFO | Batch 360 | Loss: 2.2409 | Correct: 28/128 | Elapsed Time: 12.49s
2026-01-29 23:23:28,406 | INFO | Batch 370 | Loss: 2.3024 | Correct: 19/128 | Elapsed Time: 12.55s
2026-01-29 23:23:40,991 | INFO | Batch 380 | Loss: 2.2653 | Correct: 22/128 | Elapsed Time: 12.58s
2026-01-29 23:23:53,461 | INFO | Batch 390 | Loss: 2.2899 | Correct: 17/128 | Elapsed Time: 12.47s
2026-01-29 23:23:54,466 | INFO | Epoch [38/100] - Loss: 2.2600 | Correct: 8631/50000 (17.26%, 490.77s)
2026-01-29 23:24:39,046 | INFO | Validation - Loss: 2.4649 | Correct: 1000/10000 (10.00%) (44.58s)
2026-01-29 23:24:51,525 | INFO | Batch 10 | Loss: 2.3024 | Correct: 20/128 | Elapsed Time: 12.48s
2026-01-29 23:25:04,134 | INFO | Batch 20 | Loss: 2.4174 | Correct: 12/128 | Elapsed Time: 12.61s
2026-01-29 23:25:16,650 | INFO | Batch 30 | Loss: 2.2409 | Correct: 25/128 | Elapsed Time: 12.52s
2026-01-29 23:25:29,088 | INFO | Batch 40 | Loss: 2.2653 | Correct: 28/128 | Elapsed Time: 12.44s
2026-01-29 23:25:41,592 | INFO | Batch 50 | Loss: 2.2409 | Correct: 26/128 | Elapsed Time: 12.50s
2026-01-29 23:25:54,128 | INFO | Batch 60 | Loss: 2.3024 | Correct: 18/128 | Elapsed Time: 12.54s
2026-01-29 23:26:06,662 | INFO | Batch 70 | Loss: 2.3274 | Correct: 15/128 | Elapsed Time: 12.53s
2026-01-29 23:26:19,195 | INFO | Batch 80 | Loss: 2.2288 | Correct: 22/128 | Elapsed Time: 12.53s
2026-01-29 23:26:31,743 | INFO | Batch 90 | Loss: 2.2653 | Correct: 20/128 | Elapsed Time: 12.55s
2026-01-29 23:26:44,220 | INFO | Batch 100 | Loss: 2.3149 | Correct: 24/128 | Elapsed Time: 12.48s
2026-01-29 23:26:56,757 | INFO | Batch 110 | Loss: 2.3024 | Correct: 21/128 | Elapsed Time: 12.54s
2026-01-29 23:27:09,375 | INFO | Batch 120 | Loss: 2.2776 | Correct: 13/128 | Elapsed Time: 12.62s
2026-01-29 23:27:21,827 | INFO | Batch 130 | Loss: 2.3528 | Correct: 21/128 | Elapsed Time: 12.45s
2026-01-29 23:27:34,381 | INFO | Batch 140 | Loss: 2.3401 | Correct: 16/128 | Elapsed Time: 12.55s
2026-01-29 23:27:46,926 | INFO | Batch 150 | Loss: 2.3401 | Correct: 20/128 | Elapsed Time: 12.54s
2026-01-29 23:27:59,491 | INFO | Batch 160 | Loss: 2.5519 | Correct: 16/128 | Elapsed Time: 12.57s
2026-01-29 23:28:12,012 | INFO | Batch 170 | Loss: 2.2530 | Correct: 26/128 | Elapsed Time: 12.52s
2026-01-29 23:28:24,542 | INFO | Batch 180 | Loss: 2.3784 | Correct: 19/128 | Elapsed Time: 12.53s
2026-01-29 23:28:37,079 | INFO | Batch 190 | Loss: 2.3913 | Correct: 21/128 | Elapsed Time: 12.54s
2026-01-29 23:28:49,544 | INFO | Batch 200 | Loss: 2.2530 | Correct: 20/128 | Elapsed Time: 12.47s
2026-01-29 23:29:02,153 | INFO | Batch 210 | Loss: 2.2048 | Correct: 26/128 | Elapsed Time: 12.61s
2026-01-29 23:29:14,763 | INFO | Batch 220 | Loss: 2.2288 | Correct: 30/128 | Elapsed Time: 12.61s
2026-01-29 23:29:27,220 | INFO | Batch 230 | Loss: 2.2288 | Correct: 27/128 | Elapsed Time: 12.46s
2026-01-29 23:29:39,774 | INFO | Batch 240 | Loss: 2.2167 | Correct: 27/128 | Elapsed Time: 12.55s
2026-01-29 23:29:52,321 | INFO | Batch 250 | Loss: 2.3149 | Correct: 17/128 | Elapsed Time: 12.55s
2026-01-29 23:30:04,881 | INFO | Batch 260 | Loss: 2.2167 | Correct: 17/128 | Elapsed Time: 12.56s
2026-01-29 23:30:17,514 | INFO | Batch 270 | Loss: 2.3528 | Correct: 16/128 | Elapsed Time: 12.63s
2026-01-29 23:30:30,225 | INFO | Batch 280 | Loss: 2.3274 | Correct: 26/128 | Elapsed Time: 12.71s
2026-01-29 23:30:42,667 | INFO | Batch 290 | Loss: 2.2776 | Correct: 21/128 | Elapsed Time: 12.44s
2026-01-29 23:30:55,239 | INFO | Batch 300 | Loss: 2.4043 | Correct: 18/128 | Elapsed Time: 12.57s
2026-01-29 23:31:07,856 | INFO | Batch 310 | Loss: 2.0999 | Correct: 33/128 | Elapsed Time: 12.62s
2026-01-29 23:31:20,287 | INFO | Batch 320 | Loss: 2.2409 | Correct: 20/128 | Elapsed Time: 12.43s
2026-01-29 23:31:32,838 | INFO | Batch 330 | Loss: 2.1692 | Correct: 26/128 | Elapsed Time: 12.55s
2026-01-29 23:31:45,399 | INFO | Batch 340 | Loss: 2.2288 | Correct: 21/128 | Elapsed Time: 12.56s
2026-01-29 23:31:57,837 | INFO | Batch 350 | Loss: 2.4437 | Correct: 19/128 | Elapsed Time: 12.44s
2026-01-29 23:32:10,483 | INFO | Batch 360 | Loss: 2.3528 | Correct: 18/128 | Elapsed Time: 12.65s
2026-01-29 23:32:23,029 | INFO | Batch 370 | Loss: 2.2899 | Correct: 21/128 | Elapsed Time: 12.55s
2026-01-29 23:32:35,493 | INFO | Batch 380 | Loss: 2.3274 | Correct: 24/128 | Elapsed Time: 12.46s
2026-01-29 23:32:48,085 | INFO | Batch 390 | Loss: 2.3149 | Correct: 18/128 | Elapsed Time: 12.59s
2026-01-29 23:32:49,080 | INFO | Epoch [39/100] - Loss: 2.2794 | Correct: 8330/50000 (16.66%, 490.03s)
2026-01-29 23:33:33,639 | INFO | Validation - Loss: 2.4747 | Correct: 1000/10000 (10.00%) (44.56s)
2026-01-29 23:33:46,203 | INFO | Batch 10 | Loss: 2.1810 | Correct: 24/128 | Elapsed Time: 12.56s
2026-01-29 23:33:58,734 | INFO | Batch 20 | Loss: 2.3913 | Correct: 16/128 | Elapsed Time: 12.53s
2026-01-29 23:34:11,255 | INFO | Batch 30 | Loss: 2.2899 | Correct: 19/128 | Elapsed Time: 12.52s
2026-01-29 23:34:23,781 | INFO | Batch 40 | Loss: 2.3913 | Correct: 21/128 | Elapsed Time: 12.53s
2026-01-29 23:34:36,303 | INFO | Batch 50 | Loss: 2.3274 | Correct: 19/128 | Elapsed Time: 12.52s
2026-01-29 23:34:48,721 | INFO | Batch 60 | Loss: 2.3149 | Correct: 20/128 | Elapsed Time: 12.42s
2026-01-29 23:35:01,236 | INFO | Batch 70 | Loss: 2.2899 | Correct: 23/128 | Elapsed Time: 12.51s
2026-01-29 23:35:13,865 | INFO | Batch 80 | Loss: 2.2776 | Correct: 23/128 | Elapsed Time: 12.63s
2026-01-29 23:35:26,331 | INFO | Batch 90 | Loss: 2.2530 | Correct: 18/128 | Elapsed Time: 12.47s
2026-01-29 23:35:38,833 | INFO | Batch 100 | Loss: 2.2288 | Correct: 24/128 | Elapsed Time: 12.50s
2026-01-29 23:35:51,366 | INFO | Batch 110 | Loss: 2.2288 | Correct: 23/128 | Elapsed Time: 12.53s
2026-01-29 23:36:03,867 | INFO | Batch 120 | Loss: 2.2653 | Correct: 17/128 | Elapsed Time: 12.50s
2026-01-29 23:36:16,431 | INFO | Batch 130 | Loss: 2.1929 | Correct: 20/128 | Elapsed Time: 12.56s
2026-01-29 23:36:28,978 | INFO | Batch 140 | Loss: 2.3149 | Correct: 20/128 | Elapsed Time: 12.55s
2026-01-29 23:36:41,446 | INFO | Batch 150 | Loss: 2.2899 | Correct: 19/128 | Elapsed Time: 12.47s
2026-01-29 23:36:54,018 | INFO | Batch 160 | Loss: 2.3913 | Correct: 18/128 | Elapsed Time: 12.57s
2026-01-29 23:37:06,688 | INFO | Batch 170 | Loss: 2.2288 | Correct: 23/128 | Elapsed Time: 12.67s
2026-01-29 23:37:19,144 | INFO | Batch 180 | Loss: 2.2776 | Correct: 23/128 | Elapsed Time: 12.46s
2026-01-29 23:37:31,674 | INFO | Batch 190 | Loss: 2.2048 | Correct: 25/128 | Elapsed Time: 12.53s
2026-01-29 23:37:44,238 | INFO | Batch 200 | Loss: 2.2288 | Correct: 24/128 | Elapsed Time: 12.56s
2026-01-29 23:37:56,667 | INFO | Batch 210 | Loss: 2.0999 | Correct: 29/128 | Elapsed Time: 12.43s
2026-01-29 23:38:09,265 | INFO | Batch 220 | Loss: 2.3656 | Correct: 17/128 | Elapsed Time: 12.60s
2026-01-29 23:38:21,814 | INFO | Batch 230 | Loss: 2.2048 | Correct: 21/128 | Elapsed Time: 12.55s
2026-01-29 23:38:34,365 | INFO | Batch 240 | Loss: 2.3528 | Correct: 20/128 | Elapsed Time: 12.55s
2026-01-29 23:38:46,824 | INFO | Batch 250 | Loss: 2.3274 | Correct: 16/128 | Elapsed Time: 12.46s
2026-01-29 23:38:59,354 | INFO | Batch 260 | Loss: 2.2048 | Correct: 28/128 | Elapsed Time: 12.53s
2026-01-29 23:39:11,943 | INFO | Batch 270 | Loss: 2.4837 | Correct: 19/128 | Elapsed Time: 12.59s
2026-01-29 23:39:24,401 | INFO | Batch 280 | Loss: 2.3149 | Correct: 23/128 | Elapsed Time: 12.46s
2026-01-29 23:39:36,937 | INFO | Batch 290 | Loss: 2.2167 | Correct: 21/128 | Elapsed Time: 12.54s
2026-01-29 23:39:49,483 | INFO | Batch 300 | Loss: 2.2776 | Correct: 28/128 | Elapsed Time: 12.55s
2026-01-29 23:40:01,921 | INFO | Batch 310 | Loss: 2.3784 | Correct: 14/128 | Elapsed Time: 12.44s
2026-01-29 23:40:14,511 | INFO | Batch 320 | Loss: 2.2653 | Correct: 33/128 | Elapsed Time: 12.59s
2026-01-29 23:40:27,703 | INFO | Batch 330 | Loss: 2.3401 | Correct: 19/128 | Elapsed Time: 13.19s
2026-01-29 23:40:40,160 | INFO | Batch 340 | Loss: 2.2653 | Correct: 22/128 | Elapsed Time: 12.46s
2026-01-29 23:40:52,692 | INFO | Batch 350 | Loss: 2.3913 | Correct: 14/128 | Elapsed Time: 12.53s
2026-01-29 23:41:05,301 | INFO | Batch 360 | Loss: 2.2288 | Correct: 25/128 | Elapsed Time: 12.61s
2026-01-29 23:41:17,759 | INFO | Batch 370 | Loss: 2.3024 | Correct: 19/128 | Elapsed Time: 12.46s
2026-01-29 23:41:30,312 | INFO | Batch 380 | Loss: 2.3024 | Correct: 17/128 | Elapsed Time: 12.55s
2026-01-29 23:41:42,860 | INFO | Batch 390 | Loss: 2.2899 | Correct: 27/128 | Elapsed Time: 12.55s
2026-01-29 23:41:43,858 | INFO | Epoch [40/100] - Loss: 2.2873 | Correct: 8447/50000 (16.89%, 490.22s)
2026-01-29 23:42:28,340 | INFO | Validation - Loss: 2.3854 | Correct: 1000/10000 (10.00%) (44.48s)
2026-01-29 23:42:40,799 | INFO | Batch 10 | Loss: 2.4043 | Correct: 15/128 | Elapsed Time: 12.46s
2026-01-29 23:42:53,315 | INFO | Batch 20 | Loss: 2.2530 | Correct: 22/128 | Elapsed Time: 12.52s
2026-01-29 23:43:05,948 | INFO | Batch 30 | Loss: 2.3024 | Correct: 14/128 | Elapsed Time: 12.63s
2026-01-29 23:43:18,491 | INFO | Batch 40 | Loss: 2.2776 | Correct: 28/128 | Elapsed Time: 12.54s
2026-01-29 23:43:30,908 | INFO | Batch 50 | Loss: 2.3274 | Correct: 18/128 | Elapsed Time: 12.42s
2026-01-29 23:43:43,454 | INFO | Batch 60 | Loss: 2.2776 | Correct: 22/128 | Elapsed Time: 12.55s
2026-01-29 23:43:55,995 | INFO | Batch 70 | Loss: 2.3024 | Correct: 18/128 | Elapsed Time: 12.54s
2026-01-29 23:44:08,559 | INFO | Batch 80 | Loss: 2.2530 | Correct: 24/128 | Elapsed Time: 12.56s
2026-01-29 23:44:21,133 | INFO | Batch 90 | Loss: 2.3149 | Correct: 17/128 | Elapsed Time: 12.57s
2026-01-29 23:44:33,696 | INFO | Batch 100 | Loss: 2.2288 | Correct: 23/128 | Elapsed Time: 12.56s
2026-01-29 23:44:46,150 | INFO | Batch 110 | Loss: 2.3024 | Correct: 22/128 | Elapsed Time: 12.45s
2026-01-29 23:44:58,667 | INFO | Batch 120 | Loss: 2.3528 | Correct: 16/128 | Elapsed Time: 12.52s
2026-01-29 23:45:11,308 | INFO | Batch 130 | Loss: 2.2530 | Correct: 20/128 | Elapsed Time: 12.64s
2026-01-29 23:45:23,761 | INFO | Batch 140 | Loss: 2.2530 | Correct: 22/128 | Elapsed Time: 12.45s
2026-01-29 23:45:36,321 | INFO | Batch 150 | Loss: 2.2048 | Correct: 21/128 | Elapsed Time: 12.56s
2026-01-29 23:45:48,855 | INFO | Batch 160 | Loss: 2.2288 | Correct: 24/128 | Elapsed Time: 12.53s
2026-01-29 23:46:01,337 | INFO | Batch 170 | Loss: 2.2048 | Correct: 19/128 | Elapsed Time: 12.48s
2026-01-29 23:46:13,966 | INFO | Batch 180 | Loss: 2.2899 | Correct: 20/128 | Elapsed Time: 12.63s
2026-01-29 23:46:26,483 | INFO | Batch 190 | Loss: 2.1929 | Correct: 24/128 | Elapsed Time: 12.52s
2026-01-29 23:46:38,971 | INFO | Batch 200 | Loss: 2.3656 | Correct: 21/128 | Elapsed Time: 12.49s
2026-01-29 23:46:51,503 | INFO | Batch 210 | Loss: 2.3656 | Correct: 15/128 | Elapsed Time: 12.53s
2026-01-29 23:47:04,153 | INFO | Batch 220 | Loss: 2.2899 | Correct: 18/128 | Elapsed Time: 12.65s
2026-01-29 23:47:16,617 | INFO | Batch 230 | Loss: 2.2653 | Correct: 24/128 | Elapsed Time: 12.46s
2026-01-29 23:47:29,176 | INFO | Batch 240 | Loss: 2.2899 | Correct: 20/128 | Elapsed Time: 12.56s
2026-01-29 23:47:41,733 | INFO | Batch 250 | Loss: 2.3024 | Correct: 19/128 | Elapsed Time: 12.56s
2026-01-29 23:47:54,181 | INFO | Batch 260 | Loss: 2.1810 | Correct: 29/128 | Elapsed Time: 12.45s
2026-01-29 23:48:06,788 | INFO | Batch 270 | Loss: 2.2653 | Correct: 24/128 | Elapsed Time: 12.61s
2026-01-29 23:48:19,361 | INFO | Batch 280 | Loss: 2.2409 | Correct: 21/128 | Elapsed Time: 12.57s
2026-01-29 23:48:31,937 | INFO | Batch 290 | Loss: 2.1810 | Correct: 26/128 | Elapsed Time: 12.58s
2026-01-29 23:48:44,535 | INFO | Batch 300 | Loss: 2.2530 | Correct: 23/128 | Elapsed Time: 12.60s
2026-01-29 23:48:57,111 | INFO | Batch 310 | Loss: 2.3401 | Correct: 15/128 | Elapsed Time: 12.58s
2026-01-29 23:49:09,708 | INFO | Batch 320 | Loss: 2.3024 | Correct: 24/128 | Elapsed Time: 12.60s
2026-01-29 23:49:22,178 | INFO | Batch 330 | Loss: 2.3401 | Correct: 26/128 | Elapsed Time: 12.47s
2026-01-29 23:49:34,758 | INFO | Batch 340 | Loss: 2.2530 | Correct: 19/128 | Elapsed Time: 12.58s
2026-01-29 23:49:47,324 | INFO | Batch 350 | Loss: 2.2167 | Correct: 28/128 | Elapsed Time: 12.57s
2026-01-29 23:49:59,781 | INFO | Batch 360 | Loss: 2.2899 | Correct: 22/128 | Elapsed Time: 12.46s
2026-01-29 23:50:12,427 | INFO | Batch 370 | Loss: 2.2776 | Correct: 24/128 | Elapsed Time: 12.65s
2026-01-29 23:50:25,220 | INFO | Batch 380 | Loss: 2.3913 | Correct: 23/128 | Elapsed Time: 12.79s
2026-01-29 23:50:37,646 | INFO | Batch 390 | Loss: 2.3401 | Correct: 15/128 | Elapsed Time: 12.43s
2026-01-29 23:50:38,643 | INFO | Epoch [41/100] - Loss: 2.2890 | Correct: 8323/50000 (16.65%, 490.30s)
2026-01-29 23:51:23,091 | INFO | Validation - Loss: 2.6952 | Correct: 1000/10000 (10.00%) (44.45s)
2026-01-29 23:51:35,643 | INFO | Batch 10 | Loss: 2.1810 | Correct: 23/128 | Elapsed Time: 12.55s
2026-01-29 23:51:48,204 | INFO | Batch 20 | Loss: 2.2653 | Correct: 21/128 | Elapsed Time: 12.56s
2026-01-29 23:52:00,659 | INFO | Batch 30 | Loss: 2.2899 | Correct: 20/128 | Elapsed Time: 12.46s
2026-01-29 23:52:13,271 | INFO | Batch 40 | Loss: 2.2048 | Correct: 22/128 | Elapsed Time: 12.61s
2026-01-29 23:52:25,805 | INFO | Batch 50 | Loss: 2.2288 | Correct: 22/128 | Elapsed Time: 12.53s
2026-01-29 23:52:38,352 | INFO | Batch 60 | Loss: 2.2653 | Correct: 22/128 | Elapsed Time: 12.55s
2026-01-29 23:52:50,775 | INFO | Batch 70 | Loss: 2.2653 | Correct: 21/128 | Elapsed Time: 12.42s
2026-01-29 23:53:03,344 | INFO | Batch 80 | Loss: 2.2167 | Correct: 22/128 | Elapsed Time: 12.57s
2026-01-29 23:53:15,926 | INFO | Batch 90 | Loss: 2.2899 | Correct: 17/128 | Elapsed Time: 12.58s
2026-01-29 23:53:28,408 | INFO | Batch 100 | Loss: 2.1810 | Correct: 21/128 | Elapsed Time: 12.48s
2026-01-29 23:53:40,972 | INFO | Batch 110 | Loss: 2.3274 | Correct: 13/128 | Elapsed Time: 12.56s
2026-01-29 23:53:53,520 | INFO | Batch 120 | Loss: 2.2167 | Correct: 24/128 | Elapsed Time: 12.55s
2026-01-29 23:54:06,015 | INFO | Batch 130 | Loss: 2.2899 | Correct: 19/128 | Elapsed Time: 12.49s
2026-01-29 23:54:18,589 | INFO | Batch 140 | Loss: 2.2776 | Correct: 20/128 | Elapsed Time: 12.57s
2026-01-29 23:54:31,141 | INFO | Batch 150 | Loss: 2.3401 | Correct: 17/128 | Elapsed Time: 12.55s
2026-01-29 23:54:43,603 | INFO | Batch 160 | Loss: 2.1459 | Correct: 25/128 | Elapsed Time: 12.46s
2026-01-29 23:54:56,136 | INFO | Batch 170 | Loss: 2.0885 | Correct: 32/128 | Elapsed Time: 12.53s
2026-01-29 23:55:08,771 | INFO | Batch 180 | Loss: 2.2653 | Correct: 18/128 | Elapsed Time: 12.63s
2026-01-29 23:55:21,249 | INFO | Batch 190 | Loss: 2.2167 | Correct: 26/128 | Elapsed Time: 12.48s
2026-01-29 23:55:33,776 | INFO | Batch 200 | Loss: 2.3401 | Correct: 18/128 | Elapsed Time: 12.53s
2026-01-29 23:55:46,378 | INFO | Batch 210 | Loss: 2.3024 | Correct: 25/128 | Elapsed Time: 12.60s
2026-01-29 23:55:58,877 | INFO | Batch 220 | Loss: 2.3528 | Correct: 21/128 | Elapsed Time: 12.50s
2026-01-29 23:56:11,572 | INFO | Batch 230 | Loss: 2.4570 | Correct: 18/128 | Elapsed Time: 12.69s
2026-01-29 23:56:24,199 | INFO | Batch 240 | Loss: 2.2048 | Correct: 26/128 | Elapsed Time: 12.63s
2026-01-29 23:56:36,658 | INFO | Batch 250 | Loss: 2.3274 | Correct: 21/128 | Elapsed Time: 12.46s
2026-01-29 23:56:49,195 | INFO | Batch 260 | Loss: 2.2530 | Correct: 29/128 | Elapsed Time: 12.54s
2026-01-29 23:57:01,750 | INFO | Batch 270 | Loss: 2.3024 | Correct: 24/128 | Elapsed Time: 12.55s
2026-01-29 23:57:14,345 | INFO | Batch 280 | Loss: 2.2776 | Correct: 22/128 | Elapsed Time: 12.60s
2026-01-29 23:57:26,817 | INFO | Batch 290 | Loss: 2.3656 | Correct: 16/128 | Elapsed Time: 12.47s
2026-01-29 23:57:39,368 | INFO | Batch 300 | Loss: 2.4043 | Correct: 18/128 | Elapsed Time: 12.55s
2026-01-29 23:57:51,913 | INFO | Batch 310 | Loss: 2.4043 | Correct: 24/128 | Elapsed Time: 12.55s
2026-01-29 23:58:04,400 | INFO | Batch 320 | Loss: 2.3528 | Correct: 19/128 | Elapsed Time: 12.49s
2026-01-29 23:58:16,933 | INFO | Batch 330 | Loss: 2.2776 | Correct: 24/128 | Elapsed Time: 12.53s
2026-01-29 23:58:29,491 | INFO | Batch 340 | Loss: 2.2653 | Correct: 23/128 | Elapsed Time: 12.56s
2026-01-29 23:58:41,941 | INFO | Batch 350 | Loss: 2.3274 | Correct: 17/128 | Elapsed Time: 12.45s
2026-01-29 23:58:54,498 | INFO | Batch 360 | Loss: 2.2048 | Correct: 24/128 | Elapsed Time: 12.56s
2026-01-29 23:59:07,124 | INFO | Batch 370 | Loss: 2.2776 | Correct: 21/128 | Elapsed Time: 12.63s
2026-01-29 23:59:19,596 | INFO | Batch 380 | Loss: 2.3149 | Correct: 15/128 | Elapsed Time: 12.47s
2026-01-29 23:59:32,155 | INFO | Batch 390 | Loss: 2.2899 | Correct: 23/128 | Elapsed Time: 12.56s
2026-01-29 23:59:33,156 | INFO | Epoch [42/100] - Loss: 2.2888 | Correct: 8452/50000 (16.90%, 490.06s)
2026-01-30 00:00:17,930 | INFO | Validation - Loss: 2.4344 | Correct: 1000/10000 (10.00%) (44.77s)
2026-01-30 00:00:30,662 | INFO | Batch 10 | Loss: 2.3913 | Correct: 20/128 | Elapsed Time: 12.73s
2026-01-30 00:00:43,119 | INFO | Batch 20 | Loss: 2.2653 | Correct: 19/128 | Elapsed Time: 12.46s
2026-01-30 00:00:55,682 | INFO | Batch 30 | Loss: 2.2048 | Correct: 22/128 | Elapsed Time: 12.56s
2026-01-30 00:01:08,275 | INFO | Batch 40 | Loss: 2.2409 | Correct: 24/128 | Elapsed Time: 12.59s
2026-01-30 00:01:20,758 | INFO | Batch 50 | Loss: 2.3913 | Correct: 21/128 | Elapsed Time: 12.48s
2026-01-30 00:01:33,317 | INFO | Batch 60 | Loss: 2.3149 | Correct: 21/128 | Elapsed Time: 12.56s
2026-01-30 00:01:45,883 | INFO | Batch 70 | Loss: 2.4437 | Correct: 16/128 | Elapsed Time: 12.57s
2026-01-30 00:01:58,352 | INFO | Batch 80 | Loss: 2.3528 | Correct: 20/128 | Elapsed Time: 12.47s
2026-01-30 00:02:10,929 | INFO | Batch 90 | Loss: 2.2653 | Correct: 23/128 | Elapsed Time: 12.58s
2026-01-30 00:02:23,472 | INFO | Batch 100 | Loss: 2.3024 | Correct: 22/128 | Elapsed Time: 12.54s
2026-01-30 00:02:36,048 | INFO | Batch 110 | Loss: 2.4837 | Correct: 19/128 | Elapsed Time: 12.58s
2026-01-30 00:02:48,517 | INFO | Batch 120 | Loss: 2.2530 | Correct: 15/128 | Elapsed Time: 12.47s
2026-01-30 00:03:01,085 | INFO | Batch 130 | Loss: 2.2530 | Correct: 26/128 | Elapsed Time: 12.57s
2026-01-30 00:03:13,660 | INFO | Batch 140 | Loss: 2.2899 | Correct: 20/128 | Elapsed Time: 12.58s
2026-01-30 00:03:26,124 | INFO | Batch 150 | Loss: 2.2048 | Correct: 21/128 | Elapsed Time: 12.46s
2026-01-30 00:03:38,680 | INFO | Batch 160 | Loss: 2.2409 | Correct: 16/128 | Elapsed Time: 12.56s
2026-01-30 00:03:51,232 | INFO | Batch 170 | Loss: 2.1575 | Correct: 33/128 | Elapsed Time: 12.55s
2026-01-30 00:04:03,753 | INFO | Batch 180 | Loss: 2.2288 | Correct: 20/128 | Elapsed Time: 12.52s
2026-01-30 00:04:16,333 | INFO | Batch 190 | Loss: 2.3656 | Correct: 11/128 | Elapsed Time: 12.58s
2026-01-30 00:04:28,896 | INFO | Batch 200 | Loss: 2.3656 | Correct: 25/128 | Elapsed Time: 12.56s
2026-01-30 00:04:41,383 | INFO | Batch 210 | Loss: 2.3274 | Correct: 22/128 | Elapsed Time: 12.49s
2026-01-30 00:04:53,962 | INFO | Batch 220 | Loss: 2.3656 | Correct: 19/128 | Elapsed Time: 12.58s
2026-01-30 00:05:06,605 | INFO | Batch 230 | Loss: 2.3024 | Correct: 23/128 | Elapsed Time: 12.64s
2026-01-30 00:05:19,062 | INFO | Batch 240 | Loss: 2.2530 | Correct: 20/128 | Elapsed Time: 12.46s
2026-01-30 00:05:31,605 | INFO | Batch 250 | Loss: 2.2409 | Correct: 29/128 | Elapsed Time: 12.54s
2026-01-30 00:05:44,173 | INFO | Batch 260 | Loss: 2.3528 | Correct: 18/128 | Elapsed Time: 12.57s
2026-01-30 00:05:56,657 | INFO | Batch 270 | Loss: 2.2409 | Correct: 24/128 | Elapsed Time: 12.48s
2026-01-30 00:06:09,354 | INFO | Batch 280 | Loss: 2.1692 | Correct: 24/128 | Elapsed Time: 12.70s
2026-01-30 00:06:21,986 | INFO | Batch 290 | Loss: 2.2530 | Correct: 21/128 | Elapsed Time: 12.63s
2026-01-30 00:06:34,476 | INFO | Batch 300 | Loss: 2.3024 | Correct: 25/128 | Elapsed Time: 12.49s
2026-01-30 00:06:47,084 | INFO | Batch 310 | Loss: 2.1810 | Correct: 24/128 | Elapsed Time: 12.61s
2026-01-30 00:06:59,676 | INFO | Batch 320 | Loss: 2.4437 | Correct: 17/128 | Elapsed Time: 12.59s
2026-01-30 00:07:12,273 | INFO | Batch 330 | Loss: 2.2653 | Correct: 20/128 | Elapsed Time: 12.60s
2026-01-30 00:07:24,700 | INFO | Batch 340 | Loss: 2.1810 | Correct: 28/128 | Elapsed Time: 12.43s
2026-01-30 00:07:37,230 | INFO | Batch 350 | Loss: 2.2899 | Correct: 26/128 | Elapsed Time: 12.53s
2026-01-30 00:07:49,786 | INFO | Batch 360 | Loss: 2.2653 | Correct: 19/128 | Elapsed Time: 12.56s
2026-01-30 00:08:02,264 | INFO | Batch 370 | Loss: 2.3274 | Correct: 19/128 | Elapsed Time: 12.48s
2026-01-30 00:08:14,859 | INFO | Batch 380 | Loss: 2.3274 | Correct: 21/128 | Elapsed Time: 12.60s
2026-01-30 00:08:27,407 | INFO | Batch 390 | Loss: 2.3274 | Correct: 18/128 | Elapsed Time: 12.55s
2026-01-30 00:08:28,401 | INFO | Epoch [43/100] - Loss: 2.2921 | Correct: 8450/50000 (16.90%, 490.47s)
2026-01-30 00:09:13,042 | INFO | Validation - Loss: 2.5668 | Correct: 1000/10000 (10.00%) (44.64s)
2026-01-30 00:09:25,499 | INFO | Batch 10 | Loss: 2.3656 | Correct: 24/128 | Elapsed Time: 12.45s
2026-01-30 00:09:38,055 | INFO | Batch 20 | Loss: 2.4043 | Correct: 17/128 | Elapsed Time: 12.56s
2026-01-30 00:09:50,605 | INFO | Batch 30 | Loss: 2.2653 | Correct: 27/128 | Elapsed Time: 12.55s
2026-01-30 00:10:03,070 | INFO | Batch 40 | Loss: 2.1459 | Correct: 36/128 | Elapsed Time: 12.47s
2026-01-30 00:10:15,676 | INFO | Batch 50 | Loss: 2.2653 | Correct: 21/128 | Elapsed Time: 12.61s
2026-01-30 00:10:28,735 | INFO | Batch 60 | Loss: 2.2530 | Correct: 20/128 | Elapsed Time: 13.06s
2026-01-30 00:10:41,204 | INFO | Batch 70 | Loss: 2.1459 | Correct: 31/128 | Elapsed Time: 12.47s
2026-01-30 00:10:53,777 | INFO | Batch 80 | Loss: 2.3401 | Correct: 21/128 | Elapsed Time: 12.57s
2026-01-30 00:11:06,426 | INFO | Batch 90 | Loss: 2.2288 | Correct: 23/128 | Elapsed Time: 12.65s
2026-01-30 00:11:18,916 | INFO | Batch 100 | Loss: 2.3656 | Correct: 22/128 | Elapsed Time: 12.49s
2026-01-30 00:11:31,494 | INFO | Batch 110 | Loss: 2.1810 | Correct: 26/128 | Elapsed Time: 12.58s
2026-01-30 00:11:44,074 | INFO | Batch 120 | Loss: 2.3149 | Correct: 15/128 | Elapsed Time: 12.58s
2026-01-30 00:11:56,525 | INFO | Batch 130 | Loss: 2.3913 | Correct: 24/128 | Elapsed Time: 12.45s
2026-01-30 00:12:09,113 | INFO | Batch 140 | Loss: 2.3401 | Correct: 18/128 | Elapsed Time: 12.59s
2026-01-30 00:12:21,676 | INFO | Batch 150 | Loss: 2.2409 | Correct: 25/128 | Elapsed Time: 12.56s
2026-01-30 00:12:34,090 | INFO | Batch 160 | Loss: 2.4437 | Correct: 14/128 | Elapsed Time: 12.41s
2026-01-30 00:12:46,637 | INFO | Batch 170 | Loss: 2.3913 | Correct: 21/128 | Elapsed Time: 12.55s
2026-01-30 00:12:59,201 | INFO | Batch 180 | Loss: 2.3528 | Correct: 14/128 | Elapsed Time: 12.56s
2026-01-30 00:13:11,735 | INFO | Batch 190 | Loss: 2.3401 | Correct: 19/128 | Elapsed Time: 12.53s
2026-01-30 00:13:24,312 | INFO | Batch 200 | Loss: 2.2899 | Correct: 19/128 | Elapsed Time: 12.58s
2026-01-30 00:13:36,874 | INFO | Batch 210 | Loss: 2.2776 | Correct: 17/128 | Elapsed Time: 12.56s
2026-01-30 00:13:49,445 | INFO | Batch 220 | Loss: 2.4043 | Correct: 20/128 | Elapsed Time: 12.57s
2026-01-30 00:14:01,898 | INFO | Batch 230 | Loss: 2.2167 | Correct: 24/128 | Elapsed Time: 12.45s
2026-01-30 00:14:14,512 | INFO | Batch 240 | Loss: 2.2530 | Correct: 23/128 | Elapsed Time: 12.61s
2026-01-30 00:14:27,079 | INFO | Batch 250 | Loss: 2.2776 | Correct: 25/128 | Elapsed Time: 12.57s
2026-01-30 00:14:39,539 | INFO | Batch 260 | Loss: 2.2530 | Correct: 20/128 | Elapsed Time: 12.46s
2026-01-30 00:14:52,104 | INFO | Batch 270 | Loss: 2.3656 | Correct: 26/128 | Elapsed Time: 12.56s
2026-01-30 00:15:04,706 | INFO | Batch 280 | Loss: 2.3656 | Correct: 26/128 | Elapsed Time: 12.60s
2026-01-30 00:15:17,213 | INFO | Batch 290 | Loss: 2.3656 | Correct: 25/128 | Elapsed Time: 12.51s
2026-01-30 00:15:29,783 | INFO | Batch 300 | Loss: 2.1929 | Correct: 24/128 | Elapsed Time: 12.57s
2026-01-30 00:15:42,353 | INFO | Batch 310 | Loss: 2.2530 | Correct: 23/128 | Elapsed Time: 12.57s
2026-01-30 00:15:54,843 | INFO | Batch 320 | Loss: 2.4703 | Correct: 15/128 | Elapsed Time: 12.49s
2026-01-30 00:16:07,470 | INFO | Batch 330 | Loss: 2.3656 | Correct: 20/128 | Elapsed Time: 12.63s
2026-01-30 00:16:20,039 | INFO | Batch 340 | Loss: 2.1929 | Correct: 33/128 | Elapsed Time: 12.57s
2026-01-30 00:16:32,491 | INFO | Batch 350 | Loss: 2.2530 | Correct: 24/128 | Elapsed Time: 12.45s
2026-01-30 00:16:45,041 | INFO | Batch 360 | Loss: 2.3274 | Correct: 19/128 | Elapsed Time: 12.55s
2026-01-30 00:16:57,593 | INFO | Batch 370 | Loss: 2.3656 | Correct: 17/128 | Elapsed Time: 12.55s
2026-01-30 00:17:10,091 | INFO | Batch 380 | Loss: 2.2048 | Correct: 26/128 | Elapsed Time: 12.50s
2026-01-30 00:17:22,657 | INFO | Batch 390 | Loss: 2.4043 | Correct: 12/128 | Elapsed Time: 12.57s
2026-01-30 00:17:23,650 | INFO | Epoch [44/100] - Loss: 2.3095 | Correct: 8315/50000 (16.63%, 490.61s)
2026-01-30 00:18:08,241 | INFO | Validation - Loss: 2.4216 | Correct: 1000/10000 (10.00%) (44.59s)
2026-01-30 00:18:20,832 | INFO | Batch 10 | Loss: 2.4972 | Correct: 13/128 | Elapsed Time: 12.59s
2026-01-30 00:18:33,398 | INFO | Batch 20 | Loss: 2.2167 | Correct: 30/128 | Elapsed Time: 12.57s
2026-01-30 00:18:45,877 | INFO | Batch 30 | Loss: 2.2776 | Correct: 23/128 | Elapsed Time: 12.48s
2026-01-30 00:18:58,392 | INFO | Batch 40 | Loss: 2.4043 | Correct: 21/128 | Elapsed Time: 12.52s
2026-01-30 00:19:10,982 | INFO | Batch 50 | Loss: 2.2288 | Correct: 22/128 | Elapsed Time: 12.59s
2026-01-30 00:19:23,452 | INFO | Batch 60 | Loss: 2.2653 | Correct: 21/128 | Elapsed Time: 12.47s
2026-01-30 00:19:36,017 | INFO | Batch 70 | Loss: 2.2409 | Correct: 26/128 | Elapsed Time: 12.56s
2026-01-30 00:19:48,634 | INFO | Batch 80 | Loss: 2.3024 | Correct: 29/128 | Elapsed Time: 12.62s
2026-01-30 00:20:01,115 | INFO | Batch 90 | Loss: 2.1692 | Correct: 35/128 | Elapsed Time: 12.48s
2026-01-30 00:20:13,747 | INFO | Batch 100 | Loss: 2.2653 | Correct: 18/128 | Elapsed Time: 12.63s
2026-01-30 00:20:26,592 | INFO | Batch 110 | Loss: 2.2899 | Correct: 25/128 | Elapsed Time: 12.84s
2026-01-30 00:20:39,035 | INFO | Batch 120 | Loss: 2.4305 | Correct: 19/128 | Elapsed Time: 12.44s
2026-01-30 00:20:51,552 | INFO | Batch 130 | Loss: 2.3913 | Correct: 17/128 | Elapsed Time: 12.52s
2026-01-30 00:21:04,219 | INFO | Batch 140 | Loss: 2.3274 | Correct: 19/128 | Elapsed Time: 12.67s
2026-01-30 00:21:16,676 | INFO | Batch 150 | Loss: 2.3024 | Correct: 22/128 | Elapsed Time: 12.46s
2026-01-30 00:21:29,248 | INFO | Batch 160 | Loss: 2.3913 | Correct: 15/128 | Elapsed Time: 12.57s
2026-01-30 00:21:41,835 | INFO | Batch 170 | Loss: 2.4305 | Correct: 17/128 | Elapsed Time: 12.59s
2026-01-30 00:21:54,299 | INFO | Batch 180 | Loss: 2.3784 | Correct: 22/128 | Elapsed Time: 12.46s
2026-01-30 00:22:06,900 | INFO | Batch 190 | Loss: 2.4043 | Correct: 19/128 | Elapsed Time: 12.60s
2026-01-30 00:22:19,482 | INFO | Batch 200 | Loss: 2.2167 | Correct: 24/128 | Elapsed Time: 12.58s
2026-01-30 00:22:31,905 | INFO | Batch 210 | Loss: 2.4305 | Correct: 19/128 | Elapsed Time: 12.42s
2026-01-30 00:22:44,424 | INFO | Batch 220 | Loss: 2.3149 | Correct: 22/128 | Elapsed Time: 12.52s
2026-01-30 00:22:56,963 | INFO | Batch 230 | Loss: 2.3913 | Correct: 20/128 | Elapsed Time: 12.54s
2026-01-30 00:23:09,495 | INFO | Batch 240 | Loss: 2.3149 | Correct: 21/128 | Elapsed Time: 12.53s
2026-01-30 00:23:22,047 | INFO | Batch 250 | Loss: 2.3024 | Correct: 19/128 | Elapsed Time: 12.55s
2026-01-30 00:23:34,599 | INFO | Batch 260 | Loss: 2.1810 | Correct: 25/128 | Elapsed Time: 12.55s
2026-01-30 00:23:47,043 | INFO | Batch 270 | Loss: 2.3024 | Correct: 24/128 | Elapsed Time: 12.44s
2026-01-30 00:23:59,590 | INFO | Batch 280 | Loss: 2.3274 | Correct: 17/128 | Elapsed Time: 12.55s
2026-01-30 00:24:12,192 | INFO | Batch 290 | Loss: 2.5108 | Correct: 19/128 | Elapsed Time: 12.60s
2026-01-30 00:24:24,751 | INFO | Batch 300 | Loss: 2.4437 | Correct: 15/128 | Elapsed Time: 12.56s
2026-01-30 00:24:37,219 | INFO | Batch 310 | Loss: 2.4437 | Correct: 13/128 | Elapsed Time: 12.47s
2026-01-30 00:24:49,748 | INFO | Batch 320 | Loss: 2.3149 | Correct: 19/128 | Elapsed Time: 12.53s
2026-01-30 00:25:02,284 | INFO | Batch 330 | Loss: 2.2288 | Correct: 25/128 | Elapsed Time: 12.54s
2026-01-30 00:25:14,776 | INFO | Batch 340 | Loss: 2.3784 | Correct: 16/128 | Elapsed Time: 12.49s
2026-01-30 00:25:27,332 | INFO | Batch 350 | Loss: 2.3401 | Correct: 22/128 | Elapsed Time: 12.56s
2026-01-30 00:25:39,872 | INFO | Batch 360 | Loss: 2.3024 | Correct: 24/128 | Elapsed Time: 12.54s
2026-01-30 00:25:52,315 | INFO | Batch 370 | Loss: 2.2530 | Correct: 26/128 | Elapsed Time: 12.44s
2026-01-30 00:26:04,913 | INFO | Batch 380 | Loss: 2.2048 | Correct: 29/128 | Elapsed Time: 12.60s
2026-01-30 00:26:17,489 | INFO | Batch 390 | Loss: 2.3024 | Correct: 21/128 | Elapsed Time: 12.58s
2026-01-30 00:26:18,493 | INFO | Epoch [45/100] - Loss: 2.3431 | Correct: 8093/50000 (16.19%, 490.25s)
2026-01-30 00:27:03,093 | INFO | Validation - Loss: 2.6604 | Correct: 1000/10000 (10.00%) (44.60s)
2026-01-30 00:27:15,729 | INFO | Batch 10 | Loss: 2.2653 | Correct: 24/128 | Elapsed Time: 12.63s
2026-01-30 00:27:28,171 | INFO | Batch 20 | Loss: 2.5797 | Correct: 13/128 | Elapsed Time: 12.44s
2026-01-30 00:27:40,722 | INFO | Batch 30 | Loss: 2.2530 | Correct: 23/128 | Elapsed Time: 12.55s
2026-01-30 00:27:53,274 | INFO | Batch 40 | Loss: 2.3913 | Correct: 22/128 | Elapsed Time: 12.55s
2026-01-30 00:28:05,839 | INFO | Batch 50 | Loss: 2.3024 | Correct: 26/128 | Elapsed Time: 12.56s
2026-01-30 00:28:18,404 | INFO | Batch 60 | Loss: 2.3024 | Correct: 22/128 | Elapsed Time: 12.57s
2026-01-30 00:28:30,979 | INFO | Batch 70 | Loss: 2.2776 | Correct: 21/128 | Elapsed Time: 12.58s
2026-01-30 00:28:43,447 | INFO | Batch 80 | Loss: 2.2409 | Correct: 23/128 | Elapsed Time: 12.47s
2026-01-30 00:28:55,994 | INFO | Batch 90 | Loss: 2.2776 | Correct: 21/128 | Elapsed Time: 12.55s
2026-01-30 00:29:08,570 | INFO | Batch 100 | Loss: 2.3528 | Correct: 21/128 | Elapsed Time: 12.58s
2026-01-30 00:29:21,035 | INFO | Batch 110 | Loss: 2.2409 | Correct: 24/128 | Elapsed Time: 12.47s
2026-01-30 00:29:33,601 | INFO | Batch 120 | Loss: 2.3528 | Correct: 20/128 | Elapsed Time: 12.57s
2026-01-30 00:29:46,147 | INFO | Batch 130 | Loss: 2.2409 | Correct: 29/128 | Elapsed Time: 12.55s
2026-01-30 00:29:58,617 | INFO | Batch 140 | Loss: 2.5381 | Correct: 20/128 | Elapsed Time: 12.47s
2026-01-30 00:30:11,364 | INFO | Batch 150 | Loss: 2.2776 | Correct: 26/128 | Elapsed Time: 12.75s
2026-01-30 00:30:24,126 | INFO | Batch 160 | Loss: 2.5937 | Correct: 12/128 | Elapsed Time: 12.76s
2026-01-30 00:30:36,622 | INFO | Batch 170 | Loss: 2.4837 | Correct: 20/128 | Elapsed Time: 12.50s
2026-01-30 00:30:49,156 | INFO | Batch 180 | Loss: 2.3656 | Correct: 25/128 | Elapsed Time: 12.53s
2026-01-30 00:31:01,707 | INFO | Batch 190 | Loss: 2.2776 | Correct: 30/128 | Elapsed Time: 12.55s
2026-01-30 00:31:14,237 | INFO | Batch 200 | Loss: 2.3784 | Correct: 23/128 | Elapsed Time: 12.53s
2026-01-30 00:31:26,801 | INFO | Batch 210 | Loss: 2.4437 | Correct: 21/128 | Elapsed Time: 12.56s
2026-01-30 00:31:39,372 | INFO | Batch 220 | Loss: 2.3913 | Correct: 17/128 | Elapsed Time: 12.57s
2026-01-30 00:31:51,851 | INFO | Batch 230 | Loss: 2.2409 | Correct: 29/128 | Elapsed Time: 12.48s
2026-01-30 00:32:04,486 | INFO | Batch 240 | Loss: 2.3274 | Correct: 21/128 | Elapsed Time: 12.63s
2026-01-30 00:32:17,076 | INFO | Batch 250 | Loss: 2.4437 | Correct: 14/128 | Elapsed Time: 12.59s
2026-01-30 00:32:29,669 | INFO | Batch 260 | Loss: 2.3656 | Correct: 18/128 | Elapsed Time: 12.59s
2026-01-30 00:32:42,140 | INFO | Batch 270 | Loss: 2.3274 | Correct: 22/128 | Elapsed Time: 12.47s
2026-01-30 00:32:54,676 | INFO | Batch 280 | Loss: 2.3149 | Correct: 25/128 | Elapsed Time: 12.54s
2026-01-30 00:33:07,299 | INFO | Batch 290 | Loss: 2.3656 | Correct: 18/128 | Elapsed Time: 12.62s
2026-01-30 00:33:19,711 | INFO | Batch 300 | Loss: 2.2653 | Correct: 22/128 | Elapsed Time: 12.41s
2026-01-30 00:33:32,264 | INFO | Batch 310 | Loss: 2.3656 | Correct: 16/128 | Elapsed Time: 12.55s
2026-01-30 00:33:44,829 | INFO | Batch 320 | Loss: 2.2288 | Correct: 26/128 | Elapsed Time: 12.57s
2026-01-30 00:33:57,273 | INFO | Batch 330 | Loss: 2.2530 | Correct: 22/128 | Elapsed Time: 12.44s
2026-01-30 00:34:09,883 | INFO | Batch 340 | Loss: 2.3274 | Correct: 13/128 | Elapsed Time: 12.61s
2026-01-30 00:34:22,431 | INFO | Batch 350 | Loss: 2.4043 | Correct: 11/128 | Elapsed Time: 12.55s
2026-01-30 00:34:34,881 | INFO | Batch 360 | Loss: 2.4043 | Correct: 15/128 | Elapsed Time: 12.45s
2026-01-30 00:34:47,441 | INFO | Batch 370 | Loss: 2.3528 | Correct: 21/128 | Elapsed Time: 12.56s
2026-01-30 00:35:00,001 | INFO | Batch 380 | Loss: 2.3024 | Correct: 21/128 | Elapsed Time: 12.56s
2026-01-30 00:35:12,500 | INFO | Batch 390 | Loss: 2.3784 | Correct: 18/128 | Elapsed Time: 12.50s
2026-01-30 00:35:13,506 | INFO | Epoch [46/100] - Loss: 2.3471 | Correct: 8125/50000 (16.25%, 490.41s)
2026-01-30 00:35:58,069 | INFO | Validation - Loss: 2.5696 | Correct: 1000/10000 (10.00%) (44.56s)
2026-01-30 00:36:10,546 | INFO | Batch 10 | Loss: 2.4837 | Correct: 18/128 | Elapsed Time: 12.48s
2026-01-30 00:36:23,085 | INFO | Batch 20 | Loss: 2.3024 | Correct: 28/128 | Elapsed Time: 12.54s
2026-01-30 00:36:35,649 | INFO | Batch 30 | Loss: 2.2048 | Correct: 18/128 | Elapsed Time: 12.56s
2026-01-30 00:36:48,130 | INFO | Batch 40 | Loss: 2.2653 | Correct: 30/128 | Elapsed Time: 12.48s
2026-01-30 00:37:00,668 | INFO | Batch 50 | Loss: 2.3656 | Correct: 21/128 | Elapsed Time: 12.54s
2026-01-30 00:37:13,301 | INFO | Batch 60 | Loss: 2.3528 | Correct: 15/128 | Elapsed Time: 12.63s
2026-01-30 00:37:25,814 | INFO | Batch 70 | Loss: 2.3528 | Correct: 23/128 | Elapsed Time: 12.51s
2026-01-30 00:37:38,390 | INFO | Batch 80 | Loss: 2.3528 | Correct: 21/128 | Elapsed Time: 12.58s
2026-01-30 00:37:50,929 | INFO | Batch 90 | Loss: 2.3024 | Correct: 23/128 | Elapsed Time: 12.54s
2026-01-30 00:38:03,428 | INFO | Batch 100 | Loss: 2.4305 | Correct: 23/128 | Elapsed Time: 12.50s
2026-01-30 00:38:16,019 | INFO | Batch 110 | Loss: 2.2776 | Correct: 20/128 | Elapsed Time: 12.59s
2026-01-30 00:38:28,565 | INFO | Batch 120 | Loss: 2.2776 | Correct: 20/128 | Elapsed Time: 12.55s
2026-01-30 00:38:41,027 | INFO | Batch 130 | Loss: 2.5797 | Correct: 13/128 | Elapsed Time: 12.46s
2026-01-30 00:38:53,594 | INFO | Batch 140 | Loss: 2.4437 | Correct: 17/128 | Elapsed Time: 12.57s
2026-01-30 00:39:06,169 | INFO | Batch 150 | Loss: 2.2899 | Correct: 29/128 | Elapsed Time: 12.57s
2026-01-30 00:39:18,715 | INFO | Batch 160 | Loss: 2.4043 | Correct: 25/128 | Elapsed Time: 12.55s
2026-01-30 00:39:31,190 | INFO | Batch 170 | Loss: 2.5244 | Correct: 18/128 | Elapsed Time: 12.47s
2026-01-30 00:39:43,770 | INFO | Batch 180 | Loss: 2.5519 | Correct: 12/128 | Elapsed Time: 12.58s
2026-01-30 00:39:56,324 | INFO | Batch 190 | Loss: 2.4837 | Correct: 14/128 | Elapsed Time: 12.55s
2026-01-30 00:40:08,830 | INFO | Batch 200 | Loss: 2.4972 | Correct: 18/128 | Elapsed Time: 12.51s
2026-01-30 00:40:22,002 | INFO | Batch 210 | Loss: 2.2899 | Correct: 18/128 | Elapsed Time: 13.17s
2026-01-30 00:40:34,652 | INFO | Batch 220 | Loss: 2.4043 | Correct: 19/128 | Elapsed Time: 12.65s
2026-01-30 00:40:47,080 | INFO | Batch 230 | Loss: 2.3401 | Correct: 17/128 | Elapsed Time: 12.43s
2026-01-30 00:40:59,643 | INFO | Batch 240 | Loss: 2.3149 | Correct: 28/128 | Elapsed Time: 12.56s
2026-01-30 00:41:12,250 | INFO | Batch 250 | Loss: 2.4437 | Correct: 15/128 | Elapsed Time: 12.61s
2026-01-30 00:41:24,726 | INFO | Batch 260 | Loss: 2.2899 | Correct: 29/128 | Elapsed Time: 12.48s
2026-01-30 00:41:37,296 | INFO | Batch 270 | Loss: 2.2167 | Correct: 29/128 | Elapsed Time: 12.57s
2026-01-30 00:41:49,836 | INFO | Batch 280 | Loss: 2.3149 | Correct: 20/128 | Elapsed Time: 12.54s
2026-01-30 00:42:02,276 | INFO | Batch 290 | Loss: 2.4043 | Correct: 25/128 | Elapsed Time: 12.44s
2026-01-30 00:42:14,830 | INFO | Batch 300 | Loss: 2.3528 | Correct: 17/128 | Elapsed Time: 12.55s
2026-01-30 00:42:27,384 | INFO | Batch 310 | Loss: 2.3528 | Correct: 21/128 | Elapsed Time: 12.55s
2026-01-30 00:42:39,831 | INFO | Batch 320 | Loss: 2.4837 | Correct: 23/128 | Elapsed Time: 12.45s
2026-01-30 00:42:52,400 | INFO | Batch 330 | Loss: 2.3528 | Correct: 19/128 | Elapsed Time: 12.57s
2026-01-30 00:43:04,988 | INFO | Batch 340 | Loss: 2.2288 | Correct: 25/128 | Elapsed Time: 12.59s
2026-01-30 00:43:17,472 | INFO | Batch 350 | Loss: 2.1810 | Correct: 25/128 | Elapsed Time: 12.48s
2026-01-30 00:43:29,987 | INFO | Batch 360 | Loss: 2.3024 | Correct: 27/128 | Elapsed Time: 12.52s
2026-01-30 00:43:42,541 | INFO | Batch 370 | Loss: 2.4837 | Correct: 12/128 | Elapsed Time: 12.55s
2026-01-30 00:43:55,011 | INFO | Batch 380 | Loss: 2.4043 | Correct: 18/128 | Elapsed Time: 12.47s
2026-01-30 00:44:07,689 | INFO | Batch 390 | Loss: 2.3913 | Correct: 19/128 | Elapsed Time: 12.68s
2026-01-30 00:44:08,681 | INFO | Epoch [47/100] - Loss: 2.3526 | Correct: 8203/50000 (16.41%, 490.61s)
2026-01-30 00:44:53,359 | INFO | Validation - Loss: 2.4479 | Correct: 1000/10000 (10.00%) (44.68s)
2026-01-30 00:45:06,047 | INFO | Batch 10 | Loss: 2.3401 | Correct: 22/128 | Elapsed Time: 12.69s
2026-01-30 00:45:18,627 | INFO | Batch 20 | Loss: 2.2899 | Correct: 21/128 | Elapsed Time: 12.58s
2026-01-30 00:45:31,049 | INFO | Batch 30 | Loss: 2.4305 | Correct: 24/128 | Elapsed Time: 12.42s
2026-01-30 00:45:43,561 | INFO | Batch 40 | Loss: 2.2048 | Correct: 28/128 | Elapsed Time: 12.51s
2026-01-30 00:45:56,132 | INFO | Batch 50 | Loss: 2.3024 | Correct: 25/128 | Elapsed Time: 12.57s
2026-01-30 00:46:08,667 | INFO | Batch 60 | Loss: 2.3274 | Correct: 22/128 | Elapsed Time: 12.54s
2026-01-30 00:46:21,228 | INFO | Batch 70 | Loss: 2.3784 | Correct: 23/128 | Elapsed Time: 12.56s
2026-01-30 00:46:33,806 | INFO | Batch 80 | Loss: 2.3274 | Correct: 20/128 | Elapsed Time: 12.58s
2026-01-30 00:46:46,277 | INFO | Batch 90 | Loss: 2.4043 | Correct: 14/128 | Elapsed Time: 12.47s
2026-01-30 00:46:58,814 | INFO | Batch 100 | Loss: 2.3528 | Correct: 29/128 | Elapsed Time: 12.54s
2026-01-30 00:47:11,405 | INFO | Batch 110 | Loss: 2.3784 | Correct: 22/128 | Elapsed Time: 12.59s
2026-01-30 00:47:23,878 | INFO | Batch 120 | Loss: 2.4437 | Correct: 14/128 | Elapsed Time: 12.47s
2026-01-30 00:47:36,458 | INFO | Batch 130 | Loss: 2.3274 | Correct: 23/128 | Elapsed Time: 12.58s
2026-01-30 00:47:49,055 | INFO | Batch 140 | Loss: 2.2409 | Correct: 23/128 | Elapsed Time: 12.60s
2026-01-30 00:48:01,555 | INFO | Batch 150 | Loss: 2.4570 | Correct: 15/128 | Elapsed Time: 12.50s
2026-01-30 00:48:14,142 | INFO | Batch 160 | Loss: 2.3784 | Correct: 23/128 | Elapsed Time: 12.59s
2026-01-30 00:48:26,705 | INFO | Batch 170 | Loss: 2.4174 | Correct: 20/128 | Elapsed Time: 12.56s
2026-01-30 00:48:39,154 | INFO | Batch 180 | Loss: 2.3784 | Correct: 17/128 | Elapsed Time: 12.45s
2026-01-30 00:48:51,747 | INFO | Batch 190 | Loss: 2.3913 | Correct: 18/128 | Elapsed Time: 12.59s
2026-01-30 00:49:04,476 | INFO | Batch 200 | Loss: 2.3784 | Correct: 26/128 | Elapsed Time: 12.73s
2026-01-30 00:49:16,922 | INFO | Batch 210 | Loss: 2.4703 | Correct: 18/128 | Elapsed Time: 12.45s
2026-01-30 00:49:29,455 | INFO | Batch 220 | Loss: 2.4437 | Correct: 26/128 | Elapsed Time: 12.53s
2026-01-30 00:49:41,973 | INFO | Batch 230 | Loss: 2.3528 | Correct: 21/128 | Elapsed Time: 12.52s
2026-01-30 00:49:54,539 | INFO | Batch 240 | Loss: 2.4305 | Correct: 22/128 | Elapsed Time: 12.57s
2026-01-30 00:50:07,098 | INFO | Batch 250 | Loss: 2.4837 | Correct: 11/128 | Elapsed Time: 12.56s
2026-01-30 00:50:19,743 | INFO | Batch 260 | Loss: 2.4972 | Correct: 19/128 | Elapsed Time: 12.65s
2026-01-30 00:50:32,457 | INFO | Batch 270 | Loss: 2.2899 | Correct: 25/128 | Elapsed Time: 12.71s
2026-01-30 00:50:44,912 | INFO | Batch 280 | Loss: 2.3024 | Correct: 21/128 | Elapsed Time: 12.45s
2026-01-30 00:50:57,461 | INFO | Batch 290 | Loss: 2.2048 | Correct: 25/128 | Elapsed Time: 12.55s
2026-01-30 00:51:10,054 | INFO | Batch 300 | Loss: 2.3656 | Correct: 21/128 | Elapsed Time: 12.59s
2026-01-30 00:51:22,512 | INFO | Batch 310 | Loss: 2.2653 | Correct: 23/128 | Elapsed Time: 12.46s
2026-01-30 00:51:35,033 | INFO | Batch 320 | Loss: 2.4043 | Correct: 22/128 | Elapsed Time: 12.52s
2026-01-30 00:51:47,581 | INFO | Batch 330 | Loss: 2.4043 | Correct: 21/128 | Elapsed Time: 12.55s
2026-01-30 00:52:00,069 | INFO | Batch 340 | Loss: 2.3913 | Correct: 24/128 | Elapsed Time: 12.49s
2026-01-30 00:52:12,646 | INFO | Batch 350 | Loss: 2.3274 | Correct: 16/128 | Elapsed Time: 12.58s
2026-01-30 00:52:25,199 | INFO | Batch 360 | Loss: 2.3656 | Correct: 20/128 | Elapsed Time: 12.55s
2026-01-30 00:52:37,643 | INFO | Batch 370 | Loss: 2.5937 | Correct: 20/128 | Elapsed Time: 12.44s
2026-01-30 00:52:50,253 | INFO | Batch 380 | Loss: 2.3784 | Correct: 17/128 | Elapsed Time: 12.61s
2026-01-30 00:53:02,829 | INFO | Batch 390 | Loss: 2.3656 | Correct: 24/128 | Elapsed Time: 12.58s
2026-01-30 00:53:03,859 | INFO | Epoch [48/100] - Loss: 2.3551 | Correct: 8138/50000 (16.28%, 490.50s)
2026-01-30 00:53:48,448 | INFO | Validation - Loss: 2.3880 | Correct: 1000/10000 (10.00%) (44.59s)
2026-01-30 00:54:00,930 | INFO | Batch 10 | Loss: 2.3401 | Correct: 20/128 | Elapsed Time: 12.48s
2026-01-30 00:54:13,743 | INFO | Batch 20 | Loss: 2.3401 | Correct: 23/128 | Elapsed Time: 12.81s
2026-01-30 00:54:26,307 | INFO | Batch 30 | Loss: 2.3656 | Correct: 27/128 | Elapsed Time: 12.56s
2026-01-30 00:54:38,864 | INFO | Batch 40 | Loss: 2.2167 | Correct: 22/128 | Elapsed Time: 12.56s
2026-01-30 00:54:51,364 | INFO | Batch 50 | Loss: 2.4570 | Correct: 22/128 | Elapsed Time: 12.50s
2026-01-30 00:55:03,993 | INFO | Batch 60 | Loss: 2.4174 | Correct: 24/128 | Elapsed Time: 12.63s
2026-01-30 00:55:16,533 | INFO | Batch 70 | Loss: 2.4703 | Correct: 20/128 | Elapsed Time: 12.54s
2026-01-30 00:55:28,982 | INFO | Batch 80 | Loss: 2.2653 | Correct: 20/128 | Elapsed Time: 12.45s
2026-01-30 00:55:41,539 | INFO | Batch 90 | Loss: 2.3274 | Correct: 32/128 | Elapsed Time: 12.56s
2026-01-30 00:55:54,105 | INFO | Batch 100 | Loss: 2.3656 | Correct: 18/128 | Elapsed Time: 12.57s
2026-01-30 00:56:06,608 | INFO | Batch 110 | Loss: 2.3274 | Correct: 22/128 | Elapsed Time: 12.50s
2026-01-30 00:56:19,145 | INFO | Batch 120 | Loss: 2.3401 | Correct: 15/128 | Elapsed Time: 12.54s
2026-01-30 00:56:31,658 | INFO | Batch 130 | Loss: 2.3656 | Correct: 18/128 | Elapsed Time: 12.51s
2026-01-30 00:56:44,115 | INFO | Batch 140 | Loss: 2.2288 | Correct: 21/128 | Elapsed Time: 12.46s
2026-01-30 00:56:56,663 | INFO | Batch 150 | Loss: 2.4570 | Correct: 20/128 | Elapsed Time: 12.55s
2026-01-30 00:57:09,283 | INFO | Batch 160 | Loss: 2.4837 | Correct: 17/128 | Elapsed Time: 12.62s
2026-01-30 00:57:21,752 | INFO | Batch 170 | Loss: 2.3401 | Correct: 28/128 | Elapsed Time: 12.47s
2026-01-30 00:57:34,320 | INFO | Batch 180 | Loss: 2.4437 | Correct: 19/128 | Elapsed Time: 12.57s
2026-01-30 00:57:46,859 | INFO | Batch 190 | Loss: 2.5937 | Correct: 11/128 | Elapsed Time: 12.54s
2026-01-30 00:57:59,343 | INFO | Batch 200 | Loss: 2.2653 | Correct: 25/128 | Elapsed Time: 12.48s
2026-01-30 00:58:12,013 | INFO | Batch 210 | Loss: 2.2776 | Correct: 23/128 | Elapsed Time: 12.67s
2026-01-30 00:58:24,580 | INFO | Batch 220 | Loss: 2.3024 | Correct: 19/128 | Elapsed Time: 12.57s
2026-01-30 00:58:37,051 | INFO | Batch 230 | Loss: 2.2776 | Correct: 26/128 | Elapsed Time: 12.47s
2026-01-30 00:58:49,623 | INFO | Batch 240 | Loss: 2.2899 | Correct: 24/128 | Elapsed Time: 12.57s
2026-01-30 00:59:02,224 | INFO | Batch 250 | Loss: 2.3784 | Correct: 20/128 | Elapsed Time: 12.60s
2026-01-30 00:59:14,761 | INFO | Batch 260 | Loss: 2.3274 | Correct: 19/128 | Elapsed Time: 12.54s
2026-01-30 00:59:27,325 | INFO | Batch 270 | Loss: 2.3784 | Correct: 22/128 | Elapsed Time: 12.56s
2026-01-30 00:59:39,859 | INFO | Batch 280 | Loss: 2.3528 | Correct: 20/128 | Elapsed Time: 12.53s
2026-01-30 00:59:52,348 | INFO | Batch 290 | Loss: 2.3656 | Correct: 28/128 | Elapsed Time: 12.49s
2026-01-30 01:00:05,023 | INFO | Batch 300 | Loss: 2.3274 | Correct: 19/128 | Elapsed Time: 12.68s
2026-01-30 01:00:17,662 | INFO | Batch 310 | Loss: 2.2899 | Correct: 19/128 | Elapsed Time: 12.64s
2026-01-30 01:00:30,382 | INFO | Batch 320 | Loss: 2.2899 | Correct: 24/128 | Elapsed Time: 12.72s
2026-01-30 01:00:42,785 | INFO | Batch 330 | Loss: 2.2899 | Correct: 22/128 | Elapsed Time: 12.40s
2026-01-30 01:00:55,346 | INFO | Batch 340 | Loss: 2.3274 | Correct: 24/128 | Elapsed Time: 12.56s
2026-01-30 01:01:08,003 | INFO | Batch 350 | Loss: 2.3528 | Correct: 19/128 | Elapsed Time: 12.66s
2026-01-30 01:01:20,452 | INFO | Batch 360 | Loss: 2.4972 | Correct: 20/128 | Elapsed Time: 12.45s
2026-01-30 01:01:33,004 | INFO | Batch 370 | Loss: 2.4043 | Correct: 15/128 | Elapsed Time: 12.55s
2026-01-30 01:01:45,556 | INFO | Batch 380 | Loss: 2.5108 | Correct: 20/128 | Elapsed Time: 12.55s
2026-01-30 01:01:57,998 | INFO | Batch 390 | Loss: 2.2776 | Correct: 24/128 | Elapsed Time: 12.44s
2026-01-30 01:01:58,996 | INFO | Epoch [49/100] - Loss: 2.3723 | Correct: 8126/50000 (16.25%, 490.55s)
2026-01-30 01:02:43,593 | INFO | Validation - Loss: 2.4473 | Correct: 1000/10000 (10.00%) (44.60s)
2026-01-30 01:02:56,166 | INFO | Batch 10 | Loss: 2.4043 | Correct: 12/128 | Elapsed Time: 12.57s
2026-01-30 01:03:08,828 | INFO | Batch 20 | Loss: 2.2653 | Correct: 21/128 | Elapsed Time: 12.66s
2026-01-30 01:03:21,320 | INFO | Batch 30 | Loss: 2.3913 | Correct: 25/128 | Elapsed Time: 12.49s
2026-01-30 01:03:33,849 | INFO | Batch 40 | Loss: 2.4570 | Correct: 18/128 | Elapsed Time: 12.53s
2026-01-30 01:03:46,385 | INFO | Batch 50 | Loss: 2.3024 | Correct: 17/128 | Elapsed Time: 12.54s
2026-01-30 01:03:58,925 | INFO | Batch 60 | Loss: 2.4174 | Correct: 23/128 | Elapsed Time: 12.54s
2026-01-30 01:04:11,433 | INFO | Batch 70 | Loss: 2.3024 | Correct: 20/128 | Elapsed Time: 12.51s
2026-01-30 01:04:23,999 | INFO | Batch 80 | Loss: 2.4837 | Correct: 21/128 | Elapsed Time: 12.57s
2026-01-30 01:04:36,560 | INFO | Batch 90 | Loss: 2.3784 | Correct: 22/128 | Elapsed Time: 12.56s
2026-01-30 01:04:49,001 | INFO | Batch 100 | Loss: 2.3784 | Correct: 16/128 | Elapsed Time: 12.44s
2026-01-30 01:05:01,550 | INFO | Batch 110 | Loss: 2.2048 | Correct: 28/128 | Elapsed Time: 12.55s
2026-01-30 01:05:14,138 | INFO | Batch 120 | Loss: 2.4837 | Correct: 14/128 | Elapsed Time: 12.59s
2026-01-30 01:05:26,632 | INFO | Batch 130 | Loss: 2.4570 | Correct: 18/128 | Elapsed Time: 12.49s
2026-01-30 01:05:39,183 | INFO | Batch 140 | Loss: 2.4437 | Correct: 18/128 | Elapsed Time: 12.55s
2026-01-30 01:05:51,719 | INFO | Batch 150 | Loss: 2.4305 | Correct: 21/128 | Elapsed Time: 12.54s
2026-01-30 01:06:04,269 | INFO | Batch 160 | Loss: 2.2899 | Correct: 21/128 | Elapsed Time: 12.55s
2026-01-30 01:06:16,820 | INFO | Batch 170 | Loss: 2.3528 | Correct: 21/128 | Elapsed Time: 12.55s
2026-01-30 01:06:29,410 | INFO | Batch 180 | Loss: 2.2653 | Correct: 19/128 | Elapsed Time: 12.59s
2026-01-30 01:06:41,852 | INFO | Batch 190 | Loss: 2.2167 | Correct: 24/128 | Elapsed Time: 12.44s
2026-01-30 01:06:54,418 | INFO | Batch 200 | Loss: 2.4043 | Correct: 16/128 | Elapsed Time: 12.57s
2026-01-30 01:07:07,014 | INFO | Batch 210 | Loss: 2.4043 | Correct: 20/128 | Elapsed Time: 12.60s
2026-01-30 01:07:19,472 | INFO | Batch 220 | Loss: 2.2530 | Correct: 27/128 | Elapsed Time: 12.46s
2026-01-30 01:07:32,023 | INFO | Batch 230 | Loss: 2.2653 | Correct: 21/128 | Elapsed Time: 12.55s
2026-01-30 01:07:44,597 | INFO | Batch 240 | Loss: 2.4437 | Correct: 19/128 | Elapsed Time: 12.57s
2026-01-30 01:07:57,058 | INFO | Batch 250 | Loss: 2.4703 | Correct: 14/128 | Elapsed Time: 12.46s
2026-01-30 01:08:09,671 | INFO | Batch 260 | Loss: 2.4437 | Correct: 23/128 | Elapsed Time: 12.61s
2026-01-30 01:08:22,256 | INFO | Batch 270 | Loss: 2.4570 | Correct: 17/128 | Elapsed Time: 12.58s
2026-01-30 01:08:34,845 | INFO | Batch 280 | Loss: 2.4703 | Correct: 14/128 | Elapsed Time: 12.59s
2026-01-30 01:08:47,291 | INFO | Batch 290 | Loss: 2.3913 | Correct: 19/128 | Elapsed Time: 12.45s
2026-01-30 01:08:59,836 | INFO | Batch 300 | Loss: 2.2776 | Correct: 24/128 | Elapsed Time: 12.54s
2026-01-30 01:09:12,436 | INFO | Batch 310 | Loss: 2.4703 | Correct: 13/128 | Elapsed Time: 12.60s
2026-01-30 01:09:24,881 | INFO | Batch 320 | Loss: 2.4174 | Correct: 21/128 | Elapsed Time: 12.45s
2026-01-30 01:09:37,450 | INFO | Batch 330 | Loss: 2.2776 | Correct: 18/128 | Elapsed Time: 12.57s
2026-01-30 01:09:49,983 | INFO | Batch 340 | Loss: 2.4570 | Correct: 22/128 | Elapsed Time: 12.53s
2026-01-30 01:10:02,464 | INFO | Batch 350 | Loss: 2.3024 | Correct: 23/128 | Elapsed Time: 12.48s
2026-01-30 01:10:15,077 | INFO | Batch 360 | Loss: 2.2899 | Correct: 23/128 | Elapsed Time: 12.61s
2026-01-30 01:10:28,292 | INFO | Batch 370 | Loss: 2.3274 | Correct: 22/128 | Elapsed Time: 13.21s
2026-01-30 01:10:40,746 | INFO | Batch 380 | Loss: 2.3274 | Correct: 21/128 | Elapsed Time: 12.45s
2026-01-30 01:10:53,306 | INFO | Batch 390 | Loss: 2.2899 | Correct: 16/128 | Elapsed Time: 12.56s
2026-01-30 01:10:54,300 | INFO | Epoch [50/100] - Loss: 2.3691 | Correct: 7894/50000 (15.79%, 490.71s)
2026-01-30 01:11:38,896 | INFO | Validation - Loss: 2.4979 | Correct: 1000/10000 (10.00%) (44.59s)
2026-01-30 01:11:51,418 | INFO | Batch 10 | Loss: 2.3274 | Correct: 18/128 | Elapsed Time: 12.52s
2026-01-30 01:12:03,902 | INFO | Batch 20 | Loss: 2.4570 | Correct: 20/128 | Elapsed Time: 12.48s
2026-01-30 01:12:16,435 | INFO | Batch 30 | Loss: 2.3149 | Correct: 20/128 | Elapsed Time: 12.53s
2026-01-30 01:12:28,994 | INFO | Batch 40 | Loss: 2.3401 | Correct: 23/128 | Elapsed Time: 12.56s
2026-01-30 01:12:41,448 | INFO | Batch 50 | Loss: 2.3913 | Correct: 20/128 | Elapsed Time: 12.45s
2026-01-30 01:12:53,973 | INFO | Batch 60 | Loss: 2.2530 | Correct: 24/128 | Elapsed Time: 12.53s
2026-01-30 01:13:06,561 | INFO | Batch 70 | Loss: 2.3528 | Correct: 19/128 | Elapsed Time: 12.59s
2026-01-30 01:13:19,022 | INFO | Batch 80 | Loss: 2.1459 | Correct: 24/128 | Elapsed Time: 12.46s
2026-01-30 01:13:31,600 | INFO | Batch 90 | Loss: 2.2899 | Correct: 24/128 | Elapsed Time: 12.58s
2026-01-30 01:13:44,168 | INFO | Batch 100 | Loss: 2.4570 | Correct: 18/128 | Elapsed Time: 12.57s
2026-01-30 01:13:56,698 | INFO | Batch 110 | Loss: 2.3784 | Correct: 21/128 | Elapsed Time: 12.53s
2026-01-30 01:14:09,185 | INFO | Batch 120 | Loss: 2.2167 | Correct: 24/128 | Elapsed Time: 12.49s
2026-01-30 01:14:21,776 | INFO | Batch 130 | Loss: 2.3401 | Correct: 27/128 | Elapsed Time: 12.59s
2026-01-30 01:14:34,334 | INFO | Batch 140 | Loss: 2.2530 | Correct: 26/128 | Elapsed Time: 12.56s
2026-01-30 01:14:46,818 | INFO | Batch 150 | Loss: 2.3528 | Correct: 23/128 | Elapsed Time: 12.48s
2026-01-30 01:14:59,358 | INFO | Batch 160 | Loss: 2.1929 | Correct: 26/128 | Elapsed Time: 12.54s
2026-01-30 01:15:11,924 | INFO | Batch 170 | Loss: 2.2899 | Correct: 24/128 | Elapsed Time: 12.57s
2026-01-30 01:15:24,411 | INFO | Batch 180 | Loss: 2.3149 | Correct: 28/128 | Elapsed Time: 12.49s
2026-01-30 01:15:36,961 | INFO | Batch 190 | Loss: 2.2776 | Correct: 18/128 | Elapsed Time: 12.55s
2026-01-30 01:15:49,522 | INFO | Batch 200 | Loss: 2.3149 | Correct: 20/128 | Elapsed Time: 12.56s
2026-01-30 01:16:02,022 | INFO | Batch 210 | Loss: 2.2653 | Correct: 20/128 | Elapsed Time: 12.50s
2026-01-30 01:16:14,619 | INFO | Batch 220 | Loss: 2.3274 | Correct: 17/128 | Elapsed Time: 12.60s
2026-01-30 01:16:27,186 | INFO | Batch 230 | Loss: 2.3024 | Correct: 17/128 | Elapsed Time: 12.57s
2026-01-30 01:16:39,615 | INFO | Batch 240 | Loss: 2.4437 | Correct: 17/128 | Elapsed Time: 12.43s
2026-01-30 01:16:52,173 | INFO | Batch 250 | Loss: 2.3528 | Correct: 26/128 | Elapsed Time: 12.56s
2026-01-30 01:17:04,770 | INFO | Batch 260 | Loss: 2.2530 | Correct: 23/128 | Elapsed Time: 12.60s
2026-01-30 01:17:17,262 | INFO | Batch 270 | Loss: 2.3024 | Correct: 18/128 | Elapsed Time: 12.49s
2026-01-30 01:17:29,854 | INFO | Batch 280 | Loss: 2.3528 | Correct: 20/128 | Elapsed Time: 12.59s
2026-01-30 01:17:42,401 | INFO | Batch 290 | Loss: 2.4043 | Correct: 20/128 | Elapsed Time: 12.55s
2026-01-30 01:17:54,865 | INFO | Batch 300 | Loss: 2.4570 | Correct: 13/128 | Elapsed Time: 12.46s
2026-01-30 01:18:07,459 | INFO | Batch 310 | Loss: 2.4972 | Correct: 18/128 | Elapsed Time: 12.59s
2026-01-30 01:18:20,011 | INFO | Batch 320 | Loss: 2.2048 | Correct: 27/128 | Elapsed Time: 12.55s
2026-01-30 01:18:32,580 | INFO | Batch 330 | Loss: 2.3784 | Correct: 25/128 | Elapsed Time: 12.57s
2026-01-30 01:18:45,069 | INFO | Batch 340 | Loss: 2.2899 | Correct: 21/128 | Elapsed Time: 12.49s
2026-01-30 01:18:57,607 | INFO | Batch 350 | Loss: 2.2288 | Correct: 22/128 | Elapsed Time: 12.54s
2026-01-30 01:19:10,247 | INFO | Batch 360 | Loss: 2.4043 | Correct: 25/128 | Elapsed Time: 12.64s
2026-01-30 01:19:22,711 | INFO | Batch 370 | Loss: 2.3024 | Correct: 20/128 | Elapsed Time: 12.46s
2026-01-30 01:19:35,282 | INFO | Batch 380 | Loss: 2.3784 | Correct: 21/128 | Elapsed Time: 12.57s
2026-01-30 01:19:47,867 | INFO | Batch 390 | Loss: 2.0885 | Correct: 34/128 | Elapsed Time: 12.59s
2026-01-30 01:19:48,864 | INFO | Epoch [51/100] - Loss: 2.3342 | Correct: 8260/50000 (16.52%, 489.97s)
2026-01-30 01:20:33,608 | INFO | Validation - Loss: 2.4153 | Correct: 1000/10000 (10.00%) (44.74s)
2026-01-30 01:20:46,091 | INFO | Batch 10 | Loss: 2.3784 | Correct: 19/128 | Elapsed Time: 12.48s
2026-01-30 01:20:58,658 | INFO | Batch 20 | Loss: 2.3401 | Correct: 18/128 | Elapsed Time: 12.57s
2026-01-30 01:21:11,251 | INFO | Batch 30 | Loss: 2.2409 | Correct: 31/128 | Elapsed Time: 12.59s
2026-01-30 01:21:23,719 | INFO | Batch 40 | Loss: 2.2167 | Correct: 27/128 | Elapsed Time: 12.47s
2026-01-30 01:21:36,272 | INFO | Batch 50 | Loss: 2.3401 | Correct: 21/128 | Elapsed Time: 12.55s
2026-01-30 01:21:48,812 | INFO | Batch 60 | Loss: 2.3149 | Correct: 20/128 | Elapsed Time: 12.54s
2026-01-30 01:22:01,271 | INFO | Batch 70 | Loss: 2.3149 | Correct: 25/128 | Elapsed Time: 12.46s
2026-01-30 01:22:13,947 | INFO | Batch 80 | Loss: 2.2048 | Correct: 27/128 | Elapsed Time: 12.68s
2026-01-30 01:22:26,509 | INFO | Batch 90 | Loss: 2.3656 | Correct: 19/128 | Elapsed Time: 12.56s
2026-01-30 01:22:38,972 | INFO | Batch 100 | Loss: 2.3528 | Correct: 23/128 | Elapsed Time: 12.46s
2026-01-30 01:22:51,545 | INFO | Batch 110 | Loss: 2.3656 | Correct: 17/128 | Elapsed Time: 12.57s
2026-01-30 01:23:04,152 | INFO | Batch 120 | Loss: 2.4437 | Correct: 19/128 | Elapsed Time: 12.61s
2026-01-30 01:23:16,628 | INFO | Batch 130 | Loss: 2.3024 | Correct: 23/128 | Elapsed Time: 12.48s
2026-01-30 01:23:29,207 | INFO | Batch 140 | Loss: 2.3024 | Correct: 23/128 | Elapsed Time: 12.58s
2026-01-30 01:23:41,790 | INFO | Batch 150 | Loss: 2.3024 | Correct: 17/128 | Elapsed Time: 12.58s
2026-01-30 01:23:54,290 | INFO | Batch 160 | Loss: 2.2776 | Correct: 19/128 | Elapsed Time: 12.50s
2026-01-30 01:24:06,887 | INFO | Batch 170 | Loss: 2.3149 | Correct: 18/128 | Elapsed Time: 12.60s
2026-01-30 01:24:19,476 | INFO | Batch 180 | Loss: 2.3401 | Correct: 25/128 | Elapsed Time: 12.59s
2026-01-30 01:24:31,953 | INFO | Batch 190 | Loss: 2.4043 | Correct: 19/128 | Elapsed Time: 12.48s
2026-01-30 01:24:44,517 | INFO | Batch 200 | Loss: 2.2899 | Correct: 21/128 | Elapsed Time: 12.56s
2026-01-30 01:24:57,084 | INFO | Batch 210 | Loss: 2.1575 | Correct: 27/128 | Elapsed Time: 12.57s
2026-01-30 01:25:09,698 | INFO | Batch 220 | Loss: 2.3401 | Correct: 20/128 | Elapsed Time: 12.61s
2026-01-30 01:25:22,148 | INFO | Batch 230 | Loss: 2.3024 | Correct: 19/128 | Elapsed Time: 12.45s
2026-01-30 01:25:34,700 | INFO | Batch 240 | Loss: 2.3656 | Correct: 22/128 | Elapsed Time: 12.55s
2026-01-30 01:25:47,258 | INFO | Batch 250 | Loss: 2.2048 | Correct: 25/128 | Elapsed Time: 12.56s
2026-01-30 01:25:59,731 | INFO | Batch 260 | Loss: 2.3784 | Correct: 19/128 | Elapsed Time: 12.47s
2026-01-30 01:26:12,373 | INFO | Batch 270 | Loss: 2.4174 | Correct: 20/128 | Elapsed Time: 12.64s
2026-01-30 01:26:24,923 | INFO | Batch 280 | Loss: 2.3656 | Correct: 17/128 | Elapsed Time: 12.55s
2026-01-30 01:26:37,395 | INFO | Batch 290 | Loss: 2.3656 | Correct: 22/128 | Elapsed Time: 12.47s
2026-01-30 01:26:49,952 | INFO | Batch 300 | Loss: 2.3401 | Correct: 22/128 | Elapsed Time: 12.56s
2026-01-30 01:27:02,556 | INFO | Batch 310 | Loss: 2.5244 | Correct: 14/128 | Elapsed Time: 12.60s
2026-01-30 01:27:15,011 | INFO | Batch 320 | Loss: 2.3401 | Correct: 17/128 | Elapsed Time: 12.46s
2026-01-30 01:27:27,588 | INFO | Batch 330 | Loss: 2.3656 | Correct: 22/128 | Elapsed Time: 12.58s
2026-01-30 01:27:40,091 | INFO | Batch 340 | Loss: 2.2776 | Correct: 23/128 | Elapsed Time: 12.50s
2026-01-30 01:27:52,548 | INFO | Batch 350 | Loss: 2.3528 | Correct: 13/128 | Elapsed Time: 12.46s
2026-01-30 01:28:05,134 | INFO | Batch 360 | Loss: 2.3149 | Correct: 22/128 | Elapsed Time: 12.59s
2026-01-30 01:28:17,705 | INFO | Batch 370 | Loss: 2.2167 | Correct: 26/128 | Elapsed Time: 12.57s
2026-01-30 01:28:30,193 | INFO | Batch 380 | Loss: 2.3784 | Correct: 22/128 | Elapsed Time: 12.49s
2026-01-30 01:28:42,778 | INFO | Batch 390 | Loss: 2.2899 | Correct: 20/128 | Elapsed Time: 12.59s
2026-01-30 01:28:43,769 | INFO | Epoch [52/100] - Loss: 2.3148 | Correct: 8568/50000 (17.14%, 490.16s)
2026-01-30 01:29:28,474 | INFO | Validation - Loss: 2.4581 | Correct: 1000/10000 (10.00%) (44.70s)
2026-01-30 01:29:41,042 | INFO | Batch 10 | Loss: 2.2776 | Correct: 22/128 | Elapsed Time: 12.57s
2026-01-30 01:29:53,605 | INFO | Batch 20 | Loss: 2.2899 | Correct: 16/128 | Elapsed Time: 12.56s
2026-01-30 01:30:06,127 | INFO | Batch 30 | Loss: 2.2653 | Correct: 35/128 | Elapsed Time: 12.52s
2026-01-30 01:30:18,827 | INFO | Batch 40 | Loss: 2.2776 | Correct: 26/128 | Elapsed Time: 12.70s
2026-01-30 01:30:31,521 | INFO | Batch 50 | Loss: 2.3149 | Correct: 19/128 | Elapsed Time: 12.69s
2026-01-30 01:30:43,989 | INFO | Batch 60 | Loss: 2.3784 | Correct: 12/128 | Elapsed Time: 12.47s
2026-01-30 01:30:56,583 | INFO | Batch 70 | Loss: 2.3274 | Correct: 23/128 | Elapsed Time: 12.59s
2026-01-30 01:31:09,174 | INFO | Batch 80 | Loss: 2.4305 | Correct: 19/128 | Elapsed Time: 12.59s
2026-01-30 01:31:21,601 | INFO | Batch 90 | Loss: 2.3528 | Correct: 28/128 | Elapsed Time: 12.43s
2026-01-30 01:31:34,156 | INFO | Batch 100 | Loss: 2.4043 | Correct: 19/128 | Elapsed Time: 12.55s
2026-01-30 01:31:46,714 | INFO | Batch 110 | Loss: 2.3913 | Correct: 24/128 | Elapsed Time: 12.56s
2026-01-30 01:31:59,187 | INFO | Batch 120 | Loss: 2.3149 | Correct: 26/128 | Elapsed Time: 12.47s
2026-01-30 01:32:11,824 | INFO | Batch 130 | Loss: 2.4043 | Correct: 17/128 | Elapsed Time: 12.64s
2026-01-30 01:32:24,390 | INFO | Batch 140 | Loss: 2.3024 | Correct: 19/128 | Elapsed Time: 12.57s
2026-01-30 01:32:36,859 | INFO | Batch 150 | Loss: 2.3024 | Correct: 24/128 | Elapsed Time: 12.47s
2026-01-30 01:32:49,433 | INFO | Batch 160 | Loss: 2.1810 | Correct: 27/128 | Elapsed Time: 12.57s
2026-01-30 01:33:02,023 | INFO | Batch 170 | Loss: 2.1810 | Correct: 31/128 | Elapsed Time: 12.59s
2026-01-30 01:33:14,559 | INFO | Batch 180 | Loss: 2.2409 | Correct: 27/128 | Elapsed Time: 12.54s
2026-01-30 01:33:27,129 | INFO | Batch 190 | Loss: 2.1575 | Correct: 26/128 | Elapsed Time: 12.57s
2026-01-30 01:33:39,688 | INFO | Batch 200 | Loss: 2.2288 | Correct: 26/128 | Elapsed Time: 12.56s
2026-01-30 01:33:52,163 | INFO | Batch 210 | Loss: 2.3024 | Correct: 20/128 | Elapsed Time: 12.48s
2026-01-30 01:34:04,830 | INFO | Batch 220 | Loss: 2.4043 | Correct: 20/128 | Elapsed Time: 12.67s
2026-01-30 01:34:17,387 | INFO | Batch 230 | Loss: 2.2288 | Correct: 25/128 | Elapsed Time: 12.56s
2026-01-30 01:34:29,842 | INFO | Batch 240 | Loss: 2.3913 | Correct: 18/128 | Elapsed Time: 12.46s
2026-01-30 01:34:42,381 | INFO | Batch 250 | Loss: 2.2776 | Correct: 25/128 | Elapsed Time: 12.54s
2026-01-30 01:34:54,944 | INFO | Batch 260 | Loss: 2.4305 | Correct: 15/128 | Elapsed Time: 12.56s
2026-01-30 01:35:07,508 | INFO | Batch 270 | Loss: 2.2653 | Correct: 21/128 | Elapsed Time: 12.56s
2026-01-30 01:35:20,010 | INFO | Batch 280 | Loss: 2.3401 | Correct: 19/128 | Elapsed Time: 12.50s
2026-01-30 01:35:32,553 | INFO | Batch 290 | Loss: 2.2409 | Correct: 25/128 | Elapsed Time: 12.54s
2026-01-30 01:35:45,119 | INFO | Batch 300 | Loss: 2.2167 | Correct: 23/128 | Elapsed Time: 12.57s
2026-01-30 01:35:57,562 | INFO | Batch 310 | Loss: 2.3528 | Correct: 24/128 | Elapsed Time: 12.44s
2026-01-30 01:36:10,203 | INFO | Batch 320 | Loss: 2.3656 | Correct: 17/128 | Elapsed Time: 12.64s
2026-01-30 01:36:22,746 | INFO | Batch 330 | Loss: 2.4174 | Correct: 24/128 | Elapsed Time: 12.54s
2026-01-30 01:36:35,227 | INFO | Batch 340 | Loss: 2.3401 | Correct: 19/128 | Elapsed Time: 12.48s
2026-01-30 01:36:47,740 | INFO | Batch 350 | Loss: 2.3401 | Correct: 17/128 | Elapsed Time: 12.51s
2026-01-30 01:37:00,295 | INFO | Batch 360 | Loss: 2.2899 | Correct: 24/128 | Elapsed Time: 12.55s
2026-01-30 01:37:12,816 | INFO | Batch 370 | Loss: 2.2899 | Correct: 22/128 | Elapsed Time: 12.52s
2026-01-30 01:37:25,364 | INFO | Batch 380 | Loss: 2.2288 | Correct: 20/128 | Elapsed Time: 12.55s
2026-01-30 01:37:37,926 | INFO | Batch 390 | Loss: 2.3149 | Correct: 21/128 | Elapsed Time: 12.56s
2026-01-30 01:37:38,918 | INFO | Epoch [53/100] - Loss: 2.3195 | Correct: 8537/50000 (17.07%, 490.44s)
2026-01-30 01:38:23,536 | INFO | Validation - Loss: 2.4049 | Correct: 1000/10000 (10.00%) (44.62s)
2026-01-30 01:38:36,048 | INFO | Batch 10 | Loss: 2.2653 | Correct: 23/128 | Elapsed Time: 12.51s
2026-01-30 01:38:48,494 | INFO | Batch 20 | Loss: 2.1929 | Correct: 26/128 | Elapsed Time: 12.45s
2026-01-30 01:39:01,031 | INFO | Batch 30 | Loss: 2.3401 | Correct: 17/128 | Elapsed Time: 12.54s
2026-01-30 01:39:13,650 | INFO | Batch 40 | Loss: 2.2776 | Correct: 21/128 | Elapsed Time: 12.62s
2026-01-30 01:39:26,120 | INFO | Batch 50 | Loss: 2.3656 | Correct: 22/128 | Elapsed Time: 12.47s
2026-01-30 01:39:38,664 | INFO | Batch 60 | Loss: 2.1228 | Correct: 30/128 | Elapsed Time: 12.54s
2026-01-30 01:39:51,190 | INFO | Batch 70 | Loss: 2.1810 | Correct: 22/128 | Elapsed Time: 12.53s
2026-01-30 01:40:03,692 | INFO | Batch 80 | Loss: 2.2167 | Correct: 25/128 | Elapsed Time: 12.50s
2026-01-30 01:40:16,517 | INFO | Batch 90 | Loss: 2.2776 | Correct: 26/128 | Elapsed Time: 12.82s
2026-01-30 01:40:29,435 | INFO | Batch 100 | Loss: 2.2653 | Correct: 23/128 | Elapsed Time: 12.92s
2026-01-30 01:40:41,883 | INFO | Batch 110 | Loss: 2.2899 | Correct: 21/128 | Elapsed Time: 12.45s
2026-01-30 01:40:54,457 | INFO | Batch 120 | Loss: 2.3274 | Correct: 18/128 | Elapsed Time: 12.57s
2026-01-30 01:41:07,090 | INFO | Batch 130 | Loss: 2.2899 | Correct: 27/128 | Elapsed Time: 12.63s
2026-01-30 01:41:19,543 | INFO | Batch 140 | Loss: 2.2653 | Correct: 31/128 | Elapsed Time: 12.45s
2026-01-30 01:41:32,112 | INFO | Batch 150 | Loss: 2.3656 | Correct: 22/128 | Elapsed Time: 12.57s
2026-01-30 01:41:44,672 | INFO | Batch 160 | Loss: 2.1810 | Correct: 24/128 | Elapsed Time: 12.56s
2026-01-30 01:41:57,153 | INFO | Batch 170 | Loss: 2.3274 | Correct: 22/128 | Elapsed Time: 12.48s
2026-01-30 01:42:09,788 | INFO | Batch 180 | Loss: 2.1459 | Correct: 32/128 | Elapsed Time: 12.64s
2026-01-30 01:42:22,321 | INFO | Batch 190 | Loss: 2.1929 | Correct: 23/128 | Elapsed Time: 12.53s
2026-01-30 01:42:34,781 | INFO | Batch 200 | Loss: 2.2899 | Correct: 16/128 | Elapsed Time: 12.46s
2026-01-30 01:42:47,300 | INFO | Batch 210 | Loss: 2.3528 | Correct: 25/128 | Elapsed Time: 12.52s
2026-01-30 01:42:59,852 | INFO | Batch 220 | Loss: 2.3274 | Correct: 22/128 | Elapsed Time: 12.55s
2026-01-30 01:43:12,421 | INFO | Batch 230 | Loss: 2.3528 | Correct: 17/128 | Elapsed Time: 12.57s
2026-01-30 01:43:24,938 | INFO | Batch 240 | Loss: 2.2288 | Correct: 31/128 | Elapsed Time: 12.52s
2026-01-30 01:43:37,489 | INFO | Batch 250 | Loss: 2.3149 | Correct: 19/128 | Elapsed Time: 12.55s
2026-01-30 01:43:50,010 | INFO | Batch 260 | Loss: 2.3528 | Correct: 17/128 | Elapsed Time: 12.52s
2026-01-30 01:44:02,497 | INFO | Batch 270 | Loss: 2.2530 | Correct: 23/128 | Elapsed Time: 12.49s
2026-01-30 01:44:15,077 | INFO | Batch 280 | Loss: 2.3528 | Correct: 22/128 | Elapsed Time: 12.58s
2026-01-30 01:44:27,660 | INFO | Batch 290 | Loss: 2.4972 | Correct: 16/128 | Elapsed Time: 12.58s
2026-01-30 01:44:40,134 | INFO | Batch 300 | Loss: 2.3401 | Correct: 22/128 | Elapsed Time: 12.47s
2026-01-30 01:44:52,735 | INFO | Batch 310 | Loss: 2.3784 | Correct: 18/128 | Elapsed Time: 12.60s
2026-01-30 01:45:05,347 | INFO | Batch 320 | Loss: 2.2530 | Correct: 17/128 | Elapsed Time: 12.61s
2026-01-30 01:45:17,822 | INFO | Batch 330 | Loss: 2.1692 | Correct: 25/128 | Elapsed Time: 12.48s
2026-01-30 01:45:30,319 | INFO | Batch 340 | Loss: 2.2288 | Correct: 18/128 | Elapsed Time: 12.50s
2026-01-30 01:45:42,836 | INFO | Batch 350 | Loss: 2.2288 | Correct: 20/128 | Elapsed Time: 12.52s
2026-01-30 01:45:55,324 | INFO | Batch 360 | Loss: 2.2899 | Correct: 22/128 | Elapsed Time: 12.49s
2026-01-30 01:46:08,063 | INFO | Batch 370 | Loss: 2.3913 | Correct: 17/128 | Elapsed Time: 12.74s
2026-01-30 01:46:20,639 | INFO | Batch 380 | Loss: 2.1929 | Correct: 22/128 | Elapsed Time: 12.58s
2026-01-30 01:46:33,095 | INFO | Batch 390 | Loss: 2.3528 | Correct: 18/128 | Elapsed Time: 12.46s
2026-01-30 01:46:34,088 | INFO | Epoch [54/100] - Loss: 2.3124 | Correct: 8550/50000 (17.10%, 490.55s)
2026-01-30 01:47:18,747 | INFO | Validation - Loss: 2.3959 | Correct: 1000/10000 (10.00%) (44.66s)
2026-01-30 01:47:31,229 | INFO | Batch 10 | Loss: 2.2530 | Correct: 26/128 | Elapsed Time: 12.48s
2026-01-30 01:47:43,786 | INFO | Batch 20 | Loss: 2.2048 | Correct: 28/128 | Elapsed Time: 12.56s
2026-01-30 01:47:56,390 | INFO | Batch 30 | Loss: 2.5381 | Correct: 15/128 | Elapsed Time: 12.60s
2026-01-30 01:48:08,920 | INFO | Batch 40 | Loss: 2.2048 | Correct: 24/128 | Elapsed Time: 12.53s
2026-01-30 01:48:21,444 | INFO | Batch 50 | Loss: 2.2899 | Correct: 26/128 | Elapsed Time: 12.52s
2026-01-30 01:48:33,961 | INFO | Batch 60 | Loss: 2.5108 | Correct: 16/128 | Elapsed Time: 12.52s
2026-01-30 01:48:46,413 | INFO | Batch 70 | Loss: 2.3149 | Correct: 27/128 | Elapsed Time: 12.45s
2026-01-30 01:48:58,966 | INFO | Batch 80 | Loss: 2.3401 | Correct: 15/128 | Elapsed Time: 12.55s
2026-01-30 01:49:11,580 | INFO | Batch 90 | Loss: 2.3149 | Correct: 23/128 | Elapsed Time: 12.61s
2026-01-30 01:49:24,010 | INFO | Batch 100 | Loss: 2.1929 | Correct: 27/128 | Elapsed Time: 12.43s
2026-01-30 01:49:36,655 | INFO | Batch 110 | Loss: 2.3913 | Correct: 20/128 | Elapsed Time: 12.65s
2026-01-30 01:49:49,223 | INFO | Batch 120 | Loss: 2.3149 | Correct: 18/128 | Elapsed Time: 12.57s
2026-01-30 01:50:01,671 | INFO | Batch 130 | Loss: 2.3274 | Correct: 24/128 | Elapsed Time: 12.45s
2026-01-30 01:50:14,347 | INFO | Batch 140 | Loss: 2.3784 | Correct: 16/128 | Elapsed Time: 12.68s
2026-01-30 01:50:27,264 | INFO | Batch 150 | Loss: 2.3528 | Correct: 16/128 | Elapsed Time: 12.92s
2026-01-30 01:50:39,802 | INFO | Batch 160 | Loss: 2.3528 | Correct: 21/128 | Elapsed Time: 12.54s
2026-01-30 01:50:52,246 | INFO | Batch 170 | Loss: 2.4703 | Correct: 10/128 | Elapsed Time: 12.44s
2026-01-30 01:51:04,871 | INFO | Batch 180 | Loss: 2.3149 | Correct: 20/128 | Elapsed Time: 12.63s
2026-01-30 01:51:17,426 | INFO | Batch 190 | Loss: 2.3024 | Correct: 20/128 | Elapsed Time: 12.55s
2026-01-30 01:51:29,899 | INFO | Batch 200 | Loss: 2.4174 | Correct: 15/128 | Elapsed Time: 12.47s
2026-01-30 01:51:42,442 | INFO | Batch 210 | Loss: 2.3528 | Correct: 15/128 | Elapsed Time: 12.54s
2026-01-30 01:51:54,980 | INFO | Batch 220 | Loss: 2.4305 | Correct: 21/128 | Elapsed Time: 12.54s
2026-01-30 01:52:07,495 | INFO | Batch 230 | Loss: 2.3656 | Correct: 22/128 | Elapsed Time: 12.52s
2026-01-30 01:52:20,044 | INFO | Batch 240 | Loss: 2.4972 | Correct: 19/128 | Elapsed Time: 12.55s
2026-01-30 01:52:32,596 | INFO | Batch 250 | Loss: 2.2776 | Correct: 19/128 | Elapsed Time: 12.55s
2026-01-30 01:52:45,050 | INFO | Batch 260 | Loss: 2.2899 | Correct: 24/128 | Elapsed Time: 12.45s
2026-01-30 01:52:57,595 | INFO | Batch 270 | Loss: 2.3401 | Correct: 23/128 | Elapsed Time: 12.54s
2026-01-30 01:53:10,286 | INFO | Batch 280 | Loss: 2.4703 | Correct: 17/128 | Elapsed Time: 12.69s
2026-01-30 01:53:22,722 | INFO | Batch 290 | Loss: 2.2409 | Correct: 32/128 | Elapsed Time: 12.44s
2026-01-30 01:53:35,321 | INFO | Batch 300 | Loss: 2.2530 | Correct: 27/128 | Elapsed Time: 12.60s
2026-01-30 01:53:47,849 | INFO | Batch 310 | Loss: 2.4305 | Correct: 19/128 | Elapsed Time: 12.53s
2026-01-30 01:54:00,290 | INFO | Batch 320 | Loss: 2.3913 | Correct: 18/128 | Elapsed Time: 12.44s
2026-01-30 01:54:12,931 | INFO | Batch 330 | Loss: 2.3656 | Correct: 17/128 | Elapsed Time: 12.64s
2026-01-30 01:54:25,503 | INFO | Batch 340 | Loss: 2.3656 | Correct: 24/128 | Elapsed Time: 12.57s
2026-01-30 01:54:37,995 | INFO | Batch 350 | Loss: 2.2776 | Correct: 14/128 | Elapsed Time: 12.49s
2026-01-30 01:54:50,541 | INFO | Batch 360 | Loss: 2.2899 | Correct: 26/128 | Elapsed Time: 12.55s
2026-01-30 01:55:03,132 | INFO | Batch 370 | Loss: 2.3024 | Correct: 21/128 | Elapsed Time: 12.59s
2026-01-30 01:55:15,634 | INFO | Batch 380 | Loss: 2.3024 | Correct: 31/128 | Elapsed Time: 12.50s
2026-01-30 01:55:28,209 | INFO | Batch 390 | Loss: 2.3401 | Correct: 19/128 | Elapsed Time: 12.57s
2026-01-30 01:55:29,209 | INFO | Epoch [55/100] - Loss: 2.3200 | Correct: 8507/50000 (17.01%, 490.46s)
2026-01-30 01:56:13,852 | INFO | Validation - Loss: 2.4098 | Correct: 1000/10000 (10.00%) (44.64s)
2026-01-30 01:56:26,428 | INFO | Batch 10 | Loss: 2.3913 | Correct: 20/128 | Elapsed Time: 12.57s
2026-01-30 01:56:38,968 | INFO | Batch 20 | Loss: 2.3149 | Correct: 19/128 | Elapsed Time: 12.54s
2026-01-30 01:56:51,384 | INFO | Batch 30 | Loss: 2.2899 | Correct: 19/128 | Elapsed Time: 12.42s
2026-01-30 01:57:03,969 | INFO | Batch 40 | Loss: 2.2899 | Correct: 26/128 | Elapsed Time: 12.58s
2026-01-30 01:57:16,531 | INFO | Batch 50 | Loss: 2.1459 | Correct: 23/128 | Elapsed Time: 12.56s
2026-01-30 01:57:29,001 | INFO | Batch 60 | Loss: 2.2530 | Correct: 25/128 | Elapsed Time: 12.47s
2026-01-30 01:57:41,572 | INFO | Batch 70 | Loss: 2.4305 | Correct: 17/128 | Elapsed Time: 12.57s
2026-01-30 01:57:54,082 | INFO | Batch 80 | Loss: 2.3784 | Correct: 17/128 | Elapsed Time: 12.51s
2026-01-30 01:58:06,555 | INFO | Batch 90 | Loss: 2.3401 | Correct: 21/128 | Elapsed Time: 12.47s
2026-01-30 01:58:19,130 | INFO | Batch 100 | Loss: 2.4437 | Correct: 23/128 | Elapsed Time: 12.58s
2026-01-30 01:58:31,685 | INFO | Batch 110 | Loss: 2.3274 | Correct: 19/128 | Elapsed Time: 12.55s
2026-01-30 01:58:44,130 | INFO | Batch 120 | Loss: 2.4174 | Correct: 20/128 | Elapsed Time: 12.45s
2026-01-30 01:58:56,647 | INFO | Batch 130 | Loss: 2.3528 | Correct: 22/128 | Elapsed Time: 12.52s
2026-01-30 01:59:09,238 | INFO | Batch 140 | Loss: 2.4043 | Correct: 20/128 | Elapsed Time: 12.59s
2026-01-30 01:59:21,713 | INFO | Batch 150 | Loss: 2.3401 | Correct: 23/128 | Elapsed Time: 12.48s
2026-01-30 01:59:34,283 | INFO | Batch 160 | Loss: 2.3656 | Correct: 16/128 | Elapsed Time: 12.57s
2026-01-30 01:59:46,851 | INFO | Batch 170 | Loss: 2.2776 | Correct: 25/128 | Elapsed Time: 12.57s
2026-01-30 01:59:59,302 | INFO | Batch 180 | Loss: 2.2409 | Correct: 28/128 | Elapsed Time: 12.45s
2026-01-30 02:00:11,960 | INFO | Batch 190 | Loss: 2.4305 | Correct: 20/128 | Elapsed Time: 12.66s
2026-01-30 02:00:24,750 | INFO | Batch 200 | Loss: 2.3913 | Correct: 19/128 | Elapsed Time: 12.79s
2026-01-30 02:00:37,216 | INFO | Batch 210 | Loss: 2.3784 | Correct: 15/128 | Elapsed Time: 12.47s
2026-01-30 02:00:49,801 | INFO | Batch 220 | Loss: 2.3149 | Correct: 25/128 | Elapsed Time: 12.59s
2026-01-30 02:01:02,363 | INFO | Batch 230 | Loss: 2.2899 | Correct: 17/128 | Elapsed Time: 12.56s
2026-01-30 02:01:15,002 | INFO | Batch 240 | Loss: 2.4305 | Correct: 19/128 | Elapsed Time: 12.64s
2026-01-30 02:01:27,491 | INFO | Batch 250 | Loss: 2.2530 | Correct: 24/128 | Elapsed Time: 12.49s
2026-01-30 02:01:40,086 | INFO | Batch 260 | Loss: 2.2167 | Correct: 23/128 | Elapsed Time: 12.60s
2026-01-30 02:01:52,655 | INFO | Batch 270 | Loss: 2.3274 | Correct: 25/128 | Elapsed Time: 12.57s
2026-01-30 02:02:05,158 | INFO | Batch 280 | Loss: 2.2899 | Correct: 25/128 | Elapsed Time: 12.50s
2026-01-30 02:02:17,695 | INFO | Batch 290 | Loss: 2.1692 | Correct: 23/128 | Elapsed Time: 12.54s
2026-01-30 02:02:30,241 | INFO | Batch 300 | Loss: 2.3149 | Correct: 21/128 | Elapsed Time: 12.55s
2026-01-30 02:02:42,692 | INFO | Batch 310 | Loss: 2.3784 | Correct: 20/128 | Elapsed Time: 12.45s
2026-01-30 02:02:55,270 | INFO | Batch 320 | Loss: 2.5657 | Correct: 17/128 | Elapsed Time: 12.58s
2026-01-30 02:03:07,932 | INFO | Batch 330 | Loss: 2.4174 | Correct: 22/128 | Elapsed Time: 12.66s
2026-01-30 02:03:20,370 | INFO | Batch 340 | Loss: 2.3528 | Correct: 18/128 | Elapsed Time: 12.44s
2026-01-30 02:03:32,933 | INFO | Batch 350 | Loss: 2.3528 | Correct: 26/128 | Elapsed Time: 12.56s
2026-01-30 02:03:45,483 | INFO | Batch 360 | Loss: 2.3024 | Correct: 21/128 | Elapsed Time: 12.55s
2026-01-30 02:03:57,943 | INFO | Batch 370 | Loss: 2.3784 | Correct: 27/128 | Elapsed Time: 12.46s
2026-01-30 02:04:10,550 | INFO | Batch 380 | Loss: 2.4437 | Correct: 15/128 | Elapsed Time: 12.61s
2026-01-30 02:04:23,100 | INFO | Batch 390 | Loss: 2.4174 | Correct: 14/128 | Elapsed Time: 12.55s
2026-01-30 02:04:24,096 | INFO | Epoch [56/100] - Loss: 2.3242 | Correct: 8519/50000 (17.04%, 490.24s)
2026-01-30 02:05:08,669 | INFO | Validation - Loss: 2.5454 | Correct: 1000/10000 (10.00%) (44.57s)
2026-01-30 02:05:21,169 | INFO | Batch 10 | Loss: 2.2899 | Correct: 23/128 | Elapsed Time: 12.50s
2026-01-30 02:05:33,737 | INFO | Batch 20 | Loss: 2.3401 | Correct: 16/128 | Elapsed Time: 12.57s
2026-01-30 02:05:46,304 | INFO | Batch 30 | Loss: 2.4305 | Correct: 21/128 | Elapsed Time: 12.57s
2026-01-30 02:05:58,875 | INFO | Batch 40 | Loss: 2.2899 | Correct: 18/128 | Elapsed Time: 12.57s
2026-01-30 02:06:11,307 | INFO | Batch 50 | Loss: 2.2167 | Correct: 24/128 | Elapsed Time: 12.43s
2026-01-30 02:06:23,816 | INFO | Batch 60 | Loss: 2.3656 | Correct: 17/128 | Elapsed Time: 12.51s
2026-01-30 02:06:36,383 | INFO | Batch 70 | Loss: 2.2653 | Correct: 28/128 | Elapsed Time: 12.57s
2026-01-30 02:06:48,849 | INFO | Batch 80 | Loss: 2.3401 | Correct: 25/128 | Elapsed Time: 12.47s
2026-01-30 02:07:01,404 | INFO | Batch 90 | Loss: 2.2653 | Correct: 20/128 | Elapsed Time: 12.55s
2026-01-30 02:07:13,979 | INFO | Batch 100 | Loss: 2.2048 | Correct: 17/128 | Elapsed Time: 12.58s
2026-01-30 02:07:26,411 | INFO | Batch 110 | Loss: 2.3784 | Correct: 22/128 | Elapsed Time: 12.43s
2026-01-30 02:07:38,976 | INFO | Batch 120 | Loss: 2.2167 | Correct: 19/128 | Elapsed Time: 12.57s
2026-01-30 02:07:51,510 | INFO | Batch 130 | Loss: 2.3149 | Correct: 24/128 | Elapsed Time: 12.53s
2026-01-30 02:08:04,041 | INFO | Batch 140 | Loss: 2.3401 | Correct: 21/128 | Elapsed Time: 12.53s
2026-01-30 02:08:16,622 | INFO | Batch 150 | Loss: 2.4174 | Correct: 20/128 | Elapsed Time: 12.58s
2026-01-30 02:08:29,173 | INFO | Batch 160 | Loss: 2.3274 | Correct: 21/128 | Elapsed Time: 12.55s
2026-01-30 02:08:41,637 | INFO | Batch 170 | Loss: 2.4305 | Correct: 18/128 | Elapsed Time: 12.46s
2026-01-30 02:08:54,221 | INFO | Batch 180 | Loss: 2.4043 | Correct: 14/128 | Elapsed Time: 12.58s
2026-01-30 02:09:06,880 | INFO | Batch 190 | Loss: 2.3401 | Correct: 17/128 | Elapsed Time: 12.66s
2026-01-30 02:09:19,340 | INFO | Batch 200 | Loss: 2.2899 | Correct: 20/128 | Elapsed Time: 12.46s
2026-01-30 02:09:31,888 | INFO | Batch 210 | Loss: 2.2530 | Correct: 25/128 | Elapsed Time: 12.55s
2026-01-30 02:09:44,427 | INFO | Batch 220 | Loss: 2.3274 | Correct: 17/128 | Elapsed Time: 12.54s
2026-01-30 02:09:56,871 | INFO | Batch 230 | Loss: 2.4174 | Correct: 16/128 | Elapsed Time: 12.44s
2026-01-30 02:10:09,523 | INFO | Batch 240 | Loss: 2.3528 | Correct: 22/128 | Elapsed Time: 12.65s
2026-01-30 02:10:22,719 | INFO | Batch 250 | Loss: 2.2653 | Correct: 20/128 | Elapsed Time: 13.20s
2026-01-30 02:10:35,287 | INFO | Batch 260 | Loss: 2.3528 | Correct: 16/128 | Elapsed Time: 12.57s
2026-01-30 02:10:47,851 | INFO | Batch 270 | Loss: 2.3784 | Correct: 18/128 | Elapsed Time: 12.56s
2026-01-30 02:11:00,421 | INFO | Batch 280 | Loss: 2.3784 | Correct: 24/128 | Elapsed Time: 12.57s
2026-01-30 02:11:12,939 | INFO | Batch 290 | Loss: 2.2288 | Correct: 21/128 | Elapsed Time: 12.52s
2026-01-30 02:11:25,495 | INFO | Batch 300 | Loss: 2.2167 | Correct: 23/128 | Elapsed Time: 12.56s
2026-01-30 02:11:38,070 | INFO | Batch 310 | Loss: 2.3149 | Correct: 24/128 | Elapsed Time: 12.58s
2026-01-30 02:11:50,629 | INFO | Batch 320 | Loss: 2.2899 | Correct: 26/128 | Elapsed Time: 12.56s
2026-01-30 02:12:03,182 | INFO | Batch 330 | Loss: 2.4972 | Correct: 13/128 | Elapsed Time: 12.55s
2026-01-30 02:12:15,734 | INFO | Batch 340 | Loss: 2.3528 | Correct: 20/128 | Elapsed Time: 12.55s
2026-01-30 02:12:28,286 | INFO | Batch 350 | Loss: 2.3149 | Correct: 22/128 | Elapsed Time: 12.55s
2026-01-30 02:12:40,732 | INFO | Batch 360 | Loss: 2.3656 | Correct: 21/128 | Elapsed Time: 12.45s
2026-01-30 02:12:53,263 | INFO | Batch 370 | Loss: 2.3024 | Correct: 22/128 | Elapsed Time: 12.53s
2026-01-30 02:13:05,917 | INFO | Batch 380 | Loss: 2.3149 | Correct: 24/128 | Elapsed Time: 12.65s
2026-01-30 02:13:18,404 | INFO | Batch 390 | Loss: 2.3528 | Correct: 20/128 | Elapsed Time: 12.49s
2026-01-30 02:13:19,395 | INFO | Epoch [57/100] - Loss: 2.3207 | Correct: 8368/50000 (16.74%, 490.72s)
2026-01-30 02:14:04,184 | INFO | Validation - Loss: 2.4820 | Correct: 1000/10000 (10.00%) (44.79s)
2026-01-30 02:14:16,733 | INFO | Batch 10 | Loss: 2.2409 | Correct: 31/128 | Elapsed Time: 12.55s
2026-01-30 02:14:29,293 | INFO | Batch 20 | Loss: 2.3149 | Correct: 23/128 | Elapsed Time: 12.56s
2026-01-30 02:14:41,736 | INFO | Batch 30 | Loss: 2.2409 | Correct: 29/128 | Elapsed Time: 12.44s
2026-01-30 02:14:54,271 | INFO | Batch 40 | Loss: 2.2899 | Correct: 20/128 | Elapsed Time: 12.54s
2026-01-30 02:15:06,883 | INFO | Batch 50 | Loss: 2.2048 | Correct: 26/128 | Elapsed Time: 12.61s
2026-01-30 02:15:19,415 | INFO | Batch 60 | Loss: 2.4305 | Correct: 15/128 | Elapsed Time: 12.53s
2026-01-30 02:15:31,890 | INFO | Batch 70 | Loss: 2.2899 | Correct: 20/128 | Elapsed Time: 12.48s
2026-01-30 02:15:44,462 | INFO | Batch 80 | Loss: 2.3656 | Correct: 19/128 | Elapsed Time: 12.57s
2026-01-30 02:15:57,001 | INFO | Batch 90 | Loss: 2.2899 | Correct: 24/128 | Elapsed Time: 12.54s
2026-01-30 02:16:09,545 | INFO | Batch 100 | Loss: 2.3528 | Correct: 16/128 | Elapsed Time: 12.54s
2026-01-30 02:16:22,109 | INFO | Batch 110 | Loss: 2.2899 | Correct: 27/128 | Elapsed Time: 12.56s
2026-01-30 02:16:34,683 | INFO | Batch 120 | Loss: 2.5244 | Correct: 16/128 | Elapsed Time: 12.57s
2026-01-30 02:16:47,162 | INFO | Batch 130 | Loss: 2.3149 | Correct: 22/128 | Elapsed Time: 12.48s
2026-01-30 02:16:59,684 | INFO | Batch 140 | Loss: 2.2409 | Correct: 25/128 | Elapsed Time: 12.52s
2026-01-30 02:17:12,301 | INFO | Batch 150 | Loss: 2.2899 | Correct: 24/128 | Elapsed Time: 12.62s
2026-01-30 02:17:24,761 | INFO | Batch 160 | Loss: 2.4043 | Correct: 18/128 | Elapsed Time: 12.46s
2026-01-30 02:17:37,315 | INFO | Batch 170 | Loss: 2.3024 | Correct: 26/128 | Elapsed Time: 12.55s
2026-01-30 02:17:49,856 | INFO | Batch 180 | Loss: 2.3401 | Correct: 21/128 | Elapsed Time: 12.54s
2026-01-30 02:18:02,318 | INFO | Batch 190 | Loss: 2.4437 | Correct: 14/128 | Elapsed Time: 12.46s
2026-01-30 02:18:14,945 | INFO | Batch 200 | Loss: 2.3913 | Correct: 15/128 | Elapsed Time: 12.63s
2026-01-30 02:18:27,476 | INFO | Batch 210 | Loss: 2.3274 | Correct: 15/128 | Elapsed Time: 12.53s
2026-01-30 02:18:39,964 | INFO | Batch 220 | Loss: 2.2653 | Correct: 21/128 | Elapsed Time: 12.49s
2026-01-30 02:18:52,540 | INFO | Batch 230 | Loss: 2.2899 | Correct: 13/128 | Elapsed Time: 12.58s
2026-01-30 02:19:05,142 | INFO | Batch 240 | Loss: 2.2653 | Correct: 19/128 | Elapsed Time: 12.60s
2026-01-30 02:19:17,606 | INFO | Batch 250 | Loss: 2.3401 | Correct: 17/128 | Elapsed Time: 12.46s
2026-01-30 02:19:30,162 | INFO | Batch 260 | Loss: 2.3784 | Correct: 19/128 | Elapsed Time: 12.56s
2026-01-30 02:19:42,728 | INFO | Batch 270 | Loss: 2.3274 | Correct: 18/128 | Elapsed Time: 12.57s
2026-01-30 02:19:55,313 | INFO | Batch 280 | Loss: 2.2167 | Correct: 29/128 | Elapsed Time: 12.59s
2026-01-30 02:20:07,836 | INFO | Batch 290 | Loss: 2.4174 | Correct: 19/128 | Elapsed Time: 12.52s
2026-01-30 02:20:20,553 | INFO | Batch 300 | Loss: 2.2288 | Correct: 22/128 | Elapsed Time: 12.72s
2026-01-30 02:20:33,200 | INFO | Batch 310 | Loss: 2.2409 | Correct: 26/128 | Elapsed Time: 12.65s
2026-01-30 02:20:45,689 | INFO | Batch 320 | Loss: 2.3024 | Correct: 27/128 | Elapsed Time: 12.49s
2026-01-30 02:20:58,289 | INFO | Batch 330 | Loss: 2.2899 | Correct: 24/128 | Elapsed Time: 12.60s
2026-01-30 02:21:10,936 | INFO | Batch 340 | Loss: 2.3024 | Correct: 24/128 | Elapsed Time: 12.65s
2026-01-30 02:21:23,358 | INFO | Batch 350 | Loss: 2.3784 | Correct: 16/128 | Elapsed Time: 12.42s
2026-01-30 02:21:35,898 | INFO | Batch 360 | Loss: 2.3656 | Correct: 23/128 | Elapsed Time: 12.54s
2026-01-30 02:21:48,420 | INFO | Batch 370 | Loss: 2.3274 | Correct: 23/128 | Elapsed Time: 12.52s
2026-01-30 02:22:00,838 | INFO | Batch 380 | Loss: 2.3528 | Correct: 20/128 | Elapsed Time: 12.42s
2026-01-30 02:22:13,463 | INFO | Batch 390 | Loss: 2.2899 | Correct: 20/128 | Elapsed Time: 12.62s
2026-01-30 02:22:14,472 | INFO | Epoch [58/100] - Loss: 2.3201 | Correct: 8396/50000 (16.79%, 490.29s)
2026-01-30 02:22:59,106 | INFO | Validation - Loss: 2.4194 | Correct: 1000/10000 (10.00%) (44.63s)
2026-01-30 02:23:11,722 | INFO | Batch 10 | Loss: 2.2653 | Correct: 21/128 | Elapsed Time: 12.61s
2026-01-30 02:23:24,192 | INFO | Batch 20 | Loss: 2.3784 | Correct: 17/128 | Elapsed Time: 12.47s
2026-01-30 02:23:36,728 | INFO | Batch 30 | Loss: 2.3656 | Correct: 21/128 | Elapsed Time: 12.54s
2026-01-30 02:23:49,269 | INFO | Batch 40 | Loss: 2.3784 | Correct: 16/128 | Elapsed Time: 12.54s
2026-01-30 02:24:01,713 | INFO | Batch 50 | Loss: 2.3784 | Correct: 20/128 | Elapsed Time: 12.44s
2026-01-30 02:24:14,300 | INFO | Batch 60 | Loss: 2.2899 | Correct: 24/128 | Elapsed Time: 12.59s
2026-01-30 02:24:26,848 | INFO | Batch 70 | Loss: 2.4837 | Correct: 27/128 | Elapsed Time: 12.55s
2026-01-30 02:24:39,331 | INFO | Batch 80 | Loss: 2.4174 | Correct: 24/128 | Elapsed Time: 12.48s
2026-01-30 02:24:51,893 | INFO | Batch 90 | Loss: 2.2530 | Correct: 22/128 | Elapsed Time: 12.56s
2026-01-30 02:25:04,546 | INFO | Batch 100 | Loss: 2.4043 | Correct: 16/128 | Elapsed Time: 12.65s
2026-01-30 02:25:17,143 | INFO | Batch 110 | Loss: 2.3401 | Correct: 21/128 | Elapsed Time: 12.60s
2026-01-30 02:25:29,609 | INFO | Batch 120 | Loss: 2.3913 | Correct: 20/128 | Elapsed Time: 12.47s
2026-01-30 02:25:42,152 | INFO | Batch 130 | Loss: 2.4174 | Correct: 19/128 | Elapsed Time: 12.54s
2026-01-30 02:25:54,715 | INFO | Batch 140 | Loss: 2.3913 | Correct: 12/128 | Elapsed Time: 12.56s
2026-01-30 02:26:07,236 | INFO | Batch 150 | Loss: 2.3401 | Correct: 22/128 | Elapsed Time: 12.52s
2026-01-30 02:26:19,813 | INFO | Batch 160 | Loss: 2.4570 | Correct: 18/128 | Elapsed Time: 12.58s
2026-01-30 02:26:32,361 | INFO | Batch 170 | Loss: 2.2530 | Correct: 25/128 | Elapsed Time: 12.55s
2026-01-30 02:26:44,815 | INFO | Batch 180 | Loss: 2.3149 | Correct: 20/128 | Elapsed Time: 12.45s
2026-01-30 02:26:57,370 | INFO | Batch 190 | Loss: 2.3913 | Correct: 17/128 | Elapsed Time: 12.56s
2026-01-30 02:27:10,080 | INFO | Batch 200 | Loss: 2.2409 | Correct: 21/128 | Elapsed Time: 12.71s
2026-01-30 02:27:22,544 | INFO | Batch 210 | Loss: 2.1459 | Correct: 30/128 | Elapsed Time: 12.46s
2026-01-30 02:27:35,117 | INFO | Batch 220 | Loss: 2.3274 | Correct: 21/128 | Elapsed Time: 12.57s
2026-01-30 02:27:47,674 | INFO | Batch 230 | Loss: 2.2899 | Correct: 23/128 | Elapsed Time: 12.56s
2026-01-30 02:28:00,136 | INFO | Batch 240 | Loss: 2.3528 | Correct: 25/128 | Elapsed Time: 12.46s
2026-01-30 02:28:12,811 | INFO | Batch 250 | Loss: 2.1113 | Correct: 30/128 | Elapsed Time: 12.67s
2026-01-30 02:28:25,363 | INFO | Batch 260 | Loss: 2.4570 | Correct: 15/128 | Elapsed Time: 12.55s
2026-01-30 02:28:37,810 | INFO | Batch 270 | Loss: 2.3401 | Correct: 22/128 | Elapsed Time: 12.45s
2026-01-30 02:28:50,358 | INFO | Batch 280 | Loss: 2.3274 | Correct: 26/128 | Elapsed Time: 12.55s
2026-01-30 02:29:02,944 | INFO | Batch 290 | Loss: 2.3528 | Correct: 21/128 | Elapsed Time: 12.59s
2026-01-30 02:29:15,412 | INFO | Batch 300 | Loss: 2.3401 | Correct: 28/128 | Elapsed Time: 12.47s
2026-01-30 02:29:27,962 | INFO | Batch 310 | Loss: 2.3784 | Correct: 16/128 | Elapsed Time: 12.55s
2026-01-30 02:29:40,519 | INFO | Batch 320 | Loss: 2.3401 | Correct: 21/128 | Elapsed Time: 12.56s
2026-01-30 02:29:53,049 | INFO | Batch 330 | Loss: 2.3274 | Correct: 20/128 | Elapsed Time: 12.53s
2026-01-30 02:30:05,528 | INFO | Batch 340 | Loss: 2.3656 | Correct: 18/128 | Elapsed Time: 12.48s
2026-01-30 02:30:18,164 | INFO | Batch 350 | Loss: 2.2776 | Correct: 26/128 | Elapsed Time: 12.64s
2026-01-30 02:30:30,842 | INFO | Batch 360 | Loss: 2.3401 | Correct: 25/128 | Elapsed Time: 12.68s
2026-01-30 02:30:43,299 | INFO | Batch 370 | Loss: 2.3528 | Correct: 23/128 | Elapsed Time: 12.46s
2026-01-30 02:30:55,804 | INFO | Batch 380 | Loss: 2.4703 | Correct: 17/128 | Elapsed Time: 12.51s
2026-01-30 02:31:08,399 | INFO | Batch 390 | Loss: 2.2048 | Correct: 23/128 | Elapsed Time: 12.59s
2026-01-30 02:31:09,391 | INFO | Epoch [59/100] - Loss: 2.3255 | Correct: 8511/50000 (17.02%, 490.28s)
2026-01-30 02:31:53,890 | INFO | Validation - Loss: 2.6371 | Correct: 1000/10000 (10.00%) (44.50s)
2026-01-30 02:32:06,412 | INFO | Batch 10 | Loss: 2.2530 | Correct: 19/128 | Elapsed Time: 12.52s
2026-01-30 02:32:18,935 | INFO | Batch 20 | Loss: 2.4174 | Correct: 20/128 | Elapsed Time: 12.52s
2026-01-30 02:32:31,519 | INFO | Batch 30 | Loss: 2.3149 | Correct: 23/128 | Elapsed Time: 12.58s
2026-01-30 02:32:43,963 | INFO | Batch 40 | Loss: 2.2288 | Correct: 20/128 | Elapsed Time: 12.44s
2026-01-30 02:32:56,499 | INFO | Batch 50 | Loss: 2.4703 | Correct: 17/128 | Elapsed Time: 12.54s
2026-01-30 02:33:09,114 | INFO | Batch 60 | Loss: 2.3656 | Correct: 19/128 | Elapsed Time: 12.61s
2026-01-30 02:33:21,519 | INFO | Batch 70 | Loss: 2.3274 | Correct: 24/128 | Elapsed Time: 12.40s
2026-01-30 02:33:34,104 | INFO | Batch 80 | Loss: 2.2048 | Correct: 26/128 | Elapsed Time: 12.58s
2026-01-30 02:33:46,639 | INFO | Batch 90 | Loss: 2.3913 | Correct: 22/128 | Elapsed Time: 12.53s
2026-01-30 02:33:59,086 | INFO | Batch 100 | Loss: 2.2899 | Correct: 19/128 | Elapsed Time: 12.45s
2026-01-30 02:34:11,710 | INFO | Batch 110 | Loss: 2.2288 | Correct: 23/128 | Elapsed Time: 12.62s
2026-01-30 02:34:24,261 | INFO | Batch 120 | Loss: 2.3401 | Correct: 19/128 | Elapsed Time: 12.55s
2026-01-30 02:34:36,725 | INFO | Batch 130 | Loss: 2.2776 | Correct: 29/128 | Elapsed Time: 12.46s
2026-01-30 02:34:49,315 | INFO | Batch 140 | Loss: 2.3528 | Correct: 21/128 | Elapsed Time: 12.59s
2026-01-30 02:35:01,876 | INFO | Batch 150 | Loss: 2.3528 | Correct: 20/128 | Elapsed Time: 12.56s
2026-01-30 02:35:14,343 | INFO | Batch 160 | Loss: 2.3024 | Correct: 26/128 | Elapsed Time: 12.47s
2026-01-30 02:35:26,901 | INFO | Batch 170 | Loss: 2.3913 | Correct: 21/128 | Elapsed Time: 12.56s
2026-01-30 02:35:39,466 | INFO | Batch 180 | Loss: 2.3274 | Correct: 17/128 | Elapsed Time: 12.56s
2026-01-30 02:35:51,938 | INFO | Batch 190 | Loss: 2.2653 | Correct: 23/128 | Elapsed Time: 12.47s
2026-01-30 02:36:04,583 | INFO | Batch 200 | Loss: 2.3274 | Correct: 24/128 | Elapsed Time: 12.65s
2026-01-30 02:36:17,128 | INFO | Batch 210 | Loss: 2.3274 | Correct: 28/128 | Elapsed Time: 12.55s
2026-01-30 02:36:29,691 | INFO | Batch 220 | Loss: 2.3149 | Correct: 23/128 | Elapsed Time: 12.56s
2026-01-30 02:36:42,195 | INFO | Batch 230 | Loss: 2.5519 | Correct: 17/128 | Elapsed Time: 12.50s
2026-01-30 02:36:54,751 | INFO | Batch 240 | Loss: 2.2776 | Correct: 23/128 | Elapsed Time: 12.56s
2026-01-30 02:37:07,441 | INFO | Batch 250 | Loss: 2.1459 | Correct: 29/128 | Elapsed Time: 12.69s
2026-01-30 02:37:19,920 | INFO | Batch 260 | Loss: 2.3401 | Correct: 28/128 | Elapsed Time: 12.48s
2026-01-30 02:37:32,507 | INFO | Batch 270 | Loss: 2.3274 | Correct: 23/128 | Elapsed Time: 12.59s
2026-01-30 02:37:45,085 | INFO | Batch 280 | Loss: 2.3024 | Correct: 23/128 | Elapsed Time: 12.58s
2026-01-30 02:37:57,539 | INFO | Batch 290 | Loss: 2.3024 | Correct: 21/128 | Elapsed Time: 12.45s
2026-01-30 02:38:10,120 | INFO | Batch 300 | Loss: 2.2288 | Correct: 21/128 | Elapsed Time: 12.58s
2026-01-30 02:38:22,632 | INFO | Batch 310 | Loss: 2.2048 | Correct: 25/128 | Elapsed Time: 12.51s
2026-01-30 02:38:35,134 | INFO | Batch 320 | Loss: 2.2776 | Correct: 26/128 | Elapsed Time: 12.50s
2026-01-30 02:38:47,683 | INFO | Batch 330 | Loss: 2.2288 | Correct: 28/128 | Elapsed Time: 12.55s
2026-01-30 02:39:00,201 | INFO | Batch 340 | Loss: 2.5519 | Correct: 15/128 | Elapsed Time: 12.52s
2026-01-30 02:39:12,699 | INFO | Batch 350 | Loss: 2.2288 | Correct: 21/128 | Elapsed Time: 12.50s
2026-01-30 02:39:25,267 | INFO | Batch 360 | Loss: 2.2776 | Correct: 25/128 | Elapsed Time: 12.57s
2026-01-30 02:39:37,810 | INFO | Batch 370 | Loss: 2.3784 | Correct: 21/128 | Elapsed Time: 12.54s
2026-01-30 02:39:50,215 | INFO | Batch 380 | Loss: 2.3274 | Correct: 21/128 | Elapsed Time: 12.41s
2026-01-30 02:40:02,724 | INFO | Batch 390 | Loss: 2.3528 | Correct: 19/128 | Elapsed Time: 12.51s
2026-01-30 02:40:03,765 | INFO | Epoch [60/100] - Loss: 2.3223 | Correct: 8516/50000 (17.03%, 489.87s)
2026-01-30 02:40:48,791 | INFO | Validation - Loss: 2.4790 | Correct: 1000/10000 (10.00%) (45.02s)
2026-01-30 02:41:01,328 | INFO | Batch 10 | Loss: 2.2899 | Correct: 28/128 | Elapsed Time: 12.53s
2026-01-30 02:41:13,937 | INFO | Batch 20 | Loss: 2.3274 | Correct: 21/128 | Elapsed Time: 12.61s
2026-01-30 02:41:26,370 | INFO | Batch 30 | Loss: 2.2899 | Correct: 21/128 | Elapsed Time: 12.43s
2026-01-30 02:41:38,958 | INFO | Batch 40 | Loss: 2.3149 | Correct: 18/128 | Elapsed Time: 12.59s
2026-01-30 02:41:51,509 | INFO | Batch 50 | Loss: 2.3274 | Correct: 22/128 | Elapsed Time: 12.55s
2026-01-30 02:42:04,050 | INFO | Batch 60 | Loss: 2.3274 | Correct: 24/128 | Elapsed Time: 12.54s
2026-01-30 02:42:16,568 | INFO | Batch 70 | Loss: 2.2409 | Correct: 23/128 | Elapsed Time: 12.52s
2026-01-30 02:42:29,109 | INFO | Batch 80 | Loss: 2.3274 | Correct: 24/128 | Elapsed Time: 12.54s
2026-01-30 02:42:41,571 | INFO | Batch 90 | Loss: 2.2776 | Correct: 29/128 | Elapsed Time: 12.46s
2026-01-30 02:42:54,123 | INFO | Batch 100 | Loss: 2.3528 | Correct: 17/128 | Elapsed Time: 12.55s
2026-01-30 02:43:06,737 | INFO | Batch 110 | Loss: 2.3401 | Correct: 23/128 | Elapsed Time: 12.61s
2026-01-30 02:43:19,190 | INFO | Batch 120 | Loss: 2.3784 | Correct: 17/128 | Elapsed Time: 12.45s
2026-01-30 02:43:31,743 | INFO | Batch 130 | Loss: 2.3149 | Correct: 22/128 | Elapsed Time: 12.55s
2026-01-30 02:43:44,314 | INFO | Batch 140 | Loss: 2.2288 | Correct: 25/128 | Elapsed Time: 12.57s
2026-01-30 02:43:56,772 | INFO | Batch 150 | Loss: 2.1810 | Correct: 19/128 | Elapsed Time: 12.46s
2026-01-30 02:44:09,438 | INFO | Batch 160 | Loss: 2.2530 | Correct: 22/128 | Elapsed Time: 12.67s
2026-01-30 02:44:22,016 | INFO | Batch 170 | Loss: 2.2530 | Correct: 31/128 | Elapsed Time: 12.58s
2026-01-30 02:44:34,492 | INFO | Batch 180 | Loss: 2.3274 | Correct: 18/128 | Elapsed Time: 12.48s
2026-01-30 02:44:47,047 | INFO | Batch 190 | Loss: 2.3149 | Correct: 20/128 | Elapsed Time: 12.55s
2026-01-30 02:44:59,592 | INFO | Batch 200 | Loss: 2.4174 | Correct: 26/128 | Elapsed Time: 12.54s
2026-01-30 02:45:12,093 | INFO | Batch 210 | Loss: 2.4043 | Correct: 22/128 | Elapsed Time: 12.50s
2026-01-30 02:45:24,637 | INFO | Batch 220 | Loss: 2.4043 | Correct: 20/128 | Elapsed Time: 12.54s
2026-01-30 02:45:37,237 | INFO | Batch 230 | Loss: 2.3528 | Correct: 25/128 | Elapsed Time: 12.60s
2026-01-30 02:45:49,716 | INFO | Batch 240 | Loss: 2.4174 | Correct: 20/128 | Elapsed Time: 12.48s
2026-01-30 02:46:02,287 | INFO | Batch 250 | Loss: 2.2653 | Correct: 23/128 | Elapsed Time: 12.57s
2026-01-30 02:46:14,877 | INFO | Batch 260 | Loss: 2.4043 | Correct: 17/128 | Elapsed Time: 12.59s
2026-01-30 02:46:27,338 | INFO | Batch 270 | Loss: 2.3528 | Correct: 23/128 | Elapsed Time: 12.46s
2026-01-30 02:46:39,899 | INFO | Batch 280 | Loss: 2.4837 | Correct: 19/128 | Elapsed Time: 12.56s
2026-01-30 02:46:52,456 | INFO | Batch 290 | Loss: 2.3149 | Correct: 24/128 | Elapsed Time: 12.56s
2026-01-30 02:47:05,046 | INFO | Batch 300 | Loss: 2.2167 | Correct: 18/128 | Elapsed Time: 12.59s
2026-01-30 02:47:17,480 | INFO | Batch 310 | Loss: 2.2048 | Correct: 26/128 | Elapsed Time: 12.43s
2026-01-30 02:47:29,994 | INFO | Batch 320 | Loss: 2.2530 | Correct: 24/128 | Elapsed Time: 12.51s
2026-01-30 02:47:42,541 | INFO | Batch 330 | Loss: 2.3784 | Correct: 17/128 | Elapsed Time: 12.55s
2026-01-30 02:47:55,019 | INFO | Batch 340 | Loss: 2.3656 | Correct: 15/128 | Elapsed Time: 12.48s
2026-01-30 02:48:07,645 | INFO | Batch 350 | Loss: 2.4837 | Correct: 20/128 | Elapsed Time: 12.63s
2026-01-30 02:48:20,196 | INFO | Batch 360 | Loss: 2.2899 | Correct: 21/128 | Elapsed Time: 12.55s
2026-01-30 02:48:32,654 | INFO | Batch 370 | Loss: 2.3784 | Correct: 21/128 | Elapsed Time: 12.46s
2026-01-30 02:48:45,209 | INFO | Batch 380 | Loss: 2.3528 | Correct: 19/128 | Elapsed Time: 12.56s
2026-01-30 02:48:57,749 | INFO | Batch 390 | Loss: 2.3401 | Correct: 18/128 | Elapsed Time: 12.54s
2026-01-30 02:48:58,747 | INFO | Epoch [61/100] - Loss: 2.3303 | Correct: 8362/50000 (16.72%, 489.95s)
2026-01-30 02:49:43,367 | INFO | Validation - Loss: 2.3900 | Correct: 1000/10000 (10.00%) (44.62s)
2026-01-30 02:49:55,926 | INFO | Batch 10 | Loss: 2.2167 | Correct: 26/128 | Elapsed Time: 12.56s
2026-01-30 02:50:08,557 | INFO | Batch 20 | Loss: 2.2530 | Correct: 25/128 | Elapsed Time: 12.63s
2026-01-30 02:50:21,305 | INFO | Batch 30 | Loss: 2.2899 | Correct: 26/128 | Elapsed Time: 12.75s
2026-01-30 02:50:33,944 | INFO | Batch 40 | Loss: 2.3274 | Correct: 22/128 | Elapsed Time: 12.64s
2026-01-30 02:50:46,443 | INFO | Batch 50 | Loss: 2.3149 | Correct: 26/128 | Elapsed Time: 12.50s
2026-01-30 02:50:59,014 | INFO | Batch 60 | Loss: 2.3274 | Correct: 18/128 | Elapsed Time: 12.57s
2026-01-30 02:51:11,634 | INFO | Batch 70 | Loss: 2.4305 | Correct: 18/128 | Elapsed Time: 12.62s
2026-01-30 02:51:24,082 | INFO | Batch 80 | Loss: 2.3149 | Correct: 23/128 | Elapsed Time: 12.45s
2026-01-30 02:51:36,635 | INFO | Batch 90 | Loss: 2.2899 | Correct: 23/128 | Elapsed Time: 12.55s
2026-01-30 02:51:49,184 | INFO | Batch 100 | Loss: 2.3274 | Correct: 17/128 | Elapsed Time: 12.55s
2026-01-30 02:52:01,642 | INFO | Batch 110 | Loss: 2.2288 | Correct: 21/128 | Elapsed Time: 12.46s
2026-01-30 02:52:14,264 | INFO | Batch 120 | Loss: 2.2288 | Correct: 23/128 | Elapsed Time: 12.62s
2026-01-30 02:52:26,810 | INFO | Batch 130 | Loss: 2.4174 | Correct: 11/128 | Elapsed Time: 12.55s
2026-01-30 02:52:39,297 | INFO | Batch 140 | Loss: 2.4043 | Correct: 19/128 | Elapsed Time: 12.49s
2026-01-30 02:52:51,836 | INFO | Batch 150 | Loss: 2.3784 | Correct: 25/128 | Elapsed Time: 12.54s
2026-01-30 02:53:04,409 | INFO | Batch 160 | Loss: 2.5244 | Correct: 16/128 | Elapsed Time: 12.57s
2026-01-30 02:53:16,873 | INFO | Batch 170 | Loss: 2.4972 | Correct: 14/128 | Elapsed Time: 12.46s
2026-01-30 02:53:29,422 | INFO | Batch 180 | Loss: 2.2653 | Correct: 22/128 | Elapsed Time: 12.55s
2026-01-30 02:53:41,991 | INFO | Batch 190 | Loss: 2.3784 | Correct: 17/128 | Elapsed Time: 12.57s
2026-01-30 02:53:54,452 | INFO | Batch 200 | Loss: 2.4174 | Correct: 16/128 | Elapsed Time: 12.46s
2026-01-30 02:54:07,098 | INFO | Batch 210 | Loss: 2.2409 | Correct: 23/128 | Elapsed Time: 12.65s
2026-01-30 02:54:19,664 | INFO | Batch 220 | Loss: 2.2776 | Correct: 19/128 | Elapsed Time: 12.57s
2026-01-30 02:54:32,132 | INFO | Batch 230 | Loss: 2.3913 | Correct: 15/128 | Elapsed Time: 12.47s
2026-01-30 02:54:44,713 | INFO | Batch 240 | Loss: 2.2048 | Correct: 28/128 | Elapsed Time: 12.58s
2026-01-30 02:54:57,275 | INFO | Batch 250 | Loss: 2.4570 | Correct: 22/128 | Elapsed Time: 12.56s
2026-01-30 02:55:09,989 | INFO | Batch 260 | Loss: 2.2899 | Correct: 21/128 | Elapsed Time: 12.71s
2026-01-30 02:55:22,425 | INFO | Batch 270 | Loss: 2.4570 | Correct: 20/128 | Elapsed Time: 12.44s
2026-01-30 02:55:34,974 | INFO | Batch 280 | Loss: 2.1929 | Correct: 21/128 | Elapsed Time: 12.55s
2026-01-30 02:55:47,537 | INFO | Batch 290 | Loss: 2.4305 | Correct: 15/128 | Elapsed Time: 12.56s
2026-01-30 02:55:59,993 | INFO | Batch 300 | Loss: 2.3913 | Correct: 22/128 | Elapsed Time: 12.46s
2026-01-30 02:56:12,593 | INFO | Batch 310 | Loss: 2.3149 | Correct: 22/128 | Elapsed Time: 12.60s
2026-01-30 02:56:25,139 | INFO | Batch 320 | Loss: 2.2776 | Correct: 23/128 | Elapsed Time: 12.55s
2026-01-30 02:56:37,603 | INFO | Batch 330 | Loss: 2.3024 | Correct: 21/128 | Elapsed Time: 12.46s
2026-01-30 02:56:50,180 | INFO | Batch 340 | Loss: 2.3656 | Correct: 24/128 | Elapsed Time: 12.58s
2026-01-30 02:57:02,773 | INFO | Batch 350 | Loss: 2.2653 | Correct: 30/128 | Elapsed Time: 12.59s
2026-01-30 02:57:15,315 | INFO | Batch 360 | Loss: 2.4570 | Correct: 13/128 | Elapsed Time: 12.54s
2026-01-30 02:57:27,852 | INFO | Batch 370 | Loss: 2.3528 | Correct: 20/128 | Elapsed Time: 12.54s
2026-01-30 02:57:40,405 | INFO | Batch 380 | Loss: 2.2776 | Correct: 23/128 | Elapsed Time: 12.55s
2026-01-30 02:57:52,837 | INFO | Batch 390 | Loss: 2.2899 | Correct: 30/128 | Elapsed Time: 12.43s
2026-01-30 02:57:53,831 | INFO | Epoch [62/100] - Loss: 2.3364 | Correct: 8351/50000 (16.70%, 490.46s)
2026-01-30 02:58:38,587 | INFO | Validation - Loss: 2.5111 | Correct: 1000/10000 (10.00%) (44.75s)
2026-01-30 02:58:51,042 | INFO | Batch 10 | Loss: 2.3784 | Correct: 24/128 | Elapsed Time: 12.45s
2026-01-30 02:59:03,640 | INFO | Batch 20 | Loss: 2.3528 | Correct: 18/128 | Elapsed Time: 12.60s
2026-01-30 02:59:16,205 | INFO | Batch 30 | Loss: 2.2899 | Correct: 21/128 | Elapsed Time: 12.57s
2026-01-30 02:59:28,651 | INFO | Batch 40 | Loss: 2.2530 | Correct: 21/128 | Elapsed Time: 12.45s
2026-01-30 02:59:41,206 | INFO | Batch 50 | Loss: 2.3149 | Correct: 24/128 | Elapsed Time: 12.56s
2026-01-30 02:59:53,718 | INFO | Batch 60 | Loss: 2.2899 | Correct: 18/128 | Elapsed Time: 12.51s
2026-01-30 03:00:06,240 | INFO | Batch 70 | Loss: 2.3656 | Correct: 23/128 | Elapsed Time: 12.52s
2026-01-30 03:00:18,936 | INFO | Batch 80 | Loss: 2.3401 | Correct: 22/128 | Elapsed Time: 12.70s
2026-01-30 03:00:31,586 | INFO | Batch 90 | Loss: 2.3528 | Correct: 25/128 | Elapsed Time: 12.65s
2026-01-30 03:00:44,044 | INFO | Batch 100 | Loss: 2.1929 | Correct: 24/128 | Elapsed Time: 12.46s
2026-01-30 03:00:56,610 | INFO | Batch 110 | Loss: 2.2167 | Correct: 24/128 | Elapsed Time: 12.57s
2026-01-30 03:01:09,210 | INFO | Batch 120 | Loss: 2.2653 | Correct: 24/128 | Elapsed Time: 12.60s
2026-01-30 03:01:21,665 | INFO | Batch 130 | Loss: 2.3913 | Correct: 20/128 | Elapsed Time: 12.46s
2026-01-30 03:01:34,184 | INFO | Batch 140 | Loss: 2.2899 | Correct: 20/128 | Elapsed Time: 12.52s
2026-01-30 03:01:46,739 | INFO | Batch 150 | Loss: 2.4305 | Correct: 19/128 | Elapsed Time: 12.56s
2026-01-30 03:01:59,297 | INFO | Batch 160 | Loss: 2.2899 | Correct: 24/128 | Elapsed Time: 12.56s
2026-01-30 03:02:11,812 | INFO | Batch 170 | Loss: 2.3274 | Correct: 21/128 | Elapsed Time: 12.52s
2026-01-30 03:02:24,385 | INFO | Batch 180 | Loss: 2.3274 | Correct: 22/128 | Elapsed Time: 12.57s
2026-01-30 03:02:36,894 | INFO | Batch 190 | Loss: 2.3401 | Correct: 20/128 | Elapsed Time: 12.51s
2026-01-30 03:02:49,330 | INFO | Batch 200 | Loss: 2.4837 | Correct: 20/128 | Elapsed Time: 12.44s
2026-01-30 03:03:01,907 | INFO | Batch 210 | Loss: 2.2288 | Correct: 30/128 | Elapsed Time: 12.58s
2026-01-30 03:03:14,502 | INFO | Batch 220 | Loss: 2.3024 | Correct: 22/128 | Elapsed Time: 12.59s
2026-01-30 03:03:26,934 | INFO | Batch 230 | Loss: 2.4570 | Correct: 14/128 | Elapsed Time: 12.43s
2026-01-30 03:03:39,498 | INFO | Batch 240 | Loss: 2.4043 | Correct: 22/128 | Elapsed Time: 12.56s
2026-01-30 03:03:52,021 | INFO | Batch 250 | Loss: 2.2653 | Correct: 23/128 | Elapsed Time: 12.52s
2026-01-30 03:04:04,538 | INFO | Batch 260 | Loss: 2.3528 | Correct: 17/128 | Elapsed Time: 12.52s
2026-01-30 03:04:17,135 | INFO | Batch 270 | Loss: 2.2899 | Correct: 25/128 | Elapsed Time: 12.60s
2026-01-30 03:04:29,691 | INFO | Batch 280 | Loss: 2.3149 | Correct: 19/128 | Elapsed Time: 12.56s
2026-01-30 03:04:42,094 | INFO | Batch 290 | Loss: 2.3784 | Correct: 20/128 | Elapsed Time: 12.40s
2026-01-30 03:04:54,639 | INFO | Batch 300 | Loss: 2.3149 | Correct: 19/128 | Elapsed Time: 12.54s
2026-01-30 03:05:07,204 | INFO | Batch 310 | Loss: 2.2530 | Correct: 32/128 | Elapsed Time: 12.57s
2026-01-30 03:05:19,649 | INFO | Batch 320 | Loss: 2.3528 | Correct: 15/128 | Elapsed Time: 12.44s
2026-01-30 03:05:32,208 | INFO | Batch 330 | Loss: 2.2653 | Correct: 26/128 | Elapsed Time: 12.56s
2026-01-30 03:05:44,772 | INFO | Batch 340 | Loss: 2.2409 | Correct: 17/128 | Elapsed Time: 12.56s
2026-01-30 03:05:57,237 | INFO | Batch 350 | Loss: 2.3913 | Correct: 22/128 | Elapsed Time: 12.47s
2026-01-30 03:06:09,876 | INFO | Batch 360 | Loss: 2.4437 | Correct: 22/128 | Elapsed Time: 12.64s
2026-01-30 03:06:22,394 | INFO | Batch 370 | Loss: 2.3656 | Correct: 13/128 | Elapsed Time: 12.52s
2026-01-30 03:06:34,856 | INFO | Batch 380 | Loss: 2.2899 | Correct: 21/128 | Elapsed Time: 12.46s
2026-01-30 03:06:47,396 | INFO | Batch 390 | Loss: 2.4972 | Correct: 17/128 | Elapsed Time: 12.54s
2026-01-30 03:06:48,390 | INFO | Epoch [63/100] - Loss: 2.3280 | Correct: 8462/50000 (16.92%, 489.80s)
2026-01-30 03:07:32,903 | INFO | Validation - Loss: 2.4628 | Correct: 1000/10000 (10.00%) (44.51s)
2026-01-30 03:07:45,461 | INFO | Batch 10 | Loss: 2.3401 | Correct: 22/128 | Elapsed Time: 12.56s
2026-01-30 03:07:58,011 | INFO | Batch 20 | Loss: 2.3274 | Correct: 20/128 | Elapsed Time: 12.55s
2026-01-30 03:08:10,527 | INFO | Batch 30 | Loss: 2.2653 | Correct: 25/128 | Elapsed Time: 12.52s
2026-01-30 03:08:23,096 | INFO | Batch 40 | Loss: 2.1459 | Correct: 30/128 | Elapsed Time: 12.57s
2026-01-30 03:08:35,621 | INFO | Batch 50 | Loss: 2.2530 | Correct: 20/128 | Elapsed Time: 12.52s
2026-01-30 03:08:48,064 | INFO | Batch 60 | Loss: 2.4043 | Correct: 21/128 | Elapsed Time: 12.44s
2026-01-30 03:09:00,632 | INFO | Batch 70 | Loss: 2.2288 | Correct: 24/128 | Elapsed Time: 12.57s
2026-01-30 03:09:13,238 | INFO | Batch 80 | Loss: 2.2167 | Correct: 21/128 | Elapsed Time: 12.61s
2026-01-30 03:09:25,703 | INFO | Batch 90 | Loss: 2.3656 | Correct: 21/128 | Elapsed Time: 12.47s
2026-01-30 03:09:38,289 | INFO | Batch 100 | Loss: 2.2653 | Correct: 29/128 | Elapsed Time: 12.59s
2026-01-30 03:09:50,876 | INFO | Batch 110 | Loss: 2.5108 | Correct: 13/128 | Elapsed Time: 12.59s
2026-01-30 03:10:03,370 | INFO | Batch 120 | Loss: 2.2409 | Correct: 27/128 | Elapsed Time: 12.49s
2026-01-30 03:10:16,099 | INFO | Batch 130 | Loss: 2.3656 | Correct: 17/128 | Elapsed Time: 12.73s
2026-01-30 03:10:29,172 | INFO | Batch 140 | Loss: 2.3656 | Correct: 23/128 | Elapsed Time: 13.07s
2026-01-30 03:10:41,625 | INFO | Batch 150 | Loss: 2.3024 | Correct: 21/128 | Elapsed Time: 12.45s
2026-01-30 03:10:54,141 | INFO | Batch 160 | Loss: 2.2653 | Correct: 24/128 | Elapsed Time: 12.52s
2026-01-30 03:11:06,754 | INFO | Batch 170 | Loss: 2.4570 | Correct: 20/128 | Elapsed Time: 12.61s
2026-01-30 03:11:19,198 | INFO | Batch 180 | Loss: 2.3656 | Correct: 21/128 | Elapsed Time: 12.44s
2026-01-30 03:11:31,758 | INFO | Batch 190 | Loss: 2.2776 | Correct: 23/128 | Elapsed Time: 12.56s
2026-01-30 03:11:44,308 | INFO | Batch 200 | Loss: 2.3024 | Correct: 24/128 | Elapsed Time: 12.55s
2026-01-30 03:11:56,740 | INFO | Batch 210 | Loss: 2.3784 | Correct: 17/128 | Elapsed Time: 12.43s
2026-01-30 03:12:09,372 | INFO | Batch 220 | Loss: 2.2409 | Correct: 26/128 | Elapsed Time: 12.63s
2026-01-30 03:12:21,921 | INFO | Batch 230 | Loss: 2.2048 | Correct: 30/128 | Elapsed Time: 12.55s
2026-01-30 03:12:34,473 | INFO | Batch 240 | Loss: 2.5244 | Correct: 16/128 | Elapsed Time: 12.55s
2026-01-30 03:12:46,934 | INFO | Batch 250 | Loss: 2.2653 | Correct: 24/128 | Elapsed Time: 12.46s
2026-01-30 03:12:59,463 | INFO | Batch 260 | Loss: 2.3401 | Correct: 25/128 | Elapsed Time: 12.53s
2026-01-30 03:13:12,125 | INFO | Batch 270 | Loss: 2.3528 | Correct: 19/128 | Elapsed Time: 12.66s
2026-01-30 03:13:24,587 | INFO | Batch 280 | Loss: 2.3024 | Correct: 24/128 | Elapsed Time: 12.46s
2026-01-30 03:13:37,133 | INFO | Batch 290 | Loss: 2.3784 | Correct: 18/128 | Elapsed Time: 12.55s
2026-01-30 03:13:49,690 | INFO | Batch 300 | Loss: 2.2530 | Correct: 24/128 | Elapsed Time: 12.56s
2026-01-30 03:14:02,167 | INFO | Batch 310 | Loss: 2.2530 | Correct: 31/128 | Elapsed Time: 12.48s
2026-01-30 03:14:14,816 | INFO | Batch 320 | Loss: 2.3913 | Correct: 17/128 | Elapsed Time: 12.65s
2026-01-30 03:14:27,399 | INFO | Batch 330 | Loss: 2.3149 | Correct: 26/128 | Elapsed Time: 12.58s
2026-01-30 03:14:39,867 | INFO | Batch 340 | Loss: 2.3656 | Correct: 15/128 | Elapsed Time: 12.47s
2026-01-30 03:14:52,423 | INFO | Batch 350 | Loss: 2.3913 | Correct: 20/128 | Elapsed Time: 12.56s
2026-01-30 03:15:04,991 | INFO | Batch 360 | Loss: 2.4174 | Correct: 14/128 | Elapsed Time: 12.57s
2026-01-30 03:15:17,436 | INFO | Batch 370 | Loss: 2.4174 | Correct: 19/128 | Elapsed Time: 12.44s
2026-01-30 03:15:29,954 | INFO | Batch 380 | Loss: 2.2288 | Correct: 29/128 | Elapsed Time: 12.52s
2026-01-30 03:15:42,524 | INFO | Batch 390 | Loss: 2.4174 | Correct: 19/128 | Elapsed Time: 12.57s
2026-01-30 03:15:43,522 | INFO | Epoch [64/100] - Loss: 2.3274 | Correct: 8517/50000 (17.03%, 490.62s)
2026-01-30 03:16:28,083 | INFO | Validation - Loss: 2.6000 | Correct: 1000/10000 (10.00%) (44.56s)
2026-01-30 03:16:40,569 | INFO | Batch 10 | Loss: 2.1459 | Correct: 27/128 | Elapsed Time: 12.48s
2026-01-30 03:16:53,095 | INFO | Batch 20 | Loss: 2.3024 | Correct: 20/128 | Elapsed Time: 12.53s
2026-01-30 03:17:05,714 | INFO | Batch 30 | Loss: 2.2899 | Correct: 24/128 | Elapsed Time: 12.62s
2026-01-30 03:17:18,313 | INFO | Batch 40 | Loss: 2.2776 | Correct: 18/128 | Elapsed Time: 12.60s
2026-01-30 03:17:30,787 | INFO | Batch 50 | Loss: 2.2776 | Correct: 22/128 | Elapsed Time: 12.47s
2026-01-30 03:17:43,337 | INFO | Batch 60 | Loss: 2.4305 | Correct: 23/128 | Elapsed Time: 12.55s
2026-01-30 03:17:55,872 | INFO | Batch 70 | Loss: 2.2899 | Correct: 23/128 | Elapsed Time: 12.54s
2026-01-30 03:18:08,378 | INFO | Batch 80 | Loss: 2.3401 | Correct: 18/128 | Elapsed Time: 12.51s
2026-01-30 03:18:20,896 | INFO | Batch 90 | Loss: 2.3274 | Correct: 24/128 | Elapsed Time: 12.52s
2026-01-30 03:18:33,433 | INFO | Batch 100 | Loss: 2.2530 | Correct: 22/128 | Elapsed Time: 12.54s
2026-01-30 03:18:45,912 | INFO | Batch 110 | Loss: 2.3274 | Correct: 24/128 | Elapsed Time: 12.48s
2026-01-30 03:18:58,426 | INFO | Batch 120 | Loss: 2.3274 | Correct: 22/128 | Elapsed Time: 12.51s
2026-01-30 03:19:11,019 | INFO | Batch 130 | Loss: 2.4043 | Correct: 24/128 | Elapsed Time: 12.59s
2026-01-30 03:19:23,472 | INFO | Batch 140 | Loss: 2.4305 | Correct: 23/128 | Elapsed Time: 12.45s
2026-01-30 03:19:36,033 | INFO | Batch 150 | Loss: 2.2167 | Correct: 20/128 | Elapsed Time: 12.56s
2026-01-30 03:19:48,572 | INFO | Batch 160 | Loss: 2.3024 | Correct: 21/128 | Elapsed Time: 12.54s
2026-01-30 03:20:01,027 | INFO | Batch 170 | Loss: 2.3528 | Correct: 25/128 | Elapsed Time: 12.45s
2026-01-30 03:20:13,613 | INFO | Batch 180 | Loss: 2.3401 | Correct: 21/128 | Elapsed Time: 12.59s
2026-01-30 03:20:26,351 | INFO | Batch 190 | Loss: 2.3149 | Correct: 18/128 | Elapsed Time: 12.74s
2026-01-30 03:20:38,793 | INFO | Batch 200 | Loss: 2.2288 | Correct: 24/128 | Elapsed Time: 12.44s
2026-01-30 03:20:51,334 | INFO | Batch 210 | Loss: 2.3656 | Correct: 18/128 | Elapsed Time: 12.54s
2026-01-30 03:21:03,961 | INFO | Batch 220 | Loss: 2.3274 | Correct: 16/128 | Elapsed Time: 12.63s
2026-01-30 03:21:16,405 | INFO | Batch 230 | Loss: 2.4174 | Correct: 21/128 | Elapsed Time: 12.44s
2026-01-30 03:21:28,968 | INFO | Batch 240 | Loss: 2.2048 | Correct: 28/128 | Elapsed Time: 12.56s
2026-01-30 03:21:41,531 | INFO | Batch 250 | Loss: 2.3528 | Correct: 20/128 | Elapsed Time: 12.56s
2026-01-30 03:21:53,954 | INFO | Batch 260 | Loss: 2.2653 | Correct: 28/128 | Elapsed Time: 12.42s
2026-01-30 03:22:06,536 | INFO | Batch 270 | Loss: 2.3528 | Correct: 25/128 | Elapsed Time: 12.58s
2026-01-30 03:22:19,074 | INFO | Batch 280 | Loss: 2.3528 | Correct: 21/128 | Elapsed Time: 12.54s
2026-01-30 03:22:31,524 | INFO | Batch 290 | Loss: 2.2530 | Correct: 21/128 | Elapsed Time: 12.45s
2026-01-30 03:22:44,061 | INFO | Batch 300 | Loss: 2.1929 | Correct: 22/128 | Elapsed Time: 12.54s
2026-01-30 03:22:56,542 | INFO | Batch 310 | Loss: 2.4043 | Correct: 16/128 | Elapsed Time: 12.48s
2026-01-30 03:23:09,166 | INFO | Batch 320 | Loss: 2.3024 | Correct: 23/128 | Elapsed Time: 12.62s
2026-01-30 03:23:21,635 | INFO | Batch 330 | Loss: 2.2653 | Correct: 22/128 | Elapsed Time: 12.47s
2026-01-30 03:23:34,180 | INFO | Batch 340 | Loss: 2.3274 | Correct: 21/128 | Elapsed Time: 12.55s
2026-01-30 03:23:46,754 | INFO | Batch 350 | Loss: 2.3784 | Correct: 21/128 | Elapsed Time: 12.57s
2026-01-30 03:23:59,211 | INFO | Batch 360 | Loss: 2.3274 | Correct: 19/128 | Elapsed Time: 12.46s
2026-01-30 03:24:11,846 | INFO | Batch 370 | Loss: 2.3656 | Correct: 20/128 | Elapsed Time: 12.63s
2026-01-30 03:24:24,433 | INFO | Batch 380 | Loss: 2.3401 | Correct: 23/128 | Elapsed Time: 12.59s
2026-01-30 03:24:36,863 | INFO | Batch 390 | Loss: 2.2899 | Correct: 23/128 | Elapsed Time: 12.43s
2026-01-30 03:24:37,861 | INFO | Epoch [65/100] - Loss: 2.3343 | Correct: 8403/50000 (16.81%, 489.78s)
2026-01-30 03:25:22,313 | INFO | Validation - Loss: 2.4777 | Correct: 1000/10000 (10.00%) (44.45s)
2026-01-30 03:25:34,867 | INFO | Batch 10 | Loss: 2.3528 | Correct: 18/128 | Elapsed Time: 12.55s
2026-01-30 03:25:47,454 | INFO | Batch 20 | Loss: 2.2653 | Correct: 26/128 | Elapsed Time: 12.59s
2026-01-30 03:25:59,884 | INFO | Batch 30 | Loss: 2.3274 | Correct: 25/128 | Elapsed Time: 12.43s
2026-01-30 03:26:12,486 | INFO | Batch 40 | Loss: 2.3784 | Correct: 21/128 | Elapsed Time: 12.60s
2026-01-30 03:26:25,049 | INFO | Batch 50 | Loss: 2.2288 | Correct: 19/128 | Elapsed Time: 12.56s
2026-01-30 03:26:37,614 | INFO | Batch 60 | Loss: 2.4043 | Correct: 23/128 | Elapsed Time: 12.56s
2026-01-30 03:26:50,065 | INFO | Batch 70 | Loss: 2.2653 | Correct: 26/128 | Elapsed Time: 12.45s
2026-01-30 03:27:02,662 | INFO | Batch 80 | Loss: 2.2530 | Correct: 25/128 | Elapsed Time: 12.60s
2026-01-30 03:27:15,247 | INFO | Batch 90 | Loss: 2.4570 | Correct: 12/128 | Elapsed Time: 12.58s
2026-01-30 03:27:27,682 | INFO | Batch 100 | Loss: 2.2288 | Correct: 22/128 | Elapsed Time: 12.44s
2026-01-30 03:27:40,218 | INFO | Batch 110 | Loss: 2.3401 | Correct: 23/128 | Elapsed Time: 12.54s
2026-01-30 03:27:52,775 | INFO | Batch 120 | Loss: 2.3656 | Correct: 20/128 | Elapsed Time: 12.56s
2026-01-30 03:28:05,311 | INFO | Batch 130 | Loss: 2.3656 | Correct: 33/128 | Elapsed Time: 12.54s
2026-01-30 03:28:17,884 | INFO | Batch 140 | Loss: 2.3149 | Correct: 22/128 | Elapsed Time: 12.57s
2026-01-30 03:28:30,446 | INFO | Batch 150 | Loss: 2.2653 | Correct: 21/128 | Elapsed Time: 12.56s
2026-01-30 03:28:42,921 | INFO | Batch 160 | Loss: 2.2653 | Correct: 23/128 | Elapsed Time: 12.47s
2026-01-30 03:28:55,448 | INFO | Batch 170 | Loss: 2.2288 | Correct: 24/128 | Elapsed Time: 12.53s
2026-01-30 03:29:08,105 | INFO | Batch 180 | Loss: 2.1929 | Correct: 31/128 | Elapsed Time: 12.66s
2026-01-30 03:29:20,538 | INFO | Batch 190 | Loss: 2.3024 | Correct: 30/128 | Elapsed Time: 12.43s
2026-01-30 03:29:33,102 | INFO | Batch 200 | Loss: 2.3024 | Correct: 25/128 | Elapsed Time: 12.56s
2026-01-30 03:29:45,668 | INFO | Batch 210 | Loss: 2.2899 | Correct: 24/128 | Elapsed Time: 12.57s
2026-01-30 03:29:58,093 | INFO | Batch 220 | Loss: 2.2899 | Correct: 23/128 | Elapsed Time: 12.43s
2026-01-30 03:30:10,728 | INFO | Batch 230 | Loss: 2.3656 | Correct: 24/128 | Elapsed Time: 12.63s
2026-01-30 03:30:23,482 | INFO | Batch 240 | Loss: 2.3024 | Correct: 26/128 | Elapsed Time: 12.75s
2026-01-30 03:30:36,046 | INFO | Batch 250 | Loss: 2.2899 | Correct: 23/128 | Elapsed Time: 12.56s
2026-01-30 03:30:48,634 | INFO | Batch 260 | Loss: 2.2653 | Correct: 19/128 | Elapsed Time: 12.59s
2026-01-30 03:31:01,179 | INFO | Batch 270 | Loss: 2.1929 | Correct: 30/128 | Elapsed Time: 12.54s
2026-01-30 03:31:13,767 | INFO | Batch 280 | Loss: 2.1343 | Correct: 32/128 | Elapsed Time: 12.59s
2026-01-30 03:31:26,220 | INFO | Batch 290 | Loss: 2.2899 | Correct: 26/128 | Elapsed Time: 12.45s
2026-01-30 03:31:38,770 | INFO | Batch 300 | Loss: 2.3656 | Correct: 20/128 | Elapsed Time: 12.55s
2026-01-30 03:31:51,359 | INFO | Batch 310 | Loss: 2.2899 | Correct: 21/128 | Elapsed Time: 12.59s
2026-01-30 03:32:03,844 | INFO | Batch 320 | Loss: 2.2899 | Correct: 19/128 | Elapsed Time: 12.48s
2026-01-30 03:32:16,409 | INFO | Batch 330 | Loss: 2.4174 | Correct: 18/128 | Elapsed Time: 12.57s
2026-01-30 03:32:28,957 | INFO | Batch 340 | Loss: 2.3784 | Correct: 18/128 | Elapsed Time: 12.55s
2026-01-30 03:32:41,441 | INFO | Batch 350 | Loss: 2.3149 | Correct: 17/128 | Elapsed Time: 12.48s
2026-01-30 03:32:53,997 | INFO | Batch 360 | Loss: 2.3274 | Correct: 18/128 | Elapsed Time: 12.56s
2026-01-30 03:33:06,598 | INFO | Batch 370 | Loss: 2.3784 | Correct: 21/128 | Elapsed Time: 12.60s
2026-01-30 03:33:19,072 | INFO | Batch 380 | Loss: 2.3274 | Correct: 22/128 | Elapsed Time: 12.47s
2026-01-30 03:33:31,655 | INFO | Batch 390 | Loss: 2.2899 | Correct: 23/128 | Elapsed Time: 12.58s
2026-01-30 03:33:32,646 | INFO | Epoch [66/100] - Loss: 2.3313 | Correct: 8438/50000 (16.88%, 490.33s)
2026-01-30 03:34:17,108 | INFO | Validation - Loss: 2.4758 | Correct: 1000/10000 (10.00%) (44.46s)
2026-01-30 03:34:29,666 | INFO | Batch 10 | Loss: 2.2899 | Correct: 23/128 | Elapsed Time: 12.56s
2026-01-30 03:34:42,150 | INFO | Batch 20 | Loss: 2.4437 | Correct: 18/128 | Elapsed Time: 12.48s
2026-01-30 03:34:54,706 | INFO | Batch 30 | Loss: 2.3401 | Correct: 25/128 | Elapsed Time: 12.56s
2026-01-30 03:35:07,295 | INFO | Batch 40 | Loss: 2.2530 | Correct: 25/128 | Elapsed Time: 12.59s
2026-01-30 03:35:19,783 | INFO | Batch 50 | Loss: 2.3401 | Correct: 21/128 | Elapsed Time: 12.49s
2026-01-30 03:35:32,337 | INFO | Batch 60 | Loss: 2.3274 | Correct: 26/128 | Elapsed Time: 12.55s
2026-01-30 03:35:44,879 | INFO | Batch 70 | Loss: 2.2776 | Correct: 25/128 | Elapsed Time: 12.54s
2026-01-30 03:35:57,337 | INFO | Batch 80 | Loss: 2.4570 | Correct: 17/128 | Elapsed Time: 12.46s
2026-01-30 03:36:09,951 | INFO | Batch 90 | Loss: 2.4043 | Correct: 25/128 | Elapsed Time: 12.61s
2026-01-30 03:36:22,480 | INFO | Batch 100 | Loss: 2.3528 | Correct: 13/128 | Elapsed Time: 12.53s
2026-01-30 03:36:35,044 | INFO | Batch 110 | Loss: 2.3656 | Correct: 19/128 | Elapsed Time: 12.56s
2026-01-30 03:36:47,508 | INFO | Batch 120 | Loss: 2.2530 | Correct: 20/128 | Elapsed Time: 12.46s
2026-01-30 03:37:00,046 | INFO | Batch 130 | Loss: 2.4837 | Correct: 21/128 | Elapsed Time: 12.54s
2026-01-30 03:37:12,658 | INFO | Batch 140 | Loss: 2.3528 | Correct: 19/128 | Elapsed Time: 12.61s
2026-01-30 03:37:25,166 | INFO | Batch 150 | Loss: 2.3656 | Correct: 25/128 | Elapsed Time: 12.51s
2026-01-30 03:37:37,714 | INFO | Batch 160 | Loss: 2.2899 | Correct: 26/128 | Elapsed Time: 12.55s
2026-01-30 03:37:50,277 | INFO | Batch 170 | Loss: 2.4043 | Correct: 20/128 | Elapsed Time: 12.56s
2026-01-30 03:38:02,790 | INFO | Batch 180 | Loss: 2.3656 | Correct: 21/128 | Elapsed Time: 12.51s
2026-01-30 03:38:15,374 | INFO | Batch 190 | Loss: 2.3149 | Correct: 28/128 | Elapsed Time: 12.58s
2026-01-30 03:38:27,950 | INFO | Batch 200 | Loss: 2.2530 | Correct: 29/128 | Elapsed Time: 12.58s
2026-01-30 03:38:40,426 | INFO | Batch 210 | Loss: 2.4837 | Correct: 14/128 | Elapsed Time: 12.48s
2026-01-30 03:38:52,963 | INFO | Batch 220 | Loss: 2.4174 | Correct: 20/128 | Elapsed Time: 12.54s
2026-01-30 03:39:05,701 | INFO | Batch 230 | Loss: 2.2899 | Correct: 20/128 | Elapsed Time: 12.74s
2026-01-30 03:39:18,148 | INFO | Batch 240 | Loss: 2.2530 | Correct: 29/128 | Elapsed Time: 12.45s
2026-01-30 03:39:30,687 | INFO | Batch 250 | Loss: 2.2653 | Correct: 25/128 | Elapsed Time: 12.54s
2026-01-30 03:39:43,246 | INFO | Batch 260 | Loss: 2.3913 | Correct: 20/128 | Elapsed Time: 12.56s
2026-01-30 03:39:55,718 | INFO | Batch 270 | Loss: 2.3401 | Correct: 25/128 | Elapsed Time: 12.47s
2026-01-30 03:40:08,346 | INFO | Batch 280 | Loss: 2.3656 | Correct: 19/128 | Elapsed Time: 12.63s
2026-01-30 03:40:21,379 | INFO | Batch 290 | Loss: 2.2167 | Correct: 27/128 | Elapsed Time: 13.03s
2026-01-30 03:40:33,993 | INFO | Batch 300 | Loss: 2.4305 | Correct: 25/128 | Elapsed Time: 12.61s
2026-01-30 03:40:46,546 | INFO | Batch 310 | Loss: 2.2167 | Correct: 22/128 | Elapsed Time: 12.55s
2026-01-30 03:40:59,110 | INFO | Batch 320 | Loss: 2.3913 | Correct: 26/128 | Elapsed Time: 12.56s
2026-01-30 03:41:11,728 | INFO | Batch 330 | Loss: 2.3913 | Correct: 21/128 | Elapsed Time: 12.62s
2026-01-30 03:41:24,174 | INFO | Batch 340 | Loss: 2.4570 | Correct: 22/128 | Elapsed Time: 12.45s
2026-01-30 03:41:36,723 | INFO | Batch 350 | Loss: 2.3401 | Correct: 15/128 | Elapsed Time: 12.55s
2026-01-30 03:41:49,290 | INFO | Batch 360 | Loss: 2.4305 | Correct: 19/128 | Elapsed Time: 12.57s
2026-01-30 03:42:01,733 | INFO | Batch 370 | Loss: 2.3024 | Correct: 19/128 | Elapsed Time: 12.44s
2026-01-30 03:42:14,313 | INFO | Batch 380 | Loss: 2.3024 | Correct: 21/128 | Elapsed Time: 12.58s
2026-01-30 03:42:26,902 | INFO | Batch 390 | Loss: 2.2776 | Correct: 22/128 | Elapsed Time: 12.59s
2026-01-30 03:42:27,905 | INFO | Epoch [67/100] - Loss: 2.3271 | Correct: 8582/50000 (17.16%, 490.80s)
2026-01-30 03:43:12,599 | INFO | Validation - Loss: 2.6526 | Correct: 1000/10000 (10.00%) (44.69s)
2026-01-30 03:43:25,051 | INFO | Batch 10 | Loss: 2.3274 | Correct: 27/128 | Elapsed Time: 12.45s
2026-01-30 03:43:37,588 | INFO | Batch 20 | Loss: 2.3656 | Correct: 22/128 | Elapsed Time: 12.54s
2026-01-30 03:43:50,107 | INFO | Batch 30 | Loss: 2.3024 | Correct: 20/128 | Elapsed Time: 12.52s
2026-01-30 03:44:02,598 | INFO | Batch 40 | Loss: 2.2899 | Correct: 18/128 | Elapsed Time: 12.49s
2026-01-30 03:44:15,140 | INFO | Batch 50 | Loss: 2.3024 | Correct: 26/128 | Elapsed Time: 12.54s
2026-01-30 03:44:27,697 | INFO | Batch 60 | Loss: 2.3274 | Correct: 24/128 | Elapsed Time: 12.56s
2026-01-30 03:44:40,164 | INFO | Batch 70 | Loss: 2.3656 | Correct: 16/128 | Elapsed Time: 12.47s
2026-01-30 03:44:52,708 | INFO | Batch 80 | Loss: 2.4570 | Correct: 18/128 | Elapsed Time: 12.54s
2026-01-30 03:45:05,303 | INFO | Batch 90 | Loss: 2.1343 | Correct: 29/128 | Elapsed Time: 12.59s
2026-01-30 03:45:17,738 | INFO | Batch 100 | Loss: 2.2530 | Correct: 27/128 | Elapsed Time: 12.44s
2026-01-30 03:45:30,262 | INFO | Batch 110 | Loss: 2.3913 | Correct: 17/128 | Elapsed Time: 12.52s
2026-01-30 03:45:42,812 | INFO | Batch 120 | Loss: 2.1929 | Correct: 29/128 | Elapsed Time: 12.55s
2026-01-30 03:45:55,280 | INFO | Batch 130 | Loss: 2.3528 | Correct: 23/128 | Elapsed Time: 12.47s
2026-01-30 03:46:07,889 | INFO | Batch 140 | Loss: 2.3913 | Correct: 20/128 | Elapsed Time: 12.61s
2026-01-30 03:46:20,439 | INFO | Batch 150 | Loss: 2.2899 | Correct: 22/128 | Elapsed Time: 12.55s
2026-01-30 03:46:32,891 | INFO | Batch 160 | Loss: 2.3024 | Correct: 21/128 | Elapsed Time: 12.45s
2026-01-30 03:46:45,450 | INFO | Batch 170 | Loss: 2.4570 | Correct: 20/128 | Elapsed Time: 12.56s
2026-01-30 03:46:57,975 | INFO | Batch 180 | Loss: 2.3528 | Correct: 23/128 | Elapsed Time: 12.52s
2026-01-30 03:47:10,527 | INFO | Batch 190 | Loss: 2.3528 | Correct: 20/128 | Elapsed Time: 12.55s
2026-01-30 03:47:23,077 | INFO | Batch 200 | Loss: 2.3784 | Correct: 21/128 | Elapsed Time: 12.55s
2026-01-30 03:47:35,632 | INFO | Batch 210 | Loss: 2.2167 | Correct: 26/128 | Elapsed Time: 12.55s
2026-01-30 03:47:48,182 | INFO | Batch 220 | Loss: 2.2653 | Correct: 26/128 | Elapsed Time: 12.55s
2026-01-30 03:48:00,622 | INFO | Batch 230 | Loss: 2.4043 | Correct: 18/128 | Elapsed Time: 12.44s
2026-01-30 03:48:13,203 | INFO | Batch 240 | Loss: 2.3528 | Correct: 20/128 | Elapsed Time: 12.58s
2026-01-30 03:48:25,770 | INFO | Batch 250 | Loss: 2.2776 | Correct: 19/128 | Elapsed Time: 12.57s
2026-01-30 03:48:38,230 | INFO | Batch 260 | Loss: 2.2409 | Correct: 21/128 | Elapsed Time: 12.46s
2026-01-30 03:48:50,783 | INFO | Batch 270 | Loss: 2.3149 | Correct: 15/128 | Elapsed Time: 12.55s
2026-01-30 03:49:03,353 | INFO | Batch 280 | Loss: 2.2776 | Correct: 22/128 | Elapsed Time: 12.57s
2026-01-30 03:49:15,817 | INFO | Batch 290 | Loss: 2.3024 | Correct: 26/128 | Elapsed Time: 12.46s
2026-01-30 03:49:28,379 | INFO | Batch 300 | Loss: 2.4570 | Correct: 22/128 | Elapsed Time: 12.56s
2026-01-30 03:49:40,925 | INFO | Batch 310 | Loss: 2.3784 | Correct: 25/128 | Elapsed Time: 12.55s
2026-01-30 03:49:53,383 | INFO | Batch 320 | Loss: 2.3024 | Correct: 21/128 | Elapsed Time: 12.46s
2026-01-30 03:50:05,984 | INFO | Batch 330 | Loss: 2.2776 | Correct: 20/128 | Elapsed Time: 12.60s
2026-01-30 03:50:18,651 | INFO | Batch 340 | Loss: 2.4437 | Correct: 19/128 | Elapsed Time: 12.67s
2026-01-30 03:50:31,339 | INFO | Batch 350 | Loss: 2.2530 | Correct: 33/128 | Elapsed Time: 12.69s
2026-01-30 03:50:43,894 | INFO | Batch 360 | Loss: 2.2899 | Correct: 23/128 | Elapsed Time: 12.56s
2026-01-30 03:50:56,459 | INFO | Batch 370 | Loss: 2.3913 | Correct: 15/128 | Elapsed Time: 12.57s
2026-01-30 03:51:08,979 | INFO | Batch 380 | Loss: 2.4043 | Correct: 13/128 | Elapsed Time: 12.52s
2026-01-30 03:51:21,533 | INFO | Batch 390 | Loss: 2.3274 | Correct: 26/128 | Elapsed Time: 12.55s
2026-01-30 03:51:22,528 | INFO | Epoch [68/100] - Loss: 2.3341 | Correct: 8355/50000 (16.71%, 489.93s)
2026-01-30 03:52:07,062 | INFO | Validation - Loss: 2.5152 | Correct: 1000/10000 (10.00%) (44.53s)
2026-01-30 03:52:19,621 | INFO | Batch 10 | Loss: 2.3528 | Correct: 23/128 | Elapsed Time: 12.56s
2026-01-30 03:52:32,157 | INFO | Batch 20 | Loss: 2.4570 | Correct: 20/128 | Elapsed Time: 12.54s
2026-01-30 03:52:44,623 | INFO | Batch 30 | Loss: 2.4703 | Correct: 17/128 | Elapsed Time: 12.47s
2026-01-30 03:52:57,159 | INFO | Batch 40 | Loss: 2.3528 | Correct: 23/128 | Elapsed Time: 12.54s
2026-01-30 03:53:09,748 | INFO | Batch 50 | Loss: 2.3149 | Correct: 20/128 | Elapsed Time: 12.59s
2026-01-30 03:53:22,221 | INFO | Batch 60 | Loss: 2.3913 | Correct: 27/128 | Elapsed Time: 12.47s
2026-01-30 03:53:34,768 | INFO | Batch 70 | Loss: 2.3528 | Correct: 26/128 | Elapsed Time: 12.55s
2026-01-30 03:53:47,328 | INFO | Batch 80 | Loss: 2.3528 | Correct: 24/128 | Elapsed Time: 12.56s
2026-01-30 03:53:59,785 | INFO | Batch 90 | Loss: 2.3274 | Correct: 20/128 | Elapsed Time: 12.46s
2026-01-30 03:54:12,453 | INFO | Batch 100 | Loss: 2.2653 | Correct: 19/128 | Elapsed Time: 12.67s
2026-01-30 03:54:25,005 | INFO | Batch 110 | Loss: 2.2776 | Correct: 28/128 | Elapsed Time: 12.55s
2026-01-30 03:54:37,465 | INFO | Batch 120 | Loss: 2.4570 | Correct: 16/128 | Elapsed Time: 12.46s
2026-01-30 03:54:50,035 | INFO | Batch 130 | Loss: 2.2899 | Correct: 25/128 | Elapsed Time: 12.57s
2026-01-30 03:55:02,631 | INFO | Batch 140 | Loss: 2.3528 | Correct: 24/128 | Elapsed Time: 12.60s
2026-01-30 03:55:15,145 | INFO | Batch 150 | Loss: 2.4174 | Correct: 19/128 | Elapsed Time: 12.51s
2026-01-30 03:55:27,681 | INFO | Batch 160 | Loss: 2.1810 | Correct: 30/128 | Elapsed Time: 12.54s
2026-01-30 03:55:40,217 | INFO | Batch 170 | Loss: 2.3024 | Correct: 28/128 | Elapsed Time: 12.54s
2026-01-30 03:55:52,652 | INFO | Batch 180 | Loss: 2.2288 | Correct: 25/128 | Elapsed Time: 12.44s
2026-01-30 03:56:05,234 | INFO | Batch 190 | Loss: 2.3401 | Correct: 20/128 | Elapsed Time: 12.58s
2026-01-30 03:56:17,815 | INFO | Batch 200 | Loss: 2.2530 | Correct: 29/128 | Elapsed Time: 12.58s
2026-01-30 03:56:30,275 | INFO | Batch 210 | Loss: 2.6219 | Correct: 18/128 | Elapsed Time: 12.46s
2026-01-30 03:56:42,899 | INFO | Batch 220 | Loss: 2.2899 | Correct: 26/128 | Elapsed Time: 12.62s
2026-01-30 03:56:55,553 | INFO | Batch 230 | Loss: 2.2530 | Correct: 25/128 | Elapsed Time: 12.65s
2026-01-30 03:57:08,117 | INFO | Batch 240 | Loss: 2.4437 | Correct: 21/128 | Elapsed Time: 12.56s
2026-01-30 03:57:20,696 | INFO | Batch 250 | Loss: 2.3401 | Correct: 24/128 | Elapsed Time: 12.58s
2026-01-30 03:57:33,250 | INFO | Batch 260 | Loss: 2.4174 | Correct: 19/128 | Elapsed Time: 12.55s
2026-01-30 03:57:45,716 | INFO | Batch 270 | Loss: 2.5381 | Correct: 22/128 | Elapsed Time: 12.47s
2026-01-30 03:57:58,240 | INFO | Batch 280 | Loss: 2.5108 | Correct: 16/128 | Elapsed Time: 12.52s
2026-01-30 03:58:10,850 | INFO | Batch 290 | Loss: 2.3656 | Correct: 19/128 | Elapsed Time: 12.61s
2026-01-30 03:58:23,391 | INFO | Batch 300 | Loss: 2.2409 | Correct: 24/128 | Elapsed Time: 12.54s
2026-01-30 03:58:35,864 | INFO | Batch 310 | Loss: 2.3401 | Correct: 25/128 | Elapsed Time: 12.47s
2026-01-30 03:58:48,437 | INFO | Batch 320 | Loss: 2.4305 | Correct: 13/128 | Elapsed Time: 12.57s
2026-01-30 03:59:00,969 | INFO | Batch 330 | Loss: 2.2288 | Correct: 26/128 | Elapsed Time: 12.53s
2026-01-30 03:59:13,470 | INFO | Batch 340 | Loss: 2.3913 | Correct: 16/128 | Elapsed Time: 12.50s
2026-01-30 03:59:26,036 | INFO | Batch 350 | Loss: 2.3401 | Correct: 20/128 | Elapsed Time: 12.57s
2026-01-30 03:59:38,598 | INFO | Batch 360 | Loss: 2.4174 | Correct: 18/128 | Elapsed Time: 12.56s
2026-01-30 03:59:51,033 | INFO | Batch 370 | Loss: 2.3401 | Correct: 24/128 | Elapsed Time: 12.43s
2026-01-30 04:00:03,618 | INFO | Batch 380 | Loss: 2.4305 | Correct: 23/128 | Elapsed Time: 12.59s
2026-01-30 04:00:16,214 | INFO | Batch 390 | Loss: 2.1929 | Correct: 28/128 | Elapsed Time: 12.60s
2026-01-30 04:00:17,274 | INFO | Epoch [69/100] - Loss: 2.3406 | Correct: 8478/50000 (16.96%, 490.21s)
2026-01-30 04:01:01,931 | INFO | Validation - Loss: 2.5518 | Correct: 1000/10000 (10.00%) (44.66s)
2026-01-30 04:01:14,533 | INFO | Batch 10 | Loss: 2.2653 | Correct: 21/128 | Elapsed Time: 12.60s
2026-01-30 04:01:26,999 | INFO | Batch 20 | Loss: 2.2167 | Correct: 27/128 | Elapsed Time: 12.47s
2026-01-30 04:01:39,566 | INFO | Batch 30 | Loss: 2.3528 | Correct: 24/128 | Elapsed Time: 12.57s
2026-01-30 04:01:52,094 | INFO | Batch 40 | Loss: 2.3784 | Correct: 21/128 | Elapsed Time: 12.53s
2026-01-30 04:02:04,606 | INFO | Batch 50 | Loss: 2.2899 | Correct: 24/128 | Elapsed Time: 12.51s
2026-01-30 04:02:17,169 | INFO | Batch 60 | Loss: 2.5797 | Correct: 17/128 | Elapsed Time: 12.56s
2026-01-30 04:02:29,742 | INFO | Batch 70 | Loss: 2.3274 | Correct: 26/128 | Elapsed Time: 12.57s
2026-01-30 04:02:42,193 | INFO | Batch 80 | Loss: 2.2530 | Correct: 26/128 | Elapsed Time: 12.45s
2026-01-30 04:02:54,722 | INFO | Batch 90 | Loss: 2.4972 | Correct: 21/128 | Elapsed Time: 12.53s
2026-01-30 04:03:07,325 | INFO | Batch 100 | Loss: 2.2409 | Correct: 23/128 | Elapsed Time: 12.60s
2026-01-30 04:03:19,792 | INFO | Batch 110 | Loss: 2.3784 | Correct: 22/128 | Elapsed Time: 12.47s
2026-01-30 04:03:32,365 | INFO | Batch 120 | Loss: 2.1929 | Correct: 25/128 | Elapsed Time: 12.57s
2026-01-30 04:03:44,895 | INFO | Batch 130 | Loss: 2.4437 | Correct: 22/128 | Elapsed Time: 12.53s
2026-01-30 04:03:57,319 | INFO | Batch 140 | Loss: 2.4305 | Correct: 19/128 | Elapsed Time: 12.42s
2026-01-30 04:04:09,955 | INFO | Batch 150 | Loss: 2.3401 | Correct: 20/128 | Elapsed Time: 12.64s
2026-01-30 04:04:22,469 | INFO | Batch 160 | Loss: 2.4305 | Correct: 19/128 | Elapsed Time: 12.51s
2026-01-30 04:04:34,932 | INFO | Batch 170 | Loss: 2.1692 | Correct: 22/128 | Elapsed Time: 12.46s
2026-01-30 04:04:47,489 | INFO | Batch 180 | Loss: 2.3024 | Correct: 25/128 | Elapsed Time: 12.56s
2026-01-30 04:05:00,036 | INFO | Batch 190 | Loss: 2.2653 | Correct: 20/128 | Elapsed Time: 12.55s
2026-01-30 04:05:12,515 | INFO | Batch 200 | Loss: 2.3401 | Correct: 23/128 | Elapsed Time: 12.48s
2026-01-30 04:05:25,065 | INFO | Batch 210 | Loss: 2.1929 | Correct: 28/128 | Elapsed Time: 12.55s
2026-01-30 04:05:37,614 | INFO | Batch 220 | Loss: 2.3149 | Correct: 26/128 | Elapsed Time: 12.55s
2026-01-30 04:05:50,078 | INFO | Batch 230 | Loss: 2.1692 | Correct: 27/128 | Elapsed Time: 12.46s
2026-01-30 04:06:02,632 | INFO | Batch 240 | Loss: 2.3401 | Correct: 16/128 | Elapsed Time: 12.55s
2026-01-30 04:06:15,223 | INFO | Batch 250 | Loss: 2.2048 | Correct: 24/128 | Elapsed Time: 12.59s
2026-01-30 04:06:27,799 | INFO | Batch 260 | Loss: 2.1810 | Correct: 28/128 | Elapsed Time: 12.58s
2026-01-30 04:06:40,291 | INFO | Batch 270 | Loss: 2.3149 | Correct: 22/128 | Elapsed Time: 12.49s
2026-01-30 04:06:52,838 | INFO | Batch 280 | Loss: 2.3401 | Correct: 20/128 | Elapsed Time: 12.55s
2026-01-30 04:07:05,529 | INFO | Batch 290 | Loss: 2.3656 | Correct: 20/128 | Elapsed Time: 12.69s
2026-01-30 04:07:18,005 | INFO | Batch 300 | Loss: 2.3274 | Correct: 28/128 | Elapsed Time: 12.48s
2026-01-30 04:07:30,568 | INFO | Batch 310 | Loss: 2.4305 | Correct: 16/128 | Elapsed Time: 12.56s
2026-01-30 04:07:43,113 | INFO | Batch 320 | Loss: 2.3528 | Correct: 21/128 | Elapsed Time: 12.54s
2026-01-30 04:07:55,572 | INFO | Batch 330 | Loss: 2.3024 | Correct: 21/128 | Elapsed Time: 12.46s
2026-01-30 04:08:08,199 | INFO | Batch 340 | Loss: 2.2530 | Correct: 25/128 | Elapsed Time: 12.63s
2026-01-30 04:08:20,746 | INFO | Batch 350 | Loss: 2.4437 | Correct: 11/128 | Elapsed Time: 12.55s
2026-01-30 04:08:33,199 | INFO | Batch 360 | Loss: 2.5519 | Correct: 13/128 | Elapsed Time: 12.45s
2026-01-30 04:08:45,787 | INFO | Batch 370 | Loss: 2.3656 | Correct: 16/128 | Elapsed Time: 12.59s
2026-01-30 04:08:58,313 | INFO | Batch 380 | Loss: 2.2167 | Correct: 26/128 | Elapsed Time: 12.53s
2026-01-30 04:09:10,815 | INFO | Batch 390 | Loss: 2.3024 | Correct: 24/128 | Elapsed Time: 12.50s
2026-01-30 04:09:11,806 | INFO | Epoch [70/100] - Loss: 2.3357 | Correct: 8513/50000 (17.03%, 489.87s)
2026-01-30 04:09:56,460 | INFO | Validation - Loss: 2.6327 | Correct: 1000/10000 (10.00%) (44.65s)
2026-01-30 04:10:08,975 | INFO | Batch 10 | Loss: 2.3401 | Correct: 22/128 | Elapsed Time: 12.51s
2026-01-30 04:10:22,071 | INFO | Batch 20 | Loss: 2.3401 | Correct: 20/128 | Elapsed Time: 13.10s
2026-01-30 04:10:34,713 | INFO | Batch 30 | Loss: 2.3274 | Correct: 24/128 | Elapsed Time: 12.64s
2026-01-30 04:10:47,196 | INFO | Batch 40 | Loss: 2.2530 | Correct: 28/128 | Elapsed Time: 12.48s
2026-01-30 04:10:59,740 | INFO | Batch 50 | Loss: 2.3784 | Correct: 13/128 | Elapsed Time: 12.54s
2026-01-30 04:11:12,378 | INFO | Batch 60 | Loss: 2.2899 | Correct: 26/128 | Elapsed Time: 12.64s
2026-01-30 04:11:24,836 | INFO | Batch 70 | Loss: 2.3784 | Correct: 23/128 | Elapsed Time: 12.46s
2026-01-30 04:11:37,389 | INFO | Batch 80 | Loss: 2.3024 | Correct: 19/128 | Elapsed Time: 12.55s
2026-01-30 04:11:49,927 | INFO | Batch 90 | Loss: 2.2776 | Correct: 22/128 | Elapsed Time: 12.54s
2026-01-30 04:12:02,374 | INFO | Batch 100 | Loss: 2.3274 | Correct: 18/128 | Elapsed Time: 12.45s
2026-01-30 04:12:14,975 | INFO | Batch 110 | Loss: 2.4043 | Correct: 11/128 | Elapsed Time: 12.60s
2026-01-30 04:12:27,549 | INFO | Batch 120 | Loss: 2.3784 | Correct: 23/128 | Elapsed Time: 12.57s
2026-01-30 04:12:40,004 | INFO | Batch 130 | Loss: 2.2167 | Correct: 25/128 | Elapsed Time: 12.45s
2026-01-30 04:12:52,559 | INFO | Batch 140 | Loss: 2.3913 | Correct: 19/128 | Elapsed Time: 12.56s
2026-01-30 04:13:05,200 | INFO | Batch 150 | Loss: 2.3784 | Correct: 14/128 | Elapsed Time: 12.64s
2026-01-30 04:13:17,715 | INFO | Batch 160 | Loss: 2.3149 | Correct: 20/128 | Elapsed Time: 12.52s
2026-01-30 04:13:30,146 | INFO | Batch 170 | Loss: 2.4570 | Correct: 14/128 | Elapsed Time: 12.43s
2026-01-30 04:13:42,686 | INFO | Batch 180 | Loss: 2.4305 | Correct: 14/128 | Elapsed Time: 12.54s
2026-01-30 04:13:55,240 | INFO | Batch 190 | Loss: 2.3528 | Correct: 16/128 | Elapsed Time: 12.55s
2026-01-30 04:14:07,734 | INFO | Batch 200 | Loss: 2.3024 | Correct: 18/128 | Elapsed Time: 12.49s
2026-01-30 04:14:20,304 | INFO | Batch 210 | Loss: 2.4174 | Correct: 20/128 | Elapsed Time: 12.57s
2026-01-30 04:14:32,829 | INFO | Batch 220 | Loss: 2.3024 | Correct: 19/128 | Elapsed Time: 12.52s
2026-01-30 04:14:45,319 | INFO | Batch 230 | Loss: 2.3784 | Correct: 19/128 | Elapsed Time: 12.49s
2026-01-30 04:14:57,873 | INFO | Batch 240 | Loss: 2.4043 | Correct: 20/128 | Elapsed Time: 12.55s
2026-01-30 04:15:10,480 | INFO | Batch 250 | Loss: 2.3784 | Correct: 20/128 | Elapsed Time: 12.61s
2026-01-30 04:15:22,936 | INFO | Batch 260 | Loss: 2.4305 | Correct: 19/128 | Elapsed Time: 12.46s
2026-01-30 04:15:35,500 | INFO | Batch 270 | Loss: 2.2530 | Correct: 24/128 | Elapsed Time: 12.56s
2026-01-30 04:15:48,092 | INFO | Batch 280 | Loss: 2.2653 | Correct: 24/128 | Elapsed Time: 12.59s
2026-01-30 04:16:00,551 | INFO | Batch 290 | Loss: 2.3149 | Correct: 17/128 | Elapsed Time: 12.46s
2026-01-30 04:16:13,145 | INFO | Batch 300 | Loss: 2.4043 | Correct: 21/128 | Elapsed Time: 12.59s
2026-01-30 04:16:25,658 | INFO | Batch 310 | Loss: 2.2530 | Correct: 18/128 | Elapsed Time: 12.51s
2026-01-30 04:16:38,108 | INFO | Batch 320 | Loss: 2.2899 | Correct: 21/128 | Elapsed Time: 12.45s
2026-01-30 04:16:50,657 | INFO | Batch 330 | Loss: 2.4174 | Correct: 21/128 | Elapsed Time: 12.55s
2026-01-30 04:17:03,239 | INFO | Batch 340 | Loss: 2.3024 | Correct: 23/128 | Elapsed Time: 12.58s
2026-01-30 04:17:15,737 | INFO | Batch 350 | Loss: 2.3149 | Correct: 26/128 | Elapsed Time: 12.50s
2026-01-30 04:17:28,306 | INFO | Batch 360 | Loss: 2.2409 | Correct: 28/128 | Elapsed Time: 12.57s
2026-01-30 04:17:40,831 | INFO | Batch 370 | Loss: 2.3656 | Correct: 18/128 | Elapsed Time: 12.52s
2026-01-30 04:17:53,277 | INFO | Batch 380 | Loss: 2.3401 | Correct: 21/128 | Elapsed Time: 12.45s
2026-01-30 04:18:05,843 | INFO | Batch 390 | Loss: 2.4305 | Correct: 23/128 | Elapsed Time: 12.57s
2026-01-30 04:18:06,832 | INFO | Epoch [71/100] - Loss: 2.3436 | Correct: 8379/50000 (16.76%, 490.37s)
2026-01-30 04:18:51,312 | INFO | Validation - Loss: 2.5728 | Correct: 1000/10000 (10.00%) (44.48s)
2026-01-30 04:19:03,933 | INFO | Batch 10 | Loss: 2.3784 | Correct: 21/128 | Elapsed Time: 12.62s
2026-01-30 04:19:16,491 | INFO | Batch 20 | Loss: 2.3656 | Correct: 22/128 | Elapsed Time: 12.56s
2026-01-30 04:19:28,944 | INFO | Batch 30 | Loss: 2.3656 | Correct: 19/128 | Elapsed Time: 12.45s
2026-01-30 04:19:41,521 | INFO | Batch 40 | Loss: 2.3149 | Correct: 26/128 | Elapsed Time: 12.58s
2026-01-30 04:19:54,121 | INFO | Batch 50 | Loss: 2.4043 | Correct: 22/128 | Elapsed Time: 12.60s
2026-01-30 04:20:06,624 | INFO | Batch 60 | Loss: 2.3656 | Correct: 19/128 | Elapsed Time: 12.50s
2026-01-30 04:20:19,300 | INFO | Batch 70 | Loss: 2.3149 | Correct: 19/128 | Elapsed Time: 12.68s
2026-01-30 04:20:32,001 | INFO | Batch 80 | Loss: 2.3149 | Correct: 20/128 | Elapsed Time: 12.70s
2026-01-30 04:20:44,475 | INFO | Batch 90 | Loss: 2.4043 | Correct: 20/128 | Elapsed Time: 12.47s
2026-01-30 04:20:57,051 | INFO | Batch 100 | Loss: 2.2288 | Correct: 22/128 | Elapsed Time: 12.58s
2026-01-30 04:21:09,600 | INFO | Batch 110 | Loss: 2.3528 | Correct: 20/128 | Elapsed Time: 12.55s
2026-01-30 04:21:22,025 | INFO | Batch 120 | Loss: 2.2776 | Correct: 27/128 | Elapsed Time: 12.42s
2026-01-30 04:21:34,581 | INFO | Batch 130 | Loss: 2.2409 | Correct: 28/128 | Elapsed Time: 12.56s
2026-01-30 04:21:47,131 | INFO | Batch 140 | Loss: 2.3274 | Correct: 24/128 | Elapsed Time: 12.55s
2026-01-30 04:21:59,606 | INFO | Batch 150 | Loss: 2.4305 | Correct: 19/128 | Elapsed Time: 12.47s
2026-01-30 04:22:12,227 | INFO | Batch 160 | Loss: 2.3149 | Correct: 25/128 | Elapsed Time: 12.62s
2026-01-30 04:22:24,788 | INFO | Batch 170 | Loss: 2.3528 | Correct: 26/128 | Elapsed Time: 12.56s
2026-01-30 04:22:37,245 | INFO | Batch 180 | Loss: 2.3784 | Correct: 22/128 | Elapsed Time: 12.46s
2026-01-30 04:22:49,769 | INFO | Batch 190 | Loss: 2.3528 | Correct: 22/128 | Elapsed Time: 12.52s
2026-01-30 04:23:02,318 | INFO | Batch 200 | Loss: 2.2167 | Correct: 26/128 | Elapsed Time: 12.55s
2026-01-30 04:23:14,782 | INFO | Batch 210 | Loss: 2.1929 | Correct: 29/128 | Elapsed Time: 12.46s
2026-01-30 04:23:27,303 | INFO | Batch 220 | Loss: 2.3528 | Correct: 23/128 | Elapsed Time: 12.52s
2026-01-30 04:23:39,832 | INFO | Batch 230 | Loss: 2.4043 | Correct: 18/128 | Elapsed Time: 12.53s
2026-01-30 04:23:52,385 | INFO | Batch 240 | Loss: 2.3401 | Correct: 20/128 | Elapsed Time: 12.55s
2026-01-30 04:24:04,916 | INFO | Batch 250 | Loss: 2.3656 | Correct: 26/128 | Elapsed Time: 12.53s
2026-01-30 04:24:17,442 | INFO | Batch 260 | Loss: 2.4043 | Correct: 17/128 | Elapsed Time: 12.53s
2026-01-30 04:24:30,003 | INFO | Batch 270 | Loss: 2.4043 | Correct: 22/128 | Elapsed Time: 12.56s
2026-01-30 04:24:42,429 | INFO | Batch 280 | Loss: 2.3024 | Correct: 20/128 | Elapsed Time: 12.43s
2026-01-30 04:24:54,949 | INFO | Batch 290 | Loss: 2.3656 | Correct: 17/128 | Elapsed Time: 12.52s
2026-01-30 04:25:07,529 | INFO | Batch 300 | Loss: 2.3274 | Correct: 26/128 | Elapsed Time: 12.58s
2026-01-30 04:25:20,012 | INFO | Batch 310 | Loss: 2.3656 | Correct: 18/128 | Elapsed Time: 12.48s
2026-01-30 04:25:32,541 | INFO | Batch 320 | Loss: 2.5108 | Correct: 14/128 | Elapsed Time: 12.53s
2026-01-30 04:25:45,130 | INFO | Batch 330 | Loss: 2.2899 | Correct: 26/128 | Elapsed Time: 12.59s
2026-01-30 04:25:57,604 | INFO | Batch 340 | Loss: 2.2653 | Correct: 28/128 | Elapsed Time: 12.47s
2026-01-30 04:26:10,261 | INFO | Batch 350 | Loss: 2.4043 | Correct: 18/128 | Elapsed Time: 12.66s
2026-01-30 04:26:22,760 | INFO | Batch 360 | Loss: 2.3401 | Correct: 17/128 | Elapsed Time: 12.50s
2026-01-30 04:26:35,207 | INFO | Batch 370 | Loss: 2.3656 | Correct: 15/128 | Elapsed Time: 12.45s
2026-01-30 04:26:47,775 | INFO | Batch 380 | Loss: 2.3656 | Correct: 21/128 | Elapsed Time: 12.57s
2026-01-30 04:27:00,306 | INFO | Batch 390 | Loss: 2.3784 | Correct: 20/128 | Elapsed Time: 12.53s
2026-01-30 04:27:01,297 | INFO | Epoch [72/100] - Loss: 2.3489 | Correct: 8274/50000 (16.55%, 489.98s)
2026-01-30 04:27:45,850 | INFO | Validation - Loss: 2.8012 | Correct: 1000/10000 (10.00%) (44.55s)
2026-01-30 04:27:58,312 | INFO | Batch 10 | Loss: 2.2048 | Correct: 29/128 | Elapsed Time: 12.46s
2026-01-30 04:28:10,945 | INFO | Batch 20 | Loss: 2.4972 | Correct: 18/128 | Elapsed Time: 12.63s
2026-01-30 04:28:23,478 | INFO | Batch 30 | Loss: 2.3024 | Correct: 21/128 | Elapsed Time: 12.53s
2026-01-30 04:28:36,029 | INFO | Batch 40 | Loss: 2.3149 | Correct: 19/128 | Elapsed Time: 12.55s
2026-01-30 04:28:48,492 | INFO | Batch 50 | Loss: 2.3274 | Correct: 21/128 | Elapsed Time: 12.46s
2026-01-30 04:29:01,031 | INFO | Batch 60 | Loss: 2.2167 | Correct: 18/128 | Elapsed Time: 12.54s
2026-01-30 04:29:13,675 | INFO | Batch 70 | Loss: 2.4043 | Correct: 18/128 | Elapsed Time: 12.64s
2026-01-30 04:29:26,121 | INFO | Batch 80 | Loss: 2.3913 | Correct: 24/128 | Elapsed Time: 12.45s
2026-01-30 04:29:38,657 | INFO | Batch 90 | Loss: 2.3784 | Correct: 18/128 | Elapsed Time: 12.54s
2026-01-30 04:29:51,192 | INFO | Batch 100 | Loss: 2.3913 | Correct: 19/128 | Elapsed Time: 12.54s
2026-01-30 04:30:03,677 | INFO | Batch 110 | Loss: 2.3656 | Correct: 17/128 | Elapsed Time: 12.49s
2026-01-30 04:30:16,263 | INFO | Batch 120 | Loss: 2.3401 | Correct: 19/128 | Elapsed Time: 12.59s
2026-01-30 04:30:28,983 | INFO | Batch 130 | Loss: 2.3656 | Correct: 20/128 | Elapsed Time: 12.72s
2026-01-30 04:30:41,420 | INFO | Batch 140 | Loss: 2.3528 | Correct: 17/128 | Elapsed Time: 12.44s
2026-01-30 04:30:53,971 | INFO | Batch 150 | Loss: 2.3656 | Correct: 23/128 | Elapsed Time: 12.55s
2026-01-30 04:31:06,573 | INFO | Batch 160 | Loss: 2.3656 | Correct: 25/128 | Elapsed Time: 12.60s
2026-01-30 04:31:19,031 | INFO | Batch 170 | Loss: 2.5381 | Correct: 24/128 | Elapsed Time: 12.46s
2026-01-30 04:31:31,521 | INFO | Batch 180 | Loss: 2.4305 | Correct: 19/128 | Elapsed Time: 12.49s
2026-01-30 04:31:44,011 | INFO | Batch 190 | Loss: 2.2899 | Correct: 21/128 | Elapsed Time: 12.49s
2026-01-30 04:31:56,423 | INFO | Batch 200 | Loss: 2.3024 | Correct: 21/128 | Elapsed Time: 12.41s
2026-01-30 04:32:08,979 | INFO | Batch 210 | Loss: 2.3784 | Correct: 21/128 | Elapsed Time: 12.56s
2026-01-30 04:32:21,484 | INFO | Batch 220 | Loss: 2.3274 | Correct: 24/128 | Elapsed Time: 12.50s
2026-01-30 04:32:33,854 | INFO | Batch 230 | Loss: 2.2530 | Correct: 26/128 | Elapsed Time: 12.37s
2026-01-30 04:32:46,375 | INFO | Batch 240 | Loss: 2.3528 | Correct: 19/128 | Elapsed Time: 12.52s
2026-01-30 04:32:58,915 | INFO | Batch 250 | Loss: 2.3528 | Correct: 20/128 | Elapsed Time: 12.54s
2026-01-30 04:33:11,487 | INFO | Batch 260 | Loss: 2.2653 | Correct: 21/128 | Elapsed Time: 12.57s
2026-01-30 04:33:24,046 | INFO | Batch 270 | Loss: 2.3401 | Correct: 20/128 | Elapsed Time: 12.56s
2026-01-30 04:33:36,584 | INFO | Batch 280 | Loss: 2.3274 | Correct: 27/128 | Elapsed Time: 12.54s
2026-01-30 04:33:49,046 | INFO | Batch 290 | Loss: 2.4174 | Correct: 26/128 | Elapsed Time: 12.46s
2026-01-30 04:34:01,604 | INFO | Batch 300 | Loss: 2.3149 | Correct: 16/128 | Elapsed Time: 12.56s
2026-01-30 04:34:14,192 | INFO | Batch 310 | Loss: 2.4570 | Correct: 17/128 | Elapsed Time: 12.59s
2026-01-30 04:34:26,769 | INFO | Batch 320 | Loss: 2.3024 | Correct: 25/128 | Elapsed Time: 12.58s
2026-01-30 04:34:39,248 | INFO | Batch 330 | Loss: 2.3913 | Correct: 14/128 | Elapsed Time: 12.48s
2026-01-30 04:34:51,786 | INFO | Batch 340 | Loss: 2.3024 | Correct: 24/128 | Elapsed Time: 12.54s
2026-01-30 04:35:04,389 | INFO | Batch 350 | Loss: 2.2530 | Correct: 22/128 | Elapsed Time: 12.60s
2026-01-30 04:35:16,885 | INFO | Batch 360 | Loss: 2.4305 | Correct: 15/128 | Elapsed Time: 12.50s
2026-01-30 04:35:29,479 | INFO | Batch 370 | Loss: 2.3149 | Correct: 22/128 | Elapsed Time: 12.59s
2026-01-30 04:35:42,031 | INFO | Batch 380 | Loss: 2.3913 | Correct: 22/128 | Elapsed Time: 12.55s
2026-01-30 04:35:54,483 | INFO | Batch 390 | Loss: 2.4570 | Correct: 13/128 | Elapsed Time: 12.45s
2026-01-30 04:35:55,477 | INFO | Epoch [73/100] - Loss: 2.3407 | Correct: 8455/50000 (16.91%, 489.62s)
2026-01-30 04:36:40,117 | INFO | Validation - Loss: 2.8444 | Correct: 1000/10000 (10.00%) (44.64s)
2026-01-30 04:36:52,669 | INFO | Batch 10 | Loss: 2.3784 | Correct: 22/128 | Elapsed Time: 12.55s
2026-01-30 04:37:05,366 | INFO | Batch 20 | Loss: 2.3784 | Correct: 25/128 | Elapsed Time: 12.70s
2026-01-30 04:37:17,810 | INFO | Batch 30 | Loss: 2.2899 | Correct: 25/128 | Elapsed Time: 12.44s
2026-01-30 04:37:30,345 | INFO | Batch 40 | Loss: 2.3024 | Correct: 28/128 | Elapsed Time: 12.53s
2026-01-30 04:37:42,878 | INFO | Batch 50 | Loss: 2.2167 | Correct: 24/128 | Elapsed Time: 12.53s
2026-01-30 04:37:55,457 | INFO | Batch 60 | Loss: 2.3784 | Correct: 17/128 | Elapsed Time: 12.58s
2026-01-30 04:38:07,955 | INFO | Batch 70 | Loss: 2.3528 | Correct: 17/128 | Elapsed Time: 12.50s
2026-01-30 04:38:20,452 | INFO | Batch 80 | Loss: 2.2776 | Correct: 29/128 | Elapsed Time: 12.50s
2026-01-30 04:38:32,969 | INFO | Batch 90 | Loss: 2.2288 | Correct: 26/128 | Elapsed Time: 12.52s
2026-01-30 04:38:45,413 | INFO | Batch 100 | Loss: 2.3656 | Correct: 21/128 | Elapsed Time: 12.44s
2026-01-30 04:38:57,953 | INFO | Batch 110 | Loss: 2.3274 | Correct: 25/128 | Elapsed Time: 12.54s
2026-01-30 04:39:10,615 | INFO | Batch 120 | Loss: 2.4703 | Correct: 22/128 | Elapsed Time: 12.66s
2026-01-30 04:39:23,066 | INFO | Batch 130 | Loss: 2.5657 | Correct: 16/128 | Elapsed Time: 12.45s
2026-01-30 04:39:35,603 | INFO | Batch 140 | Loss: 2.3274 | Correct: 19/128 | Elapsed Time: 12.54s
2026-01-30 04:39:48,139 | INFO | Batch 150 | Loss: 2.4174 | Correct: 22/128 | Elapsed Time: 12.54s
2026-01-30 04:40:00,593 | INFO | Batch 160 | Loss: 2.2899 | Correct: 19/128 | Elapsed Time: 12.45s
2026-01-30 04:40:13,192 | INFO | Batch 170 | Loss: 2.3401 | Correct: 24/128 | Elapsed Time: 12.60s
2026-01-30 04:40:26,391 | INFO | Batch 180 | Loss: 2.3401 | Correct: 16/128 | Elapsed Time: 13.20s
2026-01-30 04:40:38,844 | INFO | Batch 190 | Loss: 2.2530 | Correct: 22/128 | Elapsed Time: 12.45s
2026-01-30 04:40:51,407 | INFO | Batch 200 | Loss: 2.2048 | Correct: 32/128 | Elapsed Time: 12.56s
2026-01-30 04:41:04,038 | INFO | Batch 210 | Loss: 2.4837 | Correct: 19/128 | Elapsed Time: 12.63s
2026-01-30 04:41:16,501 | INFO | Batch 220 | Loss: 2.2409 | Correct: 26/128 | Elapsed Time: 12.46s
2026-01-30 04:41:29,066 | INFO | Batch 230 | Loss: 2.3401 | Correct: 24/128 | Elapsed Time: 12.57s
2026-01-30 04:41:41,616 | INFO | Batch 240 | Loss: 2.4570 | Correct: 15/128 | Elapsed Time: 12.55s
2026-01-30 04:41:54,065 | INFO | Batch 250 | Loss: 2.3149 | Correct: 22/128 | Elapsed Time: 12.45s
2026-01-30 04:42:06,624 | INFO | Batch 260 | Loss: 2.3274 | Correct: 28/128 | Elapsed Time: 12.56s
2026-01-30 04:42:19,149 | INFO | Batch 270 | Loss: 2.3913 | Correct: 20/128 | Elapsed Time: 12.53s
2026-01-30 04:42:31,709 | INFO | Batch 280 | Loss: 2.3024 | Correct: 23/128 | Elapsed Time: 12.56s
2026-01-30 04:42:44,180 | INFO | Batch 290 | Loss: 2.5244 | Correct: 16/128 | Elapsed Time: 12.47s
2026-01-30 04:42:56,715 | INFO | Batch 300 | Loss: 2.2530 | Correct: 27/128 | Elapsed Time: 12.54s
2026-01-30 04:43:09,387 | INFO | Batch 310 | Loss: 2.4174 | Correct: 23/128 | Elapsed Time: 12.67s
2026-01-30 04:43:21,849 | INFO | Batch 320 | Loss: 2.3401 | Correct: 17/128 | Elapsed Time: 12.46s
2026-01-30 04:43:34,418 | INFO | Batch 330 | Loss: 2.3656 | Correct: 23/128 | Elapsed Time: 12.57s
2026-01-30 04:43:46,950 | INFO | Batch 340 | Loss: 2.3784 | Correct: 17/128 | Elapsed Time: 12.53s
2026-01-30 04:43:59,423 | INFO | Batch 350 | Loss: 2.3913 | Correct: 23/128 | Elapsed Time: 12.47s
2026-01-30 04:44:11,995 | INFO | Batch 360 | Loss: 2.2776 | Correct: 21/128 | Elapsed Time: 12.57s
2026-01-30 04:44:24,561 | INFO | Batch 370 | Loss: 2.4570 | Correct: 14/128 | Elapsed Time: 12.57s
2026-01-30 04:44:37,024 | INFO | Batch 380 | Loss: 2.2048 | Correct: 26/128 | Elapsed Time: 12.46s
2026-01-30 04:44:49,540 | INFO | Batch 390 | Loss: 2.3784 | Correct: 22/128 | Elapsed Time: 12.52s
2026-01-30 04:44:50,544 | INFO | Epoch [74/100] - Loss: 2.3479 | Correct: 8392/50000 (16.78%, 490.42s)
2026-01-30 04:45:35,102 | INFO | Validation - Loss: 2.6942 | Correct: 1000/10000 (10.00%) (44.56s)
2026-01-30 04:45:47,680 | INFO | Batch 10 | Loss: 2.4043 | Correct: 20/128 | Elapsed Time: 12.58s
2026-01-30 04:46:00,162 | INFO | Batch 20 | Loss: 2.4043 | Correct: 19/128 | Elapsed Time: 12.48s
2026-01-30 04:46:12,759 | INFO | Batch 30 | Loss: 2.1343 | Correct: 25/128 | Elapsed Time: 12.60s
2026-01-30 04:46:25,302 | INFO | Batch 40 | Loss: 2.3274 | Correct: 21/128 | Elapsed Time: 12.54s
2026-01-30 04:46:37,773 | INFO | Batch 50 | Loss: 2.5519 | Correct: 15/128 | Elapsed Time: 12.47s
2026-01-30 04:46:50,300 | INFO | Batch 60 | Loss: 2.4305 | Correct: 19/128 | Elapsed Time: 12.53s
2026-01-30 04:47:02,870 | INFO | Batch 70 | Loss: 2.2530 | Correct: 24/128 | Elapsed Time: 12.57s
2026-01-30 04:47:15,389 | INFO | Batch 80 | Loss: 2.3274 | Correct: 21/128 | Elapsed Time: 12.52s
2026-01-30 04:47:27,951 | INFO | Batch 90 | Loss: 2.3656 | Correct: 23/128 | Elapsed Time: 12.56s
2026-01-30 04:47:40,501 | INFO | Batch 100 | Loss: 2.2530 | Correct: 24/128 | Elapsed Time: 12.55s
2026-01-30 04:47:53,050 | INFO | Batch 110 | Loss: 2.2167 | Correct: 28/128 | Elapsed Time: 12.55s
2026-01-30 04:48:05,631 | INFO | Batch 120 | Loss: 2.4305 | Correct: 19/128 | Elapsed Time: 12.58s
2026-01-30 04:48:18,201 | INFO | Batch 130 | Loss: 2.2653 | Correct: 22/128 | Elapsed Time: 12.57s
2026-01-30 04:48:30,776 | INFO | Batch 140 | Loss: 2.2653 | Correct: 25/128 | Elapsed Time: 12.58s
2026-01-30 04:48:43,243 | INFO | Batch 150 | Loss: 2.2899 | Correct: 20/128 | Elapsed Time: 12.47s
2026-01-30 04:48:55,784 | INFO | Batch 160 | Loss: 2.4174 | Correct: 16/128 | Elapsed Time: 12.54s
2026-01-30 04:49:08,395 | INFO | Batch 170 | Loss: 2.4972 | Correct: 20/128 | Elapsed Time: 12.61s
2026-01-30 04:49:20,844 | INFO | Batch 180 | Loss: 2.2776 | Correct: 23/128 | Elapsed Time: 12.45s
2026-01-30 04:49:33,410 | INFO | Batch 190 | Loss: 2.2653 | Correct: 26/128 | Elapsed Time: 12.57s
2026-01-30 04:49:45,968 | INFO | Batch 200 | Loss: 2.3024 | Correct: 22/128 | Elapsed Time: 12.56s
2026-01-30 04:49:58,428 | INFO | Batch 210 | Loss: 2.3274 | Correct: 17/128 | Elapsed Time: 12.46s
2026-01-30 04:50:11,064 | INFO | Batch 220 | Loss: 2.1810 | Correct: 26/128 | Elapsed Time: 12.64s
2026-01-30 04:50:23,824 | INFO | Batch 230 | Loss: 2.2776 | Correct: 26/128 | Elapsed Time: 12.76s
2026-01-30 04:50:36,303 | INFO | Batch 240 | Loss: 2.3913 | Correct: 30/128 | Elapsed Time: 12.48s
2026-01-30 04:50:48,855 | INFO | Batch 250 | Loss: 2.4570 | Correct: 24/128 | Elapsed Time: 12.55s
2026-01-30 04:51:01,503 | INFO | Batch 260 | Loss: 2.3274 | Correct: 22/128 | Elapsed Time: 12.65s
2026-01-30 04:51:14,010 | INFO | Batch 270 | Loss: 2.3784 | Correct: 19/128 | Elapsed Time: 12.51s
2026-01-30 04:51:26,575 | INFO | Batch 280 | Loss: 2.3274 | Correct: 22/128 | Elapsed Time: 12.56s
2026-01-30 04:51:39,165 | INFO | Batch 290 | Loss: 2.2167 | Correct: 26/128 | Elapsed Time: 12.59s
2026-01-30 04:51:51,658 | INFO | Batch 300 | Loss: 2.6078 | Correct: 18/128 | Elapsed Time: 12.49s
2026-01-30 04:52:04,267 | INFO | Batch 310 | Loss: 2.3401 | Correct: 17/128 | Elapsed Time: 12.61s
2026-01-30 04:52:16,820 | INFO | Batch 320 | Loss: 2.3024 | Correct: 17/128 | Elapsed Time: 12.55s
2026-01-30 04:52:29,374 | INFO | Batch 330 | Loss: 2.3149 | Correct: 28/128 | Elapsed Time: 12.55s
2026-01-30 04:52:41,816 | INFO | Batch 340 | Loss: 2.4043 | Correct: 19/128 | Elapsed Time: 12.44s
2026-01-30 04:52:54,347 | INFO | Batch 350 | Loss: 2.3401 | Correct: 25/128 | Elapsed Time: 12.53s
2026-01-30 04:53:06,978 | INFO | Batch 360 | Loss: 2.3784 | Correct: 20/128 | Elapsed Time: 12.63s
2026-01-30 04:53:19,428 | INFO | Batch 370 | Loss: 2.4972 | Correct: 19/128 | Elapsed Time: 12.45s
2026-01-30 04:53:31,995 | INFO | Batch 380 | Loss: 2.4570 | Correct: 16/128 | Elapsed Time: 12.57s
2026-01-30 04:53:44,557 | INFO | Batch 390 | Loss: 2.3784 | Correct: 19/128 | Elapsed Time: 12.56s
2026-01-30 04:53:45,553 | INFO | Epoch [75/100] - Loss: 2.3380 | Correct: 8544/50000 (17.09%, 490.45s)
2026-01-30 04:54:30,111 | INFO | Validation - Loss: 2.7569 | Correct: 1000/10000 (10.00%) (44.56s)
2026-01-30 04:54:42,578 | INFO | Batch 10 | Loss: 2.3913 | Correct: 22/128 | Elapsed Time: 12.46s
2026-01-30 04:54:55,133 | INFO | Batch 20 | Loss: 2.4570 | Correct: 16/128 | Elapsed Time: 12.56s
2026-01-30 04:55:07,733 | INFO | Batch 30 | Loss: 2.4174 | Correct: 12/128 | Elapsed Time: 12.60s
2026-01-30 04:55:20,185 | INFO | Batch 40 | Loss: 2.3024 | Correct: 23/128 | Elapsed Time: 12.45s
2026-01-30 04:55:32,744 | INFO | Batch 50 | Loss: 2.3913 | Correct: 23/128 | Elapsed Time: 12.56s
2026-01-30 04:55:45,288 | INFO | Batch 60 | Loss: 2.3784 | Correct: 27/128 | Elapsed Time: 12.54s
2026-01-30 04:55:57,750 | INFO | Batch 70 | Loss: 2.4703 | Correct: 17/128 | Elapsed Time: 12.46s
2026-01-30 04:56:10,367 | INFO | Batch 80 | Loss: 2.3401 | Correct: 20/128 | Elapsed Time: 12.62s
2026-01-30 04:56:22,935 | INFO | Batch 90 | Loss: 2.2288 | Correct: 27/128 | Elapsed Time: 12.57s
2026-01-30 04:56:35,399 | INFO | Batch 100 | Loss: 2.4174 | Correct: 23/128 | Elapsed Time: 12.46s
2026-01-30 04:56:47,930 | INFO | Batch 110 | Loss: 2.2776 | Correct: 26/128 | Elapsed Time: 12.53s
2026-01-30 04:57:00,477 | INFO | Batch 120 | Loss: 2.3528 | Correct: 18/128 | Elapsed Time: 12.55s
2026-01-30 04:57:12,988 | INFO | Batch 130 | Loss: 2.3024 | Correct: 13/128 | Elapsed Time: 12.51s
2026-01-30 04:57:25,505 | INFO | Batch 140 | Loss: 2.3528 | Correct: 21/128 | Elapsed Time: 12.52s
2026-01-30 04:57:38,082 | INFO | Batch 150 | Loss: 2.4305 | Correct: 24/128 | Elapsed Time: 12.58s
2026-01-30 04:57:50,535 | INFO | Batch 160 | Loss: 2.2048 | Correct: 25/128 | Elapsed Time: 12.45s
2026-01-30 04:58:03,136 | INFO | Batch 170 | Loss: 2.4305 | Correct: 17/128 | Elapsed Time: 12.60s
2026-01-30 04:58:15,682 | INFO | Batch 180 | Loss: 2.3784 | Correct: 24/128 | Elapsed Time: 12.55s
2026-01-30 04:58:28,144 | INFO | Batch 190 | Loss: 2.3024 | Correct: 23/128 | Elapsed Time: 12.46s
2026-01-30 04:58:40,697 | INFO | Batch 200 | Loss: 2.4174 | Correct: 17/128 | Elapsed Time: 12.55s
2026-01-30 04:58:53,262 | INFO | Batch 210 | Loss: 2.2653 | Correct: 24/128 | Elapsed Time: 12.56s
2026-01-30 04:59:05,904 | INFO | Batch 220 | Loss: 2.3528 | Correct: 22/128 | Elapsed Time: 12.64s
2026-01-30 04:59:18,357 | INFO | Batch 230 | Loss: 2.3528 | Correct: 18/128 | Elapsed Time: 12.45s
2026-01-30 04:59:30,900 | INFO | Batch 240 | Loss: 2.4305 | Correct: 17/128 | Elapsed Time: 12.54s
2026-01-30 04:59:43,445 | INFO | Batch 250 | Loss: 2.4437 | Correct: 20/128 | Elapsed Time: 12.54s
2026-01-30 04:59:55,910 | INFO | Batch 260 | Loss: 2.2653 | Correct: 22/128 | Elapsed Time: 12.47s
2026-01-30 05:00:08,550 | INFO | Batch 270 | Loss: 2.3656 | Correct: 23/128 | Elapsed Time: 12.64s
2026-01-30 05:00:21,232 | INFO | Batch 280 | Loss: 2.3528 | Correct: 24/128 | Elapsed Time: 12.68s
2026-01-30 05:00:33,797 | INFO | Batch 290 | Loss: 2.4043 | Correct: 20/128 | Elapsed Time: 12.57s
2026-01-30 05:00:46,357 | INFO | Batch 300 | Loss: 2.4437 | Correct: 19/128 | Elapsed Time: 12.56s
2026-01-30 05:00:58,939 | INFO | Batch 310 | Loss: 2.4043 | Correct: 20/128 | Elapsed Time: 12.58s
2026-01-30 05:01:11,488 | INFO | Batch 320 | Loss: 2.2288 | Correct: 31/128 | Elapsed Time: 12.55s
2026-01-30 05:01:24,034 | INFO | Batch 330 | Loss: 2.2899 | Correct: 22/128 | Elapsed Time: 12.55s
2026-01-30 05:01:36,594 | INFO | Batch 340 | Loss: 2.2899 | Correct: 24/128 | Elapsed Time: 12.56s
2026-01-30 05:01:49,065 | INFO | Batch 350 | Loss: 2.4043 | Correct: 25/128 | Elapsed Time: 12.47s
2026-01-30 05:02:01,619 | INFO | Batch 360 | Loss: 2.2167 | Correct: 33/128 | Elapsed Time: 12.55s
2026-01-30 05:02:14,227 | INFO | Batch 370 | Loss: 2.4703 | Correct: 14/128 | Elapsed Time: 12.61s
2026-01-30 05:02:26,661 | INFO | Batch 380 | Loss: 2.2899 | Correct: 22/128 | Elapsed Time: 12.43s
2026-01-30 05:02:39,221 | INFO | Batch 390 | Loss: 2.3401 | Correct: 25/128 | Elapsed Time: 12.56s
2026-01-30 05:02:40,211 | INFO | Epoch [76/100] - Loss: 2.3446 | Correct: 8423/50000 (16.85%, 490.10s)
2026-01-30 05:03:24,878 | INFO | Validation - Loss: 2.5674 | Correct: 1000/10000 (10.00%) (44.67s)
2026-01-30 05:03:37,420 | INFO | Batch 10 | Loss: 2.3024 | Correct: 23/128 | Elapsed Time: 12.54s
2026-01-30 05:03:49,983 | INFO | Batch 20 | Loss: 2.4837 | Correct: 22/128 | Elapsed Time: 12.56s
2026-01-30 05:04:02,458 | INFO | Batch 30 | Loss: 2.2653 | Correct: 25/128 | Elapsed Time: 12.47s
2026-01-30 05:04:15,048 | INFO | Batch 40 | Loss: 2.3656 | Correct: 18/128 | Elapsed Time: 12.59s
2026-01-30 05:04:27,606 | INFO | Batch 50 | Loss: 2.3401 | Correct: 18/128 | Elapsed Time: 12.56s
2026-01-30 05:04:40,008 | INFO | Batch 60 | Loss: 2.2899 | Correct: 21/128 | Elapsed Time: 12.40s
2026-01-30 05:04:52,559 | INFO | Batch 70 | Loss: 2.4174 | Correct: 19/128 | Elapsed Time: 12.55s
2026-01-30 05:05:05,143 | INFO | Batch 80 | Loss: 2.4703 | Correct: 17/128 | Elapsed Time: 12.58s
2026-01-30 05:05:17,589 | INFO | Batch 90 | Loss: 2.3913 | Correct: 18/128 | Elapsed Time: 12.45s
2026-01-30 05:05:30,143 | INFO | Batch 100 | Loss: 2.3401 | Correct: 26/128 | Elapsed Time: 12.55s
2026-01-30 05:05:42,690 | INFO | Batch 110 | Loss: 2.4305 | Correct: 20/128 | Elapsed Time: 12.55s
2026-01-30 05:05:55,104 | INFO | Batch 120 | Loss: 2.2288 | Correct: 27/128 | Elapsed Time: 12.41s
2026-01-30 05:06:07,674 | INFO | Batch 130 | Loss: 2.3784 | Correct: 17/128 | Elapsed Time: 12.57s
2026-01-30 05:06:20,201 | INFO | Batch 140 | Loss: 2.3149 | Correct: 21/128 | Elapsed Time: 12.53s
2026-01-30 05:06:32,681 | INFO | Batch 150 | Loss: 2.2409 | Correct: 30/128 | Elapsed Time: 12.48s
2026-01-30 05:06:45,251 | INFO | Batch 160 | Loss: 2.5108 | Correct: 14/128 | Elapsed Time: 12.57s
2026-01-30 05:06:57,790 | INFO | Batch 170 | Loss: 2.3401 | Correct: 17/128 | Elapsed Time: 12.54s
2026-01-30 05:07:10,295 | INFO | Batch 180 | Loss: 2.3024 | Correct: 23/128 | Elapsed Time: 12.51s
2026-01-30 05:07:22,810 | INFO | Batch 190 | Loss: 2.3401 | Correct: 17/128 | Elapsed Time: 12.52s
2026-01-30 05:07:35,336 | INFO | Batch 200 | Loss: 2.2409 | Correct: 19/128 | Elapsed Time: 12.53s
2026-01-30 05:07:47,756 | INFO | Batch 210 | Loss: 2.3024 | Correct: 17/128 | Elapsed Time: 12.42s
2026-01-30 05:08:00,292 | INFO | Batch 220 | Loss: 2.3528 | Correct: 21/128 | Elapsed Time: 12.54s
2026-01-30 05:08:12,900 | INFO | Batch 230 | Loss: 2.3913 | Correct: 15/128 | Elapsed Time: 12.61s
2026-01-30 05:08:25,352 | INFO | Batch 240 | Loss: 2.2167 | Correct: 28/128 | Elapsed Time: 12.45s
2026-01-30 05:08:37,884 | INFO | Batch 250 | Loss: 2.4043 | Correct: 22/128 | Elapsed Time: 12.53s
2026-01-30 05:08:50,419 | INFO | Batch 260 | Loss: 2.3401 | Correct: 19/128 | Elapsed Time: 12.53s
2026-01-30 05:09:02,941 | INFO | Batch 270 | Loss: 2.3149 | Correct: 20/128 | Elapsed Time: 12.52s
2026-01-30 05:09:15,571 | INFO | Batch 280 | Loss: 2.3401 | Correct: 24/128 | Elapsed Time: 12.63s
2026-01-30 05:09:28,150 | INFO | Batch 290 | Loss: 2.4043 | Correct: 25/128 | Elapsed Time: 12.58s
2026-01-30 05:09:40,711 | INFO | Batch 300 | Loss: 2.2899 | Correct: 25/128 | Elapsed Time: 12.56s
2026-01-30 05:09:53,143 | INFO | Batch 310 | Loss: 2.3274 | Correct: 16/128 | Elapsed Time: 12.43s
2026-01-30 05:10:05,828 | INFO | Batch 320 | Loss: 2.3149 | Correct: 17/128 | Elapsed Time: 12.68s
2026-01-30 05:10:18,927 | INFO | Batch 330 | Loss: 2.2530 | Correct: 28/128 | Elapsed Time: 13.10s
2026-01-30 05:10:31,541 | INFO | Batch 340 | Loss: 2.3149 | Correct: 22/128 | Elapsed Time: 12.61s
2026-01-30 05:10:44,095 | INFO | Batch 350 | Loss: 2.3784 | Correct: 19/128 | Elapsed Time: 12.55s
2026-01-30 05:10:56,658 | INFO | Batch 360 | Loss: 2.3656 | Correct: 21/128 | Elapsed Time: 12.56s
2026-01-30 05:11:09,194 | INFO | Batch 370 | Loss: 2.3528 | Correct: 23/128 | Elapsed Time: 12.54s
2026-01-30 05:11:21,752 | INFO | Batch 380 | Loss: 2.3528 | Correct: 20/128 | Elapsed Time: 12.56s
2026-01-30 05:11:34,313 | INFO | Batch 390 | Loss: 2.4437 | Correct: 18/128 | Elapsed Time: 12.56s
2026-01-30 05:11:35,310 | INFO | Epoch [77/100] - Loss: 2.3412 | Correct: 8488/50000 (16.98%, 490.43s)
2026-01-30 05:12:19,882 | INFO | Validation - Loss: 2.5842 | Correct: 1000/10000 (10.00%) (44.57s)
2026-01-30 05:12:32,436 | INFO | Batch 10 | Loss: 2.4043 | Correct: 22/128 | Elapsed Time: 12.55s
2026-01-30 05:12:44,885 | INFO | Batch 20 | Loss: 2.2409 | Correct: 28/128 | Elapsed Time: 12.45s
2026-01-30 05:12:57,446 | INFO | Batch 30 | Loss: 2.2776 | Correct: 32/128 | Elapsed Time: 12.56s
2026-01-30 05:13:10,159 | INFO | Batch 40 | Loss: 2.4972 | Correct: 22/128 | Elapsed Time: 12.71s
2026-01-30 05:13:22,599 | INFO | Batch 50 | Loss: 2.3528 | Correct: 25/128 | Elapsed Time: 12.44s
2026-01-30 05:13:35,123 | INFO | Batch 60 | Loss: 2.4043 | Correct: 17/128 | Elapsed Time: 12.52s
2026-01-30 05:13:47,648 | INFO | Batch 70 | Loss: 2.3149 | Correct: 20/128 | Elapsed Time: 12.52s
2026-01-30 05:14:00,121 | INFO | Batch 80 | Loss: 2.3656 | Correct: 18/128 | Elapsed Time: 12.47s
2026-01-30 05:14:12,675 | INFO | Batch 90 | Loss: 2.3784 | Correct: 16/128 | Elapsed Time: 12.55s
2026-01-30 05:14:25,193 | INFO | Batch 100 | Loss: 2.3149 | Correct: 13/128 | Elapsed Time: 12.52s
2026-01-30 05:14:37,644 | INFO | Batch 110 | Loss: 2.4174 | Correct: 20/128 | Elapsed Time: 12.45s
2026-01-30 05:14:50,160 | INFO | Batch 120 | Loss: 2.1692 | Correct: 22/128 | Elapsed Time: 12.52s
2026-01-30 05:15:02,712 | INFO | Batch 130 | Loss: 2.3656 | Correct: 19/128 | Elapsed Time: 12.55s
2026-01-30 05:15:15,170 | INFO | Batch 140 | Loss: 2.3401 | Correct: 23/128 | Elapsed Time: 12.46s
2026-01-30 05:15:27,740 | INFO | Batch 150 | Loss: 2.3656 | Correct: 17/128 | Elapsed Time: 12.57s
2026-01-30 05:15:40,302 | INFO | Batch 160 | Loss: 2.2653 | Correct: 26/128 | Elapsed Time: 12.56s
2026-01-30 05:15:52,739 | INFO | Batch 170 | Loss: 2.3274 | Correct: 16/128 | Elapsed Time: 12.44s
2026-01-30 05:16:05,352 | INFO | Batch 180 | Loss: 2.4174 | Correct: 18/128 | Elapsed Time: 12.61s
2026-01-30 05:16:17,920 | INFO | Batch 190 | Loss: 2.3784 | Correct: 21/128 | Elapsed Time: 12.57s
2026-01-30 05:16:30,395 | INFO | Batch 200 | Loss: 2.2899 | Correct: 21/128 | Elapsed Time: 12.48s
2026-01-30 05:16:42,938 | INFO | Batch 210 | Loss: 2.3656 | Correct: 17/128 | Elapsed Time: 12.54s
2026-01-30 05:16:55,541 | INFO | Batch 220 | Loss: 2.4174 | Correct: 20/128 | Elapsed Time: 12.60s
2026-01-30 05:17:08,126 | INFO | Batch 230 | Loss: 2.1929 | Correct: 27/128 | Elapsed Time: 12.58s
2026-01-30 05:17:20,718 | INFO | Batch 240 | Loss: 2.3528 | Correct: 21/128 | Elapsed Time: 12.59s
2026-01-30 05:17:33,281 | INFO | Batch 250 | Loss: 2.3528 | Correct: 18/128 | Elapsed Time: 12.56s
2026-01-30 05:17:45,820 | INFO | Batch 260 | Loss: 2.3274 | Correct: 22/128 | Elapsed Time: 12.54s
2026-01-30 05:17:58,300 | INFO | Batch 270 | Loss: 2.3656 | Correct: 18/128 | Elapsed Time: 12.48s
2026-01-30 05:18:10,909 | INFO | Batch 280 | Loss: 2.3528 | Correct: 21/128 | Elapsed Time: 12.61s
2026-01-30 05:18:23,474 | INFO | Batch 290 | Loss: 2.2899 | Correct: 23/128 | Elapsed Time: 12.56s
2026-01-30 05:18:35,913 | INFO | Batch 300 | Loss: 2.3784 | Correct: 18/128 | Elapsed Time: 12.44s
2026-01-30 05:18:48,436 | INFO | Batch 310 | Loss: 2.3024 | Correct: 19/128 | Elapsed Time: 12.52s
2026-01-30 05:19:00,961 | INFO | Batch 320 | Loss: 2.3528 | Correct: 21/128 | Elapsed Time: 12.53s
2026-01-30 05:19:13,511 | INFO | Batch 330 | Loss: 2.3149 | Correct: 25/128 | Elapsed Time: 12.55s
2026-01-30 05:19:26,042 | INFO | Batch 340 | Loss: 2.2899 | Correct: 24/128 | Elapsed Time: 12.53s
2026-01-30 05:19:38,605 | INFO | Batch 350 | Loss: 2.3401 | Correct: 28/128 | Elapsed Time: 12.56s
2026-01-30 05:19:51,028 | INFO | Batch 360 | Loss: 2.2653 | Correct: 24/128 | Elapsed Time: 12.42s
2026-01-30 05:20:03,598 | INFO | Batch 370 | Loss: 2.3913 | Correct: 17/128 | Elapsed Time: 12.57s
2026-01-30 05:20:16,184 | INFO | Batch 380 | Loss: 2.4043 | Correct: 22/128 | Elapsed Time: 12.59s
2026-01-30 05:20:28,806 | INFO | Batch 390 | Loss: 2.2899 | Correct: 31/128 | Elapsed Time: 12.62s
2026-01-30 05:20:29,801 | INFO | Epoch [78/100] - Loss: 2.3391 | Correct: 8457/50000 (16.91%, 489.92s)
2026-01-30 05:21:14,552 | INFO | Validation - Loss: 2.5318 | Correct: 1000/10000 (10.00%) (44.75s)
2026-01-30 05:21:27,061 | INFO | Batch 10 | Loss: 2.3401 | Correct: 17/128 | Elapsed Time: 12.51s
2026-01-30 05:21:39,603 | INFO | Batch 20 | Loss: 2.3024 | Correct: 28/128 | Elapsed Time: 12.54s
2026-01-30 05:21:52,149 | INFO | Batch 30 | Loss: 2.2530 | Correct: 26/128 | Elapsed Time: 12.55s
2026-01-30 05:22:04,740 | INFO | Batch 40 | Loss: 2.3913 | Correct: 24/128 | Elapsed Time: 12.59s
2026-01-30 05:22:17,320 | INFO | Batch 50 | Loss: 2.2899 | Correct: 19/128 | Elapsed Time: 12.58s
2026-01-30 05:22:29,895 | INFO | Batch 60 | Loss: 2.3401 | Correct: 21/128 | Elapsed Time: 12.57s
2026-01-30 05:22:42,331 | INFO | Batch 70 | Loss: 2.2653 | Correct: 20/128 | Elapsed Time: 12.44s
2026-01-30 05:22:54,853 | INFO | Batch 80 | Loss: 2.2530 | Correct: 21/128 | Elapsed Time: 12.52s
2026-01-30 05:23:07,507 | INFO | Batch 90 | Loss: 2.3149 | Correct: 20/128 | Elapsed Time: 12.65s
2026-01-30 05:23:19,991 | INFO | Batch 100 | Loss: 2.3024 | Correct: 28/128 | Elapsed Time: 12.48s
2026-01-30 05:23:32,570 | INFO | Batch 110 | Loss: 2.3656 | Correct: 22/128 | Elapsed Time: 12.58s
2026-01-30 05:23:45,150 | INFO | Batch 120 | Loss: 2.3913 | Correct: 21/128 | Elapsed Time: 12.58s
2026-01-30 05:23:57,622 | INFO | Batch 130 | Loss: 2.4305 | Correct: 15/128 | Elapsed Time: 12.47s
2026-01-30 05:24:10,249 | INFO | Batch 140 | Loss: 2.3784 | Correct: 16/128 | Elapsed Time: 12.63s
2026-01-30 05:24:22,809 | INFO | Batch 150 | Loss: 2.2776 | Correct: 23/128 | Elapsed Time: 12.56s
2026-01-30 05:24:35,364 | INFO | Batch 160 | Loss: 2.3913 | Correct: 17/128 | Elapsed Time: 12.55s
2026-01-30 05:24:47,831 | INFO | Batch 170 | Loss: 2.4570 | Correct: 17/128 | Elapsed Time: 12.47s
2026-01-30 05:25:00,389 | INFO | Batch 180 | Loss: 2.4043 | Correct: 19/128 | Elapsed Time: 12.56s
2026-01-30 05:25:13,004 | INFO | Batch 190 | Loss: 2.3024 | Correct: 22/128 | Elapsed Time: 12.62s
2026-01-30 05:25:25,486 | INFO | Batch 200 | Loss: 2.3656 | Correct: 19/128 | Elapsed Time: 12.48s
2026-01-30 05:25:38,041 | INFO | Batch 210 | Loss: 2.3274 | Correct: 22/128 | Elapsed Time: 12.56s
2026-01-30 05:25:50,612 | INFO | Batch 220 | Loss: 2.2776 | Correct: 23/128 | Elapsed Time: 12.57s
2026-01-30 05:26:03,099 | INFO | Batch 230 | Loss: 2.3401 | Correct: 18/128 | Elapsed Time: 12.49s
2026-01-30 05:26:15,700 | INFO | Batch 240 | Loss: 2.2776 | Correct: 28/128 | Elapsed Time: 12.60s
2026-01-30 05:26:28,274 | INFO | Batch 250 | Loss: 2.3656 | Correct: 24/128 | Elapsed Time: 12.57s
2026-01-30 05:26:40,731 | INFO | Batch 260 | Loss: 2.4043 | Correct: 18/128 | Elapsed Time: 12.46s
2026-01-30 05:26:53,268 | INFO | Batch 270 | Loss: 2.3024 | Correct: 18/128 | Elapsed Time: 12.54s
2026-01-30 05:27:05,927 | INFO | Batch 280 | Loss: 2.2899 | Correct: 27/128 | Elapsed Time: 12.66s
2026-01-30 05:27:18,402 | INFO | Batch 290 | Loss: 2.2899 | Correct: 21/128 | Elapsed Time: 12.48s
2026-01-30 05:27:30,953 | INFO | Batch 300 | Loss: 2.3149 | Correct: 23/128 | Elapsed Time: 12.55s
2026-01-30 05:27:43,518 | INFO | Batch 310 | Loss: 2.3784 | Correct: 24/128 | Elapsed Time: 12.57s
2026-01-30 05:27:55,994 | INFO | Batch 320 | Loss: 2.3784 | Correct: 22/128 | Elapsed Time: 12.48s
2026-01-30 05:28:08,571 | INFO | Batch 330 | Loss: 2.4570 | Correct: 16/128 | Elapsed Time: 12.58s
2026-01-30 05:28:21,131 | INFO | Batch 340 | Loss: 2.3784 | Correct: 19/128 | Elapsed Time: 12.56s
2026-01-30 05:28:33,609 | INFO | Batch 350 | Loss: 2.3401 | Correct: 28/128 | Elapsed Time: 12.48s
2026-01-30 05:28:46,132 | INFO | Batch 360 | Loss: 2.5381 | Correct: 17/128 | Elapsed Time: 12.52s
2026-01-30 05:28:58,691 | INFO | Batch 370 | Loss: 2.4043 | Correct: 20/128 | Elapsed Time: 12.56s
2026-01-30 05:29:11,232 | INFO | Batch 380 | Loss: 2.3784 | Correct: 24/128 | Elapsed Time: 12.54s
2026-01-30 05:29:23,811 | INFO | Batch 390 | Loss: 2.2899 | Correct: 28/128 | Elapsed Time: 12.58s
2026-01-30 05:29:24,811 | INFO | Epoch [79/100] - Loss: 2.3411 | Correct: 8524/50000 (17.05%, 490.26s)
2026-01-30 05:30:09,390 | INFO | Validation - Loss: 2.5824 | Correct: 1000/10000 (10.00%) (44.58s)
2026-01-30 05:30:22,130 | INFO | Batch 10 | Loss: 2.3401 | Correct: 23/128 | Elapsed Time: 12.74s
2026-01-30 05:30:34,754 | INFO | Batch 20 | Loss: 2.3784 | Correct: 23/128 | Elapsed Time: 12.62s
2026-01-30 05:30:47,203 | INFO | Batch 30 | Loss: 2.4305 | Correct: 16/128 | Elapsed Time: 12.45s
2026-01-30 05:30:59,723 | INFO | Batch 40 | Loss: 2.3149 | Correct: 20/128 | Elapsed Time: 12.52s
2026-01-30 05:31:12,327 | INFO | Batch 50 | Loss: 2.3784 | Correct: 19/128 | Elapsed Time: 12.60s
2026-01-30 05:31:24,786 | INFO | Batch 60 | Loss: 2.3784 | Correct: 19/128 | Elapsed Time: 12.46s
2026-01-30 05:31:37,360 | INFO | Batch 70 | Loss: 2.3401 | Correct: 11/128 | Elapsed Time: 12.57s
2026-01-30 05:31:49,930 | INFO | Batch 80 | Loss: 2.2899 | Correct: 27/128 | Elapsed Time: 12.57s
2026-01-30 05:32:02,424 | INFO | Batch 90 | Loss: 2.3913 | Correct: 15/128 | Elapsed Time: 12.49s
2026-01-30 05:32:14,975 | INFO | Batch 100 | Loss: 2.3024 | Correct: 25/128 | Elapsed Time: 12.55s
2026-01-30 05:32:27,543 | INFO | Batch 110 | Loss: 2.2530 | Correct: 25/128 | Elapsed Time: 12.57s
2026-01-30 05:32:40,040 | INFO | Batch 120 | Loss: 2.2776 | Correct: 24/128 | Elapsed Time: 12.50s
2026-01-30 05:32:52,592 | INFO | Batch 130 | Loss: 2.4174 | Correct: 15/128 | Elapsed Time: 12.55s
2026-01-30 05:33:05,219 | INFO | Batch 140 | Loss: 2.2530 | Correct: 28/128 | Elapsed Time: 12.63s
2026-01-30 05:33:17,669 | INFO | Batch 150 | Loss: 2.4570 | Correct: 12/128 | Elapsed Time: 12.45s
2026-01-30 05:33:30,227 | INFO | Batch 160 | Loss: 2.4972 | Correct: 14/128 | Elapsed Time: 12.56s
2026-01-30 05:33:42,801 | INFO | Batch 170 | Loss: 2.3024 | Correct: 17/128 | Elapsed Time: 12.57s
2026-01-30 05:33:55,256 | INFO | Batch 180 | Loss: 2.2167 | Correct: 31/128 | Elapsed Time: 12.46s
2026-01-30 05:34:07,863 | INFO | Batch 190 | Loss: 2.2899 | Correct: 26/128 | Elapsed Time: 12.61s
2026-01-30 05:34:20,397 | INFO | Batch 200 | Loss: 2.2167 | Correct: 22/128 | Elapsed Time: 12.53s
2026-01-30 05:34:32,874 | INFO | Batch 210 | Loss: 2.3528 | Correct: 25/128 | Elapsed Time: 12.48s
2026-01-30 05:34:45,426 | INFO | Batch 220 | Loss: 2.2653 | Correct: 32/128 | Elapsed Time: 12.55s
2026-01-30 05:34:57,908 | INFO | Batch 230 | Loss: 2.3528 | Correct: 24/128 | Elapsed Time: 12.48s
2026-01-30 05:35:10,515 | INFO | Batch 240 | Loss: 2.1929 | Correct: 26/128 | Elapsed Time: 12.61s
2026-01-30 05:35:22,971 | INFO | Batch 250 | Loss: 2.2899 | Correct: 19/128 | Elapsed Time: 12.46s
2026-01-30 05:35:35,507 | INFO | Batch 260 | Loss: 2.2530 | Correct: 27/128 | Elapsed Time: 12.54s
2026-01-30 05:35:48,117 | INFO | Batch 270 | Loss: 2.2653 | Correct: 24/128 | Elapsed Time: 12.61s
2026-01-30 05:36:00,555 | INFO | Batch 280 | Loss: 2.3656 | Correct: 21/128 | Elapsed Time: 12.44s
2026-01-30 05:36:13,179 | INFO | Batch 290 | Loss: 2.3274 | Correct: 25/128 | Elapsed Time: 12.62s
2026-01-30 05:36:25,740 | INFO | Batch 300 | Loss: 2.3528 | Correct: 13/128 | Elapsed Time: 12.56s
2026-01-30 05:36:38,223 | INFO | Batch 310 | Loss: 2.2653 | Correct: 24/128 | Elapsed Time: 12.48s
2026-01-30 05:36:50,799 | INFO | Batch 320 | Loss: 2.4305 | Correct: 22/128 | Elapsed Time: 12.58s
2026-01-30 05:37:03,366 | INFO | Batch 330 | Loss: 2.4043 | Correct: 19/128 | Elapsed Time: 12.57s
2026-01-30 05:37:15,840 | INFO | Batch 340 | Loss: 2.3528 | Correct: 21/128 | Elapsed Time: 12.47s
2026-01-30 05:37:28,388 | INFO | Batch 350 | Loss: 2.4174 | Correct: 20/128 | Elapsed Time: 12.55s
2026-01-30 05:37:40,948 | INFO | Batch 360 | Loss: 2.3784 | Correct: 26/128 | Elapsed Time: 12.56s
2026-01-30 05:37:53,378 | INFO | Batch 370 | Loss: 2.3656 | Correct: 21/128 | Elapsed Time: 12.43s
2026-01-30 05:38:05,978 | INFO | Batch 380 | Loss: 2.3656 | Correct: 23/128 | Elapsed Time: 12.60s
2026-01-30 05:38:18,561 | INFO | Batch 390 | Loss: 2.5108 | Correct: 20/128 | Elapsed Time: 12.58s
2026-01-30 05:38:19,558 | INFO | Epoch [80/100] - Loss: 2.3391 | Correct: 8428/50000 (16.86%, 490.16s)
2026-01-30 05:39:04,265 | INFO | Validation - Loss: 2.5719 | Correct: 1000/10000 (10.00%) (44.71s)
2026-01-30 05:39:16,738 | INFO | Batch 10 | Loss: 2.3784 | Correct: 18/128 | Elapsed Time: 12.47s
2026-01-30 05:39:29,309 | INFO | Batch 20 | Loss: 2.2530 | Correct: 24/128 | Elapsed Time: 12.57s
2026-01-30 05:39:41,885 | INFO | Batch 30 | Loss: 2.3528 | Correct: 16/128 | Elapsed Time: 12.58s
2026-01-30 05:39:54,437 | INFO | Batch 40 | Loss: 2.3024 | Correct: 20/128 | Elapsed Time: 12.55s
2026-01-30 05:40:06,934 | INFO | Batch 50 | Loss: 2.3149 | Correct: 16/128 | Elapsed Time: 12.50s
2026-01-30 05:40:19,990 | INFO | Batch 60 | Loss: 2.4043 | Correct: 20/128 | Elapsed Time: 13.06s
2026-01-30 05:40:32,686 | INFO | Batch 70 | Loss: 2.3401 | Correct: 18/128 | Elapsed Time: 12.70s
2026-01-30 05:40:45,137 | INFO | Batch 80 | Loss: 2.2776 | Correct: 22/128 | Elapsed Time: 12.45s
2026-01-30 05:40:57,680 | INFO | Batch 90 | Loss: 2.3149 | Correct: 32/128 | Elapsed Time: 12.54s
2026-01-30 05:41:10,334 | INFO | Batch 100 | Loss: 2.3784 | Correct: 18/128 | Elapsed Time: 12.65s
2026-01-30 05:41:22,801 | INFO | Batch 110 | Loss: 2.4570 | Correct: 17/128 | Elapsed Time: 12.47s
2026-01-30 05:41:35,369 | INFO | Batch 120 | Loss: 2.3024 | Correct: 21/128 | Elapsed Time: 12.57s
2026-01-30 05:41:47,944 | INFO | Batch 130 | Loss: 2.4837 | Correct: 22/128 | Elapsed Time: 12.57s
2026-01-30 05:42:00,423 | INFO | Batch 140 | Loss: 2.3913 | Correct: 17/128 | Elapsed Time: 12.48s
2026-01-30 05:42:13,006 | INFO | Batch 150 | Loss: 2.4174 | Correct: 12/128 | Elapsed Time: 12.58s
2026-01-30 05:42:25,587 | INFO | Batch 160 | Loss: 2.3401 | Correct: 17/128 | Elapsed Time: 12.58s
2026-01-30 05:42:38,052 | INFO | Batch 170 | Loss: 2.3401 | Correct: 22/128 | Elapsed Time: 12.47s
2026-01-30 05:42:50,623 | INFO | Batch 180 | Loss: 2.4837 | Correct: 18/128 | Elapsed Time: 12.57s
2026-01-30 05:43:03,227 | INFO | Batch 190 | Loss: 2.3149 | Correct: 20/128 | Elapsed Time: 12.60s
2026-01-30 05:43:15,687 | INFO | Batch 200 | Loss: 2.3656 | Correct: 21/128 | Elapsed Time: 12.46s
2026-01-30 05:43:28,256 | INFO | Batch 210 | Loss: 2.4174 | Correct: 21/128 | Elapsed Time: 12.57s
2026-01-30 05:43:40,806 | INFO | Batch 220 | Loss: 2.3913 | Correct: 18/128 | Elapsed Time: 12.55s
2026-01-30 05:43:53,278 | INFO | Batch 230 | Loss: 2.1459 | Correct: 28/128 | Elapsed Time: 12.47s
2026-01-30 05:44:05,927 | INFO | Batch 240 | Loss: 2.3024 | Correct: 26/128 | Elapsed Time: 12.65s
2026-01-30 05:44:18,496 | INFO | Batch 250 | Loss: 2.3528 | Correct: 25/128 | Elapsed Time: 12.57s
2026-01-30 05:44:30,974 | INFO | Batch 260 | Loss: 2.3656 | Correct: 21/128 | Elapsed Time: 12.48s
2026-01-30 05:44:43,554 | INFO | Batch 270 | Loss: 2.2776 | Correct: 21/128 | Elapsed Time: 12.58s
2026-01-30 05:44:56,090 | INFO | Batch 280 | Loss: 2.2288 | Correct: 25/128 | Elapsed Time: 12.54s
2026-01-30 05:45:08,645 | INFO | Batch 290 | Loss: 2.3913 | Correct: 25/128 | Elapsed Time: 12.56s
2026-01-30 05:45:21,212 | INFO | Batch 300 | Loss: 2.4043 | Correct: 17/128 | Elapsed Time: 12.57s
2026-01-30 05:45:33,776 | INFO | Batch 310 | Loss: 2.3784 | Correct: 20/128 | Elapsed Time: 12.56s
2026-01-30 05:45:46,345 | INFO | Batch 320 | Loss: 2.4837 | Correct: 21/128 | Elapsed Time: 12.57s
2026-01-30 05:45:58,822 | INFO | Batch 330 | Loss: 2.3656 | Correct: 17/128 | Elapsed Time: 12.48s
2026-01-30 05:46:11,456 | INFO | Batch 340 | Loss: 2.2288 | Correct: 30/128 | Elapsed Time: 12.63s
2026-01-30 05:46:23,953 | INFO | Batch 350 | Loss: 2.3913 | Correct: 24/128 | Elapsed Time: 12.50s
2026-01-30 05:46:36,415 | INFO | Batch 360 | Loss: 2.3149 | Correct: 24/128 | Elapsed Time: 12.46s
2026-01-30 05:46:48,966 | INFO | Batch 370 | Loss: 2.4570 | Correct: 19/128 | Elapsed Time: 12.55s
2026-01-30 05:47:01,542 | INFO | Batch 380 | Loss: 2.3274 | Correct: 26/128 | Elapsed Time: 12.58s
2026-01-30 05:47:14,042 | INFO | Batch 390 | Loss: 2.3784 | Correct: 22/128 | Elapsed Time: 12.50s
2026-01-30 05:47:15,035 | INFO | Epoch [81/100] - Loss: 2.3395 | Correct: 8567/50000 (17.13%, 490.77s)
2026-01-30 05:47:59,448 | INFO | Validation - Loss: 2.9003 | Correct: 1000/10000 (10.00%) (44.41s)
2026-01-30 05:48:12,061 | INFO | Batch 10 | Loss: 2.2899 | Correct: 21/128 | Elapsed Time: 12.61s
2026-01-30 05:48:24,596 | INFO | Batch 20 | Loss: 2.3274 | Correct: 23/128 | Elapsed Time: 12.53s
2026-01-30 05:48:37,044 | INFO | Batch 30 | Loss: 2.3528 | Correct: 19/128 | Elapsed Time: 12.45s
2026-01-30 05:48:49,614 | INFO | Batch 40 | Loss: 2.2288 | Correct: 18/128 | Elapsed Time: 12.57s
2026-01-30 05:49:02,211 | INFO | Batch 50 | Loss: 2.2776 | Correct: 25/128 | Elapsed Time: 12.60s
2026-01-30 05:49:14,827 | INFO | Batch 60 | Loss: 2.3024 | Correct: 20/128 | Elapsed Time: 12.62s
2026-01-30 05:49:27,285 | INFO | Batch 70 | Loss: 2.2167 | Correct: 23/128 | Elapsed Time: 12.46s
2026-01-30 05:49:39,829 | INFO | Batch 80 | Loss: 2.4043 | Correct: 22/128 | Elapsed Time: 12.54s
2026-01-30 05:49:52,380 | INFO | Batch 90 | Loss: 2.2653 | Correct: 21/128 | Elapsed Time: 12.55s
2026-01-30 05:50:04,861 | INFO | Batch 100 | Loss: 2.4174 | Correct: 16/128 | Elapsed Time: 12.48s
2026-01-30 05:50:17,477 | INFO | Batch 110 | Loss: 2.4305 | Correct: 16/128 | Elapsed Time: 12.62s
2026-01-30 05:50:30,116 | INFO | Batch 120 | Loss: 2.4174 | Correct: 16/128 | Elapsed Time: 12.64s
2026-01-30 05:50:42,581 | INFO | Batch 130 | Loss: 2.2048 | Correct: 30/128 | Elapsed Time: 12.46s
2026-01-30 05:50:55,150 | INFO | Batch 140 | Loss: 2.2776 | Correct: 20/128 | Elapsed Time: 12.57s
2026-01-30 05:51:07,784 | INFO | Batch 150 | Loss: 2.2530 | Correct: 23/128 | Elapsed Time: 12.63s
2026-01-30 05:51:20,249 | INFO | Batch 160 | Loss: 2.2530 | Correct: 27/128 | Elapsed Time: 12.46s
2026-01-30 05:51:32,854 | INFO | Batch 170 | Loss: 2.3528 | Correct: 19/128 | Elapsed Time: 12.61s
2026-01-30 05:51:45,417 | INFO | Batch 180 | Loss: 2.2899 | Correct: 23/128 | Elapsed Time: 12.56s
2026-01-30 05:51:57,868 | INFO | Batch 190 | Loss: 2.3913 | Correct: 25/128 | Elapsed Time: 12.45s
2026-01-30 05:52:10,556 | INFO | Batch 200 | Loss: 2.3656 | Correct: 18/128 | Elapsed Time: 12.69s
2026-01-30 05:52:23,071 | INFO | Batch 210 | Loss: 2.3784 | Correct: 19/128 | Elapsed Time: 12.52s
2026-01-30 05:52:35,542 | INFO | Batch 220 | Loss: 2.4043 | Correct: 14/128 | Elapsed Time: 12.47s
2026-01-30 05:52:48,096 | INFO | Batch 230 | Loss: 2.3784 | Correct: 19/128 | Elapsed Time: 12.55s
2026-01-30 05:53:00,666 | INFO | Batch 240 | Loss: 2.2899 | Correct: 21/128 | Elapsed Time: 12.57s
2026-01-30 05:53:13,207 | INFO | Batch 250 | Loss: 2.3913 | Correct: 29/128 | Elapsed Time: 12.54s
2026-01-30 05:53:25,734 | INFO | Batch 260 | Loss: 2.3528 | Correct: 24/128 | Elapsed Time: 12.53s
2026-01-30 05:53:38,264 | INFO | Batch 270 | Loss: 2.2899 | Correct: 26/128 | Elapsed Time: 12.53s
2026-01-30 05:53:50,816 | INFO | Batch 280 | Loss: 2.4437 | Correct: 11/128 | Elapsed Time: 12.55s
2026-01-30 05:54:03,308 | INFO | Batch 290 | Loss: 2.3913 | Correct: 15/128 | Elapsed Time: 12.49s
2026-01-30 05:54:15,875 | INFO | Batch 300 | Loss: 2.3528 | Correct: 25/128 | Elapsed Time: 12.57s
2026-01-30 05:54:28,423 | INFO | Batch 310 | Loss: 2.3401 | Correct: 24/128 | Elapsed Time: 12.55s
2026-01-30 05:54:40,870 | INFO | Batch 320 | Loss: 2.4703 | Correct: 20/128 | Elapsed Time: 12.45s
2026-01-30 05:54:53,429 | INFO | Batch 330 | Loss: 2.4174 | Correct: 19/128 | Elapsed Time: 12.56s
2026-01-30 05:55:06,045 | INFO | Batch 340 | Loss: 2.3656 | Correct: 19/128 | Elapsed Time: 12.62s
2026-01-30 05:55:18,503 | INFO | Batch 350 | Loss: 2.3528 | Correct: 18/128 | Elapsed Time: 12.46s
2026-01-30 05:55:31,072 | INFO | Batch 360 | Loss: 2.4043 | Correct: 24/128 | Elapsed Time: 12.57s
2026-01-30 05:55:43,609 | INFO | Batch 370 | Loss: 2.1929 | Correct: 20/128 | Elapsed Time: 12.54s
2026-01-30 05:55:56,050 | INFO | Batch 380 | Loss: 2.4703 | Correct: 23/128 | Elapsed Time: 12.44s
2026-01-30 05:56:08,658 | INFO | Batch 390 | Loss: 2.4570 | Correct: 16/128 | Elapsed Time: 12.61s
2026-01-30 05:56:09,656 | INFO | Epoch [82/100] - Loss: 2.3378 | Correct: 8457/50000 (16.91%, 490.21s)
2026-01-30 05:56:53,985 | INFO | Validation - Loss: 2.6674 | Correct: 1000/10000 (10.00%) (44.33s)
2026-01-30 05:57:06,633 | INFO | Batch 10 | Loss: 2.1692 | Correct: 24/128 | Elapsed Time: 12.65s
2026-01-30 05:57:19,072 | INFO | Batch 20 | Loss: 2.2288 | Correct: 30/128 | Elapsed Time: 12.44s
2026-01-30 05:57:31,632 | INFO | Batch 30 | Loss: 2.2409 | Correct: 26/128 | Elapsed Time: 12.56s
2026-01-30 05:57:44,162 | INFO | Batch 40 | Loss: 2.2653 | Correct: 22/128 | Elapsed Time: 12.53s
2026-01-30 05:57:56,610 | INFO | Batch 50 | Loss: 2.5519 | Correct: 15/128 | Elapsed Time: 12.45s
2026-01-30 05:58:09,230 | INFO | Batch 60 | Loss: 2.3656 | Correct: 19/128 | Elapsed Time: 12.62s
2026-01-30 05:58:21,801 | INFO | Batch 70 | Loss: 2.4174 | Correct: 19/128 | Elapsed Time: 12.57s
2026-01-30 05:58:34,234 | INFO | Batch 80 | Loss: 2.2409 | Correct: 24/128 | Elapsed Time: 12.43s
2026-01-30 05:58:46,747 | INFO | Batch 90 | Loss: 2.3024 | Correct: 21/128 | Elapsed Time: 12.51s
2026-01-30 05:58:59,295 | INFO | Batch 100 | Loss: 2.3401 | Correct: 18/128 | Elapsed Time: 12.55s
2026-01-30 05:59:11,938 | INFO | Batch 110 | Loss: 2.2776 | Correct: 27/128 | Elapsed Time: 12.64s
2026-01-30 05:59:24,397 | INFO | Batch 120 | Loss: 2.2530 | Correct: 24/128 | Elapsed Time: 12.46s
2026-01-30 05:59:36,938 | INFO | Batch 130 | Loss: 2.3913 | Correct: 19/128 | Elapsed Time: 12.54s
2026-01-30 05:59:49,504 | INFO | Batch 140 | Loss: 2.2288 | Correct: 25/128 | Elapsed Time: 12.57s
2026-01-30 06:00:02,011 | INFO | Batch 150 | Loss: 2.4043 | Correct: 19/128 | Elapsed Time: 12.51s
2026-01-30 06:00:14,616 | INFO | Batch 160 | Loss: 2.3401 | Correct: 25/128 | Elapsed Time: 12.61s
2026-01-30 06:00:27,322 | INFO | Batch 170 | Loss: 2.4043 | Correct: 23/128 | Elapsed Time: 12.71s
2026-01-30 06:00:39,793 | INFO | Batch 180 | Loss: 2.2048 | Correct: 23/128 | Elapsed Time: 12.47s
2026-01-30 06:00:52,329 | INFO | Batch 190 | Loss: 2.3274 | Correct: 25/128 | Elapsed Time: 12.54s
2026-01-30 06:01:04,934 | INFO | Batch 200 | Loss: 2.4043 | Correct: 19/128 | Elapsed Time: 12.61s
2026-01-30 06:01:17,399 | INFO | Batch 210 | Loss: 2.4570 | Correct: 19/128 | Elapsed Time: 12.47s
2026-01-30 06:01:29,958 | INFO | Batch 220 | Loss: 2.4174 | Correct: 17/128 | Elapsed Time: 12.56s
2026-01-30 06:01:42,492 | INFO | Batch 230 | Loss: 2.3274 | Correct: 25/128 | Elapsed Time: 12.53s
2026-01-30 06:01:54,970 | INFO | Batch 240 | Loss: 2.3024 | Correct: 22/128 | Elapsed Time: 12.48s
2026-01-30 06:02:07,549 | INFO | Batch 250 | Loss: 2.3784 | Correct: 24/128 | Elapsed Time: 12.58s
2026-01-30 06:02:20,078 | INFO | Batch 260 | Loss: 2.3528 | Correct: 20/128 | Elapsed Time: 12.53s
2026-01-30 06:02:32,498 | INFO | Batch 270 | Loss: 2.3401 | Correct: 25/128 | Elapsed Time: 12.42s
2026-01-30 06:02:45,044 | INFO | Batch 280 | Loss: 2.2288 | Correct: 26/128 | Elapsed Time: 12.55s
2026-01-30 06:02:57,589 | INFO | Batch 290 | Loss: 2.4305 | Correct: 20/128 | Elapsed Time: 12.55s
2026-01-30 06:03:10,128 | INFO | Batch 300 | Loss: 2.4043 | Correct: 20/128 | Elapsed Time: 12.54s
2026-01-30 06:03:22,672 | INFO | Batch 310 | Loss: 2.3149 | Correct: 21/128 | Elapsed Time: 12.54s
2026-01-30 06:03:35,245 | INFO | Batch 320 | Loss: 2.2899 | Correct: 23/128 | Elapsed Time: 12.57s
2026-01-30 06:03:47,796 | INFO | Batch 330 | Loss: 2.3913 | Correct: 19/128 | Elapsed Time: 12.55s
2026-01-30 06:04:00,271 | INFO | Batch 340 | Loss: 2.4437 | Correct: 23/128 | Elapsed Time: 12.47s
2026-01-30 06:04:12,869 | INFO | Batch 350 | Loss: 2.3656 | Correct: 16/128 | Elapsed Time: 12.60s
2026-01-30 06:04:25,409 | INFO | Batch 360 | Loss: 2.3024 | Correct: 23/128 | Elapsed Time: 12.54s
2026-01-30 06:04:37,864 | INFO | Batch 370 | Loss: 2.4174 | Correct: 18/128 | Elapsed Time: 12.45s
2026-01-30 06:04:50,413 | INFO | Batch 380 | Loss: 2.3784 | Correct: 25/128 | Elapsed Time: 12.55s
2026-01-30 06:05:02,978 | INFO | Batch 390 | Loss: 2.2409 | Correct: 25/128 | Elapsed Time: 12.56s
2026-01-30 06:05:03,994 | INFO | Epoch [83/100] - Loss: 2.3381 | Correct: 8451/50000 (16.90%, 490.01s)
2026-01-30 06:05:48,633 | INFO | Validation - Loss: 2.6912 | Correct: 1000/10000 (10.00%) (44.64s)
2026-01-30 06:06:01,100 | INFO | Batch 10 | Loss: 2.4043 | Correct: 25/128 | Elapsed Time: 12.46s
2026-01-30 06:06:13,735 | INFO | Batch 20 | Loss: 2.3149 | Correct: 28/128 | Elapsed Time: 12.63s
2026-01-30 06:06:26,274 | INFO | Batch 30 | Loss: 2.2653 | Correct: 25/128 | Elapsed Time: 12.54s
2026-01-30 06:06:38,741 | INFO | Batch 40 | Loss: 2.4305 | Correct: 25/128 | Elapsed Time: 12.47s
2026-01-30 06:06:51,263 | INFO | Batch 50 | Loss: 2.4703 | Correct: 25/128 | Elapsed Time: 12.52s
2026-01-30 06:07:03,930 | INFO | Batch 60 | Loss: 2.3274 | Correct: 18/128 | Elapsed Time: 12.67s
2026-01-30 06:07:16,357 | INFO | Batch 70 | Loss: 2.2899 | Correct: 23/128 | Elapsed Time: 12.43s
2026-01-30 06:07:28,908 | INFO | Batch 80 | Loss: 2.3274 | Correct: 18/128 | Elapsed Time: 12.55s
2026-01-30 06:07:41,445 | INFO | Batch 90 | Loss: 2.2167 | Correct: 21/128 | Elapsed Time: 12.54s
2026-01-30 06:07:53,881 | INFO | Batch 100 | Loss: 2.4174 | Correct: 29/128 | Elapsed Time: 12.44s
2026-01-30 06:08:06,457 | INFO | Batch 110 | Loss: 2.2167 | Correct: 21/128 | Elapsed Time: 12.58s
2026-01-30 06:08:18,995 | INFO | Batch 120 | Loss: 2.2167 | Correct: 29/128 | Elapsed Time: 12.54s
2026-01-30 06:08:31,475 | INFO | Batch 130 | Loss: 2.4174 | Correct: 13/128 | Elapsed Time: 12.48s
2026-01-30 06:08:44,061 | INFO | Batch 140 | Loss: 2.2899 | Correct: 24/128 | Elapsed Time: 12.59s
2026-01-30 06:08:56,614 | INFO | Batch 150 | Loss: 2.2288 | Correct: 25/128 | Elapsed Time: 12.55s
2026-01-30 06:09:09,134 | INFO | Batch 160 | Loss: 2.4174 | Correct: 18/128 | Elapsed Time: 12.52s
2026-01-30 06:09:21,664 | INFO | Batch 170 | Loss: 2.3913 | Correct: 26/128 | Elapsed Time: 12.53s
2026-01-30 06:09:34,228 | INFO | Batch 180 | Loss: 2.2899 | Correct: 23/128 | Elapsed Time: 12.56s
2026-01-30 06:09:46,665 | INFO | Batch 190 | Loss: 2.3149 | Correct: 25/128 | Elapsed Time: 12.44s
2026-01-30 06:09:59,149 | INFO | Batch 200 | Loss: 2.3656 | Correct: 25/128 | Elapsed Time: 12.48s
2026-01-30 06:10:11,752 | INFO | Batch 210 | Loss: 2.2899 | Correct: 29/128 | Elapsed Time: 12.60s
2026-01-30 06:10:24,902 | INFO | Batch 220 | Loss: 2.2530 | Correct: 23/128 | Elapsed Time: 13.15s
2026-01-30 06:10:37,391 | INFO | Batch 230 | Loss: 2.3024 | Correct: 33/128 | Elapsed Time: 12.49s
2026-01-30 06:10:49,908 | INFO | Batch 240 | Loss: 2.3528 | Correct: 24/128 | Elapsed Time: 12.52s
2026-01-30 06:11:02,536 | INFO | Batch 250 | Loss: 2.3274 | Correct: 18/128 | Elapsed Time: 12.63s
2026-01-30 06:11:15,006 | INFO | Batch 260 | Loss: 2.4972 | Correct: 19/128 | Elapsed Time: 12.47s
2026-01-30 06:11:27,561 | INFO | Batch 270 | Loss: 2.3274 | Correct: 28/128 | Elapsed Time: 12.56s
2026-01-30 06:11:40,146 | INFO | Batch 280 | Loss: 2.2288 | Correct: 31/128 | Elapsed Time: 12.58s
2026-01-30 06:11:52,608 | INFO | Batch 290 | Loss: 2.4972 | Correct: 16/128 | Elapsed Time: 12.46s
2026-01-30 06:12:05,260 | INFO | Batch 300 | Loss: 2.3024 | Correct: 27/128 | Elapsed Time: 12.65s
2026-01-30 06:12:17,805 | INFO | Batch 310 | Loss: 2.4043 | Correct: 18/128 | Elapsed Time: 12.55s
2026-01-30 06:12:30,268 | INFO | Batch 320 | Loss: 2.3024 | Correct: 14/128 | Elapsed Time: 12.46s
2026-01-30 06:12:42,834 | INFO | Batch 330 | Loss: 2.1929 | Correct: 29/128 | Elapsed Time: 12.57s
2026-01-30 06:12:55,341 | INFO | Batch 340 | Loss: 2.2899 | Correct: 22/128 | Elapsed Time: 12.51s
2026-01-30 06:13:07,852 | INFO | Batch 350 | Loss: 2.2776 | Correct: 22/128 | Elapsed Time: 12.51s
2026-01-30 06:13:20,392 | INFO | Batch 360 | Loss: 2.3401 | Correct: 18/128 | Elapsed Time: 12.54s
2026-01-30 06:13:32,935 | INFO | Batch 370 | Loss: 2.3913 | Correct: 17/128 | Elapsed Time: 12.54s
2026-01-30 06:13:45,418 | INFO | Batch 380 | Loss: 2.4305 | Correct: 23/128 | Elapsed Time: 12.48s
2026-01-30 06:13:57,962 | INFO | Batch 390 | Loss: 2.4174 | Correct: 22/128 | Elapsed Time: 12.54s
2026-01-30 06:13:58,955 | INFO | Epoch [84/100] - Loss: 2.3417 | Correct: 8579/50000 (17.16%, 490.32s)
2026-01-30 06:14:43,703 | INFO | Validation - Loss: 2.6312 | Correct: 1000/10000 (10.00%) (44.75s)
2026-01-30 06:14:56,244 | INFO | Batch 10 | Loss: 2.4305 | Correct: 10/128 | Elapsed Time: 12.54s
2026-01-30 06:15:08,803 | INFO | Batch 20 | Loss: 2.5244 | Correct: 16/128 | Elapsed Time: 12.56s
2026-01-30 06:15:21,250 | INFO | Batch 30 | Loss: 2.3149 | Correct: 16/128 | Elapsed Time: 12.45s
2026-01-30 06:15:33,793 | INFO | Batch 40 | Loss: 2.3024 | Correct: 24/128 | Elapsed Time: 12.54s
2026-01-30 06:15:46,315 | INFO | Batch 50 | Loss: 2.3274 | Correct: 24/128 | Elapsed Time: 12.52s
2026-01-30 06:15:58,761 | INFO | Batch 60 | Loss: 2.3656 | Correct: 22/128 | Elapsed Time: 12.45s
2026-01-30 06:16:11,431 | INFO | Batch 70 | Loss: 2.3401 | Correct: 27/128 | Elapsed Time: 12.67s
2026-01-30 06:16:23,976 | INFO | Batch 80 | Loss: 2.1692 | Correct: 31/128 | Elapsed Time: 12.55s
2026-01-30 06:16:36,438 | INFO | Batch 90 | Loss: 2.4437 | Correct: 14/128 | Elapsed Time: 12.46s
2026-01-30 06:16:48,934 | INFO | Batch 100 | Loss: 2.2653 | Correct: 19/128 | Elapsed Time: 12.50s
2026-01-30 06:17:01,496 | INFO | Batch 110 | Loss: 2.2776 | Correct: 21/128 | Elapsed Time: 12.56s
2026-01-30 06:17:13,988 | INFO | Batch 120 | Loss: 2.4305 | Correct: 18/128 | Elapsed Time: 12.49s
2026-01-30 06:17:26,534 | INFO | Batch 130 | Loss: 2.4043 | Correct: 18/128 | Elapsed Time: 12.55s
2026-01-30 06:17:39,089 | INFO | Batch 140 | Loss: 2.2899 | Correct: 22/128 | Elapsed Time: 12.55s
2026-01-30 06:17:51,550 | INFO | Batch 150 | Loss: 2.2899 | Correct: 25/128 | Elapsed Time: 12.46s
2026-01-30 06:18:04,306 | INFO | Batch 160 | Loss: 2.3401 | Correct: 22/128 | Elapsed Time: 12.76s
2026-01-30 06:18:16,843 | INFO | Batch 170 | Loss: 2.1459 | Correct: 24/128 | Elapsed Time: 12.54s
2026-01-30 06:18:29,286 | INFO | Batch 180 | Loss: 2.4837 | Correct: 10/128 | Elapsed Time: 12.44s
2026-01-30 06:18:41,863 | INFO | Batch 190 | Loss: 2.2409 | Correct: 24/128 | Elapsed Time: 12.58s
2026-01-30 06:18:54,422 | INFO | Batch 200 | Loss: 2.2530 | Correct: 25/128 | Elapsed Time: 12.56s
2026-01-30 06:19:06,937 | INFO | Batch 210 | Loss: 2.3528 | Correct: 31/128 | Elapsed Time: 12.51s
2026-01-30 06:19:19,476 | INFO | Batch 220 | Loss: 2.3656 | Correct: 27/128 | Elapsed Time: 12.54s
2026-01-30 06:19:32,008 | INFO | Batch 230 | Loss: 2.3656 | Correct: 22/128 | Elapsed Time: 12.53s
2026-01-30 06:19:44,442 | INFO | Batch 240 | Loss: 2.2653 | Correct: 19/128 | Elapsed Time: 12.43s
2026-01-30 06:19:56,975 | INFO | Batch 250 | Loss: 2.3784 | Correct: 21/128 | Elapsed Time: 12.53s
2026-01-30 06:20:09,735 | INFO | Batch 260 | Loss: 2.3784 | Correct: 20/128 | Elapsed Time: 12.76s
2026-01-30 06:20:22,329 | INFO | Batch 270 | Loss: 2.3149 | Correct: 17/128 | Elapsed Time: 12.59s
2026-01-30 06:20:34,975 | INFO | Batch 280 | Loss: 2.3024 | Correct: 24/128 | Elapsed Time: 12.65s
2026-01-30 06:20:47,530 | INFO | Batch 290 | Loss: 2.3528 | Correct: 19/128 | Elapsed Time: 12.56s
2026-01-30 06:21:00,067 | INFO | Batch 300 | Loss: 2.3913 | Correct: 17/128 | Elapsed Time: 12.54s
2026-01-30 06:21:12,566 | INFO | Batch 310 | Loss: 2.2776 | Correct: 24/128 | Elapsed Time: 12.50s
2026-01-30 06:21:25,135 | INFO | Batch 320 | Loss: 2.3149 | Correct: 19/128 | Elapsed Time: 12.57s
2026-01-30 06:21:37,716 | INFO | Batch 330 | Loss: 2.3656 | Correct: 23/128 | Elapsed Time: 12.58s
2026-01-30 06:21:50,174 | INFO | Batch 340 | Loss: 2.4305 | Correct: 14/128 | Elapsed Time: 12.46s
2026-01-30 06:22:02,739 | INFO | Batch 350 | Loss: 2.2653 | Correct: 25/128 | Elapsed Time: 12.56s
2026-01-30 06:22:15,326 | INFO | Batch 360 | Loss: 2.2288 | Correct: 25/128 | Elapsed Time: 12.59s
2026-01-30 06:22:27,741 | INFO | Batch 370 | Loss: 2.4305 | Correct: 13/128 | Elapsed Time: 12.42s
2026-01-30 06:22:40,314 | INFO | Batch 380 | Loss: 2.3784 | Correct: 26/128 | Elapsed Time: 12.57s
2026-01-30 06:22:52,859 | INFO | Batch 390 | Loss: 2.3024 | Correct: 21/128 | Elapsed Time: 12.54s
2026-01-30 06:22:53,850 | INFO | Epoch [85/100] - Loss: 2.3463 | Correct: 8465/50000 (16.93%, 490.14s)
2026-01-30 06:23:38,414 | INFO | Validation - Loss: 2.7871 | Correct: 1000/10000 (10.00%) (44.56s)
2026-01-30 06:23:50,949 | INFO | Batch 10 | Loss: 2.2776 | Correct: 29/128 | Elapsed Time: 12.53s
2026-01-30 06:24:03,401 | INFO | Batch 20 | Loss: 2.2899 | Correct: 18/128 | Elapsed Time: 12.45s
2026-01-30 06:24:15,991 | INFO | Batch 30 | Loss: 2.4043 | Correct: 25/128 | Elapsed Time: 12.59s
2026-01-30 06:24:28,558 | INFO | Batch 40 | Loss: 2.2288 | Correct: 28/128 | Elapsed Time: 12.57s
2026-01-30 06:24:41,020 | INFO | Batch 50 | Loss: 2.3274 | Correct: 17/128 | Elapsed Time: 12.46s
2026-01-30 06:24:53,569 | INFO | Batch 60 | Loss: 2.4437 | Correct: 16/128 | Elapsed Time: 12.55s
2026-01-30 06:25:06,165 | INFO | Batch 70 | Loss: 2.3784 | Correct: 17/128 | Elapsed Time: 12.60s
2026-01-30 06:25:18,587 | INFO | Batch 80 | Loss: 2.3656 | Correct: 21/128 | Elapsed Time: 12.42s
2026-01-30 06:25:31,159 | INFO | Batch 90 | Loss: 2.3656 | Correct: 25/128 | Elapsed Time: 12.57s
2026-01-30 06:25:43,700 | INFO | Batch 100 | Loss: 2.3528 | Correct: 15/128 | Elapsed Time: 12.54s
2026-01-30 06:25:56,159 | INFO | Batch 110 | Loss: 2.2167 | Correct: 26/128 | Elapsed Time: 12.46s
2026-01-30 06:26:08,797 | INFO | Batch 120 | Loss: 2.3401 | Correct: 22/128 | Elapsed Time: 12.64s
2026-01-30 06:26:21,344 | INFO | Batch 130 | Loss: 2.5519 | Correct: 19/128 | Elapsed Time: 12.55s
2026-01-30 06:26:33,789 | INFO | Batch 140 | Loss: 2.3656 | Correct: 23/128 | Elapsed Time: 12.45s
2026-01-30 06:26:46,350 | INFO | Batch 150 | Loss: 2.3528 | Correct: 26/128 | Elapsed Time: 12.56s
2026-01-30 06:26:58,891 | INFO | Batch 160 | Loss: 2.2048 | Correct: 31/128 | Elapsed Time: 12.54s
2026-01-30 06:27:11,401 | INFO | Batch 170 | Loss: 2.2530 | Correct: 24/128 | Elapsed Time: 12.51s
2026-01-30 06:27:23,954 | INFO | Batch 180 | Loss: 2.4043 | Correct: 17/128 | Elapsed Time: 12.55s
2026-01-30 06:27:36,533 | INFO | Batch 190 | Loss: 2.3149 | Correct: 25/128 | Elapsed Time: 12.58s
2026-01-30 06:27:49,015 | INFO | Batch 200 | Loss: 2.2530 | Correct: 26/128 | Elapsed Time: 12.48s
2026-01-30 06:28:01,566 | INFO | Batch 210 | Loss: 2.2899 | Correct: 25/128 | Elapsed Time: 12.55s
2026-01-30 06:28:14,149 | INFO | Batch 220 | Loss: 2.2653 | Correct: 21/128 | Elapsed Time: 12.58s
2026-01-30 06:28:26,625 | INFO | Batch 230 | Loss: 2.3149 | Correct: 23/128 | Elapsed Time: 12.48s
2026-01-30 06:28:39,237 | INFO | Batch 240 | Loss: 2.3401 | Correct: 25/128 | Elapsed Time: 12.61s
2026-01-30 06:28:51,810 | INFO | Batch 250 | Loss: 2.4043 | Correct: 23/128 | Elapsed Time: 12.57s
2026-01-30 06:29:04,435 | INFO | Batch 260 | Loss: 2.3656 | Correct: 28/128 | Elapsed Time: 12.62s
2026-01-30 06:29:16,892 | INFO | Batch 270 | Loss: 2.4174 | Correct: 20/128 | Elapsed Time: 12.46s
2026-01-30 06:29:29,477 | INFO | Batch 280 | Loss: 2.2899 | Correct: 18/128 | Elapsed Time: 12.58s
2026-01-30 06:29:42,038 | INFO | Batch 290 | Loss: 2.4174 | Correct: 14/128 | Elapsed Time: 12.56s
2026-01-30 06:29:54,509 | INFO | Batch 300 | Loss: 2.3274 | Correct: 21/128 | Elapsed Time: 12.47s
2026-01-30 06:30:07,194 | INFO | Batch 310 | Loss: 2.3913 | Correct: 20/128 | Elapsed Time: 12.68s
2026-01-30 06:30:19,848 | INFO | Batch 320 | Loss: 2.2776 | Correct: 22/128 | Elapsed Time: 12.65s
2026-01-30 06:30:32,401 | INFO | Batch 330 | Loss: 2.3913 | Correct: 22/128 | Elapsed Time: 12.55s
2026-01-30 06:30:44,955 | INFO | Batch 340 | Loss: 2.3656 | Correct: 19/128 | Elapsed Time: 12.55s
2026-01-30 06:30:57,494 | INFO | Batch 350 | Loss: 2.3913 | Correct: 22/128 | Elapsed Time: 12.54s
2026-01-30 06:31:09,992 | INFO | Batch 360 | Loss: 2.2530 | Correct: 29/128 | Elapsed Time: 12.50s
2026-01-30 06:31:22,514 | INFO | Batch 370 | Loss: 2.3401 | Correct: 20/128 | Elapsed Time: 12.52s
2026-01-30 06:31:35,060 | INFO | Batch 380 | Loss: 2.3784 | Correct: 19/128 | Elapsed Time: 12.55s
2026-01-30 06:31:47,522 | INFO | Batch 390 | Loss: 2.3528 | Correct: 19/128 | Elapsed Time: 12.46s
2026-01-30 06:31:48,510 | INFO | Epoch [86/100] - Loss: 2.3429 | Correct: 8536/50000 (17.07%, 490.09s)
2026-01-30 06:32:33,199 | INFO | Validation - Loss: 2.6670 | Correct: 1000/10000 (10.00%) (44.69s)
2026-01-30 06:32:45,655 | INFO | Batch 10 | Loss: 2.3656 | Correct: 23/128 | Elapsed Time: 12.45s
2026-01-30 06:32:58,262 | INFO | Batch 20 | Loss: 2.4703 | Correct: 18/128 | Elapsed Time: 12.61s
2026-01-30 06:33:10,905 | INFO | Batch 30 | Loss: 2.3784 | Correct: 15/128 | Elapsed Time: 12.64s
2026-01-30 06:33:23,350 | INFO | Batch 40 | Loss: 2.2288 | Correct: 27/128 | Elapsed Time: 12.45s
2026-01-30 06:33:35,871 | INFO | Batch 50 | Loss: 2.3528 | Correct: 17/128 | Elapsed Time: 12.52s
2026-01-30 06:33:48,453 | INFO | Batch 60 | Loss: 2.4043 | Correct: 16/128 | Elapsed Time: 12.58s
2026-01-30 06:34:00,868 | INFO | Batch 70 | Loss: 2.3528 | Correct: 21/128 | Elapsed Time: 12.41s
2026-01-30 06:34:13,512 | INFO | Batch 80 | Loss: 2.4305 | Correct: 20/128 | Elapsed Time: 12.64s
2026-01-30 06:34:26,053 | INFO | Batch 90 | Loss: 2.3784 | Correct: 24/128 | Elapsed Time: 12.54s
2026-01-30 06:34:38,555 | INFO | Batch 100 | Loss: 2.3656 | Correct: 21/128 | Elapsed Time: 12.50s
2026-01-30 06:34:51,087 | INFO | Batch 110 | Loss: 2.4437 | Correct: 15/128 | Elapsed Time: 12.53s
2026-01-30 06:35:03,629 | INFO | Batch 120 | Loss: 2.3784 | Correct: 22/128 | Elapsed Time: 12.54s
2026-01-30 06:35:16,089 | INFO | Batch 130 | Loss: 2.2409 | Correct: 23/128 | Elapsed Time: 12.46s
2026-01-30 06:35:28,632 | INFO | Batch 140 | Loss: 2.3913 | Correct: 13/128 | Elapsed Time: 12.54s
2026-01-30 06:35:41,164 | INFO | Batch 150 | Loss: 2.3784 | Correct: 19/128 | Elapsed Time: 12.53s
2026-01-30 06:35:53,716 | INFO | Batch 160 | Loss: 2.2653 | Correct: 23/128 | Elapsed Time: 12.55s
2026-01-30 06:36:06,211 | INFO | Batch 170 | Loss: 2.4305 | Correct: 14/128 | Elapsed Time: 12.50s
2026-01-30 06:36:18,770 | INFO | Batch 180 | Loss: 2.4837 | Correct: 15/128 | Elapsed Time: 12.56s
2026-01-30 06:36:31,343 | INFO | Batch 190 | Loss: 2.2167 | Correct: 25/128 | Elapsed Time: 12.57s
2026-01-30 06:36:43,798 | INFO | Batch 200 | Loss: 2.2899 | Correct: 26/128 | Elapsed Time: 12.46s
2026-01-30 06:36:56,350 | INFO | Batch 210 | Loss: 2.3024 | Correct: 23/128 | Elapsed Time: 12.55s
2026-01-30 06:37:08,985 | INFO | Batch 220 | Loss: 2.1692 | Correct: 18/128 | Elapsed Time: 12.64s
2026-01-30 06:37:21,442 | INFO | Batch 230 | Loss: 2.2653 | Correct: 24/128 | Elapsed Time: 12.46s
2026-01-30 06:37:33,951 | INFO | Batch 240 | Loss: 2.3913 | Correct: 26/128 | Elapsed Time: 12.51s
2026-01-30 06:37:46,502 | INFO | Batch 250 | Loss: 2.4305 | Correct: 20/128 | Elapsed Time: 12.55s
2026-01-30 06:37:58,935 | INFO | Batch 260 | Loss: 2.3024 | Correct: 20/128 | Elapsed Time: 12.43s
2026-01-30 06:38:11,572 | INFO | Batch 270 | Loss: 2.3528 | Correct: 25/128 | Elapsed Time: 12.64s
2026-01-30 06:38:24,149 | INFO | Batch 280 | Loss: 2.4437 | Correct: 22/128 | Elapsed Time: 12.58s
2026-01-30 06:38:36,650 | INFO | Batch 290 | Loss: 2.1929 | Correct: 30/128 | Elapsed Time: 12.50s
2026-01-30 06:38:49,180 | INFO | Batch 300 | Loss: 2.4570 | Correct: 11/128 | Elapsed Time: 12.53s
2026-01-30 06:39:01,749 | INFO | Batch 310 | Loss: 2.3656 | Correct: 18/128 | Elapsed Time: 12.57s
2026-01-30 06:39:14,310 | INFO | Batch 320 | Loss: 2.2653 | Correct: 23/128 | Elapsed Time: 12.56s
2026-01-30 06:39:26,881 | INFO | Batch 330 | Loss: 2.1692 | Correct: 29/128 | Elapsed Time: 12.57s
2026-01-30 06:39:39,455 | INFO | Batch 340 | Loss: 2.3784 | Correct: 22/128 | Elapsed Time: 12.57s
2026-01-30 06:39:51,938 | INFO | Batch 350 | Loss: 2.4305 | Correct: 18/128 | Elapsed Time: 12.48s
2026-01-30 06:40:04,540 | INFO | Batch 360 | Loss: 2.2653 | Correct: 24/128 | Elapsed Time: 12.60s
2026-01-30 06:40:17,561 | INFO | Batch 370 | Loss: 2.2409 | Correct: 27/128 | Elapsed Time: 13.02s
2026-01-30 06:40:30,253 | INFO | Batch 380 | Loss: 2.5108 | Correct: 15/128 | Elapsed Time: 12.69s
2026-01-30 06:40:42,803 | INFO | Batch 390 | Loss: 2.3784 | Correct: 20/128 | Elapsed Time: 12.55s
2026-01-30 06:40:43,792 | INFO | Epoch [87/100] - Loss: 2.3430 | Correct: 8309/50000 (16.62%, 490.59s)
2026-01-30 06:41:28,472 | INFO | Validation - Loss: 2.7771 | Correct: 1000/10000 (10.00%) (44.68s)
2026-01-30 06:41:41,050 | INFO | Batch 10 | Loss: 2.2899 | Correct: 22/128 | Elapsed Time: 12.57s
2026-01-30 06:41:53,638 | INFO | Batch 20 | Loss: 2.3149 | Correct: 26/128 | Elapsed Time: 12.59s
2026-01-30 06:42:06,173 | INFO | Batch 30 | Loss: 2.4174 | Correct: 18/128 | Elapsed Time: 12.54s
2026-01-30 06:42:18,740 | INFO | Batch 40 | Loss: 2.3024 | Correct: 25/128 | Elapsed Time: 12.57s
2026-01-30 06:42:31,288 | INFO | Batch 50 | Loss: 2.2167 | Correct: 26/128 | Elapsed Time: 12.55s
2026-01-30 06:42:43,784 | INFO | Batch 60 | Loss: 2.3149 | Correct: 22/128 | Elapsed Time: 12.50s
2026-01-30 06:42:56,371 | INFO | Batch 70 | Loss: 2.3528 | Correct: 17/128 | Elapsed Time: 12.59s
2026-01-30 06:43:08,964 | INFO | Batch 80 | Loss: 2.4570 | Correct: 16/128 | Elapsed Time: 12.59s
2026-01-30 06:43:21,387 | INFO | Batch 90 | Loss: 2.2530 | Correct: 28/128 | Elapsed Time: 12.42s
2026-01-30 06:43:33,954 | INFO | Batch 100 | Loss: 2.3913 | Correct: 20/128 | Elapsed Time: 12.57s
2026-01-30 06:43:46,512 | INFO | Batch 110 | Loss: 2.4174 | Correct: 16/128 | Elapsed Time: 12.56s
2026-01-30 06:43:58,968 | INFO | Batch 120 | Loss: 2.2653 | Correct: 24/128 | Elapsed Time: 12.46s
2026-01-30 06:44:11,642 | INFO | Batch 130 | Loss: 2.2776 | Correct: 19/128 | Elapsed Time: 12.67s
2026-01-30 06:44:24,191 | INFO | Batch 140 | Loss: 2.2653 | Correct: 24/128 | Elapsed Time: 12.55s
2026-01-30 06:44:36,635 | INFO | Batch 150 | Loss: 2.2288 | Correct: 31/128 | Elapsed Time: 12.44s
2026-01-30 06:44:49,230 | INFO | Batch 160 | Loss: 2.3024 | Correct: 26/128 | Elapsed Time: 12.59s
2026-01-30 06:45:01,801 | INFO | Batch 170 | Loss: 2.3656 | Correct: 18/128 | Elapsed Time: 12.57s
2026-01-30 06:45:14,378 | INFO | Batch 180 | Loss: 2.2409 | Correct: 21/128 | Elapsed Time: 12.58s
2026-01-30 06:45:26,929 | INFO | Batch 190 | Loss: 2.4570 | Correct: 17/128 | Elapsed Time: 12.55s
2026-01-30 06:45:39,493 | INFO | Batch 200 | Loss: 2.3656 | Correct: 28/128 | Elapsed Time: 12.56s
2026-01-30 06:45:51,937 | INFO | Batch 210 | Loss: 2.3401 | Correct: 25/128 | Elapsed Time: 12.44s
2026-01-30 06:46:04,582 | INFO | Batch 220 | Loss: 2.4703 | Correct: 18/128 | Elapsed Time: 12.64s
2026-01-30 06:46:17,140 | INFO | Batch 230 | Loss: 2.3528 | Correct: 24/128 | Elapsed Time: 12.56s
2026-01-30 06:46:29,693 | INFO | Batch 240 | Loss: 2.2653 | Correct: 22/128 | Elapsed Time: 12.55s
2026-01-30 06:46:42,150 | INFO | Batch 250 | Loss: 2.3528 | Correct: 20/128 | Elapsed Time: 12.46s
2026-01-30 06:46:54,679 | INFO | Batch 260 | Loss: 2.2167 | Correct: 29/128 | Elapsed Time: 12.53s
2026-01-30 06:47:07,251 | INFO | Batch 270 | Loss: 2.3656 | Correct: 23/128 | Elapsed Time: 12.57s
2026-01-30 06:47:19,699 | INFO | Batch 280 | Loss: 2.2409 | Correct: 23/128 | Elapsed Time: 12.45s
2026-01-30 06:47:32,250 | INFO | Batch 290 | Loss: 2.4305 | Correct: 22/128 | Elapsed Time: 12.55s
2026-01-30 06:47:44,783 | INFO | Batch 300 | Loss: 2.3149 | Correct: 31/128 | Elapsed Time: 12.53s
2026-01-30 06:47:57,202 | INFO | Batch 310 | Loss: 2.3656 | Correct: 21/128 | Elapsed Time: 12.42s
2026-01-30 06:48:09,836 | INFO | Batch 320 | Loss: 2.2776 | Correct: 24/128 | Elapsed Time: 12.63s
2026-01-30 06:48:22,399 | INFO | Batch 330 | Loss: 2.3401 | Correct: 22/128 | Elapsed Time: 12.56s
2026-01-30 06:48:34,852 | INFO | Batch 340 | Loss: 2.3274 | Correct: 24/128 | Elapsed Time: 12.45s
2026-01-30 06:48:47,393 | INFO | Batch 350 | Loss: 2.2776 | Correct: 19/128 | Elapsed Time: 12.54s
2026-01-30 06:48:59,924 | INFO | Batch 360 | Loss: 2.2288 | Correct: 28/128 | Elapsed Time: 12.53s
2026-01-30 06:49:12,424 | INFO | Batch 370 | Loss: 2.3784 | Correct: 19/128 | Elapsed Time: 12.50s
2026-01-30 06:49:24,960 | INFO | Batch 380 | Loss: 2.3401 | Correct: 18/128 | Elapsed Time: 12.54s
2026-01-30 06:49:37,517 | INFO | Batch 390 | Loss: 2.2776 | Correct: 27/128 | Elapsed Time: 12.56s
2026-01-30 06:49:38,516 | INFO | Epoch [88/100] - Loss: 2.3363 | Correct: 8654/50000 (17.31%, 490.04s)
2026-01-30 06:50:23,248 | INFO | Validation - Loss: 2.6577 | Correct: 1000/10000 (10.00%) (44.73s)
2026-01-30 06:50:35,755 | INFO | Batch 10 | Loss: 2.4570 | Correct: 19/128 | Elapsed Time: 12.50s
2026-01-30 06:50:48,309 | INFO | Batch 20 | Loss: 2.4174 | Correct: 17/128 | Elapsed Time: 12.55s
2026-01-30 06:51:00,837 | INFO | Batch 30 | Loss: 2.2899 | Correct: 20/128 | Elapsed Time: 12.53s
2026-01-30 06:51:13,456 | INFO | Batch 40 | Loss: 2.4174 | Correct: 24/128 | Elapsed Time: 12.62s
2026-01-30 06:51:25,912 | INFO | Batch 50 | Loss: 2.2899 | Correct: 18/128 | Elapsed Time: 12.46s
2026-01-30 06:51:38,469 | INFO | Batch 60 | Loss: 2.3401 | Correct: 17/128 | Elapsed Time: 12.56s
2026-01-30 06:51:50,985 | INFO | Batch 70 | Loss: 2.3656 | Correct: 22/128 | Elapsed Time: 12.52s
2026-01-30 06:52:03,546 | INFO | Batch 80 | Loss: 2.3024 | Correct: 21/128 | Elapsed Time: 12.56s
2026-01-30 06:52:16,191 | INFO | Batch 90 | Loss: 2.4972 | Correct: 16/128 | Elapsed Time: 12.64s
2026-01-30 06:52:28,728 | INFO | Batch 100 | Loss: 2.3274 | Correct: 17/128 | Elapsed Time: 12.54s
2026-01-30 06:52:41,203 | INFO | Batch 110 | Loss: 2.3528 | Correct: 19/128 | Elapsed Time: 12.47s
2026-01-30 06:52:53,762 | INFO | Batch 120 | Loss: 2.2899 | Correct: 24/128 | Elapsed Time: 12.56s
2026-01-30 06:53:06,356 | INFO | Batch 130 | Loss: 2.2048 | Correct: 25/128 | Elapsed Time: 12.59s
2026-01-30 06:53:18,855 | INFO | Batch 140 | Loss: 2.2167 | Correct: 29/128 | Elapsed Time: 12.50s
2026-01-30 06:53:31,407 | INFO | Batch 150 | Loss: 2.4043 | Correct: 23/128 | Elapsed Time: 12.55s
2026-01-30 06:53:43,967 | INFO | Batch 160 | Loss: 2.3024 | Correct: 25/128 | Elapsed Time: 12.56s
2026-01-30 06:53:56,430 | INFO | Batch 170 | Loss: 2.3274 | Correct: 19/128 | Elapsed Time: 12.46s
2026-01-30 06:54:09,073 | INFO | Batch 180 | Loss: 2.3024 | Correct: 21/128 | Elapsed Time: 12.64s
2026-01-30 06:54:21,599 | INFO | Batch 190 | Loss: 2.2899 | Correct: 22/128 | Elapsed Time: 12.53s
2026-01-30 06:54:34,059 | INFO | Batch 200 | Loss: 2.3528 | Correct: 24/128 | Elapsed Time: 12.46s
2026-01-30 06:54:46,620 | INFO | Batch 210 | Loss: 2.2899 | Correct: 24/128 | Elapsed Time: 12.56s
2026-01-30 06:54:59,135 | INFO | Batch 220 | Loss: 2.2167 | Correct: 25/128 | Elapsed Time: 12.52s
2026-01-30 06:55:11,650 | INFO | Batch 230 | Loss: 2.1929 | Correct: 30/128 | Elapsed Time: 12.51s
2026-01-30 06:55:24,248 | INFO | Batch 240 | Loss: 2.2167 | Correct: 25/128 | Elapsed Time: 12.60s
2026-01-30 06:55:36,804 | INFO | Batch 250 | Loss: 2.3024 | Correct: 23/128 | Elapsed Time: 12.56s
2026-01-30 06:55:49,303 | INFO | Batch 260 | Loss: 2.4305 | Correct: 9/128 | Elapsed Time: 12.50s
2026-01-30 06:56:01,876 | INFO | Batch 270 | Loss: 2.2048 | Correct: 31/128 | Elapsed Time: 12.57s
2026-01-30 06:56:14,492 | INFO | Batch 280 | Loss: 2.2167 | Correct: 33/128 | Elapsed Time: 12.62s
2026-01-30 06:56:26,946 | INFO | Batch 290 | Loss: 2.2899 | Correct: 23/128 | Elapsed Time: 12.45s
2026-01-30 06:56:39,513 | INFO | Batch 300 | Loss: 2.2409 | Correct: 28/128 | Elapsed Time: 12.57s
2026-01-30 06:56:52,083 | INFO | Batch 310 | Loss: 2.2048 | Correct: 29/128 | Elapsed Time: 12.57s
2026-01-30 06:57:04,715 | INFO | Batch 320 | Loss: 2.3784 | Correct: 19/128 | Elapsed Time: 12.63s
2026-01-30 06:57:17,174 | INFO | Batch 330 | Loss: 2.2899 | Correct: 22/128 | Elapsed Time: 12.46s
2026-01-30 06:57:29,720 | INFO | Batch 340 | Loss: 2.3024 | Correct: 21/128 | Elapsed Time: 12.55s
2026-01-30 06:57:42,272 | INFO | Batch 350 | Loss: 2.2776 | Correct: 23/128 | Elapsed Time: 12.55s
2026-01-30 06:57:54,712 | INFO | Batch 360 | Loss: 2.3913 | Correct: 18/128 | Elapsed Time: 12.44s
2026-01-30 06:58:07,378 | INFO | Batch 370 | Loss: 2.4174 | Correct: 13/128 | Elapsed Time: 12.67s
2026-01-30 06:58:19,921 | INFO | Batch 380 | Loss: 2.2899 | Correct: 20/128 | Elapsed Time: 12.54s
2026-01-30 06:58:32,374 | INFO | Batch 390 | Loss: 2.3913 | Correct: 20/128 | Elapsed Time: 12.45s
2026-01-30 06:58:33,365 | INFO | Epoch [89/100] - Loss: 2.3365 | Correct: 8559/50000 (17.12%, 490.11s)
2026-01-30 06:59:17,952 | INFO | Validation - Loss: 2.6085 | Correct: 1000/10000 (10.00%) (44.59s)
2026-01-30 06:59:30,535 | INFO | Batch 10 | Loss: 2.1929 | Correct: 29/128 | Elapsed Time: 12.58s
2026-01-30 06:59:43,104 | INFO | Batch 20 | Loss: 2.3274 | Correct: 26/128 | Elapsed Time: 12.57s
2026-01-30 06:59:55,589 | INFO | Batch 30 | Loss: 2.3656 | Correct: 25/128 | Elapsed Time: 12.48s
2026-01-30 07:00:08,221 | INFO | Batch 40 | Loss: 2.3274 | Correct: 25/128 | Elapsed Time: 12.63s
2026-01-30 07:00:20,928 | INFO | Batch 50 | Loss: 2.3401 | Correct: 22/128 | Elapsed Time: 12.71s
2026-01-30 07:00:33,581 | INFO | Batch 60 | Loss: 2.4703 | Correct: 18/128 | Elapsed Time: 12.65s
2026-01-30 07:00:46,040 | INFO | Batch 70 | Loss: 2.4305 | Correct: 18/128 | Elapsed Time: 12.46s
2026-01-30 07:00:58,611 | INFO | Batch 80 | Loss: 2.4437 | Correct: 16/128 | Elapsed Time: 12.57s
2026-01-30 07:01:11,299 | INFO | Batch 90 | Loss: 2.3024 | Correct: 19/128 | Elapsed Time: 12.69s
2026-01-30 07:01:23,751 | INFO | Batch 100 | Loss: 2.2530 | Correct: 17/128 | Elapsed Time: 12.45s
2026-01-30 07:01:36,305 | INFO | Batch 110 | Loss: 2.3024 | Correct: 31/128 | Elapsed Time: 12.55s
2026-01-30 07:01:48,886 | INFO | Batch 120 | Loss: 2.3784 | Correct: 19/128 | Elapsed Time: 12.58s
2026-01-30 07:02:01,329 | INFO | Batch 130 | Loss: 2.3656 | Correct: 26/128 | Elapsed Time: 12.44s
2026-01-30 07:02:13,910 | INFO | Batch 140 | Loss: 2.3274 | Correct: 18/128 | Elapsed Time: 12.58s
2026-01-30 07:02:26,451 | INFO | Batch 150 | Loss: 2.4703 | Correct: 14/128 | Elapsed Time: 12.54s
2026-01-30 07:02:38,903 | INFO | Batch 160 | Loss: 2.2899 | Correct: 22/128 | Elapsed Time: 12.45s
2026-01-30 07:02:51,465 | INFO | Batch 170 | Loss: 2.3656 | Correct: 17/128 | Elapsed Time: 12.56s
2026-01-30 07:03:04,044 | INFO | Batch 180 | Loss: 2.3528 | Correct: 17/128 | Elapsed Time: 12.58s
2026-01-30 07:03:16,520 | INFO | Batch 190 | Loss: 2.3274 | Correct: 28/128 | Elapsed Time: 12.48s
2026-01-30 07:03:29,053 | INFO | Batch 200 | Loss: 2.3656 | Correct: 26/128 | Elapsed Time: 12.53s
2026-01-30 07:03:41,607 | INFO | Batch 210 | Loss: 2.3024 | Correct: 25/128 | Elapsed Time: 12.55s
2026-01-30 07:03:54,052 | INFO | Batch 220 | Loss: 2.3149 | Correct: 17/128 | Elapsed Time: 12.44s
2026-01-30 07:04:06,649 | INFO | Batch 230 | Loss: 2.2409 | Correct: 30/128 | Elapsed Time: 12.60s
2026-01-30 07:04:19,240 | INFO | Batch 240 | Loss: 2.4174 | Correct: 21/128 | Elapsed Time: 12.59s
2026-01-30 07:04:31,715 | INFO | Batch 250 | Loss: 2.2167 | Correct: 23/128 | Elapsed Time: 12.47s
2026-01-30 07:04:44,258 | INFO | Batch 260 | Loss: 2.2899 | Correct: 27/128 | Elapsed Time: 12.54s
2026-01-30 07:04:56,804 | INFO | Batch 270 | Loss: 2.3401 | Correct: 23/128 | Elapsed Time: 12.55s
2026-01-30 07:05:09,429 | INFO | Batch 280 | Loss: 2.3274 | Correct: 26/128 | Elapsed Time: 12.63s
2026-01-30 07:05:21,892 | INFO | Batch 290 | Loss: 2.3784 | Correct: 21/128 | Elapsed Time: 12.46s
2026-01-30 07:05:34,474 | INFO | Batch 300 | Loss: 2.4570 | Correct: 22/128 | Elapsed Time: 12.58s
2026-01-30 07:05:47,054 | INFO | Batch 310 | Loss: 2.1575 | Correct: 29/128 | Elapsed Time: 12.58s
2026-01-30 07:05:59,479 | INFO | Batch 320 | Loss: 2.3784 | Correct: 23/128 | Elapsed Time: 12.42s
2026-01-30 07:06:12,086 | INFO | Batch 330 | Loss: 2.2530 | Correct: 21/128 | Elapsed Time: 12.61s
2026-01-30 07:06:24,634 | INFO | Batch 340 | Loss: 2.3401 | Correct: 21/128 | Elapsed Time: 12.55s
2026-01-30 07:06:37,086 | INFO | Batch 350 | Loss: 2.2167 | Correct: 24/128 | Elapsed Time: 12.45s
2026-01-30 07:06:49,648 | INFO | Batch 360 | Loss: 2.3401 | Correct: 17/128 | Elapsed Time: 12.56s
2026-01-30 07:07:02,221 | INFO | Batch 370 | Loss: 2.4437 | Correct: 18/128 | Elapsed Time: 12.57s
2026-01-30 07:07:14,744 | INFO | Batch 380 | Loss: 2.2653 | Correct: 20/128 | Elapsed Time: 12.52s
2026-01-30 07:07:27,322 | INFO | Batch 390 | Loss: 2.3528 | Correct: 17/128 | Elapsed Time: 12.58s
2026-01-30 07:07:28,318 | INFO | Epoch [90/100] - Loss: 2.3393 | Correct: 8499/50000 (17.00%, 490.36s)
2026-01-30 07:08:12,971 | INFO | Validation - Loss: 2.5835 | Correct: 1000/10000 (10.00%) (44.65s)
2026-01-30 07:08:25,562 | INFO | Batch 10 | Loss: 2.4043 | Correct: 12/128 | Elapsed Time: 12.59s
2026-01-30 07:08:38,056 | INFO | Batch 20 | Loss: 2.3528 | Correct: 20/128 | Elapsed Time: 12.49s
2026-01-30 07:08:50,645 | INFO | Batch 30 | Loss: 2.2167 | Correct: 29/128 | Elapsed Time: 12.59s
2026-01-30 07:09:03,256 | INFO | Batch 40 | Loss: 2.3024 | Correct: 27/128 | Elapsed Time: 12.61s
2026-01-30 07:09:15,716 | INFO | Batch 50 | Loss: 2.2048 | Correct: 26/128 | Elapsed Time: 12.46s
2026-01-30 07:09:28,271 | INFO | Batch 60 | Loss: 2.3274 | Correct: 22/128 | Elapsed Time: 12.55s
2026-01-30 07:09:40,841 | INFO | Batch 70 | Loss: 2.3401 | Correct: 24/128 | Elapsed Time: 12.57s
2026-01-30 07:09:53,306 | INFO | Batch 80 | Loss: 2.2167 | Correct: 29/128 | Elapsed Time: 12.46s
2026-01-30 07:10:05,956 | INFO | Batch 90 | Loss: 2.4043 | Correct: 18/128 | Elapsed Time: 12.65s
2026-01-30 07:10:18,993 | INFO | Batch 100 | Loss: 2.2899 | Correct: 19/128 | Elapsed Time: 13.04s
2026-01-30 07:10:31,652 | INFO | Batch 110 | Loss: 2.3913 | Correct: 19/128 | Elapsed Time: 12.66s
2026-01-30 07:10:44,145 | INFO | Batch 120 | Loss: 2.2530 | Correct: 25/128 | Elapsed Time: 12.49s
2026-01-30 07:10:56,726 | INFO | Batch 130 | Loss: 2.4305 | Correct: 19/128 | Elapsed Time: 12.58s
2026-01-30 07:11:09,422 | INFO | Batch 140 | Loss: 2.3913 | Correct: 20/128 | Elapsed Time: 12.70s
2026-01-30 07:11:21,889 | INFO | Batch 150 | Loss: 2.3274 | Correct: 18/128 | Elapsed Time: 12.47s
2026-01-30 07:11:34,458 | INFO | Batch 160 | Loss: 2.3024 | Correct: 19/128 | Elapsed Time: 12.57s
2026-01-30 07:11:47,020 | INFO | Batch 170 | Loss: 2.3913 | Correct: 27/128 | Elapsed Time: 12.56s
2026-01-30 07:11:59,498 | INFO | Batch 180 | Loss: 2.4043 | Correct: 21/128 | Elapsed Time: 12.48s
2026-01-30 07:12:12,142 | INFO | Batch 190 | Loss: 2.3274 | Correct: 25/128 | Elapsed Time: 12.64s
2026-01-30 07:12:24,675 | INFO | Batch 200 | Loss: 2.4437 | Correct: 15/128 | Elapsed Time: 12.53s
2026-01-30 07:12:37,106 | INFO | Batch 210 | Loss: 2.3656 | Correct: 24/128 | Elapsed Time: 12.43s
2026-01-30 07:12:49,660 | INFO | Batch 220 | Loss: 2.2899 | Correct: 17/128 | Elapsed Time: 12.55s
2026-01-30 07:13:02,211 | INFO | Batch 230 | Loss: 2.2653 | Correct: 33/128 | Elapsed Time: 12.55s
2026-01-30 07:13:14,704 | INFO | Batch 240 | Loss: 2.4437 | Correct: 10/128 | Elapsed Time: 12.49s
2026-01-30 07:13:27,232 | INFO | Batch 250 | Loss: 2.2776 | Correct: 21/128 | Elapsed Time: 12.53s
2026-01-30 07:13:39,765 | INFO | Batch 260 | Loss: 2.4043 | Correct: 24/128 | Elapsed Time: 12.53s
2026-01-30 07:13:52,222 | INFO | Batch 270 | Loss: 2.5108 | Correct: 15/128 | Elapsed Time: 12.46s
2026-01-30 07:14:04,818 | INFO | Batch 280 | Loss: 2.2776 | Correct: 25/128 | Elapsed Time: 12.60s
2026-01-30 07:14:17,352 | INFO | Batch 290 | Loss: 2.5108 | Correct: 15/128 | Elapsed Time: 12.53s
2026-01-30 07:14:29,806 | INFO | Batch 300 | Loss: 2.3401 | Correct: 22/128 | Elapsed Time: 12.45s
2026-01-30 07:14:42,357 | INFO | Batch 310 | Loss: 2.3528 | Correct: 23/128 | Elapsed Time: 12.55s
2026-01-30 07:14:54,893 | INFO | Batch 320 | Loss: 2.3913 | Correct: 21/128 | Elapsed Time: 12.54s
2026-01-30 07:15:07,513 | INFO | Batch 330 | Loss: 2.4305 | Correct: 20/128 | Elapsed Time: 12.62s
2026-01-30 07:15:19,971 | INFO | Batch 340 | Loss: 2.4174 | Correct: 15/128 | Elapsed Time: 12.46s
2026-01-30 07:15:32,535 | INFO | Batch 350 | Loss: 2.3024 | Correct: 23/128 | Elapsed Time: 12.56s
2026-01-30 07:15:45,104 | INFO | Batch 360 | Loss: 2.2899 | Correct: 20/128 | Elapsed Time: 12.57s
2026-01-30 07:15:57,543 | INFO | Batch 370 | Loss: 2.3528 | Correct: 24/128 | Elapsed Time: 12.44s
2026-01-30 07:16:10,115 | INFO | Batch 380 | Loss: 2.4305 | Correct: 20/128 | Elapsed Time: 12.57s
2026-01-30 07:16:22,649 | INFO | Batch 390 | Loss: 2.3401 | Correct: 17/128 | Elapsed Time: 12.53s
2026-01-30 07:16:23,648 | INFO | Epoch [91/100] - Loss: 2.3433 | Correct: 8464/50000 (16.93%, 490.67s)
2026-01-30 07:17:08,228 | INFO | Validation - Loss: 2.5876 | Correct: 1000/10000 (10.00%) (44.58s)
2026-01-30 07:17:20,707 | INFO | Batch 10 | Loss: 2.3401 | Correct: 21/128 | Elapsed Time: 12.48s
2026-01-30 07:17:33,246 | INFO | Batch 20 | Loss: 2.3149 | Correct: 14/128 | Elapsed Time: 12.54s
2026-01-30 07:17:45,812 | INFO | Batch 30 | Loss: 2.4437 | Correct: 17/128 | Elapsed Time: 12.57s
2026-01-30 07:17:58,264 | INFO | Batch 40 | Loss: 2.3274 | Correct: 22/128 | Elapsed Time: 12.45s
2026-01-30 07:18:10,874 | INFO | Batch 50 | Loss: 2.4043 | Correct: 18/128 | Elapsed Time: 12.61s
2026-01-30 07:18:23,400 | INFO | Batch 60 | Loss: 2.4437 | Correct: 17/128 | Elapsed Time: 12.53s
2026-01-30 07:18:35,855 | INFO | Batch 70 | Loss: 2.2776 | Correct: 23/128 | Elapsed Time: 12.46s
2026-01-30 07:18:48,430 | INFO | Batch 80 | Loss: 2.2776 | Correct: 18/128 | Elapsed Time: 12.57s
2026-01-30 07:19:01,019 | INFO | Batch 90 | Loss: 2.2048 | Correct: 24/128 | Elapsed Time: 12.59s
2026-01-30 07:19:13,518 | INFO | Batch 100 | Loss: 2.2409 | Correct: 33/128 | Elapsed Time: 12.50s
2026-01-30 07:19:26,036 | INFO | Batch 110 | Loss: 2.3913 | Correct: 18/128 | Elapsed Time: 12.52s
2026-01-30 07:19:38,603 | INFO | Batch 120 | Loss: 2.2167 | Correct: 24/128 | Elapsed Time: 12.57s
2026-01-30 07:19:51,057 | INFO | Batch 130 | Loss: 2.2167 | Correct: 26/128 | Elapsed Time: 12.45s
2026-01-30 07:20:03,618 | INFO | Batch 140 | Loss: 2.2530 | Correct: 30/128 | Elapsed Time: 12.56s
2026-01-30 07:20:16,232 | INFO | Batch 150 | Loss: 2.3913 | Correct: 23/128 | Elapsed Time: 12.61s
2026-01-30 07:20:28,839 | INFO | Batch 160 | Loss: 2.3656 | Correct: 24/128 | Elapsed Time: 12.61s
2026-01-30 07:20:41,421 | INFO | Batch 170 | Loss: 2.2653 | Correct: 21/128 | Elapsed Time: 12.58s
2026-01-30 07:20:54,001 | INFO | Batch 180 | Loss: 2.2653 | Correct: 27/128 | Elapsed Time: 12.58s
2026-01-30 07:21:06,594 | INFO | Batch 190 | Loss: 2.4305 | Correct: 24/128 | Elapsed Time: 12.59s
2026-01-30 07:21:19,184 | INFO | Batch 200 | Loss: 2.2530 | Correct: 26/128 | Elapsed Time: 12.59s
2026-01-30 07:21:31,711 | INFO | Batch 210 | Loss: 2.5657 | Correct: 21/128 | Elapsed Time: 12.53s
2026-01-30 07:21:44,258 | INFO | Batch 220 | Loss: 2.1810 | Correct: 27/128 | Elapsed Time: 12.55s
2026-01-30 07:21:56,725 | INFO | Batch 230 | Loss: 2.2776 | Correct: 19/128 | Elapsed Time: 12.47s
2026-01-30 07:22:09,359 | INFO | Batch 240 | Loss: 2.3401 | Correct: 17/128 | Elapsed Time: 12.63s
2026-01-30 07:22:21,942 | INFO | Batch 250 | Loss: 2.3149 | Correct: 25/128 | Elapsed Time: 12.58s
2026-01-30 07:22:34,367 | INFO | Batch 260 | Loss: 2.4570 | Correct: 21/128 | Elapsed Time: 12.43s
2026-01-30 07:22:46,924 | INFO | Batch 270 | Loss: 2.3401 | Correct: 20/128 | Elapsed Time: 12.56s
2026-01-30 07:22:59,488 | INFO | Batch 280 | Loss: 2.4570 | Correct: 18/128 | Elapsed Time: 12.56s
2026-01-30 07:23:11,956 | INFO | Batch 290 | Loss: 2.3528 | Correct: 16/128 | Elapsed Time: 12.47s
2026-01-30 07:23:24,540 | INFO | Batch 300 | Loss: 2.2776 | Correct: 27/128 | Elapsed Time: 12.58s
2026-01-30 07:23:37,111 | INFO | Batch 310 | Loss: 2.1575 | Correct: 30/128 | Elapsed Time: 12.57s
2026-01-30 07:23:49,553 | INFO | Batch 320 | Loss: 2.4174 | Correct: 25/128 | Elapsed Time: 12.44s
2026-01-30 07:24:02,081 | INFO | Batch 330 | Loss: 2.3784 | Correct: 18/128 | Elapsed Time: 12.53s
2026-01-30 07:24:14,680 | INFO | Batch 340 | Loss: 2.4703 | Correct: 17/128 | Elapsed Time: 12.60s
2026-01-30 07:24:27,122 | INFO | Batch 350 | Loss: 2.3149 | Correct: 19/128 | Elapsed Time: 12.44s
2026-01-30 07:24:39,662 | INFO | Batch 360 | Loss: 2.3274 | Correct: 15/128 | Elapsed Time: 12.54s
2026-01-30 07:24:52,215 | INFO | Batch 370 | Loss: 2.4305 | Correct: 19/128 | Elapsed Time: 12.55s
2026-01-30 07:25:04,691 | INFO | Batch 380 | Loss: 2.4043 | Correct: 19/128 | Elapsed Time: 12.48s
2026-01-30 07:25:17,244 | INFO | Batch 390 | Loss: 2.3913 | Correct: 21/128 | Elapsed Time: 12.55s
2026-01-30 07:25:18,239 | INFO | Epoch [92/100] - Loss: 2.3445 | Correct: 8443/50000 (16.89%, 490.01s)
2026-01-30 07:26:02,739 | INFO | Validation - Loss: 2.7043 | Correct: 1000/10000 (10.00%) (44.50s)
2026-01-30 07:26:15,390 | INFO | Batch 10 | Loss: 2.2530 | Correct: 21/128 | Elapsed Time: 12.65s
2026-01-30 07:26:27,919 | INFO | Batch 20 | Loss: 2.3024 | Correct: 24/128 | Elapsed Time: 12.53s
2026-01-30 07:26:40,369 | INFO | Batch 30 | Loss: 2.3656 | Correct: 19/128 | Elapsed Time: 12.45s
2026-01-30 07:26:52,919 | INFO | Batch 40 | Loss: 2.2288 | Correct: 23/128 | Elapsed Time: 12.55s
2026-01-30 07:27:05,536 | INFO | Batch 50 | Loss: 2.2530 | Correct: 24/128 | Elapsed Time: 12.62s
2026-01-30 07:27:18,046 | INFO | Batch 60 | Loss: 2.3401 | Correct: 23/128 | Elapsed Time: 12.51s
2026-01-30 07:27:30,597 | INFO | Batch 70 | Loss: 2.3528 | Correct: 25/128 | Elapsed Time: 12.55s
2026-01-30 07:27:43,159 | INFO | Batch 80 | Loss: 2.3656 | Correct: 23/128 | Elapsed Time: 12.56s
2026-01-30 07:27:55,609 | INFO | Batch 90 | Loss: 2.2776 | Correct: 20/128 | Elapsed Time: 12.45s
2026-01-30 07:28:08,192 | INFO | Batch 100 | Loss: 2.2899 | Correct: 16/128 | Elapsed Time: 12.58s
2026-01-30 07:28:20,740 | INFO | Batch 110 | Loss: 2.3274 | Correct: 23/128 | Elapsed Time: 12.55s
2026-01-30 07:28:33,207 | INFO | Batch 120 | Loss: 2.3913 | Correct: 24/128 | Elapsed Time: 12.47s
2026-01-30 07:28:45,735 | INFO | Batch 130 | Loss: 2.4174 | Correct: 16/128 | Elapsed Time: 12.53s
2026-01-30 07:28:58,286 | INFO | Batch 140 | Loss: 2.2899 | Correct: 18/128 | Elapsed Time: 12.55s
2026-01-30 07:29:10,803 | INFO | Batch 150 | Loss: 2.3149 | Correct: 25/128 | Elapsed Time: 12.52s
2026-01-30 07:29:23,358 | INFO | Batch 160 | Loss: 2.2530 | Correct: 23/128 | Elapsed Time: 12.56s
2026-01-30 07:29:35,889 | INFO | Batch 170 | Loss: 2.3401 | Correct: 19/128 | Elapsed Time: 12.53s
2026-01-30 07:29:48,330 | INFO | Batch 180 | Loss: 2.4837 | Correct: 17/128 | Elapsed Time: 12.44s
2026-01-30 07:30:00,893 | INFO | Batch 190 | Loss: 2.1810 | Correct: 26/128 | Elapsed Time: 12.56s
2026-01-30 07:30:13,502 | INFO | Batch 200 | Loss: 2.3656 | Correct: 18/128 | Elapsed Time: 12.61s
2026-01-30 07:30:26,228 | INFO | Batch 210 | Loss: 2.2409 | Correct: 21/128 | Elapsed Time: 12.73s
2026-01-30 07:30:38,795 | INFO | Batch 220 | Loss: 2.3784 | Correct: 20/128 | Elapsed Time: 12.57s
2026-01-30 07:30:51,394 | INFO | Batch 230 | Loss: 2.2899 | Correct: 21/128 | Elapsed Time: 12.60s
2026-01-30 07:31:03,903 | INFO | Batch 240 | Loss: 2.3024 | Correct: 23/128 | Elapsed Time: 12.51s
2026-01-30 07:31:16,457 | INFO | Batch 250 | Loss: 2.3024 | Correct: 19/128 | Elapsed Time: 12.55s
2026-01-30 07:31:29,023 | INFO | Batch 260 | Loss: 2.4043 | Correct: 20/128 | Elapsed Time: 12.57s
2026-01-30 07:31:41,457 | INFO | Batch 270 | Loss: 2.2653 | Correct: 25/128 | Elapsed Time: 12.43s
2026-01-30 07:31:54,006 | INFO | Batch 280 | Loss: 2.3274 | Correct: 20/128 | Elapsed Time: 12.55s
2026-01-30 07:32:06,546 | INFO | Batch 290 | Loss: 2.3024 | Correct: 18/128 | Elapsed Time: 12.54s
2026-01-30 07:32:19,110 | INFO | Batch 300 | Loss: 2.4437 | Correct: 12/128 | Elapsed Time: 12.56s
2026-01-30 07:32:31,593 | INFO | Batch 310 | Loss: 2.2776 | Correct: 21/128 | Elapsed Time: 12.48s
2026-01-30 07:32:44,142 | INFO | Batch 320 | Loss: 2.4837 | Correct: 24/128 | Elapsed Time: 12.55s
2026-01-30 07:32:56,708 | INFO | Batch 330 | Loss: 2.3528 | Correct: 18/128 | Elapsed Time: 12.57s
2026-01-30 07:33:09,202 | INFO | Batch 340 | Loss: 2.2776 | Correct: 24/128 | Elapsed Time: 12.49s
2026-01-30 07:33:21,766 | INFO | Batch 350 | Loss: 2.5244 | Correct: 20/128 | Elapsed Time: 12.56s
2026-01-30 07:33:34,335 | INFO | Batch 360 | Loss: 2.3149 | Correct: 23/128 | Elapsed Time: 12.57s
2026-01-30 07:33:46,799 | INFO | Batch 370 | Loss: 2.4174 | Correct: 19/128 | Elapsed Time: 12.46s
2026-01-30 07:33:59,323 | INFO | Batch 380 | Loss: 2.3401 | Correct: 20/128 | Elapsed Time: 12.52s
2026-01-30 07:34:11,937 | INFO | Batch 390 | Loss: 2.3149 | Correct: 25/128 | Elapsed Time: 12.61s
2026-01-30 07:34:12,940 | INFO | Epoch [93/100] - Loss: 2.3432 | Correct: 8320/50000 (16.64%, 490.20s)
2026-01-30 07:34:57,498 | INFO | Validation - Loss: 2.8285 | Correct: 1000/10000 (10.00%) (44.56s)
2026-01-30 07:35:10,090 | INFO | Batch 10 | Loss: 2.3913 | Correct: 17/128 | Elapsed Time: 12.59s
2026-01-30 07:35:22,559 | INFO | Batch 20 | Loss: 2.3024 | Correct: 24/128 | Elapsed Time: 12.47s
2026-01-30 07:35:35,112 | INFO | Batch 30 | Loss: 2.3274 | Correct: 19/128 | Elapsed Time: 12.55s
2026-01-30 07:35:47,659 | INFO | Batch 40 | Loss: 2.2899 | Correct: 26/128 | Elapsed Time: 12.55s
2026-01-30 07:36:00,137 | INFO | Batch 50 | Loss: 2.3913 | Correct: 20/128 | Elapsed Time: 12.48s
2026-01-30 07:36:12,715 | INFO | Batch 60 | Loss: 2.4437 | Correct: 19/128 | Elapsed Time: 12.58s
2026-01-30 07:36:25,266 | INFO | Batch 70 | Loss: 2.3401 | Correct: 21/128 | Elapsed Time: 12.55s
2026-01-30 07:36:37,758 | INFO | Batch 80 | Loss: 2.4305 | Correct: 16/128 | Elapsed Time: 12.49s
2026-01-30 07:36:50,326 | INFO | Batch 90 | Loss: 2.3024 | Correct: 22/128 | Elapsed Time: 12.57s
2026-01-30 07:37:02,900 | INFO | Batch 100 | Loss: 2.2653 | Correct: 23/128 | Elapsed Time: 12.57s
2026-01-30 07:37:15,374 | INFO | Batch 110 | Loss: 2.3274 | Correct: 20/128 | Elapsed Time: 12.47s
2026-01-30 07:37:27,933 | INFO | Batch 120 | Loss: 2.4043 | Correct: 15/128 | Elapsed Time: 12.56s
2026-01-30 07:37:40,500 | INFO | Batch 130 | Loss: 2.2653 | Correct: 26/128 | Elapsed Time: 12.57s
2026-01-30 07:37:52,961 | INFO | Batch 140 | Loss: 2.2530 | Correct: 29/128 | Elapsed Time: 12.46s
2026-01-30 07:38:05,584 | INFO | Batch 150 | Loss: 2.2899 | Correct: 17/128 | Elapsed Time: 12.62s
2026-01-30 07:38:18,133 | INFO | Batch 160 | Loss: 2.3149 | Correct: 16/128 | Elapsed Time: 12.55s
2026-01-30 07:38:30,558 | INFO | Batch 170 | Loss: 2.4437 | Correct: 17/128 | Elapsed Time: 12.43s
2026-01-30 07:38:43,091 | INFO | Batch 180 | Loss: 2.2048 | Correct: 25/128 | Elapsed Time: 12.53s
2026-01-30 07:38:55,626 | INFO | Batch 190 | Loss: 2.4972 | Correct: 13/128 | Elapsed Time: 12.54s
2026-01-30 07:39:08,236 | INFO | Batch 200 | Loss: 2.3913 | Correct: 21/128 | Elapsed Time: 12.61s
2026-01-30 07:39:20,825 | INFO | Batch 210 | Loss: 2.3784 | Correct: 21/128 | Elapsed Time: 12.59s
2026-01-30 07:39:33,372 | INFO | Batch 220 | Loss: 2.3274 | Correct: 24/128 | Elapsed Time: 12.55s
2026-01-30 07:39:45,846 | INFO | Batch 230 | Loss: 2.2653 | Correct: 22/128 | Elapsed Time: 12.47s
2026-01-30 07:39:58,380 | INFO | Batch 240 | Loss: 2.2899 | Correct: 25/128 | Elapsed Time: 12.53s
2026-01-30 07:40:11,005 | INFO | Batch 250 | Loss: 2.2048 | Correct: 24/128 | Elapsed Time: 12.63s
2026-01-30 07:40:24,118 | INFO | Batch 260 | Loss: 2.3274 | Correct: 21/128 | Elapsed Time: 13.11s
2026-01-30 07:40:36,648 | INFO | Batch 270 | Loss: 2.5519 | Correct: 11/128 | Elapsed Time: 12.53s
2026-01-30 07:40:49,216 | INFO | Batch 280 | Loss: 2.2776 | Correct: 28/128 | Elapsed Time: 12.57s
2026-01-30 07:41:01,778 | INFO | Batch 290 | Loss: 2.2409 | Correct: 25/128 | Elapsed Time: 12.56s
2026-01-30 07:41:14,267 | INFO | Batch 300 | Loss: 2.2409 | Correct: 25/128 | Elapsed Time: 12.49s
2026-01-30 07:41:26,836 | INFO | Batch 310 | Loss: 2.3149 | Correct: 23/128 | Elapsed Time: 12.57s
2026-01-30 07:41:39,410 | INFO | Batch 320 | Loss: 2.4174 | Correct: 19/128 | Elapsed Time: 12.57s
2026-01-30 07:41:51,876 | INFO | Batch 330 | Loss: 2.2776 | Correct: 24/128 | Elapsed Time: 12.47s
2026-01-30 07:42:04,532 | INFO | Batch 340 | Loss: 2.4837 | Correct: 17/128 | Elapsed Time: 12.66s
2026-01-30 07:42:17,088 | INFO | Batch 350 | Loss: 2.4174 | Correct: 18/128 | Elapsed Time: 12.56s
2026-01-30 07:42:29,525 | INFO | Batch 360 | Loss: 2.2776 | Correct: 17/128 | Elapsed Time: 12.44s
2026-01-30 07:42:42,059 | INFO | Batch 370 | Loss: 2.3528 | Correct: 19/128 | Elapsed Time: 12.53s
2026-01-30 07:42:54,597 | INFO | Batch 380 | Loss: 2.2899 | Correct: 21/128 | Elapsed Time: 12.54s
2026-01-30 07:43:07,162 | INFO | Batch 390 | Loss: 2.4305 | Correct: 20/128 | Elapsed Time: 12.56s
2026-01-30 07:43:08,151 | INFO | Epoch [94/100] - Loss: 2.3360 | Correct: 8472/50000 (16.94%, 490.65s)
2026-01-30 07:43:52,727 | INFO | Validation - Loss: 2.7227 | Correct: 1000/10000 (10.00%) (44.58s)
2026-01-30 07:44:05,212 | INFO | Batch 10 | Loss: 2.4972 | Correct: 16/128 | Elapsed Time: 12.48s
2026-01-30 07:44:17,761 | INFO | Batch 20 | Loss: 2.3024 | Correct: 21/128 | Elapsed Time: 12.55s
2026-01-30 07:44:30,339 | INFO | Batch 30 | Loss: 2.4570 | Correct: 17/128 | Elapsed Time: 12.58s
2026-01-30 07:44:42,812 | INFO | Batch 40 | Loss: 2.3784 | Correct: 20/128 | Elapsed Time: 12.47s
2026-01-30 07:44:55,352 | INFO | Batch 50 | Loss: 2.2899 | Correct: 25/128 | Elapsed Time: 12.54s
2026-01-30 07:45:07,956 | INFO | Batch 60 | Loss: 2.3528 | Correct: 26/128 | Elapsed Time: 12.60s
2026-01-30 07:45:20,420 | INFO | Batch 70 | Loss: 2.4305 | Correct: 23/128 | Elapsed Time: 12.46s
2026-01-30 07:45:32,962 | INFO | Batch 80 | Loss: 2.3656 | Correct: 24/128 | Elapsed Time: 12.54s
2026-01-30 07:45:45,488 | INFO | Batch 90 | Loss: 2.2776 | Correct: 27/128 | Elapsed Time: 12.53s
2026-01-30 07:45:57,978 | INFO | Batch 100 | Loss: 2.3024 | Correct: 21/128 | Elapsed Time: 12.49s
2026-01-30 07:46:10,633 | INFO | Batch 110 | Loss: 2.3274 | Correct: 20/128 | Elapsed Time: 12.65s
2026-01-30 07:46:23,198 | INFO | Batch 120 | Loss: 2.4703 | Correct: 14/128 | Elapsed Time: 12.56s
2026-01-30 07:46:35,696 | INFO | Batch 130 | Loss: 2.3024 | Correct: 22/128 | Elapsed Time: 12.50s
2026-01-30 07:46:48,248 | INFO | Batch 140 | Loss: 2.2167 | Correct: 34/128 | Elapsed Time: 12.55s
2026-01-30 07:47:00,841 | INFO | Batch 150 | Loss: 2.3784 | Correct: 26/128 | Elapsed Time: 12.59s
2026-01-30 07:47:13,461 | INFO | Batch 160 | Loss: 2.3784 | Correct: 26/128 | Elapsed Time: 12.62s
2026-01-30 07:47:25,911 | INFO | Batch 170 | Loss: 2.3528 | Correct: 23/128 | Elapsed Time: 12.45s
2026-01-30 07:47:38,464 | INFO | Batch 180 | Loss: 2.2899 | Correct: 24/128 | Elapsed Time: 12.55s
2026-01-30 07:47:51,008 | INFO | Batch 190 | Loss: 2.2530 | Correct: 19/128 | Elapsed Time: 12.54s
2026-01-30 07:48:03,592 | INFO | Batch 200 | Loss: 2.3149 | Correct: 24/128 | Elapsed Time: 12.58s
2026-01-30 07:48:16,137 | INFO | Batch 210 | Loss: 2.5381 | Correct: 14/128 | Elapsed Time: 12.55s
2026-01-30 07:48:28,670 | INFO | Batch 220 | Loss: 2.1929 | Correct: 25/128 | Elapsed Time: 12.53s
2026-01-30 07:48:41,122 | INFO | Batch 230 | Loss: 2.5108 | Correct: 16/128 | Elapsed Time: 12.45s
2026-01-30 07:48:53,681 | INFO | Batch 240 | Loss: 2.4043 | Correct: 18/128 | Elapsed Time: 12.56s
2026-01-30 07:49:06,286 | INFO | Batch 250 | Loss: 2.1810 | Correct: 24/128 | Elapsed Time: 12.61s
2026-01-30 07:49:18,712 | INFO | Batch 260 | Loss: 2.3401 | Correct: 21/128 | Elapsed Time: 12.43s
2026-01-30 07:49:31,253 | INFO | Batch 270 | Loss: 2.4570 | Correct: 18/128 | Elapsed Time: 12.54s
2026-01-30 07:49:43,812 | INFO | Batch 280 | Loss: 2.4043 | Correct: 13/128 | Elapsed Time: 12.56s
2026-01-30 07:49:56,271 | INFO | Batch 290 | Loss: 2.1810 | Correct: 32/128 | Elapsed Time: 12.46s
2026-01-30 07:50:08,847 | INFO | Batch 300 | Loss: 2.3274 | Correct: 21/128 | Elapsed Time: 12.58s
2026-01-30 07:50:21,587 | INFO | Batch 310 | Loss: 2.4570 | Correct: 17/128 | Elapsed Time: 12.74s
2026-01-30 07:50:34,152 | INFO | Batch 320 | Loss: 2.3656 | Correct: 21/128 | Elapsed Time: 12.56s
2026-01-30 07:50:46,723 | INFO | Batch 330 | Loss: 2.3784 | Correct: 21/128 | Elapsed Time: 12.57s
2026-01-30 07:50:59,304 | INFO | Batch 340 | Loss: 2.3401 | Correct: 23/128 | Elapsed Time: 12.58s
2026-01-30 07:51:11,889 | INFO | Batch 350 | Loss: 2.2530 | Correct: 25/128 | Elapsed Time: 12.59s
2026-01-30 07:51:24,442 | INFO | Batch 360 | Loss: 2.4174 | Correct: 21/128 | Elapsed Time: 12.55s
2026-01-30 07:51:37,012 | INFO | Batch 370 | Loss: 2.3401 | Correct: 26/128 | Elapsed Time: 12.57s
2026-01-30 07:51:49,487 | INFO | Batch 380 | Loss: 2.3913 | Correct: 20/128 | Elapsed Time: 12.47s
2026-01-30 07:52:02,098 | INFO | Batch 390 | Loss: 2.4305 | Correct: 16/128 | Elapsed Time: 12.61s
2026-01-30 07:52:03,138 | INFO | Epoch [95/100] - Loss: 2.3438 | Correct: 8328/50000 (16.66%, 490.41s)
2026-01-30 07:52:47,726 | INFO | Validation - Loss: 2.6959 | Correct: 1000/10000 (10.00%) (44.59s)
2026-01-30 07:53:00,265 | INFO | Batch 10 | Loss: 2.3024 | Correct: 26/128 | Elapsed Time: 12.54s
2026-01-30 07:53:12,893 | INFO | Batch 20 | Loss: 2.3024 | Correct: 21/128 | Elapsed Time: 12.63s
2026-01-30 07:53:25,351 | INFO | Batch 30 | Loss: 2.3401 | Correct: 29/128 | Elapsed Time: 12.46s
2026-01-30 07:53:37,875 | INFO | Batch 40 | Loss: 2.3656 | Correct: 17/128 | Elapsed Time: 12.52s
2026-01-30 07:53:50,407 | INFO | Batch 50 | Loss: 2.1810 | Correct: 32/128 | Elapsed Time: 12.53s
2026-01-30 07:54:02,897 | INFO | Batch 60 | Loss: 2.3149 | Correct: 19/128 | Elapsed Time: 12.49s
2026-01-30 07:54:15,488 | INFO | Batch 70 | Loss: 2.3274 | Correct: 19/128 | Elapsed Time: 12.59s
2026-01-30 07:54:28,041 | INFO | Batch 80 | Loss: 2.4174 | Correct: 22/128 | Elapsed Time: 12.55s
2026-01-30 07:54:40,512 | INFO | Batch 90 | Loss: 2.2653 | Correct: 21/128 | Elapsed Time: 12.47s
2026-01-30 07:54:53,085 | INFO | Batch 100 | Loss: 2.3401 | Correct: 22/128 | Elapsed Time: 12.57s
2026-01-30 07:55:05,719 | INFO | Batch 110 | Loss: 2.3274 | Correct: 23/128 | Elapsed Time: 12.63s
2026-01-30 07:55:18,179 | INFO | Batch 120 | Loss: 2.2653 | Correct: 18/128 | Elapsed Time: 12.46s
2026-01-30 07:55:30,725 | INFO | Batch 130 | Loss: 2.3913 | Correct: 14/128 | Elapsed Time: 12.55s
2026-01-30 07:55:43,302 | INFO | Batch 140 | Loss: 2.3149 | Correct: 27/128 | Elapsed Time: 12.58s
2026-01-30 07:55:55,744 | INFO | Batch 150 | Loss: 2.3528 | Correct: 24/128 | Elapsed Time: 12.44s
2026-01-30 07:56:08,338 | INFO | Batch 160 | Loss: 2.4043 | Correct: 23/128 | Elapsed Time: 12.59s
2026-01-30 07:56:20,864 | INFO | Batch 170 | Loss: 2.3656 | Correct: 26/128 | Elapsed Time: 12.53s
2026-01-30 07:56:33,303 | INFO | Batch 180 | Loss: 2.4437 | Correct: 19/128 | Elapsed Time: 12.44s
2026-01-30 07:56:45,826 | INFO | Batch 190 | Loss: 2.3401 | Correct: 22/128 | Elapsed Time: 12.52s
2026-01-30 07:56:58,364 | INFO | Batch 200 | Loss: 2.3528 | Correct: 22/128 | Elapsed Time: 12.54s
2026-01-30 07:57:10,885 | INFO | Batch 210 | Loss: 2.3528 | Correct: 25/128 | Elapsed Time: 12.52s
2026-01-30 07:57:23,490 | INFO | Batch 220 | Loss: 2.2899 | Correct: 30/128 | Elapsed Time: 12.60s
2026-01-30 07:57:36,073 | INFO | Batch 230 | Loss: 2.2653 | Correct: 24/128 | Elapsed Time: 12.58s
2026-01-30 07:57:48,661 | INFO | Batch 240 | Loss: 2.3401 | Correct: 19/128 | Elapsed Time: 12.59s
2026-01-30 07:58:01,121 | INFO | Batch 250 | Loss: 2.2167 | Correct: 27/128 | Elapsed Time: 12.46s
2026-01-30 07:58:13,656 | INFO | Batch 260 | Loss: 2.2530 | Correct: 27/128 | Elapsed Time: 12.53s
2026-01-30 07:58:26,206 | INFO | Batch 270 | Loss: 2.3784 | Correct: 19/128 | Elapsed Time: 12.55s
2026-01-30 07:58:38,666 | INFO | Batch 280 | Loss: 2.3528 | Correct: 18/128 | Elapsed Time: 12.46s
2026-01-30 07:58:51,224 | INFO | Batch 290 | Loss: 2.4174 | Correct: 23/128 | Elapsed Time: 12.56s
2026-01-30 07:59:03,796 | INFO | Batch 300 | Loss: 2.2776 | Correct: 21/128 | Elapsed Time: 12.57s
2026-01-30 07:59:16,227 | INFO | Batch 310 | Loss: 2.3784 | Correct: 19/128 | Elapsed Time: 12.43s
2026-01-30 07:59:28,740 | INFO | Batch 320 | Loss: 2.3024 | Correct: 25/128 | Elapsed Time: 12.51s
2026-01-30 07:59:41,276 | INFO | Batch 330 | Loss: 2.3784 | Correct: 14/128 | Elapsed Time: 12.54s
2026-01-30 07:59:53,731 | INFO | Batch 340 | Loss: 2.4437 | Correct: 14/128 | Elapsed Time: 12.46s
2026-01-30 08:00:06,362 | INFO | Batch 350 | Loss: 2.4437 | Correct: 21/128 | Elapsed Time: 12.63s
2026-01-30 08:00:19,040 | INFO | Batch 360 | Loss: 2.3913 | Correct: 19/128 | Elapsed Time: 12.68s
2026-01-30 08:00:31,568 | INFO | Batch 370 | Loss: 2.3656 | Correct: 17/128 | Elapsed Time: 12.53s
2026-01-30 08:00:44,127 | INFO | Batch 380 | Loss: 2.2288 | Correct: 26/128 | Elapsed Time: 12.56s
2026-01-30 08:00:56,699 | INFO | Batch 390 | Loss: 2.3656 | Correct: 20/128 | Elapsed Time: 12.57s
2026-01-30 08:00:57,691 | INFO | Epoch [96/100] - Loss: 2.3374 | Correct: 8559/50000 (17.12%, 489.96s)
2026-01-30 08:01:42,222 | INFO | Validation - Loss: 2.6633 | Correct: 1000/10000 (10.00%) (44.53s)
2026-01-30 08:01:54,655 | INFO | Batch 10 | Loss: 2.3656 | Correct: 23/128 | Elapsed Time: 12.43s
2026-01-30 08:02:07,270 | INFO | Batch 20 | Loss: 2.3528 | Correct: 19/128 | Elapsed Time: 12.62s
2026-01-30 08:02:19,832 | INFO | Batch 30 | Loss: 2.3784 | Correct: 22/128 | Elapsed Time: 12.56s
2026-01-30 08:02:32,359 | INFO | Batch 40 | Loss: 2.3401 | Correct: 18/128 | Elapsed Time: 12.53s
2026-01-30 08:02:44,833 | INFO | Batch 50 | Loss: 2.2653 | Correct: 30/128 | Elapsed Time: 12.47s
2026-01-30 08:02:57,370 | INFO | Batch 60 | Loss: 2.3274 | Correct: 20/128 | Elapsed Time: 12.54s
2026-01-30 08:03:09,944 | INFO | Batch 70 | Loss: 2.3528 | Correct: 24/128 | Elapsed Time: 12.57s
2026-01-30 08:03:22,391 | INFO | Batch 80 | Loss: 2.3913 | Correct: 22/128 | Elapsed Time: 12.45s
2026-01-30 08:03:34,921 | INFO | Batch 90 | Loss: 2.4570 | Correct: 14/128 | Elapsed Time: 12.53s
2026-01-30 08:03:47,475 | INFO | Batch 100 | Loss: 2.4305 | Correct: 17/128 | Elapsed Time: 12.55s
2026-01-30 08:03:59,940 | INFO | Batch 110 | Loss: 2.2653 | Correct: 26/128 | Elapsed Time: 12.47s
2026-01-30 08:04:12,576 | INFO | Batch 120 | Loss: 2.3149 | Correct: 20/128 | Elapsed Time: 12.64s
2026-01-30 08:04:25,123 | INFO | Batch 130 | Loss: 2.3401 | Correct: 22/128 | Elapsed Time: 12.55s
2026-01-30 08:04:37,543 | INFO | Batch 140 | Loss: 2.2530 | Correct: 23/128 | Elapsed Time: 12.42s
2026-01-30 08:04:50,074 | INFO | Batch 150 | Loss: 2.3784 | Correct: 18/128 | Elapsed Time: 12.53s
2026-01-30 08:05:02,651 | INFO | Batch 160 | Loss: 2.3149 | Correct: 26/128 | Elapsed Time: 12.58s
2026-01-30 08:05:15,102 | INFO | Batch 170 | Loss: 2.3274 | Correct: 25/128 | Elapsed Time: 12.45s
2026-01-30 08:05:27,660 | INFO | Batch 180 | Loss: 2.3149 | Correct: 26/128 | Elapsed Time: 12.56s
2026-01-30 08:05:40,212 | INFO | Batch 190 | Loss: 2.3024 | Correct: 22/128 | Elapsed Time: 12.55s
2026-01-30 08:05:52,656 | INFO | Batch 200 | Loss: 2.2776 | Correct: 23/128 | Elapsed Time: 12.44s
2026-01-30 08:06:05,249 | INFO | Batch 210 | Loss: 2.4043 | Correct: 15/128 | Elapsed Time: 12.59s
2026-01-30 08:06:17,781 | INFO | Batch 220 | Loss: 2.2899 | Correct: 21/128 | Elapsed Time: 12.53s
2026-01-30 08:06:30,231 | INFO | Batch 230 | Loss: 2.2776 | Correct: 21/128 | Elapsed Time: 12.45s
2026-01-30 08:06:42,747 | INFO | Batch 240 | Loss: 2.3401 | Correct: 24/128 | Elapsed Time: 12.52s
2026-01-30 08:06:55,294 | INFO | Batch 250 | Loss: 2.4703 | Correct: 20/128 | Elapsed Time: 12.55s
2026-01-30 08:07:07,768 | INFO | Batch 260 | Loss: 2.3274 | Correct: 20/128 | Elapsed Time: 12.47s
2026-01-30 08:07:20,336 | INFO | Batch 270 | Loss: 2.4043 | Correct: 25/128 | Elapsed Time: 12.57s
2026-01-30 08:07:32,862 | INFO | Batch 280 | Loss: 2.4043 | Correct: 23/128 | Elapsed Time: 12.53s
2026-01-30 08:07:45,369 | INFO | Batch 290 | Loss: 2.2048 | Correct: 27/128 | Elapsed Time: 12.51s
2026-01-30 08:07:57,951 | INFO | Batch 300 | Loss: 2.3274 | Correct: 20/128 | Elapsed Time: 12.58s
2026-01-30 08:08:10,548 | INFO | Batch 310 | Loss: 2.4837 | Correct: 15/128 | Elapsed Time: 12.60s
2026-01-30 08:08:23,128 | INFO | Batch 320 | Loss: 2.3528 | Correct: 18/128 | Elapsed Time: 12.58s
2026-01-30 08:08:35,592 | INFO | Batch 330 | Loss: 2.3274 | Correct: 24/128 | Elapsed Time: 12.46s
2026-01-30 08:08:48,124 | INFO | Batch 340 | Loss: 2.2776 | Correct: 23/128 | Elapsed Time: 12.53s
2026-01-30 08:09:00,672 | INFO | Batch 350 | Loss: 2.4043 | Correct: 16/128 | Elapsed Time: 12.55s
2026-01-30 08:09:13,242 | INFO | Batch 360 | Loss: 2.4305 | Correct: 18/128 | Elapsed Time: 12.57s
2026-01-30 08:09:25,810 | INFO | Batch 370 | Loss: 2.3784 | Correct: 20/128 | Elapsed Time: 12.57s
2026-01-30 08:09:38,356 | INFO | Batch 380 | Loss: 2.2288 | Correct: 24/128 | Elapsed Time: 12.55s
2026-01-30 08:09:50,808 | INFO | Batch 390 | Loss: 2.3656 | Correct: 24/128 | Elapsed Time: 12.45s
2026-01-30 08:09:51,808 | INFO | Epoch [97/100] - Loss: 2.3417 | Correct: 8500/50000 (17.00%, 489.58s)
2026-01-30 08:10:36,982 | INFO | Validation - Loss: 2.7214 | Correct: 1000/10000 (10.00%) (45.17s)
2026-01-30 08:10:49,581 | INFO | Batch 10 | Loss: 2.4837 | Correct: 16/128 | Elapsed Time: 12.60s
2026-01-30 08:11:02,159 | INFO | Batch 20 | Loss: 2.4437 | Correct: 16/128 | Elapsed Time: 12.58s
2026-01-30 08:11:14,732 | INFO | Batch 30 | Loss: 2.2776 | Correct: 22/128 | Elapsed Time: 12.57s
2026-01-30 08:11:27,289 | INFO | Batch 40 | Loss: 2.4972 | Correct: 17/128 | Elapsed Time: 12.56s
2026-01-30 08:11:39,794 | INFO | Batch 50 | Loss: 2.4837 | Correct: 19/128 | Elapsed Time: 12.51s
2026-01-30 08:11:52,326 | INFO | Batch 60 | Loss: 2.3656 | Correct: 20/128 | Elapsed Time: 12.53s
2026-01-30 08:12:04,871 | INFO | Batch 70 | Loss: 2.3784 | Correct: 17/128 | Elapsed Time: 12.55s
2026-01-30 08:12:17,428 | INFO | Batch 80 | Loss: 2.3784 | Correct: 22/128 | Elapsed Time: 12.56s
2026-01-30 08:12:29,981 | INFO | Batch 90 | Loss: 2.3656 | Correct: 18/128 | Elapsed Time: 12.55s
2026-01-30 08:12:42,443 | INFO | Batch 100 | Loss: 2.4972 | Correct: 15/128 | Elapsed Time: 12.46s
2026-01-30 08:12:55,024 | INFO | Batch 110 | Loss: 2.2899 | Correct: 27/128 | Elapsed Time: 12.58s
2026-01-30 08:13:07,614 | INFO | Batch 120 | Loss: 2.3149 | Correct: 25/128 | Elapsed Time: 12.59s
2026-01-30 08:13:20,099 | INFO | Batch 130 | Loss: 2.2899 | Correct: 20/128 | Elapsed Time: 12.48s
2026-01-30 08:13:32,657 | INFO | Batch 140 | Loss: 2.2530 | Correct: 24/128 | Elapsed Time: 12.56s
2026-01-30 08:13:45,195 | INFO | Batch 150 | Loss: 2.3784 | Correct: 11/128 | Elapsed Time: 12.54s
2026-01-30 08:13:57,641 | INFO | Batch 160 | Loss: 2.3401 | Correct: 25/128 | Elapsed Time: 12.45s
2026-01-30 08:14:10,237 | INFO | Batch 170 | Loss: 2.3274 | Correct: 22/128 | Elapsed Time: 12.60s
2026-01-30 08:14:22,753 | INFO | Batch 180 | Loss: 2.3401 | Correct: 20/128 | Elapsed Time: 12.52s
2026-01-30 08:14:35,189 | INFO | Batch 190 | Loss: 2.4837 | Correct: 17/128 | Elapsed Time: 12.44s
2026-01-30 08:14:47,733 | INFO | Batch 200 | Loss: 2.3913 | Correct: 14/128 | Elapsed Time: 12.54s
2026-01-30 08:15:00,297 | INFO | Batch 210 | Loss: 2.3149 | Correct: 24/128 | Elapsed Time: 12.56s
2026-01-30 08:15:12,800 | INFO | Batch 220 | Loss: 2.2409 | Correct: 24/128 | Elapsed Time: 12.50s
2026-01-30 08:15:25,391 | INFO | Batch 230 | Loss: 2.4570 | Correct: 17/128 | Elapsed Time: 12.59s
2026-01-30 08:15:37,954 | INFO | Batch 240 | Loss: 2.2653 | Correct: 19/128 | Elapsed Time: 12.56s
2026-01-30 08:15:50,378 | INFO | Batch 250 | Loss: 2.4043 | Correct: 21/128 | Elapsed Time: 12.42s
2026-01-30 08:16:02,909 | INFO | Batch 260 | Loss: 2.3528 | Correct: 21/128 | Elapsed Time: 12.53s
2026-01-30 08:16:15,451 | INFO | Batch 270 | Loss: 2.3656 | Correct: 18/128 | Elapsed Time: 12.54s
2026-01-30 08:16:27,976 | INFO | Batch 280 | Loss: 2.3913 | Correct: 25/128 | Elapsed Time: 12.52s
2026-01-30 08:16:40,423 | INFO | Batch 290 | Loss: 2.3024 | Correct: 25/128 | Elapsed Time: 12.45s
2026-01-30 08:16:52,929 | INFO | Batch 300 | Loss: 2.3024 | Correct: 24/128 | Elapsed Time: 12.51s
2026-01-30 08:17:05,525 | INFO | Batch 310 | Loss: 2.3656 | Correct: 19/128 | Elapsed Time: 12.60s
2026-01-30 08:17:17,945 | INFO | Batch 320 | Loss: 2.3274 | Correct: 26/128 | Elapsed Time: 12.42s
2026-01-30 08:17:30,469 | INFO | Batch 330 | Loss: 2.3149 | Correct: 19/128 | Elapsed Time: 12.52s
2026-01-30 08:17:43,011 | INFO | Batch 340 | Loss: 2.3024 | Correct: 28/128 | Elapsed Time: 12.54s
2026-01-30 08:17:55,519 | INFO | Batch 350 | Loss: 2.4437 | Correct: 22/128 | Elapsed Time: 12.51s
2026-01-30 08:18:08,179 | INFO | Batch 360 | Loss: 2.3784 | Correct: 27/128 | Elapsed Time: 12.66s
2026-01-30 08:18:20,748 | INFO | Batch 370 | Loss: 2.3401 | Correct: 20/128 | Elapsed Time: 12.57s
2026-01-30 08:18:33,196 | INFO | Batch 380 | Loss: 2.4570 | Correct: 19/128 | Elapsed Time: 12.45s
2026-01-30 08:18:45,732 | INFO | Batch 390 | Loss: 2.3528 | Correct: 21/128 | Elapsed Time: 12.54s
2026-01-30 08:18:46,725 | INFO | Epoch [98/100] - Loss: 2.3474 | Correct: 8441/50000 (16.88%, 489.74s)
2026-01-30 08:19:31,322 | INFO | Validation - Loss: 2.7242 | Correct: 1000/10000 (10.00%) (44.60s)
2026-01-30 08:19:43,874 | INFO | Batch 10 | Loss: 2.2776 | Correct: 24/128 | Elapsed Time: 12.55s
2026-01-30 08:19:56,307 | INFO | Batch 20 | Loss: 2.4305 | Correct: 17/128 | Elapsed Time: 12.43s
2026-01-30 08:20:08,851 | INFO | Batch 30 | Loss: 2.2653 | Correct: 31/128 | Elapsed Time: 12.54s
2026-01-30 08:20:21,562 | INFO | Batch 40 | Loss: 2.3274 | Correct: 27/128 | Elapsed Time: 12.71s
2026-01-30 08:20:34,076 | INFO | Batch 50 | Loss: 2.3401 | Correct: 17/128 | Elapsed Time: 12.51s
2026-01-30 08:20:46,587 | INFO | Batch 60 | Loss: 2.4305 | Correct: 21/128 | Elapsed Time: 12.51s
2026-01-30 08:20:59,098 | INFO | Batch 70 | Loss: 2.3784 | Correct: 18/128 | Elapsed Time: 12.51s
2026-01-30 08:21:11,555 | INFO | Batch 80 | Loss: 2.3913 | Correct: 18/128 | Elapsed Time: 12.46s
2026-01-30 08:21:24,114 | INFO | Batch 90 | Loss: 2.3656 | Correct: 20/128 | Elapsed Time: 12.56s
2026-01-30 08:21:36,658 | INFO | Batch 100 | Loss: 2.2048 | Correct: 34/128 | Elapsed Time: 12.54s
2026-01-30 08:21:49,219 | INFO | Batch 110 | Loss: 2.2048 | Correct: 19/128 | Elapsed Time: 12.56s
2026-01-30 08:22:01,695 | INFO | Batch 120 | Loss: 2.4570 | Correct: 16/128 | Elapsed Time: 12.48s
2026-01-30 08:22:14,314 | INFO | Batch 130 | Loss: 2.3913 | Correct: 30/128 | Elapsed Time: 12.62s
2026-01-30 08:22:26,858 | INFO | Batch 140 | Loss: 2.3913 | Correct: 18/128 | Elapsed Time: 12.54s
2026-01-30 08:22:39,352 | INFO | Batch 150 | Loss: 2.2899 | Correct: 22/128 | Elapsed Time: 12.49s
2026-01-30 08:22:51,897 | INFO | Batch 160 | Loss: 2.3656 | Correct: 26/128 | Elapsed Time: 12.54s
2026-01-30 08:23:04,486 | INFO | Batch 170 | Loss: 2.5108 | Correct: 20/128 | Elapsed Time: 12.59s
2026-01-30 08:23:16,897 | INFO | Batch 180 | Loss: 2.3401 | Correct: 24/128 | Elapsed Time: 12.41s
2026-01-30 08:23:29,436 | INFO | Batch 190 | Loss: 2.4043 | Correct: 21/128 | Elapsed Time: 12.54s
2026-01-30 08:23:41,994 | INFO | Batch 200 | Loss: 2.2776 | Correct: 20/128 | Elapsed Time: 12.56s
2026-01-30 08:23:54,422 | INFO | Batch 210 | Loss: 2.4837 | Correct: 16/128 | Elapsed Time: 12.43s
2026-01-30 08:24:07,039 | INFO | Batch 220 | Loss: 2.3528 | Correct: 13/128 | Elapsed Time: 12.62s
2026-01-30 08:24:19,565 | INFO | Batch 230 | Loss: 2.2530 | Correct: 22/128 | Elapsed Time: 12.53s
2026-01-30 08:24:32,024 | INFO | Batch 240 | Loss: 2.3274 | Correct: 23/128 | Elapsed Time: 12.46s
2026-01-30 08:24:44,572 | INFO | Batch 250 | Loss: 2.3024 | Correct: 24/128 | Elapsed Time: 12.55s
2026-01-30 08:24:57,098 | INFO | Batch 260 | Loss: 2.4174 | Correct: 21/128 | Elapsed Time: 12.53s
2026-01-30 08:25:09,642 | INFO | Batch 270 | Loss: 2.4837 | Correct: 25/128 | Elapsed Time: 12.54s
2026-01-30 08:25:22,191 | INFO | Batch 280 | Loss: 2.4305 | Correct: 20/128 | Elapsed Time: 12.55s
2026-01-30 08:25:34,708 | INFO | Batch 290 | Loss: 2.2167 | Correct: 25/128 | Elapsed Time: 12.52s
2026-01-30 08:25:47,130 | INFO | Batch 300 | Loss: 2.2530 | Correct: 29/128 | Elapsed Time: 12.42s
2026-01-30 08:25:59,666 | INFO | Batch 310 | Loss: 2.3149 | Correct: 16/128 | Elapsed Time: 12.54s
2026-01-30 08:26:12,277 | INFO | Batch 320 | Loss: 2.4570 | Correct: 14/128 | Elapsed Time: 12.61s
2026-01-30 08:26:24,818 | INFO | Batch 330 | Loss: 2.3274 | Correct: 25/128 | Elapsed Time: 12.54s
2026-01-30 08:26:37,279 | INFO | Batch 340 | Loss: 2.2288 | Correct: 27/128 | Elapsed Time: 12.46s
2026-01-30 08:26:49,854 | INFO | Batch 350 | Loss: 2.3149 | Correct: 22/128 | Elapsed Time: 12.58s
2026-01-30 08:27:02,398 | INFO | Batch 360 | Loss: 2.4174 | Correct: 18/128 | Elapsed Time: 12.54s
2026-01-30 08:27:14,885 | INFO | Batch 370 | Loss: 2.3024 | Correct: 30/128 | Elapsed Time: 12.49s
2026-01-30 08:27:27,474 | INFO | Batch 380 | Loss: 2.3274 | Correct: 26/128 | Elapsed Time: 12.59s
2026-01-30 08:27:39,997 | INFO | Batch 390 | Loss: 2.2409 | Correct: 24/128 | Elapsed Time: 12.52s
2026-01-30 08:27:40,995 | INFO | Epoch [99/100] - Loss: 2.3400 | Correct: 8462/50000 (16.92%, 489.67s)
2026-01-30 08:28:25,518 | INFO | Validation - Loss: 2.6704 | Correct: 1000/10000 (10.00%) (44.52s)
2026-01-30 08:28:38,010 | INFO | Batch 10 | Loss: 2.2288 | Correct: 24/128 | Elapsed Time: 12.49s
2026-01-30 08:28:50,569 | INFO | Batch 20 | Loss: 2.3274 | Correct: 28/128 | Elapsed Time: 12.56s
2026-01-30 08:29:03,209 | INFO | Batch 30 | Loss: 2.2409 | Correct: 22/128 | Elapsed Time: 12.64s
2026-01-30 08:29:15,702 | INFO | Batch 40 | Loss: 2.2048 | Correct: 24/128 | Elapsed Time: 12.49s
2026-01-30 08:29:28,277 | INFO | Batch 50 | Loss: 2.2288 | Correct: 26/128 | Elapsed Time: 12.57s
2026-01-30 08:29:40,845 | INFO | Batch 60 | Loss: 2.2776 | Correct: 18/128 | Elapsed Time: 12.57s
2026-01-30 08:29:53,318 | INFO | Batch 70 | Loss: 2.4972 | Correct: 11/128 | Elapsed Time: 12.47s
2026-01-30 08:30:05,960 | INFO | Batch 80 | Loss: 2.4043 | Correct: 19/128 | Elapsed Time: 12.64s
2026-01-30 08:30:18,574 | INFO | Batch 90 | Loss: 2.4972 | Correct: 14/128 | Elapsed Time: 12.61s
2026-01-30 08:30:31,199 | INFO | Batch 100 | Loss: 2.3274 | Correct: 25/128 | Elapsed Time: 12.63s
2026-01-30 08:30:43,799 | INFO | Batch 110 | Loss: 2.3528 | Correct: 25/128 | Elapsed Time: 12.60s
2026-01-30 08:30:56,364 | INFO | Batch 120 | Loss: 2.2776 | Correct: 21/128 | Elapsed Time: 12.57s
2026-01-30 08:31:08,843 | INFO | Batch 130 | Loss: 2.2653 | Correct: 28/128 | Elapsed Time: 12.48s
2026-01-30 08:31:21,406 | INFO | Batch 140 | Loss: 2.2899 | Correct: 27/128 | Elapsed Time: 12.56s
2026-01-30 08:31:33,954 | INFO | Batch 150 | Loss: 2.2409 | Correct: 24/128 | Elapsed Time: 12.55s
2026-01-30 08:31:46,407 | INFO | Batch 160 | Loss: 2.2167 | Correct: 27/128 | Elapsed Time: 12.45s
2026-01-30 08:31:58,963 | INFO | Batch 170 | Loss: 2.3656 | Correct: 17/128 | Elapsed Time: 12.56s
2026-01-30 08:32:11,593 | INFO | Batch 180 | Loss: 2.4703 | Correct: 19/128 | Elapsed Time: 12.63s
2026-01-30 08:32:24,106 | INFO | Batch 190 | Loss: 2.2776 | Correct: 23/128 | Elapsed Time: 12.51s
2026-01-30 08:32:36,666 | INFO | Batch 200 | Loss: 2.4437 | Correct: 13/128 | Elapsed Time: 12.56s
2026-01-30 08:32:49,196 | INFO | Batch 210 | Loss: 2.3656 | Correct: 22/128 | Elapsed Time: 12.53s
2026-01-30 08:33:01,786 | INFO | Batch 220 | Loss: 2.5381 | Correct: 19/128 | Elapsed Time: 12.59s
2026-01-30 08:33:14,292 | INFO | Batch 230 | Loss: 2.3149 | Correct: 22/128 | Elapsed Time: 12.51s
2026-01-30 08:33:26,833 | INFO | Batch 240 | Loss: 2.3024 | Correct: 23/128 | Elapsed Time: 12.54s
2026-01-30 08:33:39,403 | INFO | Batch 250 | Loss: 2.3401 | Correct: 19/128 | Elapsed Time: 12.57s
2026-01-30 08:33:51,852 | INFO | Batch 260 | Loss: 2.4703 | Correct: 21/128 | Elapsed Time: 12.45s
2026-01-30 08:34:04,472 | INFO | Batch 270 | Loss: 2.4174 | Correct: 21/128 | Elapsed Time: 12.62s
2026-01-30 08:34:17,035 | INFO | Batch 280 | Loss: 2.3024 | Correct: 25/128 | Elapsed Time: 12.56s
2026-01-30 08:34:29,488 | INFO | Batch 290 | Loss: 2.2776 | Correct: 26/128 | Elapsed Time: 12.45s
2026-01-30 08:34:42,044 | INFO | Batch 300 | Loss: 2.4043 | Correct: 22/128 | Elapsed Time: 12.56s
2026-01-30 08:34:54,614 | INFO | Batch 310 | Loss: 2.4437 | Correct: 18/128 | Elapsed Time: 12.57s
2026-01-30 08:35:07,136 | INFO | Batch 320 | Loss: 2.3149 | Correct: 21/128 | Elapsed Time: 12.52s
2026-01-30 08:35:19,677 | INFO | Batch 330 | Loss: 2.2409 | Correct: 26/128 | Elapsed Time: 12.54s
2026-01-30 08:35:32,234 | INFO | Batch 340 | Loss: 2.1228 | Correct: 33/128 | Elapsed Time: 12.56s
2026-01-30 08:35:44,667 | INFO | Batch 350 | Loss: 2.3656 | Correct: 20/128 | Elapsed Time: 12.43s
2026-01-30 08:35:57,191 | INFO | Batch 360 | Loss: 2.3913 | Correct: 19/128 | Elapsed Time: 12.52s
2026-01-30 08:36:09,805 | INFO | Batch 370 | Loss: 2.4174 | Correct: 17/128 | Elapsed Time: 12.61s
2026-01-30 08:36:22,265 | INFO | Batch 380 | Loss: 2.3913 | Correct: 26/128 | Elapsed Time: 12.46s
2026-01-30 08:36:34,817 | INFO | Batch 390 | Loss: 2.2653 | Correct: 23/128 | Elapsed Time: 12.55s
2026-01-30 08:36:35,809 | INFO | Epoch [100/100] - Loss: 2.3425 | Correct: 8527/50000 (17.05%, 490.29s)
2026-01-30 08:37:20,355 | INFO | Validation - Loss: 2.7439 | Correct: 1000/10000 (10.00%) (44.54s)
2026-01-30 08:37:20,358 | INFO | Training complete.
2026-01-30 08:37:20,434 | INFO | Final model saved to ./checkpoints/shufflenetv2_lns_final_20260129_174244.pt
